ISO-10303-21;
HEADER;
FILE_DESCRIPTION (( 'STEP AP214' ),
    '1' );
FILE_NAME ('ecas_ecas_Splitter.STEP',
    '2026-08-31T01:50:28',
    ( '' ),
    ( '' ),
    'SwSTEP 2.0',
    'SolidWorks 2026',
    '' );
FILE_SCHEMA (( 'AUTOMOTIVE_DESIGN' ));
ENDSEC;

DATA;
#1 = CARTESIAN_POINT ( 'NONE',  ( -18.72831576810174425, -90.11726046094052833, 37.68870753543767904 ) ) ;
#2 = CARTESIAN_POINT ( 'NONE',  ( -19.04117012486002736, -91.82440255977978438, 37.10001446134315017 ) ) ;
#3 = ORIENTED_EDGE ( 'NONE', *, *, #8, .F. ) ;
#4 = ADVANCED_FACE ( 'NONE', ( #2551 ), #1955, .T. ) ;
#5 = CIRCLE ( 'NONE', #3216, 6.724999999999999645 ) ;
#6 = CARTESIAN_POINT ( 'NONE',  ( -21.20693947182821759, -90.07356750398815848, 42.89457307494014060 ) ) ;
#7 = CARTESIAN_POINT ( 'NONE',  ( -18.79223863987392917, -90.07580228269455347, 23.05702681021317346 ) ) ;
#8 = EDGE_CURVE ( 'NONE', #2843, #2871, #1464, .T. ) ;
#9 = DIRECTION ( 'NONE',  ( 7.209618598295287804E-16, 0.0006981316444339967812, 0.9999997563060737393 ) ) ;
#10 = CARTESIAN_POINT ( 'NONE',  ( -21.36323617187027679, -91.15292696910564985, 37.11918856607304207 ) ) ;
#11 = CARTESIAN_POINT ( 'NONE',  ( -18.59967442650869884, -92.29820273924119078, 16.74391860978279922 ) ) ;
#12 = AXIS2_PLACEMENT_3D ( 'NONE', #2196, #1988, #527 ) ;
#13 = CARTESIAN_POINT ( 'NONE',  ( -14.99967442650859795, -94.50599980787660570, 20.88221229720599936 ) ) ;
#14 = CARTESIAN_POINT ( 'NONE',  ( -25.21600509621823960, -84.73487951433037324, 47.07030445904698723 ) ) ;
#15 = EDGE_LOOP ( 'NONE', ( #2974, #1399, #3714, #1803, #3115, #3106, #3391, #994, #1602 ) ) ;
#16 = LINE ( 'NONE', #1783, #942 ) ;
#17 = CARTESIAN_POINT ( 'NONE',  ( -19.99967442650870808, -89.38577078346006033, 38.13434399878808279 ) ) ;
#18 = CIRCLE ( 'NONE', #1990, 5.725000000000000533 ) ;
#19 = CARTESIAN_POINT ( 'NONE',  ( -19.99967442650869742, -90.80056556465629569, 16.94287311036340071 ) ) ;
#20 = CARTESIAN_POINT ( 'NONE',  ( -19.99967442650867966, -92.18577010111705761, 38.13629876739248914 ) ) ;
#21 = CARTESIAN_POINT ( 'NONE',  ( -19.60912893261796697, -89.44697829511804343, 30.06807433847162159 ) ) ;
#22 = CARTESIAN_POINT ( 'NONE',  ( -18.59967442650868463, -90.79354457911185250, 40.01064462238706199 ) ) ;
#23 = VERTEX_POINT ( 'NONE', #3673 ) ;
#24 = DIRECTION ( 'NONE',  ( 0.6819982711663330477, 0.000000000000000000, 0.7313537845161759421 ) ) ;
#25 = DIRECTION ( 'NONE',  ( 0.000000000000000000, -0.9999997563060738504, 0.0006981316443913850337 ) ) ;
#26 = CARTESIAN_POINT ( 'NONE',  ( -18.58722624962421222, -89.83082618839485178, 36.02326607793315816 ) ) ;
#27 = EDGE_CURVE ( 'NONE', #2234, #2803, #3729, .T. ) ;
#28 = CARTESIAN_POINT ( 'NONE',  ( -18.81190224982916348, -89.58069788437182979, 34.31758498321106998 ) ) ;
#29 = DIRECTION ( 'NONE',  ( 1.000000000000000000, 1.353930517835556934E-14, 0.000000000000000000 ) ) ;
#30 = CARTESIAN_POINT ( 'NONE',  ( -21.39967442650869955, -89.30320764272920542, 16.74182770842149992 ) ) ;
#31 = VECTOR ( 'NONE', #336, 1000.000000000000227 ) ;
#32 = ORIENTED_EDGE ( 'NONE', *, *, #2119, .F. ) ;
#33 = CARTESIAN_POINT ( 'NONE',  ( -19.99967442650869742, -90.79320027580749297, 27.49287053939249859 ) ) ;
#34 = CARTESIAN_POINT ( 'NONE',  ( -21.23273412942452865, -89.91139477114619183, 40.97055481274934863 ) ) ;
#35 = PRODUCT_RELATED_PRODUCT_CATEGORY ( 'part', '', ( #3349 ) ) ;
#36 = FACE_OUTER_BOUND ( 'NONE', #2510, .T. ) ;
#37 = CARTESIAN_POINT ( 'NONE',  ( -24.10185577681657421, -96.12334330251620429, 51.78206367331266335 ) ) ;
#38 = CARTESIAN_POINT ( 'NONE',  ( -18.74100886305711455, -89.65377275484583208, 26.89705305673641789 ) ) ;
#39 = VECTOR ( 'NONE', #1041, 1000.000000000000000 ) ;
#40 = CARTESIAN_POINT ( 'NONE',  ( -19.16339797771508557, -91.91648345601221592, 36.32350711260109222 ) ) ;
#41 = VERTEX_POINT ( 'NONE', #1056 ) ;
#42 = CARTESIAN_POINT ( 'NONE',  ( -18.55163123176577500, -90.79774898277044315, 22.02776005558138905 ) ) ;
#43 = DIRECTION ( 'NONE',  ( 0.7313537016191684614, -0.0004761246366041583015, -0.6819981938636426877 ) ) ;
#44 = CARTESIAN_POINT ( 'NONE',  ( -1.597984515044490017, -90.79775027899761142, 20.97547211197466055 ) ) ;
#45 = CYLINDRICAL_SURFACE ( 'NONE', #2582, 7.224999999999998757 ) ;
#46 = PLANE ( 'NONE',  #302 ) ;
#47 = DIRECTION ( 'NONE',  ( -5.984971799148289338E-16, -0.0006981316444339968896, -0.9999997563060738504 ) ) ;
#48 = EDGE_CURVE ( 'NONE', #2044, #1301, #2862, .T. ) ;
#49 = CARTESIAN_POINT ( 'NONE',  ( -21.20981588525589601, -84.05882908670132281, 40.91376058453808184 ) ) ;
#50 = ORIENTED_EDGE ( 'NONE', *, *, #840, .F. ) ;
#51 = CARTESIAN_POINT ( 'NONE',  ( -22.92276081119578279, -91.22701189996450921, 42.67692864135301534 ) ) ;
#52 = CARTESIAN_POINT ( 'NONE',  ( -20.45212175877322736, -89.45440303282265404, 39.91820541908176523 ) ) ;
#53 = AXIS2_PLACEMENT_3D ( 'NONE', #1831, #3568, #3585 ) ;
#54 = EDGE_CURVE ( 'NONE', #1338, #2600, #2623, .T. ) ;
#55 = CARTESIAN_POINT ( 'NONE',  ( -21.23918810683296599, -91.43631742978411125, 43.02266756214235954 ) ) ;
#56 = CARTESIAN_POINT ( 'NONE',  ( -26.72467442650850700, -90.62537372363178179, 53.60165430428110511 ) ) ;
#57 = ORIENTED_EDGE ( 'NONE', *, *, #2426, .T. ) ;
#58 = CARTESIAN_POINT ( 'NONE',  ( -14.99967442650880045, -80.79781963090459840, 20.87264218050470177 ) ) ;
#59 = CARTESIAN_POINT ( 'NONE',  ( -36.14783115933389723, -90.77630108126632535, 49.98049831075297789 ) ) ;
#60 = ORIENTED_EDGE ( 'NONE', *, *, #3537, .F. ) ;
#61 = CARTESIAN_POINT ( 'NONE',  ( -31.66369252641527865, -90.77630108126632535, 54.78914944394680475 ) ) ;
#62 = CARTESIAN_POINT ( 'NONE',  ( -18.94836644829648264, -91.71580477419543342, 37.68652652738933995 ) ) ;
#63 = CARTESIAN_POINT ( 'NONE',  ( -31.76714879227851540, -94.71294335252278529, 58.30394221439865987 ) ) ;
#64 = AXIS2_PLACEMENT_3D ( 'NONE', #792, #525, #3148 ) ;
#65 =( BOUNDED_CURVE ( )  B_SPLINE_CURVE ( 2, ( #805, #3638, #172 ),
 .UNSPECIFIED., .F., .T. ) 
 B_SPLINE_CURVE_WITH_KNOTS ( ( 3, 3 ),
 ( 0.000000000000000000, 1.000000000000000000 ),
 .UNSPECIFIED. ) 
 CURVE ( )  GEOMETRIC_REPRESENTATION_ITEM ( )  RATIONAL_B_SPLINE_CURVE ( ( 1.000000000000000000, 0.6120611876255982464, 1.000000000000000000 ) ) 
 REPRESENTATION_ITEM ( '' )  );
#66 = DIRECTION ( 'NONE',  ( -7.209618598295288790E-16, -0.0006981316444339968896, -0.9999997563060738504 ) ) ;
#67 = FACE_BOUND ( 'NONE', #415, .T. ) ;
#68 = CARTESIAN_POINT ( 'NONE',  ( -24.99967442650870453, -87.09366524498270223, 15.10353341176350028 ) ) ;
#69 = DIRECTION ( 'NONE',  ( 0.000000000000000000, -0.9999997563060738504, 0.0006981316444387701981 ) ) ;
#70 = ORIENTED_EDGE ( 'NONE', *, *, #553, .T. ) ;
#71 = CARTESIAN_POINT ( 'NONE',  ( -22.76075311262526313, -91.40586730472095667, 42.42472970448717007 ) ) ;
#72 = EDGE_CURVE ( 'NONE', #1446, #3668, #3001, .T. ) ;
#73 = AXIS2_PLACEMENT_3D ( 'NONE', #1445, #2536, #270 ) ;
#74 = DIRECTION ( 'NONE',  ( -5.984971799148289338E-16, -0.0006981316444339968896, -0.9999997563060738504 ) ) ;
#75 = CARTESIAN_POINT ( 'NONE',  ( -26.37121375200099038, -92.93373940896189822, 59.32725727725876652 ) ) ;
#76 = EDGE_LOOP ( 'NONE', ( #2831, #1884 ) ) ;
#77 = LINE ( 'NONE', #3307, #617 ) ;
#78 = EDGE_CURVE ( 'NONE', #421, #1821, #3604, .T. ) ;
#79 = FACE_OUTER_BOUND ( 'NONE', #431, .T. ) ;
#80 = VERTEX_POINT ( 'NONE', #3066 ) ;
#81 = AXIS2_PLACEMENT_3D ( 'NONE', #1634, #1900, #3389 ) ;
#82 = LINE ( 'NONE', #391, #2673 ) ;
#83 = CARTESIAN_POINT ( 'NONE',  ( -18.69157503701033463, -91.28806413736469949, 39.34743392980414711 ) ) ;
#84 = DIRECTION ( 'NONE',  ( 1.286166911541079770E-14, -0.9999997563060737393, 0.0006981316444339967812 ) ) ;
#85 = FACE_OUTER_BOUND ( 'NONE', #238, .T. ) ;
#86 = CARTESIAN_POINT ( 'NONE',  ( -19.99967442650869742, -90.80084481731410051, 16.54287320784099791 ) ) ;
#87 = CARTESIAN_POINT ( 'NONE',  ( -19.99967442650869742, -90.80189201478070515, 15.04287357338180087 ) ) ;
#88 = B_SPLINE_CURVE_WITH_KNOTS ( 'NONE', 3,
 ( #1120, #3142, #519, #1153, #808, #2910, #2293, #882, #3159, #537, #1172, #828, #2327, #3786 ),
 .UNSPECIFIED., .F., .F.,
 ( 4, 2, 2, 2, 2, 2, 4 ),
 ( 0.01456151410806324348, 0.01650345354169253931, 0.01747442325850716988, 0.01795990811691448516, 0.01820265054611815841, 0.01832402176072000025, 0.01844539297532184208 ),
 .UNSPECIFIED. ) ;
#89 =( BOUNDED_CURVE ( )  B_SPLINE_CURVE ( 3, ( #2880, #3128, #1140, #2825 ),
 .UNSPECIFIED., .F., .T. ) 
 B_SPLINE_CURVE_WITH_KNOTS ( ( 4, 4 ),
 ( 3.141592653589779349, 3.779719730742178374 ),
 .UNSPECIFIED. ) 
 CURVE ( )  GEOMETRIC_REPRESENTATION_ITEM ( )  RATIONAL_B_SPLINE_CURVE ( ( 1.000000000000000000, 0.9663530541786032879, 0.9663530541786032879, 1.000000000000000000 ) ) 
 REPRESENTATION_ITEM ( '' )  );
#90 = DIRECTION ( 'NONE',  ( 7.209618598295288790E-16, 0.0006981316444339968896, 0.9999997563060738504 ) ) ;
#91 = ORIENTED_EDGE ( 'NONE', *, *, #526, .F. ) ;
#92 = DIRECTION ( 'NONE',  ( 5.984971799148288352E-16, 0.0006981316444339967812, 0.9999997563060737393 ) ) ;
#93 = DIRECTION ( 'NONE',  ( 0.7313537016191685725, -0.0004761246366041584099, -0.6819981938636425767 ) ) ;
#94 = EDGE_CURVE ( 'NONE', #1999, #3272, #3121, .T. ) ;
#95 = CARTESIAN_POINT ( 'NONE',  ( -26.29698338117764322, -93.14137169812337902, 59.08052720440235817 ) ) ;
#96 = ORIENTED_EDGE ( 'NONE', *, *, #1467, .T. ) ;
#97 = CARTESIAN_POINT ( 'NONE',  ( -18.59990934937052742, -90.68958020676659260, 39.76982473874200963 ) ) ;
#98 = CARTESIAN_POINT ( 'NONE',  ( -21.39967442650869955, -89.30320764272920542, 16.74182770842149992 ) ) ;
#99 = ORIENTED_EDGE ( 'NONE', *, *, #381, .T. ) ;
#100 = VECTOR ( 'NONE', #1680, 1000.000000000000000 ) ;
#101 = DIRECTION ( 'NONE',  ( 1.000000000000000000, 1.283000413665435084E-14, -6.415002068327174828E-16 ) ) ;
#102 = EDGE_CURVE ( 'NONE', #3469, #3096, #297, .T. ) ;
#103 = CARTESIAN_POINT ( 'NONE',  ( -18.59743150137245138, -91.76213851662521392, 35.94296652698392336 ) ) ;
#104 = VECTOR ( 'NONE', #2556, 1000.000000000000000 ) ;
#105 = DIRECTION ( 'NONE',  ( 1.286166911541079770E-14, -0.9999997563060737393, 0.0006981316444339967812 ) ) ;
#106 = EDGE_CURVE ( 'NONE', #2803, #1096, #1171, .T. ) ;
#107 = CARTESIAN_POINT ( 'NONE',  ( -18.55288020739180155, -90.79362222975767338, 22.02360560805606227 ) ) ;
#108 = FACE_OUTER_BOUND ( 'NONE', #2793, .T. ) ;
#109 = DIRECTION ( 'NONE',  ( -1.000000000000000000, -1.212033869678118431E-14, 6.060169348390591561E-16 ) ) ;
#110 = CARTESIAN_POINT ( 'NONE',  ( -34.54513522209303744, -90.77630108126632535, 51.69917970436596732 ) ) ;
#111 = AXIS2_PLACEMENT_3D ( 'NONE', #860, #3191, #2107 ) ;
#112 = ORIENTED_EDGE ( 'NONE', *, *, #3582, .T. ) ;
#113 = CARTESIAN_POINT ( 'NONE',  ( -19.99967442650867611, -88.42295503079979824, 56.49122286290416639 ) ) ;
#114 = VECTOR ( 'NONE', #1834, 1000.000000000000227 ) ;
#115 = DIRECTION ( 'NONE',  ( -1.000000000000000000, -1.313873401923262340E-14, 6.158781571515291728E-16 ) ) ;
#116 = CARTESIAN_POINT ( 'NONE',  ( -25.82685224045056671, -94.13647180814918158, 57.51766191922779825 ) ) ;
#117 = ORIENTED_EDGE ( 'NONE', *, *, #1938, .T. ) ;
#118 = CARTESIAN_POINT ( 'NONE',  ( -18.61079530713935171, -90.59936608208413134, 39.92620170192121520 ) ) ;
#119 = CARTESIAN_POINT ( 'NONE',  ( -18.38276283307562764, -90.45265440688359604, 23.23940769739891365 ) ) ;
#120 = ORIENTED_EDGE ( 'NONE', *, *, #2380, .T. ) ;
#121 = CARTESIAN_POINT ( 'NONE',  ( -17.74967442650870098, -92.64940907161451378, 14.54416326197019949 ) ) ;
#122 = AXIS2_PLACEMENT_3D ( 'NONE', #3447, #1759, #3514 ) ;
#123 = CARTESIAN_POINT ( 'NONE',  ( -18.54741804079379008, -91.68996457894044738, 36.32785810991182984 ) ) ;
#124 = AXIS2_PLACEMENT_3D ( 'NONE', #3549, #2084, #3024 ) ;
#125 = EDGE_CURVE ( 'NONE', #1157, #2519, #3694, .T. ) ;
#126 = LINE ( 'NONE', #700, #1800 ) ;
#127 = ORIENTED_EDGE ( 'NONE', *, *, #2123, .T. ) ;
#128 = CARTESIAN_POINT ( 'NONE',  ( -18.60495111423401227, -90.57243570246996001, 22.28823642945456029 ) ) ;
#129 = CARTESIAN_POINT ( 'NONE',  ( -21.39967442650869955, -89.40084515848560898, 16.54189582353880184 ) ) ;
#130 = CARTESIAN_POINT ( 'NONE',  ( -21.39967442650868534, -90.78191701587815032, 43.65494215135643685 ) ) ;
#131 = EDGE_CURVE ( 'NONE', #2790, #1107, #2266, .T. ) ;
#132 = CIRCLE ( 'NONE', #2699, 6.225000000000001421 ) ;
#133 = EDGE_LOOP ( 'NONE', ( #3482, #1789, #1637, #2878 ) ) ;
#134 = DIRECTION ( 'NONE',  ( 7.209618598295286818E-16, 0.0006981316444339967812, 0.9999997563060737393 ) ) ;
#135 = ORIENTED_EDGE ( 'NONE', *, *, #2079, .T. ) ;
#136 = LINE ( 'NONE', #2877, #390 ) ;
#137 = CARTESIAN_POINT ( 'NONE',  ( -25.34677320870927630, -86.67117497076138477, 55.91580551136354416 ) ) ;
#138 = ORIENTED_EDGE ( 'NONE', *, *, #3511, .F. ) ;
#139 = CARTESIAN_POINT ( 'NONE',  ( -18.43941247392223559, -90.65904587316487095, 39.20038464964329705 ) ) ;
#140 = TOROIDAL_SURFACE ( 'NONE', #2292, -27.47495589618935696, 28.89544277522074367 ) ;
#141 = CARTESIAN_POINT ( 'NONE',  ( -33.15556318901661825, -90.77720571807587646, 50.40338313602504883 ) ) ;
#142 = VERTEX_POINT ( 'NONE', #601 ) ;
#143 = CARTESIAN_POINT ( 'NONE',  ( -18.55094751810917586, -90.78259330766323387, 39.70210830349014230 ) ) ;
#144 = CARTESIAN_POINT ( 'NONE',  ( -18.92546729996841393, -91.74377876087005745, 36.02111657814277379 ) ) ;
#145 = ORIENTED_EDGE ( 'NONE', *, *, #310, .T. ) ;
#146 = CONICAL_SURFACE ( 'NONE', #81, 2.149999999999999023, 0.7853981633974469467 ) ;
#147 = FACE_OUTER_BOUND ( 'NONE', #411, .T. ) ;
#148 = FACE_OUTER_BOUND ( 'NONE', #2860, .T. ) ;
#149 = DIRECTION ( 'NONE',  ( 5.984971799148290324E-16, 0.0006981316444339968896, 0.9999997563060738504 ) ) ;
#150 = FACE_OUTER_BOUND ( 'NONE', #524, .T. ) ;
#151 = ADVANCED_FACE ( 'NONE', ( #3513 ), #3782, .T. ) ;
#152 = ORIENTED_EDGE ( 'NONE', *, *, #2547, .T. ) ;
#153 = CARTESIAN_POINT ( 'NONE',  ( -26.22467442650869884, -90.80386319135818951, 12.21937156955630321 ) ) ;
#154 = CARTESIAN_POINT ( 'NONE',  ( -21.25950611779875032, -90.17169110135360199, 43.10348804487057350 ) ) ;
#155 = EDGE_CURVE ( 'NONE', #256, #1412, #797, .T. ) ;
#156 = CARTESIAN_POINT ( 'NONE',  ( -31.46934338640283002, -89.24421982564744837, 57.78977625512694516 ) ) ;
#157 = VERTEX_POINT ( 'NONE', #1457 ) ;
#158 = CARTESIAN_POINT ( 'NONE',  ( -21.20693947182792982, -91.49132751955106357, 42.89556285831125848 ) ) ;
#159 = CARTESIAN_POINT ( 'NONE',  ( -18.54946424961304885, -90.78820993941921813, 39.69714753864392520 ) ) ;
#160 = EDGE_LOOP ( 'NONE', ( #1591, #837, #3484, #2378, #2920 ) ) ;
#161 = CARTESIAN_POINT ( 'NONE',  ( -31.77419000303417818, -86.83410991878993457, 58.31050824805279120 ) ) ;
#162 = FACE_OUTER_BOUND ( 'NONE', #3493, .T. ) ;
#163 = CONICAL_SURFACE ( 'NONE', #1088, 5.725000000000000533, 0.7853981633970000820 ) ;
#164 = ORIENTED_EDGE ( 'NONE', *, *, #734, .F. ) ;
#165 = DIRECTION ( 'NONE',  ( 5.984971799148289338E-16, 0.0006981316444339968896, 0.9999997563060738504 ) ) ;
#166 = ORIENTED_EDGE ( 'NONE', *, *, #1796, .T. ) ;
#167 = CARTESIAN_POINT ( 'NONE',  ( -19.99967442650869742, -90.80196182794520610, 14.94287359775120194 ) ) ;
#168 = CARTESIAN_POINT ( 'NONE',  ( -19.99967442650869742, -84.06820191464896652, 27.48817560408367910 ) ) ;
#169 = VERTEX_POINT ( 'NONE', #2621 ) ;
#170 = CARTESIAN_POINT ( 'NONE',  ( -19.99967442650869742, -90.79354934162969926, 26.99287066123939738 ) ) ;
#171 = CARTESIAN_POINT ( 'NONE',  ( -19.99967442650871163, -97.53216266611801188, 7.495570349067194549 ) ) ;
#172 = CARTESIAN_POINT ( 'NONE',  ( -21.20693947182821759, -90.07356750398815848, 42.89457307494014060 ) ) ;
#173 = EDGE_CURVE ( 'NONE', #1343, #1726, #886, .T. ) ;
#174 = VERTEX_POINT ( 'NONE', #3042 ) ;
#175 = CARTESIAN_POINT ( 'NONE',  ( -17.74967442650870098, -92.64926944528559716, 14.74416321323139911 ) ) ;
#176 = DIRECTION ( 'NONE',  ( 1.286166911541079770E-14, -0.9999997563060737393, 0.0006981316444339967812 ) ) ;
#177 = ORIENTED_EDGE ( 'NONE', *, *, #2681, .T. ) ;
#178 = EDGE_CURVE ( 'NONE', #2967, #2795, #3595, .T. ) ;
#179 = CARTESIAN_POINT ( 'NONE',  ( -18.46306515968980477, -90.69596272063003539, 39.33233129735420874 ) ) ;
#180 = CARTESIAN_POINT ( 'NONE',  ( -18.59967460660419647, -90.80307482135154373, 21.87858813626463927 ) ) ;
#181 = CARTESIAN_POINT ( 'NONE',  ( -21.75992895005807881, -97.33650779813845588, 37.03308028365317028 ) ) ;
#182 = CARTESIAN_POINT ( 'NONE',  ( -18.61047498643325326, -90.52124491016824948, 22.45917049631135143 ) ) ;
#183 = CYLINDRICAL_SURFACE ( 'NONE', #2931, 6.724999999999976552 ) ;
#184 = ORIENTED_EDGE ( 'NONE', *, *, #261, .F. ) ;
#185 = CARTESIAN_POINT ( 'NONE',  ( -19.99967442650876137, -84.06077208113012489, 38.13062644778145227 ) ) ;
#186 = CARTESIAN_POINT ( 'NONE',  ( -21.27467417212729828, -90.20380358571439672, 43.16305601339178821 ) ) ;
#187 = AXIS2_PLACEMENT_3D ( 'NONE', #2899, #273, #576 ) ;
#188 = DIRECTION ( 'NONE',  ( -5.984971799148289338E-16, -0.0006981316444339968896, -0.9999997563060738504 ) ) ;
#189 = CARTESIAN_POINT ( 'NONE',  ( -25.95372666654899518, -87.02732148806158818, 51.82608349739607689 ) ) ;
#190 = EDGE_CURVE ( 'NONE', #256, #653, #2106, .T. ) ;
#191 = ORIENTED_EDGE ( 'NONE', *, *, #2608, .F. ) ;
#192 = CARTESIAN_POINT ( 'NONE',  ( -12.77467442650869955, -90.80646477705170128, 8.492875169577054351 ) ) ;
#193 = LINE ( 'NONE', #1985, #877 ) ;
#194 = ORIENTED_EDGE ( 'NONE', *, *, #530, .T. ) ;
#195 = CARTESIAN_POINT ( 'NONE',  ( -24.99967442650880045, -80.79781963090481156, 20.87264218050470177 ) ) ;
#196 = CARTESIAN_POINT ( 'NONE',  ( -18.38796303749471051, -91.21321640944373144, 23.48230126208675728 ) ) ;
#197 = ADVANCED_FACE ( 'NONE', ( #663 ), #3415, .T. ) ;
#198 = DIRECTION ( 'NONE',  ( -7.209618598295288790E-16, -0.0006981316444339968896, -0.9999997563060738504 ) ) ;
#199 = ORIENTED_EDGE ( 'NONE', *, *, #2588, .T. ) ;
#200 = AXIS2_PLACEMENT_3D ( 'NONE', #3235, #3507, #2385 ) ;
#201 = CIRCLE ( 'NONE', #511, 6.724999999999999645 ) ;
#202 = CARTESIAN_POINT ( 'NONE',  ( -26.72467442650878411, -89.98175600950182229, 35.21064614083694977 ) ) ;
#203 = ORIENTED_EDGE ( 'NONE', *, *, #545, .F. ) ;
#204 = CARTESIAN_POINT ( 'NONE',  ( -19.60755514400256416, -89.44656275672454626, 31.32005175557572940 ) ) ;
#205 = DIRECTION ( 'NONE',  ( -0.7313537016191685725, 0.0004761246366041584099, 0.6819981938636425767 ) ) ;
#206 = CIRCLE ( 'NONE', #2477, 5.725000000000000533 ) ;
#207 = ORIENTED_EDGE ( 'NONE', *, *, #987, .F. ) ;
#208 = CARTESIAN_POINT ( 'NONE',  ( -13.77467442650934082, -89.45023677589840361, 21.58593696029893039 ) ) ;
#209 = CARTESIAN_POINT ( 'NONE',  ( 2.988453858549085407, -90.79775027899761142, 25.89382631284592406 ) ) ;
#210 = CARTESIAN_POINT ( 'NONE',  ( -21.39967442650869600, -89.96639816453259186, 37.09119939902217311 ) ) ;
#211 = CARTESIAN_POINT ( 'NONE',  ( -26.49898261661514098, -89.02911479217667079, 59.74946443977763977 ) ) ;
#212 = ORIENTED_EDGE ( 'NONE', *, *, #966, .F. ) ;
#213 = CARTESIAN_POINT ( 'NONE',  ( -22.65738077639118586, -90.07400779455251438, 42.26390340025199777 ) ) ;
#214 = CARTESIAN_POINT ( 'NONE',  ( -19.99967442650867611, -90.77407146875005139, 54.89286386217886360 ) ) ;
#215 = ORIENTED_EDGE ( 'NONE', *, *, #2724, .T. ) ;
#216 = ADVANCED_FACE ( 'NONE', ( #108 ), #1207, .T. ) ;
#217 = CARTESIAN_POINT ( 'NONE',  ( -19.99967442650869742, -90.80196182794520610, 14.94287359775120194 ) ) ;
#218 = CARTESIAN_POINT ( 'NONE',  ( -18.62818965152757400, -91.17473464913881287, 22.82483091291371480 ) ) ;
#219 = CARTESIAN_POINT ( 'NONE',  ( -26.22467442650869174, -90.79580186150130316, 23.76637413941320176 ) ) ;
#220 = PRODUCT_DEFINITION_FORMATION_WITH_SPECIFIED_SOURCE ( 'ANY', '', #3349, .NOT_KNOWN. ) ;
#221 = VERTEX_POINT ( 'NONE', #1582 ) ;
#222 = EDGE_CURVE ( 'NONE', #1478, #41, #604, .T. ) ;
#223 = CARTESIAN_POINT ( 'NONE',  ( -25.37743394063300428, -86.65530544093408594, 34.75100544715389361 ) ) ;
#224 = ORIENTED_EDGE ( 'NONE', *, *, #592, .F. ) ;
#225 = CARTESIAN_POINT ( 'NONE',  ( -19.45575338046035796, -89.49703061078491828, 34.02214052938970212 ) ) ;
#226 = EDGE_CURVE ( 'NONE', #1343, #1726, #2755, .T. ) ;
#227 = CARTESIAN_POINT ( 'NONE',  ( -14.19722530640529534, -88.17130845826638108, 21.34108417604593555 ) ) ;
#228 = DIRECTION ( 'NONE',  ( -1.286166911541079770E-14, 0.9999997563060737393, -0.0006981316444339967812 ) ) ;
#229 = LINE ( 'NONE', #2859, #1249 ) ;
#230 = ORIENTED_EDGE ( 'NONE', *, *, #1253, .F. ) ;
#231 = CARTESIAN_POINT ( 'NONE',  ( -21.72646098050947572, -91.95013160511088302, 40.81891295163796940 ) ) ;
#232 = DIRECTION ( 'NONE',  ( 0.6819982711663332697, 0.000000000000000000, 0.7313537845161753870 ) ) ;
#233 = ORIENTED_EDGE ( 'NONE', *, *, #2595, .T. ) ;
#234 = LINE ( 'NONE', #3197, #435 ) ;
#235 = CARTESIAN_POINT ( 'NONE',  ( -19.99967442650869742, -90.80716290869619911, 7.492875413270989604 ) ) ;
#236 = AXIS2_PLACEMENT_3D ( 'NONE', #880, #2586, #844 ) ;
#237 = CARTESIAN_POINT ( 'NONE',  ( -32.94243928485215633, -90.77630108126632535, 53.41786109797897097 ) ) ;
#238 = EDGE_LOOP ( 'NONE', ( #1354, #2609, #1505, #863 ) ) ;
#239 = CARTESIAN_POINT ( 'NONE',  ( -19.99967442650859084, -97.51076880344699305, 38.14001631839909123 ) ) ;
#240 = VERTEX_POINT ( 'NONE', #376 ) ;
#241 = EDGE_CURVE ( 'NONE', #1096, #2803, #3393, .T. ) ;
#242 = CARTESIAN_POINT ( 'NONE',  ( -18.59967442650870240, -90.79722945071584661, 21.72150355045211256 ) ) ;
#243 = CIRCLE ( 'NONE', #53, 2.049999999999994937 ) ;
#244 = EDGE_CURVE ( 'NONE', #142, #517, #703, .T. ) ;
#245 = CARTESIAN_POINT ( 'NONE',  ( -21.37465075819283911, -90.46973744228438363, 37.53724388040861726 ) ) ;
#246 = CARTESIAN_POINT ( 'NONE',  ( -25.80212354661201957, -93.42367904895942843, 21.34475102305715666 ) ) ;
#247 = DIRECTION ( 'NONE',  ( -7.209618598295288790E-16, -0.0006981316444339968896, -0.9999997563060738504 ) ) ;
#248 = VERTEX_POINT ( 'NONE', #1284 ) ;
#249 = CARTESIAN_POINT ( 'NONE',  ( -18.59967442650868819, -90.78446122389931361, 40.01063828100777187 ) ) ;
#250 = LINE ( 'NONE', #3679, #1063 ) ;
#251 = VERTEX_POINT ( 'NONE', #3261 ) ;
#252 = AXIS2_PLACEMENT_3D ( 'NONE', #3737, #2056, #290 ) ;
#253 = DIRECTION ( 'NONE',  ( -0.7313537016191682394, 0.0004761246366151118334, 0.6819981938636430208 ) ) ;
#254 =( NAMED_UNIT ( * ) PLANE_ANGLE_UNIT ( ) SI_UNIT ( $, .RADIAN. ) );
#255 = CARTESIAN_POINT ( 'NONE',  ( -21.39967442650866047, -90.78352262214127677, 41.35510016458715654 ) ) ;
#256 = VERTEX_POINT ( 'NONE', #2373 ) ;
#257 = CARTESIAN_POINT ( 'NONE',  ( -18.50180981602148833, -90.82532937782129068, 39.51967708152431413 ) ) ;
#258 = ORIENTED_EDGE ( 'NONE', *, *, #1039, .F. ) ;
#259 = CARTESIAN_POINT ( 'NONE',  ( -19.15704147148365166, -89.66981956794698760, 25.36588805513661171 ) ) ;
#260 = AXIS2_PLACEMENT_3D ( 'NONE', #1411, #1694, #232 ) ;
#261 = EDGE_CURVE ( 'NONE', #268, #2133, #3284, .T. ) ;
#262 = CARTESIAN_POINT ( 'NONE',  ( -22.88321311293817928, -90.28834403894911986, 42.61489750175350366 ) ) ;
#263 = VECTOR ( 'NONE', #934, 1000.000000000000000 ) ;
#264 = CARTESIAN_POINT ( 'NONE',  ( -21.37465075819393334, -91.10263820768847154, 37.53768572856996144 ) ) ;
#265 = FACE_OUTER_BOUND ( 'NONE', #160, .T. ) ;
#266 = EDGE_CURVE ( 'NONE', #3449, #2046, #622, .T. ) ;
#267 = DIRECTION ( 'NONE',  ( 7.209618598295287804E-16, 0.0006981316444339968896, 0.9999997563060738504 ) ) ;
#268 = VERTEX_POINT ( 'NONE', #2964 ) ;
#269 = DIRECTION ( 'NONE',  ( -5.984971799148289338E-16, -0.0006981316444339968896, -0.9999997563060738504 ) ) ;
#270 = DIRECTION ( 'NONE',  ( 0.000000000000000000, -0.9999997563060737393, 0.0006981316444339967812 ) ) ;
#271 = ORIENTED_EDGE ( 'NONE', *, *, #1628, .F. ) ;
#272 = EDGE_CURVE ( 'NONE', #1434, #1082, #2570, .T. ) ;
#273 = DIRECTION ( 'NONE',  ( -7.209618598295290763E-16, -0.0006981316444339968896, -0.9999997563060738504 ) ) ;
#274 = FILL_AREA_STYLE ('',( #1750 ) ) ;
#275 = CARTESIAN_POINT ( 'NONE',  ( -19.18466625726061991, -89.61127324698986740, 28.04723563197178038 ) ) ;
#276 = DIRECTION ( 'NONE',  ( -0.7313537016191684614, 0.0004761246366041583557, 0.6819981938636427987 ) ) ;
#277 = ORIENTED_EDGE ( 'NONE', *, *, #2848, .F. ) ;
#278 = DIRECTION ( 'NONE',  ( -5.984971799148289338E-16, -0.0006981316444339968896, -0.9999997563060738504 ) ) ;
#279 = EDGE_LOOP ( 'NONE', ( #2069, #3076, #345, #327, #32 ) ) ;
#280 = AXIS2_PLACEMENT_3D ( 'NONE', #2092, #2969, #650 ) ;
#281 = CARTESIAN_POINT ( 'NONE',  ( -23.00190858375061964, -90.46384473168428997, 42.79877998322982791 ) ) ;
#282 = CARTESIAN_POINT ( 'NONE',  ( -21.11920800243980167, -91.64671822934961654, 37.30143014391413914 ) ) ;
#283 = CARTESIAN_POINT ( 'NONE',  ( -26.22467442650800962, -92.14441009912502523, 21.58781784840981999 ) ) ;
#284 = CIRCLE ( 'NONE', #2183, 1.400000000000001243 ) ;
#285 = FACE_OUTER_BOUND ( 'NONE', #2947, .T. ) ;
#286 = CARTESIAN_POINT ( 'NONE',  ( -23.36991271031279283, -84.94177919883139793, 49.33996456689735055 ) ) ;
#287 = ORIENTED_EDGE ( 'NONE', *, *, #3605, .F. ) ;
#288 = FACE_OUTER_BOUND ( 'NONE', #3707, .T. ) ;
#289 = ADVANCED_FACE ( 'NONE', ( #67, #1513 ), #46, .T. ) ;
#290 = DIRECTION ( 'NONE',  ( 0.000000000000000000, -0.9999997563060738504, 0.0006981316444338436919 ) ) ;
#291 = SURFACE_STYLE_FILL_AREA ( #274 ) ;
#292 = CARTESIAN_POINT ( 'NONE',  ( -18.53239555546005946, -89.90833879464275924, 36.44776927313981929 ) ) ;
#293 = ADVANCED_FACE ( 'NONE', ( #2414 ), #3570, .T. ) ;
#294 = CARTESIAN_POINT ( 'NONE',  ( -18.59972472540585287, -90.80909654611888016, 21.72189567260105392 ) ) ;
#295 = ORIENTED_EDGE ( 'NONE', *, *, #1917, .F. ) ;
#296 = LINE ( 'NONE', #1771, #2646 ) ;
#297 = CIRCLE ( 'NONE', #2452, 5.525000000000002132 ) ;
#298 = ORIENTED_EDGE ( 'NONE', *, *, #272, .F. ) ;
#299 = CYLINDRICAL_SURFACE ( 'NONE', #2631, 2.049999999999999822 ) ;
#300 = CARTESIAN_POINT ( 'NONE',  ( -19.99967442650867611, -92.18577010111707182, 38.13629876739247493 ) ) ;
#301 = DIRECTION ( 'NONE',  ( -7.209618598295288790E-16, -0.0006981316444339968896, -0.9999997563060738504 ) ) ;
#302 = AXIS2_PLACEMENT_3D ( 'NONE', #1528, #2697, #1244 ) ;
#303 = CONICAL_SURFACE ( 'NONE', #2265, 2.049999999999996714, 0.7853981633974469467 ) ;
#304 = AXIS2_PLACEMENT_3D ( 'NONE', #3764, #2889, #1151 ) ;
#305 = DIRECTION ( 'NONE',  ( 1.000000000000000000, 1.286116265481140035E-14, -7.299408223452109304E-16 ) ) ;
#306 = ORIENTED_EDGE ( 'NONE', *, *, #1125, .F. ) ;
#307 = FACE_OUTER_BOUND ( 'NONE', #3170, .T. ) ;
#308 = CARTESIAN_POINT ( 'NONE',  ( -21.72646098051104957, -89.61766341497838084, 40.81728458138370996 ) ) ;
#309 = DIRECTION ( 'NONE',  ( 5.984971799148289338E-16, 0.0006981316444339968896, 0.9999997563060738504 ) ) ;
#310 = EDGE_CURVE ( 'NONE', #962, #3126, #1647, .T. ) ;
#311 = CARTESIAN_POINT ( 'NONE',  ( -19.99967442650869742, -90.80182220161631790, 15.14287354901250104 ) ) ;
#312 = CARTESIAN_POINT ( 'NONE',  ( -19.14595968760555778, -89.63796272042483793, 27.64044863459291790 ) ) ;
#313 = CARTESIAN_POINT ( 'NONE',  ( -18.62103277389791245, -91.02983570217330112, 39.85022413148870868 ) ) ;
#314 = EDGE_LOOP ( 'NONE', ( #2884, #597 ) ) ;
#315 = AXIS2_PLACEMENT_3D ( 'NONE', #1304, #3631, #3117 ) ;
#316 = ADVANCED_FACE ( 'NONE', ( #719 ), #183, .T. ) ;
#317 = CARTESIAN_POINT ( 'NONE',  ( -18.69541169052133611, -91.89868202420555576, 35.17348192266896234 ) ) ;
#318 = CARTESIAN_POINT ( 'NONE',  ( -19.99967442650867966, -92.18577010111705761, 38.13629876739248914 ) ) ;
#319 =( BOUNDED_CURVE ( )  B_SPLINE_CURVE ( 3, ( #3131, #161, #733, #505 ),
 .UNSPECIFIED., .F., .T. ) 
 B_SPLINE_CURVE_WITH_KNOTS ( ( 4, 4 ),
 ( 6.282674725937154925, 7.853981633974482790 ),
 .UNSPECIFIED. ) 
 CURVE ( )  GEOMETRIC_REPRESENTATION_ITEM ( )  RATIONAL_B_SPLINE_CURVE ( ( 1.000000000000000000, 0.8046174936112212572, 0.8046174936112212572, 1.000000000000000000 ) ) 
 REPRESENTATION_ITEM ( '' )  );
#320 = CYLINDRICAL_SURFACE ( 'NONE', #1598, 4.224999999999999645 ) ;
#321 = CARTESIAN_POINT ( 'NONE',  ( -21.17507128050686660, -89.99779630736676950, 37.62369405112277576 ) ) ;
#322 = CARTESIAN_POINT ( 'NONE',  ( -21.26740110624175273, -91.37673753955517952, 43.13549524495162046 ) ) ;
#323 = VECTOR ( 'NONE', #176, 1000.000000000000114 ) ;
#324 = CARTESIAN_POINT ( 'NONE',  ( -26.22467442650869884, -90.80234161534771431, 14.39886830461486511 ) ) ;
#325 = CIRCLE ( 'NONE', #1589, 6.725000000000183498 ) ;
#326 = LINE ( 'NONE', #2664, #3446 ) ;
#327 = ORIENTED_EDGE ( 'NONE', *, *, #1535, .F. ) ;
#328 = DIRECTION ( 'NONE',  ( 7.209618598295288790E-16, 0.0006981316444339968896, 0.9999997563060738504 ) ) ;
#329 = CARTESIAN_POINT ( 'NONE',  ( -21.70326896032818453, -90.91943354345947625, 42.05341484446365286 ) ) ;
#330 = CIRCLE ( 'NONE', #1190, 2.049999999999999822 ) ;
#331 = DIRECTION ( 'NONE',  ( -1.286166911541079770E-14, 0.9999997563060737393, -0.0006981316444339967812 ) ) ;
#332 = DIRECTION ( 'NONE',  ( 7.209618598295287804E-16, 0.0006981316444339968896, 0.9999997563060738504 ) ) ;
#333 = CARTESIAN_POINT ( 'NONE',  ( -19.17079766116867745, -89.65684792798801084, 36.24446133941688686 ) ) ;
#334 = CARTESIAN_POINT ( 'NONE',  ( -22.54511997257999667, -91.39232968675520397, 42.23998823244350120 ) ) ;
#335 = ORIENTED_EDGE ( 'NONE', *, *, #587, .T. ) ;
#336 = DIRECTION ( 'NONE',  ( 0.7071067811862309371, 0.0004936536199494237585, 0.7071066088692363749 ) ) ;
#337 = CARTESIAN_POINT ( 'NONE',  ( -18.60302365220053389, -90.89853228135730490, 39.98519315326203127 ) ) ;
#338 = EDGE_CURVE ( 'NONE', #1082, #962, #2471, .T. ) ;
#339 =( BOUNDED_SURFACE ( )  B_SPLINE_SURFACE ( 2, 3, ( 
 ( #1699, #2259, #3757, #2007, #2577, #2561 ),
 ( #255, #1378, #2022, #3775, #488, #2541 ),
 ( #508, #1145, #871, #3133, #1433, #2597 ) ),
 .UNSPECIFIED., .F., .F., .T. ) 
 B_SPLINE_SURFACE_WITH_KNOTS ( ( 3, 3 ),
 ( 4, 2, 4 ),
 ( 0.000000000000000000, 1.000000000000000000 ),
 ( 0.0006402350815293907267, 0.4877601857869342528, 0.9748801364923390667 ),
 .UNSPECIFIED. ) 
 GEOMETRIC_REPRESENTATION_ITEM ( )  RATIONAL_B_SPLINE_SURFACE ( (
 ( 1.000000000000000000, 1.000000000000000000, 1.000000000000000000, 1.000000000000000000, 1.000000000000000000, 1.000000000000000000),
 ( 0.3987490689252424225, 0.3985032198539645298, 0.4496251719127384305, 0.5428942009742029340, 0.5854610362359502496, 0.6120611876255982464),
 ( 1.000000000000000000, 1.000000000000000000, 1.000000000000000000, 1.000000000000000000, 1.000000000000000000, 1.000000000000000000) ) ) 
 REPRESENTATION_ITEM ( '' )  SURFACE ( )  );
#340 = DIRECTION ( 'NONE',  ( -7.209618598295287804E-16, -0.0006981316444339968896, -0.9999997563060738504 ) ) ;
#341 = CARTESIAN_POINT ( 'NONE',  ( -19.99967442650869742, -90.80070519098521231, 16.74287315910220286 ) ) ;
#342 = CARTESIAN_POINT ( 'NONE',  ( -12.77467442651258800, -90.80426625785081285, 11.64202144106309689 ) ) ;
#343 = ADVANCED_FACE ( 'NONE', ( #1936 ), #455, .F. ) ;
#344 = CARTESIAN_POINT ( 'NONE',  ( -19.99967442650871163, -90.80716430495947122, 7.490875413758375956 ) ) ;
#345 = ORIENTED_EDGE ( 'NONE', *, *, #2724, .F. ) ;
#346 = CARTESIAN_POINT ( 'NONE',  ( -19.99967442650867255, -86.54306856621474253, 63.48991216021336470 ) ) ;
#347 = CARTESIAN_POINT ( 'NONE',  ( -15.77467442650869955, -90.80716290869614227, 7.492875413270986940 ) ) ;
#348 = CARTESIAN_POINT ( 'NONE',  ( -25.06620073566464768, -95.21806558118110786, 54.98864572082616320 ) ) ;
#349 = CARTESIAN_POINT ( 'NONE',  ( -18.59968022127288023, -90.81161314019695396, 39.84611470732625804 ) ) ;
#350 = CARTESIAN_POINT ( 'NONE',  ( -18.61646361215150947, -91.01540424611194169, 21.84832391314213140 ) ) ;
#351 = ORIENTED_EDGE ( 'NONE', *, *, #1535, .T. ) ;
#352 = DIRECTION ( 'NONE',  ( -1.286116265481140035E-14, 1.000000000000000000, 0.000000000000000000 ) ) ;
#353 = CARTESIAN_POINT ( 'NONE',  ( -19.57058744665662076, -92.12648999318174958, 29.17327239397678085 ) ) ;
#354 = CARTESIAN_POINT ( 'NONE',  ( -18.96758790011666562, -92.11108675180348371, 29.14980535689134911 ) ) ;
#355 = ADVANCED_FACE ( 'NONE', ( #2797 ), #493, .T. ) ;
#356 = PLANE ( 'NONE',  #3083 ) ;
#357 = DIRECTION ( 'NONE',  ( -1.000000000000000000, -1.353930517835556934E-14, 0.000000000000000000 ) ) ;
#358 = DIRECTION ( 'NONE',  ( -5.984971799148289338E-16, -0.0006981316444339968896, -0.9999997563060738504 ) ) ;
#359 = ADVANCED_FACE ( 'NONE', ( #1604 ), #2508, .T. ) ;
#360 = CARTESIAN_POINT ( 'NONE',  ( -18.58722624962421932, -91.75086448622097635, 25.70887575352628218 ) ) ;
#361 = ORIENTED_EDGE ( 'NONE', *, *, #3104, .F. ) ;
#362 = CARTESIAN_POINT ( 'NONE',  ( -22.85869180871054240, -91.30601903378450857, 42.57737939951168471 ) ) ;
#363 = CARTESIAN_POINT ( 'NONE',  ( -18.59967442650869884, -92.29806311291228837, 16.94391856104400063 ) ) ;
#364 = AXIS2_PLACEMENT_3D ( 'NONE', #3421, #1306, #2181 ) ;
#365 = CARTESIAN_POINT ( 'NONE',  ( -22.24967442650870098, -91.82696157815890103, 14.94358918268680014 ) ) ;
#366 = CARTESIAN_POINT ( 'NONE',  ( -30.72724432017501428, -93.54980442974579091, 56.52104957901521942 ) ) ;
#367 = ORIENTED_EDGE ( 'NONE', *, *, #244, .F. ) ;
#368 = CARTESIAN_POINT ( 'NONE',  ( -18.60032409110668183, -90.71314954419437981, 40.00547558039310303 ) ) ;
#369 = PLANE ( 'NONE',  #200 ) ;
#370 = ORIENTED_EDGE ( 'NONE', *, *, #2197, .T. ) ;
#371 = DIRECTION ( 'NONE',  ( 0.000000000000000000, -0.9999997563060738504, 0.0006981316444387701981 ) ) ;
#372 = CARTESIAN_POINT ( 'NONE',  ( -18.60092247307965607, -90.92820868981161198, 39.66327118271898655 ) ) ;
#373 = DIRECTION ( 'NONE',  ( -5.984971799148289338E-16, -0.0006981316444339968896, -0.9999997563060738504 ) ) ;
#374 = VECTOR ( 'NONE', #3505, 1000.000000000000114 ) ;
#375 = FACE_OUTER_BOUND ( 'NONE', #2780, .T. ) ;
#376 = CARTESIAN_POINT ( 'NONE',  ( -17.74967442650870098, -93.05210090596270334, 14.74444444268999987 ) ) ;
#377 = FACE_OUTER_BOUND ( 'NONE', #3474, .T. ) ;
#378 = LINE ( 'NONE', #606, #3745 ) ;
#379 = ORIENTED_EDGE ( 'NONE', *, *, #716, .F. ) ;
#380 = LINE ( 'NONE', #3594, #479 ) ;
#381 = EDGE_CURVE ( 'NONE', #2871, #438, #3691, .T. ) ;
#382 = VECTOR ( 'NONE', #1106, 1000.000000000000114 ) ;
#383 = CARTESIAN_POINT ( 'NONE',  ( -31.97687284361137827, -90.77706288068489471, 52.10725785244230224 ) ) ;
#384 = CARTESIAN_POINT ( 'NONE',  ( -26.66803231867638146, -91.64820322792172647, 60.31351763418046374 ) ) ;
#385 = ORIENTED_EDGE ( 'NONE', *, *, #3516, .T. ) ;
#386 = CARTESIAN_POINT ( 'NONE',  ( -18.51241088078617736, -90.75456322783608698, 39.56415794787660900 ) ) ;
#387 = DIRECTION ( 'NONE',  ( -1.286116265481140035E-14, 1.000000000000000000, 0.000000000000000000 ) ) ;
#388 = EDGE_LOOP ( 'NONE', ( #616, #3593 ) ) ;
#389 = ADVANCED_FACE ( 'NONE', ( #2224 ), #3138, .F. ) ;
#390 = VECTOR ( 'NONE', #1691, 1000.000000000000114 ) ;
#391 = CARTESIAN_POINT ( 'NONE',  ( -2.552782094677350955, -90.79775027899761142, 19.95157681365201796 ) ) ;
#392 = CARTESIAN_POINT ( 'NONE',  ( -18.58913465916588592, -91.75779857501778736, 25.72630004846932650 ) ) ;
#393 = LINE ( 'NONE', #1562, #731 ) ;
#394 = CARTESIAN_POINT ( 'NONE',  ( -19.99967442650875782, -84.06077208113012489, 38.13062644778145227 ) ) ;
#395 = LINE ( 'NONE', #1564, #1491 ) ;
#396 = DIRECTION ( 'NONE',  ( 0.6819982711663333808, 0.000000000000000000, 0.7313537845161754980 ) ) ;
#397 = CARTESIAN_POINT ( 'NONE',  ( -21.22514338331595241, -91.45934063263874236, 42.96782493868985142 ) ) ;
#398 = CARTESIAN_POINT ( 'NONE',  ( -19.99967442650872584, -84.06077208113012489, 38.13062644778136701 ) ) ;
#399 = ORIENTED_EDGE ( 'NONE', *, *, #2066, .F. ) ;
#400 = CARTESIAN_POINT ( 'NONE',  ( -23.05275689745688084, -90.97725400256805983, 42.87819997000325856 ) ) ;
#401 = CARTESIAN_POINT ( 'NONE',  ( -34.54513522209303034, -90.77630108126632535, 51.69917970436597443 ) ) ;
#402 = CARTESIAN_POINT ( 'NONE',  ( -27.17986126554631809, -96.12427765040546035, 50.44370912276140473 ) ) ;
#403 = ADVANCED_FACE ( 'NONE', ( #3336 ), #800, .F. ) ;
#404 = ORIENTED_EDGE ( 'NONE', *, *, #3634, .F. ) ;
#405 = DIRECTION ( 'NONE',  ( -1.000000000000000000, -1.344560756466452746E-14, 7.203004052498854137E-16 ) ) ;
#406 = VERTEX_POINT ( 'NONE', #3098 ) ;
#407 = CARTESIAN_POINT ( 'NONE',  ( -18.59967442650868108, -90.77428090824336948, 54.59286393528702064 ) ) ;
#408 = CARTESIAN_POINT ( 'NONE',  ( -18.46130700202158437, -91.52356976619628881, 37.08545746659279985 ) ) ;
#409 = ADVANCED_FACE ( 'NONE', ( #3401 ), #1894, .F. ) ;
#410 = CARTESIAN_POINT ( 'NONE',  ( -21.39967442650869955, -89.30334726905799414, 16.54182775716030207 ) ) ;
#411 = EDGE_LOOP ( 'NONE', ( #2396, #2756, #469 ) ) ;
#412 = CARTESIAN_POINT ( 'NONE',  ( -18.68009873062525728, -90.32427494938741575, 22.30565122245258181 ) ) ;
#413 = DIRECTION ( 'NONE',  ( -1.000000000000000000, -1.313873401923262340E-14, 4.105854381010194814E-16 ) ) ;
#414 = CARTESIAN_POINT ( 'NONE',  ( -21.38135703303620261, -91.00957666072952179, 43.58440744461936589 ) ) ;
#415 = EDGE_LOOP ( 'NONE', ( #849, #763 ) ) ;
#416 = CARTESIAN_POINT ( 'NONE',  ( -22.68238110996956181, -90.09348755862353642, 42.30267185542377462 ) ) ;
#417 = TOROIDAL_SURFACE ( 'NONE', #2745, -27.47495589618935696, 28.89544277522074367 ) ;
#418 = ORIENTED_EDGE ( 'NONE', *, *, #1492, .T. ) ;
#419 = CARTESIAN_POINT ( 'NONE',  ( -22.68239026712361195, -91.47222686695066329, 42.30364837423282864 ) ) ;
#420 = CARTESIAN_POINT ( 'NONE',  ( -31.77066950669619416, -90.88172532339258680, 58.30730095503339783 ) ) ;
#421 = VERTEX_POINT ( 'NONE', #1915 ) ;
#422 = CARTESIAN_POINT ( 'NONE',  ( -18.67107556234807930, -90.33795822160496414, 39.48859371364647330 ) ) ;
#423 = CARTESIAN_POINT ( 'NONE',  ( -18.54515811538834313, -90.79025071446680784, 22.04956591876193528 ) ) ;
#424 = AXIS2_PLACEMENT_3D ( 'NONE', #2638, #583, #2011 ) ;
#425 = ORIENTED_EDGE ( 'NONE', *, *, #1813, .T. ) ;
#426 = CARTESIAN_POINT ( 'NONE',  ( -39.66461113342721490, -90.77296820881009864, 56.47316706141146625 ) ) ;
#427 = CARTESIAN_POINT ( 'NONE',  ( -18.62520067323068673, -91.05548110194395406, 39.81931688752289489 ) ) ;
#428 = ORIENTED_EDGE ( 'NONE', *, *, #502, .F. ) ;
#429 = ADVANCED_FACE ( 'NONE', ( #1326 ), #2528, .T. ) ;
#430 = DIRECTION ( 'NONE',  ( 0.001209198594520912622, -0.9999992689191122830, 0.000000000000000000 ) ) ;
#431 = EDGE_LOOP ( 'NONE', ( #361, #3542, #367, #3178 ) ) ;
#432 = CARTESIAN_POINT ( 'NONE',  ( -18.62533823082205586, -90.52652631455985954, 21.91397606763381489 ) ) ;
#433 = DIRECTION ( 'NONE',  ( 0.000000000000000000, -0.1676469807279373225, 0.9858470925314973821 ) ) ;
#434 = CARTESIAN_POINT ( 'NONE',  ( -22.24967442650870098, -88.55196237625649758, 14.94130280155130031 ) ) ;
#435 = VECTOR ( 'NONE', #2004, 1000.000000000000227 ) ;
#436 = EDGE_CURVE ( 'NONE', #3477, #3526, #2081, .T. ) ;
#437 = ORIENTED_EDGE ( 'NONE', *, *, #899, .T. ) ;
#438 = VERTEX_POINT ( 'NONE', #515 ) ;
#439 = CARTESIAN_POINT ( 'NONE',  ( -21.24713272291355537, -90.14672257182573389, 43.05453147815156711 ) ) ;
#440 = CARTESIAN_POINT ( 'NONE',  ( -26.71117458257634425, -90.33030238364734998, 60.45607990950533406 ) ) ;
#441 = ORIENTED_EDGE ( 'NONE', *, *, #2005, .F. ) ;
#442 = VECTOR ( 'NONE', #2655, 1000.000000000000114 ) ;
#443 = CARTESIAN_POINT ( 'NONE',  ( -21.14464271101895676, -91.59759404533572535, 42.65002657777856854 ) ) ;
#444 = AXIS2_PLACEMENT_3D ( 'NONE', #141, #2727, #1847 ) ;
#445 = DIRECTION ( 'NONE',  ( -1.000000000000000000, -1.286116265481140035E-14, 7.299408223452109304E-16 ) ) ;
#446 = ORIENTED_EDGE ( 'NONE', *, *, #94, .T. ) ;
#447 = DIRECTION ( 'NONE',  ( -0.7071067811862300490, 0.0004936536199313218106, 0.7071066088692372631 ) ) ;
#448 = CARTESIAN_POINT ( 'NONE',  ( -18.45491098319158851, -91.51699984289714962, 24.58442679536887354 ) ) ;
#449 = AXIS2_PLACEMENT_3D ( 'NONE', #1670, #2837, #3320 ) ;
#450 = ORIENTED_EDGE ( 'NONE', *, *, #666, .T. ) ;
#451 = CARTESIAN_POINT ( 'NONE',  ( -23.38651206826970963, -96.66346919842428065, 36.00984605944240258 ) ) ;
#452 = EDGE_LOOP ( 'NONE', ( #2237, #2809, #1474 ) ) ;
#453 = CARTESIAN_POINT ( 'NONE',  ( -18.39232188470285223, -90.32779519075246810, 23.65263302827308678 ) ) ;
#454 = EDGE_CURVE ( 'NONE', #1599, #2803, #3759, .T. ) ;
#455 = PLANE ( 'NONE',  #550 ) ;
#456 = CARTESIAN_POINT ( 'NONE',  ( -21.34224190228770723, -91.17898180195551561, 43.42954703028775043 ) ) ;
#457 = VERTEX_POINT ( 'NONE', #2202 ) ;
#458 = CARTESIAN_POINT ( 'NONE',  ( -22.82340762637410592, -90.22000352134263323, 42.52147044824992150 ) ) ;
#459 = EDGE_CURVE ( 'NONE', #2475, #2328, #472, .T. ) ;
#460 = VERTEX_POINT ( 'NONE', #2047 ) ;
#461 = CARTESIAN_POINT ( 'NONE',  ( -21.36724261283655935, -90.48181760214200153, 43.52842789179995719 ) ) ;
#462 = EDGE_LOOP ( 'NONE', ( #450, #335 ) ) ;
#463 = CARTESIAN_POINT ( 'NONE',  ( -19.99967442650867966, -92.18577010111705761, 38.13629876739246782 ) ) ;
#464 = DIRECTION ( 'NONE',  ( 0.000000000000000000, 0.9999997563060738504, -0.0006981316444284907689 ) ) ;
#465 = EDGE_LOOP ( 'NONE', ( #3101, #437, #494, #3264, #3147, #3052, #3370, #2994, #710 ) ) ;
#466 = CARTESIAN_POINT ( 'NONE',  ( -18.97467442650869884, -88.55210200258539999, 14.74130285029000120 ) ) ;
#467 = CARTESIAN_POINT ( 'NONE',  ( -19.99967442650869742, -90.80196182794520610, 14.94287359775120194 ) ) ;
#468 = VECTOR ( 'NONE', #639, 1000.000000000000114 ) ;
#469 = ORIENTED_EDGE ( 'NONE', *, *, #2629, .T. ) ;
#470 = CARTESIAN_POINT ( 'NONE',  ( -25.99492596469893257, -87.62195539805169631, 35.52630242808594829 ) ) ;
#471 = CARTESIAN_POINT ( 'NONE',  ( -18.59967460660419647, -90.80307482135154373, 21.87858813626463927 ) ) ;
#472 = LINE ( 'NONE', #1384, #3726 ) ;
#473 = ADVANCED_FACE ( 'NONE', ( #548 ), #299, .F. ) ;
#474 = VERTEX_POINT ( 'NONE', #1437 ) ;
#475 = CARTESIAN_POINT ( 'NONE',  ( -19.99967442650862282, -97.51076880344699305, 38.14001631839908413 ) ) ;
#476 = CARTESIAN_POINT ( 'NONE',  ( -21.39967442650868890, -90.75647768186667008, 43.65492439134803249 ) ) ;
#477 = ADVANCED_FACE ( 'NONE', ( #842 ), #1183, .T. ) ;
#478 = FACE_OUTER_BOUND ( 'NONE', #883, .T. ) ;
#479 = VECTOR ( 'NONE', #92, 1000.000000000000114 ) ;
#480 = CLOSED_SHELL ( 'NONE', ( #2677, #3213, #1380, #3498, #3295, #403, #3299, #878, #1405, #3429, #1743, #316, #2052, #1017, #2888, #473, #1332, #2703, #707, #3329, #197, #853, #355, #1205, #2805, #3008, #2375, #2909, #1375, #659, #1275, #2869, #3256, #3773, #3130, #1447, #1420, #2147, #3384, #216, #3280, #2273, #2317, #1352, #762, #1238, #1486, #1531, #1623, #4, #2215, #857, #3229, #343, #3778, #3002, #1508, #2340, #3451, #2102, #389, #1652, #409, #359, #429, #2009, #3371, #2143, #3614, #683, #3084, #3077, #293, #1230, #2957, #477, #2337, #1957, #3495, #1260, #2447, #2048, #3154, #3559, #1571, #151, #814, #289, #2565, #3543, #2876, #1098, #1210, #777, #3609, #1832, #1721, #1764, #612, #3189, #992 ) ) ;
#481 = CARTESIAN_POINT ( 'NONE',  ( -26.72467442650876635, -90.88019357990543767, 60.50136152521145760 ) ) ;
#482 = EDGE_LOOP ( 'NONE', ( #500, #3680, #1910, #2466 ) ) ;
#483 = CARTESIAN_POINT ( 'NONE',  ( -20.78406847663088897, -91.94984553594957788, 41.22867677453550783 ) ) ;
#484 = CARTESIAN_POINT ( 'NONE',  ( -15.77467442650869600, -90.80224108060288302, 14.54287369522879558 ) ) ;
#485 = ORIENTED_EDGE ( 'NONE', *, *, #2776, .F. ) ;
#486 = FACE_BOUND ( 'NONE', #1138, .T. ) ;
#487 = DIRECTION ( 'NONE',  ( 7.209618598295286818E-16, 0.0006981316444339967812, 0.9999997563060737393 ) ) ;
#488 = CARTESIAN_POINT ( 'NONE',  ( -21.67761421180994930, -90.96587978462569879, 41.99444537349524609 ) ) ;
#489 = VERTEX_POINT ( 'NONE', #3743 ) ;
#490 = AXIS2_PLACEMENT_3D ( 'NONE', #760, #2777, #2816 ) ;
#491 = DIRECTION ( 'NONE',  ( -0.000000000000000000, 0.0006981316444387218427, 0.9999997563060739614 ) ) ;
#492 = CARTESIAN_POINT ( 'NONE',  ( -18.55163123184653884, -90.79774898250359172, 22.02776005531273995 ) ) ;
#493 = CYLINDRICAL_SURFACE ( 'NONE', #364, 7.224999999999998757 ) ;
#494 = ORIENTED_EDGE ( 'NONE', *, *, #1748, .F. ) ;
#495 = CARTESIAN_POINT ( 'NONE',  ( -26.72467442650908254, -90.79320027580757824, 27.49287053939250214 ) ) ;
#496 = DIRECTION ( 'NONE',  ( -5.984971799148289338E-16, -0.0006981316444339968896, -0.9999997563060738504 ) ) ;
#497 = LINE ( 'NONE', #209, #967 ) ;
#498 = EDGE_CURVE ( 'NONE', #3615, #2336, #1852, .T. ) ;
#499 = CARTESIAN_POINT ( 'NONE',  ( -31.37563349422160286, -89.03059513016647486, 57.62903680656521033 ) ) ;
#500 = ORIENTED_EDGE ( 'NONE', *, *, #3352, .F. ) ;
#501 = FACE_BOUND ( 'NONE', #3362, .T. ) ;
#502 = EDGE_CURVE ( 'NONE', #1417, #3432, #3355, .T. ) ;
#503 = CARTESIAN_POINT ( 'NONE',  ( -17.74967442650870098, -92.64912981895669475, 14.94416316449260052 ) ) ;
#504 = ORIENTED_EDGE ( 'NONE', *, *, #3234, .T. ) ;
#505 = CARTESIAN_POINT ( 'NONE',  ( -19.99967442650876137, -84.06077208113012489, 38.13062644778145227 ) ) ;
#506 = CARTESIAN_POINT ( 'NONE',  ( -18.45290457293548414, -90.89727134439081624, 22.44647467974255051 ) ) ;
#507 = EDGE_CURVE ( 'NONE', #2574, #1587, #1068, .T. ) ;
#508 = CARTESIAN_POINT ( 'NONE',  ( -21.39967442650868534, -90.78191701587815032, 43.65494215135643685 ) ) ;
#509 = ORIENTED_EDGE ( 'NONE', *, *, #436, .T. ) ;
#510 = VECTOR ( 'NONE', #1449, 1000.000000000000000 ) ;
#511 = AXIS2_PLACEMENT_3D ( 'NONE', #1549, #2700, #1858 ) ;
#512 = CARTESIAN_POINT ( 'NONE',  ( -25.99492596470123829, -93.95322527901399212, 35.53072248899702146 ) ) ;
#513 = ORIENTED_EDGE ( 'NONE', *, *, #2914, .F. ) ;
#514 = CARTESIAN_POINT ( 'NONE',  ( -19.56242886410609572, -89.45955008222367155, 32.57622200740402718 ) ) ;
#515 = CARTESIAN_POINT ( 'NONE',  ( -32.92763265571631592, -90.77644391865730711, 52.99385550446505277 ) ) ;
#516 = AXIS2_PLACEMENT_3D ( 'NONE', #2945, #2067, #3225 ) ;
#517 = VERTEX_POINT ( 'NONE', #1739 ) ;
#518 = DIRECTION ( 'NONE',  ( 1.000000000000000000, 1.337618101958019995E-14, -5.573408758158416645E-16 ) ) ;
#519 = CARTESIAN_POINT ( 'NONE',  ( -18.43340790926118089, -91.48593276129624030, 37.26159651286868524 ) ) ;
#520 = CARTESIAN_POINT ( 'NONE',  ( -22.46766734430935131, -84.38698707925537690, 43.80685069068449167 ) ) ;
#521 = ORIENTED_EDGE ( 'NONE', *, *, #2515, .F. ) ;
#522 = CARTESIAN_POINT ( 'NONE',  ( -20.72307892835447873, -92.02902678008801729, 39.79990619752997816 ) ) ;
#523 = DIRECTION ( 'NONE',  ( 8.659560562355059815E-17, 0.7076002624888411141, 0.7066129552489984755 ) ) ;
#524 = EDGE_LOOP ( 'NONE', ( #1675, #3302, #117, #135 ) ) ;
#525 = DIRECTION ( 'NONE',  ( -0.7313537016191689055, 0.0004761246365688680629, 0.6819981938636421326 ) ) ;
#526 = EDGE_CURVE ( 'NONE', #1096, #1599, #2635, .T. ) ;
#527 = DIRECTION ( 'NONE',  ( 1.000000000000000000, 1.344560756466452746E-14, -9.604005403331806173E-16 ) ) ;
#528 = CARTESIAN_POINT ( 'NONE',  ( -19.99967442650869742, -90.80224108060291144, 14.54287369522879914 ) ) ;
#529 = VERTEX_POINT ( 'NONE', #2872 ) ;
#530 = EDGE_CURVE ( 'NONE', #2303, #2114, #1772, .T. ) ;
#531 = CARTESIAN_POINT ( 'NONE',  ( -21.00503505002012616, -97.51095475921206912, 37.87365434893992955 ) ) ;
#532 = CONICAL_SURFACE ( 'NONE', #3581, 16.22500000000000497, 1.047197551196999754 ) ;
#533 = ORIENTED_EDGE ( 'NONE', *, *, #8, .T. ) ;
#534 = DIRECTION ( 'NONE',  ( 1.000000000000000000, 1.353930517835556934E-14, -8.462065736472230835E-16 ) ) ;
#535 = CARTESIAN_POINT ( 'NONE',  ( -20.86489265551335492, -89.56257956067960890, 37.97723956691223890 ) ) ;
#536 = LINE ( 'NONE', #3463, #603 ) ;
#537 = CARTESIAN_POINT ( 'NONE',  ( -18.49950387058760626, -90.82837836911726015, 39.50834299191747334 ) ) ;
#538 = ORIENTED_EDGE ( 'NONE', *, *, #2353, .T. ) ;
#539 = DIRECTION ( 'NONE',  ( -1.000000000000000000, -1.344560756466452746E-14, 7.203004052498854137E-16 ) ) ;
#540 = ORIENTED_EDGE ( 'NONE', *, *, #2140, .F. ) ;
#541 = DIRECTION ( 'NONE',  ( 0.6819982711663334918, 0.000000000000000000, 0.7313537845161753870 ) ) ;
#542 = DIRECTION ( 'NONE',  ( 7.209618598295287804E-16, 0.0006981316444339968896, 0.9999997563060738504 ) ) ;
#543 = DIRECTION ( 'NONE',  ( 0.6819982711663336028, 0.000000000000000000, 0.7313537845161751649 ) ) ;
#544 = ORIENTED_EDGE ( 'NONE', *, *, #2934, .T. ) ;
#545 = EDGE_CURVE ( 'NONE', #2803, #474, #1196, .T. ) ;
#546 = CARTESIAN_POINT ( 'NONE',  ( -18.60923829774144522, -90.95552319059595447, 39.93796828924264730 ) ) ;
#547 = VERTEX_POINT ( 'NONE', #1278 ) ;
#548 = FACE_OUTER_BOUND ( 'NONE', #1013, .T. ) ;
#549 = EDGE_CURVE ( 'NONE', #692, #3598, #2714, .T. ) ;
#550 = AXIS2_PLACEMENT_3D ( 'NONE', #1951, #149, #1360 ) ;
#551 = CARTESIAN_POINT ( 'NONE',  ( -21.22297537217956531, -90.08134063038454542, 37.22298985119688552 ) ) ;
#552 = CARTESIAN_POINT ( 'NONE',  ( -14.99967442650869920, -87.08963458005419511, 20.87703469669200018 ) ) ;
#553 = EDGE_CURVE ( 'NONE', #3036, #438, #1530, .T. ) ;
#554 = CARTESIAN_POINT ( 'NONE',  ( -19.99967442650869742, -90.80681384287399283, 7.992875291424028639 ) ) ;
#555 = ORIENTED_EDGE ( 'NONE', *, *, #244, .T. ) ;
#556 = LINE ( 'NONE', #1727, #1255 ) ;
#557 = CARTESIAN_POINT ( 'NONE',  ( -19.99967442650869742, -90.79580186150121790, 23.76637413941319821 ) ) ;
#558 = ORIENTED_EDGE ( 'NONE', *, *, #1768, .T. ) ;
#559 = LINE ( 'NONE', #3521, #1422 ) ;
#560 = LINE ( 'NONE', #1161, #3192 ) ;
#561 = CARTESIAN_POINT ( 'NONE',  ( -19.99967442650869742, -90.80611571122959447, 8.992875047730100491 ) ) ;
#562 = ORIENTED_EDGE ( 'NONE', *, *, #1512, .F. ) ;
#563 = CARTESIAN_POINT ( 'NONE',  ( -22.24967442650870098, -91.82710120448778923, 14.74358923142559874 ) ) ;
#564 = ORIENTED_EDGE ( 'NONE', *, *, #2629, .F. ) ;
#565 = CARTESIAN_POINT ( 'NONE',  ( -18.63115101494993553, -90.48316957961013429, 39.77508136442666853 ) ) ;
#566 = VECTOR ( 'NONE', #1731, 1000.000000000000114 ) ;
#567 = VECTOR ( 'NONE', #2883, 1000.000000000000227 ) ;
#568 = EDGE_CURVE ( 'NONE', #3094, #2129, #669, .T. ) ;
#569 = CARTESIAN_POINT ( 'NONE',  ( -23.05274913193195374, -90.58764513237278493, 42.87791708151362258 ) ) ;
#570 = CARTESIAN_POINT ( 'NONE',  ( -19.99967442650871163, -89.38577078346006033, 38.13434399878806147 ) ) ;
#571 = CIRCLE ( 'NONE', #2960, 4.224999999999999645 ) ;
#572 = LINE ( 'NONE', #2605, #2533 ) ;
#573 = EDGE_CURVE ( 'NONE', #653, #2836, #243, .T. ) ;
#574 = ORIENTED_EDGE ( 'NONE', *, *, #3168, .F. ) ;
#575 = CARTESIAN_POINT ( 'NONE',  ( -21.39967442650866047, -90.78352262214127677, 41.35510016458714944 ) ) ;
#576 = DIRECTION ( 'NONE',  ( 0.000000000000000000, -0.9999997563060737393, 0.0006981316444346827559 ) ) ;
#577 = DIRECTION ( 'NONE',  ( 1.286166911541079770E-14, -0.9999997563060737393, 0.0006981316444339967812 ) ) ;
#578 = CARTESIAN_POINT ( 'NONE',  ( -19.01338488956459116, -89.74724417200934568, 26.43741682219090094 ) ) ;
#579 = CARTESIAN_POINT ( 'NONE',  ( -18.85334932210888326, -91.60541156842789690, 23.44536693147910356 ) ) ;
#580 = ORIENTED_EDGE ( 'NONE', *, *, #1857, .F. ) ;
#581 = DIRECTION ( 'NONE',  ( 5.984971799148289338E-16, 0.0006981316444339968896, 0.9999997563060738504 ) ) ;
#582 = ORIENTED_EDGE ( 'NONE', *, *, #1977, .F. ) ;
#583 = DIRECTION ( 'NONE',  ( -7.209618598295288790E-16, -0.0006981316444339968896, -0.9999997563060738504 ) ) ;
#584 = CARTESIAN_POINT ( 'NONE',  ( -20.36612146882986352, -92.14952254810020804, 37.86312646593863462 ) ) ;
#585 = LINE ( 'NONE', #2344, #1774 ) ;
#586 = VECTOR ( 'NONE', #2798, 1000.000000000000114 ) ;
#587 = EDGE_CURVE ( 'NONE', #3065, #2252, #1658, .T. ) ;
#588 = FACE_OUTER_BOUND ( 'NONE', #589, .T. ) ;
#589 = EDGE_LOOP ( 'NONE', ( #1218, #705, #1130, #1609 ) ) ;
#590 = DIRECTION ( 'NONE',  ( 7.209618598295286818E-16, 0.0006981316444339967812, 0.9999997563060737393 ) ) ;
#591 = CARTESIAN_POINT ( 'NONE',  ( -19.99967442650871519, -89.38577078346006033, 38.13434399878807568 ) ) ;
#592 = EDGE_CURVE ( 'NONE', #1436, #1426, #1979, .T. ) ;
#593 = FACE_OUTER_BOUND ( 'NONE', #3403, .T. ) ;
#594 = CARTESIAN_POINT ( 'NONE',  ( -21.39967442650869955, -89.40070553215669236, 16.74189577480000324 ) ) ;
#595 = CARTESIAN_POINT ( 'NONE',  ( -18.69008286388459439, -89.70543926121632694, 26.50481433697944311 ) ) ;
#596 = CARTESIAN_POINT ( 'NONE',  ( -19.99967442650869742, -90.79539879500840982, 24.34372426790649868 ) ) ;
#597 = ORIENTED_EDGE ( 'NONE', *, *, #2453, .F. ) ;
#598 = LINE ( 'NONE', #2675, #442 ) ;
#599 = DIRECTION ( 'NONE',  ( 0.6819982711663327146, 0.000000000000000000, 0.7313537845161759421 ) ) ;
#600 = FACE_OUTER_BOUND ( 'NONE', #3167, .T. ) ;
#601 = CARTESIAN_POINT ( 'NONE',  ( -24.99967442650860150, -94.50599980787670518, 20.88221229720599936 ) ) ;
#602 = DIRECTION ( 'NONE',  ( 7.209618598295286818E-16, 0.0006981316444339967812, 0.9999997563060737393 ) ) ;
#603 = VECTOR ( 'NONE', #602, 1000.000000000000114 ) ;
#604 = CIRCLE ( 'NONE', #976, 4.224999999999996980 ) ;
#605 = PLANE ( 'NONE',  #1319 ) ;
#606 = CARTESIAN_POINT ( 'NONE',  ( -17.74967442650870098, -92.64912981895669475, 14.94416316449260052 ) ) ;
#607 = ORIENTED_EDGE ( 'NONE', *, *, #1119, .F. ) ;
#608 = CARTESIAN_POINT ( 'NONE',  ( -23.08167278657118970, -90.78242759704049547, 42.92358862796371710 ) ) ;
#609 = CARTESIAN_POINT ( 'NONE',  ( 0.000000000000000000, 0.000000000000000000, 0.000000000000000000 ) ) ;
#610 = CARTESIAN_POINT ( 'NONE',  ( -21.20693947182789429, -91.49132751955107778, 42.89556285831120874 ) ) ;
#611 = CARTESIAN_POINT ( 'NONE',  ( -21.20981588523095951, -97.50882580895178364, 40.92315045517009509 ) ) ;
#612 = ADVANCED_FACE ( 'NONE', ( #3238 ), #1043, .F. ) ;
#613 = CARTESIAN_POINT ( 'NONE',  ( -19.14450246467445282, -89.63311132739407583, 34.17289380243617103 ) ) ;
#614 = AXIS2_PLACEMENT_3D ( 'NONE', #2019, #1197, #3179 ) ;
#615 = CARTESIAN_POINT ( 'NONE',  ( -18.60011675410100551, -90.82079325384469826, 40.00728903461636321 ) ) ;
#616 = ORIENTED_EDGE ( 'NONE', *, *, #155, .T. ) ;
#617 = VECTOR ( 'NONE', #2134, 1000.000000000000000 ) ;
#618 = DIRECTION ( 'NONE',  ( -7.209618598295286818E-16, -0.0006981316444339967812, -0.9999997563060737393 ) ) ;
#619 = EDGE_CURVE ( 'NONE', #3126, #692, #393, .T. ) ;
#620 = PLANE ( 'NONE',  #2587 ) ;
#621 = DIRECTION ( 'NONE',  ( 1.000000000000000000, 1.344560756466452746E-14, -7.203004052498854137E-16 ) ) ;
#622 = LINE ( 'NONE', #2982, #912 ) ;
#623 = LINE ( 'NONE', #2393, #2003 ) ;
#624 = CONICAL_SURFACE ( 'NONE', #2589, 5.725000000000000533, 0.7853981633970000820 ) ;
#625 = PRODUCT_DEFINITION_CONTEXT ( 'detailed design', #3354, 'design' ) ;
#626 = DIRECTION ( 'NONE',  ( 0.7313537016191686835, -0.0004761246366041584099, -0.6819981938636424657 ) ) ;
#627 = VECTOR ( 'NONE', #2946, 1000.000000000000114 ) ;
#628 = DIRECTION ( 'NONE',  ( -0.7313537016191685725, 0.0004761246366041584099, 0.6819981938636425767 ) ) ;
#629 = ORIENTED_EDGE ( 'NONE', *, *, #1181, .T. ) ;
#630 = DIRECTION ( 'NONE',  ( 1.000000000000000000, 1.286116265481140035E-14, -7.299408223452109304E-16 ) ) ;
#631 = B_SPLINE_CURVE_WITH_KNOTS ( 'NONE', 3,
 ( #2349, #334, #903, #2097, #3525, #1504, #1236, #2671, #655, #1217 ),
 .UNSPECIFIED., .F., .F.,
 ( 4, 2, 2, 2, 4 ),
 ( 0.000000000000000000, 0.2500000000000000000, 0.5000000000000000000, 0.7500000000000000000, 1.000000000000000000 ),
 .UNSPECIFIED. ) ;
#632 = FACE_OUTER_BOUND ( 'NONE', #2846, .T. ) ;
#633 = DIRECTION ( 'NONE',  ( 0.6819982711663336028, 0.000000000000000000, 0.7313537845161751649 ) ) ;
#634 = CARTESIAN_POINT ( 'NONE',  ( -31.74704027301471854, -91.21160107748242751, 58.26703791771303287 ) ) ;
#635 = CARTESIAN_POINT ( 'NONE',  ( -18.62355767941697238, -90.42907740133395578, 38.98970720326927619 ) ) ;
#636 = CARTESIAN_POINT ( 'NONE',  ( -18.79990515001507134, -91.51820695476298795, 38.62582443285383960 ) ) ;
#637 = ORIENTED_EDGE ( 'NONE', *, *, #921, .F. ) ;
#638 = EDGE_CURVE ( 'NONE', #2991, #3750, #3119, .T. ) ;
#639 = DIRECTION ( 'NONE',  ( -1.286166911541079770E-14, 0.9999997563060737393, -0.0006981316444339967812 ) ) ;
#640 = CARTESIAN_POINT ( 'NONE',  ( -18.74235182748092399, -91.48181598666549519, 37.55851830979036521 ) ) ;
#641 = CARTESIAN_POINT ( 'NONE',  ( -19.99967442650869742, -90.80646477705180075, 8.492875169577059680 ) ) ;
#642 = EDGE_CURVE ( 'NONE', #3109, #23, #660, .T. ) ;
#643 = DIRECTION ( 'NONE',  ( 0.000000000000000000, -0.9999997563060737393, 0.0006981316444339967812 ) ) ;
#644 = CARTESIAN_POINT ( 'NONE',  ( -18.69506116426762432, -89.67749387120946380, 35.17468926128277928 ) ) ;
#645 = CARTESIAN_POINT ( 'NONE',  ( -21.20693947182789429, -91.49132751955107778, 42.89556285831120874 ) ) ;
#646 = DIRECTION ( 'NONE',  ( 0.000000000000000000, -0.9999997563060738504, 0.0006981316444339783498 ) ) ;
#647 = VECTOR ( 'NONE', #1208, 1000.000000000000114 ) ;
#648 = EDGE_LOOP ( 'NONE', ( #751, #2683, #2530, #904 ) ) ;
#649 = CARTESIAN_POINT ( 'NONE',  ( -22.94895704869127329, -91.18969395093604646, 42.71739328387968015 ) ) ;
#650 = DIRECTION ( 'NONE',  ( 0.000000000000000000, -0.9999997563060737393, 0.0006981316444339967812 ) ) ;
#651 = CARTESIAN_POINT ( 'NONE',  ( -21.39967442558824828, -90.62662313843036088, 41.35499062596701236 ) ) ;
#652 = CARTESIAN_POINT ( 'NONE',  ( -27.23982263689260819, -91.87403429298893798, 54.78728609504097591 ) ) ;
#653 = VERTEX_POINT ( 'NONE', #985 ) ;
#654 = CARTESIAN_POINT ( 'NONE',  ( -18.59966170624382897, -90.78014836318952518, 39.86424482874181052 ) ) ;
#655 = CARTESIAN_POINT ( 'NONE',  ( -21.26533760336335632, -91.39194120078212791, 42.79645330822852145 ) ) ;
#656 = ORIENTED_EDGE ( 'NONE', *, *, #2568, .F. ) ;
#657 = DIRECTION ( 'NONE',  ( 5.984971799148289338E-16, 0.0006981316444339968896, 0.9999997563060738504 ) ) ;
#658 = CARTESIAN_POINT ( 'NONE',  ( -18.82936612670489041, -91.55591549647225236, 38.44089157440586035 ) ) ;
#659 = ADVANCED_FACE ( 'NONE', ( #2158 ), #948, .F. ) ;
#660 = LINE ( 'NONE', #2411, #1472 ) ;
#661 = CARTESIAN_POINT ( 'NONE',  ( -19.99967442650869742, -90.80056556465629569, 16.94287311036340071 ) ) ;
#662 = EDGE_CURVE ( 'NONE', #3449, #2795, #1773, .T. ) ;
#663 = FACE_OUTER_BOUND ( 'NONE', #2463, .T. ) ;
#664 = CARTESIAN_POINT ( 'NONE',  ( -19.99967442650869742, -90.80224108060291144, 14.54287369522879914 ) ) ;
#665 = CARTESIAN_POINT ( 'NONE',  ( -18.51004931147118526, -90.83008885340102267, 22.17946869500685025 ) ) ;
#666 = EDGE_CURVE ( 'NONE', #2252, #3065, #1127, .T. ) ;
#667 = ORIENTED_EDGE ( 'NONE', *, *, #737, .F. ) ;
#668 = CARTESIAN_POINT ( 'NONE',  ( -22.70410144119084705, -91.45466563987184827, 42.33715733155641203 ) ) ;
#669 = CIRCLE ( 'NONE', #1898, 7.225000000000002309 ) ;
#670 = CARTESIAN_POINT ( 'NONE',  ( -19.99967442650869742, -88.55196237625649758, 14.94130280155130031 ) ) ;
#671 = CARTESIAN_POINT ( 'NONE',  ( -27.25869490124904715, -89.65570278866445619, 54.82914065435166151 ) ) ;
#672 = ORIENTED_EDGE ( 'NONE', *, *, #2681, .F. ) ;
#673 = FACE_OUTER_BOUND ( 'NONE', #2738, .T. ) ;
#674 = DIRECTION ( 'NONE',  ( -0.6819982711663334918, 0.000000000000000000, -0.7313537845161753870 ) ) ;
#675 = ORIENTED_EDGE ( 'NONE', *, *, #1989, .T. ) ;
#676 = CARTESIAN_POINT ( 'NONE',  ( -13.77467442650869778, -90.80234161534754378, 14.39886830461484557 ) ) ;
#677 = CARTESIAN_POINT ( 'NONE',  ( -18.60201963282597859, -90.95538937639659594, 39.59128683714619967 ) ) ;
#678 = DIRECTION ( 'NONE',  ( -5.984971799148289338E-16, -0.0006981316444339968896, -0.9999997563060738504 ) ) ;
#679 = CIRCLE ( 'NONE', #2343, 4.224999999999996980 ) ;
#680 = DIRECTION ( 'NONE',  ( 0.000000000000000000, -0.9999997563060738504, 0.0006981316444339783498 ) ) ;
#681 = CARTESIAN_POINT ( 'NONE',  ( -29.99967442650879690, -80.80386562829750119, 12.21239025311199988 ) ) ;
#682 = CARTESIAN_POINT ( 'NONE',  ( -21.21823278548053082, -91.47178948289254663, 42.94026405665417911 ) ) ;
#683 = ADVANCED_FACE ( 'NONE', ( #2082 ), #620, .T. ) ;
#684 = AXIS2_PLACEMENT_3D ( 'NONE', #44, #1220, #599 ) ;
#685 = CARTESIAN_POINT ( 'NONE',  ( -18.54892371810623430, -90.80104452768544832, 22.03680103199610940 ) ) ;
#686 = ORIENTED_EDGE ( 'NONE', *, *, #619, .F. ) ;
#687 = CARTESIAN_POINT ( 'NONE',  ( -23.00191786788554182, -91.10116916306330381, 42.79923835392322928 ) ) ;
#688 = AXIS2_PLACEMENT_3D ( 'NONE', #2063, #2430, #680 ) ;
#689 = EDGE_CURVE ( 'NONE', #1429, #3209, #1747, .T. ) ;
#690 = CARTESIAN_POINT ( 'NONE',  ( -21.35296183756114630, -91.15814523133869329, 43.47103623177478227 ) ) ;
#691 = CARTESIAN_POINT ( 'NONE',  ( -26.80175544728941261, -90.07472786507173623, 53.77854413526795696 ) ) ;
#692 = VERTEX_POINT ( 'NONE', #1717 ) ;
#693 = CARTESIAN_POINT ( 'NONE',  ( -19.99967442650869742, -90.80611571122959447, 8.992875047730100491 ) ) ;
#694 = B_SPLINE_CURVE_WITH_KNOTS ( 'NONE', 3,
 ( #2550, #1875, #416, #1897, #1585, #3636, #722, #2781, #1014, #3341, #3654, #2205, #3086, #458, #1630, #2802, #262, #2602, #1438, #802, #3763, #2639, #2584, #1097, #1996, #3445, #1975, #281, #3156, #1169, #2324, #858, #569, #1740, #2906, #1456, #2620, #2341 ),
 .UNSPECIFIED., .F., .F.,
 ( 4, 1, 1, 2, 2, 1, 2, 2, 1, 1, 1, 2, 2, 1, 1, 2, 2, 1, 2, 2, 1, 2, 2, 4 ),
 ( 0.000000000000000000, 0.06250000000001444678, 0.09375000000002195466, 0.1093750000000354300, 0.1250000000000489053, 0.1875000000000430211, 0.2187500000000468792, 0.2500000000000506817, 0.3750000000000664468, 0.4375000000000550116, 0.4687500000000469624, 0.4843750000000335287, 0.5000000000000200950, 0.5624999999999714673, 0.5937499999999529265, 0.6093749999999529265, 0.6249999999999528155, 0.6874999999999620304, 0.7187499999999616973, 0.7499999999999613642, 0.8124999999999398259, 0.8437499999999406031, 0.8749999999999413802, 1.000000000000000000 ),
 .UNSPECIFIED. ) ;
#695 = DIRECTION ( 'NONE',  ( 1.286166911541079770E-14, -0.9999997563060737393, 0.0006981316444340247536 ) ) ;
#696 = ORIENTED_EDGE ( 'NONE', *, *, #3345, .F. ) ;
#697 = VECTOR ( 'NONE', #1191, 1000.000000000000114 ) ;
#698 = CARTESIAN_POINT ( 'NONE',  ( -14.27467442650869778, -90.80702328236722565, 7.692875364532197224 ) ) ;
#699 = CARTESIAN_POINT ( 'NONE',  ( -18.73831007878859367, -91.94206799553042231, 26.87903391859736146 ) ) ;
#700 = CARTESIAN_POINT ( 'NONE',  ( -24.99967442650870453, -87.09366524498270223, 15.10353341176350028 ) ) ;
#701 = ORIENTED_EDGE ( 'NONE', *, *, #1635, .T. ) ;
#702 = DIRECTION ( 'NONE',  ( 0.6819982711663323816, 0.000000000000000000, 0.7313537845161763862 ) ) ;
#703 = LINE ( 'NONE', #2126, #1158 ) ;
#704 = CARTESIAN_POINT ( 'NONE',  ( -19.99967442650869742, -90.79320027580749297, 27.49287053939249859 ) ) ;
#705 = ORIENTED_EDGE ( 'NONE', *, *, #2962, .T. ) ;
#706 = CARTESIAN_POINT ( 'NONE',  ( -22.70819911854105300, -91.45130144233067426, 42.34348072112392458 ) ) ;
#707 = ADVANCED_FACE ( 'NONE', ( #1182 ), #1166, .T. ) ;
#708 = VECTOR ( 'NONE', #2509, 1000.000000000000114 ) ;
#709 = CARTESIAN_POINT ( 'NONE',  ( -26.71117458257634780, -91.21007240883518818, 60.45669410495005280 ) ) ;
#710 = ORIENTED_EDGE ( 'NONE', *, *, #1328, .T. ) ;
#711 = LINE ( 'NONE', #1001, #806 ) ;
#712 = EDGE_CURVE ( 'NONE', #2767, #1338, #1058, .T. ) ;
#713 = EDGE_LOOP ( 'NONE', ( #1485, #199, #1288, #3089, #2654 ) ) ;
#714 = CARTESIAN_POINT ( 'NONE',  ( -17.74967442650859795, -94.49657706262600243, 14.54545282871159984 ) ) ;
#715 = CARTESIAN_POINT ( 'NONE',  ( -18.38914461977090653, -91.22181242992461137, 38.18729909061299566 ) ) ;
#716 = EDGE_CURVE ( 'NONE', #2790, #2417, #1147, .T. ) ;
#717 = LINE ( 'NONE', #3060, #697 ) ;
#718 = CARTESIAN_POINT ( 'NONE',  ( -18.63827256800248477, -90.37573118776734304, 22.98598115867197933 ) ) ;
#719 = FACE_OUTER_BOUND ( 'NONE', #2690, .T. ) ;
#720 = LINE ( 'NONE', #1012, #586 ) ;
#721 = ORIENTED_EDGE ( 'NONE', *, *, #2170, .T. ) ;
#722 = CARTESIAN_POINT ( 'NONE',  ( -22.70962412938659369, -90.11553481436932600, 42.34474803717185409 ) ) ;
#723 = VECTOR ( 'NONE', #2065, 1000.000000000000114 ) ;
#724 = CARTESIAN_POINT ( 'NONE',  ( -21.71716221072685826, -89.96550477959240766, 37.82264603327288910 ) ) ;
#725 = CARTESIAN_POINT ( 'NONE',  ( -21.29145939811643373, -90.24157628155226973, 43.22856173732250795 ) ) ;
#726 = SHAPE_DEFINITION_REPRESENTATION ( #827, #2835 ) ;
#727 = CARTESIAN_POINT ( 'NONE',  ( -27.31337881470433615, -89.98711132248229205, 54.95513644265377451 ) ) ;
#728 = ORIENTED_EDGE ( 'NONE', *, *, #2095, .F. ) ;
#729 = DIRECTION ( 'NONE',  ( 7.209618598295289776E-16, 0.0006981316444339967812, 0.9999997563060737393 ) ) ;
#730 = CARTESIAN_POINT ( 'NONE',  ( -18.54937243359805876, -90.79335820459553474, 22.03529878191863389 ) ) ;
#731 = VECTOR ( 'NONE', #105, 1000.000000000000114 ) ;
#732 = ORIENTED_EDGE ( 'NONE', *, *, #1660, .T. ) ;
#733 = CARTESIAN_POINT ( 'NONE',  ( -26.89775549042755642, -84.05251931741494786, 49.95183777644582790 ) ) ;
#734 = EDGE_CURVE ( 'NONE', #3710, #3615, #598, .T. ) ;
#735 = DIRECTION ( 'NONE',  ( 0.000000000000000000, -0.9999997563060737393, 0.0006981316444339967812 ) ) ;
#736 = VERTEX_POINT ( 'NONE', #2599 ) ;
#737 = EDGE_CURVE ( 'NONE', #2871, #2843, #2771, .T. ) ;
#738 = ORIENTED_EDGE ( 'NONE', *, *, #3172, .F. ) ;
#739 = CARTESIAN_POINT ( 'NONE',  ( -18.39915529970369334, -90.54847380131332102, 22.93161029564315001 ) ) ;
#740 = DIRECTION ( 'NONE',  ( -0.7313537016191684614, 0.0004761246366041583557, 0.6819981938636427987 ) ) ;
#741 = CARTESIAN_POINT ( 'NONE',  ( -21.36714194096925468, -91.08220905557253388, 43.52843103167723626 ) ) ;
#742 = CIRCLE ( 'NONE', #3364, 2.349999999999978773 ) ;
#743 = ORIENTED_EDGE ( 'NONE', *, *, #1838, .T. ) ;
#744 = DIRECTION ( 'NONE',  ( -7.209618598295289776E-16, -0.0006981316444339968896, -0.9999997563060738504 ) ) ;
#745 = CARTESIAN_POINT ( 'NONE',  ( -21.21635964926003481, -90.08958469315227546, 42.93172414336915921 ) ) ;
#746 = CARTESIAN_POINT ( 'NONE',  ( -25.53096651392479899, -86.51300377929754859, 50.85344241263969423 ) ) ;
#747 = ORIENTED_EDGE ( 'NONE', *, *, #2192, .F. ) ;
#748 = CARTESIAN_POINT ( 'NONE',  ( -20.10868869699872974, -92.18547004534401879, 38.56609693270359429 ) ) ;
#749 = AXIS2_PLACEMENT_3D ( 'NONE', #2001, #2593, #3752 ) ;
#750 = FACE_OUTER_BOUND ( 'NONE', #388, .T. ) ;
#751 = ORIENTED_EDGE ( 'NONE', *, *, #1139, .F. ) ;
#752 = LINE ( 'NONE', #3110, #3183 ) ;
#753 = CARTESIAN_POINT ( 'NONE',  ( -19.99967442650869742, -90.80210145427409429, 14.74287364648999876 ) ) ;
#754 = VECTOR ( 'NONE', #1515, 1000.000000000000227 ) ;
#755 = VECTOR ( 'NONE', #2309, 1000.000000000000000 ) ;
#756 = ORIENTED_EDGE ( 'NONE', *, *, #917, .F. ) ;
#757 = EDGE_CURVE ( 'NONE', #174, #406, #873, .T. ) ;
#758 = CARTESIAN_POINT ( 'NONE',  ( -26.72467442650878411, -91.59386770701975422, 35.21177160729624944 ) ) ;
#759 = CARTESIAN_POINT ( 'NONE',  ( -18.38771349346556150, -90.38290980143939635, 23.46797915969498050 ) ) ;
#760 = CARTESIAN_POINT ( 'NONE',  ( -19.99967442650869742, -90.80224108060291144, 14.54287369522879914 ) ) ;
#761 = CARTESIAN_POINT ( 'NONE',  ( -21.34140931370797389, -91.18177976380320615, 43.42623219586179317 ) ) ;
#762 = ADVANCED_FACE ( 'NONE', ( #3777 ), #2338, .T. ) ;
#763 = ORIENTED_EDGE ( 'NONE', *, *, #2776, .T. ) ;
#764 = DIRECTION ( 'NONE',  ( 1.000000000000000000, 1.344560756466452746E-14, -9.604005403331806173E-16 ) ) ;
#765 = DIRECTION ( 'NONE',  ( -5.984971799148289338E-16, -0.0006981316444339968896, -0.9999997563060738504 ) ) ;
#766 = CARTESIAN_POINT ( 'NONE',  ( -19.99967442650867611, -92.82316339803972483, 56.19429471524778563 ) ) ;
#767 = CARTESIAN_POINT ( 'NONE',  ( -31.77066950669634693, -90.66165026704281615, 58.30714731363511305 ) ) ;
#768 = VERTEX_POINT ( 'NONE', #2045 ) ;
#769 = CARTESIAN_POINT ( 'NONE',  ( -19.99967442650869742, -90.80646477705180075, 8.492875169577059680 ) ) ;
#770 = CARTESIAN_POINT ( 'NONE',  ( -14.99967442650869920, -87.09366524498260276, 15.10353341176350028 ) ) ;
#771 = VERTEX_POINT ( 'NONE', #3492 ) ;
#772 = CARTESIAN_POINT ( 'NONE',  ( -17.94967442650870026, -90.80084481731401524, 16.54287320784099791 ) ) ;
#773 = CARTESIAN_POINT ( 'NONE',  ( -18.60024635361805068, -90.87062832047686811, 21.72591916180713056 ) ) ;
#774 = AXIS2_PLACEMENT_3D ( 'NONE', #714, #1219, #352 ) ;
#775 = ORIENTED_EDGE ( 'NONE', *, *, #553, .F. ) ;
#776 = CARTESIAN_POINT ( 'NONE',  ( -26.72467442650879832, -89.90842230168773597, 33.90615750147470919 ) ) ;
#777 = ADVANCED_FACE ( 'NONE', ( #3202 ), #2885, .F. ) ;
#778 = CARTESIAN_POINT ( 'NONE',  ( -21.39967442650865337, -91.60659979018066679, 37.09234447595935791 ) ) ;
#779 = CARTESIAN_POINT ( 'NONE',  ( -17.94967442650870026, -88.55224162891430240, 14.54130289902879980 ) ) ;
#780 = EDGE_CURVE ( 'NONE', #221, #3668, #2369, .T. ) ;
#781 = ORIENTED_EDGE ( 'NONE', *, *, #2588, .F. ) ;
#782 = CARTESIAN_POINT ( 'NONE',  ( -19.99967442650869742, -90.80681384287399283, 7.992875291424028639 ) ) ;
#783 = CARTESIAN_POINT ( 'NONE',  ( -21.26242899102408401, -90.17774121610601412, 43.11500271281983032 ) ) ;
#784 = EDGE_CURVE ( 'NONE', #2255, #1587, #296, .T. ) ;
#785 = AXIS2_PLACEMENT_3D ( 'NONE', #2604, #3765, #2326 ) ;
#786 = AXIS2_PLACEMENT_3D ( 'NONE', #782, #496, #2943 ) ;
#787 = CARTESIAN_POINT ( 'NONE',  ( -26.87102583091158792, -91.68635876939565321, 53.93898028041215298 ) ) ;
#788 = ORIENTED_EDGE ( 'NONE', *, *, #2662, .F. ) ;
#789 = PLANE ( 'NONE',  #1341 ) ;
#790 = PLANE ( 'NONE',  #749 ) ;
#791 = ORIENTED_EDGE ( 'NONE', *, *, #642, .F. ) ;
#792 = CARTESIAN_POINT ( 'NONE',  ( -34.32572911160729490, -90.77644391865730711, 51.49458024620689400 ) ) ;
#793 = CARTESIAN_POINT ( 'NONE',  ( -18.62813816366609743, -91.08129811442184121, 21.93492316468770653 ) ) ;
#794 = FACE_OUTER_BOUND ( 'NONE', #3014, .T. ) ;
#795 = ORIENTED_EDGE ( 'NONE', *, *, #716, .T. ) ;
#796 = CONICAL_SURFACE ( 'NONE', #1102, 1.700000000000029488, 0.7853981633974640442 ) ;
#797 = CIRCLE ( 'NONE', #304, 2.049999999999994937 ) ;
#798 = CARTESIAN_POINT ( 'NONE',  ( -32.20076560938375820, -90.77720571807587646, 51.42727843434769142 ) ) ;
#799 = CARTESIAN_POINT ( 'NONE',  ( -18.58157047148415586, -89.83448735917684758, 36.06465217461315831 ) ) ;
#800 = CYLINDRICAL_SURFACE ( 'NONE', #1586, 4.224999999999996980 ) ;
#801 = ORIENTED_EDGE ( 'NONE', *, *, #2166, .T. ) ;
#802 = CARTESIAN_POINT ( 'NONE',  ( -22.90522618383854692, -90.31543167141286688, 42.64913040546095857 ) ) ;
#803 = CARTESIAN_POINT ( 'NONE',  ( -19.99967442650869742, -90.80196182794520610, 14.94287359775120194 ) ) ;
#804 = CIRCLE ( 'NONE', #3436, 4.224999999999999645 ) ;
#805 = CARTESIAN_POINT ( 'NONE',  ( -22.65738077639118586, -90.07400779455251438, 42.26390340025199777 ) ) ;
#806 = VECTOR ( 'NONE', #1826, 1000.000000000000114 ) ;
#807 = EDGE_CURVE ( 'NONE', #3432, #1417, #3443, .T. ) ;
#808 = CARTESIAN_POINT ( 'NONE',  ( -18.38262685751242032, -91.13162149956809799, 38.48444170116092522 ) ) ;
#809 = CARTESIAN_POINT ( 'NONE',  ( -29.35888237573875870, -86.67239287168652595, 54.17129122097561833 ) ) ;
#810 = ORIENTED_EDGE ( 'NONE', *, *, #835, .F. ) ;
#811 = DIRECTION ( 'NONE',  ( -1.000000000000000000, -1.286116265481140035E-14, 7.299408223452109304E-16 ) ) ;
#812 = DIRECTION ( 'NONE',  ( 0.000000000000000000, -0.9999997563060738504, 0.0006981316444353877042 ) ) ;
#813 = VERTEX_POINT ( 'NONE', #1202 ) ;
#814 = ADVANCED_FACE ( 'NONE', ( #2939 ), #2757, .T. ) ;
#815 = CARTESIAN_POINT ( 'NONE',  ( -18.41128463810457205, -90.58344660188568298, 38.95054532297015726 ) ) ;
#816 = FACE_OUTER_BOUND ( 'NONE', #1865, .T. ) ;
#817 = CIRCLE ( 'NONE', #3248, 7.224999999999998757 ) ;
#818 = DIRECTION ( 'NONE',  ( 0.000000000000000000, -0.9999997563060738504, 0.0006981316444353877042 ) ) ;
#819 = ORIENTED_EDGE ( 'NONE', *, *, #689, .F. ) ;
#820 = CIRCLE ( 'NONE', #3019, 4.224999999999996980 ) ;
#821 = CARTESIAN_POINT ( 'NONE',  ( -26.70948440220459474, -87.40017470095348529, 36.35524835100250129 ) ) ;
#822 = ORIENTED_EDGE ( 'NONE', *, *, #2746, .F. ) ;
#823 = CARTESIAN_POINT ( 'NONE',  ( -18.60253912442981417, -90.68645875584506655, 39.98866896191267273 ) ) ;
#824 = AXIS2_PLACEMENT_3D ( 'NONE', #3208, #3430, #3465 ) ;
#825 = CARTESIAN_POINT ( 'NONE',  ( -21.05546670344699578, -89.66637108203825335, 37.94268082052828817 ) ) ;
#826 = DIRECTION ( 'NONE',  ( -0.7071067811862300490, 0.0004936536199313218106, 0.7071066088692372631 ) ) ;
#827 = PRODUCT_DEFINITION_SHAPE ( 'NONE', 'NONE',  #953 ) ;
#828 = CARTESIAN_POINT ( 'NONE',  ( -18.52784134444539532, -90.80310556669809330, 39.62181667281331698 ) ) ;
#829 = ORIENTED_EDGE ( 'NONE', *, *, #1305, .F. ) ;
#830 = LINE ( 'NONE', #3450, #2137 ) ;
#831 = CARTESIAN_POINT ( 'NONE',  ( -21.39967442650869955, -92.20056522348480144, 16.94385049466560034 ) ) ;
#832 = EDGE_LOOP ( 'NONE', ( #2179, #509, #3742, #1954, #1040, #2109, #60, #1303 ) ) ;
#833 = CARTESIAN_POINT ( 'NONE',  ( -19.99967442650867611, -88.72407196832260468, 54.89143269230777378 ) ) ;
#834 = CARTESIAN_POINT ( 'NONE',  ( -26.22467442650808778, -89.45525495373445324, 14.39792786055977736 ) ) ;
#835 = EDGE_CURVE ( 'NONE', #406, #248, #3619, .T. ) ;
#836 = FACE_OUTER_BOUND ( 'NONE', #2564, .T. ) ;
#837 = ORIENTED_EDGE ( 'NONE', *, *, #454, .T. ) ;
#838 = CYLINDRICAL_SURFACE ( 'NONE', #1860, 4.224999999999999645 ) ;
#839 = AXIS2_PLACEMENT_3D ( 'NONE', #664, #1245, #1223 ) ;
#840 = EDGE_CURVE ( 'NONE', #169, #2822, #3719, .T. ) ;
#841 = ORIENTED_EDGE ( 'NONE', *, *, #1557, .T. ) ;
#842 = FACE_OUTER_BOUND ( 'NONE', #2986, .T. ) ;
#843 = CARTESIAN_POINT ( 'NONE',  ( -21.39967442650868179, -90.60323945585915340, 37.09164399818743618 ) ) ;
#844 = DIRECTION ( 'NONE',  ( 0.000000000000000000, -0.9999997563060738504, 0.0006981316444338436919 ) ) ;
#845 = CARTESIAN_POINT ( 'NONE',  ( -13.27467442650825546, -90.80646477705171549, 8.492875169577056127 ) ) ;
#846 = ORIENTED_EDGE ( 'NONE', *, *, #1660, .F. ) ;
#847 = DIRECTION ( 'NONE',  ( 7.209618598295287804E-16, 0.0006981316444339968896, 0.9999997563060738504 ) ) ;
#848 = CARTESIAN_POINT ( 'NONE',  ( -19.99967442650867611, -86.54795548772578684, 56.48991386607085019 ) ) ;
#849 = ORIENTED_EDGE ( 'NONE', *, *, #78, .T. ) ;
#850 = DIRECTION ( 'NONE',  ( 5.984971799148288352E-16, 0.0006981316444339967812, 0.9999997563060737393 ) ) ;
#851 = FACE_OUTER_BOUND ( 'NONE', #1227, .T. ) ;
#852 = ORIENTED_EDGE ( 'NONE', *, *, #1984, .T. ) ;
#853 = ADVANCED_FACE ( 'NONE', ( #816 ), #3015, .T. ) ;
#854 = DIRECTION ( 'NONE',  ( -1.000000000000000000, -1.212033869678118431E-14, 6.060169348390591561E-16 ) ) ;
#855 = ORIENTED_EDGE ( 'NONE', *, *, #27, .F. ) ;
#856 = CARTESIAN_POINT ( 'NONE',  ( -18.79219217560892119, -90.06492412441104989, 38.67438572685225040 ) ) ;
#857 = ADVANCED_FACE ( 'NONE', ( #1698, #2866 ), #2792, .T. ) ;
#858 = CARTESIAN_POINT ( 'NONE',  ( -23.04246317239785213, -90.55486031992185758, 42.86182030816186028 ) ) ;
#859 = CARTESIAN_POINT ( 'NONE',  ( -21.50084087707886127, -91.49102728337740587, 37.86302106460816930 ) ) ;
#860 = CARTESIAN_POINT ( 'NONE',  ( -19.99967442650871163, -90.80716430495947122, 7.490875413758375956 ) ) ;
#861 = CARTESIAN_POINT ( 'NONE',  ( -19.99967442650867966, -89.07407188302968848, 54.89167703838332102 ) ) ;
#862 = CARTESIAN_POINT ( 'NONE',  ( -24.59067983563254600, -85.63813264635624023, 48.69031980092850631 ) ) ;
#863 = ORIENTED_EDGE ( 'NONE', *, *, #1577, .F. ) ;
#864 = FACE_OUTER_BOUND ( 'NONE', #3134, .T. ) ;
#865 = CARTESIAN_POINT ( 'NONE',  ( -21.60730195435494849, -90.49012845856670140, 41.83240607567646663 ) ) ;
#866 = EDGE_LOOP ( 'NONE', ( #2152, #1738, #2492, #3408, #112, #2098 ) ) ;
#867 = CIRCLE ( 'NONE', #187, 1.700000000000015499 ) ;
#868 = CARTESIAN_POINT ( 'NONE',  ( -13.77467442650869955, -90.80386319135801898, 12.21937156955629611 ) ) ;
#869 = DIRECTION ( 'NONE',  ( -0.7313537016191685725, 0.0004761246366041584641, 0.6819981938636425767 ) ) ;
#870 = CARTESIAN_POINT ( 'NONE',  ( -19.31335664738914915, -89.53240475039041257, 31.31179472998411839 ) ) ;
#871 = CARTESIAN_POINT ( 'NONE',  ( -21.35296183693697358, -90.40594595332964900, 43.47051109507475530 ) ) ;
#872 = ORIENTED_EDGE ( 'NONE', *, *, #3705, .F. ) ;
#873 = LINE ( 'NONE', #563, #2225 ) ;
#874 = ORIENTED_EDGE ( 'NONE', *, *, #2981, .T. ) ;
#875 = EDGE_CURVE ( 'NONE', #2600, #1167, #996, .T. ) ;
#876 = CARTESIAN_POINT ( 'NONE',  ( -18.61039742887200887, -90.60702443877002565, 39.92926108014415831 ) ) ;
#877 = VECTOR ( 'NONE', #523, 1000.000000000000114 ) ;
#878 = ADVANCED_FACE ( 'NONE', ( #162 ), #3683, .F. ) ;
#879 = CARTESIAN_POINT ( 'NONE',  ( -20.20390012906900168, -92.18583209510114784, 38.04749892627901886 ) ) ;
#880 = CARTESIAN_POINT ( 'NONE',  ( -19.99967442650867255, -90.76806753660790150, 63.49286176641109591 ) ) ;
#881 = AXIS2_PLACEMENT_3D ( 'NONE', #977, #74, #2419 ) ;
#882 = CARTESIAN_POINT ( 'NONE',  ( -18.46072317107606864, -90.87763783683105601, 39.31909113692868374 ) ) ;
#883 = EDGE_LOOP ( 'NONE', ( #2322, #120, #3732, #1809, #3767, #1121, #1992, #2441, #1881, #3700, #1322, #2002, #801, #1968 ) ) ;
#884 = CARTESIAN_POINT ( 'NONE',  ( -21.39967442650869600, -90.79250214416312303, 28.49287029569850205 ) ) ;
#885 = CARTESIAN_POINT ( 'NONE',  ( -20.23966142856180284, -89.38551048528198351, 38.50719361350997616 ) ) ;
#886 = B_SPLINE_CURVE_WITH_KNOTS ( 'NONE', 3,
 ( #1170, #644, #28, #2144, #3297, #3317, #1263, #3610, #2163, #990 ),
 .UNSPECIFIED., .F., .F.,
 ( 4, 2, 2, 2, 4 ),
 ( 0.02233123738857010349, 0.02498520491632288260, 0.02763917244407565824, 0.03029313997182843388, 0.03294710749958121299 ),
 .UNSPECIFIED. ) ;
#887 = CARTESIAN_POINT ( 'NONE',  ( -19.99967442650869742, -90.79354934162969926, 26.99287066123939738 ) ) ;
#888 = CARTESIAN_POINT ( 'NONE',  ( -18.60037566689340949, -90.82960168261269018, 40.00532060625699415 ) ) ;
#889 = VERTEX_POINT ( 'NONE', #1466 ) ;
#890 = CARTESIAN_POINT ( 'NONE',  ( -19.99967442650869742, -89.38577078346004612, 38.13434399878806147 ) ) ;
#891 = CARTESIAN_POINT ( 'NONE',  ( -19.03476903492533978, -89.76276993335217469, 24.59169677941273591 ) ) ;
#892 = FACE_OUTER_BOUND ( 'NONE', #3761, .T. ) ;
#893 = CARTESIAN_POINT ( 'NONE',  ( -20.40881125681323738, -92.13986711940452778, 37.95836892083388392 ) ) ;
#894 = EDGE_CURVE ( 'NONE', #3353, #2438, #1184, .T. ) ;
#895 = DIRECTION ( 'NONE',  ( -1.286116265481140035E-14, 1.000000000000000000, 0.000000000000000000 ) ) ;
#896 = ORIENTED_EDGE ( 'NONE', *, *, #2595, .F. ) ;
#897 = CARTESIAN_POINT ( 'NONE',  ( -18.58722624962414471, -89.83802792472192777, 25.70754034146612099 ) ) ;
#898 = CARTESIAN_POINT ( 'NONE',  ( -21.68015275319031687, -90.72185360108693430, 42.00011325798212170 ) ) ;
#899 = EDGE_CURVE ( 'NONE', #1167, #460, #3756, .T. ) ;
#900 = CARTESIAN_POINT ( 'NONE',  ( -19.99967442650869742, -90.80070519098521231, 16.74287315910220286 ) ) ;
#901 = CARTESIAN_POINT ( 'NONE',  ( -19.99967442650861926, -97.51076880344699305, 38.14001631839908413 ) ) ;
#902 = CARTESIAN_POINT ( 'NONE',  ( -19.30400240488105013, -89.53694597373306863, 31.72250352804304541 ) ) ;
#903 = CARTESIAN_POINT ( 'NONE',  ( -22.41220583726848758, -91.31079788407156173, 42.23734745129321055 ) ) ;
#904 = ORIENTED_EDGE ( 'NONE', *, *, #2353, .F. ) ;
#905 = CARTESIAN_POINT ( 'NONE',  ( -18.54946424961462981, -90.78820993941776862, 39.69714753865004297 ) ) ;
#906 = VECTOR ( 'NONE', #1100, 1000.000000000000114 ) ;
#907 = CARTESIAN_POINT ( 'NONE',  ( -19.99967442650869742, -90.80070519098521231, 16.74287315910220286 ) ) ;
#908 = MANIFOLD_SOLID_BREP ( 'Body1[1]', #480 ) ;
#909 = FACE_OUTER_BOUND ( 'NONE', #3601, .T. ) ;
#910 = DIRECTION ( 'NONE',  ( 7.209618598295288790E-16, 0.0006981316444339968896, 0.9999997563060738504 ) ) ;
#911 = CARTESIAN_POINT ( 'NONE',  ( -21.29827583184289708, -91.30555202489310318, 43.25585415770748909 ) ) ;
#912 = VECTOR ( 'NONE', #1798, 1000.000000000000114 ) ;
#913 = CARTESIAN_POINT ( 'NONE',  ( -21.39967442650869955, -89.40056590582780416, 16.94189572606119754 ) ) ;
#914 = CARTESIAN_POINT ( 'NONE',  ( -18.50096276467844092, -90.83894081437986756, 22.21754956918315926 ) ) ;
#915 = ORIENTED_EDGE ( 'NONE', *, *, #2123, .F. ) ;
#916 = CARTESIAN_POINT ( 'NONE',  ( -22.90525196497820559, -91.24977151278574183, 42.64982370707379999 ) ) ;
#917 = EDGE_CURVE ( 'NONE', #240, #813, #3472, .T. ) ;
#918 =( NAMED_UNIT ( * ) PLANE_ANGLE_UNIT ( ) SI_UNIT ( $, .RADIAN. ) );
#919 = CARTESIAN_POINT ( 'NONE',  ( -19.99967442650867611, -90.77295445811896002, 56.49286347226858140 ) ) ;
#920 = CARTESIAN_POINT ( 'NONE',  ( -27.77826285671328677, -95.84298932685206296, 51.46899143402558963 ) ) ;
#921 = EDGE_CURVE ( 'NONE', #547, #3126, #3739, .T. ) ;
#922 = CONICAL_SURFACE ( 'NONE', #2523, 5.725000000000000533, 0.7853981633970000820 ) ;
#923 = CARTESIAN_POINT ( 'NONE',  ( -19.45925175382145866, -92.08168709520859352, 33.98776593881166974 ) ) ;
#924 = VERTEX_POINT ( 'NONE', #2612 ) ;
#925 = AXIS2_PLACEMENT_3D ( 'NONE', #2796, #3690, #702 ) ;
#926 = DIRECTION ( 'NONE',  ( 7.209618598295287804E-16, 0.0006981316444339968896, 0.9999997563060738504 ) ) ;
#927 = CARTESIAN_POINT ( 'NONE',  ( -18.53093905795757124, -90.80025530926005217, 39.63440954620304524 ) ) ;
#928 = CARTESIAN_POINT ( 'NONE',  ( -21.39967442650869955, -89.30306801640030301, 16.94182765968270132 ) ) ;
#929 = CARTESIAN_POINT ( 'NONE',  ( -19.99967442650869742, -90.80716290869619911, 7.492875413270989604 ) ) ;
#930 = CARTESIAN_POINT ( 'NONE',  ( -19.99967442650876137, -84.06077208113012489, 38.13062644778145227 ) ) ;
#931 = CARTESIAN_POINT ( 'NONE',  ( -21.24280687492274922, -91.42637991646128626, 43.03823660294284537 ) ) ;
#932 = VECTOR ( 'NONE', #445, 1000.000000000000000 ) ;
#933 = AXIS2_PLACEMENT_3D ( 'NONE', #2142, #968, #1221 ) ;
#934 = DIRECTION ( 'NONE',  ( -1.000000000000000000, -1.286116265481140035E-14, 7.299408223452109304E-16 ) ) ;
#935 = ORIENTED_EDGE ( 'NONE', *, *, #3516, .F. ) ;
#936 = CARTESIAN_POINT ( 'NONE',  ( -19.99967442650869742, -90.80224108060291144, 14.54287369522879914 ) ) ;
#937 = CARTESIAN_POINT ( 'NONE',  ( -20.88636401131427078, -89.69263361008481183, 41.63041010987100776 ) ) ;
#938 = DIRECTION ( 'NONE',  ( 1.000000000000000000, 1.286116265481140035E-14, -7.299408223452109304E-16 ) ) ;
#939 = CARTESIAN_POINT ( 'NONE',  ( -24.59067983562509596, -95.91866566721614618, 48.69749696810298190 ) ) ;
#940 = ORIENTED_EDGE ( 'NONE', *, *, #1328, .F. ) ;
#941 = DIRECTION ( 'NONE',  ( 0.5000000000001888489, -0.0006045997392592334079, -0.8660251927391988680 ) ) ;
#942 = VECTOR ( 'NONE', #1155, 1000.000000000000114 ) ;
#943 = FACE_OUTER_BOUND ( 'NONE', #2578, .T. ) ;
#944 = ORIENTED_EDGE ( 'NONE', *, *, #1888, .F. ) ;
#945 = DIRECTION ( 'NONE',  ( -7.209618598295288790E-16, -0.0006981316444339968896, -0.9999997563060738504 ) ) ;
#946 = EDGE_CURVE ( 'NONE', #1418, #169, #560, .T. ) ;
#947 = CARTESIAN_POINT ( 'NONE',  ( -19.13022107385434367, -91.88714813205214682, 36.51699302931750424 ) ) ;
#948 = CYLINDRICAL_SURFACE ( 'NONE', #684, 1.399999999999993028 ) ;
#949 = EDGE_CURVE ( 'NONE', #2328, #2904, #3685, .T. ) ;
#950 = CYLINDRICAL_SURFACE ( 'NONE', #688, 6.725000000000196820 ) ;
#951 = DIRECTION ( 'NONE',  ( -7.209618598295288790E-16, -0.0006981316444339968896, -0.9999997563060738504 ) ) ;
#952 = CARTESIAN_POINT ( 'NONE',  ( -19.99967442650869742, -90.80702328236729670, 7.692875364532200777 ) ) ;
#953 = PRODUCT_DEFINITION ( 'UNKNOWN', '', #220, #625 ) ;
#954 = CARTESIAN_POINT ( 'NONE',  ( -18.52994952767372894, -90.81410883487176022, 22.10325357036150606 ) ) ;
#955 = CIRCLE ( 'NONE', #3333, 28.89544277522074367 ) ;
#956 = EDGE_LOOP ( 'NONE', ( #2331, #1902 ) ) ;
#957 = CARTESIAN_POINT ( 'NONE',  ( -22.73731479386699306, -91.42681835583695715, 42.38844076272015116 ) ) ;
#958 = FACE_OUTER_BOUND ( 'NONE', #1499, .T. ) ;
#959 = CARTESIAN_POINT ( 'NONE',  ( -25.34677320870716599, -94.87553567181502956, 55.92153323658378383 ) ) ;
#960 = FACE_OUTER_BOUND ( 'NONE', #2294, .T. ) ;
#961 = FACE_OUTER_BOUND ( 'NONE', #3643, .T. ) ;
#962 = VERTEX_POINT ( 'NONE', #594 ) ;
#963 = DIRECTION ( 'NONE',  ( 1.000000000000000000, 1.286116265481140035E-14, -7.299408223452109304E-16 ) ) ;
#964 = CARTESIAN_POINT ( 'NONE',  ( -19.60711952221704735, -92.13528912382170688, 29.99939296371023190 ) ) ;
#965 = DIRECTION ( 'NONE',  ( -5.984971799148289338E-16, -0.0006981316444339968896, -0.9999997563060738504 ) ) ;
#966 = EDGE_CURVE ( 'NONE', #1436, #1446, #3339, .T. ) ;
#967 = VECTOR ( 'NONE', #1387, 1000.000000000000000 ) ;
#968 = DIRECTION ( 'NONE',  ( 7.209618598295287804E-16, 0.0006981316444339968896, 0.9999997563060738504 ) ) ;
#969 = DIRECTION ( 'NONE',  ( 0.001209198594495382263, 0.9999992689191122830, 0.000000000000000000 ) ) ;
#970 = CARTESIAN_POINT ( 'NONE',  ( -19.99967442650869742, -90.80084481731410051, 16.54287320784099791 ) ) ;
#971 = EDGE_CURVE ( 'NONE', #2148, #2633, #1760, .T. ) ;
#972 = DIRECTION ( 'NONE',  ( -1.286166911541079770E-14, 0.9999997563060737393, -0.0006981316444339967812 ) ) ;
#973 = AXIS2_PLACEMENT_3D ( 'NONE', #2676, #1851, #25 ) ;
#974 = EDGE_LOOP ( 'NONE', ( #2078, #1533, #1621, #166, #2268 ) ) ;
#975 = CARTESIAN_POINT ( 'NONE',  ( -23.06155746740411772, -90.94573993008557977, 42.89195603581745786 ) ) ;
#976 = AXIS2_PLACEMENT_3D ( 'NONE', #2431, #1854, #396 ) ;
#977 = CARTESIAN_POINT ( 'NONE',  ( -19.99967442650869742, -90.80084481731410051, 16.54287320784099791 ) ) ;
#978 = CARTESIAN_POINT ( 'NONE',  ( -31.02206739659500201, -93.14280602704212697, 57.02600270244759884 ) ) ;
#979 = ORIENTED_EDGE ( 'NONE', *, *, #784, .F. ) ;
#980 = CARTESIAN_POINT ( 'NONE',  ( -18.55493705315233655, -90.78340824124146025, 39.71550906997342878 ) ) ;
#981 = PLANE ( 'NONE',  #3377 ) ;
#982 = ORIENTED_EDGE ( 'NONE', *, *, #2140, .T. ) ;
#983 = CARTESIAN_POINT ( 'NONE',  ( -19.99967442650869742, -90.80056556465629569, 16.94287311036340071 ) ) ;
#984 = CARTESIAN_POINT ( 'NONE',  ( -19.31484964066934751, -92.04921620710409513, 31.65073144596228261 ) ) ;
#985 = CARTESIAN_POINT ( 'NONE',  ( -19.99967442650867611, -92.82316339803972483, 56.19429471524779274 ) ) ;
#986 = CARTESIAN_POINT ( 'NONE',  ( -21.89028170359424763, -84.26609229536987300, 37.30871014779227579 ) ) ;
#987 = EDGE_CURVE ( 'NONE', #41, #2500, #2075, .T. ) ;
#988 = ORIENTED_EDGE ( 'NONE', *, *, #3687, .T. ) ;
#989 = CARTESIAN_POINT ( 'NONE',  ( -18.60313635760305573, -90.68451640866152275, 21.74801333413378046 ) ) ;
#990 = CARTESIAN_POINT ( 'NONE',  ( -18.58722624962414471, -89.83802792472192777, 25.70754034146612099 ) ) ;
#991 = CARTESIAN_POINT ( 'NONE',  ( -21.25337855645946661, -91.40541381415380329, 43.08014521799102425 ) ) ;
#992 = ADVANCED_FACE ( 'NONE', ( #1143 ), #3219, .F. ) ;
#993 = CARTESIAN_POINT ( 'NONE',  ( -18.55163123176577500, -90.79774898277044315, 22.02776005558138905 ) ) ;
#994 = ORIENTED_EDGE ( 'NONE', *, *, #2749, .T. ) ;
#995 = CARTESIAN_POINT ( 'NONE',  ( -22.79169479092320927, -91.37718448372562818, 42.47274426999896235 ) ) ;
#996 = CIRCLE ( 'NONE', #2161, 2.249999999999998668 ) ;
#997 = AXIS2_PLACEMENT_3D ( 'NONE', #2247, #1610, #1034 ) ;
#998 = CYLINDRICAL_SURFACE ( 'NONE', #1737, 1.399999999999998579 ) ;
#999 = CARTESIAN_POINT ( 'NONE',  ( -31.15199532667003268, -92.93519064522423889, 57.24851479318449776 ) ) ;
#1000 = ORIENTED_EDGE ( 'NONE', *, *, #1606, .T. ) ;
#1001 = CARTESIAN_POINT ( 'NONE',  ( -12.77467442650869955, -90.79320027580739350, 27.49287053939249503 ) ) ;
#1002 =( BOUNDED_CURVE ( )  B_SPLINE_CURVE ( 3, ( #2642, #1801, #3022, #13 ),
 .UNSPECIFIED., .F., .T. ) 
 B_SPLINE_CURVE_WITH_KNOTS ( ( 4, 4 ),
 ( 3.141592653589805995, 3.779719730742190364 ),
 .UNSPECIFIED. ) 
 CURVE ( )  GEOMETRIC_REPRESENTATION_ITEM ( )  RATIONAL_B_SPLINE_CURVE ( ( 1.000000000000000000, 0.9663530541786047312, 0.9663530541786047312, 1.000000000000000000 ) ) 
 REPRESENTATION_ITEM ( '' )  );
#1003 = CARTESIAN_POINT ( 'NONE',  ( -18.51012920235991999, -90.76381048307335675, 22.17908421373506300 ) ) ;
#1004 = ORIENTED_EDGE ( 'NONE', *, *, #2166, .F. ) ;
#1005 = CIRCLE ( 'NONE', #1069, 4.224999999999999645 ) ;
#1006 = FACE_OUTER_BOUND ( 'NONE', #2894, .T. ) ;
#1007 = CARTESIAN_POINT ( 'NONE',  ( -19.14888556579767354, -91.95157356956686101, 27.60490882758113429 ) ) ;
#1008 = ORIENTED_EDGE ( 'NONE', *, *, #1674, .T. ) ;
#1009 = FACE_BOUND ( 'NONE', #314, .T. ) ;
#1010 = CARTESIAN_POINT ( 'NONE',  ( -18.51766362203926519, -90.77073648446338439, 22.14844259821888173 ) ) ;
#1011 = CARTESIAN_POINT ( 'NONE',  ( -24.49975263283253923, -97.51160115699877906, 36.94775787322397775 ) ) ;
#1012 = CARTESIAN_POINT ( 'NONE',  ( -17.74967442650870098, -87.23111498295129707, 7.490378860443610343 ) ) ;
#1013 = EDGE_LOOP ( 'NONE', ( #399, #3641, #3552, #2174, #3395, #1237, #1029, #1133 ) ) ;
#1014 = CARTESIAN_POINT ( 'NONE',  ( -22.73729737326017286, -90.13876949581241149, 42.38751456008537843 ) ) ;
#1015 = ORIENTED_EDGE ( 'NONE', *, *, #459, .T. ) ;
#1016 = DIRECTION ( 'NONE',  ( -1.000000000000000000, -1.313873401923262340E-14, 4.105854381010194814E-16 ) ) ;
#1017 = ADVANCED_FACE ( 'NONE', ( #3572 ), #3226, .T. ) ;
#1018 = VECTOR ( 'NONE', #3291, 999.9999999999998863 ) ;
#1019 = CARTESIAN_POINT ( 'NONE',  ( -25.06620073565873241, -86.32994795154955625, 54.98244064313129797 ) ) ;
#1020 = CARTESIAN_POINT ( 'NONE',  ( -19.99967442650867966, -92.18577010111705761, 38.13629876739248914 ) ) ;
#1021 = CARTESIAN_POINT ( 'NONE',  ( -18.54099116827321581, -90.78742980242900273, 22.06390744765290890 ) ) ;
#1022 = ORIENTED_EDGE ( 'NONE', *, *, #2893, .T. ) ;
#1023 = EDGE_CURVE ( 'NONE', #813, #1338, #378, .T. ) ;
#1024 = CARTESIAN_POINT ( 'NONE',  ( -18.38671919253953746, -90.34748074322604339, 38.18487102116210252 ) ) ;
#1025 = CARTESIAN_POINT ( 'NONE',  ( -18.60498037049802988, -90.92992336791704133, 21.76218888485941250 ) ) ;
#1026 = VECTOR ( 'NONE', #811, 1000.000000000000000 ) ;
#1027 = EDGE_LOOP ( 'NONE', ( #1876, #3227 ) ) ;
#1028 = CARTESIAN_POINT ( 'NONE',  ( -27.22467442650480862, -90.80426625785099759, 11.64202144106310577 ) ) ;
#1029 = ORIENTED_EDGE ( 'NONE', *, *, #272, .T. ) ;
#1030 = CARTESIAN_POINT ( 'NONE',  ( -19.99967442650867966, -92.18577010111705761, 38.13629876739248914 ) ) ;
#1031 = CARTESIAN_POINT ( 'NONE',  ( -19.99967442650862282, -97.51076880344699305, 38.14001631839908413 ) ) ;
#1032 = CARTESIAN_POINT ( 'NONE',  ( -21.39017157143745962, -90.94526210121789234, 43.61867751812509653 ) ) ;
#1033 = ORIENTED_EDGE ( 'NONE', *, *, #48, .T. ) ;
#1034 = DIRECTION ( 'NONE',  ( 0.6819982711663333808, 0.000000000000000000, 0.7313537845161754980 ) ) ;
#1035 = CARTESIAN_POINT ( 'NONE',  ( -19.99967442650869742, -90.80716290869619911, 7.492875413270989604 ) ) ;
#1036 = CARTESIAN_POINT ( 'NONE',  ( -21.34623901088770026, -90.39893610878147001, 43.44491728006600795 ) ) ;
#1037 = CARTESIAN_POINT ( 'NONE',  ( -20.81977543918636897, -89.38619754942227758, 37.52304688656279552 ) ) ;
#1038 = CARTESIAN_POINT ( 'NONE',  ( -30.56234962922082943, -87.79708000104403709, 56.23445397114691957 ) ) ;
#1039 = EDGE_CURVE ( 'NONE', #2234, #2423, #201, .T. ) ;
#1040 = ORIENTED_EDGE ( 'NONE', *, *, #1791, .F. ) ;
#1041 = DIRECTION ( 'NONE',  ( -0.7313537016191686835, 0.0004761246366041583557, 0.6819981938636424657 ) ) ;
#1042 = CARTESIAN_POINT ( 'NONE',  ( -18.46174254050156094, -90.70567507926197948, 22.40723990407519040 ) ) ;
#1043 = CONICAL_SURFACE ( 'NONE', #973, 2.049999999999994937, 0.7853981633974629339 ) ;
#1044 = ORIENTED_EDGE ( 'NONE', *, *, #2848, .T. ) ;
#1045 = CARTESIAN_POINT ( 'NONE',  ( -18.55210026532180834, -90.78442892021331545, 39.70594229193582692 ) ) ;
#1046 = CARTESIAN_POINT ( 'NONE',  ( -18.65856620915922193, -91.20801571947802699, 22.15530759288260754 ) ) ;
#1047 = EDGE_CURVE ( 'NONE', #1629, #1157, #2838, .T. ) ;
#1048 = ORIENTED_EDGE ( 'NONE', *, *, #3376, .T. ) ;
#1049 = CARTESIAN_POINT ( 'NONE',  ( -26.14032004234628914, -86.65408055645301033, 36.50552293501615964 ) ) ;
#1050 = ORIENTED_EDGE ( 'NONE', *, *, #2291, .F. ) ;
#1051 = CARTESIAN_POINT ( 'NONE',  ( -18.41955711344280644, -90.16949307621470666, 24.20917928230375438 ) ) ;
#1052 = DIRECTION ( 'NONE',  ( -7.209618598295288790E-16, -0.0006981316444339968896, -0.9999997563060738504 ) ) ;
#1053 = CARTESIAN_POINT ( 'NONE',  ( -18.59967442650869884, -90.80056556465629569, 16.94287311036340071 ) ) ;
#1054 = VECTOR ( 'NONE', #1929, 1000.000000000000114 ) ;
#1055 = ORIENTED_EDGE ( 'NONE', *, *, #3207, .F. ) ;
#1056 = CARTESIAN_POINT ( 'NONE',  ( -37.42657791777079268, -90.77630108126632535, 48.60920996478512990 ) ) ;
#1057 = CARTESIAN_POINT ( 'NONE',  ( -19.99967442650869742, -90.79580186150121790, 23.76637413941319821 ) ) ;
#1058 = CIRCLE ( 'NONE', #3188, 2.249999999999998668 ) ;
#1059 = CARTESIAN_POINT ( 'NONE',  ( -30.19918095131125213, -87.40933674649241425, 55.61182239804362837 ) ) ;
#1060 = ORIENTED_EDGE ( 'NONE', *, *, #2501, .T. ) ;
#1061 = MECHANICAL_DESIGN_GEOMETRIC_PRESENTATION_REPRESENTATION (  '', ( #2227 ), #2040 ) ;
#1062 = CARTESIAN_POINT ( 'NONE',  ( -21.24831531911313576, -92.07036499686392972, 40.07613785591269107 ) ) ;
#1063 = VECTOR ( 'NONE', #2557, 1000.000000000000114 ) ;
#1064 = LINE ( 'NONE', #848, #382 ) ;
#1065 = ORIENTED_EDGE ( 'NONE', *, *, #2522, .T. ) ;
#1066 = LINE ( 'NONE', #2238, #3675 ) ;
#1067 = CARTESIAN_POINT ( 'NONE',  ( -18.61122553556737458, -91.07779592589371020, 22.47860805582287824 ) ) ;
#1068 = B_SPLINE_CURVE_WITH_KNOTS ( 'NONE', 3,
 ( #242, #2887, #3461, #3171, #1688, #3781, #1168, #2354, #2905, #7, #3510, #891, #259, #2339, #2601, #2323, #2062, #2855, #2583, #225, #3478, #1419, #2566, #3204, #856, #2027, #3725, #3494, #565, #1115, #876, #823, #2287, #3442 ),
 .UNSPECIFIED., .F., .F.,
 ( 4, 2, 2, 2, 2, 2, 2, 2, 2, 2, 2, 2, 2, 2, 2, 2, 4 ),
 ( 0.03828121402755210040, 0.03843057619677709563, 0.03857993836600209087, 0.03887866270445206052, 0.03947611138135202757, 0.04067100873515197557, 0.04306080344275187155, 0.04545059815035176060, 0.04784039285795165658, 0.05023018756555155256, 0.05261998227315144855, 0.05500977698075134453, 0.05620467433455130640, 0.05680212301145128040, 0.05710084734990126393, 0.05725020951912623834, 0.05739957168835120582 ),
 .UNSPECIFIED. ) ;
#1069 = AXIS2_PLACEMENT_3D ( 'NONE', #2304, #1949, #3116 ) ;
#1070 = ORIENTED_EDGE ( 'NONE', *, *, #2380, .F. ) ;
#1071 = APPLICATION_CONTEXT ( 'automotive_design' ) ;
#1072 = EDGE_CURVE ( 'NONE', #1173, #2438, #2737, .T. ) ;
#1073 = CARTESIAN_POINT ( 'NONE',  ( -27.67867934632184301, -91.66749100900753433, 36.10144720283959430 ) ) ;
#1074 = ORIENTED_EDGE ( 'NONE', *, *, #2731, .F. ) ;
#1075 = CARTESIAN_POINT ( 'NONE',  ( -18.60088519012420605, -90.65359737549775332, 22.07006856996387256 ) ) ;
#1076 = CARTESIAN_POINT ( 'NONE',  ( -19.99967442650869742, -90.80196182794520610, 14.94287359775120194 ) ) ;
#1077 = EDGE_CURVE ( 'NONE', #2904, #1167, #1781, .T. ) ;
#1078 = ORIENTED_EDGE ( 'NONE', *, *, #54, .F. ) ;
#1079 = CARTESIAN_POINT ( 'NONE',  ( -21.39967442650869600, -90.79250214416312303, 28.49287029569850205 ) ) ;
#1080 = CARTESIAN_POINT ( 'NONE',  ( -21.37927113714066962, -90.54357221213579976, 43.57587193021544891 ) ) ;
#1081 = CARTESIAN_POINT ( 'NONE',  ( -27.25869490125114680, -91.89252803303025985, 54.83070225322279612 ) ) ;
#1082 = VERTEX_POINT ( 'NONE', #30 ) ;
#1083 = CARTESIAN_POINT ( 'NONE',  ( -21.38003790050766639, -91.47734552215047188, 41.31042361544635355 ) ) ;
#1084 = DIRECTION ( 'NONE',  ( 1.000000000000000000, 1.337618101958019995E-14, -5.573408758158416645E-16 ) ) ;
#1085 = ORIENTED_EDGE ( 'NONE', *, *, #662, .T. ) ;
#1086 = CARTESIAN_POINT ( 'NONE',  ( -18.47742504245808348, -90.71683695288898264, 39.40888014491269331 ) ) ;
#1087 = CARTESIAN_POINT ( 'NONE',  ( -18.84848693047622348, -91.59432505844078776, 23.41396139524204756 ) ) ;
#1088 = AXIS2_PLACEMENT_3D ( 'NONE', #2203, #3382, #1327 ) ;
#1089 = CARTESIAN_POINT ( 'NONE',  ( -19.99967442650867611, -86.54795548772578684, 56.48991386607085019 ) ) ;
#1090 = ORIENTED_EDGE ( 'NONE', *, *, #3471, .F. ) ;
#1091 = DIRECTION ( 'NONE',  ( -1.000000000000000000, -1.313873401923262340E-14, 6.158781571515291728E-16 ) ) ;
#1092 = ORIENTED_EDGE ( 'NONE', *, *, #2478, .T. ) ;
#1093 = CARTESIAN_POINT ( 'NONE',  ( -19.43602200814874692, -89.51058860331106359, 27.58013763933219309 ) ) ;
#1094 = EDGE_CURVE ( 'NONE', #2155, #1970, #2779, .T. ) ;
#1095 = DIRECTION ( 'NONE',  ( -0.7313537016191686835, 0.0004761246366041583557, 0.6819981938636424657 ) ) ;
#1096 = VERTEX_POINT ( 'NONE', #2416 ) ;
#1097 = CARTESIAN_POINT ( 'NONE',  ( -22.95393750255894361, -90.38286349516864959, 42.72452706218547291 ) ) ;
#1098 = ADVANCED_FACE ( 'NONE', ( #1286 ), #2433, .F. ) ;
#1099 = ORIENTED_EDGE ( 'NONE', *, *, #3168, .T. ) ;
#1100 = DIRECTION ( 'NONE',  ( 0.000000000000000000, -0.7066129552490191257, 0.7076002624888203529 ) ) ;
#1101 = DIRECTION ( 'NONE',  ( 1.000000000000000000, 1.283000413665435084E-14, -6.415002068327174828E-16 ) ) ;
#1102 = AXIS2_PLACEMENT_3D ( 'NONE', #3788, #2070, #3228 ) ;
#1103 = CARTESIAN_POINT ( 'NONE',  ( -26.29698338117828627, -88.40092646779864083, 59.07721774877430221 ) ) ;
#1104 = ORIENTED_EDGE ( 'NONE', *, *, #2614, .F. ) ;
#1105 = CARTESIAN_POINT ( 'NONE',  ( -19.99967442650869742, -89.38577078346004612, 38.13434399878806147 ) ) ;
#1106 = DIRECTION ( 'NONE',  ( 7.209618598295289776E-16, 0.0006981316444339967812, 0.9999997563060737393 ) ) ;
#1107 = VERTEX_POINT ( 'NONE', #3591 ) ;
#1108 = CARTESIAN_POINT ( 'NONE',  ( -18.52726200018258851, -90.76559866019891842, 39.61894249796733192 ) ) ;
#1109 = CARTESIAN_POINT ( 'NONE',  ( -18.73541970369503318, -91.47802378584603389, 24.10993959572362400 ) ) ;
#1110 = CARTESIAN_POINT ( 'NONE',  ( -18.59967442650869884, -92.20070484981370385, 16.74385054340439893 ) ) ;
#1111 = ORIENTED_EDGE ( 'NONE', *, *, #2710, .F. ) ;
#1112 = AXIS2_PLACEMENT_3D ( 'NONE', #2857, #1707, #2013 ) ;
#1113 = CARTESIAN_POINT ( 'NONE',  ( -26.70948440220566411, -94.17384833344559070, 36.35997726806640884 ) ) ;
#1114 = EDGE_LOOP ( 'NONE', ( #1271, #728, #418, #852 ) ) ;
#1115 = CARTESIAN_POINT ( 'NONE',  ( -18.61535825562241087, -90.57335268063827982, 39.89206188374858186 ) ) ;
#1116 = CARTESIAN_POINT ( 'NONE',  ( -21.37350336894855474, -91.64630993452385610, 37.88626930485229138 ) ) ;
#1117 = VECTOR ( 'NONE', #3437, 999.9999999999998863 ) ;
#1118 = DIRECTION ( 'NONE',  ( -5.984971799148289338E-16, -0.0006981316444339968896, -0.9999997563060738504 ) ) ;
#1119 = EDGE_CURVE ( 'NONE', #2303, #1429, #2116, .T. ) ;
#1120 = CARTESIAN_POINT ( 'NONE',  ( -18.58722624962421932, -91.74366274989404246, 36.02460148999359291 ) ) ;
#1121 = ORIENTED_EDGE ( 'NONE', *, *, #1791, .T. ) ;
#1122 = CARTESIAN_POINT ( 'NONE',  ( -21.68015275320501090, -90.84429095548539124, 42.00019873539671522 ) ) ;
#1123 = CARTESIAN_POINT ( 'NONE',  ( -18.58722624962421932, -90.79084533730797091, 30.86607091572996708 ) ) ;
#1124 = ORIENTED_EDGE ( 'NONE', *, *, #894, .T. ) ;
#1125 = EDGE_CURVE ( 'NONE', #240, #174, #1567, .T. ) ;
#1126 = CARTESIAN_POINT ( 'NONE',  ( -36.78316843774945966, -90.77296820881009864, 59.56313680099230368 ) ) ;
#1127 = CIRCLE ( 'NONE', #2159, 6.725000000000001421 ) ;
#1128 = AXIS2_PLACEMENT_3D ( 'NONE', #1684, #276, #2282 ) ;
#1129 = DIRECTION ( 'NONE',  ( -5.984971799148289338E-16, -0.0006981316444339968896, -0.9999997563060738504 ) ) ;
#1130 = ORIENTED_EDGE ( 'NONE', *, *, #1189, .F. ) ;
#1131 = AXIS2_PLACEMENT_3D ( 'NONE', #2146, #628, #3613 ) ;
#1132 = CARTESIAN_POINT ( 'NONE',  ( -24.71878171379664835, -96.16440151198884223, 36.88878738129989188 ) ) ;
#1133 = ORIENTED_EDGE ( 'NONE', *, *, #1701, .F. ) ;
#1134 = CARTESIAN_POINT ( 'NONE',  ( -14.19722530640528646, -93.42835659459272790, 14.64466153292368666 ) ) ;
#1135 = CARTESIAN_POINT ( 'NONE',  ( -20.44935772626439530, -92.14938890455989906, 38.05455670561102721 ) ) ;
#1136 = DIRECTION ( 'NONE',  ( 0.000000000000000000, -0.9999997563060738504, 0.0006981316444338436919 ) ) ;
#1137 = CARTESIAN_POINT ( 'NONE',  ( -21.39967442650869955, -92.20070484981370385, 16.74385054340439893 ) ) ;
#1138 = EDGE_LOOP ( 'NONE', ( #2572, #896 ) ) ;
#1139 = EDGE_CURVE ( 'NONE', #41, #1478, #820, .T. ) ;
#1140 = CARTESIAN_POINT ( 'NONE',  ( -25.80212354661214746, -88.17130845826649477, 21.34108417604593910 ) ) ;
#1141 = ORIENTED_EDGE ( 'NONE', *, *, #1953, .F. ) ;
#1142 = CARTESIAN_POINT ( 'NONE',  ( -26.22467442650869884, -90.80234161534771431, 14.39886830461486511 ) ) ;
#1143 = FACE_OUTER_BOUND ( 'NONE', #1315, .T. ) ;
#1144 = EDGE_CURVE ( 'NONE', #3282, #2345, #326, .T. ) ;
#1145 = CARTESIAN_POINT ( 'NONE',  ( -21.39967442596496383, -90.56736004903891057, 43.65479235820593829 ) ) ;
#1146 = EDGE_LOOP ( 'NONE', ( #1392, #1267, #3440, #2319 ) ) ;
#1147 = LINE ( 'NONE', #3545, #2949 ) ;
#1148 = VECTOR ( 'NONE', #3016, 1000.000000000000114 ) ;
#1149 = EDGE_LOOP ( 'NONE', ( #2275, #2297 ) ) ;
#1150 = CARTESIAN_POINT ( 'NONE',  ( -14.99967442650859795, -94.51003047280499914, 15.10871101227749946 ) ) ;
#1151 = DIRECTION ( 'NONE',  ( 0.000000000000000000, -0.9999997563060738504, 0.0006981316444353877042 ) ) ;
#1152 = DIRECTION ( 'NONE',  ( 7.209618598295289776E-16, 0.0006981316444339968896, 0.9999997563060738504 ) ) ;
#1153 = CARTESIAN_POINT ( 'NONE',  ( -18.38689900848578773, -91.22559663709110112, 38.18001487738035848 ) ) ;
#1154 = ORIENTED_EDGE ( 'NONE', *, *, #1139, .T. ) ;
#1155 = DIRECTION ( 'NONE',  ( 7.209618598295286818E-16, 0.0006981316444339967812, 0.9999997563060737393 ) ) ;
#1156 = CARTESIAN_POINT ( 'NONE',  ( -26.22467442650869884, -90.80386319135818951, 12.21937156955630321 ) ) ;
#1157 = VERTEX_POINT ( 'NONE', #2758 ) ;
#1158 = VECTOR ( 'NONE', #1873, 1000.000000000000114 ) ;
#1159 = CARTESIAN_POINT ( 'NONE',  ( -13.77467442650934792, -89.45525495373431113, 14.39792786055976315 ) ) ;
#1160 = EDGE_CURVE ( 'NONE', #2438, #3353, #3252, .T. ) ;
#1161 = CARTESIAN_POINT ( 'NONE',  ( -21.39967442650869955, -90.05209604318609706, 16.54235048250059847 ) ) ;
#1162 = CARTESIAN_POINT ( 'NONE',  ( -19.43494947526232508, -89.50542135143255962, 34.23354250308710078 ) ) ;
#1163 = CARTESIAN_POINT ( 'NONE',  ( -12.77467442650868534, -90.79354934162967083, 26.99287066123939383 ) ) ;
#1164 = ORIENTED_EDGE ( 'NONE', *, *, #587, .F. ) ;
#1165 = EDGE_CURVE ( 'NONE', #2591, #2500, #1735, .T. ) ;
#1166 = CYLINDRICAL_SURFACE ( 'NONE', #2403, 5.725000000000000533 ) ;
#1167 = VERTEX_POINT ( 'NONE', #3102 ) ;
#1168 = CARTESIAN_POINT ( 'NONE',  ( -18.64323685590783342, -90.44760375078726611, 22.04429773617715682 ) ) ;
#1169 = CARTESIAN_POINT ( 'NONE',  ( -23.01489772557254909, -90.48999675187224057, 42.81892911851245742 ) ) ;
#1170 = CARTESIAN_POINT ( 'NONE',  ( -18.58722624962421222, -89.83082618839485178, 36.02326607793315816 ) ) ;
#1171 =( BOUNDED_CURVE ( )  B_SPLINE_CURVE ( 3, ( #475, #1650, #2819, #185 ),
 .UNSPECIFIED., .F., .T. ) 
 B_SPLINE_CURVE_WITH_KNOTS ( ( 4, 4 ),
 ( 4.712388980384689674, 7.853981633974482790 ),
 .UNSPECIFIED. ) 
 CURVE ( )  GEOMETRIC_REPRESENTATION_ITEM ( )  RATIONAL_B_SPLINE_CURVE ( ( 1.000000000000000000, 0.3333333333333333703, 0.3333333333333333703, 1.000000000000000000 ) ) 
 REPRESENTATION_ITEM ( '' )  );
#1172 = CARTESIAN_POINT ( 'NONE',  ( -18.50845249086927424, -90.81945853485171938, 39.54616678271428754 ) ) ;
#1173 = VERTEX_POINT ( 'NONE', #495 ) ;
#1174 = DIRECTION ( 'NONE',  ( -1.000000000000000000, -1.212033869678118431E-14, 6.060169348390591561E-16 ) ) ;
#1175 = CARTESIAN_POINT ( 'NONE',  ( -20.17412611629724850, -89.38549068388529406, 38.53555531963073122 ) ) ;
#1176 = VECTOR ( 'NONE', #3771, 1000.000000000000227 ) ;
#1177 = DIRECTION ( 'NONE',  ( 0.000000000000000000, -0.9999997563060738504, 0.0006981316444338436919 ) ) ;
#1178 = CARTESIAN_POINT ( 'NONE',  ( -18.67577157360415896, -90.24480534898657424, 38.25636813879806652 ) ) ;
#1179 = CARTESIAN_POINT ( 'NONE',  ( -18.60015149402436663, -90.85943859002210843, 21.72518741627991190 ) ) ;
#1180 = ORIENTED_EDGE ( 'NONE', *, *, #737, .T. ) ;
#1181 = EDGE_CURVE ( 'NONE', #2526, #2038, #2652, .T. ) ;
#1182 = FACE_OUTER_BOUND ( 'NONE', #3141, .T. ) ;
#1183 = PLANE ( 'NONE',  #424 ) ;
#1184 = CIRCLE ( 'NONE', #3139, 7.224999999999998757 ) ;
#1185 = EDGE_CURVE ( 'NONE', #1645, #3049, #694, .T. ) ;
#1186 = B_SPLINE_CURVE_WITH_KNOTS ( 'NONE', 3,
 ( #2117, #22, #1540, #615, #888, #3541 ),
 .UNSPECIFIED., .F., .F.,
 ( 4, 2, 4 ),
 ( 0.01899543768095062965, 0.01902253585262089763, 0.01904963402429116562 ),
 .UNSPECIFIED. ) ;
#1187 = CARTESIAN_POINT ( 'NONE',  ( -15.77467442650869955, -90.80716290869614227, 7.492875413270986940 ) ) ;
#1188 = CARTESIAN_POINT ( 'NONE',  ( -21.50084087707984892, -90.08089449151323436, 37.86203660604388688 ) ) ;
#1189 = EDGE_CURVE ( 'NONE', #457, #251, #3140, .T. ) ;
#1190 = AXIS2_PLACEMENT_3D ( 'NONE', #900, #2093, #3009 ) ;
#1191 = DIRECTION ( 'NONE',  ( 1.286166911541079770E-14, -0.9999997563060737393, 0.0006981316444340247536 ) ) ;
#1192 = CARTESIAN_POINT ( 'NONE',  ( -24.07139480396909903, -85.26041282938925292, 47.49578200171728071 ) ) ;
#1193 = ORIENTED_EDGE ( 'NONE', *, *, #3582, .F. ) ;
#1194 = FACE_OUTER_BOUND ( 'NONE', #3453, .T. ) ;
#1195 = FACE_OUTER_BOUND ( 'NONE', #2555, .T. ) ;
#1196 =( BOUNDED_CURVE ( )  B_SPLINE_CURVE ( 3, ( #2657, #1544, #63, #3020 ),
 .UNSPECIFIED., .F., .F. ) 
 B_SPLINE_CURVE_WITH_KNOTS ( ( 4, 4 ),
 ( 4.712388980384689674, 6.282674725937154925 ),
 .UNSPECIFIED. ) 
 CURVE ( )  GEOMETRIC_REPRESENTATION_ITEM ( )  RATIONAL_B_SPLINE_CURVE ( ( 1.000000000000000000, 0.8048581839145200201, 0.8048581839145200201, 1.000000000000000000 ) ) 
 REPRESENTATION_ITEM ( '' )  );
#1197 = DIRECTION ( 'NONE',  ( 0.000000000000000000, 0.0006981316443925594415, 0.9999997563060738504 ) ) ;
#1198 = CARTESIAN_POINT ( 'NONE',  ( -21.71767584251050920, -90.78527358263161773, 37.82312500254307253 ) ) ;
#1199 = CARTESIAN_POINT ( 'NONE',  ( -19.02158189025437807, -89.43864642999491821, 31.30482921643989158 ) ) ;
#1200 = CARTESIAN_POINT ( 'NONE',  ( -18.79341751826554230, -91.51870240861006778, 23.06562892240461338 ) ) ;
#1201 = ORIENTED_EDGE ( 'NONE', *, *, #1705, .F. ) ;
#1202 = CARTESIAN_POINT ( 'NONE',  ( -17.74967442650870098, -93.05196127963380093, 14.94444439395120128 ) ) ;
#1203 = DIRECTION ( 'NONE',  ( -1.000000000000000000, -1.238166941961140791E-14, 5.159028924838086627E-16 ) ) ;
#1204 = CIRCLE ( 'NONE', #2732, 1.400000000000001243 ) ;
#1205 = ADVANCED_FACE ( 'NONE', ( #85 ), #3588, .T. ) ;
#1206 = CARTESIAN_POINT ( 'NONE',  ( -19.99967442650869742, -90.80056556465629569, 16.94287311036340071 ) ) ;
#1207 = PLANE ( 'NONE',  #1952 ) ;
#1208 = DIRECTION ( 'NONE',  ( -7.209618598295286818E-16, -0.0006981316444339967812, -0.9999997563060737393 ) ) ;
#1209 = CARTESIAN_POINT ( 'NONE',  ( -24.99967442650860150, -94.51003047280509861, 15.10871101227749946 ) ) ;
#1210 = ADVANCED_FACE ( 'NONE', ( #3260, #375 ), #356, .T. ) ;
#1211 = CARTESIAN_POINT ( 'NONE',  ( -19.99967442650873650, -84.06077208113012489, 38.13062644778136701 ) ) ;
#1212 = ORIENTED_EDGE ( 'NONE', *, *, #2474, .F. ) ;
#1213 = CARTESIAN_POINT ( 'NONE',  ( -22.94137307339586229, -91.20083056927707332, 42.70568144960072487 ) ) ;
#1214 = CARTESIAN_POINT ( 'NONE',  ( -20.10868869699761063, -89.38547072768702151, 38.56414216409957874 ) ) ;
#1215 = CARTESIAN_POINT ( 'NONE',  ( -26.12854518411661786, -93.54840846575083901, 58.52062038481569317 ) ) ;
#1216 = CARTESIAN_POINT ( 'NONE',  ( -19.27970404796600334, -89.54992363481278517, 29.26528234808219509 ) ) ;
#1217 = CARTESIAN_POINT ( 'NONE',  ( -21.20693947182789429, -91.49132751955107778, 42.89556285831120874 ) ) ;
#1218 = ORIENTED_EDGE ( 'NONE', *, *, #1906, .F. ) ;
#1219 = DIRECTION ( 'NONE',  ( 1.000000000000000000, 1.286116265481140035E-14, -7.299408223452109304E-16 ) ) ;
#1220 = DIRECTION ( 'NONE',  ( -0.7313537016191686835, 0.0004761246366041583557, 0.6819981938636424657 ) ) ;
#1221 = DIRECTION ( 'NONE',  ( 1.000000000000000000, 1.344560756466452746E-14, -7.203004052498854137E-16 ) ) ;
#1222 = DIRECTION ( 'NONE',  ( 5.984971799148289338E-16, 0.0006981316444339968896, 0.9999997563060738504 ) ) ;
#1223 = DIRECTION ( 'NONE',  ( 1.000000000000000000, -8.572841307029629236E-13, 0.000000000000000000 ) ) ;
#1224 = AXIS2_PLACEMENT_3D ( 'NONE', #86, #951, #1667 ) ;
#1225 = EDGE_CURVE ( 'NONE', #692, #547, #3562, .T. ) ;
#1226 = DIRECTION ( 'NONE',  ( -0.6819982711663334918, 0.000000000000000000, -0.7313537845161753870 ) ) ;
#1227 = EDGE_LOOP ( 'NONE', ( #3724, #1329, #2625, #580 ) ) ;
#1228 = DIRECTION ( 'NONE',  ( -0.7313537016191682394, 0.0004761246366151118334, 0.6819981938636430208 ) ) ;
#1229 = CARTESIAN_POINT ( 'NONE',  ( -21.95165717376207937, -89.69295698651275472, 41.16720757275697196 ) ) ;
#1230 = ADVANCED_FACE ( 'NONE', ( #1776 ), #2942, .T. ) ;
#1231 = CARTESIAN_POINT ( 'NONE',  ( -17.74967442650870098, -92.64926944528559716, 14.74416321323139911 ) ) ;
#1232 = CARTESIAN_POINT ( 'NONE',  ( -26.03433761805222346, -93.74781231552265126, 58.20744450291610406 ) ) ;
#1233 = ORIENTED_EDGE ( 'NONE', *, *, #2024, .T. ) ;
#1234 = CARTESIAN_POINT ( 'NONE',  ( -18.60070671676049869, -90.83821935336483477, 40.00280429437471952 ) ) ;
#1235 = VECTOR ( 'NONE', #1749, 1000.000000000000114 ) ;
#1236 = CARTESIAN_POINT ( 'NONE',  ( -21.57442611422951373, -91.19982300456727842, 42.51951477744812991 ) ) ;
#1237 = ORIENTED_EDGE ( 'NONE', *, *, #2028, .T. ) ;
#1238 = ADVANCED_FACE ( 'NONE', ( #2125 ), #3383, .T. ) ;
#1239 = FACE_OUTER_BOUND ( 'NONE', #3087, .T. ) ;
#1240 = CARTESIAN_POINT ( 'NONE',  ( -19.00971961198634474, -91.77957196427909992, 37.30085611437129955 ) ) ;
#1241 = DIRECTION ( 'NONE',  ( 5.984971799148289338E-16, 0.0006981316444339968896, 0.9999997563060738504 ) ) ;
#1242 = VECTOR ( 'NONE', #2961, 1000.000000000000114 ) ;
#1243 = DIRECTION ( 'NONE',  ( -7.209618598295287804E-16, -0.0006981316444339968896, -0.9999997563060738504 ) ) ;
#1244 = DIRECTION ( 'NONE',  ( 0.000000000000000000, -0.9999997563060737393, 0.0006981316444339967812 ) ) ;
#1245 = DIRECTION ( 'NONE',  ( 5.984971799148290324E-16, 0.0006981316444339968896, 0.9999997563060738504 ) ) ;
#1246 = AXIS2_PLACEMENT_3D ( 'NONE', #1663, #2901, #543 ) ;
#1247 = CARTESIAN_POINT ( 'NONE',  ( -39.66461113342720068, -90.77296820881009864, 56.47316706141145204 ) ) ;
#1248 = EDGE_LOOP ( 'NONE', ( #1659, #1044 ) ) ;
#1249 = VECTOR ( 'NONE', #1761, 1000.000000000000114 ) ;
#1250 = CARTESIAN_POINT ( 'NONE',  ( -22.72242895639195126, -91.43950480446784468, 42.36544601427220869 ) ) ;
#1251 = CARTESIAN_POINT ( 'NONE',  ( -21.39967442650869955, -92.20056522348480144, 16.94385049466560034 ) ) ;
#1252 = CARTESIAN_POINT ( 'NONE',  ( -25.95372666655149629, -94.52509982899998420, 51.83131793500959361 ) ) ;
#1253 = EDGE_CURVE ( 'NONE', #2812, #3653, #1797, .T. ) ;
#1254 = CARTESIAN_POINT ( 'NONE',  ( -18.40336753446794660, -90.55699187360340829, 38.86323916022172398 ) ) ;
#1255 = VECTOR ( 'NONE', #2645, 1000.000000000000114 ) ;
#1256 = CARTESIAN_POINT ( 'NONE',  ( -18.71510536963853255, -91.34537977097930650, 39.18747291662904786 ) ) ;
#1257 = EDGE_LOOP ( 'NONE', ( #385, #1703, #940, #57, #701 ) ) ;
#1258 = DIRECTION ( 'NONE',  ( -0.7313537016191686835, 0.0004761246366041583557, 0.6819981938636424657 ) ) ;
#1259 = CARTESIAN_POINT ( 'NONE',  ( -18.67198961242186428, -91.31626124162752944, 38.30077066522397189 ) ) ;
#1260 = ADVANCED_FACE ( 'NONE', ( #909 ), #950, .T. ) ;
#1261 = DIRECTION ( 'NONE',  ( 0.6819982711663323816, 0.000000000000000000, 0.7313537845161763862 ) ) ;
#1262 = CARTESIAN_POINT ( 'NONE',  ( -19.99967442650869742, -90.79354934162969926, 26.99287066123939738 ) ) ;
#1263 = CARTESIAN_POINT ( 'NONE',  ( -18.97435645756849354, -89.46475745947037694, 29.12822233532880389 ) ) ;
#1264 = CARTESIAN_POINT ( 'NONE',  ( -19.99967442650867611, -90.77295445811894581, 56.49286347226858140 ) ) ;
#1265 = CARTESIAN_POINT ( 'NONE',  ( -19.99967442650867966, -90.77428090824338369, 54.59286393528702064 ) ) ;
#1266 = AXIS2_PLACEMENT_3D ( 'NONE', #1835, #1855, #3550 ) ;
#1267 = ORIENTED_EDGE ( 'NONE', *, *, #1441, .T. ) ;
#1268 = CARTESIAN_POINT ( 'NONE',  ( -23.07020140890819704, -90.90851775704166471, 42.90550662587528308 ) ) ;
#1269 = CARTESIAN_POINT ( 'NONE',  ( -19.99967442650869742, -90.80716290869619911, 7.492875413270989604 ) ) ;
#1270 = CARTESIAN_POINT ( 'NONE',  ( -26.87102583091354902, -89.86311692967551323, 53.93770741728063456 ) ) ;
#1271 = ORIENTED_EDGE ( 'NONE', *, *, #3687, .F. ) ;
#1272 = CARTESIAN_POINT ( 'NONE',  ( -18.58722624962421932, -91.75086448622097635, 25.70887575352628218 ) ) ;
#1273 = CARTESIAN_POINT ( 'NONE',  ( -19.99967442650869742, -92.20084447614260625, 16.54385059214319753 ) ) ;
#1274 = VERTEX_POINT ( 'NONE', #2963 ) ;
#1275 = ADVANCED_FACE ( 'NONE', ( #600 ), #3296, .F. ) ;
#1276 = DIRECTION ( 'NONE',  ( 0.000000000000000000, 0.0006981316443925594415, 0.9999997563060738504 ) ) ;
#1277 = CARTESIAN_POINT ( 'NONE',  ( -19.18932753932076807, -91.93067304455205146, 36.11875955347478140 ) ) ;
#1278 = CARTESIAN_POINT ( 'NONE',  ( -19.99967442650869742, -89.40056590582780416, 16.94189572606119754 ) ) ;
#1279 = EDGE_CURVE ( 'NONE', #3152, #692, #3312, .T. ) ;
#1280 = CIRCLE ( 'NONE', #3592, 4.225000000000000533 ) ;
#1281 = VECTOR ( 'NONE', #3405, 1000.000000000000114 ) ;
#1282 = CARTESIAN_POINT ( 'NONE',  ( -21.00503505001472959, -84.06095803689521517, 37.86426447831223641 ) ) ;
#1283 = DIRECTION ( 'NONE',  ( -5.984971799148289338E-16, -0.0006981316444339968896, -0.9999997563060738504 ) ) ;
#1284 = CARTESIAN_POINT ( 'NONE',  ( -17.74967442650870098, -94.37814938001901055, 14.74537019931739934 ) ) ;
#1285 = DIRECTION ( 'NONE',  ( -7.209618598295287804E-16, -0.0006981316444339968896, -0.9999997563060738504 ) ) ;
#1286 = FACE_OUTER_BOUND ( 'NONE', #2023, .T. ) ;
#1287 = AXIS2_PLACEMENT_3D ( 'NONE', #341, #3278, #357 ) ;
#1288 = ORIENTED_EDGE ( 'NONE', *, *, #54, .T. ) ;
#1289 = CARTESIAN_POINT ( 'NONE',  ( -22.98734764378315276, -91.12884415546986361, 42.77669682501276327 ) ) ;
#1290 = CIRCLE ( 'NONE', #2277, 6.724999999999999645 ) ;
#1291 = CARTESIAN_POINT ( 'NONE',  ( -22.24967442650860150, -94.37828900634789875, 14.54537024805619971 ) ) ;
#1292 = CARTESIAN_POINT ( 'NONE',  ( -30.56234962922109943, -93.74918682199707121, 56.23860932628197418 ) ) ;
#1293 = ORIENTED_EDGE ( 'NONE', *, *, #1253, .T. ) ;
#1294 = DIRECTION ( 'NONE',  ( 1.296540729449793094E-14, -0.9999997563060738504, 0.0006981316444339685920 ) ) ;
#1295 = CARTESIAN_POINT ( 'NONE',  ( -18.42612224452705760, -90.64042074179153019, 22.63426224702699230 ) ) ;
#1296 = EDGE_LOOP ( 'NONE', ( #2902, #271, #295, #2881 ) ) ;
#1297 = CARTESIAN_POINT ( 'NONE',  ( -18.58722624962422287, -63.31589613659848226, 30.84688977958956002 ) ) ;
#1298 = CARTESIAN_POINT ( 'NONE',  ( -18.87678935574120942, -91.68673775618555055, 36.41142955234668932 ) ) ;
#1299 = VECTOR ( 'NONE', #331, 1000.000000000000114 ) ;
#1300 = AXIS2_PLACEMENT_3D ( 'NONE', #1538, #941, #3599 ) ;
#1301 = VERTEX_POINT ( 'NONE', #3023 ) ;
#1302 = CARTESIAN_POINT ( 'NONE',  ( -25.80212354661204088, -93.42835659459289843, 14.64466153292369910 ) ) ;
#1303 = ORIENTED_EDGE ( 'NONE', *, *, #173, .F. ) ;
#1304 = CARTESIAN_POINT ( 'NONE',  ( -1.597984515044490017, -90.79775027899761142, 20.97547211197466055 ) ) ;
#1305 = EDGE_CURVE ( 'NONE', #1096, #268, #395, .T. ) ;
#1306 = DIRECTION ( 'NONE',  ( -5.984971799148289338E-16, -0.0006981316444339968896, -0.9999997563060738504 ) ) ;
#1307 = CARTESIAN_POINT ( 'NONE',  ( -18.59967442650869884, -89.40056590582780416, 16.94189572606119754 ) ) ;
#1308 = AXIS2_PLACEMENT_3D ( 'NONE', #1736, #1754, #2921 ) ;
#1309 = AXIS2_PLACEMENT_3D ( 'NONE', #596, #2937, #2422 ) ;
#1310 = ORIENTED_EDGE ( 'NONE', *, *, #2800, .F. ) ;
#1311 = ORIENTED_EDGE ( 'NONE', *, *, #2852, .T. ) ;
#1312 = DIRECTION ( 'NONE',  ( 7.209618598295287804E-16, 0.0006981316444339968896, 0.9999997563060738504 ) ) ;
#1313 = APPLICATION_PROTOCOL_DEFINITION ( 'draft international standard', 'automotive_design', 1998, #3354 ) ;
#1314 = CARTESIAN_POINT ( 'NONE',  ( -26.91157298991998914, -91.77177416689052336, 54.03229201580187180 ) ) ;
#1315 = EDGE_LOOP ( 'NONE', ( #203, #3628, #3290 ) ) ;
#1316 = CARTESIAN_POINT ( 'NONE',  ( -18.61895081520178863, -90.54833746408978357, 39.86503418996781534 ) ) ;
#1317 = CARTESIAN_POINT ( 'NONE',  ( -18.55076940418478770, -90.79472280752709423, 22.03062445264542291 ) ) ;
#1318 = ORIENTED_EDGE ( 'NONE', *, *, #2072, .F. ) ;
#1319 = AXIS2_PLACEMENT_3D ( 'NONE', #1779, #626, #1563 ) ;
#1320 = CARTESIAN_POINT ( 'NONE',  ( -18.38263377539968602, -90.44206652530291990, 38.49243341256297413 ) ) ;
#1321 = CARTESIAN_POINT ( 'NONE',  ( -18.74711857396294334, -91.94478682758733612, 34.78695018288576080 ) ) ;
#1322 = ORIENTED_EDGE ( 'NONE', *, *, #1402, .T. ) ;
#1323 = FACE_OUTER_BOUND ( 'NONE', #3194, .T. ) ;
#1324 = ORIENTED_EDGE ( 'NONE', *, *, #2985, .T. ) ;
#1325 = CARTESIAN_POINT ( 'NONE',  ( -18.66545382992084257, -90.28407235730198011, 23.35313180597079707 ) ) ;
#1326 = FACE_OUTER_BOUND ( 'NONE', #1335, .T. ) ;
#1327 = DIRECTION ( 'NONE',  ( -1.000000000000000000, -1.212033869678118431E-14, 6.060169348390591561E-16 ) ) ;
#1328 = EDGE_CURVE ( 'NONE', #889, #2190, #1527, .T. ) ;
#1329 = ORIENTED_EDGE ( 'NONE', *, *, #1185, .F. ) ;
#1330 = CARTESIAN_POINT ( 'NONE',  ( -21.71767584251050920, -90.78527358263161773, 37.82312500254307253 ) ) ;
#1331 = CARTESIAN_POINT ( 'NONE',  ( -21.35262228275222895, -90.42191902580718477, 43.47033609130481580 ) ) ;
#1332 = ADVANCED_FACE ( 'NONE', ( #892 ), #320, .F. ) ;
#1333 = VECTOR ( 'NONE', #1605, 1000.000000000000114 ) ;
#1334 = CARTESIAN_POINT ( 'NONE',  ( -27.17504588792690257, -91.96348959252404143, 54.63837218698736109 ) ) ;
#1335 = EDGE_LOOP ( 'NONE', ( #2751, #935, #1928 ) ) ;
#1336 = CARTESIAN_POINT ( 'NONE',  ( -20.45212175877626493, -92.11464717904824795, 39.92006262015478768 ) ) ;
#1337 = PLANE ( 'NONE',  #3744 ) ;
#1338 = VERTEX_POINT ( 'NONE', #1493 ) ;
#1339 = CARTESIAN_POINT ( 'NONE',  ( -18.55087636595477818, -90.78714603341906297, 39.70187344118937034 ) ) ;
#1340 = CARTESIAN_POINT ( 'NONE',  ( -19.99967442650867611, -90.77295445811894581, 56.49286347226858140 ) ) ;
#1341 = AXIS2_PLACEMENT_3D ( 'NONE', #769, #3107, #2844 ) ;
#1342 = ORIENTED_EDGE ( 'NONE', *, *, #94, .F. ) ;
#1343 = VERTEX_POINT ( 'NONE', #26 ) ;
#1344 = CARTESIAN_POINT ( 'NONE',  ( -18.59967264987495383, -90.77162770268775205, 21.87452669783083081 ) ) ;
#1345 = DIRECTION ( 'NONE',  ( -1.286166911541081821E-14, 0.9999997563060738504, -0.0006981316444339968896 ) ) ;
#1346 = CARTESIAN_POINT ( 'NONE',  ( -19.99967442650871163, -97.53216266611801188, 7.495570349067194549 ) ) ;
#1347 = ORIENTED_EDGE ( 'NONE', *, *, #222, .T. ) ;
#1348 = CARTESIAN_POINT ( 'NONE',  ( -14.99967442650869920, -87.08963458005419511, 20.87703469669200018 ) ) ;
#1349 = CARTESIAN_POINT ( 'NONE',  ( -26.73481720725791533, -91.07346802243684181, 53.62529393756395280 ) ) ;
#1350 = ORIENTED_EDGE ( 'NONE', *, *, #3404, .F. ) ;
#1351 = CARTESIAN_POINT ( 'NONE',  ( -20.36039288575699757, -92.15581385460427555, 38.96587371631124341 ) ) ;
#1352 = ADVANCED_FACE ( 'NONE', ( #2083 ), #45, .T. ) ;
#1353 = CARTESIAN_POINT ( 'NONE',  ( -39.66461113342720068, -90.77296820881009864, 56.47316706141145204 ) ) ;
#1354 = ORIENTED_EDGE ( 'NONE', *, *, #1189, .T. ) ;
#1355 = CARTESIAN_POINT ( 'NONE',  ( -18.42669062441250105, -90.63054920331707365, 39.10292662359949389 ) ) ;
#1356 = CARTESIAN_POINT ( 'NONE',  ( -18.39812658981736604, -91.04978853777191716, 22.94960745374808653 ) ) ;
#1357 = ORIENTED_EDGE ( 'NONE', *, *, #2658, .F. ) ;
#1358 = CARTESIAN_POINT ( 'NONE',  ( -19.99967442650859439, -97.51076880344699305, 38.14001631839909834 ) ) ;
#1359 = CARTESIAN_POINT ( 'NONE',  ( -18.86935476658538491, -89.90433959698636102, 25.26022507191518329 ) ) ;
#1360 = DIRECTION ( 'NONE',  ( 1.000000000000000000, -8.572841307029629236E-13, 0.000000000000000000 ) ) ;
#1361 = CIRCLE ( 'NONE', #3547, 2.350000000000092459 ) ;
#1362 = ORIENTED_EDGE ( 'NONE', *, *, #3567, .T. ) ;
#1363 = VERTEX_POINT ( 'NONE', #1815 ) ;
#1364 = CARTESIAN_POINT ( 'NONE',  ( -21.34882204204890144, -90.40812652725219323, 43.45520446162368700 ) ) ;
#1365 = DIRECTION ( 'NONE',  ( -1.000000000000000000, -1.212033869678118431E-14, 6.060169348390591561E-16 ) ) ;
#1366 = CARTESIAN_POINT ( 'NONE',  ( -26.55252091313388263, -89.24272729331576670, 59.92767099099803119 ) ) ;
#1367 = ORIENTED_EDGE ( 'NONE', *, *, #2187, .F. ) ;
#1368 = AXIS2_PLACEMENT_3D ( 'NONE', #235, #3351, #735 ) ;
#1369 = CARTESIAN_POINT ( 'NONE',  ( -20.88636401131630294, -91.87402614603600171, 41.63193300940321961 ) ) ;
#1370 = AXIS2_PLACEMENT_3D ( 'NONE', #1353, #2518, #674 ) ;
#1371 = FACE_OUTER_BOUND ( 'NONE', #956, .T. ) ;
#1372 = ORIENTED_EDGE ( 'NONE', *, *, #106, .F. ) ;
#1373 = AXIS2_PLACEMENT_3D ( 'NONE', #1262, #340, #2413 ) ;
#1374 = CARTESIAN_POINT ( 'NONE',  ( -18.54887011448697010, -90.78048348456123051, 39.69515993799525688 ) ) ;
#1375 = ADVANCED_FACE ( 'NONE', ( #3380 ), #3097, .F. ) ;
#1376 = CARTESIAN_POINT ( 'NONE',  ( -18.77778061777107510, -91.55242645579772898, 24.48825923279484229 ) ) ;
#1377 = CONICAL_SURFACE ( 'NONE', #2168, 16.22500000000000142, 1.047197551196999754 ) ;
#1378 = CARTESIAN_POINT ( 'NONE',  ( -21.39967443080223575, -90.94042210203974719, 41.35520971098711840 ) ) ;
#1379 = EDGE_LOOP ( 'NONE', ( #2759, #2537, #1937, #672 ) ) ;
#1380 = ADVANCED_FACE ( 'NONE', ( #148 ), #2458, .F. ) ;
#1381 = CARTESIAN_POINT ( 'NONE',  ( -18.58722624962421932, -91.74366274989404246, 36.02460148999359291 ) ) ;
#1382 = ORIENTED_EDGE ( 'NONE', *, *, #2299, .T. ) ;
#1383 = CARTESIAN_POINT ( 'NONE',  ( -18.63408856437164829, -90.38150107770464103, 38.81026655872035036 ) ) ;
#1384 = CARTESIAN_POINT ( 'NONE',  ( -17.94967442650870026, -90.80224108060288302, 14.54287369522879736 ) ) ;
#1385 = ORIENTED_EDGE ( 'NONE', *, *, #1818, .T. ) ;
#1386 = CARTESIAN_POINT ( 'NONE',  ( -13.77467442650869422, -90.79732343751163626, 21.58687740435474112 ) ) ;
#1387 = DIRECTION ( 'NONE',  ( -0.7313537016191686835, 0.0004761246366041583557, 0.6819981938636424657 ) ) ;
#1388 = CARTESIAN_POINT ( 'NONE',  ( -25.82685224045044237, -87.40800949866167002, 57.51296456562578641 ) ) ;
#1389 = ORIENTED_EDGE ( 'NONE', *, *, #2170, .F. ) ;
#1390 = DIRECTION ( 'NONE',  ( -1.286166911541079770E-14, 0.9999997563060737393, -0.0006981316444339967812 ) ) ;
#1391 = DIRECTION ( 'NONE',  ( -0.7313537016191686835, 0.0004761246366041583557, 0.6819981938636424657 ) ) ;
#1392 = ORIENTED_EDGE ( 'NONE', *, *, #1467, .F. ) ;
#1393 = CARTESIAN_POINT ( 'NONE',  ( -18.53245590129939657, -90.76937793419398304, 39.63804287208672150 ) ) ;
#1394 = DIRECTION ( 'NONE',  ( 5.984971799148289338E-16, 0.0006981316444339968896, 0.9999997563060738504 ) ) ;
#1395 = CARTESIAN_POINT ( 'NONE',  ( -25.72467442650869884, -90.80681384287406388, 7.992875291424032191 ) ) ;
#1396 = VERTEX_POINT ( 'NONE', #1625 ) ;
#1397 = EDGE_CURVE ( 'NONE', #3096, #3469, #3069, .T. ) ;
#1398 = CARTESIAN_POINT ( 'NONE',  ( -25.54769620510037598, -94.70150501658743281, 35.72570596820738587 ) ) ;
#1399 = ORIENTED_EDGE ( 'NONE', *, *, #3639, .T. ) ;
#1400 = CARTESIAN_POINT ( 'NONE',  ( -33.37496929950236790, -90.77706288068489471, 50.60798259418413636 ) ) ;
#1401 =( BOUNDED_SURFACE ( )  B_SPLINE_SURFACE ( 3, 2, ( 
 ( #3195, #329, #3211 ),
 ( #1823, #898, #1480 ),
 ( #2988, #865, #3536 ),
 ( #1229, #2111, #937 ),
 ( #308, #34, #1784 ),
 ( #1519, #3789, #3769 ),
 ( #2055, #2647, #52 ),
 ( #1501, #2667, #2037 ),
 ( #885, #1175, #1214 ),
 ( #591, #3266, #17 ) ),
 .UNSPECIFIED., .F., .F., .T. ) 
 B_SPLINE_SURFACE_WITH_KNOTS ( ( 4, 2, 2, 2, 4 ),
 ( 3, 3 ),
 ( 0.3124512065714747377, 0.4843384049286060811, 0.6562256032857374244, 0.8281128016428687122, 1.000000000000000000 ),
 ( 0.000000000000000000, 1.000000000000000000 ),
 .UNSPECIFIED. ) 
 GEOMETRIC_REPRESENTATION_ITEM ( )  RATIONAL_B_SPLINE_SURFACE ( (
 ( 1.000000000000000000, 0.6120611876256094597, 1.000000000000000000),
 ( 1.000000000000000000, 0.6649713652183311119, 1.000000000000000000),
 ( 1.000000000000000000, 0.7193122429169400700, 1.000000000000000000),
 ( 1.000000000000000000, 0.8176510418974285432, 1.000000000000000000),
 ( 1.000000000000000000, 0.8615632827741331878, 1.000000000000000000),
 ( 1.000000000000000000, 0.9318012250731740886, 1.000000000000000000),
 ( 1.000000000000000000, 0.9581670291842038223, 1.000000000000000000),
 ( 1.000000000000000000, 0.9922286515707535726, 1.000000000000000000),
 ( 1.000000000000000000, 1.000045956680517767, 1.000000000000000000),
 ( 1.000000000000000000, 1.000000000000000000, 1.000000000000000000) ) ) 
 REPRESENTATION_ITEM ( '' )  SURFACE ( )  );
#1402 = EDGE_CURVE ( 'NONE', #1708, #1436, #3587, .T. ) ;
#1403 = ORIENTED_EDGE ( 'NONE', *, *, #3186, .T. ) ;
#1404 = CARTESIAN_POINT ( 'NONE',  ( -19.99967442650869742, -90.80084481731410051, 16.54287320784099791 ) ) ;
#1405 = ADVANCED_FACE ( 'NONE', ( #1950 ), #3490, .T. ) ;
#1406 = DIRECTION ( 'NONE',  ( 0.000000000000000000, -0.9999997563060737393, 0.0006981316444339967812 ) ) ;
#1407 = VECTOR ( 'NONE', #3768, 1000.000000000000227 ) ;
#1408 = CARTESIAN_POINT ( 'NONE',  ( -23.08070748600612632, -84.23211968491270341, 43.41070151380457531 ) ) ;
#1409 = EDGE_LOOP ( 'NONE', ( #3306, #3073, #3425, #2090, #1896, #855, #2801 ) ) ;
#1410 = CARTESIAN_POINT ( 'NONE',  ( -20.90552690366939714, -91.92664005280899175, 40.21943643664518220 ) ) ;
#1411 = CARTESIAN_POINT ( 'NONE',  ( -33.37496929950236080, -90.77706288068489471, 50.60798259418414347 ) ) ;
#1412 = VERTEX_POINT ( 'NONE', #3578 ) ;
#1413 = DIRECTION ( 'NONE',  ( 7.209618598295289776E-16, 0.0006981316444339968896, 0.9999997563060738504 ) ) ;
#1414 = CARTESIAN_POINT ( 'NONE',  ( -18.60118114990005012, -90.94848272951652746, 22.09070685223650443 ) ) ;
#1415 = AXIS2_PLACEMENT_3D ( 'NONE', #2141, #3294, #1261 ) ;
#1416 = CARTESIAN_POINT ( 'NONE',  ( -35.72382556749827387, -90.77644391865730711, 49.99530498794873523 ) ) ;
#1417 = VERTEX_POINT ( 'NONE', #2707 ) ;
#1418 = VERTEX_POINT ( 'NONE', #1556 ) ;
#1419 = CARTESIAN_POINT ( 'NONE',  ( -19.15739046153060343, -89.66190772254252295, 36.36222218493153946 ) ) ;
#1420 = ADVANCED_FACE ( 'NONE', ( #960 ), #3271, .T. ) ;
#1421 = CARTESIAN_POINT ( 'NONE',  ( -20.22460085772096505, -89.38579931870300754, 38.09347028074728314 ) ) ;
#1422 = VECTOR ( 'NONE', #1730, 1000.000000000000114 ) ;
#1423 = CARTESIAN_POINT ( 'NONE',  ( -26.22467442650869174, -90.79732343751180679, 21.58687740435475533 ) ) ;
#1424 = AXIS2_PLACEMENT_3D ( 'NONE', #58, #2439, #2481 ) ;
#1425 = EDGE_CURVE ( 'NONE', #2843, #3036, #2726, .T. ) ;
#1426 = VERTEX_POINT ( 'NONE', #2992 ) ;
#1427 = CARTESIAN_POINT ( 'NONE',  ( -27.67867834538902017, -90.78375712555384780, 36.10083050528832160 ) ) ;
#1428 = CARTESIAN_POINT ( 'NONE',  ( -19.99967442650867966, -92.17428056707188944, 54.59384131958923092 ) ) ;
#1429 = VERTEX_POINT ( 'NONE', #1272 ) ;
#1430 = CARTESIAN_POINT ( 'NONE',  ( -18.59967442650870240, -90.79722945071584661, 21.72150355045211256 ) ) ;
#1431 = CARTESIAN_POINT ( 'NONE',  ( -17.74967442650870098, -93.05224053229159153, 14.54444449142880025 ) ) ;
#1432 = VECTOR ( 'NONE', #2296, 1000.000000000000000 ) ;
#1433 = CARTESIAN_POINT ( 'NONE',  ( -21.23918810681395186, -90.12840006851124031, 43.02175446337653142 ) ) ;
#1434 = VERTEX_POINT ( 'NONE', #3012 ) ;
#1435 = CARTESIAN_POINT ( 'NONE',  ( -18.58722624962421932, -91.74366274989404246, 36.02460148999359291 ) ) ;
#1436 = VERTEX_POINT ( 'NONE', #1020 ) ;
#1437 = CARTESIAN_POINT ( 'NONE',  ( -31.77066797238715878, -90.77512145492275408, 58.30722390214103967 ) ) ;
#1438 = CARTESIAN_POINT ( 'NONE',  ( -22.88979397988748943, -90.29635364422540533, 42.62514166885284794 ) ) ;
#1439 = CARTESIAN_POINT ( 'NONE',  ( -21.39967442650868890, -90.62768401965968224, 37.52647354463594809 ) ) ;
#1440 = CYLINDRICAL_SURFACE ( 'NONE', #785, 6.724999999999976552 ) ;
#1441 = EDGE_CURVE ( 'NONE', #2129, #3094, #1971, .T. ) ;
#1442 = FACE_OUTER_BOUND ( 'NONE', #1296, .T. ) ;
#1443 = ORIENTED_EDGE ( 'NONE', *, *, #310, .F. ) ;
#1444 = CARTESIAN_POINT ( 'NONE',  ( -21.39967442650869955, -89.30334726905799414, 16.54182775716030207 ) ) ;
#1445 = CARTESIAN_POINT ( 'NONE',  ( -19.99967442650867611, -90.77407146875005139, 54.89286386217886360 ) ) ;
#1446 = VERTEX_POINT ( 'NONE', #2461 ) ;
#1447 = ADVANCED_FACE ( 'NONE', ( #3620 ), #3642, .T. ) ;
#1448 = DIRECTION ( 'NONE',  ( -1.000000000000000000, -9.912705577010336396E-15, 0.000000000000000000 ) ) ;
#1449 = DIRECTION ( 'NONE',  ( -1.000000000000000000, -1.286116265481140035E-14, 7.299408223452109304E-16 ) ) ;
#1450 = CARTESIAN_POINT ( 'NONE',  ( -18.38705850229830219, -90.39171311931018238, 38.32716858838196572 ) ) ;
#1451 = CARTESIAN_POINT ( 'NONE',  ( -19.99967442650869742, -90.80681384287399283, 7.992875291424028639 ) ) ;
#1452 = EDGE_LOOP ( 'NONE', ( #1180, #533 ) ) ;
#1453 = CARTESIAN_POINT ( 'NONE',  ( -18.81157401634292725, -91.99582044777002920, 34.31992296740884285 ) ) ;
#1454 = CONICAL_SURFACE ( 'NONE', #2975, 2.149999999999999023, 0.7853981633974469467 ) ;
#1455 = CARTESIAN_POINT ( 'NONE',  ( -17.59976065318953076, -90.81757323424156425, 21.72190159044671276 ) ) ;
#1456 = CARTESIAN_POINT ( 'NONE',  ( -23.07596617497707925, -90.68112915138982544, 42.91439713298574077 ) ) ;
#1457 = CARTESIAN_POINT ( 'NONE',  ( -13.77467442650869245, -90.79580186150114685, 23.76637413941319465 ) ) ;
#1458 = PLANE ( 'NONE',  #2381 ) ;
#1459 = CARTESIAN_POINT ( 'NONE',  ( -19.99967442650869742, -90.80056556465629569, 16.94287311036340071 ) ) ;
#1460 = EDGE_CURVE ( 'NONE', #2795, #406, #3288, .T. ) ;
#1461 = ORIENTED_EDGE ( 'NONE', *, *, #1047, .T. ) ;
#1462 = LINE ( 'NONE', #3519, #3728 ) ;
#1463 = AXIS2_PLACEMENT_3D ( 'NONE', #2270, #3428, #1016 ) ;
#1464 = CIRCLE ( 'NONE', #2443, 2.049999999999996714 ) ;
#1465 = CYLINDRICAL_SURFACE ( 'NONE', #252, 4.225000000000000533 ) ;
#1466 = CARTESIAN_POINT ( 'NONE',  ( -22.24967442650870098, -88.55210200258539999, 14.74130285029000120 ) ) ;
#1467 = EDGE_CURVE ( 'NONE', #2129, #1848, #711, .T. ) ;
#1468 = CARTESIAN_POINT ( 'NONE',  ( -18.86170462141667770, -89.90628730528104029, 36.53310853562324212 ) ) ;
#1469 = CARTESIAN_POINT ( 'NONE',  ( -18.60254110320838095, -90.88597088571007987, 39.98886111277567323 ) ) ;
#1470 = ORIENTED_EDGE ( 'NONE', *, *, #2032, .F. ) ;
#1471 = DIRECTION ( 'NONE',  ( 1.286166911541079770E-14, -0.9999997563060737393, 0.0006981316444339967812 ) ) ;
#1472 = VECTOR ( 'NONE', #2390, 1000.000000000000114 ) ;
#1473 = EDGE_CURVE ( 'NONE', #2526, #3432, #77, .T. ) ;
#1474 = ORIENTED_EDGE ( 'NONE', *, *, #2066, .T. ) ;
#1475 = AXIS2_PLACEMENT_3D ( 'NONE', #3589, #2999, #1565 ) ;
#1476 = CARTESIAN_POINT ( 'NONE',  ( -21.67296107985569265, -90.41953576986796293, 37.83099525725695855 ) ) ;
#1477 = DIRECTION ( 'NONE',  ( 0.5000000000001907363, 0.0006045997392720010811, 0.8660251927391977578 ) ) ;
#1478 = VERTEX_POINT ( 'NONE', #1882 ) ;
#1479 = DIRECTION ( 'NONE',  ( 1.286166911541079455E-14, -0.9999997563060738504, 0.0006981316444339968896 ) ) ;
#1480 = CARTESIAN_POINT ( 'NONE',  ( -21.14464271101712001, -89.96764391499689850, 42.64888865773556148 ) ) ;
#1481 = CARTESIAN_POINT ( 'NONE',  ( -19.99967442650867255, -90.76806753660790150, 63.49286176641109591 ) ) ;
#1482 =( NAMED_UNIT ( * ) SI_UNIT ( $, .STERADIAN. ) SOLID_ANGLE_UNIT ( ) );
#1483 = CARTESIAN_POINT ( 'NONE',  ( -19.02334822119987123, -89.43846090112629099, 30.09472992677467218 ) ) ;
#1484 = CARTESIAN_POINT ( 'NONE',  ( -18.85994077673716163, -91.60423074484305062, 38.24619245062172723 ) ) ;
#1485 = ORIENTED_EDGE ( 'NONE', *, *, #2187, .T. ) ;
#1486 = ADVANCED_FACE ( 'NONE', ( #673 ), #3044, .T. ) ;
#1487 = AXIS2_PLACEMENT_3D ( 'NONE', #1488, #43, #24 ) ;
#1488 = CARTESIAN_POINT ( 'NONE',  ( -33.37496929950236790, -90.77706288068489471, 50.60798259418413636 ) ) ;
#1489 = DIRECTION ( 'NONE',  ( 0.000000000000000000, -0.9999997563060737393, 0.0006981316444339967812 ) ) ;
#1490 = COLOUR_RGB ( '',0.7921568627450980005, 0.8196078431372548767, 0.9333333333333333481 ) ;
#1491 = VECTOR ( 'NONE', #9, 1000.000000000000114 ) ;
#1492 = EDGE_CURVE ( 'NONE', #2350, #1396, #3050, .T. ) ;
#1493 = CARTESIAN_POINT ( 'NONE',  ( -17.74967442650870098, -90.80196182794520610, 14.94287359775120194 ) ) ;
#1494 = CARTESIAN_POINT ( 'NONE',  ( -20.77112954318017302, -91.97358960429919250, 37.80071232424264593 ) ) ;
#1495 = CARTESIAN_POINT ( 'NONE',  ( -21.28200745805775540, -91.34494469205597511, 43.19247583788470024 ) ) ;
#1496 =( BOUNDED_CURVE ( )  B_SPLINE_CURVE ( 3, ( #3124, #1037, #210, #2208 ),
 .UNSPECIFIED., .F., .T. ) 
 B_SPLINE_CURVE_WITH_KNOTS ( ( 4, 4 ),
 ( 4.712388980384686121, 6.283185307179586232 ),
 .UNSPECIFIED. ) 
 CURVE ( )  GEOMETRIC_REPRESENTATION_ITEM ( )  RATIONAL_B_SPLINE_CURVE ( ( 1.000000000000000000, 0.8047378541243641603, 0.8047378541243641603, 1.000000000000000000 ) ) 
 REPRESENTATION_ITEM ( '' )  );
#1497 = CARTESIAN_POINT ( 'NONE',  ( -14.47467442650851410, -90.80716290869611385, 7.492875413270986051 ) ) ;
#1498 = CARTESIAN_POINT ( 'NONE',  ( -18.41064392810772432, -91.00051914480533810, 22.78898971805497808 ) ) ;
#1499 = EDGE_LOOP ( 'NONE', ( #1104, #2897, #1594, #1828 ) ) ;
#1500 = CARTESIAN_POINT ( 'NONE',  ( -19.99967442650867966, -89.37428124941487795, 54.59188655098480325 ) ) ;
#1501 = CARTESIAN_POINT ( 'NONE',  ( -20.49134207430291355, -89.39813503444972298, 38.89821976007235804 ) ) ;
#1502 = FACE_OUTER_BOUND ( 'NONE', #713, .T. ) ;
#1503 = CARTESIAN_POINT ( 'NONE',  ( -18.77083368882131609, -90.04083225651936573, 37.30499429817079005 ) ) ;
#1504 = CARTESIAN_POINT ( 'NONE',  ( -21.70584231169401690, -91.17071283299482332, 42.44075592464715641 ) ) ;
#1505 = ORIENTED_EDGE ( 'NONE', *, *, #894, .F. ) ;
#1506 = LINE ( 'NONE', #2729, #1148 ) ;
#1507 = CARTESIAN_POINT ( 'NONE',  ( -19.99967442650869742, -90.80646477705180075, 8.492875169577059680 ) ) ;
#1508 = ADVANCED_FACE ( 'NONE', ( #1903 ), #2807, .T. ) ;
#1509 = CARTESIAN_POINT ( 'NONE',  ( -18.69506129870632449, -91.90419699456707292, 26.55745362810452193 ) ) ;
#1510 = AXIS2_PLACEMENT_3D ( 'NONE', #952, #47, #109 ) ;
#1511 = DIRECTION ( 'NONE',  ( -1.000000000000000000, -1.313873401923262340E-14, 6.158781571515291728E-16 ) ) ;
#1512 = EDGE_CURVE ( 'NONE', #3668, #1645, #2033, .T. ) ;
#1513 = FACE_OUTER_BOUND ( 'NONE', #1027, .T. ) ;
#1514 = CARTESIAN_POINT ( 'NONE',  ( -21.31172380322044546, -91.27056080600128496, 43.30853667430218934 ) ) ;
#1515 = DIRECTION ( 'NONE',  ( -0.7071067811862310482, -0.0004936536199495969056, -0.7071066088692362639 ) ) ;
#1516 = EDGE_CURVE ( 'NONE', #2279, #2516, #1693, .T. ) ;
#1517 = ORIENTED_EDGE ( 'NONE', *, *, #131, .F. ) ;
#1518 = CARTESIAN_POINT ( 'NONE',  ( -12.77467442650871021, -90.80611571122942394, 8.992875047730093385 ) ) ;
#1519 = CARTESIAN_POINT ( 'NONE',  ( -21.24831531911242877, -89.49846724977612666, 40.07434233227768061 ) ) ;
#1520 = CARTESIAN_POINT ( 'NONE',  ( -23.08167278657118970, -90.78242759704049547, 42.92358862796371710 ) ) ;
#1521 = CARTESIAN_POINT ( 'NONE',  ( -26.91157298991677393, -89.77757132774556226, 54.03089979934917153 ) ) ;
#1522 = CARTESIAN_POINT ( 'NONE',  ( -18.64991901859319512, -91.15885552895588262, 39.63996694211621019 ) ) ;
#1523 = ORIENTED_EDGE ( 'NONE', *, *, #1748, .T. ) ;
#1524 = FACE_OUTER_BOUND ( 'NONE', #2469, .T. ) ;
#1525 = CARTESIAN_POINT ( 'NONE',  ( -18.44362342460824777, -90.90226591120951127, 39.22796413224433110 ) ) ;
#1526 = CARTESIAN_POINT ( 'NONE',  ( -19.01133715332669993, -92.13755601156206865, 30.01706699066298256 ) ) ;
#1527 = LINE ( 'NONE', #2355, #3627 ) ;
#1528 = CARTESIAN_POINT ( 'NONE',  ( -19.99967442650867611, -90.77295445811894581, 56.49286347226858140 ) ) ;
#1529 = CARTESIAN_POINT ( 'NONE',  ( -21.25499394193647262, -91.40215659195803255, 43.08653569931521332 ) ) ;
#1530 = CIRCLE ( 'NONE', #1415, 2.049999999999996714 ) ;
#1531 = ADVANCED_FACE ( 'NONE', ( #501, #2253 ), #789, .T. ) ;
#1532 = CARTESIAN_POINT ( 'NONE',  ( -19.99967441597049955, -93.05210090596270334, 14.74444444268999987 ) ) ;
#1533 = ORIENTED_EDGE ( 'NONE', *, *, #2710, .T. ) ;
#1534 = CARTESIAN_POINT ( 'NONE',  ( -23.05902693738099174, -90.95535644016830190, 42.88799659840895373 ) ) ;
#1535 = EDGE_CURVE ( 'NONE', #3580, #924, #1960, .T. ) ;
#1536 = DIRECTION ( 'NONE',  ( 5.984971799148289338E-16, 0.0006981316444339968896, 0.9999997563060738504 ) ) ;
#1537 = CARTESIAN_POINT ( 'NONE',  ( -27.42942673437354983, -90.67143340897625592, 55.22250619789149795 ) ) ;
#1538 = CARTESIAN_POINT ( 'NONE',  ( -9.999674426508819991, -80.79580429844040168, 23.75939282296890198 ) ) ;
#1539 = VECTOR ( 'NONE', #3790, 1000.000000000000114 ) ;
#1540 = CARTESIAN_POINT ( 'NONE',  ( -18.59976459010332306, -90.80273666060924143, 40.00996282663929549 ) ) ;
#1541 = EDGE_LOOP ( 'NONE', ( #3704, #3518, #3787, #3508, #2558, #404, #446, #3136, #1357, #2928, #544, #564 ) ) ;
#1542 = LINE ( 'NONE', #61, #1018 ) ;
#1543 = CARTESIAN_POINT ( 'NONE',  ( -18.66704939567004118, -91.22198774441409341, 39.51756914550733057 ) ) ;
#1544 = CARTESIAN_POINT ( 'NONE',  ( -26.89217256204420536, -97.50252271906602175, 49.95166020712776600 ) ) ;
#1545 = AXIS2_PLACEMENT_3D ( 'NONE', #1340, #1642, #1662 ) ;
#1546 = DIRECTION ( 'NONE',  ( 7.209618598295287804E-16, 0.0006981316444339968896, 0.9999997563060738504 ) ) ;
#1547 = CARTESIAN_POINT ( 'NONE',  ( -21.21164682676073454, -91.48329765976393446, 42.91411641738342553 ) ) ;
#1548 = CIRCLE ( 'NONE', #1309, 7.225000000000002309 ) ;
#1549 = CARTESIAN_POINT ( 'NONE',  ( -19.99967442650869742, -90.79320027580749297, 27.49287053939249859 ) ) ;
#1550 = CONICAL_SURFACE ( 'NONE', #2352, 1.700000000000029488, 0.7853981633974640442 ) ;
#1551 = CARTESIAN_POINT ( 'NONE',  ( -33.15556318901661825, -90.77720571807587646, 50.40338313602504883 ) ) ;
#1552 = EDGE_CURVE ( 'NONE', #2767, #2190, #1926, .T. ) ;
#1553 = CARTESIAN_POINT ( 'NONE',  ( -19.99967442650867611, -90.77407146875005139, 54.89286386217886360 ) ) ;
#1554 = CARTESIAN_POINT ( 'NONE',  ( -22.97986628920082808, -96.82350109219687795, 48.05104497272947839 ) ) ;
#1555 = EDGE_LOOP ( 'NONE', ( #3091, #1655, #1092 ) ) ;
#1556 = CARTESIAN_POINT ( 'NONE',  ( -21.39967442650869955, -89.30334726905799414, 16.54182775716030207 ) ) ;
#1557 = EDGE_CURVE ( 'NONE', #1599, #2155, #2211, .T. ) ;
#1558 = DIRECTION ( 'NONE',  ( -1.000000000000000000, -1.286167224972220124E-14, 0.000000000000000000 ) ) ;
#1559 = ORIENTED_EDGE ( 'NONE', *, *, #1402, .F. ) ;
#1560 = DIRECTION ( 'NONE',  ( 1.000000000000000000, 1.238166941961141264E-14, -5.159028924838088600E-16 ) ) ;
#1561 = CARTESIAN_POINT ( 'NONE',  ( -18.91742371209262075, -91.74194368040956249, 25.64717478114267735 ) ) ;
#1562 = CARTESIAN_POINT ( 'NONE',  ( -21.39967442650869955, -89.30306801640030301, 16.94182765968270132 ) ) ;
#1563 = DIRECTION ( 'NONE',  ( -0.6819982711663331587, 0.000000000000000000, -0.7313537845161756090 ) ) ;
#1564 = CARTESIAN_POINT ( 'NONE',  ( -19.99967442650871163, -84.08216594380093056, 7.486180478449557363 ) ) ;
#1565 = DIRECTION ( 'NONE',  ( 0.000000000000000000, 0.000000000000000000, 1.000000000000000000 ) ) ;
#1566 = CARTESIAN_POINT ( 'NONE',  ( -21.22794517795678004, -91.45421838963687833, 42.97900574122714090 ) ) ;
#1567 = LINE ( 'NONE', #1532, #263 ) ;
#1568 = ORIENTED_EDGE ( 'NONE', *, *, #1225, .T. ) ;
#1569 = CARTESIAN_POINT ( 'NONE',  ( -22.82342589738952299, -91.34539293037289553, 42.52228469880456885 ) ) ;
#1570 = FACE_OUTER_BOUND ( 'NONE', #1379, .T. ) ;
#1571 = ADVANCED_FACE ( 'NONE', ( #3678 ), #2424, .T. ) ;
#1572 = CARTESIAN_POINT ( 'NONE',  ( -26.95241628001952705, -92.78300235152283904, 54.12693114560229191 ) ) ;
#1573 = CARTESIAN_POINT ( 'NONE',  ( -18.64731192070847854, -90.41065436271247791, 39.65709905090621845 ) ) ;
#1574 = CARTESIAN_POINT ( 'NONE',  ( -18.43276469307716425, -90.09703027726327207, 24.46528941834447224 ) ) ;
#1575 = EDGE_LOOP ( 'NONE', ( #138, #1033, #1099 ) ) ;
#1576 = CARTESIAN_POINT ( 'NONE',  ( -13.27467442650831586, -90.79320027580739350, 27.49287053939249503 ) ) ;
#1577 = EDGE_CURVE ( 'NONE', #457, #3353, #2823, .T. ) ;
#1578 = CARTESIAN_POINT ( 'NONE',  ( -18.78515420223594745, -91.55559029769506196, 37.18070958885208910 ) ) ;
#1579 = VECTOR ( 'NONE', #826, 1000.000000000000114 ) ;
#1580 = DIRECTION ( 'NONE',  ( -1.000000000000000000, -1.286116265481140035E-14, 7.299408223452109304E-16 ) ) ;
#1581 = CARTESIAN_POINT ( 'NONE',  ( -21.39967442650868890, -90.78649897735667196, 37.09177193749075485 ) ) ;
#1582 = CARTESIAN_POINT ( 'NONE',  ( -21.20693947182821759, -90.07356750398815848, 42.89457307494014060 ) ) ;
#1583 = CARTESIAN_POINT ( 'NONE',  ( -21.38609771805146664, -90.97676772116273014, 43.60286957926330587 ) ) ;
#1584 = ORIENTED_EDGE ( 'NONE', *, *, #1606, .F. ) ;
#1585 = CARTESIAN_POINT ( 'NONE',  ( -22.70410011301898834, -90.11100818571195248, 42.33621741413535489 ) ) ;
#1586 = AXIS2_PLACEMENT_3D ( 'NONE', #1973, #205, #3670 ) ;
#1587 = VERTEX_POINT ( 'NONE', #249 ) ;
#1588 = CARTESIAN_POINT ( 'NONE',  ( -14.27467442650869778, -90.80646477705172970, 8.492875169577056127 ) ) ;
#1589 = AXIS2_PLACEMENT_3D ( 'NONE', #3751, #328, #2346 ) ;
#1590 = CARTESIAN_POINT ( 'NONE',  ( -26.37121375200062090, -88.60821405450342070, 59.32423749039306671 ) ) ;
#1591 = ORIENTED_EDGE ( 'NONE', *, *, #1557, .F. ) ;
#1592 = CARTESIAN_POINT ( 'NONE',  ( -18.46673824057022983, -90.70607973228312915, 39.36323728233757890 ) ) ;
#1593 = CARTESIAN_POINT ( 'NONE',  ( -18.54655915250242870, -90.79119910584793729, 22.04478929816148636 ) ) ;
#1594 = ORIENTED_EDGE ( 'NONE', *, *, #190, .T. ) ;
#1595 = LINE ( 'NONE', #195, #2217 ) ;
#1596 = CARTESIAN_POINT ( 'NONE',  ( -18.38899386054925245, -91.11336673336784031, 38.54433465266723857 ) ) ;
#1597 = CONICAL_SURFACE ( 'NONE', #614, 2.049999999999994937, 0.7853981633974629339 ) ;
#1598 = AXIS2_PLACEMENT_3D ( 'NONE', #929, #2105, #1511 ) ;
#1599 = VERTEX_POINT ( 'NONE', #1427 ) ;
#1600 = EDGE_CURVE ( 'NONE', #3049, #2519, #1668, .T. ) ;
#1601 = LINE ( 'NONE', #2773, #3504 ) ;
#1602 = ORIENTED_EDGE ( 'NONE', *, *, #917, .T. ) ;
#1603 = CARTESIAN_POINT ( 'NONE',  ( -18.93772262223817293, -89.87776295702755647, 23.97861202920697465 ) ) ;
#1604 = FACE_OUTER_BOUND ( 'NONE', #2770, .T. ) ;
#1605 = DIRECTION ( 'NONE',  ( -5.984971799148288352E-16, -0.0006981316444339967812, -0.9999997563060737393 ) ) ;
#1606 = EDGE_CURVE ( 'NONE', #80, #1848, #2320, .T. ) ;
#1607 = AXIS2_PLACEMENT_3D ( 'NONE', #3476, #278, #2351 ) ;
#1608 = CIRCLE ( 'NONE', #1370, 6.724999999999978328 ) ;
#1609 = ORIENTED_EDGE ( 'NONE', *, *, #3186, .F. ) ;
#1610 = DIRECTION ( 'NONE',  ( -0.7313537016191685725, 0.0004761246366041584099, 0.6819981938636425767 ) ) ;
#1611 = ORIENTED_EDGE ( 'NONE', *, *, #3234, .F. ) ;
#1612 = CARTESIAN_POINT ( 'NONE',  ( -21.39967442650868534, -90.78191701587815032, 43.65494215135643685 ) ) ;
#1613 = AXIS2_PLACEMENT_3D ( 'NONE', #170, #2511, #764 ) ;
#1614 = CARTESIAN_POINT ( 'NONE',  ( -27.37766113533638901, -91.59631907895196434, 55.10409913383569602 ) ) ;
#1615 = ORIENTED_EDGE ( 'NONE', *, *, #3276, .F. ) ;
#1616 = CARTESIAN_POINT ( 'NONE',  ( -22.65738077639059611, -91.49176781011540527, 42.26489318362335013 ) ) ;
#1617 = CARTESIAN_POINT ( 'NONE',  ( -18.55215932283438462, -90.79600410660465570, 22.02600347438605155 ) ) ;
#1618 = ORIENTED_EDGE ( 'NONE', *, *, #2782, .F. ) ;
#1619 = CARTESIAN_POINT ( 'NONE',  ( -18.54946424961304885, -90.78820993941921813, 39.69714753864392520 ) ) ;
#1620 = CARTESIAN_POINT ( 'NONE',  ( -18.66661840156337249, -91.31142268025568853, 23.36782751943727021 ) ) ;
#1621 = ORIENTED_EDGE ( 'NONE', *, *, #2824, .T. ) ;
#1622 = CARTESIAN_POINT ( 'NONE',  ( -24.34228882479093059, -96.00248759263564580, 36.25074039910254697 ) ) ;
#1623 = ADVANCED_FACE ( 'NONE', ( #1194 ), #1912, .T. ) ;
#1624 = ORIENTED_EDGE ( 'NONE', *, *, #1917, .T. ) ;
#1625 = CARTESIAN_POINT ( 'NONE',  ( -19.99967442650867255, -94.99306650700106047, 63.49581137260883423 ) ) ;
#1626 = DIRECTION ( 'NONE',  ( 1.286166911541079770E-14, -0.9999997563060737393, 0.0006981316444339967812 ) ) ;
#1627 = DIRECTION ( 'NONE',  ( -1.000000000000000000, -1.286116265481140035E-14, 7.299408223452109304E-16 ) ) ;
#1628 = EDGE_CURVE ( 'NONE', #2046, #889, #556, .T. ) ;
#1629 = VERTEX_POINT ( 'NONE', #1500 ) ;
#1630 = CARTESIAN_POINT ( 'NONE',  ( -22.85868469265466629, -90.25931342728763696, 42.57663849581552995 ) ) ;
#1631 = ORIENTED_EDGE ( 'NONE', *, *, #1600, .T. ) ;
#1632 = CARTESIAN_POINT ( 'NONE',  ( -21.22450914072014427, -90.10416590560707562, 42.96436445565412754 ) ) ;
#1633 = CIRCLE ( 'NONE', #2124, 2.049999999999994937 ) ;
#1634 = CARTESIAN_POINT ( 'NONE',  ( -19.99967442650869742, -90.80189201478070515, 15.04287357338180087 ) ) ;
#1635 = EDGE_CURVE ( 'NONE', #2279, #2709, #16, .T. ) ;
#1636 = CARTESIAN_POINT ( 'NONE',  ( -27.41520544688744820, -91.38326427665948870, 55.19029641965630617 ) ) ;
#1637 = ORIENTED_EDGE ( 'NONE', *, *, #3682, .T. ) ;
#1638 = CARTESIAN_POINT ( 'NONE',  ( -20.22301481351178509, -92.17225783833262653, 39.01682850542053416 ) ) ;
#1639 = FACE_OUTER_BOUND ( 'NONE', #465, .T. ) ;
#1640 = ORIENTED_EDGE ( 'NONE', *, *, #338, .T. ) ;
#1641 = CARTESIAN_POINT ( 'NONE',  ( -19.99967442650867966, -89.07407188302970269, 54.89167703838331391 ) ) ;
#1642 = DIRECTION ( 'NONE',  ( 7.209618598295290763E-16, 0.0006981316444339968896, 0.9999997563060738504 ) ) ;
#1643 = ORIENTED_EDGE ( 'NONE', *, *, #2245, .F. ) ;
#1644 = CARTESIAN_POINT ( 'NONE',  ( -26.58497057199440050, -92.39541164040598176, 35.27307617020802866 ) ) ;
#1645 = VERTEX_POINT ( 'NONE', #1763 ) ;
#1646 = CARTESIAN_POINT ( 'NONE',  ( -18.68155087518587010, -90.23974813668974093, 23.54095740376488877 ) ) ;
#1647 = LINE ( 'NONE', #129, #3666 ) ;
#1648 = AXIS2_PLACEMENT_3D ( 'NONE', #803, #2230, #3342 ) ;
#1649 = ORIENTED_EDGE ( 'NONE', *, *, #2634, .F. ) ;
#1650 = CARTESIAN_POINT ( 'NONE',  ( -33.44967442650903422, -97.51667297306107685, 29.68291768635294403 ) ) ;
#1651 = CARTESIAN_POINT ( 'NONE',  ( -21.38477919395224447, -90.57619618777231096, 43.59748790766698789 ) ) ;
#1652 = ADVANCED_FACE ( 'NONE', ( #307 ), #3467, .F. ) ;
#1653 = CARTESIAN_POINT ( 'NONE',  ( -19.99967442650869742, -90.80702328236729670, 7.692875364532200777 ) ) ;
#1654 = CARTESIAN_POINT ( 'NONE',  ( -26.63574059336733058, -89.67475380373124949, 60.20474423410664855 ) ) ;
#1655 = ORIENTED_EDGE ( 'NONE', *, *, #3634, .T. ) ;
#1656 = CARTESIAN_POINT ( 'NONE',  ( -21.60730195435332490, -91.07625003545970799, 41.83281526578668519 ) ) ;
#1657 = PLANE ( 'NONE',  #260 ) ;
#1658 = CIRCLE ( 'NONE', #2389, 6.725000000000001421 ) ;
#1659 = ORIENTED_EDGE ( 'NONE', *, *, #3207, .T. ) ;
#1660 = EDGE_CURVE ( 'NONE', #2200, #1173, #5, .T. ) ;
#1661 = DIRECTION ( 'NONE',  ( 0.6819982711663333808, 0.000000000000000000, 0.7313537845161754980 ) ) ;
#1662 = DIRECTION ( 'NONE',  ( 0.000000000000000000, -0.9999997563060738504, 0.0006981316444338436919 ) ) ;
#1663 = CARTESIAN_POINT ( 'NONE',  ( -34.54513522209303034, -90.77630108126632535, 51.69917970436597443 ) ) ;
#1664 = VERTEX_POINT ( 'NONE', #2666 ) ;
#1665 = DIRECTION ( 'NONE',  ( 0.000000000000000000, -0.9999997563060737393, 0.0006981316444387587056 ) ) ;
#1666 = CARTESIAN_POINT ( 'NONE',  ( -18.39038364205269360, -90.33673223639509331, 38.14367236807593287 ) ) ;
#1667 = DIRECTION ( 'NONE',  ( 0.000000000000000000, -0.9999997563060737393, 0.0006981316444339967812 ) ) ;
#1668 =( BOUNDED_CURVE ( )  B_SPLINE_CURVE ( 2, ( #608, #575, #3176 ),
 .UNSPECIFIED., .F., .F. ) 
 B_SPLINE_CURVE_WITH_KNOTS ( ( 3, 3 ),
 ( 0.000000000000000000, 1.000000000000000000 ),
 .UNSPECIFIED. ) 
 CURVE ( )  GEOMETRIC_REPRESENTATION_ITEM ( )  RATIONAL_B_SPLINE_CURVE ( ( 1.000000000000000000, 0.3987490689252424225, 1.000000000000000000 ) ) 
 REPRESENTATION_ITEM ( '' )  );
#1669 = ORIENTED_EDGE ( 'NONE', *, *, #3471, .T. ) ;
#1670 = CARTESIAN_POINT ( 'NONE',  ( -33.15556318901662536, -90.77720571807587646, 50.40338313602505593 ) ) ;
#1671 = DIRECTION ( 'NONE',  ( -1.000000000000000000, -1.212033869678118431E-14, 6.060169348390591561E-16 ) ) ;
#1672 = CARTESIAN_POINT ( 'NONE',  ( -21.33236519311591550, -90.35271290104161324, 43.38960967263959390 ) ) ;
#1673 = CARTESIAN_POINT ( 'NONE',  ( -31.73286729003059392, -90.22207558056665277, 58.24205890773543359 ) ) ;
#1674 = EDGE_CURVE ( 'NONE', #2133, #268, #325, .T. ) ;
#1675 = ORIENTED_EDGE ( 'NONE', *, *, #2356, .F. ) ;
#1676 = CARTESIAN_POINT ( 'NONE',  ( -19.99967442650867611, -94.99795342851210478, 56.49581307846631262 ) ) ;
#1677 = CARTESIAN_POINT ( 'NONE',  ( -19.99967442650869742, -89.38577078346004612, 38.13434399878806147 ) ) ;
#1678 = EDGE_LOOP ( 'NONE', ( #2886, #1782, #819, #607, #194, #1350 ) ) ;
#1679 = AXIS2_PLACEMENT_3D ( 'NONE', #1853, #3528, #3277 ) ;
#1680 = DIRECTION ( 'NONE',  ( 1.000000000000000000, 1.286116265481140035E-14, -7.299408223452109304E-16 ) ) ;
#1681 = CARTESIAN_POINT ( 'NONE',  ( -18.59965735788266272, -90.86418690248508767, 21.91882046614932733 ) ) ;
#1682 = EDGE_CURVE ( 'NONE', #1708, #692, #3502, .T. ) ;
#1683 = CIRCLE ( 'NONE', #824, 6.225000000000001421 ) ;
#1684 = CARTESIAN_POINT ( 'NONE',  ( -33.37496929950236080, -90.77706288068489471, 50.60798259418414347 ) ) ;
#1685 = ORIENTED_EDGE ( 'NONE', *, *, #3586, .T. ) ;
#1686 = CARTESIAN_POINT ( 'NONE',  ( -19.99967442650859795, -97.51076880344699305, 38.14001631839909834 ) ) ;
#1687 = CARTESIAN_POINT ( 'NONE',  ( -19.05287992892609950, -89.69888326027188441, 34.96946194451950873 ) ) ;
#1688 = CARTESIAN_POINT ( 'NONE',  ( -18.61534735068169866, -90.58598766791043033, 21.83970651923748818 ) ) ;
#1689 = ORIENTED_EDGE ( 'NONE', *, *, #619, .T. ) ;
#1690 = CARTESIAN_POINT ( 'NONE',  ( -21.39270819519800781, -90.64201010328679331, 43.62826581777785151 ) ) ;
#1691 = DIRECTION ( 'NONE',  ( -8.747988747402326804E-16, -0.0006981316444336077695, -0.9999997563060737393 ) ) ;
#1692 = ORIENTED_EDGE ( 'NONE', *, *, #1072, .T. ) ;
#1693 = LINE ( 'NONE', #175, #3338 ) ;
#1694 = DIRECTION ( 'NONE',  ( -0.7313537016191685725, 0.0004761246366041583015, 0.6819981938636426877 ) ) ;
#1695 = EDGE_LOOP ( 'NONE', ( #1889, #2407, #212, #1559 ) ) ;
#1696 = AXIS2_PLACEMENT_3D ( 'NONE', #2674, #926, #101 ) ;
#1697 = LINE ( 'NONE', #868, #1539 ) ;
#1698 = FACE_BOUND ( 'NONE', #1248, .T. ) ;
#1699 = CARTESIAN_POINT ( 'NONE',  ( -23.08167278657118970, -90.78242759704049547, 42.92358862796371710 ) ) ;
#1700 = ORIENTED_EDGE ( 'NONE', *, *, #3748, .F. ) ;
#1701 = EDGE_CURVE ( 'NONE', #1418, #1082, #1709, .T. ) ;
#1702 = CARTESIAN_POINT ( 'NONE',  ( -19.99967442650867966, -90.77407146875005139, 54.89286386217886360 ) ) ;
#1703 = ORIENTED_EDGE ( 'NONE', *, *, #1552, .T. ) ;
#1704 = CARTESIAN_POINT ( 'NONE',  ( -19.99967442650869742, -90.80224108060291144, 14.54287369522879914 ) ) ;
#1705 = EDGE_CURVE ( 'NONE', #2991, #2129, #2295, .T. ) ;
#1706 = CARTESIAN_POINT ( 'NONE',  ( -20.36612146882886876, -89.42239972150639460, 37.86122257473221708 ) ) ;
#1707 = DIRECTION ( 'NONE',  ( -7.209618598295290763E-16, -0.0006981316444339968896, -0.9999997563060738504 ) ) ;
#1708 = VERTEX_POINT ( 'NONE', #2311 ) ;
#1709 = LINE ( 'NONE', #1444, #3233 ) ;
#1710 = LINE ( 'NONE', #503, #3621 ) ;
#1711 = ORIENTED_EDGE ( 'NONE', *, *, #3709, .F. ) ;
#1712 = CARTESIAN_POINT ( 'NONE',  ( -14.99967442650869920, -87.09366524498260276, 15.10353341176350028 ) ) ;
#1713 = SURFACE_STYLE_USAGE ( .BOTH. , #3455 ) ;
#1714 = AXIS2_PLACEMENT_3D ( 'NONE', #779, #1345, #3632 ) ;
#1715 = LINE ( 'NONE', #1416, #567 ) ;
#1716 = ORIENTED_EDGE ( 'NONE', *, *, #102, .T. ) ;
#1717 = CARTESIAN_POINT ( 'NONE',  ( -21.39967442650869955, -90.80056556465629569, 16.94287311036340071 ) ) ;
#1718 = ORIENTED_EDGE ( 'NONE', *, *, #178, .T. ) ;
#1719 = EDGE_CURVE ( 'NONE', #251, #2438, #830, .T. ) ;
#1720 = DIRECTION ( 'NONE',  ( 0.6819982711663330477, 0.000000000000000000, 0.7313537845161759421 ) ) ;
#1721 = ADVANCED_FACE ( 'NONE', ( #2329 ), #303, .F. ) ;
#1722 = CARTESIAN_POINT ( 'NONE',  ( -19.99967442650871163, -89.38577078346006033, 38.13434399878806147 ) ) ;
#1723 = AXIS2_PLACEMENT_3D ( 'NONE', #2668, #2740, #3557 ) ;
#1724 = CARTESIAN_POINT ( 'NONE',  ( -22.24967442650870098, -87.22605352852909277, 14.74037709366259996 ) ) ;
#1725 = DIRECTION ( 'NONE',  ( -5.984971799148289338E-16, -0.0006981316444339968896, -0.9999997563060738504 ) ) ;
#1726 = VERTEX_POINT ( 'NONE', #897 ) ;
#1727 = CARTESIAN_POINT ( 'NONE',  ( -22.24967442650870098, -91.82710120448778923, 14.74358923142559874 ) ) ;
#1728 = DIRECTION ( 'NONE',  ( -7.209618598295287804E-16, -0.0006981316444339968896, -0.9999997563060738504 ) ) ;
#1729 = ORIENTED_EDGE ( 'NONE', *, *, #2614, .T. ) ;
#1730 = DIRECTION ( 'NONE',  ( 7.209618598295286818E-16, 0.0006981316444339967812, 0.9999997563060737393 ) ) ;
#1731 = DIRECTION ( 'NONE',  ( 7.209618598295286818E-16, 0.0006981316444339967812, 0.9999997563060737393 ) ) ;
#1732 = CIRCLE ( 'NONE', #2712, 2.049999999999994937 ) ;
#1733 = DIRECTION ( 'NONE',  ( -1.000000000000000000, -1.344560756466452746E-14, 7.203004052498854137E-16 ) ) ;
#1734 = ORIENTED_EDGE ( 'NONE', *, *, #3123, .T. ) ;
#1735 = CIRCLE ( 'NONE', #997, 4.224999999999996980 ) ;
#1736 = CARTESIAN_POINT ( 'NONE',  ( -33.37496929950236080, -90.77706288068489471, 50.60798259418414347 ) ) ;
#1737 = AXIS2_PLACEMENT_3D ( 'NONE', #3656, #3365, #1878 ) ;
#1738 = ORIENTED_EDGE ( 'NONE', *, *, #72, .T. ) ;
#1739 = CARTESIAN_POINT ( 'NONE',  ( -24.99967442650860150, -94.51003047280509861, 15.10871101227749946 ) ) ;
#1740 = CARTESIAN_POINT ( 'NONE',  ( -23.05902566430532019, -90.60955158303508483, 42.88775462108680614 ) ) ;
#1741 = CARTESIAN_POINT ( 'NONE',  ( -21.71767606644538162, -90.60272887469673719, 37.82299752158042594 ) ) ;
#1742 = CARTESIAN_POINT ( 'NONE',  ( -14.99967442650859795, -94.50398447541230951, 23.76896293967019957 ) ) ;
#1743 = ADVANCED_FACE ( 'NONE', ( #864 ), #417, .F. ) ;
#1744 = PLANE ( 'NONE',  #3385 ) ;
#1745 = ORIENTED_EDGE ( 'NONE', *, *, #3660, .F. ) ;
#1746 = DIRECTION ( 'NONE',  ( 0.000000000000000000, 0.9999997563060738504, -0.0006981316444284907689 ) ) ;
#1747 = B_SPLINE_CURVE_WITH_KNOTS ( 'NONE', 3,
 ( #2103, #1509, #1812, #2979, #354, #1526, #2061, #2636, #2617, #1453, #317, #1435 ),
 .UNSPECIFIED., .F., .F.,
 ( 4, 2, 2, 2, 2, 4 ),
 ( 0.003922793396863978252, 0.006582473574663785451, 0.007912313663563694255, 0.009242153752463604793, 0.01190183393026342414, 0.01456151410806324348 ),
 .UNSPECIFIED. ) ;
#1748 = EDGE_CURVE ( 'NONE', #174, #460, #1462, .T. ) ;
#1749 = DIRECTION ( 'NONE',  ( -0.03489955956158268674, 0.0003366709592078274927, 0.9993907681157919720 ) ) ;
#1750 = FILL_AREA_STYLE_COLOUR ( '', #1490 ) ;
#1751 = CARTESIAN_POINT ( 'NONE',  ( -18.66023683812776568, -90.28914300485075728, 38.44303447405451379 ) ) ;
#1752 = CARTESIAN_POINT ( 'NONE',  ( -19.57515981766099600, -92.12758381741546998, 29.26969491873153473 ) ) ;
#1753 = ORIENTED_EDGE ( 'NONE', *, *, #2291, .T. ) ;
#1754 = DIRECTION ( 'NONE',  ( -0.7313537016191684614, 0.0004761246366041583557, 0.6819981938636427987 ) ) ;
#1755 = ORIENTED_EDGE ( 'NONE', *, *, #3456, .F. ) ;
#1756 = CARTESIAN_POINT ( 'NONE',  ( -19.99967442650876137, -84.06077208113012489, 38.13062644778145227 ) ) ;
#1757 = VECTOR ( 'NONE', #729, 1000.000000000000114 ) ;
#1758 = CARTESIAN_POINT ( 'NONE',  ( -21.22297537217867358, -91.49147342224858903, 37.22397430976072741 ) ) ;
#1759 = DIRECTION ( 'NONE',  ( -1.286166911541081821E-14, 0.9999997563060738504, -0.0006981316444339968896 ) ) ;
#1760 =( BOUNDED_CURVE ( )  B_SPLINE_CURVE ( 3, ( #2365, #3772, #834, #3522 ),
 .UNSPECIFIED., .F., .T. ) 
 B_SPLINE_CURVE_WITH_KNOTS ( ( 4, 4 ),
 ( 2.503465576437409190, 3.141592653589806883 ),
 .UNSPECIFIED. ) 
 CURVE ( )  GEOMETRIC_REPRESENTATION_ITEM ( )  RATIONAL_B_SPLINE_CURVE ( ( 1.000000000000000000, 0.9663530541786032879, 0.9663530541786032879, 1.000000000000000000 ) ) 
 REPRESENTATION_ITEM ( '' )  );
#1761 = DIRECTION ( 'NONE',  ( -0.8660254037846392139, 0.0003490658222057233385, 0.4999998781526893143 ) ) ;
#1762 = ORIENTED_EDGE ( 'NONE', *, *, #3059, .T. ) ;
#1763 = CARTESIAN_POINT ( 'NONE',  ( -22.65738077639118586, -90.07400779455251438, 42.26390340025199777 ) ) ;
#1764 = ADVANCED_FACE ( 'NONE', ( #288 ), #796, .F. ) ;
#1765 = CIRCLE ( 'NONE', #3158, 2.049999999999999822 ) ;
#1766 = CARTESIAN_POINT ( 'NONE',  ( -19.99967442650869742, -90.80702328236729670, 7.692875364532200777 ) ) ;
#1767 = DIRECTION ( 'NONE',  ( -1.000000000000000000, -1.353930517835556934E-14, 8.462065736472230835E-16 ) ) ;
#1768 = EDGE_CURVE ( 'NONE', #3449, #2967, #1961, .T. ) ;
#1769 = CARTESIAN_POINT ( 'NONE',  ( -19.57742821601969041, -92.12604867558381727, 32.42125454130030704 ) ) ;
#1770 = ORIENTED_EDGE ( 'NONE', *, *, #3150, .T. ) ;
#1771 = CARTESIAN_POINT ( 'NONE',  ( -18.59967442650869884, -90.79250214416309461, 28.49287029569850205 ) ) ;
#1772 = CIRCLE ( 'NONE', #3293, 0.9999999999999988898 ) ;
#1773 = LINE ( 'NONE', #3546, #1242 ) ;
#1774 = VECTOR ( 'NONE', #228, 1000.000000000000114 ) ;
#1775 = VECTOR ( 'NONE', #2493, 1000.000000000000114 ) ;
#1776 = FACE_OUTER_BOUND ( 'NONE', #2665, .T. ) ;
#1777 = CARTESIAN_POINT ( 'NONE',  ( -21.39967442650869245, -90.94470682249689730, 37.52669486834516732 ) ) ;
#1778 = DIRECTION ( 'NONE',  ( -0.8660253510230312424, 0.000000000000000000, 0.5000000913854271145 ) ) ;
#1779 = CARTESIAN_POINT ( 'NONE',  ( -39.66461113342720068, -90.77296820881009864, 56.47316706141145204 ) ) ;
#1780 = CIRCLE ( 'NONE', #2030, 1.399999999999994138 ) ;
#1781 = LINE ( 'NONE', #2719, #627 ) ;
#1782 = ORIENTED_EDGE ( 'NONE', *, *, #3029, .F. ) ;
#1783 = CARTESIAN_POINT ( 'NONE',  ( -17.74967442650870098, -88.55224162891420292, 14.54130289902879980 ) ) ;
#1784 = CARTESIAN_POINT ( 'NONE',  ( -20.78406847662830970, -89.61737734581828363, 41.22704840428755091 ) ) ;
#1785 = DIRECTION ( 'NONE',  ( 7.209618598295290763E-16, 0.0006981316444339968896, 0.9999997563060739614 ) ) ;
#1786 = CARTESIAN_POINT ( 'NONE',  ( -20.88013358356136706, -97.50872451598995383, 41.06824192622180192 ) ) ;
#1787 = CARTESIAN_POINT ( 'NONE',  ( -18.73138917865138353, -89.64592442193038835, 34.90593692021440830 ) ) ;
#1788 = CARTESIAN_POINT ( 'NONE',  ( -18.64444451668876823, -91.15098337786973559, 22.05346718688180019 ) ) ;
#1789 = ORIENTED_EDGE ( 'NONE', *, *, #2079, .F. ) ;
#1790 = VECTOR ( 'NONE', #487, 1000.000000000000114 ) ;
#1791 = EDGE_CURVE ( 'NONE', #2114, #2574, #2207, .T. ) ;
#1792 = AXIS2_PLACEMENT_3D ( 'NONE', #528, #2867, #2615 ) ;
#1793 = CARTESIAN_POINT ( 'NONE',  ( -18.54447140419332385, -90.79259053492701526, 39.68039629086706555 ) ) ;
#1794 = DIRECTION ( 'NONE',  ( -7.209618598295288790E-16, -0.0006981316444339968896, -0.9999997563060738504 ) ) ;
#1795 = AXIS2_PLACEMENT_3D ( 'NONE', #3569, #1546, #2716 ) ;
#1796 = EDGE_CURVE ( 'NONE', #3152, #2345, #1822, .T. ) ;
#1797 = LINE ( 'NONE', #1187, #3500 ) ;
#1798 = DIRECTION ( 'NONE',  ( 5.984971799148288352E-16, 0.0006981316444339967812, 0.9999997563060737393 ) ) ;
#1799 = CARTESIAN_POINT ( 'NONE',  ( -24.99967442650880045, -80.79781963090481156, 20.87264218050470177 ) ) ;
#1800 = VECTOR ( 'NONE', #1871, 1000.000000000000114 ) ;
#1801 = CARTESIAN_POINT ( 'NONE',  ( -13.77467442650934082, -92.14441009912485470, 21.58781784840979867 ) ) ;
#1802 = CARTESIAN_POINT ( 'NONE',  ( -18.50849344694299958, -91.63891296186049829, 25.08930989875537776 ) ) ;
#1803 = ORIENTED_EDGE ( 'NONE', *, *, #1516, .T. ) ;
#1804 = CARTESIAN_POINT ( 'NONE',  ( -22.66774920912178715, -91.48373538271850691, 42.28099623043677013 ) ) ;
#1805 = CARTESIAN_POINT ( 'NONE',  ( -22.97883835833137667, -91.15863877637396229, 42.76408517266322917 ) ) ;
#1806 = CARTESIAN_POINT ( 'NONE',  ( -26.72197315640073967, -90.99023736993596856, 60.49245447851983926 ) ) ;
#1807 = CARTESIAN_POINT ( 'NONE',  ( -18.52821590712732913, -90.76655644729498817, 39.62325335395859582 ) ) ;
#1808 = CARTESIAN_POINT ( 'NONE',  ( -18.68198995583701105, -91.27798054750172696, 22.31978202741002448 ) ) ;
#1809 = ORIENTED_EDGE ( 'NONE', *, *, #3400, .T. ) ;
#1810 = DIRECTION ( 'NONE',  ( 0.000000000000000000, -0.9999997563060737393, 0.0006981316444339967812 ) ) ;
#1811 = CARTESIAN_POINT ( 'NONE',  ( -19.57458284830457629, -92.12535353876404542, 32.48873024719312497 ) ) ;
#1812 = CARTESIAN_POINT ( 'NONE',  ( -18.81186154291130919, -92.00095596078641336, 27.41430858899870771 ) ) ;
#1813 = EDGE_CURVE ( 'NONE', #489, #2790, #2684, .T. ) ;
#1814 = CIRCLE ( 'NONE', #2491, 2.049999999999999822 ) ;
#1815 = CARTESIAN_POINT ( 'NONE',  ( -22.04967442650869813, -90.80084481731407209, 16.54287320784099791 ) ) ;
#1816 = CARTESIAN_POINT ( 'NONE',  ( -33.44967442650899159, -97.47954002233099402, 82.87194296124333448 ) ) ;
#1817 = CARTESIAN_POINT ( 'NONE',  ( -21.24918770748233143, -91.41378743212901270, 43.06354778795354576 ) ) ;
#1818 = EDGE_CURVE ( 'NONE', #2991, #2336, #380, .T. ) ;
#1819 = AXIS2_PLACEMENT_3D ( 'NONE', #2235, #2276, #3392 ) ;
#1820 = CARTESIAN_POINT ( 'NONE',  ( -18.38261649891820682, -91.14154506090618213, 23.24588853299729863 ) ) ;
#1821 = VERTEX_POINT ( 'NONE', #113 ) ;
#1822 = LINE ( 'NONE', #3574, #3224 ) ;
#1823 = CARTESIAN_POINT ( 'NONE',  ( -22.52023898351898978, -89.96806148588972007, 42.05076252125878256 ) ) ;
#1824 = CARTESIAN_POINT ( 'NONE',  ( -21.39967442705240686, -90.99647398492523109, 43.65509194058237341 ) ) ;
#1825 = CARTESIAN_POINT ( 'NONE',  ( -27.41004808262073666, -90.95842993510237307, 55.17813870062278170 ) ) ;
#1826 = DIRECTION ( 'NONE',  ( -5.984971799148288352E-16, -0.0006981316444339967812, -0.9999997563060737393 ) ) ;
#1827 = CARTESIAN_POINT ( 'NONE',  ( -34.53436636048511588, -90.77706288068489471, 49.36468116050664889 ) ) ;
#1828 = ORIENTED_EDGE ( 'NONE', *, *, #573, .T. ) ;
#1829 = DIRECTION ( 'NONE',  ( -1.000000000000000000, -1.337618101958019679E-14, 5.573408758158414673E-16 ) ) ;
#1830 = CARTESIAN_POINT ( 'NONE',  ( -19.35382043430523424, -92.03694897962054711, 34.92267860443487137 ) ) ;
#1831 = CARTESIAN_POINT ( 'NONE',  ( -19.99967442650867611, -90.77316389761227811, 56.19286354537678818 ) ) ;
#1832 = ADVANCED_FACE ( 'NONE', ( #1841 ), #3720, .F. ) ;
#1833 = CARTESIAN_POINT ( 'NONE',  ( -19.99967442650869742, -90.79250214416310882, 28.49287029569850205 ) ) ;
#1834 = DIRECTION ( 'NONE',  ( 7.209618598295288790E-16, 0.0006981316444339967812, 0.9999997563060737393 ) ) ;
#1835 = CARTESIAN_POINT ( 'NONE',  ( -19.99967442650869742, -90.80056556465629569, 16.94287311036340071 ) ) ;
#1836 = AXIS2_PLACEMENT_3D ( 'NONE', #3063, #3381, #433 ) ;
#1837 = B_SPLINE_CURVE_WITH_KNOTS ( 'NONE', 3,
 ( #1612, #476, #1940, #3103, #3343, #1690, #2494, #1651, #1080, #2820, #2532, #461, #3122, #1331, #1364, #1036, #2206, #3695, #1672, #2840, #3406, #1976, #2249, #3363, #725, #186, #2785, #783, #154, #3067, #439, #1956, #2186, #2513, #3674, #1632, #745, #1922 ),
 .UNSPECIFIED., .F., .F.,
 ( 4, 1, 2, 2, 1, 2, 2, 1, 1, 2, 2, 1, 1, 2, 2, 1, 1, 2, 2, 1, 1, 2, 2, 4 ),
 ( 0.000000000000000000, 0.06249999999995078936, 0.09374999999994243494, 0.1249999999999340805, 0.1874999999999164835, 0.2187499999998896716, 0.2499999999998628875, 0.3124999999998382960, 0.3437499999998325784, 0.3593749999998347433, 0.3749999999998368527, 0.4374999999997996047, 0.4687499999997699063, 0.4843749999997550848, 0.4999999999997402078, 0.6249999999998340217, 0.6874999999998826494, 0.7187499999999069633, 0.7499999999999311662, 0.8124999999999594769, 0.8437499999999747979, 0.8593749999999824585, 0.8749999999999901190, 1.000000000000000000 ),
 .UNSPECIFIED. ) ;
#1838 = EDGE_CURVE ( 'NONE', #3049, #1274, #2258, .T. ) ;
#1839 = CARTESIAN_POINT ( 'NONE',  ( -18.54475027547238852, -90.80402636520793180, 22.05097213113499777 ) ) ;
#1840 = VERTEX_POINT ( 'NONE', #346 ) ;
#1841 = FACE_OUTER_BOUND ( 'NONE', #3334, .T. ) ;
#1842 = CARTESIAN_POINT ( 'NONE',  ( -21.39967442650868534, -90.78191701587815032, 43.65494215135643685 ) ) ;
#1843 = CARTESIAN_POINT ( 'NONE',  ( -26.55252091313413132, -92.29838423681870552, 59.92980424232521841 ) ) ;
#1844 = ORIENTED_EDGE ( 'NONE', *, *, #2398, .T. ) ;
#1845 = CARTESIAN_POINT ( 'NONE',  ( -18.60348835478657747, -90.57892454302582053, 39.50173615597488208 ) ) ;
#1846 = CIRCLE ( 'NONE', #3239, 4.225000000000000533 ) ;
#1847 = DIRECTION ( 'NONE',  ( 0.6819982711663334918, 0.000000000000000000, 0.7313537845161753870 ) ) ;
#1848 = VERTEX_POINT ( 'NONE', #1518 ) ;
#1849 = DIRECTION ( 'NONE',  ( -0.000000000000000000, 0.0006981316444387218427, 0.9999997563060739614 ) ) ;
#1850 = CARTESIAN_POINT ( 'NONE',  ( -18.74415323458751459, -91.40801985874630020, 38.99359425906689580 ) ) ;
#1851 = DIRECTION ( 'NONE',  ( 0.000000000000000000, 0.0006981316443925594415, 0.9999997563060738504 ) ) ;
#1852 =( BOUNDED_CURVE ( )  B_SPLINE_CURVE ( 3, ( #1150, #1134, #2306, #2619 ),
 .UNSPECIFIED., .F., .T. ) 
 B_SPLINE_CURVE_WITH_KNOTS ( ( 4, 4 ),
 ( 2.503465576437404749, 3.141592653589780237 ),
 .UNSPECIFIED. ) 
 CURVE ( )  GEOMETRIC_REPRESENTATION_ITEM ( )  RATIONAL_B_SPLINE_CURVE ( ( 1.000000000000000000, 0.9663530541786056194, 0.9663530541786056194, 1.000000000000000000 ) ) 
 REPRESENTATION_ITEM ( '' )  );
#1853 = CARTESIAN_POINT ( 'NONE',  ( -19.99967442650869742, -90.80056556465629569, 16.94287311036340071 ) ) ;
#1854 = DIRECTION ( 'NONE',  ( -0.7313537016191685725, 0.0004761246366041584099, 0.6819981938636425767 ) ) ;
#1855 = DIRECTION ( 'NONE',  ( -7.209618598295287804E-16, -0.0006981316444339968896, -0.9999997563060738504 ) ) ;
#1856 = AXIS2_PLACEMENT_3D ( 'NONE', #3439, #3703, #818 ) ;
#1857 = EDGE_CURVE ( 'NONE', #2519, #221, #1837, .T. ) ;
#1858 = DIRECTION ( 'NONE',  ( 1.000000000000000000, 1.238166941961141264E-14, -5.159028924838088600E-16 ) ) ;
#1859 = ORIENTED_EDGE ( 'NONE', *, *, #3567, .F. ) ;
#1860 = AXIS2_PLACEMENT_3D ( 'NONE', #2794, #165, #1091 ) ;
#1861 = DIRECTION ( 'NONE',  ( 5.984971799148289338E-16, 0.0006981316444339968896, 0.9999997563060738504 ) ) ;
#1862 = EDGE_CURVE ( 'NONE', #1173, #2234, #1290, .T. ) ;
#1863 = CARTESIAN_POINT ( 'NONE',  ( -21.39967442650869955, -92.29820273924119078, 16.74391860978279922 ) ) ;
#1864 = CARTESIAN_POINT ( 'NONE',  ( -26.70307727984914337, -91.31986363757543756, 60.42984078134861647 ) ) ;
#1865 = EDGE_LOOP ( 'NONE', ( #3218, #1692, #3120, #3722, #258 ) ) ;
#1866 = CARTESIAN_POINT ( 'NONE',  ( -18.60820258690612405, -90.52812590057705222, 39.33469513533714235 ) ) ;
#1867 = CARTESIAN_POINT ( 'NONE',  ( -18.58722624962414471, -89.83802792472192777, 25.70754034146612099 ) ) ;
#1868 = ORIENTED_EDGE ( 'NONE', *, *, #1160, .F. ) ;
#1869 = PLANE ( 'NONE',  #774 ) ;
#1870 = CARTESIAN_POINT ( 'NONE',  ( -18.53973077147951543, -91.68535284732945456, 25.34383636938608220 ) ) ;
#1871 = DIRECTION ( 'NONE',  ( 8.747988747402246931E-16, 0.0006981316444343718067, 0.9999997563060737393 ) ) ;
#1872 = CARTESIAN_POINT ( 'NONE',  ( -18.59962729285437888, -90.74043107890858550, 21.90477163071728839 ) ) ;
#1873 = DIRECTION ( 'NONE',  ( -7.209618598295286818E-16, -0.0006981316444340247536, -0.9999997563060737393 ) ) ;
#1874 = CARTESIAN_POINT ( 'NONE',  ( -21.35638797004899914, -91.12838680455323015, 43.48581728254140444 ) ) ;
#1875 = CARTESIAN_POINT ( 'NONE',  ( -22.66774367891901321, -90.08201345777656854, 42.28000905190387471 ) ) ;
#1876 = ORIENTED_EDGE ( 'NONE', *, *, #2095, .T. ) ;
#1877 = CARTESIAN_POINT ( 'NONE',  ( -18.59967442650870950, -90.79919943658748593, 21.72150492576191638 ) ) ;
#1878 = DIRECTION ( 'NONE',  ( -1.000000000000000000, -9.912705577010336396E-15, 0.000000000000000000 ) ) ;
#1879 = CARTESIAN_POINT ( 'NONE',  ( -31.76594138221223318, -90.99176849815880530, 58.29927520949114950 ) ) ;
#1880 = EDGE_CURVE ( 'NONE', #1645, #221, #65, .T. ) ;
#1881 = ORIENTED_EDGE ( 'NONE', *, *, #1279, .T. ) ;
#1882 = CARTESIAN_POINT ( 'NONE',  ( -31.66369252641527865, -90.77630108126632535, 54.78914944394680475 ) ) ;
#1883 = LINE ( 'NONE', #3051, #932 ) ;
#1884 = ORIENTED_EDGE ( 'NONE', *, *, #3323, .T. ) ;
#1885 = B_SPLINE_CURVE_WITH_KNOTS ( 'NONE', 3,
 ( #645, #1547, #682, #397, #1566, #2965, #2164, #2735, #931, #1817, #991, #1529, #322, #1495, #911, #2661, #2698, #1514, #2085, #3243, #2415, #2680, #3571, #761, #456, #1895, #1874, #2490, #741, #3064, #3043, #414, #1583, #1916, #1032, #3082, #2753, #130 ),
 .UNSPECIFIED., .F., .F.,
 ( 4, 1, 1, 2, 2, 1, 2, 2, 1, 1, 1, 2, 2, 1, 1, 2, 2, 1, 2, 2, 1, 2, 2, 4 ),
 ( 0.000000000000000000, 0.06250000000006285250, 0.09375000000008375245, 0.1093750000000966172, 0.1250000000001094680, 0.1875000000001585121, 0.2187500000001638689, 0.2500000000001691980, 0.3750000000002188805, 0.4375000000002437495, 0.4687500000002551293, 0.4843750000002690070, 0.5000000000002828848, 0.5625000000003383960, 0.5937500000003831380, 0.6093750000003875789, 0.6250000000003919087, 0.6875000000003399503, 0.7187500000003139711, 0.7500000000002879919, 0.8125000000002349232, 0.8437500000002033929, 0.8750000000001718625, 1.000000000000000000 ),
 .UNSPECIFIED. ) ;
#1886 = CARTESIAN_POINT ( 'NONE',  ( -19.99967442650867611, -94.99795342851210478, 56.49581307846631262 ) ) ;
#1887 = CARTESIAN_POINT ( 'NONE',  ( -19.34509022930764033, -92.03825551568880314, 26.74109173990954602 ) ) ;
#1888 = EDGE_CURVE ( 'NONE', #474, #1970, #497, .T. ) ;
#1889 = ORIENTED_EDGE ( 'NONE', *, *, #2893, .F. ) ;
#1890 = CIRCLE ( 'NONE', #236, 4.225000000000000533 ) ;
#1891 = CARTESIAN_POINT ( 'NONE',  ( -22.09057411532347714, -91.93087316440336565, 41.38459476095938072 ) ) ;
#1892 = EDGE_LOOP ( 'NONE', ( #1085, #3361, #3658 ) ) ;
#1893 = CARTESIAN_POINT ( 'NONE',  ( -19.99967442650869742, -90.80716290869619911, 7.492875413270989604 ) ) ;
#1894 = CYLINDRICAL_SURFACE ( 'NONE', #490, 2.049999999999999822 ) ;
#1895 = CARTESIAN_POINT ( 'NONE',  ( -21.34894042682842397, -91.15601702164268261, 43.45620556705260640 ) ) ;
#1896 = ORIENTED_EDGE ( 'NONE', *, *, #2220, .F. ) ;
#1897 = CARTESIAN_POINT ( 'NONE',  ( -22.69783119781421377, -90.10590050664829675, 42.32653701724319717 ) ) ;
#1898 = AXIS2_PLACEMENT_3D ( 'NONE', #3527, #678, #2428 ) ;
#1899 = CARTESIAN_POINT ( 'NONE',  ( -19.99967442650867611, -90.77295445811896002, 56.49286347226858140 ) ) ;
#1900 = DIRECTION ( 'NONE',  ( -7.209618598295287804E-16, -0.0006981316444339968896, -0.9999997563060738504 ) ) ;
#1901 = CARTESIAN_POINT ( 'NONE',  ( -27.17986126555143045, -85.43008269225698825, 50.43624316502788929 ) ) ;
#1902 = ORIENTED_EDGE ( 'NONE', *, *, #173, .T. ) ;
#1903 = FACE_OUTER_BOUND ( 'NONE', #2486, .T. ) ;
#1904 = LINE ( 'NONE', #2808, #2772 ) ;
#1905 = EDGE_LOOP ( 'NONE', ( #1362, #874, #721, #2774, #1443 ) ) ;
#1906 = EDGE_CURVE ( 'NONE', #3272, #157, #3112, .T. ) ;
#1907 = LINE ( 'NONE', #3074, #1054 ) ;
#1908 = DIRECTION ( 'NONE',  ( -1.000000000000000000, -1.233581138472396822E-14, 7.709882115452480139E-16 ) ) ;
#1909 = VECTOR ( 'NONE', #2970, 1000.000000000000114 ) ;
#1910 = ORIENTED_EDGE ( 'NONE', *, *, #2746, .T. ) ;
#1911 = EDGE_CURVE ( 'NONE', #653, #421, #2231, .T. ) ;
#1912 = CONICAL_SURFACE ( 'NONE', #2219, 5.725000000000000533, 0.7853981633970000820 ) ;
#1913 = CARTESIAN_POINT ( 'NONE',  ( -26.22467442650801672, -92.14942827696093275, 14.39980874867069360 ) ) ;
#1914 = CARTESIAN_POINT ( 'NONE',  ( -18.39112735055046244, -90.49310692809181944, 23.10784839809658209 ) ) ;
#1915 = CARTESIAN_POINT ( 'NONE',  ( -19.99967442650867611, -93.12295388543832075, 56.49450408163299642 ) ) ;
#1916 = CARTESIAN_POINT ( 'NONE',  ( -21.38900066743332218, -90.95484653169685885, 43.61414339719796374 ) ) ;
#1917 = EDGE_CURVE ( 'NONE', #2516, #2046, #3053, .T. ) ;
#1918 = AXIS2_PLACEMENT_3D ( 'NONE', #753, #1394, #2828 ) ;
#1919 = VECTOR ( 'NONE', #1962, 1000.000000000000114 ) ;
#1920 = ORIENTED_EDGE ( 'NONE', *, *, #381, .F. ) ;
#1921 = ORIENTED_EDGE ( 'NONE', *, *, #1023, .F. ) ;
#1922 = CARTESIAN_POINT ( 'NONE',  ( -21.20693947182821759, -90.07356750398815848, 42.89457307494014060 ) ) ;
#1923 = AXIS2_PLACEMENT_3D ( 'NONE', #1265, #2128, #69 ) ;
#1924 = CARTESIAN_POINT ( 'NONE',  ( -31.67152690853630048, -89.89389074583890249, 58.13671099692705724 ) ) ;
#1925 = EDGE_LOOP ( 'NONE', ( #540, #2248, #1233, #3357, #3665, #1982, #3647, #3655, #2053 ) ) ;
#1926 = LINE ( 'NONE', #3433, #1026 ) ;
#1927 = PLANE ( 'NONE',  #73 ) ;
#1928 = ORIENTED_EDGE ( 'NONE', *, *, #3639, .F. ) ;
#1929 = DIRECTION ( 'NONE',  ( 0.7071067811862299379, -0.0004936536199313219190, -0.7071066088692373741 ) ) ;
#1930 = CARTESIAN_POINT ( 'NONE',  ( -18.68288605812182723, -91.27694300601058330, 22.32557845102136795 ) ) ;
#1931 = ORIENTED_EDGE ( 'NONE', *, *, #3034, .F. ) ;
#1932 = CARTESIAN_POINT ( 'NONE',  ( -26.54964067652315762, -92.54889978698271591, 34.01805877708850545 ) ) ;
#1933 = ORIENTED_EDGE ( 'NONE', *, *, #78, .F. ) ;
#1934 = CARTESIAN_POINT ( 'NONE',  ( -18.54371466263418711, -90.78978415623683418, 22.05308258826580570 ) ) ;
#1935 = EDGE_CURVE ( 'NONE', #2345, #2229, #585, .T. ) ;
#1936 = FACE_OUTER_BOUND ( 'NONE', #1892, .T. ) ;
#1937 = ORIENTED_EDGE ( 'NONE', *, *, #568, .F. ) ;
#1938 = EDGE_CURVE ( 'NONE', #3469, #529, #2908, .T. ) ;
#1939 = DIRECTION ( 'NONE',  ( -1.000000000000000000, -1.255908398897235388E-14, 6.279541994486176939E-16 ) ) ;
#1940 = CARTESIAN_POINT ( 'NONE',  ( -21.39863412230886297, -90.71849985018492646, 43.65100016294014296 ) ) ;
#1941 = CARTESIAN_POINT ( 'NONE',  ( -22.04967442650869813, -90.80182220161627527, 15.14287354901250282 ) ) ;
#1942 = CARTESIAN_POINT ( 'NONE',  ( -31.74704027301324061, -90.33183105229566934, 58.26642372226760358 ) ) ;
#1943 = ORIENTED_EDGE ( 'NONE', *, *, #807, .F. ) ;
#1944 = CARTESIAN_POINT ( 'NONE',  ( -21.11908691297340468, -89.38455663007569285, 39.87349033056460001 ) ) ;
#1945 = LINE ( 'NONE', #3108, #3686 ) ;
#1946 = ORIENTED_EDGE ( 'NONE', *, *, #3123, .F. ) ;
#1947 = DIRECTION ( 'NONE',  ( 7.209618598295287804E-16, 0.0006981316444339967812, 0.9999997563060737393 ) ) ;
#1948 = CARTESIAN_POINT ( 'NONE',  ( -18.59972472540585287, -90.80909654611888016, 21.72189567260105392 ) ) ;
#1949 = DIRECTION ( 'NONE',  ( 5.984971799148289338E-16, 0.0006981316444339968896, 0.9999997563060738504 ) ) ;
#1950 = FACE_OUTER_BOUND ( 'NONE', #832, .T. ) ;
#1951 = CARTESIAN_POINT ( 'NONE',  ( -19.99967442650869742, -90.80224108060291144, 14.54287369522879914 ) ) ;
#1952 = AXIS2_PLACEMENT_3D ( 'NONE', #681, #2717, #969 ) ;
#1953 = EDGE_CURVE ( 'NONE', #2475, #3109, #2442, .T. ) ;
#1954 = ORIENTED_EDGE ( 'NONE', *, *, #507, .F. ) ;
#1955 = CYLINDRICAL_SURFACE ( 'NONE', #3426, 5.725000000000000533 ) ;
#1956 = CARTESIAN_POINT ( 'NONE',  ( -21.23946225938406585, -90.13199892540089309, 43.02400485998910540 ) ) ;
#1957 = ADVANCED_FACE ( 'NONE', ( #2031 ), #3784, .F. ) ;
#1958 = CARTESIAN_POINT ( 'NONE',  ( -27.04344913024130292, -91.92963250174270229, 54.33569665411344829 ) ) ;
#1959 = ORIENTED_EDGE ( 'NONE', *, *, #780, .F. ) ;
#1960 = LINE ( 'NONE', #2861, #104 ) ;
#1961 = CIRCLE ( 'NONE', #2926, 4.224999999999999645 ) ;
#1962 = DIRECTION ( 'NONE',  ( -5.984971799148288352E-16, -0.0006981316444339967812, -0.9999997563060737393 ) ) ;
#1963 = VECTOR ( 'NONE', #2569, 1000.000000000000114 ) ;
#1964 = ORIENTED_EDGE ( 'NONE', *, *, #125, .T. ) ;
#1965 = DIRECTION ( 'NONE',  ( -7.209618598295287804E-16, -0.0006981316444339968896, -0.9999997563060738504 ) ) ;
#1966 = CARTESIAN_POINT ( 'NONE',  ( -18.63950084725384215, -91.22161811860300418, 23.00476360375578722 ) ) ;
#1967 = FACE_OUTER_BOUND ( 'NONE', #2260, .T. ) ;
#1968 = ORIENTED_EDGE ( 'NONE', *, *, #125, .F. ) ;
#1969 = DIRECTION ( 'NONE',  ( -0.03489955956158435901, 0.0003366709592405276808, 0.9993907681157919720 ) ) ;
#1970 = VERTEX_POINT ( 'NONE', #3497 ) ;
#1971 = CIRCLE ( 'NONE', #2286, 7.225000000000002309 ) ;
#1972 = CARTESIAN_POINT ( 'NONE',  ( -18.91006295046328844, -89.84811852094067319, 36.14465205359404365 ) ) ;
#1973 = CARTESIAN_POINT ( 'NONE',  ( -34.54513522209303744, -90.77630108126632535, 51.69917970436596732 ) ) ;
#1974 = EDGE_LOOP ( 'NONE', ( #215, #3618 ) ) ;
#1975 = CARTESIAN_POINT ( 'NONE',  ( -22.98732710785241906, -90.43617879397966419, 42.77618133453206895 ) ) ;
#1976 = CARTESIAN_POINT ( 'NONE',  ( -21.31670035483891468, -90.30732022874020970, 43.32748530603230108 ) ) ;
#1977 = EDGE_CURVE ( 'NONE', #142, #1999, #2288, .T. ) ;
#1978 = CIRCLE ( 'NONE', #1246, 2.349999999999978773 ) ;
#1979 =( BOUNDED_CURVE ( )  B_SPLINE_CURVE ( 3, ( #318, #2695, #3259, #2122 ),
 .UNSPECIFIED., .F., .F. ) 
 B_SPLINE_CURVE_WITH_KNOTS ( ( 4, 4 ),
 ( 1.570796326794899445, 2.610654010716009221 ),
 .UNSPECIFIED. ) 
 CURVE ( )  GEOMETRIC_REPRESENTATION_ITEM ( )  RATIONAL_B_SPLINE_CURVE ( ( 1.000000000000000000, 0.9119030229979877555, 0.9119030229979877555, 1.000000000000000000 ) ) 
 REPRESENTATION_ITEM ( '' )  );
#1980 = DIRECTION ( 'NONE',  ( -1.000000000000000000, -1.212033869678118431E-14, 6.060169348390591561E-16 ) ) ;
#1981 = CARTESIAN_POINT ( 'NONE',  ( -26.68150614690936706, -90.00158350618369241, 60.35717927283931061 ) ) ;
#1982 = ORIENTED_EDGE ( 'NONE', *, *, #3748, .T. ) ;
#1983 = CARTESIAN_POINT ( 'NONE',  ( -21.23273412942739569, -91.65618652972230507, 40.97177290738768107 ) ) ;
#1984 = EDGE_CURVE ( 'NONE', #1396, #1840, #1890, .T. ) ;
#1985 = CARTESIAN_POINT ( 'NONE',  ( -19.99967442650867611, -88.72316439718483139, 56.19143237550577652 ) ) ;
#1986 = ORIENTED_EDGE ( 'NONE', *, *, #2024, .F. ) ;
#1987 = DIRECTION ( 'NONE',  ( -7.209618598295287804E-16, -0.0006981316444339968896, -0.9999997563060738504 ) ) ;
#1988 = DIRECTION ( 'NONE',  ( -7.209618598295287804E-16, -0.0006981316444339968896, -0.9999997563060738504 ) ) ;
#1989 = EDGE_CURVE ( 'NONE', #771, #3615, #3206, .T. ) ;
#1990 = AXIS2_PLACEMENT_3D ( 'NONE', #554, #1725, #1980 ) ;
#1991 = DIRECTION ( 'NONE',  ( 5.984971799148289338E-16, 0.0006981316444339968896, 0.9999997563060738504 ) ) ;
#1992 = ORIENTED_EDGE ( 'NONE', *, *, #2072, .T. ) ;
#1993 = CARTESIAN_POINT ( 'NONE',  ( -27.67867934632072746, -89.90689055820944020, 36.10021807165108498 ) ) ;
#1994 = ORIENTED_EDGE ( 'NONE', *, *, #549, .T. ) ;
#1995 = CARTESIAN_POINT ( 'NONE',  ( -27.67638254956345989, -86.84593901360955215, 36.09868964156803628 ) ) ;
#1996 = CARTESIAN_POINT ( 'NONE',  ( -22.95579542294133191, -90.38565713714240246, 42.72739997323078143 ) ) ;
#1997 = CARTESIAN_POINT ( 'NONE',  ( -20.70474099481081254, -89.56283669904277644, 37.60891605337449306 ) ) ;
#1998 = DIRECTION ( 'NONE',  ( 7.209618598295286818E-16, 0.0006981316444339967812, 0.9999997563060737393 ) ) ;
#1999 = VERTEX_POINT ( 'NONE', #2925 ) ;
#2000 = CARTESIAN_POINT ( 'NONE',  ( -18.58722624962421932, -90.79084533730797091, 30.86607091572996708 ) ) ;
#2001 = CARTESIAN_POINT ( 'NONE',  ( -19.99967442650869742, -90.80070519098521231, 16.74287315910220286 ) ) ;
#2002 = ORIENTED_EDGE ( 'NONE', *, *, #592, .T. ) ;
#2003 = VECTOR ( 'NONE', #3025, 1000.000000000000114 ) ;
#2004 = DIRECTION ( 'NONE',  ( 0.7071067811865459074, -0.0004936536199310147645, -0.7071066088689214046 ) ) ;
#2005 = EDGE_CURVE ( 'NONE', #3321, #2350, #1280, .T. ) ;
#2006 = DIRECTION ( 'NONE',  ( 1.286166911541079770E-14, -0.9999997563060737393, 0.0006981316444339967812 ) ) ;
#2007 = CARTESIAN_POINT ( 'NONE',  ( -22.80692248439575209, -90.19389900097282009, 42.49631879606144480 ) ) ;
#2008 = ORIENTED_EDGE ( 'NONE', *, *, #3423, .F. ) ;
#2009 = ADVANCED_FACE ( 'NONE', ( #2641 ), #1458, .T. ) ;
#2010 = ORIENTED_EDGE ( 'NONE', *, *, #27, .T. ) ;
#2011 = DIRECTION ( 'NONE',  ( 0.000000000000000000, -0.9999997563060737393, 0.0006981316444339967812 ) ) ;
#2012 = CARTESIAN_POINT ( 'NONE',  ( -19.99967442650871163, -89.38577078346006033, 38.13434399878806147 ) ) ;
#2013 = DIRECTION ( 'NONE',  ( 0.000000000000000000, -0.9999997563060737393, 0.0006981316444346827559 ) ) ;
#2014 = DIRECTION ( 'NONE',  ( 0.000000000000000000, -0.9999997563060737393, 0.0006981316444339967812 ) ) ;
#2015 = ORIENTED_EDGE ( 'NONE', *, *, #2568, .T. ) ;
#2016 = CARTESIAN_POINT ( 'NONE',  ( -19.99967442650869742, -90.80611571122959447, 8.992875047730100491 ) ) ;
#2017 = CARTESIAN_POINT ( 'NONE',  ( -18.59967442650869884, -89.30334726905799414, 16.54182775716030207 ) ) ;
#2018 = ORIENTED_EDGE ( 'NONE', *, *, #1077, .T. ) ;
#2019 = CARTESIAN_POINT ( 'NONE',  ( -19.99967442650867611, -90.77316389761227811, 56.19286354537678108 ) ) ;
#2020 = CARTESIAN_POINT ( 'NONE',  ( -21.00646395445450310, -92.18589782725231885, 37.95334458513882936 ) ) ;
#2021 = AXIS2_PLACEMENT_3D ( 'NONE', #167, #2834, #3359 ) ;
#2022 = CARTESIAN_POINT ( 'NONE',  ( -21.50088761839827711, -91.00486506757424365, 41.58802915256826083 ) ) ;
#2023 = EDGE_LOOP ( 'NONE', ( #207, #3693, #538, #2204 ) ) ;
#2024 = EDGE_CURVE ( 'NONE', #23, #3282, #2890, .T. ) ;
#2025 = DIRECTION ( 'NONE',  ( -7.209618598295287804E-16, -0.0006981316444339968896, -0.9999997563060738504 ) ) ;
#2026 = VERTEX_POINT ( 'NONE', #3223 ) ;
#2027 = CARTESIAN_POINT ( 'NONE',  ( -18.70780679606152219, -90.24154026801814155, 39.23597239146840820 ) ) ;
#2028 = EDGE_CURVE ( 'NONE', #3689, #1434, #536, .T. ) ;
#2029 = CARTESIAN_POINT ( 'NONE',  ( -21.67296107985667319, -91.15242967700557131, 37.83150691381067077 ) ) ;
#2030 = AXIS2_PLACEMENT_3D ( 'NONE', #2332, #253, #541 ) ;
#2031 = FACE_OUTER_BOUND ( 'NONE', #1905, .T. ) ;
#2032 = EDGE_CURVE ( 'NONE', #3071, #924, #2754, .T. ) ;
#2033 =( BOUNDED_CURVE ( )  B_SPLINE_CURVE ( 3, ( #1105, #1944, #2498, #213 ),
 .UNSPECIFIED., .F., .T. ) 
 B_SPLINE_CURVE_WITH_KNOTS ( ( 4, 4 ),
 ( 1.570796326794896114, 2.610654010716420004 ),
 .UNSPECIFIED. ) 
 CURVE ( )  GEOMETRIC_REPRESENTATION_ITEM ( )  RATIONAL_B_SPLINE_CURVE ( ( 1.000000000000000000, 0.9119030229979190327, 0.9119030229979190327, 1.000000000000000000 ) ) 
 REPRESENTATION_ITEM ( '' )  );
#2034 = FACE_OUTER_BOUND ( 'NONE', #2283, .T. ) ;
#2035 = ORIENTED_EDGE ( 'NONE', *, *, #573, .F. ) ;
#2036 = DIRECTION ( 'NONE',  ( -7.209618598295286818E-16, -0.0006981316444339967812, -0.9999997563060737393 ) ) ;
#2037 = CARTESIAN_POINT ( 'NONE',  ( -20.22301481351462016, -89.39805358202553975, 39.01489174517054437 ) ) ;
#2038 = VERTEX_POINT ( 'NONE', #2875 ) ;
#2039 = CARTESIAN_POINT ( 'NONE',  ( -36.22467442650869884, -90.80789385628671084, 6.445870284629839908 ) ) ;
#2040 =( GEOMETRIC_REPRESENTATION_CONTEXT ( 3 ) GLOBAL_UNCERTAINTY_ASSIGNED_CONTEXT ( ( #3045 ) ) GLOBAL_UNIT_ASSIGNED_CONTEXT ( ( #2057, #254, #1482 ) ) REPRESENTATION_CONTEXT ( 'NONE', 'WORKASPACE' ) );
#2041 = CARTESIAN_POINT ( 'NONE',  ( -19.11130226646018571, -89.70161843108162714, 36.64081508916181917 ) ) ;
#2042 = CIRCLE ( 'NONE', #2529, 6.224999999999999645 ) ;
#2043 = CARTESIAN_POINT ( 'NONE',  ( -19.60754190260763608, -92.13537203411958387, 30.05690384603920151 ) ) ;
#2044 = VERTEX_POINT ( 'NONE', #552 ) ;
#2045 = CARTESIAN_POINT ( 'NONE',  ( -18.59967442650869884, -89.40070553215659288, 16.74189577480000324 ) ) ;
#2046 = VERTEX_POINT ( 'NONE', #1724 ) ;
#2047 = CARTESIAN_POINT ( 'NONE',  ( -22.24967442650870098, -93.05196127963390040, 14.94444439395120128 ) ) ;
#2048 = ADVANCED_FACE ( 'NONE', ( #265 ), #1440, .T. ) ;
#2049 = CARTESIAN_POINT ( 'NONE',  ( -21.17507128050683463, -91.57445817540242672, 37.62479476893343389 ) ) ;
#2050 = CARTESIAN_POINT ( 'NONE',  ( -24.99967442650860150, -94.50599980787670518, 20.88221229720599936 ) ) ;
#2051 = CARTESIAN_POINT ( 'NONE',  ( -23.08167278657118970, -90.78242759704049547, 42.92358862796371710 ) ) ;
#2052 = ADVANCED_FACE ( 'NONE', ( #3480 ), #2622, .T. ) ;
#2053 = ORIENTED_EDGE ( 'NONE', *, *, #2028, .F. ) ;
#2054 = DIRECTION ( 'NONE',  ( -0.7313537016191689055, 0.0004761246365688680629, 0.6819981938636421326 ) ) ;
#2055 = CARTESIAN_POINT ( 'NONE',  ( -20.99570438053033428, -89.45456804074068202, 39.68184902592685859 ) ) ;
#2056 = DIRECTION ( 'NONE',  ( 7.209618598295290763E-16, 0.0006981316444339968896, 0.9999997563060738504 ) ) ;
#2057 =( LENGTH_UNIT ( ) NAMED_UNIT ( * ) SI_UNIT ( .MILLI., .METRE. ) );
#2058 = CARTESIAN_POINT ( 'NONE',  ( -19.29155182157888859, -89.58446165221864987, 26.35382377014124344 ) ) ;
#2059 = CARTESIAN_POINT ( 'NONE',  ( -18.60659882440305424, -90.92814349135724683, 39.95805969825806869 ) ) ;
#2060 = ORIENTED_EDGE ( 'NONE', *, *, #2538, .T. ) ;
#2061 = CARTESIAN_POINT ( 'NONE',  ( -19.02244812435303345, -92.14353381255823194, 30.44982732173297535 ) ) ;
#2062 = CARTESIAN_POINT ( 'NONE',  ( -19.60811238614243379, -89.44726893275507962, 30.07598538971293678 ) ) ;
#2063 = CARTESIAN_POINT ( 'NONE',  ( -19.99967442650871163, -90.80716430495947122, 7.490875413758375956 ) ) ;
#2064 = CARTESIAN_POINT ( 'NONE',  ( -20.86003983789954930, -89.66668485801886845, 37.49322990979616321 ) ) ;
#2065 = DIRECTION ( 'NONE',  ( -1.286166911541079770E-14, 0.9999997563060737393, -0.0006981316444339967812 ) ) ;
#2066 = EDGE_CURVE ( 'NONE', #1363, #1418, #1765, .T. ) ;
#2067 = DIRECTION ( 'NONE',  ( 1.000000000000000000, 1.286116265481140035E-14, -7.299408223452109304E-16 ) ) ;
#2068 = CARTESIAN_POINT ( 'NONE',  ( -21.54077188464412274, -84.05892833457710367, 40.77159841692272124 ) ) ;
#2069 = ORIENTED_EDGE ( 'NONE', *, *, #1047, .F. ) ;
#2070 = DIRECTION ( 'NONE',  ( -0.000000000000000000, 0.0006981316444387218427, 0.9999997563060739614 ) ) ;
#2071 = LINE ( 'NONE', #363, #2487 ) ;
#2072 = EDGE_CURVE ( 'NONE', #2574, #2229, #2145, .T. ) ;
#2073 = VECTOR ( 'NONE', #2036, 1000.000000000000114 ) ;
#2074 = CARTESIAN_POINT ( 'NONE',  ( -19.99967442650862282, -97.51076880344699305, 38.14001631839908413 ) ) ;
#2075 = LINE ( 'NONE', #2649, #2104 ) ;
#2076 = CARTESIAN_POINT ( 'NONE',  ( -19.59825004687136740, -89.44888947501326015, 31.73821493105795355 ) ) ;
#2077 = CARTESIAN_POINT ( 'NONE',  ( -18.61581254372368477, -90.99953447368442028, 39.88899997844391976 ) ) ;
#2078 = ORIENTED_EDGE ( 'NONE', *, *, #3055, .T. ) ;
#2079 = EDGE_CURVE ( 'NONE', #529, #489, #3464, .T. ) ;
#2080 = CARTESIAN_POINT ( 'NONE',  ( -18.59968022127286957, -90.81161314018660846, 39.84611470733225502 ) ) ;
#2081 = CIRCLE ( 'NONE', #1836, 0.9999999999999970024 ) ;
#2082 = FACE_OUTER_BOUND ( 'NONE', #3182, .T. ) ;
#2083 = FACE_OUTER_BOUND ( 'NONE', #3466, .T. ) ;
#2084 = DIRECTION ( 'NONE',  ( 5.984971799148289338E-16, 0.0006981316444339968896, 0.9999997563060738504 ) ) ;
#2085 = CARTESIAN_POINT ( 'NONE',  ( -21.31251340345357903, -91.26843899921931325, 43.31164159462321095 ) ) ;
#2086 = UNCERTAINTY_MEASURE_WITH_UNIT (LENGTH_MEASURE( 1.000000000000000082E-05 ), #2363, 'distance_accuracy_value', 'NONE');
#2087 = DIRECTION ( 'NONE',  ( -1.000000000000000000, -1.313873401923262340E-14, 4.105854381010194814E-16 ) ) ;
#2088 = VECTOR ( 'NONE', #3485, 1000.000000000000227 ) ;
#2089 = CARTESIAN_POINT ( 'NONE',  ( -18.52483080086560818, -90.81795153678292820, 22.12230944331339444 ) ) ;
#2090 = ORIENTED_EDGE ( 'NONE', *, *, #1674, .F. ) ;
#2091 = CARTESIAN_POINT ( 'NONE',  ( -22.76432749382641418, -91.40261004594896121, 42.43026979644410090 ) ) ;
#2092 = CARTESIAN_POINT ( 'NONE',  ( -19.99967442650869742, -90.80084481731410051, 16.54287320784099791 ) ) ;
#2093 = DIRECTION ( 'NONE',  ( 5.984971799148289338E-16, 0.0006981316444339968896, 0.9999997563060738504 ) ) ;
#2094 = CARTESIAN_POINT ( 'NONE',  ( -26.61692269926364318, -91.97446514214539093, 60.14376526966870529 ) ) ;
#2095 = EDGE_CURVE ( 'NONE', #2350, #3321, #3212, .T. ) ;
#2096 = CARTESIAN_POINT ( 'NONE',  ( -18.39351885127061692, -90.50191168805862674, 38.68729425575956071 ) ) ;
#2097 = CARTESIAN_POINT ( 'NONE',  ( -22.13188023673761862, -91.19999222326600830, 42.27712688557708276 ) ) ;
#2098 = ORIENTED_EDGE ( 'NONE', *, *, #2608, .T. ) ;
#2099 = DIRECTION ( 'NONE',  ( 1.000000000000000000, 1.224646500708366505E-16, -8.549646837328293924E-20 ) ) ;
#2100 = VECTOR ( 'NONE', #695, 1000.000000000000114 ) ;
#2101 = CARTESIAN_POINT ( 'NONE',  ( -18.63193012791612801, -91.18017509646979590, 38.84517521389826555 ) ) ;
#2102 = ADVANCED_FACE ( 'NONE', ( #3000 ), #2432, .F. ) ;
#2103 = CARTESIAN_POINT ( 'NONE',  ( -18.58722624962421932, -91.75086448622097635, 25.70887575352628218 ) ) ;
#2104 = VECTOR ( 'NONE', #869, 999.9999999999998863 ) ;
#2105 = DIRECTION ( 'NONE',  ( 5.984971799148289338E-16, 0.0006981316444339968896, 0.9999997563060738504 ) ) ;
#2106 = LINE ( 'NONE', #2679, #114 ) ;
#2107 = DIRECTION ( 'NONE',  ( 0.000000000000000000, -0.9999997563060738504, 0.0006981316444339783498 ) ) ;
#2108 = DIRECTION ( 'NONE',  ( -0.7313537016191685725, 0.0004761246366041584099, 0.6819981938636425767 ) ) ;
#2109 = ORIENTED_EDGE ( 'NONE', *, *, #530, .F. ) ;
#2110 = CARTESIAN_POINT ( 'NONE',  ( -23.01490988216111333, -91.07498199833803199, 42.81935543508343045 ) ) ;
#2111 = CARTESIAN_POINT ( 'NONE',  ( -21.38003790050773034, -90.08976275894785601, 41.30945489976901541 ) ) ;
#2112 = CARTESIAN_POINT ( 'NONE',  ( -21.39967442650866047, -90.78352262214127677, 41.35510016458715654 ) ) ;
#2113 = CARTESIAN_POINT ( 'NONE',  ( -25.89871654661574141, -96.61487899531762480, 48.24855845941588939 ) ) ;
#2114 = VERTEX_POINT ( 'NONE', #2718 ) ;
#2115 = DIRECTION ( 'NONE',  ( 5.984971799148288352E-16, 0.0006981316444339967812, 0.9999997563060737393 ) ) ;
#2116 = B_SPLINE_CURVE_WITH_KNOTS ( 'NONE', 3,
 ( #993, #3301, #685, #2454, #1839, #2395, #2377, #954, #2089, #665, #914, #3533, #3245, #3004, #1498, #1820, #2984, #3551, #1802, #360 ),
 .UNSPECIFIED., .F., .F.,
 ( 4, 2, 2, 2, 2, 2, 2, 2, 2, 4 ),
 ( 3.900836748217000239E-05, 5.417940275319009638E-05, 6.935043802421019714E-05, 9.969250856625325825E-05, 0.0001603766496503393805, 0.0002817449318185116249, 0.0005244814961548682026, 0.001009954624827591333, 0.001980900882173050170, 0.003922793396863978252 ),
 .UNSPECIFIED. ) ;
#2117 = CARTESIAN_POINT ( 'NONE',  ( -18.59967442650868819, -90.78446122389931361, 40.01063828100777187 ) ) ;
#2118 = ORIENTED_EDGE ( 'NONE', *, *, #507, .T. ) ;
#2119 = EDGE_CURVE ( 'NONE', #1157, #3580, #1204, .T. ) ;
#2120 = CARTESIAN_POINT ( 'NONE',  ( -17.74967442650870098, -88.55210200258539999, 14.74130285029010068 ) ) ;
#2121 = CARTESIAN_POINT ( 'NONE',  ( -18.64383614250399290, -91.22687768913604600, 38.66463432781535658 ) ) ;
#2122 = CARTESIAN_POINT ( 'NONE',  ( -21.20693947182789429, -91.49132751955107778, 42.89556285831120874 ) ) ;
#2123 = EDGE_CURVE ( 'NONE', #547, #2229, #3646, .T. ) ;
#2124 = AXIS2_PLACEMENT_3D ( 'NONE', #3255, #1276, #2387 ) ;
#2125 = FACE_OUTER_BOUND ( 'NONE', #3573, .T. ) ;
#2126 = CARTESIAN_POINT ( 'NONE',  ( -24.99967442650860150, -94.50398447541249425, 23.76896293967019957 ) ) ;
#2127 = PLANE ( 'NONE',  #2610 ) ;
#2128 = DIRECTION ( 'NONE',  ( -0.000000000000000000, 0.0006981316444387218427, 0.9999997563060739614 ) ) ;
#2129 = VERTEX_POINT ( 'NONE', #342 ) ;
#2130 = CARTESIAN_POINT ( 'NONE',  ( -22.70962477384293265, -91.45012753650665616, 42.34568067207602837 ) ) ;
#2131 = CARTESIAN_POINT ( 'NONE',  ( -21.63219245814950398, -90.55982891382311095, 41.88969898936416314 ) ) ;
#2132 = CARTESIAN_POINT ( 'NONE',  ( -31.37563349422103087, -92.51372569093233267, 57.63146849082347245 ) ) ;
#2133 = VERTEX_POINT ( 'NONE', #3318 ) ;
#2134 = DIRECTION ( 'NONE',  ( -0.9993907641600132674, 0.0003366709592406142543, -0.03489967283986883384 ) ) ;
#2135 = CARTESIAN_POINT ( 'NONE',  ( -22.24967442650870098, -87.22619315485799518, 14.54037714240140033 ) ) ;
#2136 = ORIENTED_EDGE ( 'NONE', *, *, #946, .F. ) ;
#2137 = VECTOR ( 'NONE', #3483, 1000.000000000000114 ) ;
#2138 = CARTESIAN_POINT ( 'NONE',  ( -19.99967442650869742, -90.80789385628649768, 6.445870284629830138 ) ) ;
#2139 = CARTESIAN_POINT ( 'NONE',  ( -18.83816293016258925, -92.02137531883188615, 27.65615246083072165 ) ) ;
#2140 = EDGE_CURVE ( 'NONE', #3109, #3689, #623, .T. ) ;
#2141 = CARTESIAN_POINT ( 'NONE',  ( -34.32572911160729490, -90.77644391865730711, 51.49458024620689400 ) ) ;
#2142 = CARTESIAN_POINT ( 'NONE',  ( -19.99967442650869742, -90.80646477705180075, 8.492875169577059680 ) ) ;
#2143 = ADVANCED_FACE ( 'NONE', ( #377 ), #1454, .F. ) ;
#2144 = CARTESIAN_POINT ( 'NONE',  ( -18.97589176895016294, -89.46130713683976410, 32.58349825386036969 ) ) ;
#2145 = LINE ( 'NONE', #3262, #647 ) ;
#2146 = CARTESIAN_POINT ( 'NONE',  ( -34.54513522209303744, -90.77630108126632535, 51.69917970436596732 ) ) ;
#2147 = ADVANCED_FACE ( 'NONE', ( #3590 ), #2127, .T. ) ;
#2148 = VERTEX_POINT ( 'NONE', #68 ) ;
#2149 = CARTESIAN_POINT ( 'NONE',  ( -18.59972472540585287, -90.80909654611888016, 21.72189567260105392 ) ) ;
#2150 = DIRECTION ( 'NONE',  ( 0.000000000000000000, -0.9999997563060738504, 0.0006981316444353877042 ) ) ;
#2151 = CARTESIAN_POINT ( 'NONE',  ( -31.61500560894601364, -91.86748276758646625, 58.04122847336474678 ) ) ;
#2152 = ORIENTED_EDGE ( 'NONE', *, *, #2398, .F. ) ;
#2153 = DIRECTION ( 'NONE',  ( -0.7313537016191684614, 0.0004761246366041583557, 0.6819981938636427987 ) ) ;
#2154 = CARTESIAN_POINT ( 'NONE',  ( -25.52467442650888074, -90.80716290869625595, 7.492875413270993157 ) ) ;
#2155 = VERTEX_POINT ( 'NONE', #2451 ) ;
#2156 = LINE ( 'NONE', #698, #31 ) ;
#2157 = CARTESIAN_POINT ( 'NONE',  ( -19.60904717828598720, -92.13468761387282768, 31.66542044774811515 ) ) ;
#2158 = FACE_OUTER_BOUND ( 'NONE', #866, .T. ) ;
#2159 = AXIS2_PLACEMENT_3D ( 'NONE', #641, #373, #2940 ) ;
#2160 = CARTESIAN_POINT ( 'NONE',  ( -21.75992895005518335, -84.23657849034385947, 37.02393480621954325 ) ) ;
#2161 = AXIS2_PLACEMENT_3D ( 'NONE', #467, #3075, #1908 ) ;
#2162 = CARTESIAN_POINT ( 'NONE',  ( -18.60019952098984675, -90.68177821152080753, 22.00296607386960090 ) ) ;
#2163 = CARTESIAN_POINT ( 'NONE',  ( -18.69545169701039811, -89.68295132498040800, 26.55897464897627458 ) ) ;
#2164 = CARTESIAN_POINT ( 'NONE',  ( -21.23041439793947305, -91.44967892694339184, 42.98885829891200672 ) ) ;
#2165 = AXIS2_PLACEMENT_3D ( 'NONE', #1247, #2682, #1226 ) ;
#2166 = EDGE_CURVE ( 'NONE', #1426, #2519, #1885, .T. ) ;
#2167 = ORIENTED_EDGE ( 'NONE', *, *, #3059, .F. ) ;
#2168 = AXIS2_PLACEMENT_3D ( 'NONE', #2272, #267, #1101 ) ;
#2169 = CARTESIAN_POINT ( 'NONE',  ( -22.75147499728147693, -91.41423352173869432, 42.41035738338432992 ) ) ;
#2170 = EDGE_CURVE ( 'NONE', #1664, #547, #2182, .T. ) ;
#2171 = CARTESIAN_POINT ( 'NONE',  ( -27.41520544688516736, -90.16446396060793234, 55.18944553636815442 ) ) ;
#2172 = CARTESIAN_POINT ( 'NONE',  ( -19.99967442650869742, -90.80426625785089811, 11.64202144106310044 ) ) ;
#2173 = CARTESIAN_POINT ( 'NONE',  ( -18.52501166923203968, -90.77609018395553164, 22.12159590355942385 ) ) ;
#2174 = ORIENTED_EDGE ( 'NONE', *, *, #459, .F. ) ;
#2175 = CARTESIAN_POINT ( 'NONE',  ( -21.39967442650869955, -92.20070484981370385, 16.74385054340439893 ) ) ;
#2176 = CARTESIAN_POINT ( 'NONE',  ( -18.61365870852061732, -91.08340918927898144, 39.19477598868152768 ) ) ;
#2177 = EDGE_LOOP ( 'NONE', ( #1716, #3753 ) ) ;
#2178 = DIRECTION ( 'NONE',  ( 5.984971799148289338E-16, 0.0006981316444339968896, 0.9999997563060738504 ) ) ;
#2179 = ORIENTED_EDGE ( 'NONE', *, *, #2501, .F. ) ;
#2180 = CARTESIAN_POINT ( 'NONE',  ( -18.45642002757948674, -90.70218729545997860, 22.42538393853858025 ) ) ;
#2181 = DIRECTION ( 'NONE',  ( -1.000000000000000000, -1.344560756466452746E-14, 4.802002701665903087E-16 ) ) ;
#2182 = LINE ( 'NONE', #1307, #2250 ) ;
#2183 = AXIS2_PLACEMENT_3D ( 'NONE', #2995, #1849, #371 ) ;
#2184 = ORIENTED_EDGE ( 'NONE', *, *, #1473, .T. ) ;
#2185 = ORIENTED_EDGE ( 'NONE', *, *, #2245, .T. ) ;
#2186 = CARTESIAN_POINT ( 'NONE',  ( -21.23610028226236679, -90.12566519179586066, 43.01060563945773652 ) ) ;
#2187 = EDGE_CURVE ( 'NONE', #2904, #2328, #1814, .T. ) ;
#2188 = AXIS2_PLACEMENT_3D ( 'NONE', #2016, #269, #539 ) ;
#2189 = CARTESIAN_POINT ( 'NONE',  ( -27.77826285671417850, -85.70993917791794559, 51.46191722933921397 ) ) ;
#2190 = VERTEX_POINT ( 'NONE', #434 ) ;
#2191 = CARTESIAN_POINT ( 'NONE',  ( -22.24967442650870098, -94.38321083444111537, 7.495371966098370642 ) ) ;
#2192 = EDGE_CURVE ( 'NONE', #1363, #2904, #2472, .T. ) ;
#2193 = CARTESIAN_POINT ( 'NONE',  ( -14.99967442650880045, -80.79781963090459840, 20.87264218050470177 ) ) ;
#2194 = VERTEX_POINT ( 'NONE', #2778 ) ;
#2195 = CARTESIAN_POINT ( 'NONE',  ( -17.74967442650880045, -87.22605352852909277, 14.74037709366269944 ) ) ;
#2196 = CARTESIAN_POINT ( 'NONE',  ( -19.99967442650869742, -90.79354934162969926, 26.99287066123939738 ) ) ;
#2197 = EDGE_CURVE ( 'NONE', #2194, #2516, #720, .T. ) ;
#2198 = ORIENTED_EDGE ( 'NONE', *, *, #835, .T. ) ;
#2199 = CARTESIAN_POINT ( 'NONE',  ( -19.99967442650875782, -84.06077208113012489, 38.13062644778145227 ) ) ;
#2200 = VERTEX_POINT ( 'NONE', #168 ) ;
#2201 = CARTESIAN_POINT ( 'NONE',  ( -18.53998476159092590, -89.90362531771503996, 25.34466743305841874 ) ) ;
#2202 = CARTESIAN_POINT ( 'NONE',  ( -12.77467442651767193, -90.79539879500831034, 24.34372426790649158 ) ) ;
#2203 = CARTESIAN_POINT ( 'NONE',  ( -19.99967442650869742, -90.80702328236729670, 7.692875364532200777 ) ) ;
#2204 = ORIENTED_EDGE ( 'NONE', *, *, #1165, .T. ) ;
#2205 = CARTESIAN_POINT ( 'NONE',  ( -22.76432189556819097, -90.16292986223029970, 42.42939592338943555 ) ) ;
#2206 = CARTESIAN_POINT ( 'NONE',  ( -21.34465703366101863, -90.39343378404943508, 43.43861545646018385 ) ) ;
#2207 = B_SPLINE_CURVE_WITH_KNOTS ( 'NONE', 3,
 ( #2149, #3247, #2739, #1877, #2379 ),
 .UNSPECIFIED., .F., .F.,
 ( 4, 1, 4 ),
 ( 0.03826936816362821320, 0.03827529109559015680, 0.03828121402755210040 ),
 .UNSPECIFIED. ) ;
#2208 = CARTESIAN_POINT ( 'NONE',  ( -21.39967442650868890, -90.78649897735667196, 37.09177193749075485 ) ) ;
#2209 = CARTESIAN_POINT ( 'NONE',  ( -27.23982263688983352, -89.67425713105092200, 54.78575036062150616 ) ) ;
#2210 = ORIENTED_EDGE ( 'NONE', *, *, #502, .T. ) ;
#2211 = LINE ( 'NONE', #3368, #39 ) ;
#2212 = CARTESIAN_POINT ( 'NONE',  ( -18.47578349831717048, -90.72655037814421064, 22.33146926549071409 ) ) ;
#2213 = ORIENTED_EDGE ( 'NONE', *, *, #3100, .F. ) ;
#2214 = CARTESIAN_POINT ( 'NONE',  ( -18.58722624962421222, -89.83082618839485178, 36.02326607793315816 ) ) ;
#2215 = ADVANCED_FACE ( 'NONE', ( #150 ), #163, .T. ) ;
#2216 = CARTESIAN_POINT ( 'NONE',  ( -18.73457718722521292, -91.39987945266614133, 22.67587633418050430 ) ) ;
#2217 = VECTOR ( 'NONE', #2768, 1000.000000000000114 ) ;
#2218 = ORIENTED_EDGE ( 'NONE', *, *, #1938, .F. ) ;
#2219 = AXIS2_PLACEMENT_3D ( 'NONE', #2592, #2929, #1174 ) ;
#2220 = EDGE_CURVE ( 'NONE', #2803, #2133, #3360, .T. ) ;
#2221 = CARTESIAN_POINT ( 'NONE',  ( -25.54769620510301564, -86.87340414166648372, 35.72024092193762357 ) ) ;
#2222 = ORIENTED_EDGE ( 'NONE', *, *, #3319, .T. ) ;
#2223 = CARTESIAN_POINT ( 'NONE',  ( -18.58960645565046121, -89.83032925747281183, 25.72862927283788892 ) ) ;
#2224 = FACE_OUTER_BOUND ( 'NONE', #1257, .T. ) ;
#2225 = VECTOR ( 'NONE', #1471, 1000.000000000000114 ) ;
#2226 = CARTESIAN_POINT ( 'NONE',  ( -19.99967442650869742, -97.51819863696604784, 27.49756547470131807 ) ) ;
#2227 = STYLED_ITEM ( 'NONE', ( #2630 ), #908 ) ;
#2228 = AXIS2_PLACEMENT_3D ( 'NONE', #2335, #198, #2973 ) ;
#2229 = VERTEX_POINT ( 'NONE', #1053 ) ;
#2230 = DIRECTION ( 'NONE',  ( -7.209618598295287804E-16, -0.0006981316444339968896, -0.9999997563060738504 ) ) ;
#2231 = LINE ( 'NONE', #766, #906 ) ;
#2232 = AXIS2_PLACEMENT_3D ( 'NONE', #3448, #2892, #3766 ) ;
#2233 = CARTESIAN_POINT ( 'NONE',  ( -26.03433761805253610, -87.79570549456907713, 58.20328914778151841 ) ) ;
#2234 = VERTEX_POINT ( 'NONE', #2226 ) ;
#2235 = CARTESIAN_POINT ( 'NONE',  ( -19.99967442650869742, -90.80210145427409429, 14.74287364648999876 ) ) ;
#2236 = CARTESIAN_POINT ( 'NONE',  ( -19.99967442650869742, -90.80084481731410051, 16.54287320784099791 ) ) ;
#2237 = ORIENTED_EDGE ( 'NONE', *, *, #946, .T. ) ;
#2238 = CARTESIAN_POINT ( 'NONE',  ( -19.99967442650871163, -84.08216594380093056, 7.486180478449557363 ) ) ;
#2239 = CARTESIAN_POINT ( 'NONE',  ( -18.39269368345003386, -91.26678115463505492, 23.66302391480316203 ) ) ;
#2240 = EDGE_CURVE ( 'NONE', #2423, #2200, #2314, .T. ) ;
#2241 = CARTESIAN_POINT ( 'NONE',  ( -26.14032004234936224, -94.91973192783316904, 36.51129344919950626 ) ) ;
#2242 = CARTESIAN_POINT ( 'NONE',  ( -18.65550697226739629, -90.39539072297917244, 22.13306054162095649 ) ) ;
#2243 = CARTESIAN_POINT ( 'NONE',  ( -27.67867834538902017, -90.78375712555384780, 36.10083050528832160 ) ) ;
#2244 = B_SPLINE_CURVE_WITH_KNOTS ( 'NONE', 3,
 ( #2632, #1469, #2059, #2077, #313, #3579, #1522, #2406, #1256, #636, #1484, #2, #40, #3217, #923, #1769, #2708, #2043, #1752, #3253, #3563, #3200, #2653, #579, #1200, #2367, #1808, #1788, #2955, #350, #2689, #2919, #1179, #294 ),
 .UNSPECIFIED., .F., .F.,
 ( 4, 2, 2, 2, 2, 2, 2, 2, 2, 2, 2, 2, 2, 2, 2, 2, 4 ),
 ( 0.01904963402429116562, 0.01919978819725475308, 0.01934994237021834401, 0.01965025071614550159, 0.02025086740799978552, 0.02145210079170835338, 0.02385456755912547522, 0.02625703432654260053, 0.02865950109395972584, 0.03106196786137684074, 0.03346443462879395564, 0.03586690139621107054, 0.03706813477991963146, 0.03766875147177389804, 0.03796905981770104521, 0.03811921399066463267, 0.03826936816362821320 ),
 .UNSPECIFIED. ) ;
#2245 = EDGE_CURVE ( 'NONE', #3209, #1429, #955, .T. ) ;
#2246 = VERTEX_POINT ( 'NONE', #3625 ) ;
#2247 = CARTESIAN_POINT ( 'NONE',  ( -39.66461113342721490, -90.77296820881009864, 56.47316706141146625 ) ) ;
#2248 = ORIENTED_EDGE ( 'NONE', *, *, #642, .T. ) ;
#2249 = CARTESIAN_POINT ( 'NONE',  ( -21.31500739496235752, -90.30266167556615642, 43.32080016411222090 ) ) ;
#2250 = VECTOR ( 'NONE', #1627, 1000.000000000000000 ) ;
#2251 = CARTESIAN_POINT ( 'NONE',  ( -31.76594138221373953, -90.55161840559458142, 58.29896792670971450 ) ) ;
#2252 = VERTEX_POINT ( 'NONE', #3544 ) ;
#2253 = FACE_OUTER_BOUND ( 'NONE', #462, .T. ) ;
#2254 = DIRECTION ( 'NONE',  ( -0.000000000000000000, -0.0006981316444284907689, -0.9999997563060738504 ) ) ;
#2255 = VERTEX_POINT ( 'NONE', #407 ) ;
#2256 = CARTESIAN_POINT ( 'NONE',  ( -18.43320353702034708, -90.08678406411283390, 37.26085560003139108 ) ) ;
#2257 = CARTESIAN_POINT ( 'NONE',  ( -18.39061072734885016, -91.10492352458713583, 23.12612419171336953 ) ) ;
#2258 = B_SPLINE_CURVE_WITH_KNOTS ( 'NONE', 3,
 ( #2760, #3553, #2721, #3303, #1268, #975, #1534, #400, #2397, #2435, #2110, #3265, #687, #1289, #2456, #3028, #3616, #649, #1213, #51, #916, #2987, #2702, #3322, #3283, #362, #1569, #995, #2091, #71, #2169, #957, #1250, #2130, #706, #668, #3047, #419, #1804, #2968 ),
 .UNSPECIFIED., .F., .F.,
 ( 4, 2, 2, 2, 1, 2, 2, 1, 2, 2, 1, 1, 2, 2, 1, 1, 1, 2, 2, 1, 2, 2, 1, 1, 4 ),
 ( 0.000000000000000000, 0.06250000000005169476, 0.1250000000001033895, 0.1562500000001273981, 0.1875000000001514067, 0.2500000000002278733, 0.2812500000002702838, 0.3125000000003126388, 0.3750000000003612666, 0.3906250000003628764, 0.4062500000003645417, 0.4375000000003797518, 0.5000000000004022338, 0.5156250000004006795, 0.5312500000003992362, 0.5625000000003743672, 0.6250000000003244072, 0.7500000000001950662, 0.7812500000001683098, 0.8125000000001415534, 0.8750000000000859313, 0.8906250000000792699, 0.9062500000000727196, 0.9375000000000462963, 1.000000000000000000 ),
 .UNSPECIFIED. ) ;
#2259 = CARTESIAN_POINT ( 'NONE',  ( -23.08167278393959165, -90.56787063020237838, 42.92343883572169005 ) ) ;
#2260 = EDGE_LOOP ( 'NONE', ( #3758, #3287, #2606 ) ) ;
#2261 = CARTESIAN_POINT ( 'NONE',  ( -24.71878171379984224, -85.40888510479477702, 36.88127861310687194 ) ) ;
#2262 = ORIENTED_EDGE ( 'NONE', *, *, #241, .T. ) ;
#2263 = CARTESIAN_POINT ( 'NONE',  ( -18.97128942903053073, -89.46832075201490397, 32.51899263396451545 ) ) ;
#2264 = CARTESIAN_POINT ( 'NONE',  ( -21.39967442650869955, -89.30320764272920542, 16.74182770842149992 ) ) ;
#2265 = AXIS2_PLACEMENT_3D ( 'NONE', #2362, #2054, #3210 ) ;
#2266 = CIRCLE ( 'NONE', #786, 5.725000000000000533 ) ;
#2267 = EDGE_CURVE ( 'NONE', #3340, #2967, #1506, .T. ) ;
#2268 = ORIENTED_EDGE ( 'NONE', *, *, #1144, .F. ) ;
#2269 = DIRECTION ( 'NONE',  ( 5.984971799148289338E-16, 0.0006981316444339968896, 0.9999997563060738504 ) ) ;
#2270 = CARTESIAN_POINT ( 'NONE',  ( -19.99967442650869742, -90.80210145427409429, 14.74287364648999876 ) ) ;
#2271 = AXIS2_PLACEMENT_3D ( 'NONE', #2446, #1241, #3606 ) ;
#2272 = CARTESIAN_POINT ( 'NONE',  ( -19.99967442650869742, -90.79177119657281025, 29.53987542434269997 ) ) ;
#2273 = ADVANCED_FACE ( 'NONE', ( #1006 ), #2858, .T. ) ;
#2274 = CARTESIAN_POINT ( 'NONE',  ( -31.69511060605931263, -90.00310541729504621, 58.17720254208887809 ) ) ;
#2275 = ORIENTED_EDGE ( 'NONE', *, *, #3475, .F. ) ;
#2276 = DIRECTION ( 'NONE',  ( -7.209618598295288790E-16, -0.0006981316444339968896, -0.9999997563060738504 ) ) ;
#2277 = AXIS2_PLACEMENT_3D ( 'NONE', #2804, #1312, #3388 ) ;
#2278 = FACE_OUTER_BOUND ( 'NONE', #3560, .T. ) ;
#2279 = VERTEX_POINT ( 'NONE', #2120 ) ;
#2280 = CARTESIAN_POINT ( 'NONE',  ( -18.51225878072734332, -90.75361105264192929, 39.56163221772872163 ) ) ;
#2281 = CARTESIAN_POINT ( 'NONE',  ( -21.39967442650869955, -92.29834236557010740, 16.54391865852159782 ) ) ;
#2282 = DIRECTION ( 'NONE',  ( 0.6819982711663323816, 0.000000000000000000, 0.7313537845161763862 ) ) ;
#2283 = EDGE_LOOP ( 'NONE', ( #2136, #2434, #1640, #145, #1689, #1994, #1111, #1669, #50 ) ) ;
#2284 = CARTESIAN_POINT ( 'NONE',  ( -23.58799578004790121, -96.55496455316965410, 36.57910213097169816 ) ) ;
#2285 = ORIENTED_EDGE ( 'NONE', *, *, #949, .T. ) ;
#2286 = AXIS2_PLACEMENT_3D ( 'NONE', #2172, #3326, #1294 ) ;
#2287 = CARTESIAN_POINT ( 'NONE',  ( -18.59967442650871305, -90.73439475982601721, 40.01060332801620945 ) ) ;
#2288 =( BOUNDED_CURVE ( )  B_SPLINE_CURVE ( 3, ( #2050, #246, #283, #1423 ),
 .UNSPECIFIED., .F., .T. ) 
 B_SPLINE_CURVE_WITH_KNOTS ( ( 4, 4 ),
 ( 2.503465576437392759, 3.141592653589779349 ),
 .UNSPECIFIED. ) 
 CURVE ( )  GEOMETRIC_REPRESENTATION_ITEM ( )  RATIONAL_B_SPLINE_CURVE ( ( 1.000000000000000000, 0.9663530541786045092, 0.9663530541786045092, 1.000000000000000000 ) ) 
 REPRESENTATION_ITEM ( '' )  );
#2289 = CARTESIAN_POINT ( 'NONE',  ( -21.37350336894921909, -89.92557953107530011, 37.88506800821399167 ) ) ;
#2290 = DIRECTION ( 'NONE',  ( 1.000000000000000000, 1.353930517835556934E-14, 0.000000000000000000 ) ) ;
#2291 = EDGE_CURVE ( 'NONE', #2836, #653, #1633, .T. ) ;
#2292 = AXIS2_PLACEMENT_3D ( 'NONE', #2993, #2440, #464 ) ;
#2293 = CARTESIAN_POINT ( 'NONE',  ( -18.42541318606314960, -90.94308893208733480, 39.09190536704188901 ) ) ;
#2294 = EDGE_LOOP ( 'NONE', ( #164, #2938, #2720, #675 ) ) ;
#2295 = LINE ( 'NONE', #2607, #1407 ) ;
#2296 = DIRECTION ( 'NONE',  ( 1.000000000000000000, 1.286116265481140035E-14, -7.299408223452109304E-16 ) ) ;
#2297 = ORIENTED_EDGE ( 'NONE', *, *, #1094, .F. ) ;
#2298 = AXIS2_PLACEMENT_3D ( 'NONE', #1833, #2998, #3548 ) ;
#2299 = EDGE_CURVE ( 'NONE', #2246, #2194, #2444, .T. ) ;
#2300 = CARTESIAN_POINT ( 'NONE',  ( -17.74967442650870098, -88.55196237625649758, 14.94130280155130031 ) ) ;
#2301 = CARTESIAN_POINT ( 'NONE',  ( -22.46766734428899426, -97.17662862167563276, 43.81577954634406069 ) ) ;
#2302 = DIRECTION ( 'NONE',  ( -1.000000000000000000, -1.337618101958019679E-14, 5.573408758158414673E-16 ) ) ;
#2303 = VERTEX_POINT ( 'NONE', #42 ) ;
#2304 = CARTESIAN_POINT ( 'NONE',  ( -19.99967442650869742, -90.80716290869619911, 7.492875413270989604 ) ) ;
#2305 = ORIENTED_EDGE ( 'NONE', *, *, #454, .F. ) ;
#2306 = CARTESIAN_POINT ( 'NONE',  ( -13.77467442650934970, -92.14942827696076222, 14.39980874867067939 ) ) ;
#2307 = CARTESIAN_POINT ( 'NONE',  ( -19.99967442650867611, -92.18577010111707182, 38.13629876739247493 ) ) ;
#2308 = DIRECTION ( 'NONE',  ( 0.000000000000000000, -0.9999997563060737393, 0.0006981316444339967812 ) ) ;
#2309 = DIRECTION ( 'NONE',  ( -1.000000000000000000, -1.286116265481140035E-14, 7.299408223452109304E-16 ) ) ;
#2310 = ORIENTED_EDGE ( 'NONE', *, *, #2985, .F. ) ;
#2311 = CARTESIAN_POINT ( 'NONE',  ( -21.39967442650868890, -90.78649897735667196, 37.09177193749075485 ) ) ;
#2312 = CARTESIAN_POINT ( 'NONE',  ( -18.59967442650869884, -89.40070553215659288, 16.74189577480000324 ) ) ;
#2313 = VERTEX_POINT ( 'NONE', #2175 ) ;
#2314 = CIRCLE ( 'NONE', #2799, 6.724999999999999645 ) ;
#2315 = DIRECTION ( 'NONE',  ( -5.984971799148289338E-16, -0.0006981316444339968896, -0.9999997563060738504 ) ) ;
#2316 = CARTESIAN_POINT ( 'NONE',  ( -21.75992894908995723, -97.33164806289151727, 43.99413770370715326 ) ) ;
#2317 = ADVANCED_FACE ( 'NONE', ( #1239 ), #532, .T. ) ;
#2318 = FACE_OUTER_BOUND ( 'NONE', #1541, .T. ) ;
#2319 = ORIENTED_EDGE ( 'NONE', *, *, #3319, .F. ) ;
#2320 = CIRCLE ( 'NONE', #2188, 7.224999999999998757 ) ;
#2321 = DIRECTION ( 'NONE',  ( 0.6819982711663323816, 0.000000000000000000, 0.7313537845161763862 ) ) ;
#2322 = ORIENTED_EDGE ( 'NONE', *, *, #2119, .T. ) ;
#2323 = CARTESIAN_POINT ( 'NONE',  ( -19.57630344820996982, -89.45596354857639199, 29.28752387382614941 ) ) ;
#2324 = CARTESIAN_POINT ( 'NONE',  ( -23.02955792662152490, -90.52232709256249166, 42.84170838498031486 ) ) ;
#2325 = CARTESIAN_POINT ( 'NONE',  ( -21.26229878977347809, -91.41834546581544885, 37.58675817197455871 ) ) ;
#2326 = DIRECTION ( 'NONE',  ( 0.6819982711663332697, 0.000000000000000000, 0.7313537845161756090 ) ) ;
#2327 = CARTESIAN_POINT ( 'NONE',  ( -18.53841275690428247, -90.79790640809351032, 39.66006917484120464 ) ) ;
#2328 = VERTEX_POINT ( 'NONE', #2711 ) ;
#2329 = FACE_OUTER_BOUND ( 'NONE', #482, .T. ) ;
#2330 = PLANE ( 'NONE',  #280 ) ;
#2331 = ORIENTED_EDGE ( 'NONE', *, *, #226, .F. ) ;
#2332 = CARTESIAN_POINT ( 'NONE',  ( -33.15556318901662536, -90.77720571807587646, 50.40338313602505593 ) ) ;
#2333 = CARTESIAN_POINT ( 'NONE',  ( -18.44899841159062248, -90.07941887619220722, 37.20791049529812966 ) ) ;
#2334 = VECTOR ( 'NONE', #84, 1000.000000000000114 ) ;
#2335 = CARTESIAN_POINT ( 'NONE',  ( -19.99967442650869742, -90.80196182794520610, 14.94287359775120194 ) ) ;
#2336 = VERTEX_POINT ( 'NONE', #676 ) ;
#2337 = ADVANCED_FACE ( 'NONE', ( #3565 ), #3331, .T. ) ;
#2338 = CYLINDRICAL_SURFACE ( 'NONE', #1607, 7.224999999999998757 ) ;
#2339 = CARTESIAN_POINT ( 'NONE',  ( -19.36770036291086328, -89.53822317420701893, 26.92548576811257632 ) ) ;
#2340 = ADVANCED_FACE ( 'NONE', ( #2976 ), #1869, .F. ) ;
#2341 = CARTESIAN_POINT ( 'NONE',  ( -23.08167278657118970, -90.78242759704049547, 42.92358862796371710 ) ) ;
#2342 = CARTESIAN_POINT ( 'NONE',  ( -19.99967442650867611, -92.18577010111707182, 38.13629876739247493 ) ) ;
#2343 = AXIS2_PLACEMENT_3D ( 'NONE', #426, #2484, #1661 ) ;
#2344 = CARTESIAN_POINT ( 'NONE',  ( -18.59967442650869884, -92.29806311291228837, 16.94391856104400063 ) ) ;
#2345 = VERTEX_POINT ( 'NONE', #3310 ) ;
#2346 = DIRECTION ( 'NONE',  ( 0.000000000000000000, -0.9999997563060738504, 0.0006981316444335928075 ) ) ;
#2347 = CARTESIAN_POINT ( 'NONE',  ( -19.99967442650869742, -90.80646477705180075, 8.492875169577059680 ) ) ;
#2348 = CARTESIAN_POINT ( 'NONE',  ( -18.80669342495731655, -90.05045591628775981, 38.58515017562344696 ) ) ;
#2349 = CARTESIAN_POINT ( 'NONE',  ( -22.65738077639060322, -91.49176781011541948, 42.26489318362339276 ) ) ;
#2350 = VERTEX_POINT ( 'NONE', #1886 ) ;
#2351 = DIRECTION ( 'NONE',  ( -1.000000000000000000, -1.344560756466452746E-14, 4.802002701665903087E-16 ) ) ;
#2352 = AXIS2_PLACEMENT_3D ( 'NONE', #1702, #491, #1665 ) ;
#2353 = EDGE_CURVE ( 'NONE', #1478, #2591, #1542, .T. ) ;
#2354 = CARTESIAN_POINT ( 'NONE',  ( -18.68087007349314632, -90.31851972169295095, 22.31138619270685908 ) ) ;
#2355 = CARTESIAN_POINT ( 'NONE',  ( -22.24967442650870098, -88.55224162891430240, 14.54130289902879980 ) ) ;
#2356 = EDGE_CURVE ( 'NONE', #3096, #489, #2156, .T. ) ;
#2357 = CARTESIAN_POINT ( 'NONE',  ( -21.11920800244020313, -89.92598782589925577, 37.30022884727477361 ) ) ;
#2358 = CARTESIAN_POINT ( 'NONE',  ( -19.99967442650867611, -90.77295445811894581, 56.49286347226858140 ) ) ;
#2359 = DIRECTION ( 'NONE',  ( 0.8660254037846399910, 0.0003490658222278935924, 0.4999998781526882041 ) ) ;
#2360 = CARTESIAN_POINT ( 'NONE',  ( -22.97986628920546437, -84.73420072035776229, 48.04260504752544847 ) ) ;
#2361 = ORIENTED_EDGE ( 'NONE', *, *, #712, .T. ) ;
#2362 = CARTESIAN_POINT ( 'NONE',  ( -34.32572911160729490, -90.77644391865730711, 51.49458024620689400 ) ) ;
#2363 =( LENGTH_UNIT ( ) NAMED_UNIT ( * ) SI_UNIT ( .MILLI., .METRE. ) );
#2364 = FACE_OUTER_BOUND ( 'NONE', #3740, .T. ) ;
#2365 = CARTESIAN_POINT ( 'NONE',  ( -24.99967442650870453, -87.09366524498270223, 15.10353341176350028 ) ) ;
#2366 = CARTESIAN_POINT ( 'NONE',  ( -19.34352977861402323, -89.55592598142943928, 26.75965430120598754 ) ) ;
#2367 = CARTESIAN_POINT ( 'NONE',  ( -18.70905715625581678, -91.34307142591575257, 22.50462692404709131 ) ) ;
#2368 = ORIENTED_EDGE ( 'NONE', *, *, #568, .T. ) ;
#2369 =( BOUNDED_CURVE ( )  B_SPLINE_CURVE ( 3, ( #6, #3509, #2370, #890 ),
 .UNSPECIFIED., .F., .T. ) 
 B_SPLINE_CURVE_WITH_KNOTS ( ( 4, 4 ),
 ( 3.672531296463138251, 4.712388980384689674 ),
 .UNSPECIFIED. ) 
 CURVE ( )  GEOMETRIC_REPRESENTATION_ITEM ( )  RATIONAL_B_SPLINE_CURVE ( ( 1.000000000000000000, 0.9119030229979145918, 0.9119030229979145918, 1.000000000000000000 ) ) 
 REPRESENTATION_ITEM ( '' )  );
#2370 = CARTESIAN_POINT ( 'NONE',  ( -20.50816836387044617, -89.38437118191453123, 40.13912521107418740 ) ) ;
#2371 = DIRECTION ( 'NONE',  ( -0.008470662340264754203, -0.9992264220851602152, 0.03840319370061157089 ) ) ;
#2372 = DIRECTION ( 'NONE',  ( -1.000000000000000000, -9.912705577010336396E-15, 0.000000000000000000 ) ) ;
#2373 = CARTESIAN_POINT ( 'NONE',  ( -19.99967442650867611, -92.82407096917749811, 54.89429503204995342 ) ) ;
#2374 = CARTESIAN_POINT ( 'NONE',  ( -19.99967442650867966, -90.77428090824338369, 54.59286393528702064 ) ) ;
#2375 = ADVANCED_FACE ( 'NONE', ( #1524 ), #3037, .T. ) ;
#2376 = CARTESIAN_POINT ( 'NONE',  ( -21.11908691297294283, -92.18455594773270434, 39.87544509916834556 ) ) ;
#2377 = CARTESIAN_POINT ( 'NONE',  ( -18.53791848067490378, -90.80858580558275150, 22.07471224051567660 ) ) ;
#2378 = ORIENTED_EDGE ( 'NONE', *, *, #1888, .T. ) ;
#2379 = CARTESIAN_POINT ( 'NONE',  ( -18.59967442650870240, -90.79722945071584661, 21.72150355045211256 ) ) ;
#2380 = EDGE_CURVE ( 'NONE', #3580, #2255, #284, .T. ) ;
#2381 = AXIS2_PLACEMENT_3D ( 'NONE', #3174, #301, #2308 ) ;
#2382 = CARTESIAN_POINT ( 'NONE',  ( -21.67761421111768527, -90.60027292489186834, 41.99419013015990743 ) ) ;
#2383 = CARTESIAN_POINT ( 'NONE',  ( -27.17504588793269704, -89.58500984168369996, 54.63671169460967292 ) ) ;
#2384 = CARTESIAN_POINT ( 'NONE',  ( -18.83637856169296754, -90.00495119806633681, 38.39531154798558532 ) ) ;
#2385 = DIRECTION ( 'NONE',  ( -1.286103335430340194E-14, 1.000000000000000000, 0.000000000000000000 ) ) ;
#2386 = ORIENTED_EDGE ( 'NONE', *, *, #2474, .T. ) ;
#2387 = DIRECTION ( 'NONE',  ( 0.000000000000000000, -0.9999997563060738504, 0.0006981316443913850337 ) ) ;
#2388 = CARTESIAN_POINT ( 'NONE',  ( -18.60070671675971354, -90.83821935334437114, 40.00280429438072360 ) ) ;
#2389 = AXIS2_PLACEMENT_3D ( 'NONE', #3275, #965, #1203 ) ;
#2390 = DIRECTION ( 'NONE',  ( 7.209618598295286818E-16, 0.0006981316444339967812, 0.9999997563060737393 ) ) ;
#2391 = DIRECTION ( 'NONE',  ( 5.984971799148288352E-16, 0.0006981316444339967812, 0.9999997563060737393 ) ) ;
#2392 = CARTESIAN_POINT ( 'NONE',  ( -19.99967442650862282, -97.51076880344699305, 38.14001631839908413 ) ) ;
#2393 = CARTESIAN_POINT ( 'NONE',  ( -18.59967442650869884, -90.10084498789980501, 16.54238451568980039 ) ) ;
#2394 = AXIS2_PLACEMENT_3D ( 'NONE', #19, #1987, #1448 ) ;
#2395 = CARTESIAN_POINT ( 'NONE',  ( -18.54062409312166082, -90.80679240111582828, 22.06520271187121907 ) ) ;
#2396 = ORIENTED_EDGE ( 'NONE', *, *, #734, .T. ) ;
#2397 = CARTESIAN_POINT ( 'NONE',  ( -23.04247794404851390, -91.01003644494231537, 42.86216138975713363 ) ) ;
#2398 = EDGE_CURVE ( 'NONE', #1446, #2526, #82, .T. ) ;
#2399 = DIRECTION ( 'NONE',  ( 1.000000000000000000, 0.000000000000000000, 0.000000000000000000 ) ) ;
#2400 = DIRECTION ( 'NONE',  ( -7.209618598295289776E-16, -0.0006981316444339968896, -0.9999997563060738504 ) ) ;
#2401 = CARTESIAN_POINT ( 'NONE',  ( -31.58206801208139680, -91.97597234317764503, 57.98485917028831693 ) ) ;
#2402 = ORIENTED_EDGE ( 'NONE', *, *, #2220, .T. ) ;
#2403 = AXIS2_PLACEMENT_3D ( 'NONE', #1507, #581, #854 ) ;
#2404 = CARTESIAN_POINT ( 'NONE',  ( -34.77306575539333977, -90.77706288068489471, 49.10870733592598469 ) ) ;
#2405 = EDGE_CURVE ( 'NONE', #460, #2600, #2425, .T. ) ;
#2406 = CARTESIAN_POINT ( 'NONE',  ( -18.68781185710602344, -91.28117720655930611, 39.37289777670729052 ) ) ;
#2407 = ORIENTED_EDGE ( 'NONE', *, *, #72, .F. ) ;
#2408 = DIRECTION ( 'NONE',  ( 7.209618598295287804E-16, 0.0006981316444339968896, 0.9999997563060738504 ) ) ;
#2409 = CONICAL_SURFACE ( 'NONE', #444, 1.399999999999994138, 0.7853981633974442822 ) ;
#2410 = CARTESIAN_POINT ( 'NONE',  ( -19.27976790437286425, -92.03169606159487159, 32.46030081560308389 ) ) ;
#2411 = CARTESIAN_POINT ( 'NONE',  ( -18.59967442650869884, -92.29834236557010740, 16.54391865852159782 ) ) ;
#2412 = AXIS2_PLACEMENT_3D ( 'NONE', #1206, #1243, #2372 ) ;
#2413 = DIRECTION ( 'NONE',  ( 1.000000000000000000, 1.344560756466452746E-14, -9.604005403331806173E-16 ) ) ;
#2414 = FACE_OUTER_BOUND ( 'NONE', #452, .T. ) ;
#2415 = CARTESIAN_POINT ( 'NONE',  ( -21.32741835325254343, -91.22656165813243945, 43.37055442590430232 ) ) ;
#2416 = CARTESIAN_POINT ( 'NONE',  ( -19.99967442650876137, -84.06077208113012489, 38.13062644778145227 ) ) ;
#2417 = VERTEX_POINT ( 'NONE', #2747 ) ;
#2418 = DIRECTION ( 'NONE',  ( -1.000000000000000000, -1.313873401923262340E-14, 4.105854381010194814E-16 ) ) ;
#2419 = DIRECTION ( 'NONE',  ( 1.000000000000000000, 1.353930517835556934E-14, 0.000000000000000000 ) ) ;
#2420 = CARTESIAN_POINT ( 'NONE',  ( -24.44373432431176951, -95.84197710978781970, 52.91888535123684534 ) ) ;
#2421 = CARTESIAN_POINT ( 'NONE',  ( -18.54998059622936779, -90.78120552070619453, 39.69980897354798088 ) ) ;
#2422 = DIRECTION ( 'NONE',  ( 1.296540729449793094E-14, -0.9999997563060738504, 0.0006981316444339685920 ) ) ;
#2423 = VERTEX_POINT ( 'NONE', #1576 ) ;
#2424 =( BOUNDED_SURFACE ( )  B_SPLINE_SURFACE ( 3, 2, ( 
 ( #463, #3715, #3698 ),
 ( #3072, #3346, #748 ),
 ( #2573, #1351, #1638 ),
 ( #3409, #522, #1336 ),
 ( #1062, #1410, #2517 ),
 ( #231, #1983, #483 ),
 ( #3659, #1083, #1369 ),
 ( #3127, #1656, #3145 ),
 ( #3733, #1122, #443 ),
 ( #1616, #2788, #158 ) ),
 .UNSPECIFIED., .F., .F., .T. ) 
 B_SPLINE_SURFACE_WITH_KNOTS ( ( 4, 2, 2, 2, 4 ),
 ( 3, 3 ),
 ( 0.000000000000000000, 0.1718871983570671724, 0.3437743967141343449, 0.5156615950712015728, 0.6875487934282686897 ),
 ( 0.000000000000000000, 1.000000000000000000 ),
 .UNSPECIFIED. ) 
 GEOMETRIC_REPRESENTATION_ITEM ( )  RATIONAL_B_SPLINE_SURFACE ( (
 ( 1.000000000000000000, 1.000000000000000000, 1.000000000000000000),
 ( 1.000000000000000000, 1.000045956680779780, 1.000000000000000000),
 ( 1.000000000000000000, 0.9922286515704105136, 1.000000000000000000),
 ( 1.000000000000000000, 0.9581670291845877374, 1.000000000000000000),
 ( 1.000000000000000000, 0.9318012250720463241, 1.000000000000000000),
 ( 1.000000000000000000, 0.8615632827754199363, 1.000000000000000000),
 ( 1.000000000000000000, 0.8176510418945761582, 1.000000000000000000),
 ( 1.000000000000000000, 0.7193122429201317392, 1.000000000000000000),
 ( 1.000000000000000000, 0.6649713652162959621, 1.000000000000000000),
 ( 1.000000000000000000, 0.6120611876258401640, 1.000000000000000000) ) ) 
 REPRESENTATION_ITEM ( '' )  SURFACE ( )  );
#2425 = LINE ( 'NONE', #3583, #3402 ) ;
#2426 = EDGE_CURVE ( 'NONE', #889, #2279, #3350, .T. ) ;
#2427 = CARTESIAN_POINT ( 'NONE',  ( -18.39503918180089315, -91.27519964012039111, 38.00639941402943833 ) ) ;
#2428 = DIRECTION ( 'NONE',  ( 1.296540729449793094E-14, -0.9999997563060738504, 0.0006981316444339685920 ) ) ;
#2429 = AXIS2_PLACEMENT_3D ( 'NONE', #2692, #657, #1829 ) ;
#2430 = DIRECTION ( 'NONE',  ( 7.209618598295288790E-16, 0.0006981316444339968896, 0.9999997563060738504 ) ) ;
#2431 = CARTESIAN_POINT ( 'NONE',  ( -34.54513522209303744, -90.77630108126632535, 51.69917970436596732 ) ) ;
#2432 = PLANE ( 'NONE',  #839 ) ;
#2433 = CYLINDRICAL_SURFACE ( 'NONE', #1131, 4.224999999999996980 ) ;
#2434 = ORIENTED_EDGE ( 'NONE', *, *, #1701, .T. ) ;
#2435 = CARTESIAN_POINT ( 'NONE',  ( -23.02957282299055208, -91.04260000212542536, 42.84209668943056926 ) ) ;
#2436 = CARTESIAN_POINT ( 'NONE',  ( -22.80692248460407612, -91.37155220753791696, 42.49714095355735566 ) ) ;
#2437 = CARTESIAN_POINT ( 'NONE',  ( -31.73286729003093498, -91.32139046191126397, 58.24282637442872357 ) ) ;
#2438 = VERTEX_POINT ( 'NONE', #3054 ) ;
#2439 = DIRECTION ( 'NONE',  ( 1.000000000000000000, 1.286103335430340194E-14, -9.151501271174171213E-16 ) ) ;
#2440 = DIRECTION ( 'NONE',  ( -0.000000000000000000, -0.0006981316444284907689, -0.9999997563060738504 ) ) ;
#2441 = ORIENTED_EDGE ( 'NONE', *, *, #2731, .T. ) ;
#2442 = CIRCLE ( 'NONE', #3531, 2.049999999999999822 ) ;
#2443 = AXIS2_PLACEMENT_3D ( 'NONE', #2856, #2839, #3427 ) ;
#2444 = LINE ( 'NONE', #121, #468 ) ;
#2445 = CARTESIAN_POINT ( 'NONE',  ( -18.60736866569835612, -91.03419285469138345, 39.36308765793907583 ) ) ;
#2446 = CARTESIAN_POINT ( 'NONE',  ( -19.99967442650869742, -90.80386319135810425, 12.21937156955629966 ) ) ;
#2447 = ADVANCED_FACE ( 'NONE', ( #486, #2539 ), #2791, .T. ) ;
#2448 = CARTESIAN_POINT ( 'NONE',  ( -20.88013358282681153, -84.06115857779906264, 37.57701083986153634 ) ) ;
#2449 = DIRECTION ( 'NONE',  ( -1.000000000000000000, -1.255908398897235388E-14, 6.279541994486176939E-16 ) ) ;
#2450 = CARTESIAN_POINT ( 'NONE',  ( -33.44967442650913370, -84.02954330001412586, 82.86255309062569552 ) ) ;
#2451 = CARTESIAN_POINT ( 'NONE',  ( -44.25104950702077389, -90.77296820881009864, 51.55481286054018142 ) ) ;
#2452 = AXIS2_PLACEMENT_3D ( 'NONE', #1035, #765, #1939 ) ;
#2453 = EDGE_CURVE ( 'NONE', #2500, #2591, #679, .T. ) ;
#2454 = CARTESIAN_POINT ( 'NONE',  ( -18.54613723131039649, -90.80309688373311872, 22.04623336183801641 ) ) ;
#2455 = ORIENTED_EDGE ( 'NONE', *, *, #3352, .T. ) ;
#2456 = CARTESIAN_POINT ( 'NONE',  ( -22.97075664995070099, -91.15647213914733982, 42.75106304500435073 ) ) ;
#2457 = LINE ( 'NONE', #1251, #3491 ) ;
#2458 = CONICAL_SURFACE ( 'NONE', #925, 2.049999999999996714, 0.7853981633974469467 ) ;
#2459 = CARTESIAN_POINT ( 'NONE',  ( -27.37766113533826839, -89.95152972007251435, 55.10295085405996218 ) ) ;
#2460 = EDGE_LOOP ( 'NONE', ( #521, #732, #3776, #2010, #2854 ) ) ;
#2461 = CARTESIAN_POINT ( 'NONE',  ( -21.71767584251050920, -90.78527358263161773, 37.82312500254307253 ) ) ;
#2462 = CARTESIAN_POINT ( 'NONE',  ( -22.24967442650870098, -92.85224058103040079, 14.54430486509989962 ) ) ;
#2463 = EDGE_LOOP ( 'NONE', ( #1164, #2015, #2222, #3637 ) ) ;
#2464 = DIRECTION ( 'NONE',  ( -1.200690011550483913E-16, 1.000000000000000000, 0.000000000000000000 ) ) ;
#2465 = CARTESIAN_POINT ( 'NONE',  ( -19.06716614823196920, -91.88882144029693677, 34.84867453150835104 ) ) ;
#2466 = ORIENTED_EDGE ( 'NONE', *, *, #3323, .F. ) ;
#2467 = AXIS2_PLACEMENT_3D ( 'NONE', #2236, #3394, #3699 ) ;
#2468 = CARTESIAN_POINT ( 'NONE',  ( -14.99967442650880045, -80.80185029583310552, 15.09914089557619832 ) ) ;
#2469 = EDGE_LOOP ( 'NONE', ( #1324, #1385, #3040, #2483, #574, #2504, #3534, #1342, #582, #555, #1946, #1755 ) ) ;
#2470 = CARTESIAN_POINT ( 'NONE',  ( -18.59972472540585287, -90.80909654611888016, 21.72189567260105392 ) ) ;
#2471 = LINE ( 'NONE', #2264, #3422 ) ;
#2472 = LINE ( 'NONE', #3633, #1333 ) ;
#2473 = AXIS2_PLACEMENT_3D ( 'NONE', #311, #332, #1767 ) ;
#2474 = EDGE_CURVE ( 'NONE', #1167, #2767, #2829, .T. ) ;
#2475 = VERTEX_POINT ( 'NONE', #772 ) ;
#2476 = EDGE_LOOP ( 'NONE', ( #3501, #667, #99, #152 ) ) ;
#2477 = AXIS2_PLACEMENT_3D ( 'NONE', #1653, #188, #1365 ) ;
#2478 = EDGE_CURVE ( 'NONE', #2026, #142, #1595, .T. ) ;
#2479 = CARTESIAN_POINT ( 'NONE',  ( -28.86778688133160742, -86.33110194689039929, 53.32946434533359792 ) ) ;
#2480 = ORIENTED_EDGE ( 'NONE', *, *, #1953, .T. ) ;
#2481 = DIRECTION ( 'NONE',  ( -1.286103335430340194E-14, 1.000000000000000000, 0.000000000000000000 ) ) ;
#2482 = CARTESIAN_POINT ( 'NONE',  ( -18.53017653547045995, -90.77998522273975368, 22.10239067520195988 ) ) ;
#2483 = ORIENTED_EDGE ( 'NONE', *, *, #1989, .F. ) ;
#2484 = DIRECTION ( 'NONE',  ( -0.7313537016191685725, 0.0004761246366041584099, 0.6819981938636425767 ) ) ;
#2485 = CARTESIAN_POINT ( 'NONE',  ( -18.84597549025281893, -92.02305510783969567, 34.00860925608466090 ) ) ;
#2486 = EDGE_LOOP ( 'NONE', ( #810, #2618, #306, #3005 ) ) ;
#2487 = VECTOR ( 'NONE', #3520, 1000.000000000000114 ) ;
#2488 = CARTESIAN_POINT ( 'NONE',  ( -18.77796116522600300, -90.03786454639352144, 24.48879225189777387 ) ) ;
#2489 = CARTESIAN_POINT ( 'NONE',  ( -31.97687284361137827, -90.77706288068489471, 52.10725785244230224 ) ) ;
#2490 = CARTESIAN_POINT ( 'NONE',  ( -21.36295690306948103, -91.10068690751603526, 43.51186123234251824 ) ) ;
#2491 = AXIS2_PLACEMENT_3D ( 'NONE', #3652, #3337, #3671 ) ;
#2492 = ORIENTED_EDGE ( 'NONE', *, *, #1512, .T. ) ;
#2493 = DIRECTION ( 'NONE',  ( 5.984971799148288352E-16, 0.0006981316444339967812, 0.9999997563060737393 ) ) ;
#2494 = CARTESIAN_POINT ( 'NONE',  ( -21.38913286849248507, -90.60904601135173664, 43.61443362782394928 ) ) ;
#2495 = EDGE_CURVE ( 'NONE', #1629, #3071, #3718, .T. ) ;
#2496 = CARTESIAN_POINT ( 'NONE',  ( -31.02206739659377988, -88.40236079671663560, 57.02269324681638807 ) ) ;
#2497 = ORIENTED_EDGE ( 'NONE', *, *, #2356, .T. ) ;
#2498 = CARTESIAN_POINT ( 'NONE',  ( -22.09057411532420900, -89.63613199636475315, 41.38299272914490246 ) ) ;
#2499 = DIRECTION ( 'NONE',  ( 5.984971799148288352E-16, 0.0006981316444339967812, 0.9999997563060737393 ) ) ;
#2500 = VERTEX_POINT ( 'NONE', #3644 ) ;
#2501 = EDGE_CURVE ( 'NONE', #3477, #1343, #3378, .T. ) ;
#2502 = CARTESIAN_POINT ( 'NONE',  ( -19.99967442650867255, -90.76806753660788729, 63.49286176641108170 ) ) ;
#2503 = CARTESIAN_POINT ( 'NONE',  ( -18.68244842325091426, -91.35442192701319186, 23.55163379352416086 ) ) ;
#2504 = ORIENTED_EDGE ( 'NONE', *, *, #2658, .T. ) ;
#2505 = CARTESIAN_POINT ( 'NONE',  ( -25.37743394063711833, -94.92095681231020876, 34.75677596134769942 ) ) ;
#2506 = EDGE_LOOP ( 'NONE', ( #1745, #1729, #1753, #2598 ) ) ;
#2507 = CARTESIAN_POINT ( 'NONE',  ( -18.61626304620760308, -90.57535029981663399, 21.84661106727033086 ) ) ;
#2508 = PLANE ( 'NONE',  #2021 ) ;
#2509 = DIRECTION ( 'NONE',  ( 7.209618598295287804E-16, 0.0006981316444339967812, 0.9999997563060737393 ) ) ;
#2510 = EDGE_LOOP ( 'NONE', ( #2008, #3367, #1631, #1004 ) ) ;
#2511 = DIRECTION ( 'NONE',  ( 7.209618598295287804E-16, 0.0006981316444339968896, 0.9999997563060738504 ) ) ;
#2512 = EDGE_LOOP ( 'NONE', ( #3203, #2035, #3201, #485 ) ) ;
#2513 = CARTESIAN_POINT ( 'NONE',  ( -21.23384223926693082, -90.12143760346813792, 43.00160251827677627 ) ) ;
#2514 = CARTESIAN_POINT ( 'NONE',  ( -27.41004808262167458, -90.58931486343017525, 55.17788100964907727 ) ) ;
#2515 = EDGE_CURVE ( 'NONE', #2200, #1096, #1066, .T. ) ;
#2516 = VERTEX_POINT ( 'NONE', #2195 ) ;
#2517 = CARTESIAN_POINT ( 'NONE',  ( -20.56687046132181607, -92.07015813999917953, 40.37243844072942522 ) ) ;
#2518 = DIRECTION ( 'NONE',  ( 0.7313537016191687945, -0.0004761246366041584099, -0.6819981938636424657 ) ) ;
#2519 = VERTEX_POINT ( 'NONE', #3681 ) ;
#2520 = CARTESIAN_POINT ( 'NONE',  ( -18.50828223538170647, -89.94307803810190194, 36.64449400323957207 ) ) ;
#2521 = CARTESIAN_POINT ( 'NONE',  ( -18.51276054874766075, -90.82726503207592827, 22.16770769511851924 ) ) ;
#2522 = EDGE_CURVE ( 'NONE', #2252, #80, #752, .T. ) ;
#2523 = AXIS2_PLACEMENT_3D ( 'NONE', #1766, #309, #2648 ) ;
#2524 = ORIENTED_EDGE ( 'NONE', *, *, #526, .T. ) ;
#2525 = CARTESIAN_POINT ( 'NONE',  ( -23.38651206827284312, -84.91104513803396969, 36.00164131832292469 ) ) ;
#2526 = VERTEX_POINT ( 'NONE', #3412 ) ;
#2527 = CARTESIAN_POINT ( 'NONE',  ( -18.91789180414961891, -89.84645090200694995, 25.64957409661985110 ) ) ;
#2528 = PLANE ( 'NONE',  #2627 ) ;
#2529 = AXIS2_PLACEMENT_3D ( 'NONE', #557, #1728, #1084 ) ;
#2530 = ORIENTED_EDGE ( 'NONE', *, *, #2453, .T. ) ;
#2531 = DIRECTION ( 'NONE',  ( 0.000000000000000000, -0.9999997563060738504, 0.0006981316444328379859 ) ) ;
#2532 = CARTESIAN_POINT ( 'NONE',  ( -21.37293284774418822, -90.50950076521027654, 43.55091338594014161 ) ) ;
#2533 = VECTOR ( 'NONE', #305, 1000.000000000000000 ) ;
#2534 = CARTESIAN_POINT ( 'NONE',  ( -26.70307727984923218, -90.22054875623079795, 60.42907331465494991 ) ) ;
#2535 = ORIENTED_EDGE ( 'NONE', *, *, #1441, .F. ) ;
#2536 = DIRECTION ( 'NONE',  ( 7.209618598295291749E-16, 0.0006981316444339968896, 0.9999997563060738504 ) ) ;
#2537 = ORIENTED_EDGE ( 'NONE', *, *, #1705, .T. ) ;
#2538 = EDGE_CURVE ( 'NONE', #474, #1096, #319, .T. ) ;
#2539 = FACE_OUTER_BOUND ( 'NONE', #3032, .T. ) ;
#2540 = CARTESIAN_POINT ( 'NONE',  ( -18.41982520368292242, -91.42167660304926358, 24.21113790377404129 ) ) ;
#2541 = CARTESIAN_POINT ( 'NONE',  ( -21.70326896032817388, -90.91943354345950468, 42.05341484446359601 ) ) ;
#2542 = ORIENTED_EDGE ( 'NONE', *, *, #261, .T. ) ;
#2543 = EDGE_CURVE ( 'NONE', #2423, #3353, #1907, .T. ) ;
#2544 = FACE_OUTER_BOUND ( 'NONE', #3011, .T. ) ;
#2545 = CARTESIAN_POINT ( 'NONE',  ( -18.74948122274245677, -90.15238805130550759, 38.95773047090775520 ) ) ;
#2546 = CARTESIAN_POINT ( 'NONE',  ( -1.597984515044490017, -90.79775027899761142, 20.97547211197466055 ) ) ;
#2547 = EDGE_CURVE ( 'NONE', #438, #3036, #3068, .T. ) ;
#2548 =( BOUNDED_SURFACE ( )  B_SPLINE_SURFACE ( 2, 3, ( 
 ( #3285, #2951, #2436, #1805, #3230, #1520 ),
 ( #3304, #2382, #2131, #3596, #651, #2112 ),
 ( #610, #55, #3268, #690, #1824, #1842 ) ),
 .UNSPECIFIED., .F., .F., .F. ) 
 B_SPLINE_SURFACE_WITH_KNOTS ( ( 3, 3 ),
 ( 4, 2, 4 ),
 ( 0.000000000000000000, 1.000000000000000000 ),
 ( 5.309585628139446456, 5.796705585200280453, 6.283825542261114450 ),
 .UNSPECIFIED. ) 
 GEOMETRIC_REPRESENTATION_ITEM ( )  RATIONAL_B_SPLINE_SURFACE ( (
 ( 1.000000000000000000, 1.000000000000000000, 1.000000000000000000, 1.000000000000000000, 1.000000000000000000, 1.000000000000000000),
 ( 0.6120611876258466033, 0.5854610362634614651, 0.5428942005435518636, 0.4496251705302174440, 0.3985032181019196873, 0.3987490689252424225),
 ( 1.000000000000000000, 1.000000000000000000, 1.000000000000000000, 1.000000000000000000, 1.000000000000000000, 1.000000000000000000) ) ) 
 REPRESENTATION_ITEM ( '' )  SURFACE ( )  );
#2549 = ORIENTED_EDGE ( 'NONE', *, *, #3055, .F. ) ;
#2550 = CARTESIAN_POINT ( 'NONE',  ( -22.65738077639118586, -90.07400779455251438, 42.26390340025199777 ) ) ;
#2551 = FACE_OUTER_BOUND ( 'NONE', #133, .T. ) ;
#2552 = DIRECTION ( 'NONE',  ( -7.209618598295287804E-16, -0.0006981316444339968896, -0.9999997563060738504 ) ) ;
#2553 = DIRECTION ( 'NONE',  ( -7.209618598295288790E-16, -0.0006981316444339968896, -0.9999997563060738504 ) ) ;
#2554 = CARTESIAN_POINT ( 'NONE',  ( -26.72197315640076454, -90.55008727737283891, 60.49214719573769372 ) ) ;
#2555 = EDGE_LOOP ( 'NONE', ( #982, #3374, #2480 ) ) ;
#2556 = DIRECTION ( 'NONE',  ( 0.000000000000000000, -0.7066129552489873733, 0.7076002624888522163 ) ) ;
#2557 = DIRECTION ( 'NONE',  ( 5.984971799148288352E-16, 0.0006981316444339967812, 0.9999997563060737393 ) ) ;
#2558 = ORIENTED_EDGE ( 'NONE', *, *, #3104, .T. ) ;
#2559 = CARTESIAN_POINT ( 'NONE',  ( -18.54328469320638106, -90.77663486139564952, 39.67617476483297878 ) ) ;
#2560 = CARTESIAN_POINT ( 'NONE',  ( -18.55163123184653884, -90.79774898250359172, 22.02776005531273995 ) ) ;
#2561 = CARTESIAN_POINT ( 'NONE',  ( -22.65738077639118586, -90.07400779455251438, 42.26390340025199777 ) ) ;
#2562 = ORIENTED_EDGE ( 'NONE', *, *, #807, .T. ) ;
#2563 = CARTESIAN_POINT ( 'NONE',  ( -22.00963771966205584, -97.33610686752216168, 37.60737099645209014 ) ) ;
#2564 = EDGE_LOOP ( 'NONE', ( #1517, #795, #3419, #1615 ) ) ;
#2565 = ADVANCED_FACE ( 'NONE', ( #2882 ), #1465, .F. ) ;
#2566 = CARTESIAN_POINT ( 'NONE',  ( -19.03515879288207557, -89.75356328115613280, 37.13653896428059653 ) ) ;
#2567 = VECTOR ( 'NONE', #3006, 1000.000000000000114 ) ;
#2568 = EDGE_CURVE ( 'NONE', #3065, #1848, #2575, .T. ) ;
#2569 = DIRECTION ( 'NONE',  ( 7.209618598295287804E-16, 0.0006981316444339967812, 0.9999997563060737393 ) ) ;
#2570 = CIRCLE ( 'NONE', #1287, 2.049999999999999822 ) ;
#2571 = LINE ( 'NONE', #2927, #2715 ) ;
#2572 = ORIENTED_EDGE ( 'NONE', *, *, #1984, .F. ) ;
#2573 = CARTESIAN_POINT ( 'NONE',  ( -20.49134207430302723, -92.17233929075692345, 38.90015652032331417 ) ) ;
#2574 = VERTEX_POINT ( 'NONE', #1430 ) ;
#2575 = LINE ( 'NONE', #2596, #2088 ) ;
#2576 = CARTESIAN_POINT ( 'NONE',  ( -18.81915763848898138, -91.55087089292851488, 23.22699273013775922 ) ) ;
#2577 = CARTESIAN_POINT ( 'NONE',  ( -22.72837382028691167, -90.12885212017967262, 42.37423824433809472 ) ) ;
#2578 = EDGE_LOOP ( 'NONE', ( #2787, #2185 ) ) ;
#2579 = VECTOR ( 'NONE', #850, 1000.000000000000114 ) ;
#2580 = CARTESIAN_POINT ( 'NONE',  ( -25.87588788876734824, -87.40151311755884933, 34.43810808936805046 ) ) ;
#2581 = ORIENTED_EDGE ( 'NONE', *, *, #1473, .F. ) ;
#2582 = AXIS2_PLACEMENT_3D ( 'NONE', #3241, #2659, #621 ) ;
#2583 = CARTESIAN_POINT ( 'NONE',  ( -19.57606260906447559, -89.45382859960470512, 32.44727995347292193 ) ) ;
#2584 = CARTESIAN_POINT ( 'NONE',  ( -22.94896102910349711, -90.37545698795055671, 42.71683166847913071 ) ) ;
#2585 = CARTESIAN_POINT ( 'NONE',  ( -20.20390012906598542, -89.38583277746077727, 38.04554415766641995 ) ) ;
#2586 = DIRECTION ( 'NONE',  ( 7.209618598295289776E-16, 0.0006981316444339968896, 0.9999997563060738504 ) ) ;
#2587 = AXIS2_PLACEMENT_3D ( 'NONE', #907, #1794, #1489 ) ;
#2588 = EDGE_CURVE ( 'NONE', #2328, #1338, #234, .T. ) ;
#2589 = AXIS2_PLACEMENT_3D ( 'NONE', #1451, #3114, #3151 ) ;
#2590 = CARTESIAN_POINT ( 'NONE',  ( -24.22467442650869529, -90.80224108060298249, 14.54287369522880091 ) ) ;
#2591 = VERTEX_POINT ( 'NONE', #1126 ) ;
#2592 = CARTESIAN_POINT ( 'NONE',  ( -19.99967442650869742, -90.80681384287399283, 7.992875291424028639 ) ) ;
#2593 = DIRECTION ( 'NONE',  ( -7.209618598295288790E-16, -0.0006981316444339968896, -0.9999997563060738504 ) ) ;
#2594 = ORIENTED_EDGE ( 'NONE', *, *, #266, .F. ) ;
#2595 = EDGE_CURVE ( 'NONE', #1840, #1396, #1846, .T. ) ;
#2596 = CARTESIAN_POINT ( 'NONE',  ( -12.77467442650869955, -90.80611571122949499, 8.992875047730095162 ) ) ;
#2597 = CARTESIAN_POINT ( 'NONE',  ( -21.20693947182821759, -90.07356750398815848, 42.89457307494014060 ) ) ;
#2598 = ORIENTED_EDGE ( 'NONE', *, *, #190, .F. ) ;
#2599 = CARTESIAN_POINT ( 'NONE',  ( -26.22467442650824410, -90.80646477705185760, 8.492875169577063232 ) ) ;
#2600 = VERTEX_POINT ( 'NONE', #3164 ) ;
#2601 = CARTESIAN_POINT ( 'NONE',  ( -19.45619291840891663, -89.50125605480501179, 27.71258420842394088 ) ) ;
#2602 = CARTESIAN_POINT ( 'NONE',  ( -22.88806060815513987, -90.29423588828436209, 42.62244415233587347 ) ) ;
#2603 = CARTESIAN_POINT ( 'NONE',  ( -20.86003983789986194, -91.90575146423444153, 37.49479307342848244 ) ) ;
#2604 = CARTESIAN_POINT ( 'NONE',  ( -1.597984515044490017, -90.79775027899761142, 20.97547211197466055 ) ) ;
#2605 = CARTESIAN_POINT ( 'NONE',  ( -19.99967441597049955, -93.05196127963380093, 14.94444439395120128 ) ) ;
#2606 = ORIENTED_EDGE ( 'NONE', *, *, #899, .F. ) ;
#2607 = CARTESIAN_POINT ( 'NONE',  ( -3.774674426508698666, -90.80789385628629873, 6.445870284629821256 ) ) ;
#2608 = EDGE_CURVE ( 'NONE', #2038, #2526, #1780, .T. ) ;
#2609 = ORIENTED_EDGE ( 'NONE', *, *, #1719, .T. ) ;
#2610 = AXIS2_PLACEMENT_3D ( 'NONE', #1799, #2944, #1778 ) ;
#2611 = LINE ( 'NONE', #2916, #1235 ) ;
#2612 = CARTESIAN_POINT ( 'NONE',  ( -19.99967442650867966, -92.47407105447038589, 54.89405068597439907 ) ) ;
#2613 = CARTESIAN_POINT ( 'NONE',  ( -18.94203303863353227, -89.48663474664499518, 32.92281430394954356 ) ) ;
#2614 = EDGE_CURVE ( 'NONE', #1412, #2836, #3755, .T. ) ;
#2615 = DIRECTION ( 'NONE',  ( -1.000000000000000000, -1.313873401923262340E-14, 4.105854381010194814E-16 ) ) ;
#2616 = ORIENTED_EDGE ( 'NONE', *, *, #840, .T. ) ;
#2617 = CARTESIAN_POINT ( 'NONE',  ( -18.97421290506807523, -92.11684400005650275, 32.60588839188033461 ) ) ;
#2618 = ORIENTED_EDGE ( 'NONE', *, *, #757, .F. ) ;
#2619 = CARTESIAN_POINT ( 'NONE',  ( -13.77467442650869778, -90.80234161534754378, 14.39886830461484557 ) ) ;
#2620 = CARTESIAN_POINT ( 'NONE',  ( -23.08167278665916200, -90.73152326297625336, 42.92355308993427343 ) ) ;
#2621 = CARTESIAN_POINT ( 'NONE',  ( -21.39967442650869955, -92.29834236557010740, 16.54391865852159782 ) ) ;
#2622 = CYLINDRICAL_SURFACE ( 'NONE', #111, 6.725000000000196820 ) ;
#2623 = CIRCLE ( 'NONE', #1648, 2.249999999999998668 ) ;
#2624 = CARTESIAN_POINT ( 'NONE',  ( -13.77467442650869955, -90.80386319135801898, 12.21937156955629611 ) ) ;
#2625 = ORIENTED_EDGE ( 'NONE', *, *, #1880, .T. ) ;
#2626 = DIRECTION ( 'NONE',  ( 1.000000000000000000, 1.238166941961141264E-14, -5.159028924838088600E-16 ) ) ;
#2627 = AXIS2_PLACEMENT_3D ( 'NONE', #1076, #1052, #3118 ) ;
#2628 = CARTESIAN_POINT ( 'NONE',  ( -14.19722530640529889, -88.17598600389987951, 14.64099468591240694 ) ) ;
#2629 = EDGE_CURVE ( 'NONE', #2336, #3710, #2691, .T. ) ;
#2630 = PRESENTATION_STYLE_ASSIGNMENT (( #1713 ) ) ;
#2631 = AXIS2_PLACEMENT_3D ( 'NONE', #1704, #3221, #534 ) ;
#2632 = CARTESIAN_POINT ( 'NONE',  ( -18.60070671675979170, -90.83821935334420061, 40.00280429438023333 ) ) ;
#2633 = VERTEX_POINT ( 'NONE', #1142 ) ;
#2634 = EDGE_CURVE ( 'NONE', #2417, #736, #132, .T. ) ;
#2635 =( BOUNDED_CURVE ( )  B_SPLINE_CURVE ( 3, ( #1756, #2923, #1995, #3155 ),
 .UNSPECIFIED., .F., .T. ) 
 B_SPLINE_CURVE_WITH_KNOTS ( ( 4, 4 ),
 ( 4.712388980384690562, 6.282674725937142490 ),
 .UNSPECIFIED. ) 
 CURVE ( )  GEOMETRIC_REPRESENTATION_ITEM ( )  RATIONAL_B_SPLINE_CURVE ( ( 1.000000000000000000, 0.8048581839145232397, 0.8048581839145232397, 1.000000000000000000 ) ) 
 REPRESENTATION_ITEM ( '' )  );
#2636 = CARTESIAN_POINT ( 'NONE',  ( -19.02168226536692330, -92.14218251683485050, 31.74553129190852729 ) ) ;
#2637 = ORIENTED_EDGE ( 'NONE', *, *, #3586, .F. ) ;
#2638 = CARTESIAN_POINT ( 'NONE',  ( -19.99967442650869742, -90.80056556465629569, 16.94287311036340071 ) ) ;
#2639 = CARTESIAN_POINT ( 'NONE',  ( -22.94136600095418999, -90.36432059838239184, 42.70508727952100259 ) ) ;
#2640 = CARTESIAN_POINT ( 'NONE',  ( -20.22460085772178573, -92.18579863636001903, 38.09542504935630802 ) ) ;
#2641 = FACE_OUTER_BOUND ( 'NONE', #2744, .T. ) ;
#2642 = CARTESIAN_POINT ( 'NONE',  ( -13.77467442650869422, -90.79732343751163626, 21.58687740435474112 ) ) ;
#2643 = CARTESIAN_POINT ( 'NONE',  ( -25.89871654661089906, -84.94254683311544341, 48.24040963298540419 ) ) ;
#2644 = ORIENTED_EDGE ( 'NONE', *, *, #3034, .T. ) ;
#2645 = DIRECTION ( 'NONE',  ( 1.286166911541079770E-14, -0.9999997563060737393, 0.0006981316444339967812 ) ) ;
#2646 = VECTOR ( 'NONE', #618, 1000.000000000000114 ) ;
#2647 = CARTESIAN_POINT ( 'NONE',  ( -20.72307892834496101, -89.54019111828716859, 39.79816866217602467 ) ) ;
#2648 = DIRECTION ( 'NONE',  ( -1.000000000000000000, -1.212033869678118431E-14, 6.060169348390591561E-16 ) ) ;
#2649 = CARTESIAN_POINT ( 'NONE',  ( -37.42657791777079268, -90.77630108126632535, 48.60920996478512990 ) ) ;
#2650 = CARTESIAN_POINT ( 'NONE',  ( -19.31493144266800144, -89.53243029141108877, 30.08274058066182732 ) ) ;
#2651 = B_SPLINE_CURVE_WITH_KNOTS ( 'NONE', 3,
 ( #1867, #3661, #1574, #2743, #119, #3347, #1295, #1042, #2212, #3622, #1003, #2173, #2482, #3327, #1021, #423, #1593, #2766, #730, #1317, #1617, #2789 ),
 .UNSPECIFIED., .F., .F.,
 ( 4, 2, 2, 2, 2, 2, 2, 2, 2, 2, 4 ),
 ( 0.03294710749958121299, 0.03489252478117062933, 0.03586523342196533404, 0.03635158774236268292, 0.03659476490256134001, 0.03671635348266066856, 0.03677714777271034324, 0.03680754491773518405, 0.03682274349024760446, 0.03683034277650382160, 0.03683794206276003874 ),
 .UNSPECIFIED. ) ;
#2652 = CIRCLE ( 'NONE', #449, 1.399999999999994138 ) ;
#2653 = CARTESIAN_POINT ( 'NONE',  ( -19.03463363520092599, -91.82738839050151114, 24.59227631192532826 ) ) ;
#2654 = ORIENTED_EDGE ( 'NONE', *, *, #1077, .F. ) ;
#2655 = DIRECTION ( 'NONE',  ( 1.286166911541079770E-14, -0.9999997563060737393, 0.0006981316444340247536 ) ) ;
#2656 = AXIS2_PLACEMENT_3D ( 'NONE', #1459, #247, #2014 ) ;
#2657 = CARTESIAN_POINT ( 'NONE',  ( -19.99967442650862282, -97.51076880344699305, 38.14001631839908413 ) ) ;
#2658 = EDGE_CURVE ( 'NONE', #1301, #157, #1697, .T. ) ;
#2659 = DIRECTION ( 'NONE',  ( 7.209618598295287804E-16, 0.0006981316444339968896, 0.9999997563060738504 ) ) ;
#2660 = CARTESIAN_POINT ( 'NONE',  ( -20.92909817589753274, -89.71976814004125345, 37.73045212666887238 ) ) ;
#2661 = CARTESIAN_POINT ( 'NONE',  ( -21.30617961556630391, -91.28527733104847641, 43.28676855579973903 ) ) ;
#2662 = EDGE_CURVE ( 'NONE', #2246, #248, #3454, .T. ) ;
#2663 = CARTESIAN_POINT ( 'NONE',  ( -18.59967442650869884, -92.29834236557010740, 16.54391865852159782 ) ) ;
#2664 = CARTESIAN_POINT ( 'NONE',  ( -18.59967442650869884, -92.20084447614249257, 16.54385059214319753 ) ) ;
#2665 = EDGE_LOOP ( 'NONE', ( #2956, #1074, #3328 ) ) ;
#2666 = CARTESIAN_POINT ( 'NONE',  ( -18.59967442650869884, -89.40056590582780416, 16.94189572606119754 ) ) ;
#2667 = CARTESIAN_POINT ( 'NONE',  ( -20.36039288576623463, -89.41456869600496304, 38.96395996585328447 ) ) ;
#2668 = CARTESIAN_POINT ( 'NONE',  ( -19.99967442650869742, -90.80789385628649768, 6.445870284629830138 ) ) ;
#2669 = CARTESIAN_POINT ( 'NONE',  ( -25.71357474951140176, -94.32572685047777838, 57.14105628325249597 ) ) ;
#2670 = CARTESIAN_POINT ( 'NONE',  ( -18.41448277137952161, -90.17740226934999725, 37.58656976933185234 ) ) ;
#2671 = CARTESIAN_POINT ( 'NONE',  ( -21.35409510967874169, -91.31047668791707395, 42.69742697760953121 ) ) ;
#2672 = EDGE_LOOP ( 'NONE', ( #2864, #1844, #629, #1193, #743, #3735 ) ) ;
#2673 = VECTOR ( 'NONE', #1258, 1000.000000000000000 ) ;
#2674 = CARTESIAN_POINT ( 'NONE',  ( -19.99967442650869742, -90.79177119657281025, 29.53987542434269997 ) ) ;
#2675 = CARTESIAN_POINT ( 'NONE',  ( -14.99967442650880045, -80.80185029583310552, 15.09914089557619832 ) ) ;
#2676 = CARTESIAN_POINT ( 'NONE',  ( -19.99967442650867611, -90.77316389761227811, 56.19286354537678108 ) ) ;
#2677 = ADVANCED_FACE ( 'NONE', ( #593 ), #1597, .F. ) ;
#2678 = DIRECTION ( 'NONE',  ( -0.7313537016191685725, 0.0004761246366041583557, 0.6819981938636425767 ) ) ;
#2679 = CARTESIAN_POINT ( 'NONE',  ( -19.99967442650867611, -92.82407096917749811, 54.89429503204995342 ) ) ;
#2680 = CARTESIAN_POINT ( 'NONE',  ( -21.33577517126326484, -91.20035189163669997, 43.40380187391912870 ) ) ;
#2681 = EDGE_CURVE ( 'NONE', #3750, #3094, #2865, .T. ) ;
#2682 = DIRECTION ( 'NONE',  ( 0.7313537016191687945, -0.0004761246366041584099, -0.6819981938636424657 ) ) ;
#2683 = ORIENTED_EDGE ( 'NONE', *, *, #987, .T. ) ;
#2684 = LINE ( 'NONE', #1588, #2567 ) ;
#2685 = CARTESIAN_POINT ( 'NONE',  ( -18.59967442650869884, -92.29820273924119078, 16.74391860978279922 ) ) ;
#2686 = CARTESIAN_POINT ( 'NONE',  ( -14.27467442650869778, -90.80681384287392177, 7.992875291424025086 ) ) ;
#2687 = CARTESIAN_POINT ( 'NONE',  ( -26.63574059336742650, -91.86597128042927807, 60.20627399274013669 ) ) ;
#2688 = CARTESIAN_POINT ( 'NONE',  ( -18.59962261674290573, -90.74903379254517688, 39.84874314243432991 ) ) ;
#2689 = CARTESIAN_POINT ( 'NONE',  ( -18.61151917025963343, -90.98298707435242250, 21.81130928691418447 ) ) ;
#2690 = EDGE_LOOP ( 'NONE', ( #2524, #841, #2701, #944, #2060 ) ) ;
#2691 =( BOUNDED_CURVE ( )  B_SPLINE_CURVE ( 3, ( #3214, #1159, #2628, #1712 ),
 .UNSPECIFIED., .F., .T. ) 
 B_SPLINE_CURVE_WITH_KNOTS ( ( 4, 4 ),
 ( 3.141592653589780237, 3.779719730742166384 ),
 .UNSPECIFIED. ) 
 CURVE ( )  GEOMETRIC_REPRESENTATION_ITEM ( )  RATIONAL_B_SPLINE_CURVE ( ( 1.000000000000000000, 0.9663530541786045092, 0.9663530541786045092, 1.000000000000000000 ) ) 
 REPRESENTATION_ITEM ( '' )  );
#2692 = CARTESIAN_POINT ( 'NONE',  ( -19.99967442650869742, -90.80386319135810425, 12.21937156955629966 ) ) ;
#2693 = CARTESIAN_POINT ( 'NONE',  ( -18.77211685655618467, -91.46070717211786416, 38.81029511834370282 ) ) ;
#2694 = AXIS2_PLACEMENT_3D ( 'NONE', #1400, #3762, #1720 ) ;
#2695 = CARTESIAN_POINT ( 'NONE',  ( -20.50816836387018682, -92.18437049957154272, 40.14107997967768426 ) ) ;
#2696 = CARTESIAN_POINT ( 'NONE',  ( -34.54513522209303744, -90.77630108126632535, 51.69917970436596732 ) ) ;
#2697 = DIRECTION ( 'NONE',  ( 7.209618598295290763E-16, 0.0006981316444339968896, 0.9999997563060738504 ) ) ;
#2698 = CARTESIAN_POINT ( 'NONE',  ( -21.30951352577778124, -91.27646398727236488, 43.29985156298577209 ) ) ;
#2699 = AXIS2_PLACEMENT_3D ( 'NONE', #2347, #2315, #2932 ) ;
#2700 = DIRECTION ( 'NONE',  ( 7.209618598295287804E-16, 0.0006981316444339968896, 0.9999997563060738504 ) ) ;
#2701 = ORIENTED_EDGE ( 'NONE', *, *, #1094, .T. ) ;
#2702 = CARTESIAN_POINT ( 'NONE',  ( -22.88804955769776583, -91.27105340047667426, 42.62310862430646807 ) ) ;
#2703 = ADVANCED_FACE ( 'NONE', ( #2364 ), #922, .T. ) ;
#2704 = LINE ( 'NONE', #1231, #1299 ) ;
#2705 = CARTESIAN_POINT ( 'NONE',  ( -27.04344913023819785, -89.61928951410139632, 54.33408373016758475 ) ) ;
#2706 = ORIENTED_EDGE ( 'NONE', *, *, #1119, .T. ) ;
#2707 = CARTESIAN_POINT ( 'NONE',  ( -32.21557223851961282, -90.77706288068489471, 51.85128402786161672 ) ) ;
#2708 = CARTESIAN_POINT ( 'NONE',  ( -19.60865008919384422, -92.13459307807413268, 31.63511596571493101 ) ) ;
#2709 = VERTEX_POINT ( 'NONE', #2300 ) ;
#2710 = EDGE_CURVE ( 'NONE', #2313, #3598, #559, .T. ) ;
#2711 = CARTESIAN_POINT ( 'NONE',  ( -17.94967442650870026, -90.80182220161621842, 15.14287354901249927 ) ) ;
#2712 = AXIS2_PLACEMENT_3D ( 'NONE', #214, #2896, #812 ) ;
#2713 = CARTESIAN_POINT ( 'NONE',  ( -18.39483602866013356, -91.05791291313975933, 38.72149929158980797 ) ) ;
#2714 = LINE ( 'NONE', #928, #2334 ) ;
#2715 = VECTOR ( 'NONE', #1998, 1000.000000000000114 ) ;
#2716 = DIRECTION ( 'NONE',  ( 1.296540729449793094E-14, -0.9999997563060738504, 0.0006981316444339685920 ) ) ;
#2717 = DIRECTION ( 'NONE',  ( -0.5000000000001887379, 0.0006045997392592335163, 0.8660251927391988680 ) ) ;
#2718 = CARTESIAN_POINT ( 'NONE',  ( -18.59972472540585287, -90.80909654611888016, 21.72189567260105392 ) ) ;
#2719 = CARTESIAN_POINT ( 'NONE',  ( -22.14967442650869600, -90.80189201478073358, 15.04287357338180264 ) ) ;
#2720 = ORIENTED_EDGE ( 'NONE', *, *, #3511, .T. ) ;
#2721 = CARTESIAN_POINT ( 'NONE',  ( -23.08024417109294646, -90.83320488936382731, 42.92134247744581899 ) ) ;
#2722 = CYLINDRICAL_SURFACE ( 'NONE', #3313, 2.049999999999994937 ) ;
#2723 = CARTESIAN_POINT ( 'NONE',  ( -31.69511060605893249, -91.54045096827722716, 58.17827581192761244 ) ) ;
#2724 = EDGE_CURVE ( 'NONE', #924, #3071, #867, .T. ) ;
#2725 = ORIENTED_EDGE ( 'NONE', *, *, #2962, .F. ) ;
#2726 = LINE ( 'NONE', #2404, #3612 ) ;
#2727 = DIRECTION ( 'NONE',  ( -0.7313537016191682394, 0.0004761246366151118334, 0.6819981938636430208 ) ) ;
#2728 = ORIENTED_EDGE ( 'NONE', *, *, #2495, .F. ) ;
#2729 = CARTESIAN_POINT ( 'NONE',  ( -24.22467442650869884, -90.80716290869625595, 7.492875413270992269 ) ) ;
#2730 = CARTESIAN_POINT ( 'NONE',  ( -19.17967250523062717, -91.93118928336133422, 25.54852294410574487 ) ) ;
#2731 = EDGE_CURVE ( 'NONE', #2229, #3152, #3003, .T. ) ;
#2732 = AXIS2_PLACEMENT_3D ( 'NONE', #2374, #2983, #3279 ) ;
#2733 = FACE_OUTER_BOUND ( 'NONE', #1925, .T. ) ;
#2734 = CARTESIAN_POINT ( 'NONE',  ( -19.99967442650869742, -90.80224108060291144, 14.54287369522879914 ) ) ;
#2735 = CARTESIAN_POINT ( 'NONE',  ( -21.23613760517834237, -91.43906380964375558, 43.01168029474312959 ) ) ;
#2736 = VECTOR ( 'NONE', #2879, 1000.000000000000114 ) ;
#2737 = LINE ( 'NONE', #3026, #754 ) ;
#2738 = EDGE_LOOP ( 'NONE', ( #656, #3144, #1065, #1000 ) ) ;
#2739 = CARTESIAN_POINT ( 'NONE',  ( -18.59968274240374697, -90.80314720898553560, 21.72157114461288074 ) ) ;
#2740 = DIRECTION ( 'NONE',  ( -5.984971799148289338E-16, -0.0006981316444339968896, -0.9999997563060738504 ) ) ;
#2741 = CARTESIAN_POINT ( 'NONE',  ( -30.00090752550205409, -94.32702829725968741, 55.27687139096379099 ) ) ;
#2742 = CARTESIAN_POINT ( 'NONE',  ( -18.72207355942738616, -90.20835302569706471, 39.13976368074522583 ) ) ;
#2743 = CARTESIAN_POINT ( 'NONE',  ( -18.38666756540090219, -90.35857451753626890, 23.54376679537409700 ) ) ;
#2744 = EDGE_LOOP ( 'NONE', ( #1078, #1921, #1931 ) ) ;
#2745 = AXIS2_PLACEMENT_3D ( 'NONE', #2000, #3161, #1746 ) ;
#2746 = EDGE_CURVE ( 'NONE', #438, #3348, #2611, .T. ) ;
#2747 = CARTESIAN_POINT ( 'NONE',  ( -13.77467442650915075, -90.80646477705170128, 8.492875169577056127 ) ) ;
#2748 = CARTESIAN_POINT ( 'NONE',  ( -18.48593595104724230, -90.84254152867785592, 39.44970315259625693 ) ) ;
#2749 = EDGE_CURVE ( 'NONE', #248, #240, #2704, .T. ) ;
#2750 = PLANE ( 'NONE',  #516 ) ;
#2751 = ORIENTED_EDGE ( 'NONE', *, *, #712, .F. ) ;
#2752 = CARTESIAN_POINT ( 'NONE',  ( -18.84690235501821576, -90.00001360642123416, 23.40277608869320147 ) ) ;
#2753 = CARTESIAN_POINT ( 'NONE',  ( -21.39967442650868179, -90.83282135406722091, 43.65497768929443367 ) ) ;
#2754 = CIRCLE ( 'NONE', #1112, 1.700000000000015499 ) ;
#2755 = CIRCLE ( 'NONE', #1475, 28.89544277522074012 ) ;
#2756 = ORIENTED_EDGE ( 'NONE', *, *, #498, .T. ) ;
#2757 =( BOUNDED_SURFACE ( )  B_SPLINE_SURFACE ( 3, 2, ( 
 ( #905, #2080, #2388 ),
 ( #1793, #2959, #337 ),
 ( #927, #3169, #546 ),
 ( #257, #372, #427 ),
 ( #2748, #677, #3056 ),
 ( #1525, #2445, #1543 ),
 ( #3603, #2176, #83 ),
 ( #2713, #2101, #1850 ),
 ( #1596, #2121, #2693 ),
 ( #715, #1259, #658 ),
 ( #2427, #3584, #3257 ),
 ( #2769, #640, #62 ),
 ( #408, #1578, #1240 ),
 ( #123, #1298, #947 ),
 ( #103, #144, #1277 ),
 ( #1321, #2465, #1830 ),
 ( #2485, #3311, #3645 ),
 ( #3626, #2410, #1811 ),
 ( #3292, #984, #2157 ),
 ( #3566, #2977, #964 ),
 ( #2996, #3274, #353 ),
 ( #2139, #1007, #3018 ),
 ( #699, #3332, #1887 ),
 ( #392, #1561, #2730 ),
 ( #1870, #3038, #3702 ),
 ( #448, #1376, #3093 ),
 ( #2540, #1109, #2811 ),
 ( #2239, #2503, #1087 ),
 ( #196, #1620, #2576 ),
 ( #2257, #1966, #3413 ),
 ( #1356, #218, #2216 ),
 ( #3664, #1067, #1930 ),
 ( #506, #3438, #1046 ),
 ( #3373, #1414, #793 ),
 ( #2521, #3149, #3111 ),
 ( #3132, #1681, #1025 ),
 ( #2849, #3396, #773 ),
 ( #2560, #180, #1948 ) ),
 .UNSPECIFIED., .F., .F., .F. ) 
 B_SPLINE_SURFACE_WITH_KNOTS ( ( 4, 2, 2, 2, 2, 2, 2, 2, 2, 2, 2, 2, 2, 2, 2, 2, 2, 2, 4 ),
 ( 3, 3 ),
 ( 0.02042703596392993551, 0.02074620840086746631, 0.02106538083780499365, 0.02170372571168004833, 0.02234207058555510647, 0.02298041545943016462, 0.02425710520718027743, 0.02553379495493039025, 0.02808717445043061589, 0.03064055394593084153, 0.03319393344143106717, 0.03574731293693129280, 0.03702400268468140909, 0.03830069243243151844, 0.03893903730630657312, 0.03957738218018162779, 0.04021572705405668247, 0.04053489949099421674, 0.04085407192793174408 ),
 ( 0.000000000000000000, 1.000000000000000000 ),
 .UNSPECIFIED. ) 
 GEOMETRIC_REPRESENTATION_ITEM ( )  RATIONAL_B_SPLINE_SURFACE ( (
 ( 1.000000000000000000, 0.9876040724596824028, 1.000000000000000000),
 ( 1.000000000000000000, 0.9868515833681266169, 1.000000000000000000),
 ( 1.000000000000000000, 0.9848283782282907239, 1.000000000000000000),
 ( 1.000000000000000000, 0.9803003925486594161, 1.000000000000000000),
 ( 1.000000000000000000, 0.9777567515508168716, 1.000000000000000000),
 ( 1.000000000000000000, 0.9706007326329375573, 1.000000000000000000),
 ( 1.000000000000000000, 0.9663964198479743084, 1.000000000000000000),
 ( 1.000000000000000000, 0.9595688791500250892, 1.000000000000000000),
 ( 1.000000000000000000, 0.9569156966936506192, 1.000000000000000000),
 ( 1.000000000000000000, 0.9527834491970265107, 1.000000000000000000),
 ( 1.000000000000000000, 0.9512826538206866633, 1.000000000000000000),
 ( 1.000000000000000000, 0.9479274972344404748, 1.000000000000000000),
 ( 1.000000000000000000, 0.9471856972981200773, 1.000000000000000000),
 ( 1.000000000000000000, 0.9469715319802693987, 1.000000000000000000),
 ( 1.000000000000000000, 0.9475237569304010288, 1.000000000000000000),
 ( 1.000000000000000000, 0.9497906466230390254, 1.000000000000000000),
 ( 1.000000000000000000, 0.9520431965928252138, 1.000000000000000000),
 ( 1.000000000000000000, 0.9551852673572575059, 1.000000000000000000),
 ( 1.000000000000000000, 0.9561434017688359432, 1.000000000000000000),
 ( 1.000000000000000000, 0.9560918923170877992, 1.000000000000000000),
 ( 1.000000000000000000, 0.9550778408129777519, 1.000000000000000000),
 ( 1.000000000000000000, 0.9518708699394712314, 1.000000000000000000),
 ( 1.000000000000000000, 0.9496075196811846197, 1.000000000000000000),
 ( 1.000000000000000000, 0.9474262523784648948, 1.000000000000000000),
 ( 1.000000000000000000, 0.9469179040093553823, 1.000000000000000000),
 ( 1.000000000000000000, 0.9472872719998191027, 1.000000000000000000),
 ( 1.000000000000000000, 0.9481439217036881084, 1.000000000000000000),
 ( 1.000000000000000000, 0.9517816789380659781, 1.000000000000000000),
 ( 1.000000000000000000, 0.9533955723509275337, 1.000000000000000000),
 ( 1.000000000000000000, 0.9578030632464844540, 1.000000000000000000),
 ( 1.000000000000000000, 0.9606230746779144125, 1.000000000000000000),
 ( 1.000000000000000000, 0.9677940475404623877, 1.000000000000000000),
 ( 1.000000000000000000, 0.9722684765690718933, 1.000000000000000000),
 ( 1.000000000000000000, 0.9795034817168650765, 1.000000000000000000),
 ( 1.000000000000000000, 0.9820196429794114668, 1.000000000000000000),
 ( 1.000000000000000000, 0.9861632147010602756, 1.000000000000000000),
 ( 1.000000000000000000, 0.9877803978918876515, 1.000000000000000000),
 ( 1.000000000000000000, 0.9879277843124029124, 1.000000000000000000) ) ) 
 REPRESENTATION_ITEM ( '' )  SURFACE ( )  );
#2758 = CARTESIAN_POINT ( 'NONE',  ( -21.39967442650867824, -90.77428090824339790, 54.59286393528702064 ) ) ;
#2759 = ORIENTED_EDGE ( 'NONE', *, *, #638, .F. ) ;
#2760 = CARTESIAN_POINT ( 'NONE',  ( -23.08167278657118970, -90.78242759704049547, 42.92358862796371710 ) ) ;
#2761 = AXIS2_PLACEMENT_3D ( 'NONE', #2502, #3663, #2847 ) ;
#2762 = AXIS2_PLACEMENT_3D ( 'NONE', #2948, #1479, #2895 ) ;
#2763 = CARTESIAN_POINT ( 'NONE',  ( -26.95241628002446888, -88.76621198770951082, 54.12412689645210406 ) ) ;
#2764 = EDGE_LOOP ( 'NONE', ( #2368, #96, #1584, #287 ) ) ;
#2765 = CARTESIAN_POINT ( 'NONE',  ( -18.60032538168575655, -90.66119998807350555, 39.70885324098666302 ) ) ;
#2766 = CARTESIAN_POINT ( 'NONE',  ( -18.54866801568008228, -90.79280155480648773, 22.03766671501624685 ) ) ;
#2767 = VERTEX_POINT ( 'NONE', #670 ) ;
#2768 = DIRECTION ( 'NONE',  ( 1.286166911541079770E-14, -0.9999997563060737393, 0.0006981316444340247536 ) ) ;
#2769 = CARTESIAN_POINT ( 'NONE',  ( -18.42506887793555848, -91.42923711226680439, 37.45820440955689890 ) ) ;
#2770 = EDGE_LOOP ( 'NONE', ( #1212, #1618, #3460 ) ) ;
#2771 = CIRCLE ( 'NONE', #3554, 2.049999999999996714 ) ;
#2772 = VECTOR ( 'NONE', #2499, 1000.000000000000114 ) ;
#2773 = CARTESIAN_POINT ( 'NONE',  ( -3.774674426508698666, -90.79177119657259709, 29.53987542434268931 ) ) ;
#2774 = ORIENTED_EDGE ( 'NONE', *, *, #921, .T. ) ;
#2775 = CARTESIAN_POINT ( 'NONE',  ( -18.45506387773498247, -90.07307395523656623, 24.58498521071135912 ) ) ;
#2776 = EDGE_CURVE ( 'NONE', #1821, #421, #1361, .T. ) ;
#2777 = DIRECTION ( 'NONE',  ( -5.984971799148289338E-16, -0.0006981316444339968896, -0.9999997563060738504 ) ) ;
#2778 = CARTESIAN_POINT ( 'NONE',  ( -17.74967442650880045, -87.22619315485799518, 14.54037714240140033 ) ) ;
#2779 = CIRCLE ( 'NONE', #2165, 6.724999999999978328 ) ;
#2780 = EDGE_LOOP ( 'NONE', ( #1347, #1154 ) ) ;
#2781 = CARTESIAN_POINT ( 'NONE',  ( -22.72241727850146020, -90.12612020206947250, 42.36451073505071463 ) ) ;
#2782 = EDGE_CURVE ( 'NONE', #2190, #1167, #3249, .T. ) ;
#2783 = CARTESIAN_POINT ( 'NONE',  ( -21.00564911424317316, -89.38589840622078952, 37.95153788961264496 ) ) ;
#2784 = CIRCLE ( 'NONE', #881, 2.049999999999999822 ) ;
#2785 = CARTESIAN_POINT ( 'NONE',  ( -21.26734339323604672, -90.18810163757633802, 43.13431322132339574 ) ) ;
#2786 = CARTESIAN_POINT ( 'NONE',  ( -26.61692269926381016, -89.56634732638784158, 60.14208408600858036 ) ) ;
#2787 = ORIENTED_EDGE ( 'NONE', *, *, #689, .T. ) ;
#2788 = CARTESIAN_POINT ( 'NONE',  ( -21.70326896032805664, -90.64663678268087210, 42.05322439636575638 ) ) ;
#2789 = CARTESIAN_POINT ( 'NONE',  ( -18.55163123176577500, -90.79774898277044315, 22.02776005558138905 ) ) ;
#2790 = VERTEX_POINT ( 'NONE', #2686 ) ;
#2791 = PLANE ( 'NONE',  #2761 ) ;
#2792 = PLANE ( 'NONE',  #1368 ) ;
#2793 = EDGE_LOOP ( 'NONE', ( #738, #3649, #1734 ) ) ;
#2794 = CARTESIAN_POINT ( 'NONE',  ( -19.99967442650869742, -90.80716290869619911, 7.492875413270989604 ) ) ;
#2795 = VERTEX_POINT ( 'NONE', #1291 ) ;
#2796 = CARTESIAN_POINT ( 'NONE',  ( -34.32572911160729490, -90.77644391865730711, 51.49458024620689400 ) ) ;
#2797 = FACE_OUTER_BOUND ( 'NONE', #2764, .T. ) ;
#2798 = DIRECTION ( 'NONE',  ( 5.984971799148288352E-16, 0.0006981316444339967812, 0.9999997563060737393 ) ) ;
#2799 = AXIS2_PLACEMENT_3D ( 'NONE', #704, #2408, #1560 ) ;
#2800 = EDGE_CURVE ( 'NONE', #3348, #3417, #742, .T. ) ;
#2801 = ORIENTED_EDGE ( 'NONE', *, *, #1039, .T. ) ;
#2802 = CARTESIAN_POINT ( 'NONE',  ( -22.87591403091855469, -90.27954776746997823, 42.60352630695501830 ) ) ;
#2803 = VERTEX_POINT ( 'NONE', #2074 ) ;
#2804 = CARTESIAN_POINT ( 'NONE',  ( -19.99967442650869742, -90.79320027580749297, 27.49287053939249859 ) ) ;
#2805 = ADVANCED_FACE ( 'NONE', ( #1570 ), #3300, .T. ) ;
#2806 = ORIENTED_EDGE ( 'NONE', *, *, #2914, .T. ) ;
#2807 = PLANE ( 'NONE',  #1819 ) ;
#2808 = CARTESIAN_POINT ( 'NONE',  ( -26.22467442650869884, -90.80386319135818951, 12.21937156955630321 ) ) ;
#2809 = ORIENTED_EDGE ( 'NONE', *, *, #3705, .T. ) ;
#2810 = CARTESIAN_POINT ( 'NONE',  ( -18.50303555115762677, -90.74484052869368611, 39.52345041319732388 ) ) ;
#2811 = CARTESIAN_POINT ( 'NONE',  ( -18.93790732218445072, -91.71356602146063608, 23.98101562361657813 ) ) ;
#2812 = VERTEX_POINT ( 'NONE', #347 ) ;
#2813 = CARTESIAN_POINT ( 'NONE',  ( -23.86696705307981858, -96.66269778333027318, 37.11481660626883894 ) ) ;
#2814 = EDGE_LOOP ( 'NONE', ( #1382, #2868, #696 ) ) ;
#2815 = CARTESIAN_POINT ( 'NONE',  ( -20.81977543918632279, -92.18619686707928906, 37.52500165516722319 ) ) ;
#2816 = DIRECTION ( 'NONE',  ( 1.000000000000000000, 1.353930517835556934E-14, -8.462065736472230835E-16 ) ) ;
#2817 =( BOUNDED_CURVE ( )  B_SPLINE_CURVE ( 3, ( #3356, #1891, #2376, #3532 ),
 .UNSPECIFIED., .F., .T. ) 
 B_SPLINE_CURVE_WITH_KNOTS ( ( 4, 4 ),
 ( 3.672531296463536599, 4.712388980384687009 ),
 .UNSPECIFIED. ) 
 CURVE ( )  GEOMETRIC_REPRESENTATION_ITEM ( )  RATIONAL_B_SPLINE_CURVE ( ( 1.000000000000000000, 0.9119030229979809832, 0.9119030229979809832, 1.000000000000000000 ) ) 
 REPRESENTATION_ITEM ( '' )  );
#2818 = EDGE_LOOP ( 'NONE', ( #747, #872, #2616, #1311, #791, #1141, #1015, #1367 ) ) ;
#2819 = CARTESIAN_POINT ( 'NONE',  ( -33.44967442650916922, -84.06667625074419448, 29.67352781573531217 ) ) ;
#2820 = CARTESIAN_POINT ( 'NONE',  ( -21.37534429190890251, -90.52187903663018176, 43.56042344778281716 ) ) ;
#2821 = CARTESIAN_POINT ( 'NONE',  ( -30.00090752550181961, -87.22058192809146249, 55.27191015466451063 ) ) ;
#2822 = VERTEX_POINT ( 'NONE', #1863 ) ;
#2823 = LINE ( 'NONE', #192, #2736 ) ;
#2824 = EDGE_CURVE ( 'NONE', #3598, #3152, #2457, .T. ) ;
#2825 = CARTESIAN_POINT ( 'NONE',  ( -24.99967442650870453, -87.08963458005429459, 20.87703469669200018 ) ) ;
#2826 = ORIENTED_EDGE ( 'NONE', *, *, #2267, .F. ) ;
#2827 = CARTESIAN_POINT ( 'NONE',  ( -18.54053945765221201, -90.77486230938009726, 39.66664327347621111 ) ) ;
#2828 = DIRECTION ( 'NONE',  ( -1.000000000000000000, -1.313873401923262340E-14, 4.105854381010194814E-16 ) ) ;
#2829 = CIRCLE ( 'NONE', #3736, 2.249999999999998668 ) ;
#2830 = PLANE ( 'NONE',  #2228 ) ;
#2831 = ORIENTED_EDGE ( 'NONE', *, *, #2800, .T. ) ;
#2832 = CARTESIAN_POINT ( 'NONE',  ( -20.94291097248314770, -97.51105512882145376, 37.72988549563538641 ) ) ;
#2833 = CARTESIAN_POINT ( 'NONE',  ( -19.01109181764362432, -89.44433071720588657, 31.70900726787485979 ) ) ;
#2834 = DIRECTION ( 'NONE',  ( -7.209618598295288790E-16, -0.0006981316444339968896, -0.9999997563060738504 ) ) ;
#2835 = ADVANCED_BREP_SHAPE_REPRESENTATION ( 'ecas_ecas_Splitter', ( #908, #3267 ), #3575 ) ;
#2836 = VERTEX_POINT ( 'NONE', #3538 ) ;
#2837 = DIRECTION ( 'NONE',  ( -0.7313537016191682394, 0.0004761246366151118334, 0.6819981938636430208 ) ) ;
#2838 = CIRCLE ( 'NONE', #1923, 1.400000000000001243 ) ;
#2839 = DIRECTION ( 'NONE',  ( -0.7313537016191684614, 0.0004761246366041583015, 0.6819981938636426877 ) ) ;
#2840 = CARTESIAN_POINT ( 'NONE',  ( -21.32343712965835891, -90.32631410922698478, 43.35414571650770199 ) ) ;
#2841 = CIRCLE ( 'NONE', #2232, 6.225000000000001421 ) ;
#2842 = CARTESIAN_POINT ( 'NONE',  ( -26.12854518411610627, -87.99467187408473023, 58.51674314460896653 ) ) ;
#2843 = VERTEX_POINT ( 'NONE', #2989 ) ;
#2844 = DIRECTION ( 'NONE',  ( 0.000000000000000000, -0.9999997563060737393, 0.0006981316444339967812 ) ) ;
#2845 = LINE ( 'NONE', #2312, #1432 ) ;
#2846 = EDGE_LOOP ( 'NONE', ( #3160, #562, #1959 ) ) ;
#2847 = DIRECTION ( 'NONE',  ( 0.000000000000000000, -0.9999997563060737393, 0.0006981316444339967812 ) ) ;
#2848 = EDGE_CURVE ( 'NONE', #2812, #3340, #804, .T. ) ;
#2849 = CARTESIAN_POINT ( 'NONE',  ( -18.55059899797683443, -90.80115948541576643, 22.03119355099711996 ) ) ;
#2850 = CYLINDRICAL_SURFACE ( 'NONE', #1856, 2.049999999999994937 ) ;
#2851 = ORIENTED_EDGE ( 'NONE', *, *, #1857, .T. ) ;
#2852 = EDGE_CURVE ( 'NONE', #2822, #23, #330, .T. ) ;
#2853 = CARTESIAN_POINT ( 'NONE',  ( -23.58799578002861352, -85.01875484633825408, 36.57104833592137538 ) ) ;
#2854 = ORIENTED_EDGE ( 'NONE', *, *, #106, .T. ) ;
#2855 = CARTESIAN_POINT ( 'NONE',  ( -19.60809434709423016, -89.44617185338717036, 31.65496301132544232 ) ) ;
#2856 = CARTESIAN_POINT ( 'NONE',  ( -33.37496929950236080, -90.77706288068489471, 50.60798259418414347 ) ) ;
#2857 = CARTESIAN_POINT ( 'NONE',  ( -19.99967442650867966, -90.77407146875005139, 54.89286386217886360 ) ) ;
#2858 = CONICAL_SURFACE ( 'NONE', #1696, 16.22500000000000142, 1.047197551196999754 ) ;
#2859 = CARTESIAN_POINT ( 'NONE',  ( -36.22467442650869884, -90.79177119657300921, 29.53987542434271063 ) ) ;
#2860 = EDGE_LOOP ( 'NONE', ( #775, #2455, #1310, #822 ) ) ;
#2861 = CARTESIAN_POINT ( 'NONE',  ( -19.99967442650867966, -92.47407105447040010, 54.89405068597440618 ) ) ;
#2862 =( BOUNDED_CURVE ( )  B_SPLINE_CURVE ( 3, ( #1348, #227, #208, #1386 ),
 .UNSPECIFIED., .F., .F. ) 
 B_SPLINE_CURVE_WITH_KNOTS ( ( 4, 4 ),
 ( 2.503465576437418516, 3.141592653589805995 ),
 .UNSPECIFIED. ) 
 CURVE ( )  GEOMETRIC_REPRESENTATION_ITEM ( )  RATIONAL_B_SPLINE_CURVE ( ( 1.000000000000000000, 0.9663530541786045092, 0.9663530541786045092, 1.000000000000000000 ) ) 
 REPRESENTATION_ITEM ( '' )  );
#2863 = DIRECTION ( 'NONE',  ( -0.000000000000000000, 0.0006981316444387218427, 0.9999997563060739614 ) ) ;
#2864 = ORIENTED_EDGE ( 'NONE', *, *, #966, .T. ) ;
#2865 = LINE ( 'NONE', #2039, #374 ) ;
#2866 = FACE_OUTER_BOUND ( 'NONE', #2177, .T. ) ;
#2867 = DIRECTION ( 'NONE',  ( 5.984971799148289338E-16, 0.0006981316444339968896, 0.9999997563060738504 ) ) ;
#2868 = ORIENTED_EDGE ( 'NONE', *, *, #3150, .F. ) ;
#2869 = ADVANCED_FACE ( 'NONE', ( #36 ), #2548, .F. ) ;
#2870 = CARTESIAN_POINT ( 'NONE',  ( -26.58497057199656410, -89.18012726015099645, 35.27083147786973427 ) ) ;
#2871 = VERTEX_POINT ( 'NONE', #383 ) ;
#2872 = CARTESIAN_POINT ( 'NONE',  ( -25.72467442650869884, -90.80702328236742460, 7.692875364532204330 ) ) ;
#2873 = EDGE_CURVE ( 'NONE', #3689, #2475, #2784, .T. ) ;
#2874 = CARTESIAN_POINT ( 'NONE',  ( -20.44935772626431358, -89.42226607796611404, 38.05265281440293279 ) ) ;
#2875 = CARTESIAN_POINT ( 'NONE',  ( -32.20076560938376531, -90.77720571807587646, 51.42727843434769852 ) ) ;
#2876 = ADVANCED_FACE ( 'NONE', ( #958 ), #2722, .F. ) ;
#2877 = CARTESIAN_POINT ( 'NONE',  ( -14.99967442650869920, -87.08963458005419511, 20.87703469669200018 ) ) ;
#2878 = ORIENTED_EDGE ( 'NONE', *, *, #2978, .T. ) ;
#2879 = DIRECTION ( 'NONE',  ( 7.209618598295286818E-16, 0.0006981316444339967812, 0.9999997563060737393 ) ) ;
#2880 = CARTESIAN_POINT ( 'NONE',  ( -26.22467442650869174, -90.79732343751180679, 21.58687740435475533 ) ) ;
#2881 = ORIENTED_EDGE ( 'NONE', *, *, #1516, .F. ) ;
#2882 = FACE_OUTER_BOUND ( 'NONE', #1114, .T. ) ;
#2883 = DIRECTION ( 'NONE',  ( -0.9993907641600130454, 0.0003366709592079140663, -0.03489967283987265717 ) ) ;
#2884 = ORIENTED_EDGE ( 'NONE', *, *, #1165, .F. ) ;
#2885 = CYLINDRICAL_SURFACE ( 'NONE', #1308, 2.049999999999996714 ) ;
#2886 = ORIENTED_EDGE ( 'NONE', *, *, #436, .F. ) ;
#2887 = CARTESIAN_POINT ( 'NONE',  ( -18.59967442650871305, -90.74755112163546755, 21.72146886843012936 ) ) ;
#2888 = ADVANCED_FACE ( 'NONE', ( #1502 ), #146, .F. ) ;
#2889 = DIRECTION ( 'NONE',  ( 7.209618598295290763E-16, 0.0006981316444339968896, 0.9999997563060738504 ) ) ;
#2890 = LINE ( 'NONE', #11, #723 ) ;
#2891 = AXIS2_PLACEMENT_3D ( 'NONE', #3452, #2863, #3162 ) ;
#2892 = DIRECTION ( 'NONE',  ( 5.984971799148289338E-16, 0.0006981316444339968896, 0.9999997563060738504 ) ) ;
#2893 = EDGE_CURVE ( 'NONE', #3668, #1708, #1496, .T. ) ;
#2894 = EDGE_LOOP ( 'NONE', ( #2725, #1711, #1403, #3315 ) ) ;
#2895 = DIRECTION ( 'NONE',  ( -1.000000000000000000, -1.286167224972220124E-14, 0.000000000000000000 ) ) ;
#2896 = DIRECTION ( 'NONE',  ( 7.209618598295290763E-16, 0.0006981316444339968896, 0.9999997563060738504 ) ) ;
#2897 = ORIENTED_EDGE ( 'NONE', *, *, #155, .F. ) ;
#2898 = AXIS2_PLACEMENT_3D ( 'NONE', #661, #66, #643 ) ;
#2899 = CARTESIAN_POINT ( 'NONE',  ( -19.99967442650867966, -90.77407146875005139, 54.89286386217886360 ) ) ;
#2900 = CARTESIAN_POINT ( 'NONE',  ( -19.99967442650861926, -97.51076880344699305, 38.14001631839908413 ) ) ;
#2901 = DIRECTION ( 'NONE',  ( 0.7313537016191685725, -0.0004761246366041584099, -0.6819981938636425767 ) ) ;
#2902 = ORIENTED_EDGE ( 'NONE', *, *, #2426, .F. ) ;
#2903 = CARTESIAN_POINT ( 'NONE',  ( -33.37496929950236080, -90.77706288068489471, 50.60798259418414347 ) ) ;
#2904 = VERTEX_POINT ( 'NONE', #1941 ) ;
#2905 = CARTESIAN_POINT ( 'NONE',  ( -18.70799993453982069, -90.25278516412211616, 22.49671154424380148 ) ) ;
#2906 = CARTESIAN_POINT ( 'NONE',  ( -23.06154804853826334, -90.61913008286596494, 42.89171447959304828 ) ) ;
#2907 = CARTESIAN_POINT ( 'NONE',  ( -20.40881125681618968, -89.43192215727943051, 37.95647841831201674 ) ) ;
#2908 = LINE ( 'NONE', #3730, #1579 ) ;
#2909 = ADVANCED_FACE ( 'NONE', ( #478 ), #998, .F. ) ;
#2910 = CARTESIAN_POINT ( 'NONE',  ( -18.41037326161189114, -90.99023030025122694, 38.94024033293106868 ) ) ;
#2911 = ORIENTED_EDGE ( 'NONE', *, *, #2405, .T. ) ;
#2912 = DIRECTION ( 'NONE',  ( 7.209618598295286818E-16, 0.0006981316444339967812, 0.9999997563060737393 ) ) ;
#2913 =( NAMED_UNIT ( * ) SI_UNIT ( $, .STERADIAN. ) SOLID_ANGLE_UNIT ( ) );
#2914 = EDGE_CURVE ( 'NONE', #489, #529, #206, .T. ) ;
#2915 = AXIS2_PLACEMENT_3D ( 'NONE', #1264, #3298, #3611 ) ;
#2916 = CARTESIAN_POINT ( 'NONE',  ( -32.92763265571631592, -90.77644391865730711, 52.99385550446505277 ) ) ;
#2917 = CARTESIAN_POINT ( 'NONE',  ( -22.24967442650870098, -91.82696157815890103, 14.94358918268680014 ) ) ;
#2918 = CARTESIAN_POINT ( 'NONE',  ( -19.57455775067613502, -89.45626098001105220, 29.23678639232305088 ) ) ;
#2919 = CARTESIAN_POINT ( 'NONE',  ( -18.60336061877072922, -90.90589252599322379, 21.74972394307055268 ) ) ;
#2920 = ORIENTED_EDGE ( 'NONE', *, *, #3475, .T. ) ;
#2921 = DIRECTION ( 'NONE',  ( 0.6819982711663323816, 0.000000000000000000, 0.7313537845161763862 ) ) ;
#2922 = ORIENTED_EDGE ( 'NONE', *, *, #3345, .T. ) ;
#2923 = CARTESIAN_POINT ( 'NONE',  ( -24.49611051640745885, -84.06160376102060638, 36.93933295118439020 ) ) ;
#2924 = CARTESIAN_POINT ( 'NONE',  ( -21.71767606644699100, -90.96924791769171748, 37.82325340018650905 ) ) ;
#2925 = CARTESIAN_POINT ( 'NONE',  ( -26.22467442650869174, -90.79732343751180679, 21.58687740435475533 ) ) ;
#2926 = AXIS2_PLACEMENT_3D ( 'NONE', #936, #1861, #2418 ) ;
#2927 = CARTESIAN_POINT ( 'NONE',  ( -18.59967442650869884, -89.40084515848549529, 16.54189582353869881 ) ) ;
#2928 = ORIENTED_EDGE ( 'NONE', *, *, #48, .F. ) ;
#2929 = DIRECTION ( 'NONE',  ( 5.984971799148289338E-16, 0.0006981316444339968896, 0.9999997563060738504 ) ) ;
#2930 = DIRECTION ( 'NONE',  ( -1.286166911541079770E-14, 0.9999997563060737393, -0.0006981316444339967812 ) ) ;
#2931 = AXIS2_PLACEMENT_3D ( 'NONE', #2546, #1095, #3708 ) ;
#2932 = DIRECTION ( 'NONE',  ( -1.000000000000000000, -1.337618101958019679E-14, 5.573408758158414673E-16 ) ) ;
#2933 = CARTESIAN_POINT ( 'NONE',  ( -18.59967442650869884, -89.40056590582780416, 16.94189572606119754 ) ) ;
#2934 = EDGE_CURVE ( 'NONE', #2044, #3710, #136, .T. ) ;
#2935 = CARTESIAN_POINT ( 'NONE',  ( -18.83493916080343666, -89.56897106098944050, 27.69006268750171529 ) ) ;
#2936 = AXIS2_PLACEMENT_3D ( 'NONE', #1551, #1228, #3535 ) ;
#2937 = DIRECTION ( 'NONE',  ( 7.209618598295287804E-16, 0.0006981316444339968896, 0.9999997563060738504 ) ) ;
#2938 = ORIENTED_EDGE ( 'NONE', *, *, #2934, .F. ) ;
#2939 = FACE_OUTER_BOUND ( 'NONE', #1678, .T. ) ;
#2940 = DIRECTION ( 'NONE',  ( -1.000000000000000000, -1.238166941961140791E-14, 5.159028924838086627E-16 ) ) ;
#2941 = AXIS2_PLACEMENT_3D ( 'NONE', #1893, #1283, #2449 ) ;
#2942 = PLANE ( 'NONE',  #2898 ) ;
#2943 = DIRECTION ( 'NONE',  ( -1.000000000000000000, -1.212033869678118431E-14, 6.060169348390591561E-16 ) ) ;
#2944 = DIRECTION ( 'NONE',  ( -0.5000000000001909584, -0.0006045997392720007559, -0.8660251927391976468 ) ) ;
#2945 = CARTESIAN_POINT ( 'NONE',  ( -18.59967442650869884, -89.40084515848549529, 16.54189582353869881 ) ) ;
#2946 = DIRECTION ( 'NONE',  ( -0.7071067811865470176, -0.0004936536199492897511, -0.7071066088689202944 ) ) ;
#2947 = EDGE_LOOP ( 'NONE', ( #3435, #3270, #3236 ) ) ;
#2948 = CARTESIAN_POINT ( 'NONE',  ( -19.99967440543230168, -93.05224053229159153, 14.54444449142880025 ) ) ;
#2949 = VECTOR ( 'NONE', #3184, 1000.000000000000227 ) ;
#2950 = DIRECTION ( 'NONE',  ( 0.000000000000000000, 0.000000000000000000, 1.000000000000000000 ) ) ;
#2951 = CARTESIAN_POINT ( 'NONE',  ( -22.72837382030754583, -91.43676948146379857, 42.37515134310234544 ) ) ;
#2952 = CARTESIAN_POINT ( 'NONE',  ( -23.08070748600572841, -97.33204899350988626, 43.41984699122149038 ) ) ;
#2953 = CARTESIAN_POINT ( 'NONE',  ( -19.33829047394873513, -89.54675477485477586, 35.04570514635248912 ) ) ;
#2954 = AXIS2_PLACEMENT_3D ( 'NONE', #344, #90, #646 ) ;
#2955 = CARTESIAN_POINT ( 'NONE',  ( -18.63250174579212626, -91.10443893472259447, 21.96693179911539318 ) ) ;
#2956 = ORIENTED_EDGE ( 'NONE', *, *, #1796, .F. ) ;
#2957 = ADVANCED_FACE ( 'NONE', ( #285 ), #3499, .T. ) ;
#2958 =( BOUNDED_CURVE ( )  B_SPLINE_CURVE ( 3, ( #324, #1913, #1302, #1209 ),
 .UNSPECIFIED., .F., .T. ) 
 B_SPLINE_CURVE_WITH_KNOTS ( ( 4, 4 ),
 ( 3.141592653589806883, 3.779719730742184591 ),
 .UNSPECIFIED. ) 
 CURVE ( )  GEOMETRIC_REPRESENTATION_ITEM ( )  RATIONAL_B_SPLINE_CURVE ( ( 1.000000000000000000, 0.9663530541786053973, 0.9663530541786053973, 1.000000000000000000 ) ) 
 REPRESENTATION_ITEM ( '' )  );
#2959 = CARTESIAN_POINT ( 'NONE',  ( -18.59969808544758152, -90.84197184081078547, 39.82862191147849984 ) ) ;
#2960 = AXIS2_PLACEMENT_3D ( 'NONE', #3039, #2178, #2087 ) ;
#2961 = DIRECTION ( 'NONE',  ( 1.286166911541079770E-14, -0.9999997563060737393, 0.0006981316444339967812 ) ) ;
#2962 = EDGE_CURVE ( 'NONE', #3272, #251, #229, .T. ) ;
#2963 = CARTESIAN_POINT ( 'NONE',  ( -22.65738077639060322, -91.49176781011541948, 42.26489318362339276 ) ) ;
#2964 = CARTESIAN_POINT ( 'NONE',  ( -19.99967442650866900, -84.04306917544933242, 63.48816683110226933 ) ) ;
#2965 = CARTESIAN_POINT ( 'NONE',  ( -21.22977813446134832, -91.45085127081607368, 42.98631938672944131 ) ) ;
#2966 = CARTESIAN_POINT ( 'NONE',  ( -20.88013358357181559, -84.05872779367308567, 41.05885205560521456 ) ) ;
#2967 = VERTEX_POINT ( 'NONE', #2590 ) ;
#2968 = CARTESIAN_POINT ( 'NONE',  ( -22.65738077639060322, -91.49176781011541948, 42.26489318362339276 ) ) ;
#2969 = DIRECTION ( 'NONE',  ( -7.209618598295288790E-16, -0.0006981316444339968896, -0.9999997563060738504 ) ) ;
#2970 = DIRECTION ( 'NONE',  ( 1.286166911541079770E-14, -0.9999997563060737393, 0.0006981316444339967812 ) ) ;
#2971 = CARTESIAN_POINT ( 'NONE',  ( -28.86778688133219006, -95.21921957653047741, 53.33566942302347513 ) ) ;
#2972 = CARTESIAN_POINT ( 'NONE',  ( -18.59833503429038615, -90.77648128698845653, 40.02083157057295182 ) ) ;
#2973 = DIRECTION ( 'NONE',  ( 0.000000000000000000, -0.9999997563060737393, 0.0006981316444339967812 ) ) ;
#2974 = ORIENTED_EDGE ( 'NONE', *, *, #1023, .T. ) ;
#2975 = AXIS2_PLACEMENT_3D ( 'NONE', #87, #1285, #3530 ) ;
#2976 = FACE_OUTER_BOUND ( 'NONE', #15, .T. ) ;
#2977 = CARTESIAN_POINT ( 'NONE',  ( -19.31292072126965920, -92.04933833652945907, 30.01518437189738009 ) ) ;
#2978 = EDGE_CURVE ( 'NONE', #1107, #2790, #18, .T. ) ;
#2979 = CARTESIAN_POINT ( 'NONE',  ( -18.93481824738956121, -92.09048400910288024, 28.71422575521972220 ) ) ;
#2980 = DIRECTION ( 'NONE',  ( 0.6819982711663332697, 0.000000000000000000, 0.7313537845161754980 ) ) ;
#2981 = EDGE_CURVE ( 'NONE', #768, #1664, #2571, .T. ) ;
#2982 = CARTESIAN_POINT ( 'NONE',  ( -22.24967442650870098, -87.23111498295139654, 7.490378860443610343 ) ) ;
#2983 = DIRECTION ( 'NONE',  ( -0.000000000000000000, 0.0006981316444387218427, 0.9999997563060739614 ) ) ;
#2984 = CARTESIAN_POINT ( 'NONE',  ( -18.38686608390742450, -91.23575453532644985, 23.55250677885129562 ) ) ;
#2985 = EDGE_CURVE ( 'NONE', #3750, #2991, #2841, .T. ) ;
#2986 = EDGE_LOOP ( 'NONE', ( #3061, #686, #637 ) ) ;
#2987 = CARTESIAN_POINT ( 'NONE',  ( -22.88981405426390126, -91.26889362593048816, 42.62585158784353467 ) ) ;
#2988 = CARTESIAN_POINT ( 'NONE',  ( -22.34857447055861002, -89.86814338817669068, 41.78399049519394026 ) ) ;
#2989 = CARTESIAN_POINT ( 'NONE',  ( -34.77306575539333977, -90.77706288068489471, 49.10870733592598469 ) ) ;
#2990 = CARTESIAN_POINT ( 'NONE',  ( -30.19918095131075475, -94.13779905598046582, 55.61651975164518547 ) ) ;
#2991 = VERTEX_POINT ( 'NONE', #2624 ) ;
#2992 = CARTESIAN_POINT ( 'NONE',  ( -21.20693947182789429, -91.49132751955107778, 42.89556285831120874 ) ) ;
#2993 = CARTESIAN_POINT ( 'NONE',  ( -18.58722624962421932, -90.79084533730797091, 30.86607091572996708 ) ) ;
#2994 = ORIENTED_EDGE ( 'NONE', *, *, #1628, .T. ) ;
#2995 = CARTESIAN_POINT ( 'NONE',  ( -19.99967442650867966, -90.77428090824338369, 54.59286393528702064 ) ) ;
#2996 = CARTESIAN_POINT ( 'NONE',  ( -18.97939119541864983, -92.12136837492028008, 29.22992397456818381 ) ) ;
#2997 = DIRECTION ( 'NONE',  ( 0.000000000000000000, -0.03840457153005132074, -0.9992622723217330361 ) ) ;
#2998 = DIRECTION ( 'NONE',  ( -7.209618598295287804E-16, -0.0006981316444339968896, -0.9999997563060738504 ) ) ;
#2999 = DIRECTION ( 'NONE',  ( -1.000000000000000000, 0.000000000000000000, 0.000000000000000000 ) ) ;
#3000 = FACE_OUTER_BOUND ( 'NONE', #2814, .T. ) ;
#3001 =( BOUNDED_CURVE ( )  B_SPLINE_CURVE ( 3, ( #1330, #724, #2783, #3387 ),
 .UNSPECIFIED., .F., .F. ) 
 B_SPLINE_CURVE_WITH_KNOTS ( ( 4, 4 ),
 ( 0.0005105812424834754336, 1.570796326794900777 ),
 .UNSPECIFIED. ) 
 CURVE ( )  GEOMETRIC_REPRESENTATION_ITEM ( )  RATIONAL_B_SPLINE_CURVE ( ( 1.000000000000000000, 0.8048581839145312333, 0.8048581839145312333, 1.000000000000000000 ) ) 
 REPRESENTATION_ITEM ( '' )  );
#3002 = ADVANCED_FACE ( 'NONE', ( #1442 ), #3731, .T. ) ;
#3003 = CIRCLE ( 'NONE', #2394, 1.399999999999998579 ) ;
#3004 = CARTESIAN_POINT ( 'NONE',  ( -18.42578084810499206, -90.95350667572841985, 22.63699596269681891 ) ) ;
#3005 = ORIENTED_EDGE ( 'NONE', *, *, #2749, .F. ) ;
#3006 = DIRECTION ( 'NONE',  ( 5.984971799148288352E-16, 0.0006981316444339967812, 0.9999997563060737393 ) ) ;
#3007 = PRODUCT_CONTEXT ( 'NONE', #1071, 'mechanical' ) ;
#3008 = ADVANCED_FACE ( 'NONE', ( #588 ), #1377, .T. ) ;
#3009 = DIRECTION ( 'NONE',  ( -1.000000000000000000, -1.353930517835556934E-14, 0.000000000000000000 ) ) ;
#3010 = CARTESIAN_POINT ( 'NONE',  ( -26.99799597574509136, -89.65601451051622917, 54.22957424496817680 ) ) ;
#3011 = EDGE_LOOP ( 'NONE', ( #230, #1055, #3397, #1718, #3780, #2198, #788, #2922 ) ) ;
#3012 = CARTESIAN_POINT ( 'NONE',  ( -18.59967442650869884, -89.30320764272910594, 16.74182770842149992 ) ) ;
#3013 = CARTESIAN_POINT ( 'NONE',  ( -18.60070671675979170, -90.83821935334420061, 40.00280429438023333 ) ) ;
#3014 = EDGE_LOOP ( 'NONE', ( #3, #3458, #70, #1920 ) ) ;
#3015 = CONICAL_SURFACE ( 'NONE', #12, 7.224999999999998757, 0.7853981633970000820 ) ;
#3016 = DIRECTION ( 'NONE',  ( 5.984971799148288352E-16, 0.0006981316444339967812, 0.9999997563060737393 ) ) ;
#3017 = CIRCLE ( 'NONE', #1792, 4.224999999999999645 ) ;
#3018 = CARTESIAN_POINT ( 'NONE',  ( -19.43953702897161051, -92.07813573341492486, 27.54507499671579041 ) ) ;
#3019 = AXIS2_PLACEMENT_3D ( 'NONE', #110, #2108, #3263 ) ;
#3020 = CARTESIAN_POINT ( 'NONE',  ( -31.77066797238715878, -90.77512145492275408, 58.30722390214103967 ) ) ;
#3021 = AXIS2_PLACEMENT_3D ( 'NONE', #3166, #1991, #2302 ) ;
#3022 = CARTESIAN_POINT ( 'NONE',  ( -14.19722530640529179, -93.42367904895925790, 21.34475102305714955 ) ) ;
#3023 = CARTESIAN_POINT ( 'NONE',  ( -13.77467442650869422, -90.79732343751163626, 21.58687740435474112 ) ) ;
#3024 = DIRECTION ( 'NONE',  ( -1.000000000000000000, -1.344560756466452746E-14, 7.203004052498854137E-16 ) ) ;
#3025 = DIRECTION ( 'NONE',  ( -1.286166911541079770E-14, 0.9999997563060737393, -0.0006981316444339967812 ) ) ;
#3026 = CARTESIAN_POINT ( 'NONE',  ( -27.22467442650869884, -90.79354934162979873, 26.99287066123940448 ) ) ;
#3027 = ORIENTED_EDGE ( 'NONE', *, *, #3682, .F. ) ;
#3028 = CARTESIAN_POINT ( 'NONE',  ( -22.95581203338360865, -91.17944724126414258, 42.72797948802976720 ) ) ;
#3029 = EDGE_CURVE ( 'NONE', #3209, #3477, #88, .T. ) ;
#3030 = DIRECTION ( 'NONE',  ( 0.000000000000000000, -0.9999997563060738504, 0.0006981316444328379859 ) ) ;
#3031 = CARTESIAN_POINT ( 'NONE',  ( -26.77352467213382781, -90.20060952211808569, 53.71370566358563536 ) ) ;
#3032 = EDGE_LOOP ( 'NONE', ( #1008, #2542 ) ) ;
#3033 = DIRECTION ( 'NONE',  ( 5.984971799148289338E-16, 0.0006981316444339968896, 0.9999997563060738504 ) ) ;
#3034 = EDGE_CURVE ( 'NONE', #2600, #813, #572, .T. ) ;
#3035 = FACE_OUTER_BOUND ( 'NONE', #974, .T. ) ;
#3036 = VERTEX_POINT ( 'NONE', #3481 ) ;
#3037 = CYLINDRICAL_SURFACE ( 'NONE', #2429, 6.225000000000001421 ) ;
#3038 = CARTESIAN_POINT ( 'NONE',  ( -18.86909753591782035, -91.68484613315396814, 25.25936255902574956 ) ) ;
#3039 = CARTESIAN_POINT ( 'NONE',  ( -19.99967442650869742, -90.80224108060291144, 14.54287369522879914 ) ) ;
#3040 = ORIENTED_EDGE ( 'NONE', *, *, #498, .F. ) ;
#3041 = CARTESIAN_POINT ( 'NONE',  ( -18.50133094476402107, -90.75617705342219210, 22.21357702828250069 ) ) ;
#3042 = CARTESIAN_POINT ( 'NONE',  ( -22.24967442650870098, -93.05210090596280281, 14.74444444268999987 ) ) ;
#3043 = CARTESIAN_POINT ( 'NONE',  ( -21.37546607448051716, -91.04214006759056588, 43.56129106790072569 ) ) ;
#3044 = CONICAL_SURFACE ( 'NONE', #3524, 7.224999999999998757, 0.7853981633970000820 ) ;
#3045 = UNCERTAINTY_MEASURE_WITH_UNIT (LENGTH_MEASURE( 1.000000000000000082E-05 ), #2057, 'distance_accuracy_value', 'NONE');
#3046 = ORIENTED_EDGE ( 'NONE', *, *, #131, .T. ) ;
#3047 = CARTESIAN_POINT ( 'NONE',  ( -22.69783615560653089, -91.45978396129967791, 42.32748961658953135 ) ) ;
#3048 = CARTESIAN_POINT ( 'NONE',  ( -26.73481720725877508, -90.47644506783248630, 53.62487713685114699 ) ) ;
#3049 = VERTEX_POINT ( 'NONE', #2051 ) ;
#3050 = LINE ( 'NONE', #1676, #1757 ) ;
#3051 = CARTESIAN_POINT ( 'NONE',  ( -18.97467442650869884, -88.55196237625649758, 14.94130280155130031 ) ) ;
#3052 = ORIENTED_EDGE ( 'NONE', *, *, #662, .F. ) ;
#3053 = CIRCLE ( 'NONE', #1463, 4.224999999999999645 ) ;
#3054 = CARTESIAN_POINT ( 'NONE',  ( -27.22467442650868463, -90.79354934162986979, 26.99287066123940448 ) ) ;
#3055 = EDGE_CURVE ( 'NONE', #3282, #2313, #3749, .T. ) ;
#3056 = CARTESIAN_POINT ( 'NONE',  ( -18.63508143916792292, -91.10030409418065744, 39.74694019549632884 ) ) ;
#3057 = ORIENTED_EDGE ( 'NONE', *, *, #1125, .T. ) ;
#3058 = AXIS2_PLACEMENT_3D ( 'NONE', #3529, #910, #3242 ) ;
#3059 = EDGE_CURVE ( 'NONE', #736, #2417, #1683, .T. ) ;
#3060 = CARTESIAN_POINT ( 'NONE',  ( -24.99967442650880045, -80.80185029583320500, 15.09914089557619832 ) ) ;
#3061 = ORIENTED_EDGE ( 'NONE', *, *, #1225, .F. ) ;
#3062 = CARTESIAN_POINT ( 'NONE',  ( -18.73523788378991028, -90.11321834518747664, 24.10792960539219010 ) ) ;
#3063 = CARTESIAN_POINT ( 'NONE',  ( -17.60144406694042729, -90.87661409201579943, 40.00283109896328426 ) ) ;
#3064 = CARTESIAN_POINT ( 'NONE',  ( -21.36882111801987350, -91.07450461614308779, 43.53507183857912821 ) ) ;
#3065 = VERTEX_POINT ( 'NONE', #845 ) ;
#3066 = CARTESIAN_POINT ( 'NONE',  ( -27.22467442650870595, -90.80611571122962289, 8.992875047730104043 ) ) ;
#3067 = CARTESIAN_POINT ( 'NONE',  ( -21.25341388858127090, -90.15924328626235251, 43.07943161055840875 ) ) ;
#3068 = CIRCLE ( 'NONE', #64, 2.049999999999996714 ) ;
#3069 = CIRCLE ( 'NONE', #2941, 5.525000000000002132 ) ;
#3070 = CARTESIAN_POINT ( 'NONE',  ( -24.10185577681845359, -85.42914834436886906, 51.77459771558194035 ) ) ;
#3071 = VERTEX_POINT ( 'NONE', #861 ) ;
#3072 = CARTESIAN_POINT ( 'NONE',  ( -20.23966142855207906, -92.18550980293896657, 38.50914838212187874 ) ) ;
#3073 = ORIENTED_EDGE ( 'NONE', *, *, #2515, .T. ) ;
#3074 = CARTESIAN_POINT ( 'NONE',  ( -12.77467442650869955, -90.79354934162959978, 26.99287066123939027 ) ) ;
#3075 = DIRECTION ( 'NONE',  ( -7.209618598295287804E-16, -0.0006981316444339968896, -0.9999997563060738504 ) ) ;
#3076 = ORIENTED_EDGE ( 'NONE', *, *, #2495, .T. ) ;
#3077 = ADVANCED_FACE ( 'NONE', ( #2034 ), #1744, .F. ) ;
#3078 = TOROIDAL_SURFACE ( 'NONE', #3444, -27.47495589618935696, 28.89544277522074367 ) ;
#3079 = PLANE ( 'NONE',  #3629 ) ;
#3080 = CARTESIAN_POINT ( 'NONE',  ( -18.62714142576376375, -90.42300068946332203, 22.80629832636088850 ) ) ;
#3081 = DIRECTION ( 'NONE',  ( 7.209618598295286818E-16, 0.0006981316444339967812, 0.9999997563060737393 ) ) ;
#3082 = CARTESIAN_POINT ( 'NONE',  ( -21.39689581529354356, -90.88322908885858453, 43.64461897492859777 ) ) ;
#3083 = AXIS2_PLACEMENT_3D ( 'NONE', #2696, #2678, #2980 ) ;
#3084 = ADVANCED_FACE ( 'NONE', ( #2733 ), #2750, .F. ) ;
#3085 = EDGE_LOOP ( 'NONE', ( #2210, #2562 ) ) ;
#3086 = CARTESIAN_POINT ( 'NONE',  ( -22.79167994433200306, -90.18828506767344777, 42.47189008454451198 ) ) ;
#3087 = EDGE_LOOP ( 'NONE', ( #1201, #2310, #177, #2535 ) ) ;
#3088 = CARTESIAN_POINT ( 'NONE',  ( -31.58206801208187642, -89.56785452742032305, 57.98317798662836253 ) ) ;
#3089 = ORIENTED_EDGE ( 'NONE', *, *, #875, .T. ) ;
#3090 = DIRECTION ( 'NONE',  ( -1.000000000000000000, -1.286116265481140035E-14, 7.299408223452109304E-16 ) ) ;
#3091 = ORIENTED_EDGE ( 'NONE', *, *, #1977, .T. ) ;
#3092 = CARTESIAN_POINT ( 'NONE',  ( -18.55015531748042079, -90.78760360364820770, 39.69946610921866892 ) ) ;
#3093 = CARTESIAN_POINT ( 'NONE',  ( -18.99941851384895131, -91.77832221145827418, 24.36719947998914293 ) ) ;
#3094 = VERTEX_POINT ( 'NONE', #1028 ) ;
#3095 = CARTESIAN_POINT ( 'NONE',  ( -24.34228882478894107, -85.57168974768184455, 36.24345832727681938 ) ) ;
#3096 = VERTEX_POINT ( 'NONE', #1497 ) ;
#3097 = CYLINDRICAL_SURFACE ( 'NONE', #315, 1.399999999999993028 ) ;
#3098 = CARTESIAN_POINT ( 'NONE',  ( -22.24967442650860150, -94.37814938001901055, 14.74537019931739934 ) ) ;
#3099 = AXIS2_PLACEMENT_3D ( 'NONE', #983, #945, #1810 ) ;
#3100 = EDGE_CURVE ( 'NONE', #1274, #1436, #2817, .T. ) ;
#3101 = ORIENTED_EDGE ( 'NONE', *, *, #2782, .T. ) ;
#3102 = CARTESIAN_POINT ( 'NONE',  ( -22.24967442650870098, -90.80196182794520610, 14.94287359775120194 ) ) ;
#3103 = CARTESIAN_POINT ( 'NONE',  ( -21.39607914955287882, -90.68087639066870054, 43.64122960961773146 ) ) ;
#3104 = EDGE_CURVE ( 'NONE', #2148, #2026, #126, .T. ) ;
#3105 = CARTESIAN_POINT ( 'NONE',  ( -31.61500560894621970, -89.67626529088843768, 58.03969871473167075 ) ) ;
#3106 = ORIENTED_EDGE ( 'NONE', *, *, #2299, .F. ) ;
#3107 = DIRECTION ( 'NONE',  ( -5.984971799148289338E-16, -0.0006981316444339968896, -0.9999997563060738504 ) ) ;
#3108 = CARTESIAN_POINT ( 'NONE',  ( -0.6431869354116288573, -90.79775027899761142, 21.99936741029730314 ) ) ;
#3109 = VERTEX_POINT ( 'NONE', #2663 ) ;
#3110 = CARTESIAN_POINT ( 'NONE',  ( -27.22467442650869884, -90.80611571122969394, 8.992875047730105820 ) ) ;
#3111 = CARTESIAN_POINT ( 'NONE',  ( -18.61893549764292999, -91.03450271010287054, 21.86682260035652448 ) ) ;
#3112 = CIRCLE ( 'NONE', #3424, 6.224999999999999645 ) ;
#3113 = AXIS2_PLACEMENT_3D ( 'NONE', #2734, #1222, #413 ) ;
#3114 = DIRECTION ( 'NONE',  ( 5.984971799148289338E-16, 0.0006981316444339968896, 0.9999997563060738504 ) ) ;
#3115 = ORIENTED_EDGE ( 'NONE', *, *, #2197, .F. ) ;
#3116 = DIRECTION ( 'NONE',  ( -1.000000000000000000, -1.313873401923262340E-14, 6.158781571515291728E-16 ) ) ;
#3117 = DIRECTION ( 'NONE',  ( 0.6819982711663327146, 0.000000000000000000, 0.7313537845161759421 ) ) ;
#3118 = DIRECTION ( 'NONE',  ( 0.000000000000000000, -0.9999997563060737393, 0.0006981316444339967812 ) ) ;
#3119 = CIRCLE ( 'NONE', #2271, 6.225000000000001421 ) ;
#3120 = ORIENTED_EDGE ( 'NONE', *, *, #1160, .T. ) ;
#3121 = LINE ( 'NONE', #153, #1775 ) ;
#3122 = CARTESIAN_POINT ( 'NONE',  ( -21.36097080808896109, -90.45414378706323077, 43.50354922456898521 ) ) ;
#3123 = EDGE_CURVE ( 'NONE', #2633, #517, #2958, .T. ) ;
#3124 = CARTESIAN_POINT ( 'NONE',  ( -19.99967442650869742, -89.38577078346004612, 38.13434399878806147 ) ) ;
#3125 = CARTESIAN_POINT ( 'NONE',  ( -30.72724432017637852, -87.99606783808040689, 56.51717233881160496 ) ) ;
#3126 = VERTEX_POINT ( 'NONE', #913 ) ;
#3127 = CARTESIAN_POINT ( 'NONE',  ( -22.34857447055443558, -91.69830210042947272, 41.78526818720936120 ) ) ;
#3128 = CARTESIAN_POINT ( 'NONE',  ( -26.22467442650808067, -89.45023677589853150, 21.58593696029894815 ) ) ;
#3129 = EDGE_LOOP ( 'NONE', ( #2213, #3697, #224 ) ) ;
#3130 = ADVANCED_FACE ( 'NONE', ( #147 ), #3079, .T. ) ;
#3131 = CARTESIAN_POINT ( 'NONE',  ( -31.77066797238715878, -90.77512145492275408, 58.30722390214103967 ) ) ;
#3132 = CARTESIAN_POINT ( 'NONE',  ( -18.53976642829414345, -90.80666022002507987, 22.06663015414052964 ) ) ;
#3133 = CARTESIAN_POINT ( 'NONE',  ( -21.27486887663173576, -90.19343393647922369, 43.16247450147987763 ) ) ;
#3134 = EDGE_LOOP ( 'NONE', ( #1643, #3163, #1060, #3662, #3254, #2706 ) ) ;
#3135 = CARTESIAN_POINT ( 'NONE',  ( -24.13250111934365094, -85.40982643272728581, 35.53292588595517287 ) ) ;
#3136 = ORIENTED_EDGE ( 'NONE', *, *, #1906, .T. ) ;
#3137 = CARTESIAN_POINT ( 'NONE',  ( -18.98959920079538932, -89.81333004653232877, 37.42721734355347962 ) ) ;
#3138 = PLANE ( 'NONE',  #1714 ) ;
#3139 = AXIS2_PLACEMENT_3D ( 'NONE', #887, #542, #3165 ) ;
#3140 = CIRCLE ( 'NONE', #1795, 7.225000000000002309 ) ;
#3141 = EDGE_LOOP ( 'NONE', ( #513, #425, #3046, #3027 ) ) ;
#3142 = CARTESIAN_POINT ( 'NONE',  ( -18.50823570949222230, -91.63047694497245743, 36.64603810643986748 ) ) ;
#3143 = CARTESIAN_POINT ( 'NONE',  ( -31.15199532666955662, -88.60966529076732456, 57.24549500631934507 ) ) ;
#3144 = ORIENTED_EDGE ( 'NONE', *, *, #666, .F. ) ;
#3145 = CARTESIAN_POINT ( 'NONE',  ( -21.06666398243263671, -91.69791296845245654, 42.34265859520681374 ) ) ;
#3146 = LINE ( 'NONE', #3716, #1919 ) ;
#3147 = ORIENTED_EDGE ( 'NONE', *, *, #1460, .F. ) ;
#3148 = DIRECTION ( 'NONE',  ( 0.6819982711663323816, 0.000000000000000000, 0.7313537845161763862 ) ) ;
#3149 = CARTESIAN_POINT ( 'NONE',  ( -18.60038628390024229, -90.92110654517115620, 22.02293201672226530 ) ) ;
#3150 = EDGE_CURVE ( 'NONE', #3653, #2194, #571, .T. ) ;
#3151 = DIRECTION ( 'NONE',  ( -1.000000000000000000, -1.212033869678118431E-14, 6.060169348390591561E-16 ) ) ;
#3152 = VERTEX_POINT ( 'NONE', #3630 ) ;
#3153 = CARTESIAN_POINT ( 'NONE',  ( -26.72467442650877700, -91.66902275250350840, 33.90738663265969421 ) ) ;
#3154 = ADVANCED_FACE ( 'NONE', ( #1009, #3244 ), #605, .F. ) ;
#3155 = CARTESIAN_POINT ( 'NONE',  ( -27.67867834538902017, -90.78375712555384780, 36.10083050528832160 ) ) ;
#3156 = CARTESIAN_POINT ( 'NONE',  ( -23.01118221030883504, -90.48230097423271445, 42.81316298551792698 ) ) ;
#3157 = CARTESIAN_POINT ( 'NONE',  ( -20.77112954317724913, -89.59841964036655781, 37.79905414251746265 ) ) ;
#3158 = AXIS2_PLACEMENT_3D ( 'NONE', #970, #358, #29 ) ;
#3159 = CARTESIAN_POINT ( 'NONE',  ( -18.47465600996943280, -90.85670224933474515, 39.39486888150177890 ) ) ;
#3160 = ORIENTED_EDGE ( 'NONE', *, *, #1880, .F. ) ;
#3161 = DIRECTION ( 'NONE',  ( -0.000000000000000000, -0.0006981316444284907689, -0.9999997563060738504 ) ) ;
#3162 = DIRECTION ( 'NONE',  ( 0.000000000000000000, -0.9999997563060738504, 0.0006981316444387701981 ) ) ;
#3163 = ORIENTED_EDGE ( 'NONE', *, *, #3029, .T. ) ;
#3164 = CARTESIAN_POINT ( 'NONE',  ( -19.99967442650869742, -93.05196127963380093, 14.94444439395120128 ) ) ;
#3165 = DIRECTION ( 'NONE',  ( 1.000000000000000000, 1.344560756466452746E-14, -9.604005403331806173E-16 ) ) ;
#3166 = CARTESIAN_POINT ( 'NONE',  ( -19.99967442650869742, -90.80386319135810425, 12.21937156955629966 ) ) ;
#3167 = EDGE_LOOP ( 'NONE', ( #979, #1685, #1461, #1964, #2851, #3185, #1022, #3717, #1568, #127, #1318, #2118 ) ) ;
#3168 = EDGE_CURVE ( 'NONE', #1301, #771, #1002, .T. ) ;
#3169 = CARTESIAN_POINT ( 'NONE',  ( -18.59977572673274082, -90.87201383203944260, 39.78133605502188175 ) ) ;
#3170 = EDGE_LOOP ( 'NONE', ( #2911, #2644, #756, #3057, #1523 ) ) ;
#3171 = CARTESIAN_POINT ( 'NONE',  ( -18.61038920406516795, -90.61968524423700444, 21.80257195994497721 ) ) ;
#3172 = EDGE_CURVE ( 'NONE', #2148, #517, #717, .T. ) ;
#3173 = CARTESIAN_POINT ( 'NONE',  ( -21.26229878977460075, -90.15396197386755262, 37.58587546563456527 ) ) ;
#3174 = CARTESIAN_POINT ( 'NONE',  ( -19.99967442650869742, -90.80196182794520610, 14.94287359775120194 ) ) ;
#3175 = ORIENTED_EDGE ( 'NONE', *, *, #3276, .T. ) ;
#3176 = CARTESIAN_POINT ( 'NONE',  ( -21.39967442650868534, -90.78191701587815032, 43.65494215135643685 ) ) ;
#3177 = FACE_BOUND ( 'NONE', #3085, .T. ) ;
#3178 = ORIENTED_EDGE ( 'NONE', *, *, #2478, .F. ) ;
#3179 = DIRECTION ( 'NONE',  ( 0.000000000000000000, -0.9999997563060738504, 0.0006981316443913850337 ) ) ;
#3180 = CARTESIAN_POINT ( 'NONE',  ( -25.21600509621819342, -96.82417988617045523, 47.07874438425330510 ) ) ;
#3181 = FACE_OUTER_BOUND ( 'NONE', #2506, .T. ) ;
#3182 = EDGE_LOOP ( 'NONE', ( #1859, #3623, #298, #3246 ) ) ;
#3183 = VECTOR ( 'NONE', #447, 1000.000000000000114 ) ;
#3184 = DIRECTION ( 'NONE',  ( 0.7071067811862309371, 0.0004936536199494237585, 0.7071066088692363749 ) ) ;
#3185 = ORIENTED_EDGE ( 'NONE', *, *, #780, .T. ) ;
#3186 = EDGE_CURVE ( 'NONE', #157, #457, #1601, .T. ) ;
#3187 = DIRECTION ( 'NONE',  ( -5.984971799148288352E-16, -0.0006981316444339967812, -0.9999997563060737393 ) ) ;
#3188 = AXIS2_PLACEMENT_3D ( 'NONE', #3220, #2025, #3760 ) ;
#3189 = ADVANCED_FACE ( 'NONE', ( #1323 ), #3738, .F. ) ;
#3190 = CARTESIAN_POINT ( 'NONE',  ( -21.05546670344764237, -91.90543768825563120, 37.94424398416163768 ) ) ;
#3191 = DIRECTION ( 'NONE',  ( 7.209618598295288790E-16, 0.0006981316444339968896, 0.9999997563060738504 ) ) ;
#3192 = VECTOR ( 'NONE', #2006, 1000.000000000000114 ) ;
#3193 = CIRCLE ( 'NONE', #2467, 2.049999999999999822 ) ;
#3194 = EDGE_LOOP ( 'NONE', ( #91, #1372, #2305 ) ) ;
#3195 = CARTESIAN_POINT ( 'NONE',  ( -22.65738077639118586, -90.07400779455250017, 42.26390340025204750 ) ) ;
#3196 = VECTOR ( 'NONE', #1969, 1000.000000000000000 ) ;
#3197 = CARTESIAN_POINT ( 'NONE',  ( -17.84967442650869884, -90.80189201478067673, 15.04287357338179909 ) ) ;
#3198 = CARTESIAN_POINT ( 'NONE',  ( -19.99967442650861926, -97.51076880344699305, 38.14001631839908413 ) ) ;
#3199 = CARTESIAN_POINT ( 'NONE',  ( -18.92712713584311857, -89.88031382396232516, 37.81895707180170518 ) ) ;
#3200 = CARTESIAN_POINT ( 'NONE',  ( -19.15722488532916756, -91.91964009670604696, 25.36896221888612146 ) ) ;
#3201 = ORIENTED_EDGE ( 'NONE', *, *, #1911, .T. ) ;
#3202 = FACE_OUTER_BOUND ( 'NONE', #2476, .T. ) ;
#3203 = ORIENTED_EDGE ( 'NONE', *, *, #3727, .F. ) ;
#3204 = CARTESIAN_POINT ( 'NONE',  ( -18.85266997987199744, -89.97715908559409570, 38.29107487081168415 ) ) ;
#3205 = CARTESIAN_POINT ( 'NONE',  ( -21.39967442650868890, -90.96975849885413368, 37.09189987679407352 ) ) ;
#3206 = LINE ( 'NONE', #1742, #3414 ) ;
#3207 = EDGE_CURVE ( 'NONE', #3340, #2812, #1005, .T. ) ;
#3208 = CARTESIAN_POINT ( 'NONE',  ( -19.99967442650869742, -90.80646477705180075, 8.492875169577059680 ) ) ;
#3209 = VERTEX_POINT ( 'NONE', #1381 ) ;
#3210 = DIRECTION ( 'NONE',  ( 0.6819982711663323816, 0.000000000000000000, 0.7313537845161763862 ) ) ;
#3211 = CARTESIAN_POINT ( 'NONE',  ( -21.20693947182819272, -90.07356750398815848, 42.89457307494011928 ) ) ;
#3212 = CIRCLE ( 'NONE', #2915, 4.225000000000000533 ) ;
#3213 = ADVANCED_FACE ( 'NONE', ( #3459 ), #1550, .F. ) ;
#3214 = CARTESIAN_POINT ( 'NONE',  ( -13.77467442650869778, -90.80234161534754378, 14.39886830461484557 ) ) ;
#3215 = CARTESIAN_POINT ( 'NONE',  ( -19.47645393152215121, -89.49382721757625347, 27.99462198386733291 ) ) ;
#3216 = AXIS2_PLACEMENT_3D ( 'NONE', #33, #847, #2626 ) ;
#3217 = CARTESIAN_POINT ( 'NONE',  ( -19.37229051120215928, -92.04565883816127325, 34.76812908296948024 ) ) ;
#3218 = ORIENTED_EDGE ( 'NONE', *, *, #1862, .F. ) ;
#3219 =( BOUNDED_SURFACE ( )  B_SPLINE_SURFACE ( 3, 2, ( 
 ( #2900, #3198, #901 ),
 ( #3231, #611, #1786 ),
 ( #2952, #2301, #2316 ),
 ( #3180, #3305, #1554 ),
 ( #2113, #939, #3597 ),
 ( #402, #3324, #37 ),
 ( #920, #1252, #2420 ),
 ( #2971, #3576, #348 ),
 ( #3269, #1572, #959 ),
 ( #2741, #652, #2669 ),
 ( #2990, #3286, #116 ),
 ( #1292, #1825, #1232 ),
 ( #366, #1537, #1215 ),
 ( #978, #2171, #95 ),
 ( #999, #2459, #75 ),
 ( #2132, #671, #3617 ),
 ( #3558, #2383, #1843 ),
 ( #2401, #2705, #2094 ),
 ( #2151, #3010, #2687 ),
 ( #3539, #1521, #384 ),
 ( #2723, #1270, #3250 ),
 ( #2437, #691, #1864 ),
 ( #634, #3031, #709 ),
 ( #1879, #3048, #1806 ),
 ( #420, #56, #481 ),
 ( #767, #3657, #3713 ),
 ( #2251, #1349, #2554 ),
 ( #1942, #3407, #440 ),
 ( #1673, #3676, #2534 ),
 ( #2274, #787, #1981 ),
 ( #1924, #1314, #3390 ),
 ( #3105, #3696, #1654 ),
 ( #3088, #1958, #2786 ),
 ( #156, #1334, #1366 ),
 ( #499, #1081, #211 ),
 ( #3143, #1614, #1590 ),
 ( #2496, #1636, #1103 ),
 ( #3125, #3431, #2842 ),
 ( #1038, #2514, #2233 ),
 ( #1059, #727, #1388 ),
 ( #2821, #2209, #3366 ),
 ( #809, #2763, #137 ),
 ( #2479, #3640, #1019 ),
 ( #2189, #189, #3344 ),
 ( #1901, #746, #3070 ),
 ( #2643, #862, #286 ),
 ( #14, #1192, #2360 ),
 ( #1408, #520, #3517 ),
 ( #2068, #49, #2966 ),
 ( #3281, #398, #1211 ) ),
 .UNSPECIFIED., .F., .F., .T. ) 
 B_SPLINE_SURFACE_WITH_KNOTS ( ( 4, 2, 2, 2, 2, 2, 2, 2, 2, 2, 2, 2, 2, 2, 2, 2, 2, 2, 2, 2, 2, 2, 2, 2, 4 ),
 ( 3, 3 ),
 ( 4.712388980384689674, 5.105088062083414258, 5.301437602932775661, 5.497787143782137953, 5.694136684631500245, 5.792311455056180947, 5.890486225480861648, 5.988660995905542350, 6.086835766330223940, 6.135923151542565179, 6.185010536754905530, 6.234097921967245881, 6.283185307179586232, 6.332272692391926583, 6.381360077604266934, 6.430447462816607285, 6.479534848028948524, 6.577709618453630114, 6.675884388878310816, 6.774059159302991517, 6.872233929727672219, 7.068583470577034511, 7.264933011426396803, 7.461282552275758206, 7.853981633974482790 ),
 ( 0.000000000000000000, 1.000000000000000000 ),
 .UNSPECIFIED. ) 
 GEOMETRIC_REPRESENTATION_ITEM ( )  RATIONAL_B_SPLINE_SURFACE ( (
 ( 1.000000000000000000, 1.000000000000000000, 1.000000000000000000),
 ( 1.000000000000000000, 1.000160624472911763, 1.000000000000000000),
 ( 1.000000000000000000, 0.9779617166231878711, 1.000000000000000000),
 ( 1.000000000000000000, 0.9156139848847714147, 1.000000000000000000),
 ( 1.000000000000000000, 0.8900253708094013616, 1.000000000000000000),
 ( 1.000000000000000000, 0.8309262687199227004, 1.000000000000000000),
 ( 1.000000000000000000, 0.7974024924612782561, 1.000000000000000000),
 ( 1.000000000000000000, 0.7250959935601394291, 1.000000000000000000),
 ( 1.000000000000000000, 0.6862798765825454117, 1.000000000000000000),
 ( 1.000000000000000000, 0.6273289757036260017, 1.000000000000000000),
 ( 1.000000000000000000, 0.6075732419761815661, 1.000000000000000000),
 ( 1.000000000000000000, 0.5686637320639126303, 1.000000000000000000),
 ( 1.000000000000000000, 0.5495075830794976524, 1.000000000000000000),
 ( 1.000000000000000000, 0.5128714423124104416, 1.000000000000000000),
 ( 1.000000000000000000, 0.4953910023445207145, 1.000000000000000000),
 ( 1.000000000000000000, 0.4634995626329515561, 1.000000000000000000),
 ( 1.000000000000000000, 0.4490954246615327938, 1.000000000000000000),
 ( 1.000000000000000000, 0.4310216981926238700, 1.000000000000000000),
 ( 1.000000000000000000, 0.4255872049798462009, 1.000000000000000000),
 ( 1.000000000000000000, 0.4160953744752987626, 1.000000000000000000),
 ( 1.000000000000000000, 0.4120388181362610869, 1.000000000000000000),
 ( 1.000000000000000000, 0.4054710635935119267, 1.000000000000000000),
 ( 1.000000000000000000, 0.4029606193883131793, 1.000000000000000000),
 ( 1.000000000000000000, 0.3995993856677693135, 1.000000000000000000),
 ( 1.000000000000000000, 0.3987490689252813914, 1.000000000000000000),
 ( 1.000000000000000000, 0.3987490689252107812, 1.000000000000000000),
 ( 1.000000000000000000, 0.3995993856673943356, 1.000000000000000000),
 ( 1.000000000000000000, 0.4029606193886849375, 1.000000000000000000),
 ( 1.000000000000000000, 0.4054710635936418228, 1.000000000000000000),
 ( 1.000000000000000000, 0.4120388181361284152, 1.000000000000000000),
 ( 1.000000000000000000, 0.4160953744754635752, 1.000000000000000000),
 ( 1.000000000000000000, 0.4255872049796754486, 1.000000000000000000),
 ( 1.000000000000000000, 0.4310216981928217672, 1.000000000000000000),
 ( 1.000000000000000000, 0.4490954246611497669, 1.000000000000000000),
 ( 1.000000000000000000, 0.4634995626332510943, 1.000000000000000000),
 ( 1.000000000000000000, 0.4953910023442254507, 1.000000000000000000),
 ( 1.000000000000000000, 0.5128714423134165257, 1.000000000000000000),
 ( 1.000000000000000000, 0.5495075830784797999, 1.000000000000000000),
 ( 1.000000000000000000, 0.5686637320632567105, 1.000000000000000000),
 ( 1.000000000000000000, 0.6075732419768283821, 1.000000000000000000),
 ( 1.000000000000000000, 0.6273289757039380854, 1.000000000000000000),
 ( 1.000000000000000000, 0.6862798765819115854, 1.000000000000000000),
 ( 1.000000000000000000, 0.7250959935615544083, 1.000000000000000000),
 ( 1.000000000000000000, 0.7974024924598601682, 1.000000000000000000),
 ( 1.000000000000000000, 0.8309262687190834828, 1.000000000000000000),
 ( 1.000000000000000000, 0.8900253708102395800, 1.000000000000000000),
 ( 1.000000000000000000, 0.9156139848846044371, 1.000000000000000000),
 ( 1.000000000000000000, 0.9779617166235188286, 1.000000000000000000),
 ( 1.000000000000000000, 1.000160624472663073, 1.000000000000000000),
 ( 1.000000000000000000, 1.000000000000000000, 1.000000000000000000) ) ) 
 REPRESENTATION_ITEM ( '' )  SURFACE ( )  );
#3220 = CARTESIAN_POINT ( 'NONE',  ( -19.99967442650869742, -90.80196182794520610, 14.94287359775120194 ) ) ;
#3221 = DIRECTION ( 'NONE',  ( -5.984971799148289338E-16, -0.0006981316444339968896, -0.9999997563060738504 ) ) ;
#3222 = CARTESIAN_POINT ( 'NONE',  ( -20.92909817589750077, -91.85233700936191781, 37.73194094084353623 ) ) ;
#3223 = CARTESIAN_POINT ( 'NONE',  ( -24.99967442650870453, -87.08963458005429459, 20.87703469669200018 ) ) ;
#3224 = VECTOR ( 'NONE', #630, 1000.000000000000000 ) ;
#3225 = DIRECTION ( 'NONE',  ( -1.286116265481140035E-14, 1.000000000000000000, 0.000000000000000000 ) ) ;
#3226 = CYLINDRICAL_SURFACE ( 'NONE', #2954, 6.725000000000196820 ) ;
#3227 = ORIENTED_EDGE ( 'NONE', *, *, #2005, .T. ) ;
#3228 = DIRECTION ( 'NONE',  ( 0.000000000000000000, -0.9999997563060737393, 0.0006981316444387587056 ) ) ;
#3229 = ADVANCED_FACE ( 'NONE', ( #2544 ), #838, .F. ) ;
#3230 = CARTESIAN_POINT ( 'NONE',  ( -23.08167278633808905, -90.99698456608010133, 42.92373841753590114 ) ) ;
#3231 = CARTESIAN_POINT ( 'NONE',  ( -21.54077188463427106, -97.50892505689397183, 40.78098828754743721 ) ) ;
#3232 = CARTESIAN_POINT ( 'NONE',  ( -19.53596133666772161, -89.46789522603533840, 32.99401154728116126 ) ) ;
#3233 = VECTOR ( 'NONE', #590, 1000.000000000000114 ) ;
#3234 = EDGE_CURVE ( 'NONE', #2038, #1417, #3418, .T. ) ;
#3235 = CARTESIAN_POINT ( 'NONE',  ( -24.99967442650880045, -80.80185029583320500, 15.09914089557619832 ) ) ;
#3236 = ORIENTED_EDGE ( 'NONE', *, *, #2824, .F. ) ;
#3237 = DIRECTION ( 'NONE',  ( -0.7313537016191684614, 0.0004761246366041583015, 0.6819981938636426877 ) ) ;
#3238 = FACE_OUTER_BOUND ( 'NONE', #2512, .T. ) ;
#3239 = AXIS2_PLACEMENT_3D ( 'NONE', #1481, #1413, #1177 ) ;
#3240 = VECTOR ( 'NONE', #2115, 1000.000000000000114 ) ;
#3241 = CARTESIAN_POINT ( 'NONE',  ( -19.99967442650869742, -90.80646477705180075, 8.492875169577059680 ) ) ;
#3242 = DIRECTION ( 'NONE',  ( 0.000000000000000000, -0.9999997563060738504, 0.0006981316444335928075 ) ) ;
#3243 = CARTESIAN_POINT ( 'NONE',  ( -21.31952317190182100, -91.24932493910962705, 43.33926584851039365 ) ) ;
#3244 = FACE_OUTER_BOUND ( 'NONE', #1149, .T. ) ;
#3245 = CARTESIAN_POINT ( 'NONE',  ( -18.46159032624139940, -90.88804419985655159, 22.40817039375140851 ) ) ;
#3246 = ORIENTED_EDGE ( 'NONE', *, *, #3754, .F. ) ;
#3247 = CARTESIAN_POINT ( 'NONE',  ( -18.59970789123173418, -90.80711077046591129, 21.72176582756603480 ) ) ;
#3248 = AXIS2_PLACEMENT_3D ( 'NONE', #561, #1129, #1733 ) ;
#3249 = LINE ( 'NONE', #365, #1909 ) ;
#3250 = CARTESIAN_POINT ( 'NONE',  ( -26.68150614690942390, -91.53892905716587336, 60.35825254267766127 ) ) ;
#3251 = CARTESIAN_POINT ( 'NONE',  ( -19.24229140184770870, -89.57093050106928445, 32.95534292104871099 ) ) ;
#3252 = CIRCLE ( 'NONE', #1613, 7.224999999999998757 ) ;
#3253 = CARTESIAN_POINT ( 'NONE',  ( -19.45496667625292631, -92.08433098791036286, 27.70310010908112019 ) ) ;
#3254 = ORIENTED_EDGE ( 'NONE', *, *, #3537, .T. ) ;
#3255 = CARTESIAN_POINT ( 'NONE',  ( -19.99967442650867611, -90.77316389761227811, 56.19286354537678818 ) ) ;
#3256 = ADVANCED_FACE ( 'NONE', ( #851 ), #339, .F. ) ;
#3257 = CARTESIAN_POINT ( 'NONE',  ( -18.85880513475156306, -91.59859914498048283, 38.25372264400716205 ) ) ;
#3258 = AXIS2_PLACEMENT_3D ( 'NONE', #3712, #2553, #1406 ) ;
#3259 = CARTESIAN_POINT ( 'NONE',  ( -20.94946713317359510, -91.93052677421468388, 41.88076207703934273 ) ) ;
#3260 = FACE_BOUND ( 'NONE', #76, .T. ) ;
#3261 = CARTESIAN_POINT ( 'NONE',  ( -27.22467442649973890, -90.79539879500849509, 24.34372426790650223 ) ) ;
#3262 = CARTESIAN_POINT ( 'NONE',  ( -18.59967442650869884, -90.79250214416309461, 28.49287029569850205 ) ) ;
#3263 = DIRECTION ( 'NONE',  ( 0.6819982711663333808, 0.000000000000000000, 0.7313537845161754980 ) ) ;
#3264 = ORIENTED_EDGE ( 'NONE', *, *, #757, .T. ) ;
#3265 = CARTESIAN_POINT ( 'NONE',  ( -23.01118140015835323, -91.08271301000546316, 42.81357983091489672 ) ) ;
#3266 = CARTESIAN_POINT ( 'NONE',  ( -19.99967442650871163, -89.38577078346006033, 38.13434399878808279 ) ) ;
#3267 = AXIS2_PLACEMENT_3D ( 'NONE', #609, #2950, #2399 ) ;
#3268 = CARTESIAN_POINT ( 'NONE',  ( -21.27486887672528226, -91.37108714305605872, 43.16329665902651413 ) ) ;
#3269 = CARTESIAN_POINT ( 'NONE',  ( -29.35888237573800552, -94.87675357274147814, 54.17701894619823832 ) ) ;
#3270 = ORIENTED_EDGE ( 'NONE', *, *, #1279, .F. ) ;
#3271 = PLANE ( 'NONE',  #1424 ) ;
#3272 = VERTEX_POINT ( 'NONE', #219 ) ;
#3273 = DIRECTION ( 'NONE',  ( -1.000000000000000000, -1.283000413665434768E-14, 5.880418562633243017E-16 ) ) ;
#3274 = CARTESIAN_POINT ( 'NONE',  ( -19.27576772543061523, -92.03183131070214529, 29.20286933777159177 ) ) ;
#3275 = CARTESIAN_POINT ( 'NONE',  ( -19.99967442650869742, -90.80646477705180075, 8.492875169577059680 ) ) ;
#3276 = EDGE_CURVE ( 'NONE', #1107, #736, #3488, .T. ) ;
#3277 = DIRECTION ( 'NONE',  ( -1.000000000000000000, -9.912705577010336396E-15, 0.000000000000000000 ) ) ;
#3278 = DIRECTION ( 'NONE',  ( 5.984971799148289338E-16, 0.0006981316444339968896, 0.9999997563060738504 ) ) ;
#3279 = DIRECTION ( 'NONE',  ( 0.000000000000000000, -0.9999997563060738504, 0.0006981316444387701981 ) ) ;
#3280 = ADVANCED_FACE ( 'NONE', ( #2318 ), #3457, .T. ) ;
#3281 = CARTESIAN_POINT ( 'NONE',  ( -19.99967442650871874, -84.06077208113012489, 38.13062644778137411 ) ) ;
#3282 = VERTEX_POINT ( 'NONE', #1110 ) ;
#3283 = CARTESIAN_POINT ( 'NONE',  ( -22.87591153447429804, -91.28575819214417209, 42.60422410934111070 ) ) ;
#3284 = CIRCLE ( 'NONE', #3058, 6.725000000000183498 ) ;
#3285 = CARTESIAN_POINT ( 'NONE',  ( -22.65738077639060322, -91.49176781011541948, 42.26489318362339276 ) ) ;
#3286 = CARTESIAN_POINT ( 'NONE',  ( -27.31337881470503248, -91.56094389900155761, 54.95623518524699591 ) ) ;
#3287 = ORIENTED_EDGE ( 'NONE', *, *, #2405, .F. ) ;
#3288 = LINE ( 'NONE', #2191, #3240 ) ;
#3289 = DIRECTION ( 'NONE',  ( 1.286166911541079455E-14, -0.9999997563060738504, 0.0006981316444339968896 ) ) ;
#3290 = ORIENTED_EDGE ( 'NONE', *, *, #2538, .F. ) ;
#3291 = DIRECTION ( 'NONE',  ( -0.7313537016191685725, 0.0004761246366041584641, 0.6819981938636425767 ) ) ;
#3292 = CARTESIAN_POINT ( 'NONE',  ( -19.02325646612646892, -92.14317533319450604, 31.63871958192989453 ) ) ;
#3293 = AXIS2_PLACEMENT_3D ( 'NONE', #1455, #2371, #2997 ) ;
#3294 = DIRECTION ( 'NONE',  ( -0.7313537016191689055, 0.0004761246365688680629, 0.6819981938636421326 ) ) ;
#3295 = ADVANCED_FACE ( 'NONE', ( #794 ), #3473, .F. ) ;
#3296 = CYLINDRICAL_SURFACE ( 'NONE', #2298, 1.399999999999998579 ) ;
#3297 = CARTESIAN_POINT ( 'NONE',  ( -19.02265745518391071, -89.43773265358748858, 31.71505042630935023 ) ) ;
#3298 = DIRECTION ( 'NONE',  ( 7.209618598295289776E-16, 0.0006981316444339968896, 0.9999997563060738504 ) ) ;
#3299 = ADVANCED_FACE ( 'NONE', ( #3181 ), #2850, .F. ) ;
#3300 = CONICAL_SURFACE ( 'NONE', #1723, 16.22500000000000497, 1.047197551196999754 ) ;
#3301 = CARTESIAN_POINT ( 'NONE',  ( -18.55057696325253858, -90.80123241226395692, 22.03126685271410778 ) ) ;
#3302 = ORIENTED_EDGE ( 'NONE', *, *, #102, .F. ) ;
#3303 = CARTESIAN_POINT ( 'NONE',  ( -23.07450905582434686, -90.88351545665149445, 42.91229366488816765 ) ) ;
#3304 = CARTESIAN_POINT ( 'NONE',  ( -21.70326896032804598, -90.64663678268090052, 42.05322439636577059 ) ) ;
#3305 = CARTESIAN_POINT ( 'NONE',  ( -24.07139480397946230, -96.29805300487898023, 47.50348772947972265 ) ) ;
#3306 = ORIENTED_EDGE ( 'NONE', *, *, #2240, .T. ) ;
#3307 = CARTESIAN_POINT ( 'NONE',  ( -34.11036076864948541, -90.77720571807587646, 49.37948783770240624 ) ) ;
#3308 = LINE ( 'NONE', #2193, #2100 ) ;
#3309 = ORIENTED_EDGE ( 'NONE', *, *, #1181, .F. ) ;
#3310 = CARTESIAN_POINT ( 'NONE',  ( -18.59967442650869884, -92.20056522348480144, 16.94385049466560034 ) ) ;
#3311 = CARTESIAN_POINT ( 'NONE',  ( -19.15594116969501570, -91.95198433312405939, 34.05867645218938122 ) ) ;
#3312 = CIRCLE ( 'NONE', #1679, 1.399999999999998579 ) ;
#3313 = AXIS2_PLACEMENT_3D ( 'NONE', #1553, #1785, #2150 ) ;
#3314 = CARTESIAN_POINT ( 'NONE',  ( -23.86696705307815947, -84.91027372293810060, 37.10661186514172982 ) ) ;
#3315 = ORIENTED_EDGE ( 'NONE', *, *, #3376, .F. ) ;
#3316 = CARTESIAN_POINT ( 'NONE',  ( -18.81693564025203003, -90.04491202405432659, 23.21172334153751038 ) ) ;
#3317 = CARTESIAN_POINT ( 'NONE',  ( -19.02172973100028486, -89.43947918485055482, 29.98845256884325394 ) ) ;
#3318 = CARTESIAN_POINT ( 'NONE',  ( -19.99967442650866900, -97.49306589776641374, 63.49755670171990118 ) ) ;
#3319 = EDGE_CURVE ( 'NONE', #1848, #80, #817, .T. ) ;
#3320 = DIRECTION ( 'NONE',  ( 0.6819982711663334918, 0.000000000000000000, 0.7313537845161753870 ) ) ;
#3321 = VERTEX_POINT ( 'NONE', #1089 ) ;
#3322 = CARTESIAN_POINT ( 'NONE',  ( -22.88320560488824285, -91.27695175770632829, 42.61557548369226822 ) ) ;
#3323 = EDGE_CURVE ( 'NONE', #3417, #3348, #1978, .T. ) ;
#3324 = CARTESIAN_POINT ( 'NONE',  ( -25.53096651393160244, -95.04077509912221444, 50.85939592110108265 ) ) ;
#3325 = ORIENTED_EDGE ( 'NONE', *, *, #1911, .F. ) ;
#3326 = DIRECTION ( 'NONE',  ( -5.984971799148289338E-16, -0.0006981316444339968896, -0.9999997563060738504 ) ) ;
#3327 = CARTESIAN_POINT ( 'NONE',  ( -18.53824501029711769, -90.78560261741327508, 22.07354103501032228 ) ) ;
#3328 = ORIENTED_EDGE ( 'NONE', *, *, #1935, .F. ) ;
#3329 = ADVANCED_FACE ( 'NONE', ( #836 ), #624, .T. ) ;
#3330 = VECTOR ( 'NONE', #2930, 1000.000000000000114 ) ;
#3331 = PLANE ( 'NONE',  #3099 ) ;
#3332 = CARTESIAN_POINT ( 'NONE',  ( -19.05915304828635470, -91.88784223979224919, 26.81626916670574090 ) ) ;
#3333 = AXIS2_PLACEMENT_3D ( 'NONE', #1297, #2099, #2464 ) ;
#3334 = EDGE_LOOP ( 'NONE', ( #2581, #191, #504, #1943 ) ) ;
#3335 = CARTESIAN_POINT ( 'NONE',  ( -18.43118352260397685, -90.65258265046281849, 22.59221483482816950 ) ) ;
#3336 = FACE_OUTER_BOUND ( 'NONE', #648, .T. ) ;
#3337 = DIRECTION ( 'NONE',  ( 7.209618598295287804E-16, 0.0006981316444339968896, 0.9999997563060738504 ) ) ;
#3338 = VECTOR ( 'NONE', #1390, 1000.000000000000114 ) ;
#3339 =( BOUNDED_CURVE ( )  B_SPLINE_CURVE ( 3, ( #20, #2020, #3486, #1198 ),
 .UNSPECIFIED., .F., .T. ) 
 B_SPLINE_CURVE_WITH_KNOTS ( ( 4, 4 ),
 ( 4.712388980384689674, 6.283695888422069942 ),
 .UNSPECIFIED. ) 
 CURVE ( )  GEOMETRIC_REPRESENTATION_ITEM ( )  RATIONAL_B_SPLINE_CURVE ( ( 1.000000000000000000, 0.8046174936112088227, 0.8046174936112088227, 1.000000000000000000 ) ) 
 REPRESENTATION_ITEM ( '' )  );
#3340 = VERTEX_POINT ( 'NONE', #3416 ) ;
#3341 = CARTESIAN_POINT ( 'NONE',  ( -22.75146350966202391, -90.15132899000479938, 42.40945815705106270 ) ) ;
#3342 = DIRECTION ( 'NONE',  ( -1.000000000000000000, -1.233581138472396822E-14, 7.709882115452480139E-16 ) ) ;
#3343 = CARTESIAN_POINT ( 'NONE',  ( -21.39404473520070127, -90.65588150613858431, 43.63341673014296873 ) ) ;
#3344 = CARTESIAN_POINT ( 'NONE',  ( -24.44373432431795479, -85.70892696084517581, 52.91181114655550033 ) ) ;
#3345 = EDGE_CURVE ( 'NONE', #2246, #3653, #3017, .T. ) ;
#3346 = CARTESIAN_POINT ( 'NONE',  ( -20.17412611629407593, -92.18549000389937476, 38.53751008823952162 ) ) ;
#3347 = CARTESIAN_POINT ( 'NONE',  ( -18.41096929256122294, -90.59351737811367400, 22.78524891582533130 ) ) ;
#3348 = VERTEX_POINT ( 'NONE', #237 ) ;
#3349 = PRODUCT ( 'ecas_ecas_Splitter', 'ecas_ecas_Splitter', '', ( #3007 ) ) ;
#3350 = LINE ( 'NONE', #466, #100 ) ;
#3351 = DIRECTION ( 'NONE',  ( -5.984971799148289338E-16, -0.0006981316444339968896, -0.9999997563060738504 ) ) ;
#3352 = EDGE_CURVE ( 'NONE', #3036, #3417, #1715, .T. ) ;
#3353 = VERTEX_POINT ( 'NONE', #1163 ) ;
#3354 = APPLICATION_CONTEXT ( 'automotive_design' ) ;
#3355 = CIRCLE ( 'NONE', #2694, 1.699999999999980860 ) ;
#3356 = CARTESIAN_POINT ( 'NONE',  ( -22.65738077639060322, -91.49176781011541948, 42.26489318362339276 ) ) ;
#3357 = ORIENTED_EDGE ( 'NONE', *, *, #1144, .T. ) ;
#3358 = CARTESIAN_POINT ( 'NONE',  ( -19.12093536497864577, -89.70189958530554009, 25.15346588241066783 ) ) ;
#3359 = DIRECTION ( 'NONE',  ( 0.000000000000000000, -0.9999997563060737393, 0.0006981316444339967812 ) ) ;
#3360 = LINE ( 'NONE', #1346, #708 ) ;
#3361 = ORIENTED_EDGE ( 'NONE', *, *, #178, .F. ) ;
#3362 = EDGE_LOOP ( 'NONE', ( #2167, #1649 ) ) ;
#3363 = CARTESIAN_POINT ( 'NONE',  ( -21.30517905136026258, -90.27591609961073971, 43.28203387159815207 ) ) ;
#3364 = AXIS2_PLACEMENT_3D ( 'NONE', #401, #93, #633 ) ;
#3365 = DIRECTION ( 'NONE',  ( -7.209618598295287804E-16, -0.0006981316444339968896, -0.9999997563060738504 ) ) ;
#3366 = CARTESIAN_POINT ( 'NONE',  ( -25.71357474951047806, -87.21928048130888556, 57.13609504695203611 ) ) ;
#3367 = ORIENTED_EDGE ( 'NONE', *, *, #1838, .F. ) ;
#3368 = CARTESIAN_POINT ( 'NONE',  ( -6.184422888638064997, -90.79775027899761142, 16.05711791110339703 ) ) ;
#3369 = FACE_BOUND ( 'NONE', #1974, .T. ) ;
#3370 = ORIENTED_EDGE ( 'NONE', *, *, #266, .T. ) ;
#3371 = ADVANCED_FACE ( 'NONE', ( #1967 ), #2830, .T. ) ;
#3372 = DIRECTION ( 'NONE',  ( -1.000000000000000000, -1.233581138472396822E-14, 7.709882115452480139E-16 ) ) ;
#3373 = CARTESIAN_POINT ( 'NONE',  ( -18.49674740416164198, -90.84236347641120801, 22.23350926760544510 ) ) ;
#3374 = ORIENTED_EDGE ( 'NONE', *, *, #2873, .T. ) ;
#3375 = VECTOR ( 'NONE', #577, 1000.000000000000114 ) ;
#3376 = EDGE_CURVE ( 'NONE', #251, #457, #1548, .T. ) ;
#3377 = AXIS2_PLACEMENT_3D ( 'NONE', #2462, #3090, #387 ) ;
#3378 = B_SPLINE_CURVE_WITH_KNOTS ( 'NONE', 3,
 ( #1619, #3092, #1339, #1045, #143, #1374, #3701, #2559, #2827, #1393, #1108, #2280, #2810, #1086, #179, #1355, #815, #1320, #1024, #2256, #2520, #2214 ),
 .UNSPECIFIED., .F., .F.,
 ( 4, 2, 2, 2, 2, 2, 2, 2, 2, 2, 4 ),
 ( 0.01844539297532184208, 0.01845298251519146560, 0.01846057205506108911, 0.01847575113480033962, 0.01850610929427883369, 0.01856682561323583919, 0.01868825825114986752, 0.01893112352697788603, 0.01941685407863392651, 0.02038831518194599013, 0.02233123738857010349 ),
 .UNSPECIFIED. ) ;
#3379 = CARTESIAN_POINT ( 'NONE',  ( -26.54964067652706561, -89.02839159748573650, 34.01560099831844752 ) ) ;
#3380 = FACE_OUTER_BOUND ( 'NONE', #2672, .T. ) ;
#3381 = DIRECTION ( 'NONE',  ( 0.03784763826818286769, 0.9851407542538797024, 0.1675268652653004176 ) ) ;
#3382 = DIRECTION ( 'NONE',  ( 5.984971799148289338E-16, 0.0006981316444339968896, 0.9999997563060738504 ) ) ;
#3383 = CONICAL_SURFACE ( 'NONE', #1373, 7.224999999999998757, 0.7853981633970000820 ) ;
#3384 = ADVANCED_FACE ( 'NONE', ( #79 ), #369, .T. ) ;
#3385 = AXIS2_PLACEMENT_3D ( 'NONE', #410, #1580, #895 ) ;
#3386 = ORIENTED_EDGE ( 'NONE', *, *, #1397, .F. ) ;
#3387 = CARTESIAN_POINT ( 'NONE',  ( -19.99967442650869742, -89.38577078346004612, 38.13434399878806147 ) ) ;
#3388 = DIRECTION ( 'NONE',  ( 1.000000000000000000, 1.238166941961141264E-14, -5.159028924838088600E-16 ) ) ;
#3389 = DIRECTION ( 'NONE',  ( -1.000000000000000000, -1.290957005378089558E-14, 8.068481283613059739E-16 ) ) ;
#3390 = CARTESIAN_POINT ( 'NONE',  ( -26.66803231867653423, -89.89237190364251262, 60.31229183247238268 ) ) ;
#3391 = ORIENTED_EDGE ( 'NONE', *, *, #2662, .T. ) ;
#3392 = DIRECTION ( 'NONE',  ( 0.000000000000000000, -0.9999997563060737393, 0.0006981316444339967812 ) ) ;
#3393 =( BOUNDED_CURVE ( )  B_SPLINE_CURVE ( 3, ( #930, #2450, #1816, #2392 ),
 .UNSPECIFIED., .F., .T. ) 
 B_SPLINE_CURVE_WITH_KNOTS ( ( 4, 4 ),
 ( 4.712388980384689674, 7.853981633974482790 ),
 .UNSPECIFIED. ) 
 CURVE ( )  GEOMETRIC_REPRESENTATION_ITEM ( )  RATIONAL_B_SPLINE_CURVE ( ( 1.000000000000000000, 0.3333333333333333703, 0.3333333333333333703, 1.000000000000000000 ) ) 
 REPRESENTATION_ITEM ( '' )  );
#3394 = DIRECTION ( 'NONE',  ( -5.984971799148289338E-16, -0.0006981316444339968896, -0.9999997563060738504 ) ) ;
#3395 = ORIENTED_EDGE ( 'NONE', *, *, #2873, .F. ) ;
#3396 = CARTESIAN_POINT ( 'NONE',  ( -18.59967651961946444, -90.83381859764335786, 21.88255886306777853 ) ) ;
#3397 = ORIENTED_EDGE ( 'NONE', *, *, #2267, .T. ) ;
#3398 = CARTESIAN_POINT ( 'NONE',  ( -20.88013358283458842, -97.51115530011591659, 37.58640071048380804 ) ) ;
#3399 = CARTESIAN_POINT ( 'NONE',  ( -18.75945897947606511, -90.14441099584284700, 22.83911921110065890 ) ) ;
#3400 = EDGE_CURVE ( 'NONE', #1587, #3526, #1186, .T. ) ;
#3401 = FACE_OUTER_BOUND ( 'NONE', #2818, .T. ) ;
#3402 = VECTOR ( 'NONE', #963, 1000.000000000000000 ) ;
#3403 = EDGE_LOOP ( 'NONE', ( #1050, #3677, #1933, #3325 ) ) ;
#3404 = EDGE_CURVE ( 'NONE', #3526, #2114, #2244, .T. ) ;
#3405 = DIRECTION ( 'NONE',  ( -7.209618598295286818E-16, -0.0006981316444339967812, -0.9999997563060737393 ) ) ;
#3406 = CARTESIAN_POINT ( 'NONE',  ( -21.31942077348305631, -90.31492721030002713, 43.33824328272362436 ) ) ;
#3407 = CARTESIAN_POINT ( 'NONE',  ( -26.77352467213463072, -91.34917927128404358, 53.71450751667443058 ) ) ;
#3408 = ORIENTED_EDGE ( 'NONE', *, *, #1185, .T. ) ;
#3409 = CARTESIAN_POINT ( 'NONE',  ( -20.99570438053023835, -92.11481218696616224, 39.68370622699931971 ) ) ;
#3410 = DIRECTION ( 'NONE',  ( 0.000000000000000000, 0.9999997563060738504, -0.0006981316444284907689 ) ) ;
#3411 = ORIENTED_EDGE ( 'NONE', *, *, #1492, .F. ) ;
#3412 = CARTESIAN_POINT ( 'NONE',  ( -34.11036076864949962, -90.77720571807587646, 49.37948783770242045 ) ) ;
#3413 = CARTESIAN_POINT ( 'NONE',  ( -18.76228031327046963, -91.45373040274077425, 22.85849965193350997 ) ) ;
#3414 = VECTOR ( 'NONE', #3747, 1000.000000000000114 ) ;
#3415 = CONICAL_SURFACE ( 'NONE', #124, 7.224999999999998757, 0.7853981633970000820 ) ;
#3416 = CARTESIAN_POINT ( 'NONE',  ( -24.22467442650869884, -90.80716290869625595, 7.492875413270992269 ) ) ;
#3417 = VERTEX_POINT ( 'NONE', #59 ) ;
#3418 = LINE ( 'NONE', #798, #3196 ) ;
#3419 = ORIENTED_EDGE ( 'NONE', *, *, #2634, .T. ) ;
#3420 = CARTESIAN_POINT ( 'NONE',  ( -19.26845658208471335, -89.55619537375349637, 32.54511518671577619 ) ) ;
#3421 = CARTESIAN_POINT ( 'NONE',  ( -19.99967442650869742, -90.79320027580749297, 27.49287053939249859 ) ) ;
#3422 = VECTOR ( 'NONE', #1626, 1000.000000000000114 ) ;
#3423 = EDGE_CURVE ( 'NONE', #1274, #1426, #631, .T. ) ;
#3424 = AXIS2_PLACEMENT_3D ( 'NONE', #1057, #2552, #518 ) ;
#3425 = ORIENTED_EDGE ( 'NONE', *, *, #1305, .T. ) ;
#3426 = AXIS2_PLACEMENT_3D ( 'NONE', #3711, #2269, #1671 ) ;
#3427 = DIRECTION ( 'NONE',  ( 0.6819982711663323816, 0.000000000000000000, 0.7313537845161763862 ) ) ;
#3428 = DIRECTION ( 'NONE',  ( 5.984971799148289338E-16, 0.0006981316444339968896, 0.9999997563060738504 ) ) ;
#3429 = ADVANCED_FACE ( 'NONE', ( #943 ), #140, .F. ) ;
#3430 = DIRECTION ( 'NONE',  ( -5.984971799148289338E-16, -0.0006981316444339968896, -0.9999997563060738504 ) ) ;
#3431 = CARTESIAN_POINT ( 'NONE',  ( -27.42942673437140044, -90.87624916109363937, 55.22264918627301000 ) ) ;
#3432 = VERTEX_POINT ( 'NONE', #1827 ) ;
#3433 = CARTESIAN_POINT ( 'NONE',  ( -18.97467442650869884, -88.55196237625649758, 14.94130280155130031 ) ) ;
#3434 = FACE_OUTER_BOUND ( 'NONE', #1452, .T. ) ;
#3435 = ORIENTED_EDGE ( 'NONE', *, *, #549, .F. ) ;
#3436 = AXIS2_PLACEMENT_3D ( 'NONE', #1269, #1536, #115 ) ;
#3437 = DIRECTION ( 'NONE',  ( 8.659560562355068444E-17, 0.7076002624888745318, 0.7066129552489650578 ) ) ;
#3438 = CARTESIAN_POINT ( 'NONE',  ( -18.60556483070578793, -91.02783333330947357, 22.31004092807108563 ) ) ;
#3439 = CARTESIAN_POINT ( 'NONE',  ( -19.99967442650867611, -90.77407146875005139, 54.89286386217886360 ) ) ;
#3440 = ORIENTED_EDGE ( 'NONE', *, *, #3605, .T. ) ;
#3441 = ORIENTED_EDGE ( 'NONE', *, *, #1719, .F. ) ;
#3442 = CARTESIAN_POINT ( 'NONE',  ( -18.59967442650868819, -90.78446122389931361, 40.01063828100777187 ) ) ;
#3443 = CIRCLE ( 'NONE', #1487, 1.699999999999980860 ) ;
#3444 = AXIS2_PLACEMENT_3D ( 'NONE', #1123, #2254, #3410 ) ;
#3445 = CARTESIAN_POINT ( 'NONE',  ( -22.97073558027534901, -90.40858717423039081, 42.75050698562981921 ) ) ;
#3446 = VECTOR ( 'NONE', #134, 1000.000000000000114 ) ;
#3447 = CARTESIAN_POINT ( 'NONE',  ( -18.59967442650869884, -89.40084515848549529, 16.54189582353869881 ) ) ;
#3448 = CARTESIAN_POINT ( 'NONE',  ( -19.99967442650869742, -90.80386319135810425, 12.21937156955629966 ) ) ;
#3449 = VERTEX_POINT ( 'NONE', #2135 ) ;
#3450 = CARTESIAN_POINT ( 'NONE',  ( -27.22467442650869884, -90.80646477705190023, 8.492875169577065009 ) ) ;
#3451 = ADVANCED_FACE ( 'NONE', ( #1639 ), #981, .F. ) ;
#3452 = CARTESIAN_POINT ( 'NONE',  ( -19.99967442650867966, -90.77428090824338369, 54.59286393528702064 ) ) ;
#3453 = EDGE_LOOP ( 'NONE', ( #379, #3635, #3175, #1762 ) ) ;
#3454 = LINE ( 'NONE', #3470, #2579 ) ;
#3455 = SURFACE_SIDE_STYLE ('',( #291 ) ) ;
#3456 = EDGE_CURVE ( 'NONE', #3750, #2633, #1904, .T. ) ;
#3457 = CYLINDRICAL_SURFACE ( 'NONE', #3021, 6.225000000000001421 ) ;
#3458 = ORIENTED_EDGE ( 'NONE', *, *, #1425, .T. ) ;
#3459 = FACE_OUTER_BOUND ( 'NONE', #279, .T. ) ;
#3460 = ORIENTED_EDGE ( 'NONE', *, *, #1552, .F. ) ;
#3461 = CARTESIAN_POINT ( 'NONE',  ( -18.60249515649577745, -90.69971901695173244, 21.74300313314468980 ) ) ;
#3462 = CARTESIAN_POINT ( 'NONE',  ( -20.18296703600221775, -92.18586548332687869, 37.99967383809480026 ) ) ;
#3463 = CARTESIAN_POINT ( 'NONE',  ( -18.59967442650869884, -89.30334726905799414, 16.54182775716030207 ) ) ;
#3464 = CIRCLE ( 'NONE', #1510, 5.725000000000000533 ) ;
#3465 = DIRECTION ( 'NONE',  ( -1.000000000000000000, -1.337618101958019679E-14, 5.573408758158414673E-16 ) ) ;
#3466 = EDGE_LOOP ( 'NONE', ( #3441, #1048, #3770, #1868 ) ) ;
#3467 = PLANE ( 'NONE',  #2762 ) ;
#3468 = DIRECTION ( 'NONE',  ( -1.286166911541079770E-14, 0.9999997563060737393, -0.0006981316444339967812 ) ) ;
#3469 = VERTEX_POINT ( 'NONE', #2154 ) ;
#3470 = CARTESIAN_POINT ( 'NONE',  ( -17.74967442650870098, -94.38321083444101589, 7.495371966098370642 ) ) ;
#3471 = EDGE_CURVE ( 'NONE', #2313, #2822, #3600, .T. ) ;
#3472 = LINE ( 'NONE', #1431, #566 ) ;
#3473 = CYLINDRICAL_SURFACE ( 'NONE', #1128, 2.049999999999996714 ) ;
#3474 = EDGE_LOOP ( 'NONE', ( #781, #2285, #2018, #2386, #2361 ) ) ;
#3475 = EDGE_CURVE ( 'NONE', #1970, #2155, #1608, .T. ) ;
#3476 = CARTESIAN_POINT ( 'NONE',  ( -19.99967442650869742, -90.79320027580749297, 27.49287053939249859 ) ) ;
#3477 = VERTEX_POINT ( 'NONE', #159 ) ;
#3478 = CARTESIAN_POINT ( 'NONE',  ( -19.36765836549854924, -89.53276696486823027, 34.80509097260483031 ) ) ;
#3479 = CARTESIAN_POINT ( 'NONE',  ( -21.36323617186943835, -90.42003306196792778, 37.11867690951885379 ) ) ;
#3480 = FACE_OUTER_BOUND ( 'NONE', #1409, .T. ) ;
#3481 = CARTESIAN_POINT ( 'NONE',  ( -35.72382556749827387, -90.77644391865730711, 49.99530498794873523 ) ) ;
#3482 = ORIENTED_EDGE ( 'NONE', *, *, #1813, .F. ) ;
#3483 = DIRECTION ( 'NONE',  ( 7.209618598295286818E-16, 0.0006981316444339967812, 0.9999997563060737393 ) ) ;
#3484 = ORIENTED_EDGE ( 'NONE', *, *, #545, .T. ) ;
#3485 = DIRECTION ( 'NONE',  ( 0.7071067811862309371, 0.0004936536199494237585, 0.7071066088692363749 ) ) ;
#3486 = CARTESIAN_POINT ( 'NONE',  ( -21.71818989033626579, -91.60570639898335799, 37.82360435977873436 ) ) ;
#3487 = CARTESIAN_POINT ( 'NONE',  ( -18.98380118874463562, -89.45982262579997268, 29.29125714079284393 ) ) ;
#3488 = LINE ( 'NONE', #1395, #3692 ) ;
#3489 = ORIENTED_EDGE ( 'NONE', *, *, #2852, .F. ) ;
#3490 =( BOUNDED_SURFACE ( )  B_SPLINE_SURFACE ( 3, 2, ( 
 ( #492, #471, #2470 ),
 ( #107, #1344, #3608 ),
 ( #1934, #1872, #989 ),
 ( #1010, #2162, #2507 ),
 ( #3041, #1075, #432 ),
 ( #2180, #128, #2242 ),
 ( #3335, #182, #412 ),
 ( #739, #3080, #3669 ),
 ( #1914, #718, #3399 ),
 ( #759, #1325, #3316 ),
 ( #453, #1646, #2752 ),
 ( #1051, #3062, #1603 ),
 ( #2775, #2488, #3650 ),
 ( #2201, #1359, #3358 ),
 ( #2223, #2527, #3506 ),
 ( #595, #578, #2058 ),
 ( #38, #3523, #2366 ),
 ( #2935, #312, #1093 ),
 ( #3774, #275, #3215 ),
 ( #3487, #1216, #2918 ),
 ( #1483, #2650, #21 ),
 ( #1199, #870, #204 ),
 ( #2833, #902, #2076 ),
 ( #2263, #3420, #514 ),
 ( #2613, #3251, #3232 ),
 ( #3540, #613, #1162 ),
 ( #1787, #1687, #2953 ),
 ( #799, #1972, #333 ),
 ( #292, #1468, #2041 ),
 ( #2333, #1503, #3137 ),
 ( #2670, #1, #3199 ),
 ( #1666, #1178, #2384 ),
 ( #1450, #1751, #2348 ),
 ( #2096, #1383, #2545 ),
 ( #1254, #635, #2742 ),
 ( #139, #1866, #422 ),
 ( #1592, #1845, #1573 ),
 ( #386, #2765, #1316 ),
 ( #1807, #97, #118 ),
 ( #2421, #2688, #368 ),
 ( #980, #654, #2972 ),
 ( #3561, #349, #1234 ) ),
 .UNSPECIFIED., .F., .F., .T. ) 
 B_SPLINE_SURFACE_WITH_KNOTS ( ( 4, 2, 2, 2, 2, 2, 2, 2, 2, 2, 2, 2, 2, 2, 2, 2, 2, 2, 2, 2, 4 ),
 ( 3, 3 ),
 ( 0.000000000000000000, 0.0003191724369369667506, 0.0006383448738739335012, 0.001276689747747867002, 0.001915034621621800395, 0.002553379495495734005, 0.003830069243243600791, 0.005106758990991468010, 0.006383448738739335229, 0.007660138486487201581, 0.01021351798198293602, 0.01149020772973080237, 0.01276689747747867046, 0.01532027697297440316, 0.01659696672072227125, 0.01787365646847013934, 0.01851200134234407338, 0.01915034621621800742, 0.01978869109009193800, 0.02010786352702890328, 0.02042703596396587204 ),
 ( 0.000000000000000000, 1.000000000000000000 ),
 .UNSPECIFIED. ) 
 GEOMETRIC_REPRESENTATION_ITEM ( )  RATIONAL_B_SPLINE_SURFACE ( (
 ( 1.000000000000000000, 0.9879277843124029124, 1.000000000000000000),
 ( 1.000000000000000000, 0.9881461874162867920, 1.000000000000000000),
 ( 1.000000000000000000, 0.9867564258888598117, 1.000000000000000000),
 ( 1.000000000000000000, 0.9827808278851463131, 1.000000000000000000),
 ( 1.000000000000000000, 0.9802345955766580410, 1.000000000000000000),
 ( 1.000000000000000000, 0.9728896608337956886, 1.000000000000000000),
 ( 1.000000000000000000, 0.9682576017204093111, 1.000000000000000000),
 ( 1.000000000000000000, 0.9609347768950685653, 1.000000000000000000),
 ( 1.000000000000000000, 0.9580634842954508512, 1.000000000000000000),
 ( 1.000000000000000000, 0.9535294684772200879, 1.000000000000000000),
 ( 1.000000000000000000, 0.9518571972823127725, 1.000000000000000000),
 ( 1.000000000000000000, 0.9481299254077091287, 1.000000000000000000),
 ( 1.000000000000000000, 0.9472842006241812829, 1.000000000000000000),
 ( 1.000000000000000000, 0.9469192150697023358, 1.000000000000000000),
 ( 1.000000000000000000, 0.9474300440472556151, 1.000000000000000000),
 ( 1.000000000000000000, 0.9489055020922598782, 1.000000000000000000),
 ( 1.000000000000000000, 0.9498813666689803759, 1.000000000000000000),
 ( 1.000000000000000000, 0.9518127034565578848, 1.000000000000000000),
 ( 1.000000000000000000, 0.9527710783913461157, 1.000000000000000000),
 ( 1.000000000000000000, 0.9551820311399823460, 1.000000000000000000),
 ( 1.000000000000000000, 0.9561455862807758388, 1.000000000000000000),
 ( 1.000000000000000000, 0.9561035327267044526, 1.000000000000000000),
 ( 1.000000000000000000, 0.9558526179629214248, 1.000000000000000000),
 ( 1.000000000000000000, 0.9549146044372012199, 1.000000000000000000),
 ( 1.000000000000000000, 0.9542281911962781082, 1.000000000000000000),
 ( 1.000000000000000000, 0.9517635120158651763, 1.000000000000000000),
 ( 1.000000000000000000, 0.9494599902775440192, 1.000000000000000000),
 ( 1.000000000000000000, 0.9473414415147448642, 1.000000000000000000),
 ( 1.000000000000000000, 0.9468748203928026852, 1.000000000000000000),
 ( 1.000000000000000000, 0.9474007472091018345, 1.000000000000000000),
 ( 1.000000000000000000, 0.9483714111730219276, 1.000000000000000000),
 ( 1.000000000000000000, 0.9524131641359639966, 1.000000000000000000),
 ( 1.000000000000000000, 0.9541997248066655946, 1.000000000000000000),
 ( 1.000000000000000000, 0.9590465540903776454, 1.000000000000000000),
 ( 1.000000000000000000, 0.9621056902441132985, 1.000000000000000000),
 ( 1.000000000000000000, 0.9698386822373920024, 1.000000000000000000),
 ( 1.000000000000000000, 0.9746603990352498137, 1.000000000000000000),
 ( 1.000000000000000000, 0.9819770839551225095, 1.000000000000000000),
 ( 1.000000000000000000, 0.9844007958014481252, 1.000000000000000000),
 ( 1.000000000000000000, 0.9876906384064533251, 1.000000000000000000),
 ( 1.000000000000000000, 0.9884434825534123004, 1.000000000000000000),
 ( 1.000000000000000000, 0.9876040724594243869, 1.000000000000000000) ) ) 
 REPRESENTATION_ITEM ( '' )  SURFACE ( )  );
#3491 = VECTOR ( 'NONE', #938, 1000.000000000000000 ) ;
#3492 = CARTESIAN_POINT ( 'NONE',  ( -14.99967442650859795, -94.50599980787660570, 20.88221229720599936 ) ) ;
#3493 = EDGE_LOOP ( 'NONE', ( #441, #988, #233, #3411 ) ) ;
#3494 = CARTESIAN_POINT ( 'NONE',  ( -18.64318982109933032, -90.43549871567222453, 39.68770211648890012 ) ) ;
#3495 = ADVANCED_FACE ( 'NONE', ( #3035 ), #1337, .F. ) ;
#3496 = CARTESIAN_POINT ( 'NONE',  ( -20.86489265551324124, -92.00918085534357260, 37.97894761711295075 ) ) ;
#3497 = CARTESIAN_POINT ( 'NONE',  ( -35.07817275983362748, -90.77296820881009864, 61.39152126228271555 ) ) ;
#3498 = ADVANCED_FACE ( 'NONE', ( #961 ), #2409, .F. ) ;
#3499 = PLANE ( 'NONE',  #2656 ) ;
#3500 = VECTOR ( 'NONE', #2391, 1000.000000000000114 ) ;
#3501 = ORIENTED_EDGE ( 'NONE', *, *, #1425, .F. ) ;
#3502 = LINE ( 'NONE', #884, #2073 ) ;
#3503 = APPLICATION_PROTOCOL_DEFINITION ( 'draft international standard', 'automotive_design', 1998, #1071 ) ;
#3504 = VECTOR ( 'NONE', #2359, 1000.000000000000114 ) ;
#3505 = DIRECTION ( 'NONE',  ( -0.8660254037846399910, -0.0003490658222278935382, -0.4999998781526882041 ) ) ;
#3506 = CARTESIAN_POINT ( 'NONE',  ( -19.18025468778980169, -89.65747174858427115, 25.55073761913064345 ) ) ;
#3507 = DIRECTION ( 'NONE',  ( -1.000000000000000000, -1.286103335430340194E-14, 9.151501271174171213E-16 ) ) ;
#3508 = ORIENTED_EDGE ( 'NONE', *, *, #971, .F. ) ;
#3509 = CARTESIAN_POINT ( 'NONE',  ( -20.94946713317400722, -89.63578560617604296, 41.87916004522525526 ) ) ;
#3510 = CARTESIAN_POINT ( 'NONE',  ( -18.85273194710801548, -89.98746596903895067, 23.44032936565233882 ) ) ;
#3511 = EDGE_CURVE ( 'NONE', #2044, #771, #3308, .T. ) ;
#3512 = DIRECTION ( 'NONE',  ( 7.209618598295286818E-16, 0.0006981316444339967812, 0.9999997563060737393 ) ) ;
#3513 = FACE_OUTER_BOUND ( 'NONE', #1695, .T. ) ;
#3514 = DIRECTION ( 'NONE',  ( -1.000000000000000000, 0.000000000000000000, 1.842298543255159982E-11 ) ) ;
#3515 = CARTESIAN_POINT ( 'NONE',  ( -20.94291097248268230, -84.06105840647566652, 37.72049562502388653 ) ) ;
#3516 = EDGE_CURVE ( 'NONE', #2709, #2767, #1883, .T. ) ;
#3517 = CARTESIAN_POINT ( 'NONE',  ( -21.75992894908113229, -84.23171875429244437, 43.98499222628569072 ) ) ;
#3518 = ORIENTED_EDGE ( 'NONE', *, *, #638, .T. ) ;
#3519 = CARTESIAN_POINT ( 'NONE',  ( -22.24967442650870098, -93.05224053229159153, 14.54444449142880025 ) ) ;
#3520 = DIRECTION ( 'NONE',  ( -1.286166911541079770E-14, 0.9999997563060737393, -0.0006981316444339967812 ) ) ;
#3521 = CARTESIAN_POINT ( 'NONE',  ( -21.39967442650869955, -92.20084447614260625, 16.54385059214319753 ) ) ;
#3522 = CARTESIAN_POINT ( 'NONE',  ( -26.22467442650869884, -90.80234161534771431, 14.39886830461486511 ) ) ;
#3523 = CARTESIAN_POINT ( 'NONE',  ( -19.06028444016868306, -89.70595379907858558, 26.83543652560168624 ) ) ;
#3524 = AXIS2_PLACEMENT_3D ( 'NONE', #693, #3033, #405 ) ;
#3525 = CARTESIAN_POINT ( 'NONE',  ( -21.98466890419205200, -91.17079747255756672, 42.31951870130559712 ) ) ;
#3526 = VERTEX_POINT ( 'NONE', #3013 ) ;
#3527 = CARTESIAN_POINT ( 'NONE',  ( -19.99967442650869742, -90.80426625785089811, 11.64202144106310044 ) ) ;
#3528 = DIRECTION ( 'NONE',  ( -7.209618598295287804E-16, -0.0006981316444339968896, -0.9999997563060738504 ) ) ;
#3529 = CARTESIAN_POINT ( 'NONE',  ( -19.99967442650867255, -90.76806753660788729, 63.49286176641108170 ) ) ;
#3530 = DIRECTION ( 'NONE',  ( -1.000000000000000000, -1.290957005378089558E-14, 8.068481283613059739E-16 ) ) ;
#3531 = AXIS2_PLACEMENT_3D ( 'NONE', #1404, #1118, #2290 ) ;
#3532 = CARTESIAN_POINT ( 'NONE',  ( -19.99967442650867966, -92.18577010111705761, 38.13629876739248914 ) ) ;
#3533 = CARTESIAN_POINT ( 'NONE',  ( -18.47573325834096991, -90.86712392738256483, 22.33182101320750235 ) ) ;
#3534 = ORIENTED_EDGE ( 'NONE', *, *, #3709, .T. ) ;
#3535 = DIRECTION ( 'NONE',  ( 0.6819982711663334918, 0.000000000000000000, 0.7313537845161753870 ) ) ;
#3536 = CARTESIAN_POINT ( 'NONE',  ( -21.06666398243517691, -89.86775425619997293, 42.34138090318942460 ) ) ;
#3537 = EDGE_CURVE ( 'NONE', #1726, #2303, #2651, .T. ) ;
#3538 = CARTESIAN_POINT ( 'NONE',  ( -19.99967442650867611, -88.72316439718483139, 56.19143237550578363 ) ) ;
#3539 = CARTESIAN_POINT ( 'NONE',  ( -31.67152690853645325, -91.64972207011808791, 58.13793679863557173 ) ) ;
#3540 = CARTESIAN_POINT ( 'NONE',  ( -18.83331032065962418, -89.56404497042638013, 34.12091177619060289 ) ) ;
#3541 = CARTESIAN_POINT ( 'NONE',  ( -18.60070671675979170, -90.83821935334420061, 40.00280429438023333 ) ) ;
#3542 = ORIENTED_EDGE ( 'NONE', *, *, #3172, .T. ) ;
#3543 = ADVANCED_FACE ( 'NONE', ( #3369, #750 ), #1927, .T. ) ;
#3544 = CARTESIAN_POINT ( 'NONE',  ( -26.72467442650913938, -90.80646477705190023, 8.492875169577063232 ) ) ;
#3545 = CARTESIAN_POINT ( 'NONE',  ( -14.27467442650869778, -90.80681384287392177, 7.992875291424025086 ) ) ;
#3546 = CARTESIAN_POINT ( 'NONE',  ( -22.24967442650870098, -91.82724083081669164, 14.54358928016430141 ) ) ;
#3547 = AXIS2_PLACEMENT_3D ( 'NONE', #919, #2400, #3030 ) ;
#3548 = DIRECTION ( 'NONE',  ( -1.000000000000000000, -9.912705577010336396E-15, 0.000000000000000000 ) ) ;
#3549 = CARTESIAN_POINT ( 'NONE',  ( -19.99967442650869742, -90.80611571122959447, 8.992875047730100491 ) ) ;
#3550 = DIRECTION ( 'NONE',  ( -1.000000000000000000, -9.912705577010336396E-15, 0.000000000000000000 ) ) ;
#3551 = CARTESIAN_POINT ( 'NONE',  ( -18.43359797706223091, -91.49566103055838084, 24.47444301169534953 ) ) ;
#3552 = ORIENTED_EDGE ( 'NONE', *, *, #949, .F. ) ;
#3553 = CARTESIAN_POINT ( 'NONE',  ( -23.08167278652381071, -90.80983703071727575, 42.92360776341217132 ) ) ;
#3554 = AXIS2_PLACEMENT_3D ( 'NONE', #2903, #3237, #2321 ) ;
#3555 = LINE ( 'NONE', #2685, #3330 ) ;
#3556 = CIRCLE ( 'NONE', #2891, 1.400000000000001243 ) ;
#3557 = DIRECTION ( 'NONE',  ( -1.000000000000000000, -1.283000413665434768E-14, 5.880418562633243017E-16 ) ) ;
#3558 = CARTESIAN_POINT ( 'NONE',  ( -31.46934338640368267, -92.29987676915084194, 57.79190950645450187 ) ) ;
#3559 = ADVANCED_FACE ( 'NONE', ( #1371 ), #3078, .F. ) ;
#3560 = EDGE_LOOP ( 'NONE', ( #3489, #1090, #2549, #1986 ) ) ;
#3561 = CARTESIAN_POINT ( 'NONE',  ( -18.54946424961290319, -90.78820993941928919, 39.69714753864423074 ) ) ;
#3562 = CIRCLE ( 'NONE', #2412, 1.399999999999998579 ) ;
#3563 = CARTESIAN_POINT ( 'NONE',  ( -19.36715355678786210, -92.04865470192937948, 26.92304463283534588 ) ) ;
#3564 = ORIENTED_EDGE ( 'NONE', *, *, #1072, .F. ) ;
#3565 = FACE_OUTER_BOUND ( 'NONE', #3684, .T. ) ;
#3566 = CARTESIAN_POINT ( 'NONE',  ( -19.02109297176749436, -92.14303753254320384, 30.02842007243197031 ) ) ;
#3567 = EDGE_CURVE ( 'NONE', #962, #768, #2845, .T. ) ;
#3568 = DIRECTION ( 'NONE',  ( 0.000000000000000000, 0.0006981316443925594415, 0.9999997563060738504 ) ) ;
#3569 = CARTESIAN_POINT ( 'NONE',  ( -19.99967442650869742, -90.79539879500840982, 24.34372426790649868 ) ) ;
#3570 = PLANE ( 'NONE',  #1224 ) ;
#3571 = CARTESIAN_POINT ( 'NONE',  ( -21.33917898875389696, -91.18919784228238257, 43.41735309198701742 ) ) ;
#3572 = FACE_OUTER_BOUND ( 'NONE', #2460, .T. ) ;
#3573 = EDGE_LOOP ( 'NONE', ( #3564, #846, #3672, #3577, #1124 ) ) ;
#3574 = CARTESIAN_POINT ( 'NONE',  ( -21.39967442650869955, -92.20056522348480144, 16.94385049466560034 ) ) ;
#3575 =( GEOMETRIC_REPRESENTATION_CONTEXT ( 3 ) GLOBAL_UNCERTAINTY_ASSIGNED_CONTEXT ( ( #2086 ) ) GLOBAL_UNIT_ASSIGNED_CONTEXT ( ( #2363, #918, #2913 ) ) REPRESENTATION_CONTEXT ( 'NONE', 'WORKASPACE' ) );
#3576 = CARTESIAN_POINT ( 'NONE',  ( -26.66872851862788352, -93.40505628096495627, 53.47492807846899865 ) ) ;
#3577 = ORIENTED_EDGE ( 'NONE', *, *, #2543, .T. ) ;
#3578 = CARTESIAN_POINT ( 'NONE',  ( -19.99967442650867611, -88.72407196832260468, 54.89143269230777378 ) ) ;
#3579 = CARTESIAN_POINT ( 'NONE',  ( -18.63765280221635479, -91.11347903481264154, 39.72819983762360607 ) ) ;
#3580 = VERTEX_POINT ( 'NONE', #1428 ) ;
#3581 = AXIS2_PLACEMENT_3D ( 'NONE', #2138, #3602, #3273 ) ;
#3582 = EDGE_CURVE ( 'NONE', #3049, #2038, #1945, .T. ) ;
#3583 = CARTESIAN_POINT ( 'NONE',  ( -19.99967441597049955, -93.05196127963380093, 14.94444439395120128 ) ) ;
#3584 = CARTESIAN_POINT ( 'NONE',  ( -18.68826714980101400, -91.35902551461499854, 38.11680197189587460 ) ) ;
#3585 = DIRECTION ( 'NONE',  ( 0.000000000000000000, -0.9999997563060738504, 0.0006981316443913850337 ) ) ;
#3586 = EDGE_CURVE ( 'NONE', #2255, #1629, #3556, .T. ) ;
#3587 =( BOUNDED_CURVE ( )  B_SPLINE_CURVE ( 3, ( #1581, #778, #2815, #1030 ),
 .UNSPECIFIED., .F., .T. ) 
 B_SPLINE_CURVE_WITH_KNOTS ( ( 4, 4 ),
 ( 3.469446951953623024E-14, 1.570796326794899889 ),
 .UNSPECIFIED. ) 
 CURVE ( )  GEOMETRIC_REPRESENTATION_ITEM ( )  RATIONAL_B_SPLINE_CURVE ( ( 1.000000000000000000, 0.8047378541243723760, 0.8047378541243723760, 1.000000000000000000 ) ) 
 REPRESENTATION_ITEM ( '' )  );
#3588 = CYLINDRICAL_SURFACE ( 'NONE', #933, 7.224999999999998757 ) ;
#3589 = CARTESIAN_POINT ( 'NONE',  ( -18.58722624962421932, -118.2657945380174596, 30.88525205187037415 ) ) ;
#3590 = FACE_OUTER_BOUND ( 'NONE', #1555, .T. ) ;
#3591 = CARTESIAN_POINT ( 'NONE',  ( -25.72467442650869884, -90.80681384287406388, 7.992875291424032191 ) ) ;
#3592 = AXIS2_PLACEMENT_3D ( 'NONE', #2358, #1152, #1136 ) ;
#3593 = ORIENTED_EDGE ( 'NONE', *, *, #3660, .T. ) ;
#3594 = CARTESIAN_POINT ( 'NONE',  ( -13.77467442650869955, -90.80386319135801898, 12.21937156955629611 ) ) ;
#3595 = CIRCLE ( 'NONE', #3113, 4.224999999999999645 ) ;
#3596 = CARTESIAN_POINT ( 'NONE',  ( -21.50088761448645513, -90.56185515163392097, 41.58771986426711464 ) ) ;
#3597 = CARTESIAN_POINT ( 'NONE',  ( -23.36991271031440931, -96.61411136103470199, 49.34811339333061397 ) ) ;
#3598 = VERTEX_POINT ( 'NONE', #831 ) ;
#3599 = DIRECTION ( 'NONE',  ( 0.000000000000000000, -0.9999997563060737393, 0.0006981316444266797176 ) ) ;
#3600 = LINE ( 'NONE', #98, #323 ) ;
#3601 = EDGE_LOOP ( 'NONE', ( #829, #2262, #2402, #184 ) ) ;
#3602 = DIRECTION ( 'NONE',  ( -5.984971799148289338E-16, -0.0006981316444339968896, -0.9999997563060738504 ) ) ;
#3603 = CARTESIAN_POINT ( 'NONE',  ( -18.42200599201532185, -90.95227477919289072, 39.06351024911858616 ) ) ;
#3604 = CIRCLE ( 'NONE', #3779, 2.350000000000092459 ) ;
#3605 = EDGE_CURVE ( 'NONE', #3094, #80, #3146, .T. ) ;
#3606 = DIRECTION ( 'NONE',  ( -1.000000000000000000, -1.337618101958019679E-14, 5.573408758158414673E-16 ) ) ;
#3607 = CARTESIAN_POINT ( 'NONE',  ( -22.00963771966391391, -84.23617755972939847, 37.59822551902609433 ) ) ;
#3608 = CARTESIAN_POINT ( 'NONE',  ( -18.59919299672834114, -90.74637331089883219, 21.71779440481212475 ) ) ;
#3609 = ADVANCED_FACE ( 'NONE', ( #3177, #3434 ), #1657, .T. ) ;
#3610 = CARTESIAN_POINT ( 'NONE',  ( -18.81175869574448711, -89.58571523210123644, 27.41371008995491110 ) ) ;
#3611 = DIRECTION ( 'NONE',  ( 0.000000000000000000, -0.9999997563060738504, 0.0006981316444338436919 ) ) ;
#3612 = VECTOR ( 'NONE', #2153, 1000.000000000000000 ) ;
#3613 = DIRECTION ( 'NONE',  ( 0.6819982711663333808, 0.000000000000000000, 0.7313537845161754980 ) ) ;
#3614 = ADVANCED_FACE ( 'NONE', ( #2278 ), #790, .T. ) ;
#3615 = VERTEX_POINT ( 'NONE', #3734 ) ;
#3616 = CARTESIAN_POINT ( 'NONE',  ( -22.95392533742245078, -91.18228866560183121, 42.72506589796645926 ) ) ;
#3617 = CARTESIAN_POINT ( 'NONE',  ( -26.49898261661468624, -92.51224535294096540, 59.75189612403531925 ) ) ;
#3618 = ORIENTED_EDGE ( 'NONE', *, *, #2032, .T. ) ;
#3619 = CIRCLE ( 'NONE', #1918, 4.224999999999999645 ) ;
#3620 = FACE_OUTER_BOUND ( 'NONE', #1575, .T. ) ;
#3621 = VECTOR ( 'NONE', #3468, 1000.000000000000114 ) ;
#3622 = CARTESIAN_POINT ( 'NONE',  ( -18.50101794156262969, -90.75488194567859068, 22.21725412749569273 ) ) ;
#3623 = ORIENTED_EDGE ( 'NONE', *, *, #338, .F. ) ;
#3624 = PRESENTATION_LAYER_ASSIGNMENT (  '', '', ( #2227 ) ) ;
#3625 = CARTESIAN_POINT ( 'NONE',  ( -17.74967442650870098, -94.37828900634779927, 14.54537024805619971 ) ) ;
#3626 = CARTESIAN_POINT ( 'NONE',  ( -18.98387738732709806, -92.12177115560882612, 32.43448109457808215 ) ) ;
#3627 = VECTOR ( 'NONE', #3512, 1000.000000000000114 ) ;
#3628 = ORIENTED_EDGE ( 'NONE', *, *, #241, .F. ) ;
#3629 = AXIS2_PLACEMENT_3D ( 'NONE', #2468, #1477, #430 ) ;
#3630 = CARTESIAN_POINT ( 'NONE',  ( -19.99967442650869742, -92.20056522348480144, 16.94385049466560034 ) ) ;
#3631 = DIRECTION ( 'NONE',  ( -0.7313537016191686835, 0.0004761246366041583557, 0.6819981938636424657 ) ) ;
#3632 = DIRECTION ( 'NONE',  ( -1.000000000000000000, 0.000000000000000000, 1.842298543255159982E-11 ) ) ;
#3633 = CARTESIAN_POINT ( 'NONE',  ( -22.04967442650869813, -90.80224108060293986, 14.54287369522880091 ) ) ;
#3634 = EDGE_CURVE ( 'NONE', #1999, #2026, #89, .T. ) ;
#3635 = ORIENTED_EDGE ( 'NONE', *, *, #2978, .F. ) ;
#3636 = CARTESIAN_POINT ( 'NONE',  ( -22.70820061920729671, -90.11436577775081957, 42.34254979532236973 ) ) ;
#3637 = ORIENTED_EDGE ( 'NONE', *, *, #2522, .F. ) ;
#3638 = CARTESIAN_POINT ( 'NONE',  ( -21.70326896032817388, -90.91943354345947625, 42.05341484446360312 ) ) ;
#3639 = EDGE_CURVE ( 'NONE', #1338, #2709, #1710, .T. ) ;
#3640 = CARTESIAN_POINT ( 'NONE',  ( -26.66872851862948224, -88.14506903234335766, 53.47125591404012113 ) ) ;
#3641 = ORIENTED_EDGE ( 'NONE', *, *, #2192, .T. ) ;
#3642 = PLANE ( 'NONE',  #1300 ) ;
#3643 = EDGE_LOOP ( 'NONE', ( #3309, #2184, #428, #1611 ) ) ;
#3644 = CARTESIAN_POINT ( 'NONE',  ( -42.54605382910497013, -90.77296820881009864, 53.38319732183062172 ) ) ;
#3645 = CARTESIAN_POINT ( 'NONE',  ( -19.44693970717271014, -92.07664540689054888, 34.11737239866174320 ) ) ;
#3646 = CIRCLE ( 'NONE', #1266, 1.399999999999998579 ) ;
#3647 = ORIENTED_EDGE ( 'NONE', *, *, #2981, .F. ) ;
#3648 = CARTESIAN_POINT ( 'NONE',  ( -19.99967442650875782, -84.06077208113012489, 38.13062644778145227 ) ) ;
#3649 = ORIENTED_EDGE ( 'NONE', *, *, #971, .T. ) ;
#3650 = CARTESIAN_POINT ( 'NONE',  ( -18.99967473519409111, -89.81217962848013769, 24.36744753078763992 ) ) ;
#3651 = CARTESIAN_POINT ( 'NONE',  ( -27.68097600081083698, -94.72476487296462722, 36.10297310310973273 ) ) ;
#3652 = CARTESIAN_POINT ( 'NONE',  ( -19.99967442650869742, -90.80182220161631790, 15.14287354901250104 ) ) ;
#3653 = VERTEX_POINT ( 'NONE', #484 ) ;
#3654 = CARTESIAN_POINT ( 'NONE',  ( -22.76074822179528923, -90.15968097163514017, 42.42385238831279537 ) ) ;
#3655 = ORIENTED_EDGE ( 'NONE', *, *, #3754, .T. ) ;
#3656 = CARTESIAN_POINT ( 'NONE',  ( -19.99967442650869742, -90.79250214416310882, 28.49287029569850205 ) ) ;
#3657 = CARTESIAN_POINT ( 'NONE',  ( -26.72467442650906833, -90.92457193698602680, 53.60186318407210848 ) ) ;
#3658 = ORIENTED_EDGE ( 'NONE', *, *, #1768, .F. ) ;
#3659 = CARTESIAN_POINT ( 'NONE',  ( -21.95165717376501746, -91.87434952246361775, 41.16873047229154281 ) ) ;
#3660 = EDGE_CURVE ( 'NONE', #1412, #256, #1732, .T. ) ;
#3661 = CARTESIAN_POINT ( 'NONE',  ( -18.50789458732935344, -89.95170252471326933, 25.08342003907083040 ) ) ;
#3662 = ORIENTED_EDGE ( 'NONE', *, *, #226, .T. ) ;
#3663 = DIRECTION ( 'NONE',  ( 7.209618598295289776E-16, 0.0006981316444339968896, 0.9999997563060738504 ) ) ;
#3664 = CARTESIAN_POINT ( 'NONE',  ( -18.42885555057520719, -90.94624920193149364, 22.61103767654582342 ) ) ;
#3665 = ORIENTED_EDGE ( 'NONE', *, *, #1935, .T. ) ;
#3666 = VECTOR ( 'NONE', #3081, 1000.000000000000114 ) ;
#3667 = CARTESIAN_POINT ( 'NONE',  ( -24.13250111933937703, -96.16534283992538690, 35.54043465413772651 ) ) ;
#3668 = VERTEX_POINT ( 'NONE', #1677 ) ;
#3669 = CARTESIAN_POINT ( 'NONE',  ( -18.73183221606074511, -90.19895071406273246, 22.65678002808570568 ) ) ;
#3670 = DIRECTION ( 'NONE',  ( 0.6819982711663333808, 0.000000000000000000, 0.7313537845161754980 ) ) ;
#3671 = DIRECTION ( 'NONE',  ( -1.000000000000000000, -1.353930517835556934E-14, 8.462065736472230835E-16 ) ) ;
#3672 = ORIENTED_EDGE ( 'NONE', *, *, #2240, .F. ) ;
#3673 = CARTESIAN_POINT ( 'NONE',  ( -18.59967442650869884, -92.29820273924119078, 16.74391860978279922 ) ) ;
#3674 = CARTESIAN_POINT ( 'NONE',  ( -21.23244027669968048, -90.11883200599473298, 42.99601012093823726 ) ) ;
#3675 = VECTOR ( 'NONE', #1947, 1000.000000000000114 ) ;
#3676 = CARTESIAN_POINT ( 'NONE',  ( -26.80175544729141279, -91.47497027407980852, 53.77952168904418784 ) ) ;
#3677 = ORIENTED_EDGE ( 'NONE', *, *, #3727, .T. ) ;
#3678 = FACE_OUTER_BOUND ( 'NONE', #3129, .T. ) ;
#3679 = CARTESIAN_POINT ( 'NONE',  ( -25.72467442650869884, -90.80646477705187181, 8.492875169577063232 ) ) ;
#3680 = ORIENTED_EDGE ( 'NONE', *, *, #2547, .F. ) ;
#3681 = CARTESIAN_POINT ( 'NONE',  ( -21.39967442650868534, -90.78191701587815032, 43.65494215135643685 ) ) ;
#3682 = EDGE_CURVE ( 'NONE', #529, #1107, #250, .T. ) ;
#3683 = CYLINDRICAL_SURFACE ( 'NONE', #1545, 4.225000000000000533 ) ;
#3684 = EDGE_LOOP ( 'NONE', ( #915, #1389, #1700 ) ) ;
#3685 = CIRCLE ( 'NONE', #2473, 2.049999999999999822 ) ;
#3686 = VECTOR ( 'NONE', #1391, 1000.000000000000000 ) ;
#3687 = EDGE_CURVE ( 'NONE', #3321, #1840, #1064, .T. ) ;
#3688 = CARTESIAN_POINT ( 'NONE',  ( -27.47881540174948611, -89.02689972117747175, 36.15255604443925819 ) ) ;
#3689 = VERTEX_POINT ( 'NONE', #2017 ) ;
#3690 = DIRECTION ( 'NONE',  ( -0.7313537016191689055, 0.0004761246365688680629, 0.6819981938636421326 ) ) ;
#3691 = LINE ( 'NONE', #2489, #3785 ) ;
#3692 = VECTOR ( 'NONE', #3721, 1000.000000000000114 ) ;
#3693 = ORIENTED_EDGE ( 'NONE', *, *, #222, .F. ) ;
#3694 = LINE ( 'NONE', #1079, #1281 ) ;
#3695 = CARTESIAN_POINT ( 'NONE',  ( -21.33927989838036510, -90.37502906329743269, 43.41719295439725812 ) ) ;
#3696 = CARTESIAN_POINT ( 'NONE',  ( -26.99799597574188681, -91.89305346383025608, 54.23113599302596555 ) ) ;
#3697 = ORIENTED_EDGE ( 'NONE', *, *, #3423, .T. ) ;
#3698 = CARTESIAN_POINT ( 'NONE',  ( -19.99967442650867611, -92.18577010111705761, 38.13629876739248203 ) ) ;
#3699 = DIRECTION ( 'NONE',  ( 1.000000000000000000, 1.353930517835556934E-14, 0.000000000000000000 ) ) ;
#3700 = ORIENTED_EDGE ( 'NONE', *, *, #1682, .F. ) ;
#3701 = CARTESIAN_POINT ( 'NONE',  ( -18.54746040205649749, -90.77954574187269543, 39.69040211312713495 ) ) ;
#3702 = CARTESIAN_POINT ( 'NONE',  ( -19.12061040440416804, -91.88750455298503539, 25.15284496974406991 ) ) ;
#3703 = DIRECTION ( 'NONE',  ( 7.209618598295290763E-16, 0.0006981316444339968896, 0.9999997563060739614 ) ) ;
#3704 = ORIENTED_EDGE ( 'NONE', *, *, #1818, .F. ) ;
#3705 = EDGE_CURVE ( 'NONE', #169, #1363, #3193, .T. ) ;
#3706 = CARTESIAN_POINT ( 'NONE',  ( -25.87588788877116031, -94.17518675005271689, 34.44283700643281776 ) ) ;
#3707 = EDGE_LOOP ( 'NONE', ( #2728, #2637, #1070, #351, #1470 ) ) ;
#3708 = DIRECTION ( 'NONE',  ( 0.6819982711663332697, 0.000000000000000000, 0.7313537845161756090 ) ) ;
#3709 = EDGE_CURVE ( 'NONE', #157, #3272, #2042, .T. ) ;
#3710 = VERTEX_POINT ( 'NONE', #770 ) ;
#3711 = CARTESIAN_POINT ( 'NONE',  ( -19.99967442650869742, -90.80646477705180075, 8.492875169577059680 ) ) ;
#3712 = CARTESIAN_POINT ( 'NONE',  ( -19.99967442650869742, -90.80210145427409429, 14.74287364648999876 ) ) ;
#3713 = CARTESIAN_POINT ( 'NONE',  ( -26.72467442650876635, -90.66011852355566702, 60.50120788381333625 ) ) ;
#3714 = ORIENTED_EDGE ( 'NONE', *, *, #1635, .F. ) ;
#3715 = CARTESIAN_POINT ( 'NONE',  ( -19.99967442650867611, -92.18577010111705761, 38.13629876739247493 ) ) ;
#3716 = CARTESIAN_POINT ( 'NONE',  ( -27.22467442650869884, -90.79320027580759245, 27.49287053939250214 ) ) ;
#3717 = ORIENTED_EDGE ( 'NONE', *, *, #1682, .T. ) ;
#3718 = LINE ( 'NONE', #1641, #1117 ) ;
#3719 = LINE ( 'NONE', #2281, #1790 ) ;
#3720 = CONICAL_SURFACE ( 'NONE', #2936, 1.399999999999994138, 0.7853981633974442822 ) ;
#3721 = DIRECTION ( 'NONE',  ( -0.7071067811862300490, 0.0004936536199313218106, 0.7071066088692372631 ) ) ;
#3722 = ORIENTED_EDGE ( 'NONE', *, *, #2543, .F. ) ;
#3723 = CARTESIAN_POINT ( 'NONE',  ( -21.89028170357544667, -97.30659640064497751, 37.31781413855201635 ) ) ;
#3724 = ORIENTED_EDGE ( 'NONE', *, *, #1600, .F. ) ;
#3725 = CARTESIAN_POINT ( 'NONE',  ( -18.68058627493240209, -90.30744443813622979, 39.42207982855180148 ) ) ;
#3726 = VECTOR ( 'NONE', #3187, 1000.000000000000114 ) ;
#3727 = EDGE_CURVE ( 'NONE', #2836, #1821, #193, .T. ) ;
#3728 = VECTOR ( 'NONE', #2912, 1000.000000000000114 ) ;
#3729 = LINE ( 'NONE', #171, #1963 ) ;
#3730 = CARTESIAN_POINT ( 'NONE',  ( -25.72467442650869884, -90.80702328236736776, 7.692875364532204330 ) ) ;
#3731 = PLANE ( 'NONE',  #3258 ) ;
#3732 = ORIENTED_EDGE ( 'NONE', *, *, #784, .T. ) ;
#3733 = CARTESIAN_POINT ( 'NONE',  ( -22.52023898353055031, -91.59801161622571897, 42.05190044130377203 ) ) ;
#3734 = CARTESIAN_POINT ( 'NONE',  ( -14.99967442650859795, -94.51003047280499914, 15.10871101227749946 ) ) ;
#3735 = ORIENTED_EDGE ( 'NONE', *, *, #3100, .T. ) ;
#3736 = AXIS2_PLACEMENT_3D ( 'NONE', #217, #1965, #3372 ) ;
#3737 = CARTESIAN_POINT ( 'NONE',  ( -19.99967442650867611, -90.77295445811894581, 56.49286347226858140 ) ) ;
#3738 =( BOUNDED_SURFACE ( )  B_SPLINE_SURFACE ( 3, 2, ( 
 ( #3648, #2199, #394 ),
 ( #1282, #3515, #2448 ),
 ( #3607, #986, #2160 ),
 ( #3314, #2853, #2525 ),
 ( #2261, #3095, #3135 ),
 ( #1049, #2221, #223 ),
 ( #821, #470, #2580 ),
 ( #3688, #2870, #3379 ),
 ( #1993, #202, #776 ),
 ( #1073, #758, #3153 ),
 ( #3741, #1644, #1932 ),
 ( #1113, #512, #3706 ),
 ( #2241, #1398, #2505 ),
 ( #1132, #1622, #3667 ),
 ( #2813, #2284, #451 ),
 ( #2563, #3723, #181 ),
 ( #531, #2832, #3398 ),
 ( #239, #1358, #1686 ) ),
 .UNSPECIFIED., .F., .F., .T. ) 
 B_SPLINE_SURFACE_WITH_KNOTS ( ( 4, 2, 2, 2, 2, 2, 2, 2, 4 ),
 ( 3, 3 ),
 ( 4.712388980384689674, 5.105088062083414258, 5.497787143782137953, 5.890486225480861648, 6.283185307179586232, 6.675884388878310816, 7.068583470577034511, 7.461282552275758206, 7.853981633974482790 ),
 ( 0.000000000000000000, 1.000000000000000000 ),
 .UNSPECIFIED. ) 
 GEOMETRIC_REPRESENTATION_ITEM ( )  RATIONAL_B_SPLINE_SURFACE ( (
 ( 1.000000000000000000, 1.000000000000000000, 1.000000000000000000),
 ( 1.000000000000000000, 1.000066231658894633, 1.000000000000000000),
 ( 1.000000000000000000, 0.9957346202321504247, 1.000000000000000000),
 ( 1.000000000000000000, 0.9808430979693754104, 1.000000000000000000),
 ( 1.000000000000000000, 0.9702733628577411285, 1.000000000000000000),
 ( 1.000000000000000000, 0.9485800343726209505, 1.000000000000000000),
 ( 1.000000000000000000, 0.9375841763398659046, 1.000000000000000000),
 ( 1.000000000000000000, 0.9217536746259690217, 1.000000000000000000),
 ( 1.000000000000000000, 0.9170600743854074866, 1.000000000000000000),
 ( 1.000000000000000000, 0.9170600743848421610, 1.000000000000000000),
 ( 1.000000000000000000, 0.9217536746255394764, 1.000000000000000000),
 ( 1.000000000000000000, 0.9375841763402958939, 1.000000000000000000),
 ( 1.000000000000000000, 0.9485800343729903217, 1.000000000000000000),
 ( 1.000000000000000000, 0.9702733628573710911, 1.000000000000000000),
 ( 1.000000000000000000, 0.9808430979691467044, 1.000000000000000000),
 ( 1.000000000000000000, 0.9957346202323786866, 1.000000000000000000),
 ( 1.000000000000000000, 1.000066231658722993, 1.000000000000000000),
 ( 1.000000000000000000, 1.000000000000000000, 1.000000000000000000) ) ) 
 REPRESENTATION_ITEM ( '' )  SURFACE ( )  );
#3739 = LINE ( 'NONE', #2933, #510 ) ;
#3740 = EDGE_LOOP ( 'NONE', ( #3386, #2497, #2806, #2218 ) ) ;
#3741 = CARTESIAN_POINT ( 'NONE',  ( -27.47881540174834569, -92.54740791067621331, 36.15501382321017587 ) ) ;
#3742 = ORIENTED_EDGE ( 'NONE', *, *, #3400, .F. ) ;
#3743 = CARTESIAN_POINT ( 'NONE',  ( -14.27467442650869778, -90.80702328236728249, 7.692875364532197224 ) ) ;
#3744 = AXIS2_PLACEMENT_3D ( 'NONE', #1273, #3289, #1558 ) ;
#3745 = VECTOR ( 'NONE', #972, 1000.000000000000114 ) ;
#3746 = CARTESIAN_POINT ( 'NONE',  ( -20.70474099480971830, -92.00943799370671172, 37.61062410357691732 ) ) ;
#3747 = DIRECTION ( 'NONE',  ( -7.209618598295286818E-16, -0.0006981316444340247536, -0.9999997563060737393 ) ) ;
#3748 = EDGE_CURVE ( 'NONE', #2229, #1664, #2071, .T. ) ;
#3749 = LINE ( 'NONE', #1137, #755 ) ;
#3750 = VERTEX_POINT ( 'NONE', #1156 ) ;
#3751 = CARTESIAN_POINT ( 'NONE',  ( -19.99967442650867255, -90.76806753660788729, 63.49286176641108170 ) ) ;
#3752 = DIRECTION ( 'NONE',  ( 0.000000000000000000, -0.9999997563060737393, 0.0006981316444339967812 ) ) ;
#3753 = ORIENTED_EDGE ( 'NONE', *, *, #1397, .T. ) ;
#3754 = EDGE_CURVE ( 'NONE', #768, #1434, #3555, .T. ) ;
#3755 = LINE ( 'NONE', #833, #1176 ) ;
#3756 = LINE ( 'NONE', #2917, #3375 ) ;
#3757 = CARTESIAN_POINT ( 'NONE',  ( -22.97883835695967036, -90.40643949835295246, 42.76356003628745128 ) ) ;
#3758 = ORIENTED_EDGE ( 'NONE', *, *, #875, .F. ) ;
#3759 =( BOUNDED_CURVE ( )  B_SPLINE_CURVE ( 3, ( #2243, #3651, #1011, #1031 ),
 .UNSPECIFIED., .F., .T. ) 
 B_SPLINE_CURVE_WITH_KNOTS ( ( 4, 4 ),
 ( 6.282674725937142490, 7.853981633974483678 ),
 .UNSPECIFIED. ) 
 CURVE ( )  GEOMETRIC_REPRESENTATION_ITEM ( )  RATIONAL_B_SPLINE_CURVE ( ( 1.000000000000000000, 0.8046174936112181486, 0.8046174936112181486, 1.000000000000000000 ) ) 
 REPRESENTATION_ITEM ( '' )  );
#3760 = DIRECTION ( 'NONE',  ( -1.000000000000000000, -1.233581138472396822E-14, 7.709882115452480139E-16 ) ) ;
#3761 = EDGE_LOOP ( 'NONE', ( #277, #1293, #1770, #370, #1624, #2594, #558, #2826 ) ) ;
#3762 = DIRECTION ( 'NONE',  ( 0.7313537016191684614, -0.0004761246366041583015, -0.6819981938636426877 ) ) ;
#3763 = CARTESIAN_POINT ( 'NONE',  ( -22.92273631677803181, -90.33815416151593070, 42.67627003666175511 ) ) ;
#3764 = CARTESIAN_POINT ( 'NONE',  ( -19.99967442650867611, -90.77407146875005139, 54.89286386217886360 ) ) ;
#3765 = DIRECTION ( 'NONE',  ( -0.7313537016191686835, 0.0004761246366041583557, 0.6819981938636424657 ) ) ;
#3766 = DIRECTION ( 'NONE',  ( -1.000000000000000000, -1.337618101958019679E-14, 5.573408758158414673E-16 ) ) ;
#3767 = ORIENTED_EDGE ( 'NONE', *, *, #3404, .T. ) ;
#3768 = DIRECTION ( 'NONE',  ( 0.8660254037846393249, -0.0003490658222055111602, -0.4999998781526892588 ) ) ;
#3769 = CARTESIAN_POINT ( 'NONE',  ( -20.56687046132472219, -89.49826039291014013, 40.37064291708847463 ) ) ;
#3770 = ORIENTED_EDGE ( 'NONE', *, *, #1577, .T. ) ;
#3771 = DIRECTION ( 'NONE',  ( 7.209618598295288790E-16, 0.0006981316444339967812, 0.9999997563060737393 ) ) ;
#3772 = CARTESIAN_POINT ( 'NONE',  ( -25.80212354661215812, -88.17598600390002161, 14.64099468591242648 ) ) ;
#3773 = ADVANCED_FACE ( 'NONE', ( #632 ), #1401, .T. ) ;
#3774 = CARTESIAN_POINT ( 'NONE',  ( -18.87788724718889100, -89.53587031525310636, 28.09067076772453220 ) ) ;
#3775 = CARTESIAN_POINT ( 'NONE',  ( -21.63219245987769312, -91.00646965492022389, 41.89001080745940442 ) ) ;
#3776 = ORIENTED_EDGE ( 'NONE', *, *, #1862, .T. ) ;
#3777 = FACE_OUTER_BOUND ( 'NONE', #1146, .T. ) ;
#3778 = ADVANCED_FACE ( 'NONE', ( #1195 ), #2330, .T. ) ;
#3779 = AXIS2_PLACEMENT_3D ( 'NONE', #1899, #744, #2531 ) ;
#3780 = ORIENTED_EDGE ( 'NONE', *, *, #1460, .T. ) ;
#3781 = CARTESIAN_POINT ( 'NONE',  ( -18.63129587182435998, -90.49484139504214397, 21.95770708468852206 ) ) ;
#3782 =( BOUNDED_SURFACE ( )  B_SPLINE_SURFACE ( 3, 2, ( 
 ( #300, #2307, #2342 ),
 ( #3462, #879, #2640 ),
 ( #584, #893, #1135 ),
 ( #3746, #1494, #3496 ),
 ( #2603, #3222, #3190 ),
 ( #282, #2049, #1116 ),
 ( #1758, #2325, #859 ),
 ( #10, #264, #2029 ),
 ( #3205, #1777, #2924 ),
 ( #843, #1439, #1741 ),
 ( #3479, #245, #1476 ),
 ( #551, #3173, #1188 ),
 ( #2357, #321, #2289 ),
 ( #2064, #2660, #825 ),
 ( #1997, #3157, #535 ),
 ( #1706, #2907, #2874 ),
 ( #3783, #2585, #1421 ),
 ( #2012, #1722, #570 ) ),
 .UNSPECIFIED., .F., .F., .T. ) 
 B_SPLINE_SURFACE_WITH_KNOTS ( ( 4, 2, 2, 2, 2, 2, 2, 2, 4 ),
 ( 3, 3 ),
 ( 4.712388980384689674, 5.105088062083414258, 5.497787143782137953, 5.890486225480861648, 6.283185307179586232, 6.675884388878309927, 7.068583470577033623, 7.461282552275758206, 7.853981633974481902 ),
 ( 0.000000000000000000, 1.000000000000000000 ),
 .UNSPECIFIED. ) 
 GEOMETRIC_REPRESENTATION_ITEM ( )  RATIONAL_B_SPLINE_SURFACE ( (
 ( 1.000000000000000000, 1.000000000000000000, 1.000000000000000000),
 ( 1.000000000000000000, 1.000066232135691680, 1.000000000000000000),
 ( 1.000000000000000000, 0.9957346195973117986, 1.000000000000000000),
 ( 1.000000000000000000, 0.9808430986042151467, 1.000000000000000000),
 ( 1.000000000000000000, 0.9702733617867101978, 1.000000000000000000),
 ( 1.000000000000000000, 0.9485800354436516590, 1.000000000000000000),
 ( 1.000000000000000000, 0.9375841754237310699, 1.000000000000000000),
 ( 1.000000000000000000, 0.9217536755421051886, 1.000000000000000000),
 ( 1.000000000000000000, 0.9170600743850546577, 1.000000000000000000),
 ( 1.000000000000000000, 0.9170600743851941017, 1.000000000000000000),
 ( 1.000000000000000000, 0.9217536755418926919, 1.000000000000000000),
 ( 1.000000000000000000, 0.9375841754239426784, 1.000000000000000000),
 ( 1.000000000000000000, 0.9485800354435969250, 1.000000000000000000),
 ( 1.000000000000000000, 0.9702733617867649318, 1.000000000000000000),
 ( 1.000000000000000000, 0.9808430986042707689, 1.000000000000000000),
 ( 1.000000000000000000, 0.9957346195972547331, 1.000000000000000000),
 ( 1.000000000000000000, 1.000066232135734312, 1.000000000000000000),
 ( 1.000000000000000000, 1.000000000000000000, 1.000000000000000000) ) ) 
 REPRESENTATION_ITEM ( '' )  SURFACE ( )  );
#3783 = CARTESIAN_POINT ( 'NONE',  ( -20.18296703600085706, -89.38586616566988141, 37.99771906948665645 ) ) ;
#3784 = PLANE ( 'NONE',  #122 ) ;
#3785 = VECTOR ( 'NONE', #740, 1000.000000000000000 ) ;
#3786 = CARTESIAN_POINT ( 'NONE',  ( -18.54946424961304885, -90.78820993941921813, 39.69714753864392520 ) ) ;
#3787 = ORIENTED_EDGE ( 'NONE', *, *, #3456, .T. ) ;
#3788 = CARTESIAN_POINT ( 'NONE',  ( -19.99967442650867966, -90.77407146875005139, 54.89286386217886360 ) ) ;
#3789 = CARTESIAN_POINT ( 'NONE',  ( -20.90552690367302446, -89.64199197123112128, 40.21784145113881692 ) ) ;
#3790 = DIRECTION ( 'NONE',  ( 5.984971799148288352E-16, 0.0006981316444339967812, 0.9999997563060737393 ) ) ;
ENDSEC;
END-ISO-10303-21;
