ISO-10303-21;
HEADER;
FILE_DESCRIPTION (( 'STEP AP214' ),
    '1' );
FILE_NAME ('Side Mount Funnel.STEP',
    '2026-09-18T12:02:59',
    ( '' ),
    ( '' ),
    'SwSTEP 2.0',
    'SolidWorks 2026',
    '' );
FILE_SCHEMA (( 'AUTOMOTIVE_DESIGN' ));
ENDSEC;

DATA;
#1 = ORIENTED_EDGE ( 'NONE', *, *, #2088, .T. ) ;
#2 = PLANE ( 'NONE',  #815 ) ;
#3 = DIRECTION ( 'NONE',  ( 0.000000000000000000, -0.000000000000000000, 1.000000000000000000 ) ) ;
#4 = VECTOR ( 'NONE', #2098, 1000.000000000000000 ) ;
#5 = ORIENTED_EDGE ( 'NONE', *, *, #1169, .F. ) ;
#6 = CARTESIAN_POINT ( 'NONE',  ( 14.61425805730791971, 6.000000000000000000, -9.500000000000000000 ) ) ;
#7 = CIRCLE ( 'NONE', #50, 3.468638652999641359 ) ;
#8 = VECTOR ( 'NONE', #2379, 1000.000000000000000 ) ;
#9 = VECTOR ( 'NONE', #1003, 1000.000000000000000 ) ;
#10 = ORIENTED_EDGE ( 'NONE', *, *, #961, .F. ) ;
#11 = AXIS2_PLACEMENT_3D ( 'NONE', #1779, #365, #760 ) ;
#12 = AXIS2_PLACEMENT_3D ( 'NONE', #1701, #239, #2473 ) ;
#13 = DIRECTION ( 'NONE',  ( 1.000000000000000000, 0.000000000000000000, 0.000000000000000000 ) ) ;
#14 = FACE_OUTER_BOUND ( 'NONE', #271, .T. ) ;
#15 = EDGE_CURVE ( 'NONE', #2426, #1249, #2539, .T. ) ;
#16 = CONICAL_SURFACE ( 'NONE', #1117, 4.225000000000001421, 0.7853981633974439491 ) ;
#17 = ORIENTED_EDGE ( 'NONE', *, *, #532, .T. ) ;
#18 = CARTESIAN_POINT ( 'NONE',  ( 23.36425805730794991, 6.000000000000000888, -9.199999999999974420 ) ) ;
#19 = CARTESIAN_POINT ( 'NONE',  ( 19.13925805730794494, 6.000000000000000000, 9.199999999999970868 ) ) ;
#20 = EDGE_CURVE ( 'NONE', #336, #2268, #2332, .T. ) ;
#21 = PRODUCT ( 'Side Mount Funnel', 'Side Mount Funnel', '', ( #895 ) ) ;
#22 = ORIENTED_EDGE ( 'NONE', *, *, #2422, .F. ) ;
#23 = CARTESIAN_POINT ( 'NONE',  ( 19.13925805730794494, 6.000000000000000000, -0.5999999999999946487 ) ) ;
#24 = VERTEX_POINT ( 'NONE', #949 ) ;
#25 = EDGE_CURVE ( 'NONE', #1377, #2604, #1323, .T. ) ;
#26 = CARTESIAN_POINT ( 'NONE',  ( 0.000000000000000000, 0.000000000000000000, 9.320508075688760385 ) ) ;
#27 = DIRECTION ( 'NONE',  ( 0.000000000000000000, 0.000000000000000000, -1.000000000000000000 ) ) ;
#28 = ORIENTED_EDGE ( 'NONE', *, *, #1907, .F. ) ;
#29 = DIRECTION ( 'NONE',  ( 0.000000000000000000, 0.3436198561537784912, 0.9391088299323229194 ) ) ;
#30 = DIRECTION ( 'NONE',  ( -1.000000000000000000, 0.000000000000000000, 1.913297951444999980E-16 ) ) ;
#31 = ORIENTED_EDGE ( 'NONE', *, *, #1542, .F. ) ;
#32 = DIRECTION ( 'NONE',  ( 0.9848077530122112400, 5.169885006166481513E-16, -0.1736481776669121235 ) ) ;
#33 = EDGE_CURVE ( 'NONE', #825, #2338, #545, .T. ) ;
#34 = EDGE_CURVE ( 'NONE', #203, #1925, #1376, .T. ) ;
#35 = PLANE ( 'NONE',  #11 ) ;
#36 = ORIENTED_EDGE ( 'NONE', *, *, #2102, .T. ) ;
#37 = LINE ( 'NONE', #1686, #2288 ) ;
#38 = DIRECTION ( 'NONE',  ( -0.000000000000000000, 0.000000000000000000, 1.000000000000000000 ) ) ;
#39 = EDGE_LOOP ( 'NONE', ( #245, #1375, #960, #2269 ) ) ;
#40 = CARTESIAN_POINT ( 'NONE',  ( -15.08925805730794423, 6.000000000000000000, -14.95000000000000107 ) ) ;
#41 = LINE ( 'NONE', #73, #1840 ) ;
#42 = ORIENTED_EDGE ( 'NONE', *, *, #1066, .F. ) ;
#43 = CARTESIAN_POINT ( 'NONE',  ( 29.13925805730794494, 12.00000000000000000, -9.000000000000001776 ) ) ;
#44 = CARTESIAN_POINT ( 'NONE',  ( 29.14025805730794616, 6.000000000000000000, -16.50000000000000000 ) ) ;
#45 = AXIS2_PLACEMENT_3D ( 'NONE', #1093, #944, #1722 ) ;
#46 = PRODUCT_DEFINITION ( 'UNKNOWN', '', #564, #1418 ) ;
#47 = ADVANCED_FACE ( 'NONE', ( #351 ), #1961, .T. ) ;
#48 = ORIENTED_EDGE ( 'NONE', *, *, #989, .T. ) ;
#49 = ORIENTED_EDGE ( 'NONE', *, *, #163, .F. ) ;
#50 = AXIS2_PLACEMENT_3D ( 'NONE', #2442, #2248, #862 ) ;
#51 = AXIS2_PLACEMENT_3D ( 'NONE', #121, #510, #1499 ) ;
#52 = DIRECTION ( 'NONE',  ( -0.000000000000000000, 0.7071067811865474617, 0.7071067811865474617 ) ) ;
#53 = CARTESIAN_POINT ( 'NONE',  ( -15.13925805730794494, 12.00000000000000000, -15.00000000000000355 ) ) ;
#54 = CARTESIAN_POINT ( 'NONE',  ( 20.53925805730794352, 6.000000000000000000, -0.5999999999999946487 ) ) ;
#55 = VECTOR ( 'NONE', #1986, 1000.000000000000000 ) ;
#56 = AXIS2_PLACEMENT_3D ( 'NONE', #1120, #156, #958 ) ;
#57 = ORIENTED_EDGE ( 'NONE', *, *, #1168, .T. ) ;
#58 = CARTESIAN_POINT ( 'NONE',  ( 29.14025805730794616, 7.442055689510386429, -17.06830923655236276 ) ) ;
#59 = LINE ( 'NONE', #2482, #603 ) ;
#60 = CIRCLE ( 'NONE', #391, 4.525000000000025224 ) ;
#61 = ORIENTED_EDGE ( 'NONE', *, *, #15, .T. ) ;
#62 = VECTOR ( 'NONE', #1901, 1000.000000000000000 ) ;
#63 = DIRECTION ( 'NONE',  ( -1.000000000000000000, -0.000000000000000000, -0.000000000000000000 ) ) ;
#64 = LINE ( 'NONE', #2267, #1113 ) ;
#65 =( GEOMETRIC_REPRESENTATION_CONTEXT ( 3 ) GLOBAL_UNCERTAINTY_ASSIGNED_CONTEXT ( ( #2203 ) ) GLOBAL_UNIT_ASSIGNED_CONTEXT ( ( #1393, #2314, #2490 ) ) REPRESENTATION_CONTEXT ( 'NONE', 'WORKASPACE' ) );
#66 = ORIENTED_EDGE ( 'NONE', *, *, #276, .F. ) ;
#67 = CARTESIAN_POINT ( 'NONE',  ( -11.33824865405188120, 1.388534992212142084E-15, 9.320508075688760385 ) ) ;
#68 = EDGE_CURVE ( 'NONE', #1425, #147, #811, .T. ) ;
#69 = EDGE_CURVE ( 'NONE', #1014, #2334, #1977, .T. ) ;
#70 = CARTESIAN_POINT ( 'NONE',  ( 19.13925805730794494, 6.000000000000000000, -9.199999999999972644 ) ) ;
#71 = ORIENTED_EDGE ( 'NONE', *, *, #1851, .F. ) ;
#72 = CARTESIAN_POINT ( 'NONE',  ( -15.13925805730794494, 0.5000000000000004441, -26.50000000000000355 ) ) ;
#73 = CARTESIAN_POINT ( 'NONE',  ( 7.183475583886159477, 0.000000000000000000, -10.25906633660763845 ) ) ;
#74 = EDGE_LOOP ( 'NONE', ( #505, #1092, #536, #413, #1551, #573, #581 ) ) ;
#75 = CARTESIAN_POINT ( 'NONE',  ( -15.13925805730794494, 7.442055689510382877, -15.93169076344763724 ) ) ;
#76 = CARTESIAN_POINT ( 'NONE',  ( -9.139258057307944938, 0.5000000000000004441, -14.50000000000000178 ) ) ;
#77 = VERTEX_POINT ( 'NONE', #1938 ) ;
#78 = DIRECTION ( 'NONE',  ( 0.000000000000000000, 0.000000000000000000, 1.000000000000000000 ) ) ;
#79 = DIRECTION ( 'NONE',  ( -0.000000000000000000, -0.000000000000000000, 1.000000000000000000 ) ) ;
#80 = DIRECTION ( 'NONE',  ( 0.000000000000000000, -0.9583333333333383663, -0.2856522750166933799 ) ) ;
#81 = EDGE_CURVE ( 'NONE', #1589, #328, #1923, .T. ) ;
#82 = CARTESIAN_POINT ( 'NONE',  ( -7.639258057307945826, 1.422237990202499969, 0.5203967826019066933 ) ) ;
#83 = FACE_OUTER_BOUND ( 'NONE', #584, .T. ) ;
#84 = ORIENTED_EDGE ( 'NONE', *, *, #369, .F. ) ;
#85 = DIRECTION ( 'NONE',  ( 1.000000000000000000, 0.000000000000000000, 0.000000000000000000 ) ) ;
#86 = DIRECTION ( 'NONE',  ( 0.7071067811865477948, 0.7071067811865473507, -1.022195611122249672E-16 ) ) ;
#87 = ORIENTED_EDGE ( 'NONE', *, *, #1885, .T. ) ;
#88 = ORIENTED_EDGE ( 'NONE', *, *, #226, .F. ) ;
#89 = SURFACE_SIDE_STYLE ('',( #1951 ) ) ;
#90 = DIRECTION ( 'NONE',  ( -1.000000000000000000, 0.000000000000000000, 1.897626544708054968E-16 ) ) ;
#91 = VECTOR ( 'NONE', #1423, 1000.000000000000000 ) ;
#92 = VECTOR ( 'NONE', #1270, 1000.000000000000000 ) ;
#93 = DIRECTION ( 'NONE',  ( -0.1071587766526014424, -0.5925351836646596260, -0.7983852783623993643 ) ) ;
#94 = DIRECTION ( 'NONE',  ( -1.000000000000000000, -0.000000000000000000, -0.000000000000000000 ) ) ;
#95 = EDGE_CURVE ( 'NONE', #496, #97, #973, .T. ) ;
#96 = AXIS2_PLACEMENT_3D ( 'NONE', #666, #253, #2487 ) ;
#97 = VERTEX_POINT ( 'NONE', #327 ) ;
#98 = CARTESIAN_POINT ( 'NONE',  ( 0.000000000000000000, 0.000000000000000000, -8.000000000000000000 ) ) ;
#99 = CARTESIAN_POINT ( 'NONE',  ( 14.91425805730794529, 6.000000000000000000, -2.499999999999998668 ) ) ;
#100 = AXIS2_PLACEMENT_3D ( 'NONE', #19, #2230, #1652 ) ;
#101 = ADVANCED_FACE ( 'NONE', ( #1591 ), #1123, .T. ) ;
#102 = CONICAL_SURFACE ( 'NONE', #734, 3.204148181936937956, 0.1745329251994260089 ) ;
#103 = EDGE_LOOP ( 'NONE', ( #2037, #1240, #1400, #1883 ) ) ;
#104 = EDGE_LOOP ( 'NONE', ( #296, #1738, #2281, #2560 ) ) ;
#105 = AXIS2_PLACEMENT_3D ( 'NONE', #1812, #1408, #398 ) ;
#106 = APPLICATION_PROTOCOL_DEFINITION ( 'draft international standard', 'automotive_design', 1998, #1642 ) ;
#107 = ADVANCED_FACE ( 'NONE', ( #1766 ), #128, .T. ) ;
#108 = CARTESIAN_POINT ( 'NONE',  ( 0.000000000000000000, 0.000000000000000000, -15.00000000000000000 ) ) ;
#109 = CARTESIAN_POINT ( 'NONE',  ( 19.13925805730794494, 6.000000000000000000, -2.499999999999999556 ) ) ;
#110 = DIRECTION ( 'NONE',  ( 0.7071067811865474617, 0.7071067811865474617, -0.000000000000000000 ) ) ;
#111 = DIRECTION ( 'NONE',  ( -2.465190328815661892E-32, -0.000000000000000000, 1.000000000000000000 ) ) ;
#112 = ORIENTED_EDGE ( 'NONE', *, *, #2299, .T. ) ;
#113 = FACE_OUTER_BOUND ( 'NONE', #2565, .T. ) ;
#114 = CARTESIAN_POINT ( 'NONE',  ( 29.14025805730794616, 8.755208333333330373, -17.32125029067309896 ) ) ;
#115 = ADVANCED_FACE ( 'NONE', ( #2554 ), #1578, .F. ) ;
#116 = EDGE_LOOP ( 'NONE', ( #120, #1149, #371, #1435 ) ) ;
#117 = EDGE_CURVE ( 'NONE', #594, #1818, #748, .T. ) ;
#118 = LINE ( 'NONE', #613, #2290 ) ;
#119 = PRODUCT_CONTEXT ( 'NONE', #1642, 'mechanical' ) ;
#120 = ORIENTED_EDGE ( 'NONE', *, *, #2041, .F. ) ;
#121 = CARTESIAN_POINT ( 'NONE',  ( 0.000000000000000000, 0.000000000000000000, -14.40000000000000391 ) ) ;
#122 = DIRECTION ( 'NONE',  ( -1.000000000000000000, 0.000000000000000000, 0.000000000000000000 ) ) ;
#123 = FACE_OUTER_BOUND ( 'NONE', #1207, .T. ) ;
#124 = LINE ( 'NONE', #1171, #1242 ) ;
#125 = VERTEX_POINT ( 'NONE', #1616 ) ;
#126 = CARTESIAN_POINT ( 'NONE',  ( 29.13925805730794494, 0.5000000000000004441, -9.000000000000001776 ) ) ;
#127 = ORIENTED_EDGE ( 'NONE', *, *, #1795, .T. ) ;
#128 = PLANE ( 'NONE',  #471 ) ;
#129 = EDGE_CURVE ( 'NONE', #703, #203, #2435, .T. ) ;
#130 = VERTEX_POINT ( 'NONE', #799 ) ;
#131 = PRESENTATION_STYLE_ASSIGNMENT (( #1911 ) ) ;
#132 = CYLINDRICAL_SURFACE ( 'NONE', #521, 2.049999999999999822 ) ;
#133 = STYLED_ITEM ( 'NONE', ( #1515 ), #420 ) ;
#134 = DIRECTION ( 'NONE',  ( 0.000000000000000000, 0.000000000000000000, 1.000000000000000000 ) ) ;
#135 = CARTESIAN_POINT ( 'NONE',  ( 28.63925805730794494, 0.000000000000000000, 8.999999999999998224 ) ) ;
#136 = AXIS2_PLACEMENT_3D ( 'NONE', #1079, #1831, #13 ) ;
#137 = VECTOR ( 'NONE', #2063, 1000.000000000000000 ) ;
#138 = AXIS2_PLACEMENT_3D ( 'NONE', #574, #1644, #2000 ) ;
#139 = EDGE_LOOP ( 'NONE', ( #2322, #543, #2185, #2138 ) ) ;
#140 = CARTESIAN_POINT ( 'NONE',  ( 19.13925805730794494, 6.000000000000000000, -2.499999999999999556 ) ) ;
#141 = CARTESIAN_POINT ( 'NONE',  ( -15.08925805730794423, 6.000000000000000000, -14.95000000000000107 ) ) ;
#142 = VECTOR ( 'NONE', #531, 1000.000000000000000 ) ;
#143 = ORIENTED_EDGE ( 'NONE', *, *, #2070, .F. ) ;
#144 = AXIS2_PLACEMENT_3D ( 'NONE', #2318, #954, #1567 ) ;
#145 = DIRECTION ( 'NONE',  ( 0.000000000000000000, 0.000000000000000000, 1.000000000000000000 ) ) ;
#146 = AXIS2_PLACEMENT_3D ( 'NONE', #2340, #1941, #90 ) ;
#147 = VERTEX_POINT ( 'NONE', #600 ) ;
#148 =( BOUNDED_CURVE ( )  B_SPLINE_CURVE ( 3, ( #2512, #495, #1105, #1466 ),
 .UNSPECIFIED., .F., .F. ) 
 B_SPLINE_CURVE_WITH_KNOTS ( ( 4, 4 ),
 ( 0.000000000000000000, 1.281109332797757405 ),
 .UNSPECIFIED. ) 
 CURVE ( )  GEOMETRIC_REPRESENTATION_ITEM ( )  RATIONAL_B_SPLINE_CURVE ( ( 1.000000000000000000, 0.8678429268480549741, 0.8678429268480549741, 1.000000000000000000 ) ) 
 REPRESENTATION_ITEM ( '' )  );
#149 = CARTESIAN_POINT ( 'NONE',  ( 28.63925805730794494, 11.50000000000000000, -9.500000000000001776 ) ) ;
#150 = ADVANCED_FACE ( 'NONE', ( #2410 ), #1752, .F. ) ;
#151 = EDGE_CURVE ( 'NONE', #2334, #983, #1417, .T. ) ;
#152 = CARTESIAN_POINT ( 'NONE',  ( 19.13925805730794494, 6.000000000000000000, 9.199999999999969091 ) ) ;
#153 = LINE ( 'NONE', #1157, #222 ) ;
#154 = EDGE_LOOP ( 'NONE', ( #1933, #786 ) ) ;
#155 = DIRECTION ( 'NONE',  ( -1.000000000000000000, 0.000000000000000000, 2.052927190505096421E-16 ) ) ;
#156 = DIRECTION ( 'NONE',  ( 1.734723475976806848E-16, 0.000000000000000000, 1.000000000000000000 ) ) ;
#157 = ORIENTED_EDGE ( 'NONE', *, *, #151, .T. ) ;
#158 = DIRECTION ( 'NONE',  ( 0.000000000000000000, -0.9583333333333377002, 0.2856522750166956004 ) ) ;
#159 = ORIENTED_EDGE ( 'NONE', *, *, #694, .F. ) ;
#160 = CARTESIAN_POINT ( 'NONE',  ( 28.63925805730794494, 12.00000000000000000, -9.500000000000001776 ) ) ;
#161 = CARTESIAN_POINT ( 'NONE',  ( 0.000000000000000000, 11.33824865405188120, 9.320508075688760385 ) ) ;
#162 = LINE ( 'NONE', #539, #1799 ) ;
#163 = EDGE_CURVE ( 'NONE', #2268, #336, #2246, .T. ) ;
#164 = EDGE_CURVE ( 'NONE', #237, #1721, #232, .T. ) ;
#165 = ORIENTED_EDGE ( 'NONE', *, *, #2017, .T. ) ;
#166 = DIRECTION ( 'NONE',  ( -1.000000000000000000, 0.000000000000000000, 2.115516434118057709E-16 ) ) ;
#167 = DIRECTION ( 'NONE',  ( 0.000000000000000000, 1.000000000000000000, 0.000000000000000000 ) ) ;
#168 = ORIENTED_EDGE ( 'NONE', *, *, #1886, .F. ) ;
#169 = DIRECTION ( 'NONE',  ( -0.000000000000000000, -0.000000000000000000, -1.000000000000000000 ) ) ;
#170 = EDGE_LOOP ( 'NONE', ( #497, #2606, #2540, #777 ) ) ;
#171 = DIRECTION ( 'NONE',  ( -1.000000000000000000, 0.000000000000000000, 0.000000000000000000 ) ) ;
#172 = CARTESIAN_POINT ( 'NONE',  ( 29.13925805730794494, 12.00000000000000000, 8.999999999999998224 ) ) ;
#173 = LINE ( 'NONE', #1430, #1029 ) ;
#174 = CARTESIAN_POINT ( 'NONE',  ( 0.000000000000000000, 0.000000000000000000, 9.320508075688760385 ) ) ;
#175 = EDGE_LOOP ( 'NONE', ( #2396, #617, #788, #2039 ) ) ;
#176 = CIRCLE ( 'NONE', #1661, 1.549999999999999378 ) ;
#177 = CARTESIAN_POINT ( 'NONE',  ( 0.000000000000000000, 0.000000000000000000, -4.768167215884282939 ) ) ;
#178 = CARTESIAN_POINT ( 'NONE',  ( -6.066714864352956482, 0.000000000000000000, -5.810056281885859875 ) ) ;
#179 = CIRCLE ( 'NONE', #1871, 1.504188906600137265 ) ;
#180 = VERTEX_POINT ( 'NONE', #1654 ) ;
#181 = LINE ( 'NONE', #375, #1111 ) ;
#182 = EDGE_CURVE ( 'NONE', #1556, #2307, #1326, .T. ) ;
#183 = AXIS2_PLACEMENT_3D ( 'NONE', #720, #1342, #922 ) ;
#184 = CIRCLE ( 'NONE', #1535, 2.049999999999999822 ) ;
#185 = CIRCLE ( 'NONE', #986, 3.625000000000003109 ) ;
#186 = ORIENTED_EDGE ( 'NONE', *, *, #705, .F. ) ;
#187 = DIRECTION ( 'NONE',  ( 0.000000000000000000, 0.000000000000000000, 1.000000000000000000 ) ) ;
#188 = CIRCLE ( 'NONE', #1206, 1.399999999999998579 ) ;
#189 = DIRECTION ( 'NONE',  ( -0.7071067811865475727, -0.000000000000000000, -0.7071067811865475727 ) ) ;
#190 = PLANE ( 'NONE',  #1114 ) ;
#191 = CARTESIAN_POINT ( 'NONE',  ( -15.13925805730794494, 7.442055689510384653, -17.06830923655236276 ) ) ;
#192 = ORIENTED_EDGE ( 'NONE', *, *, #2529, .T. ) ;
#193 = DIRECTION ( 'NONE',  ( -0.000000000000000000, -0.000000000000000000, -1.000000000000000000 ) ) ;
#194 = DIRECTION ( 'NONE',  ( 0.000000000000000000, 0.000000000000000000, -1.000000000000000000 ) ) ;
#195 = ORIENTED_EDGE ( 'NONE', *, *, #936, .F. ) ;
#196 = CARTESIAN_POINT ( 'NONE',  ( -11.13925805730794316, 2.499999999999999556, -12.50000000000000355 ) ) ;
#197 = ADVANCED_FACE ( 'NONE', ( #2222 ), #1827, .T. ) ;
#198 = EDGE_CURVE ( 'NONE', #771, #825, #404, .T. ) ;
#199 = APPLICATION_CONTEXT ( 'automotive_design' ) ;
#200 = VERTEX_POINT ( 'NONE', #6 ) ;
#201 = LINE ( 'NONE', #1820, #2077 ) ;
#202 = CARTESIAN_POINT ( 'NONE',  ( -7.639258057307945826, 6.000000000000000000, -13.62499999999999467 ) ) ;
#203 = VERTEX_POINT ( 'NONE', #813 ) ;
#204 = LINE ( 'NONE', #2383, #1959 ) ;
#205 = DIRECTION ( 'NONE',  ( 1.897626544708054968E-16, -0.000000000000000000, 1.000000000000000000 ) ) ;
#206 = ORIENTED_EDGE ( 'NONE', *, *, #674, .T. ) ;
#207 = DIRECTION ( 'NONE',  ( 0.000000000000000000, 1.000000000000000000, -0.000000000000000000 ) ) ;
#208 = ORIENTED_EDGE ( 'NONE', *, *, #1724, .F. ) ;
#209 = ADVANCED_FACE ( 'NONE', ( #2028 ), #1398, .F. ) ;
#210 = DIRECTION ( 'NONE',  ( -1.000000000000000000, 0.000000000000000000, 0.000000000000000000 ) ) ;
#211 = DIRECTION ( 'NONE',  ( 0.000000000000000000, -1.000000000000000000, 0.000000000000000000 ) ) ;
#212 = VERTEX_POINT ( 'NONE', #2189 ) ;
#213 = CARTESIAN_POINT ( 'NONE',  ( 19.13925805730794494, 6.000000000000000000, 2.499999999999996003 ) ) ;
#214 = CARTESIAN_POINT ( 'NONE',  ( 23.36425805730794991, 5.999999999999999112, 9.199999999999970868 ) ) ;
#215 = PRESENTATION_LAYER_ASSIGNMENT (  '', '', ( #133 ) ) ;
#216 = ORIENTED_EDGE ( 'NONE', *, *, #429, .T. ) ;
#217 = CARTESIAN_POINT ( 'NONE',  ( 29.14025805730794616, 6.000000000000000000, -14.95000000000000107 ) ) ;
#218 = VECTOR ( 'NONE', #2263, 1000.000000000000000 ) ;
#219 = AXIS2_PLACEMENT_3D ( 'NONE', #499, #2352, #2153 ) ;
#220 = ORIENTED_EDGE ( 'NONE', *, *, #1688, .T. ) ;
#221 = AXIS2_PLACEMENT_3D ( 'NONE', #160, #1209, #963 ) ;
#222 = VECTOR ( 'NONE', #1932, 1000.000000000000000 ) ;
#223 = LINE ( 'NONE', #53, #260 ) ;
#224 = CARTESIAN_POINT ( 'NONE',  ( 9.139258057307941385, 0.5000000000000004441, -9.499999999999998224 ) ) ;
#225 = VECTOR ( 'NONE', #1798, 1000.000000000000000 ) ;
#226 = EDGE_CURVE ( 'NONE', #2433, #1080, #181, .T. ) ;
#227 = ADVANCED_FACE ( 'NONE', ( #1634, #424 ), #2425, .T. ) ;
#228 = ORIENTED_EDGE ( 'NONE', *, *, #25, .T. ) ;
#229 = CARTESIAN_POINT ( 'NONE',  ( -9.139258057307944938, 12.00000000000000000, -14.50000000000000178 ) ) ;
#230 = CARTESIAN_POINT ( 'NONE',  ( 25.00721180010508604, 14.39833940624232334, 1.610860826669575196 ) ) ;
#231 = ORIENTED_EDGE ( 'NONE', *, *, #1125, .T. ) ;
#232 = LINE ( 'NONE', #217, #1667 ) ;
#233 = CARTESIAN_POINT ( 'NONE',  ( 23.36425805730794991, 6.000000000000000888, -9.199999999999972644 ) ) ;
#234 = ORIENTED_EDGE ( 'NONE', *, *, #513, .F. ) ;
#235 = DIRECTION ( 'NONE',  ( -1.000000000000000000, 0.000000000000000000, 0.000000000000000000 ) ) ;
#236 = CARTESIAN_POINT ( 'NONE',  ( 23.36425805730794991, 5.999999999999999112, 2.499999999999996003 ) ) ;
#237 = VERTEX_POINT ( 'NONE', #2397 ) ;
#238 = FACE_OUTER_BOUND ( 'NONE', #959, .T. ) ;
#239 = DIRECTION ( 'NONE',  ( -1.000000000000000000, 0.000000000000000000, 0.000000000000000000 ) ) ;
#240 = EDGE_CURVE ( 'NONE', #2346, #2489, #118, .T. ) ;
#241 = EDGE_CURVE ( 'NONE', #2350, #2003, #1427, .T. ) ;
#242 = ORIENTED_EDGE ( 'NONE', *, *, #2547, .F. ) ;
#243 = DIRECTION ( 'NONE',  ( -1.734723475976807341E-16, -0.000000000000000000, -1.000000000000000000 ) ) ;
#244 = FACE_OUTER_BOUND ( 'NONE', #2122, .T. ) ;
#245 = ORIENTED_EDGE ( 'NONE', *, *, #1088, .T. ) ;
#246 = DIRECTION ( 'NONE',  ( -0.5386059927686974724, 0.5386059927686974724, -0.6479252804971353807 ) ) ;
#247 = CARTESIAN_POINT ( 'NONE',  ( 17.73925805730794636, 6.000000000000000000, -0.5999999999999928724 ) ) ;
#248 = ORIENTED_EDGE ( 'NONE', *, *, #1636, .T. ) ;
#249 = DIRECTION ( 'NONE',  ( 0.7071067811865475727, 0.000000000000000000, -0.7071067811865475727 ) ) ;
#250 = DIRECTION ( 'NONE',  ( 0.000000000000000000, 0.000000000000000000, -1.000000000000000000 ) ) ;
#251 = ORIENTED_EDGE ( 'NONE', *, *, #2195, .T. ) ;
#252 = LINE ( 'NONE', #1879, #1956 ) ;
#253 = DIRECTION ( 'NONE',  ( 0.000000000000000000, 0.000000000000000000, -1.000000000000000000 ) ) ;
#254 = AXIS2_PLACEMENT_3D ( 'NONE', #1705, #865, #1449 ) ;
#255 = EDGE_CURVE ( 'NONE', #1014, #2433, #184, .T. ) ;
#256 = ORIENTED_EDGE ( 'NONE', *, *, #1560, .T. ) ;
#257 = EDGE_CURVE ( 'NONE', #349, #1694, #2018, .T. ) ;
#258 = EDGE_LOOP ( 'NONE', ( #1122, #256, #1904, #948, #2060, #1615, #1866 ) ) ;
#259 = AXIS2_PLACEMENT_3D ( 'NONE', #2021, #1222, #2032 ) ;
#260 = VECTOR ( 'NONE', #1889, 1000.000000000000000 ) ;
#261 = APPLICATION_PROTOCOL_DEFINITION ( 'draft international standard', 'automotive_design', 1998, #1279 ) ;
#262 = CARTESIAN_POINT ( 'NONE',  ( 17.08925805730794778, 6.000000000000000000, 2.199999999999973976 ) ) ;
#263 = DIRECTION ( 'NONE',  ( -1.000000000000000000, 0.000000000000000000, -0.000000000000000000 ) ) ;
#264 = VECTOR ( 'NONE', #1505, 1000.000000000000000 ) ;
#265 = AXIS2_PLACEMENT_3D ( 'NONE', #2542, #1352, #737 ) ;
#266 = VECTOR ( 'NONE', #742, 1000.000000000000227 ) ;
#267 = VERTEX_POINT ( 'NONE', #2605 ) ;
#268 = DIRECTION ( 'NONE',  ( -1.226634733346698817E-16, 0.7071067811865476838, -0.7071067811865473507 ) ) ;
#269 = CARTESIAN_POINT ( 'NONE',  ( 9.139258057307941385, 11.50000000000000000, -9.499999999999998224 ) ) ;
#270 = CONICAL_SURFACE ( 'NONE', #1073, 13.78576951545868212, 0.2617993877991471319 ) ;
#271 = EDGE_LOOP ( 'NONE', ( #234, #353, #2178, #463 ) ) ;
#272 = DIRECTION ( 'NONE',  ( -1.000000000000000000, 0.000000000000000000, 0.000000000000000000 ) ) ;
#273 = CARTESIAN_POINT ( 'NONE',  ( 3.248147529496737906, 0.2499999999999889810, -13.62499999999999467 ) ) ;
#274 = ORIENTED_EDGE ( 'NONE', *, *, #376, .T. ) ;
#275 = ADVANCED_FACE ( 'NONE', ( #1843 ), #1905, .F. ) ;
#276 = EDGE_CURVE ( 'NONE', #2485, #962, #636, .T. ) ;
#277 = LINE ( 'NONE', #1698, #1962 ) ;
#278 = FACE_OUTER_BOUND ( 'NONE', #116, .T. ) ;
#279 = FACE_OUTER_BOUND ( 'NONE', #345, .T. ) ;
#280 = CARTESIAN_POINT ( 'NONE',  ( -5.759505371538632623, 14.87975268576931498, -17.87975268576931853 ) ) ;
#281 = ORIENTED_EDGE ( 'NONE', *, *, #1542, .T. ) ;
#282 = CARTESIAN_POINT ( 'NONE',  ( 19.13925805730794494, 6.000000000000000000, -0.8999999999999998002 ) ) ;
#283 = DIRECTION ( 'NONE',  ( 0.2176072335280444803, -0.6901619708141960574, -0.6901619708141965015 ) ) ;
#284 = ORIENTED_EDGE ( 'NONE', *, *, #651, .F. ) ;
#285 = ORIENTED_EDGE ( 'NONE', *, *, #885, .F. ) ;
#286 =( NAMED_UNIT ( * ) SI_UNIT ( $, .STERADIAN. ) SOLID_ANGLE_UNIT ( ) );
#287 = EDGE_CURVE ( 'NONE', #1690, #2065, #665, .T. ) ;
#288 = DIRECTION ( 'NONE',  ( 0.000000000000000000, 0.000000000000000000, -1.000000000000000000 ) ) ;
#289 = CARTESIAN_POINT ( 'NONE',  ( 17.08925805730794778, 6.000000000000000000, 0.8999999999999963585 ) ) ;
#290 = EDGE_CURVE ( 'NONE', #427, #328, #1683, .T. ) ;
#291 = CARTESIAN_POINT ( 'NONE',  ( 13.07029946162075618, 1.600650039957123122E-15, 6.320508075688760385 ) ) ;
#292 = CARTESIAN_POINT ( 'NONE',  ( -14.63925805730794494, 12.00000000000000000, -14.50000000000000178 ) ) ;
#293 = EDGE_LOOP ( 'NONE', ( #2051, #1778, #2601, #2447 ) ) ;
#294 = DIRECTION ( 'NONE',  ( 1.734723475976806848E-16, -0.000000000000000000, 1.000000000000000000 ) ) ;
#295 = CARTESIAN_POINT ( 'NONE',  ( -2.030644955548007058, 8.755208333333330373, -17.32125029067309896 ) ) ;
#296 = ORIENTED_EDGE ( 'NONE', *, *, #429, .F. ) ;
#297 = VERTEX_POINT ( 'NONE', #1504 ) ;
#298 = CARTESIAN_POINT ( 'NONE',  ( 5.666065817449047692, 7.234744268084586594, 1025.856605890918900 ) ) ;
#299 = VECTOR ( 'NONE', #1974, 999.9999999999998863 ) ;
#300 =( NAMED_UNIT ( * ) PLANE_ANGLE_UNIT ( ) SI_UNIT ( $, .RADIAN. ) );
#301 = FACE_OUTER_BOUND ( 'NONE', #1762, .T. ) ;
#302 = CIRCLE ( 'NONE', #387, 1.549999999999999378 ) ;
#303 = CARTESIAN_POINT ( 'NONE',  ( 0.000000000000000000, 0.000000000000000000, -14.40911534819277051 ) ) ;
#304 = VECTOR ( 'NONE', #389, 1000.000000000000000 ) ;
#305 = CARTESIAN_POINT ( 'NONE',  ( 14.91425805730794529, 6.000000000000000000, 2.499999999999996003 ) ) ;
#306 = EDGE_CURVE ( 'NONE', #316, #2056, #2463, .T. ) ;
#307 = ADVANCED_FACE ( 'NONE', ( #1265 ), #1104, .T. ) ;
#308 = ORIENTED_EDGE ( 'NONE', *, *, #2345, .T. ) ;
#309 = DIRECTION ( 'NONE',  ( -1.000000000000000000, -1.224646799147353207E-16, 0.000000000000000000 ) ) ;
#310 = LINE ( 'NONE', #2147, #142 ) ;
#311 = AXIS2_PLACEMENT_3D ( 'NONE', #1059, #875, #1693 ) ;
#312 = AXIS2_PLACEMENT_3D ( 'NONE', #109, #1539, #2325 ) ;
#313 = ORIENTED_EDGE ( 'NONE', *, *, #2031, .F. ) ;
#314 = DIRECTION ( 'NONE',  ( -1.000000000000000000, 0.000000000000000000, 0.000000000000000000 ) ) ;
#315 =( LENGTH_UNIT ( ) NAMED_UNIT ( * ) SI_UNIT ( .MILLI., .METRE. ) );
#316 = VERTEX_POINT ( 'NONE', #2308 ) ;
#317 = CARTESIAN_POINT ( 'NONE',  ( 29.13925805730794494, 0.5000000000000004441, -9.500000000000001776 ) ) ;
#318 = DIRECTION ( 'NONE',  ( 1.000000000000000000, 0.000000000000000000, 0.000000000000000000 ) ) ;
#319 = DIRECTION ( 'NONE',  ( -1.000000000000000000, 0.000000000000000000, 0.000000000000000000 ) ) ;
#320 = DIRECTION ( 'NONE',  ( 0.1736481776669121790, 0.000000000000000000, 0.9848077530122113510 ) ) ;
#321 =( BOUNDED_CURVE ( )  B_SPLINE_CURVE ( 3, ( #1297, #273, #466, #2296 ),
 .UNSPECIFIED., .F., .F. ) 
 B_SPLINE_CURVE_WITH_KNOTS ( ( 4, 4 ),
 ( 3.141592653589793116, 6.283185307179586232 ),
 .UNSPECIFIED. ) 
 CURVE ( )  GEOMETRIC_REPRESENTATION_ITEM ( )  RATIONAL_B_SPLINE_CURVE ( ( 1.000000000000000000, 0.3333333333333333703, 0.3333333333333333703, 1.000000000000000000 ) ) 
 REPRESENTATION_ITEM ( '' )  );
#322 = ORIENTED_EDGE ( 'NONE', *, *, #1594, .F. ) ;
#323 =( LENGTH_UNIT ( ) NAMED_UNIT ( * ) SI_UNIT ( .MILLI., .METRE. ) );
#324 = EDGE_CURVE ( 'NONE', #200, #2550, #1573, .T. ) ;
#325 = DIRECTION ( 'NONE',  ( -1.000000000000000000, -0.000000000000000000, -0.000000000000000000 ) ) ;
#326 = ORIENTED_EDGE ( 'NONE', *, *, #33, .T. ) ;
#327 = CARTESIAN_POINT ( 'NONE',  ( -0.8577779898868431729, 9.000000000000001776, -16.50000000000000000 ) ) ;
#328 = VERTEX_POINT ( 'NONE', #75 ) ;
#329 = CARTESIAN_POINT ( 'NONE',  ( 19.13925805730794494, 6.000000000000000000, -2.199999999999976641 ) ) ;
#330 = CARTESIAN_POINT ( 'NONE',  ( -15.13925805730794494, 6.000000000000000000, -16.50000000000000000 ) ) ;
#331 = DIRECTION ( 'NONE',  ( -1.000000000000000000, -1.224646799147353454E-16, 0.000000000000000000 ) ) ;
#332 = CARTESIAN_POINT ( 'NONE',  ( -15.13925805730794494, 12.07122054498740660, -4.416858765525640607 ) ) ;
#333 = EDGE_LOOP ( 'NONE', ( #739, #1776, #1732, #2359 ) ) ;
#334 = CARTESIAN_POINT ( 'NONE',  ( -7.639258057307945826, 7.442055689510382877, -15.93169076344763724 ) ) ;
#335 = CARTESIAN_POINT ( 'NONE',  ( 28.63925805730794494, 11.50000000000000000, -9.500000000000001776 ) ) ;
#336 = VERTEX_POINT ( 'NONE', #452 ) ;
#337 = CARTESIAN_POINT ( 'NONE',  ( 19.13925805730794494, 6.000000000000000000, -0.8999999999999998002 ) ) ;
#338 = ADVANCED_FACE ( 'NONE', ( #2500 ), #494, .F. ) ;
#339 = EDGE_CURVE ( 'NONE', #2268, #2350, #1465, .T. ) ;
#340 = VERTEX_POINT ( 'NONE', #1063 ) ;
#341 = DIRECTION ( 'NONE',  ( -0.7071067811865530128, 0.000000000000000000, -0.7071067811865421326 ) ) ;
#342 = PLANE ( 'NONE',  #1020 ) ;
#343 = DIRECTION ( 'NONE',  ( -0.000000000000000000, -0.000000000000000000, -1.000000000000000000 ) ) ;
#344 = AXIS2_PLACEMENT_3D ( 'NONE', #1953, #2326, #2353 ) ;
#345 = EDGE_LOOP ( 'NONE', ( #192, #999, #1415 ) ) ;
#346 = LINE ( 'NONE', #1160, #1915 ) ;
#347 = DIRECTION ( 'NONE',  ( 0.5386059927686975835, 0.5386059927686975835, 0.6479252804971352697 ) ) ;
#348 = VECTOR ( 'NONE', #1308, 1000.000000000000114 ) ;
#349 = VERTEX_POINT ( 'NONE', #2279 ) ;
#350 = VECTOR ( 'NONE', #479, 1000.000000000000000 ) ;
#351 = FACE_OUTER_BOUND ( 'NONE', #1336, .T. ) ;
#352 = AXIS2_PLACEMENT_3D ( 'NONE', #397, #1832, #608 ) ;
#353 = ORIENTED_EDGE ( 'NONE', *, *, #906, .T. ) ;
#354 = PRODUCT_DEFINITION_SHAPE ( 'NONE', 'NONE',  #1967 ) ;
#355 = CARTESIAN_POINT ( 'NONE',  ( -7.639258057307945826, 7.650000000000001243, -16.50000000000000000 ) ) ;
#356 = EDGE_CURVE ( 'NONE', #1252, #2262, #1527, .T. ) ;
#357 = DIRECTION ( 'NONE',  ( 0.000000000000000000, -1.000000000000000000, 0.000000000000000000 ) ) ;
#358 = DIRECTION ( 'NONE',  ( 1.000000000000000000, 0.000000000000000000, 0.000000000000000000 ) ) ;
#359 = ORIENTED_EDGE ( 'NONE', *, *, #2168, .F. ) ;
#360 = DIRECTION ( 'NONE',  ( 0.000000000000000000, 0.000000000000000000, -1.000000000000000000 ) ) ;
#361 = CARTESIAN_POINT ( 'NONE',  ( -15.13925805730794494, 6.390512483795339094, -15.00000000000000355 ) ) ;
#362 = EDGE_LOOP ( 'NONE', ( #402, #1243, #2152 ) ) ;
#363 = CARTESIAN_POINT ( 'NONE',  ( 9.139258057307941385, 11.50000000000000000, -9.499999999999998224 ) ) ;
#364 = ORIENTED_EDGE ( 'NONE', *, *, #1219, .T. ) ;
#365 = DIRECTION ( 'NONE',  ( -0.1029490914076144487, -0.8053054057060141657, -0.5838533104462273471 ) ) ;
#366 = EDGE_CURVE ( 'NONE', #825, #749, #2243, .T. ) ;
#367 = CARTESIAN_POINT ( 'NONE',  ( -8.639258057307941385, 0.000000000000000000, 8.999999999999998224 ) ) ;
#368 = DIRECTION ( 'NONE',  ( 0.000000000000000000, 0.000000000000000000, -1.000000000000000000 ) ) ;
#369 = EDGE_CURVE ( 'NONE', #671, #983, #1485, .T. ) ;
#370 = CARTESIAN_POINT ( 'NONE',  ( 0.000000000000000000, 0.000000000000000000, 6.320508075688760385 ) ) ;
#371 = ORIENTED_EDGE ( 'NONE', *, *, #456, .T. ) ;
#372 = DIRECTION ( 'NONE',  ( -1.000000000000000000, 0.000000000000000000, 0.000000000000000000 ) ) ;
#373 = CARTESIAN_POINT ( 'NONE',  ( 14.91425805730794529, 6.000000000000000000, 9.199999999999970868 ) ) ;
#374 = ORIENTED_EDGE ( 'NONE', *, *, #1807, .T. ) ;
#375 = CARTESIAN_POINT ( 'NONE',  ( 17.08925805730794778, 6.000000000000000000, 0.8999999999999963585 ) ) ;
#376 = EDGE_CURVE ( 'NONE', #1201, #267, #252, .T. ) ;
#377 = ORIENTED_EDGE ( 'NONE', *, *, #1676, .T. ) ;
#378 = CARTESIAN_POINT ( 'NONE',  ( 14.91425805730794529, 6.000000000000000000, -2.499999999999998668 ) ) ;
#379 = DIRECTION ( 'NONE',  ( -1.000000000000000000, 0.000000000000000000, -0.000000000000000000 ) ) ;
#380 = FACE_OUTER_BOUND ( 'NONE', #569, .T. ) ;
#381 = EDGE_LOOP ( 'NONE', ( #753, #1189, #1292, #31 ) ) ;
#382 = AXIS2_PLACEMENT_3D ( 'NONE', #1769, #515, #134 ) ;
#383 = DIRECTION ( 'NONE',  ( -1.000000000000000000, 0.000000000000000000, 0.000000000000000000 ) ) ;
#384 = CARTESIAN_POINT ( 'NONE',  ( 10.47222325026744016, 0.000000000000000000, 7.820508075688759497 ) ) ;
#385 = EDGE_CURVE ( 'NONE', #943, #2307, #464, .T. ) ;
#386 = EDGE_CURVE ( 'NONE', #1984, #2485, #1618, .T. ) ;
#387 = AXIS2_PLACEMENT_3D ( 'NONE', #2235, #2075, #1230 ) ;
#388 = VERTEX_POINT ( 'NONE', #1081 ) ;
#389 = DIRECTION ( 'NONE',  ( 0.7071067811865511255, 8.659560562354977232E-17, -0.7071067811865440200 ) ) ;
#390 = VECTOR ( 'NONE', #347, 1000.000000000000000 ) ;
#391 = AXIS2_PLACEMENT_3D ( 'NONE', #1524, #1983, #1545 ) ;
#392 = ORIENTED_EDGE ( 'NONE', *, *, #614, .T. ) ;
#393 = PLANE ( 'NONE',  #221 ) ;
#394 = AXIS2_PLACEMENT_3D ( 'NONE', #1731, #1129, #2343 ) ;
#395 = CONICAL_SURFACE ( 'NONE', #2169, 2.049999999999999822, 0.7853981633974533860 ) ;
#396 = PLANE ( 'NONE',  #259 ) ;
#397 = CARTESIAN_POINT ( 'NONE',  ( -15.13925805730794494, 12.00000000000000000, -26.50000000000000355 ) ) ;
#398 = DIRECTION ( 'NONE',  ( -1.000000000000000000, 0.000000000000000000, 0.000000000000000000 ) ) ;
#399 = ORIENTED_EDGE ( 'NONE', *, *, #1736, .F. ) ;
#400 = DIRECTION ( 'NONE',  ( 0.000000000000000000, 0.000000000000000000, 1.000000000000000000 ) ) ;
#401 = FACE_BOUND ( 'NONE', #560, .T. ) ;
#402 = ORIENTED_EDGE ( 'NONE', *, *, #2137, .T. ) ;
#403 = EDGE_CURVE ( 'NONE', #2426, #1748, #2295, .T. ) ;
#404 = LINE ( 'NONE', #1217, #2455 ) ;
#405 = ORIENTED_EDGE ( 'NONE', *, *, #841, .F. ) ;
#406 = CARTESIAN_POINT ( 'NONE',  ( -14.72968203516344943, 0.5000000000000005551, -26.21321178182448008 ) ) ;
#407 = CARTESIAN_POINT ( 'NONE',  ( 0.000000000000000000, 0.000000000000000000, -4.768167215884282939 ) ) ;
#408 = ORIENTED_EDGE ( 'NONE', *, *, #592, .F. ) ;
#409 = DIRECTION ( 'NONE',  ( 1.000000000000000000, 0.000000000000000000, 0.000000000000000000 ) ) ;
#410 = DIRECTION ( 'NONE',  ( -0.8191520442889910214, 0.000000000000000000, -0.5735764363510472696 ) ) ;
#411 = ORIENTED_EDGE ( 'NONE', *, *, #95, .F. ) ;
#412 = DIRECTION ( 'NONE',  ( -1.000000000000000000, 0.000000000000000000, 0.000000000000000000 ) ) ;
#413 = ORIENTED_EDGE ( 'NONE', *, *, #1087, .T. ) ;
#414 = EDGE_CURVE ( 'NONE', #1852, #736, #888, .T. ) ;
#415 = EDGE_CURVE ( 'NONE', #147, #1425, #1868, .T. ) ;
#416 = DIRECTION ( 'NONE',  ( -0.7071067811865475727, 0.000000000000000000, -0.7071067811865475727 ) ) ;
#417 = DIRECTION ( 'NONE',  ( 0.000000000000000000, 0.000000000000000000, 1.000000000000000000 ) ) ;
#418 = ORIENTED_EDGE ( 'NONE', *, *, #2223, .F. ) ;
#419 = CARTESIAN_POINT ( 'NONE',  ( 28.88925805730794494, 0.2500000000000002220, 8.999999999999998224 ) ) ;
#420 = MANIFOLD_SOLID_BREP ( 'Chamfer2', #682 ) ;
#421 = PLANE ( 'NONE',  #2123 ) ;
#422 = COLOUR_RGB ( '',0.7921568627450980005, 0.8196078431372548767, 0.9333333333333333481 ) ;
#423 = ORIENTED_EDGE ( 'NONE', *, *, #1981, .F. ) ;
#424 = FACE_OUTER_BOUND ( 'NONE', #1221, .T. ) ;
#425 = CONICAL_SURFACE ( 'NONE', #1363, 3.204148181936937956, 0.1745329251994260089 ) ;
#426 = VECTOR ( 'NONE', #2324, 1000.000000000000114 ) ;
#427 = VERTEX_POINT ( 'NONE', #334 ) ;
#428 = CONICAL_SURFACE ( 'NONE', #770, 4.225000000000001421, 0.7853981633974439491 ) ;
#429 = EDGE_CURVE ( 'NONE', #1048, #1503, #1233, .T. ) ;
#430 = ADVANCED_FACE ( 'NONE', ( #2320 ), #509, .T. ) ;
#431 = CIRCLE ( 'NONE', #394, 1.917930794007982165 ) ;
#432 = CARTESIAN_POINT ( 'NONE',  ( -9.139258057307944938, 11.50000000000000000, -14.50000000000000178 ) ) ;
#433 = FACE_OUTER_BOUND ( 'NONE', #921, .T. ) ;
#434 = AXIS2_PLACEMENT_3D ( 'NONE', #1421, #1008, #2428 ) ;
#435 = EDGE_LOOP ( 'NONE', ( #1184, #2134, #1224, #956 ) ) ;
#436 = CARTESIAN_POINT ( 'NONE',  ( -4.224999999999999645, 1.111366970226223521E-15, -8.000000000000000000 ) ) ;
#437 = DIRECTION ( 'NONE',  ( 0.000000000000000000, 0.000000000000000000, 1.000000000000000000 ) ) ;
#438 = AXIS2_PLACEMENT_3D ( 'NONE', #2381, #766, #2467 ) ;
#439 = ORIENTED_EDGE ( 'NONE', *, *, #1785, .T. ) ;
#440 = CARTESIAN_POINT ( 'NONE',  ( 29.14025805730794616, 7.442055689510382877, -15.93169076344763724 ) ) ;
#441 = CARTESIAN_POINT ( 'NONE',  ( 19.13925805730794494, 6.000000000000000000, 0.5999999999999895417 ) ) ;
#442 = ORIENTED_EDGE ( 'NONE', *, *, #1321, .T. ) ;
#443 = ORIENTED_EDGE ( 'NONE', *, *, #2372, .F. ) ;
#444 = DIRECTION ( 'NONE',  ( 0.000000000000000000, 0.000000000000000000, 1.000000000000000000 ) ) ;
#445 = FACE_OUTER_BOUND ( 'NONE', #852, .T. ) ;
#446 = DIRECTION ( 'NONE',  ( 0.000000000000000000, 0.2856522750166933799, -0.9583333333333383663 ) ) ;
#447 = ORIENTED_EDGE ( 'NONE', *, *, #1439, .T. ) ;
#448 = DIRECTION ( 'NONE',  ( 0.000000000000000000, -0.3436198561537784912, 0.9391088299323229194 ) ) ;
#449 = LINE ( 'NONE', #1047, #1452 ) ;
#450 = ADVANCED_FACE ( 'NONE', ( #1318 ), #2491, .T. ) ;
#451 = ORIENTED_EDGE ( 'NONE', *, *, #1125, .F. ) ;
#452 = CARTESIAN_POINT ( 'NONE',  ( 17.08925805730794778, 6.000000000000000000, -0.8999999999999993561 ) ) ;
#453 = LINE ( 'NONE', #654, #2208 ) ;
#454 = ORIENTED_EDGE ( 'NONE', *, *, #15, .F. ) ;
#455 = ORIENTED_EDGE ( 'NONE', *, *, #2150, .T. ) ;
#456 = EDGE_CURVE ( 'NONE', #1425, #1908, #1763, .T. ) ;
#457 = SHAPE_REPRESENTATION_RELATIONSHIP ( 'NONE' , 'NONE' ,  #1525, #1218 ) ;
#458 = LINE ( 'NONE', #149, #426 ) ;
#459 = DIRECTION ( 'NONE',  ( 0.000000000000000000, 0.000000000000000000, -1.000000000000000000 ) ) ;
#460 = EDGE_LOOP ( 'NONE', ( #833, #2256, #1012, #2536 ) ) ;
#461 = CARTESIAN_POINT ( 'NONE',  ( -1.561251128379125399E-15, 12.00000000000000000, -8.999999999999996447 ) ) ;
#462 = PLANE ( 'NONE',  #1496 ) ;
#463 = ORIENTED_EDGE ( 'NONE', *, *, #1981, .T. ) ;
#464 = LINE ( 'NONE', #1488, #717 ) ;
#465 = EDGE_CURVE ( 'NONE', #771, #77, #2040, .T. ) ;
#466 = CARTESIAN_POINT ( 'NONE',  ( -4.963703509270416703, 0.2499999999999889810, -19.37500000000000355 ) ) ;
#467 = AXIS2_PLACEMENT_3D ( 'NONE', #98, #904, #1669 ) ;
#468 = ORIENTED_EDGE ( 'NONE', *, *, #1541, .F. ) ;
#469 = ORIENTED_EDGE ( 'NONE', *, *, #626, .T. ) ;
#470 = CIRCLE ( 'NONE', #1281, 4.225000000000003197 ) ;
#471 = AXIS2_PLACEMENT_3D ( 'NONE', #930, #757, #1749 ) ;
#472 = CARTESIAN_POINT ( 'NONE',  ( 29.13925805730794494, 0.5000000000000004441, -9.000000000000001776 ) ) ;
#473 = CYLINDRICAL_SURFACE ( 'NONE', #1163, 2.875000000000006217 ) ;
#474 = AXIS2_PLACEMENT_3D ( 'NONE', #733, #1186, #1614 ) ;
#475 = AXIS2_PLACEMENT_3D ( 'NONE', #968, #2012, #1411 ) ;
#476 = VECTOR ( 'NONE', #111, 1000.000000000000000 ) ;
#477 = ORIENTED_EDGE ( 'NONE', *, *, #117, .T. ) ;
#478 = FACE_OUTER_BOUND ( 'NONE', #2221, .T. ) ;
#479 = DIRECTION ( 'NONE',  ( 0.000000000000000000, -1.000000000000000000, 0.000000000000000000 ) ) ;
#480 = AXIS2_PLACEMENT_3D ( 'NONE', #2517, #1510, #2130 ) ;
#481 = ORIENTED_EDGE ( 'NONE', *, *, #403, .F. ) ;
#482 = PRODUCT_DEFINITION_FORMATION_WITH_SPECIFIED_SOURCE ( 'ANY', '', #1564, .NOT_KNOWN. ) ;
#483 = DIRECTION ( 'NONE',  ( -2.465190328815661892E-32, -0.000000000000000000, 1.000000000000000000 ) ) ;
#484 = EDGE_CURVE ( 'NONE', #24, #594, #2571, .T. ) ;
#485 = ORIENTED_EDGE ( 'NONE', *, *, #2299, .F. ) ;
#486 = EDGE_CURVE ( 'NONE', #212, #77, #2146, .T. ) ;
#487 = APPLICATION_PROTOCOL_DEFINITION ( 'draft international standard', 'automotive_design', 1998, #628 ) ;
#488 = PLANE ( 'NONE',  #1922 ) ;
#489 = CARTESIAN_POINT ( 'NONE',  ( -15.13925805730794494, 0.5000000000000004441, -26.50000000000000355 ) ) ;
#490 = DIRECTION ( 'NONE',  ( -1.000000000000000000, 0.000000000000000000, 0.000000000000000000 ) ) ;
#491 = DIRECTION ( 'NONE',  ( -0.000000000000000000, -0.000000000000000000, 1.000000000000000000 ) ) ;
#492 = EDGE_CURVE ( 'NONE', #2334, #1080, #2293, .T. ) ;
#493 = ORIENTED_EDGE ( 'NONE', *, *, #2529, .F. ) ;
#494 = CYLINDRICAL_SURFACE ( 'NONE', #1018, 4.225000000000001421 ) ;
#495 = CARTESIAN_POINT ( 'NONE',  ( -4.963703509270416703, 7.319912971448906625, -19.37500000000000711 ) ) ;
#496 = VERTEX_POINT ( 'NONE', #713 ) ;
#497 = ORIENTED_EDGE ( 'NONE', *, *, #952, .T. ) ;
#498 = CARTESIAN_POINT ( 'NONE',  ( 0.000000000000000000, 0.000000000000000000, 0.000000000000000000 ) ) ;
#499 = CARTESIAN_POINT ( 'NONE',  ( 0.000000000000000000, 0.000000000000000000, 9.320508075688760385 ) ) ;
#500 = ADVANCED_FACE ( 'NONE', ( #113 ), #519, .T. ) ;
#501 = EDGE_CURVE ( 'NONE', #2523, #1142, #346, .T. ) ;
#502 = CARTESIAN_POINT ( 'NONE',  ( 19.13925805730794494, 6.000000000000000000, 0.8999999999999963585 ) ) ;
#503 = DIRECTION ( 'NONE',  ( -0.7071067811865474617, 0.7071067811865474617, 0.000000000000000000 ) ) ;
#504 = CARTESIAN_POINT ( 'NONE',  ( 19.13925805730794494, 6.000000000000000000, 9.499999999999996447 ) ) ;
#505 = ORIENTED_EDGE ( 'NONE', *, *, #2061, .T. ) ;
#506 = FACE_OUTER_BOUND ( 'NONE', #1837, .T. ) ;
#507 = EDGE_LOOP ( 'NONE', ( #635, #623, #359, #2499 ) ) ;
#508 = ORIENTED_EDGE ( 'NONE', *, *, #241, .F. ) ;
#509 = CONICAL_SURFACE ( 'NONE', #1106, 4.224999999999999645, 0.5235987755982998149 ) ;
#510 = DIRECTION ( 'NONE',  ( -0.000000000000000000, -0.000000000000000000, 1.000000000000000000 ) ) ;
#511 = CARTESIAN_POINT ( 'NONE',  ( -15.42604627548346841, 12.00000000000000000, -26.09042397785551159 ) ) ;
#512 = TOROIDAL_SURFACE ( 'NONE', #1619, 6.066714864352956482, 3.000000000000000000 ) ;
#513 = EDGE_CURVE ( 'NONE', #2485, #1672, #1528, .T. ) ;
#514 = COLOUR_RGB ( '',0.7921568627450980005, 0.8196078431372548767, 0.9333333333333333481 ) ;
#515 = DIRECTION ( 'NONE',  ( -1.000000000000000000, 0.000000000000000000, 0.000000000000000000 ) ) ;
#516 = CARTESIAN_POINT ( 'NONE',  ( -14.72968203516344410, 12.00000000000000000, -26.21321178182447653 ) ) ;
#517 = VECTOR ( 'NONE', #2020, 1000.000000000000000 ) ;
#518 = VERTEX_POINT ( 'NONE', #957 ) ;
#519 = PLANE ( 'NONE',  #2364 ) ;
#520 = AXIS2_PLACEMENT_3D ( 'NONE', #2291, #650, #1876 ) ;
#521 = AXIS2_PLACEMENT_3D ( 'NONE', #937, #1212, #2600 ) ;
#522 = EDGE_LOOP ( 'NONE', ( #2016, #2054, #1891, #827, #71 ) ) ;
#523 = DIRECTION ( 'NONE',  ( -2.465190328815662439E-32, -0.000000000000000000, 1.000000000000000000 ) ) ;
#524 = SHAPE_DEFINITION_REPRESENTATION ( #354, #1525 ) ;
#525 = ORIENTED_EDGE ( 'NONE', *, *, #198, .F. ) ;
#526 = DIRECTION ( 'NONE',  ( 0.000000000000000000, 0.000000000000000000, -1.000000000000000000 ) ) ;
#527 = DIRECTION ( 'NONE',  ( -0.8191520442889910214, 0.000000000000000000, -0.5735764363510472696 ) ) ;
#528 = LINE ( 'NONE', #1761, #1202 ) ;
#529 = ORIENTED_EDGE ( 'NONE', *, *, #1413, .T. ) ;
#530 = CARTESIAN_POINT ( 'NONE',  ( 0.000000000000000000, 0.000000000000000000, -14.40000000000000391 ) ) ;
#531 = DIRECTION ( 'NONE',  ( -1.000000000000000000, -0.000000000000000000, -0.000000000000000000 ) ) ;
#532 = EDGE_CURVE ( 'NONE', #1080, #2334, #2531, .T. ) ;
#533 = EDGE_CURVE ( 'NONE', #2300, #836, #2448, .T. ) ;
#534 = ORIENTED_EDGE ( 'NONE', *, *, #824, .T. ) ;
#535 = DIRECTION ( 'NONE',  ( -0.8074364639760787110, 0.1685218558719697723, -0.5653730987014445875 ) ) ;
#536 = ORIENTED_EDGE ( 'NONE', *, *, #1935, .T. ) ;
#537 = DIRECTION ( 'NONE',  ( -0.7071067811865527908, 0.000000000000000000, 0.7071067811865422437 ) ) ;
#538 = DIRECTION ( 'NONE',  ( 1.734723475976807094E-16, 0.000000000000000000, 1.000000000000000000 ) ) ;
#539 = CARTESIAN_POINT ( 'NONE',  ( 0.000000000000000000, 0.000000000000000000, -15.00000000000000355 ) ) ;
#540 = ORIENTED_EDGE ( 'NONE', *, *, #290, .F. ) ;
#541 = SURFACE_STYLE_USAGE ( .BOTH. , #1548 ) ;
#542 = DIRECTION ( 'NONE',  ( 0.000000000000000000, 1.000000000000000000, 0.000000000000000000 ) ) ;
#543 = ORIENTED_EDGE ( 'NONE', *, *, #1263, .F. ) ;
#544 = EDGE_CURVE ( 'NONE', #2489, #836, #2602, .T. ) ;
#545 = LINE ( 'NONE', #1735, #602 ) ;
#546 = ORIENTED_EDGE ( 'NONE', *, *, #1688, .F. ) ;
#547 = CARTESIAN_POINT ( 'NONE',  ( 17.43925805730793854, 6.000000000000000000, 0.8999999999999964695 ) ) ;
#548 = MECHANICAL_DESIGN_GEOMETRIC_PRESENTATION_REPRESENTATION (  '', ( #133 ), #2200 ) ;
#549 = CARTESIAN_POINT ( 'NONE',  ( 19.13925805730794494, 6.000000000000000000, 0.5999999999999913181 ) ) ;
#550 = DIRECTION ( 'NONE',  ( 1.734723475976806848E-16, 0.000000000000000000, 1.000000000000000000 ) ) ;
#551 = AXIS2_PLACEMENT_3D ( 'NONE', #1680, #2289, #2472 ) ;
#552 = VECTOR ( 'NONE', #1900, 1000.000000000000114 ) ;
#553 = AXIS2_PLACEMENT_3D ( 'NONE', #1436, #1387, #835 ) ;
#554 = ORIENTED_EDGE ( 'NONE', *, *, #1636, .F. ) ;
#555 = DIRECTION ( 'NONE',  ( 1.000000000000000000, 0.000000000000000000, 0.000000000000000000 ) ) ;
#556 = DIRECTION ( 'NONE',  ( -1.000000000000000000, 0.000000000000000000, 0.000000000000000000 ) ) ;
#557 = VECTOR ( 'NONE', #167, 1000.000000000000000 ) ;
#558 = EDGE_LOOP ( 'NONE', ( #917, #392, #1159, #1306 ) ) ;
#559 = CIRCLE ( 'NONE', #899, 4.525000000000025224 ) ;
#560 = EDGE_LOOP ( 'NONE', ( #455, #281 ) ) ;
#561 = ADVANCED_FACE ( 'NONE', ( #808, #1585 ), #1185, .T. ) ;
#562 = AXIS2_PLACEMENT_3D ( 'NONE', #489, #2104, #38 ) ;
#563 = EDGE_LOOP ( 'NONE', ( #1487, #405, #1124, #1894 ) ) ;
#564 = PRODUCT_DEFINITION_FORMATION_WITH_SPECIFIED_SOURCE ( 'ANY', '', #21, .NOT_KNOWN. ) ;
#565 = LINE ( 'NONE', #975, #517 ) ;
#566 = EDGE_CURVE ( 'NONE', #1249, #2426, #1401, .T. ) ;
#567 = DIRECTION ( 'NONE',  ( -0.000000000000000000, -1.000000000000000000, -0.000000000000000000 ) ) ;
#568 = DIRECTION ( 'NONE',  ( -1.000000000000000000, 0.000000000000000000, 0.000000000000000000 ) ) ;
#569 = EDGE_LOOP ( 'NONE', ( #2127, #1826, #1816, #2553 ) ) ;
#570 = LINE ( 'NONE', #1021, #931 ) ;
#571 = EDGE_CURVE ( 'NONE', #518, #609, #2074, .T. ) ;
#572 = PLANE ( 'NONE',  #474 ) ;
#573 = ORIENTED_EDGE ( 'NONE', *, *, #2277, .T. ) ;
#574 = CARTESIAN_POINT ( 'NONE',  ( 0.000000000000000000, 0.000000000000000000, 0.000000000000000000 ) ) ;
#575 = ORIENTED_EDGE ( 'NONE', *, *, #1998, .T. ) ;
#576 = DIRECTION ( 'NONE',  ( 0.7071067811865474617, -0.000000000000000000, 0.7071067811865474617 ) ) ;
#577 = EDGE_CURVE ( 'NONE', #1925, #908, #570, .T. ) ;
#578 = EDGE_CURVE ( 'NONE', #237, #427, #176, .T. ) ;
#579 = CARTESIAN_POINT ( 'NONE',  ( 14.91425805730794529, 6.000000000000000000, 9.199999999999969091 ) ) ;
#580 = DIRECTION ( 'NONE',  ( -0.7071067811865511255, 0.000000000000000000, -0.7071067811865440200 ) ) ;
#581 = ORIENTED_EDGE ( 'NONE', *, *, #1541, .T. ) ;
#582 = CARTESIAN_POINT ( 'NONE',  ( 16.78925805730791865, 6.000000000000000000, 2.499999999999996003 ) ) ;
#583 = CARTESIAN_POINT ( 'NONE',  ( 29.13925805730794494, 0.5000000000000004441, -9.000000000000001776 ) ) ;
#584 = EDGE_LOOP ( 'NONE', ( #168, #2107, #1284, #1118, #1383 ) ) ;
#585 = DIRECTION ( 'NONE',  ( 0.000000000000000000, 0.2856522750166956004, 0.9583333333333375892 ) ) ;
#586 = ORIENTED_EDGE ( 'NONE', *, *, #1151, .T. ) ;
#587 = DIRECTION ( 'NONE',  ( -1.734723475976807094E-16, 0.000000000000000000, -1.000000000000000000 ) ) ;
#588 = CARTESIAN_POINT ( 'NONE',  ( 3.248147529496737906, 6.000000000000000000, -13.62499999999999467 ) ) ;
#589 = CARTESIAN_POINT ( 'NONE',  ( 19.13925805730794494, 6.000000000000000000, 0.5999999999999895417 ) ) ;
#590 = VECTOR ( 'NONE', #768, 1000.000000000000000 ) ;
#591 = EDGE_CURVE ( 'NONE', #1617, #2056, #596, .T. ) ;
#592 = EDGE_CURVE ( 'NONE', #1048, #609, #1995, .T. ) ;
#593 = DIRECTION ( 'NONE',  ( -1.000000000000000000, 0.000000000000000000, 0.000000000000000000 ) ) ;
#594 = VERTEX_POINT ( 'NONE', #1214 ) ;
#595 = CIRCLE ( 'NONE', #382, 1.549999999999999378 ) ;
#596 = LINE ( 'NONE', #419, #1627 ) ;
#597 = DIRECTION ( 'NONE',  ( 1.000000000000000000, 0.000000000000000000, 0.000000000000000000 ) ) ;
#598 = CIRCLE ( 'NONE', #1238, 1.700000000000007061 ) ;
#599 = ORIENTED_EDGE ( 'NONE', *, *, #287, .F. ) ;
#600 = CARTESIAN_POINT ( 'NONE',  ( 13.78576951545868212, 1.696795259450826934E-15, 9.320508075688760385 ) ) ;
#601 = AXIS2_PLACEMENT_3D ( 'NONE', #1094, #866, #1906 ) ;
#602 = VECTOR ( 'NONE', #2162, 1000.000000000000227 ) ;
#603 = VECTOR ( 'NONE', #1261, 1000.000000000000000 ) ;
#604 = ORIENTED_EDGE ( 'NONE', *, *, #2276, .T. ) ;
#605 = CIRCLE ( 'NONE', #946, 2.049999999999999822 ) ;
#606 =( BOUNDED_CURVE ( )  B_SPLINE_CURVE ( 3, ( #1046, #1860, #662, #40 ),
 .UNSPECIFIED., .F., .F. ) 
 B_SPLINE_CURVE_WITH_KNOTS ( ( 4, 4 ),
 ( 2.886904599320425646, 3.141592653589793116 ),
 .UNSPECIFIED. ) 
 CURVE ( )  GEOMETRIC_REPRESENTATION_ITEM ( )  RATIONAL_B_SPLINE_CURVE ( ( 1.000000000000000000, 0.9946018004955610170, 0.9946018004955610170, 1.000000000000000000 ) ) 
 REPRESENTATION_ITEM ( '' )  );
#607 = CARTESIAN_POINT ( 'NONE',  ( 17.73925805730794636, 6.000000000000000000, 0.5999999999999897637 ) ) ;
#608 = DIRECTION ( 'NONE',  ( 0.000000000000000000, 0.000000000000000000, -1.000000000000000000 ) ) ;
#609 = VERTEX_POINT ( 'NONE', #18 ) ;
#610 = LINE ( 'NONE', #784, #91 ) ;
#611 = CARTESIAN_POINT ( 'NONE',  ( 19.13925805730794849, 6.000000000000000000, 9.500000000000000000 ) ) ;
#612 = ORIENTED_EDGE ( 'NONE', *, *, #385, .T. ) ;
#613 = CARTESIAN_POINT ( 'NONE',  ( -7.639258057307945826, 12.78250159870159486, -3.810105038685540180 ) ) ;
#614 = EDGE_CURVE ( 'NONE', #1694, #2419, #1640, .T. ) ;
#615 = UNCERTAINTY_MEASURE_WITH_UNIT (LENGTH_MEASURE( 1.000000000000000082E-05 ), #2507, 'distance_accuracy_value', 'NONE');
#616 = ADVANCED_FACE ( 'NONE', ( #1000 ), #2, .F. ) ;
#617 = ORIENTED_EDGE ( 'NONE', *, *, #1916, .F. ) ;
#618 = DIRECTION ( 'NONE',  ( -1.000000000000000000, 0.000000000000000000, 0.000000000000000000 ) ) ;
#619 = DIRECTION ( 'NONE',  ( 0.7071067811865475727, 0.000000000000000000, -0.7071067811865475727 ) ) ;
#620 = ORIENTED_EDGE ( 'NONE', *, *, #403, .T. ) ;
#621 = CARTESIAN_POINT ( 'NONE',  ( 28.63925805730794494, 0.5000000000000004441, 9.499999999999998224 ) ) ;
#622 = CARTESIAN_POINT ( 'NONE',  ( -15.13925805730794494, 0.5000000000000004441, -26.14099247846916541 ) ) ;
#623 = ORIENTED_EDGE ( 'NONE', *, *, #2041, .T. ) ;
#624 = DIRECTION ( 'NONE',  ( 0.000000000000000000, 0.000000000000000000, -1.000000000000000000 ) ) ;
#625 = ADVANCED_FACE ( 'NONE', ( #2035 ), #2025, .T. ) ;
#626 = EDGE_CURVE ( 'NONE', #77, #749, #204, .T. ) ;
#627 = ORIENTED_EDGE ( 'NONE', *, *, #2484, .T. ) ;
#628 = APPLICATION_CONTEXT ( 'automotive_design' ) ;
#629 = CARTESIAN_POINT ( 'NONE',  ( 28.63925805730794494, 0.2500000000000002776, -9.250000000000001776 ) ) ;
#630 = LINE ( 'NONE', #1481, #62 ) ;
#631 = ORIENTED_EDGE ( 'NONE', *, *, #1239, .T. ) ;
#632 = CARTESIAN_POINT ( 'NONE',  ( -15.13925805730794494, 11.50000000000000000, -26.14099247846916541 ) ) ;
#633 = CARTESIAN_POINT ( 'NONE',  ( -14.63925805730794494, 0.2500000000000002220, -14.75000000000000355 ) ) ;
#634 = AXIS2_PLACEMENT_3D ( 'NONE', #2135, #372, #400 ) ;
#635 = ORIENTED_EDGE ( 'NONE', *, *, #415, .F. ) ;
#636 = LINE ( 'NONE', #653, #851 ) ;
#637 = DIRECTION ( 'NONE',  ( 1.000000000000000000, 0.000000000000000000, 0.000000000000000000 ) ) ;
#638 = AXIS2_PLACEMENT_3D ( 'NONE', #549, #710, #2509 ) ;
#639 = CONICAL_SURFACE ( 'NONE', #1194, 2.049999999999999822, 0.7853981633974533860 ) ;
#640 = VECTOR ( 'NONE', #918, 1000.000000000000000 ) ;
#641 = ORIENTED_EDGE ( 'NONE', *, *, #1015, .F. ) ;
#642 = AXIS2_PLACEMENT_3D ( 'NONE', #611, #1630, #1226 ) ;
#643 = AXIS2_PLACEMENT_3D ( 'NONE', #1943, #343, #2559 ) ;
#644 = DIRECTION ( 'NONE',  ( 1.000000000000000000, 0.000000000000000000, 0.000000000000000000 ) ) ;
#645 = ADVANCED_FACE ( 'NONE', ( #2047 ), #425, .F. ) ;
#646 = CARTESIAN_POINT ( 'NONE',  ( 19.13925805730794494, 6.000000000000000000, -2.199999999999977085 ) ) ;
#647 = AXIS2_PLACEMENT_3D ( 'NONE', #1302, #670, #859 ) ;
#648 = ORIENTED_EDGE ( 'NONE', *, *, #20, .F. ) ;
#649 = DIRECTION ( 'NONE',  ( -1.445602896647339163E-16, 0.000000000000000000, -1.000000000000000000 ) ) ;
#650 = DIRECTION ( 'NONE',  ( -2.465190328815662439E-32, -0.000000000000000000, 1.000000000000000000 ) ) ;
#651 = EDGE_CURVE ( 'NONE', #1984, #24, #1802, .T. ) ;
#652 = VERTEX_POINT ( 'NONE', #1613 ) ;
#653 = CARTESIAN_POINT ( 'NONE',  ( -1.917930794007982165, 0.000000000000000000, -15.00000000000000000 ) ) ;
#654 = CARTESIAN_POINT ( 'NONE',  ( 8.556303373411621394, 13.34889604545889874, -7.651103954541098595 ) ) ;
#655 = ORIENTED_EDGE ( 'NONE', *, *, #1348, .F. ) ;
#656 = DIRECTION ( 'NONE',  ( 1.000000000000000000, 0.000000000000000000, 0.000000000000000000 ) ) ;
#657 = DIRECTION ( 'NONE',  ( 2.200518442539853445E-16, -0.7071067811865474617, 0.7071067811865475727 ) ) ;
#658 = LINE ( 'NONE', #1699, #2014 ) ;
#659 = EDGE_CURVE ( 'NONE', #2206, #745, #610, .T. ) ;
#660 = ADVANCED_FACE ( 'NONE', ( #1599 ), #807, .T. ) ;
#661 = EDGE_LOOP ( 'NONE', ( #87, #2197, #1453, #2511 ) ) ;
#662 = CARTESIAN_POINT ( 'NONE',  ( -15.08925805730794778, 5.868054266037444400, -14.94999999999999929 ) ) ;
#663 = FACE_OUTER_BOUND ( 'NONE', #1422, .T. ) ;
#664 = ORIENTED_EDGE ( 'NONE', *, *, #1872, .F. ) ;
#665 = LINE ( 'NONE', #43, #1877 ) ;
#666 = CARTESIAN_POINT ( 'NONE',  ( 19.13925805730794494, 6.000000000000000000, -0.5999999999999928724 ) ) ;
#667 = ORIENTED_EDGE ( 'NONE', *, *, #1151, .F. ) ;
#668 = PRODUCT_CONTEXT ( 'NONE', #628, 'mechanical' ) ;
#669 = PLANE ( 'NONE',  #1577 ) ;
#670 = DIRECTION ( 'NONE',  ( 0.000000000000000000, 0.7071067811865475727, -0.7071067811865475727 ) ) ;
#671 = VERTEX_POINT ( 'NONE', #582 ) ;
#672 = PLANE ( 'NONE',  #2574 ) ;
#673 = DIRECTION ( 'NONE',  ( -1.000000000000000000, 0.000000000000000000, 2.052927190505096421E-16 ) ) ;
#674 = EDGE_CURVE ( 'NONE', #1377, #427, #1260, .T. ) ;
#675 = ADVANCED_FACE ( 'NONE', ( #279 ), #883, .T. ) ;
#676 = VERTEX_POINT ( 'NONE', #1691 ) ;
#677 = DIRECTION ( 'NONE',  ( -0.000000000000000000, -0.000000000000000000, -1.000000000000000000 ) ) ;
#678 = LINE ( 'NONE', #1280, #1200 ) ;
#679 = ORIENTED_EDGE ( 'NONE', *, *, #324, .T. ) ;
#680 = ORIENTED_EDGE ( 'NONE', *, *, #1099, .T. ) ;
#681 = AXIS2_PLACEMENT_3D ( 'NONE', #940, #319, #1128 ) ;
#682 = CLOSED_SHELL ( 'NONE', ( #2103, #1989, #2564, #804, #2576, #1948, #1220, #2545, #2528, #1968, #1520, #2312, #1997, #2468, #1726, #1571, #1248, #2251, #2390, #1426, #2148, #1646, #758, #1362, #209, #853, #1689, #2261, #101, #2403, #790, #834, #338, #561, #275, #2450, #150, #2233, #2391, #1006, #886, #1335, #870, #227, #2434, #1607, #2449, #1899, #616, #987, #675, #1148, #107, #625, #307, #775, #1521, #1707, #1399, #2555, #47, #2174, #2344, #1050, #776, #500, #1865, #1379, #1392, #1247, #2423, #2301, #706, #1361, #2030 ) ) ;
#683 = EDGE_CURVE ( 'NONE', #1467, #594, #7, .T. ) ;
#684 = DIRECTION ( 'NONE',  ( -1.000000000000000000, 0.000000000000000000, 0.000000000000000000 ) ) ;
#685 = DIRECTION ( 'NONE',  ( 0.000000000000000000, 0.000000000000000000, -1.000000000000000000 ) ) ;
#686 = CIRCLE ( 'NONE', #601, 13.92500000000000959 ) ;
#687 = AXIS2_PLACEMENT_3D ( 'NONE', #1473, #2249, #250 ) ;
#688 = LINE ( 'NONE', #1483, #1703 ) ;
#689 = DIRECTION ( 'NONE',  ( 0.8191520442889910214, 0.000000000000000000, 0.5735764363510472696 ) ) ;
#690 = ORIENTED_EDGE ( 'NONE', *, *, #95, .T. ) ;
#691 = CONICAL_SURFACE ( 'NONE', #105, 1.399999999999998579, 0.7853981633974557175 ) ;
#692 = CARTESIAN_POINT ( 'NONE',  ( 23.36425805730794991, 5.999999999999999112, 2.499999999999996003 ) ) ;
#693 = DIRECTION ( 'NONE',  ( 0.7071067811865474617, -0.7071067811865474617, -0.000000000000000000 ) ) ;
#694 = EDGE_CURVE ( 'NONE', #1777, #2084, #2481, .T. ) ;
#695 = EDGE_CURVE ( 'NONE', #2172, #1694, #1034, .T. ) ;
#696 = ORIENTED_EDGE ( 'NONE', *, *, #1183, .F. ) ;
#697 = FACE_OUTER_BOUND ( 'NONE', #2521, .T. ) ;
#698 = CYLINDRICAL_SURFACE ( 'NONE', #1324, 4.225000000000001421 ) ;
#699 = PLANE ( 'NONE',  #1969 ) ;
#700 = ORIENTED_EDGE ( 'NONE', *, *, #1051, .F. ) ;
#701 = FILL_AREA_STYLE_COLOUR ( '', #422 ) ;
#702 = CYLINDRICAL_SURFACE ( 'NONE', #2082, 2.875000000000006217 ) ;
#703 = VERTEX_POINT ( 'NONE', #632 ) ;
#704 = ORIENTED_EDGE ( 'NONE', *, *, #2520, .F. ) ;
#705 = EDGE_CURVE ( 'NONE', #1979, #1377, #1303, .T. ) ;
#706 = ADVANCED_FACE ( 'NONE', ( #1700 ), #672, .T. ) ;
#707 = DIRECTION ( 'NONE',  ( 1.000000000000000000, 0.000000000000000000, 0.000000000000000000 ) ) ;
#708 = DIRECTION ( 'NONE',  ( -1.629030687312481196E-17, 0.000000000000000000, 1.000000000000000000 ) ) ;
#709 = DIRECTION ( 'NONE',  ( -1.734723475976806848E-16, 0.000000000000000000, -1.000000000000000000 ) ) ;
#710 = DIRECTION ( 'NONE',  ( 1.734723475976807094E-16, 0.000000000000000000, 1.000000000000000000 ) ) ;
#711 = LINE ( 'NONE', #2354, #266 ) ;
#712 = ORIENTED_EDGE ( 'NONE', *, *, #1239, .F. ) ;
#713 = CARTESIAN_POINT ( 'NONE',  ( 0.3150889757743359221, 8.755208333333319715, -15.67874970932689394 ) ) ;
#714 = LINE ( 'NONE', #2159, #1711 ) ;
#715 = EDGE_LOOP ( 'NONE', ( #2124, #2570, #1643, #1397 ) ) ;
#716 = DIRECTION ( 'NONE',  ( -1.000000000000000000, 0.000000000000000000, 0.000000000000000000 ) ) ;
#717 = VECTOR ( 'NONE', #2486, 1000.000000000000000 ) ;
#718 = AXIS2_PLACEMENT_3D ( 'NONE', #1810, #780, #2598 ) ;
#719 = VERTEX_POINT ( 'NONE', #1875 ) ;
#720 = CARTESIAN_POINT ( 'NONE',  ( 9.139258057307941385, 12.00000000000000000, -9.499999999999998224 ) ) ;
#721 = CARTESIAN_POINT ( 'NONE',  ( 0.000000000000000000, 12.00000000000000000, 8.999999999999998224 ) ) ;
#722 = AXIS2_PLACEMENT_3D ( 'NONE', #1030, #881, #618 ) ;
#723 = EDGE_CURVE ( 'NONE', #800, #1818, #1444, .T. ) ;
#724 =( BOUNDED_CURVE ( )  B_SPLINE_CURVE ( 3, ( #755, #1569, #2136, #2384 ),
 .UNSPECIFIED., .F., .F. ) 
 B_SPLINE_CURVE_WITH_KNOTS ( ( 4, 4 ),
 ( 1.860483320792038819, 3.141592653589793116 ),
 .UNSPECIFIED. ) 
 CURVE ( )  GEOMETRIC_REPRESENTATION_ITEM ( )  RATIONAL_B_SPLINE_CURVE ( ( 1.000000000000000000, 0.8678429268480557512, 0.8678429268480557512, 1.000000000000000000 ) ) 
 REPRESENTATION_ITEM ( '' )  );
#725 = EDGE_CURVE ( 'NONE', #1979, #2588, #1892, .T. ) ;
#726 = VECTOR ( 'NONE', #1450, 1000.000000000000227 ) ;
#727 = DIRECTION ( 'NONE',  ( -0.9848077530122112400, 2.757272003288790271E-16, 0.1736481776669121235 ) ) ;
#728 = VECTOR ( 'NONE', #2475, 1000.000000000000000 ) ;
#729 = CARTESIAN_POINT ( 'NONE',  ( 28.63925805730794494, 12.00000000000000000, -9.000000000000001776 ) ) ;
#730 = CIRCLE ( 'NONE', #1713, 1.549999999999999378 ) ;
#731 = ORIENTED_EDGE ( 'NONE', *, *, #955, .T. ) ;
#732 = CARTESIAN_POINT ( 'NONE',  ( 0.000000000000000000, 0.000000000000000000, -8.000000000000000000 ) ) ;
#733 = CARTESIAN_POINT ( 'NONE',  ( 29.13925805730794494, 0.5000000000000004441, 9.499999999999998224 ) ) ;
#734 = AXIS2_PLACEMENT_3D ( 'NONE', #407, #2585, #1391 ) ;
#735 = AXIS2_PLACEMENT_3D ( 'NONE', #224, #1031, #2569 ) ;
#736 = VERTEX_POINT ( 'NONE', #831 ) ;
#737 = DIRECTION ( 'NONE',  ( -1.000000000000000000, 0.000000000000000000, 0.000000000000000000 ) ) ;
#738 = PRODUCT_DEFINITION_FORMATION_WITH_SPECIFIED_SOURCE ( 'ANY', '', #2586, .NOT_KNOWN. ) ;
#739 = ORIENTED_EDGE ( 'NONE', *, *, #1380, .F. ) ;
#740 = LINE ( 'NONE', #951, #2535 ) ;
#741 = DIRECTION ( 'NONE',  ( 1.000000000000000000, 0.000000000000000000, 0.000000000000000000 ) ) ;
#742 = DIRECTION ( 'NONE',  ( 0.2588190451025185190, 3.169619151431737208E-17, -0.9659258262890688673 ) ) ;
#743 = PRODUCT_DEFINITION ( 'UNKNOWN', '', #738, #2593 ) ;
#744 = EDGE_CURVE ( 'NONE', #130, #1037, #688, .T. ) ;
#745 = VERTEX_POINT ( 'NONE', #1651 ) ;
#746 = DIRECTION ( 'NONE',  ( -1.734723475976806848E-16, -0.000000000000000000, -1.000000000000000000 ) ) ;
#747 = EDGE_LOOP ( 'NONE', ( #49, #1357, #36, #2234 ) ) ;
#748 = LINE ( 'NONE', #2050, #1794 ) ;
#749 = VERTEX_POINT ( 'NONE', #436 ) ;
#750 = DIRECTION ( 'NONE',  ( 0.000000000000000000, 1.000000000000000000, -0.000000000000000000 ) ) ;
#751 = LINE ( 'NONE', #2548, #2367 ) ;
#752 = DIRECTION ( 'NONE',  ( 0.7071067811865474617, -0.000000000000000000, 0.7071067811865474617 ) ) ;
#753 = ORIENTED_EDGE ( 'NONE', *, *, #1772, .F. ) ;
#754 = CARTESIAN_POINT ( 'NONE',  ( 19.13925805730794494, 6.000000000000000000, 2.199999999999973532 ) ) ;
#755 = CARTESIAN_POINT ( 'NONE',  ( 0.3150889757743359221, 8.755208333333319715, -15.67874970932689394 ) ) ;
#756 = ORIENTED_EDGE ( 'NONE', *, *, #1559, .T. ) ;
#757 = DIRECTION ( 'NONE',  ( -0.5773502691896258421, -0.5773502691896258421, 0.5773502691896258421 ) ) ;
#758 = ADVANCED_FACE ( 'NONE', ( #2095, #1902 ), #1250, .F. ) ;
#759 = ORIENTED_EDGE ( 'NONE', *, *, #1625, .T. ) ;
#760 = DIRECTION ( 'NONE',  ( 0.000000000000000000, 0.5869721126207679829, -0.8096071510340755450 ) ) ;
#761 = EDGE_CURVE ( 'NONE', #2201, #1721, #606, .T. ) ;
#762 = CARTESIAN_POINT ( 'NONE',  ( -15.13925805730794494, 6.000000000000000000, -18.05000000000000071 ) ) ;
#763 = CARTESIAN_POINT ( 'NONE',  ( 0.000000000000000000, 0.000000000000000000, 8.800892833418092920 ) ) ;
#764 = VECTOR ( 'NONE', #1554, 1000.000000000000000 ) ;
#765 = AXIS2_PLACEMENT_3D ( 'NONE', #108, #526, #1553 ) ;
#766 = DIRECTION ( 'NONE',  ( 1.734723475976806848E-16, -0.000000000000000000, 1.000000000000000000 ) ) ;
#767 = ORIENTED_EDGE ( 'NONE', *, *, #1168, .F. ) ;
#768 = DIRECTION ( 'NONE',  ( 1.445602896647339163E-16, 0.000000000000000000, 1.000000000000000000 ) ) ;
#769 = DIRECTION ( 'NONE',  ( 0.000000000000000000, 0.3436198561537784912, -0.9391088299323229194 ) ) ;
#770 = AXIS2_PLACEMENT_3D ( 'NONE', #1655, #1254, #171 ) ;
#771 = VERTEX_POINT ( 'NONE', #2080 ) ;
#772 = CIRCLE ( 'NONE', #2250, 13.92500000000000959 ) ;
#773 = CARTESIAN_POINT ( 'NONE',  ( 27.45648424544820543, 3.090467507440123107, 3.325859856028159367 ) ) ;
#774 = AXIS2_PLACEMENT_3D ( 'NONE', #1258, #80, #446 ) ;
#775 = ADVANCED_FACE ( 'NONE', ( #238 ), #843, .T. ) ;
#776 = ADVANCED_FACE ( 'NONE', ( #1472 ), #874, .T. ) ;
#777 = ORIENTED_EDGE ( 'NONE', *, *, #34, .T. ) ;
#778 = PRODUCT_DEFINITION_SHAPE ( 'NONE', 'NONE',  #46 ) ;
#779 = DIRECTION ( 'NONE',  ( -0.000000000000000000, -0.000000000000000000, 1.000000000000000000 ) ) ;
#780 = DIRECTION ( 'NONE',  ( 1.734723475976806848E-16, -0.000000000000000000, 1.000000000000000000 ) ) ;
#781 = DIRECTION ( 'NONE',  ( 0.000000000000000000, 0.000000000000000000, -1.000000000000000000 ) ) ;
#782 = CARTESIAN_POINT ( 'NONE',  ( 0.000000000000000000, 0.000000000000000000, 0.000000000000000000 ) ) ;
#783 = ORIENTED_EDGE ( 'NONE', *, *, #723, .F. ) ;
#784 = CARTESIAN_POINT ( 'NONE',  ( -8.889258057307941385, 11.75000000000000000, 8.999999999999998224 ) ) ;
#785 = LINE ( 'NONE', #809, #2125 ) ;
#786 = ORIENTED_EDGE ( 'NONE', *, *, #1624, .T. ) ;
#787 = DIRECTION ( 'NONE',  ( -2.465190328815662439E-32, -0.000000000000000000, 1.000000000000000000 ) ) ;
#788 = ORIENTED_EDGE ( 'NONE', *, *, #1850, .F. ) ;
#789 = PLANE ( 'NONE',  #2374 ) ;
#790 = ADVANCED_FACE ( 'NONE', ( #478 ), #1293, .F. ) ;
#791 = EDGE_CURVE ( 'NONE', #1792, #203, #2115, .T. ) ;
#792 = DIRECTION ( 'NONE',  ( 0.7071067811865474617, -0.000000000000000000, -0.7071067811865474617 ) ) ;
#793 = DIRECTION ( 'NONE',  ( 0.7071067811865474617, 0.000000000000000000, 0.7071067811865474617 ) ) ;
#794 = DIRECTION ( 'NONE',  ( 0.000000000000000000, -0.7071067811865474617, 0.7071067811865474617 ) ) ;
#795 = ORIENTED_EDGE ( 'NONE', *, *, #1005, .T. ) ;
#796 = DIRECTION ( 'NONE',  ( -0.000000000000000000, -0.000000000000000000, 1.000000000000000000 ) ) ;
#797 = CARTESIAN_POINT ( 'NONE',  ( -15.13925805730794494, 12.00000000000000000, -15.00000000000000355 ) ) ;
#798 = EDGE_LOOP ( 'NONE', ( #1657, #680, #837, #1259 ) ) ;
#799 = CARTESIAN_POINT ( 'NONE',  ( -7.639258057307945826, 6.000000000000000000, -18.05000000000000071 ) ) ;
#800 = VERTEX_POINT ( 'NONE', #1942 ) ;
#801 = CARTESIAN_POINT ( 'NONE',  ( 19.13925805730794494, 6.000000000000000000, 0.8999999999999964695 ) ) ;
#802 = CYLINDRICAL_SURFACE ( 'NONE', #860, 1.549999999999999378 ) ;
#803 = AXIS2_PLACEMENT_3D ( 'NONE', #1278, #677, #272 ) ;
#804 = ADVANCED_FACE ( 'NONE', ( #2342 ), #893, .F. ) ;
#805 = EDGE_CURVE ( 'NONE', #1979, #130, #595, .T. ) ;
#806 = ORIENTED_EDGE ( 'NONE', *, *, #1608, .F. ) ;
#807 = TOROIDAL_SURFACE ( 'NONE', #1574, 6.066714864352956482, 3.000000000000000000 ) ;
#808 = FACE_BOUND ( 'NONE', #2188, .T. ) ;
#809 = CARTESIAN_POINT ( 'NONE',  ( -15.13925805730794494, 1.422237990202499969, 0.5203967826019066933 ) ) ;
#810 = VECTOR ( 'NONE', #576, 1000.000000000000114 ) ;
#811 = CIRCLE ( 'NONE', #2121, 13.78576951545868212 ) ;
#812 = EDGE_LOOP ( 'NONE', ( #2394, #216 ) ) ;
#813 = CARTESIAN_POINT ( 'NONE',  ( -14.72968203516344943, 11.50000000000000000, -26.21321178182448008 ) ) ;
#814 = VECTOR ( 'NONE', #2013, 1000.000000000000114 ) ;
#815 = AXIS2_PLACEMENT_3D ( 'NONE', #2430, #1236, #1814 ) ;
#816 = CIRCLE ( 'NONE', #687, 3.000000000000000000 ) ;
#817 = ORIENTED_EDGE ( 'NONE', *, *, #465, .F. ) ;
#818 = AXIS2_PLACEMENT_3D ( 'NONE', #330, #1343, #923 ) ;
#819 = DIRECTION ( 'NONE',  ( -1.000000000000000000, 0.000000000000000000, 0.000000000000000000 ) ) ;
#820 = DIRECTION ( 'NONE',  ( -1.000000000000000000, -0.000000000000000000, -0.000000000000000000 ) ) ;
#821 = ORIENTED_EDGE ( 'NONE', *, *, #1835, .T. ) ;
#822 = DIRECTION ( 'NONE',  ( 0.000000000000000000, 0.000000000000000000, 1.000000000000000000 ) ) ;
#823 = LINE ( 'NONE', #797, #1579 ) ;
#824 = EDGE_CURVE ( 'NONE', #1852, #745, #912, .T. ) ;
#825 = VERTEX_POINT ( 'NONE', #1741 ) ;
#826 = DIRECTION ( 'NONE',  ( -1.897626544708054968E-16, 0.000000000000000000, -1.000000000000000000 ) ) ;
#827 = ORIENTED_EDGE ( 'NONE', *, *, #1600, .F. ) ;
#828 = DIRECTION ( 'NONE',  ( -0.5773502691896258421, 0.5773502691896258421, 0.5773502691896258421 ) ) ;
#829 = DIRECTION ( 'NONE',  ( 0.000000000000000000, 0.000000000000000000, 1.000000000000000000 ) ) ;
#830 = EDGE_LOOP ( 'NONE', ( #2398, #2100, #1632 ) ) ;
#831 = CARTESIAN_POINT ( 'NONE',  ( -8.639258057307941385, 0.5000000000000004441, 9.499999999999998224 ) ) ;
#832 = DIRECTION ( 'NONE',  ( -0.7071067811865474617, -0.000000000000000000, -0.7071067811865474617 ) ) ;
#833 = ORIENTED_EDGE ( 'NONE', *, *, #486, .F. ) ;
#834 = ADVANCED_FACE ( 'NONE', ( #2558, #1344 ), #2154, .F. ) ;
#835 = DIRECTION ( 'NONE',  ( -1.000000000000000000, 0.000000000000000000, 0.000000000000000000 ) ) ;
#836 = VERTEX_POINT ( 'NONE', #1760 ) ;
#837 = ORIENTED_EDGE ( 'NONE', *, *, #723, .T. ) ;
#838 = FACE_OUTER_BOUND ( 'NONE', #2046, .T. ) ;
#839 = CARTESIAN_POINT ( 'NONE',  ( -15.13925805730794494, 0.5000000000000004441, -26.14099247846916541 ) ) ;
#840 = CYLINDRICAL_SURFACE ( 'NONE', #1757, 2.049999999999999822 ) ;
#841 = EDGE_CURVE ( 'NONE', #736, #316, #751, .T. ) ;
#842 = ORIENTED_EDGE ( 'NONE', *, *, #1851, .T. ) ;
#843 = PLANE ( 'NONE',  #2494 ) ;
#844 = FACE_OUTER_BOUND ( 'NONE', #1999, .T. ) ;
#845 = VECTOR ( 'NONE', #1390, 1000.000000000000114 ) ;
#846 = ORIENTED_EDGE ( 'NONE', *, *, #1806, .F. ) ;
#847 = CARTESIAN_POINT ( 'NONE',  ( 21.18925805730794565, 6.000000000000000000, -0.9000000000000001332 ) ) ;
#848 = LINE ( 'NONE', #1670, #2006 ) ;
#849 = VECTOR ( 'NONE', #567, 1000.000000000000000 ) ;
#850 = CIRCLE ( 'NONE', #2005, 4.224999999999999645 ) ;
#851 = VECTOR ( 'NONE', #2108, 1000.000000000000000 ) ;
#852 = EDGE_LOOP ( 'NONE', ( #231, #534, #2078 ) ) ;
#853 = ADVANCED_FACE ( 'NONE', ( #123 ), #342, .T. ) ;
#854 = EDGE_CURVE ( 'NONE', #125, #2084, #2317, .T. ) ;
#855 = AXIS2_PLACEMENT_3D ( 'NONE', #1706, #2464, #1064 ) ;
#856 = DIRECTION ( 'NONE',  ( 0.000000000000000000, 0.000000000000000000, -1.000000000000000000 ) ) ;
#857 = AXIS2_PLACEMENT_3D ( 'NONE', #2055, #491, #2306 ) ;
#858 = LINE ( 'NONE', #432, #137 ) ;
#859 = DIRECTION ( 'NONE',  ( 1.000000000000000000, 0.000000000000000000, 0.000000000000000000 ) ) ;
#860 = AXIS2_PLACEMENT_3D ( 'NONE', #2236, #820, #417 ) ;
#861 = ORIENTED_EDGE ( 'NONE', *, *, #1334, .F. ) ;
#862 = DIRECTION ( 'NONE',  ( -1.000000000000000000, 0.000000000000000000, 0.000000000000000000 ) ) ;
#863 = DIRECTION ( 'NONE',  ( -0.5773502691896258421, -0.5773502691896258421, 0.5773502691896258421 ) ) ;
#864 = ORIENTED_EDGE ( 'NONE', *, *, #683, .F. ) ;
#865 = DIRECTION ( 'NONE',  ( 1.897626544708054968E-16, -0.000000000000000000, 1.000000000000000000 ) ) ;
#866 = DIRECTION ( 'NONE',  ( 0.000000000000000000, 0.000000000000000000, -1.000000000000000000 ) ) ;
#867 = ORIENTED_EDGE ( 'NONE', *, *, #2596, .T. ) ;
#868 = ORIENTED_EDGE ( 'NONE', *, *, #240, .F. ) ;
#869 = EDGE_CURVE ( 'NONE', #745, #2594, #1523, .T. ) ;
#870 = ADVANCED_FACE ( 'NONE', ( #2361 ), #1791, .F. ) ;
#871 = CARTESIAN_POINT ( 'NONE',  ( 1.917930794007982165, 2.348787807868017370E-16, -15.00000000000000000 ) ) ;
#872 = CARTESIAN_POINT ( 'NONE',  ( 29.14025805730794616, 6.000000000000000000, -16.50000000000000000 ) ) ;
#873 = VERTEX_POINT ( 'NONE', #2105 ) ;
#874 = PLANE ( 'NONE',  #1530 ) ;
#875 = DIRECTION ( 'NONE',  ( 0.000000000000000000, 0.000000000000000000, -1.000000000000000000 ) ) ;
#876 = ORIENTED_EDGE ( 'NONE', *, *, #2102, .F. ) ;
#877 = DIRECTION ( 'NONE',  ( -1.734723475976807341E-16, -0.000000000000000000, -1.000000000000000000 ) ) ;
#878 = LINE ( 'NONE', #1478, #1534 ) ;
#879 = EDGE_LOOP ( 'NONE', ( #1040, #442, #1267, #42 ) ) ;
#880 = ITEM_DEFINED_TRANSFORMATION ( 'NONE', 'NONE', #1588,  #2505 ) ;
#881 = DIRECTION ( 'NONE',  ( 0.000000000000000000, 0.000000000000000000, 1.000000000000000000 ) ) ;
#882 = FACE_OUTER_BOUND ( 'NONE', #1605, .T. ) ;
#883 = PLANE ( 'NONE',  #2118 ) ;
#884 = CYLINDRICAL_SURFACE ( 'NONE', #2582, 1.549999999999999378 ) ;
#885 = EDGE_CURVE ( 'NONE', #1818, #873, #2411, .T. ) ;
#886 = ADVANCED_FACE ( 'NONE', ( #1913 ), #698, .F. ) ;
#887 = ORIENTED_EDGE ( 'NONE', *, *, #1100, .T. ) ;
#888 = LINE ( 'NONE', #1296, #4 ) ;
#889 = DIRECTION ( 'NONE',  ( -1.445602896647339163E-16, 0.000000000000000000, -1.000000000000000000 ) ) ;
#890 = AXIS2_PLACEMENT_3D ( 'NONE', #530, #1347, #1143 ) ;
#891 = EDGE_LOOP ( 'NONE', ( #1847, #1987 ) ) ;
#892 = ORIENTED_EDGE ( 'NONE', *, *, #725, .F. ) ;
#893 = CONICAL_SURFACE ( 'NONE', #932, 4.225000000000001421, 0.7853981633974439491 ) ;
#894 = VECTOR ( 'NONE', #235, 1000.000000000000000 ) ;
#895 = PRODUCT_CONTEXT ( 'NONE', #1279, 'mechanical' ) ;
#896 = DIRECTION ( 'NONE',  ( -1.000000000000000000, -0.000000000000000000, -0.000000000000000000 ) ) ;
#897 = DIRECTION ( 'NONE',  ( -1.000000000000000000, 0.000000000000000000, 0.000000000000000000 ) ) ;
#898 = VECTOR ( 'NONE', #325, 1000.000000000000000 ) ;
#899 = AXIS2_PLACEMENT_3D ( 'NONE', #504, #2133, #358 ) ;
#900 = DIRECTION ( 'NONE',  ( 0.000000000000000000, -0.3436198561537784912, -0.9391088299323229194 ) ) ;
#901 = CARTESIAN_POINT ( 'NONE',  ( -7.639258057307945826, 6.000000000000000000, -16.50000000000000000 ) ) ;
#902 = VECTOR ( 'NONE', #527, 999.9999999999998863 ) ;
#903 = EDGE_LOOP ( 'NONE', ( #696, #599, #2059, #1682 ) ) ;
#904 = DIRECTION ( 'NONE',  ( -0.000000000000000000, -0.000000000000000000, 1.000000000000000000 ) ) ;
#905 = EDGE_CURVE ( 'NONE', #180, #1134, #1315, .T. ) ;
#906 = EDGE_CURVE ( 'NONE', #2485, #1984, #179, .T. ) ;
#907 = DIRECTION ( 'NONE',  ( 1.000000000000000000, 0.000000000000000000, 0.000000000000000000 ) ) ;
#908 = VERTEX_POINT ( 'NONE', #1730 ) ;
#909 = ORIENTED_EDGE ( 'NONE', *, *, #1600, .T. ) ;
#910 = LINE ( 'NONE', #2516, #2370 ) ;
#911 = CARTESIAN_POINT ( 'NONE',  ( 19.13925805730794494, 6.000000000000000000, -2.499999999999999556 ) ) ;
#912 = LINE ( 'NONE', #1140, #1061 ) ;
#913 = DIRECTION ( 'NONE',  ( -1.000000000000000000, 0.000000000000000000, -0.000000000000000000 ) ) ;
#914 = ORIENTED_EDGE ( 'NONE', *, *, #366, .F. ) ;
#915 = DIRECTION ( 'NONE',  ( -0.5773502691896258421, 0.5773502691896258421, 0.5773502691896258421 ) ) ;
#916 = DIRECTION ( 'NONE',  ( 0.000000000000000000, 0.000000000000000000, -1.000000000000000000 ) ) ;
#917 = ORIENTED_EDGE ( 'NONE', *, *, #695, .T. ) ;
#918 = DIRECTION ( 'NONE',  ( -1.000000000000000000, -0.000000000000000000, -0.000000000000000000 ) ) ;
#919 = EDGE_CURVE ( 'NONE', #950, #1777, #2518, .T. ) ;
#920 = APPLICATION_PROTOCOL_DEFINITION ( 'draft international standard', 'automotive_design', 1998, #1179 ) ;
#921 = EDGE_LOOP ( 'NONE', ( #1909, #159, #5, #1859 ) ) ;
#922 = DIRECTION ( 'NONE',  ( 0.8191520442889910214, 0.000000000000000000, 0.5735764363510472696 ) ) ;
#923 = DIRECTION ( 'NONE',  ( 0.000000000000000000, 0.000000000000000000, 1.000000000000000000 ) ) ;
#924 = CARTESIAN_POINT ( 'NONE',  ( 19.13925805730794494, 6.000000000000000000, 2.499999999999996003 ) ) ;
#925 = DIRECTION ( 'NONE',  ( -1.000000000000000000, 0.000000000000000000, 2.115516434118057709E-16 ) ) ;
#926 = ORIENTED_EDGE ( 'NONE', *, *, #2345, .F. ) ;
#927 = DIRECTION ( 'NONE',  ( -0.000000000000000000, -0.000000000000000000, 1.000000000000000000 ) ) ;
#928 = CARTESIAN_POINT ( 'NONE',  ( -15.10601518227832507, 6.262823063831574721, -14.96675712497037836 ) ) ;
#929 = ORIENTED_EDGE ( 'NONE', *, *, #1299, .F. ) ;
#930 = CARTESIAN_POINT ( 'NONE',  ( -9.139258057307941385, 0.5000000000000004441, 8.999999999999998224 ) ) ;
#931 = VECTOR ( 'NONE', #2572, 1000.000000000000000 ) ;
#932 = AXIS2_PLACEMENT_3D ( 'NONE', #152, #538, #1355 ) ;
#933 = ORIENTED_EDGE ( 'NONE', *, *, #492, .F. ) ;
#934 = CARTESIAN_POINT ( 'NONE',  ( 17.73925805730794636, 6.000000000000000000, 0.5999999999999915401 ) ) ;
#935 = ADVANCED_FACE ( 'NONE', ( #1544 ), #512, .T. ) ;
#936 = EDGE_CURVE ( 'NONE', #2405, #388, #2392, .T. ) ;
#937 = CARTESIAN_POINT ( 'NONE',  ( 19.13925805730794494, 6.000000000000000000, -0.8999999999999998002 ) ) ;
#938 = VECTOR ( 'NONE', #2478, 1000.000000000000114 ) ;
#939 = CIRCLE ( 'NONE', #855, 1.917930794007982165 ) ;
#940 = CARTESIAN_POINT ( 'NONE',  ( -7.639258057307945826, 0.000000000000000000, 0.000000000000000000 ) ) ;
#941 = AXIS2_PLACEMENT_3D ( 'NONE', #1572, #169, #314 ) ;
#942 = LINE ( 'NONE', #332, #990 ) ;
#943 = VERTEX_POINT ( 'NONE', #607 ) ;
#944 = DIRECTION ( 'NONE',  ( -0.000000000000000000, -0.000000000000000000, 1.000000000000000000 ) ) ;
#945 = CARTESIAN_POINT ( 'NONE',  ( 29.13925805730794494, 0.5000000000000004441, 8.999999999999998224 ) ) ;
#946 = AXIS2_PLACEMENT_3D ( 'NONE', #502, #1313, #122 ) ;
#947 = PRODUCT_DEFINITION_SHAPE ( 'NONE', 'NONE',  #2608 ) ;
#948 = ORIENTED_EDGE ( 'NONE', *, *, #2070, .T. ) ;
#949 = CARTESIAN_POINT ( 'NONE',  ( 3.112291605316328535, 0.000000000000000000, -5.289111748885088282 ) ) ;
#950 = VERTEX_POINT ( 'NONE', #406 ) ;
#951 = CARTESIAN_POINT ( 'NONE',  ( -15.13925805730794494, 0.5000000000000004441, -14.50000000000000178 ) ) ;
#952 = EDGE_CURVE ( 'NONE', #1925, #1679, #2416, .T. ) ;
#953 = CARTESIAN_POINT ( 'NONE',  ( -14.72968203516344943, 11.50000000000000000, -26.21321178182448008 ) ) ;
#954 = DIRECTION ( 'NONE',  ( 0.000000000000000000, 0.000000000000000000, -1.000000000000000000 ) ) ;
#955 = EDGE_CURVE ( 'NONE', #2003, #1946, #2001, .T. ) ;
#956 = ORIENTED_EDGE ( 'NONE', *, *, #33, .F. ) ;
#957 = CARTESIAN_POINT ( 'NONE',  ( 14.91425805730794529, 6.000000000000000000, -9.199999999999974420 ) ) ;
#958 = DIRECTION ( 'NONE',  ( -1.000000000000000000, 0.000000000000000000, 2.115516434118057709E-16 ) ) ;
#959 = EDGE_LOOP ( 'NONE', ( #1550, #2287, #664, #1508 ) ) ;
#960 = ORIENTED_EDGE ( 'NONE', *, *, #952, .F. ) ;
#961 = EDGE_CURVE ( 'NONE', #1725, #1004, #2182, .T. ) ;
#962 = VERTEX_POINT ( 'NONE', #1595 ) ;
#963 = DIRECTION ( 'NONE',  ( 0.000000000000000000, -1.000000000000000000, 0.000000000000000000 ) ) ;
#964 = LINE ( 'NONE', #2007, #1191 ) ;
#965 = DIRECTION ( 'NONE',  ( -0.7071067811865474617, -0.000000000000000000, 0.7071067811865474617 ) ) ;
#966 = DIRECTION ( 'NONE',  ( 0.000000000000000000, 0.000000000000000000, -1.000000000000000000 ) ) ;
#967 = ORIENTED_EDGE ( 'NONE', *, *, #1625, .F. ) ;
#968 = CARTESIAN_POINT ( 'NONE',  ( 19.13925805730794494, 6.000000000000000000, -2.499999999999999556 ) ) ;
#969 = FACE_OUTER_BOUND ( 'NONE', #2424, .T. ) ;
#970 = ADVANCED_FACE ( 'NONE', ( #2192, #1007 ), #1982, .F. ) ;
#971 = EDGE_CURVE ( 'NONE', #2172, #676, #964, .T. ) ;
#972 = EDGE_LOOP ( 'NONE', ( #1277, #1045, #1482, #2068 ) ) ;
#973 = LINE ( 'NONE', #773, #1282 ) ;
#974 = EDGE_LOOP ( 'NONE', ( #2514, #2027, #2504, #66 ) ) ;
#975 = CARTESIAN_POINT ( 'NONE',  ( -15.13925805730794494, 11.50000000000000000, -26.50000000000000355 ) ) ;
#976 = VECTOR ( 'NONE', #1384, 1000.000000000000000 ) ;
#977 = CARTESIAN_POINT ( 'NONE',  ( 29.13925805730794494, 12.00000000000000000, 8.999999999999998224 ) ) ;
#978 = CARTESIAN_POINT ( 'NONE',  ( 20.83925805730795133, 6.000000000000000000, -0.9000000000000002442 ) ) ;
#979 = AXIS2_PLACEMENT_3D ( 'NONE', #291, #1101, #331 ) ;
#980 = VECTOR ( 'NONE', #657, 1000.000000000000000 ) ;
#981 = CARTESIAN_POINT ( 'NONE',  ( 23.66425805730797549, 6.000000000000000888, -9.500000000000000000 ) ) ;
#982 = AXIS2_PLACEMENT_3D ( 'NONE', #1788, #2577, #716 ) ;
#983 = VERTEX_POINT ( 'NONE', #2400 ) ;
#984 = DIRECTION ( 'NONE',  ( 1.000000000000000000, 0.000000000000000000, 0.000000000000000000 ) ) ;
#985 = DIRECTION ( 'NONE',  ( -0.000000000000000000, 0.7071067811865474617, 0.7071067811865474617 ) ) ;
#986 = AXIS2_PLACEMENT_3D ( 'NONE', #2109, #1516, #907 ) ;
#987 = ADVANCED_FACE ( 'NONE', ( #1192 ), #1381, .F. ) ;
#988 = VERTEX_POINT ( 'NONE', #588 ) ;
#989 = EDGE_CURVE ( 'NONE', #388, #1617, #1404, .T. ) ;
#990 = VECTOR ( 'NONE', #1141, 1000.000000000000000 ) ;
#991 = CARTESIAN_POINT ( 'NONE',  ( -14.72968203516344943, 11.50000000000000000, -26.21321178182448008 ) ) ;
#992 = AXIS2_PLACEMENT_3D ( 'NONE', #646, #685, #1500 ) ;
#993 = ORIENTED_EDGE ( 'NONE', *, *, #1121, .T. ) ;
#994 = CONICAL_SURFACE ( 'NONE', #2219, 1.399999999999998579, 0.7853981633974557175 ) ;
#995 = FACE_OUTER_BOUND ( 'NONE', #2278, .T. ) ;
#996 = DIRECTION ( 'NONE',  ( -1.000000000000000000, 0.000000000000000000, 0.000000000000000000 ) ) ;
#997 = CARTESIAN_POINT ( 'NONE',  ( -9.139258057307941385, 11.50000000000000000, 8.999999999999998224 ) ) ;
#998 = CARTESIAN_POINT ( 'NONE',  ( -15.13925805730794494, 7.650000000000001243, -16.50000000000000000 ) ) ;
#999 = ORIENTED_EDGE ( 'NONE', *, *, #936, .T. ) ;
#1000 = FACE_OUTER_BOUND ( 'NONE', #563, .T. ) ;
#1001 = CARTESIAN_POINT ( 'NONE',  ( 1.917930794007982165, 2.348787807868017370E-16, -15.00000000000000000 ) ) ;
#1002 = ORIENTED_EDGE ( 'NONE', *, *, #1121, .F. ) ;
#1003 = DIRECTION ( 'NONE',  ( -0.5773502691896255090, 0.5773502691896259531, 0.5773502691896259531 ) ) ;
#1004 = VERTEX_POINT ( 'NONE', #1637 ) ;
#1005 = EDGE_CURVE ( 'NONE', #1748, #1813, #2226, .T. ) ;
#1006 = ADVANCED_FACE ( 'NONE', ( #2211, #1992 ), #396, .T. ) ;
#1007 = FACE_BOUND ( 'NONE', #154, .T. ) ;
#1008 = DIRECTION ( 'NONE',  ( -0.000000000000000000, -0.000000000000000000, 1.000000000000000000 ) ) ;
#1009 = ORIENTED_EDGE ( 'NONE', *, *, #2113, .F. ) ;
#1010 = CARTESIAN_POINT ( 'NONE',  ( -7.639258057307945826, 3.748748401298597432, 1.117396705352484698 ) ) ;
#1011 = CARTESIAN_POINT ( 'NONE',  ( -14.63925805730794494, 0.000000000000000000, -0.000000000000000000 ) ) ;
#1012 = ORIENTED_EDGE ( 'NONE', *, *, #2223, .T. ) ;
#1013 = CARTESIAN_POINT ( 'NONE',  ( 19.13925805730794494, 6.000000000000000000, -0.8999999999999998002 ) ) ;
#1014 = VERTEX_POINT ( 'NONE', #1780 ) ;
#1015 = EDGE_CURVE ( 'NONE', #2594, #2011, #201, .T. ) ;
#1016 = DIRECTION ( 'NONE',  ( 0.000000000000000000, -0.000000000000000000, -1.000000000000000000 ) ) ;
#1017 = CARTESIAN_POINT ( 'NONE',  ( -15.13925805730794494, 5.609487516204660906, -15.00000000000000355 ) ) ;
#1018 = AXIS2_PLACEMENT_3D ( 'NONE', #1863, #2254, #1920 ) ;
#1019 = EDGE_LOOP ( 'NONE', ( #1960, #454 ) ) ;
#1020 = AXIS2_PLACEMENT_3D ( 'NONE', #1566, #1971, #900 ) ;
#1021 = CARTESIAN_POINT ( 'NONE',  ( 29.13925805730794494, 11.50000000000000000, -9.500000000000001776 ) ) ;
#1022 = LINE ( 'NONE', #2036, #1796 ) ;
#1023 = AXIS2_PLACEMENT_3D ( 'NONE', #1136, #158, #1947 ) ;
#1024 = ORIENTED_EDGE ( 'NONE', *, *, #257, .F. ) ;
#1025 = DIRECTION ( 'NONE',  ( 1.629030687312481196E-17, -0.000000000000000000, -1.000000000000000000 ) ) ;
#1026 = AXIS2_PLACEMENT_3D ( 'NONE', #76, #86, #1052 ) ;
#1027 = CONICAL_SURFACE ( 'NONE', #311, 4.225000000000001421, 0.7853981633974439491 ) ;
#1028 = ORIENTED_EDGE ( 'NONE', *, *, #1314, .T. ) ;
#1029 = VECTOR ( 'NONE', #1621, 1000.000000000000114 ) ;
#1030 = CARTESIAN_POINT ( 'NONE',  ( 19.13925805730794494, 6.000000000000000000, 2.499999999999996003 ) ) ;
#1031 = DIRECTION ( 'NONE',  ( -0.4055797876726403572, 0.7071067811865463515, 0.5792279653395696615 ) ) ;
#1032 = EDGE_CURVE ( 'NONE', #609, #518, #1276, .T. ) ;
#1033 = VERTEX_POINT ( 'NONE', #367 ) ;
#1034 = LINE ( 'NONE', #229, #1486 ) ;
#1035 = LINE ( 'NONE', #1849, #1451 ) ;
#1036 = EDGE_CURVE ( 'NONE', #1310, #1142, #2578, .T. ) ;
#1037 = VERTEX_POINT ( 'NONE', #762 ) ;
#1038 = DIRECTION ( 'NONE',  ( -0.000000000000000000, -0.000000000000000000, 1.000000000000000000 ) ) ;
#1039 = DIRECTION ( 'NONE',  ( 0.7071067811865444641, 8.659560562354895880E-17, -0.7071067811865505703 ) ) ;
#1040 = ORIENTED_EDGE ( 'NONE', *, *, #626, .F. ) ;
#1041 = EDGE_CURVE ( 'NONE', #97, #2489, #1180, .T. ) ;
#1042 = DIRECTION ( 'NONE',  ( -2.465190328815661892E-32, -0.000000000000000000, 1.000000000000000000 ) ) ;
#1043 = LINE ( 'NONE', #839, #2495 ) ;
#1044 = FACE_OUTER_BOUND ( 'NONE', #1443, .T. ) ;
#1045 = ORIENTED_EDGE ( 'NONE', *, *, #2092, .F. ) ;
#1046 = CARTESIAN_POINT ( 'NONE',  ( -15.13925805730794494, 5.609487516204660906, -15.00000000000000355 ) ) ;
#1047 = CARTESIAN_POINT ( 'NONE',  ( 9.139258057307941385, 0.5000000000000004441, -9.499999999999998224 ) ) ;
#1048 = VERTEX_POINT ( 'NONE', #1797 ) ;
#1049 = CARTESIAN_POINT ( 'NONE',  ( 19.13925805730794494, 6.000000000000000000, -9.500000000000000000 ) ) ;
#1050 = ADVANCED_FACE ( 'NONE', ( #2584 ), #1086, .T. ) ;
#1051 = EDGE_CURVE ( 'NONE', #1589, #180, #223, .T. ) ;
#1052 = DIRECTION ( 'NONE',  ( 1.445602896647339163E-16, 0.000000000000000000, 1.000000000000000000 ) ) ;
#1053 = VERTEX_POINT ( 'NONE', #871 ) ;
#1054 = DIRECTION ( 'NONE',  ( -0.7071067811865475727, 0.000000000000000000, -0.7071067811865475727 ) ) ;
#1055 = FACE_OUTER_BOUND ( 'NONE', #1773, .T. ) ;
#1056 = CARTESIAN_POINT ( 'NONE',  ( 0.000000000000000000, 0.000000000000000000, 9.320508075688762162 ) ) ;
#1057 = ORIENTED_EDGE ( 'NONE', *, *, #1715, .T. ) ;
#1058 = CARTESIAN_POINT ( 'NONE',  ( -14.72968203516344943, 11.50000000000000000, -26.21321178182448008 ) ) ;
#1059 = CARTESIAN_POINT ( 'NONE',  ( 19.13925805730794494, 6.000000000000000000, -9.199999999999972644 ) ) ;
#1060 = AXIS2_PLACEMENT_3D ( 'NONE', #2561, #2120, #1934 ) ;
#1061 = VECTOR ( 'NONE', #2143, 1000.000000000000114 ) ;
#1062 = ORIENTED_EDGE ( 'NONE', *, *, #414, .F. ) ;
#1063 = CARTESIAN_POINT ( 'NONE',  ( -13.07029946162075618, 0.000000000000000000, 9.320508075688760385 ) ) ;
#1064 = DIRECTION ( 'NONE',  ( 1.000000000000000000, 0.000000000000000000, 0.000000000000000000 ) ) ;
#1065 = AXIS2_PLACEMENT_3D ( 'NONE', #1869, #2469, #2271 ) ;
#1066 = EDGE_CURVE ( 'NONE', #749, #825, #2044, .T. ) ;
#1067 = ADVANCED_FACE ( 'NONE', ( #2258 ), #1492, .F. ) ;
#1068 = AXIS2_PLACEMENT_3D ( 'NONE', #1178, #2476, #1696 ) ;
#1069 = AXIS2_PLACEMENT_3D ( 'NONE', #2085, #1253, #2057 ) ;
#1070 = ORIENTED_EDGE ( 'NONE', *, *, #1413, .F. ) ;
#1071 = CIRCLE ( 'NONE', #2337, 3.000000000000000000 ) ;
#1072 = DIRECTION ( 'NONE',  ( 0.7405620407066162425, -0.6719879938395120211, 0.000000000000000000 ) ) ;
#1073 = AXIS2_PLACEMENT_3D ( 'NONE', #1056, #27, #1271 ) ;
#1074 = DIRECTION ( 'NONE',  ( 1.000000000000000000, 0.000000000000000000, -1.734723475976806848E-16 ) ) ;
#1075 = CARTESIAN_POINT ( 'NONE',  ( -15.13925805730794494, 12.00000000000000000, -14.50000000000000178 ) ) ;
#1076 = EDGE_LOOP ( 'NONE', ( #208, #485, #612, #756 ) ) ;
#1077 = DIRECTION ( 'NONE',  ( 1.000000000000000000, 0.000000000000000000, -1.734723475976806848E-16 ) ) ;
#1078 = DIRECTION ( 'NONE',  ( 0.7071067811865475727, 0.000000000000000000, 0.7071067811865475727 ) ) ;
#1079 = CARTESIAN_POINT ( 'NONE',  ( 19.13925805730794494, 6.000000000000000000, -9.199999999999974420 ) ) ;
#1080 = VERTEX_POINT ( 'NONE', #262 ) ;
#1081 = CARTESIAN_POINT ( 'NONE',  ( 29.13925805730794494, 11.50000000000000000, 8.999999999999998224 ) ) ;
#1082 = DIRECTION ( 'NONE',  ( 1.445602896647339163E-16, 0.000000000000000000, 1.000000000000000000 ) ) ;
#1083 = EDGE_LOOP ( 'NONE', ( #1, #2161, #1024, #468 ) ) ;
#1084 = ORIENTED_EDGE ( 'NONE', *, *, #324, .F. ) ;
#1085 = CONTEXT_DEPENDENT_SHAPE_REPRESENTATION ( #1590, #947 ) ;
#1086 = PLANE ( 'NONE',  #1152 ) ;
#1087 = EDGE_CURVE ( 'NONE', #1322, #652, #37, .T. ) ;
#1088 = EDGE_CURVE ( 'NONE', #908, #719, #1440, .T. ) ;
#1089 = FACE_OUTER_BOUND ( 'NONE', #715, .T. ) ;
#1090 = CARTESIAN_POINT ( 'NONE',  ( 29.13925805730794494, 11.50000000000000000, 8.999999999999998224 ) ) ;
#1091 = DIRECTION ( 'NONE',  ( -1.000000000000000000, 0.000000000000000000, 0.000000000000000000 ) ) ;
#1092 = ORIENTED_EDGE ( 'NONE', *, *, #1819, .T. ) ;
#1093 = CARTESIAN_POINT ( 'NONE',  ( 0.000000000000000000, 0.000000000000000000, 9.320508075688760385 ) ) ;
#1094 = CARTESIAN_POINT ( 'NONE',  ( 0.000000000000000000, 0.000000000000000000, 8.800892833418092920 ) ) ;
#1095 = EDGE_LOOP ( 'NONE', ( #575, #2466, #667 ) ) ;
#1096 = ORIENTED_EDGE ( 'NONE', *, *, #1736, .T. ) ;
#1097 = LINE ( 'NONE', #934, #1622 ) ;
#1098 = DIRECTION ( 'NONE',  ( -0.000000000000000000, -0.000000000000000000, 1.000000000000000000 ) ) ;
#1099 = EDGE_CURVE ( 'NONE', #1467, #800, #2093, .T. ) ;
#1100 = EDGE_CURVE ( 'NONE', #983, #671, #1708, .T. ) ;
#1101 = DIRECTION ( 'NONE',  ( -1.224646799147353207E-16, 1.000000000000000000, 0.000000000000000000 ) ) ;
#1102 = DIRECTION ( 'NONE',  ( -1.734723475976807094E-16, -0.000000000000000000, -1.000000000000000000 ) ) ;
#1103 = ORIENTED_EDGE ( 'NONE', *, *, #1431, .F. ) ;
#1104 = PLANE ( 'NONE',  #1069 ) ;
#1105 = CARTESIAN_POINT ( 'NONE',  ( -3.837133073160479579, 8.378172190214852932, -18.58616688831162733 ) ) ;
#1106 = AXIS2_PLACEMENT_3D ( 'NONE', #732, #927, #555 ) ;
#1107 = ORIENTED_EDGE ( 'NONE', *, *, #1789, .F. ) ;
#1108 = ORIENTED_EDGE ( 'NONE', *, *, #1380, .T. ) ;
#1109 = VECTOR ( 'NONE', #29, 1000.000000000000000 ) ;
#1110 = VECTOR ( 'NONE', #2101, 1000.000000000000000 ) ;
#1111 = VECTOR ( 'NONE', #787, 1000.000000000000000 ) ;
#1112 = PLANE ( 'NONE',  #146 ) ;
#1113 = VECTOR ( 'NONE', #1082, 1000.000000000000000 ) ;
#1114 = AXIS2_PLACEMENT_3D ( 'NONE', #1211, #619, #211 ) ;
#1115 = DIRECTION ( 'NONE',  ( -0.000000000000000000, -0.000000000000000000, -1.000000000000000000 ) ) ;
#1116 = FACE_OUTER_BOUND ( 'NONE', #972, .T. ) ;
#1117 = AXIS2_PLACEMENT_3D ( 'NONE', #70, #2479, #1660 ) ;
#1118 = ORIENTED_EDGE ( 'NONE', *, *, #761, .T. ) ;
#1119 = DIRECTION ( 'NONE',  ( -1.000000000000000000, 0.000000000000000000, 0.000000000000000000 ) ) ;
#1120 = CARTESIAN_POINT ( 'NONE',  ( 19.13925805730794494, 6.000000000000000000, 2.199999999999973088 ) ) ;
#1121 = EDGE_CURVE ( 'NONE', #518, #200, #1290, .T. ) ;
#1122 = ORIENTED_EDGE ( 'NONE', *, *, #1015, .T. ) ;
#1123 = PLANE ( 'NONE',  #1023 ) ;
#1124 = ORIENTED_EDGE ( 'NONE', *, *, #2596, .F. ) ;
#1125 = EDGE_CURVE ( 'NONE', #2206, #1852, #1257, .T. ) ;
#1126 = CARTESIAN_POINT ( 'NONE',  ( -4.963703509270417591, 6.000000000000000000, -19.37500000000000711 ) ) ;
#1127 = FACE_OUTER_BOUND ( 'NONE', #1704, .T. ) ;
#1128 = DIRECTION ( 'NONE',  ( 0.000000000000000000, 0.000000000000000000, 1.000000000000000000 ) ) ;
#1129 = DIRECTION ( 'NONE',  ( -0.000000000000000000, -0.000000000000000000, 1.000000000000000000 ) ) ;
#1130 = ORIENTED_EDGE ( 'NONE', *, *, #69, .T. ) ;
#1131 = SURFACE_STYLE_FILL_AREA ( #1957 ) ;
#1132 = CARTESIAN_POINT ( 'NONE',  ( 9.139258057307941385, 0.5000000000000004441, -9.499999999999998224 ) ) ;
#1133 = EDGE_CURVE ( 'NONE', #676, #1134, #277, .T. ) ;
#1134 = VERTEX_POINT ( 'NONE', #1429 ) ;
#1135 = EDGE_CURVE ( 'NONE', #2588, #1037, #302, .T. ) ;
#1136 = CARTESIAN_POINT ( 'NONE',  ( 29.14025805730794616, 12.78250159870159486, -3.810105038685540180 ) ) ;
#1137 = ORIENTED_EDGE ( 'NONE', *, *, #34, .F. ) ;
#1138 = FILL_AREA_STYLE ('',( #1538 ) ) ;
#1139 = FACE_OUTER_BOUND ( 'NONE', #879, .T. ) ;
#1140 = CARTESIAN_POINT ( 'NONE',  ( -8.639258057307941385, 11.50000000000000000, 9.499999999999998224 ) ) ;
#1141 = DIRECTION ( 'NONE',  ( 0.000000000000000000, 0.3436198561537784912, 0.9391088299323229194 ) ) ;
#1142 = VERTEX_POINT ( 'NONE', #1845 ) ;
#1143 = DIRECTION ( 'NONE',  ( 1.000000000000000000, 0.000000000000000000, 0.000000000000000000 ) ) ;
#1144 = CARTESIAN_POINT ( 'NONE',  ( -7.639258057307945826, 6.000000000000000000, -16.50000000000000000 ) ) ;
#1145 = EDGE_LOOP ( 'NONE', ( #679, #1561 ) ) ;
#1146 = ORIENTED_EDGE ( 'NONE', *, *, #415, .T. ) ;
#1147 = AXIS2_PLACEMENT_3D ( 'NONE', #1049, #294, #85 ) ;
#1148 = ADVANCED_FACE ( 'NONE', ( #445 ), #669, .T. ) ;
#1149 = ORIENTED_EDGE ( 'NONE', *, *, #68, .F. ) ;
#1150 = LINE ( 'NONE', #317, #1110 ) ;
#1151 = EDGE_CURVE ( 'NONE', #719, #652, #2438, .T. ) ;
#1152 = AXIS2_PLACEMENT_3D ( 'NONE', #472, #2042, #416 ) ;
#1153 = VECTOR ( 'NONE', #523, 1000.000000000000000 ) ;
#1154 = AXIS2_PLACEMENT_3D ( 'NONE', #1593, #750, #187 ) ;
#1155 = CARTESIAN_POINT ( 'NONE',  ( 29.13925805730794494, 12.00000000000000000, 8.999999999999998224 ) ) ;
#1156 = AXIS2_PLACEMENT_3D ( 'NONE', #1695, #2445, #2069 ) ;
#1157 = CARTESIAN_POINT ( 'NONE',  ( -9.139258057307941385, 0.5000000000000004441, 8.999999999999998224 ) ) ;
#1158 = VECTOR ( 'NONE', #1396, 1000.000000000000114 ) ;
#1159 = ORIENTED_EDGE ( 'NONE', *, *, #1645, .T. ) ;
#1160 = CARTESIAN_POINT ( 'NONE',  ( 20.53925805730794352, 6.000000000000000000, 0.5999999999999910960 ) ) ;
#1161 = EDGE_CURVE ( 'NONE', #2206, #2172, #858, .T. ) ;
#1162 = DIRECTION ( 'NONE',  ( -1.000000000000000000, 0.000000000000000000, 0.000000000000000000 ) ) ;
#1163 = AXIS2_PLACEMENT_3D ( 'NONE', #872, #2053, #829 ) ;
#1164 = ORIENTED_EDGE ( 'NONE', *, *, #1283, .T. ) ;
#1165 = EDGE_LOOP ( 'NONE', ( #759, #2252, #1546, #1697 ) ) ;
#1166 = EDGE_LOOP ( 'NONE', ( #1598, #1176, #967 ) ) ;
#1167 = DIRECTION ( 'NONE',  ( -1.000000000000000000, 0.000000000000000000, 1.548860246407865062E-16 ) ) ;
#1168 = EDGE_CURVE ( 'NONE', #2405, #1852, #1245, .T. ) ;
#1169 = EDGE_CURVE ( 'NONE', #2215, #1777, #1043, .T. ) ;
#1170 = DIRECTION ( 'NONE',  ( 0.7071067811865445751, -8.659560562354895880E-17, 0.7071067811865504593 ) ) ;
#1171 = CARTESIAN_POINT ( 'NONE',  ( 28.63925805730794494, 0.5000000000000004441, 9.499999999999998224 ) ) ;
#1172 = ORIENTED_EDGE ( 'NONE', *, *, #1489, .T. ) ;
#1173 = CARTESIAN_POINT ( 'NONE',  ( -4.224999999999999645, 5.174132726397567306E-16, -14.40000000000000391 ) ) ;
#1174 = DIRECTION ( 'NONE',  ( 0.000000000000000000, 0.000000000000000000, 1.000000000000000000 ) ) ;
#1175 = ORIENTED_EDGE ( 'NONE', *, *, #226, .T. ) ;
#1176 = ORIENTED_EDGE ( 'NONE', *, *, #1183, .T. ) ;
#1177 = ORIENTED_EDGE ( 'NONE', *, *, #2402, .T. ) ;
#1178 = CARTESIAN_POINT ( 'NONE',  ( -9.139258057307944938, 12.00000000000000000, -14.50000000000000178 ) ) ;
#1179 = APPLICATION_CONTEXT ( 'automotive_design' ) ;
#1180 = LINE ( 'NONE', #1580, #8 ) ;
#1181 = DIRECTION ( 'NONE',  ( -1.000000000000000000, 0.000000000000000000, 0.000000000000000000 ) ) ;
#1182 = ADVANCED_FACE ( 'NONE', ( #1055 ), #2205, .T. ) ;
#1183 = EDGE_CURVE ( 'NONE', #2065, #908, #458, .T. ) ;
#1184 = ORIENTED_EDGE ( 'NONE', *, *, #366, .T. ) ;
#1185 = PLANE ( 'NONE',  #475 ) ;
#1186 = DIRECTION ( 'NONE',  ( -0.7071067811865475727, 0.7071067811865475727, 0.000000000000000000 ) ) ;
#1187 = ORIENTED_EDGE ( 'NONE', *, *, #2483, .T. ) ;
#1188 = DIRECTION ( 'NONE',  ( -1.629030687312481196E-17, 0.000000000000000000, 1.000000000000000000 ) ) ;
#1189 = ORIENTED_EDGE ( 'NONE', *, *, #906, .F. ) ;
#1190 = DIRECTION ( 'NONE',  ( -1.734723475976807094E-16, -0.000000000000000000, -1.000000000000000000 ) ) ;
#1191 = VECTOR ( 'NONE', #210, 1000.000000000000000 ) ;
#1192 = FACE_OUTER_BOUND ( 'NONE', #1844, .T. ) ;
#1193 = DIRECTION ( 'NONE',  ( -1.000000000000000000, 0.000000000000000000, 0.000000000000000000 ) ) ;
#1194 = AXIS2_PLACEMENT_3D ( 'NONE', #329, #288, #1354 ) ;
#1195 = AXIS2_PLACEMENT_3D ( 'NONE', #801, #2568, #819 ) ;
#1196 = FACE_OUTER_BOUND ( 'NONE', #2461, .T. ) ;
#1197 = ORIENTED_EDGE ( 'NONE', *, *, #694, .T. ) ;
#1198 = DIRECTION ( 'NONE',  ( -1.000000000000000000, 0.000000000000000000, 0.000000000000000000 ) ) ;
#1199 = FACE_OUTER_BOUND ( 'NONE', #333, .T. ) ;
#1200 = VECTOR ( 'NONE', #1864, 1000.000000000000000 ) ;
#1201 = VERTEX_POINT ( 'NONE', #1126 ) ;
#1202 = VECTOR ( 'NONE', #752, 1000.000000000000114 ) ;
#1203 = CARTESIAN_POINT ( 'NONE',  ( 19.13925805730794494, 6.000000000000000000, 0.8999999999999963585 ) ) ;
#1204 = EDGE_CURVE ( 'NONE', #2307, #1252, #910, .T. ) ;
#1205 = EDGE_CURVE ( 'NONE', #943, #1310, #1097, .T. ) ;
#1206 = AXIS2_PLACEMENT_3D ( 'NONE', #589, #2227, #1405 ) ;
#1207 = EDGE_LOOP ( 'NONE', ( #2176, #228, #313, #892 ) ) ;
#1208 = CIRCLE ( 'NONE', #438, 4.525000000000025224 ) ;
#1209 = DIRECTION ( 'NONE',  ( -0.7071067811865475727, 0.000000000000000000, 0.7071067811865475727 ) ) ;
#1210 = CARTESIAN_POINT ( 'NONE',  ( 23.36425805730794991, 5.999999999999999112, 9.199999999999969091 ) ) ;
#1211 = CARTESIAN_POINT ( 'NONE',  ( -14.63925805730794494, 12.00000000000000000, -14.50000000000000178 ) ) ;
#1212 = DIRECTION ( 'NONE',  ( -1.734723475976807341E-16, -0.000000000000000000, -1.000000000000000000 ) ) ;
#1213 = EDGE_LOOP ( 'NONE', ( #84, #2488 ) ) ;
#1214 = CARTESIAN_POINT ( 'NONE',  ( 3.468638652999641359, 0.000000000000000000, -4.310056281885858098 ) ) ;
#1215 = CARTESIAN_POINT ( 'NONE',  ( 19.13925805730794494, 6.000000000000000000, -0.8999999999999999112 ) ) ;
#1216 = ORIENTED_EDGE ( 'NONE', *, *, #2260, .F. ) ;
#1217 = CARTESIAN_POINT ( 'NONE',  ( 4.224999999999999645, 0.000000000000000000, 0.000000000000000000 ) ) ;
#1218 = ADVANCED_BREP_SHAPE_REPRESENTATION ( '', ( #420, #2505 ), #2341 ) ;
#1219 = EDGE_CURVE ( 'NONE', #988, #2300, #1940, .T. ) ;
#1220 = ADVANCED_FACE ( 'NONE', ( #1728 ), #639, .F. ) ;
#1221 = EDGE_LOOP ( 'NONE', ( #1309, #1432 ) ) ;
#1222 = DIRECTION ( 'NONE',  ( 0.000000000000000000, 0.000000000000000000, 1.000000000000000000 ) ) ;
#1223 = CARTESIAN_POINT ( 'NONE',  ( -14.63925805730794494, 0.000000000000000000, -25.53950893651441945 ) ) ;
#1224 = ORIENTED_EDGE ( 'NONE', *, *, #2168, .T. ) ;
#1225 = DIRECTION ( 'NONE',  ( -0.7071067811865474617, -0.7071067811865474617, 0.000000000000000000 ) ) ;
#1226 = DIRECTION ( 'NONE',  ( -1.000000000000000000, 0.000000000000000000, 0.000000000000000000 ) ) ;
#1227 = ORIENTED_EDGE ( 'NONE', *, *, #2483, .F. ) ;
#1228 = DIRECTION ( 'NONE',  ( -1.000000000000000000, 0.000000000000000000, 2.115516434118057709E-16 ) ) ;
#1229 = VERTEX_POINT ( 'NONE', #1509 ) ;
#1230 = DIRECTION ( 'NONE',  ( 0.000000000000000000, 0.000000000000000000, 1.000000000000000000 ) ) ;
#1231 = ADVANCED_FACE ( 'NONE', ( #2339 ), #2163, .T. ) ;
#1232 = CARTESIAN_POINT ( 'NONE',  ( 21.18925805730794565, 6.000000000000000000, -0.9000000000000002442 ) ) ;
#1233 = CIRCLE ( 'NONE', #1829, 4.225000000000001421 ) ;
#1234 = ORIENTED_EDGE ( 'NONE', *, *, #1066, .T. ) ;
#1235 = VECTOR ( 'NONE', #1501, 1000.000000000000000 ) ;
#1236 = DIRECTION ( 'NONE',  ( 0.000000000000000000, 0.7071067811865475727, -0.7071067811865475727 ) ) ;
#1237 = CARTESIAN_POINT ( 'NONE',  ( -14.63925805730794494, 12.00000000000000000, -25.53950893651441945 ) ) ;
#1238 = AXIS2_PLACEMENT_3D ( 'NONE', #1312, #708, #684 ) ;
#1239 = EDGE_CURVE ( 'NONE', #1142, #1310, #598, .T. ) ;
#1240 = ORIENTED_EDGE ( 'NONE', *, *, #1806, .T. ) ;
#1241 = CARTESIAN_POINT ( 'NONE',  ( -1.547579152946858246E-16, 0.000000000000000000, 0.8999999999999962474 ) ) ;
#1242 = VECTOR ( 'NONE', #965, 1000.000000000000114 ) ;
#1243 = ORIENTED_EDGE ( 'NONE', *, *, #306, .T. ) ;
#1244 = TOROIDAL_SURFACE ( 'NONE', #1547, 13.07029946162075618, 3.000000000000000000 ) ;
#1245 = LINE ( 'NONE', #2052, #894 ) ;
#1246 = PLANE ( 'NONE',  #562 ) ;
#1247 = ADVANCED_FACE ( 'NONE', ( #2315 ), #488, .T. ) ;
#1248 = ADVANCED_FACE ( 'NONE', ( #2129, #2492 ), #2546, .F. ) ;
#1249 = VERTEX_POINT ( 'NONE', #1929 ) ;
#1250 = PLANE ( 'NONE',  #551 ) ;
#1251 = CARTESIAN_POINT ( 'NONE',  ( 19.13925805730794494, 6.000000000000000000, -2.499999999999999556 ) ) ;
#1252 = VERTEX_POINT ( 'NONE', #2141 ) ;
#1253 = DIRECTION ( 'NONE',  ( 0.7071067811865475727, 0.7071067811865475727, -0.000000000000000000 ) ) ;
#1254 = DIRECTION ( 'NONE',  ( 1.734723475976807094E-16, 0.000000000000000000, 1.000000000000000000 ) ) ;
#1255 = ORIENTED_EDGE ( 'NONE', *, *, #1087, .F. ) ;
#1256 = CARTESIAN_POINT ( 'NONE',  ( 0.000000000000000000, 0.000000000000000000, 0.000000000000000000 ) ) ;
#1257 = LINE ( 'NONE', #1675, #552 ) ;
#1258 = CARTESIAN_POINT ( 'NONE',  ( 29.14025805730794616, 3.748748401298597432, 1.117396705352484698 ) ) ;
#1259 = ORIENTED_EDGE ( 'NONE', *, *, #117, .F. ) ;
#1260 = LINE ( 'NONE', #82, #2286 ) ;
#1261 = DIRECTION ( 'NONE',  ( 0.000000000000000000, 0.000000000000000000, -1.000000000000000000 ) ) ;
#1262 = PRODUCT_RELATED_PRODUCT_CATEGORY ( 'part', '', ( #2586 ) ) ;
#1263 = EDGE_CURVE ( 'NONE', #297, #1694, #740, .T. ) ;
#1264 = ORIENTED_EDGE ( 'NONE', *, *, #501, .F. ) ;
#1265 = FACE_OUTER_BOUND ( 'NONE', #2110, .T. ) ;
#1266 = CARTESIAN_POINT ( 'NONE',  ( 20.53925805730794352, 6.000000000000000000, -0.5999999999999928724 ) ) ;
#1267 = ORIENTED_EDGE ( 'NONE', *, *, #198, .T. ) ;
#1268 = ORIENTED_EDGE ( 'NONE', *, *, #2260, .T. ) ;
#1269 = CARTESIAN_POINT ( 'NONE',  ( 28.63925805730794494, 11.75000000000000000, 9.249999999999998224 ) ) ;
#1270 = DIRECTION ( 'NONE',  ( -0.5000000000000006661, 6.123233995736774664E-17, 0.8660254037844382635 ) ) ;
#1271 = DIRECTION ( 'NONE',  ( -1.000000000000000000, 0.000000000000000000, 0.000000000000000000 ) ) ;
#1272 = EDGE_LOOP ( 'NONE', ( #2413, #2119 ) ) ;
#1273 = DIRECTION ( 'NONE',  ( 0.000000000000000000, 0.5869721126207679829, 0.8096071510340756561 ) ) ;
#1274 = DIRECTION ( 'NONE',  ( 0.000000000000000000, -1.000000000000000000, 0.000000000000000000 ) ) ;
#1275 = VECTOR ( 'NONE', #877, 1000.000000000000000 ) ;
#1276 = CIRCLE ( 'NONE', #136, 4.225000000000003197 ) ;
#1277 = ORIENTED_EDGE ( 'NONE', *, *, #129, .T. ) ;
#1278 = CARTESIAN_POINT ( 'NONE',  ( 0.000000000000000000, 0.000000000000000000, -14.40911534819277051 ) ) ;
#1279 = APPLICATION_CONTEXT ( 'automotive_design' ) ;
#1280 = CARTESIAN_POINT ( 'NONE',  ( -9.139258057307944938, 12.00000000000000000, -15.00000000000000355 ) ) ;
#1281 = AXIS2_PLACEMENT_3D ( 'NONE', #2389, #587, #1565 ) ;
#1282 = VECTOR ( 'NONE', #535, 1000.000000000000227 ) ;
#1283 = EDGE_CURVE ( 'NONE', #212, #1602, #1666, .T. ) ;
#1284 = ORIENTED_EDGE ( 'NONE', *, *, #2520, .T. ) ;
#1285 = ADVANCED_FACE ( 'NONE', ( #2111 ), #1406, .F. ) ;
#1286 = AXIS2_PLACEMENT_3D ( 'NONE', #1350, #746, #556 ) ;
#1287 = AXIS2_PLACEMENT_3D ( 'NONE', #1853, #207, #2592 ) ;
#1288 = ORIENTED_EDGE ( 'NONE', *, *, #1334, .T. ) ;
#1289 = CIRCLE ( 'NONE', #144, 2.049999999999999822 ) ;
#1290 = LINE ( 'NONE', #1857, #938 ) ;
#1291 = CARTESIAN_POINT ( 'NONE',  ( -7.639258057307945826, 8.755208333333330373, -17.32125029067309896 ) ) ;
#1292 = ORIENTED_EDGE ( 'NONE', *, *, #276, .T. ) ;
#1293 = CYLINDRICAL_SURFACE ( 'NONE', #344, 2.875000000000006217 ) ;
#1294 = CARTESIAN_POINT ( 'NONE',  ( 1.504188906600137265, 0.000000000000000000, -14.40911534819277051 ) ) ;
#1295 = ORIENTED_EDGE ( 'NONE', *, *, #1949, .T. ) ;
#1296 = CARTESIAN_POINT ( 'NONE',  ( -8.639258057307941385, 12.00000000000000000, 9.499999999999998224 ) ) ;
#1297 = CARTESIAN_POINT ( 'NONE',  ( 3.248147529496737906, 6.000000000000000000, -13.62499999999999467 ) ) ;
#1298 = ORIENTED_EDGE ( 'NONE', *, *, #1872, .T. ) ;
#1299 = EDGE_CURVE ( 'NONE', #719, #1679, #1150, .T. ) ;
#1300 = CARTESIAN_POINT ( 'NONE',  ( -13.47319223985889813, 1.234744268084586150, 1008.356605890919013 ) ) ;
#1301 = CARTESIAN_POINT ( 'NONE',  ( 29.14025805730794616, 6.000000000000000000, -13.62499999999999467 ) ) ;
#1302 = CARTESIAN_POINT ( 'NONE',  ( -15.13925805730794494, 0.5000000000000004441, -14.50000000000000178 ) ) ;
#1303 = LINE ( 'NONE', #1848, #1109 ) ;
#1304 = LINE ( 'NONE', #280, #2210 ) ;
#1305 = MANIFOLD_SOLID_BREP ( 'Chamfer1', #2164 ) ;
#1306 = ORIENTED_EDGE ( 'NONE', *, *, #1161, .T. ) ;
#1307 = DIRECTION ( 'NONE',  ( -1.000000000000000000, 0.000000000000000000, 1.586637325588543158E-16 ) ) ;
#1308 = DIRECTION ( 'NONE',  ( 0.1071587766526012619, -0.5925351836646597370, 0.7983852783623992533 ) ) ;
#1309 = ORIENTED_EDGE ( 'NONE', *, *, #2484, .F. ) ;
#1310 = VERTEX_POINT ( 'NONE', #547 ) ;
#1311 =( NAMED_UNIT ( * ) PLANE_ANGLE_UNIT ( ) SI_UNIT ( $, .RADIAN. ) );
#1312 = CARTESIAN_POINT ( 'NONE',  ( 19.13925805730794494, 6.000000000000000000, 0.8999999999999964695 ) ) ;
#1313 = DIRECTION ( 'NONE',  ( 1.629030687312481196E-17, -0.000000000000000000, -1.000000000000000000 ) ) ;
#1314 = EDGE_CURVE ( 'NONE', #1503, #518, #2527, .T. ) ;
#1315 = LINE ( 'NONE', #2132, #2451 ) ;
#1316 = LINE ( 'NONE', #305, #476 ) ;
#1317 = ORIENTED_EDGE ( 'NONE', *, *, #1414, .F. ) ;
#1318 = FACE_OUTER_BOUND ( 'NONE', #507, .T. ) ;
#1319 = FACE_OUTER_BOUND ( 'NONE', #1083, .T. ) ;
#1320 = AXIS2_PLACEMENT_3D ( 'NONE', #2186, #2406, #409 ) ;
#1321 = EDGE_CURVE ( 'NONE', #77, #771, #850, .T. ) ;
#1322 = VERTEX_POINT ( 'NONE', #1606 ) ;
#1323 = LINE ( 'NONE', #2369, #640 ) ;
#1324 = AXIS2_PLACEMENT_3D ( 'NONE', #924, #1332, #1511 ) ;
#1325 =( GEOMETRIC_REPRESENTATION_CONTEXT ( 3 ) GLOBAL_UNCERTAINTY_ASSIGNED_CONTEXT ( ( #615 ) ) GLOBAL_UNIT_ASSIGNED_CONTEXT ( ( #2507, #300, #1365 ) ) REPRESENTATION_CONTEXT ( 'NONE', 'WORKASPACE' ) );
#1326 = CIRCLE ( 'NONE', #553, 1.399999999999998579 ) ;
#1327 = SHAPE_REPRESENTATION_RELATIONSHIP ( 'NONE' , 'NONE' ,  #1927, #2432 ) ;
#1328 = DIRECTION ( 'NONE',  ( 1.000000000000000000, 0.000000000000000000, 0.000000000000000000 ) ) ;
#1329 = PLANE ( 'NONE',  #2503 ) ;
#1330 = VECTOR ( 'NONE', #2048, 1000.000000000000000 ) ;
#1331 = VECTOR ( 'NONE', #1596, 1000.000000000000114 ) ;
#1332 = DIRECTION ( 'NONE',  ( -2.465190328815661892E-32, -0.000000000000000000, 1.000000000000000000 ) ) ;
#1333 = FACE_OUTER_BOUND ( 'NONE', #1990, .T. ) ;
#1334 = EDGE_CURVE ( 'NONE', #1725, #1748, #470, .T. ) ;
#1335 = ADVANCED_FACE ( 'NONE', ( #2399 ), #428, .F. ) ;
#1336 = EDGE_LOOP ( 'NONE', ( #1298, #2567, #1410, #2237 ) ) ;
#1337 = CARTESIAN_POINT ( 'NONE',  ( -3.204148181936937956, 3.923949815002882523E-16, -4.768167215884282939 ) ) ;
#1338 = CARTESIAN_POINT ( 'NONE',  ( 29.13925805730794494, 12.00000000000000000, 9.499999999999998224 ) ) ;
#1339 = EDGE_LOOP ( 'NONE', ( #876, #2311, #1227, #1568 ) ) ;
#1340 = DIRECTION ( 'NONE',  ( -1.000000000000000000, 0.000000000000000000, 0.000000000000000000 ) ) ;
#1341 = ORIENTED_EDGE ( 'NONE', *, *, #578, .F. ) ;
#1342 = DIRECTION ( 'NONE',  ( -0.5735764363510472696, 0.000000000000000000, 0.8191520442889910214 ) ) ;
#1343 = DIRECTION ( 'NONE',  ( -1.000000000000000000, 0.000000000000000000, 0.000000000000000000 ) ) ;
#1344 = FACE_OUTER_BOUND ( 'NONE', #522, .T. ) ;
#1345 = PLANE ( 'NONE',  #1756 ) ;
#1346 = ORIENTED_EDGE ( 'NONE', *, *, #369, .T. ) ;
#1347 = DIRECTION ( 'NONE',  ( -0.000000000000000000, -0.000000000000000000, 1.000000000000000000 ) ) ;
#1348 = EDGE_CURVE ( 'NONE', #180, #676, #1576, .T. ) ;
#1349 = EDGE_CURVE ( 'NONE', #749, #1908, #1991, .T. ) ;
#1350 = CARTESIAN_POINT ( 'NONE',  ( 19.13925805730794849, 6.000000000000000000, 9.500000000000000000 ) ) ;
#1351 = ORIENTED_EDGE ( 'NONE', *, *, #1559, .F. ) ;
#1352 = DIRECTION ( 'NONE',  ( -0.000000000000000000, -0.000000000000000000, -1.000000000000000000 ) ) ;
#1353 = EDGE_LOOP ( 'NONE', ( #447, #1164 ) ) ;
#1354 = DIRECTION ( 'NONE',  ( -1.000000000000000000, 0.000000000000000000, 0.000000000000000000 ) ) ;
#1355 = DIRECTION ( 'NONE',  ( -1.000000000000000000, 0.000000000000000000, 0.000000000000000000 ) ) ;
#1356 = CARTESIAN_POINT ( 'NONE',  ( 29.13925805730794494, 11.50000000000000000, -9.000000000000001776 ) ) ;
#1357 = ORIENTED_EDGE ( 'NONE', *, *, #339, .T. ) ;
#1358 = PLANE ( 'NONE',  #2538 ) ;
#1359 = ORIENTED_EDGE ( 'NONE', *, *, #1051, .T. ) ;
#1360 = DIRECTION ( 'NONE',  ( 0.8191520442889910214, 0.000000000000000000, 0.5735764363510472696 ) ) ;
#1361 = ADVANCED_FACE ( 'NONE', ( #995 ), #35, .T. ) ;
#1362 = ADVANCED_FACE ( 'NONE', ( #2167 ), #2004, .T. ) ;
#1363 = AXIS2_PLACEMENT_3D ( 'NONE', #177, #2420, #984 ) ;
#1364 = ORIENTED_EDGE ( 'NONE', *, *, #674, .F. ) ;
#1365 =( NAMED_UNIT ( * ) SI_UNIT ( $, .STERADIAN. ) SOLID_ANGLE_UNIT ( ) );
#1366 = MECHANICAL_DESIGN_GEOMETRIC_PRESENTATION_REPRESENTATION (  '', ( #2079 ), #1325 ) ;
#1367 = AXIS2_PLACEMENT_3D ( 'NONE', #1144, #1558, #1385 ) ;
#1368 = DIRECTION ( 'NONE',  ( 0.000000000000000000, 0.000000000000000000, -1.000000000000000000 ) ) ;
#1369 = LINE ( 'NONE', #2327, #1543 ) ;
#1370 = VECTOR ( 'NONE', #437, 1000.000000000000000 ) ;
#1371 = ORIENTED_EDGE ( 'NONE', *, *, #919, .F. ) ;
#1372 = DIRECTION ( 'NONE',  ( 0.7071067811865531239, -8.659560562354998186E-17, 0.7071067811865420216 ) ) ;
#1373 = LINE ( 'NONE', #335, #2045 ) ;
#1374 = AXIS2_PLACEMENT_3D ( 'NONE', #782, #78, #1910 ) ;
#1375 = ORIENTED_EDGE ( 'NONE', *, *, #1299, .T. ) ;
#1376 = LINE ( 'NONE', #363, #1409 ) ;
#1377 = VERTEX_POINT ( 'NONE', #355 ) ;
#1378 = PLANE ( 'NONE',  #1068 ) ;
#1379 = ADVANCED_FACE ( 'NONE', ( #244 ), #2191, .F. ) ;
#1380 = EDGE_CURVE ( 'NONE', #2523, #943, #2165, .T. ) ;
#1381 = PLANE ( 'NONE',  #2204 ) ;
#1382 = FACE_OUTER_BOUND ( 'NONE', #2382, .T. ) ;
#1383 = ORIENTED_EDGE ( 'NONE', *, *, #164, .F. ) ;
#1384 = DIRECTION ( 'NONE',  ( 0.000000000000000000, -0.2856522750166934355, 0.9583333333333383663 ) ) ;
#1385 = DIRECTION ( 'NONE',  ( 0.000000000000000000, 0.000000000000000000, 1.000000000000000000 ) ) ;
#1386 = EDGE_LOOP ( 'NONE', ( #1288, #795, #165, #10 ) ) ;
#1387 = DIRECTION ( 'NONE',  ( 0.000000000000000000, 0.000000000000000000, -1.000000000000000000 ) ) ;
#1388 = ORIENTED_EDGE ( 'NONE', *, *, #1414, .T. ) ;
#1389 = CARTESIAN_POINT ( 'NONE',  ( -4.224999999999999645, 5.174132726397567306E-16, -8.000000000000000000 ) ) ;
#1390 = DIRECTION ( 'NONE',  ( -0.7071067811865443531, 0.000000000000000000, 0.7071067811865506814 ) ) ;
#1391 = DIRECTION ( 'NONE',  ( 1.000000000000000000, 0.000000000000000000, 0.000000000000000000 ) ) ;
#1392 = ADVANCED_FACE ( 'NONE', ( #1768 ), #789, .T. ) ;
#1393 =( LENGTH_UNIT ( ) NAMED_UNIT ( * ) SI_UNIT ( .MILLI., .METRE. ) );
#1394 = ORIENTED_EDGE ( 'NONE', *, *, #566, .T. ) ;
#1395 = CARTESIAN_POINT ( 'NONE',  ( 0.000000000000000000, 0.000000000000000000, -5.810056281885859875 ) ) ;
#1396 = DIRECTION ( 'NONE',  ( -0.7071067811865474617, -0.7071067811865474617, -0.000000000000000000 ) ) ;
#1397 = ORIENTED_EDGE ( 'NONE', *, *, #971, .T. ) ;
#1398 = PLANE ( 'NONE',  #1287 ) ;
#1399 = ADVANCED_FACE ( 'NONE', ( #2207 ), #393, .F. ) ;
#1400 = ORIENTED_EDGE ( 'NONE', *, *, #961, .T. ) ;
#1401 = CIRCLE ( 'NONE', #1744, 4.225000000000001421 ) ;
#1402 = CARTESIAN_POINT ( 'NONE',  ( 0.000000000000000000, 0.000000000000000000, -14.40000000000000391 ) ) ;
#1403 = VECTOR ( 'NONE', #1170, 1000.000000000000114 ) ;
#1404 = LINE ( 'NONE', #977, #2534 ) ;
#1405 = DIRECTION ( 'NONE',  ( -1.000000000000000000, 0.000000000000000000, 1.548860246407865062E-16 ) ) ;
#1406 = CONICAL_SURFACE ( 'NONE', #219, 11.33824865405188120, 0.5235987755982995928 ) ;
#1407 = VECTOR ( 'NONE', #1039, 1000.000000000000114 ) ;
#1408 = DIRECTION ( 'NONE',  ( 0.000000000000000000, 0.000000000000000000, -1.000000000000000000 ) ) ;
#1409 = VECTOR ( 'NONE', #1360, 999.9999999999998863 ) ;
#1410 = ORIENTED_EDGE ( 'NONE', *, *, #1133, .F. ) ;
#1411 = DIRECTION ( 'NONE',  ( -1.000000000000000000, 0.000000000000000000, 1.734723475976806848E-16 ) ) ;
#1412 = DIRECTION ( 'NONE',  ( 1.000000000000000000, 0.000000000000000000, 0.000000000000000000 ) ) ;
#1413 = EDGE_CURVE ( 'NONE', #180, #703, #565, .T. ) ;
#1414 = EDGE_CURVE ( 'NONE', #609, #2550, #2446, .T. ) ;
#1415 = ORIENTED_EDGE ( 'NONE', *, *, #1474, .F. ) ;
#1416 = AXIS2_PLACEMENT_3D ( 'NONE', #1075, #459, #263 ) ;
#1417 = LINE ( 'NONE', #2232, #2414 ) ;
#1418 = PRODUCT_DEFINITION_CONTEXT ( 'detailed design', #199, 'design' ) ;
#1419 = ORIENTED_EDGE ( 'NONE', *, *, #69, .F. ) ;
#1420 = DIRECTION ( 'NONE',  ( 0.000000000000000000, 0.000000000000000000, -1.000000000000000000 ) ) ;
#1421 = CARTESIAN_POINT ( 'NONE',  ( 0.000000000000000000, 0.000000000000000000, -5.289111748885088282 ) ) ;
#1422 = EDGE_LOOP ( 'NONE', ( #399, #1062, #451, #1517 ) ) ;
#1423 = DIRECTION ( 'NONE',  ( 0.7071067811865473507, 0.7071067811865477948, -3.951729029292866070E-16 ) ) ;
#1424 = DIRECTION ( 'NONE',  ( -0.000000000000000000, -0.000000000000000000, 1.000000000000000000 ) ) ;
#1425 = VERTEX_POINT ( 'NONE', #1854 ) ;
#1426 = ADVANCED_FACE ( 'NONE', ( #1793 ), #1378, .F. ) ;
#1427 = LINE ( 'NONE', #2202, #304 ) ;
#1428 = EDGE_LOOP ( 'NONE', ( #1592, #1454, #1495, #1364, #186 ) ) ;
#1429 = CARTESIAN_POINT ( 'NONE',  ( -14.63925805730794494, 12.00000000000000000, -15.00000000000000355 ) ) ;
#1430 = CARTESIAN_POINT ( 'NONE',  ( -15.13925805730794494, 0.5000000000000004441, -15.00000000000000355 ) ) ;
#1431 = EDGE_CURVE ( 'NONE', #988, #1201, #321, .T. ) ;
#1432 = ORIENTED_EDGE ( 'NONE', *, *, #255, .F. ) ;
#1433 = DIRECTION ( 'NONE',  ( 0.5773502691896258421, -0.5773502691896258421, 0.5773502691896258421 ) ) ;
#1434 = DIRECTION ( 'NONE',  ( -0.000000000000000000, -1.000000000000000000, -0.000000000000000000 ) ) ;
#1435 = ORIENTED_EDGE ( 'NONE', *, *, #1513, .F. ) ;
#1436 = CARTESIAN_POINT ( 'NONE',  ( 19.13925805730794494, 6.000000000000000000, -0.5999999999999928724 ) ) ;
#1437 = EDGE_LOOP ( 'NONE', ( #2471, #1841, #220, #57 ) ) ;
#1438 = EDGE_CURVE ( 'NONE', #1201, #1479, #148, .T. ) ;
#1439 = EDGE_CURVE ( 'NONE', #1602, #212, #185, .T. ) ;
#1440 = LINE ( 'NONE', #2284, #1447 ) ;
#1441 = PLANE ( 'NONE',  #774 ) ;
#1442 = AXIS2_PLACEMENT_3D ( 'NONE', #1774, #2551, #309 ) ;
#1443 = EDGE_LOOP ( 'NONE', ( #1419, #2265, #1175, #933 ) ) ;
#1444 = CIRCLE ( 'NONE', #2160, 10.47222325026744016 ) ;
#1445 = DIRECTION ( 'NONE',  ( -0.000000000000000000, -0.000000000000000000, 1.000000000000000000 ) ) ;
#1446 = CARTESIAN_POINT ( 'NONE',  ( -7.639258057307945826, 7.442055689510386429, -17.06830923655236276 ) ) ;
#1447 = VECTOR ( 'NONE', #1459, 1000.000000000000000 ) ;
#1448 = ORIENTED_EDGE ( 'NONE', *, *, #905, .T. ) ;
#1449 = DIRECTION ( 'NONE',  ( -1.000000000000000000, 0.000000000000000000, 1.913297951444999980E-16 ) ) ;
#1450 = DIRECTION ( 'NONE',  ( -0.5000000000000007772, 6.123233995736775897E-17, 0.8660254037844381525 ) ) ;
#1451 = VECTOR ( 'NONE', #2239, 1000.000000000000000 ) ;
#1452 = VECTOR ( 'NONE', #1681, 1000.000000000000114 ) ;
#1453 = ORIENTED_EDGE ( 'NONE', *, *, #1489, .F. ) ;
#1454 = ORIENTED_EDGE ( 'NONE', *, *, #1886, .T. ) ;
#1455 = CIRCLE ( 'NONE', #992, 2.049999999999999822 ) ;
#1456 = LINE ( 'NONE', #1269, #2298 ) ;
#1457 = AXIS2_PLACEMENT_3D ( 'NONE', #2404, #1042, #593 ) ;
#1458 = EDGE_CURVE ( 'NONE', #1828, #1925, #453, .T. ) ;
#1459 = DIRECTION ( 'NONE',  ( 0.000000000000000000, -1.000000000000000000, 0.000000000000000000 ) ) ;
#1460 = CARTESIAN_POINT ( 'NONE',  ( 19.13925805730794494, 6.000000000000000000, 0.8999999999999963585 ) ) ;
#1461 = ORIENTED_EDGE ( 'NONE', *, *, #513, .T. ) ;
#1462 = DIRECTION ( 'NONE',  ( -0.000000000000000000, -1.000000000000000000, -0.000000000000000000 ) ) ;
#1463 = DIRECTION ( 'NONE',  ( 0.5773502691896255090, 0.5773502691896259531, -0.5773502691896259531 ) ) ;
#1464 = ORIENTED_EDGE ( 'NONE', *, *, #2180, .F. ) ;
#1465 = LINE ( 'NONE', #847, #1275 ) ;
#1466 = CARTESIAN_POINT ( 'NONE',  ( -2.030644955548007058, 8.755208333333330373, -17.32125029067309896 ) ) ;
#1467 = VERTEX_POINT ( 'NONE', #1921 ) ;
#1468 = CARTESIAN_POINT ( 'NONE',  ( -8.639258057307941385, 0.2500000000000002220, 9.249999999999998224 ) ) ;
#1469 = DIRECTION ( 'NONE',  ( -0.000000000000000000, -0.000000000000000000, 1.000000000000000000 ) ) ;
#1470 = CARTESIAN_POINT ( 'NONE',  ( 21.18925805730794565, 6.000000000000000000, -2.199999999999977085 ) ) ;
#1471 = EDGE_LOOP ( 'NONE', ( #2156, #1388, #1084, #1002 ) ) ;
#1472 = FACE_OUTER_BOUND ( 'NONE', #1165, .T. ) ;
#1473 = CARTESIAN_POINT ( 'NONE',  ( -13.07029946162075618, 0.000000000000000000, 6.320508075688760385 ) ) ;
#1474 = EDGE_CURVE ( 'NONE', #2594, #388, #1723, .T. ) ;
#1475 = EDGE_CURVE ( 'NONE', #1134, #1229, #678, .T. ) ;
#1476 = EDGE_LOOP ( 'NONE', ( #481, #61, #2515, #846 ) ) ;
#1477 = DIRECTION ( 'NONE',  ( -0.000000000000000000, -0.7071067811865474617, -0.7071067811865474617 ) ) ;
#1478 = CARTESIAN_POINT ( 'NONE',  ( 9.139258057307941385, 12.00000000000000000, -8.999999999999998224 ) ) ;
#1479 = VERTEX_POINT ( 'NONE', #295 ) ;
#1480 = DIRECTION ( 'NONE',  ( 1.000000000000000000, 0.000000000000000000, 0.000000000000000000 ) ) ;
#1481 = CARTESIAN_POINT ( 'NONE',  ( 17.08925805730794778, 6.000000000000000000, 2.199999999999973532 ) ) ;
#1482 = ORIENTED_EDGE ( 'NONE', *, *, #919, .T. ) ;
#1483 = CARTESIAN_POINT ( 'NONE',  ( 29.14025805730794616, 6.000000000000000000, -18.05000000000000071 ) ) ;
#1484 = FACE_OUTER_BOUND ( 'NONE', #2091, .T. ) ;
#1485 = CIRCLE ( 'NONE', #1156, 2.350000000000025846 ) ;
#1486 = VECTOR ( 'NONE', #1462, 1000.000000000000000 ) ;
#1487 = ORIENTED_EDGE ( 'NONE', *, *, #306, .F. ) ;
#1488 = CARTESIAN_POINT ( 'NONE',  ( 17.73925805730794991, 6.000000000000000000, 9.500000000000000000 ) ) ;
#1489 = EDGE_CURVE ( 'NONE', #950, #2215, #2086, .T. ) ;
#1490 = EDGE_CURVE ( 'NONE', #1229, #745, #64, .T. ) ;
#1491 = CYLINDRICAL_SURFACE ( 'NONE', #1286, 1.399999999999998579 ) ;
#1492 = CONICAL_SURFACE ( 'NONE', #1833, 11.33824865405188120, 0.5235987755982995928 ) ;
#1493 = AXIS2_PLACEMENT_3D ( 'NONE', #282, #243, #1307 ) ;
#1494 = VECTOR ( 'NONE', #693, 1000.000000000000114 ) ;
#1495 = ORIENTED_EDGE ( 'NONE', *, *, #578, .T. ) ;
#1496 = AXIS2_PLACEMENT_3D ( 'NONE', #2497, #2510, #1274 ) ;
#1497 = DIRECTION ( 'NONE',  ( 1.000000000000000000, 0.000000000000000000, 0.000000000000000000 ) ) ;
#1498 = CIRCLE ( 'NONE', #1842, 13.07029946162075618 ) ;
#1499 = DIRECTION ( 'NONE',  ( 1.000000000000000000, 0.000000000000000000, 0.000000000000000000 ) ) ;
#1500 = DIRECTION ( 'NONE',  ( -1.000000000000000000, 0.000000000000000000, 0.000000000000000000 ) ) ;
#1501 = DIRECTION ( 'NONE',  ( 0.000000000000000000, 0.000000000000000000, 1.000000000000000000 ) ) ;
#1502 = FACE_OUTER_BOUND ( 'NONE', #104, .T. ) ;
#1503 = VERTEX_POINT ( 'NONE', #99 ) ;
#1504 = CARTESIAN_POINT ( 'NONE',  ( -14.63925805730794494, 0.5000000000000004441, -14.50000000000000178 ) ) ;
#1505 = DIRECTION ( 'NONE',  ( 0.000000000000000000, -1.000000000000000000, 0.000000000000000000 ) ) ;
#1506 = EDGE_CURVE ( 'NONE', #703, #1777, #2099, .T. ) ;
#1507 = ORIENTED_EDGE ( 'NONE', *, *, #20, .T. ) ;
#1508 = ORIENTED_EDGE ( 'NONE', *, *, #1161, .F. ) ;
#1509 = CARTESIAN_POINT ( 'NONE',  ( -8.639258057307944938, 12.00000000000000000, -15.00000000000000355 ) ) ;
#1510 = DIRECTION ( 'NONE',  ( -1.000000000000000000, -0.000000000000000000, -0.000000000000000000 ) ) ;
#1511 = DIRECTION ( 'NONE',  ( -1.000000000000000000, 0.000000000000000000, 0.000000000000000000 ) ) ;
#1512 = FACE_OUTER_BOUND ( 'NONE', #974, .T. ) ;
#1513 = EDGE_CURVE ( 'NONE', #2338, #1908, #686, .T. ) ;
#1514 = ORIENTED_EDGE ( 'NONE', *, *, #1099, .F. ) ;
#1515 = PRESENTATION_STYLE_ASSIGNMENT (( #541 ) ) ;
#1516 = DIRECTION ( 'NONE',  ( 0.000000000000000000, 0.000000000000000000, -1.000000000000000000 ) ) ;
#1517 = ORIENTED_EDGE ( 'NONE', *, *, #1645, .F. ) ;
#1518 = EDGE_LOOP ( 'NONE', ( #1317, #2363, #993, #1734 ) ) ;
#1519 = DIRECTION ( 'NONE',  ( -0.7071067811865475727, 0.7071067811865475727, -0.000000000000000000 ) ) ;
#1520 = ADVANCED_FACE ( 'NONE', ( #506 ), #702, .F. ) ;
#1521 = ADVANCED_FACE ( 'NONE', ( #1319 ), #1684, .F. ) ;
#1522 = DIRECTION ( 'NONE',  ( -1.000000000000000000, 0.000000000000000000, 2.052927190505096421E-16 ) ) ;
#1523 = LINE ( 'NONE', #1155, #764 ) ;
#1524 = CARTESIAN_POINT ( 'NONE',  ( 19.13925805730794494, 6.000000000000000000, 9.499999999999996447 ) ) ;
#1525 = SHAPE_REPRESENTATION ( 'Side mount funnel', ( #2505 ), #2341 ) ;
#1526 = EDGE_LOOP ( 'NONE', ( #867, #1096, #1822 ) ) ;
#1527 = CIRCLE ( 'NONE', #254, 1.700000000000007061 ) ;
#1528 = LINE ( 'NONE', #1337, #299 ) ;
#1529 = FACE_OUTER_BOUND ( 'NONE', #2177, .T. ) ;
#1530 = AXIS2_PLACEMENT_3D ( 'NONE', #461, #268, #1077 ) ;
#1531 = ORIENTED_EDGE ( 'NONE', *, *, #571, .T. ) ;
#1532 = CARTESIAN_POINT ( 'NONE',  ( -15.13925805730794494, 6.000000000000000000, -16.50000000000000000 ) ) ;
#1533 = VECTOR ( 'NONE', #896, 1000.000000000000000 ) ;
#1534 = VECTOR ( 'NONE', #2309, 1000.000000000000000 ) ;
#1535 = AXIS2_PLACEMENT_3D ( 'NONE', #1203, #1025, #412 ) ;
#1536 = SHAPE_DEFINITION_REPRESENTATION ( #2380, #1927 ) ;
#1537 = ORIENTED_EDGE ( 'NONE', *, *, #163, .T. ) ;
#1538 = FILL_AREA_STYLE_COLOUR ( '', #514 ) ;
#1539 = DIRECTION ( 'NONE',  ( 1.734723475976806848E-16, -0.000000000000000000, 1.000000000000000000 ) ) ;
#1540 = AXIS2_PLACEMENT_3D ( 'NONE', #1945, #2573, #769 ) ;
#1541 = EDGE_CURVE ( 'NONE', #1033, #349, #848, .T. ) ;
#1542 = EDGE_CURVE ( 'NONE', #1053, #962, #939, .T. ) ;
#1543 = VECTOR ( 'NONE', #1954, 1000.000000000000000 ) ;
#1544 = FACE_OUTER_BOUND ( 'NONE', #2474, .T. ) ;
#1545 = DIRECTION ( 'NONE',  ( 1.000000000000000000, 0.000000000000000000, 0.000000000000000000 ) ) ;
#1546 = ORIENTED_EDGE ( 'NONE', *, *, #1458, .F. ) ;
#1547 = AXIS2_PLACEMENT_3D ( 'NONE', #370, #966, #2010 ) ;
#1548 = SURFACE_SIDE_STYLE ('',( #1131 ) ) ;
#1549 = CARTESIAN_POINT ( 'NONE',  ( -15.13925805730794494, 6.390512483795339094, -15.00000000000000355 ) ) ;
#1550 = ORIENTED_EDGE ( 'NONE', *, *, #659, .T. ) ;
#1551 = ORIENTED_EDGE ( 'NONE', *, *, #1916, .T. ) ;
#1552 = EDGE_LOOP ( 'NONE', ( #508, #22, #604, #1570 ) ) ;
#1553 = DIRECTION ( 'NONE',  ( 1.000000000000000000, 0.000000000000000000, 0.000000000000000000 ) ) ;
#1554 = DIRECTION ( 'NONE',  ( 1.000000000000000000, 0.000000000000000000, 0.000000000000000000 ) ) ;
#1555 = DIRECTION ( 'NONE',  ( -1.000000000000000000, 0.000000000000000000, 0.000000000000000000 ) ) ;
#1556 = VERTEX_POINT ( 'NONE', #1266 ) ;
#1557 = DIRECTION ( 'NONE',  ( -0.7071067811865474617, 8.659560562354932858E-17, 0.7071067811865474617 ) ) ;
#1558 = DIRECTION ( 'NONE',  ( -1.000000000000000000, 0.000000000000000000, 0.000000000000000000 ) ) ;
#1559 = EDGE_CURVE ( 'NONE', #2307, #1556, #2498, .T. ) ;
#1560 = EDGE_CURVE ( 'NONE', #2011, #1828, #878, .T. ) ;
#1561 = ORIENTED_EDGE ( 'NONE', *, *, #2597, .T. ) ;
#1562 = DIRECTION ( 'NONE',  ( -1.000000000000000000, 0.000000000000000000, 0.000000000000000000 ) ) ;
#1563 = ORIENTED_EDGE ( 'NONE', *, *, #484, .T. ) ;
#1564 = PRODUCT ( 'Side mount funnel', 'Side mount funnel', '', ( #668 ) ) ;
#1565 = DIRECTION ( 'NONE',  ( 1.000000000000000000, 0.000000000000000000, 0.000000000000000000 ) ) ;
#1566 = CARTESIAN_POINT ( 'NONE',  ( 29.14025805730794616, 12.07122054498740660, -4.416858765525640607 ) ) ;
#1567 = DIRECTION ( 'NONE',  ( -1.000000000000000000, 0.000000000000000000, 0.000000000000000000 ) ) ;
#1568 = ORIENTED_EDGE ( 'NONE', *, *, #2276, .F. ) ;
#1569 = CARTESIAN_POINT ( 'NONE',  ( 2.121577093386804780, 8.378172190214845827, -14.41383311168837089 ) ) ;
#1570 = ORIENTED_EDGE ( 'NONE', *, *, #955, .F. ) ;
#1571 = ADVANCED_FACE ( 'NONE', ( #2502 ), #1491, .F. ) ;
#1572 = CARTESIAN_POINT ( 'NONE',  ( 19.13925805730794494, 6.000000000000000000, 2.499999999999996003 ) ) ;
#1573 = CIRCLE ( 'NONE', #1147, 4.525000000000025224 ) ;
#1574 = AXIS2_PLACEMENT_3D ( 'NONE', #1395, #2198, #383 ) ;
#1575 = ORIENTED_EDGE ( 'NONE', *, *, #683, .T. ) ;
#1576 = LINE ( 'NONE', #2058, #810 ) ;
#1577 = AXIS2_PLACEMENT_3D ( 'NONE', #1659, #828, #2244 ) ;
#1578 = CONICAL_SURFACE ( 'NONE', #265, 1.917930794007982165, 0.6108652381980194113 ) ;
#1579 = VECTOR ( 'NONE', #2187, 1000.000000000000000 ) ;
#1580 = CARTESIAN_POINT ( 'NONE',  ( 29.14025805730794616, 9.000000000000001776, -16.50000000000000000 ) ) ;
#1581 = FACE_OUTER_BOUND ( 'NONE', #1612, .T. ) ;
#1582 = CIRCLE ( 'NONE', #857, 3.112291605316328535 ) ;
#1583 =( NAMED_UNIT ( * ) SI_UNIT ( $, .STERADIAN. ) SOLID_ANGLE_UNIT ( ) );
#1584 = ORIENTED_EDGE ( 'NONE', *, *, #1219, .F. ) ;
#1585 = FACE_OUTER_BOUND ( 'NONE', #812, .T. ) ;
#1586 = CARTESIAN_POINT ( 'NONE',  ( -9.139258057307944938, 0.5000000000000004441, -14.50000000000000178 ) ) ;
#1587 = AXIS2_PLACEMENT_3D ( 'NONE', #2193, #2599, #568 ) ;
#1588 = AXIS2_PLACEMENT_3D ( 'NONE', #298, #2126, #1072 ) ;
#1589 = VERTEX_POINT ( 'NONE', #1549 ) ;
#1590 =( REPRESENTATION_RELATIONSHIP ('NONE','NONE', #2184, #1525 ) REPRESENTATION_RELATIONSHIP_WITH_TRANSFORMATION ( #2303 )SHAPE_REPRESENTATION_RELATIONSHIP( ) );
#1591 = FACE_OUTER_BOUND ( 'NONE', #1767, .T. ) ;
#1592 = ORIENTED_EDGE ( 'NONE', *, *, #805, .T. ) ;
#1593 = CARTESIAN_POINT ( 'NONE',  ( 0.000000000000000000, 12.00000000000000000, 0.000000000000000000 ) ) ;
#1594 = EDGE_CURVE ( 'NONE', #496, #836, #310, .T. ) ;
#1595 = CARTESIAN_POINT ( 'NONE',  ( -1.917930794007982165, 0.000000000000000000, -15.00000000000000000 ) ) ;
#1596 = DIRECTION ( 'NONE',  ( 0.7071067811865474617, -0.7071067811865474617, 0.000000000000000000 ) ) ;
#1597 = CARTESIAN_POINT ( 'NONE',  ( 28.63925805730794494, 12.00000000000000000, 8.999999999999998224 ) ) ;
#1598 = ORIENTED_EDGE ( 'NONE', *, *, #2180, .T. ) ;
#1599 = FACE_OUTER_BOUND ( 'NONE', #2225, .T. ) ;
#1600 = EDGE_CURVE ( 'NONE', #267, #2300, #1626, .T. ) ;
#1601 = DIRECTION ( 'NONE',  ( 0.000000000000000000, -0.3436198561537784912, 0.9391088299323229194 ) ) ;
#1602 = VERTEX_POINT ( 'NONE', #2348 ) ;
#1603 = DIRECTION ( 'NONE',  ( -1.000000000000000000, 0.000000000000000000, -1.629030687312481196E-17 ) ) ;
#1604 =( BOUNDED_CURVE ( )  B_SPLINE_CURVE ( 3, ( #141, #1936, #928, #361 ),
 .UNSPECIFIED., .F., .F. ) 
 B_SPLINE_CURVE_WITH_KNOTS ( ( 4, 4 ),
 ( 3.141592653589793116, 3.396280707859161030 ),
 .UNSPECIFIED. ) 
 CURVE ( )  GEOMETRIC_REPRESENTATION_ITEM ( )  RATIONAL_B_SPLINE_CURVE ( ( 1.000000000000000000, 0.9946018004955610170, 0.9946018004955610170, 1.000000000000000000 ) ) 
 REPRESENTATION_ITEM ( '' )  );
#1605 = EDGE_LOOP ( 'NONE', ( #1939, #2029, #2149, #411 ) ) ;
#1606 = CARTESIAN_POINT ( 'NONE',  ( 8.981608662868453052, 0.000000000000000000, -8.999999999999998224 ) ) ;
#1607 = ADVANCED_FACE ( 'NONE', ( #1958 ), #2580, .F. ) ;
#1608 = EDGE_CURVE ( 'NONE', #1721, #1589, #1604, .T. ) ;
#1609 = CARTESIAN_POINT ( 'NONE',  ( 0.000000000000000000, 0.000000000000000000, -5.810056281885859875 ) ) ;
#1610 = CARTESIAN_POINT ( 'NONE',  ( 17.08925805730794778, 6.000000000000000000, -2.199999999999976641 ) ) ;
#1611 = CARTESIAN_POINT ( 'NONE',  ( 28.63925805730794494, 11.50000000000000000, -9.500000000000001776 ) ) ;
#1612 = EDGE_LOOP ( 'NONE', ( #285, #783, #1668, #1685 ) ) ;
#1613 = CARTESIAN_POINT ( 'NONE',  ( 28.63925805730794494, 0.000000000000000000, -9.000000000000001776 ) ) ;
#1614 = DIRECTION ( 'NONE',  ( 0.000000000000000000, 0.000000000000000000, -1.000000000000000000 ) ) ;
#1615 = ORIENTED_EDGE ( 'NONE', *, *, #1490, .T. ) ;
#1616 = CARTESIAN_POINT ( 'NONE',  ( -14.63925805730794494, 0.000000000000000000, -15.00000000000000355 ) ) ;
#1617 = VERTEX_POINT ( 'NONE', #945 ) ;
#1618 = CIRCLE ( 'NONE', #803, 1.504188906600137265 ) ;
#1619 = AXIS2_PLACEMENT_3D ( 'NONE', #1609, #1368, #996 ) ;
#1620 = CARTESIAN_POINT ( 'NONE',  ( 29.13925805730794494, 11.50000000000000000, 8.999999999999998224 ) ) ;
#1621 = DIRECTION ( 'NONE',  ( -0.7071067811865474617, -0.000000000000000000, -0.7071067811865474617 ) ) ;
#1622 = VECTOR ( 'NONE', #537, 1000.000000000000000 ) ;
#1623 = AXIS2_PLACEMENT_3D ( 'NONE', #1241, #1188, #1603 ) ;
#1624 = EDGE_CURVE ( 'NONE', #873, #340, #2335, .T. ) ;
#1625 = EDGE_CURVE ( 'NONE', #2011, #908, #1373, .T. ) ;
#1626 = CIRCLE ( 'NONE', #1367, 2.875000000000006217 ) ;
#1627 = VECTOR ( 'NONE', #1225, 1000.000000000000114 ) ;
#1628 = ORIENTED_EDGE ( 'NONE', *, *, #532, .F. ) ;
#1629 = CARTESIAN_POINT ( 'NONE',  ( -9.139258057307944938, 0.5000000000000004441, -14.50000000000000178 ) ) ;
#1630 = DIRECTION ( 'NONE',  ( -1.734723475976806848E-16, -0.000000000000000000, -1.000000000000000000 ) ) ;
#1631 = CONICAL_SURFACE ( 'NONE', #2460, 2.049999999999999822, 0.7853981633974533860 ) ;
#1632 = ORIENTED_EDGE ( 'NONE', *, *, #129, .F. ) ;
#1633 = TOROIDAL_SURFACE ( 'NONE', #1587, 13.07029946162075618, 3.000000000000000000 ) ;
#1634 = FACE_BOUND ( 'NONE', #1653, .T. ) ;
#1635 = ORIENTED_EDGE ( 'NONE', *, *, #1677, .T. ) ;
#1636 = EDGE_CURVE ( 'NONE', #1479, #2346, #2357, .T. ) ;
#1637 = CARTESIAN_POINT ( 'NONE',  ( 14.61425805730791971, 6.000000000000000000, 9.499999999999996447 ) ) ;
#1638 = CARTESIAN_POINT ( 'NONE',  ( 4.224999999999999645, 0.000000000000000000, -14.40000000000000391 ) ) ;
#1639 = ORIENTED_EDGE ( 'NONE', *, *, #1431, .T. ) ;
#1640 = LINE ( 'NONE', #1629, #590 ) ;
#1641 = LINE ( 'NONE', #1011, #1881 ) ;
#1642 = APPLICATION_CONTEXT ( 'automotive_design' ) ;
#1643 = ORIENTED_EDGE ( 'NONE', *, *, #695, .F. ) ;
#1644 = DIRECTION ( 'NONE',  ( -0.000000000000000000, -0.000000000000000000, 1.000000000000000000 ) ) ;
#1645 = EDGE_CURVE ( 'NONE', #2419, #2206, #714, .T. ) ;
#1646 = ADVANCED_FACE ( 'NONE', ( #1529 ), #1358, .F. ) ;
#1647 = EDGE_LOOP ( 'NONE', ( #1197, #1057, #704, #1976, #2409, #821, #2544, #1359, #529, #2294 ) ) ;
#1648 = CARTESIAN_POINT ( 'NONE',  ( 0.000000000000000000, 0.000000000000000000, -8.000000000000000000 ) ) ;
#1649 = DIRECTION ( 'NONE',  ( 0.000000000000000000, 0.000000000000000000, 1.000000000000000000 ) ) ;
#1650 = EDGE_LOOP ( 'NONE', ( #1897, #2581, #1177, #1346 ) ) ;
#1651 = CARTESIAN_POINT ( 'NONE',  ( -8.639258057307941385, 12.00000000000000000, 8.999999999999998224 ) ) ;
#1652 = DIRECTION ( 'NONE',  ( 1.000000000000000000, 0.000000000000000000, 0.000000000000000000 ) ) ;
#1653 = EDGE_LOOP ( 'NONE', ( #2073, #712 ) ) ;
#1654 = CARTESIAN_POINT ( 'NONE',  ( -15.13925805730794494, 11.50000000000000000, -15.00000000000000355 ) ) ;
#1655 = CARTESIAN_POINT ( 'NONE',  ( 19.13925805730794494, 6.000000000000000000, 9.199999999999969091 ) ) ;
#1656 = EDGE_CURVE ( 'NONE', #703, #1792, #2175, .T. ) ;
#1657 = ORIENTED_EDGE ( 'NONE', *, *, #2372, .T. ) ;
#1658 = DIRECTION ( 'NONE',  ( 1.734723475976807094E-16, 0.000000000000000000, 1.000000000000000000 ) ) ;
#1659 = CARTESIAN_POINT ( 'NONE',  ( -8.639258057307941385, 11.50000000000000000, 9.499999999999998224 ) ) ;
#1660 = DIRECTION ( 'NONE',  ( -1.000000000000000000, 0.000000000000000000, 0.000000000000000000 ) ) ;
#1661 = AXIS2_PLACEMENT_3D ( 'NONE', #1838, #1198, #822 ) ;
#1662 = ORIENTED_EDGE ( 'NONE', *, *, #465, .T. ) ;
#1663 = VECTOR ( 'NONE', #727, 1000.000000000000227 ) ;
#1664 = CARTESIAN_POINT ( 'NONE',  ( -8.639258057307943162, 12.00000000000000000, 1.248893647252822860E-15 ) ) ;
#1665 = CARTESIAN_POINT ( 'NONE',  ( -13.92500000000000959, 1.705320667812690606E-15, 8.800892833418092920 ) ) ;
#1666 = CIRCLE ( 'NONE', #765, 3.625000000000003109 ) ;
#1667 = VECTOR ( 'NONE', #2038, 1000.000000000000000 ) ;
#1668 = ORIENTED_EDGE ( 'NONE', *, *, #1917, .T. ) ;
#1669 = DIRECTION ( 'NONE',  ( 1.000000000000000000, 0.000000000000000000, 0.000000000000000000 ) ) ;
#1670 = CARTESIAN_POINT ( 'NONE',  ( -8.639258057307943162, 0.000000000000000000, 1.248893647252822860E-15 ) ) ;
#1671 = AXIS2_PLACEMENT_3D ( 'NONE', #1215, #205, #30 ) ;
#1672 = VERTEX_POINT ( 'NONE', #1775 ) ;
#1673 = AXIS2_PLACEMENT_3D ( 'NONE', #911, #709, #1522 ) ;
#1674 = DIRECTION ( 'NONE',  ( 0.5773502691896258421, 0.5773502691896258421, -0.5773502691896258421 ) ) ;
#1675 = CARTESIAN_POINT ( 'NONE',  ( -8.639258057307941385, 11.50000000000000000, 9.499999999999998224 ) ) ;
#1676 = EDGE_CURVE ( 'NONE', #336, #2441, #1975, .T. ) ;
#1677 = EDGE_CURVE ( 'NONE', #496, #988, #724, .T. ) ;
#1678 = DIRECTION ( 'NONE',  ( 0.000000000000000000, 0.000000000000000000, -1.000000000000000000 ) ) ;
#1679 = VERTEX_POINT ( 'NONE', #1132 ) ;
#1680 = CARTESIAN_POINT ( 'NONE',  ( 29.13925805730794494, 12.00000000000000000, -9.500000000000001776 ) ) ;
#1681 = DIRECTION ( 'NONE',  ( -0.2176072335280443693, -0.6901619708141961684, 0.6901619708141963905 ) ) ;
#1682 = ORIENTED_EDGE ( 'NONE', *, *, #1088, .F. ) ;
#1683 = LINE ( 'NONE', #440, #728 ) ;
#1684 = PLANE ( 'NONE',  #1026 ) ;
#1685 = ORIENTED_EDGE ( 'NONE', *, *, #1624, .F. ) ;
#1686 = CARTESIAN_POINT ( 'NONE',  ( -1.561251128379125399E-15, 0.000000000000000000, -8.999999999999996447 ) ) ;
#1687 = CARTESIAN_POINT ( 'NONE',  ( 0.000000000000000000, 0.000000000000000000, 7.820508075688759497 ) ) ;
#1688 = EDGE_CURVE ( 'NONE', #316, #2405, #2366, .T. ) ;
#1689 = ADVANCED_FACE ( 'NONE', ( #969 ), #1786, .T. ) ;
#1690 = VERTEX_POINT ( 'NONE', #126 ) ;
#1691 = CARTESIAN_POINT ( 'NONE',  ( -14.63925805730794494, 11.50000000000000000, -14.50000000000000178 ) ) ;
#1692 = PRODUCT_DEFINITION_CONTEXT ( 'detailed design', #1825, 'design' ) ;
#1693 = DIRECTION ( 'NONE',  ( -1.000000000000000000, 0.000000000000000000, 0.000000000000000000 ) ) ;
#1694 = VERTEX_POINT ( 'NONE', #1586 ) ;
#1695 = CARTESIAN_POINT ( 'NONE',  ( 19.13925805730794494, 6.000000000000000000, 2.499999999999996003 ) ) ;
#1696 = DIRECTION ( 'NONE',  ( -1.445602896647339163E-16, 0.000000000000000000, -1.000000000000000000 ) ) ;
#1697 = ORIENTED_EDGE ( 'NONE', *, *, #1560, .F. ) ;
#1698 = CARTESIAN_POINT ( 'NONE',  ( -14.63925805730794494, 12.00000000000000000, -15.00000000000000355 ) ) ;
#1699 = CARTESIAN_POINT ( 'NONE',  ( 29.13925805730794494, 11.50000000000000000, 9.499999999999998224 ) ) ;
#1700 = FACE_OUTER_BOUND ( 'NONE', #830, .T. ) ;
#1701 = CARTESIAN_POINT ( 'NONE',  ( -7.639258057307945826, 6.000000000000000000, -16.50000000000000000 ) ) ;
#1702 = AXIS2_PLACEMENT_3D ( 'NONE', #2173, #360, #1119 ) ;
#1703 = VECTOR ( 'NONE', #2305, 1000.000000000000000 ) ;
#1704 = EDGE_LOOP ( 'NONE', ( #1919, #767, #493, #1855 ) ) ;
#1705 = CARTESIAN_POINT ( 'NONE',  ( 19.13925805730794494, 6.000000000000000000, -0.8999999999999999112 ) ) ;
#1706 = CARTESIAN_POINT ( 'NONE',  ( 0.000000000000000000, 0.000000000000000000, -15.00000000000000000 ) ) ;
#1707 = ADVANCED_FACE ( 'NONE', ( #2537 ), #572, .F. ) ;
#1708 = CIRCLE ( 'NONE', #722, 2.350000000000025846 ) ;
#1709 = AXIS2_PLACEMENT_3D ( 'NONE', #337, #2524, #2386 ) ;
#1710 = ORIENTED_EDGE ( 'NONE', *, *, #1438, .T. ) ;
#1711 = VECTOR ( 'NONE', #542, 1000.000000000000000 ) ;
#1712 = ORIENTED_EDGE ( 'NONE', *, *, #1036, .T. ) ;
#1713 = AXIS2_PLACEMENT_3D ( 'NONE', #901, #1091, #2275 ) ;
#1714 = APPLICATION_PROTOCOL_DEFINITION ( 'draft international standard', 'automotive_design', 1998, #199 ) ;
#1715 = EDGE_CURVE ( 'NONE', #2084, #2201, #823, .T. ) ;
#1716 = AXIS2_PLACEMENT_3D ( 'NONE', #1687, #2064, #2094 ) ;
#1717 = CYLINDRICAL_SURFACE ( 'NONE', #2089, 4.224999999999999645 ) ;
#1718 = CARTESIAN_POINT ( 'NONE',  ( -15.13925805730794494, 0.5000000000000004441, -15.00000000000000355 ) ) ;
#1719 = UNCERTAINTY_MEASURE_WITH_UNIT (LENGTH_MEASURE( 1.000000000000000082E-05 ), #2587, 'distance_accuracy_value', 'NONE');
#1720 = LINE ( 'NONE', #2264, #1370 ) ;
#1721 = VERTEX_POINT ( 'NONE', #2431 ) ;
#1722 = DIRECTION ( 'NONE',  ( -1.000000000000000000, 0.000000000000000000, 0.000000000000000000 ) ) ;
#1723 = LINE ( 'NONE', #2072, #1494 ) ;
#1724 = EDGE_CURVE ( 'NONE', #2523, #1556, #1035, .T. ) ;
#1725 = VERTEX_POINT ( 'NONE', #373 ) ;
#1726 = ADVANCED_FACE ( 'NONE', ( #1199 ), #2217, .F. ) ;
#1727 = ORIENTED_EDGE ( 'NONE', *, *, #1656, .F. ) ;
#1728 = FACE_OUTER_BOUND ( 'NONE', #1339, .T. ) ;
#1729 = CARTESIAN_POINT ( 'NONE',  ( 0.000000000000000000, 0.000000000000000000, 0.000000000000000000 ) ) ;
#1730 = CARTESIAN_POINT ( 'NONE',  ( 28.63925805730794494, 11.50000000000000000, -9.500000000000001776 ) ) ;
#1731 = CARTESIAN_POINT ( 'NONE',  ( 0.000000000000000000, 0.000000000000000000, -15.00000000000000000 ) ) ;
#1732 = ORIENTED_EDGE ( 'NONE', *, *, #182, .T. ) ;
#1733 = DIRECTION ( 'NONE',  ( -1.000000000000000000, 0.000000000000000000, 0.000000000000000000 ) ) ;
#1734 = ORIENTED_EDGE ( 'NONE', *, *, #2597, .F. ) ;
#1735 = CARTESIAN_POINT ( 'NONE',  ( 4.224999999999999645, 0.000000000000000000, -8.000000000000000000 ) ) ;
#1736 = EDGE_CURVE ( 'NONE', #736, #2419, #1022, .T. ) ;
#1737 = SHAPE_DEFINITION_REPRESENTATION ( #778, #2184 ) ;
#1738 = ORIENTED_EDGE ( 'NONE', *, *, #592, .T. ) ;
#1739 = DIRECTION ( 'NONE',  ( 0.000000000000000000, -0.000000000000000000, -1.000000000000000000 ) ) ;
#1740 = DIRECTION ( 'NONE',  ( -1.000000000000000000, 0.000000000000000000, 0.000000000000000000 ) ) ;
#1741 = CARTESIAN_POINT ( 'NONE',  ( 4.224999999999999645, 0.000000000000000000, -8.000000000000000000 ) ) ;
#1742 = CARTESIAN_POINT ( 'NONE',  ( -9.139258057307941385, 12.00000000000000000, 9.499999999999998224 ) ) ;
#1743 = EDGE_LOOP ( 'NONE', ( #1787, #2097, #817, #418 ) ) ;
#1744 = AXIS2_PLACEMENT_3D ( 'NONE', #213, #193, #1784 ) ;
#1745 = CARTESIAN_POINT ( 'NONE',  ( -13.78576951545868212, 0.000000000000000000, 9.320508075688762162 ) ) ;
#1746 = CARTESIAN_POINT ( 'NONE',  ( 28.63925805730794494, 12.00000000000000000, 9.499999999999998224 ) ) ;
#1747 = VECTOR ( 'NONE', #503, 1000.000000000000114 ) ;
#1748 = VERTEX_POINT ( 'NONE', #214 ) ;
#1749 = DIRECTION ( 'NONE',  ( 0.7071067811865475727, 0.000000000000000000, 0.7071067811865475727 ) ) ;
#1750 = PRESENTATION_LAYER_ASSIGNMENT (  '', '', ( #2079 ) ) ;
#1751 = AXIS2_PLACEMENT_3D ( 'NONE', #1809, #2376, #2595 ) ;
#1752 = CONICAL_SURFACE ( 'NONE', #2083, 1.399999999999998579, 0.7853981633974557175 ) ;
#1753 = EDGE_LOOP ( 'NONE', ( #2556, #1351, #2388, #1107 ) ) ;
#1754 = CARTESIAN_POINT ( 'NONE',  ( -14.63925805730794494, 12.00000000000000000, 0.000000000000000000 ) ) ;
#1755 = FACE_OUTER_BOUND ( 'NONE', #747, .T. ) ;
#1756 = AXIS2_PLACEMENT_3D ( 'NONE', #1770, #320, #2519 ) ;
#1757 = AXIS2_PLACEMENT_3D ( 'NONE', #1460, #2259, #897 ) ;
#1758 = ADVANCED_FACE ( 'NONE', ( #2407 ), #1964, .T. ) ;
#1759 = ADVANCED_FACE ( 'NONE', ( #1815, #401 ), #421, .F. ) ;
#1760 = CARTESIAN_POINT ( 'NONE',  ( -7.639258057307945826, 8.755208333333330373, -15.67874970932689394 ) ) ;
#1761 = CARTESIAN_POINT ( 'NONE',  ( 29.13925805730794494, 0.5000000000000004441, -9.000000000000001776 ) ) ;
#1762 = EDGE_LOOP ( 'NONE', ( #1507, #1537 ) ) ;
#1763 = LINE ( 'NONE', #1745, #2157 ) ;
#1764 = DIRECTION ( 'NONE',  ( -2.200518442539853445E-16, -0.7071067811865474617, -0.7071067811865475727 ) ) ;
#1765 = ORIENTED_EDGE ( 'NONE', *, *, #81, .T. ) ;
#1766 = FACE_OUTER_BOUND ( 'NONE', #1526, .T. ) ;
#1767 = EDGE_LOOP ( 'NONE', ( #2526, #868, #554, #2319 ) ) ;
#1768 = FACE_OUTER_BOUND ( 'NONE', #2360, .T. ) ;
#1769 = CARTESIAN_POINT ( 'NONE',  ( -7.639258057307945826, 6.000000000000000000, -16.50000000000000000 ) ) ;
#1770 = CARTESIAN_POINT ( 'NONE',  ( -15.13925805730794494, 12.00000000000000000, -26.14099247846916541 ) ) ;
#1771 = PRODUCT_RELATED_PRODUCT_CATEGORY ( 'part', '', ( #21 ) ) ;
#1772 = EDGE_CURVE ( 'NONE', #1984, #1053, #2443, .T. ) ;
#1773 = EDGE_LOOP ( 'NONE', ( #2242, #1234, #326, #2368 ) ) ;
#1774 = CARTESIAN_POINT ( 'NONE',  ( 6.066714864352956482, 7.429582939969516823E-16, -5.810056281885859875 ) ) ;
#1775 = CARTESIAN_POINT ( 'NONE',  ( -3.112291605316328535, 3.811457952463819275E-16, -5.289111748885088282 ) ) ;
#1776 = ORIENTED_EDGE ( 'NONE', *, *, #1724, .T. ) ;
#1777 = VERTEX_POINT ( 'NONE', #622 ) ;
#1778 = ORIENTED_EDGE ( 'NONE', *, *, #2373, .T. ) ;
#1779 = CARTESIAN_POINT ( 'NONE',  ( -15.13925805730794494, 0.5000000000000004441, -26.14099247846916541 ) ) ;
#1780 = CARTESIAN_POINT ( 'NONE',  ( 21.18925805730794565, 6.000000000000000000, 0.8999999999999963585 ) ) ;
#1781 = FACE_BOUND ( 'NONE', #891, .T. ) ;
#1782 = CARTESIAN_POINT ( 'NONE',  ( 19.13925805730794494, 6.000000000000000000, 0.5999999999999913181 ) ) ;
#1783 = ORIENTED_EDGE ( 'NONE', *, *, #68, .T. ) ;
#1784 = DIRECTION ( 'NONE',  ( -1.000000000000000000, 0.000000000000000000, 0.000000000000000000 ) ) ;
#1785 = EDGE_CURVE ( 'NONE', #97, #1479, #2199, .T. ) ;
#1786 = PLANE ( 'NONE',  #1540 ) ;
#1787 = ORIENTED_EDGE ( 'NONE', *, *, #1283, .F. ) ;
#1788 = CARTESIAN_POINT ( 'NONE',  ( 0.000000000000000000, 12.00000000000000000, -15.00000000000000355 ) ) ;
#1789 = EDGE_CURVE ( 'NONE', #2262, #1252, #2292, .T. ) ;
#1790 = VECTOR ( 'NONE', #1557, 1000.000000000000114 ) ;
#1791 = CONICAL_SURFACE ( 'NONE', #638, 1.399999999999998579, 0.7853981633974557175 ) ;
#1792 = VERTEX_POINT ( 'NONE', #1237 ) ;
#1793 = FACE_OUTER_BOUND ( 'NONE', #558, .T. ) ;
#1794 = VECTOR ( 'NONE', #1817, 1000.000000000000000 ) ;
#1795 = EDGE_CURVE ( 'NONE', #1672, #1467, #1071, .T. ) ;
#1796 = VECTOR ( 'NONE', #832, 1000.000000000000114 ) ;
#1797 = CARTESIAN_POINT ( 'NONE',  ( 23.36425805730794991, 6.000000000000000888, -2.500000000000000444 ) ) ;
#1798 = DIRECTION ( 'NONE',  ( -1.000000000000000000, 0.000000000000000000, 0.000000000000000000 ) ) ;
#1799 = VECTOR ( 'NONE', #1555, 1000.000000000000000 ) ;
#1800 = CYLINDRICAL_SURFACE ( 'NONE', #1457, 4.225000000000001421 ) ;
#1801 = ORIENTED_EDGE ( 'NONE', *, *, #2195, .F. ) ;
#1802 = LINE ( 'NONE', #1823, #1918 ) ;
#1803 = CARTESIAN_POINT ( 'NONE',  ( 9.139258057307941385, 0.5000000000000004441, -9.499999999999998224 ) ) ;
#1804 = ORIENTED_EDGE ( 'NONE', *, *, #290, .T. ) ;
#1805 = DIRECTION ( 'NONE',  ( -1.000000000000000000, 0.000000000000000000, 0.000000000000000000 ) ) ;
#1806 = EDGE_CURVE ( 'NONE', #1748, #1725, #1926, .T. ) ;
#1807 = EDGE_CURVE ( 'NONE', #125, #297, #1996, .T. ) ;
#1808 = ORIENTED_EDGE ( 'NONE', *, *, #1438, .F. ) ;
#1809 = CARTESIAN_POINT ( 'NONE',  ( 29.13925805730794494, 0.5000000000000004441, -9.500000000000001776 ) ) ;
#1810 = CARTESIAN_POINT ( 'NONE',  ( 19.13925805730794494, 6.000000000000000000, -2.499999999999999556 ) ) ;
#1811 = PLANE ( 'NONE',  #352 ) ;
#1812 = CARTESIAN_POINT ( 'NONE',  ( 19.13925805730794494, 6.000000000000000000, -0.5999999999999946487 ) ) ;
#1813 = VERTEX_POINT ( 'NONE', #2590 ) ;
#1814 = DIRECTION ( 'NONE',  ( 1.000000000000000000, 0.000000000000000000, 0.000000000000000000 ) ) ;
#1815 = FACE_OUTER_BOUND ( 'NONE', #1353, .T. ) ;
#1816 = ORIENTED_EDGE ( 'NONE', *, *, #725, .T. ) ;
#1817 = DIRECTION ( 'NONE',  ( 0.5000000000000006661, 0.000000000000000000, 0.8660254037844382635 ) ) ;
#1818 = VERTEX_POINT ( 'NONE', #384 ) ;
#1819 = EDGE_CURVE ( 'NONE', #125, #2215, #1641, .T. ) ;
#1820 = CARTESIAN_POINT ( 'NONE',  ( 28.63925805730794494, 12.00000000000000000, -9.500000000000001776 ) ) ;
#1821 = CARTESIAN_POINT ( 'NONE',  ( 28.88925805730794494, 11.75000000000000000, -9.000000000000001776 ) ) ;
#1822 = ORIENTED_EDGE ( 'NONE', *, *, #2088, .F. ) ;
#1823 = CARTESIAN_POINT ( 'NONE',  ( 3.204148181936937956, 0.000000000000000000, -4.768167215884282939 ) ) ;
#1824 = LINE ( 'NONE', #1803, #2087 ) ;
#1825 = APPLICATION_CONTEXT ( 'automotive_design' ) ;
#1826 = ORIENTED_EDGE ( 'NONE', *, *, #805, .F. ) ;
#1827 = CYLINDRICAL_SURFACE ( 'NONE', #138, 4.224999999999999645 ) ;
#1828 = VERTEX_POINT ( 'NONE', #2603 ) ;
#1829 = AXIS2_PLACEMENT_3D ( 'NONE', #140, #2365, #155 ) ;
#1830 = VECTOR ( 'NONE', #93, 1000.000000000000114 ) ;
#1831 = DIRECTION ( 'NONE',  ( 0.000000000000000000, 0.000000000000000000, -1.000000000000000000 ) ) ;
#1832 = DIRECTION ( 'NONE',  ( 1.000000000000000000, 0.000000000000000000, 0.000000000000000000 ) ) ;
#1833 = AXIS2_PLACEMENT_3D ( 'NONE', #26, #79, #644 ) ;
#1834 = EDGE_CURVE ( 'NONE', #1679, #950, #1824, .T. ) ;
#1835 = EDGE_CURVE ( 'NONE', #2604, #328, #785, .T. ) ;
#1836 = AXIS2_PLACEMENT_3D ( 'NONE', #2552, #916, #1733 ) ;
#1837 = EDGE_LOOP ( 'NONE', ( #1639, #274, #909, #1584 ) ) ;
#1838 = CARTESIAN_POINT ( 'NONE',  ( -7.639258057307945826, 6.000000000000000000, -16.50000000000000000 ) ) ;
#1839 = CARTESIAN_POINT ( 'NONE',  ( 0.000000000000000000, 4.224999999999999645, -15.00000000000000000 ) ) ;
#1840 = VECTOR ( 'NONE', #689, 999.9999999999998863 ) ;
#1841 = ORIENTED_EDGE ( 'NONE', *, *, #841, .T. ) ;
#1842 = AXIS2_PLACEMENT_3D ( 'NONE', #174, #856, #2196 ) ;
#1843 = FACE_OUTER_BOUND ( 'NONE', #2240, .T. ) ;
#1844 = EDGE_LOOP ( 'NONE', ( #195, #546, #2140, #2190 ) ) ;
#1845 = CARTESIAN_POINT ( 'NONE',  ( 20.83925805730795133, 6.000000000000000000, 0.8999999999999964695 ) ) ;
#1846 = FACE_OUTER_BOUND ( 'NONE', #1950, .T. ) ;
#1847 = ORIENTED_EDGE ( 'NONE', *, *, #2114, .F. ) ;
#1848 = CARTESIAN_POINT ( 'NONE',  ( -7.639258057307945826, 12.07122054498740660, -4.416858765525640607 ) ) ;
#1849 = CARTESIAN_POINT ( 'NONE',  ( 20.53925805730794707, 6.000000000000000000, 9.500000000000000000 ) ) ;
#1850 = EDGE_CURVE ( 'NONE', #1690, #652, #2395, .T. ) ;
#1851 = EDGE_CURVE ( 'NONE', #2346, #267, #1882, .T. ) ;
#1852 = VERTEX_POINT ( 'NONE', #2067 ) ;
#1853 = CARTESIAN_POINT ( 'NONE',  ( 0.000000000000000000, 0.000000000000000000, 0.000000000000000000 ) ) ;
#1854 = CARTESIAN_POINT ( 'NONE',  ( -13.78576951545868212, 0.000000000000000000, 9.320508075688760385 ) ) ;
#1855 = ORIENTED_EDGE ( 'NONE', *, *, #869, .F. ) ;
#1856 = FACE_OUTER_BOUND ( 'NONE', #1166, .T. ) ;
#1857 = CARTESIAN_POINT ( 'NONE',  ( 14.91425805730794529, 6.000000000000000000, -9.199999999999972644 ) ) ;
#1858 = CARTESIAN_POINT ( 'NONE',  ( 0.000000000000000000, 0.000000000000000000, -4.310056281885858098 ) ) ;
#1859 = ORIENTED_EDGE ( 'NONE', *, *, #1819, .F. ) ;
#1860 = CARTESIAN_POINT ( 'NONE',  ( -15.10601518227832507, 5.737176936168424390, -14.96675712497037836 ) ) ;
#1861 = LINE ( 'NONE', #292, #350 ) ;
#1862 = ORIENTED_EDGE ( 'NONE', *, *, #1348, .T. ) ;
#1863 = CARTESIAN_POINT ( 'NONE',  ( 19.13925805730794494, 6.000000000000000000, -2.499999999999999556 ) ) ;
#1864 = DIRECTION ( 'NONE',  ( 1.000000000000000000, 0.000000000000000000, 0.000000000000000000 ) ) ;
#1865 = ADVANCED_FACE ( 'NONE', ( #844 ), #2096, .T. ) ;
#1866 = ORIENTED_EDGE ( 'NONE', *, *, #869, .T. ) ;
#1867 = EDGE_LOOP ( 'NONE', ( #1448, #143, #1727, #1070 ) ) ;
#1868 = CIRCLE ( 'NONE', #45, 13.78576951545868212 ) ;
#1869 = CARTESIAN_POINT ( 'NONE',  ( 0.000000000000000000, 0.000000000000000000, -8.000000000000000000 ) ) ;
#1870 = PLANE ( 'NONE',  #647 ) ;
#1871 = AXIS2_PLACEMENT_3D ( 'NONE', #303, #1115, #1931 ) ;
#1872 = EDGE_CURVE ( 'NONE', #2172, #1229, #1304, .T. ) ;
#1873 = ORIENTED_EDGE ( 'NONE', *, *, #1885, .F. ) ;
#1874 = AXIS2_PLACEMENT_3D ( 'NONE', #1648, #1469, #1480 ) ;
#1875 = CARTESIAN_POINT ( 'NONE',  ( 28.63925805730794494, 0.5000000000000004441, -9.500000000000001776 ) ) ;
#1876 = DIRECTION ( 'NONE',  ( -1.000000000000000000, 0.000000000000000000, 0.000000000000000000 ) ) ;
#1877 = VECTOR ( 'NONE', #2266, 1000.000000000000000 ) ;
#1878 = ORIENTED_EDGE ( 'NONE', *, *, #1169, .T. ) ;
#1879 = CARTESIAN_POINT ( 'NONE',  ( 29.14025805730794616, 6.000000000000000000, -19.37500000000000711 ) ) ;
#1880 = DIRECTION ( 'NONE',  ( -1.000000000000000000, -0.000000000000000000, -0.000000000000000000 ) ) ;
#1881 = VECTOR ( 'NONE', #194, 1000.000000000000000 ) ;
#1882 = CIRCLE ( 'NONE', #12, 2.875000000000006217 ) ;
#1883 = ORIENTED_EDGE ( 'NONE', *, *, #2114, .T. ) ;
#1884 = CIRCLE ( 'NONE', #312, 2.350000000000025846 ) ;
#1885 = EDGE_CURVE ( 'NONE', #1679, #1322, #449, .T. ) ;
#1886 = EDGE_CURVE ( 'NONE', #130, #237, #730, .T. ) ;
#1887 = CONTEXT_DEPENDENT_SHAPE_REPRESENTATION ( #2436, #2220 ) ;
#1888 = AXIS2_PLACEMENT_3D ( 'NONE', #498, #1928, #707 ) ;
#1889 = DIRECTION ( 'NONE',  ( 0.000000000000000000, 1.000000000000000000, 0.000000000000000000 ) ) ;
#1890 = FACE_OUTER_BOUND ( 'NONE', #1518, .T. ) ;
#1891 = ORIENTED_EDGE ( 'NONE', *, *, #533, .F. ) ;
#1892 = LINE ( 'NONE', #58, #218 ) ;
#1893 = CARTESIAN_POINT ( 'NONE',  ( -15.13925805730794494, 0.5000000000000004441, -15.00000000000000355 ) ) ;
#1894 = ORIENTED_EDGE ( 'NONE', *, *, #2277, .F. ) ;
#1895 = CARTESIAN_POINT ( 'NONE',  ( 28.63925805730794494, 0.5000000000000004441, 9.499999999999998224 ) ) ;
#1896 = DIRECTION ( 'NONE',  ( 0.000000000000000000, 0.000000000000000000, 1.000000000000000000 ) ) ;
#1897 = ORIENTED_EDGE ( 'NONE', *, *, #151, .F. ) ;
#1898 = ORIENTED_EDGE ( 'NONE', *, *, #1474, .T. ) ;
#1899 = ADVANCED_FACE ( 'NONE', ( #663 ), #462, .F. ) ;
#1900 = DIRECTION ( 'NONE',  ( 0.7071067811865474617, -0.000000000000000000, 0.7071067811865474617 ) ) ;
#1901 = DIRECTION ( 'NONE',  ( -0.7071067811865510144, 0.000000000000000000, 0.7071067811865441310 ) ) ;
#1902 = FACE_OUTER_BOUND ( 'NONE', #39, .T. ) ;
#1903 = CYLINDRICAL_SURFACE ( 'NONE', #2009, 4.225000000000001421 ) ;
#1904 = ORIENTED_EDGE ( 'NONE', *, *, #2513, .T. ) ;
#1905 = CYLINDRICAL_SURFACE ( 'NONE', #1493, 2.049999999999999822 ) ;
#1906 = DIRECTION ( 'NONE',  ( -1.000000000000000000, 0.000000000000000000, 0.000000000000000000 ) ) ;
#1907 = EDGE_CURVE ( 'NONE', #676, #297, #1861, .T. ) ;
#1908 = VERTEX_POINT ( 'NONE', #1665 ) ;
#1909 = ORIENTED_EDGE ( 'NONE', *, *, #854, .T. ) ;
#1910 = DIRECTION ( 'NONE',  ( 1.000000000000000000, 0.000000000000000000, 0.000000000000000000 ) ) ;
#1911 = SURFACE_STYLE_USAGE ( .BOTH. , #89 ) ;
#1912 = DIRECTION ( 'NONE',  ( 0.000000000000000000, 0.7071067811865475727, 0.7071067811865475727 ) ) ;
#1913 = FACE_OUTER_BOUND ( 'NONE', #1476, .T. ) ;
#1914 = CARTESIAN_POINT ( 'NONE',  ( 29.14025805730794616, 6.000000000000000000, -16.50000000000000000 ) ) ;
#1915 = VECTOR ( 'NONE', #1372, 999.9999999999998863 ) ;
#1916 = EDGE_CURVE ( 'NONE', #652, #2056, #1720, .T. ) ;
#1917 = EDGE_CURVE ( 'NONE', #800, #340, #816, .T. ) ;
#1918 = VECTOR ( 'NONE', #2589, 999.9999999999998863 ) ;
#1919 = ORIENTED_EDGE ( 'NONE', *, *, #824, .F. ) ;
#1920 = DIRECTION ( 'NONE',  ( -1.000000000000000000, 0.000000000000000000, 2.052927190505096421E-16 ) ) ;
#1921 = CARTESIAN_POINT ( 'NONE',  ( -3.468638652999641359, 8.536315953595654015E-16, -4.310056281885858098 ) ) ;
#1922 = AXIS2_PLACEMENT_3D ( 'NONE', #1754, #1519, #1739 ) ;
#1923 = CIRCLE ( 'NONE', #1963, 1.549999999999999378 ) ;
#1924 = AXIS2_PLACEMENT_3D ( 'NONE', #441, #1190, #1167 ) ;
#1925 = VERTEX_POINT ( 'NONE', #269 ) ;
#1926 = CIRCLE ( 'NONE', #100, 4.225000000000003197 ) ;
#1927 = SHAPE_REPRESENTATION ( 'Funnel Body', ( #2505 ), #65 ) ;
#1928 = DIRECTION ( 'NONE',  ( 0.000000000000000000, 0.000000000000000000, 1.000000000000000000 ) ) ;
#1929 = CARTESIAN_POINT ( 'NONE',  ( 14.91425805730794529, 6.000000000000000000, 2.499999999999996003 ) ) ;
#1930 = CARTESIAN_POINT ( 'NONE',  ( -7.639258057307945826, 9.000000000000001776, -16.50000000000000000 ) ) ;
#1931 = DIRECTION ( 'NONE',  ( -1.000000000000000000, 0.000000000000000000, 0.000000000000000000 ) ) ;
#1932 = DIRECTION ( 'NONE',  ( -0.7071067811865473507, 0.7071067811865477948, 3.951729029292866070E-16 ) ) ;
#1933 = ORIENTED_EDGE ( 'NONE', *, *, #2547, .T. ) ;
#1934 = DIRECTION ( 'NONE',  ( -1.000000000000000000, 0.000000000000000000, 2.115516434118057709E-16 ) ) ;
#1935 = EDGE_CURVE ( 'NONE', #2215, #1322, #41, .T. ) ;
#1936 = CARTESIAN_POINT ( 'NONE',  ( -15.08925805730794778, 6.131945733962554712, -14.94999999999999929 ) ) ;
#1937 = ORIENTED_EDGE ( 'NONE', *, *, #2313, .F. ) ;
#1938 = CARTESIAN_POINT ( 'NONE',  ( -4.224999999999999645, 5.174132726397567306E-16, -14.40000000000000391 ) ) ;
#1939 = ORIENTED_EDGE ( 'NONE', *, *, #1594, .T. ) ;
#1940 = LINE ( 'NONE', #1301, #1533 ) ;
#1941 = DIRECTION ( 'NONE',  ( -1.897626544708054968E-16, 0.000000000000000000, -1.000000000000000000 ) ) ;
#1942 = CARTESIAN_POINT ( 'NONE',  ( -10.47222325026744016, 1.282477468339651269E-15, 7.820508075688759497 ) ) ;
#1943 = CARTESIAN_POINT ( 'NONE',  ( 0.000000000000000000, 0.000000000000000000, -15.00000000000000000 ) ) ;
#1944 = ORIENTED_EDGE ( 'NONE', *, *, #761, .F. ) ;
#1945 = CARTESIAN_POINT ( 'NONE',  ( 29.14025805730794616, 1.422237990202499969, 0.5203967826019066933 ) ) ;
#1946 = VERTEX_POINT ( 'NONE', #2081 ) ;
#1947 = DIRECTION ( 'NONE',  ( 0.000000000000000000, -0.2856522750166956004, -0.9583333333333377002 ) ) ;
#1948 = ADVANCED_FACE ( 'NONE', ( #2459 ), #1027, .F. ) ;
#1949 = EDGE_CURVE ( 'NONE', #1617, #1690, #59, .T. ) ;
#1950 = EDGE_LOOP ( 'NONE', ( #1635, #364, #2273, #322 ) ) ;
#1951 = SURFACE_STYLE_FILL_AREA ( #1138 ) ;
#1952 = CARTESIAN_POINT ( 'NONE',  ( 17.08925805730794778, 6.000000000000000000, -2.199999999999977085 ) ) ;
#1953 = CARTESIAN_POINT ( 'NONE',  ( 29.14025805730794616, 6.000000000000000000, -16.50000000000000000 ) ) ;
#1954 = DIRECTION ( 'NONE',  ( 0.000000000000000000, 0.000000000000000000, 1.000000000000000000 ) ) ;
#1955 = ORIENTED_EDGE ( 'NONE', *, *, #1458, .T. ) ;
#1956 = VECTOR ( 'NONE', #63, 1000.000000000000000 ) ;
#1957 = FILL_AREA_STYLE ('',( #701 ) ) ;
#1958 = FACE_OUTER_BOUND ( 'NONE', #1650, .T. ) ;
#1959 = VECTOR ( 'NONE', #796, 1000.000000000000000 ) ;
#1960 = ORIENTED_EDGE ( 'NONE', *, *, #566, .F. ) ;
#1961 = PLANE ( 'NONE',  #982 ) ;
#1962 = VECTOR ( 'NONE', #2453, 1000.000000000000114 ) ;
#1963 = AXIS2_PLACEMENT_3D ( 'NONE', #1532, #1340, #145 ) ;
#1964 = CONICAL_SURFACE ( 'NONE', #2456, 4.224999999999999645, 0.7853981633974482790 ) ;
#1965 = VECTOR ( 'NONE', #2216, 1000.000000000000000 ) ;
#1966 = EDGE_LOOP ( 'NONE', ( #408, #2228, #1028, #1531 ) ) ;
#1967 = PRODUCT_DEFINITION ( 'UNKNOWN', '', #482, #1692 ) ;
#1968 = ADVANCED_FACE ( 'NONE', ( #1502 ), #1903, .F. ) ;
#1969 = AXIS2_PLACEMENT_3D ( 'NONE', #1742, #2116, #913 ) ;
#1970 = CIRCLE ( 'NONE', #818, 1.549999999999999378 ) ;
#1971 = DIRECTION ( 'NONE',  ( 0.000000000000000000, -0.9391088299323229194, 0.3436198561537784912 ) ) ;
#1972 = LINE ( 'NONE', #516, #2297 ) ;
#1973 = ORIENTED_EDGE ( 'NONE', *, *, #376, .F. ) ;
#1974 = DIRECTION ( 'NONE',  ( -0.1736481776669235311, 2.126576849575687790E-17, 0.9848077530122093526 ) ) ;
#1975 = LINE ( 'NONE', #2562, #55 ) ;
#1976 = ORIENTED_EDGE ( 'NONE', *, *, #1135, .F. ) ;
#1977 = LINE ( 'NONE', #1988, #1153 ) ;
#1978 = UNCERTAINTY_MEASURE_WITH_UNIT (LENGTH_MEASURE( 1.000000000000000082E-05 ), #323, 'distance_accuracy_value', 'NONE');
#1979 = VERTEX_POINT ( 'NONE', #1446 ) ;
#1980 = DIRECTION ( 'NONE',  ( 0.8191520442889910214, 0.000000000000000000, 0.5735764363510472696 ) ) ;
#1981 = EDGE_CURVE ( 'NONE', #24, #1672, #1582, .T. ) ;
#1982 = PLANE ( 'NONE',  #2328 ) ;
#1983 = DIRECTION ( 'NONE',  ( -0.000000000000000000, -0.000000000000000000, 1.000000000000000000 ) ) ;
#1984 = VERTEX_POINT ( 'NONE', #1294 ) ;
#1985 = DIRECTION ( 'NONE',  ( -1.734723475976806848E-16, -0.000000000000000000, -1.000000000000000000 ) ) ;
#1986 = DIRECTION ( 'NONE',  ( -1.734723475976807341E-16, -0.000000000000000000, -1.000000000000000000 ) ) ;
#1987 = ORIENTED_EDGE ( 'NONE', *, *, #2017, .F. ) ;
#1988 = CARTESIAN_POINT ( 'NONE',  ( 21.18925805730794565, 6.000000000000000000, 0.8999999999999963585 ) ) ;
#1989 = ADVANCED_FACE ( 'NONE', ( #1484 ), #2106, .F. ) ;
#1990 = EDGE_LOOP ( 'NONE', ( #17, #157, #887, #2024 ) ) ;
#1991 = LINE ( 'NONE', #1389, #726 ) ;
#1992 = FACE_OUTER_BOUND ( 'NONE', #1019, .T. ) ;
#1993 = FACE_OUTER_BOUND ( 'NONE', #1647, .T. ) ;
#1994 = ORIENTED_EDGE ( 'NONE', *, *, #905, .F. ) ;
#1995 = LINE ( 'NONE', #2229, #1965 ) ;
#1996 = LINE ( 'NONE', #633, #2377 ) ;
#1997 = ADVANCED_FACE ( 'NONE', ( #83 ), #884, .F. ) ;
#1998 = EDGE_CURVE ( 'NONE', #719, #1690, #528, .T. ) ;
#1999 = EDGE_LOOP ( 'NONE', ( #374, #1268, #2429 ) ) ;
#2000 = DIRECTION ( 'NONE',  ( 1.000000000000000000, 0.000000000000000000, 0.000000000000000000 ) ) ;
#2001 = CIRCLE ( 'NONE', #718, 2.350000000000025846 ) ;
#2002 = VECTOR ( 'NONE', #792, 1000.000000000000114 ) ;
#2003 = VERTEX_POINT ( 'NONE', #2155 ) ;
#2004 = PLANE ( 'NONE',  #1154 ) ;
#2005 = AXIS2_PLACEMENT_3D ( 'NONE', #1402, #779, #637 ) ;
#2006 = VECTOR ( 'NONE', #889, 1000.000000000000000 ) ;
#2007 = CARTESIAN_POINT ( 'NONE',  ( -15.13925805730794494, 11.50000000000000000, -14.50000000000000178 ) ) ;
#2008 = CARTESIAN_POINT ( 'NONE',  ( -9.139258057307944938, 11.50000000000000000, -14.50000000000000178 ) ) ;
#2009 = AXIS2_PLACEMENT_3D ( 'NONE', #1251, #1102, #673 ) ;
#2010 = DIRECTION ( 'NONE',  ( -1.000000000000000000, 0.000000000000000000, 0.000000000000000000 ) ) ;
#2011 = VERTEX_POINT ( 'NONE', #729 ) ;
#2012 = DIRECTION ( 'NONE',  ( -1.734723475976806848E-16, 0.000000000000000000, -1.000000000000000000 ) ) ;
#2013 = DIRECTION ( 'NONE',  ( -0.8074364639760784890, -0.1685218558719711324, -0.5653730987014445875 ) ) ;
#2014 = VECTOR ( 'NONE', #1649, 1000.000000000000000 ) ;
#2015 = VECTOR ( 'NONE', #52, 1000.000000000000114 ) ;
#2016 = ORIENTED_EDGE ( 'NONE', *, *, #240, .T. ) ;
#2017 = EDGE_CURVE ( 'NONE', #1813, #1004, #60, .T. ) ;
#2018 = LINE ( 'NONE', #196, #9 ) ;
#2019 = ORIENTED_EDGE ( 'NONE', *, *, #386, .T. ) ;
#2020 = DIRECTION ( 'NONE',  ( 0.000000000000000000, 0.000000000000000000, -1.000000000000000000 ) ) ;
#2021 = CARTESIAN_POINT ( 'NONE',  ( 19.13925805730794494, 6.000000000000000000, 2.499999999999996003 ) ) ;
#2022 = LINE ( 'NONE', #2401, #225 ) ;
#2023 = PLANE ( 'NONE',  #2378 ) ;
#2024 = ORIENTED_EDGE ( 'NONE', *, *, #2402, .F. ) ;
#2025 = PLANE ( 'NONE',  #2408 ) ;
#2026 = DIRECTION ( 'NONE',  ( 0.000000000000000000, 0.000000000000000000, -1.000000000000000000 ) ) ;
#2027 = ORIENTED_EDGE ( 'NONE', *, *, #1772, .T. ) ;
#2028 = FACE_OUTER_BOUND ( 'NONE', #74, .T. ) ;
#2029 = ORIENTED_EDGE ( 'NONE', *, *, #544, .F. ) ;
#2030 = ADVANCED_FACE ( 'NONE', ( #1116 ), #1345, .F. ) ;
#2031 = EDGE_CURVE ( 'NONE', #2588, #2604, #942, .T. ) ;
#2032 = DIRECTION ( 'NONE',  ( -1.000000000000000000, 0.000000000000000000, 0.000000000000000000 ) ) ;
#2033 = FACE_OUTER_BOUND ( 'NONE', #661, .T. ) ;
#2034 = EDGE_LOOP ( 'NONE', ( #439, #1808, #1103, #2591, #690 ) ) ;
#2035 = FACE_OUTER_BOUND ( 'NONE', #362, .T. ) ;
#2036 = CARTESIAN_POINT ( 'NONE',  ( -9.139258057307941385, 0.5000000000000004441, 8.999999999999998224 ) ) ;
#2037 = ORIENTED_EDGE ( 'NONE', *, *, #1005, .F. ) ;
#2038 = DIRECTION ( 'NONE',  ( -1.000000000000000000, -0.000000000000000000, -0.000000000000000000 ) ) ;
#2039 = ORIENTED_EDGE ( 'NONE', *, *, #1949, .F. ) ;
#2040 = CIRCLE ( 'NONE', #890, 4.224999999999999645 ) ;
#2041 = EDGE_CURVE ( 'NONE', #147, #2338, #711, .T. ) ;
#2042 = DIRECTION ( 'NONE',  ( 0.5773502691896258421, -0.5773502691896258421, -0.5773502691896258421 ) ) ;
#2043 = PLANE ( 'NONE',  #735 ) ;
#2044 = CIRCLE ( 'NONE', #1874, 4.224999999999999645 ) ;
#2045 = VECTOR ( 'NONE', #1764, 1000.000000000000000 ) ;
#2046 = EDGE_LOOP ( 'NONE', ( #1937, #2166, #242, #2457 ) ) ;
#2047 = FACE_OUTER_BOUND ( 'NONE', #2151, .T. ) ;
#2048 = DIRECTION ( 'NONE',  ( 0.5735764363510494901, 7.024285468436583073E-17, -0.8191520442889894671 ) ) ;
#2049 = ORIENTED_EDGE ( 'NONE', *, *, #1795, .F. ) ;
#2050 = CARTESIAN_POINT ( 'NONE',  ( 11.33824865405188120, 0.000000000000000000, 9.320508075688760385 ) ) ;
#2051 = ORIENTED_EDGE ( 'NONE', *, *, #182, .F. ) ;
#2052 = CARTESIAN_POINT ( 'NONE',  ( -9.139258057307941385, 11.50000000000000000, 9.499999999999998224 ) ) ;
#2053 = DIRECTION ( 'NONE',  ( -1.000000000000000000, -0.000000000000000000, -0.000000000000000000 ) ) ;
#2054 = ORIENTED_EDGE ( 'NONE', *, *, #544, .T. ) ;
#2055 = CARTESIAN_POINT ( 'NONE',  ( 0.000000000000000000, 0.000000000000000000, -5.289111748885088282 ) ) ;
#2056 = VERTEX_POINT ( 'NONE', #135 ) ;
#2057 = DIRECTION ( 'NONE',  ( 0.000000000000000000, 0.000000000000000000, 1.000000000000000000 ) ) ;
#2058 = CARTESIAN_POINT ( 'NONE',  ( -14.88925805730794494, 11.50000000000000000, -14.75000000000000355 ) ) ;
#2059 = ORIENTED_EDGE ( 'NONE', *, *, #1998, .F. ) ;
#2060 = ORIENTED_EDGE ( 'NONE', *, *, #1475, .T. ) ;
#2061 = EDGE_CURVE ( 'NONE', #349, #125, #162, .T. ) ;
#2062 = FACE_OUTER_BOUND ( 'NONE', #2575, .T. ) ;
#2063 = DIRECTION ( 'NONE',  ( -1.445602896647339163E-16, -0.000000000000000000, -1.000000000000000000 ) ) ;
#2064 = DIRECTION ( 'NONE',  ( -0.000000000000000000, -0.000000000000000000, 1.000000000000000000 ) ) ;
#2065 = VERTEX_POINT ( 'NONE', #1356 ) ;
#2066 = DIRECTION ( 'NONE',  ( 0.5773502691896258421, 0.5773502691896258421, 0.5773502691896258421 ) ) ;
#2067 = CARTESIAN_POINT ( 'NONE',  ( -8.639258057307941385, 11.50000000000000000, 9.499999999999998224 ) ) ;
#2068 = ORIENTED_EDGE ( 'NONE', *, *, #1506, .F. ) ;
#2069 = DIRECTION ( 'NONE',  ( -1.000000000000000000, 0.000000000000000000, 0.000000000000000000 ) ) ;
#2070 = EDGE_CURVE ( 'NONE', #1792, #1134, #1369, .T. ) ;
#2071 = ADVANCED_FACE ( 'NONE', ( #1512 ), #2415, .F. ) ;
#2072 = CARTESIAN_POINT ( 'NONE',  ( 29.13925805730794494, 11.50000000000000000, 8.999999999999998224 ) ) ;
#2073 = ORIENTED_EDGE ( 'NONE', *, *, #1036, .F. ) ;
#2074 = CIRCLE ( 'NONE', #1320, 4.225000000000003197 ) ;
#2075 = DIRECTION ( 'NONE',  ( -1.000000000000000000, 0.000000000000000000, 0.000000000000000000 ) ) ;
#2076 = DIRECTION ( 'NONE',  ( -1.000000000000000000, 0.000000000000000000, 0.000000000000000000 ) ) ;
#2077 = VECTOR ( 'NONE', #1016, 1000.000000000000000 ) ;
#2078 = ORIENTED_EDGE ( 'NONE', *, *, #659, .F. ) ;
#2079 = STYLED_ITEM ( 'NONE', ( #131 ), #1305 ) ;
#2080 = CARTESIAN_POINT ( 'NONE',  ( 4.224999999999999645, 0.000000000000000000, -14.40000000000000391 ) ) ;
#2081 = CARTESIAN_POINT ( 'NONE',  ( 16.78925805730791865, 6.000000000000000000, -2.499999999999999112 ) ) ;
#2082 = AXIS2_PLACEMENT_3D ( 'NONE', #44, #1880, #1896 ) ;
#2083 = AXIS2_PLACEMENT_3D ( 'NONE', #23, #624, #1805 ) ;
#2084 = VERTEX_POINT ( 'NONE', #2171 ) ;
#2085 = CARTESIAN_POINT ( 'NONE',  ( 28.63925805730794494, 12.00000000000000000, 0.000000000000000000 ) ) ;
#2086 = LINE ( 'NONE', #2280, #348 ) ;
#2087 = VECTOR ( 'NONE', #410, 999.9999999999998863 ) ;
#2088 = EDGE_CURVE ( 'NONE', #1033, #2419, #153, .T. ) ;
#2089 = AXIS2_PLACEMENT_3D ( 'NONE', #1729, #1098, #318 ) ;
#2090 = ORIENTED_EDGE ( 'NONE', *, *, #2313, .T. ) ;
#2091 = EDGE_LOOP ( 'NONE', ( #627, #1130, #1628, #88 ) ) ;
#2092 = EDGE_CURVE ( 'NONE', #950, #203, #1972, .T. ) ;
#2093 = LINE ( 'NONE', #67, #92 ) ;
#2094 = DIRECTION ( 'NONE',  ( -1.000000000000000000, 0.000000000000000000, 0.000000000000000000 ) ) ;
#2095 = FACE_BOUND ( 'NONE', #1145, .T. ) ;
#2096 = PLANE ( 'NONE',  #2541 ) ;
#2097 = ORIENTED_EDGE ( 'NONE', *, *, #486, .T. ) ;
#2098 = DIRECTION ( 'NONE',  ( 0.000000000000000000, -1.000000000000000000, 0.000000000000000000 ) ) ;
#2099 = LINE ( 'NONE', #2321, #264 ) ;
#2100 = ORIENTED_EDGE ( 'NONE', *, *, #791, .T. ) ;
#2101 = DIRECTION ( 'NONE',  ( -1.000000000000000000, 0.000000000000000000, 1.734723475976806848E-16 ) ) ;
#2102 = EDGE_CURVE ( 'NONE', #2350, #2441, #1289, .T. ) ;
#2103 = ADVANCED_FACE ( 'NONE', ( #1333 ), #1631, .F. ) ;
#2104 = DIRECTION ( 'NONE',  ( 0.7071067811865475727, 0.7071067811865475727, 0.000000000000000000 ) ) ;
#2105 = CARTESIAN_POINT ( 'NONE',  ( 13.07029946162075618, 1.600650039957122924E-15, 9.320508075688760385 ) ) ;
#2106 = CYLINDRICAL_SURFACE ( 'NONE', #520, 2.049999999999999822 ) ;
#2107 = ORIENTED_EDGE ( 'NONE', *, *, #744, .T. ) ;
#2108 = DIRECTION ( 'NONE',  ( -0.5735764363510494901, 0.000000000000000000, -0.8191520442889894671 ) ) ;
#2109 = CARTESIAN_POINT ( 'NONE',  ( 0.000000000000000000, 0.000000000000000000, -15.00000000000000000 ) ) ;
#2110 = EDGE_LOOP ( 'NONE', ( #1898, #926, #1464, #641 ) ) ;
#2111 = FACE_OUTER_BOUND ( 'NONE', #798, .T. ) ;
#2112 = CARTESIAN_POINT ( 'NONE',  ( -1.504188906600137265, 2.826779041122317369E-16, -14.40911534819277051 ) ) ;
#2113 = EDGE_CURVE ( 'NONE', #1249, #1725, #1316, .T. ) ;
#2114 = EDGE_CURVE ( 'NONE', #1004, #1813, #559, .T. ) ;
#2115 = LINE ( 'NONE', #953, #1830 ) ;
#2116 = DIRECTION ( 'NONE',  ( 0.000000000000000000, 0.000000000000000000, -1.000000000000000000 ) ) ;
#2117 = AXIS2_PLACEMENT_3D ( 'NONE', #754, #1985, #166 ) ;
#2118 = AXIS2_PLACEMENT_3D ( 'NONE', #1090, #2066, #249 ) ;
#2119 = ORIENTED_EDGE ( 'NONE', *, *, #1789, .T. ) ;
#2120 = DIRECTION ( 'NONE',  ( -1.734723475976806848E-16, -0.000000000000000000, -1.000000000000000000 ) ) ;
#2121 = AXIS2_PLACEMENT_3D ( 'NONE', #2139, #2566, #1562 ) ;
#2122 = EDGE_LOOP ( 'NONE', ( #586, #1255, #1873, #929 ) ) ;
#2123 = AXIS2_PLACEMENT_3D ( 'NONE', #1839, #3, #597 ) ;
#2124 = ORIENTED_EDGE ( 'NONE', *, *, #1907, .T. ) ;
#2125 = VECTOR ( 'NONE', #1601, 1000.000000000000000 ) ;
#2126 = DIRECTION ( 'NONE',  ( 0.000000000000000000, 0.000000000000000000, 1.000000000000000000 ) ) ;
#2127 = ORIENTED_EDGE ( 'NONE', *, *, #744, .F. ) ;
#2128 = CIRCLE ( 'NONE', #2218, 3.468638652999641359 ) ;
#2129 = FACE_OUTER_BOUND ( 'NONE', #170, .T. ) ;
#2130 = DIRECTION ( 'NONE',  ( 0.000000000000000000, 0.000000000000000000, 1.000000000000000000 ) ) ;
#2131 =( GEOMETRIC_REPRESENTATION_CONTEXT ( 3 ) GLOBAL_UNCERTAINTY_ASSIGNED_CONTEXT ( ( #2387 ) ) GLOBAL_UNIT_ASSIGNED_CONTEXT ( ( #315, #1311, #286 ) ) REPRESENTATION_CONTEXT ( 'NONE', 'WORKASPACE' ) );
#2132 = CARTESIAN_POINT ( 'NONE',  ( -14.63925805730794494, 12.00000000000000000, -15.00000000000000355 ) ) ;
#2133 = DIRECTION ( 'NONE',  ( -0.000000000000000000, -0.000000000000000000, 1.000000000000000000 ) ) ;
#2134 = ORIENTED_EDGE ( 'NONE', *, *, #1349, .T. ) ;
#2135 = CARTESIAN_POINT ( 'NONE',  ( -7.639258057307945826, 6.000000000000000000, -16.50000000000000000 ) ) ;
#2136 = CARTESIAN_POINT ( 'NONE',  ( 3.248147529496737018, 7.319912971448902184, -13.62499999999999467 ) ) ;
#2137 = EDGE_CURVE ( 'NONE', #1617, #316, #124, .T. ) ;
#2138 = ORIENTED_EDGE ( 'NONE', *, *, #2061, .F. ) ;
#2139 = CARTESIAN_POINT ( 'NONE',  ( 0.000000000000000000, 0.000000000000000000, 9.320508075688760385 ) ) ;
#2140 = ORIENTED_EDGE ( 'NONE', *, *, #2137, .F. ) ;
#2141 = CARTESIAN_POINT ( 'NONE',  ( 17.43925805730793854, 6.000000000000000000, -0.8999999999999995781 ) ) ;
#2142 = CARTESIAN_POINT ( 'NONE',  ( 20.53925805730794352, 6.000000000000000000, 0.5999999999999893197 ) ) ;
#2143 = DIRECTION ( 'NONE',  ( 0.000000000000000000, 0.7071067811865474617, -0.7071067811865474617 ) ) ;
#2144 = FACE_OUTER_BOUND ( 'NONE', #1437, .T. ) ;
#2145 = EDGE_LOOP ( 'NONE', ( #1514, #1575, #477, #2090 ) ) ;
#2146 = LINE ( 'NONE', #1173, #1790 ) ;
#2147 = CARTESIAN_POINT ( 'NONE',  ( 29.14025805730794616, 8.755208333333330373, -15.67874970932689394 ) ) ;
#2148 = ADVANCED_FACE ( 'NONE', ( #2144, #1781 ), #699, .F. ) ;
#2149 = ORIENTED_EDGE ( 'NONE', *, *, #1041, .F. ) ;
#2150 = EDGE_CURVE ( 'NONE', #962, #1053, #431, .T. ) ;
#2151 = EDGE_LOOP ( 'NONE', ( #2019, #1461, #251, #284 ) ) ;
#2152 = ORIENTED_EDGE ( 'NONE', *, *, #591, .F. ) ;
#2153 = DIRECTION ( 'NONE',  ( 1.000000000000000000, 0.000000000000000000, 0.000000000000000000 ) ) ;
#2154 = PLANE ( 'NONE',  #681 ) ;
#2155 = CARTESIAN_POINT ( 'NONE',  ( 21.48925805730797123, 6.000000000000000000, -2.500000000000000000 ) ) ;
#2156 = ORIENTED_EDGE ( 'NONE', *, *, #1032, .F. ) ;
#2157 = VECTOR ( 'NONE', #2347, 1000.000000000000227 ) ;
#2158 = CARTESIAN_POINT ( 'NONE',  ( -14.63925805730794494, 12.00000000000000000, -15.00000000000000355 ) ) ;
#2159 = CARTESIAN_POINT ( 'NONE',  ( -9.139258057307941385, 12.00000000000000000, 8.999999999999998224 ) ) ;
#2160 = AXIS2_PLACEMENT_3D ( 'NONE', #2274, #1445, #490 ) ;
#2161 = ORIENTED_EDGE ( 'NONE', *, *, #614, .F. ) ;
#2162 = DIRECTION ( 'NONE',  ( 0.5000000000000007772, 0.000000000000000000, 0.8660254037844381525 ) ) ;
#2163 = CONICAL_SURFACE ( 'NONE', #51, 4.224999999999999645, 0.7853981633974482790 ) ;
#2164 = CLOSED_SHELL ( 'NONE', ( #450, #2071, #1758, #660, #2563, #1285, #645, #197, #430, #970, #1182, #2440, #1759, #2181, #1067, #2224, #935, #1231, #115, #2333 ) ) ;
#2165 = CIRCLE ( 'NONE', #1924, 1.399999999999998579 ) ;
#2166 = ORIENTED_EDGE ( 'NONE', *, *, #885, .T. ) ;
#2167 = FACE_OUTER_BOUND ( 'NONE', #258, .T. ) ;
#2168 = EDGE_CURVE ( 'NONE', #1908, #2338, #772, .T. ) ;
#2169 = AXIS2_PLACEMENT_3D ( 'NONE', #2212, #368, #1181 ) ;
#2170 = DIRECTION ( 'NONE',  ( 0.000000000000000000, -1.000000000000000000, 0.000000000000000000 ) ) ;
#2171 = CARTESIAN_POINT ( 'NONE',  ( -15.13925805730794494, 0.5000000000000004441, -15.00000000000000355 ) ) ;
#2172 = VERTEX_POINT ( 'NONE', #2008 ) ;
#2173 = CARTESIAN_POINT ( 'NONE',  ( 0.000000000000000000, 0.000000000000000000, 9.320508075688762162 ) ) ;
#2174 = ADVANCED_FACE ( 'NONE', ( #1382 ), #190, .F. ) ;
#2175 = LINE ( 'NONE', #2331, #390 ) ;
#2176 = ORIENTED_EDGE ( 'NONE', *, *, #705, .T. ) ;
#2177 = EDGE_LOOP ( 'NONE', ( #48, #1295, #2323, #308 ) ) ;
#2178 = ORIENTED_EDGE ( 'NONE', *, *, #651, .T. ) ;
#2179 = DIRECTION ( 'NONE',  ( -1.734723475976807094E-16, -0.000000000000000000, -1.000000000000000000 ) ) ;
#2180 = EDGE_CURVE ( 'NONE', #2011, #2065, #2183, .T. ) ;
#2181 = ADVANCED_FACE ( 'NONE', ( #14 ), #102, .F. ) ;
#2182 = LINE ( 'NONE', #579, #845 ) ;
#2183 = LINE ( 'NONE', #1821, #1331 ) ;
#2184 = SHAPE_REPRESENTATION ( 'Side Mount Funnel', ( #1374, #2465, #1588 ), #2131 ) ;
#2185 = ORIENTED_EDGE ( 'NONE', *, *, #1807, .F. ) ;
#2186 = CARTESIAN_POINT ( 'NONE',  ( 19.13925805730794494, 6.000000000000000000, -9.199999999999974420 ) ) ;
#2187 = DIRECTION ( 'NONE',  ( 0.000000000000000000, 1.000000000000000000, 0.000000000000000000 ) ) ;
#2188 = EDGE_LOOP ( 'NONE', ( #1187, #731 ) ) ;
#2189 = CARTESIAN_POINT ( 'NONE',  ( -3.625000000000003109, 4.806738686653362651E-16, -15.00000000000000000 ) ) ;
#2190 = ORIENTED_EDGE ( 'NONE', *, *, #989, .F. ) ;
#2191 = PLANE ( 'NONE',  #1751 ) ;
#2192 = FACE_OUTER_BOUND ( 'NONE', #2302, .T. ) ;
#2193 = CARTESIAN_POINT ( 'NONE',  ( 0.000000000000000000, 0.000000000000000000, 6.320508075688760385 ) ) ;
#2194 = PRODUCT_RELATED_PRODUCT_CATEGORY ( 'part', '', ( #1564 ) ) ;
#2195 = EDGE_CURVE ( 'NONE', #1672, #24, #2253, .T. ) ;
#2196 = DIRECTION ( 'NONE',  ( -1.000000000000000000, 0.000000000000000000, 0.000000000000000000 ) ) ;
#2197 = ORIENTED_EDGE ( 'NONE', *, *, #1935, .F. ) ;
#2198 = DIRECTION ( 'NONE',  ( 0.000000000000000000, 0.000000000000000000, -1.000000000000000000 ) ) ;
#2199 = LINE ( 'NONE', #230, #814 ) ;
#2200 =( GEOMETRIC_REPRESENTATION_CONTEXT ( 3 ) GLOBAL_UNCERTAINTY_ASSIGNED_CONTEXT ( ( #1978 ) ) GLOBAL_UNIT_ASSIGNED_CONTEXT ( ( #323, #2522, #2356 ) ) REPRESENTATION_CONTEXT ( 'NONE', 'WORKASPACE' ) );
#2201 = VERTEX_POINT ( 'NONE', #1017 ) ;
#2202 = CARTESIAN_POINT ( 'NONE',  ( 21.18925805730794565, 6.000000000000000000, -2.199999999999976641 ) ) ;
#2203 = UNCERTAINTY_MEASURE_WITH_UNIT (LENGTH_MEASURE( 1.000000000000000082E-05 ), #1393, 'distance_accuracy_value', 'NONE');
#2204 = AXIS2_PLACEMENT_3D ( 'NONE', #172, #189, #2170 ) ;
#2205 = CONICAL_SURFACE ( 'NONE', #1065, 4.224999999999999645, 0.5235987755982998149 ) ;
#2206 = VERTEX_POINT ( 'NONE', #997 ) ;
#2207 = FACE_OUTER_BOUND ( 'NONE', #903, .T. ) ;
#2208 = VECTOR ( 'NONE', #283, 1000.000000000000114 ) ;
#2209 = VECTOR ( 'NONE', #1477, 1000.000000000000114 ) ;
#2210 = VECTOR ( 'NONE', #1463, 1000.000000000000000 ) ;
#2211 = FACE_BOUND ( 'NONE', #1213, .T. ) ;
#2212 = CARTESIAN_POINT ( 'NONE',  ( 19.13925805730794494, 6.000000000000000000, -2.199999999999976641 ) ) ;
#2213 = VECTOR ( 'NONE', #580, 1000.000000000000000 ) ;
#2214 =( NAMED_UNIT ( * ) PLANE_ANGLE_UNIT ( ) SI_UNIT ( $, .RADIAN. ) );
#2215 = VERTEX_POINT ( 'NONE', #1223 ) ;
#2216 = DIRECTION ( 'NONE',  ( -1.734723475976807094E-16, -0.000000000000000000, -1.000000000000000000 ) ) ;
#2217 = CYLINDRICAL_SURFACE ( 'NONE', #642, 1.399999999999998579 ) ;
#2218 = AXIS2_PLACEMENT_3D ( 'NONE', #1858, #1678, #2076 ) ;
#2219 = AXIS2_PLACEMENT_3D ( 'NONE', #1782, #1658, #2452 ) ;
#2220 = PRODUCT_DEFINITION_SHAPE ( 'NONE', 'NONE',  #2609 ) ;
#2221 = EDGE_LOOP ( 'NONE', ( #1973, #1710, #248, #842 ) ) ;
#2222 = FACE_OUTER_BOUND ( 'NONE', #2355, .T. ) ;
#2223 = EDGE_CURVE ( 'NONE', #1602, #771, #2393, .T. ) ;
#2224 = ADVANCED_FACE ( 'NONE', ( #1581 ), #1633, .T. ) ;
#2225 = EDGE_LOOP ( 'NONE', ( #423, #1563, #864, #2049 ) ) ;
#2226 = LINE ( 'NONE', #1210, #1403 ) ;
#2227 = DIRECTION ( 'NONE',  ( -1.734723475976807094E-16, -0.000000000000000000, -1.000000000000000000 ) ) ;
#2228 = ORIENTED_EDGE ( 'NONE', *, *, #2501, .F. ) ;
#2229 = CARTESIAN_POINT ( 'NONE',  ( 23.36425805730794991, 6.000000000000000888, -2.500000000000000444 ) ) ;
#2230 = DIRECTION ( 'NONE',  ( -1.734723475976807094E-16, 0.000000000000000000, -1.000000000000000000 ) ) ;
#2231 = ORIENTED_EDGE ( 'NONE', *, *, #1715, .F. ) ;
#2232 = CARTESIAN_POINT ( 'NONE',  ( 21.18925805730794565, 6.000000000000000000, 2.199999999999972644 ) ) ;
#2233 = ADVANCED_FACE ( 'NONE', ( #2607 ), #395, .F. ) ;
#2234 = ORIENTED_EDGE ( 'NONE', *, *, #1676, .F. ) ;
#2235 = CARTESIAN_POINT ( 'NONE',  ( -15.13925805730794494, 6.000000000000000000, -16.50000000000000000 ) ) ;
#2236 = CARTESIAN_POINT ( 'NONE',  ( 29.14025805730794616, 6.000000000000000000, -16.50000000000000000 ) ) ;
#2237 = ORIENTED_EDGE ( 'NONE', *, *, #971, .F. ) ;
#2238 = DIRECTION ( 'NONE',  ( 0.7071067811865475727, 0.000000000000000000, -0.7071067811865475727 ) ) ;
#2239 = DIRECTION ( 'NONE',  ( -1.734723475976806848E-16, -0.000000000000000000, -1.000000000000000000 ) ) ;
#2240 = EDGE_LOOP ( 'NONE', ( #2358, #648, #377, #2444 ) ) ;
#2241 = DIRECTION ( 'NONE',  ( 0.7071067811865512365, -8.659560562354977232E-17, 0.7071067811865439090 ) ) ;
#2242 = ORIENTED_EDGE ( 'NONE', *, *, #1349, .F. ) ;
#2243 = CIRCLE ( 'NONE', #467, 4.224999999999999645 ) ;
#2244 = DIRECTION ( 'NONE',  ( 0.7071067811865475727, 0.000000000000000000, 0.7071067811865475727 ) ) ;
#2245 = CARTESIAN_POINT ( 'NONE',  ( 28.63925805730794494, 11.50000000000000000, 9.499999999999998224 ) ) ;
#2246 = CIRCLE ( 'NONE', #2371, 2.049999999999999822 ) ;
#2247 = ORIENTED_EDGE ( 'NONE', *, *, #791, .F. ) ;
#2248 = DIRECTION ( 'NONE',  ( 0.000000000000000000, 0.000000000000000000, -1.000000000000000000 ) ) ;
#2249 = DIRECTION ( 'NONE',  ( -0.000000000000000000, -1.000000000000000000, -0.000000000000000000 ) ) ;
#2250 = AXIS2_PLACEMENT_3D ( 'NONE', #763, #781, #1193 ) ;
#2251 = ADVANCED_FACE ( 'NONE', ( #1993 ), #1811, .F. ) ;
#2252 = ORIENTED_EDGE ( 'NONE', *, *, #577, .F. ) ;
#2253 = CIRCLE ( 'NONE', #434, 3.112291605316328535 ) ;
#2254 = DIRECTION ( 'NONE',  ( -1.734723475976807094E-16, -0.000000000000000000, -1.000000000000000000 ) ) ;
#2255 = CARTESIAN_POINT ( 'NONE',  ( 7.183475583886159477, 12.00000000000000000, -10.25906633660763845 ) ) ;
#2256 = ORIENTED_EDGE ( 'NONE', *, *, #1439, .F. ) ;
#2257 = LINE ( 'NONE', #1468, #2015 ) ;
#2258 = FACE_OUTER_BOUND ( 'NONE', #2145, .T. ) ;
#2259 = DIRECTION ( 'NONE',  ( -2.465190328815662439E-32, -0.000000000000000000, 1.000000000000000000 ) ) ;
#2260 = EDGE_CURVE ( 'NONE', #297, #2084, #173, .T. ) ;
#2261 = ADVANCED_FACE ( 'NONE', ( #380 ), #802, .F. ) ;
#2262 = VERTEX_POINT ( 'NONE', #978 ) ;
#2263 = DIRECTION ( 'NONE',  ( -1.000000000000000000, -0.000000000000000000, -0.000000000000000000 ) ) ;
#2264 = CARTESIAN_POINT ( 'NONE',  ( 28.63925805730794494, 0.000000000000000000, -0.000000000000000000 ) ) ;
#2265 = ORIENTED_EDGE ( 'NONE', *, *, #255, .T. ) ;
#2266 = DIRECTION ( 'NONE',  ( 0.000000000000000000, 1.000000000000000000, 0.000000000000000000 ) ) ;
#2267 = CARTESIAN_POINT ( 'NONE',  ( -8.639258057307941385, 12.00000000000000000, 9.499999999999998224 ) ) ;
#2268 = VERTEX_POINT ( 'NONE', #1232 ) ;
#2269 = ORIENTED_EDGE ( 'NONE', *, *, #577, .T. ) ;
#2270 = FACE_OUTER_BOUND ( 'NONE', #293, .T. ) ;
#2271 = DIRECTION ( 'NONE',  ( 1.000000000000000000, 0.000000000000000000, 0.000000000000000000 ) ) ;
#2272 = PLANE ( 'NONE',  #1416 ) ;
#2273 = ORIENTED_EDGE ( 'NONE', *, *, #533, .T. ) ;
#2274 = CARTESIAN_POINT ( 'NONE',  ( 0.000000000000000000, 0.000000000000000000, 7.820508075688759497 ) ) ;
#2275 = DIRECTION ( 'NONE',  ( 0.000000000000000000, 0.000000000000000000, 1.000000000000000000 ) ) ;
#2276 = EDGE_CURVE ( 'NONE', #2441, #1946, #2417, .T. ) ;
#2277 = EDGE_CURVE ( 'NONE', #2056, #1033, #2022, .T. ) ;
#2278 = EDGE_LOOP ( 'NONE', ( #1172, #1878, #1371 ) ) ;
#2279 = CARTESIAN_POINT ( 'NONE',  ( -8.639258057307944938, 0.000000000000000000, -15.00000000000000355 ) ) ;
#2280 = CARTESIAN_POINT ( 'NONE',  ( -14.72820654848656652, 0.4918412863939442548, -26.20221868468353676 ) ) ;
#2281 = ORIENTED_EDGE ( 'NONE', *, *, #1032, .T. ) ;
#2282 = EDGE_LOOP ( 'NONE', ( #1264, #1108, #2310, #1712 ) ) ;
#2283 = VECTOR ( 'NONE', #483, 1000.000000000000000 ) ;
#2284 = CARTESIAN_POINT ( 'NONE',  ( 28.63925805730794494, 12.00000000000000000, -9.500000000000001776 ) ) ;
#2285 = DIRECTION ( 'NONE',  ( 0.7071067811865530128, 8.659560562354998186E-17, -0.7071067811865421326 ) ) ;
#2286 = VECTOR ( 'NONE', #448, 1000.000000000000000 ) ;
#2287 = ORIENTED_EDGE ( 'NONE', *, *, #1490, .F. ) ;
#2288 = VECTOR ( 'NONE', #1074, 1000.000000000000000 ) ;
#2289 = DIRECTION ( 'NONE',  ( 1.734723475976806848E-16, -0.000000000000000000, 1.000000000000000000 ) ) ;
#2290 = VECTOR ( 'NONE', #585, 1000.000000000000227 ) ;
#2291 = CARTESIAN_POINT ( 'NONE',  ( 19.13925805730794494, 6.000000000000000000, 0.8999999999999963585 ) ) ;
#2292 = CIRCLE ( 'NONE', #1671, 1.700000000000007061 ) ;
#2293 = CIRCLE ( 'NONE', #1060, 2.049999999999999822 ) ;
#2294 = ORIENTED_EDGE ( 'NONE', *, *, #1506, .T. ) ;
#2295 = LINE ( 'NONE', #692, #2283 ) ;
#2296 = CARTESIAN_POINT ( 'NONE',  ( -4.963703509270417591, 6.000000000000000000, -19.37500000000000711 ) ) ;
#2297 = VECTOR ( 'NONE', #2533, 1000.000000000000000 ) ;
#2298 = VECTOR ( 'NONE', #794, 1000.000000000000114 ) ;
#2299 = EDGE_CURVE ( 'NONE', #943, #2523, #188, .T. ) ;
#2300 = VERTEX_POINT ( 'NONE', #202 ) ;
#2301 = ADVANCED_FACE ( 'NONE', ( #2033 ), #2043, .F. ) ;
#2302 = EDGE_LOOP ( 'NONE', ( #1783, #1146 ) ) ;
#2303 = ITEM_DEFINED_TRANSFORMATION ( 'NONE', 'NONE', #2465,  #2505 ) ;
#2304 = FACE_OUTER_BOUND ( 'NONE', #139, .T. ) ;
#2305 = DIRECTION ( 'NONE',  ( -1.000000000000000000, -0.000000000000000000, -0.000000000000000000 ) ) ;
#2306 = DIRECTION ( 'NONE',  ( -1.000000000000000000, 0.000000000000000000, 0.000000000000000000 ) ) ;
#2307 = VERTEX_POINT ( 'NONE', #247 ) ;
#2308 = CARTESIAN_POINT ( 'NONE',  ( 28.63925805730794494, 0.5000000000000004441, 9.499999999999998224 ) ) ;
#2309 = DIRECTION ( 'NONE',  ( -1.000000000000000000, 0.000000000000000000, 1.734723475976806848E-16 ) ) ;
#2310 = ORIENTED_EDGE ( 'NONE', *, *, #1205, .T. ) ;
#2311 = ORIENTED_EDGE ( 'NONE', *, *, #241, .T. ) ;
#2312 = ADVANCED_FACE ( 'NONE', ( #1846 ), #473, .F. ) ;
#2313 = EDGE_CURVE ( 'NONE', #1818, #800, #2583, .T. ) ;
#2314 =( NAMED_UNIT ( * ) PLANE_ANGLE_UNIT ( ) SI_UNIT ( $, .RADIAN. ) );
#2315 = FACE_OUTER_BOUND ( 'NONE', #1867, .T. ) ;
#2316 = CYLINDRICAL_SURFACE ( 'NONE', #480, 1.549999999999999378 ) ;
#2317 = LINE ( 'NONE', #1718, #1747 ) ;
#2318 = CARTESIAN_POINT ( 'NONE',  ( 19.13925805730794494, 6.000000000000000000, -2.199999999999977085 ) ) ;
#2319 = ORIENTED_EDGE ( 'NONE', *, *, #1785, .F. ) ;
#2320 = FACE_OUTER_BOUND ( 'NONE', #435, .T. ) ;
#2321 = CARTESIAN_POINT ( 'NONE',  ( -15.13925805730794494, 12.00000000000000000, -26.14099247846916541 ) ) ;
#2322 = ORIENTED_EDGE ( 'NONE', *, *, #257, .T. ) ;
#2323 = ORIENTED_EDGE ( 'NONE', *, *, #287, .T. ) ;
#2324 = DIRECTION ( 'NONE',  ( -0.7071067811865474617, -0.000000000000000000, -0.7071067811865474617 ) ) ;
#2325 = DIRECTION ( 'NONE',  ( -1.000000000000000000, 0.000000000000000000, 1.845450506358285111E-16 ) ) ;
#2326 = DIRECTION ( 'NONE',  ( -1.000000000000000000, -0.000000000000000000, -0.000000000000000000 ) ) ;
#2327 = CARTESIAN_POINT ( 'NONE',  ( -14.63925805730794494, 12.00000000000000000, -14.50000000000000178 ) ) ;
#2328 = AXIS2_PLACEMENT_3D ( 'NONE', #161, #1420, #379 ) ;
#2329 = ORIENTED_EDGE ( 'NONE', *, *, #1835, .F. ) ;
#2330 = DIRECTION ( 'NONE',  ( 0.7071067811865475727, 0.000000000000000000, 0.7071067811865475727 ) ) ;
#2331 = CARTESIAN_POINT ( 'NONE',  ( -15.04564435673886713, 11.59361370056907781, -26.02837827808160398 ) ) ;
#2332 = CIRCLE ( 'NONE', #1709, 2.049999999999999822 ) ;
#2333 = ADVANCED_FACE ( 'NONE', ( #278 ), #270, .T. ) ;
#2334 = VERTEX_POINT ( 'NONE', #2493 ) ;
#2335 = CIRCLE ( 'NONE', #1836, 13.07029946162075618 ) ;
#2336 = ORIENTED_EDGE ( 'NONE', *, *, #484, .F. ) ;
#2337 = AXIS2_PLACEMENT_3D ( 'NONE', #178, #1434, #2026 ) ;
#2338 = VERTEX_POINT ( 'NONE', #2470 ) ;
#2339 = FACE_OUTER_BOUND ( 'NONE', #460, .T. ) ;
#2340 = CARTESIAN_POINT ( 'NONE',  ( -3.108830281325977975E-16, 0.000000000000000000, -0.8999999999999962474 ) ) ;
#2341 =( GEOMETRIC_REPRESENTATION_CONTEXT ( 3 ) GLOBAL_UNCERTAINTY_ASSIGNED_CONTEXT ( ( #1719 ) ) GLOBAL_UNIT_ASSIGNED_CONTEXT ( ( #2587, #2214, #1583 ) ) REPRESENTATION_CONTEXT ( 'NONE', 'WORKASPACE' ) );
#2342 = FACE_OUTER_BOUND ( 'NONE', #1386, .T. ) ;
#2343 = DIRECTION ( 'NONE',  ( 1.000000000000000000, 0.000000000000000000, 0.000000000000000000 ) ) ;
#2344 = ADVANCED_FACE ( 'NONE', ( #2304 ), #1870, .F. ) ;
#2345 = EDGE_CURVE ( 'NONE', #2065, #388, #658, .T. ) ;
#2346 = VERTEX_POINT ( 'NONE', #1291 ) ;
#2347 = DIRECTION ( 'NONE',  ( -0.2588190451025185190, 0.000000000000000000, -0.9659258262890688673 ) ) ;
#2348 = CARTESIAN_POINT ( 'NONE',  ( 3.625000000000003109, 0.000000000000000000, -15.00000000000000000 ) ) ;
#2349 = ORIENTED_EDGE ( 'NONE', *, *, #1133, .T. ) ;
#2350 = VERTEX_POINT ( 'NONE', #1470 ) ;
#2351 = ORIENTED_EDGE ( 'NONE', *, *, #1608, .T. ) ;
#2352 = DIRECTION ( 'NONE',  ( -0.000000000000000000, -0.000000000000000000, 1.000000000000000000 ) ) ;
#2353 = DIRECTION ( 'NONE',  ( 0.000000000000000000, 0.000000000000000000, 1.000000000000000000 ) ) ;
#2354 = CARTESIAN_POINT ( 'NONE',  ( 13.78576951545868212, 1.688269851088963459E-15, 9.320508075688762162 ) ) ;
#2355 = EDGE_LOOP ( 'NONE', ( #1662, #469, #914, #525 ) ) ;
#2356 =( NAMED_UNIT ( * ) SI_UNIT ( $, .STERADIAN. ) SOLID_ANGLE_UNIT ( ) );
#2357 = LINE ( 'NONE', #114, #898 ) ;
#2358 = ORIENTED_EDGE ( 'NONE', *, *, #339, .F. ) ;
#2359 = ORIENTED_EDGE ( 'NONE', *, *, #385, .F. ) ;
#2360 = EDGE_LOOP ( 'NONE', ( #1955, #1137, #2247, #2437 ) ) ;
#2361 = FACE_OUTER_BOUND ( 'NONE', #2282, .T. ) ;
#2362 = CARTESIAN_POINT ( 'NONE',  ( 19.13925805730794494, 6.000000000000000000, 2.199999999999973088 ) ) ;
#2363 = ORIENTED_EDGE ( 'NONE', *, *, #571, .F. ) ;
#2364 = AXIS2_PLACEMENT_3D ( 'NONE', #2158, #915, #2330 ) ;
#2365 = DIRECTION ( 'NONE',  ( -1.734723475976806848E-16, 0.000000000000000000, -1.000000000000000000 ) ) ;
#2366 = LINE ( 'NONE', #1746, #557 ) ;
#2367 = VECTOR ( 'NONE', #741, 1000.000000000000000 ) ;
#2368 = ORIENTED_EDGE ( 'NONE', *, *, #1513, .T. ) ;
#2369 = CARTESIAN_POINT ( 'NONE',  ( 29.14025805730794616, 7.650000000000001243, -16.50000000000000000 ) ) ;
#2370 = VECTOR ( 'NONE', #341, 999.9999999999998863 ) ;
#2371 = AXIS2_PLACEMENT_3D ( 'NONE', #1013, #826, #1228 ) ;
#2372 = EDGE_CURVE ( 'NONE', #594, #1467, #2128, .T. ) ;
#2373 = EDGE_CURVE ( 'NONE', #1556, #2262, #2439, .T. ) ;
#2374 = AXIS2_PLACEMENT_3D ( 'NONE', #2255, #2557, #1980 ) ;
#2375 = ORIENTED_EDGE ( 'NONE', *, *, #25, .F. ) ;
#2376 = DIRECTION ( 'NONE',  ( 1.226634733346698817E-16, 0.7071067811865476838, 0.7071067811865473507 ) ) ;
#2377 = VECTOR ( 'NONE', #985, 1000.000000000000114 ) ;
#2378 = AXIS2_PLACEMENT_3D ( 'NONE', #1611, #1674, #1054 ) ;
#2379 = DIRECTION ( 'NONE',  ( -1.000000000000000000, -0.000000000000000000, -0.000000000000000000 ) ) ;
#2380 = PRODUCT_DEFINITION_SHAPE ( 'NONE', 'NONE',  #743 ) ;
#2381 = CARTESIAN_POINT ( 'NONE',  ( 19.13925805730794494, 6.000000000000000000, -9.500000000000000000 ) ) ;
#2382 = EDGE_LOOP ( 'NONE', ( #1216, #28, #655, #700, #806, #1944, #2231 ) ) ;
#2383 = CARTESIAN_POINT ( 'NONE',  ( -4.224999999999999645, 5.174132726397567306E-16, 0.000000000000000000 ) ) ;
#2384 = CARTESIAN_POINT ( 'NONE',  ( 3.248147529496737906, 6.000000000000000000, -13.62499999999999467 ) ) ;
#2385 = ORIENTED_EDGE ( 'NONE', *, *, #501, .T. ) ;
#2386 = DIRECTION ( 'NONE',  ( -1.000000000000000000, 0.000000000000000000, 2.115516434118057709E-16 ) ) ;
#2387 = UNCERTAINTY_MEASURE_WITH_UNIT (LENGTH_MEASURE( 1.000000000000000082E-05 ), #315, 'distance_accuracy_value', 'NONE');
#2388 = ORIENTED_EDGE ( 'NONE', *, *, #1204, .T. ) ;
#2389 = CARTESIAN_POINT ( 'NONE',  ( 19.13925805730794494, 6.000000000000000000, 9.199999999999970868 ) ) ;
#2390 = ADVANCED_FACE ( 'NONE', ( #1089 ), #2272, .F. ) ;
#2391 = ADVANCED_FACE ( 'NONE', ( #1890 ), #16, .F. ) ;
#2392 = LINE ( 'NONE', #1620, #2002 ) ;
#2393 = LINE ( 'NONE', #1638, #2462 ) ;
#2394 = ORIENTED_EDGE ( 'NONE', *, *, #2501, .T. ) ;
#2395 = LINE ( 'NONE', #583, #1158 ) ;
#2396 = ORIENTED_EDGE ( 'NONE', *, *, #591, .T. ) ;
#2397 = CARTESIAN_POINT ( 'NONE',  ( -7.639258057307945826, 6.000000000000000000, -14.95000000000000107 ) ) ;
#2398 = ORIENTED_EDGE ( 'NONE', *, *, #1656, .T. ) ;
#2399 = FACE_OUTER_BOUND ( 'NONE', #103, .T. ) ;
#2400 = CARTESIAN_POINT ( 'NONE',  ( 21.48925805730797123, 6.000000000000000000, 2.499999999999996003 ) ) ;
#2401 = CARTESIAN_POINT ( 'NONE',  ( 0.000000000000000000, 0.000000000000000000, 8.999999999999998224 ) ) ;
#2402 = EDGE_CURVE ( 'NONE', #1080, #671, #630, .T. ) ;
#2403 = ADVANCED_FACE ( 'NONE', ( #882 ), #1441, .T. ) ;
#2404 = CARTESIAN_POINT ( 'NONE',  ( 19.13925805730794494, 6.000000000000000000, 2.499999999999996003 ) ) ;
#2405 = VERTEX_POINT ( 'NONE', #2245 ) ;
#2406 = DIRECTION ( 'NONE',  ( 0.000000000000000000, 0.000000000000000000, -1.000000000000000000 ) ) ;
#2407 = FACE_OUTER_BOUND ( 'NONE', #1743, .T. ) ;
#2408 = AXIS2_PLACEMENT_3D ( 'NONE', #621, #1433, #2238 ) ;
#2409 = ORIENTED_EDGE ( 'NONE', *, *, #2031, .T. ) ;
#2410 = FACE_OUTER_BOUND ( 'NONE', #1753, .T. ) ;
#2411 = CIRCLE ( 'NONE', #979, 2.999999999999999112 ) ;
#2412 = VECTOR ( 'NONE', #2179, 1000.000000000000000 ) ;
#2413 = ORIENTED_EDGE ( 'NONE', *, *, #356, .T. ) ;
#2414 = VECTOR ( 'NONE', #2241, 1000.000000000000000 ) ;
#2415 = CONICAL_SURFACE ( 'NONE', #643, 1.917930794007982165, 0.6108652381980194113 ) ;
#2416 = LINE ( 'NONE', #2427, #849 ) ;
#2417 = LINE ( 'NONE', #1610, #2213 ) ;
#2418 = CIRCLE ( 'NONE', #1673, 4.225000000000001421 ) ;
#2419 = VERTEX_POINT ( 'NONE', #2454 ) ;
#2420 = DIRECTION ( 'NONE',  ( -0.000000000000000000, -0.000000000000000000, 1.000000000000000000 ) ) ;
#2421 = CARTESIAN_POINT ( 'NONE',  ( 0.000000000000000000, 0.000000000000000000, -14.40000000000000391 ) ) ;
#2422 = EDGE_CURVE ( 'NONE', #2441, #2350, #1455, .T. ) ;
#2423 = ADVANCED_FACE ( 'NONE', ( #433 ), #1246, .F. ) ;
#2424 = EDGE_LOOP ( 'NONE', ( #206, #1804, #2329, #2375 ) ) ;
#2425 = PLANE ( 'NONE',  #1623 ) ;
#2426 = VERTEX_POINT ( 'NONE', #236 ) ;
#2427 = CARTESIAN_POINT ( 'NONE',  ( 9.139258057307941385, 12.00000000000000000, -9.499999999999998224 ) ) ;
#2428 = DIRECTION ( 'NONE',  ( -1.000000000000000000, 0.000000000000000000, 0.000000000000000000 ) ) ;
#2429 = ORIENTED_EDGE ( 'NONE', *, *, #854, .F. ) ;
#2430 = CARTESIAN_POINT ( 'NONE',  ( -9.139258057307941385, 0.5000000000000004441, 9.499999999999998224 ) ) ;
#2431 = CARTESIAN_POINT ( 'NONE',  ( -15.08925805730794423, 6.000000000000000000, -14.95000000000000107 ) ) ;
#2432 = ADVANCED_BREP_SHAPE_REPRESENTATION ( '', ( #1305, #2505 ), #65 ) ;
#2433 = VERTEX_POINT ( 'NONE', #289 ) ;
#2434 = ADVANCED_FACE ( 'NONE', ( #1044 ), #840, .F. ) ;
#2435 = LINE ( 'NONE', #991, #2579 ) ;
#2436 =( REPRESENTATION_RELATIONSHIP ('NONE','NONE', #2184, #1927 ) REPRESENTATION_RELATIONSHIP_WITH_TRANSFORMATION ( #880 )SHAPE_REPRESENTATION_RELATIONSHIP( ) );
#2437 = ORIENTED_EDGE ( 'NONE', *, *, #2513, .F. ) ;
#2438 = LINE ( 'NONE', #629, #980 ) ;
#2439 = LINE ( 'NONE', #54, #2543 ) ;
#2440 = ADVANCED_FACE ( 'NONE', ( #1139 ), #1717, .T. ) ;
#2441 = VERTEX_POINT ( 'NONE', #1952 ) ;
#2442 = CARTESIAN_POINT ( 'NONE',  ( 0.000000000000000000, 0.000000000000000000, -4.310056281885858098 ) ) ;
#2443 = LINE ( 'NONE', #1001, #1330 ) ;
#2444 = ORIENTED_EDGE ( 'NONE', *, *, #2422, .T. ) ;
#2445 = DIRECTION ( 'NONE',  ( 0.000000000000000000, 0.000000000000000000, 1.000000000000000000 ) ) ;
#2446 = LINE ( 'NONE', #233, #1407 ) ;
#2447 = ORIENTED_EDGE ( 'NONE', *, *, #1204, .F. ) ;
#2448 = CIRCLE ( 'NONE', #634, 2.875000000000006217 ) ;
#2449 = ADVANCED_FACE ( 'NONE', ( #1127 ), #1329, .T. ) ;
#2450 = ADVANCED_FACE ( 'NONE', ( #2508, #301 ), #1112, .T. ) ;
#2451 = VECTOR ( 'NONE', #110, 1000.000000000000114 ) ;
#2452 = DIRECTION ( 'NONE',  ( -1.000000000000000000, 0.000000000000000000, 1.548860246407865062E-16 ) ) ;
#2453 = DIRECTION ( 'NONE',  ( 0.000000000000000000, 0.7071067811865474617, -0.7071067811865474617 ) ) ;
#2454 = CARTESIAN_POINT ( 'NONE',  ( -9.139258057307941385, 0.5000000000000004441, 8.999999999999998224 ) ) ;
#2455 = VECTOR ( 'NONE', #1038, 1000.000000000000000 ) ;
#2456 = AXIS2_PLACEMENT_3D ( 'NONE', #2421, #1424, #1412 ) ;
#2457 = ORIENTED_EDGE ( 'NONE', *, *, #1917, .F. ) ;
#2458 = DIRECTION ( 'NONE',  ( -0.7071067811865477948, 0.7071067811865473507, 1.022195611122249672E-16 ) ) ;
#2459 = FACE_OUTER_BOUND ( 'NONE', #1471, .T. ) ;
#2460 = AXIS2_PLACEMENT_3D ( 'NONE', #2362, #550, #925 ) ;
#2461 = EDGE_LOOP ( 'NONE', ( #112, #2385, #631, #2480 ) ) ;
#2462 = VECTOR ( 'NONE', #793, 1000.000000000000114 ) ;
#2463 = LINE ( 'NONE', #1895, #2209 ) ;
#2464 = DIRECTION ( 'NONE',  ( -0.000000000000000000, -0.000000000000000000, 1.000000000000000000 ) ) ;
#2465 = AXIS2_PLACEMENT_3D ( 'NONE', #1300, #2525, #1497 ) ;
#2466 = ORIENTED_EDGE ( 'NONE', *, *, #1850, .T. ) ;
#2467 = DIRECTION ( 'NONE',  ( 1.000000000000000000, 0.000000000000000000, 0.000000000000000000 ) ) ;
#2468 = ADVANCED_FACE ( 'NONE', ( #697 ), #2316, .F. ) ;
#2469 = DIRECTION ( 'NONE',  ( -0.000000000000000000, -0.000000000000000000, 1.000000000000000000 ) ) ;
#2470 = CARTESIAN_POINT ( 'NONE',  ( 13.92500000000000959, 0.000000000000000000, 8.800892833418092920 ) ) ;
#2471 = ORIENTED_EDGE ( 'NONE', *, *, #414, .T. ) ;
#2472 = DIRECTION ( 'NONE',  ( 1.000000000000000000, 0.000000000000000000, -1.734723475976806848E-16 ) ) ;
#2473 = DIRECTION ( 'NONE',  ( 0.000000000000000000, 0.000000000000000000, 1.000000000000000000 ) ) ;
#2474 = EDGE_LOOP ( 'NONE', ( #2336, #1801, #127, #443 ) ) ;
#2475 = DIRECTION ( 'NONE',  ( -1.000000000000000000, -0.000000000000000000, -0.000000000000000000 ) ) ;
#2476 = DIRECTION ( 'NONE',  ( 1.000000000000000000, 0.000000000000000000, -1.445602896647339163E-16 ) ) ;
#2477 = ORIENTED_EDGE ( 'NONE', *, *, #164, .T. ) ;
#2478 = DIRECTION ( 'NONE',  ( -0.7071067811865444641, 0.000000000000000000, -0.7071067811865505703 ) ) ;
#2479 = DIRECTION ( 'NONE',  ( 0.000000000000000000, 0.000000000000000000, -1.000000000000000000 ) ) ;
#2480 = ORIENTED_EDGE ( 'NONE', *, *, #1205, .F. ) ;
#2481 = LINE ( 'NONE', #72, #1235 ) ;
#2482 = CARTESIAN_POINT ( 'NONE',  ( 29.13925805730794494, 0.5000000000000004441, 9.499999999999998224 ) ) ;
#2483 = EDGE_CURVE ( 'NONE', #1946, #2003, #1884, .T. ) ;
#2484 = EDGE_CURVE ( 'NONE', #2433, #1014, #605, .T. ) ;
#2485 = VERTEX_POINT ( 'NONE', #2112 ) ;
#2486 = DIRECTION ( 'NONE',  ( -1.734723475976806848E-16, -0.000000000000000000, -1.000000000000000000 ) ) ;
#2487 = DIRECTION ( 'NONE',  ( -1.000000000000000000, 0.000000000000000000, 0.000000000000000000 ) ) ;
#2488 = ORIENTED_EDGE ( 'NONE', *, *, #1100, .F. ) ;
#2489 = VERTEX_POINT ( 'NONE', #1930 ) ;
#2490 =( NAMED_UNIT ( * ) SI_UNIT ( $, .STERADIAN. ) SOLID_ANGLE_UNIT ( ) );
#2491 = CONICAL_SURFACE ( 'NONE', #1702, 13.78576951545868212, 0.2617993877991471319 ) ;
#2492 = FACE_BOUND ( 'NONE', #2034, .T. ) ;
#2493 = CARTESIAN_POINT ( 'NONE',  ( 21.18925805730794565, 6.000000000000000000, 2.199999999999973088 ) ) ;
#2494 = AXIS2_PLACEMENT_3D ( 'NONE', #1664, #2458, #649 ) ;
#2495 = VECTOR ( 'NONE', #246, 1000.000000000000114 ) ;
#2496 = DIRECTION ( 'NONE',  ( -0.1029490914076146291, 0.8053054057060141657, -0.5838533104462272361 ) ) ;
#2497 = CARTESIAN_POINT ( 'NONE',  ( -8.639258057307941385, 12.00000000000000000, 9.499999999999998224 ) ) ;
#2498 = CIRCLE ( 'NONE', #96, 1.399999999999998579 ) ;
#2499 = ORIENTED_EDGE ( 'NONE', *, *, #456, .F. ) ;
#2500 = FACE_OUTER_BOUND ( 'NONE', #1966, .T. ) ;
#2501 = EDGE_CURVE ( 'NONE', #1503, #1048, #2418, .T. ) ;
#2502 = FACE_OUTER_BOUND ( 'NONE', #1076, .T. ) ;
#2503 = AXIS2_PLACEMENT_3D ( 'NONE', #721, #1912, #1740 ) ;
#2504 = ORIENTED_EDGE ( 'NONE', *, *, #2150, .F. ) ;
#2505 = AXIS2_PLACEMENT_3D ( 'NONE', #1256, #444, #656 ) ;
#2506 = APPLICATION_PROTOCOL_DEFINITION ( 'draft international standard', 'automotive_design', 1998, #1825 ) ;
#2507 =( LENGTH_UNIT ( ) NAMED_UNIT ( * ) SI_UNIT ( .MILLI., .METRE. ) );
#2508 = FACE_BOUND ( 'NONE', #1272, .T. ) ;
#2509 = DIRECTION ( 'NONE',  ( -1.000000000000000000, 0.000000000000000000, 1.548860246407865062E-16 ) ) ;
#2510 = DIRECTION ( 'NONE',  ( 0.7071067811865475727, 0.000000000000000000, -0.7071067811865475727 ) ) ;
#2511 = ORIENTED_EDGE ( 'NONE', *, *, #1834, .F. ) ;
#2512 = CARTESIAN_POINT ( 'NONE',  ( -4.963703509270417591, 6.000000000000000000, -19.37500000000000711 ) ) ;
#2513 = EDGE_CURVE ( 'NONE', #1828, #1792, #2530, .T. ) ;
#2514 = ORIENTED_EDGE ( 'NONE', *, *, #386, .F. ) ;
#2515 = ORIENTED_EDGE ( 'NONE', *, *, #2113, .T. ) ;
#2516 = CARTESIAN_POINT ( 'NONE',  ( 17.73925805730794636, 6.000000000000000000, -0.5999999999999946487 ) ) ;
#2517 = CARTESIAN_POINT ( 'NONE',  ( 29.14025805730794616, 6.000000000000000000, -16.50000000000000000 ) ) ;
#2518 = LINE ( 'NONE', #2532, #1663 ) ;
#2519 = DIRECTION ( 'NONE',  ( 0.000000000000000000, -1.000000000000000000, 0.000000000000000000 ) ) ;
#2520 = EDGE_CURVE ( 'NONE', #1037, #2201, #1970, .T. ) ;
#2521 = EDGE_LOOP ( 'NONE', ( #1341, #2477, #2351, #1765, #540 ) ) ;
#2522 =( NAMED_UNIT ( * ) PLANE_ANGLE_UNIT ( ) SI_UNIT ( $, .RADIAN. ) );
#2523 = VERTEX_POINT ( 'NONE', #2142 ) ;
#2524 = DIRECTION ( 'NONE',  ( -1.897626544708054968E-16, 0.000000000000000000, -1.000000000000000000 ) ) ;
#2525 = DIRECTION ( 'NONE',  ( 0.000000000000000000, 0.000000000000000000, 1.000000000000000000 ) ) ;
#2526 = ORIENTED_EDGE ( 'NONE', *, *, #1041, .T. ) ;
#2527 = LINE ( 'NONE', #378, #2412 ) ;
#2528 = ADVANCED_FACE ( 'NONE', ( #1755 ), #132, .F. ) ;
#2529 = EDGE_CURVE ( 'NONE', #2594, #2405, #1456, .T. ) ;
#2530 = LINE ( 'NONE', #511, #902 ) ;
#2531 = CIRCLE ( 'NONE', #2117, 2.049999999999999822 ) ;
#2532 = CARTESIAN_POINT ( 'NONE',  ( -15.13925805730794494, 0.5000000000000004441, -26.14099247846916541 ) ) ;
#2533 = DIRECTION ( 'NONE',  ( 0.000000000000000000, 1.000000000000000000, 0.000000000000000000 ) ) ;
#2534 = VECTOR ( 'NONE', #357, 1000.000000000000000 ) ;
#2535 = VECTOR ( 'NONE', #1328, 1000.000000000000000 ) ;
#2536 = ORIENTED_EDGE ( 'NONE', *, *, #1321, .F. ) ;
#2537 = FACE_OUTER_BOUND ( 'NONE', #175, .T. ) ;
#2538 = AXIS2_PLACEMENT_3D ( 'NONE', #1338, #1162, #1174 ) ;
#2539 = CIRCLE ( 'NONE', #941, 4.225000000000001421 ) ;
#2540 = ORIENTED_EDGE ( 'NONE', *, *, #2092, .T. ) ;
#2541 = AXIS2_PLACEMENT_3D ( 'NONE', #1893, #863, #1078 ) ;
#2542 = CARTESIAN_POINT ( 'NONE',  ( 0.000000000000000000, 0.000000000000000000, -15.00000000000000000 ) ) ;
#2543 = VECTOR ( 'NONE', #2285, 999.9999999999998863 ) ;
#2544 = ORIENTED_EDGE ( 'NONE', *, *, #81, .F. ) ;
#2545 = ADVANCED_FACE ( 'NONE', ( #2270 ), #691, .F. ) ;
#2546 = PLANE ( 'NONE',  #183 ) ;
#2547 = EDGE_CURVE ( 'NONE', #340, #873, #1498, .T. ) ;
#2548 = CARTESIAN_POINT ( 'NONE',  ( -9.139258057307941385, 0.5000000000000004441, 9.499999999999998224 ) ) ;
#2549 = DIRECTION ( 'NONE',  ( 0.000000000000000000, 0.000000000000000000, 1.000000000000000000 ) ) ;
#2550 = VERTEX_POINT ( 'NONE', #981 ) ;
#2551 = DIRECTION ( 'NONE',  ( -1.224646799147353207E-16, 1.000000000000000000, 0.000000000000000000 ) ) ;
#2552 = CARTESIAN_POINT ( 'NONE',  ( 0.000000000000000000, 0.000000000000000000, 9.320508075688760385 ) ) ;
#2553 = ORIENTED_EDGE ( 'NONE', *, *, #1135, .T. ) ;
#2554 = FACE_OUTER_BOUND ( 'NONE', #381, .T. ) ;
#2555 = ADVANCED_FACE ( 'NONE', ( #1856 ), #2023, .T. ) ;
#2556 = ORIENTED_EDGE ( 'NONE', *, *, #2373, .F. ) ;
#2557 = DIRECTION ( 'NONE',  ( 0.4055797876726403572, 0.7071067811865463515, -0.5792279653395696615 ) ) ;
#2558 = FACE_BOUND ( 'NONE', #1428, .T. ) ;
#2559 = DIRECTION ( 'NONE',  ( -1.000000000000000000, 0.000000000000000000, 0.000000000000000000 ) ) ;
#2560 = ORIENTED_EDGE ( 'NONE', *, *, #1314, .F. ) ;
#2561 = CARTESIAN_POINT ( 'NONE',  ( 19.13925805730794494, 6.000000000000000000, 2.199999999999973532 ) ) ;
#2562 = CARTESIAN_POINT ( 'NONE',  ( 17.08925805730794778, 6.000000000000000000, -0.8999999999999994671 ) ) ;
#2563 = ADVANCED_FACE ( 'NONE', ( #838 ), #1244, .T. ) ;
#2564 = ADVANCED_FACE ( 'NONE', ( #1196 ), #994, .F. ) ;
#2565 = EDGE_LOOP ( 'NONE', ( #1862, #2349, #1994 ) ) ;
#2566 = DIRECTION ( 'NONE',  ( -0.000000000000000000, -0.000000000000000000, 1.000000000000000000 ) ) ;
#2567 = ORIENTED_EDGE ( 'NONE', *, *, #1475, .F. ) ;
#2568 = DIRECTION ( 'NONE',  ( -1.629030687312481196E-17, 0.000000000000000000, 1.000000000000000000 ) ) ;
#2569 = DIRECTION ( 'NONE',  ( -0.8191520442889910214, 0.000000000000000000, -0.5735764363510472696 ) ) ;
#2570 = ORIENTED_EDGE ( 'NONE', *, *, #1263, .T. ) ;
#2571 = CIRCLE ( 'NONE', #1442, 3.000000000000000000 ) ;
#2572 = DIRECTION ( 'NONE',  ( 1.000000000000000000, 0.000000000000000000, -1.734723475976806848E-16 ) ) ;
#2573 = DIRECTION ( 'NONE',  ( 0.000000000000000000, -0.9391088299323229194, -0.3436198561537784912 ) ) ;
#2574 = AXIS2_PLACEMENT_3D ( 'NONE', #1058, #2496, #1273 ) ;
#2575 = EDGE_LOOP ( 'NONE', ( #1394, #620, #861, #1009 ) ) ;
#2576 = ADVANCED_FACE ( 'NONE', ( #2062 ), #1800, .F. ) ;
#2577 = DIRECTION ( 'NONE',  ( 0.000000000000000000, 0.7071067811865475727, 0.7071067811865475727 ) ) ;
#2578 = CIRCLE ( 'NONE', #1195, 1.700000000000007061 ) ;
#2579 = VECTOR ( 'NONE', #32, 1000.000000000000227 ) ;
#2580 = CONICAL_SURFACE ( 'NONE', #56, 2.049999999999999822, 0.7853981633974533860 ) ;
#2581 = ORIENTED_EDGE ( 'NONE', *, *, #492, .T. ) ;
#2582 = AXIS2_PLACEMENT_3D ( 'NONE', #1914, #94, #2549 ) ;
#2583 = CIRCLE ( 'NONE', #1716, 10.47222325026744016 ) ;
#2584 = FACE_OUTER_BOUND ( 'NONE', #1095, .T. ) ;
#2585 = DIRECTION ( 'NONE',  ( -0.000000000000000000, -0.000000000000000000, 1.000000000000000000 ) ) ;
#2586 = PRODUCT ( 'Funnel Body', 'Funnel Body', '', ( #119 ) ) ;
#2587 =( LENGTH_UNIT ( ) NAMED_UNIT ( * ) SI_UNIT ( .MILLI., .METRE. ) );
#2588 = VERTEX_POINT ( 'NONE', #191 ) ;
#2589 = DIRECTION ( 'NONE',  ( 0.1736481776669235311, 0.000000000000000000, 0.9848077530122093526 ) ) ;
#2590 = CARTESIAN_POINT ( 'NONE',  ( 23.66425805730797549, 5.999999999999999112, 9.499999999999996447 ) ) ;
#2591 = ORIENTED_EDGE ( 'NONE', *, *, #1677, .F. ) ;
#2592 = DIRECTION ( 'NONE',  ( 0.000000000000000000, 0.000000000000000000, 1.000000000000000000 ) ) ;
#2593 = PRODUCT_DEFINITION_CONTEXT ( 'detailed design', #1179, 'design' ) ;
#2594 = VERTEX_POINT ( 'NONE', #1597 ) ;
#2595 = DIRECTION ( 'NONE',  ( -1.000000000000000000, 0.000000000000000000, 1.734723475976806848E-16 ) ) ;
#2596 = EDGE_CURVE ( 'NONE', #1033, #736, #2257, .T. ) ;
#2597 = EDGE_CURVE ( 'NONE', #2550, #200, #1208, .T. ) ;
#2598 = DIRECTION ( 'NONE',  ( -1.000000000000000000, 0.000000000000000000, 1.845450506358285111E-16 ) ) ;
#2599 = DIRECTION ( 'NONE',  ( 0.000000000000000000, 0.000000000000000000, -1.000000000000000000 ) ) ;
#2600 = DIRECTION ( 'NONE',  ( -1.000000000000000000, 0.000000000000000000, 1.586637325588543158E-16 ) ) ;
#2601 = ORIENTED_EDGE ( 'NONE', *, *, #356, .F. ) ;
#2602 = LINE ( 'NONE', #1010, #976 ) ;
#2603 = CARTESIAN_POINT ( 'NONE',  ( 8.981608662868453052, 12.00000000000000000, -8.999999999999998224 ) ) ;
#2604 = VERTEX_POINT ( 'NONE', #998 ) ;
#2605 = CARTESIAN_POINT ( 'NONE',  ( -7.639258057307945826, 6.000000000000000000, -19.37500000000000711 ) ) ;
#2606 = ORIENTED_EDGE ( 'NONE', *, *, #1834, .T. ) ;
#2607 = FACE_OUTER_BOUND ( 'NONE', #1552, .T. ) ;
#2608 = NEXT_ASSEMBLY_USAGE_OCCURRENCE ( 'NAUO1', ' ', ' ', #46, #1967, $ ) ;
#2609 = NEXT_ASSEMBLY_USAGE_OCCURRENCE ( 'NAUO2', ' ', ' ', #46, #743, $ ) ;
ENDSEC;
END-ISO-10303-21;
