ISO-10303-21;
HEADER;
FILE_DESCRIPTION (( 'STEP AP214' ),
    '1' );
FILE_NAME ('Beacon Mount _ Burninator Height Mod.STEP',
    '2026-05-30T00:17:06',
    ( '' ),
    ( '' ),
    'SwSTEP 2.0',
    'SolidWorks 2026',
    '' );
FILE_SCHEMA (( 'AUTOMOTIVE_DESIGN' ));
ENDSEC;

DATA;
#1 = DIRECTION ( 'NONE',  ( -1.000000000000000000, 0.000000000000000000, -0.000000000000000000 ) ) ;
#2 = EDGE_LOOP ( 'NONE', ( #329, #832, #964, #590 ) ) ;
#3 = ORIENTED_EDGE ( 'NONE', *, *, #727, .T. ) ;
#4 = DIRECTION ( 'NONE',  ( 0.000000000000000000, -1.000000000000000000, 0.000000000000000000 ) ) ;
#5 = ORIENTED_EDGE ( 'NONE', *, *, #362, .T. ) ;
#6 = LINE ( 'NONE', #392, #843 ) ;
#7 = VERTEX_POINT ( 'NONE', #1339 ) ;
#8 = DIRECTION ( 'NONE',  ( -2.312964634635742464E-16, -1.000000000000000000, 0.000000000000000000 ) ) ;
#9 = CARTESIAN_POINT ( 'NONE',  ( 19.32299999999999329, -12.02200000000001090, -0.09999999999999116540 ) ) ;
#10 = VECTOR ( 'NONE', #1147, 1000.000000000000000 ) ;
#11 = ORIENTED_EDGE ( 'NONE', *, *, #509, .T. ) ;
#12 = DIRECTION ( 'NONE',  ( -1.000000000000000000, -1.269309860470833245E-16, 0.000000000000000000 ) ) ;
#13 = ORIENTED_EDGE ( 'NONE', *, *, #174, .F. ) ;
#14 = DIRECTION ( 'NONE',  ( -4.625929269271484928E-16, -1.000000000000000000, 0.000000000000000000 ) ) ;
#15 = AXIS2_PLACEMENT_3D ( 'NONE', #1563, #907, #1410 ) ;
#16 = VERTEX_POINT ( 'NONE', #219 ) ;
#17 = PLANE ( 'NONE',  #1012 ) ;
#18 = AXIS2_PLACEMENT_3D ( 'NONE', #781, #1319, #548 ) ;
#19 = FACE_OUTER_BOUND ( 'NONE', #629, .T. ) ;
#20 = ADVANCED_FACE ( 'NONE', ( #1480 ), #89, .F. ) ;
#21 = ORIENTED_EDGE ( 'NONE', *, *, #215, .F. ) ;
#22 = DIRECTION ( 'NONE',  ( 0.000000000000000000, -1.000000000000000000, 0.000000000000000000 ) ) ;
#23 = VERTEX_POINT ( 'NONE', #585 ) ;
#24 = VERTEX_POINT ( 'NONE', #696 ) ;
#25 = DIRECTION ( 'NONE',  ( 0.000000000000000000, 0.000000000000000000, -1.000000000000000000 ) ) ;
#26 = DIRECTION ( 'NONE',  ( 0.000000000000000000, 0.000000000000000000, -1.000000000000000000 ) ) ;
#27 = FACE_BOUND ( 'NONE', #1508, .T. ) ;
#28 = ORIENTED_EDGE ( 'NONE', *, *, #1115, .T. ) ;
#29 = DIRECTION ( 'NONE',  ( 0.000000000000000000, -1.000000000000000000, 0.000000000000000000 ) ) ;
#30 = LINE ( 'NONE', #1430, #1460 ) ;
#31 = VERTEX_POINT ( 'NONE', #1211 ) ;
#32 = CARTESIAN_POINT ( 'NONE',  ( 11.82350000000000101, -12.02200000000000024, -3.600500000000000256 ) ) ;
#33 = AXIS2_PLACEMENT_3D ( 'NONE', #1212, #1204, #569 ) ;
#34 = DIRECTION ( 'NONE',  ( 0.000000000000000000, -1.000000000000000000, 0.000000000000000000 ) ) ;
#35 = LINE ( 'NONE', #429, #1320 ) ;
#36 = ORIENTED_EDGE ( 'NONE', *, *, #954, .F. ) ;
#37 = DIRECTION ( 'NONE',  ( 0.000000000000000000, 0.000000000000000000, -1.000000000000000000 ) ) ;
#38 = LINE ( 'NONE', #1047, #178 ) ;
#39 = EDGE_CURVE ( 'NONE', #111, #664, #1084, .T. ) ;
#40 = CARTESIAN_POINT ( 'NONE',  ( 20.82299852674574225, 3.478002367581793042, -4.100000000000000533 ) ) ;
#41 = AXIS2_PLACEMENT_3D ( 'NONE', #1429, #29, #37 ) ;
#42 = ORIENTED_EDGE ( 'NONE', *, *, #939, .T. ) ;
#43 = AXIS2_PLACEMENT_3D ( 'NONE', #433, #315, #1298 ) ;
#44 = AXIS2_PLACEMENT_3D ( 'NONE', #975, #588, #1088 ) ;
#45 = CARTESIAN_POINT ( 'NONE',  ( 11.32299999999999862, -15.52199999999999847, -3.099999999999999645 ) ) ;
#46 = DIRECTION ( 'NONE',  ( 0.000000000000000000, -1.000000000000000000, 0.000000000000000000 ) ) ;
#47 = ORIENTED_EDGE ( 'NONE', *, *, #1625, .T. ) ;
#48 = LINE ( 'NONE', #682, #1013 ) ;
#49 = DIRECTION ( 'NONE',  ( 0.000000000000000000, -1.000000000000000000, 0.000000000000000000 ) ) ;
#50 = DIRECTION ( 'NONE',  ( -0.000000000000000000, -0.000000000000000000, -1.000000000000000000 ) ) ;
#51 = ORIENTED_EDGE ( 'NONE', *, *, #1194, .F. ) ;
#52 = EDGE_CURVE ( 'NONE', #1036, #883, #1097, .T. ) ;
#53 = CARTESIAN_POINT ( 'NONE',  ( -20.17700147325428617, -12.02199763300979996, 3.900000000000001688 ) ) ;
#54 = CARTESIAN_POINT ( 'NONE',  ( 16.22300000000000253, -15.52199999999999847, -3.199999999999992184 ) ) ;
#55 = EDGE_LOOP ( 'NONE', ( #761, #1577, #1523, #1253, #256, #307, #451, #1256 ) ) ;
#56 = DIRECTION ( 'NONE',  ( -0.000000000000000000, -0.000000000000000000, -1.000000000000000000 ) ) ;
#57 = LINE ( 'NONE', #1317, #719 ) ;
#58 = VERTEX_POINT ( 'NONE', #1345 ) ;
#59 = EDGE_CURVE ( 'NONE', #1562, #829, #844, .T. ) ;
#60 = VECTOR ( 'NONE', #794, 1000.000000000000000 ) ;
#61 = FACE_OUTER_BOUND ( 'NONE', #381, .T. ) ;
#62 = EDGE_LOOP ( 'NONE', ( #208, #340, #235, #915, #755, #1127 ) ) ;
#63 = EDGE_CURVE ( 'NONE', #318, #1300, #753, .T. ) ;
#64 = DIRECTION ( 'NONE',  ( 1.189978699995136702E-17, 1.101879260771517014E-16, -1.000000000000000000 ) ) ;
#65 = CARTESIAN_POINT ( 'NONE',  ( 2.822999999999999954, -12.02200000000000024, -4.100000000000000533 ) ) ;
#66 = EDGE_LOOP ( 'NONE', ( #1201, #1376, #1381, #1057 ) ) ;
#67 = AXIS2_PLACEMENT_3D ( 'NONE', #667, #278, #1284 ) ;
#68 = LINE ( 'NONE', #1079, #1592 ) ;
#69 = PRESENTATION_LAYER_ASSIGNMENT (  '', '', ( #603 ) ) ;
#70 = AXIS2_PLACEMENT_3D ( 'NONE', #1228, #234, #96 ) ;
#71 = CARTESIAN_POINT ( 'NONE',  ( -10.67700000000000138, -12.02200000000000024, -4.100000000000002309 ) ) ;
#72 = EDGE_LOOP ( 'NONE', ( #872, #1136, #285, #228 ) ) ;
#73 = EDGE_CURVE ( 'NONE', #878, #977, #6, .T. ) ;
#74 = DIRECTION ( 'NONE',  ( 1.376188890205868500E-33, 1.000000000000000000, -0.000000000000000000 ) ) ;
#75 = LINE ( 'NONE', #788, #458 ) ;
#76 = AXIS2_PLACEMENT_3D ( 'NONE', #1382, #768, #380 ) ;
#77 = DIRECTION ( 'NONE',  ( -3.977355212603019791E-16, -1.000000000000000000, 0.000000000000000000 ) ) ;
#78 = VERTEX_POINT ( 'NONE', #109 ) ;
#79 = DIRECTION ( 'NONE',  ( 1.189978699995136702E-17, 1.101879260771517014E-16, -1.000000000000000000 ) ) ;
#80 = DIRECTION ( 'NONE',  ( 4.625929269271491830E-16, 1.000000000000000000, 0.000000000000000000 ) ) ;
#81 = EDGE_CURVE ( 'NONE', #1618, #1541, #1247, .T. ) ;
#82 = ORIENTED_EDGE ( 'NONE', *, *, #73, .F. ) ;
#83 = EDGE_CURVE ( 'NONE', #1067, #115, #620, .T. ) ;
#84 = VECTOR ( 'NONE', #1195, 1000.000000000000000 ) ;
#85 = DIRECTION ( 'NONE',  ( -4.336808689942021187E-16, -1.000000000000000000, 0.000000000000000000 ) ) ;
#86 = ORIENTED_EDGE ( 'NONE', *, *, #270, .T. ) ;
#87 = DIRECTION ( 'NONE',  ( -0.000000000000000000, -0.000000000000000000, -1.000000000000000000 ) ) ;
#88 = DIRECTION ( 'NONE',  ( -1.000000000000000000, -0.000000000000000000, -0.000000000000000000 ) ) ;
#89 = PLANE ( 'NONE',  #300 ) ;
#90 = CLOSED_SHELL ( 'NONE', ( #845, #971, #336, #192, #552, #1063, #1039, #103, #789, #1308, #1403, #1099, #1085, #1014, #210, #967, #1312, #137, #1265, #491, #1273, #1580, #809, #427, #1174, #20, #1384, #440, #550, #1596, #725, #811, #1542, #800, #261, #431, #718, #542, #351, #1177, #830, #1230, #715, #1104, #1120, #838, #447, #353, #1192, #824, #330 ) ) ;
#91 = EDGE_CURVE ( 'NONE', #1145, #599, #1501, .T. ) ;
#92 = CARTESIAN_POINT ( 'NONE',  ( 20.82299852674574225, 3.478002367581793042, -0.09999999999999116540 ) ) ;
#93 = VERTEX_POINT ( 'NONE', #236 ) ;
#94 = VECTOR ( 'NONE', #902, 1000.000000000000000 ) ;
#95 = DIRECTION ( 'NONE',  ( -4.625929269271484928E-16, -1.000000000000000000, 0.000000000000000000 ) ) ;
#96 = DIRECTION ( 'NONE',  ( 4.625929269271484928E-16, 1.000000000000000000, 0.000000000000000000 ) ) ;
#97 = ORIENTED_EDGE ( 'NONE', *, *, #858, .T. ) ;
#98 = EDGE_CURVE ( 'NONE', #1094, #133, #1029, .T. ) ;
#99 = CARTESIAN_POINT ( 'NONE',  ( 16.22300000000000253, -11.27199999999999669, -3.199999999999992184 ) ) ;
#100 = PLANE ( 'NONE',  #986 ) ;
#101 = CARTESIAN_POINT ( 'NONE',  ( 11.32300000000000040, -12.02200000000000024, -4.101000000000000867 ) ) ;
#102 = ORIENTED_EDGE ( 'NONE', *, *, #189, .T. ) ;
#103 = ADVANCED_FACE ( 'NONE', ( #641 ), #1359, .F. ) ;
#104 = DIRECTION ( 'NONE',  ( -1.000000000000000000, 6.505213034913029562E-16, -0.000000000000000000 ) ) ;
#105 = CIRCLE ( 'NONE', #1033, 1.599999999999988542 ) ;
#106 = ORIENTED_EDGE ( 'NONE', *, *, #647, .T. ) ;
#107 = CARTESIAN_POINT ( 'NONE',  ( 2.822999999999999954, -12.02200000000000024, -4.100000000000000533 ) ) ;
#108 = ORIENTED_EDGE ( 'NONE', *, *, #1520, .F. ) ;
#109 = CARTESIAN_POINT ( 'NONE',  ( 15.34800000000000075, -1.792000000000019799, -4.100000000000002309 ) ) ;
#110 = CIRCLE ( 'NONE', #1456, 1.599999999999990319 ) ;
#111 = VERTEX_POINT ( 'NONE', #762 ) ;
#112 = DIRECTION ( 'NONE',  ( 0.000000000000000000, 1.000000000000000000, 0.000000000000000000 ) ) ;
#113 = ORIENTED_EDGE ( 'NONE', *, *, #1560, .T. ) ;
#114 = LINE ( 'NONE', #1368, #1582 ) ;
#115 = VERTEX_POINT ( 'NONE', #1121 ) ;
#116 = CARTESIAN_POINT ( 'NONE',  ( -5.577000000000002622, -4.245000000000000107, 2.399999999999999911 ) ) ;
#117 = ORIENTED_EDGE ( 'NONE', *, *, #1425, .T. ) ;
#118 = EDGE_CURVE ( 'NONE', #652, #599, #1614, .T. ) ;
#119 = CARTESIAN_POINT ( 'NONE',  ( 20.82299852674574581, -12.02199999999998425, -4.100000000000001421 ) ) ;
#120 = VECTOR ( 'NONE', #79, 1000.000000000000000 ) ;
#121 = EDGE_LOOP ( 'NONE', ( #182, #82, #627, #862 ) ) ;
#122 = DIRECTION ( 'NONE',  ( 0.000000000000000000, 1.000000000000000000, 0.000000000000000000 ) ) ;
#123 = DIRECTION ( 'NONE',  ( -1.000000000000000000, 0.000000000000000000, 0.000000000000000000 ) ) ;
#124 = EDGE_LOOP ( 'NONE', ( #1275, #187, #487, #899, #372, #507 ) ) ;
#125 = DIRECTION ( 'NONE',  ( 0.000000000000000000, -1.000000000000000000, 0.000000000000000000 ) ) ;
#126 = ORIENTED_EDGE ( 'NONE', *, *, #1091, .T. ) ;
#127 = CARTESIAN_POINT ( 'NONE',  ( -20.17700147325428617, -12.02199763300979996, 3.900000000000001688 ) ) ;
#128 = DIRECTION ( 'NONE',  ( 1.000000000000000000, 0.000000000000000000, 0.000000000000000000 ) ) ;
#129 = DIRECTION ( 'NONE',  ( -3.977355212603019791E-16, -1.000000000000000000, -0.000000000000000000 ) ) ;
#130 = MANIFOLD_SOLID_BREP ( 'Cut-Extrude6', #90 ) ;
#131 = VERTEX_POINT ( 'NONE', #119 ) ;
#132 = DIRECTION ( 'NONE',  ( -1.000000000000000000, 0.000000000000000000, 0.000000000000000000 ) ) ;
#133 = VERTEX_POINT ( 'NONE', #1130 ) ;
#134 = AXIS2_PLACEMENT_3D ( 'NONE', #890, #1362, #265 ) ;
#135 = SURFACE_STYLE_USAGE ( .BOTH. , #1272 ) ;
#136 = AXIS2_PLACEMENT_3D ( 'NONE', #371, #1360, #379 ) ;
#137 = ADVANCED_FACE ( 'NONE', ( #863 ), #1623, .F. ) ;
#138 = ORIENTED_EDGE ( 'NONE', *, *, #297, .F. ) ;
#139 = LINE ( 'NONE', #1533, #247 ) ;
#140 = EDGE_CURVE ( 'NONE', #1234, #1562, #1239, .T. ) ;
#141 = VECTOR ( 'NONE', #26, 1000.000000000000000 ) ;
#142 = CARTESIAN_POINT ( 'NONE',  ( -2.177000000000000046, -5.745000000000000107, -0.09999999999999116540 ) ) ;
#143 = VECTOR ( 'NONE', #147, 999.9999999999998863 ) ;
#144 = EDGE_LOOP ( 'NONE', ( #97, #869, #1162, #1149, #926 ) ) ;
#145 = CARTESIAN_POINT ( 'NONE',  ( -10.67700000000000315, -13.02200000000000202, 2.899999999999985256 ) ) ;
#146 = ORIENTED_EDGE ( 'NONE', *, *, #1105, .T. ) ;
#147 = DIRECTION ( 'NONE',  ( 0.7071067811865462405, 0.000000000000000000, 0.7071067811865489050 ) ) ;
#148 = AXIS2_PLACEMENT_3D ( 'NONE', #931, #806, #1315 ) ;
#149 = VERTEX_POINT ( 'NONE', #687 ) ;
#150 = LINE ( 'NONE', #499, #959 ) ;
#151 = CIRCLE ( 'NONE', #801, 1.399999999999999023 ) ;
#152 = DIRECTION ( 'NONE',  ( 0.000000000000000000, -0.000000000000000000, -1.000000000000000000 ) ) ;
#153 = LINE ( 'NONE', #997, #1531 ) ;
#154 = ORIENTED_EDGE ( 'NONE', *, *, #1091, .F. ) ;
#155 = LINE ( 'NONE', #1163, #928 ) ;
#156 = VECTOR ( 'NONE', #1606, 1000.000000000000000 ) ;
#157 = ORIENTED_EDGE ( 'NONE', *, *, #1158, .F. ) ;
#158 = EDGE_CURVE ( 'NONE', #637, #441, #308, .T. ) ;
#159 = PLANE ( 'NONE',  #1242 ) ;
#160 = CARTESIAN_POINT ( 'NONE',  ( -5.576999999999999957, 2.978000000000000203, -0.09999999999999116540 ) ) ;
#161 = EDGE_LOOP ( 'NONE', ( #758, #1122, #1591, #157 ) ) ;
#162 = LINE ( 'NONE', #1539, #738 ) ;
#163 = DIRECTION ( 'NONE',  ( 0.000000000000000000, -1.000000000000000000, 0.000000000000000000 ) ) ;
#164 = CARTESIAN_POINT ( 'NONE',  ( -14.70200014156099932, 1.408483005266073951, -0.09999999999999159561 ) ) ;
#165 = EDGE_LOOP ( 'NONE', ( #772, #979, #117, #376 ) ) ;
#166 = DIRECTION ( 'NONE',  ( 2.312964634635742464E-16, 1.000000000000000000, 0.000000000000000000 ) ) ;
#167 = CIRCLE ( 'NONE', #710, 1.599999999999986766 ) ;
#168 = DIRECTION ( 'NONE',  ( 0.000000000000000000, 0.000000000000000000, 1.000000000000000000 ) ) ;
#169 = DIRECTION ( 'NONE',  ( 0.7071067811865474617, -4.599880250050124880E-16, 0.7071067811865474617 ) ) ;
#170 = ORIENTED_EDGE ( 'NONE', *, *, #407, .F. ) ;
#171 = DIRECTION ( 'NONE',  ( -1.000000000000000000, 0.000000000000000000, 0.000000000000000000 ) ) ;
#172 = FACE_OUTER_BOUND ( 'NONE', #745, .T. ) ;
#173 = CARTESIAN_POINT ( 'NONE',  ( -20.17700147325428972, 3.478002367581787713, -4.100000000000000533 ) ) ;
#174 = EDGE_CURVE ( 'NONE', #906, #606, #717, .T. ) ;
#175 = VECTOR ( 'NONE', #64, 1000.000000000000000 ) ;
#176 = ORIENTED_EDGE ( 'NONE', *, *, #1388, .T. ) ;
#177 = AXIS2_PLACEMENT_3D ( 'NONE', #1572, #908, #1446 ) ;
#178 = VECTOR ( 'NONE', #230, 1000.000000000000000 ) ;
#179 = CARTESIAN_POINT ( 'NONE',  ( -5.576999999999999957, 2.978000000000000203, 2.899999999999999911 ) ) ;
#180 = ORIENTED_EDGE ( 'NONE', *, *, #1390, .F. ) ;
#181 = LINE ( 'NONE', #1161, #1142 ) ;
#182 = ORIENTED_EDGE ( 'NONE', *, *, #1225, .F. ) ;
#183 = DIRECTION ( 'NONE',  ( -0.000000000000000000, 1.101879260771516891E-16, -1.000000000000000000 ) ) ;
#184 = DIRECTION ( 'NONE',  ( -1.000000000000000000, 0.000000000000000000, 0.000000000000000000 ) ) ;
#185 = DIRECTION ( 'NONE',  ( -0.000000000000000000, -0.000000000000000000, -1.000000000000000000 ) ) ;
#186 = EDGE_CURVE ( 'NONE', #829, #1067, #1297, .T. ) ;
#187 = ORIENTED_EDGE ( 'NONE', *, *, #1028, .T. ) ;
#188 = FACE_OUTER_BOUND ( 'NONE', #1027, .T. ) ;
#189 = EDGE_CURVE ( 'NONE', #437, #1206, #892, .T. ) ;
#190 = DIRECTION ( 'NONE',  ( -0.000000000000000000, 1.000000000000000000, -0.000000000000000000 ) ) ;
#191 = ORIENTED_EDGE ( 'NONE', *, *, #882, .T. ) ;
#192 = ADVANCED_FACE ( 'NONE', ( #432 ), #555, .F. ) ;
#193 = FACE_OUTER_BOUND ( 'NONE', #1527, .T. ) ;
#194 = CARTESIAN_POINT ( 'NONE',  ( -14.70200014156099932, 1.408483005266074395, -4.100000000000000533 ) ) ;
#195 = LINE ( 'NONE', #558, #936 ) ;
#196 = ORIENTED_EDGE ( 'NONE', *, *, #1448, .F. ) ;
#197 = VECTOR ( 'NONE', #259, 1000.000000000000000 ) ;
#198 = CIRCLE ( 'NONE', #886, 1.399999999999999023 ) ;
#199 = VECTOR ( 'NONE', #839, 1000.000000000000000 ) ;
#200 = EDGE_CURVE ( 'NONE', #1288, #777, #155, .T. ) ;
#201 = AXIS2_PLACEMENT_3D ( 'NONE', #732, #1243, #1134 ) ;
#202 = DIRECTION ( 'NONE',  ( -0.7071067811865492381, 3.271025955591210487E-16, 0.7071067811865457964 ) ) ;
#203 = ORIENTED_EDGE ( 'NONE', *, *, #1506, .F. ) ;
#204 = LINE ( 'NONE', #921, #254 ) ;
#205 = LINE ( 'NONE', #1447, #900 ) ;
#206 = AXIS2_PLACEMENT_3D ( 'NONE', #834, #217, #842 ) ;
#207 = CARTESIAN_POINT ( 'NONE',  ( 20.82299852674574225, -19.52200000000000202, -4.100000000000000533 ) ) ;
#208 = ORIENTED_EDGE ( 'NONE', *, *, #775, .T. ) ;
#209 = AXIS2_PLACEMENT_3D ( 'NONE', #101, #1103, #983 ) ;
#210 = ADVANCED_FACE ( 'NONE', ( #193 ), #1419, .T. ) ;
#211 = DIRECTION ( 'NONE',  ( 0.000000000000000000, 0.000000000000000000, 1.000000000000000000 ) ) ;
#212 = PLANE ( 'NONE',  #209 ) ;
#213 = FACE_OUTER_BOUND ( 'NONE', #991, .T. ) ;
#214 = ORIENTED_EDGE ( 'NONE', *, *, #523, .T. ) ;
#215 = EDGE_CURVE ( 'NONE', #1168, #1574, #1071, .T. ) ;
#216 = DIRECTION ( 'NONE',  ( -0.7071067811865497932, 3.271025955591208022E-16, 0.7071067811865452413 ) ) ;
#217 = DIRECTION ( 'NONE',  ( 1.000000000000000000, -1.376188890205868500E-33, 1.189978699995136702E-17 ) ) ;
#218 = EDGE_CURVE ( 'NONE', #24, #414, #521, .T. ) ;
#219 = CARTESIAN_POINT ( 'NONE',  ( -10.67700000000000138, -12.02200000000000024, -3.099999999999985878 ) ) ;
#220 = AXIS2_PLACEMENT_3D ( 'NONE', #871, #132, #638 ) ;
#221 = LINE ( 'NONE', #1583, #785 ) ;
#222 = VECTOR ( 'NONE', #492, 1000.000000000000000 ) ;
#223 = EDGE_LOOP ( 'NONE', ( #1213, #636, #524, #875 ) ) ;
#224 = DIRECTION ( 'NONE',  ( 0.7071067811865451302, -4.599880250050109102E-16, -0.7071067811865500152 ) ) ;
#225 = CARTESIAN_POINT ( 'NONE',  ( 12.32299999999999862, -12.02200000000000024, -4.100000000000000533 ) ) ;
#226 = EDGE_CURVE ( 'NONE', #1234, #58, #1306, .T. ) ;
#227 = PLANE ( 'NONE',  #888 ) ;
#228 = ORIENTED_EDGE ( 'NONE', *, *, #1388, .F. ) ;
#229 = AXIS2_PLACEMENT_3D ( 'NONE', #1216, #976, #1462 ) ;
#230 = DIRECTION ( 'NONE',  ( -1.000000000000000000, 0.000000000000000000, 0.000000000000000000 ) ) ;
#231 = FACE_OUTER_BOUND ( 'NONE', #144, .T. ) ;
#232 = DIRECTION ( 'NONE',  ( 1.000000000000000000, 0.000000000000000000, 0.000000000000000000 ) ) ;
#233 = CARTESIAN_POINT ( 'NONE',  ( -18.67699999999999960, -13.02199999999999669, 3.900000000000000355 ) ) ;
#234 = DIRECTION ( 'NONE',  ( -0.7071067811865500152, 3.271025955591209008E-16, -0.7071067811865451302 ) ) ;
#235 = ORIENTED_EDGE ( 'NONE', *, *, #1520, .T. ) ;
#236 = CARTESIAN_POINT ( 'NONE',  ( -20.17700147325428972, 3.478002367581787713, -4.100000000000000533 ) ) ;
#237 = EDGE_LOOP ( 'NONE', ( #1286, #1254, #736, #910 ) ) ;
#238 = EDGE_CURVE ( 'NONE', #1616, #289, #1038, .T. ) ;
#239 = CARTESIAN_POINT ( 'NONE',  ( 16.22300000000000253, -15.52199999999999847, -1.799999999999993161 ) ) ;
#240 = VECTOR ( 'NONE', #776, 1000.000000000000000 ) ;
#241 = VERTEX_POINT ( 'NONE', #778 ) ;
#242 = CARTESIAN_POINT ( 'NONE',  ( -18.67699999999999960, -15.52199999999999847, -3.099999999999999645 ) ) ;
#243 = ORIENTED_EDGE ( 'NONE', *, *, #1608, .T. ) ;
#244 = CARTESIAN_POINT ( 'NONE',  ( -18.67699999999999960, -12.02199763300979996, 2.899999999999999467 ) ) ;
#245 = ORIENTED_EDGE ( 'NONE', *, *, #1131, .T. ) ;
#246 = CARTESIAN_POINT ( 'NONE',  ( 18.32299999999999329, -13.02200000000000024, 3.900000000000001243 ) ) ;
#247 = VECTOR ( 'NONE', #737, 1000.000000000000000 ) ;
#248 = CARTESIAN_POINT ( 'NONE',  ( 4.723000000000000753, -4.245000000000003659, 2.399999999999999911 ) ) ;
#249 = VECTOR ( 'NONE', #1571, 1000.000000000000000 ) ;
#250 = VERTEX_POINT ( 'NONE', #771 ) ;
#251 = AXIS2_PLACEMENT_3D ( 'NONE', #901, #673, #301 ) ;
#252 = ORIENTED_EDGE ( 'NONE', *, *, #608, .F. ) ;
#253 = LINE ( 'NONE', #1392, #885 ) ;
#254 = VECTOR ( 'NONE', #779, 1000.000000000000000 ) ;
#255 = DIRECTION ( 'NONE',  ( -4.625929269271484928E-16, -1.000000000000000000, 0.000000000000000000 ) ) ;
#256 = ORIENTED_EDGE ( 'NONE', *, *, #189, .F. ) ;
#257 = DIRECTION ( 'NONE',  ( -0.000000000000000000, -0.000000000000000000, 1.000000000000000000 ) ) ;
#258 = FACE_OUTER_BOUND ( 'NONE', #165, .T. ) ;
#259 = DIRECTION ( 'NONE',  ( 1.000000000000000000, 0.000000000000000000, 0.000000000000000000 ) ) ;
#260 =( NAMED_UNIT ( * ) PLANE_ANGLE_UNIT ( ) SI_UNIT ( $, .RADIAN. ) );
#261 = ADVANCED_FACE ( 'NONE', ( #1171 ), #1289, .F. ) ;
#262 = ORIENTED_EDGE ( 'NONE', *, *, #511, .F. ) ;
#263 =( LENGTH_UNIT ( ) NAMED_UNIT ( * ) SI_UNIT ( .MILLI., .METRE. ) );
#264 = LINE ( 'NONE', #1498, #1364 ) ;
#265 = DIRECTION ( 'NONE',  ( 0.000000000000000000, 0.000000000000000000, -1.000000000000000000 ) ) ;
#266 = AXIS2_PLACEMENT_3D ( 'NONE', #1590, #334, #581 ) ;
#267 = VERTEX_POINT ( 'NONE', #538 ) ;
#268 = EDGE_CURVE ( 'NONE', #741, #480, #48, .T. ) ;
#269 = DIRECTION ( 'NONE',  ( -0.000000000000000000, -0.000000000000000000, -1.000000000000000000 ) ) ;
#270 = EDGE_CURVE ( 'NONE', #289, #414, #162, .T. ) ;
#271 = LINE ( 'NONE', #1551, #551 ) ;
#272 = CIRCLE ( 'NONE', #1203, 1.599999999999990319 ) ;
#273 = DIRECTION ( 'NONE',  ( 0.000000000000000000, -1.000000000000000000, 0.000000000000000000 ) ) ;
#274 = ORIENTED_EDGE ( 'NONE', *, *, #1073, .T. ) ;
#275 = CARTESIAN_POINT ( 'NONE',  ( -2.177000000000000046, -5.745000000000000107, -4.101000000000000867 ) ) ;
#276 = EDGE_LOOP ( 'NONE', ( #1220, #513, #816, #456, #252, #1022 ) ) ;
#277 = CARTESIAN_POINT ( 'NONE',  ( 12.32299999999999329, -15.52199999999999847, -4.100000000000000533 ) ) ;
#278 = DIRECTION ( 'NONE',  ( 0.000000000000000000, 0.000000000000000000, 1.000000000000000000 ) ) ;
#279 = DIRECTION ( 'NONE',  ( -1.000000000000000000, 0.000000000000000000, 0.000000000000000000 ) ) ;
#280 = ORIENTED_EDGE ( 'NONE', *, *, #586, .T. ) ;
#281 = LINE ( 'NONE', #1054, #503 ) ;
#282 = EDGE_CURVE ( 'NONE', #441, #498, #281, .T. ) ;
#283 = CARTESIAN_POINT ( 'NONE',  ( 4.722999999999999865, -5.245000000000002771, 2.399999999999999911 ) ) ;
#284 = DIRECTION ( 'NONE',  ( 1.000000000000000000, -4.410313921974931770E-16, -0.000000000000000000 ) ) ;
#285 = ORIENTED_EDGE ( 'NONE', *, *, #631, .F. ) ;
#286 = DIRECTION ( 'NONE',  ( 4.625929269271484928E-16, 1.000000000000000000, 0.000000000000000000 ) ) ;
#287 = EDGE_CURVE ( 'NONE', #559, #664, #420, .T. ) ;
#288 = DIRECTION ( 'NONE',  ( -0.000000000000000000, -0.000000000000000000, 1.000000000000000000 ) ) ;
#289 = VERTEX_POINT ( 'NONE', #919 ) ;
#290 = DIRECTION ( 'NONE',  ( -1.269309860470833245E-16, 1.000000000000000000, 0.000000000000000000 ) ) ;
#291 = PLANE ( 'NONE',  #866 ) ;
#292 = LINE ( 'NONE', #173, #868 ) ;
#293 = EDGE_LOOP ( 'NONE', ( #1049, #1030, #51, #1116 ) ) ;
#294 = AXIS2_PLACEMENT_3D ( 'NONE', #867, #1379, #749 ) ;
#295 = EDGE_CURVE ( 'NONE', #1393, #1081, #476, .T. ) ;
#296 = CARTESIAN_POINT ( 'NONE',  ( -18.67699999999999960, -15.52199999999999847, 2.899999999999999467 ) ) ;
#297 = EDGE_CURVE ( 'NONE', #1300, #1393, #706, .T. ) ;
#298 = DIRECTION ( 'NONE',  ( 0.000000000000000000, 0.000000000000000000, 1.000000000000000000 ) ) ;
#299 = VERTEX_POINT ( 'NONE', #1453 ) ;
#300 = AXIS2_PLACEMENT_3D ( 'NONE', #1486, #1595, #970 ) ;
#301 = DIRECTION ( 'NONE',  ( -1.376188890205868500E-33, -1.000000000000000000, 0.000000000000000000 ) ) ;
#302 = CARTESIAN_POINT ( 'NONE',  ( -17.67699999999999960, -12.02199763300979818, -4.100000000000002309 ) ) ;
#303 = AXIS2_PLACEMENT_3D ( 'NONE', #1504, #359, #25 ) ;
#304 = ORIENTED_EDGE ( 'NONE', *, *, #568, .F. ) ;
#305 = VECTOR ( 'NONE', #471, 1000.000000000000114 ) ;
#306 = CARTESIAN_POINT ( 'NONE',  ( -5.076999999999999957, 2.978000000000000203, 2.399999999999999911 ) ) ;
#307 = ORIENTED_EDGE ( 'NONE', *, *, #665, .T. ) ;
#308 = LINE ( 'NONE', #1046, #1434 ) ;
#309 = CARTESIAN_POINT ( 'NONE',  ( -15.57699999999999996, -11.27199999999999669, -1.799999999999993161 ) ) ;
#310 = CARTESIAN_POINT ( 'NONE',  ( -20.17700147325428617, -12.02199763300979818, -4.100000000000002309 ) ) ;
#311 = ORIENTED_EDGE ( 'NONE', *, *, #700, .T. ) ;
#312 = EDGE_CURVE ( 'NONE', #400, #1036, #1330, .T. ) ;
#313 = LINE ( 'NONE', #519, #84 ) ;
#314 = VERTEX_POINT ( 'NONE', #1548 ) ;
#315 = DIRECTION ( 'NONE',  ( 0.7071067811865475727, -9.731124964581587637E-34, 0.7071067811865475727 ) ) ;
#316 = DIRECTION ( 'NONE',  ( 2.312964634635742464E-16, 1.000000000000000000, 0.000000000000000000 ) ) ;
#317 = EDGE_CURVE ( 'NONE', #1170, #400, #539, .T. ) ;
#318 = VERTEX_POINT ( 'NONE', #694 ) ;
#319 = AXIS2_PLACEMENT_3D ( 'NONE', #1153, #273, #1499 ) ;
#320 = AXIS2_PLACEMENT_3D ( 'NONE', #1347, #459, #1080 ) ;
#321 = EDGE_CURVE ( 'NONE', #607, #489, #1075, .T. ) ;
#322 = DIRECTION ( 'NONE',  ( 4.625929269271491830E-16, 1.000000000000000000, 0.000000000000000000 ) ) ;
#323 = ORIENTED_EDGE ( 'NONE', *, *, #488, .T. ) ;
#324 = DIRECTION ( 'NONE',  ( -0.000000000000000000, 1.101879260771516891E-16, -1.000000000000000000 ) ) ;
#325 = DIRECTION ( 'NONE',  ( 0.000000000000000000, -0.000000000000000000, -1.000000000000000000 ) ) ;
#326 = VECTOR ( 'NONE', #163, 1000.000000000000000 ) ;
#327 = VECTOR ( 'NONE', #284, 1000.000000000000000 ) ;
#328 = LINE ( 'NONE', #342, #731 ) ;
#329 = ORIENTED_EDGE ( 'NONE', *, *, #1428, .F. ) ;
#330 = ADVANCED_FACE ( 'NONE', ( #1540 ), #291, .T. ) ;
#331 = FACE_OUTER_BOUND ( 'NONE', #72, .T. ) ;
#332 = DIRECTION ( 'NONE',  ( 0.000000000000000000, 0.000000000000000000, -1.000000000000000000 ) ) ;
#333 = EDGE_CURVE ( 'NONE', #780, #741, #1290, .T. ) ;
#334 = DIRECTION ( 'NONE',  ( 0.000000000000000000, 0.000000000000000000, 1.000000000000000000 ) ) ;
#335 = ORIENTED_EDGE ( 'NONE', *, *, #457, .T. ) ;
#336 = ADVANCED_FACE ( 'NONE', ( #172 ), #807, .F. ) ;
#337 = LINE ( 'NONE', #1342, #1077 ) ;
#338 = PLANE ( 'NONE',  #206 ) ;
#339 = DIRECTION ( 'NONE',  ( -1.376188890205868500E-33, -1.000000000000000000, 0.000000000000000000 ) ) ;
#340 = ORIENTED_EDGE ( 'NONE', *, *, #754, .T. ) ;
#341 = AXIS2_PLACEMENT_3D ( 'NONE', #1180, #279, #1561 ) ;
#342 = CARTESIAN_POINT ( 'NONE',  ( -18.67699999999999960, -12.02199763300979996, 3.900000000000001688 ) ) ;
#343 = ORIENTED_EDGE ( 'NONE', *, *, #473, .T. ) ;
#344 = PLANE ( 'NONE',  #1210 ) ;
#345 = CARTESIAN_POINT ( 'NONE',  ( 19.32299999999999329, -13.02200000000000024, 2.900000000000000355 ) ) ;
#346 = CARTESIAN_POINT ( 'NONE',  ( 6.222999999999999865, 2.978000000000000203, 2.899999999999999911 ) ) ;
#347 = CARTESIAN_POINT ( 'NONE',  ( -15.57699999999999996, -15.52199999999999847, -3.199999999999992184 ) ) ;
#348 = VECTOR ( 'NONE', #531, 1000.000000000000000 ) ;
#349 = CARTESIAN_POINT ( 'NONE',  ( 20.82299852674574581, -12.02199999999998425, 2.900000000000001688 ) ) ;
#350 = CYLINDRICAL_SURFACE ( 'NONE', #994, 1.499999999999999556 ) ;
#351 = ADVANCED_FACE ( 'NONE', ( #1420 ), #787, .F. ) ;
#352 = ORIENTED_EDGE ( 'NONE', *, *, #1160, .F. ) ;
#353 = ADVANCED_FACE ( 'NONE', ( #402 ), #1307, .F. ) ;
#354 = CYLINDRICAL_SURFACE ( 'NONE', #549, 1.399999999999999023 ) ;
#355 = ORIENTED_EDGE ( 'NONE', *, *, #360, .F. ) ;
#356 = LINE ( 'NONE', #751, #1186 ) ;
#357 = EDGE_CURVE ( 'NONE', #1574, #1168, #151, .T. ) ;
#358 = VERTEX_POINT ( 'NONE', #1316 ) ;
#359 = DIRECTION ( 'NONE',  ( 1.000000000000000000, -0.000000000000000000, 0.000000000000000000 ) ) ;
#360 = EDGE_CURVE ( 'NONE', #1322, #533, #421, .T. ) ;
#361 = CARTESIAN_POINT ( 'NONE',  ( -14.70200014156099932, -0.1915169947339138978, -0.09999999999999159561 ) ) ;
#362 = EDGE_CURVE ( 'NONE', #829, #131, #204, .T. ) ;
#363 = CIRCLE ( 'NONE', #33, 1.499999999999999556 ) ;
#364 = ORIENTED_EDGE ( 'NONE', *, *, #98, .F. ) ;
#365 = DIRECTION ( 'NONE',  ( 0.000000000000000000, -0.000000000000000000, -1.000000000000000000 ) ) ;
#366 = ORIENTED_EDGE ( 'NONE', *, *, #238, .T. ) ;
#367 = ORIENTED_EDGE ( 'NONE', *, *, #1193, .T. ) ;
#368 = CARTESIAN_POINT ( 'NONE',  ( -18.67699999999999960, -15.52199999999999847, 2.899999999999999467 ) ) ;
#369 = EDGE_CURVE ( 'NONE', #664, #996, #30, .T. ) ;
#370 = APPLICATION_PROTOCOL_DEFINITION ( 'draft international standard', 'automotive_design', 1998, #1218 ) ;
#371 = CARTESIAN_POINT ( 'NONE',  ( 4.723000000000000753, -4.245000000000003659, 2.399999999999999911 ) ) ;
#372 = ORIENTED_EDGE ( 'NONE', *, *, #39, .T. ) ;
#373 = PRODUCT_DEFINITION_CONTEXT ( 'detailed design', #748, 'design' ) ;
#374 = CARTESIAN_POINT ( 'NONE',  ( -10.67700000000000493, -15.52199999999999847, -3.099999999999985878 ) ) ;
#375 = CIRCLE ( 'NONE', #1303, 0.5000000000000000000 ) ;
#376 = ORIENTED_EDGE ( 'NONE', *, *, #215, .T. ) ;
#377 = DIRECTION ( 'NONE',  ( 1.189978699995136702E-17, 1.101879260771516768E-16, -1.000000000000000000 ) ) ;
#378 = APPLICATION_PROTOCOL_DEFINITION ( 'draft international standard', 'automotive_design', 1998, #748 ) ;
#379 = DIRECTION ( 'NONE',  ( -1.000000000000000000, 0.000000000000000000, 0.000000000000000000 ) ) ;
#380 = DIRECTION ( 'NONE',  ( 0.000000000000000000, 0.000000000000000000, 1.000000000000000000 ) ) ;
#381 = EDGE_LOOP ( 'NONE', ( #304, #364, #973, #1244, #574, #723, #474, #1409, #1291, #870, #810, #1281, #1380, #1509, #1152, #547, #763, #1000, #1584, #937, #1101, #262 ) ) ;
#382 = ORIENTED_EDGE ( 'NONE', *, *, #1478, .F. ) ;
#383 = LINE ( 'NONE', #884, #634 ) ;
#384 = CARTESIAN_POINT ( 'NONE',  ( -15.57699999999999996, -10.92999498886765863, -1.799999999999993161 ) ) ;
#385 = ORIENTED_EDGE ( 'NONE', *, *, #1229, .F. ) ;
#386 = VECTOR ( 'NONE', #733, 1000.000000000000000 ) ;
#387 = ORIENTED_EDGE ( 'NONE', *, *, #1143, .F. ) ;
#388 = EDGE_CURVE ( 'NONE', #318, #966, #740, .T. ) ;
#389 = CARTESIAN_POINT ( 'NONE',  ( 16.22300000000000253, -15.52199999999999847, -1.799999999999993161 ) ) ;
#390 = ORIENTED_EDGE ( 'NONE', *, *, #501, .T. ) ;
#391 = AXIS2_PLACEMENT_3D ( 'NONE', #1313, #298, #1287 ) ;
#392 = CARTESIAN_POINT ( 'NONE',  ( -10.67700000000000138, -12.02200000000000024, 2.899999999999985256 ) ) ;
#393 = CIRCLE ( 'NONE', #837, 1.599999999999990319 ) ;
#394 = ORIENTED_EDGE ( 'NONE', *, *, #1020, .T. ) ;
#395 = DIRECTION ( 'NONE',  ( -0.000000000000000000, 1.101879260771516891E-16, -1.000000000000000000 ) ) ;
#396 = EDGE_CURVE ( 'NONE', #891, #977, #683, .T. ) ;
#397 = CARTESIAN_POINT ( 'NONE',  ( -4.077000000000005286, -5.745000000000000995, -0.09999999999999116540 ) ) ;
#398 = VECTOR ( 'NONE', #425, 1000.000000000000000 ) ;
#399 = LINE ( 'NONE', #898, #1111 ) ;
#400 = VERTEX_POINT ( 'NONE', #302 ) ;
#401 = DIRECTION ( 'NONE',  ( -2.312964634635742464E-16, -1.000000000000000000, 0.000000000000000000 ) ) ;
#402 = FACE_OUTER_BOUND ( 'NONE', #1464, .T. ) ;
#403 = DIRECTION ( 'NONE',  ( -1.000000000000000000, 6.505213034913029562E-16, -0.000000000000000000 ) ) ;
#404 = ORIENTED_EDGE ( 'NONE', *, *, #1214, .T. ) ;
#405 = FACE_OUTER_BOUND ( 'NONE', #576, .T. ) ;
#406 = VECTOR ( 'NONE', #316, 1000.000000000000000 ) ;
#407 = EDGE_CURVE ( 'NONE', #570, #31, #798, .T. ) ;
#408 = FACE_OUTER_BOUND ( 'NONE', #677, .T. ) ;
#409 = CARTESIAN_POINT ( 'NONE',  ( 11.32299999999999862, -19.52200000000000202, -3.099999999999999645 ) ) ;
#410 = ORIENTED_EDGE ( 'NONE', *, *, #568, .T. ) ;
#411 = DIRECTION ( 'NONE',  ( -0.000000000000000000, 1.000000000000000000, -0.000000000000000000 ) ) ;
#412 = DIRECTION ( 'NONE',  ( -0.000000000000000000, -1.000000000000000000, 0.000000000000000000 ) ) ;
#413 = LINE ( 'NONE', #1573, #640 ) ;
#414 = VERTEX_POINT ( 'NONE', #688 ) ;
#415 = PLANE ( 'NONE',  #697 ) ;
#416 = EDGE_CURVE ( 'NONE', #1009, #480, #38, .T. ) ;
#417 = CARTESIAN_POINT ( 'NONE',  ( -11.67700000000001204, -15.52199999999999847, 3.900000000000000355 ) ) ;
#418 = DIRECTION ( 'NONE',  ( 0.000000000000000000, 0.000000000000000000, -1.000000000000000000 ) ) ;
#419 = ORIENTED_EDGE ( 'NONE', *, *, #1225, .T. ) ;
#420 = LINE ( 'NONE', #659, #1515 ) ;
#421 = LINE ( 'NONE', #522, #94 ) ;
#422 = CARTESIAN_POINT ( 'NONE',  ( 5.723000000000000753, -4.245000000000003659, 2.899999999999999911 ) ) ;
#423 = ORIENTED_EDGE ( 'NONE', *, *, #556, .T. ) ;
#424 = VECTOR ( 'NONE', #1444, 1000.000000000000000 ) ;
#425 = DIRECTION ( 'NONE',  ( 0.000000000000000000, 0.000000000000000000, -1.000000000000000000 ) ) ;
#426 = VECTOR ( 'NONE', #286, 1000.000000000000000 ) ;
#427 = ADVANCED_FACE ( 'NONE', ( #952 ), #100, .F. ) ;
#428 = ORIENTED_EDGE ( 'NONE', *, *, #360, .T. ) ;
#429 = CARTESIAN_POINT ( 'NONE',  ( 2.822999999999999954, -12.02200000000000024, -0.09999999999999116540 ) ) ;
#430 = ORIENTED_EDGE ( 'NONE', *, *, #1028, .F. ) ;
#431 = ADVANCED_FACE ( 'NONE', ( #331 ), #344, .F. ) ;
#432 = FACE_OUTER_BOUND ( 'NONE', #1004, .T. ) ;
#433 = CARTESIAN_POINT ( 'NONE',  ( -18.67699999999999960, -12.02199763300979996, -3.099999999999999645 ) ) ;
#434 = AXIS2_PLACEMENT_3D ( 'NONE', #786, #290, #1547 ) ;
#435 = EDGE_LOOP ( 'NONE', ( #1492, #804 ) ) ;
#436 = LINE ( 'NONE', #1035, #60 ) ;
#437 = VERTEX_POINT ( 'NONE', #452 ) ;
#438 = CARTESIAN_POINT ( 'NONE',  ( -17.67699999999999960, 2.432689101216913435E-32, -4.100000000000000533 ) ) ;
#439 = CARTESIAN_POINT ( 'NONE',  ( 11.32299999999999862, -19.52200000000000202, 2.899999999999986144 ) ) ;
#440 = ADVANCED_FACE ( 'NONE', ( #1350 ), #445, .F. ) ;
#441 = VERTEX_POINT ( 'NONE', #960 ) ;
#442 = CARTESIAN_POINT ( 'NONE',  ( 6.222999999999999865, -4.245000000000003659, -0.09999999999999116540 ) ) ;
#443 = DIRECTION ( 'NONE',  ( -0.000000000000000000, 1.101879260771516891E-16, -1.000000000000000000 ) ) ;
#444 = ORIENTED_EDGE ( 'NONE', *, *, #200, .T. ) ;
#445 = PLANE ( 'NONE',  #44 ) ;
#446 = DIRECTION ( 'NONE',  ( -0.000000000000000000, 1.000000000000000000, -0.000000000000000000 ) ) ;
#447 = ADVANCED_FACE ( 'NONE', ( #1600, #721 ), #565, .T. ) ;
#448 = CIRCLE ( 'NONE', #319, 0.5000000000000000000 ) ;
#449 = VECTOR ( 'NONE', #852, 1000.000000000000000 ) ;
#450 = DIRECTION ( 'NONE',  ( -0.000000000000000000, -1.000000000000000000, -0.000000000000000000 ) ) ;
#451 = ORIENTED_EDGE ( 'NONE', *, *, #1310, .T. ) ;
#452 = CARTESIAN_POINT ( 'NONE',  ( -2.177000000000000046, -5.745000000000000107, -4.100000000000000533 ) ) ;
#453 = CARTESIAN_POINT ( 'NONE',  ( 4.723000000000000753, -4.245000000000003659, 2.899999999999999911 ) ) ;
#454 = ORIENTED_EDGE ( 'NONE', *, *, #766, .F. ) ;
#455 = VECTOR ( 'NONE', #1387, 1000.000000000000000 ) ;
#456 = ORIENTED_EDGE ( 'NONE', *, *, #226, .T. ) ;
#457 = EDGE_CURVE ( 'NONE', #241, #358, #461, .T. ) ;
#458 = VECTOR ( 'NONE', #403, 1000.000000000000000 ) ;
#459 = DIRECTION ( 'NONE',  ( -1.000000000000000000, 4.407005999795908694E-16, 0.000000000000000000 ) ) ;
#460 = ORIENTED_EDGE ( 'NONE', *, *, #622, .F. ) ;
#461 = LINE ( 'NONE', #1605, #1378 ) ;
#462 = DIRECTION ( 'NONE',  ( -0.7071067811865480168, 3.271025955591204571E-16, -0.7071067811865470176 ) ) ;
#463 = CARTESIAN_POINT ( 'NONE',  ( -18.67699999999999960, -12.02199763300979996, -3.099999999999999645 ) ) ;
#464 = FACE_OUTER_BOUND ( 'NONE', #1466, .T. ) ;
#465 = VERTEX_POINT ( 'NONE', #1467 ) ;
#466 = CARTESIAN_POINT ( 'NONE',  ( -17.67699999999999960, -15.52199999999999847, 3.900000000000000355 ) ) ;
#467 = FACE_OUTER_BOUND ( 'NONE', #2, .T. ) ;
#468 = ORIENTED_EDGE ( 'NONE', *, *, #186, .T. ) ;
#469 = EDGE_LOOP ( 'NONE', ( #1226, #385 ) ) ;
#470 = DIRECTION ( 'NONE',  ( 1.000000000000000000, -3.977355212603026694E-16, 0.000000000000000000 ) ) ;
#471 = DIRECTION ( 'NONE',  ( -0.7071067811865474617, 0.000000000000000000, -0.7071067811865474617 ) ) ;
#472 = LINE ( 'NONE', #714, #1488 ) ;
#473 = EDGE_CURVE ( 'NONE', #1005, #131, #1232, .T. ) ;
#474 = ORIENTED_EDGE ( 'NONE', *, *, #1217, .F. ) ;
#475 = LINE ( 'NONE', #615, #1607 ) ;
#476 = CIRCLE ( 'NONE', #932, 1.499999999999999556 ) ;
#477 = VECTOR ( 'NONE', #87, 1000.000000000000000 ) ;
#478 = VERTEX_POINT ( 'NONE', #577 ) ;
#479 = CYLINDRICAL_SURFACE ( 'NONE', #134, 1.399999999999999023 ) ;
#480 = VERTEX_POINT ( 'NONE', #827 ) ;
#481 = ORIENTED_EDGE ( 'NONE', *, *, #1131, .F. ) ;
#482 = CARTESIAN_POINT ( 'NONE',  ( -5.577000000000002622, -4.245000000000000107, 2.899999999999999911 ) ) ;
#483 = EDGE_CURVE ( 'NONE', #267, #1009, #1082, .T. ) ;
#484 = DIRECTION ( 'NONE',  ( 0.7071067811865470176, -3.066586833366748769E-16, -0.7071067811865479058 ) ) ;
#485 = VERTEX_POINT ( 'NONE', #1578 ) ;
#486 = PLANE ( 'NONE',  #646 ) ;
#487 = ORIENTED_EDGE ( 'NONE', *, *, #775, .F. ) ;
#488 = EDGE_CURVE ( 'NONE', #533, #1618, #707, .T. ) ;
#489 = VERTEX_POINT ( 'NONE', #982 ) ;
#490 = DIRECTION ( 'NONE',  ( 0.7071067811865499042, -1.635512977795604258E-16, -0.7071067811865451302 ) ) ;
#491 = ADVANCED_FACE ( 'NONE', ( #1483 ), #1221, .F. ) ;
#492 = DIRECTION ( 'NONE',  ( 0.000000000000000000, 1.000000000000000000, 0.000000000000000000 ) ) ;
#493 = CIRCLE ( 'NONE', #1293, 1.399999999999999023 ) ;
#494 = ORIENTED_EDGE ( 'NONE', *, *, #1017, .F. ) ;
#495 = CARTESIAN_POINT ( 'NONE',  ( 16.22300000000000253, -11.27199999999999669, -1.799999999999993161 ) ) ;
#496 = ORIENTED_EDGE ( 'NONE', *, *, #91, .T. ) ;
#497 = DIRECTION ( 'NONE',  ( 1.000000000000000000, -3.977355212603019791E-16, 0.000000000000000000 ) ) ;
#498 = VERTEX_POINT ( 'NONE', #1357 ) ;
#499 = CARTESIAN_POINT ( 'NONE',  ( -5.576999999999999957, 2.978000000000000203, 2.899999999999999911 ) ) ;
#500 = VECTOR ( 'NONE', #339, 1000.000000000000000 ) ;
#501 = EDGE_CURVE ( 'NONE', #1541, #864, #1095, .T. ) ;
#502 = CARTESIAN_POINT ( 'NONE',  ( 20.82299852674574225, -19.52200000000000202, -4.100000000000000533 ) ) ;
#503 = VECTOR ( 'NONE', #529, 1000.000000000000000 ) ;
#504 = LINE ( 'NONE', #512, #240 ) ;
#505 = VECTOR ( 'NONE', #653, 1000.000000000000000 ) ;
#506 = DIRECTION ( 'NONE',  ( 0.000000000000000000, -1.000000000000000000, 0.000000000000000000 ) ) ;
#507 = ORIENTED_EDGE ( 'NONE', *, *, #369, .T. ) ;
#508 = DIRECTION ( 'NONE',  ( -1.000000000000000000, 0.000000000000000000, 0.000000000000000000 ) ) ;
#509 = EDGE_CURVE ( 'NONE', #1206, #299, #841, .T. ) ;
#510 = FACE_OUTER_BOUND ( 'NONE', #62, .T. ) ;
#511 = EDGE_CURVE ( 'NONE', #864, #1145, #1208, .T. ) ;
#512 = CARTESIAN_POINT ( 'NONE',  ( -2.177000000000000046, -5.745000000000000107, -4.100000000000000533 ) ) ;
#513 = ORIENTED_EDGE ( 'NONE', *, *, #1448, .T. ) ;
#514 = CARTESIAN_POINT ( 'NONE',  ( 6.222999999999999865, -5.745000000000005436, 2.399999999999999911 ) ) ;
#515 = ORIENTED_EDGE ( 'NONE', *, *, #200, .F. ) ;
#516 = DIRECTION ( 'NONE',  ( -0.000000000000000000, -0.000000000000000000, 1.000000000000000000 ) ) ;
#517 = DIRECTION ( 'NONE',  ( 0.7071067811865452413, 0.000000000000000000, 0.7071067811865497932 ) ) ;
#518 = CIRCLE ( 'NONE', #1450, 1.399999999999999023 ) ;
#519 = CARTESIAN_POINT ( 'NONE',  ( 19.32299999999998974, -19.52200000000000202, 2.900000000000000355 ) ) ;
#520 = VERTEX_POINT ( 'NONE', #968 ) ;
#521 = LINE ( 'NONE', #1198, #1277 ) ;
#522 = CARTESIAN_POINT ( 'NONE',  ( -11.67700000000001204, -15.52199999999999847, 3.900000000000000355 ) ) ;
#523 = EDGE_CURVE ( 'NONE', #985, #878, #337, .T. ) ;
#524 = ORIENTED_EDGE ( 'NONE', *, *, #1050, .T. ) ;
#525 = DIRECTION ( 'NONE',  ( 1.000000000000000000, 0.000000000000000000, 0.000000000000000000 ) ) ;
#526 = DIRECTION ( 'NONE',  ( 0.000000000000000000, 1.000000000000000000, 0.000000000000000000 ) ) ;
#527 = ORIENTED_EDGE ( 'NONE', *, *, #561, .F. ) ;
#528 = EDGE_CURVE ( 'NONE', #1300, #906, #1179, .T. ) ;
#529 = DIRECTION ( 'NONE',  ( -4.625929269271484928E-16, -1.000000000000000000, 0.000000000000000000 ) ) ;
#530 = DIRECTION ( 'NONE',  ( -0.000000000000000000, 1.101879260771516891E-16, -1.000000000000000000 ) ) ;
#531 = DIRECTION ( 'NONE',  ( 0.000000000000000000, 1.000000000000000000, 0.000000000000000000 ) ) ;
#532 = AXIS2_PLACEMENT_3D ( 'NONE', #283, #184, #1564 ) ;
#533 = VERTEX_POINT ( 'NONE', #466 ) ;
#534 = VECTOR ( 'NONE', #1172, 1000.000000000000000 ) ;
#535 = FACE_BOUND ( 'NONE', #435, .T. ) ;
#536 = PLANE ( 'NONE',  #341 ) ;
#537 = ORIENTED_EDGE ( 'NONE', *, *, #1535, .T. ) ;
#538 = CARTESIAN_POINT ( 'NONE',  ( 11.32300000000000040, -12.02200000000000024, -3.099999999999999645 ) ) ;
#539 = LINE ( 'NONE', #438, #1375 ) ;
#540 = ORIENTED_EDGE ( 'NONE', *, *, #835, .T. ) ;
#541 = DIRECTION ( 'NONE',  ( -0.000000000000000000, 1.000000000000000000, 1.101879260771516768E-16 ) ) ;
#542 = ADVANCED_FACE ( 'NONE', ( #405 ), #924, .F. ) ;
#543 = DIRECTION ( 'NONE',  ( -1.000000000000000000, 4.625929269271491830E-16, -1.189978699995131618E-17 ) ) ;
#544 = ORIENTED_EDGE ( 'NONE', *, *, #1229, .T. ) ;
#545 = DIRECTION ( 'NONE',  ( 1.000000000000000000, 0.000000000000000000, 0.000000000000000000 ) ) ;
#546 = CARTESIAN_POINT ( 'NONE',  ( -18.67699999999999960, -15.52199999999999847, -3.099999999999999645 ) ) ;
#547 = ORIENTED_EDGE ( 'NONE', *, *, #226, .F. ) ;
#548 = DIRECTION ( 'NONE',  ( -2.312964634635742464E-16, -1.000000000000000000, 0.000000000000000000 ) ) ;
#549 = AXIS2_PLACEMENT_3D ( 'NONE', #384, #859, #726 ) ;
#550 = ADVANCED_FACE ( 'NONE', ( #188 ), #1165, .F. ) ;
#551 = VECTOR ( 'NONE', #1278, 1000.000000000000000 ) ;
#552 = ADVANCED_FACE ( 'NONE', ( #1292 ), #415, .F. ) ;
#553 = PLANE ( 'NONE',  #391 ) ;
#554 = ORIENTED_EDGE ( 'NONE', *, *, #511, .T. ) ;
#555 = CYLINDRICAL_SURFACE ( 'NONE', #148, 1.599999999999988542 ) ;
#556 = EDGE_CURVE ( 'NONE', #93, #652, #68, .T. ) ;
#557 = DIRECTION ( 'NONE',  ( 1.376188890205868500E-33, 1.000000000000000000, 0.000000000000000000 ) ) ;
#558 = CARTESIAN_POINT ( 'NONE',  ( 12.32300000000000573, -15.52199999999999847, 3.900000000000001243 ) ) ;
#559 = VERTEX_POINT ( 'NONE', #442 ) ;
#560 = VECTOR ( 'NONE', #50, 1000.000000000000000 ) ;
#561 = EDGE_CURVE ( 'NONE', #742, #267, #911, .T. ) ;
#562 = PLANE ( 'NONE',  #857 ) ;
#563 = ORIENTED_EDGE ( 'NONE', *, *, #703, .T. ) ;
#564 = EDGE_CURVE ( 'NONE', #950, #1067, #1423, .T. ) ;
#565 = PLANE ( 'NONE',  #1568 ) ;
#566 = DIRECTION ( 'NONE',  ( -0.7071067811865452413, 0.000000000000000000, -0.7071067811865497932 ) ) ;
#567 = EDGE_CURVE ( 'NONE', #1005, #1154, #1083, .T. ) ;
#568 = EDGE_CURVE ( 'NONE', #133, #864, #75, .T. ) ;
#569 = DIRECTION ( 'NONE',  ( 1.000000000000000000, 0.000000000000000000, 0.000000000000000000 ) ) ;
#570 = VERTEX_POINT ( 'NONE', #164 ) ;
#571 = CARTESIAN_POINT ( 'NONE',  ( -18.67699999999999960, 2.570307990237500627E-32, -0.09999999999999116540 ) ) ;
#572 = CYLINDRICAL_SURFACE ( 'NONE', #823, 1.499999999999999556 ) ;
#573 = EDGE_CURVE ( 'NONE', #1407, #250, #662, .T. ) ;
#574 = ORIENTED_EDGE ( 'NONE', *, *, #1200, .F. ) ;
#575 = CARTESIAN_POINT ( 'NONE',  ( -10.67700000000000138, -12.02200000000000024, -0.09999999999999116540 ) ) ;
#576 = EDGE_LOOP ( 'NONE', ( #1452, #494, #527, #387 ) ) ;
#577 = CARTESIAN_POINT ( 'NONE',  ( 11.32300000000000040, -13.02199999999999669, -0.09999999999999116540 ) ) ;
#578 = CARTESIAN_POINT ( 'NONE',  ( -17.67699999999999960, 2.432689101216913435E-32, 3.900000000000000355 ) ) ;
#579 = DIRECTION ( 'NONE',  ( -0.000000000000000000, -0.000000000000000000, -1.000000000000000000 ) ) ;
#580 = AXIS2_PLACEMENT_3D ( 'NONE', #453, #1485, #1237 ) ;
#581 = DIRECTION ( 'NONE',  ( 1.000000000000000000, 0.000000000000000000, 0.000000000000000000 ) ) ;
#582 = EDGE_LOOP ( 'NONE', ( #42, #108, #13, #1598 ) ) ;
#583 = CARTESIAN_POINT ( 'NONE',  ( 6.222999999999999865, 2.978000000000000203, 2.899999999999999911 ) ) ;
#584 = DIRECTION ( 'NONE',  ( 0.000000000000000000, 0.000000000000000000, -1.000000000000000000 ) ) ;
#585 = CARTESIAN_POINT ( 'NONE',  ( -15.57699999999999996, -11.27199999999999669, -0.3999999999999941380 ) ) ;
#586 = EDGE_CURVE ( 'NONE', #485, #93, #1173, .T. ) ;
#587 = DIRECTION ( 'NONE',  ( 0.000000000000000000, 1.000000000000000000, 0.000000000000000000 ) ) ;
#588 = DIRECTION ( 'NONE',  ( -6.505213034913030548E-16, -1.000000000000000000, 0.000000000000000000 ) ) ;
#589 = DIRECTION ( 'NONE',  ( 0.000000000000000000, 0.000000000000000000, -1.000000000000000000 ) ) ;
#590 = ORIENTED_EDGE ( 'NONE', *, *, #1139, .F. ) ;
#591 = AXIS2_PLACEMENT_3D ( 'NONE', #1188, #543, #1060 ) ;
#592 = PLANE ( 'NONE',  #201 ) ;
#593 = ORIENTED_EDGE ( 'NONE', *, *, #754, .F. ) ;
#594 = FACE_OUTER_BOUND ( 'NONE', #840, .T. ) ;
#595 = ORIENTED_EDGE ( 'NONE', *, *, #218, .F. ) ;
#596 = EDGE_CURVE ( 'NONE', #520, #478, #1565, .T. ) ;
#597 = CARTESIAN_POINT ( 'NONE',  ( 0.000000000000000000, -12.02199763300979996, -0.09999999999999116540 ) ) ;
#598 = VECTOR ( 'NONE', #767, 1000.000000000000000 ) ;
#599 = VERTEX_POINT ( 'NONE', #909 ) ;
#600 = DIRECTION ( 'NONE',  ( 3.977355212603019791E-16, 1.000000000000000000, -0.000000000000000000 ) ) ;
#601 = VECTOR ( 'NONE', #506, 1000.000000000000000 ) ;
#602 = EDGE_LOOP ( 'NONE', ( #460, #690, #1369, #923 ) ) ;
#603 = STYLED_ITEM ( 'NONE', ( #1155 ), #130 ) ;
#604 = DIRECTION ( 'NONE',  ( -0.7071067811865449082, 0.000000000000000000, 0.7071067811865501263 ) ) ;
#605 = AXIS2_PLACEMENT_3D ( 'NONE', #674, #1065, #944 ) ;
#606 = VERTEX_POINT ( 'NONE', #1048 ) ;
#607 = VERTEX_POINT ( 'NONE', #1549 ) ;
#608 = EDGE_CURVE ( 'NONE', #759, #58, #57, .T. ) ;
#609 = CARTESIAN_POINT ( 'NONE',  ( 16.22300000000000253, -11.27199999999999669, -1.799999999999993161 ) ) ;
#610 = ORIENTED_EDGE ( 'NONE', *, *, #1478, .T. ) ;
#611 = CARTESIAN_POINT ( 'NONE',  ( -10.67700000000000138, -12.02200000000000024, -4.100000000000002309 ) ) ;
#612 = EDGE_CURVE ( 'NONE', #1322, #985, #413, .T. ) ;
#613 = ORIENTED_EDGE ( 'NONE', *, *, #473, .F. ) ;
#614 = LINE ( 'NONE', #1249, #1511 ) ;
#615 = CARTESIAN_POINT ( 'NONE',  ( -5.577000000000003510, -5.745000000000000107, -0.09999999999999116540 ) ) ;
#616 = ORIENTED_EDGE ( 'NONE', *, *, #930, .T. ) ;
#617 = ORIENTED_EDGE ( 'NONE', *, *, #951, .T. ) ;
#618 = CARTESIAN_POINT ( 'NONE',  ( 11.32300000000000040, -13.02199999999999669, -0.09999999999999116540 ) ) ;
#619 = ORIENTED_EDGE ( 'NONE', *, *, #98, .T. ) ;
#620 = LINE ( 'NONE', #881, #143 ) ;
#621 = ORIENTED_EDGE ( 'NONE', *, *, #483, .F. ) ;
#622 = EDGE_CURVE ( 'NONE', #883, #1170, #922, .T. ) ;
#623 = DIRECTION ( 'NONE',  ( 0.000000000000000000, 0.000000000000000000, -1.000000000000000000 ) ) ;
#624 = AXIS2_PLACEMENT_3D ( 'NONE', #1321, #46, #812 ) ;
#625 = EDGE_LOOP ( 'NONE', ( #1053, #750, #1622, #106 ) ) ;
#626 = DIRECTION ( 'NONE',  ( 0.000000000000000000, 0.000000000000000000, -1.000000000000000000 ) ) ;
#627 = ORIENTED_EDGE ( 'NONE', *, *, #523, .F. ) ;
#628 = CARTESIAN_POINT ( 'NONE',  ( -20.17700147325428972, 3.478002367581787713, -0.09999999999999116540 ) ) ;
#629 = EDGE_LOOP ( 'NONE', ( #793, #1365, #655, #1401 ) ) ;
#630 = CARTESIAN_POINT ( 'NONE',  ( -4.077000000000004398, -4.245000000000000995, 2.899999999999999911 ) ) ;
#631 = EDGE_CURVE ( 'NONE', #16, #441, #205, .T. ) ;
#632 = VECTOR ( 'NONE', #1363, 1000.000000000000000 ) ;
#633 = VECTOR ( 'NONE', #257, 1000.000000000000000 ) ;
#634 = VECTOR ( 'NONE', #865, 1000.000000000000000 ) ;
#635 = DIRECTION ( 'NONE',  ( 0.7071067811865451302, -3.066586833366739895E-16, 0.7071067811865499042 ) ) ;
#636 = ORIENTED_EDGE ( 'NONE', *, *, #268, .T. ) ;
#637 = VERTEX_POINT ( 'NONE', #1421 ) ;
#638 = DIRECTION ( 'NONE',  ( 0.000000000000000000, 0.000000000000000000, 1.000000000000000000 ) ) ;
#639 = ORIENTED_EDGE ( 'NONE', *, *, #295, .F. ) ;
#640 = VECTOR ( 'NONE', #1556, 1000.000000000000000 ) ;
#641 = FACE_OUTER_BOUND ( 'NONE', #1472, .T. ) ;
#642 = ADVANCED_BREP_SHAPE_REPRESENTATION ( 'Beacon Mount _ Burninator Height Mod', ( #130, #1589 ), #1274 ) ;
#643 = EDGE_LOOP ( 'NONE', ( #1383, #352, #1072, #1341, #394 ) ) ;
#644 = DIRECTION ( 'NONE',  ( 0.000000000000000000, 0.000000000000000000, 1.000000000000000000 ) ) ;
#645 = DIRECTION ( 'NONE',  ( 0.7071067811865456854, 0.000000000000000000, -0.7071067811865493491 ) ) ;
#646 = AXIS2_PLACEMENT_3D ( 'NONE', #879, #1026, #365 ) ;
#647 = EDGE_CURVE ( 'NONE', #93, #699, #292, .T. ) ;
#648 = VERTEX_POINT ( 'NONE', #422 ) ;
#649 = FACE_OUTER_BOUND ( 'NONE', #625, .T. ) ;
#650 = ORIENTED_EDGE ( 'NONE', *, *, #59, .T. ) ;
#651 = DIRECTION ( 'NONE',  ( -0.000000000000000000, -0.000000000000000000, 1.000000000000000000 ) ) ;
#652 = VERTEX_POINT ( 'NONE', #675 ) ;
#653 = DIRECTION ( 'NONE',  ( 1.000000000000000000, 0.000000000000000000, 0.000000000000000000 ) ) ;
#654 = CARTESIAN_POINT ( 'NONE',  ( -15.57699999999999996, -10.92999498886765863, -3.199999999999992184 ) ) ;
#655 = ORIENTED_EDGE ( 'NONE', *, *, #388, .F. ) ;
#656 = CARTESIAN_POINT ( 'NONE',  ( 20.82299852674574581, -12.02199999999998425, -0.09999999999999115152 ) ) ;
#657 = EDGE_LOOP ( 'NONE', ( #1413, #1416, #1059, #146 ) ) ;
#658 = CIRCLE ( 'NONE', #136, 1.499999999999999556 ) ;
#659 = CARTESIAN_POINT ( 'NONE',  ( 6.222999999999999865, 2.978000000000000203, -0.09999999999999116540 ) ) ;
#660 = CARTESIAN_POINT ( 'NONE',  ( -10.67700000000000493, -15.52199999999999847, -3.099999999999985878 ) ) ;
#661 = EDGE_CURVE ( 'NONE', #878, #133, #1066, .T. ) ;
#662 = LINE ( 'NONE', #1412, #327 ) ;
#663 = AXIS2_PLACEMENT_3D ( 'NONE', #248, #739, #123 ) ;
#664 = VERTEX_POINT ( 'NONE', #1431 ) ;
#665 = EDGE_CURVE ( 'NONE', #437, #780, #945, .T. ) ;
#666 = SHAPE_DEFINITION_REPRESENTATION ( #679, #642 ) ;
#667 = CARTESIAN_POINT ( 'NONE',  ( 0.000000000000000000, 0.000000000000000000, -4.100000000000000533 ) ) ;
#668 = AXIS2_PLACEMENT_3D ( 'NONE', #630, #516, #508 ) ;
#669 = CARTESIAN_POINT ( 'NONE',  ( 11.32300000000000040, -12.02200000000000024, -0.09999999999999116540 ) ) ;
#670 = VECTOR ( 'NONE', #1400, 1000.000000000000000 ) ;
#671 = PRODUCT_DEFINITION_FORMATION_WITH_SPECIFIED_SOURCE ( 'ANY', '', #874, .NOT_KNOWN. ) ;
#672 = ORIENTED_EDGE ( 'NONE', *, *, #700, .F. ) ;
#673 = DIRECTION ( 'NONE',  ( 0.7071067811865475727, -9.731124964581587637E-34, -0.7071067811865475727 ) ) ;
#674 = CARTESIAN_POINT ( 'NONE',  ( 16.22300000000000253, -10.92999498886765863, -1.799999999999993161 ) ) ;
#675 = CARTESIAN_POINT ( 'NONE',  ( -20.17700147325428972, 3.478002367581787713, -0.09999999999999116540 ) ) ;
#676 = AXIS2_PLACEMENT_3D ( 'NONE', #1414, #791, #1433 ) ;
#677 = EDGE_LOOP ( 'NONE', ( #496, #47, #822, #889, #481 ) ) ;
#678 = LINE ( 'NONE', #1415, #1113 ) ;
#679 = PRODUCT_DEFINITION_SHAPE ( 'NONE', 'NONE',  #955 ) ;
#680 = CYLINDRICAL_SURFACE ( 'NONE', #624, 1.399999999999999023 ) ;
#681 = EDGE_LOOP ( 'NONE', ( #1181, #191 ) ) ;
#682 = CARTESIAN_POINT ( 'NONE',  ( 2.822999999999999954, -12.02200000000000024, -4.101000000000000867 ) ) ;
#683 = LINE ( 'NONE', #660, #534 ) ;
#684 = ORIENTED_EDGE ( 'NONE', *, *, #81, .F. ) ;
#685 = PLANE ( 'NONE',  #978 ) ;
#686 = ORIENTED_EDGE ( 'NONE', *, *, #321, .F. ) ;
#687 = CARTESIAN_POINT ( 'NONE',  ( -4.077000000000005286, -5.245000000000000107, 2.899999999999999911 ) ) ;
#688 = CARTESIAN_POINT ( 'NONE',  ( 12.32300000000000573, -15.52199999999999847, 3.900000000000001243 ) ) ;
#689 = CARTESIAN_POINT ( 'NONE',  ( 20.82299852674574225, -19.52200000000000202, -0.09999999999999116540 ) ) ;
#690 = ORIENTED_EDGE ( 'NONE', *, *, #52, .F. ) ;
#691 = VECTOR ( 'NONE', #1114, 1000.000000000000000 ) ;
#692 = FACE_OUTER_BOUND ( 'NONE', #1138, .T. ) ;
#693 = ORIENTED_EDGE ( 'NONE', *, *, #586, .F. ) ;
#694 = CARTESIAN_POINT ( 'NONE',  ( 4.722999999999999865, -5.745000000000004547, 2.399999999999999911 ) ) ;
#695 = DIRECTION ( 'NONE',  ( 0.000000000000000000, -1.000000000000000000, 0.000000000000000000 ) ) ;
#696 = CARTESIAN_POINT ( 'NONE',  ( 18.32299999999998974, -15.52199999999999847, 3.900000000000001243 ) ) ;
#697 = AXIS2_PLACEMENT_3D ( 'NONE', #938, #1567, #166 ) ;
#698 = DIRECTION ( 'NONE',  ( -0.000000000000000000, 1.101879260771516891E-16, -1.000000000000000000 ) ) ;
#699 = VERTEX_POINT ( 'NONE', #310 ) ;
#700 = EDGE_CURVE ( 'NONE', #414, #465, #195, .T. ) ;
#701 = DIRECTION ( 'NONE',  ( 0.000000000000000000, -1.000000000000000000, 0.000000000000000000 ) ) ;
#702 = DIRECTION ( 'NONE',  ( 0.000000000000000000, -1.000000000000000000, 0.000000000000000000 ) ) ;
#703 = EDGE_CURVE ( 'NONE', #465, #520, #1076, .T. ) ;
#704 = DIRECTION ( 'NONE',  ( 2.312964634635742464E-16, 1.000000000000000000, 0.000000000000000000 ) ) ;
#705 = ORIENTED_EDGE ( 'NONE', *, *, #850, .T. ) ;
#706 = LINE ( 'NONE', #943, #1404 ) ;
#707 = LINE ( 'NONE', #820, #305 ) ;
#708 = FACE_OUTER_BOUND ( 'NONE', #293, .T. ) ;
#709 = CIRCLE ( 'NONE', #1240, 1.599999999999988542 ) ;
#710 = AXIS2_PLACEMENT_3D ( 'NONE', #361, #1356, #232 ) ;
#711 = LINE ( 'NONE', #1086, #1002 ) ;
#712 = EDGE_LOOP ( 'NONE', ( #616, #1135 ) ) ;
#713 = CARTESIAN_POINT ( 'NONE',  ( -4.077000000000004398, -4.245000000000000995, 2.399999999999999911 ) ) ;
#714 = CARTESIAN_POINT ( 'NONE',  ( -5.077000000000000846, 2.019303241438553439E-15, 2.899999999999999911 ) ) ;
#715 = ADVANCED_FACE ( 'NONE', ( #814 ), #1325, .T. ) ;
#716 = CIRCLE ( 'NONE', #1482, 1.599999999999990319 ) ;
#717 = CIRCLE ( 'NONE', #15, 0.5000000000000000000 ) ;
#718 = ADVANCED_FACE ( 'NONE', ( #708 ), #1594, .F. ) ;
#719 = VECTOR ( 'NONE', #1056, 1000.000000000000000 ) ;
#720 = DIRECTION ( 'NONE',  ( 1.000000000000000000, 0.000000000000000000, 0.000000000000000000 ) ) ;
#721 = FACE_OUTER_BOUND ( 'NONE', #1140, .T. ) ;
#722 = CARTESIAN_POINT ( 'NONE',  ( 4.723000000000000753, -4.245000000000003659, 2.899999999999999911 ) ) ;
#723 = ORIENTED_EDGE ( 'NONE', *, *, #295, .T. ) ;
#724 = ORIENTED_EDGE ( 'NONE', *, *, #992, .F. ) ;
#725 = ADVANCED_FACE ( 'NONE', ( #1343 ), #572, .T. ) ;
#726 = DIRECTION ( 'NONE',  ( 0.000000000000000000, 0.000000000000000000, -1.000000000000000000 ) ) ;
#727 = EDGE_CURVE ( 'NONE', #1620, #24, #1601, .T. ) ;
#728 = LINE ( 'NONE', #1108, #156 ) ;
#729 = DIRECTION ( 'NONE',  ( 3.977355212603019791E-16, 1.000000000000000000, 0.000000000000000000 ) ) ;
#730 = DIRECTION ( 'NONE',  ( -0.000000000000000000, 1.101879260771516891E-16, -1.000000000000000000 ) ) ;
#731 = VECTOR ( 'NONE', #1334, 1000.000000000000000 ) ;
#732 = CARTESIAN_POINT ( 'NONE',  ( 6.222999999999999865, -5.745000000000005436, 2.899999999999999911 ) ) ;
#733 = DIRECTION ( 'NONE',  ( -1.000000000000000000, 4.336808689942021187E-16, -0.000000000000000000 ) ) ;
#734 = ORIENTED_EDGE ( 'NONE', *, *, #1235, .F. ) ;
#735 = DIRECTION ( 'NONE',  ( 1.376188890205868500E-33, 1.000000000000000000, 0.000000000000000000 ) ) ;
#736 = ORIENTED_EDGE ( 'NONE', *, *, #1428, .T. ) ;
#737 = DIRECTION ( 'NONE',  ( 1.000000000000000000, 0.000000000000000000, 0.000000000000000000 ) ) ;
#738 = VECTOR ( 'NONE', #401, 1000.000000000000000 ) ;
#739 = DIRECTION ( 'NONE',  ( 0.000000000000000000, 0.000000000000000000, -1.000000000000000000 ) ) ;
#740 = CIRCLE ( 'NONE', #532, 0.5000000000000000000 ) ;
#741 = VERTEX_POINT ( 'NONE', #107 ) ;
#742 = VERTEX_POINT ( 'NONE', #225 ) ;
#743 = DIRECTION ( 'NONE',  ( 0.000000000000000000, 0.000000000000000000, -1.000000000000000000 ) ) ;
#744 = EDGE_CURVE ( 'NONE', #966, #648, #1098, .T. ) ;
#745 = EDGE_LOOP ( 'NONE', ( #126, #335, #28, #170 ) ) ;
#746 = CARTESIAN_POINT ( 'NONE',  ( -5.577000000000003510, -5.745000000000000107, 2.399999999999999911 ) ) ;
#747 = CARTESIAN_POINT ( 'NONE',  ( 0.000000000000000000, 0.000000000000000000, 0.000000000000000000 ) ) ;
#748 = APPLICATION_CONTEXT ( 'automotive_design' ) ;
#749 = DIRECTION ( 'NONE',  ( 0.000000000000000000, 0.000000000000000000, -1.000000000000000000 ) ) ;
#750 = ORIENTED_EDGE ( 'NONE', *, *, #118, .F. ) ;
#751 = CARTESIAN_POINT ( 'NONE',  ( -17.67699999999999960, -15.52199999999999847, -4.100000000000000533 ) ) ;
#752 = ORIENTED_EDGE ( 'NONE', *, *, #661, .T. ) ;
#753 = LINE ( 'NONE', #514, #632 ) ;
#754 = EDGE_CURVE ( 'NONE', #1361, #606, #472, .T. ) ;
#755 = ORIENTED_EDGE ( 'NONE', *, *, #744, .T. ) ;
#756 = DIRECTION ( 'NONE',  ( 0.000000000000000000, 0.000000000000000000, 1.000000000000000000 ) ) ;
#757 = LINE ( 'NONE', #1003, #1166 ) ;
#758 = ORIENTED_EDGE ( 'NONE', *, *, #805, .F. ) ;
#759 = VERTEX_POINT ( 'NONE', #345 ) ;
#760 = CARTESIAN_POINT ( 'NONE',  ( -18.67699999999999960, -13.02199999999999669, -0.09999999999999116540 ) ) ;
#761 = ORIENTED_EDGE ( 'NONE', *, *, #1045, .T. ) ;
#762 = CARTESIAN_POINT ( 'NONE',  ( 6.222999999999999865, 2.978000000000000203, 2.399999999999999911 ) ) ;
#763 = ORIENTED_EDGE ( 'NONE', *, *, #1214, .F. ) ;
#764 = CARTESIAN_POINT ( 'NONE',  ( -18.67699999999999960, -13.02199999999999669, 2.899999999999999467 ) ) ;
#765 = VECTOR ( 'NONE', #579, 1000.000000000000000 ) ;
#766 = EDGE_CURVE ( 'NONE', #314, #533, #821, .T. ) ;
#767 = DIRECTION ( 'NONE',  ( 4.625929269271491830E-16, 1.000000000000000000, 0.000000000000000000 ) ) ;
#768 = DIRECTION ( 'NONE',  ( 0.000000000000000000, 1.000000000000000000, 0.000000000000000000 ) ) ;
#769 = ORIENTED_EDGE ( 'NONE', *, *, #321, .T. ) ;
#770 = VECTOR ( 'NONE', #88, 1000.000000000000000 ) ;
#771 = CARTESIAN_POINT ( 'NONE',  ( 4.722999999999999865, -5.745000000000004547, -0.09999999999999116540 ) ) ;
#772 = ORIENTED_EDGE ( 'NONE', *, *, #1530, .F. ) ;
#773 = PLANE ( 'NONE',  #1479 ) ;
#774 = ORIENTED_EDGE ( 'NONE', *, *, #1491, .T. ) ;
#775 = EDGE_CURVE ( 'NONE', #1185, #1361, #961, .T. ) ;
#776 = DIRECTION ( 'NONE',  ( 4.407005999795908694E-16, 1.000000000000000000, -0.000000000000000000 ) ) ;
#777 = VERTEX_POINT ( 'NONE', #828 ) ;
#778 = CARTESIAN_POINT ( 'NONE',  ( -14.70200014156099932, -1.791516994733901802, -0.09999999999999159561 ) ) ;
#779 = DIRECTION ( 'NONE',  ( 1.000000000000000000, 1.734725179770965210E-14, 0.000000000000000000 ) ) ;
#780 = VERTEX_POINT ( 'NONE', #1358 ) ;
#781 = CARTESIAN_POINT ( 'NONE',  ( 11.32299999999999862, -19.52200000000000202, -3.099999999999999645 ) ) ;
#782 = PLANE ( 'NONE',  #67 ) ;
#783 = CARTESIAN_POINT ( 'NONE',  ( -11.67700000000000848, -13.02200000000000202, 3.900000000000000355 ) ) ;
#784 = ORIENTED_EDGE ( 'NONE', *, *, #1193, .F. ) ;
#785 = VECTOR ( 'NONE', #704, 1000.000000000000000 ) ;
#786 = CARTESIAN_POINT ( 'NONE',  ( 20.82299852674574225, 3.478002367581793042, -4.100000000000000533 ) ) ;
#787 = PLANE ( 'NONE',  #43 ) ;
#788 = CARTESIAN_POINT ( 'NONE',  ( -18.67699999999999960, -13.02199999999999669, -0.09999999999999116540 ) ) ;
#789 = ADVANCED_FACE ( 'NONE', ( #594 ), #338, .F. ) ;
#790 = ORIENTED_EDGE ( 'NONE', *, *, #218, .T. ) ;
#791 = DIRECTION ( 'NONE',  ( -0.000000000000000000, 1.101879260771516891E-16, -1.000000000000000000 ) ) ;
#792 = CARTESIAN_POINT ( 'NONE',  ( 6.222999999999999865, -4.245000000000003659, 2.899999999999999911 ) ) ;
#793 = ORIENTED_EDGE ( 'NONE', *, *, #914, .T. ) ;
#794 = DIRECTION ( 'NONE',  ( 0.000000000000000000, 0.000000000000000000, 1.000000000000000000 ) ) ;
#795 =( GEOMETRIC_REPRESENTATION_CONTEXT ( 3 ) GLOBAL_UNCERTAINTY_ASSIGNED_CONTEXT ( ( #1025 ) ) GLOBAL_UNIT_ASSIGNED_CONTEXT ( ( #1257, #260, #1021 ) ) REPRESENTATION_CONTEXT ( 'NONE', 'WORKASPACE' ) );
#796 = EDGE_LOOP ( 'NONE', ( #1314, #537, #774, #1129 ) ) ;
#797 = CARTESIAN_POINT ( 'NONE',  ( -4.077000000000004398, -4.245000000000000995, -0.09999999999999115152 ) ) ;
#798 = LINE ( 'NONE', #194, #1044 ) ;
#799 = CARTESIAN_POINT ( 'NONE',  ( 11.32300000000000040, -13.02199999999999669, 3.900000000000001243 ) ) ;
#800 = ADVANCED_FACE ( 'NONE', ( #1332 ), #1096, .F. ) ;
#801 = AXIS2_PLACEMENT_3D ( 'NONE', #1324, #49, #1055 ) ;
#802 = ORIENTED_EDGE ( 'NONE', *, *, #912, .F. ) ;
#803 = FACE_OUTER_BOUND ( 'NONE', #1538, .T. ) ;
#804 = ORIENTED_EDGE ( 'NONE', *, *, #1115, .F. ) ;
#805 = EDGE_CURVE ( 'NONE', #1185, #111, #375, .T. ) ;
#806 = DIRECTION ( 'NONE',  ( -0.000000000000000000, 1.101879260771516891E-16, -1.000000000000000000 ) ) ;
#807 = CYLINDRICAL_SURFACE ( 'NONE', #177, 1.599999999999987654 ) ;
#808 = DIRECTION ( 'NONE',  ( -1.000000000000000000, -1.269309860470833245E-16, 0.000000000000000000 ) ) ;
#809 = ADVANCED_FACE ( 'NONE', ( #231 ), #212, .F. ) ;
#810 = ORIENTED_EDGE ( 'NONE', *, *, #573, .F. ) ;
#811 = ADVANCED_FACE ( 'NONE', ( #467 ), #350, .T. ) ;
#812 = DIRECTION ( 'NONE',  ( 0.000000000000000000, 0.000000000000000000, -1.000000000000000000 ) ) ;
#813 = ORIENTED_EDGE ( 'NONE', *, *, #174, .T. ) ;
#814 = FACE_OUTER_BOUND ( 'NONE', #1470, .T. ) ;
#815 = AXIS2_PLACEMENT_3D ( 'NONE', #825, #77, #470 ) ;
#816 = ORIENTED_EDGE ( 'NONE', *, *, #140, .F. ) ;
#817 = EDGE_CURVE ( 'NONE', #149, #966, #728, .T. ) ;
#818 = PLANE ( 'NONE',  #1534 ) ;
#819 = ORIENTED_EDGE ( 'NONE', *, *, #1017, .T. ) ;
#820 = CARTESIAN_POINT ( 'NONE',  ( -17.67699999999999960, -15.52199999999999847, 3.900000000000000355 ) ) ;
#821 = LINE ( 'NONE', #578, #1518 ) ;
#822 = ORIENTED_EDGE ( 'NONE', *, *, #1506, .T. ) ;
#823 = AXIS2_PLACEMENT_3D ( 'NONE', #1475, #332, #1587 ) ;
#824 = ADVANCED_FACE ( 'NONE', ( #953 ), #1579, .T. ) ;
#825 = CARTESIAN_POINT ( 'NONE',  ( -5.077000000000000846, 2.019303241438553439E-15, 2.399999999999999911 ) ) ;
#826 = EDGE_LOOP ( 'NONE', ( #355, #1500, #367, #1503 ) ) ;
#827 = CARTESIAN_POINT ( 'NONE',  ( 2.822999999999999954, -12.02200000000000024, -0.09999999999999116540 ) ) ;
#828 = CARTESIAN_POINT ( 'NONE',  ( 15.34800000000000075, 1.407999999999960838, -4.100000000000002309 ) ) ;
#829 = VERTEX_POINT ( 'NONE', #1006 ) ;
#830 = ADVANCED_FACE ( 'NONE', ( #1522 ), #1493, .T. ) ;
#831 = CARTESIAN_POINT ( 'NONE',  ( -18.67699999999999960, -12.02199763300979996, -0.09999999999999159561 ) ) ;
#832 = ORIENTED_EDGE ( 'NONE', *, *, #1202, .T. ) ;
#833 = CARTESIAN_POINT ( 'NONE',  ( -11.67700000000000315, 5.401697607728313928E-15, -4.100000000000000533 ) ) ;
#834 = CARTESIAN_POINT ( 'NONE',  ( -18.67699999999999960, -12.02199763300979996, 3.900000000000001688 ) ) ;
#835 = EDGE_CURVE ( 'NONE', #1170, #498, #356, .T. ) ;
#836 = AXIS2_PLACEMENT_3D ( 'NONE', #1458, #1231, #1602 ) ;
#837 = AXIS2_PLACEMENT_3D ( 'NONE', #913, #1294, #1034 ) ;
#838 = ADVANCED_FACE ( 'NONE', ( #1255, #1510 ), #486, .T. ) ;
#839 = DIRECTION ( 'NONE',  ( -0.000000000000000000, -0.000000000000000000, 1.000000000000000000 ) ) ;
#840 = EDGE_LOOP ( 'NONE', ( #180, #1078, #390, #554, #245, #1427 ) ) ;
#841 = LINE ( 'NONE', #1593, #1251 ) ;
#842 = DIRECTION ( 'NONE',  ( 1.189978699995136702E-17, 0.000000000000000000, -1.000000000000000000 ) ) ;
#843 = VECTOR ( 'NONE', #1513, 1000.000000000000000 ) ;
#844 = LINE ( 'NONE', #1352, #10 ) ;
#845 = ADVANCED_FACE ( 'NONE', ( #1280 ), #479, .F. ) ;
#846 = CARTESIAN_POINT ( 'NONE',  ( 19.32299999999998974, -19.52200000000000202, -3.099999999999999645 ) ) ;
#847 = DIRECTION ( 'NONE',  ( -1.000000000000000000, 0.000000000000000000, 0.000000000000000000 ) ) ;
#848 = DIRECTION ( 'NONE',  ( -1.000000000000000000, 0.000000000000000000, 0.000000000000000000 ) ) ;
#849 = EDGE_CURVE ( 'NONE', #607, #1110, #1238, .T. ) ;
#850 = EDGE_CURVE ( 'NONE', #24, #1616, #253, .T. ) ;
#851 = ORIENTED_EDGE ( 'NONE', *, *, #596, .F. ) ;
#852 = DIRECTION ( 'NONE',  ( 1.000000000000000000, -4.410313921974931770E-16, -0.000000000000000000 ) ) ;
#853 = DIRECTION ( 'NONE',  ( 1.000000000000000000, 0.000000000000000000, 0.000000000000000000 ) ) ;
#854 = VERTEX_POINT ( 'NONE', #1370 ) ;
#855 = ORIENTED_EDGE ( 'NONE', *, *, #665, .F. ) ;
#856 = CARTESIAN_POINT ( 'NONE',  ( -15.57699999999999996, -15.52199999999999847, -0.3999999999999941380 ) ) ;
#857 = AXIS2_PLACEMENT_3D ( 'NONE', #1093, #85, #1451 ) ;
#858 = EDGE_CURVE ( 'NONE', #741, #742, #1612, .T. ) ;
#859 = DIRECTION ( 'NONE',  ( 0.000000000000000000, -1.000000000000000000, 0.000000000000000000 ) ) ;
#860 = ORIENTED_EDGE ( 'NONE', *, *, #1473, .F. ) ;
#861 = DIRECTION ( 'NONE',  ( 4.625929269271491830E-16, 1.000000000000000000, 0.000000000000000000 ) ) ;
#862 = ORIENTED_EDGE ( 'NONE', *, *, #612, .F. ) ;
#863 = FACE_OUTER_BOUND ( 'NONE', #796, .T. ) ;
#864 = VERTEX_POINT ( 'NONE', #760 ) ;
#865 = DIRECTION ( 'NONE',  ( 0.000000000000000000, -1.000000000000000000, 0.000000000000000000 ) ) ;
#866 = AXIS2_PLACEMENT_3D ( 'NONE', #309, #933, #1183 ) ;
#867 = CARTESIAN_POINT ( 'NONE',  ( -15.57699999999999996, -11.27199999999999669, -1.799999999999993161 ) ) ;
#868 = VECTOR ( 'NONE', #695, 1000.000000000000000 ) ;
#869 = ORIENTED_EDGE ( 'NONE', *, *, #561, .T. ) ;
#870 = ORIENTED_EDGE ( 'NONE', *, *, #1139, .T. ) ;
#871 = CARTESIAN_POINT ( 'NONE',  ( -4.077000000000005286, -5.245000000000000995, 2.399999999999999911 ) ) ;
#872 = ORIENTED_EDGE ( 'NONE', *, *, #1336, .F. ) ;
#873 = CARTESIAN_POINT ( 'NONE',  ( -10.67700000000000138, -12.02200000000000024, -0.09999999999999116540 ) ) ;
#874 = PRODUCT ( 'Beacon Mount _ Burninator Height Mod', 'Beacon Mount _ Burninator Height Mod', '', ( #1505 ) ) ;
#875 = ORIENTED_EDGE ( 'NONE', *, *, #1310, .F. ) ;
#876 = FACE_OUTER_BOUND ( 'NONE', #55, .T. ) ;
#877 = ORIENTED_EDGE ( 'NONE', *, *, #238, .F. ) ;
#878 = VERTEX_POINT ( 'NONE', #145 ) ;
#879 = CARTESIAN_POINT ( 'NONE',  ( 3.384826294588888981E-16, -15.52199999999999847, 0.000000000000000000 ) ) ;
#880 = ORIENTED_EDGE ( 'NONE', *, *, #835, .F. ) ;
#881 = CARTESIAN_POINT ( 'NONE',  ( 18.32299999999999329, -15.52199999999999847, -4.100000000000000533 ) ) ;
#882 = EDGE_CURVE ( 'NONE', #23, #7, #1032, .T. ) ;
#883 = VERTEX_POINT ( 'NONE', #242 ) ;
#884 = CARTESIAN_POINT ( 'NONE',  ( -15.57699999999999996, -10.92999498886765863, -0.3999999999999941380 ) ) ;
#885 = VECTOR ( 'NONE', #861, 1000.000000000000000 ) ;
#886 = AXIS2_PLACEMENT_3D ( 'NONE', #389, #1262, #1019 ) ;
#887 = LINE ( 'NONE', #1397, #598 ) ;
#888 = AXIS2_PLACEMENT_3D ( 'NONE', #846, #202, #322 ) ;
#889 = ORIENTED_EDGE ( 'NONE', *, *, #312, .T. ) ;
#890 = CARTESIAN_POINT ( 'NONE',  ( -15.57699999999999996, -10.92999498886765863, -1.799999999999993161 ) ) ;
#891 = VERTEX_POINT ( 'NONE', #374 ) ;
#892 = LINE ( 'NONE', #275, #1484 ) ;
#893 = ORIENTED_EDGE ( 'NONE', *, *, #270, .F. ) ;
#894 = FACE_OUTER_BOUND ( 'NONE', #223, .T. ) ;
#895 = DIRECTION ( 'NONE',  ( -1.000000000000000000, 0.000000000000000000, 0.000000000000000000 ) ) ;
#896 = EDGE_CURVE ( 'NONE', #58, #478, #1245, .T. ) ;
#897 = MECHANICAL_DESIGN_GEOMETRIC_PRESENTATION_REPRESENTATION (  '', ( #603 ), #795 ) ;
#898 = CARTESIAN_POINT ( 'NONE',  ( 4.722999999999999865, -5.745000000000004547, 2.899999999999999911 ) ) ;
#899 = ORIENTED_EDGE ( 'NONE', *, *, #805, .T. ) ;
#900 = VECTOR ( 'NONE', #566, 1000.000000000000000 ) ;
#901 = CARTESIAN_POINT ( 'NONE',  ( -17.67699999999999960, 2.432689101216913435E-32, 3.900000000000000355 ) ) ;
#902 = DIRECTION ( 'NONE',  ( -1.000000000000000000, 0.000000000000000000, 0.000000000000000000 ) ) ;
#903 = VERTEX_POINT ( 'NONE', #1528 ) ;
#904 = FACE_OUTER_BOUND ( 'NONE', #929, .T. ) ;
#905 = LINE ( 'NONE', #409, #1502 ) ;
#906 = VERTEX_POINT ( 'NONE', #116 ) ;
#907 = DIRECTION ( 'NONE',  ( 0.000000000000000000, 1.000000000000000000, 0.000000000000000000 ) ) ;
#908 = DIRECTION ( 'NONE',  ( -0.000000000000000000, 1.101879260771516891E-16, -1.000000000000000000 ) ) ;
#909 = CARTESIAN_POINT ( 'NONE',  ( -20.17700147325428617, -12.02199763300979996, -0.09999999999999159561 ) ) ;
#910 = ORIENTED_EDGE ( 'NONE', *, *, #287, .T. ) ;
#911 = LINE ( 'NONE', #32, #1279 ) ;
#912 = EDGE_CURVE ( 'NONE', #1110, #988, #153, .T. ) ;
#913 = CARTESIAN_POINT ( 'NONE',  ( 15.34800000000000075, -0.1920000000000294804, -4.100000000000002309 ) ) ;
#914 = EDGE_CURVE ( 'NONE', #917, #648, #448, .T. ) ;
#915 = ORIENTED_EDGE ( 'NONE', *, *, #817, .T. ) ;
#916 = DIRECTION ( 'NONE',  ( -1.000000000000000000, 0.000000000000000000, 0.000000000000000000 ) ) ;
#917 = VERTEX_POINT ( 'NONE', #1137 ) ;
#918 = CIRCLE ( 'NONE', #220, 0.5000000000000000000 ) ;
#919 = CARTESIAN_POINT ( 'NONE',  ( 12.32300000000000750, -13.02199999999999669, 3.900000000000001243 ) ) ;
#920 = AXIS2_PLACEMENT_3D ( 'NONE', #1260, #1536, #895 ) ;
#921 = CARTESIAN_POINT ( 'NONE',  ( 19.32299999999999329, -12.02200000000001090, -4.100000000000001421 ) ) ;
#922 = LINE ( 'NONE', #546, #1544 ) ;
#923 = ORIENTED_EDGE ( 'NONE', *, *, #317, .F. ) ;
#924 = PLANE ( 'NONE',  #18 ) ;
#925 = CARTESIAN_POINT ( 'NONE',  ( -10.67700000000000138, -12.02200000000000024, -3.099999999999985878 ) ) ;
#926 = ORIENTED_EDGE ( 'NONE', *, *, #268, .F. ) ;
#927 = CARTESIAN_POINT ( 'NONE',  ( 18.32299999999999685, -15.52199999999999847, -4.100000000000000533 ) ) ;
#928 = VECTOR ( 'NONE', #183, 1000.000000000000000 ) ;
#929 = EDGE_LOOP ( 'NONE', ( #1264, #1443, #946, #1283, #855, #1399, #1329, #1112, #880, #1309, #203, #1191, #693, #1489, #1432, #468 ) ) ;
#930 = EDGE_CURVE ( 'NONE', #1110, #607, #518, .T. ) ;
#931 = CARTESIAN_POINT ( 'NONE',  ( 15.34800000000000075, -0.1920000000000294804, -4.100000000000000533 ) ) ;
#932 = AXIS2_PLACEMENT_3D ( 'NONE', #797, #56, #545 ) ;
#933 = DIRECTION ( 'NONE',  ( 0.000000000000000000, -1.000000000000000000, 0.000000000000000000 ) ) ;
#934 = CARTESIAN_POINT ( 'NONE',  ( 2.822999999999999954, -5.745000000000000107, -4.100000000000000533 ) ) ;
#935 = EDGE_CURVE ( 'NONE', #988, #489, #198, .T. ) ;
#936 = VECTOR ( 'NONE', #1209, 1000.000000000000000 ) ;
#937 = ORIENTED_EDGE ( 'NONE', *, *, #118, .T. ) ;
#938 = CARTESIAN_POINT ( 'NONE',  ( 11.32299999999999862, -19.52200000000000202, -4.101000000000000867 ) ) ;
#939 = EDGE_CURVE ( 'NONE', #1300, #149, #918, .T. ) ;
#940 = EDGE_LOOP ( 'NONE', ( #138, #1372, #860, #639 ) ) ;
#941 = LINE ( 'NONE', #1552, #424 ) ;
#942 = ORIENTED_EDGE ( 'NONE', *, *, #1390, .T. ) ;
#943 = CARTESIAN_POINT ( 'NONE',  ( -4.077000000000005286, -5.745000000000000995, 2.899999999999999911 ) ) ;
#944 = DIRECTION ( 'NONE',  ( 0.000000000000000000, 0.000000000000000000, -1.000000000000000000 ) ) ;
#945 = LINE ( 'NONE', #934, #1463 ) ;
#946 = ORIENTED_EDGE ( 'NONE', *, *, #858, .F. ) ;
#947 = DIRECTION ( 'NONE',  ( -0.7071067811865472397, -0.000000000000000000, 0.7071067811865479058 ) ) ;
#948 = EDGE_CURVE ( 'NONE', #1154, #652, #1146, .T. ) ;
#949 = CARTESIAN_POINT ( 'NONE',  ( -5.577000000000002622, -4.245000000000000107, -0.09999999999999116540 ) ) ;
#950 = VERTEX_POINT ( 'NONE', #1117 ) ;
#951 = EDGE_CURVE ( 'NONE', #637, #437, #504, .T. ) ;
#952 = FACE_OUTER_BOUND ( 'NONE', #1553, .T. ) ;
#953 = FACE_OUTER_BOUND ( 'NONE', #712, .T. ) ;
#954 = EDGE_CURVE ( 'NONE', #1541, #314, #181, .T. ) ;
#955 = PRODUCT_DEFINITION ( 'UNKNOWN', '', #671, #373 ) ;
#956 = EDGE_CURVE ( 'NONE', #759, #1620, #313, .T. ) ;
#957 = DIRECTION ( 'NONE',  ( 0.000000000000000000, 0.000000000000000000, 1.000000000000000000 ) ) ;
#958 = ORIENTED_EDGE ( 'NONE', *, *, #1535, .F. ) ;
#959 = VECTOR ( 'NONE', #269, 1000.000000000000000 ) ;
#960 = CARTESIAN_POINT ( 'NONE',  ( -11.67700000000000848, -12.02200000000000024, -4.100000000000002309 ) ) ;
#961 = LINE ( 'NONE', #1468, #770 ) ;
#962 = ORIENTED_EDGE ( 'NONE', *, *, #186, .F. ) ;
#963 = AXIS2_PLACEMENT_3D ( 'NONE', #713, #1227, #1102 ) ;
#964 = ORIENTED_EDGE ( 'NONE', *, *, #1045, .F. ) ;
#965 = CARTESIAN_POINT ( 'NONE',  ( -14.70200014156099932, -0.1915169947339134537, -4.100000000000002309 ) ) ;
#966 = VERTEX_POINT ( 'NONE', #1569 ) ;
#967 = ADVANCED_FACE ( 'NONE', ( #1438, #27, #61 ), #553, .T. ) ;
#968 = CARTESIAN_POINT ( 'NONE',  ( 11.32300000000000040, -13.02199999999999669, 2.899999999999986144 ) ) ;
#969 = CARTESIAN_POINT ( 'NONE',  ( 18.32300000000000040, -8.476090200086153871E-15, 3.900000000000001243 ) ) ;
#970 = DIRECTION ( 'NONE',  ( 0.000000000000000000, -0.000000000000000000, 1.000000000000000000 ) ) ;
#971 = ADVANCED_FACE ( 'NONE', ( #1408 ), #680, .F. ) ;
#972 = PLANE ( 'NONE',  #320 ) ;
#973 = ORIENTED_EDGE ( 'NONE', *, *, #1603, .F. ) ;
#974 = EDGE_CURVE ( 'NONE', #903, #78, #1295, .T. ) ;
#975 = CARTESIAN_POINT ( 'NONE',  ( -18.67699999999999960, -13.02199999999999669, 3.900000000000000355 ) ) ;
#976 = DIRECTION ( 'NONE',  ( 1.000000000000000000, -4.410313921974931770E-16, 0.000000000000000000 ) ) ;
#977 = VERTEX_POINT ( 'NONE', #1052 ) ;
#978 = AXIS2_PLACEMENT_3D ( 'NONE', #1304, #1169, #916 ) ;
#979 = ORIENTED_EDGE ( 'NONE', *, *, #1301, .F. ) ;
#980 = VECTOR ( 'NONE', #645, 1000.000000000000000 ) ;
#981 = CARTESIAN_POINT ( 'NONE',  ( 6.222999999999999865, 2.978000000000000203, 2.399999999999999911 ) ) ;
#982 = CARTESIAN_POINT ( 'NONE',  ( 16.22300000000000253, -15.52199999999999847, -0.3999999999999941380 ) ) ;
#983 = DIRECTION ( 'NONE',  ( 0.000000000000000000, -0.000000000000000000, 1.000000000000000000 ) ) ;
#984 = VECTOR ( 'NONE', #1526, 1000.000000000000000 ) ;
#985 = VERTEX_POINT ( 'NONE', #783 ) ;
#986 = AXIS2_PLACEMENT_3D ( 'NONE', #1107, #1474, #1331 ) ;
#987 = LINE ( 'NONE', #502, #222 ) ;
#988 = VERTEX_POINT ( 'NONE', #54 ) ;
#989 = CARTESIAN_POINT ( 'NONE',  ( 20.82299852674574225, 3.478002367581793042, -0.09999999999999116540 ) ) ;
#990 = ORIENTED_EDGE ( 'NONE', *, *, #1355, .F. ) ;
#991 = EDGE_LOOP ( 'NONE', ( #1439, #343, #1061, #1175 ) ) ;
#992 = EDGE_CURVE ( 'NONE', #485, #1154, #436, .T. ) ;
#993 = PLANE ( 'NONE',  #303 ) ;
#994 = AXIS2_PLACEMENT_3D ( 'NONE', #722, #589, #848 ) ;
#995 = CARTESIAN_POINT ( 'NONE',  ( 15.34800000000000075, 1.407999999999958840, -0.09999999999999159561 ) ) ;
#996 = VERTEX_POINT ( 'NONE', #160 ) ;
#997 = CARTESIAN_POINT ( 'NONE',  ( 16.22300000000000253, -10.92999498886765863, -3.199999999999992184 ) ) ;
#998 = EDGE_LOOP ( 'NONE', ( #672, #893, #1588, #1386 ) ) ;
#999 = SURFACE_STYLE_FILL_AREA ( #1008 ) ;
#1000 = ORIENTED_EDGE ( 'NONE', *, *, #567, .T. ) ;
#1001 = CARTESIAN_POINT ( 'NONE',  ( 19.32299999999999329, -12.02200000000001090, -3.099999999999999645 ) ) ;
#1002 = VECTOR ( 'NONE', #957, 1000.000000000000000 ) ;
#1003 = CARTESIAN_POINT ( 'NONE',  ( 18.32299999999999329, -13.02200000000000024, 3.900000000000001243 ) ) ;
#1004 = EDGE_LOOP ( 'NONE', ( #610, #1611, #113, #515 ) ) ;
#1005 = VERTEX_POINT ( 'NONE', #656 ) ;
#1006 = CARTESIAN_POINT ( 'NONE',  ( 18.32299999999999685, -12.02200000000002689, -4.100000000000000533 ) ) ;
#1007 = ORIENTED_EDGE ( 'NONE', *, *, #1160, .T. ) ;
#1008 = FILL_AREA_STYLE ('',( #1495 ) ) ;
#1009 = VERTEX_POINT ( 'NONE', #669 ) ;
#1010 = DIRECTION ( 'NONE',  ( -1.000000000000000000, 0.000000000000000000, 0.000000000000000000 ) ) ;
#1011 = AXIS2_PLACEMENT_3D ( 'NONE', #1373, #497, #729 ) ;
#1012 = AXIS2_PLACEMENT_3D ( 'NONE', #1626, #490, #8 ) ;
#1013 = VECTOR ( 'NONE', #651, 1000.000000000000000 ) ;
#1014 = ADVANCED_FACE ( 'NONE', ( #649 ), #536, .T. ) ;
#1015 = DIRECTION ( 'NONE',  ( 0.000000000000000000, 0.000000000000000000, -1.000000000000000000 ) ) ;
#1016 = AXIS2_PLACEMENT_3D ( 'NONE', #583, #847, #211 ) ;
#1017 = EDGE_CURVE ( 'NONE', #267, #1326, #905, .T. ) ;
#1018 = ORIENTED_EDGE ( 'NONE', *, *, #1477, .F. ) ;
#1019 = DIRECTION ( 'NONE',  ( 0.000000000000000000, 0.000000000000000000, -1.000000000000000000 ) ) ;
#1020 = EDGE_CURVE ( 'NONE', #637, #299, #941, .T. ) ;
#1021 =( NAMED_UNIT ( * ) SI_UNIT ( $, .STERADIAN. ) SOLID_ANGLE_UNIT ( ) );
#1022 = ORIENTED_EDGE ( 'NONE', *, *, #956, .T. ) ;
#1023 = LINE ( 'NONE', #482, #633 ) ;
#1024 = LINE ( 'NONE', #1236, #1223 ) ;
#1025 = UNCERTAINTY_MEASURE_WITH_UNIT (LENGTH_MEASURE( 1.000000000000000082E-05 ), #1257, 'distance_accuracy_value', 'NONE');
#1026 = DIRECTION ( 'NONE',  ( 0.000000000000000000, -1.000000000000000000, 0.000000000000000000 ) ) ;
#1027 = EDGE_LOOP ( 'NONE', ( #1449, #1469, #444, #1521 ) ) ;
#1028 = EDGE_CURVE ( 'NONE', #854, #1361, #1558, .T. ) ;
#1029 = LINE ( 'NONE', #873, #1118 ) ;
#1030 = ORIENTED_EDGE ( 'NONE', *, *, #956, .F. ) ;
#1031 = DIRECTION ( 'NONE',  ( 0.000000000000000000, 1.000000000000000000, 0.000000000000000000 ) ) ;
#1032 = CIRCLE ( 'NONE', #1109, 1.399999999999999023 ) ;
#1033 = AXIS2_PLACEMENT_3D ( 'NONE', #965, #698, #587 ) ;
#1034 = DIRECTION ( 'NONE',  ( 0.000000000000000000, 1.000000000000000000, 0.000000000000000000 ) ) ;
#1035 = CARTESIAN_POINT ( 'NONE',  ( 20.82299852674574225, 3.478002367581793042, -4.100000000000000533 ) ) ;
#1036 = VERTEX_POINT ( 'NONE', #1537 ) ;
#1037 =( NAMED_UNIT ( * ) PLANE_ANGLE_UNIT ( ) SI_UNIT ( $, .RADIAN. ) );
#1038 = LINE ( 'NONE', #1190, #670 ) ;
#1039 = ADVANCED_FACE ( 'NONE', ( #803 ), #685, .F. ) ;
#1040 = ORIENTED_EDGE ( 'NONE', *, *, #140, .T. ) ;
#1041 = LINE ( 'NONE', #925, #426 ) ;
#1042 = FACE_OUTER_BOUND ( 'NONE', #276, .T. ) ;
#1043 = ORIENTED_EDGE ( 'NONE', *, *, #488, .F. ) ;
#1044 = VECTOR ( 'NONE', #530, 1000.000000000000000 ) ;
#1045 = EDGE_CURVE ( 'NONE', #250, #318, #399, .T. ) ;
#1046 = CARTESIAN_POINT ( 'NONE',  ( -2.177000000000000046, -12.02200000000000024, -4.100000000000002309 ) ) ;
#1047 = CARTESIAN_POINT ( 'NONE',  ( 11.32300000000000040, -12.02200000000000024, -0.09999999999999116540 ) ) ;
#1048 = CARTESIAN_POINT ( 'NONE',  ( -5.077000000000004398, -4.245000000000000107, 2.899999999999999911 ) ) ;
#1049 = ORIENTED_EDGE ( 'NONE', *, *, #727, .F. ) ;
#1050 = EDGE_CURVE ( 'NONE', #480, #1407, #35, .T. ) ;
#1051 = LINE ( 'NONE', #654, #1371 ) ;
#1052 = CARTESIAN_POINT ( 'NONE',  ( -10.67700000000000493, -15.52199999999999847, 2.899999999999985256 ) ) ;
#1053 = ORIENTED_EDGE ( 'NONE', *, *, #1625, .F. ) ;
#1054 = CARTESIAN_POINT ( 'NONE',  ( -11.67700000000000315, 5.401697607728313928E-15, -4.100000000000000533 ) ) ;
#1055 = DIRECTION ( 'NONE',  ( 0.000000000000000000, 0.000000000000000000, -1.000000000000000000 ) ) ;
#1056 = DIRECTION ( 'NONE',  ( -0.000000000000000000, -0.000000000000000000, -1.000000000000000000 ) ) ;
#1057 = ORIENTED_EDGE ( 'NONE', *, *, #1425, .F. ) ;
#1058 = CARTESIAN_POINT ( 'NONE',  ( 2.822999999999999954, -5.745000000000000107, -0.09999999999999116540 ) ) ;
#1059 = ORIENTED_EDGE ( 'NONE', *, *, #407, .T. ) ;
#1060 = DIRECTION ( 'NONE',  ( -4.625929269271491830E-16, -1.000000000000000000, 0.000000000000000000 ) ) ;
#1061 = ORIENTED_EDGE ( 'NONE', *, *, #1285, .T. ) ;
#1062 = VECTOR ( 'NONE', #1070, 1000.000000000000000 ) ;
#1063 = ADVANCED_FACE ( 'NONE', ( #1042 ), #1426, .F. ) ;
#1064 = DIRECTION ( 'NONE',  ( -0.000000000000000000, -0.000000000000000000, 1.000000000000000000 ) ) ;
#1065 = DIRECTION ( 'NONE',  ( 0.000000000000000000, -1.000000000000000000, 0.000000000000000000 ) ) ;
#1066 = LINE ( 'NONE', #1184, #560 ) ;
#1067 = VERTEX_POINT ( 'NONE', #927 ) ;
#1068 = VECTOR ( 'NONE', #1385, 1000.000000000000000 ) ;
#1069 = VECTOR ( 'NONE', #1010, 1000.000000000000000 ) ;
#1070 = DIRECTION ( 'NONE',  ( -0.000000000000000000, 1.101879260771516891E-16, -1.000000000000000000 ) ) ;
#1071 = CIRCLE ( 'NONE', #41, 1.399999999999999023 ) ;
#1072 = ORIENTED_EDGE ( 'NONE', *, *, #631, .T. ) ;
#1073 = EDGE_CURVE ( 'NONE', #115, #1620, #711, .T. ) ;
#1074 = CARTESIAN_POINT ( 'NONE',  ( 19.32300000000000040, -8.938683127013304533E-15, -0.09999999999999116540 ) ) ;
#1075 = LINE ( 'NONE', #1441, #326 ) ;
#1076 = LINE ( 'NONE', #439, #406 ) ;
#1077 = VECTOR ( 'NONE', #224, 1000.000000000000114 ) ;
#1078 = ORIENTED_EDGE ( 'NONE', *, *, #81, .T. ) ;
#1079 = CARTESIAN_POINT ( 'NONE',  ( -20.17700147325428972, 3.478002367581787713, -4.100000000000000533 ) ) ;
#1080 = DIRECTION ( 'NONE',  ( -4.407005999795908694E-16, -1.000000000000000000, 0.000000000000000000 ) ) ;
#1081 = VERTEX_POINT ( 'NONE', #949 ) ;
#1082 = LINE ( 'NONE', #1454, #1406 ) ;
#1083 = LINE ( 'NONE', #689, #348 ) ;
#1084 = LINE ( 'NONE', #346, #765 ) ;
#1085 = ADVANCED_FACE ( 'NONE', ( #213 ), #818, .T. ) ;
#1086 = CARTESIAN_POINT ( 'NONE',  ( 19.32299999999998974, -15.52199999999999847, -3.099999999999999645 ) ) ;
#1087 = ORIENTED_EDGE ( 'NONE', *, *, #935, .T. ) ;
#1088 = DIRECTION ( 'NONE',  ( 1.000000000000000000, -6.505213034913030548E-16, 0.000000000000000000 ) ) ;
#1089 = DIRECTION ( 'NONE',  ( -3.977355212603019791E-16, -1.000000000000000000, 0.000000000000000000 ) ) ;
#1090 = TOROIDAL_SURFACE ( 'NONE', #663, 0.9999999999999997780, 0.5000000000000000000 ) ;
#1091 = EDGE_CURVE ( 'NONE', #570, #241, #1267, .T. ) ;
#1092 = ORIENTED_EDGE ( 'NONE', *, *, #608, .T. ) ;
#1093 = CARTESIAN_POINT ( 'NONE',  ( 11.32300000000000040, -13.02199999999999669, 3.900000000000001243 ) ) ;
#1094 = VERTEX_POINT ( 'NONE', #575 ) ;
#1095 = LINE ( 'NONE', #233, #477 ) ;
#1096 = PLANE ( 'NONE',  #70 ) ;
#1097 = LINE ( 'NONE', #463, #500 ) ;
#1098 = CIRCLE ( 'NONE', #580, 1.000000000000000000 ) ;
#1099 = ADVANCED_FACE ( 'NONE', ( #692 ), #972, .F. ) ;
#1100 = CARTESIAN_POINT ( 'NONE',  ( -17.67699999999999960, -15.52199999999999847, -4.100000000000000533 ) ) ;
#1101 = ORIENTED_EDGE ( 'NONE', *, *, #91, .F. ) ;
#1102 = DIRECTION ( 'NONE',  ( -1.000000000000000000, 0.000000000000000000, 0.000000000000000000 ) ) ;
#1103 = DIRECTION ( 'NONE',  ( 0.000000000000000000, 1.000000000000000000, 0.000000000000000000 ) ) ;
#1104 = ADVANCED_FACE ( 'NONE', ( #1576 ), #1396, .T. ) ;
#1105 = EDGE_CURVE ( 'NONE', #31, #358, #709, .T. ) ;
#1106 = CYLINDRICAL_SURFACE ( 'NONE', #815, 0.4999999999999995559 ) ;
#1107 = CARTESIAN_POINT ( 'NONE',  ( 19.32299999999999329, -12.02200000000001090, 2.900000000000001688 ) ) ;
#1108 = CARTESIAN_POINT ( 'NONE',  ( -2.313209652075852799E-15, -5.245000000000001883, 2.899999999999999911 ) ) ;
#1109 = AXIS2_PLACEMENT_3D ( 'NONE', #1128, #22, #626 ) ;
#1110 = VERTEX_POINT ( 'NONE', #99 ) ;
#1111 = VECTOR ( 'NONE', #288, 1000.000000000000000 ) ;
#1112 = ORIENTED_EDGE ( 'NONE', *, *, #282, .T. ) ;
#1113 = VECTOR ( 'NONE', #517, 1000.000000000000000 ) ;
#1114 = DIRECTION ( 'NONE',  ( -1.000000000000000000, -1.734725179770965210E-14, 0.000000000000000000 ) ) ;
#1115 = EDGE_CURVE ( 'NONE', #358, #31, #105, .T. ) ;
#1116 = ORIENTED_EDGE ( 'NONE', *, *, #850, .F. ) ;
#1117 = CARTESIAN_POINT ( 'NONE',  ( 12.32299999999999329, -15.52199999999999847, -4.100000000000000533 ) ) ;
#1118 = VECTOR ( 'NONE', #14, 1000.000000000000000 ) ;
#1119 = ORIENTED_EDGE ( 'NONE', *, *, #622, .T. ) ;
#1120 = ADVANCED_FACE ( 'NONE', ( #1465 ), #1106, .T. ) ;
#1121 = CARTESIAN_POINT ( 'NONE',  ( 19.32299999999998974, -15.52199999999999847, -3.099999999999999645 ) ) ;
#1122 = ORIENTED_EDGE ( 'NONE', *, *, #1457, .F. ) ;
#1123 = DIRECTION ( 'NONE',  ( 1.000000000000000000, 0.000000000000000000, 0.000000000000000000 ) ) ;
#1124 = VECTOR ( 'NONE', #1199, 1000.000000000000114 ) ;
#1125 = VECTOR ( 'NONE', #74, 1000.000000000000000 ) ;
#1126 = PLANE ( 'NONE',  #1585 ) ;
#1127 = ORIENTED_EDGE ( 'NONE', *, *, #1457, .T. ) ;
#1128 = CARTESIAN_POINT ( 'NONE',  ( -15.57699999999999996, -11.27199999999999669, -1.799999999999993161 ) ) ;
#1129 = ORIENTED_EDGE ( 'NONE', *, *, #1217, .T. ) ;
#1130 = CARTESIAN_POINT ( 'NONE',  ( -10.67700000000000138, -13.02199999999999847, -0.09999999999999116540 ) ) ;
#1131 = EDGE_CURVE ( 'NONE', #1145, #1036, #328, .T. ) ;
#1132 = EDGE_LOOP ( 'NONE', ( #1043, #454, #36, #684 ) ) ;
#1133 = FACE_OUTER_BOUND ( 'NONE', #998, .T. ) ;
#1134 = DIRECTION ( 'NONE',  ( -1.000000000000000000, 4.410313921974931770E-16, 0.000000000000000000 ) ) ;
#1135 = ORIENTED_EDGE ( 'NONE', *, *, #849, .T. ) ;
#1136 = ORIENTED_EDGE ( 'NONE', *, *, #282, .F. ) ;
#1137 = CARTESIAN_POINT ( 'NONE',  ( 6.222999999999999865, -4.245000000000003659, 2.399999999999999911 ) ) ;
#1138 = EDGE_LOOP ( 'NONE', ( #1550, #617, #102, #11 ) ) ;
#1139 = EDGE_CURVE ( 'NONE', #559, #250, #363, .T. ) ;
#1140 = EDGE_LOOP ( 'NONE', ( #3, #790, #311, #1418, #1258, #1436, #1296, #274 ) ) ;
#1141 = LINE ( 'NONE', #1517, #455 ) ;
#1142 = VECTOR ( 'NONE', #169, 1000.000000000000114 ) ;
#1143 = EDGE_CURVE ( 'NONE', #950, #742, #221, .T. ) ;
#1144 = CARTESIAN_POINT ( 'NONE',  ( 6.222999999999999865, -5.745000000000005436, -0.09999999999999116540 ) ) ;
#1145 = VERTEX_POINT ( 'NONE', #831 ) ;
#1146 = LINE ( 'NONE', #989, #1344 ) ;
#1147 = DIRECTION ( 'NONE',  ( -0.7071067811865457964, -1.218844475137695714E-14, -0.7071067811865492381 ) ) ;
#1148 = VECTOR ( 'NONE', #377, 1000.000000000000000 ) ;
#1149 = ORIENTED_EDGE ( 'NONE', *, *, #416, .T. ) ;
#1150 = CARTESIAN_POINT ( 'NONE',  ( 11.32299999999999862, -15.52199999999999847, 2.899999999999986144 ) ) ;
#1151 = DIRECTION ( 'NONE',  ( 0.000000000000000000, -1.000000000000000000, 0.000000000000000000 ) ) ;
#1152 = ORIENTED_EDGE ( 'NONE', *, *, #896, .F. ) ;
#1153 = CARTESIAN_POINT ( 'NONE',  ( 5.723000000000000753, -4.245000000000003659, 2.399999999999999911 ) ) ;
#1154 = VERTEX_POINT ( 'NONE', #92 ) ;
#1155 = PRESENTATION_STYLE_ASSIGNMENT (( #135 ) ) ;
#1156 = ORIENTED_EDGE ( 'NONE', *, *, #1367, .F. ) ;
#1157 = CARTESIAN_POINT ( 'NONE',  ( 15.34800000000000075, -0.1920000000000294804, -4.100000000000002309 ) ) ;
#1158 = EDGE_CURVE ( 'NONE', #111, #917, #1219, .T. ) ;
#1159 = DIRECTION ( 'NONE',  ( 0.000000000000000000, -1.101879260771516768E-16, 1.000000000000000000 ) ) ;
#1160 = EDGE_CURVE ( 'NONE', #16, #1094, #1481, .T. ) ;
#1161 = CARTESIAN_POINT ( 'NONE',  ( -17.67700000000000315, -13.02199999999999669, 3.899999999999995914 ) ) ;
#1162 = ORIENTED_EDGE ( 'NONE', *, *, #483, .T. ) ;
#1163 = CARTESIAN_POINT ( 'NONE',  ( 15.34800000000000075, 1.407999999999959284, -4.100000000000000533 ) ) ;
#1164 = EDGE_LOOP ( 'NONE', ( #1018, #563, #1546, #243, #621, #819 ) ) ;
#1165 = CYLINDRICAL_SURFACE ( 'NONE', #676, 1.599999999999988542 ) ;
#1166 = VECTOR ( 'NONE', #484, 1000.000000000000114 ) ;
#1167 = CARTESIAN_POINT ( 'NONE',  ( -5.076999999999999957, 2.978000000000000203, 2.899999999999999911 ) ) ;
#1168 = VERTEX_POINT ( 'NONE', #347 ) ;
#1169 = DIRECTION ( 'NONE',  ( 0.000000000000000000, 0.000000000000000000, -1.000000000000000000 ) ) ;
#1170 = VERTEX_POINT ( 'NONE', #1100 ) ;
#1171 = FACE_OUTER_BOUND ( 'NONE', #1132, .T. ) ;
#1172 = DIRECTION ( 'NONE',  ( 0.000000000000000000, 0.000000000000000000, 1.000000000000000000 ) ) ;
#1173 = LINE ( 'NONE', #40, #1437 ) ;
#1174 = ADVANCED_FACE ( 'NONE', ( #1597 ), #562, .F. ) ;
#1175 = ORIENTED_EDGE ( 'NONE', *, *, #992, .T. ) ;
#1176 = CIRCLE ( 'NONE', #668, 1.000000000000000000 ) ;
#1177 = ADVANCED_FACE ( 'NONE', ( #464 ), #227, .F. ) ;
#1178 = CARTESIAN_POINT ( 'NONE',  ( 11.32299999999999862, -15.52199999999999847, -3.099999999999999645 ) ) ;
#1179 = CIRCLE ( 'NONE', #963, 1.499999999999999556 ) ;
#1180 = CARTESIAN_POINT ( 'NONE',  ( -20.17700147325428972, 3.478002367581787713, -4.100000000000000533 ) ) ;
#1181 = ORIENTED_EDGE ( 'NONE', *, *, #1301, .T. ) ;
#1182 = CARTESIAN_POINT ( 'NONE',  ( 18.32300000000000395, -8.476090200086155449E-15, -4.100000000000000533 ) ) ;
#1183 = DIRECTION ( 'NONE',  ( 0.000000000000000000, -0.000000000000000000, -1.000000000000000000 ) ) ;
#1184 = CARTESIAN_POINT ( 'NONE',  ( -10.67700000000000315, -13.02200000000000202, 3.900000000000000355 ) ) ;
#1185 = VERTEX_POINT ( 'NONE', #1490 ) ;
#1186 = VECTOR ( 'NONE', #853, 1000.000000000000000 ) ;
#1187 = LINE ( 'NONE', #45, #980 ) ;
#1188 = CARTESIAN_POINT ( 'NONE',  ( 19.32299999999998974, -19.52200000000000202, 2.900000000000000799 ) ) ;
#1189 = ORIENTED_EDGE ( 'NONE', *, *, #661, .F. ) ;
#1190 = CARTESIAN_POINT ( 'NONE',  ( 11.32300000000000040, -13.02199999999999669, 3.900000000000001243 ) ) ;
#1191 = ORIENTED_EDGE ( 'NONE', *, *, #647, .F. ) ;
#1192 = ADVANCED_FACE ( 'NONE', ( #258 ), #354, .F. ) ;
#1193 = EDGE_CURVE ( 'NONE', #985, #314, #264, .T. ) ;
#1194 = EDGE_CURVE ( 'NONE', #1616, #759, #757, .T. ) ;
#1195 = DIRECTION ( 'NONE',  ( -4.625929269271491830E-16, -1.000000000000000000, 0.000000000000000000 ) ) ;
#1196 = EDGE_LOOP ( 'NONE', ( #784, #214, #752, #410, #1335, #1581 ) ) ;
#1197 = VECTOR ( 'NONE', #450, 1000.000000000000000 ) ;
#1198 = CARTESIAN_POINT ( 'NONE',  ( 18.32299999999998974, -15.52199999999999847, 3.900000000000001243 ) ) ;
#1199 = DIRECTION ( 'NONE',  ( -0.7071067811865474617, -7.791462973403597475E-17, 0.7071067811865474617 ) ) ;
#1200 = EDGE_CURVE ( 'NONE', #1393, #1206, #1269, .T. ) ;
#1201 = ORIENTED_EDGE ( 'NONE', *, *, #882, .F. ) ;
#1202 = EDGE_CURVE ( 'NONE', #917, #318, #658, .T. ) ;
#1203 = AXIS2_PLACEMENT_3D ( 'NONE', #1266, #644, #1123 ) ;
#1204 = DIRECTION ( 'NONE',  ( -0.000000000000000000, -0.000000000000000000, -1.000000000000000000 ) ) ;
#1205 = VECTOR ( 'NONE', #1554, 1000.000000000000000 ) ;
#1206 = VERTEX_POINT ( 'NONE', #142 ) ;
#1207 = EDGE_CURVE ( 'NONE', #520, #289, #1024, .T. ) ;
#1208 = LINE ( 'NONE', #571, #1125 ) ;
#1209 = DIRECTION ( 'NONE',  ( -0.7071067811865449082, 0.000000000000000000, -0.7071067811865501263 ) ) ;
#1210 = AXIS2_PLACEMENT_3D ( 'NONE', #833, #216, #95 ) ;
#1211 = CARTESIAN_POINT ( 'NONE',  ( -14.70200014156099932, 1.408483005266075283, -4.100000000000002309 ) ) ;
#1212 = CARTESIAN_POINT ( 'NONE',  ( 4.723000000000000753, -4.245000000000003659, -0.09999999999999115152 ) ) ;
#1213 = ORIENTED_EDGE ( 'NONE', *, *, #333, .T. ) ;
#1214 = EDGE_CURVE ( 'NONE', #1005, #1234, #1252, .T. ) ;
#1215 = CARTESIAN_POINT ( 'NONE',  ( 3.384826294588888981E-16, -15.52199999999999847, 0.000000000000000000 ) ) ;
#1216 = CARTESIAN_POINT ( 'NONE',  ( -2.313209652075852799E-15, -5.245000000000001883, 2.399999999999999911 ) ) ;
#1217 = EDGE_CURVE ( 'NONE', #996, #1081, #475, .T. ) ;
#1218 = APPLICATION_CONTEXT ( 'automotive_design' ) ;
#1219 = LINE ( 'NONE', #981, #1197 ) ;
#1220 = ORIENTED_EDGE ( 'NONE', *, *, #1073, .F. ) ;
#1221 = PLANE ( 'NONE',  #1016 ) ;
#1222 = DIRECTION ( 'NONE',  ( -0.7071067811865474617, 0.000000000000000000, 0.7071067811865474617 ) ) ;
#1223 = VECTOR ( 'NONE', #635, 1000.000000000000114 ) ;
#1224 = ORIENTED_EDGE ( 'NONE', *, *, #396, .T. ) ;
#1225 = EDGE_CURVE ( 'NONE', #977, #1322, #114, .T. ) ;
#1226 = ORIENTED_EDGE ( 'NONE', *, *, #935, .F. ) ;
#1227 = DIRECTION ( 'NONE',  ( 0.000000000000000000, 0.000000000000000000, -1.000000000000000000 ) ) ;
#1228 = CARTESIAN_POINT ( 'NONE',  ( -11.67700000000000315, 5.401697607728313928E-15, 3.900000000000000355 ) ) ;
#1229 = EDGE_CURVE ( 'NONE', #489, #988, #493, .T. ) ;
#1230 = ADVANCED_FACE ( 'NONE', ( #19 ), #1090, .T. ) ;
#1231 = DIRECTION ( 'NONE',  ( 0.000000000000000000, 0.000000000000000000, -1.000000000000000000 ) ) ;
#1232 = LINE ( 'NONE', #349, #120 ) ;
#1233 = DIRECTION ( 'NONE',  ( -1.376188890205868500E-33, -1.000000000000000000, 0.000000000000000000 ) ) ;
#1234 = VERTEX_POINT ( 'NONE', #9 ) ;
#1235 = EDGE_CURVE ( 'NONE', #241, #570, #167, .T. ) ;
#1236 = CARTESIAN_POINT ( 'NONE',  ( 12.32300000000000750, -13.02199999999999669, 3.899999999999999911 ) ) ;
#1237 = DIRECTION ( 'NONE',  ( -1.000000000000000000, 0.000000000000000000, 0.000000000000000000 ) ) ;
#1238 = CIRCLE ( 'NONE', #1604, 1.399999999999999023 ) ;
#1239 = LINE ( 'NONE', #1440, #175 ) ;
#1240 = AXIS2_PLACEMENT_3D ( 'NONE', #1328, #443, #1471 ) ;
#1241 = LINE ( 'NONE', #1366, #1069 ) ;
#1242 = AXIS2_PLACEMENT_3D ( 'NONE', #53, #541, #1159 ) ;
#1243 = DIRECTION ( 'NONE',  ( 4.410313921974931770E-16, 1.000000000000000000, -0.000000000000000000 ) ) ;
#1244 = ORIENTED_EDGE ( 'NONE', *, *, #509, .F. ) ;
#1245 = LINE ( 'NONE', #618, #386 ) ;
#1246 =( NAMED_UNIT ( * ) SI_UNIT ( $, .STERADIAN. ) SOLID_ANGLE_UNIT ( ) );
#1247 = LINE ( 'NONE', #244, #1609 ) ;
#1248 = ORIENTED_EDGE ( 'NONE', *, *, #63, .F. ) ;
#1249 = CARTESIAN_POINT ( 'NONE',  ( 5.723000000000000753, 0.000000000000000000, 2.899999999999999911 ) ) ;
#1250 = VECTOR ( 'NONE', #412, 1000.000000000000000 ) ;
#1251 = VECTOR ( 'NONE', #1586, 1000.000000000000000 ) ;
#1252 = LINE ( 'NONE', #1619, #691 ) ;
#1253 = ORIENTED_EDGE ( 'NONE', *, *, #1200, .T. ) ;
#1254 = ORIENTED_EDGE ( 'NONE', *, *, #1158, .T. ) ;
#1255 = FACE_BOUND ( 'NONE', #1305, .T. ) ;
#1256 = ORIENTED_EDGE ( 'NONE', *, *, #573, .T. ) ;
#1257 =( LENGTH_UNIT ( ) NAMED_UNIT ( * ) SI_UNIT ( .MILLI., .METRE. ) );
#1258 = ORIENTED_EDGE ( 'NONE', *, *, #1346, .T. ) ;
#1259 = LINE ( 'NONE', #127, #1148 ) ;
#1260 = CARTESIAN_POINT ( 'NONE',  ( 0.000000000000000000, 0.000000000000000000, 3.900000000000000355 ) ) ;
#1261 = ORIENTED_EDGE ( 'NONE', *, *, #73, .T. ) ;
#1262 = DIRECTION ( 'NONE',  ( 0.000000000000000000, -1.000000000000000000, 0.000000000000000000 ) ) ;
#1263 = ORIENTED_EDGE ( 'NONE', *, *, #388, .T. ) ;
#1264 = ORIENTED_EDGE ( 'NONE', *, *, #564, .F. ) ;
#1265 = ADVANCED_FACE ( 'NONE', ( #876 ), #592, .F. ) ;
#1266 = CARTESIAN_POINT ( 'NONE',  ( 15.34800000000000075, -0.1920000000000298968, -0.09999999999999159561 ) ) ;
#1267 = CIRCLE ( 'NONE', #266, 1.599999999999986766 ) ;
#1268 = CIRCLE ( 'NONE', #294, 1.399999999999999023 ) ;
#1269 = LINE ( 'NONE', #1144, #449 ) ;
#1270 = DIRECTION ( 'NONE',  ( 0.000000000000000000, -1.000000000000000000, 0.000000000000000000 ) ) ;
#1271 = ORIENTED_EDGE ( 'NONE', *, *, #1207, .T. ) ;
#1272 = SURFACE_SIDE_STYLE ('',( #999 ) ) ;
#1273 = ADVANCED_FACE ( 'NONE', ( #510 ), #1126, .F. ) ;
#1274 =( GEOMETRIC_REPRESENTATION_CONTEXT ( 3 ) GLOBAL_UNCERTAINTY_ASSIGNED_CONTEXT ( ( #1311 ) ) GLOBAL_UNIT_ASSIGNED_CONTEXT ( ( #263, #1037, #1246 ) ) REPRESENTATION_CONTEXT ( 'NONE', 'WORKASPACE' ) );
#1275 = ORIENTED_EDGE ( 'NONE', *, *, #1491, .F. ) ;
#1276 = LINE ( 'NONE', #1150, #984 ) ;
#1277 = VECTOR ( 'NONE', #171, 1000.000000000000000 ) ;
#1278 = DIRECTION ( 'NONE',  ( -0.000000000000000000, -0.000000000000000000, 1.000000000000000000 ) ) ;
#1279 = VECTOR ( 'NONE', #947, 1000.000000000000000 ) ;
#1280 = FACE_OUTER_BOUND ( 'NONE', #66, .T. ) ;
#1281 = ORIENTED_EDGE ( 'NONE', *, *, #1050, .F. ) ;
#1282 = DIRECTION ( 'NONE',  ( -1.000000000000000000, 0.000000000000000000, 0.000000000000000000 ) ) ;
#1283 = ORIENTED_EDGE ( 'NONE', *, *, #333, .F. ) ;
#1284 = DIRECTION ( 'NONE',  ( 1.000000000000000000, 0.000000000000000000, -0.000000000000000000 ) ) ;
#1285 = EDGE_CURVE ( 'NONE', #131, #485, #987, .T. ) ;
#1286 = ORIENTED_EDGE ( 'NONE', *, *, #39, .F. ) ;
#1287 = DIRECTION ( 'NONE',  ( 1.000000000000000000, 0.000000000000000000, -0.000000000000000000 ) ) ;
#1288 = VERTEX_POINT ( 'NONE', #995 ) ;
#1289 = PLANE ( 'NONE',  #251 ) ;
#1290 = LINE ( 'NONE', #65, #1250 ) ;
#1291 = ORIENTED_EDGE ( 'NONE', *, *, #287, .F. ) ;
#1292 = FACE_OUTER_BOUND ( 'NONE', #1164, .T. ) ;
#1293 = AXIS2_PLACEMENT_3D ( 'NONE', #239, #1151, #623 ) ;
#1294 = DIRECTION ( 'NONE',  ( -0.000000000000000000, 1.101879260771516891E-16, -1.000000000000000000 ) ) ;
#1295 = LINE ( 'NONE', #1545, #1062 ) ;
#1296 = ORIENTED_EDGE ( 'NONE', *, *, #83, .T. ) ;
#1297 = LINE ( 'NONE', #1182, #1205 ) ;
#1298 = DIRECTION ( 'NONE',  ( -1.376188890205868500E-33, -1.000000000000000000, 0.000000000000000000 ) ) ;
#1299 = DIRECTION ( 'NONE',  ( 0.7071067811865474617, 0.000000000000000000, -0.7071067811865474617 ) ) ;
#1300 = VERTEX_POINT ( 'NONE', #1507 ) ;
#1301 = EDGE_CURVE ( 'NONE', #7, #23, #1268, .T. ) ;
#1302 = FACE_BOUND ( 'NONE', #1624, .T. ) ;
#1303 = AXIS2_PLACEMENT_3D ( 'NONE', #1351, #446, #584 ) ;
#1304 = CARTESIAN_POINT ( 'NONE',  ( 0.000000000000000000, 0.000000000000000000, 3.900000000000001243 ) ) ;
#1305 = EDGE_LOOP ( 'NONE', ( #21, #1394 ) ) ;
#1306 = LINE ( 'NONE', #1074, #249 ) ;
#1307 = CYLINDRICAL_SURFACE ( 'NONE', #605, 1.399999999999999023 ) ;
#1308 = ADVANCED_FACE ( 'NONE', ( #1519 ), #1389, .F. ) ;
#1309 = ORIENTED_EDGE ( 'NONE', *, *, #317, .T. ) ;
#1310 = EDGE_CURVE ( 'NONE', #780, #1407, #271, .T. ) ;
#1311 = UNCERTAINTY_MEASURE_WITH_UNIT (LENGTH_MEASURE( 1.000000000000000082E-05 ), #263, 'distance_accuracy_value', 'NONE');
#1312 = ADVANCED_FACE ( 'NONE', ( #1435 ), #773, .F. ) ;
#1313 = CARTESIAN_POINT ( 'NONE',  ( 0.000000000000000000, 0.000000000000000000, -0.09999999999999116540 ) ) ;
#1314 = ORIENTED_EDGE ( 'NONE', *, *, #1473, .T. ) ;
#1315 = DIRECTION ( 'NONE',  ( 0.000000000000000000, 1.000000000000000000, 0.000000000000000000 ) ) ;
#1316 = CARTESIAN_POINT ( 'NONE',  ( -14.70200014156099932, -1.791516994733902024, -4.100000000000002309 ) ) ;
#1317 = CARTESIAN_POINT ( 'NONE',  ( 19.32299999999999329, -13.02200000000000024, 3.900000000000001243 ) ) ;
#1318 = ORIENTED_EDGE ( 'NONE', *, *, #1560, .F. ) ;
#1319 = DIRECTION ( 'NONE',  ( 0.7071067811865479058, -1.635512977795599574E-16, 0.7071067811865472397 ) ) ;
#1320 = VECTOR ( 'NONE', #526, 1000.000000000000000 ) ;
#1321 = CARTESIAN_POINT ( 'NONE',  ( 16.22300000000000253, -10.92999498886765863, -1.799999999999993161 ) ) ;
#1322 = VERTEX_POINT ( 'NONE', #417 ) ;
#1323 = DIRECTION ( 'NONE',  ( 0.000000000000000000, 0.000000000000000000, -1.000000000000000000 ) ) ;
#1324 = CARTESIAN_POINT ( 'NONE',  ( -15.57699999999999996, -15.52199999999999847, -1.799999999999993161 ) ) ;
#1325 = CYLINDRICAL_SURFACE ( 'NONE', #229, 0.4999999999999995559 ) ;
#1326 = VERTEX_POINT ( 'NONE', #1178 ) ;
#1327 = AXIS2_PLACEMENT_3D ( 'NONE', #611, #1524, #255 ) ;
#1328 = CARTESIAN_POINT ( 'NONE',  ( -14.70200014156099932, -0.1915169947339134537, -4.100000000000002309 ) ) ;
#1329 = ORIENTED_EDGE ( 'NONE', *, *, #158, .T. ) ;
#1330 = LINE ( 'NONE', #1555, #1124 ) ;
#1331 = DIRECTION ( 'NONE',  ( -1.000000000000000000, -1.734725179770965210E-14, 0.000000000000000000 ) ) ;
#1332 = FACE_OUTER_BOUND ( 'NONE', #121, .T. ) ;
#1333 = AXIS2_PLACEMENT_3D ( 'NONE', #969, #462, #80 ) ;
#1334 = DIRECTION ( 'NONE',  ( 1.189978699995136702E-17, 1.101879260771516768E-16, -1.000000000000000000 ) ) ;
#1335 = ORIENTED_EDGE ( 'NONE', *, *, #501, .F. ) ;
#1336 = EDGE_CURVE ( 'NONE', #498, #891, #678, .T. ) ;
#1337 = DIRECTION ( 'NONE',  ( 0.000000000000000000, -0.000000000000000000, -1.000000000000000000 ) ) ;
#1338 = CARTESIAN_POINT ( 'NONE',  ( 19.32299999999998974, -15.52199999999999847, 2.900000000000000355 ) ) ;
#1339 = CARTESIAN_POINT ( 'NONE',  ( -15.57699999999999996, -11.27199999999999669, -3.199999999999992184 ) ) ;
#1340 = DIRECTION ( 'NONE',  ( 0.000000000000000000, 0.000000000000000000, -1.000000000000000000 ) ) ;
#1341 = ORIENTED_EDGE ( 'NONE', *, *, #158, .F. ) ;
#1342 = CARTESIAN_POINT ( 'NONE',  ( -11.67700000000001026, -13.02200000000000202, 3.900000000000001688 ) ) ;
#1343 = FACE_OUTER_BOUND ( 'NONE', #940, .T. ) ;
#1344 = VECTOR ( 'NONE', #12, 1000.000000000000000 ) ;
#1345 = CARTESIAN_POINT ( 'NONE',  ( 19.32299999999999329, -13.02199999999999847, -0.09999999999999116540 ) ) ;
#1346 = EDGE_CURVE ( 'NONE', #1326, #950, #1187, .T. ) ;
#1347 = CARTESIAN_POINT ( 'NONE',  ( -2.177000000000000046, -5.745000000000000107, -4.101000000000000867 ) ) ;
#1348 = EDGE_LOOP ( 'NONE', ( #1532, #1224, #419, #428, #323, #942, #1119, #540 ) ) ;
#1349 = VECTOR ( 'NONE', #600, 1000.000000000000000 ) ;
#1350 = FACE_OUTER_BOUND ( 'NONE', #1196, .T. ) ;
#1351 = CARTESIAN_POINT ( 'NONE',  ( 5.723000000000000753, 2.978000000000000203, 2.399999999999999911 ) ) ;
#1352 = CARTESIAN_POINT ( 'NONE',  ( 22.32299999999999329, -12.02199999999995761, -0.09999999999998421263 ) ) ;
#1353 = VECTOR ( 'NONE', #1222, 1000.000000000000114 ) ;
#1354 = EDGE_LOOP ( 'NONE', ( #851, #1271, #877, #1525, #1092, #1391 ) ) ;
#1355 = EDGE_CURVE ( 'NONE', #777, #78, #393, .T. ) ;
#1356 = DIRECTION ( 'NONE',  ( 0.000000000000000000, 0.000000000000000000, 1.000000000000000000 ) ) ;
#1357 = CARTESIAN_POINT ( 'NONE',  ( -11.67700000000001204, -15.52199999999999847, -4.100000000000000533 ) ) ;
#1358 = CARTESIAN_POINT ( 'NONE',  ( 2.822999999999999954, -5.745000000000000107, -4.100000000000000533 ) ) ;
#1359 = PLANE ( 'NONE',  #1327 ) ;
#1360 = DIRECTION ( 'NONE',  ( 0.000000000000000000, 0.000000000000000000, -1.000000000000000000 ) ) ;
#1361 = VERTEX_POINT ( 'NONE', #1167 ) ;
#1362 = DIRECTION ( 'NONE',  ( 0.000000000000000000, -1.000000000000000000, 0.000000000000000000 ) ) ;
#1363 = DIRECTION ( 'NONE',  ( -1.000000000000000000, 4.410313921974931770E-16, -0.000000000000000000 ) ) ;
#1364 = VECTOR ( 'NONE', #104, 1000.000000000000000 ) ;
#1365 = ORIENTED_EDGE ( 'NONE', *, *, #744, .F. ) ;
#1366 = CARTESIAN_POINT ( 'NONE',  ( -2.177000000000000046, -12.02200000000000024, -0.09999999999999116540 ) ) ;
#1367 = EDGE_CURVE ( 'NONE', #903, #1288, #110, .T. ) ;
#1368 = CARTESIAN_POINT ( 'NONE',  ( -10.67700000000000493, -15.52199999999999847, 2.899999999999985256 ) ) ;
#1369 = ORIENTED_EDGE ( 'NONE', *, *, #312, .F. ) ;
#1370 = CARTESIAN_POINT ( 'NONE',  ( -5.576999999999999957, 2.978000000000000203, 2.399999999999999911 ) ) ;
#1371 = VECTOR ( 'NONE', #34, 1000.000000000000000 ) ;
#1372 = ORIENTED_EDGE ( 'NONE', *, *, #528, .T. ) ;
#1373 = CARTESIAN_POINT ( 'NONE',  ( -5.577000000000003510, -5.745000000000000107, 2.899999999999999911 ) ) ;
#1374 = AXIS2_PLACEMENT_3D ( 'NONE', #1402, #730, #112 ) ;
#1375 = VECTOR ( 'NONE', #557, 1000.000000000000000 ) ;
#1376 = ORIENTED_EDGE ( 'NONE', *, *, #1530, .T. ) ;
#1377 = CARTESIAN_POINT ( 'NONE',  ( 19.32299999999998974, -15.52199999999999847, 2.900000000000000355 ) ) ;
#1378 = VECTOR ( 'NONE', #324, 1000.000000000000000 ) ;
#1379 = DIRECTION ( 'NONE',  ( 0.000000000000000000, -1.000000000000000000, 0.000000000000000000 ) ) ;
#1380 = ORIENTED_EDGE ( 'NONE', *, *, #416, .F. ) ;
#1381 = ORIENTED_EDGE ( 'NONE', *, *, #357, .T. ) ;
#1382 = CARTESIAN_POINT ( 'NONE',  ( 5.723000000000000753, 0.000000000000000000, 2.399999999999999911 ) ) ;
#1383 = ORIENTED_EDGE ( 'NONE', *, *, #1603, .T. ) ;
#1384 = ADVANCED_FACE ( 'NONE', ( #408 ), #159, .F. ) ;
#1385 = DIRECTION ( 'NONE',  ( -1.000000000000000000, -0.000000000000000000, 0.000000000000000000 ) ) ;
#1386 = ORIENTED_EDGE ( 'NONE', *, *, #703, .F. ) ;
#1387 = DIRECTION ( 'NONE',  ( 2.312964634635742464E-16, 1.000000000000000000, 0.000000000000000000 ) ) ;
#1388 = EDGE_CURVE ( 'NONE', #891, #16, #1041, .T. ) ;
#1389 = PLANE ( 'NONE',  #920 ) ;
#1390 = EDGE_CURVE ( 'NONE', #1618, #883, #1543, .T. ) ;
#1391 = ORIENTED_EDGE ( 'NONE', *, *, #896, .T. ) ;
#1392 = CARTESIAN_POINT ( 'NONE',  ( 18.32300000000000040, -8.476090200086153871E-15, 3.900000000000001243 ) ) ;
#1393 = VERTEX_POINT ( 'NONE', #397 ) ;
#1394 = ORIENTED_EDGE ( 'NONE', *, *, #357, .F. ) ;
#1395 = LINE ( 'NONE', #746, #1349 ) ;
#1396 = TOROIDAL_SURFACE ( 'NONE', #836, 0.9999999999999997780, 0.5000000000000000000 ) ;
#1397 = CARTESIAN_POINT ( 'NONE',  ( 19.32299999999998974, -19.52200000000000202, -3.099999999999999645 ) ) ;
#1398 = DIRECTION ( 'NONE',  ( 0.000000000000000000, 0.000000000000000000, -1.000000000000000000 ) ) ;
#1399 = ORIENTED_EDGE ( 'NONE', *, *, #951, .F. ) ;
#1400 = DIRECTION ( 'NONE',  ( -1.000000000000000000, 4.336808689942021187E-16, -0.000000000000000000 ) ) ;
#1401 = ORIENTED_EDGE ( 'NONE', *, *, #1202, .F. ) ;
#1402 = CARTESIAN_POINT ( 'NONE',  ( -14.70200014156099932, -0.1915169947339134537, -4.100000000000000533 ) ) ;
#1403 = ADVANCED_FACE ( 'NONE', ( #1302, #535, #904 ), #782, .F. ) ;
#1404 = VECTOR ( 'NONE', #1323, 1000.000000000000000 ) ;
#1405 = CARTESIAN_POINT ( 'NONE',  ( 15.34800000000000075, -0.1920000000000298968, -0.09999999999999159561 ) ) ;
#1406 = VECTOR ( 'NONE', #1461, 1000.000000000000000 ) ;
#1407 = VERTEX_POINT ( 'NONE', #1058 ) ;
#1408 = FACE_OUTER_BOUND ( 'NONE', #1494, .T. ) ;
#1409 = ORIENTED_EDGE ( 'NONE', *, *, #369, .F. ) ;
#1410 = DIRECTION ( 'NONE',  ( 0.000000000000000000, 0.000000000000000000, 1.000000000000000000 ) ) ;
#1411 = DIRECTION ( 'NONE',  ( -1.000000000000000000, -0.000000000000000000, -0.000000000000000000 ) ) ;
#1412 = CARTESIAN_POINT ( 'NONE',  ( 6.222999999999999865, -5.745000000000005436, -0.09999999999999116540 ) ) ;
#1413 = ORIENTED_EDGE ( 'NONE', *, *, #457, .F. ) ;
#1414 = CARTESIAN_POINT ( 'NONE',  ( 15.34800000000000075, -0.1920000000000294804, -4.100000000000000533 ) ) ;
#1415 = CARTESIAN_POINT ( 'NONE',  ( -11.67700000000001204, -15.52199999999999847, -4.100000000000000533 ) ) ;
#1416 = ORIENTED_EDGE ( 'NONE', *, *, #1235, .T. ) ;
#1417 = DIRECTION ( 'NONE',  ( -2.312964634635742464E-16, -1.000000000000000000, 0.000000000000000000 ) ) ;
#1418 = ORIENTED_EDGE ( 'NONE', *, *, #1477, .T. ) ;
#1419 = PLANE ( 'NONE',  #434 ) ;
#1420 = FACE_OUTER_BOUND ( 'NONE', #602, .T. ) ;
#1421 = CARTESIAN_POINT ( 'NONE',  ( -2.177000000000002711, -12.02200000000000024, -4.100000000000000533 ) ) ;
#1422 = ORIENTED_EDGE ( 'NONE', *, *, #939, .F. ) ;
#1423 = LINE ( 'NONE', #277, #505 ) ;
#1424 = LINE ( 'NONE', #792, #398 ) ;
#1425 = EDGE_CURVE ( 'NONE', #7, #1168, #1051, .T. ) ;
#1426 = PLANE ( 'NONE',  #591 ) ;
#1427 = ORIENTED_EDGE ( 'NONE', *, *, #52, .T. ) ;
#1428 = EDGE_CURVE ( 'NONE', #917, #559, #1424, .T. ) ;
#1429 = CARTESIAN_POINT ( 'NONE',  ( -15.57699999999999996, -15.52199999999999847, -1.799999999999993161 ) ) ;
#1430 = CARTESIAN_POINT ( 'NONE',  ( -5.576999999999999957, 2.978000000000000203, -0.09999999999999116540 ) ) ;
#1431 = CARTESIAN_POINT ( 'NONE',  ( 6.222999999999999865, 2.978000000000000203, -0.09999999999999116540 ) ) ;
#1432 = ORIENTED_EDGE ( 'NONE', *, *, #362, .F. ) ;
#1433 = DIRECTION ( 'NONE',  ( 0.000000000000000000, 1.000000000000000000, 0.000000000000000000 ) ) ;
#1434 = VECTOR ( 'NONE', #1282, 1000.000000000000000 ) ;
#1435 = FACE_OUTER_BOUND ( 'NONE', #124, .T. ) ;
#1436 = ORIENTED_EDGE ( 'NONE', *, *, #564, .T. ) ;
#1437 = VECTOR ( 'NONE', #808, 1000.000000000000000 ) ;
#1438 = FACE_BOUND ( 'NONE', #1566, .T. ) ;
#1439 = ORIENTED_EDGE ( 'NONE', *, *, #567, .F. ) ;
#1440 = CARTESIAN_POINT ( 'NONE',  ( 19.32299999999999329, -12.02200000000001090, 2.900000000000001688 ) ) ;
#1441 = CARTESIAN_POINT ( 'NONE',  ( 16.22300000000000253, -10.92999498886765863, -0.3999999999999941380 ) ) ;
#1442 = DIRECTION ( 'NONE',  ( 1.000000000000000000, 0.000000000000000000, 0.000000000000000000 ) ) ;
#1443 = ORIENTED_EDGE ( 'NONE', *, *, #1143, .T. ) ;
#1444 = DIRECTION ( 'NONE',  ( -0.000000000000000000, -0.000000000000000000, 1.000000000000000000 ) ) ;
#1445 = EDGE_LOOP ( 'NONE', ( #430, #958, #813, #593 ) ) ;
#1446 = DIRECTION ( 'NONE',  ( 0.000000000000000000, 1.000000000000000000, 0.000000000000000000 ) ) ;
#1447 = CARTESIAN_POINT ( 'NONE',  ( -6.927000000000035129, -12.02200000000000024, 0.6500000000000030198 ) ) ;
#1448 = EDGE_CURVE ( 'NONE', #115, #1562, #887, .T. ) ;
#1449 = ORIENTED_EDGE ( 'NONE', *, *, #974, .F. ) ;
#1450 = AXIS2_PLACEMENT_3D ( 'NONE', #495, #4, #743 ) ;
#1451 = DIRECTION ( 'NONE',  ( 1.000000000000000000, -4.336808689942021187E-16, 0.000000000000000000 ) ) ;
#1452 = ORIENTED_EDGE ( 'NONE', *, *, #1346, .F. ) ;
#1453 = CARTESIAN_POINT ( 'NONE',  ( -2.177000000000000046, -12.02200000000000024, -0.09999999999999116540 ) ) ;
#1454 = CARTESIAN_POINT ( 'NONE',  ( 11.32300000000000040, -12.02200000000000024, -4.101000000000000867 ) ) ;
#1455 = CARTESIAN_POINT ( 'NONE',  ( 16.22300000000000253, -11.27199999999999669, -1.799999999999993161 ) ) ;
#1456 = AXIS2_PLACEMENT_3D ( 'NONE', #1405, #168, #525 ) ;
#1457 = EDGE_CURVE ( 'NONE', #648, #1185, #614, .T. ) ;
#1458 = CARTESIAN_POINT ( 'NONE',  ( -4.077000000000004398, -4.245000000000000995, 2.399999999999999911 ) ) ;
#1459 = ORIENTED_EDGE ( 'NONE', *, *, #849, .F. ) ;
#1460 = VECTOR ( 'NONE', #1411, 1000.000000000000000 ) ;
#1461 = DIRECTION ( 'NONE',  ( -0.000000000000000000, -0.000000000000000000, 1.000000000000000000 ) ) ;
#1462 = DIRECTION ( 'NONE',  ( 4.410313921974933249E-16, 1.000000000000000000, 0.000000000000000000 ) ) ;
#1463 = VECTOR ( 'NONE', #1442, 1000.000000000000000 ) ;
#1464 = EDGE_LOOP ( 'NONE', ( #686, #1570, #1557, #1087 ) ) ;
#1465 = FACE_OUTER_BOUND ( 'NONE', #1445, .T. ) ;
#1466 = EDGE_LOOP ( 'NONE', ( #1512, #962, #1516, #196 ) ) ;
#1467 = CARTESIAN_POINT ( 'NONE',  ( 11.32299999999999862, -15.52199999999999847, 2.899999999999986144 ) ) ;
#1468 = CARTESIAN_POINT ( 'NONE',  ( -5.576999999999999957, 2.978000000000000203, 2.899999999999999911 ) ) ;
#1469 = ORIENTED_EDGE ( 'NONE', *, *, #1367, .T. ) ;
#1470 = EDGE_LOOP ( 'NONE', ( #1263, #1529, #1422, #1248 ) ) ;
#1471 = DIRECTION ( 'NONE',  ( 0.000000000000000000, 1.000000000000000000, 0.000000000000000000 ) ) ;
#1472 = EDGE_LOOP ( 'NONE', ( #1613, #176, #1007, #619, #1189, #1261 ) ) ;
#1473 = EDGE_CURVE ( 'NONE', #1081, #906, #1023, .T. ) ;
#1474 = DIRECTION ( 'NONE',  ( -1.734725179770965210E-14, 1.000000000000000000, 1.101879260771514919E-16 ) ) ;
#1475 = CARTESIAN_POINT ( 'NONE',  ( -4.077000000000004398, -4.245000000000000995, 2.899999999999999911 ) ) ;
#1476 = AXIS2_PLACEMENT_3D ( 'NONE', #306, #190, #418 ) ;
#1477 = EDGE_CURVE ( 'NONE', #465, #1326, #1276, .T. ) ;
#1478 = EDGE_CURVE ( 'NONE', #1288, #903, #272, .T. ) ;
#1479 = AXIS2_PLACEMENT_3D ( 'NONE', #179, #1559, #152 ) ;
#1480 = FACE_OUTER_BOUND ( 'NONE', #643, .T. ) ;
#1481 = LINE ( 'NONE', #71, #199 ) ;
#1482 = AXIS2_PLACEMENT_3D ( 'NONE', #1157, #395, #1031 ) ;
#1483 = FACE_OUTER_BOUND ( 'NONE', #237, .T. ) ;
#1484 = VECTOR ( 'NONE', #1064, 1000.000000000000000 ) ;
#1485 = DIRECTION ( 'NONE',  ( -0.000000000000000000, -0.000000000000000000, 1.000000000000000000 ) ) ;
#1486 = CARTESIAN_POINT ( 'NONE',  ( -2.177000000000000046, -12.02200000000000024, -4.100000000000002309 ) ) ;
#1487 = PRODUCT_RELATED_PRODUCT_CATEGORY ( 'part', '', ( #874 ) ) ;
#1488 = VECTOR ( 'NONE', #1089, 1000.000000000000000 ) ;
#1489 = ORIENTED_EDGE ( 'NONE', *, *, #1285, .F. ) ;
#1490 = CARTESIAN_POINT ( 'NONE',  ( 5.723000000000000753, 2.978000000000000203, 2.899999999999999911 ) ) ;
#1491 = EDGE_CURVE ( 'NONE', #854, #996, #150, .T. ) ;
#1492 = ORIENTED_EDGE ( 'NONE', *, *, #1105, .F. ) ;
#1493 = CYLINDRICAL_SURFACE ( 'NONE', #76, 0.5000000000000000000 ) ;
#1494 = EDGE_LOOP ( 'NONE', ( #1459, #769, #544, #802 ) ) ;
#1495 = FILL_AREA_STYLE_COLOUR ( '', #1514 ) ;
#1496 = ORIENTED_EDGE ( 'NONE', *, *, #948, .F. ) ;
#1497 = CYLINDRICAL_SURFACE ( 'NONE', #1374, 1.599999999999987654 ) ;
#1498 = CARTESIAN_POINT ( 'NONE',  ( -18.67699999999999960, -13.02199999999999669, 3.900000000000000355 ) ) ;
#1499 = DIRECTION ( 'NONE',  ( 0.000000000000000000, 0.000000000000000000, -1.000000000000000000 ) ) ;
#1500 = ORIENTED_EDGE ( 'NONE', *, *, #612, .T. ) ;
#1501 = LINE ( 'NONE', #597, #1068 ) ;
#1502 = VECTOR ( 'NONE', #1417, 1000.000000000000000 ) ;
#1503 = ORIENTED_EDGE ( 'NONE', *, *, #766, .T. ) ;
#1504 = CARTESIAN_POINT ( 'NONE',  ( 2.822999999999999954, -12.02200000000000024, -4.101000000000000867 ) ) ;
#1505 = PRODUCT_CONTEXT ( 'NONE', #1218, 'mechanical' ) ;
#1506 = EDGE_CURVE ( 'NONE', #699, #400, #139, .T. ) ;
#1507 = CARTESIAN_POINT ( 'NONE',  ( -4.077000000000005286, -5.745000000000000995, 2.399999999999999911 ) ) ;
#1508 = EDGE_LOOP ( 'NONE', ( #382, #1156 ) ) ;
#1509 = ORIENTED_EDGE ( 'NONE', *, *, #1608, .F. ) ;
#1510 = FACE_OUTER_BOUND ( 'NONE', #1348, .T. ) ;
#1511 = VECTOR ( 'NONE', #122, 1000.000000000000000 ) ;
#1512 = ORIENTED_EDGE ( 'NONE', *, *, #83, .F. ) ;
#1513 = DIRECTION ( 'NONE',  ( -4.625929269271484928E-16, -1.000000000000000000, 0.000000000000000000 ) ) ;
#1514 = COLOUR_RGB ( '',0.7921568627450980005, 0.8196078431372548767, 0.9333333333333333481 ) ;
#1515 = VECTOR ( 'NONE', #411, 1000.000000000000000 ) ;
#1516 = ORIENTED_EDGE ( 'NONE', *, *, #59, .F. ) ;
#1517 = CARTESIAN_POINT ( 'NONE',  ( 11.32299999999999862, -19.52200000000000202, -0.09999999999999116540 ) ) ;
#1518 = VECTOR ( 'NONE', #1233, 1000.000000000000000 ) ;
#1519 = FACE_OUTER_BOUND ( 'NONE', #826, .T. ) ;
#1520 = EDGE_CURVE ( 'NONE', #606, #149, #1176, .T. ) ;
#1521 = ORIENTED_EDGE ( 'NONE', *, *, #1355, .T. ) ;
#1522 = FACE_OUTER_BOUND ( 'NONE', #161, .T. ) ;
#1523 = ORIENTED_EDGE ( 'NONE', *, *, #297, .T. ) ;
#1524 = DIRECTION ( 'NONE',  ( -1.000000000000000000, 4.625929269271484928E-16, 0.000000000000000000 ) ) ;
#1525 = ORIENTED_EDGE ( 'NONE', *, *, #1194, .T. ) ;
#1526 = DIRECTION ( 'NONE',  ( 0.000000000000000000, 0.000000000000000000, -1.000000000000000000 ) ) ;
#1527 = EDGE_LOOP ( 'NONE', ( #1496, #724, #280, #423 ) ) ;
#1528 = CARTESIAN_POINT ( 'NONE',  ( 15.34800000000000075, -1.792000000000018689, -0.09999999999999159561 ) ) ;
#1529 = ORIENTED_EDGE ( 'NONE', *, *, #817, .F. ) ;
#1530 = EDGE_CURVE ( 'NONE', #23, #1574, #383, .T. ) ;
#1531 = VECTOR ( 'NONE', #1270, 1000.000000000000000 ) ;
#1532 = ORIENTED_EDGE ( 'NONE', *, *, #1336, .T. ) ;
#1533 = CARTESIAN_POINT ( 'NONE',  ( -20.17700147325428617, -12.02199763300979818, -4.100000000000002309 ) ) ;
#1535 = EDGE_CURVE ( 'NONE', #906, #854, #1395, .T. ) ;
#1534 = AXIS2_PLACEMENT_3D ( 'NONE', #207, #720, #1340 ) ;
#1536 = DIRECTION ( 'NONE',  ( 0.000000000000000000, 0.000000000000000000, -1.000000000000000000 ) ) ;
#1537 = CARTESIAN_POINT ( 'NONE',  ( -18.67699999999999960, -12.02199763300979996, -3.099999999999999645 ) ) ;
#1538 = EDGE_LOOP ( 'NONE', ( #595, #705, #366, #86 ) ) ;
#1539 = CARTESIAN_POINT ( 'NONE',  ( 12.32300000000001106, -2.850266319261628105E-15, 3.900000000000001243 ) ) ;
#1540 = FACE_OUTER_BOUND ( 'NONE', #681, .T. ) ;
#1541 = VERTEX_POINT ( 'NONE', #764 ) ;
#1542 = ADVANCED_FACE ( 'NONE', ( #1133 ), #17, .F. ) ;
#1543 = LINE ( 'NONE', #296, #141 ) ;
#1544 = VECTOR ( 'NONE', #1299, 1000.000000000000114 ) ;
#1545 = CARTESIAN_POINT ( 'NONE',  ( 15.34800000000000075, -1.792000000000018023, -4.100000000000000533 ) ) ;
#1546 = ORIENTED_EDGE ( 'NONE', *, *, #596, .T. ) ;
#1547 = DIRECTION ( 'NONE',  ( -1.000000000000000000, -1.269309860470833245E-16, 0.000000000000000000 ) ) ;
#1548 = CARTESIAN_POINT ( 'NONE',  ( -17.67699999999999960, -13.02199999999999669, 3.900000000000000355 ) ) ;
#1549 = CARTESIAN_POINT ( 'NONE',  ( 16.22300000000000253, -11.27199999999999669, -0.3999999999999941380 ) ) ;
#1550 = ORIENTED_EDGE ( 'NONE', *, *, #1020, .F. ) ;
#1551 = CARTESIAN_POINT ( 'NONE',  ( 2.822999999999999954, -5.745000000000000107, -4.101000000000000867 ) ) ;
#1552 = CARTESIAN_POINT ( 'NONE',  ( -2.177000000000000046, -12.02200000000000024, -4.100000000000002309 ) ) ;
#1553 = EDGE_LOOP ( 'NONE', ( #404, #1040, #650, #5, #613 ) ) ;
#1554 = DIRECTION ( 'NONE',  ( -4.625929269271491830E-16, -1.000000000000000000, 0.000000000000000000 ) ) ;
#1555 = CARTESIAN_POINT ( 'NONE',  ( -22.92700073662714289, -12.02199763300979996, 1.150000736627144304 ) ) ;
#1556 = DIRECTION ( 'NONE',  ( 4.625929269271484928E-16, 1.000000000000000000, 0.000000000000000000 ) ) ;
#1557 = ORIENTED_EDGE ( 'NONE', *, *, #912, .T. ) ;
#1558 = CIRCLE ( 'NONE', #1476, 0.5000000000000000000 ) ;
#1559 = DIRECTION ( 'NONE',  ( 0.000000000000000000, -1.000000000000000000, 0.000000000000000000 ) ) ;
#1560 = EDGE_CURVE ( 'NONE', #78, #777, #716, .T. ) ;
#1561 = DIRECTION ( 'NONE',  ( 0.000000000000000000, 0.000000000000000000, 1.000000000000000000 ) ) ;
#1562 = VERTEX_POINT ( 'NONE', #1001 ) ;
#1563 = CARTESIAN_POINT ( 'NONE',  ( -5.077000000000003510, -4.245000000000000107, 2.399999999999999911 ) ) ;
#1564 = DIRECTION ( 'NONE',  ( 0.000000000000000000, 0.000000000000000000, 1.000000000000000000 ) ) ;
#1565 = LINE ( 'NONE', #799, #1615 ) ;
#1566 = EDGE_LOOP ( 'NONE', ( #154, #734 ) ) ;
#1567 = DIRECTION ( 'NONE',  ( 1.000000000000000000, -2.312964634635742464E-16, 0.000000000000000000 ) ) ;
#1568 = AXIS2_PLACEMENT_3D ( 'NONE', #1215, #701, #1337 ) ;
#1569 = CARTESIAN_POINT ( 'NONE',  ( 4.722999999999999865, -5.245000000000003659, 2.899999999999999911 ) ) ;
#1570 = ORIENTED_EDGE ( 'NONE', *, *, #930, .F. ) ;
#1571 = DIRECTION ( 'NONE',  ( -4.625929269271491830E-16, -1.000000000000000000, 0.000000000000000000 ) ) ;
#1572 = CARTESIAN_POINT ( 'NONE',  ( -14.70200014156099932, -0.1915169947339134537, -4.100000000000000533 ) ) ;
#1573 = CARTESIAN_POINT ( 'NONE',  ( -11.67700000000000315, 5.401697607728313928E-15, 3.900000000000000355 ) ) ;
#1574 = VERTEX_POINT ( 'NONE', #856 ) ;
#1575 = DIRECTION ( 'NONE',  ( 0.000000000000000000, 0.000000000000000000, 1.000000000000000000 ) ) ;
#1576 = FACE_OUTER_BOUND ( 'NONE', #582, .T. ) ;
#1577 = ORIENTED_EDGE ( 'NONE', *, *, #63, .T. ) ;
#1578 = CARTESIAN_POINT ( 'NONE',  ( 20.82299852674574225, 3.478002367581793042, -4.100000000000000533 ) ) ;
#1579 = PLANE ( 'NONE',  #1599 ) ;
#1580 = ADVANCED_FACE ( 'NONE', ( #894 ), #993, .F. ) ;
#1581 = ORIENTED_EDGE ( 'NONE', *, *, #954, .T. ) ;
#1582 = VECTOR ( 'NONE', #604, 1000.000000000000000 ) ;
#1583 = CARTESIAN_POINT ( 'NONE',  ( 12.32300000000000217, -2.850266319261625738E-15, -4.100000000000000533 ) ) ;
#1584 = ORIENTED_EDGE ( 'NONE', *, *, #948, .T. ) ;
#1585 = AXIS2_PLACEMENT_3D ( 'NONE', #1610, #1015, #1 ) ;
#1586 = DIRECTION ( 'NONE',  ( -4.407005999795908694E-16, -1.000000000000000000, 0.000000000000000000 ) ) ;
#1587 = DIRECTION ( 'NONE',  ( -1.000000000000000000, 0.000000000000000000, 0.000000000000000000 ) ) ;
#1588 = ORIENTED_EDGE ( 'NONE', *, *, #1207, .F. ) ;
#1589 = AXIS2_PLACEMENT_3D ( 'NONE', #747, #756, #128 ) ;
#1590 = CARTESIAN_POINT ( 'NONE',  ( -14.70200014156099932, -0.1915169947339138978, -0.09999999999999159561 ) ) ;
#1591 = ORIENTED_EDGE ( 'NONE', *, *, #914, .F. ) ;
#1592 = VECTOR ( 'NONE', #1575, 1000.000000000000000 ) ;
#1593 = CARTESIAN_POINT ( 'NONE',  ( -2.177000000000000046, -5.745000000000000107, -0.09999999999999116540 ) ) ;
#1594 = PLANE ( 'NONE',  #1333 ) ;
#1595 = DIRECTION ( 'NONE',  ( 0.000000000000000000, 1.000000000000000000, 0.000000000000000000 ) ) ;
#1596 = ADVANCED_FACE ( 'NONE', ( #1617 ), #1497, .F. ) ;
#1597 = FACE_OUTER_BOUND ( 'NONE', #1354, .T. ) ;
#1598 = ORIENTED_EDGE ( 'NONE', *, *, #528, .F. ) ;
#1599 = AXIS2_PLACEMENT_3D ( 'NONE', #1455, #702, #325 ) ;
#1600 = FACE_BOUND ( 'NONE', #469, .T. ) ;
#1601 = LINE ( 'NONE', #1338, #1353 ) ;
#1602 = DIRECTION ( 'NONE',  ( -1.000000000000000000, 0.000000000000000000, 0.000000000000000000 ) ) ;
#1603 = EDGE_CURVE ( 'NONE', #299, #1094, #1241, .T. ) ;
#1604 = AXIS2_PLACEMENT_3D ( 'NONE', #609, #125, #1398 ) ;
#1605 = CARTESIAN_POINT ( 'NONE',  ( -14.70200014156099932, -1.791516994733901136, -4.100000000000000533 ) ) ;
#1606 = DIRECTION ( 'NONE',  ( 1.000000000000000000, -4.410313921974931770E-16, 0.000000000000000000 ) ) ;
#1607 = VECTOR ( 'NONE', #129, 1000.000000000000000 ) ;
#1608 = EDGE_CURVE ( 'NONE', #478, #1009, #1141, .T. ) ;
#1609 = VECTOR ( 'NONE', #735, 1000.000000000000000 ) ;
#1610 = CARTESIAN_POINT ( 'NONE',  ( 0.000000000000000000, 0.000000000000000000, 2.899999999999999911 ) ) ;
#1611 = ORIENTED_EDGE ( 'NONE', *, *, #974, .T. ) ;
#1612 = LINE ( 'NONE', #1621, #197 ) ;
#1613 = ORIENTED_EDGE ( 'NONE', *, *, #396, .F. ) ;
#1614 = LINE ( 'NONE', #628, #601 ) ;
#1615 = VECTOR ( 'NONE', #185, 1000.000000000000000 ) ;
#1616 = VERTEX_POINT ( 'NONE', #246 ) ;
#1617 = FACE_OUTER_BOUND ( 'NONE', #657, .T. ) ;
#1618 = VERTEX_POINT ( 'NONE', #368 ) ;
#1619 = CARTESIAN_POINT ( 'NONE',  ( 2.085486611120714240E-13, -12.02200000000034485, -0.09999999999999116540 ) ) ;
#1620 = VERTEX_POINT ( 'NONE', #1377 ) ;
#1621 = CARTESIAN_POINT ( 'NONE',  ( 11.32300000000000040, -12.02200000000000024, -4.100000000000000533 ) ) ;
#1622 = ORIENTED_EDGE ( 'NONE', *, *, #556, .F. ) ;
#1623 = PLANE ( 'NONE',  #1011 ) ;
#1624 = EDGE_LOOP ( 'NONE', ( #990, #1318 ) ) ;
#1625 = EDGE_CURVE ( 'NONE', #599, #699, #1259, .T. ) ;
#1626 = CARTESIAN_POINT ( 'NONE',  ( 12.32300000000001106, -2.850266319261628105E-15, 3.900000000000001243 ) ) ;
ENDSEC;
END-ISO-10303-21;
