ISO-10303-21;
HEADER;
FILE_DESCRIPTION (( 'STEP AP214' ),
    '1' );
FILE_NAME ('Clicky Clack Door Frame Buffer - Center Right w- Channel.STEP',
    '2026-07-02T14:07:42',
    ( '' ),
    ( '' ),
    'SwSTEP 2.0',
    'SolidWorks 2026',
    '' );
FILE_SCHEMA (( 'AUTOMOTIVE_DESIGN' ));
ENDSEC;

DATA;
#1 = DIRECTION ( 'NONE',  ( 0.000000000000000000, 0.000000000000000000, -1.000000000000000000 ) ) ;
#2 = ORIENTED_EDGE ( 'NONE', *, *, #6863, .T. ) ;
#3 = VECTOR ( 'NONE', #694, 1000.000000000000000 ) ;
#4 = CARTESIAN_POINT ( 'NONE',  ( -9.860761315262649319E-31, 530.0000000000000000, 0.000000000000000000 ) ) ;
#5 = EDGE_CURVE ( 'NONE', #310, #1741, #4390, .T. ) ;
#6 = CARTESIAN_POINT ( 'NONE',  ( 20.00000000000000000, 320.0000000000000000, 0.000000000000000000 ) ) ;
#7 = ORIENTED_EDGE ( 'NONE', *, *, #8110, .T. ) ;
#8 = DIRECTION ( 'NONE',  ( 0.000000000000000000, 0.000000000000000000, -1.000000000000000000 ) ) ;
#9 = ORIENTED_EDGE ( 'NONE', *, *, #140, .T. ) ;
#10 = LINE ( 'NONE', #111, #6692 ) ;
#11 = EDGE_CURVE ( 'NONE', #7425, #18, #7620, .T. ) ;
#12 = CARTESIAN_POINT ( 'NONE',  ( 340.0000000000000000, 18.39999999999999858, 13.06862915010150061 ) ) ;
#13 = VECTOR ( 'NONE', #5549, 1000.000000000000000 ) ;
#14 = AXIS2_PLACEMENT_3D ( 'NONE', #2671, #2819, #194 ) ;
#15 = DIRECTION ( 'NONE',  ( -0.000000000000000000, 0.000000000000000000, -1.000000000000000000 ) ) ;
#16 = CARTESIAN_POINT ( 'NONE',  ( 507.1582674732805458, 170.0000000000001137, 6.631482075855973157 ) ) ;
#17 = ORIENTED_EDGE ( 'NONE', *, *, #1691, .T. ) ;
#18 = VERTEX_POINT ( 'NONE', #7145 ) ;
#19 = LINE ( 'NONE', #9692, #9014 ) ;
#20 = ORIENTED_EDGE ( 'NONE', *, *, #5108, .F. ) ;
#21 = VERTEX_POINT ( 'NONE', #7938 ) ;
#22 = VECTOR ( 'NONE', #10377, 1000.000000000000114 ) ;
#23 = ADVANCED_FACE ( 'NONE', ( #4022 ), #4644, .F. ) ;
#24 = CARTESIAN_POINT ( 'NONE',  ( 498.2500000000000000, 160.0000000000000000, 4.000000000000000000 ) ) ;
#25 = CYLINDRICAL_SURFACE ( 'NONE', #10237, 1.750000000000029310 ) ;
#26 = PLANE ( 'NONE',  #4864 ) ;
#27 = CARTESIAN_POINT ( 'NONE',  ( 503.0518280484813545, 179.0357807774135779, 4.246911954959397661 ) ) ;
#28 = ADVANCED_FACE ( 'NONE', ( #1411 ), #10300, .F. ) ;
#29 = VECTOR ( 'NONE', #9769, 1000.000000000000000 ) ;
#30 = CARTESIAN_POINT ( 'NONE',  ( 503.0343435439377231, 320.0000000000000000, 0.000000000000000000 ) ) ;
#31 = EDGE_CURVE ( 'NONE', #7485, #3869, #1521, .T. ) ;
#32 = ADVANCED_FACE ( 'NONE', ( #9459 ), #3049, .F. ) ;
#33 = ORIENTED_EDGE ( 'NONE', *, *, #8158, .T. ) ;
#34 = ORIENTED_EDGE ( 'NONE', *, *, #1098, .T. ) ;
#35 = DIRECTION ( 'NONE',  ( 0.000000000000000000, 0.000000000000000000, -1.000000000000000000 ) ) ;
#37 = EDGE_CURVE ( 'NONE', #9034, #6897, #9181, .T. ) ;
#36 = CARTESIAN_POINT ( 'NONE',  ( 510.0000000000000000, 530.0000000000000000, 0.000000000000000000 ) ) ;
#38 = CARTESIAN_POINT ( 'NONE',  ( 8.250000000000000000, 350.0000000000000000, 0.000000000000000000 ) ) ;
#39 = CARTESIAN_POINT ( 'NONE',  ( 503.0000000000000000, 278.6999999999999886, 10.00000000000000000 ) ) ;
#40 = PLANE ( 'NONE',  #9053 ) ;
#41 = FACE_OUTER_BOUND ( 'NONE', #10457, .T. ) ;
#42 = EDGE_LOOP ( 'NONE', ( #8765, #9989 ) ) ;
#43 = CARTESIAN_POINT ( 'NONE',  ( 500.0000000000000000, 350.0000000000000000, 4.000000000000000000 ) ) ;
#44 = ORIENTED_EDGE ( 'NONE', *, *, #3449, .T. ) ;
#45 = ORIENTED_EDGE ( 'NONE', *, *, #9722, .F. ) ;
#46 = DIRECTION ( 'NONE',  ( 0.000000000000000000, 0.000000000000000000, -1.000000000000000000 ) ) ;
#47 = CARTESIAN_POINT ( 'NONE',  ( 11.75000000000000000, 180.0000000000000000, 0.000000000000000000 ) ) ;
#48 = CARTESIAN_POINT ( 'NONE',  ( 331.7500000000000000, 520.0000000000000000, 4.000000000000000000 ) ) ;
#49 = CARTESIAN_POINT ( 'NONE',  ( 6.500000000000000000, 100.6999999999970044, 13.00000000000000000 ) ) ;
#50 = PLANE ( 'NONE',  #8257 ) ;
#51 = AXIS2_PLACEMENT_3D ( 'NONE', #5792, #6539, #10383 ) ;
#52 = CARTESIAN_POINT ( 'NONE',  ( 503.9955210965389938, 360.0000000000001137, 6.136203463644103628 ) ) ;
#53 = EDGE_LOOP ( 'NONE', ( #5819, #3828, #5752, #10458 ) ) ;
#54 = DIRECTION ( 'NONE',  ( 1.000000000000000000, 0.000000000000000000, 0.000000000000000000 ) ) ;
#55 = EDGE_LOOP ( 'NONE', ( #8933, #2703, #3988, #7790 ) ) ;
#56 = CARTESIAN_POINT ( 'NONE',  ( 340.0000000000000000, 20.00000000000000000, 5.000000000000000000 ) ) ;
#57 = ORIENTED_EDGE ( 'NONE', *, *, #2409, .F. ) ;
#58 = CARTESIAN_POINT ( 'NONE',  ( 0.000000000000000000, 0.000000000000000000, 0.000000000000000000 ) ) ;
#59 = VECTOR ( 'NONE', #6826, 1000.000000000000000 ) ;
#60 = DIRECTION ( 'NONE',  ( 1.000000000000000000, 0.000000000000000000, 0.000000000000000000 ) ) ;
#61 = MECHANICAL_DESIGN_GEOMETRIC_PRESENTATION_REPRESENTATION (  '', ( #10009 ), #3945 ) ;
#62 = CARTESIAN_POINT ( 'NONE',  ( 343.0000000000000000, 18.19999999999999929, 3.913603896932090098 ) ) ;
#63 = CARTESIAN_POINT ( 'NONE',  ( 6.500000000000000000, 54.80000000000000426, 7.000000000000000000 ) ) ;
#65 = VERTEX_POINT ( 'NONE', #5494 ) ;
#64 = EDGE_CURVE ( 'NONE', #7322, #3187, #2422, .T. ) ;
#66 = ORIENTED_EDGE ( 'NONE', *, *, #6942, .F. ) ;
#67 = DIRECTION ( 'NONE',  ( 0.000000000000000000, 0.000000000000000000, 1.000000000000000000 ) ) ;
#68 = ORIENTED_EDGE ( 'NONE', *, *, #6682, .T. ) ;
#69 = ORIENTED_EDGE ( 'NONE', *, *, #7771, .T. ) ;
#70 = DIRECTION ( 'NONE',  ( 1.000000000000000000, 0.000000000000000000, 0.000000000000000000 ) ) ;
#71 = FACE_OUTER_BOUND ( 'NONE', #7345, .T. ) ;
#72 = EDGE_CURVE ( 'NONE', #346, #8377, #8722, .T. ) ;
#73 = CARTESIAN_POINT ( 'NONE',  ( 376.2165816590305099, 6.481468999400060049, -9.146565213191545956E-17 ) ) ;
#74 = CARTESIAN_POINT ( 'NONE',  ( 510.0000000000000000, 9.860761315262649319E-31, 0.000000000000000000 ) ) ;
#75 = DIRECTION ( 'NONE',  ( 0.000000000000000000, 1.000000000000000000, 0.000000000000000000 ) ) ;
#76 = VERTEX_POINT ( 'NONE', #1361 ) ;
#77 = EDGE_CURVE ( 'NONE', #4348, #488, #8044, .T. ) ;
#78 = ORIENTED_EDGE ( 'NONE', *, *, #1235, .T. ) ;
#79 = FACE_OUTER_BOUND ( 'NONE', #5547, .T. ) ;
#80 = FACE_OUTER_BOUND ( 'NONE', #10003, .T. ) ;
#81 = CARTESIAN_POINT ( 'NONE',  ( 160.0000000000000000, 520.0000000000000000, 20.00000000000000000 ) ) ;
#82 = EDGE_CURVE ( 'NONE', #3654, #2392, #573, .T. ) ;
#83 = EDGE_CURVE ( 'NONE', #7723, #4219, #10321, .T. ) ;
#84 = FACE_OUTER_BOUND ( 'NONE', #485, .T. ) ;
#85 = VECTOR ( 'NONE', #6002, 1000.000000000000000 ) ;
#86 = DIRECTION ( 'NONE',  ( 1.000000000000000000, 0.000000000000000000, 0.000000000000000000 ) ) ;
#87 = LINE ( 'NONE', #3939, #8635 ) ;
#88 = ORIENTED_EDGE ( 'NONE', *, *, #3439, .T. ) ;
#89 = EDGE_CURVE ( 'NONE', #5319, #335, #3798, .T. ) ;
#90 = CARTESIAN_POINT ( 'NONE',  ( 505.0000000000000000, 340.0000000000000000, 20.00000000000000000 ) ) ;
#91 = EDGE_LOOP ( 'NONE', ( #8222, #8612, #7321, #9713 ) ) ;
#92 = VECTOR ( 'NONE', #2948, 1000.000000000000000 ) ;
#93 = VERTEX_POINT ( 'NONE', #7034 ) ;
#94 = VECTOR ( 'NONE', #774, 1000.000000000000000 ) ;
#95 = VECTOR ( 'NONE', #10193, 1000.000000000000000 ) ;
#96 = LINE ( 'NONE', #6505, #2025 ) ;
#97 = FILL_AREA_STYLE_COLOUR ( '', #1532 ) ;
#98 = CARTESIAN_POINT ( 'NONE',  ( 167.0000000000000000, 511.8000000000000114, 15.65441558772840125 ) ) ;
#99 = DIRECTION ( 'NONE',  ( 0.000000000000000000, -1.000000000000000000, 0.000000000000000000 ) ) ;
#100 = CARTESIAN_POINT ( 'NONE',  ( 18.39999999999999858, 170.0000000000000000, 5.000000000000000000 ) ) ;
#101 = CARTESIAN_POINT ( 'NONE',  ( 378.5908075695795105, 12.97412125320329679, 6.433224273564971550E-16 ) ) ;
#102 = AXIS2_PLACEMENT_3D ( 'NONE', #5394, #3860, #6290 ) ;
#103 = AXIS2_PLACEMENT_3D ( 'NONE', #5028, #4231, #7457 ) ;
#104 = ORIENTED_EDGE ( 'NONE', *, *, #8104, .T. ) ;
#105 = FACE_OUTER_BOUND ( 'NONE', #887, .T. ) ;
#106 = AXIS2_PLACEMENT_3D ( 'NONE', #8745, #1489, #4722 ) ;
#107 = ORIENTED_EDGE ( 'NONE', *, *, #6140, .F. ) ;
#108 = DIRECTION ( 'NONE',  ( -0.2454255515179630809, 0.9694154417287274006, 0.000000000000000000 ) ) ;
#109 = ORIENTED_EDGE ( 'NONE', *, *, #676, .F. ) ;
#110 = VECTOR ( 'NONE', #1563, 1000.000000000000000 ) ;
#111 = CARTESIAN_POINT ( 'NONE',  ( -9.156554115672719648E-31, 492.1499999999999773, 12.99999999999979927 ) ) ;
#112 = LINE ( 'NONE', #8905, #2320 ) ;
#113 = AXIS2_PLACEMENT_3D ( 'NONE', #2401, #5634, #7288 ) ;
#114 = CARTESIAN_POINT ( 'NONE',  ( 255.0000000000000000, 360.0000000000000000, 0.000000000000000000 ) ) ;
#115 = LINE ( 'NONE', #63, #9049 ) ;
#116 = EDGE_LOOP ( 'NONE', ( #2416, #5845, #3083, #4110, #7000, #7604, #17, #1964, #1006 ) ) ;
#117 = ORIENTED_EDGE ( 'NONE', *, *, #2349, .F. ) ;
#118 = AXIS2_PLACEMENT_3D ( 'NONE', #2444, #1601, #6533 ) ;
#119 = CARTESIAN_POINT ( 'NONE',  ( 356.6449482126448629, -4.601688613789840295E-28, 6.183368334915002151 ) ) ;
#120 = ORIENTED_EDGE ( 'NONE', *, *, #988, .F. ) ;
#121 = EDGE_LOOP ( 'NONE', ( #3894, #8333, #5993, #10446 ) ) ;
#122 = AXIS2_PLACEMENT_3D ( 'NONE', #7505, #9100, #1096 ) ;
#123 = CARTESIAN_POINT ( 'NONE',  ( 5.000000000000000000, 320.0000000000000000, 0.000000000000000000 ) ) ;
#124 = DIRECTION ( 'NONE',  ( 1.000000000000000000, 0.000000000000000000, 0.000000000000000000 ) ) ;
#125 = EDGE_CURVE ( 'NONE', #10435, #2039, #10244, .T. ) ;
#126 = DIRECTION ( 'NONE',  ( 0.000000000000000000, 0.000000000000000000, 1.000000000000000000 ) ) ;
#127 = AXIS2_PLACEMENT_3D ( 'NONE', #3490, #9944, #9001 ) ;
#128 = CARTESIAN_POINT ( 'NONE',  ( 503.0343435439377231, 19.32959827346325454, 6.433224273564971550E-16 ) ) ;
#129 = DIRECTION ( 'NONE',  ( 0.000000000000000000, 1.184237892934260035E-14, -1.000000000000000000 ) ) ;
#130 = CARTESIAN_POINT ( 'NONE',  ( 510.0000000000000000, 283.6999999999999886, 13.00000000000000000 ) ) ;
#131 = ORIENTED_EDGE ( 'NONE', *, *, #10423, .F. ) ;
#132 = VERTEX_POINT ( 'NONE', #4704 ) ;
#133 = EDGE_CURVE ( 'NONE', #6174, #6617, #2996, .T. ) ;
#134 = CIRCLE ( 'NONE', #5040, 3.200000000000008171 ) ;
#135 = CYLINDRICAL_SURFACE ( 'NONE', #4315, 2.350000000000018741 ) ;
#136 = DIRECTION ( 'NONE',  ( -0.000000000000000000, 1.000000000000000000, 0.000000000000000000 ) ) ;
#137 = AXIS2_PLACEMENT_3D ( 'NONE', #3095, #2365, #4860 ) ;
#138 = DIRECTION ( 'NONE',  ( 0.000000000000000000, 0.000000000000000000, -1.000000000000000000 ) ) ;
#139 = ADVANCED_FACE ( 'NONE', ( #7196, #792, #5441 ), #2315, .T. ) ;
#140 = EDGE_CURVE ( 'NONE', #6514, #10010, #5604, .T. ) ;
#141 = CARTESIAN_POINT ( 'NONE',  ( 217.9999999999999147, 530.0000000000000000, 13.82852954554267377 ) ) ;
#142 = B_SPLINE_CURVE_WITH_KNOTS ( 'NONE', 3,
 ( #6239, #5446, #3862, #7096, #10304, #9569, #5554, #2477, #8892, #8993 ),
 .UNSPECIFIED., .F., .F.,
 ( 4, 2, 2, 2, 4 ),
 ( 1.474514954580286030E-17, 0.0003727061576386430167, 0.0007454123152772712882, 0.001118118472915899560, 0.001490824630554527831 ),
 .UNSPECIFIED. ) ;
#143 = CARTESIAN_POINT ( 'NONE',  ( 500.0000000000000000, 370.0000000000000000, 4.000000000000000000 ) ) ;
#144 = DIRECTION ( 'NONE',  ( 1.000000000000000000, 0.000000000000000000, 0.000000000000000000 ) ) ;
#145 = CARTESIAN_POINT ( 'NONE',  ( 348.2500000000000000, 520.0000000000000000, 4.000000000000000000 ) ) ;
#146 = ORIENTED_EDGE ( 'NONE', *, *, #4883, .T. ) ;
#147 = CARTESIAN_POINT ( 'NONE',  ( -6.697875610367079879E-31, 360.0000000000000000, 20.00000000000000000 ) ) ;
#148 = EDGE_LOOP ( 'NONE', ( #1714, #6315, #7701, #6252 ) ) ;
#149 = EDGE_LOOP ( 'NONE', ( #331, #8445 ) ) ;
#150 = LINE ( 'NONE', #8145, #680 ) ;
#151 = LINE ( 'NONE', #4867, #10310 ) ;
#152 = FACE_OUTER_BOUND ( 'NONE', #7057, .T. ) ;
#153 = CARTESIAN_POINT ( 'NONE',  ( 503.0343435439377231, 363.9999999999999432, 6.433224273564971550E-16 ) ) ;
#154 = EDGE_CURVE ( 'NONE', #6458, #936, #10460, .T. ) ;
#155 = FACE_OUTER_BOUND ( 'NONE', #6735, .T. ) ;
#156 = FACE_OUTER_BOUND ( 'NONE', #2882, .T. ) ;
#157 = VERTEX_POINT ( 'NONE', #9777 ) ;
#158 = EDGE_CURVE ( 'NONE', #3187, #2618, #8196, .T. ) ;
#159 = CARTESIAN_POINT ( 'NONE',  ( 503.1189405172683564, 265.4215197728162252, 4.618317782934551197 ) ) ;
#160 = EDGE_CURVE ( 'NONE', #3634, #6585, #4246, .T. ) ;
#161 = VECTOR ( 'NONE', #3821, 1000.000000000000000 ) ;
#162 = VERTEX_POINT ( 'NONE', #6657 ) ;
#163 = CARTESIAN_POINT ( 'NONE',  ( 255.0000000000000000, 364.0000000000000000, 8.068629150101529035 ) ) ;
#164 = VERTEX_POINT ( 'NONE', #5756 ) ;
#165 = DIRECTION ( 'NONE',  ( 0.000000000000000000, 0.000000000000000000, -1.000000000000000000 ) ) ;
#166 = EDGE_CURVE ( 'NONE', #8996, #1306, #151, .T. ) ;
#167 = DIRECTION ( 'NONE',  ( -0.9694154417287286218, -0.2454255515179588065, 0.000000000000000000 ) ) ;
#168 = VECTOR ( 'NONE', #9107, 1000.000000000000000 ) ;
#169 = FACE_BOUND ( 'NONE', #7474, .T. ) ;
#170 = CARTESIAN_POINT ( 'NONE',  ( 340.0000000000000000, 6.573840876841760082E-31, 0.000000000000000000 ) ) ;
#171 = ORIENTED_EDGE ( 'NONE', *, *, #10290, .F. ) ;
#172 = ORIENTED_EDGE ( 'NONE', *, *, #9629, .T. ) ;
#173 = CARTESIAN_POINT ( 'NONE',  ( 368.2389550140384813, 523.2298202377402276, 3.900000000000000799 ) ) ;
#174 = EDGE_LOOP ( 'NONE', ( #171, #5093, #320, #1864 ) ) ;
#175 = VERTEX_POINT ( 'NONE', #4225 ) ;
#176 = VECTOR ( 'NONE', #629, 1000.000000000000000 ) ;
#177 = CARTESIAN_POINT ( 'NONE',  ( 346.8000000000000114, 10.00000000000000000, 4.000000000000000000 ) ) ;
#178 = CARTESIAN_POINT ( 'NONE',  ( 503.0343435439377231, 319.9999999999998863, 3.900000000000000355 ) ) ;
#179 = LINE ( 'NONE', #5834, #2782 ) ;
#180 = DIRECTION ( 'NONE',  ( 1.000000000000000000, 0.000000000000000000, 0.000000000000000000 ) ) ;
#181 = CARTESIAN_POINT ( 'NONE',  ( 255.0000000000000000, 170.0000000000000000, 0.000000000000000000 ) ) ;
#182 = CIRCLE ( 'NONE', #5250, 5.258247340840207507 ) ;
#183 = CYLINDRICAL_SURFACE ( 'NONE', #7890, 3.200000000000008171 ) ;
#184 = ORIENTED_EDGE ( 'NONE', *, *, #2582, .T. ) ;
#185 = ORIENTED_EDGE ( 'NONE', *, *, #1372, .F. ) ;
#186 = ORIENTED_EDGE ( 'NONE', *, *, #1120, .F. ) ;
#187 = PRESENTATION_LAYER_ASSIGNMENT (  '', '', ( #7966 ) ) ;
#188 = CARTESIAN_POINT ( 'NONE',  ( -6.697875610367079879E-31, 360.0000000000000000, 20.00000000000000000 ) ) ;
#189 = CYLINDRICAL_SURFACE ( 'NONE', #3218, 3.199999999999999734 ) ;
#190 = LINE ( 'NONE', #3410, #424 ) ;
#191 = LINE ( 'NONE', #930, #5869 ) ;
#192 = AXIS2_PLACEMENT_3D ( 'NONE', #763, #3289, #971 ) ;
#193 = CARTESIAN_POINT ( 'NONE',  ( 6.799999999999999822, 180.0000000000000000, 4.000000000000000000 ) ) ;
#194 = DIRECTION ( 'NONE',  ( 0.000000000000000000, 1.000000000000000000, 0.000000000000000000 ) ) ;
#195 = CARTESIAN_POINT ( 'NONE',  ( 330.0000000000000000, 520.0000000000000000, 12.00000000000000000 ) ) ;
#196 = ORIENTED_EDGE ( 'NONE', *, *, #6225, .F. ) ;
#197 = CARTESIAN_POINT ( 'NONE',  ( 10.00000000000000000, 500.0000000000000000, 4.000000000000000000 ) ) ;
#198 = ORIENTED_EDGE ( 'NONE', *, *, #8955, .T. ) ;
#199 = ORIENTED_EDGE ( 'NONE', *, *, #7591, .T. ) ;
#200 = EDGE_CURVE ( 'NONE', #9382, #1830, #8454, .T. ) ;
#201 = DIRECTION ( 'NONE',  ( 0.000000000000000000, 0.000000000000000000, 1.000000000000000000 ) ) ;
#202 = CARTESIAN_POINT ( 'NONE',  ( 503.1655858028320836, 160.4824528383904862, 4.792152622624683111 ) ) ;
#203 = CARTESIAN_POINT ( 'NONE',  ( 0.000000000000000000, 465.6999999999999886, 6.999999999999769962 ) ) ;
#204 = CARTESIAN_POINT ( 'NONE',  ( 20.00000000000000000, 510.0000000000000000, 0.000000000000000000 ) ) ;
#205 = DIRECTION ( 'NONE',  ( 1.000000000000000000, 0.000000000000000000, 0.000000000000000000 ) ) ;
#206 = EDGE_CURVE ( 'NONE', #2584, #175, #6833, .T. ) ;
#207 = CARTESIAN_POINT ( 'NONE',  ( 20.00000000000000000, 20.00000000000000000, 20.00000000000000000 ) ) ;
#208 = ORIENTED_EDGE ( 'NONE', *, *, #8316, .F. ) ;
#209 = LINE ( 'NONE', #159, #7745 ) ;
#210 = EDGE_CURVE ( 'NONE', #7615, #678, #6610, .T. ) ;
#211 = VERTEX_POINT ( 'NONE', #3320 ) ;
#212 = MANIFOLD_SOLID_BREP ( 'Bottom right corner[1]', #7332 ) ;
#213 = DIRECTION ( 'NONE',  ( 0.000000000000000000, -1.000000000000000000, 0.000000000000000000 ) ) ;
#214 = VERTEX_POINT ( 'NONE', #47 ) ;
#215 = DIRECTION ( 'NONE',  ( 0.000000000000000000, 0.000000000000000000, -1.000000000000000000 ) ) ;
#216 = PLANE ( 'NONE',  #3669 ) ;
#217 = CIRCLE ( 'NONE', #7151, 3.199999999999999734 ) ;
#218 = EDGE_CURVE ( 'NONE', #3469, #8865, #3029, .T. ) ;
#219 = EDGE_CURVE ( 'NONE', #2756, #5635, #9302, .T. ) ;
#220 = CYLINDRICAL_SURFACE ( 'NONE', #1111, 3.199999999999980638 ) ;
#221 = FACE_OUTER_BOUND ( 'NONE', #2873, .T. ) ;
#222 = ORIENTED_EDGE ( 'NONE', *, *, #2795, .T. ) ;
#223 = ORIENTED_EDGE ( 'NONE', *, *, #7650, .F. ) ;
#224 = CARTESIAN_POINT ( 'NONE',  ( 0.000000000000000000, 100.6999999999970044, 13.00000000000000000 ) ) ;
#225 = ADVANCED_FACE ( 'NONE', ( #4430, #4475 ), #6916, .F. ) ;
#226 = ORIENTED_EDGE ( 'NONE', *, *, #9251, .T. ) ;
#227 = ORIENTED_EDGE ( 'NONE', *, *, #8962, .T. ) ;
#228 = VECTOR ( 'NONE', #3524, 1000.000000000000000 ) ;
#229 = DIRECTION ( 'NONE',  ( 0.000000000000000000, 1.000000000000000000, 5.010031699572010192E-16 ) ) ;
#230 = DIRECTION ( 'NONE',  ( 0.000000000000000000, 0.000000000000000000, -1.000000000000000000 ) ) ;
#231 = MANIFOLD_SOLID_BREP ( 'Top[1]', #8673 ) ;
#232 = ORIENTED_EDGE ( 'NONE', *, *, #5758, .T. ) ;
#233 = DIRECTION ( 'NONE',  ( 0.000000000000000000, 0.3746065934159142907, -0.9271838545667865361 ) ) ;
#234 = LINE ( 'NONE', #3453, #1595 ) ;
#235 = PRESENTATION_LAYER_ASSIGNMENT (  '', '', ( #8853 ) ) ;
#236 = DIRECTION ( 'NONE',  ( -1.340646671245470025E-16, 1.000000000000000000, 0.000000000000000000 ) ) ;
#237 = ORIENTED_EDGE ( 'NONE', *, *, #9568, .F. ) ;
#238 = VERTEX_POINT ( 'NONE', #8498 ) ;
#239 = VERTEX_POINT ( 'NONE', #5963 ) ;
#240 = FACE_OUTER_BOUND ( 'NONE', #4640, .T. ) ;
#241 = CARTESIAN_POINT ( 'NONE',  ( 10.00000000000000000, 370.0000000000000000, 20.00000000000000000 ) ) ;
#242 = FACE_BOUND ( 'NONE', #8473, .T. ) ;
#243 = DIRECTION ( 'NONE',  ( 0.000000000000000000, 1.000000000000000000, 0.000000000000000000 ) ) ;
#244 = CARTESIAN_POINT ( 'NONE',  ( 503.0359596853934931, 368.9885906918237310, 4.000000000000000000 ) ) ;
#245 = LINE ( 'NONE', #2719, #5619 ) ;
#246 = ORIENTED_EDGE ( 'NONE', *, *, #9986, .T. ) ;
#247 = DIRECTION ( 'NONE',  ( -1.000000000000000000, 0.000000000000000000, 0.000000000000000000 ) ) ;
#248 = EDGE_LOOP ( 'NONE', ( #6108, #9467, #9824, #7001, #3368 ) ) ;
#249 = ORIENTED_EDGE ( 'NONE', *, *, #5825, .F. ) ;
#250 = FACE_OUTER_BOUND ( 'NONE', #345, .T. ) ;
#252 = AXIS2_PLACEMENT_3D ( 'NONE', #3724, #6211, #6908 ) ;
#251 = PLANE ( 'NONE',  #8436 ) ;
#253 = CARTESIAN_POINT ( 'NONE',  ( 510.0000000000000000, 9.860761315262649319E-31, 20.00000000000000000 ) ) ;
#254 = FACE_OUTER_BOUND ( 'NONE', #4904, .T. ) ;
#255 = EDGE_CURVE ( 'NONE', #3017, #7471, #5122, .T. ) ;
#256 = LINE ( 'NONE', #3377, #10055 ) ;
#257 = CIRCLE ( 'NONE', #10209, 11.04749932529648504 ) ;
#258 = ORIENTED_EDGE ( 'NONE', *, *, #5386, .F. ) ;
#259 = AXIS2_PLACEMENT_3D ( 'NONE', #2168, #8437, #10314 ) ;
#260 = LINE ( 'NONE', #8309, #6567 ) ;
#261 = VECTOR ( 'NONE', #8467, 1000.000000000000000 ) ;
#262 = ORIENTED_EDGE ( 'NONE', *, *, #10423, .T. ) ;
#263 = ADVANCED_FACE ( 'NONE', ( #364 ), #7609, .F. ) ;
#264 = CARTESIAN_POINT ( 'NONE',  ( 490.0000000000000000, 20.00000000000000000, 20.00000000000000000 ) ) ;
#265 = ORIENTED_EDGE ( 'NONE', *, *, #6134, .F. ) ;
#266 = DIRECTION ( 'NONE',  ( 0.000000000000000000, 0.000000000000000000, 1.000000000000000000 ) ) ;
#267 = CARTESIAN_POINT ( 'NONE',  ( 0.000000000000000000, 54.80000000000000426, 13.00000000000000000 ) ) ;
#268 = VECTOR ( 'NONE', #1106, 1000.000000000000114 ) ;
#269 = VECTOR ( 'NONE', #3466, 1000.000000000000000 ) ;
#270 = ADVANCED_FACE ( 'NONE', ( #6814 ), #2875, .F. ) ;
#271 = DIRECTION ( 'NONE',  ( 1.000000000000000000, 0.000000000000000000, 0.000000000000000000 ) ) ;
#272 = CIRCLE ( 'NONE', #3135, 1.749999999999973799 ) ;
#273 = PRODUCT_DEFINITION_CONTEXT ( 'detailed design', #9023, 'design' ) ;
#274 = CARTESIAN_POINT ( 'NONE',  ( 353.2198557289443670, 529.9999999999997726, 5.539305502001156789 ) ) ;
#275 = VERTEX_POINT ( 'NONE', #2084 ) ;
#276 = ORIENTED_EDGE ( 'NONE', *, *, #7709, .T. ) ;
#277 = VECTOR ( 'NONE', #5693, 1000.000000000000000 ) ;
#278 = ORIENTED_EDGE ( 'NONE', *, *, #7592, .T. ) ;
#279 = ADVANCED_FACE ( 'NONE', ( #1150 ), #9243, .F. ) ;
#280 = EDGE_CURVE ( 'NONE', #6500, #2391, #509, .T. ) ;
#281 = EDGE_CURVE ( 'NONE', #5282, #3457, #1990, .T. ) ;
#282 = ORIENTED_EDGE ( 'NONE', *, *, #2074, .F. ) ;
#283 = DIRECTION ( 'NONE',  ( -1.000000000000000000, -9.141548937118559889E-49, -1.492928237510310014E-32 ) ) ;
#284 = DIRECTION ( 'NONE',  ( 1.000000000000000000, 0.000000000000000000, 0.000000000000000000 ) ) ;
#285 = ADVANCED_FACE ( 'NONE', ( #6765 ), #1200, .F. ) ;
#286 = ORIENTED_EDGE ( 'NONE', *, *, #7193, .F. ) ;
#287 = FACE_OUTER_BOUND ( 'NONE', #7809, .T. ) ;
#288 = CARTESIAN_POINT ( 'NONE',  ( 170.0000000000000000, 511.6000000000000796, 5.000000000000000000 ) ) ;
#289 = VECTOR ( 'NONE', #9432, 1000.000000000000000 ) ;
#290 = FACE_OUTER_BOUND ( 'NONE', #9201, .T. ) ;
#291 = ORIENTED_EDGE ( 'NONE', *, *, #9778, .T. ) ;
#292 = AXIS2_PLACEMENT_3D ( 'NONE', #5104, #8430, #7539 ) ;
#293 = CIRCLE ( 'NONE', #450, 3.199999999999980638 ) ;
#294 = EDGE_LOOP ( 'NONE', ( #5868, #8448, #8041, #6387 ) ) ;
#295 = EDGE_CURVE ( 'NONE', #346, #2598, #9979, .T. ) ;
#296 = ORIENTED_EDGE ( 'NONE', *, *, #5903, .T. ) ;
#297 = CARTESIAN_POINT ( 'NONE',  ( -8.199316059690968700E-31, 440.6999999999999886, 6.499999999999450218 ) ) ;
#298 = DIRECTION ( 'NONE',  ( 0.000000000000000000, 0.000000000000000000, -1.000000000000000000 ) ) ;
#299 = EDGE_CURVE ( 'NONE', #3380, #6059, #9002, .T. ) ;
#300 = DIRECTION ( 'NONE',  ( -1.000000000000000000, 0.000000000000000000, 0.000000000000000000 ) ) ;
#301 = VECTOR ( 'NONE', #3194, 1000.000000000000000 ) ;
#302 = DIRECTION ( 'NONE',  ( 0.000000000000000000, 1.000000000000000000, -6.123233995736799316E-17 ) ) ;
#303 = FACE_OUTER_BOUND ( 'NONE', #5702, .T. ) ;
#304 = CARTESIAN_POINT ( 'NONE',  ( 510.0000000000000000, 251.3000000000000114, 10.00000000000000000 ) ) ;
#305 = ORIENTED_EDGE ( 'NONE', *, *, #4647, .F. ) ;
#306 = AXIS2_PLACEMENT_3D ( 'NONE', #922, #8919, #5530 ) ;
#307 = LINE ( 'NONE', #7346, #228 ) ;
#308 = VECTOR ( 'NONE', #1949, 1000.000000000000000 ) ;
#309 = ORIENTED_EDGE ( 'NONE', *, *, #7133, .F. ) ;
#310 = VERTEX_POINT ( 'NONE', #5172 ) ;
#311 = AXIS2_PLACEMENT_3D ( 'NONE', #1894, #5132, #7415 ) ;
#312 = FACE_OUTER_BOUND ( 'NONE', #2897, .T. ) ;
#313 = DIRECTION ( 'NONE',  ( 0.000000000000000000, 0.000000000000000000, 1.000000000000000000 ) ) ;
#314 = CARTESIAN_POINT ( 'NONE',  ( 506.4999999999999432, 248.9500000000000455, 10.00000000000000000 ) ) ;
#315 = CARTESIAN_POINT ( 'NONE',  ( 20.00000000000000000, 510.0000000000000000, 0.000000000000000000 ) ) ;
#316 = CARTESIAN_POINT ( 'NONE',  ( 503.0000000000000000, 246.2999999999999829, 13.00000000000000000 ) ) ;
#317 = DIRECTION ( 'NONE',  ( 0.000000000000000000, -1.000000000000000000, 0.000000000000000000 ) ) ;
#318 = ORIENTED_EDGE ( 'NONE', *, *, #9913, .F. ) ;
#319 = DIRECTION ( 'NONE',  ( 0.000000000000000000, 0.000000000000000000, 1.000000000000000000 ) ) ;
#320 = ORIENTED_EDGE ( 'NONE', *, *, #10089, .T. ) ;
#321 = AXIS2_PLACEMENT_3D ( 'NONE', #1345, #4580, #6390 ) ;
#322 = CARTESIAN_POINT ( 'NONE',  ( 340.0000000000000000, 20.00000000000000000, 0.000000000000000000 ) ) ;
#323 = ORIENTED_EDGE ( 'NONE', *, *, #7643, .T. ) ;
#324 = LINE ( 'NONE', #8361, #4835 ) ;
#325 = DIRECTION ( 'NONE',  ( 0.000000000000000000, 0.000000000000000000, 1.000000000000000000 ) ) ;
#326 = EDGE_CURVE ( 'NONE', #4018, #2909, #9330, .T. ) ;
#327 = EDGE_CURVE ( 'NONE', #10187, #3496, #217, .T. ) ;
#328 = CYLINDRICAL_SURFACE ( 'NONE', #8543, 1.750000000000029310 ) ;
#329 = CARTESIAN_POINT ( 'NONE',  ( 352.6538097506045233, 530.0000000000001137, 4.348889230813862028 ) ) ;
#330 = ORIENTED_EDGE ( 'NONE', *, *, #9054, .T. ) ;
#331 = ORIENTED_EDGE ( 'NONE', *, *, #2851, .T. ) ;
#332 = CARTESIAN_POINT ( 'NONE',  ( 368.2389550140385381, 523.2298202377402276, 9.900000000000009237 ) ) ;
#333 = VERTEX_POINT ( 'NONE', #8707 ) ;
#334 = EDGE_CURVE ( 'NONE', #4513, #9008, #1223, .T. ) ;
#335 = VERTEX_POINT ( 'NONE', #1508 ) ;
#336 = DIRECTION ( 'NONE',  ( 0.7071067811865470176, 4.373602238147609743E-16, 0.7071067811865480168 ) ) ;
#337 = CIRCLE ( 'NONE', #7602, 3.199999999999980638 ) ;
#338 = ORIENTED_EDGE ( 'NONE', *, *, #8823, .T. ) ;
#339 = EDGE_CURVE ( 'NONE', #8360, #9252, #8820, .T. ) ;
#340 = DIRECTION ( 'NONE',  ( 0.000000000000000000, 0.000000000000000000, -1.000000000000000000 ) ) ;
#341 = DIRECTION ( 'NONE',  ( 1.000000000000000000, 0.000000000000000000, 0.000000000000000000 ) ) ;
#342 = DIRECTION ( 'NONE',  ( 0.000000000000000000, -1.000000000000000000, 0.000000000000000000 ) ) ;
#343 = ORIENTED_EDGE ( 'NONE', *, *, #8426, .F. ) ;
#344 = AXIS2_PLACEMENT_3D ( 'NONE', #1007, #7463, #1104 ) ;
#345 = EDGE_LOOP ( 'NONE', ( #7802, #429 ) ) ;
#347 = EDGE_CURVE ( 'NONE', #1609, #9382, #775, .T. ) ;
#346 = VERTEX_POINT ( 'NONE', #1561 ) ;
#348 = CARTESIAN_POINT ( 'NONE',  ( 506.4999999999999432, 278.6999999999999886, 10.00000000000000000 ) ) ;
#349 = DIRECTION ( 'NONE',  ( 1.000000000000000000, 0.000000000000000000, 0.000000000000000000 ) ) ;
#350 = EDGE_CURVE ( 'NONE', #9545, #5106, #5537, .T. ) ;
#351 = CARTESIAN_POINT ( 'NONE',  ( 378.5908075695795105, 12.97412125320329679, 6.433224273564971550E-16 ) ) ;
#352 = AXIS2_PLACEMENT_3D ( 'NONE', #8987, #9673, #2421 ) ;
#353 = EDGE_CURVE ( 'NONE', #162, #9155, #5591, .T. ) ;
#354 = EDGE_CURVE ( 'NONE', #3768, #8599, #3146, .T. ) ;
#355 = CARTESIAN_POINT ( 'NONE',  ( 18.19999999999999929, 363.0000000000000000, 15.65441558772840125 ) ) ;
#356 = CARTESIAN_POINT ( 'NONE',  ( 7.000000000000000000, 70.00000000000000000, 10.00000000000000000 ) ) ;
#357 = FACE_BOUND ( 'NONE', #549, .T. ) ;
#358 = VERTEX_POINT ( 'NONE', #4007 ) ;
#359 = DIRECTION ( 'NONE',  ( 0.000000000000000000, -1.000000000000000000, 4.809630431589130061E-16 ) ) ;
#360 = VERTEX_POINT ( 'NONE', #3845 ) ;
#361 = VERTEX_POINT ( 'NONE', #10176 ) ;
#362 = EDGE_CURVE ( 'NONE', #9786, #1383, #10270, .T. ) ;
#363 = DIRECTION ( 'NONE',  ( 0.000000000000000000, -0.7071067811865475727, 0.7071067811865475727 ) ) ;
#364 = FACE_OUTER_BOUND ( 'NONE', #2465, .T. ) ;
#365 = VECTOR ( 'NONE', #8018, 1000.000000000000000 ) ;
#366 = DIRECTION ( 'NONE',  ( 0.000000000000000000, 0.000000000000000000, -1.000000000000000000 ) ) ;
#367 = LINE ( 'NONE', #315, #4169 ) ;
#368 = DIRECTION ( 'NONE',  ( 0.000000000000000000, 1.000000000000000000, 0.000000000000000000 ) ) ;
#369 = DIRECTION ( 'NONE',  ( 0.000000000000000000, -1.000000000000000000, 1.184237892934239998E-14 ) ) ;
#370 = ORIENTED_EDGE ( 'NONE', *, *, #3884, .F. ) ;
#371 = CARTESIAN_POINT ( 'NONE',  ( 8.250000000000000000, 370.0000000000000000, 0.000000000000000000 ) ) ;
#372 = VERTEX_POINT ( 'NONE', #10284 ) ;
#373 = PLANE ( 'NONE',  #2361 ) ;
#374 = ORIENTED_EDGE ( 'NONE', *, *, #5897, .T. ) ;
#375 = LINE ( 'NONE', #4595, #8112 ) ;
#376 = CARTESIAN_POINT ( 'NONE',  ( 340.0000000000000000, 70.44705627484769650, 68.18431457505079152 ) ) ;
#377 = DIRECTION ( 'NONE',  ( -0.6295709663777131482, 0.7769429826533170713, 0.000000000000000000 ) ) ;
#378 = DIRECTION ( 'NONE',  ( -1.000000000000000000, -1.860521002879739963E-33, 0.000000000000000000 ) ) ;
#379 = CARTESIAN_POINT ( 'NONE',  ( 0.000000000000000000, 97.35000000000000853, 10.00000000000000000 ) ) ;
#380 = CARTESIAN_POINT ( 'NONE',  ( 352.6216600295172725, 530.0000000000000000, 3.900000000000000355 ) ) ;
#381 = DIRECTION ( 'NONE',  ( 0.000000000000000000, -1.000000000000000000, 0.000000000000000000 ) ) ;
#382 = ORIENTED_EDGE ( 'NONE', *, *, #9145, .F. ) ;
#383 = EDGE_LOOP ( 'NONE', ( #5883, #3809 ) ) ;
#384 = LINE ( 'NONE', #2702, #1704 ) ;
#385 = VERTEX_POINT ( 'NONE', #2246 ) ;
#386 = AXIS2_PLACEMENT_3D ( 'NONE', #9030, #1528, #9770 ) ;
#387 = EDGE_CURVE ( 'NONE', #8664, #1846, #3866, .T. ) ;
#388 = FACE_OUTER_BOUND ( 'NONE', #9744, .T. ) ;
#389 = DIRECTION ( 'NONE',  ( 1.000000000000000000, 0.000000000000000000, 0.000000000000000000 ) ) ;
#390 = DIRECTION ( 'NONE',  ( 0.000000000000000000, 0.000000000000000000, -1.000000000000000000 ) ) ;
#391 = VERTEX_POINT ( 'NONE', #5480 ) ;
#392 = VECTOR ( 'NONE', #1724, 1000.000000000000000 ) ;
#393 = ORIENTED_EDGE ( 'NONE', *, *, #9792, .F. ) ;
#394 = ORIENTED_EDGE ( 'NONE', *, *, #4413, .T. ) ;
#395 = EDGE_CURVE ( 'NONE', #3960, #6745, #7585, .T. ) ;
#396 = CARTESIAN_POINT ( 'NONE',  ( 497.8278992884585250, 520.3215739125539585, 3.900000000000000355 ) ) ;
#397 = DIRECTION ( 'NONE',  ( 1.000000000000000000, 0.000000000000000000, -6.123233995736799316E-17 ) ) ;
#398 = AXIS2_PLACEMENT_3D ( 'NONE', #2949, #3705, #1267 ) ;
#399 = FACE_BOUND ( 'NONE', #3774, .T. ) ;
#400 = FACE_OUTER_BOUND ( 'NONE', #7112, .T. ) ;
#401 = EDGE_CURVE ( 'NONE', #385, #1941, #7867, .T. ) ;
#402 = CARTESIAN_POINT ( 'NONE',  ( 490.0000000000000000, 510.0000000000000000, 20.00000000000000000 ) ) ;
#403 = VERTEX_POINT ( 'NONE', #5427 ) ;
#404 = ORIENTED_EDGE ( 'NONE', *, *, #8104, .F. ) ;
#405 = ORIENTED_EDGE ( 'NONE', *, *, #3387, .F. ) ;
#406 = EDGE_CURVE ( 'NONE', #9117, #10385, #3003, .T. ) ;
#407 = EDGE_CURVE ( 'NONE', #1635, #3237, #7929, .T. ) ;
#408 = DIRECTION ( 'NONE',  ( -0.000000000000000000, 1.000000000000000000, 0.000000000000000000 ) ) ;
#409 = DIRECTION ( 'NONE',  ( 0.000000000000000000, 0.000000000000000000, -1.000000000000000000 ) ) ;
#410 = DIRECTION ( 'NONE',  ( 0.000000000000000000, 0.000000000000000000, -1.000000000000000000 ) ) ;
#411 = CARTESIAN_POINT ( 'NONE',  ( 3.500000000000000000, 70.00000000000000000, 10.00000000000000000 ) ) ;
#412 = CARTESIAN_POINT ( 'NONE',  ( 510.0000000000000000, 253.6500000000000341, 10.00000000000000000 ) ) ;
#413 = CARTESIAN_POINT ( 'NONE',  ( 255.0000000000000000, 515.5081397412454862, 9.591240053883804961 ) ) ;
#414 = ADVANCED_FACE ( 'NONE', ( #3951 ), #7813, .T. ) ;
#415 = VERTEX_POINT ( 'NONE', #3785 ) ;
#416 = DIRECTION ( 'NONE',  ( 0.000000000000000000, 0.000000000000000000, -1.000000000000000000 ) ) ;
#417 = ORIENTED_EDGE ( 'NONE', *, *, #8286, .T. ) ;
#418 = DIRECTION ( 'NONE',  ( 0.000000000000000000, 1.000000000000000000, 0.000000000000000000 ) ) ;
#419 = ORIENTED_EDGE ( 'NONE', *, *, #11, .F. ) ;
#420 = DIRECTION ( 'NONE',  ( 1.000000000000000000, 0.000000000000000000, 0.000000000000000000 ) ) ;
#421 = DIRECTION ( 'NONE',  ( 0.000000000000000000, 0.000000000000000000, -1.000000000000000000 ) ) ;
#422 = DIRECTION ( 'NONE',  ( -8.616220720400398660E-16, -1.000000000000000000, 0.000000000000000000 ) ) ;
#423 = FACE_OUTER_BOUND ( 'NONE', #5949, .T. ) ;
#424 = VECTOR ( 'NONE', #6645, 1000.000000000000000 ) ;
#425 = LINE ( 'NONE', #1318, #8898 ) ;
#426 = DIRECTION ( 'NONE',  ( 1.000000000000000000, 0.000000000000000000, 0.000000000000000000 ) ) ;
#427 = DIRECTION ( 'NONE',  ( 0.000000000000000000, 1.000000000000000000, 0.000000000000000000 ) ) ;
#428 = ORIENTED_EDGE ( 'NONE', *, *, #401, .T. ) ;
#429 = ORIENTED_EDGE ( 'NONE', *, *, #10089, .F. ) ;
#430 = AXIS2_PLACEMENT_3D ( 'NONE', #7292, #35, #880 ) ;
#431 = VECTOR ( 'NONE', #5381, 1000.000000000000000 ) ;
#432 = PLANE ( 'NONE',  #2987 ) ;
#433 = AXIS2_PLACEMENT_3D ( 'NONE', #2009, #8417, #5398 ) ;
#434 = EDGE_LOOP ( 'NONE', ( #3795, #7433, #9931, #625 ) ) ;
#435 = CARTESIAN_POINT ( 'NONE',  ( 503.0518280484815818, 29.03578077741316932, 4.246911954959457169 ) ) ;
#436 = LINE ( 'NONE', #8526, #5899 ) ;
#437 = VECTOR ( 'NONE', #3163, 1000.000000000000000 ) ;
#438 = AXIS2_PLACEMENT_3D ( 'NONE', #9028, #7442, #6648 ) ;
#439 = LINE ( 'NONE', #3767, #4312 ) ;
#440 = VERTEX_POINT ( 'NONE', #9606 ) ;
#441 = ORIENTED_EDGE ( 'NONE', *, *, #7913, .T. ) ;
#442 = ORIENTED_EDGE ( 'NONE', *, *, #1225, .F. ) ;
#443 = EDGE_CURVE ( 'NONE', #1429, #6039, #2506, .T. ) ;
#444 = CIRCLE ( 'NONE', #1794, 1.750000000000029310 ) ;
#445 = DIRECTION ( 'NONE',  ( 0.000000000000000000, -0.000000000000000000, 1.000000000000000000 ) ) ;
#446 = FACE_OUTER_BOUND ( 'NONE', #7059, .T. ) ;
#447 = CARTESIAN_POINT ( 'NONE',  ( 20.00000000000000000, 20.00000000000000000, 0.000000000000000000 ) ) ;
#448 = CARTESIAN_POINT ( 'NONE',  ( 67.61599025766960835, 363.0000000000000000, 65.07040584539809913 ) ) ;
#449 = CIRCLE ( 'NONE', #292, 12.92922760661767256 ) ;
#450 = AXIS2_PLACEMENT_3D ( 'NONE', #3037, #9498, #3359 ) ;
#451 = CARTESIAN_POINT ( 'NONE',  ( 503.0400135753998256, 159.0007593030161104, 4.125383928642104792 ) ) ;
#452 = ADVANCED_FACE ( 'NONE', ( #615 ), #6274, .T. ) ;
#453 = EDGE_LOOP ( 'NONE', ( #5609, #249 ) ) ;
#454 = VERTEX_POINT ( 'NONE', #10448 ) ;
#455 = ORIENTED_EDGE ( 'NONE', *, *, #9771, .F. ) ;
#456 = EDGE_CURVE ( 'NONE', #4752, #10026, #5007, .T. ) ;
#457 = CARTESIAN_POINT ( 'NONE',  ( 0.000000000000000000, 465.6999999999999886, 6.999999999996290079 ) ) ;
#458 = SURFACE_SIDE_STYLE ('',( #1092 ) ) ;
#459 = AXIS2_PLACEMENT_3D ( 'NONE', #4572, #2969, #5998 ) ;
#460 = DIRECTION ( 'NONE',  ( 1.000000000000000000, 0.000000000000000000, 0.000000000000000000 ) ) ;
#461 = CARTESIAN_POINT ( 'NONE',  ( 505.0000000000001137, 265.8977449711318854, 6.738058857188993223 ) ) ;
#462 = LINE ( 'NONE', #3582, #9244 ) ;
#463 = LINE ( 'NONE', #1351, #431 ) ;
#464 = DIRECTION ( 'NONE',  ( 4.646700954747960067E-49, -1.000000000000000000, 7.588638549471020099E-33 ) ) ;
#465 = ADVANCED_FACE ( 'NONE', ( #3254 ), #4906, .F. ) ;
#466 = VECTOR ( 'NONE', #4826, 1000.000000000000000 ) ;
#467 = EDGE_LOOP ( 'NONE', ( #6783, #5424 ) ) ;
#468 = CARTESIAN_POINT ( 'NONE',  ( 505.9504488601119760, 360.0000000000001137, 6.905607482338455227 ) ) ;
#469 = ORIENTED_EDGE ( 'NONE', *, *, #5512, .T. ) ;
#470 = DIRECTION ( 'NONE',  ( 0.000000000000000000, -1.000000000000000000, 5.010031699572010192E-16 ) ) ;
#471 = ORIENTED_EDGE ( 'NONE', *, *, #903, .T. ) ;
#472 = EDGE_CURVE ( 'NONE', #10362, #2404, #9661, .T. ) ;
#473 = VECTOR ( 'NONE', #5656, 1000.000000000000000 ) ;
#474 = FACE_OUTER_BOUND ( 'NONE', #4308, .T. ) ;
#475 = CARTESIAN_POINT ( 'NONE',  ( 378.5908075695791695, 12.97412125320274257, 3.900000000000000355 ) ) ;
#476 = DIRECTION ( 'NONE',  ( 0.000000000000000000, -1.000000000000000000, -1.480297366166879989E-15 ) ) ;
#477 = FACE_OUTER_BOUND ( 'NONE', #1906, .T. ) ;
#478 = ADVANCED_FACE ( 'NONE', ( #9707 ), #6494, .T. ) ;
#479 = EDGE_CURVE ( 'NONE', #1429, #3190, #4956, .T. ) ;
#480 = EDGE_CURVE ( 'NONE', #6836, #6416, #9431, .T. ) ;
#481 = CARTESIAN_POINT ( 'NONE',  ( 498.2500000000000000, 30.00000000000000000, 4.000000000000000000 ) ) ;
#482 = ORIENTED_EDGE ( 'NONE', *, *, #6688, .T. ) ;
#483 = CARTESIAN_POINT ( 'NONE',  ( 503.5229250797699478, 170.0000000000000568, 5.574525765440906611 ) ) ;
#484 = LINE ( 'NONE', #9469, #9346 ) ;
#485 = EDGE_LOOP ( 'NONE', ( #2308, #1640, #3113, #1583 ) ) ;
#486 = CARTESIAN_POINT ( 'NONE',  ( 496.8000000000000114, 500.0000000000000000, 4.000000000000000000 ) ) ;
#487 = EDGE_CURVE ( 'NONE', #5508, #1597, #5692, .T. ) ;
#488 = VERTEX_POINT ( 'NONE', #4113 ) ;
#489 = FACE_OUTER_BOUND ( 'NONE', #4491, .T. ) ;
#490 = AXIS2_PLACEMENT_3D ( 'NONE', #7053, #1275, #8113 ) ;
#491 = ORIENTED_EDGE ( 'NONE', *, *, #3043, .F. ) ;
#492 = LINE ( 'NONE', #3554, #1257 ) ;
#493 = CARTESIAN_POINT ( 'NONE',  ( 330.0000000000000000, 520.0000000000000000, 0.000000000000000000 ) ) ;
#494 = DIRECTION ( 'NONE',  ( 1.000000000000000000, 0.000000000000000000, 0.000000000000000000 ) ) ;
#495 = ORIENTED_EDGE ( 'NONE', *, *, #7583, .F. ) ;
#496 = VERTEX_POINT ( 'NONE', #2406 ) ;
#497 = VERTEX_POINT ( 'NONE', #4158 ) ;
#498 = VECTOR ( 'NONE', #1469, 1000.000000000000000 ) ;
#499 = LINE ( 'NONE', #1236, #7895 ) ;
#500 = DIRECTION ( 'NONE',  ( -1.000000000000000000, 0.000000000000000000, 0.000000000000000000 ) ) ;
#501 = CARTESIAN_POINT ( 'NONE',  ( 295.0000000000000568, 531.0209190234521657, 17.47661183350446379 ) ) ;
#502 = CARTESIAN_POINT ( 'NONE',  ( 503.1923588499977882, 499.7500068335045853, 4.876419079304521453 ) ) ;
#503 = AXIS2_PLACEMENT_3D ( 'NONE', #1048, #3477, #1678 ) ;
#504 = PLANE ( 'NONE',  #7480 ) ;
#505 = EDGE_LOOP ( 'NONE', ( #3842, #6528, #9301, #3282, #6665, #3156, #8287 ) ) ;
#506 = ORIENTED_EDGE ( 'NONE', *, *, #5891, .T. ) ;
#507 = EDGE_LOOP ( 'NONE', ( #227, #5490 ) ) ;
#508 = CARTESIAN_POINT ( 'NONE',  ( 491.8000000000000114, 360.0000000000000000, -1.316185818765109959E-14 ) ) ;
#509 = LINE ( 'NONE', #4327, #6639 ) ;
#510 = AXIS2_PLACEMENT_3D ( 'NONE', #4326, #8251, #1149 ) ;
#511 = CARTESIAN_POINT ( 'NONE',  ( 255.0000000000000000, 531.5828289135762361, 16.08583605165395269 ) ) ;
#512 = DIRECTION ( 'NONE',  ( 0.000000000000000000, -6.123233995736769734E-17, -1.000000000000000000 ) ) ;
#513 = CIRCLE ( 'NONE', #9635, 2.350000000000004974 ) ;
#514 = CARTESIAN_POINT ( 'NONE',  ( 11.75000000000000000, 350.0000000000000000, 10.00000000000000000 ) ) ;
#515 = CARTESIAN_POINT ( 'NONE',  ( 161.7500000000000000, 10.00000000000000000, 0.000000000000000000 ) ) ;
#516 = LINE ( 'NONE', #7931, #10325 ) ;
#517 = EDGE_CURVE ( 'NONE', #9641, #953, #7391, .T. ) ;
#518 = EDGE_LOOP ( 'NONE', ( #1270, #8565, #4686, #6191 ) ) ;
#519 = CARTESIAN_POINT ( 'NONE',  ( 507.8942299243901743, 360.0000000000000000, 6.131506775748126081 ) ) ;
#520 = ORIENTED_EDGE ( 'NONE', *, *, #362, .T. ) ;
#521 = ORIENTED_EDGE ( 'NONE', *, *, #6812, .T. ) ;
#522 = VECTOR ( 'NONE', #4052, 1000.000000000000000 ) ;
#523 = VERTEX_POINT ( 'NONE', #8926 ) ;
#524 = LINE ( 'NONE', #4703, #3891 ) ;
#525 = VERTEX_POINT ( 'NONE', #2559 ) ;
#526 = CARTESIAN_POINT ( 'NONE',  ( 6.500000000000000000, 82.49999999999839417, 10.00000000000000000 ) ) ;
#527 = EDGE_CURVE ( 'NONE', #817, #9614, #9814, .T. ) ;
#528 = CARTESIAN_POINT ( 'NONE',  ( 350.0000000000000000, 520.0000000000000000, 0.000000000000000000 ) ) ;
#529 = LINE ( 'NONE', #9306, #3334 ) ;
#530 = DIRECTION ( 'NONE',  ( 1.000000000000000000, 0.000000000000000000, 0.000000000000000000 ) ) ;
#531 = CYLINDRICAL_SURFACE ( 'NONE', #4490, 1.749999999999999778 ) ;
#532 = ADVANCED_FACE ( 'NONE', ( #7438 ), #189, .F. ) ;
#533 = CYLINDRICAL_SURFACE ( 'NONE', #4649, 2.350000000000018741 ) ;
#534 = CARTESIAN_POINT ( 'NONE',  ( 0.000000000000000000, 475.1999999999999886, 6.999999999999779732 ) ) ;
#535 = ORIENTED_EDGE ( 'NONE', *, *, #4753, .T. ) ;
#536 = DIRECTION ( 'NONE',  ( 0.000000000000000000, -1.000000000000000000, 0.000000000000000000 ) ) ;
#537 = ORIENTED_EDGE ( 'NONE', *, *, #6147, .T. ) ;
#538 = EDGE_CURVE ( 'NONE', #3610, #5847, #6546, .T. ) ;
#539 = DIRECTION ( 'NONE',  ( 1.000000000000000000, 0.000000000000000000, 0.000000000000000000 ) ) ;
#540 = ADVANCED_FACE ( 'NONE', ( #80 ), #8869, .T. ) ;
#541 = CARTESIAN_POINT ( 'NONE',  ( 0.000000000000000000, 89.30000000000350724, 7.000000000003700151 ) ) ;
#542 = ORIENTED_EDGE ( 'NONE', *, *, #1893, .T. ) ;
#543 = DIRECTION ( 'NONE',  ( 1.000000000000000000, 0.000000000000000000, 0.000000000000000000 ) ) ;
#544 = DIRECTION ( 'NONE',  ( -1.000000000000000000, 0.000000000000000000, 0.000000000000000000 ) ) ;
#545 = EDGE_CURVE ( 'NONE', #9313, #3962, #4063, .T. ) ;
#546 = CARTESIAN_POINT ( 'NONE',  ( 503.0359596853934931, 265.4005116316708381, 3.999999999999999112 ) ) ;
#547 = B_SPLINE_CURVE_WITH_KNOTS ( 'NONE', 3,
 ( #556, #6910, #1290, #2187, #2132, #10277, #9543, #10332, #1339, #8649 ),
 .UNSPECIFIED., .F., .F.,
 ( 4, 2, 2, 2, 4 ),
 ( 0.000000000000000000, 0.0003727061576384837474, 0.0007454123152769674947, 0.001118118472915451134, 0.001490824630553934989 ),
 .UNSPECIFIED. ) ;
#548 = ORIENTED_EDGE ( 'NONE', *, *, #7957, .F. ) ;
#549 = EDGE_LOOP ( 'NONE', ( #4033, #9031 ) ) ;
#550 = ORIENTED_EDGE ( 'NONE', *, *, #4455, .T. ) ;
#551 = CIRCLE ( 'NONE', #6118, 2.350000000000018741 ) ;
#552 = CARTESIAN_POINT ( 'NONE',  ( 340.0000000000000000, 265.0000000000000000, 0.000000000000000000 ) ) ;
#553 = DIRECTION ( 'NONE',  ( 0.000000000000000000, -1.000000000000000000, -4.809630431589130061E-16 ) ) ;
#554 = DIRECTION ( 'NONE',  ( -1.000000000000000000, -2.786442101020000197E-16, -4.607900012717279919E-17 ) ) ;
#555 = DIRECTION ( 'NONE',  ( 1.000000000000000000, 0.000000000000000000, 0.000000000000000000 ) ) ;
#556 = CARTESIAN_POINT ( 'NONE',  ( 503.0359596853934931, 501.0114093081759847, 4.000000000000001776 ) ) ;
#557 = ORIENTED_EDGE ( 'NONE', *, *, #4587, .T. ) ;
#558 = ORIENTED_EDGE ( 'NONE', *, *, #5911, .T. ) ;
#559 = EDGE_LOOP ( 'NONE', ( #6443, #8643 ) ) ;
#560 = DIRECTION ( 'NONE',  ( 0.000000000000000000, 0.000000000000000000, -1.000000000000000000 ) ) ;
#561 = CARTESIAN_POINT ( 'NONE',  ( 340.0000000000000000, 527.4544155877280218, -8.881784197001249168E-15 ) ) ;
#562 = CLOSED_SHELL ( 'NONE', ( #5689, #8828, #4039, #5919, #6680, #1357, #7064, #8822, #3890, #1754, #5467, #7055, #7468, #7270, #10271, #1250, #7329, #7018, #1254, #3971, #5574, #2906, #3609, #4609, #1995, #7529, #465, #9762, #285, #263, #7518, #8246, #4416, #3416, #5521, #2895, #5499, #7317, #5317, #23, #7436, #139, #9659, #5021, #5522, #7259, #8548, #3810, #2324, #6763, #9445, #916, #1293 ) ) ;
#563 = CARTESIAN_POINT ( 'NONE',  ( 350.0000000000000000, 520.0000000000000000, 12.00000000000000000 ) ) ;
#564 = CARTESIAN_POINT ( 'NONE',  ( 255.0000000000000000, 360.0000000000000000, 0.000000000000000000 ) ) ;
#565 = DIRECTION ( 'NONE',  ( 1.000000000000000000, 0.000000000000000000, 0.000000000000000000 ) ) ;
#566 = CARTESIAN_POINT ( 'NONE',  ( 348.2500000000000000, 10.00000000000000000, 0.000000000000000000 ) ) ;
#567 = ORIENTED_EDGE ( 'NONE', *, *, #10011, .F. ) ;
#568 = CARTESIAN_POINT ( 'NONE',  ( 506.6582515695022835, 360.0000000000000000, 6.813478375203417592 ) ) ;
#569 = ORIENTED_EDGE ( 'NONE', *, *, #4395, .F. ) ;
#570 = VERTEX_POINT ( 'NONE', #7493 ) ;
#571 = ORIENTED_EDGE ( 'NONE', *, *, #818, .F. ) ;
#572 = CARTESIAN_POINT ( 'NONE',  ( 156.7999999999999829, 520.0000000000000000, 4.000000000000000000 ) ) ;
#573 = LINE ( 'NONE', #630, #3054 ) ;
#574 = FACE_BOUND ( 'NONE', #8132, .T. ) ;
#575 = DIRECTION ( 'NONE',  ( 2.010970006868209845E-16, -1.000000000000000000, 0.000000000000000000 ) ) ;
#576 = EDGE_CURVE ( 'NONE', #454, #488, #513, .T. ) ;
#577 = FACE_OUTER_BOUND ( 'NONE', #2952, .T. ) ;
#578 = CARTESIAN_POINT ( 'NONE',  ( 350.0000000000000000, 10.00000000000000000, 10.00000000000000000 ) ) ;
#579 = FACE_OUTER_BOUND ( 'NONE', #904, .T. ) ;
#580 = CARTESIAN_POINT ( 'NONE',  ( 508.5136805968407430, 170.0000000000001421, 5.314076917426344693 ) ) ;
#581 = EDGE_CURVE ( 'NONE', #5465, #8936, #6854, .T. ) ;
#582 = ORIENTED_EDGE ( 'NONE', *, *, #1069, .F. ) ;
#583 = LINE ( 'NONE', #5351, #5234 ) ;
#584 = ORIENTED_EDGE ( 'NONE', *, *, #1060, .F. ) ;
#585 = DIRECTION ( 'NONE',  ( -0.8009974764863319052, 0.5986677230839562158, 0.000000000000000000 ) ) ;
#586 = EDGE_CURVE ( 'NONE', #8229, #6806, #1861, .T. ) ;
#587 = CARTESIAN_POINT ( 'NONE',  ( 376.2165816590306235, 6.481468999400085806, 3.900000000000000799 ) ) ;
#588 = EDGE_LOOP ( 'NONE', ( #1278, #756, #1245, #7878 ) ) ;
#589 = LINE ( 'NONE', #8687, #161 ) ;
#590 = DIRECTION ( 'NONE',  ( 1.000000000000000000, 0.000000000000000000, 0.000000000000000000 ) ) ;
#591 = DIRECTION ( 'NONE',  ( 4.646700954747960067E-49, -1.000000000000000000, 7.588638549471020099E-33 ) ) ;
#592 = CIRCLE ( 'NONE', #1603, 1.749999999999999778 ) ;
#593 = ORIENTED_EDGE ( 'NONE', *, *, #8955, .F. ) ;
#594 = ORIENTED_EDGE ( 'NONE', *, *, #5208, .F. ) ;
#595 = CARTESIAN_POINT ( 'NONE',  ( 330.0000000000000000, 520.0000000000000000, 12.00000000000000000 ) ) ;
#596 = VECTOR ( 'NONE', #6992, 1000.000000000000000 ) ;
#597 = ORIENTED_EDGE ( 'NONE', *, *, #480, .F. ) ;
#598 = AXIS2_PLACEMENT_3D ( 'NONE', #5734, #8225, #6485 ) ;
#599 = ORIENTED_EDGE ( 'NONE', *, *, #3895, .F. ) ;
#600 = EDGE_CURVE ( 'NONE', #358, #93, #1020, .T. ) ;
#601 = EDGE_CURVE ( 'NONE', #4672, #9643, #9185, .T. ) ;
#602 = CARTESIAN_POINT ( 'NONE',  ( 176.7999999999999829, 520.0000000000000000, 4.000000000000000000 ) ) ;
#603 = CARTESIAN_POINT ( 'NONE',  ( 170.0000000000000000, 18.19999999999999929, 15.65441558772840125 ) ) ;
#604 = AXIS2_PLACEMENT_3D ( 'NONE', #5655, #5606, #9038 ) ;
#605 = VECTOR ( 'NONE', #2362, 1000.000000000000000 ) ;
#606 = CARTESIAN_POINT ( 'NONE',  ( 503.0343435439377231, 511.4706066773345583, 9.900000000000007461 ) ) ;
#607 = CARTESIAN_POINT ( 'NONE',  ( 503.1999999999999886, 500.0000000000001137, 4.898046116018326401 ) ) ;
#608 = PLANE ( 'NONE',  #3076 ) ;
#609 = ADVANCED_FACE ( 'NONE', ( #9925 ), #6055, .T. ) ;
#610 = EDGE_LOOP ( 'NONE', ( #8003, #9680 ) ) ;
#611 = ORIENTED_EDGE ( 'NONE', *, *, #7412, .T. ) ;
#612 = ORIENTED_EDGE ( 'NONE', *, *, #1736, .F. ) ;
#613 = VECTOR ( 'NONE', #5429, 1000.000000000000000 ) ;
#614 = FACE_OUTER_BOUND ( 'NONE', #6553, .T. ) ;
#616 = EDGE_CURVE ( 'NONE', #2802, #4944, #7647, .T. ) ;
#615 = FACE_OUTER_BOUND ( 'NONE', #9366, .T. ) ;
#617 = CARTESIAN_POINT ( 'NONE',  ( 508.8508361943100340, 20.80215158257098196, 3.899999999999999911 ) ) ;
#618 = AXIS2_PLACEMENT_3D ( 'NONE', #5737, #8815, #9020 ) ;
#619 = CARTESIAN_POINT ( 'NONE',  ( 180.0000000000000000, 10.00000000000000000, 0.000000000000000000 ) ) ;
#620 = DIRECTION ( 'NONE',  ( 0.000000000000000000, -0.9271838545667859810, -0.3746065934159159005 ) ) ;
#621 = CARTESIAN_POINT ( 'NONE',  ( 508.8508361943100340, 20.80215158257098196, 3.899999999999999911 ) ) ;
#622 = VECTOR ( 'NONE', #4354, 1000.000000000000000 ) ;
#623 = EDGE_LOOP ( 'NONE', ( #4711, #5415, #471, #6312 ) ) ;
#624 = CARTESIAN_POINT ( 'NONE',  ( 343.0000000000000000, 18.19999999999999929, -1.110223024625159854E-14 ) ) ;
#625 = ORIENTED_EDGE ( 'NONE', *, *, #6079, .F. ) ;
#626 = ORIENTED_EDGE ( 'NONE', *, *, #1620, .F. ) ;
#627 = VECTOR ( 'NONE', #6869, 1000.000000000000000 ) ;
#628 = ORIENTED_EDGE ( 'NONE', *, *, #4455, .F. ) ;
#629 = DIRECTION ( 'NONE',  ( -0.7071067811865480168, -1.537334076897189899E-16, 0.7071067811865470176 ) ) ;
#630 = CARTESIAN_POINT ( 'NONE',  ( 212.5000000000000000, 511.6000000000000796, 0.000000000000000000 ) ) ;
#631 = PLANE ( 'NONE',  #102 ) ;
#632 = CARTESIAN_POINT ( 'NONE',  ( 503.0359596853934931, 501.0114093081759847, 4.000000000000001776 ) ) ;
#633 = CIRCLE ( 'NONE', #4872, 3.199999999999980638 ) ;
#634 = CARTESIAN_POINT ( 'NONE',  ( 363.0018050113110348, 526.4288566782358885, 3.900000000000000799 ) ) ;
#635 = PLANE ( 'NONE',  #10394 ) ;
#636 = CARTESIAN_POINT ( 'NONE',  ( 503.1189405172681290, 166.0000000000000000, 4.618317782934355797 ) ) ;
#637 = AXIS2_PLACEMENT_3D ( 'NONE', #7920, #7068, #2034 ) ;
#638 = ORIENTED_EDGE ( 'NONE', *, *, #1441, .T. ) ;
#639 = VECTOR ( 'NONE', #5289, 1000.000000000000000 ) ;
#640 = CARTESIAN_POINT ( 'NONE',  ( 503.0000000000000000, 235.8000000000000114, 13.00000000000000000 ) ) ;
#641 = ORIENTED_EDGE ( 'NONE', *, *, #2223, .F. ) ;
#642 = CARTESIAN_POINT ( 'NONE',  ( 348.2500000000000000, 520.0000000000000000, 0.000000000000000000 ) ) ;
#643 = CARTESIAN_POINT ( 'NONE',  ( 490.0000000000000000, 510.0000000000000000, 0.000000000000000000 ) ) ;
#644 = EDGE_CURVE ( 'NONE', #3115, #2341, #5164, .T. ) ;
#645 = EDGE_LOOP ( 'NONE', ( #2427, #10419, #1544, #7755 ) ) ;
#646 = CARTESIAN_POINT ( 'NONE',  ( 0.000000000000000000, 0.000000000000000000, 20.00000000000000000 ) ) ;
#647 = DIRECTION ( 'NONE',  ( 0.000000000000000000, 0.000000000000000000, 1.000000000000000000 ) ) ;
#648 = CARTESIAN_POINT ( 'NONE',  ( 503.0343435439377231, 340.0000000000000000, 0.000000000000000000 ) ) ;
#650 = ORIENTED_EDGE ( 'NONE', *, *, #538, .F. ) ;
#649 = EDGE_CURVE ( 'NONE', #9403, #3961, #8391, .T. ) ;
#651 = ORIENTED_EDGE ( 'NONE', *, *, #7140, .F. ) ;
#652 = CARTESIAN_POINT ( 'NONE',  ( 510.0000000000000000, 278.6999999999999886, 10.00000000000000000 ) ) ;
#653 = ORIENTED_EDGE ( 'NONE', *, *, #9954, .T. ) ;
#654 = EDGE_LOOP ( 'NONE', ( #1464, #10123, #7988 ) ) ;
#655 = AXIS2_PLACEMENT_3D ( 'NONE', #4743, #9496, #5377 ) ;
#656 = B_SPLINE_CURVE_WITH_KNOTS ( 'NONE', 3,
 ( #2590, #5141, #1114, #9056, #580, #8575, #6186, #4654, #3704, #4602, #4498, #8517, #6890, #3807, #9356, #6244, #5448, #8627, #10049, #7835, #9310, #7733, #7042, #1418, #483, #10250, #5245, #6937, #10149, #7891 ),
 .UNSPECIFIED., .F., .F.,
 ( 4, 2, 2, 2, 2, 2, 2, 2, 2, 2, 2, 2, 2, 2, 4 ),
 ( 0.000000000000000000, 0.001094153590368826144, 0.001641230385553297004, 0.002188307180737767647, 0.002735383975922238940, 0.003282460771106708933, 0.003829537566291179793, 0.004376614361475649785, 0.004923691156660120645, 0.005470767951844591505, 0.006564921542213214035, 0.007111998337397525301, 0.007659075132581836566, 0.008206151927766146964, 0.008753228722950458229 ),
 .UNSPECIFIED. ) ;
#657 = DIRECTION ( 'NONE',  ( -1.000000000000000000, -2.010970006868209845E-16, 6.123233995736769734E-17 ) ) ;
#658 = ADVANCED_FACE ( 'NONE', ( #400 ), #9088, .F. ) ;
#659 = FACE_OUTER_BOUND ( 'NONE', #5035, .T. ) ;
#660 = CARTESIAN_POINT ( 'NONE',  ( 503.4656444225167320, 514.5204711104547641, 9.900000000000005684 ) ) ;
#661 = DIRECTION ( 'NONE',  ( 0.000000000000000000, 0.000000000000000000, -1.000000000000000000 ) ) ;
#662 = LINE ( 'NONE', #7753, #7818 ) ;
#663 = ORIENTED_EDGE ( 'NONE', *, *, #3242, .F. ) ;
#664 = EDGE_CURVE ( 'NONE', #6086, #4411, #5218, .T. ) ;
#665 = ORIENTED_EDGE ( 'NONE', *, *, #77, .F. ) ;
#666 = DIRECTION ( 'NONE',  ( 0.000000000000000000, 0.000000000000000000, -1.000000000000000000 ) ) ;
#667 = CARTESIAN_POINT ( 'NONE',  ( 503.1999999999999886, 180.0000000000000000, 12.00000000000000000 ) ) ;
#668 = DIRECTION ( 'NONE',  ( 1.000000000000000000, 0.000000000000000000, 0.000000000000000000 ) ) ;
#669 = ADVANCED_FACE ( 'NONE', ( #3413 ), #1828, .F. ) ;
#670 = ADVANCED_FACE ( 'NONE', ( #303 ), #5064, .F. ) ;
#671 = CARTESIAN_POINT ( 'NONE',  ( 503.0000000000000000, 294.2000000000000455, 13.00000000000000000 ) ) ;
#672 = AXIS2_PLACEMENT_3D ( 'NONE', #2899, #9471, #1322 ) ;
#673 = DIRECTION ( 'NONE',  ( 1.000000000000000000, 0.000000000000000000, 0.000000000000000000 ) ) ;
#674 = FACE_OUTER_BOUND ( 'NONE', #1834, .T. ) ;
#675 = EDGE_LOOP ( 'NONE', ( #7156, #2151, #2234, #3154, #10313, #7275, #6525 ) ) ;
#676 = EDGE_CURVE ( 'NONE', #4173, #6737, #8293, .T. ) ;
#677 = CARTESIAN_POINT ( 'NONE',  ( 255.0000000000000000, 170.0000000000000000, 10.00000000000000000 ) ) ;
#678 = VERTEX_POINT ( 'NONE', #8341 ) ;
#679 = ORIENTED_EDGE ( 'NONE', *, *, #3228, .F. ) ;
#680 = VECTOR ( 'NONE', #8833, 1000.000000000000000 ) ;
#681 = VERTEX_POINT ( 'NONE', #244 ) ;
#682 = DIRECTION ( 'NONE',  ( 0.000000000000000000, 0.000000000000000000, -1.000000000000000000 ) ) ;
#683 = CARTESIAN_POINT ( 'NONE',  ( 0.000000000000000000, 454.3000000000059799, 12.99999999999979927 ) ) ;
#684 = DIRECTION ( 'NONE',  ( 0.05694668521242793324, -0.9983772208155176076, 0.000000000000000000 ) ) ;
#685 = CARTESIAN_POINT ( 'NONE',  ( 170.0000000000000000, 265.0000000000000000, 0.000000000000000000 ) ) ;
#686 = DIRECTION ( 'NONE',  ( -1.000000000000000000, 0.000000000000000000, 0.000000000000000000 ) ) ;
#687 = LINE ( 'NONE', #3918, #1770 ) ;
#688 = VECTOR ( 'NONE', #6111, 1000.000000000000000 ) ;
#689 = DIRECTION ( 'NONE',  ( 1.000000000000000000, 0.000000000000000000, 0.000000000000000000 ) ) ;
#690 = CARTESIAN_POINT ( 'NONE',  ( 180.0000000000000000, 10.00000000000000000, 4.000000000000000000 ) ) ;
#691 = PRESENTATION_STYLE_ASSIGNMENT (( #4768 ) ) ;
#692 = VECTOR ( 'NONE', #5023, 1000.000000000000000 ) ;
#693 = ORIENTED_EDGE ( 'NONE', *, *, #350, .T. ) ;
#694 = DIRECTION ( 'NONE',  ( -2.010970006868209845E-16, 1.000000000000000000, 0.000000000000000000 ) ) ;
#695 = ORIENTED_EDGE ( 'NONE', *, *, #8277, .F. ) ;
#696 = CARTESIAN_POINT ( 'NONE',  ( 503.0343435439377231, 19.32959827346325454, 3.900000000000000355 ) ) ;
#697 = PLANE ( 'NONE',  #9250 ) ;
#698 = AXIS2_PLACEMENT_3D ( 'NONE', #6635, #9853, #1021 ) ;
#699 = ORIENTED_EDGE ( 'NONE', *, *, #4213, .T. ) ;
#700 = CARTESIAN_POINT ( 'NONE',  ( 490.0000000000000000, 20.00000000000000000, 0.000000000000000000 ) ) ;
#701 = LINE ( 'NONE', #4042, #5679 ) ;
#702 = CARTESIAN_POINT ( 'NONE',  ( 505.0709886274497080, 170.0000000000001705, 6.767954657804184926 ) ) ;
#703 = VERTEX_POINT ( 'NONE', #1879 ) ;
#704 = EDGE_LOOP ( 'NONE', ( #3384, #8714, #9748, #8133 ) ) ;
#705 = FACE_OUTER_BOUND ( 'NONE', #1789, .T. ) ;
#706 = VERTEX_POINT ( 'NONE', #5907 ) ;
#707 = VERTEX_POINT ( 'NONE', #7601 ) ;
#708 = DIRECTION ( 'NONE',  ( 0.000000000000000000, -1.000000000000000000, 0.000000000000000000 ) ) ;
#709 = LINE ( 'NONE', #4784, #7225 ) ;
#710 = ADVANCED_FACE ( 'NONE', ( #6803 ), #1085, .F. ) ;
#711 = DIRECTION ( 'NONE',  ( -1.000000000000000000, 6.123233995736789455E-17, 0.000000000000000000 ) ) ;
#712 = CARTESIAN_POINT ( 'NONE',  ( 508.4195353157311956, 519.4002469287073609, 9.900000000000009237 ) ) ;
#713 = CARTESIAN_POINT ( 'NONE',  ( 503.2000000000001023, 179.8757655191676577, 4.898046116018517360 ) ) ;
#714 = CARTESIAN_POINT ( 'NONE',  ( 3.500000000000000000, 435.0000000000000000, 10.00000000000189893 ) ) ;
#715 = EDGE_LOOP ( 'NONE', ( #1404, #1974, #4059, #1176 ) ) ;
#716 = ORIENTED_EDGE ( 'NONE', *, *, #1574, .F. ) ;
#717 = EDGE_CURVE ( 'NONE', #9775, #5477, #6003, .T. ) ;
#718 = DIRECTION ( 'NONE',  ( 0.000000000000000000, 0.000000000000000000, 1.000000000000000000 ) ) ;
#719 = DIRECTION ( 'NONE',  ( 0.000000000000000000, 0.000000000000000000, -1.000000000000000000 ) ) ;
#720 = VECTOR ( 'NONE', #8450, 1000.000000000000000 ) ;
#721 = CARTESIAN_POINT ( 'NONE',  ( 500.0000000000000000, 500.0000000000000000, 4.000000000000000000 ) ) ;
#722 = EDGE_CURVE ( 'NONE', #1326, #9034, #7697, .T. ) ;
#723 = CARTESIAN_POINT ( 'NONE',  ( 215.0000000000000284, 530.0000000000000000, 13.82852954554268088 ) ) ;
#724 = LINE ( 'NONE', #8033, #1951 ) ;
#725 = DIRECTION ( 'NONE',  ( 0.000000000000000000, 0.000000000000000000, -1.000000000000000000 ) ) ;
#726 = EDGE_LOOP ( 'NONE', ( #6720, #2700, #1593, #4822, #5914, #1030 ) ) ;
#727 = CARTESIAN_POINT ( 'NONE',  ( 0.000000000000000000, 70.00000000000000000, 10.00000000000000000 ) ) ;
#728 = ORIENTED_EDGE ( 'NONE', *, *, #9131, .F. ) ;
#729 = EDGE_CURVE ( 'NONE', #7267, #9670, #4232, .T. ) ;
#730 = ORIENTED_EDGE ( 'NONE', *, *, #4601, .T. ) ;
#731 = ADVANCED_FACE ( 'NONE', ( #10331 ), #8700, .F. ) ;
#732 = EDGE_CURVE ( 'NONE', #3010, #6581, #10119, .T. ) ;
#733 = AXIS2_PLACEMENT_3D ( 'NONE', #727, #3959, #4802 ) ;
#734 = ORIENTED_EDGE ( 'NONE', *, *, #4357, .T. ) ;
#735 = CARTESIAN_POINT ( 'NONE',  ( 170.0000000000000000, 265.0000000000000000, 0.000000000000000000 ) ) ;
#736 = CARTESIAN_POINT ( 'NONE',  ( 500.0000000000000000, 180.0000000000000000, 0.000000000000000000 ) ) ;
#737 = DIRECTION ( 'NONE',  ( 0.000000000000000000, 0.000000000000000000, -1.000000000000000000 ) ) ;
#738 = CARTESIAN_POINT ( 'NONE',  ( 500.0000000000000000, 30.00000000000000000, 20.00000000000000000 ) ) ;
#739 = CARTESIAN_POINT ( 'NONE',  ( 2.545584412271550079, 170.0000000000000000, 6.927324534990640061E-16 ) ) ;
#740 = ADVANCED_FACE ( 'NONE', ( #9284 ), #2971, .T. ) ;
#741 = LINE ( 'NONE', #7997, #3465 ) ;
#742 = VECTOR ( 'NONE', #7628, 1000.000000000000000 ) ;
#743 = LINE ( 'NONE', #3972, #1061 ) ;
#744 = VERTEX_POINT ( 'NONE', #10275 ) ;
#745 = PLANE ( 'NONE',  #3177 ) ;
#746 = ADVANCED_FACE ( 'NONE', ( #8492, #5270, #2128, #4466, #3673, #3024 ), #2918, .T. ) ;
#747 = CARTESIAN_POINT ( 'NONE',  ( 490.0000000000000000, 360.0000000000000000, 5.000000000000000000 ) ) ;
#748 = ORIENTED_EDGE ( 'NONE', *, *, #2596, .F. ) ;
#749 = CARTESIAN_POINT ( 'NONE',  ( 170.0000000000000000, 18.39999999999999858, 16.13725830020299767 ) ) ;
#750 = VERTEX_POINT ( 'NONE', #2077 ) ;
#751 = DIRECTION ( 'NONE',  ( 0.000000000000000000, 0.000000000000000000, 1.000000000000000000 ) ) ;
#752 = DIRECTION ( 'NONE',  ( 1.000000000000000000, 0.000000000000000000, 0.000000000000000000 ) ) ;
#753 = FACE_OUTER_BOUND ( 'NONE', #645, .T. ) ;
#754 = CARTESIAN_POINT ( 'NONE',  ( -5.440163412420369592E-31, 292.3999999999999773, 6.999999999999860556 ) ) ;
#755 = CARTESIAN_POINT ( 'NONE',  ( 357.4565711115951672, 529.9999999999998863, 6.775299132785225886 ) ) ;
#756 = ORIENTED_EDGE ( 'NONE', *, *, #2266, .F. ) ;
#757 = EDGE_LOOP ( 'NONE', ( #5043, #7499, #7357, #6795 ) ) ;
#758 = VECTOR ( 'NONE', #9173, 1000.000000000000000 ) ;
#759 = CARTESIAN_POINT ( 'NONE',  ( 354.8127422048050335, -1.485832065214743272E-15, 4.464981001437824837 ) ) ;
#760 = ORIENTED_EDGE ( 'NONE', *, *, #6886, .T. ) ;
#761 = ORIENTED_EDGE ( 'NONE', *, *, #9526, .T. ) ;
#762 = CIRCLE ( 'NONE', #6154, 1.750000000000001554 ) ;
#763 = CARTESIAN_POINT ( 'NONE',  ( 350.0000000000000000, 10.00000000000000000, 10.00000000000000000 ) ) ;
#764 = DIRECTION ( 'NONE',  ( 0.000000000000000000, 0.000000000000000000, -1.000000000000000000 ) ) ;
#765 = CARTESIAN_POINT ( 'NONE',  ( 3.500000000000000000, 462.3500000000000227, 10.00000000000000000 ) ) ;
#766 = CARTESIAN_POINT ( 'NONE',  ( 350.0707572047410281, -9.725217186426116101, 3.899999999999999911 ) ) ;
#767 = DIRECTION ( 'NONE',  ( 0.000000000000000000, 1.000000000000000000, 0.000000000000000000 ) ) ;
#768 = VECTOR ( 'NONE', #5848, 1000.000000000000000 ) ;
#769 = VECTOR ( 'NONE', #5242, 1000.000000000000000 ) ;
#770 = CARTESIAN_POINT ( 'NONE',  ( 6.799999999999999822, 350.0000000000000000, 20.00000000000000000 ) ) ;
#771 = EDGE_LOOP ( 'NONE', ( #4990, #4288, #2676, #2581, #10008 ) ) ;
#772 = ORIENTED_EDGE ( 'NONE', *, *, #5388, .F. ) ;
#773 = EDGE_CURVE ( 'NONE', #5422, #1055, #6958, .T. ) ;
#774 = DIRECTION ( 'NONE',  ( 1.000000000000000000, 1.933482610835809801E-33, 0.000000000000000000 ) ) ;
#775 = LINE ( 'NONE', #10388, #1562 ) ;
#776 = AXIS2_PLACEMENT_3D ( 'NONE', #9793, #215, #5721 ) ;
#777 = CIRCLE ( 'NONE', #6693, 3.200000000000008171 ) ;
#778 = PLANE ( 'NONE',  #5857 ) ;
#779 = CARTESIAN_POINT ( 'NONE',  ( 490.0000000000000000, 360.0000000000000000, 5.000000000000000000 ) ) ;
#780 = ADVANCED_FACE ( 'NONE', ( #9489 ), #5475, .F. ) ;
#781 = DIRECTION ( 'NONE',  ( 0.000000000000000000, 0.000000000000000000, -1.000000000000000000 ) ) ;
#782 = DIRECTION ( 'NONE',  ( 0.000000000000000000, 0.000000000000000000, -1.000000000000000000 ) ) ;
#783 = AXIS2_PLACEMENT_3D ( 'NONE', #1110, #1064, #4292 ) ;
#784 = EDGE_LOOP ( 'NONE', ( #761, #820 ) ) ;
#785 = VECTOR ( 'NONE', #1457, 1000.000000000000000 ) ;
#786 = LINE ( 'NONE', #838, #3770 ) ;
#787 = ORIENTED_EDGE ( 'NONE', *, *, #3585, .T. ) ;
#788 = EDGE_LOOP ( 'NONE', ( #9508, #6860, #10434, #4791, #3277, #8250, #9904, #5994, #1067, #6336, #9188, #5623, #4003, #3458 ) ) ;
#789 = ADVANCED_FACE ( 'NONE', ( #10170, #4681 ), #9380, .F. ) ;
#790 = ORIENTED_EDGE ( 'NONE', *, *, #5259, .T. ) ;
#791 = CARTESIAN_POINT ( 'NONE',  ( 503.0359596853934931, 371.0114093081760416, 3.999999999999999112 ) ) ;
#792 = FACE_BOUND ( 'NONE', #3100, .T. ) ;
#793 = DIRECTION ( 'NONE',  ( -0.8499569182760007280, -0.5268521966118807631, 0.000000000000000000 ) ) ;
#794 = DIRECTION ( 'NONE',  ( -0.1032664630633652186, -0.9946537274883067159, 0.000000000000000000 ) ) ;
#795 = DIRECTION ( 'NONE',  ( 0.000000000000000000, 0.000000000000000000, -1.000000000000000000 ) ) ;
#796 = AXIS2_PLACEMENT_3D ( 'NONE', #7708, #5279, #8501 ) ;
#797 = DIRECTION ( 'NONE',  ( -6.123233995736769734E-17, -7.588638549471020099E-33, -1.000000000000000000 ) ) ;
#798 = VECTOR ( 'NONE', #6739, 1000.000000000000000 ) ;
#799 = ORIENTED_EDGE ( 'NONE', *, *, #6147, .F. ) ;
#800 = VECTOR ( 'NONE', #3069, 1000.000000000000000 ) ;
#801 = CIRCLE ( 'NONE', #4505, 2.999999999999975575 ) ;
#802 = CARTESIAN_POINT ( 'NONE',  ( 180.0000000000000000, 520.0000000000000000, 0.000000000000000000 ) ) ;
#803 = ADVANCED_FACE ( 'NONE', ( #9436 ), #1287, .F. ) ;
#804 = VERTEX_POINT ( 'NONE', #7752 ) ;
#805 = CARTESIAN_POINT ( 'NONE',  ( 340.0000000000000000, 451.4843145750510303, 76.25294372515230634 ) ) ;
#806 = EDGE_LOOP ( 'NONE', ( #7756, #8818 ) ) ;
#807 = CARTESIAN_POINT ( 'NONE',  ( 255.0000000000000000, 515.5081397412454862, 9.591240053883812067 ) ) ;
#808 = ADVANCED_FACE ( 'NONE', ( #5370 ), #4574, .F. ) ;
#809 = CARTESIAN_POINT ( 'NONE',  ( 255.0000000000000000, 265.0000000000000000, 0.000000000000000000 ) ) ;
#810 = ADVANCED_FACE ( 'NONE', ( #8761 ), #8175, .F. ) ;
#811 = EDGE_CURVE ( 'NONE', #360, #1388, #4150, .T. ) ;
#812 = PLANE ( 'NONE',  #106 ) ;
#813 = AXIS2_PLACEMENT_3D ( 'NONE', #1450, #661, #3889 ) ;
#814 = VECTOR ( 'NONE', #2842, 1000.000000000000000 ) ;
#815 = CARTESIAN_POINT ( 'NONE',  ( 20.00000000000000000, 340.0000000000000000, 20.00000000000000000 ) ) ;
#816 = ORIENTED_EDGE ( 'NONE', *, *, #4050, .F. ) ;
#817 = VERTEX_POINT ( 'NONE', #7286 ) ;
#818 = EDGE_CURVE ( 'NONE', #8864, #3536, #10443, .T. ) ;
#819 = LINE ( 'NONE', #4096, #10348 ) ;
#820 = ORIENTED_EDGE ( 'NONE', *, *, #4892, .T. ) ;
#821 = ORIENTED_EDGE ( 'NONE', *, *, #6697, .T. ) ;
#822 = CARTESIAN_POINT ( 'NONE',  ( 490.0000000000000000, 510.0000000000000000, 20.00000000000000000 ) ) ;
#823 = DIRECTION ( 'NONE',  ( 1.000000000000000000, 0.000000000000000000, 0.000000000000000000 ) ) ;
#824 = LINE ( 'NONE', #4054, #10425 ) ;
#825 = CARTESIAN_POINT ( 'NONE',  ( 0.000000000000000000, 440.6999999999999886, 7.000000000003820055 ) ) ;
#826 = FACE_BOUND ( 'NONE', #654, .T. ) ;
#827 = DIRECTION ( 'NONE',  ( 0.000000000000000000, -1.000000000000000000, 0.000000000000000000 ) ) ;
#828 = ORIENTED_EDGE ( 'NONE', *, *, #37, .F. ) ;
#829 = VERTEX_POINT ( 'NONE', #3197 ) ;
#830 = LINE ( 'NONE', #8925, #1100 ) ;
#831 = DIRECTION ( 'NONE',  ( 0.000000000000000000, -6.123233995736769734E-17, -1.000000000000000000 ) ) ;
#832 = DIRECTION ( 'NONE',  ( -1.000000000000000000, 0.000000000000000000, 0.000000000000000000 ) ) ;
#833 = LINE ( 'NONE', #1564, #8731 ) ;
#834 = DIRECTION ( 'NONE',  ( 0.000000000000000000, 0.000000000000000000, -1.000000000000000000 ) ) ;
#835 = CARTESIAN_POINT ( 'NONE',  ( 252.0000000000000568, 530.0000000000000000, 13.82852954554264713 ) ) ;
#836 = AXIS2_PLACEMENT_3D ( 'NONE', #10158, #3822, #9368 ) ;
#837 = ORIENTED_EDGE ( 'NONE', *, *, #8129, .F. ) ;
#838 = CARTESIAN_POINT ( 'NONE',  ( 503.0343435439377231, 19.32959827346325454, 6.433224273564971550E-16 ) ) ;
#839 = EDGE_LOOP ( 'NONE', ( #864, #2028, #7117, #1881 ) ) ;
#840 = ORIENTED_EDGE ( 'NONE', *, *, #848, .T. ) ;
#841 = ORIENTED_EDGE ( 'NONE', *, *, #6293, .F. ) ;
#842 = CARTESIAN_POINT ( 'NONE',  ( 503.1059760767808484, 369.2242244629529182, 4.566979016684105552 ) ) ;
#843 = CARTESIAN_POINT ( 'NONE',  ( 503.2000000000001023, 350.0000000000000568, 4.898046116018448970 ) ) ;
#844 = VECTOR ( 'NONE', #8510, 1000.000000000000000 ) ;
#845 = PLANE ( 'NONE',  #7428 ) ;
#846 = PLANE ( 'NONE',  #4324 ) ;
#847 = FACE_BOUND ( 'NONE', #8636, .T. ) ;
#848 = EDGE_CURVE ( 'NONE', #7533, #6458, #1659, .T. ) ;
#849 = CARTESIAN_POINT ( 'NONE',  ( 507.9753241728761850, 359.9999999999999432, 6.053576733282847400 ) ) ;
#850 = ORIENTED_EDGE ( 'NONE', *, *, #6754, .T. ) ;
#851 = VECTOR ( 'NONE', #9150, 1000.000000000000000 ) ;
#852 = DIRECTION ( 'NONE',  ( 0.000000000000000000, -6.123233995736769734E-17, -1.000000000000000000 ) ) ;
#853 = EDGE_LOOP ( 'NONE', ( #1194, #5404, #5806, #9835 ) ) ;
#854 = EDGE_CURVE ( 'NONE', #9094, #1725, #3504, .T. ) ;
#855 = DIRECTION ( 'NONE',  ( 0.05694668521243683584, -0.9983772208155170524, 0.000000000000000000 ) ) ;
#856 = VERTEX_POINT ( 'NONE', #9654 ) ;
#857 = CARTESIAN_POINT ( 'NONE',  ( 350.0000000000000000, 520.0000000000000000, 10.00000000000000000 ) ) ;
#858 = DIRECTION ( 'NONE',  ( 1.000000000000000000, 0.000000000000000000, 0.000000000000000000 ) ) ;
#859 = VECTOR ( 'NONE', #4429, 1000.000000000000000 ) ;
#860 = EDGE_CURVE ( 'NONE', #4261, #8307, #4000, .T. ) ;
#861 = CARTESIAN_POINT ( 'NONE',  ( 510.0000000000000000, 256.2999999999999545, 3.500000000000000000 ) ) ;
#862 = CARTESIAN_POINT ( 'NONE',  ( 505.9504488601119760, 170.0000000000001421, 6.905607482338451675 ) ) ;
#863 = EDGE_LOOP ( 'NONE', ( #3678, #10346, #5166, #2135 ) ) ;
#864 = ORIENTED_EDGE ( 'NONE', *, *, #4991, .F. ) ;
#865 = CARTESIAN_POINT ( 'NONE',  ( 356.3917822661537116, -4.283403432406784991E-13, 6.059750655978504597 ) ) ;
#866 = VERTEX_POINT ( 'NONE', #8862 ) ;
#867 = EDGE_CURVE ( 'NONE', #2341, #6170, #5736, .T. ) ;
#868 = ADVANCED_FACE ( 'NONE', ( #7972 ), #4736, .F. ) ;
#869 = EDGE_LOOP ( 'NONE', ( #282, #6641, #8984 ) ) ;
#870 = VECTOR ( 'NONE', #9594, 1000.000000000000114 ) ;
#871 = DIRECTION ( 'NONE',  ( 0.000000000000000000, 0.000000000000000000, -1.000000000000000000 ) ) ;
#872 = DIRECTION ( 'NONE',  ( 0.000000000000000000, 1.000000000000000000, 0.000000000000000000 ) ) ;
#873 = DIRECTION ( 'NONE',  ( 1.000000000000000000, 0.000000000000000000, 0.000000000000000000 ) ) ;
#874 = EDGE_CURVE ( 'NONE', #9252, #1638, #3209, .T. ) ;
#875 = CARTESIAN_POINT ( 'NONE',  ( 503.0343435439377231, 19.32959827346331139, 3.900000000000000355 ) ) ;
#876 = DIRECTION ( 'NONE',  ( 0.000000000000000000, 0.000000000000000000, -1.000000000000000000 ) ) ;
#877 = DIRECTION ( 'NONE',  ( -6.123233995736769734E-17, -7.588638549471020099E-33, -1.000000000000000000 ) ) ;
#878 = EDGE_LOOP ( 'NONE', ( #8482, #6926, #5352, #4322 ) ) ;
#879 = ORIENTED_EDGE ( 'NONE', *, *, #3908, .T. ) ;
#880 = DIRECTION ( 'NONE',  ( 0.000000000000000000, -1.000000000000000000, 0.000000000000000000 ) ) ;
#881 = CARTESIAN_POINT ( 'NONE',  ( 161.7500000000000000, 520.0000000000000000, 10.00000000000000000 ) ) ;
#882 = LINE ( 'NONE', #3204, #2961 ) ;
#883 = CARTESIAN_POINT ( 'NONE',  ( 491.8000000000000114, 360.0000000000000000, 15.65441558772840125 ) ) ;
#884 = CARTESIAN_POINT ( 'NONE',  ( 160.0000000000000000, 10.00000000000000000, 10.00000000000000000 ) ) ;
#885 = DIRECTION ( 'NONE',  ( 1.000000000000000000, 0.000000000000000000, 0.000000000000000000 ) ) ;
#886 =( BOUNDED_CURVE ( )  B_SPLINE_CURVE ( 3, ( #4911, #835, #4166, #7298 ),
 .UNSPECIFIED., .F., .F. ) 
 B_SPLINE_CURVE_WITH_KNOTS ( ( 4, 4 ),
 ( 0.000000000000000000, 3.141592653589793116 ),
 .UNSPECIFIED. ) 
 CURVE ( )  GEOMETRIC_REPRESENTATION_ITEM ( )  RATIONAL_B_SPLINE_CURVE ( ( 1.000000000000000000, 0.3333333333333333703, 0.3333333333333333703, 1.000000000000000000 ) ) 
 REPRESENTATION_ITEM ( '' )  );
#887 = EDGE_LOOP ( 'NONE', ( #1342, #8181, #1987, #2366 ) ) ;
#888 = CARTESIAN_POINT ( 'NONE',  ( 20.00000000000000000, 20.00000000000000000, 20.00000000000000000 ) ) ;
#889 = ORIENTED_EDGE ( 'NONE', *, *, #5897, .F. ) ;
#890 = ORIENTED_EDGE ( 'NONE', *, *, #9986, .F. ) ;
#891 = LINE ( 'NONE', #1626, #13 ) ;
#892 = PRESENTATION_STYLE_ASSIGNMENT (( #7305 ) ) ;
#893 = DIRECTION ( 'NONE',  ( -1.000000000000000000, 0.000000000000000000, 6.123233995736750012E-17 ) ) ;
#894 = DIRECTION ( 'NONE',  ( -0.7071067811865480168, -1.291045063770319919E-16, 0.7071067811865470176 ) ) ;
#895 = CARTESIAN_POINT ( 'NONE',  ( 255.0000000000000000, 265.0000000000000000, 20.00000000000000000 ) ) ;
#896 = VECTOR ( 'NONE', #7603, 1000.000000000000000 ) ;
#897 = DIRECTION ( 'NONE',  ( 6.123233995736769734E-17, 0.000000000000000000, 1.000000000000000000 ) ) ;
#898 = ORIENTED_EDGE ( 'NONE', *, *, #4558, .T. ) ;
#899 = AXIS2_PLACEMENT_3D ( 'NONE', #6058, #8693, #1437 ) ;
#900 = CARTESIAN_POINT ( 'NONE',  ( 507.7372583002029955, 170.0000000000000000, -1.720845688168989798E-14 ) ) ;
#901 = ORIENTED_EDGE ( 'NONE', *, *, #3045, .T. ) ;
#902 = LINE ( 'NONE', #9683, #7107 ) ;
#903 = EDGE_CURVE ( 'NONE', #3910, #8484, #4950, .T. ) ;
#904 = EDGE_LOOP ( 'NONE', ( #1571, #7819, #3667, #7681, #1529, #2750, #10137, #7098, #8516, #1801, #309, #5297, #4912, #2519, #10372, #6732, #8582 ) ) ;
#905 = DIRECTION ( 'NONE',  ( 1.000000000000000000, 1.933482610835809801E-33, 0.000000000000000000 ) ) ;
#906 = DIRECTION ( 'NONE',  ( -1.000000000000000000, 0.000000000000000000, 0.000000000000000000 ) ) ;
#907 = CIRCLE ( 'NONE', #2073, 3.199999999999980638 ) ;
#908 = EDGE_CURVE ( 'NONE', #9155, #3215, #6321, .T. ) ;
#909 = CARTESIAN_POINT ( 'NONE',  ( 380.0633608786873197, 7.157628602830895304, 3.900000000000000799 ) ) ;
#910 = CARTESIAN_POINT ( 'NONE',  ( 359.6471346238020033, 529.9999999999998863, 5.357502946595801951 ) ) ;
#911 = EDGE_LOOP ( 'NONE', ( #9850, #1918, #10241, #2284, #3275, #34, #7508, #1868 ) ) ;
#912 = ORIENTED_EDGE ( 'NONE', *, *, #4942, .F. ) ;
#913 = DIRECTION ( 'NONE',  ( 1.000000000000000000, 0.000000000000000000, 0.000000000000000000 ) ) ;
#914 = VERTEX_POINT ( 'NONE', #4900 ) ;
#916 = ADVANCED_FACE ( 'NONE', ( #7177, #826, #9701 ), #7035, .F. ) ;
#915 = ORIENTED_EDGE ( 'NONE', *, *, #9721, .F. ) ;
#917 = LINE ( 'NONE', #10437, #22 ) ;
#918 = CARTESIAN_POINT ( 'NONE',  ( 220.8000000000000398, 510.0000000000000568, 4.238056389090750109 ) ) ;
#919 = PLANE ( 'NONE',  #10382 ) ;
#920 = EDGE_CURVE ( 'NONE', #358, #3460, #4788, .T. ) ;
#921 = FILL_AREA_STYLE_COLOUR ( '', #3287 ) ;
#922 = CARTESIAN_POINT ( 'NONE',  ( 3.500000000000000000, 95.00000000000000000, 10.00000000000000000 ) ) ;
#923 = PLANE ( 'NONE',  #8329 ) ;
#924 = VERTEX_POINT ( 'NONE', #7636 ) ;
#925 = ORIENTED_EDGE ( 'NONE', *, *, #732, .F. ) ;
#926 = ADVANCED_FACE ( 'NONE', ( #5837, #1026 ), #1128, .F. ) ;
#927 = DIRECTION ( 'NONE',  ( 0.000000000000000000, 0.000000000000000000, 1.000000000000000000 ) ) ;
#928 = DIRECTION ( 'NONE',  ( 0.000000000000000000, -0.9271838545667858700, -0.3746065934159158450 ) ) ;
#929 = DIRECTION ( 'NONE',  ( 0.000000000000000000, 0.000000000000000000, -1.000000000000000000 ) ) ;
#930 = CARTESIAN_POINT ( 'NONE',  ( 255.0000000000000000, 364.0000000000000000, 0.000000000000000000 ) ) ;
#931 = CIRCLE ( 'NONE', #6000, 3.200000000000008171 ) ;
#932 = EDGE_CURVE ( 'NONE', #2468, #4263, #6691, .T. ) ;
#933 = CARTESIAN_POINT ( 'NONE',  ( 350.0000000000000000, 520.0000000000000000, 0.000000000000000000 ) ) ;
#934 = FACE_OUTER_BOUND ( 'NONE', #6043, .T. ) ;
#935 = DIRECTION ( 'NONE',  ( 1.000000000000000000, 2.786442101020000197E-16, 0.000000000000000000 ) ) ;
#936 = VERTEX_POINT ( 'NONE', #9957 ) ;
#937 = DIRECTION ( 'NONE',  ( 0.000000000000000000, 0.000000000000000000, -1.000000000000000000 ) ) ;
#938 = EDGE_LOOP ( 'NONE', ( #1116, #8912 ) ) ;
#939 = VECTOR ( 'NONE', #852, 1000.000000000000000 ) ;
#940 = EDGE_LOOP ( 'NONE', ( #6835, #3740, #4097, #2036 ) ) ;
#941 = EDGE_CURVE ( 'NONE', #2648, #2532, #4205, .T. ) ;
#942 = CIRCLE ( 'NONE', #6851, 2.900000000000010125 ) ;
#943 = AXIS2_PLACEMENT_3D ( 'NONE', #1617, #6600, #3360 ) ;
#944 = CARTESIAN_POINT ( 'NONE',  ( 503.1189405172683564, 364.0000000000000000, 4.618317782934551197 ) ) ;
#945 = CARTESIAN_POINT ( 'NONE',  ( 260.8000000000000114, 510.0000000000000568, 10.49355789662077143 ) ) ;
#946 = DIRECTION ( 'NONE',  ( 0.6295709663777131482, -0.7769429826533170713, 0.000000000000000000 ) ) ;
#947 = CARTESIAN_POINT ( 'NONE',  ( 10.00000000000000000, 30.00000000000000000, 20.00000000000000000 ) ) ;
#948 =( BOUNDED_SURFACE ( )  B_SPLINE_SURFACE ( 3, 3, ( 
 ( #5474, #8760, #4735, #6436 ),
 ( #606, #660, #6320, #7971 ),
 ( #7121, #712, #3942, #1658 ),
 ( #7176, #7067, #10380, #3140 ) ),
 .UNSPECIFIED., .F., .F., .F. ) 
 B_SPLINE_SURFACE_WITH_KNOTS ( ( 4, 4 ),
 ( 4, 4 ),
 ( 0.000000000000000000, 1.000000000000000000 ),
 ( 0.000000000000000000, 1.000000000000000000 ),
 .UNSPECIFIED. ) 
 GEOMETRIC_REPRESENTATION_ITEM ( )  RATIONAL_B_SPLINE_SURFACE ( (
 ( 1.000000000000000000, 0.8047378541243649375, 0.8047378541243649375, 1.000000000000000000),
 ( 0.3333333333333333703, 0.2682459513747883495, 0.2682459513747883495, 0.3333333333333333703),
 ( 0.3333333333333333703, 0.2682459513747883495, 0.2682459513747883495, 0.3333333333333333703),
 ( 1.000000000000000000, 0.8047378541243649375, 0.8047378541243649375, 1.000000000000000000) ) ) 
 REPRESENTATION_ITEM ( '' )  SURFACE ( )  );
#949 = DIRECTION ( 'NONE',  ( 0.000000000000000000, 0.000000000000000000, -1.000000000000000000 ) ) ;
#950 = CARTESIAN_POINT ( 'NONE',  ( 166.0000000000000000, 511.6000000000000796, -1.282784235921779962E-15 ) ) ;
#951 = AXIS2_PLACEMENT_3D ( 'NONE', #1313, #10354, #4545 ) ;
#952 = AXIS2_PLACEMENT_3D ( 'NONE', #8390, #1924, #7492 ) ;
#953 = VERTEX_POINT ( 'NONE', #3350 ) ;
#954 = CARTESIAN_POINT ( 'NONE',  ( 345.7547184027091021, -5.557266963672119253, 3.900000000000000355 ) ) ;
#955 = VERTEX_POINT ( 'NONE', #5789 ) ;
#956 = LINE ( 'NONE', #6515, #7945 ) ;
#957 = ORIENTED_EDGE ( 'NONE', *, *, #1225, .T. ) ;
#958 = DIRECTION ( 'NONE',  ( 0.000000000000000000, 0.000000000000000000, -1.000000000000000000 ) ) ;
#959 = DIRECTION ( 'NONE',  ( 0.000000000000000000, 1.000000000000000000, 0.000000000000000000 ) ) ;
#960 = VECTOR ( 'NONE', #2230, 1000.000000000000000 ) ;
#961 = VECTOR ( 'NONE', #4065, 1000.000000000000000 ) ;
#962 = CARTESIAN_POINT ( 'NONE',  ( 496.6788665236777547, 7.157628602830895304, 3.900000000000000799 ) ) ;
#963 = DIRECTION ( 'NONE',  ( 0.000000000000000000, 1.000000000000000000, 0.000000000000000000 ) ) ;
#964 = VERTEX_POINT ( 'NONE', #8331 ) ;
#965 = VERTEX_POINT ( 'NONE', #7431 ) ;
#966 = VECTOR ( 'NONE', #4623, 1000.000000000000000 ) ;
#967 = PLANE ( 'NONE',  #7657 ) ;
#968 = EDGE_LOOP ( 'NONE', ( #6594, #6281, #3719, #4568 ) ) ;
#969 = EDGE_LOOP ( 'NONE', ( #2557, #8431, #7191, #8545 ) ) ;
#970 = AXIS2_PLACEMENT_3D ( 'NONE', #4908, #5852, #7547 ) ;
#971 = DIRECTION ( 'NONE',  ( 1.000000000000000000, 0.000000000000000000, 0.000000000000000000 ) ) ;
#972 = CARTESIAN_POINT ( 'NONE',  ( -9.860761315262649319E-31, 530.0000000000000000, 0.000000000000000000 ) ) ;
#973 = VECTOR ( 'NONE', #325, 1000.000000000000000 ) ;
#974 = ADVANCED_FACE ( 'NONE', ( #5053 ), #3508, .F. ) ;
#975 = DIRECTION ( 'NONE',  ( 0.000000000000000000, 0.000000000000000000, -1.000000000000000000 ) ) ;
#976 = CARTESIAN_POINT ( 'NONE',  ( 503.0000000000000000, 276.3499999999999659, 10.00000000000000000 ) ) ;
#977 = ORIENTED_EDGE ( 'NONE', *, *, #5972, .F. ) ;
#978 = ORIENTED_EDGE ( 'NONE', *, *, #8239, .F. ) ;
#979 = AXIS2_PLACEMENT_3D ( 'NONE', #5444, #422, #1414 ) ;
#980 = EDGE_CURVE ( 'NONE', #6745, #3544, #234, .T. ) ;
#981 = CARTESIAN_POINT ( 'NONE',  ( 490.0000000000000000, 360.0000000000000000, 0.000000000000000000 ) ) ;
#982 = DIRECTION ( 'NONE',  ( -1.000000000000000000, 0.000000000000000000, 0.000000000000000000 ) ) ;
#983 = CIRCLE ( 'NONE', #8927, 2.350000000000018741 ) ;
#984 = DIRECTION ( 'NONE',  ( 1.000000000000000000, 2.786442101020000197E-16, 0.000000000000000000 ) ) ;
#985 = DIRECTION ( 'NONE',  ( 0.7071067811865470176, 4.329780281177500942E-17, 0.7071067811865480168 ) ) ;
#986 = DIRECTION ( 'NONE',  ( 1.000000000000000000, 0.000000000000000000, 0.000000000000000000 ) ) ;
#987 = CARTESIAN_POINT ( 'NONE',  ( 497.8278992884585250, 512.2068833318884344, 0.000000000000000000 ) ) ;
#988 = EDGE_CURVE ( 'NONE', #8632, #9914, #5207, .T. ) ;
#989 = LINE ( 'NONE', #4962, #9171 ) ;
#990 = ORIENTED_EDGE ( 'NONE', *, *, #4209, .T. ) ;
#991 = DIRECTION ( 'NONE',  ( -1.492928237510310014E-32, 6.123233995736769734E-17, 1.000000000000000000 ) ) ;
#992 = ORIENTED_EDGE ( 'NONE', *, *, #5300, .F. ) ;
#993 = VERTEX_POINT ( 'NONE', #9224 ) ;
#994 = EDGE_CURVE ( 'NONE', #3190, #5674, #5658, .T. ) ;
#995 = ADVANCED_FACE ( 'NONE', ( #2705 ), #6590, .F. ) ;
#996 = FACE_BOUND ( 'NONE', #1516, .T. ) ;
#997 = DIRECTION ( 'NONE',  ( -2.754124340261039837E-48, 1.480297366166879989E-15, -1.000000000000000000 ) ) ;
#998 = DIRECTION ( 'NONE',  ( 4.646700954747979818E-49, -1.000000000000000000, 7.588638549471020099E-33 ) ) ;
#999 = DIRECTION ( 'NONE',  ( 0.000000000000000000, -1.000000000000000000, 0.000000000000000000 ) ) ;
#1000 = DIRECTION ( 'NONE',  ( 1.000000000000000000, 9.141548937118570524E-49, 1.492928237510310014E-32 ) ) ;
#1001 = CARTESIAN_POINT ( 'NONE',  ( 490.0000000000000000, 320.0000000000000000, 0.000000000000000000 ) ) ;
#1002 = ADVANCED_FACE ( 'NONE', ( #9125, #8281 ), #1866, .F. ) ;
#1003 = ORIENTED_EDGE ( 'NONE', *, *, #3387, .T. ) ;
#1004 = CARTESIAN_POINT ( 'NONE',  ( 503.4037184710942370, 319.9999999999999432, 5.371248339800755112 ) ) ;
#1005 = AXIS2_PLACEMENT_3D ( 'NONE', #2096, #6027, #2210 ) ;
#1006 = ORIENTED_EDGE ( 'NONE', *, *, #9972, .T. ) ;
#1007 = CARTESIAN_POINT ( 'NONE',  ( 10.00000000000000000, 350.0000000000000000, 20.00000000000000000 ) ) ;
#1008 = ORIENTED_EDGE ( 'NONE', *, *, #2668, .F. ) ;
#1009 = FACE_OUTER_BOUND ( 'NONE', #453, .T. ) ;
#1010 = LINE ( 'NONE', #9207, #9929 ) ;
#1011 = CIRCLE ( 'NONE', #6431, 2.900000000000010125 ) ;
#1012 = FACE_OUTER_BOUND ( 'NONE', #3794, .T. ) ;
#1013 = PLANE ( 'NONE',  #4482 ) ;
#1014 = ORIENTED_EDGE ( 'NONE', *, *, #8357, .F. ) ;
#1015 = ORIENTED_EDGE ( 'NONE', *, *, #4814, .F. ) ;
#1016 = CARTESIAN_POINT ( 'NONE',  ( 364.1961769801499713, 524.5960769185156778, 3.900000000000001243 ) ) ;
#1017 = VERTEX_POINT ( 'NONE', #5103 ) ;
#1018 = ORIENTED_EDGE ( 'NONE', *, *, #6949, .T. ) ;
#1019 = CIRCLE ( 'NONE', #6259, 1.750000000000029310 ) ;
#1020 = CIRCLE ( 'NONE', #6444, 3.199999999999999734 ) ;
#1021 = DIRECTION ( 'NONE',  ( 1.000000000000000000, 0.000000000000000000, 0.000000000000000000 ) ) ;
#1022 = CARTESIAN_POINT ( 'NONE',  ( 500.0000000000000000, 160.0000000000000000, 4.000000000000000000 ) ) ;
#1023 = DIRECTION ( 'NONE',  ( 0.000000000000000000, 0.000000000000000000, -1.000000000000000000 ) ) ;
#1024 = ORIENTED_EDGE ( 'NONE', *, *, #4155, .T. ) ;
#1025 = CARTESIAN_POINT ( 'NONE',  ( 255.0000000000000000, 515.5081397412454862, 9.591240053883812067 ) ) ;
#1026 = FACE_OUTER_BOUND ( 'NONE', #3841, .T. ) ;
#1027 = CARTESIAN_POINT ( 'NONE',  ( 500.0000000000000000, 30.00000000000000000, 4.000000000000000000 ) ) ;
#1028 = ORIENTED_EDGE ( 'NONE', *, *, #8891, .F. ) ;
#1029 = EDGE_LOOP ( 'NONE', ( #4426, #1654 ) ) ;
#1030 = ORIENTED_EDGE ( 'NONE', *, *, #3621, .T. ) ;
#1031 = EDGE_CURVE ( 'NONE', #8322, #8156, #2438, .T. ) ;
#1032 = LINE ( 'NONE', #7544, #6684 ) ;
#1033 = DIRECTION ( 'NONE',  ( 1.000000000000000000, 0.000000000000000000, 0.000000000000000000 ) ) ;
#1034 = CARTESIAN_POINT ( 'NONE',  ( 503.0000000000000000, 288.9499999999999886, 10.00000000000000000 ) ) ;
#1035 = AXIS2_PLACEMENT_3D ( 'NONE', #5596, #782, #8826 ) ;
#1036 = CARTESIAN_POINT ( 'NONE',  ( 6.799999999999999822, 30.00000000000000000, 20.00000000000000000 ) ) ;
#1037 = DIRECTION ( 'NONE',  ( 1.000000000000000000, 0.000000000000000000, 0.000000000000000000 ) ) ;
#1038 = CARTESIAN_POINT ( 'NONE',  ( 490.0000000000000000, 170.0000000000000000, 5.000000000000000000 ) ) ;
#1039 = EDGE_CURVE ( 'NONE', #6174, #6859, #3555, .T. ) ;
#1040 = ORIENTED_EDGE ( 'NONE', *, *, #1442, .F. ) ;
#1041 = LINE ( 'NONE', #7448, #1912 ) ;
#1042 = VERTEX_POINT ( 'NONE', #2752 ) ;
#1043 = ORIENTED_EDGE ( 'NONE', *, *, #2114, .F. ) ;
#1044 = B_SPLINE_CURVE_WITH_KNOTS ( 'NONE', 3,
 ( #2491, #7319, #9743, #5725, #8959, #910, #9586, #6369, #2336, #5568, #8801, #1542, #3183, #755, #1592, #2389, #8849, #8065, #7519, #4247, #7576, #5041, #4397, #274, #8320, #5824, #5777, #329, #6781, #380 ),
 .UNSPECIFIED., .F., .F.,
 ( 4, 2, 2, 2, 2, 2, 2, 2, 2, 2, 2, 2, 2, 2, 4 ),
 ( 9.540979117872439019E-18, 0.0006610553317435235131, 0.001322110663487037485, 0.001983165995230551457, 0.002644221326974065429, 0.003305276658717579401, 0.003966331990461093374, 0.004627387322204607779, 0.005288442653948121318, 0.006610553317435149262, 0.007932663980922176339, 0.008593719312665691612, 0.009254774644409206885, 0.009915829976152718689, 0.01057688530789623396 ),
 .UNSPECIFIED. ) ;
#1045 = CARTESIAN_POINT ( 'NONE',  ( 0.000000000000000000, 89.30000000000350724, 13.00000000000000000 ) ) ;
#1046 = DIRECTION ( 'NONE',  ( 1.000000000000000000, 0.000000000000000000, 0.000000000000000000 ) ) ;
#1047 = EDGE_CURVE ( 'NONE', #6453, #9873, #1814, .T. ) ;
#1048 = CARTESIAN_POINT ( 'NONE',  ( 10.00000000000000000, 500.0000000000000000, 4.000000000000000000 ) ) ;
#1049 = DIRECTION ( 'NONE',  ( 0.000000000000000000, 1.000000000000000000, 0.000000000000000000 ) ) ;
#1050 = CARTESIAN_POINT ( 'NONE',  ( 156.7999999999999829, 10.00000000000000000, 20.00000000000000000 ) ) ;
#1051 = DIRECTION ( 'NONE',  ( 1.000000000000000000, 0.000000000000000000, 0.000000000000000000 ) ) ;
#1052 = EDGE_CURVE ( 'NONE', #6859, #4535, #2554, .T. ) ;
#1053 = ADVANCED_FACE ( 'NONE', ( #1970 ), #4998, .F. ) ;
#1054 = EDGE_CURVE ( 'NONE', #2594, #1306, #2967, .T. ) ;
#1055 = VERTEX_POINT ( 'NONE', #9857 ) ;
#1056 = FACE_OUTER_BOUND ( 'NONE', #2697, .T. ) ;
#1057 = ORIENTED_EDGE ( 'NONE', *, *, #7903, .F. ) ;
#1058 = FACE_OUTER_BOUND ( 'NONE', #9845, .T. ) ;
#1059 = ORIENTED_EDGE ( 'NONE', *, *, #3043, .T. ) ;
#1060 = EDGE_CURVE ( 'NONE', #18, #9470, #8027, .T. ) ;
#1061 = VECTOR ( 'NONE', #4653, 1000.000000000000000 ) ;
#1062 = DIRECTION ( 'NONE',  ( 1.860521002879739963E-33, -1.000000000000000000, -4.809630431589130061E-16 ) ) ;
#1063 = EDGE_CURVE ( 'NONE', #5520, #9252, #5888, .T. ) ;
#1064 = DIRECTION ( 'NONE',  ( 0.000000000000000000, 0.000000000000000000, 1.000000000000000000 ) ) ;
#1065 = DIRECTION ( 'NONE',  ( 0.000000000000000000, 1.000000000000000000, 0.000000000000000000 ) ) ;
#1066 = EDGE_LOOP ( 'NONE', ( #9090, #4577 ) ) ;
#1067 = ORIENTED_EDGE ( 'NONE', *, *, #6096, .T. ) ;
#1068 = ORIENTED_EDGE ( 'NONE', *, *, #6936, .F. ) ;
#1069 = EDGE_CURVE ( 'NONE', #6427, #10051, #8480, .T. ) ;
#1070 = ORIENTED_EDGE ( 'NONE', *, *, #5145, .T. ) ;
#1071 = CLOSED_SHELL ( 'NONE', ( #7405, #6894, #6031, #8684, #2771, #3030, #8533, #4366, #10197, #9858, #4724, #5005, #1871, #8416, #9651, #10305, #4549, #9785, #9323, #478, #3455, #5765 ) ) ;
#1072 = VECTOR ( 'NONE', #991, 1000.000000000000000 ) ;
#1073 = CARTESIAN_POINT ( 'NONE',  ( 7.000000000000000000, 432.6499999999999773, 10.00000000000189893 ) ) ;
#1074 = CARTESIAN_POINT ( 'NONE',  ( 500.0000000000000000, 180.0000000000000000, 4.000000000000000000 ) ) ;
#1075 = ORIENTED_EDGE ( 'NONE', *, *, #5776, .F. ) ;
#1076 = DIRECTION ( 'NONE',  ( 0.000000000000000000, -0.9271838545667858700, -0.3746065934159159005 ) ) ;
#1077 = CARTESIAN_POINT ( 'NONE',  ( 20.00000000000000000, 510.0000000000000000, 20.00000000000000000 ) ) ;
#1078 = ORIENTED_EDGE ( 'NONE', *, *, #255, .F. ) ;
#1079 = ORIENTED_EDGE ( 'NONE', *, *, #6681, .T. ) ;
#1080 = ORIENTED_EDGE ( 'NONE', *, *, #8255, .F. ) ;
#1081 = LINE ( 'NONE', #297, #9372 ) ;
#1082 = CARTESIAN_POINT ( 'NONE',  ( 442.0529437251519767, 360.0000000000000000, 65.68431457505069204 ) ) ;
#1083 = CARTESIAN_POINT ( 'NONE',  ( 508.8508361943100340, 20.80215158257098196, -9.146565213191545956E-17 ) ) ;
#1084 = LINE ( 'NONE', #2670, #8221 ) ;
#1085 = CYLINDRICAL_SURFACE ( 'NONE', #4870, 1.499999999999937161 ) ;
#1086 = CARTESIAN_POINT ( 'NONE',  ( 503.1463130470121996, 159.4087054172275657, 4.728636147329669193 ) ) ;
#1087 = VERTEX_POINT ( 'NONE', #9319 ) ;
#1088 = DIRECTION ( 'NONE',  ( 1.000000000000000000, 0.000000000000000000, 0.000000000000000000 ) ) ;
#1089 = VERTEX_POINT ( 'NONE', #7797 ) ;
#1090 = ORIENTED_EDGE ( 'NONE', *, *, #8810, .T. ) ;
#1091 = AXIS2_PLACEMENT_3D ( 'NONE', #2657, #5894, #341 ) ;
#1092 = SURFACE_STYLE_FILL_AREA ( #9339 ) ;
#1093 = FACE_OUTER_BOUND ( 'NONE', #42, .T. ) ;
#1094 = ADVANCED_FACE ( 'NONE', ( #3766 ), #3012, .F. ) ;
#1095 = CARTESIAN_POINT ( 'NONE',  ( 340.0000000000000000, 18.19999999999999929, 5.000000000000000000 ) ) ;
#1096 = DIRECTION ( 'NONE',  ( -1.000000000000000000, 0.000000000000000000, 0.000000000000000000 ) ) ;
#1097 = DIRECTION ( 'NONE',  ( -1.000000000000000000, 0.000000000000000000, 0.000000000000000000 ) ) ;
#1098 = EDGE_CURVE ( 'NONE', #9337, #10362, #6997, .T. ) ;
#1099 = ORIENTED_EDGE ( 'NONE', *, *, #8490, .T. ) ;
#1100 = VECTOR ( 'NONE', #4006, 1000.000000000000000 ) ;
#1101 = CARTESIAN_POINT ( 'NONE',  ( 10.00000000000000000, 160.0000000000000000, 0.000000000000000000 ) ) ;
#1102 = AXIS2_PLACEMENT_3D ( 'NONE', #972, #378, #8126 ) ;
#1103 = VERTEX_POINT ( 'NONE', #4613 ) ;
#1104 = DIRECTION ( 'NONE',  ( 1.000000000000000000, 0.000000000000000000, 0.000000000000000000 ) ) ;
#1105 = ORIENTED_EDGE ( 'NONE', *, *, #8485, .T. ) ;
#1106 = DIRECTION ( 'NONE',  ( 5.150023242950986082E-17, -0.7071067811865474617, -0.7071067811865474617 ) ) ;
#1107 = DIRECTION ( 'NONE',  ( 0.000000000000000000, -0.000000000000000000, 1.000000000000000000 ) ) ;
#1108 = VECTOR ( 'NONE', #7257, 1000.000000000000000 ) ;
#1109 = AXIS2_PLACEMENT_3D ( 'NONE', #5063, #2562, #2512 ) ;
#1110 = CARTESIAN_POINT ( 'NONE',  ( 255.0000000000000000, 265.0000000000000000, 20.00000000000000000 ) ) ;
#1111 = AXIS2_PLACEMENT_3D ( 'NONE', #6674, #4935, #5039 ) ;
#1112 = ADVANCED_FACE ( 'NONE', ( #7845 ), #3715, .T. ) ;
#1113 = UNCERTAINTY_MEASURE_WITH_UNIT (LENGTH_MEASURE( 1.000000000000000082E-05 ), #2721, 'distance_accuracy_value', 'NONE');
#1114 = CARTESIAN_POINT ( 'NONE',  ( 508.7858639987591118, 170.0000000000000568, 4.631201540130133409 ) ) ;
#1115 = ORIENTED_EDGE ( 'NONE', *, *, #8353, .F. ) ;
#1116 = ORIENTED_EDGE ( 'NONE', *, *, #8948, .T. ) ;
#1117 = CARTESIAN_POINT ( 'NONE',  ( 340.0000000000000000, 510.0000000000000000, 5.000000000000000000 ) ) ;
#1118 = AXIS2_PLACEMENT_3D ( 'NONE', #2043, #5865, #5175 ) ;
#1119 = EDGE_LOOP ( 'NONE', ( #1018, #222, #1805, #8596 ) ) ;
#1120 = EDGE_CURVE ( 'NONE', #3783, #9715, #5358, .T. ) ;
#1121 = ORIENTED_EDGE ( 'NONE', *, *, #6497, .F. ) ;
#1122 = ADVANCED_FACE ( 'NONE', ( #4667 ), #3605, .F. ) ;
#1123 = EDGE_CURVE ( 'NONE', #5422, #6953, #7710, .T. ) ;
#1124 = DIRECTION ( 'NONE',  ( 1.000000000000000000, 0.000000000000000000, 0.000000000000000000 ) ) ;
#1125 = LINE ( 'NONE', #9065, #622 ) ;
#1126 = ORIENTED_EDGE ( 'NONE', *, *, #3691, .T. ) ;
#1127 = CARTESIAN_POINT ( 'NONE',  ( 503.1923588499975608, 29.75000683350451425, 4.876419079304457505 ) ) ;
#1128 = PLANE ( 'NONE',  #6149 ) ;
#1129 = AXIS2_PLACEMENT_3D ( 'NONE', #1074, #7532, #9953 ) ;
#1130 = EDGE_CURVE ( 'NONE', #8973, #2165, #6198, .T. ) ;
#1131 = PLANE ( 'NONE',  #3148 ) ;
#1132 = ORIENTED_EDGE ( 'NONE', *, *, #9138, .F. ) ;
#1133 = VECTOR ( 'NONE', #3954, 1000.000000000000000 ) ;
#1134 = EDGE_LOOP ( 'NONE', ( #9170, #1171, #4379, #2395 ) ) ;
#1135 = ORIENTED_EDGE ( 'NONE', *, *, #5506, .F. ) ;
#1136 = DIRECTION ( 'NONE',  ( 1.000000000000000000, 0.000000000000000000, 0.000000000000000000 ) ) ;
#1137 = DIRECTION ( 'NONE',  ( 0.000000000000000000, -1.000000000000000000, 4.809630431589130061E-16 ) ) ;
#1138 = DIRECTION ( 'NONE',  ( 0.000000000000000000, 0.000000000000000000, -1.000000000000000000 ) ) ;
#1139 = CARTESIAN_POINT ( 'NONE',  ( 166.0000000000000000, 511.6000000000000796, 16.13725830020310070 ) ) ;
#1140 = DIRECTION ( 'NONE',  ( 0.000000000000000000, 0.000000000000000000, -1.000000000000000000 ) ) ;
#1141 = CARTESIAN_POINT ( 'NONE',  ( 503.1999999999999886, 159.8757655191677429, 4.898046116018511142 ) ) ;
#1142 = ORIENTED_EDGE ( 'NONE', *, *, #9123, .F. ) ;
#1143 = AXIS2_PLACEMENT_3D ( 'NONE', #7383, #6437, #4104 ) ;
#1144 = LINE ( 'NONE', #6258, #4124 ) ;
#1145 = AXIS2_PLACEMENT_3D ( 'NONE', #2111, #8741, #7899 ) ;
#1146 = ORIENTED_EDGE ( 'NONE', *, *, #9327, .T. ) ;
#1147 = ORIENTED_EDGE ( 'NONE', *, *, #3098, .T. ) ;
#1148 = VECTOR ( 'NONE', #3170, 1000.000000000000000 ) ;
#1149 = DIRECTION ( 'NONE',  ( 0.000000000000000000, 0.000000000000000000, -1.000000000000000000 ) ) ;
#1150 = FACE_OUTER_BOUND ( 'NONE', #4207, .T. ) ;
#1151 = CARTESIAN_POINT ( 'NONE',  ( 500.0000000000000000, 350.0000000000000000, 12.00000000000000000 ) ) ;
#1152 = CARTESIAN_POINT ( 'NONE',  ( 503.1189405172683564, 364.0000000000000000, 4.618317782934551197 ) ) ;
#1153 = LINE ( 'NONE', #8200, #10070 ) ;
#1154 = DIRECTION ( 'NONE',  ( 0.000000000000000000, 0.000000000000000000, -1.000000000000000000 ) ) ;
#1155 = ORIENTED_EDGE ( 'NONE', *, *, #7465, .T. ) ;
#1156 = CYLINDRICAL_SURFACE ( 'NONE', #4363, 3.200000000000008171 ) ;
#1157 = ORIENTED_EDGE ( 'NONE', *, *, #7643, .F. ) ;
#1158 = AXIS2_PLACEMENT_3D ( 'NONE', #2978, #8654, #6220 ) ;
#1159 = CARTESIAN_POINT ( 'NONE',  ( 501.7500000000000568, 350.0000000000000000, 0.000000000000000000 ) ) ;
#1160 = ORIENTED_EDGE ( 'NONE', *, *, #6272, .T. ) ;
#1161 = CARTESIAN_POINT ( 'NONE',  ( 500.0000000000000000, 180.0000000000000000, 4.000000000000000000 ) ) ;
#1162 = CARTESIAN_POINT ( 'NONE',  ( 180.0000000000000000, 520.0000000000000000, 20.00000000000000000 ) ) ;
#1163 = EDGE_CURVE ( 'NONE', #5715, #7322, #436, .T. ) ;
#1164 = LINE ( 'NONE', #267, #5196 ) ;
#1165 = PLANE ( 'NONE',  #4330 ) ;
#1166 = AXIS2_PLACEMENT_3D ( 'NONE', #7724, #6929, #4544 ) ;
#1167 = DIRECTION ( 'NONE',  ( 1.000000000000000000, 0.000000000000000000, 0.000000000000000000 ) ) ;
#1168 = EDGE_CURVE ( 'NONE', #4716, #9873, #2170, .T. ) ;
#1169 = ORIENTED_EDGE ( 'NONE', *, *, #8347, .T. ) ;
#1170 = CARTESIAN_POINT ( 'NONE',  ( 178.2500000000000000, 10.00000000000000000, 10.00000000000000000 ) ) ;
#1171 = ORIENTED_EDGE ( 'NONE', *, *, #9202, .F. ) ;
#1172 = VERTEX_POINT ( 'NONE', #10110 ) ;
#1173 = EDGE_CURVE ( 'NONE', #8382, #8067, #9112, .T. ) ;
#1174 = DIRECTION ( 'NONE',  ( 1.933482610835809801E-33, -1.000000000000000000, 0.000000000000000000 ) ) ;
#1175 = VECTOR ( 'NONE', #4612, 1000.000000000000000 ) ;
#1176 = ORIENTED_EDGE ( 'NONE', *, *, #5012, .F. ) ;
#1177 = CARTESIAN_POINT ( 'NONE',  ( 255.0000000000000000, 265.0000000000000000, 0.000000000000000000 ) ) ;
#1178 = DIRECTION ( 'NONE',  ( 0.000000000000000000, 0.000000000000000000, -1.000000000000000000 ) ) ;
#1179 = DIRECTION ( 'NONE',  ( 0.000000000000000000, 0.000000000000000000, -1.000000000000000000 ) ) ;
#1180 = EDGE_CURVE ( 'NONE', #8249, #6975, #2681, .T. ) ;
#1181 = EDGE_CURVE ( 'NONE', #6951, #346, #1645, .T. ) ;
#1182 = VERTEX_POINT ( 'NONE', #4829 ) ;
#1183 = VECTOR ( 'NONE', #7417, 1000.000000000000000 ) ;
#1184 = ORIENTED_EDGE ( 'NONE', *, *, #9259, .F. ) ;
#1185 = ORIENTED_EDGE ( 'NONE', *, *, #10276, .F. ) ;
#1186 = CARTESIAN_POINT ( 'NONE',  ( 503.0343435439377231, 511.4706066773345583, 9.900000000000007461 ) ) ;
#1187 = EDGE_CURVE ( 'NONE', #9914, #5274, #4775, .T. ) ;
#1188 = LINE ( 'NONE', #1082, #9041 ) ;
#1189 = CARTESIAN_POINT ( 'NONE',  ( 8.250000000000000000, 370.0000000000000000, 4.000000000000000000 ) ) ;
#1190 = VECTOR ( 'NONE', #8348, 1000.000000000000000 ) ;
#1191 = FILL_AREA_STYLE_COLOUR ( '', #7860 ) ;
#1192 = CARTESIAN_POINT ( 'NONE',  ( -8.452346916082819755E-31, 454.3000000000070031, 3.499999999997470024 ) ) ;
#1193 = DIRECTION ( 'NONE',  ( -1.000000000000000000, 0.000000000000000000, 0.000000000000000000 ) ) ;
#1194 = ORIENTED_EDGE ( 'NONE', *, *, #6159, .F. ) ;
#1195 = PRESENTATION_LAYER_ASSIGNMENT (  '', '', ( #5760 ) ) ;
#1196 = SURFACE_STYLE_FILL_AREA ( #5519 ) ;
#1197 = EDGE_LOOP ( 'NONE', ( #5913, #9975, #5699, #8262 ) ) ;
#1198 = VERTEX_POINT ( 'NONE', #8958 ) ;
#1199 = DIRECTION ( 'NONE',  ( 1.000000000000000000, 5.572884202040000394E-16, 0.000000000000000000 ) ) ;
#1200 = PLANE ( 'NONE',  #5791 ) ;
#1201 = AXIS2_PLACEMENT_3D ( 'NONE', #8326, #5940, #10056 ) ;
#1202 = CARTESIAN_POINT ( 'NONE',  ( 503.1463079493093460, 30.59136415017764676, 4.728648795302898833 ) ) ;
#1203 = DIRECTION ( 'NONE',  ( 1.860521002879739963E-33, -1.000000000000000000, 0.000000000000000000 ) ) ;
#1204 = CARTESIAN_POINT ( 'NONE',  ( 7.000000000000000000, 460.0000000000000000, 10.00000000000000000 ) ) ;
#1205 = FACE_OUTER_BOUND ( 'NONE', #9374, .T. ) ;
#1206 = VECTOR ( 'NONE', #2371, 1000.000000000000000 ) ;
#1207 = ORIENTED_EDGE ( 'NONE', *, *, #7639, .T. ) ;
#1208 =( GEOMETRIC_REPRESENTATION_CONTEXT ( 3 ) GLOBAL_UNCERTAINTY_ASSIGNED_CONTEXT ( ( #3440 ) ) GLOBAL_UNIT_ASSIGNED_CONTEXT ( ( #3171, #6467, #6353 ) ) REPRESENTATION_CONTEXT ( 'NONE', 'WORKASPACE' ) );
#1209 = CARTESIAN_POINT ( 'NONE',  ( 508.0205780952193777, 360.0000000000002274, 6.006707154345978239 ) ) ;
#1210 = EDGE_LOOP ( 'NONE', ( #5892, #4336, #8908, #10291 ) ) ;
#1211 = DIRECTION ( 'NONE',  ( 0.000000000000000000, 0.000000000000000000, 1.000000000000000000 ) ) ;
#1212 = VERTEX_POINT ( 'NONE', #6473 ) ;
#1213 = CARTESIAN_POINT ( 'NONE',  ( 18.19999999999999929, 167.0000000000000000, -1.344016575879149902E-15 ) ) ;
#1214 = CARTESIAN_POINT ( 'NONE',  ( 18.39999999999999858, 166.0000000000000000, 16.13725830020299767 ) ) ;
#1215 = DIRECTION ( 'NONE',  ( 0.000000000000000000, 0.000000000000000000, 1.000000000000000000 ) ) ;
#1216 = CARTESIAN_POINT ( 'NONE',  ( -7.987216665362789722E-31, 429.3000000000000114, 3.500000000001310063 ) ) ;
#1217 = CARTESIAN_POINT ( 'NONE',  ( 350.0000000000000000, 10.00000000000000000, 4.000000000000000000 ) ) ;
#1218 = DIRECTION ( 'NONE',  ( -0.5743994609031373155, 0.8185751396873626184, 0.000000000000000000 ) ) ;
#1219 = EDGE_CURVE ( 'NONE', #7748, #4144, #5671, .T. ) ;
#1220 = DIRECTION ( 'NONE',  ( 0.000000000000000000, 0.000000000000000000, -1.000000000000000000 ) ) ;
#1221 = ORIENTED_EDGE ( 'NONE', *, *, #2777, .F. ) ;
#1222 = ORIENTED_EDGE ( 'NONE', *, *, #8045, .F. ) ;
#1223 = CIRCLE ( 'NONE', #6120, 3.199999999999980638 ) ;
#1224 = DIRECTION ( 'NONE',  ( 0.000000000000000000, 0.000000000000000000, -1.000000000000000000 ) ) ;
#1225 = EDGE_CURVE ( 'NONE', #2618, #5715, #5567, .T. ) ;
#1226 = ORIENTED_EDGE ( 'NONE', *, *, #6368, .T. ) ;
#1227 = DIRECTION ( 'NONE',  ( 6.123233995736779594E-17, 1.000000000000000000, 0.000000000000000000 ) ) ;
#1228 = CARTESIAN_POINT ( 'NONE',  ( 503.0343435439377231, 166.0000000000000568, 4.143563116690433645 ) ) ;
#1229 = DIRECTION ( 'NONE',  ( -1.000000000000000000, -4.646700954747960067E-49, 0.000000000000000000 ) ) ;
#1230 = EDGE_CURVE ( 'NONE', #5372, #7908, #6522, .T. ) ;
#1231 = ORIENTED_EDGE ( 'NONE', *, *, #334, .T. ) ;
#1232 = AXIS2_PLACEMENT_3D ( 'NONE', #595, #6858, #10073 ) ;
#1233 = ORIENTED_EDGE ( 'NONE', *, *, #7991, .F. ) ;
#1234 = VERTEX_POINT ( 'NONE', #10427 ) ;
#1235 = EDGE_CURVE ( 'NONE', #3074, #335, #7318, .T. ) ;
#1236 = CARTESIAN_POINT ( 'NONE',  ( 508.7272077938639541, 167.0000000000000000, -1.272792206135790138 ) ) ;
#1237 = DIRECTION ( 'NONE',  ( 9.141548937118559889E-49, -1.000000000000000000, 0.000000000000000000 ) ) ;
#1238 = CIRCLE ( 'NONE', #7170, 1.500000000000157430 ) ;
#1239 = FACE_OUTER_BOUND ( 'NONE', #5561, .T. ) ;
#1240 = CARTESIAN_POINT ( 'NONE',  ( 503.1656268378781078, 499.5178606697663213, 4.792284185553954856 ) ) ;
#1241 = CARTESIAN_POINT ( 'NONE',  ( 508.8508361943100340, 359.9999999999999432, -9.146565213191545956E-17 ) ) ;
#1242 = VERTEX_POINT ( 'NONE', #9638 ) ;
#1243 = EDGE_CURVE ( 'NONE', #4805, #10435, #6309, .T. ) ;
#1244 = VERTEX_POINT ( 'NONE', #9530 ) ;
#1245 = ORIENTED_EDGE ( 'NONE', *, *, #5506, .T. ) ;
#1246 = LINE ( 'NONE', #5276, #2032 ) ;
#1247 = ADVANCED_FACE ( 'NONE', ( #2388, #2280 ), #5617, .F. ) ;
#1248 = CARTESIAN_POINT ( 'NONE',  ( 20.00000000000000000, 510.0000000000000000, 20.00000000000000000 ) ) ;
#1249 = CARTESIAN_POINT ( 'NONE',  ( 340.0000000000000000, 527.7372583002030524, -2.609255495247449715E-14 ) ) ;
#1250 = ADVANCED_FACE ( 'NONE', ( #3235 ), #7220, .F. ) ;
#1251 = DIRECTION ( 'NONE',  ( 1.000000000000000000, 0.000000000000000000, 0.000000000000000000 ) ) ;
#1252 = CARTESIAN_POINT ( 'NONE',  ( 160.0000000000000000, 10.00000000000000000, 12.00000000000000000 ) ) ;
#1253 = ORIENTED_EDGE ( 'NONE', *, *, #9526, .F. ) ;
#1254 = ADVANCED_FACE ( 'NONE', ( #1540 ), #8848, .F. ) ;
#1255 = LINE ( 'NONE', #3792, #5712 ) ;
#1256 = ORIENTED_EDGE ( 'NONE', *, *, #6615, .F. ) ;
#1257 = VECTOR ( 'NONE', #6946, 1000.000000000000000 ) ;
#1258 = DIRECTION ( 'NONE',  ( -1.000000000000000000, 0.000000000000000000, 0.000000000000000000 ) ) ;
#1259 = ORIENTED_EDGE ( 'NONE', *, *, #9592, .T. ) ;
#1260 = FACE_OUTER_BOUND ( 'NONE', #1998, .T. ) ;
#1261 = LINE ( 'NONE', #9160, #5849 ) ;
#1262 = DIRECTION ( 'NONE',  ( 0.000000000000000000, 1.000000000000000000, -6.123233995736799316E-17 ) ) ;
#1263 = DIRECTION ( 'NONE',  ( 0.000000000000000000, 0.000000000000000000, -1.000000000000000000 ) ) ;
#1264 = VECTOR ( 'NONE', #2551, 1000.000000000000000 ) ;
#1265 = DIRECTION ( 'NONE',  ( 6.123233995736769734E-17, 1.183916645283569971E-49, 1.000000000000000000 ) ) ;
#1266 = LINE ( 'NONE', #8677, #1433 ) ;
#1267 = DIRECTION ( 'NONE',  ( 0.000000000000000000, -1.000000000000000000, 0.000000000000000000 ) ) ;
#1268 = ORIENTED_EDGE ( 'NONE', *, *, #6009, .T. ) ;
#1269 = VECTOR ( 'NONE', #3877, 1000.000000000000000 ) ;
#1270 = ORIENTED_EDGE ( 'NONE', *, *, #6856, .F. ) ;
#1271 = AXIS2_PLACEMENT_3D ( 'NONE', #9153, #369, #1097 ) ;
#1272 = VECTOR ( 'NONE', #3363, 1000.000000000000000 ) ;
#1273 = ORIENTED_EDGE ( 'NONE', *, *, #8600, .F. ) ;
#1274 = CARTESIAN_POINT ( 'NONE',  ( 10.00000000000000000, 350.0000000000000000, 4.000000000000000000 ) ) ;
#1275 = DIRECTION ( 'NONE',  ( 0.000000000000000000, -0.000000000000000000, 1.000000000000000000 ) ) ;
#1276 = AXIS2_PLACEMENT_3D ( 'NONE', #5239, #8465, #10095 ) ;
#1277 = CARTESIAN_POINT ( 'NONE',  ( 490.0000000000000000, 510.0000000000000000, 20.00000000000000000 ) ) ;
#1278 = ORIENTED_EDGE ( 'NONE', *, *, #9311, .F. ) ;
#1279 = ORIENTED_EDGE ( 'NONE', *, *, #5431, .T. ) ;
#1280 = ORIENTED_EDGE ( 'NONE', *, *, #7918, .F. ) ;
#1281 = VECTOR ( 'NONE', #3517, 1000.000000000000000 ) ;
#1282 = CARTESIAN_POINT ( 'NONE',  ( 503.0000000000000000, 256.2999999999999545, 7.000000000000000000 ) ) ;
#1283 = EDGE_CURVE ( 'NONE', #5477, #10057, #5724, .T. ) ;
#1284 = CIRCLE ( 'NONE', #2125, 1.499999999999959810 ) ;
#1285 = DIRECTION ( 'NONE',  ( 1.000000000000000000, 0.000000000000000000, 0.000000000000000000 ) ) ;
#1286 = LINE ( 'NONE', #2970, #8198 ) ;
#1287 = CYLINDRICAL_SURFACE ( 'NONE', #7061, 1.749999999999999778 ) ;
#1288 = VECTOR ( 'NONE', #877, 1000.000000000000000 ) ;
#1289 = AXIS2_PLACEMENT_3D ( 'NONE', #10180, #4479, #2879 ) ;
#1290 = CARTESIAN_POINT ( 'NONE',  ( 503.0516806140057611, 500.9646969780303607, 4.245777376549246362 ) ) ;
#1291 = VERTEX_POINT ( 'NONE', #7905 ) ;
#1292 = ORIENTED_EDGE ( 'NONE', *, *, #10025, .T. ) ;
#1293 = ADVANCED_FACE ( 'NONE', ( #1591 ), #8063, .F. ) ;
#1294 = VERTEX_POINT ( 'NONE', #9584 ) ;
#1295 = CARTESIAN_POINT ( 'NONE',  ( 499.6272077938639882, 167.0000000000000000, 7.827207793864200625 ) ) ;
#1296 = CARTESIAN_POINT ( 'NONE',  ( 380.0633608786873197, 7.157628602830895304, 3.900000000000000799 ) ) ;
#1297 = DIRECTION ( 'NONE',  ( 1.000000000000000000, 0.000000000000000000, 0.000000000000000000 ) ) ;
#1298 = DIRECTION ( 'NONE',  ( -1.860521002879739963E-33, 1.000000000000000000, 5.010031699572010192E-16 ) ) ;
#1299 = ADVANCED_FACE ( 'NONE', ( #10319 ), #812, .F. ) ;
#1300 = CARTESIAN_POINT ( 'NONE',  ( 380.0633608786872628, 7.157628602830329534, 3.900000000000000799 ) ) ;
#1301 = DIRECTION ( 'NONE',  ( 0.000000000000000000, 1.000000000000000000, 0.000000000000000000 ) ) ;
#1302 = LINE ( 'NONE', #9344, #1877 ) ;
#1303 = VECTOR ( 'NONE', #7316, 1000.000000000000000 ) ;
#1304 = EDGE_LOOP ( 'NONE', ( #695, #5513, #2206, #8994 ) ) ;
#1305 = CARTESIAN_POINT ( 'NONE',  ( 508.5315385584133878, 360.0000000000002274, 5.278290179068146237 ) ) ;
#1306 = VERTEX_POINT ( 'NONE', #7956 ) ;
#1307 = EDGE_CURVE ( 'NONE', #3380, #5783, #701, .T. ) ;
#1308 = ORIENTED_EDGE ( 'NONE', *, *, #5528, .T. ) ;
#1309 = DIRECTION ( 'NONE',  ( 0.000000000000000000, -5.010031699572010192E-16, -1.000000000000000000 ) ) ;
#1310 = ORIENTED_EDGE ( 'NONE', *, *, #6350, .F. ) ;
#1311 = VECTOR ( 'NONE', #8101, 1000.000000000000000 ) ;
#1312 = PLANE ( 'NONE',  #2180 ) ;
#1313 = CARTESIAN_POINT ( 'NONE',  ( 180.0000000000000000, 10.00000000000000000, 4.000000000000000000 ) ) ;
#1314 = LINE ( 'NONE', #10192, #4524 ) ;
#1315 = ADVANCED_FACE ( 'NONE', ( #3931 ), #220, .F. ) ;
#1316 = AXIS2_PLACEMENT_3D ( 'NONE', #1101, #5182, #3431 ) ;
#1317 = LINE ( 'NONE', #8728, #8531 ) ;
#1318 = CARTESIAN_POINT ( 'NONE',  ( 255.0000000000000000, 360.0000000000000000, 20.00000000000000000 ) ) ;
#1319 = FACE_OUTER_BOUND ( 'NONE', #6217, .T. ) ;
#1320 = DIRECTION ( 'NONE',  ( 0.000000000000000000, 6.123233995736769734E-17, 1.000000000000000000 ) ) ;
#1321 = ORIENTED_EDGE ( 'NONE', *, *, #10084, .F. ) ;
#1322 = DIRECTION ( 'NONE',  ( 0.000000000000000000, -0.3746065934159142907, 0.9271838545667865361 ) ) ;
#1323 = EDGE_LOOP ( 'NONE', ( #9267, #5307, #4607, #9798 ) ) ;
#1324 = PLANE ( 'NONE',  #1145 ) ;
#1325 = AXIS2_PLACEMENT_3D ( 'NONE', #3661, #6900, #590 ) ;
#1326 = VERTEX_POINT ( 'NONE', #5775 ) ;
#1327 = DIRECTION ( 'NONE',  ( 0.000000000000000000, 0.000000000000000000, -1.000000000000000000 ) ) ;
#1328 = CARTESIAN_POINT ( 'NONE',  ( 503.1923692304113160, 180.2499458203024858, 4.876454158737796973 ) ) ;
#1329 = CARTESIAN_POINT ( 'NONE',  ( 10.00000000000000000, 30.00000000000000000, 4.000000000000000000 ) ) ;
#1330 = ORIENTED_EDGE ( 'NONE', *, *, #5923, .T. ) ;
#1331 = ORIENTED_EDGE ( 'NONE', *, *, #9494, .F. ) ;
#1332 = ORIENTED_EDGE ( 'NONE', *, *, #9463, .F. ) ;
#1333 = VECTOR ( 'NONE', #10353, 1000.000000000000114 ) ;
#1334 = PLANE ( 'NONE',  #7727 ) ;
#1335 = DIRECTION ( 'NONE',  ( -1.000000000000000000, 0.000000000000000000, 0.000000000000000000 ) ) ;
#1336 = DIRECTION ( 'NONE',  ( 0.000000000000000000, 0.000000000000000000, 1.000000000000000000 ) ) ;
#1337 = CARTESIAN_POINT ( 'NONE',  ( 503.1463130470119722, 499.4087054172275657, 4.728636147329427608 ) ) ;
#1338 = VECTOR ( 'NONE', #6469, 1000.000000000000000 ) ;
#1339 = CARTESIAN_POINT ( 'NONE',  ( 503.2000000000001023, 500.1242363644057036, 4.898046116018500484 ) ) ;
#1340 = EDGE_LOOP ( 'NONE', ( #3973, #6157 ) ) ;
#1341 = EDGE_LOOP ( 'NONE', ( #9587, #8233, #6733, #5636, #262 ) ) ;
#1342 = ORIENTED_EDGE ( 'NONE', *, *, #8540, .F. ) ;
#1343 = EDGE_CURVE ( 'NONE', #8777, #162, #6780, .T. ) ;
#1344 = DIRECTION ( 'NONE',  ( 0.000000000000000000, -1.000000000000000000, 6.123233995736799316E-17 ) ) ;
#1345 = CARTESIAN_POINT ( 'NONE',  ( 350.0000000000000000, 520.0000000000000000, 4.000000000000000000 ) ) ;
#1346 = AXIS2_PLACEMENT_3D ( 'NONE', #3101, #1467, #2049 ) ;
#1347 = CARTESIAN_POINT ( 'NONE',  ( 503.1999999999999886, 30.12423636440556152, 4.898046116018162088 ) ) ;
#1348 = CARTESIAN_POINT ( 'NONE',  ( 291.9999999999997158, 530.0000000000000000, 13.82852954554268976 ) ) ;
#1349 = DIRECTION ( 'NONE',  ( -2.397664748016770086E-16, 1.000000000000000000, -6.123233995736759873E-17 ) ) ;
#1350 = EDGE_CURVE ( 'NONE', #5687, #1244, #9554, .T. ) ;
#1351 = CARTESIAN_POINT ( 'NONE',  ( 255.0000000000000000, 170.0000000000000000, 20.00000000000000000 ) ) ;
#1352 = FACE_OUTER_BOUND ( 'NONE', #2364, .T. ) ;
#1353 = ORIENTED_EDGE ( 'NONE', *, *, #9784, .T. ) ;
#1354 = CARTESIAN_POINT ( 'NONE',  ( 504.4241615168971862, 360.0000000000002842, 6.465049147083052006 ) ) ;
#1355 = ORIENTED_EDGE ( 'NONE', *, *, #9085, .F. ) ;
#1356 = VERTEX_POINT ( 'NONE', #9055 ) ;
#1357 = ADVANCED_FACE ( 'NONE', ( #7574 ), #328, .F. ) ;
#1358 = AXIS2_PLACEMENT_3D ( 'NONE', #1808, #283, #3502 ) ;
#1359 = ORIENTED_EDGE ( 'NONE', *, *, #6294, .T. ) ;
#1360 = FACE_OUTER_BOUND ( 'NONE', #10061, .T. ) ;
#1361 = CARTESIAN_POINT ( 'NONE',  ( 20.00000000000000000, 510.0000000000000000, 0.000000000000000000 ) ) ;
#1362 = DIRECTION ( 'NONE',  ( 0.000000000000000000, 0.000000000000000000, -1.000000000000000000 ) ) ;
#1363 = CARTESIAN_POINT ( 'NONE',  ( 170.0000000000000000, 20.00000000000000000, 0.000000000000000000 ) ) ;
#1364 = FACE_OUTER_BOUND ( 'NONE', #8509, .T. ) ;
#1365 = EDGE_CURVE ( 'NONE', #488, #454, #6531, .T. ) ;
#1366 = CARTESIAN_POINT ( 'NONE',  ( 161.7500000000000000, 10.00000000000000000, 4.000000000000000000 ) ) ;
#1367 = VECTOR ( 'NONE', #7817, 1000.000000000000000 ) ;
#1368 = FACE_BOUND ( 'NONE', #4046, .T. ) ;
#1369 = CARTESIAN_POINT ( 'NONE',  ( 363.0018050113109780, 526.4288566782357748, -9.146565213191545956E-17 ) ) ;
#1370 = EDGE_CURVE ( 'NONE', #10074, #4339, #3309, .T. ) ;
#1371 = FILL_AREA_STYLE_COLOUR ( '', #4795 ) ;
#1372 = EDGE_CURVE ( 'NONE', #6050, #4590, #3337, .T. ) ;
#1373 = ORIENTED_EDGE ( 'NONE', *, *, #6227, .F. ) ;
#1374 = CARTESIAN_POINT ( 'NONE',  ( 500.0000000000000000, 160.0000000000000000, 0.000000000000000000 ) ) ;
#1375 = ORIENTED_EDGE ( 'NONE', *, *, #8617, .T. ) ;
#1376 = CYLINDRICAL_SURFACE ( 'NONE', #3295, 1.750000000000029310 ) ;
#1377 = LINE ( 'NONE', #4610, #4359 ) ;
#1378 = EDGE_CURVE ( 'NONE', #6722, #4752, #5933, .T. ) ;
#1379 = ORIENTED_EDGE ( 'NONE', *, *, #1163, .F. ) ;
#1380 = DIRECTION ( 'NONE',  ( 0.000000000000000000, -6.123233995736769734E-17, -1.000000000000000000 ) ) ;
#1381 = CARTESIAN_POINT ( 'NONE',  ( 215.0000000000000284, 530.0000000000000000, 17.06413377357530337 ) ) ;
#1382 = DIRECTION ( 'NONE',  ( 1.000000000000000000, 0.000000000000000000, 0.000000000000000000 ) ) ;
#1383 = VERTEX_POINT ( 'NONE', #8268 ) ;
#1384 = ORIENTED_EDGE ( 'NONE', *, *, #4663, .T. ) ;
#1385 = ADVANCED_FACE ( 'NONE', ( #1012 ), #3383, .F. ) ;
#1386 = LINE ( 'NONE', #1493, #4446 ) ;
#1387 = ORIENTED_EDGE ( 'NONE', *, *, #4428, .F. ) ;
#1388 = VERTEX_POINT ( 'NONE', #5877 ) ;
#1389 = VECTOR ( 'NONE', #3946, 1000.000000000000000 ) ;
#1390 = DIRECTION ( 'NONE',  ( 1.000000000000000000, 0.000000000000000000, 0.000000000000000000 ) ) ;
#1391 = DIRECTION ( 'NONE',  ( 0.000000000000000000, -6.123233995736769734E-17, -1.000000000000000000 ) ) ;
#1392 = LINE ( 'NONE', #7858, #10376 ) ;
#1393 = CARTESIAN_POINT ( 'NONE',  ( 503.1059760767804505, 499.2242244629530319, 4.566979016683808901 ) ) ;
#1394 = FACE_BOUND ( 'NONE', #1959, .T. ) ;
#1395 = ORIENTED_EDGE ( 'NONE', *, *, #860, .F. ) ;
#1396 = ORIENTED_EDGE ( 'NONE', *, *, #7970, .T. ) ;
#1397 = ORIENTED_EDGE ( 'NONE', *, *, #1350, .F. ) ;
#1398 = LINE ( 'NONE', #4631, #4744 ) ;
#1399 = DIRECTION ( 'NONE',  ( 1.000000000000000000, 0.000000000000000000, 0.000000000000000000 ) ) ;
#1400 = CYLINDRICAL_SURFACE ( 'NONE', #9738, 3.199999999999980638 ) ;
#1401 = CYLINDRICAL_SURFACE ( 'NONE', #2812, 3.199999999999999734 ) ;
#1402 = CARTESIAN_POINT ( 'NONE',  ( 295.0000000000000568, 531.5828289135761224, 16.08583605165414454 ) ) ;
#1403 = FACE_OUTER_BOUND ( 'NONE', #5296, .T. ) ;
#1404 = ORIENTED_EDGE ( 'NONE', *, *, #9832, .F. ) ;
#1405 = DIRECTION ( 'NONE',  ( 0.000000000000000000, 0.000000000000000000, -1.000000000000000000 ) ) ;
#1406 = VERTEX_POINT ( 'NONE', #9111 ) ;
#1407 = VERTEX_POINT ( 'NONE', #1852 ) ;
#1408 = EDGE_LOOP ( 'NONE', ( #5020, #582, #3584, #3853 ) ) ;
#1409 = EDGE_CURVE ( 'NONE', #707, #1407, #3994, .T. ) ;
#1410 = DIRECTION ( 'NONE',  ( 0.000000000000000000, -1.000000000000000000, 5.010031699572010192E-16 ) ) ;
#1411 = FACE_OUTER_BOUND ( 'NONE', #1972, .T. ) ;
#1412 = DIRECTION ( 'NONE',  ( 0.000000000000000000, 0.9271838545667858700, 0.3746065934159159561 ) ) ;
#1413 = DIRECTION ( 'NONE',  ( 1.000000000000000000, 0.000000000000000000, 0.000000000000000000 ) ) ;
#1414 = DIRECTION ( 'NONE',  ( 1.000000000000000000, -8.616220720400398660E-16, 0.000000000000000000 ) ) ;
#1415 = ADVANCED_FACE ( 'NONE', ( #2540 ), #4191, .T. ) ;
#1416 = CARTESIAN_POINT ( 'NONE',  ( 498.2500000000000000, 500.0000000000000000, 10.00000000000000000 ) ) ;
#1417 = DIRECTION ( 'NONE',  ( 0.000000000000000000, -0.3746065934159150679, 0.9271838545667862030 ) ) ;
#1418 = CARTESIAN_POINT ( 'NONE',  ( 503.6269894689757507, 170.0000000000004547, 5.724522763063546016 ) ) ;
#1419 = AXIS2_PLACEMENT_3D ( 'NONE', #3672, #2867, #6152 ) ;
#1420 = CARTESIAN_POINT ( 'NONE',  ( 18.19999999999999929, 167.0000000000000000, -1.344016575879149902E-15 ) ) ;
#1421 = ORIENTED_EDGE ( 'NONE', *, *, #7278, .F. ) ;
#1422 = EDGE_CURVE ( 'NONE', #2650, #866, #5091, .T. ) ;
#1423 = CARTESIAN_POINT ( 'NONE',  ( 6.500000000000000000, 429.3000000000000114, 7.000000000003810285 ) ) ;
#1424 = ORIENTED_EDGE ( 'NONE', *, *, #8408, .F. ) ;
#1425 = FACE_BOUND ( 'NONE', #7523, .T. ) ;
#1426 = CARTESIAN_POINT ( 'NONE',  ( 330.0000000000000000, 10.00000000000000000, 4.000000000000000000 ) ) ;
#1427 = VECTOR ( 'NONE', #10330, 1000.000000000000000 ) ;
#1428 = ADVANCED_FACE ( 'NONE', ( #8318, #8366, #169, #3391 ), #6628, .T. ) ;
#1429 = VERTEX_POINT ( 'NONE', #3493 ) ;
#1430 = DIRECTION ( 'NONE',  ( 0.000000000000000000, 0.000000000000000000, -1.000000000000000000 ) ) ;
#1431 = CARTESIAN_POINT ( 'NONE',  ( 503.1655858028320836, 180.4824528383904578, 4.792152622625200920 ) ) ;
#1432 = LINE ( 'NONE', #648, #1269 ) ;
#1433 = VECTOR ( 'NONE', #2104, 1000.000000000000000 ) ;
#1434 = VERTEX_POINT ( 'NONE', #9945 ) ;
#1435 = ORIENTED_EDGE ( 'NONE', *, *, #4550, .F. ) ;
#1436 = ADVANCED_FACE ( 'NONE', ( #10148 ), #531, .F. ) ;
#1437 = DIRECTION ( 'NONE',  ( 0.000000000000000000, 1.000000000000000000, 0.000000000000000000 ) ) ;
#1438 = VECTOR ( 'NONE', #718, 1000.000000000000000 ) ;
#1439 = ORIENTED_EDGE ( 'NONE', *, *, #3378, .F. ) ;
#1440 = CIRCLE ( 'NONE', #2946, 2.350000000000018741 ) ;
#1441 = EDGE_CURVE ( 'NONE', #5620, #76, #8574, .T. ) ;
#1442 = EDGE_CURVE ( 'NONE', #10242, #2606, #4551, .T. ) ;
#1443 = EDGE_LOOP ( 'NONE', ( #665, #4833, #4915, #3042 ) ) ;
#1444 = DIRECTION ( 'NONE',  ( 1.340646671245470025E-16, -1.000000000000000000, 0.000000000000000000 ) ) ;
#1445 = EDGE_CURVE ( 'NONE', #7044, #4621, #6241, .T. ) ;
#1446 = FACE_OUTER_BOUND ( 'NONE', #5961, .T. ) ;
#1447 = AXIS2_PLACEMENT_3D ( 'NONE', #9304, #2052, #5288 ) ;
#1448 = AXIS2_PLACEMENT_3D ( 'NONE', #10085, #6067, #1301 ) ;
#1449 =( NAMED_UNIT ( * ) PLANE_ANGLE_UNIT ( ) SI_UNIT ( $, .RADIAN. ) );
#1450 = CARTESIAN_POINT ( 'NONE',  ( 160.0000000000000000, 10.00000000000000000, 4.000000000000000000 ) ) ;
#1451 = CARTESIAN_POINT ( 'NONE',  ( 170.0000000000000000, 18.39999999999999858, 16.13725830020299767 ) ) ;
#1452 = ORIENTED_EDGE ( 'NONE', *, *, #362, .F. ) ;
#1453 = ORIENTED_EDGE ( 'NONE', *, *, #1696, .T. ) ;
#1454 = AXIS2_PLACEMENT_3D ( 'NONE', #947, #4178, #3374 ) ;
#1455 = DIRECTION ( 'NONE',  ( 0.000000000000000000, 0.000000000000000000, -1.000000000000000000 ) ) ;
#1456 = DIRECTION ( 'NONE',  ( 1.000000000000000000, 0.000000000000000000, 0.000000000000000000 ) ) ;
#1457 = DIRECTION ( 'NONE',  ( 1.000000000000000000, 0.000000000000000000, 0.000000000000000000 ) ) ;
#1458 = VECTOR ( 'NONE', #7484, 1000.000000000000000 ) ;
#1459 = CARTESIAN_POINT ( 'NONE',  ( 6.500000000000000000, 419.8000000000000114, 12.99999999999979927 ) ) ;
#1460 = CARTESIAN_POINT ( 'NONE',  ( 510.0000000000000000, 136.8499999999999943, 7.000000000000000000 ) ) ;
#1461 = FACE_OUTER_BOUND ( 'NONE', #9772, .T. ) ;
#1462 = ORIENTED_EDGE ( 'NONE', *, *, #8123, .F. ) ;
#1463 = LINE ( 'NONE', #4698, #5633 ) ;
#1464 = ORIENTED_EDGE ( 'NONE', *, *, #2520, .F. ) ;
#1465 = EDGE_LOOP ( 'NONE', ( #2616, #7360, #1996, #7663 ) ) ;
#1466 = VERTEX_POINT ( 'NONE', #2162 ) ;
#1467 = DIRECTION ( 'NONE',  ( 0.000000000000000000, 0.000000000000000000, 1.000000000000000000 ) ) ;
#1468 = CARTESIAN_POINT ( 'NONE',  ( 340.0000000000000000, 18.19999999999999929, 15.65441558772840125 ) ) ;
#1469 = DIRECTION ( 'NONE',  ( -1.000000000000000000, 8.616220720400398660E-16, 0.000000000000000000 ) ) ;
#1470 = FACE_OUTER_BOUND ( 'NONE', #2675, .T. ) ;
#1471 = CARTESIAN_POINT ( 'NONE',  ( 10.00000000000000000, 30.00000000000000000, 20.00000000000000000 ) ) ;
#1472 = CIRCLE ( 'NONE', #5710, 1.749999999999999778 ) ;
#1473 = DIRECTION ( 'NONE',  ( 1.000000000000000000, 0.000000000000000000, 0.000000000000000000 ) ) ;
#1474 = DIRECTION ( 'NONE',  ( 0.000000000000000000, 0.000000000000000000, -1.000000000000000000 ) ) ;
#1475 = ORIENTED_EDGE ( 'NONE', *, *, #1761, .F. ) ;
#1476 = DIRECTION ( 'NONE',  ( 1.000000000000000000, 0.000000000000000000, 0.000000000000000000 ) ) ;
#1477 = FILL_AREA_STYLE_COLOUR ( '', #8505 ) ;
#1478 = ORIENTED_EDGE ( 'NONE', *, *, #8364, .F. ) ;
#1479 = VECTOR ( 'NONE', #8048, 1000.000000000000000 ) ;
#1480 = ADVANCED_FACE ( 'NONE', ( #2796 ), #7041, .F. ) ;
#1481 = CARTESIAN_POINT ( 'NONE',  ( 8.250000000000000000, 180.0000000000000000, 10.00000000000000000 ) ) ;
#1482 = ORIENTED_EDGE ( 'NONE', *, *, #9269, .F. ) ;
#1483 = AXIS2_PLACEMENT_3D ( 'NONE', #2835, #8610, #9298 ) ;
#1484 = CARTESIAN_POINT ( 'NONE',  ( 255.0000000000000000, 360.0000000000000000, 0.000000000000000000 ) ) ;
#1485 = CARTESIAN_POINT ( 'NONE',  ( 166.0000000000000000, 18.39999999999999858, -2.041077998578919925E-15 ) ) ;
#1486 = VERTEX_POINT ( 'NONE', #4447 ) ;
#1487 = ADVANCED_FACE ( 'NONE', ( #10194 ), #9355, .F. ) ;
#1488 = PLANE ( 'NONE',  #3362 ) ;
#1489 = DIRECTION ( 'NONE',  ( 1.000000000000000000, 0.000000000000000000, 0.000000000000000000 ) ) ;
#1490 = CARTESIAN_POINT ( 'NONE',  ( 508.7896401677917311, 170.0000000000000568, 4.610446814318899023 ) ) ;
#1491 = ORIENTED_EDGE ( 'NONE', *, *, #7660, .F. ) ;
#1492 = ORIENTED_EDGE ( 'NONE', *, *, #4655, .F. ) ;
#1493 = CARTESIAN_POINT ( 'NONE',  ( 340.0000000000000000, 511.8000000000000114, 15.65441558772840125 ) ) ;
#1494 = ORIENTED_EDGE ( 'NONE', *, *, #1098, .F. ) ;
#1496 = EDGE_CURVE ( 'NONE', #6057, #914, #10226, .T. ) ;
#1495 = EDGE_LOOP ( 'NONE', ( #8523, #2578, #6232, #8202 ) ) ;
#1497 = DIRECTION ( 'NONE',  ( 0.000000000000000000, -0.3746065934159000799, 0.9271838545667920872 ) ) ;
#1498 = DIRECTION ( 'NONE',  ( 0.000000000000000000, -1.000000000000000000, 0.000000000000000000 ) ) ;
#1499 = ADVANCED_FACE ( 'NONE', ( #6130 ), #3001, .F. ) ;
#1500 = ADVANCED_FACE ( 'NONE', ( #9413 ), #2102, .F. ) ;
#1501 = DIRECTION ( 'NONE',  ( 1.000000000000000000, 5.572884202040000394E-16, 0.000000000000000000 ) ) ;
#1502 = DIRECTION ( 'NONE',  ( -0.7071067811865474617, -4.373602238147601361E-16, -0.7071067811865474617 ) ) ;
#1503 = ORIENTED_EDGE ( 'NONE', *, *, #9849, .F. ) ;
#1504 = AXIS2_PLACEMENT_3D ( 'NONE', #6423, #5442, #8464 ) ;
#1505 = ORIENTED_EDGE ( 'NONE', *, *, #3895, .T. ) ;
#1506 = EDGE_CURVE ( 'NONE', #4966, #4641, #7881, .T. ) ;
#1507 = CARTESIAN_POINT ( 'NONE',  ( 6.500000000000000000, 110.2000000000000028, 7.000000000000000000 ) ) ;
#1508 = CARTESIAN_POINT ( 'NONE',  ( 343.0000000000000000, 18.19999999999999929, 15.65441558772840125 ) ) ;
#1509 = DIRECTION ( 'NONE',  ( 1.000000000000000000, 0.000000000000000000, 0.000000000000000000 ) ) ;
#1510 = DIRECTION ( 'NONE',  ( 0.000000000000000000, -1.000000000000000000, -4.809630431589130061E-16 ) ) ;
#1511 = AXIS2_PLACEMENT_3D ( 'NONE', #8844, #5718, #1689 ) ;
#1512 = CARTESIAN_POINT ( 'NONE',  ( 508.8508361943102045, 20.80215158257106367, 9.900000000000009237 ) ) ;
#1513 = FACE_OUTER_BOUND ( 'NONE', #6261, .T. ) ;
#1514 = ORIENTED_EDGE ( 'NONE', *, *, #6038, .T. ) ;
#1515 = DIRECTION ( 'NONE',  ( -6.123233995736769734E-17, -7.588638549471020099E-33, -1.000000000000000000 ) ) ;
#1516 = EDGE_LOOP ( 'NONE', ( #7889, #6606 ) ) ;
#1517 = ORIENTED_EDGE ( 'NONE', *, *, #9455, .F. ) ;
#1518 = VECTOR ( 'NONE', #1258, 1000.000000000000000 ) ;
#1519 = VERTEX_POINT ( 'NONE', #481 ) ;
#1520 = CARTESIAN_POINT ( 'NONE',  ( 503.1656268378782215, 369.5178606697663781, 4.792284185553956632 ) ) ;
#1521 = LINE ( 'NONE', #9563, #5130 ) ;
#1522 = VECTOR ( 'NONE', #9970, 1000.000000000000000 ) ;
#1523 = DIRECTION ( 'NONE',  ( 0.000000000000000000, -0.000000000000000000, 1.000000000000000000 ) ) ;
#1524 = LINE ( 'NONE', #6343, #4159 ) ;
#1525 = DIRECTION ( 'NONE',  ( 1.000000000000000000, 0.000000000000000000, 0.000000000000000000 ) ) ;
#1526 = LINE ( 'NONE', #4764, #5491 ) ;
#1527 = VECTOR ( 'NONE', #5320, 1000.000000000000000 ) ;
#1528 = DIRECTION ( 'NONE',  ( 0.000000000000000000, -1.000000000000000000, 0.000000000000000000 ) ) ;
#1529 = ORIENTED_EDGE ( 'NONE', *, *, #3510, .F. ) ;
#1530 = LINE ( 'NONE', #4767, #3344 ) ;
#1531 = CARTESIAN_POINT ( 'NONE',  ( 13.19999999999999929, 180.0000000000000000, 4.000000000000000000 ) ) ;
#1532 = COLOUR_RGB ( '',0.7921568627450980005, 0.8196078431372548767, 0.9333333333333333481 ) ;
#1533 = VERTEX_POINT ( 'NONE', #7732 ) ;
#1534 = CARTESIAN_POINT ( 'NONE',  ( 10.00000000000000000, 30.00000000000000000, 4.000000000000000000 ) ) ;
#1535 = ORIENTED_EDGE ( 'NONE', *, *, #3585, .F. ) ;
#1536 = FACE_OUTER_BOUND ( 'NONE', #1662, .T. ) ;
#1537 = CARTESIAN_POINT ( 'NONE',  ( 170.0000000000000000, 511.6000000000000796, 16.13725830020310070 ) ) ;
#1538 = AXIS2_PLACEMENT_3D ( 'NONE', #9952, #1913, #1124 ) ;
#1539 = FACE_BOUND ( 'NONE', #6005, .T. ) ;
#1540 = FACE_OUTER_BOUND ( 'NONE', #2383, .T. ) ;
#1541 = EDGE_CURVE ( 'NONE', #2935, #7792, #2957, .T. ) ;
#1542 = CARTESIAN_POINT ( 'NONE',  ( 358.0900687503492463, 530.0000000000000000, 6.568862358140376223 ) ) ;
#1543 = ORIENTED_EDGE ( 'NONE', *, *, #9514, .F. ) ;
#1544 = ORIENTED_EDGE ( 'NONE', *, *, #6134, .T. ) ;
#1545 = CARTESIAN_POINT ( 'NONE',  ( 355.6692167270024356, -5.176899690512915084E-28, 5.597130319949020993 ) ) ;
#1546 = ORIENTED_EDGE ( 'NONE', *, *, #10420, .T. ) ;
#1547 = ORIENTED_EDGE ( 'NONE', *, *, #4691, .F. ) ;
#1548 = EDGE_CURVE ( 'NONE', #3747, #7189, #425, .T. ) ;
#1549 = DIRECTION ( 'NONE',  ( 1.000000000000000000, 0.000000000000000000, 0.000000000000000000 ) ) ;
#1550 = CARTESIAN_POINT ( 'NONE',  ( 13.19999999999999929, 160.0000000000000000, 4.000000000000000000 ) ) ;
#1551 = PLANE ( 'NONE',  #4512 ) ;
#1552 = ADVANCED_FACE ( 'NONE', ( #579, #8470, #1368, #4600 ), #1165, .F. ) ;
#1553 = DIRECTION ( 'NONE',  ( 1.000000000000000000, 0.000000000000000000, 0.000000000000000000 ) ) ;
#1554 = CARTESIAN_POINT ( 'NONE',  ( 508.8508361943102045, 512.9431599864423106, 9.900000000000009237 ) ) ;
#1555 = CARTESIAN_POINT ( 'NONE',  ( 132.6656854249490038, 166.0000000000000000, 0.000000000000000000 ) ) ;
#1556 = VERTEX_POINT ( 'NONE', #7625 ) ;
#1557 = B_SPLINE_CURVE_WITH_KNOTS ( 'NONE', 3,
 ( #944, #8938, #9723, #5652 ),
 .UNSPECIFIED., .F., .F.,
 ( 4, 4 ),
 ( 0.005955683843868330926, 0.006676552255442202641 ),
 .UNSPECIFIED. ) ;
#1558 = VERTEX_POINT ( 'NONE', #379 ) ;
#1559 = AXIS2_PLACEMENT_3D ( 'NONE', #8702, #8541, #4684 ) ;
#1560 = CYLINDRICAL_SURFACE ( 'NONE', #5322, 1.750000000000001554 ) ;
#1561 = CARTESIAN_POINT ( 'NONE',  ( 510.0000000000000000, 283.6999999999999886, 13.00000000000000000 ) ) ;
#1562 = VECTOR ( 'NONE', #9443, 1000.000000000000000 ) ;
#1563 = DIRECTION ( 'NONE',  ( 0.000000000000000000, 0.000000000000000000, -1.000000000000000000 ) ) ;
#1564 = CARTESIAN_POINT ( 'NONE',  ( 20.00000000000000000, 20.00000000000000000, 20.00000000000000000 ) ) ;
#1565 = FACE_BOUND ( 'NONE', #7324, .T. ) ;
#1566 = CARTESIAN_POINT ( 'NONE',  ( 255.0000000000000000, 170.0000000000000000, 0.000000000000000000 ) ) ;
#1567 = EDGE_CURVE ( 'NONE', #1725, #5356, #7674, .T. ) ;
#1568 = ORIENTED_EDGE ( 'NONE', *, *, #5978, .T. ) ;
#1569 = CARTESIAN_POINT ( 'NONE',  ( 503.3587288775770503, 360.0000000000000568, 5.288593162230189826 ) ) ;
#1570 = ORIENTED_EDGE ( 'NONE', *, *, #8549, .T. ) ;
#1571 = ORIENTED_EDGE ( 'NONE', *, *, #4883, .F. ) ;
#1572 = AXIS2_PLACEMENT_3D ( 'NONE', #8192, #1832, #1672 ) ;
#1573 = ORIENTED_EDGE ( 'NONE', *, *, #3288, .T. ) ;
#1574 = EDGE_CURVE ( 'NONE', #3406, #3575, #272, .T. ) ;
#1575 = EDGE_CURVE ( 'NONE', #936, #829, #2322, .T. ) ;
#1576 = LINE ( 'NONE', #735, #5243 ) ;
#1577 = CARTESIAN_POINT ( 'NONE',  ( 180.0000000000000000, 520.0000000000000000, 4.000000000000000000 ) ) ;
#1578 = DIRECTION ( 'NONE',  ( -0.5268521966118807631, 0.8499569182760007280, 0.000000000000000000 ) ) ;
#1579 = FACE_OUTER_BOUND ( 'NONE', #5600, .T. ) ;
#1580 = CARTESIAN_POINT ( 'NONE',  ( 344.0000000000000000, 265.0000000000000000, 8.068629150101539693 ) ) ;
#1581 = CARTESIAN_POINT ( 'NONE',  ( 505.8203856630667588, 360.0000000000000568, 6.903355216515415727 ) ) ;
#1582 = ADVANCED_FACE ( 'NONE', ( #8981 ), #3920, .F. ) ;
#1583 = ORIENTED_EDGE ( 'NONE', *, *, #8114, .F. ) ;
#1584 = CARTESIAN_POINT ( 'NONE',  ( 166.0000000000000000, 392.3343145750509962, 0.000000000000000000 ) ) ;
#1585 = LINE ( 'NONE', #747, #3056 ) ;
#1586 = ORIENTED_EDGE ( 'NONE', *, *, #7782, .F. ) ;
#1587 = DIRECTION ( 'NONE',  ( 1.000000000000000000, 0.000000000000000000, 0.000000000000000000 ) ) ;
#1588 = EDGE_LOOP ( 'NONE', ( #594, #1280 ) ) ;
#1589 = LINE ( 'NONE', #58, #4151 ) ;
#1590 = CARTESIAN_POINT ( 'NONE',  ( 0.000000000000000000, 54.80000000000000426, 7.000000000000000000 ) ) ;
#1591 = FACE_OUTER_BOUND ( 'NONE', #3707, .T. ) ;
#1592 = CARTESIAN_POINT ( 'NONE',  ( 357.2411157927056138, 529.9999999999997726, 6.822063215176021878 ) ) ;
#1593 = ORIENTED_EDGE ( 'NONE', *, *, #7193, .T. ) ;
#1594 = ORIENTED_EDGE ( 'NONE', *, *, #1378, .F. ) ;
#1595 = VECTOR ( 'NONE', #1178, 1000.000000000000000 ) ;
#1596 = CARTESIAN_POINT ( 'NONE',  ( 359.6713945311444718, -1.301042602428019460E-15, 6.900036599416313088 ) ) ;
#1597 = VERTEX_POINT ( 'NONE', #9570 ) ;
#1598 = VERTEX_POINT ( 'NONE', #4167 ) ;
#1599 = AXIS2_PLACEMENT_3D ( 'NONE', #1274, #7742, #3765 ) ;
#1600 = DIRECTION ( 'NONE',  ( -0.000000000000000000, 1.000000000000000000, 0.000000000000000000 ) ) ;
#1601 = DIRECTION ( 'NONE',  ( 0.000000000000000000, 0.000000000000000000, -1.000000000000000000 ) ) ;
#1602 = CARTESIAN_POINT ( 'NONE',  ( 490.0000000000000000, 170.0000000000000000, 20.00000000000000000 ) ) ;
#1603 = AXIS2_PLACEMENT_3D ( 'NONE', #1329, #8690, #7907 ) ;
#1604 = CYLINDRICAL_SURFACE ( 'NONE', #2268, 3.199999999999980638 ) ;
#1605 = CARTESIAN_POINT ( 'NONE',  ( 503.1923588499977882, 179.7500068335044432, 4.876419079304624482 ) ) ;
#1606 = VECTOR ( 'NONE', #2455, 1000.000000000000000 ) ;
#1607 = LINE ( 'NONE', #8079, #7719 ) ;
#1608 = EDGE_LOOP ( 'NONE', ( #550, #3771 ) ) ;
#1609 = VERTEX_POINT ( 'NONE', #7398 ) ;
#1610 = ADVANCED_FACE ( 'NONE', ( #1773, #1722, #5015 ), #635, .T. ) ;
#1611 = DIRECTION ( 'NONE',  ( 1.000000000000000000, 0.000000000000000000, 0.000000000000000000 ) ) ;
#1612 = DIRECTION ( 'NONE',  ( 2.786442101020000197E-16, -1.000000000000000000, 6.123233995736769734E-17 ) ) ;
#1613 = VECTOR ( 'NONE', #9621, 1000.000000000000000 ) ;
#1614 = VECTOR ( 'NONE', #2145, 1000.000000000000000 ) ;
#1615 = CARTESIAN_POINT ( 'NONE',  ( 491.8000000000000114, 360.0000000000000000, -1.316185818765109959E-14 ) ) ;
#1616 = FACE_OUTER_BOUND ( 'NONE', #4239, .T. ) ;
#1617 = CARTESIAN_POINT ( 'NONE',  ( 350.0000000000000000, 520.0000000000000000, 12.00000000000000000 ) ) ;
#1618 = CARTESIAN_POINT ( 'NONE',  ( 491.8000000000000114, 167.0000000000000000, 15.65441558772840125 ) ) ;
#1619 = AXIS2_PLACEMENT_3D ( 'NONE', #2947, #4497, #9264 ) ;
#1620 = EDGE_CURVE ( 'NONE', #8974, #10187, #6296, .T. ) ;
#1621 = ORIENTED_EDGE ( 'NONE', *, *, #2711, .F. ) ;
#1622 = CARTESIAN_POINT ( 'NONE',  ( 2.545584412271550079, 170.0000000000000000, 6.927324534990640061E-16 ) ) ;
#1623 = EDGE_LOOP ( 'NONE', ( #7462, #7416, #9737, #4400 ) ) ;
#1624 = ORIENTED_EDGE ( 'NONE', *, *, #4428, .T. ) ;
#1625 = ORIENTED_EDGE ( 'NONE', *, *, #8733, .F. ) ;
#1626 = CARTESIAN_POINT ( 'NONE',  ( 0.000000000000000000, 110.2000000000000028, 7.000000000000000000 ) ) ;
#1627 = EDGE_CURVE ( 'NONE', #93, #10334, #4218, .T. ) ;
#1628 = DIRECTION ( 'NONE',  ( 0.000000000000000000, 0.000000000000000000, 1.000000000000000000 ) ) ;
#1629 = LINE ( 'NONE', #8836, #437 ) ;
#1630 = CARTESIAN_POINT ( 'NONE',  ( 510.0000000000000000, 246.2999999999999829, 13.00000000000000000 ) ) ;
#1631 = CARTESIAN_POINT ( 'NONE',  ( 340.0000000000000000, 510.0000000000000000, 0.000000000000000000 ) ) ;
#1632 = VECTOR ( 'NONE', #4732, 1000.000000000000000 ) ;
#1633 = ADVANCED_FACE ( 'NONE', ( #5803 ), #8190, .T. ) ;
#1634 = EDGE_CURVE ( 'NONE', #4185, #10105, #6300, .T. ) ;
#1635 = VERTEX_POINT ( 'NONE', #145 ) ;
#1636 = VECTOR ( 'NONE', #2574, 1000.000000000000114 ) ;
#1637 = FACE_BOUND ( 'NONE', #969, .T. ) ;
#1638 = VERTEX_POINT ( 'NONE', #4710 ) ;
#1639 = CARTESIAN_POINT ( 'NONE',  ( 180.0000000000000000, 520.0000000000000000, 12.00000000000000000 ) ) ;
#1640 = ORIENTED_EDGE ( 'NONE', *, *, #581, .F. ) ;
#1641 = ADVANCED_FACE ( 'NONE', ( #5502 ), #10360, .F. ) ;
#1642 = DIRECTION ( 'NONE',  ( 0.000000000000000000, 0.000000000000000000, 1.000000000000000000 ) ) ;
#1643 = DIRECTION ( 'NONE',  ( 0.000000000000000000, 0.000000000000000000, -1.000000000000000000 ) ) ;
#1644 = AXIS2_PLACEMENT_3D ( 'NONE', #1034, #1335, #3777 ) ;
#1645 = LINE ( 'NONE', #3182, #7263 ) ;
#1646 = VECTOR ( 'NONE', #7859, 1000.000000000000000 ) ;
#1647 = CIRCLE ( 'NONE', #6388, 2.350000000000018741 ) ;
#1648 = CARTESIAN_POINT ( 'NONE',  ( 508.5315385584132741, 170.0000000000001705, 5.278290179068104493 ) ) ;
#1649 = EDGE_LOOP ( 'NONE', ( #8695, #8071, #2696, #7985, #9640 ) ) ;
#1650 = ORIENTED_EDGE ( 'NONE', *, *, #6751, .T. ) ;
#1651 = CARTESIAN_POINT ( 'NONE',  ( 0.000000000000000000, 0.000000000000000000, 20.00000000000000000 ) ) ;
#1652 = ORIENTED_EDGE ( 'NONE', *, *, #6159, .T. ) ;
#1653 = AXIS2_PLACEMENT_3D ( 'NONE', #4335, #7564, #319 ) ;
#1654 = ORIENTED_EDGE ( 'NONE', *, *, #10263, .F. ) ;
#1655 = CARTESIAN_POINT ( 'NONE',  ( 10.00000000000000000, 30.00000000000000000, 0.000000000000000000 ) ) ;
#1656 = DIRECTION ( 'NONE',  ( 0.000000000000000000, 0.3746065934159150679, -0.9271838545667862030 ) ) ;
#1657 = LINE ( 'NONE', #3245, #261 ) ;
#1658 = CARTESIAN_POINT ( 'NONE',  ( 497.0916226339047057, 523.2298202377401140, 9.900000000000009237 ) ) ;
#1659 = LINE ( 'NONE', #74, #5708 ) ;
#1660 = LINE ( 'NONE', #8131, #1288 ) ;
#1661 = ORIENTED_EDGE ( 'NONE', *, *, #8549, .F. ) ;
#1662 = EDGE_LOOP ( 'NONE', ( #5646, #2556, #1625, #1774, #9821, #4122, #7593, #8691, #9177, #6707, #7653, #1003, #8843, #4939, #57, #7014 ) ) ;
#1663 = AXIS2_PLACEMENT_3D ( 'NONE', #7339, #2456, #8976 ) ;
#1664 = DIRECTION ( 'NONE',  ( 1.000000000000000000, 0.000000000000000000, 0.000000000000000000 ) ) ;
#1665 = CARTESIAN_POINT ( 'NONE',  ( 10.00000000000000000, 180.0000000000000000, 12.00000000000000000 ) ) ;
#1666 = DIRECTION ( 'NONE',  ( 0.9901482220209214535, -0.1400232067509100398, 0.000000000000000000 ) ) ;
#1667 = DIRECTION ( 'NONE',  ( 0.000000000000000000, 1.000000000000000000, 0.000000000000000000 ) ) ;
#1668 = FACE_OUTER_BOUND ( 'NONE', #2722, .T. ) ;
#1669 = DIRECTION ( 'NONE',  ( 6.123233995736769734E-17, 1.183916645283569971E-49, 1.000000000000000000 ) ) ;
#1670 = ORIENTED_EDGE ( 'NONE', *, *, #7597, .T. ) ;
#1671 = EDGE_CURVE ( 'NONE', #8016, #2886, #4111, .T. ) ;
#1672 = DIRECTION ( 'NONE',  ( 1.000000000000000000, 0.000000000000000000, 0.000000000000000000 ) ) ;
#1673 = ORIENTED_EDGE ( 'NONE', *, *, #5265, .T. ) ;
#1674 = ORIENTED_EDGE ( 'NONE', *, *, #8371, .T. ) ;
#1675 = LINE ( 'NONE', #4125, #4235 ) ;
#1676 = DIRECTION ( 'NONE',  ( 0.000000000000000000, 0.000000000000000000, -1.000000000000000000 ) ) ;
#1677 = AXIS2_PLACEMENT_3D ( 'NONE', #2887, #6180, #8569 ) ;
#1678 = DIRECTION ( 'NONE',  ( 1.000000000000000000, 0.000000000000000000, 0.000000000000000000 ) ) ;
#1679 = EDGE_CURVE ( 'NONE', #9791, #1846, #989, .T. ) ;
#1680 = CARTESIAN_POINT ( 'NONE',  ( 495.9425898691238785, 20.06587492801714134, 3.900000000000000355 ) ) ;
#1681 =( BOUNDED_SURFACE ( )  B_SPLINE_SURFACE ( 3, 3, ( 
 ( #8472, #5828, #2647, #5884 ),
 ( #4297, #4196, #6734, #7522 ),
 ( #332, #1908, #2698, #5194 ),
 ( #173, #3396, #1016, #1804 ) ),
 .UNSPECIFIED., .F., .F., .F. ) 
 B_SPLINE_SURFACE_WITH_KNOTS ( ( 4, 4 ),
 ( 4, 4 ),
 ( 0.000000000000000000, 1.000000000000000000 ),
 ( 0.000000000000000000, 1.000000000000000000 ),
 .UNSPECIFIED. ) 
 GEOMETRIC_REPRESENTATION_ITEM ( )  RATIONAL_B_SPLINE_SURFACE ( (
 ( 1.000000000000000000, 0.9351031243807641502, 0.9351031243807641502, 1.000000000000000000),
 ( 0.3333333333333333703, 0.3117010414602547352, 0.3117010414602547352, 0.3333333333333333703),
 ( 0.3333333333333333703, 0.3117010414602547352, 0.3117010414602547352, 0.3333333333333333703),
 ( 1.000000000000000000, 0.9351031243807641502, 0.9351031243807641502, 1.000000000000000000) ) ) 
 REPRESENTATION_ITEM ( '' )  SURFACE ( )  );
#1682 = DIRECTION ( 'NONE',  ( -1.000000000000000000, 8.616220720400398660E-16, 0.000000000000000000 ) ) ;
#1683 = CARTESIAN_POINT ( 'NONE',  ( 508.3270020009305199, 360.0000000000002274, 5.627423700706362553 ) ) ;
#1684 = ORIENTED_EDGE ( 'NONE', *, *, #2352, .T. ) ;
#1685 = EDGE_CURVE ( 'NONE', #1725, #8151, #743, .T. ) ;
#1686 = FACE_OUTER_BOUND ( 'NONE', #6323, .T. ) ;
#1687 = ORIENTED_EDGE ( 'NONE', *, *, #353, .T. ) ;
#1688 = B_SPLINE_CURVE_WITH_KNOTS ( 'NONE', 3,
 ( #6559, #8195, #4809, #1520, #2470, #842, #4174, #3267, #3319, #9562 ),
 .UNSPECIFIED., .F., .F.,
 ( 4, 2, 2, 2, 4 ),
 ( 0.001490824630554029315, 0.001863525137517503235, 0.002236225644480977371, 0.002608926151444451291, 0.002981626658407925210 ),
 .UNSPECIFIED. ) ;
#1689 = DIRECTION ( 'NONE',  ( 0.000000000000000000, 1.000000000000000000, 0.000000000000000000 ) ) ;
#1690 = VERTEX_POINT ( 'NONE', #7205 ) ;
#1691 = EDGE_CURVE ( 'NONE', #8946, #4805, #2218, .T. ) ;
#1692 = CARTESIAN_POINT ( 'NONE',  ( 363.0018050113110917, 526.4288566782358885, 9.900000000000009237 ) ) ;
#1693 = PLANE ( 'NONE',  #5535 ) ;
#1694 = CIRCLE ( 'NONE', #9465, 1.749999999999973799 ) ;
#1695 = CARTESIAN_POINT ( 'NONE',  ( 6.500000000000000000, 475.1999999999999886, 6.999999999999779732 ) ) ;
#1696 = EDGE_CURVE ( 'NONE', #10279, #7485, #8659, .T. ) ;
#1697 = LINE ( 'NONE', #3339, #4149 ) ;
#1698 = EDGE_LOOP ( 'NONE', ( #8774, #6411, #10317, #7747 ) ) ;
#1699 = ORIENTED_EDGE ( 'NONE', *, *, #1685, .T. ) ;
#1700 = DIRECTION ( 'NONE',  ( 1.000000000000000000, 0.000000000000000000, 0.000000000000000000 ) ) ;
#1701 = ORIENTED_EDGE ( 'NONE', *, *, #8625, .T. ) ;
#1702 = EDGE_CURVE ( 'NONE', #9438, #1103, #3863, .T. ) ;
#1703 = VERTEX_POINT ( 'NONE', #2265 ) ;
#1704 = VECTOR ( 'NONE', #8376, 1000.000000000000000 ) ;
#1705 = EDGE_CURVE ( 'NONE', #1103, #7839, #7652, .T. ) ;
#1706 = DIRECTION ( 'NONE',  ( 1.000000000000000000, 0.000000000000000000, 0.000000000000000000 ) ) ;
#1707 = CARTESIAN_POINT ( 'NONE',  ( 498.5641759430124011, 517.4133275873676894, 6.433224273564971550E-16 ) ) ;
#1708 = DIRECTION ( 'NONE',  ( 0.000000000000000000, 0.000000000000000000, -1.000000000000000000 ) ) ;
#1709 = DIRECTION ( 'NONE',  ( 1.492928237510310014E-32, -6.123233995736769734E-17, -1.000000000000000000 ) ) ;
#1710 = CARTESIAN_POINT ( 'NONE',  ( 503.1463130470120859, 179.4087054172277362, 4.728636147329158490 ) ) ;
#1711 = EDGE_CURVE ( 'NONE', #3575, #6481, #1982, .T. ) ;
#1712 = VECTOR ( 'NONE', #1669, 1000.000000000000000 ) ;
#1713 = DIRECTION ( 'NONE',  ( 1.000000000000000000, 2.786442101020000197E-16, 0.000000000000000000 ) ) ;
#1714 = ORIENTED_EDGE ( 'NONE', *, *, #401, .F. ) ;
#1715 = VERTEX_POINT ( 'NONE', #1241 ) ;
#1716 = LINE ( 'NONE', #3085, #2620 ) ;
#1717 = DIRECTION ( 'NONE',  ( 1.000000000000000000, 0.000000000000000000, 0.000000000000000000 ) ) ;
#1718 = LINE ( 'NONE', #1615, #9067 ) ;
#1719 = CARTESIAN_POINT ( 'NONE',  ( 217.9999999999999147, 530.0000000000000000, 17.06413377357530692 ) ) ;
#1720 = CARTESIAN_POINT ( 'NONE',  ( 510.0000000000000000, 273.6999999999999886, 13.00000000000000000 ) ) ;
#1721 = FACE_OUTER_BOUND ( 'NONE', #9157, .T. ) ;
#1722 = FACE_BOUND ( 'NONE', #6026, .T. ) ;
#1723 = VERTEX_POINT ( 'NONE', #7698 ) ;
#1724 = DIRECTION ( 'NONE',  ( -1.340646671245470025E-16, 1.000000000000000000, 7.638567978756229350E-17 ) ) ;
#1725 = VERTEX_POINT ( 'NONE', #9237 ) ;
#1726 = ORIENTED_EDGE ( 'NONE', *, *, #10015, .F. ) ;
#1727 = AXIS2_PLACEMENT_3D ( 'NONE', #8349, #5226, #10126 ) ;
#1728 = DIRECTION ( 'NONE',  ( 0.000000000000000000, -1.000000000000000000, 6.123233995736750012E-17 ) ) ;
#1729 = FILL_AREA_STYLE ('',( #97 ) ) ;
#1730 = PLANE ( 'NONE',  #8957 ) ;
#1731 = CARTESIAN_POINT ( 'NONE',  ( 330.0000000000000000, 520.0000000000000000, 0.000000000000000000 ) ) ;
#1732 = DIRECTION ( 'NONE',  ( 1.000000000000000000, 0.000000000000000000, 0.000000000000000000 ) ) ;
#1733 = AXIS2_PLACEMENT_3D ( 'NONE', #10307, #2515, #7445 ) ;
#1734 = CARTESIAN_POINT ( 'NONE',  ( 500.0000000000000000, 370.0000000000000000, 0.000000000000000000 ) ) ;
#1735 = ORIENTED_EDGE ( 'NONE', *, *, #4820, .T. ) ;
#1736 = EDGE_CURVE ( 'NONE', #744, #1883, #3617, .T. ) ;
#1737 = CIRCLE ( 'NONE', #1572, 1.750000000000029310 ) ;
#1738 = LINE ( 'NONE', #8995, #5886 ) ;
#1739 = ORIENTED_EDGE ( 'NONE', *, *, #600, .F. ) ;
#1740 = CARTESIAN_POINT ( 'NONE',  ( 495.9425898691239354, 10.06587492801708272, 3.900000000000000355 ) ) ;
#1741 = VERTEX_POINT ( 'NONE', #6004 ) ;
#1742 = FACE_BOUND ( 'NONE', #9802, .T. ) ;
#1743 = EDGE_CURVE ( 'NONE', #8865, #5687, #4708, .T. ) ;
#1744 = CARTESIAN_POINT ( 'NONE',  ( 156.7999999999999829, 520.0000000000000000, 20.00000000000000000 ) ) ;
#1745 = VECTOR ( 'NONE', #427, 1000.000000000000000 ) ;
#1746 = DIRECTION ( 'NONE',  ( -1.000000000000000000, 0.000000000000000000, 6.123233995736750012E-17 ) ) ;
#1747 = LINE ( 'NONE', #7626, #7524 ) ;
#1748 = EDGE_CURVE ( 'NONE', #804, #8845, #5271, .T. ) ;
#1749 = ORIENTED_EDGE ( 'NONE', *, *, #722, .F. ) ;
#1750 = ORIENTED_EDGE ( 'NONE', *, *, #3546, .T. ) ;
#1751 = FACE_OUTER_BOUND ( 'NONE', #715, .T. ) ;
#1752 = ORIENTED_EDGE ( 'NONE', *, *, #7729, .T. ) ;
#1753 = ORIENTED_EDGE ( 'NONE', *, *, #200, .F. ) ;
#1754 = ADVANCED_FACE ( 'NONE', ( #9140 ), #10021, .T. ) ;
#1755 = LINE ( 'NONE', #8124, #4925 ) ;
#1756 = CARTESIAN_POINT ( 'NONE',  ( 10.00000000000000000, 500.0000000000000000, 12.00000000000000000 ) ) ;
#1757 = DIRECTION ( 'NONE',  ( 0.000000000000000000, -0.9271838545667858700, -0.3746065934159159005 ) ) ;
#1758 = CARTESIAN_POINT ( 'NONE',  ( 215.0000000000000284, 515.5081397412454862, 9.591240053883812067 ) ) ;
#1759 = DIRECTION ( 'NONE',  ( 0.000000000000000000, 0.000000000000000000, 1.000000000000000000 ) ) ;
#1760 = EDGE_CURVE ( 'NONE', #8025, #21, #7494, .T. ) ;
#1761 = EDGE_CURVE ( 'NONE', #6961, #570, #4269, .T. ) ;
#1762 = ORIENTED_EDGE ( 'NONE', *, *, #9393, .T. ) ;
#1763 = ORIENTED_EDGE ( 'NONE', *, *, #5451, .T. ) ;
#1764 = VECTOR ( 'NONE', #554, 1000.000000000000000 ) ;
#1765 = DIRECTION ( 'NONE',  ( 0.000000000000000000, -1.000000000000000000, 0.000000000000000000 ) ) ;
#1766 = CARTESIAN_POINT ( 'NONE',  ( 255.0000000000000000, 532.1447388037000792, 14.69506026980380042 ) ) ;
#1767 = CARTESIAN_POINT ( 'NONE',  ( 255.0000000000000000, 360.0000000000000000, 0.000000000000000000 ) ) ;
#1768 = AXIS2_PLACEMENT_3D ( 'NONE', #396, #9921, #7439 ) ;
#1769 = DIRECTION ( 'NONE',  ( 0.000000000000000000, 0.000000000000000000, -1.000000000000000000 ) ) ;
#1770 = VECTOR ( 'NONE', #5657, 1000.000000000000000 ) ;
#1771 = PLANE ( 'NONE',  #3637 ) ;
#1772 = DIRECTION ( 'NONE',  ( 0.000000000000000000, 1.000000000000000000, 0.000000000000000000 ) ) ;
#1773 = FACE_BOUND ( 'NONE', #9324, .T. ) ;
#1774 = ORIENTED_EDGE ( 'NONE', *, *, #5651, .T. ) ;
#1775 = CARTESIAN_POINT ( 'NONE',  ( 490.0000000000000000, 20.00000000000000000, 20.00000000000000000 ) ) ;
#1776 = ORIENTED_EDGE ( 'NONE', *, *, #9650, .F. ) ;
#1777 = AXIS2_PLACEMENT_3D ( 'NONE', #2174, #5411, #1382 ) ;
#1778 = ORIENTED_EDGE ( 'NONE', *, *, #8238, .T. ) ;
#1779 = CIRCLE ( 'NONE', #5840, 3.200000000000008171 ) ;
#1780 = PLANE ( 'NONE',  #510 ) ;
#1781 = DIRECTION ( 'NONE',  ( 1.000000000000000000, 0.000000000000000000, 0.000000000000000000 ) ) ;
#1782 = DIRECTION ( 'NONE',  ( -1.492928237510310014E-32, 0.000000000000000000, 1.000000000000000000 ) ) ;
#1783 = DIRECTION ( 'NONE',  ( 1.492928237510310014E-32, -6.123233995736769734E-17, -1.000000000000000000 ) ) ;
#1784 = VECTOR ( 'NONE', #7517, 1000.000000000000000 ) ;
#1785 = CARTESIAN_POINT ( 'NONE',  ( 0.000000000000000000, 475.1999999999999886, 12.99999999999979927 ) ) ;
#1786 = DIRECTION ( 'NONE',  ( 0.000000000000000000, 0.000000000000000000, -1.000000000000000000 ) ) ;
#1787 = AXIS2_PLACEMENT_3D ( 'NONE', #4812, #7408, #99 ) ;
#1788 = AXIS2_PLACEMENT_3D ( 'NONE', #5906, #1878, #5112 ) ;
#1789 = EDGE_LOOP ( 'NONE', ( #8462, #2060, #3353, #8960 ) ) ;
#1790 = CARTESIAN_POINT ( 'NONE',  ( 503.9599942386645353, 319.9999999999999432, 6.100346256823687696 ) ) ;
#1791 = EDGE_LOOP ( 'NONE', ( #5678, #4364, #2402, #9212 ) ) ;
#1792 = PLANE ( 'NONE',  #6766 ) ;
#1793 = ORIENTED_EDGE ( 'NONE', *, *, #3876, .T. ) ;
#1794 = AXIS2_PLACEMENT_3D ( 'NONE', #721, #6547, #2509 ) ;
#1795 = LINE ( 'NONE', #4242, #7875 ) ;
#1796 = CARTESIAN_POINT ( 'NONE',  ( 510.0000000000000000, 283.6999999999999886, 7.000000000000000000 ) ) ;
#1797 = CIRCLE ( 'NONE', #6195, 3.199999999999999734 ) ;
#1798 = DIRECTION ( 'NONE',  ( 1.139240545461550029E-49, -6.123233995736769734E-17, -1.000000000000000000 ) ) ;
#1799 = LINE ( 'NONE', #4983, #5996 ) ;
#1801 = ORIENTED_EDGE ( 'NONE', *, *, #1120, .T. ) ;
#1800 = EDGE_CURVE ( 'NONE', #5213, #9033, #551, .T. ) ;
#1802 = ORIENTED_EDGE ( 'NONE', *, *, #9650, .T. ) ;
#1803 = CIRCLE ( 'NONE', #4849, 1.749999999999999778 ) ;
#1804 = CARTESIAN_POINT ( 'NONE',  ( 363.0018050113110348, 526.4288566782357748, 3.900000000000000799 ) ) ;
#1805 = ORIENTED_EDGE ( 'NONE', *, *, #9972, .F. ) ;
#1806 = ORIENTED_EDGE ( 'NONE', *, *, #2351, .T. ) ;
#1807 = VECTOR ( 'NONE', #4214, 1000.000000000000000 ) ;
#1808 = CARTESIAN_POINT ( 'NONE',  ( 491.5999999999999659, 170.0000000000000000, 16.13725830020310070 ) ) ;
#1809 = CARTESIAN_POINT ( 'NONE',  ( 215.0000000000000284, 510.0000000000000000, 4.238056389090750997 ) ) ;
#1810 = EDGE_CURVE ( 'NONE', #5701, #5274, #6758, .T. ) ;
#1811 = FACE_BOUND ( 'NONE', #2646, .T. ) ;
#1812 = AXIS2_PLACEMENT_3D ( 'NONE', #1426, #6994, #3871 ) ;
#1813 = FACE_OUTER_BOUND ( 'NONE', #3340, .T. ) ;
#1814 = LINE ( 'NONE', #9807, #6670 ) ;
#1815 = CARTESIAN_POINT ( 'NONE',  ( -5.955527730218059342E-31, 320.1000000000000227, 12.99999999999979927 ) ) ;
#1816 = VERTEX_POINT ( 'NONE', #8295 ) ;
#1817 = EDGE_CURVE ( 'NONE', #6179, #10090, #9926, .T. ) ;
#1818 = ORIENTED_EDGE ( 'NONE', *, *, #527, .T. ) ;
#1819 = ORIENTED_EDGE ( 'NONE', *, *, #4892, .F. ) ;
#1820 = CIRCLE ( 'NONE', #8756, 3.199999999999999734 ) ;
#1821 = FACE_OUTER_BOUND ( 'NONE', #7630, .T. ) ;
#1822 = VECTOR ( 'NONE', #1942, 1000.000000000000000 ) ;
#1823 = LINE ( 'NONE', #6702, #4341 ) ;
#1824 = ADVANCED_FACE ( 'NONE', ( #8493 ), #5855, .F. ) ;
#1825 = EDGE_CURVE ( 'NONE', #21, #9900, #9089, .T. ) ;
#1826 = DIRECTION ( 'NONE',  ( 0.000000000000000000, 0.000000000000000000, -1.000000000000000000 ) ) ;
#1827 = CARTESIAN_POINT ( 'NONE',  ( 501.7500000000000568, 30.00000000000000000, 0.000000000000000000 ) ) ;
#1828 = PLANE ( 'NONE',  #7444 ) ;
#1829 = CARTESIAN_POINT ( 'NONE',  ( 503.0848070195589230, 159.1471583976020554, 4.467520984445361165 ) ) ;
#1830 = VERTEX_POINT ( 'NONE', #8342 ) ;
#1831 = EDGE_CURVE ( 'NONE', #8766, #3070, #1926, .T. ) ;
#1832 = DIRECTION ( 'NONE',  ( 0.000000000000000000, 0.000000000000000000, -1.000000000000000000 ) ) ;
#1833 = EDGE_LOOP ( 'NONE', ( #5807, #9485 ) ) ;
#1834 = EDGE_LOOP ( 'NONE', ( #1273, #2863, #5423, #4729 ) ) ;
#1835 = LINE ( 'NONE', #1045, #1190 ) ;
#1836 = CARTESIAN_POINT ( 'NONE',  ( 503.1923588499977882, 349.7500068335045285, 4.876419079304595172 ) ) ;
#1837 = CARTESIAN_POINT ( 'NONE',  ( 351.7499999999999432, 520.0000000000000000, 0.000000000000000000 ) ) ;
#1838 = CARTESIAN_POINT ( 'NONE',  ( 18.19999999999999929, 363.0000000000000000, -1.334555520752319915E-14 ) ) ;
#1839 = EDGE_CURVE ( 'NONE', #9825, #1406, #245, .T. ) ;
#1840 = VECTOR ( 'NONE', #2808, 1000.000000000000000 ) ;
#1841 = FACE_OUTER_BOUND ( 'NONE', #863, .T. ) ;
#1842 = CARTESIAN_POINT ( 'NONE',  ( 6.500000000000000000, 454.3000000000059799, 12.99999999999979927 ) ) ;
#1843 = ORIENTED_EDGE ( 'NONE', *, *, #3489, .T. ) ;
#1844 = CARTESIAN_POINT ( 'NONE',  ( 503.2148434241803443, 320.0000000000003979, 4.951792087667556075 ) ) ;
#1845 = VECTOR ( 'NONE', #8009, 1000.000000000000000 ) ;
#1846 = VERTEX_POINT ( 'NONE', #5957 ) ;
#1847 = LINE ( 'NONE', #9203, #9634 ) ;
#1848 = ORIENTED_EDGE ( 'NONE', *, *, #932, .F. ) ;
#1849 = DIRECTION ( 'NONE',  ( 0.000000000000000000, 0.000000000000000000, -1.000000000000000000 ) ) ;
#1850 = DIRECTION ( 'NONE',  ( -1.000000000000000000, -2.786442101020000197E-16, -4.607900012717279919E-17 ) ) ;
#1851 = VECTOR ( 'NONE', #8680, 1000.000000000000000 ) ;
#1852 = CARTESIAN_POINT ( 'NONE',  ( 503.1999999999999886, 370.0000000000000000, 20.00000000000000000 ) ) ;
#1853 = UNCERTAINTY_MEASURE_WITH_UNIT (LENGTH_MEASURE( 1.000000000000000082E-05 ), #9097, 'distance_accuracy_value', 'NONE');
#1854 = LINE ( 'NONE', #5092, #7015 ) ;
#1855 = ORIENTED_EDGE ( 'NONE', *, *, #7918, .T. ) ;
#1856 = VERTEX_POINT ( 'NONE', #5165 ) ;
#1857 = FILL_AREA_STYLE ('',( #2744 ) ) ;
#1858 = ORIENTED_EDGE ( 'NONE', *, *, #2343, .T. ) ;
#1859 = ORIENTED_EDGE ( 'NONE', *, *, #5199, .T. ) ;
#1860 = VECTOR ( 'NONE', #1199, 1000.000000000000000 ) ;
#1861 = CIRCLE ( 'NONE', #8798, 1.749999999999973799 ) ;
#1862 = LINE ( 'NONE', #7476, #6097 ) ;
#1863 =( NAMED_UNIT ( * ) PLANE_ANGLE_UNIT ( ) SI_UNIT ( $, .RADIAN. ) );
#1864 = ORIENTED_EDGE ( 'NONE', *, *, #4928, .F. ) ;
#1865 = LINE ( 'NONE', #2553, #6513 ) ;
#1866 = PLANE ( 'NONE',  #7005 ) ;
#1867 = LINE ( 'NONE', #9958, #8730 ) ;
#1868 = ORIENTED_EDGE ( 'NONE', *, *, #8185, .T. ) ;
#1869 = VECTOR ( 'NONE', #2829, 1000.000000000000000 ) ;
#1870 = VERTEX_POINT ( 'NONE', #8392 ) ;
#1871 = ADVANCED_FACE ( 'NONE', ( #357, #9286, #6214 ), #608, .F. ) ;
#1872 = ORIENTED_EDGE ( 'NONE', *, *, #89, .F. ) ;
#1873 = FACE_BOUND ( 'NONE', #1340, .T. ) ;
#1874 = DIRECTION ( 'NONE',  ( 1.000000000000000000, 2.786442101020000197E-16, 0.000000000000000000 ) ) ;
#1875 = EDGE_CURVE ( 'NONE', #361, #7554, #5960, .T. ) ;
#1876 = DIRECTION ( 'NONE',  ( -1.000000000000000000, 0.000000000000000000, 0.000000000000000000 ) ) ;
#1877 = VECTOR ( 'NONE', #5541, 1000.000000000000000 ) ;
#1878 = DIRECTION ( 'NONE',  ( 0.000000000000000000, 0.000000000000000000, -1.000000000000000000 ) ) ;
#1879 = CARTESIAN_POINT ( 'NONE',  ( 13.19999999999999929, 370.0000000000000000, 20.00000000000000000 ) ) ;
#1880 = DIRECTION ( 'NONE',  ( 1.000000000000000000, 0.000000000000000000, 0.000000000000000000 ) ) ;
#1881 = ORIENTED_EDGE ( 'NONE', *, *, #2318, .F. ) ;
#1882 = DIRECTION ( 'NONE',  ( 0.000000000000000000, 0.000000000000000000, -1.000000000000000000 ) ) ;
#1883 = VERTEX_POINT ( 'NONE', #7069 ) ;
#1884 = ORIENTED_EDGE ( 'NONE', *, *, #6233, .T. ) ;
#1885 = CARTESIAN_POINT ( 'NONE',  ( 176.7999999999999829, 10.00000000000000000, 4.000000000000000000 ) ) ;
#1886 = PRESENTATION_STYLE_ASSIGNMENT (( #7655 ) ) ;
#1887 = CARTESIAN_POINT ( 'NONE',  ( 215.0000000000000284, 515.5081397412454862, 9.591240053883812067 ) ) ;
#1888 = FACE_OUTER_BOUND ( 'NONE', #675, .T. ) ;
#1889 = EDGE_CURVE ( 'NONE', #4758, #7267, #547, .T. ) ;
#1890 = DIRECTION ( 'NONE',  ( 0.000000000000000000, 0.000000000000000000, -1.000000000000000000 ) ) ;
#1891 = DIRECTION ( 'NONE',  ( 1.000000000000000000, 0.000000000000000000, 0.000000000000000000 ) ) ;
#1892 = ORIENTED_EDGE ( 'NONE', *, *, #8739, .T. ) ;
#1893 = EDGE_CURVE ( 'NONE', #5274, #5969, #4738, .T. ) ;
#1894 = CARTESIAN_POINT ( 'NONE',  ( 180.0000000000000000, 10.00000000000000000, 0.000000000000000000 ) ) ;
#1895 = ADVANCED_FACE ( 'NONE', ( #2242 ), #5476, .F. ) ;
#1896 = ADVANCED_FACE ( 'NONE', ( #3892 ), #6322, .F. ) ;
#1897 = VERTEX_POINT ( 'NONE', #4575 ) ;
#1898 = LINE ( 'NONE', #9888, #168 ) ;
#1899 = ORIENTED_EDGE ( 'NONE', *, *, #4107, .F. ) ;
#1900 = AXIS2_PLACEMENT_3D ( 'NONE', #7152, #689, #8786 ) ;
#1901 = CARTESIAN_POINT ( 'NONE',  ( 180.0000000000000000, 10.00000000000000000, 20.00000000000000000 ) ) ;
#1902 = EDGE_CURVE ( 'NONE', #7897, #5545, #2078, .T. ) ;
#1903 = FACE_OUTER_BOUND ( 'NONE', #7450, .T. ) ;
#1904 = CARTESIAN_POINT ( 'NONE',  ( 500.0000000000000000, 160.0000000000000000, 4.000000000000000000 ) ) ;
#1905 = DIRECTION ( 'NONE',  ( 0.000000000000000000, 0.000000000000000000, 1.000000000000000000 ) ) ;
#1906 = EDGE_LOOP ( 'NONE', ( #66, #7923, #2175, #10278, #2485 ) ) ;
#1907 = ORIENTED_EDGE ( 'NONE', *, *, #8290, .T. ) ;
#1908 = CARTESIAN_POINT ( 'NONE',  ( 366.0630477263384819, 523.4557262423575139, 9.900000000000011013 ) ) ;
#1909 = EDGE_LOOP ( 'NONE', ( #5569, #3855, #185, #4087 ) ) ;
#1910 = ORIENTED_EDGE ( 'NONE', *, *, #6099, .T. ) ;
#1911 = CLOSED_SHELL ( 'NONE', ( #3700, #2634, #5580, #3970, #10098, #2018, #5850, #5305, #3772, #6554, #4030, #5136, #9068, #8764, #7757, #5815, #8421, #5630, #2913, #9095, #1299, #9370, #4405, #32, #868, #7186, #1499, #5720, #5438, #1480, #995, #5174, #10215, #808, #7496, #6441, #2063, #5191, #8802, #1112, #1428, #2758, #8035, #7924, #669, #2261, #540, #7076, #7794, #4370 ) ) ;
#1912 = VECTOR ( 'NONE', #3313, 1000.000000000000000 ) ;
#1913 = DIRECTION ( 'NONE',  ( 0.000000000000000000, 0.000000000000000000, -1.000000000000000000 ) ) ;
#1914 = ORIENTED_EDGE ( 'NONE', *, *, #2908, .T. ) ;
#1915 = CARTESIAN_POINT ( 'NONE',  ( 508.8508361943101477, 20.80215158257103880, 3.900000000000000799 ) ) ;
#1916 = DIRECTION ( 'NONE',  ( 0.000000000000000000, 0.3746065934159142907, -0.9271838545667865361 ) ) ;
#1917 = DIRECTION ( 'NONE',  ( 1.000000000000000000, 0.000000000000000000, 0.000000000000000000 ) ) ;
#1918 = ORIENTED_EDGE ( 'NONE', *, *, #4473, .T. ) ;
#1919 = VERTEX_POINT ( 'NONE', #5315 ) ;
#1920 = VERTEX_POINT ( 'NONE', #5421 ) ;
#1921 = DIRECTION ( 'NONE',  ( -0.7071067811865480168, 4.329780281177492930E-17, 0.7071067811865470176 ) ) ;
#1922 = CARTESIAN_POINT ( 'NONE',  ( 340.0000000000000000, 265.0000000000000000, 20.00000000000000000 ) ) ;
#1923 = FACE_OUTER_BOUND ( 'NONE', #839, .T. ) ;
#1924 = DIRECTION ( 'NONE',  ( 0.000000000000000000, 0.000000000000000000, -1.000000000000000000 ) ) ;
#1925 = DIRECTION ( 'NONE',  ( 1.000000000000000000, 0.000000000000000000, 0.000000000000000000 ) ) ;
#1926 = LINE ( 'NONE', #2672, #6475 ) ;
#1927 = ORIENTED_EDGE ( 'NONE', *, *, #6607, .T. ) ;
#1928 = DIRECTION ( 'NONE',  ( -1.000000000000000000, 0.000000000000000000, 0.000000000000000000 ) ) ;
#1929 = ORIENTED_EDGE ( 'NONE', *, *, #5367, .F. ) ;
#1930 = ORIENTED_EDGE ( 'NONE', *, *, #4528, .F. ) ;
#1931 = EDGE_CURVE ( 'NONE', #9348, #1244, #2869, .T. ) ;
#1932 = PLANE ( 'NONE',  #8291 ) ;
#1933 = CARTESIAN_POINT ( 'NONE',  ( 510.0000000000000000, 283.6999999999999886, 13.00000000000000000 ) ) ;
#1935 = LINE ( 'NONE', #7760, #4082 ) ;
#1934 = VECTOR ( 'NONE', #8491, 1000.000000000000000 ) ;
#1936 = CARTESIAN_POINT ( 'NONE',  ( -9.860761315262649319E-31, 530.0000000000000000, 20.00000000000000000 ) ) ;
#1937 = DIRECTION ( 'NONE',  ( -1.492928237510310014E-32, 0.000000000000000000, 1.000000000000000000 ) ) ;
#1938 = EDGE_CURVE ( 'NONE', #6416, #6836, #2575, .T. ) ;
#1939 = CARTESIAN_POINT ( 'NONE',  ( 167.0000000000000000, 528.7272077938639541, -1.272792206135790138 ) ) ;
#1940 = AXIS2_PLACEMENT_3D ( 'NONE', #6131, #8471, #2797 ) ;
#1941 = VERTEX_POINT ( 'NONE', #4521 ) ;
#1942 = DIRECTION ( 'NONE',  ( 0.000000000000000000, 1.000000000000000000, 0.000000000000000000 ) ) ;
#1943 = VECTOR ( 'NONE', #6933, 1000.000000000000000 ) ;
#1944 = EDGE_CURVE ( 'NONE', #924, #8307, #662, .T. ) ;
#1945 = ORIENTED_EDGE ( 'NONE', *, *, #1047, .T. ) ;
#1946 = LINE ( 'NONE', #3537, #4567 ) ;
#1947 = ORIENTED_EDGE ( 'NONE', *, *, #7597, .F. ) ;
#1948 = CARTESIAN_POINT ( 'NONE',  ( 371.9005428569986407, 10.64941922215344761, 3.900000000000000355 ) ) ;
#1949 = DIRECTION ( 'NONE',  ( 1.492928237510310014E-32, -6.123233995736769734E-17, -1.000000000000000000 ) ) ;
#1950 = VECTOR ( 'NONE', #3967, 1000.000000000000000 ) ;
#1951 = VECTOR ( 'NONE', #10451, 1000.000000000000000 ) ;
#1952 = ADVANCED_FACE ( 'NONE', ( #7124, #1394, #8763 ), #504, .T. ) ;
#1953 = EDGE_CURVE ( 'NONE', #8719, #9658, #2898, .T. ) ;
#1954 = DIRECTION ( 'NONE',  ( 0.000000000000000000, -4.809630431589130061E-16, 1.000000000000000000 ) ) ;
#1955 = AXIS2_PLACEMENT_3D ( 'NONE', #10101, #2844, #7785 ) ;
#1956 =( BOUNDED_SURFACE ( )  B_SPLINE_SURFACE ( 3, 1, ( 
 ( #9473, #6192 ),
 ( #6361, #1186 ),
 ( #6419, #5214 ),
 ( #9421, #7105 ) ),
 .UNSPECIFIED., .F., .F., .F. ) 
 B_SPLINE_SURFACE_WITH_KNOTS ( ( 4, 4 ),
 ( 2, 2 ),
 ( 0.000000000000000000, 1.000000000000000000 ),
 ( 0.000000000000000000, 1.000000000000000000 ),
 .UNSPECIFIED. ) 
 GEOMETRIC_REPRESENTATION_ITEM ( )  RATIONAL_B_SPLINE_SURFACE ( (
 ( 1.000000000000000000, 1.000000000000000000),
 ( 0.3333333333333333703, 0.3333333333333333703),
 ( 0.3333333333333333703, 0.3333333333333333703),
 ( 1.000000000000000000, 1.000000000000000000) ) ) 
 REPRESENTATION_ITEM ( '' )  SURFACE ( )  );
#1957 = DIRECTION ( 'NONE',  ( 0.000000000000000000, -0.000000000000000000, 1.000000000000000000 ) ) ;
#1958 = ORIENTED_EDGE ( 'NONE', *, *, #6804, .T. ) ;
#1959 = EDGE_LOOP ( 'NONE', ( #2547, #9335 ) ) ;
#1960 =( LENGTH_UNIT ( ) NAMED_UNIT ( * ) SI_UNIT ( .MILLI., .METRE. ) );
#1961 = AXIS2_PLACEMENT_3D ( 'NONE', #81, #138, #5592 ) ;
#1962 = ADVANCED_FACE ( 'NONE', ( #9490 ), #6959, .F. ) ;
#1963 = ORIENTED_EDGE ( 'NONE', *, *, #9954, .F. ) ;
#1964 = ORIENTED_EDGE ( 'NONE', *, *, #1243, .T. ) ;
#1965 = VECTOR ( 'NONE', #10060, 1000.000000000000000 ) ;
#1966 = CARTESIAN_POINT ( 'NONE',  ( 490.0000000000000000, 20.00000000000000000, 20.00000000000000000 ) ) ;
#1967 = CARTESIAN_POINT ( 'NONE',  ( 491.5999999999999659, 360.0000000000000000, 16.13725830020310070 ) ) ;
#1968 = ORIENTED_EDGE ( 'NONE', *, *, #7200, .F. ) ;
#1969 = FACE_OUTER_BOUND ( 'NONE', #4562, .T. ) ;
#1970 = FACE_OUTER_BOUND ( 'NONE', #5660, .T. ) ;
#1971 = CARTESIAN_POINT ( 'NONE',  ( 510.0000000000000000, 170.0000000000000000, 0.000000000000000000 ) ) ;
#1972 = EDGE_LOOP ( 'NONE', ( #2687, #4927, #584, #419 ) ) ;
#1973 = AXIS2_PLACEMENT_3D ( 'NONE', #3149, #7134, #5482 ) ;
#1974 = ORIENTED_EDGE ( 'NONE', *, *, #4550, .T. ) ;
#1975 = ORIENTED_EDGE ( 'NONE', *, *, #2122, .F. ) ;
#1976 = FACE_BOUND ( 'NONE', #6985, .T. ) ;
#1977 = AXIS2_PLACEMENT_3D ( 'NONE', #8620, #5241, #7779 ) ;
#1978 = DIRECTION ( 'NONE',  ( 0.000000000000000000, 0.000000000000000000, -1.000000000000000000 ) ) ;
#1979 = LINE ( 'NONE', #5216, #7731 ) ;
#1980 = DIRECTION ( 'NONE',  ( 0.000000000000000000, 0.000000000000000000, -1.000000000000000000 ) ) ;
#1981 = DIRECTION ( 'NONE',  ( 0.000000000000000000, -1.184237892934239998E-14, -1.000000000000000000 ) ) ;
#1982 = LINE ( 'NONE', #2764, #5453 ) ;
#1983 = ORIENTED_EDGE ( 'NONE', *, *, #3439, .F. ) ;
#1984 = CYLINDRICAL_SURFACE ( 'NONE', #8008, 1.749999999999999778 ) ;
#1985 = CIRCLE ( 'NONE', #5879, 3.199999999999999734 ) ;
#1986 = ORIENTED_EDGE ( 'NONE', *, *, #2352, .F. ) ;
#1987 = ORIENTED_EDGE ( 'NONE', *, *, #9131, .T. ) ;
#1988 = CIRCLE ( 'NONE', #1316, 1.749999999999999778 ) ;
#1989 = CARTESIAN_POINT ( 'NONE',  ( 350.0000000000000000, 10.00000000000000000, 4.000000000000000000 ) ) ;
#1990 = LINE ( 'NONE', #1296, #720 ) ;
#1991 = LINE ( 'NONE', #4431, #7296 ) ;
#1992 = DIRECTION ( 'NONE',  ( -6.123233995736769734E-17, -7.588638549471020099E-33, -1.000000000000000000 ) ) ;
#1993 = DIRECTION ( 'NONE',  ( -0.9694154417287275116, -0.2454255515179622760, 0.000000000000000000 ) ) ;
#1994 = CARTESIAN_POINT ( 'NONE',  ( 368.9752316685923006, 530.3215739125539585, 3.900000000000000355 ) ) ;
#1995 = ADVANCED_FACE ( 'NONE', ( #2972 ), #923, .F. ) ;
#1996 = ORIENTED_EDGE ( 'NONE', *, *, #773, .T. ) ;
#1997 = CARTESIAN_POINT ( 'NONE',  ( 508.2518613738703266, 360.0000000000000568, 5.732615263407601525 ) ) ;
#1998 = EDGE_LOOP ( 'NONE', ( #131, #10431, #7460 ) ) ;
#1999 = VECTOR ( 'NONE', #719, 1000.000000000000000 ) ;
#2000 = ADVANCED_FACE ( 'NONE', ( #3297 ), #2555, .T. ) ;
#2001 = CARTESIAN_POINT ( 'NONE',  ( 330.0000000000000000, 10.00000000000000000, 0.000000000000000000 ) ) ;
#2002 = ORIENTED_EDGE ( 'NONE', *, *, #8163, .T. ) ;
#2003 = CARTESIAN_POINT ( 'NONE',  ( 508.8718174757415227, 20.06587492801714134, 0.000000000000000000 ) ) ;
#2004 = CARTESIAN_POINT ( 'NONE',  ( 503.1999999999999886, 179.9999999999999716, 4.898046116018911711 ) ) ;
#2005 = LINE ( 'NONE', #6238, #3676 ) ;
#2006 = EDGE_CURVE ( 'NONE', #9628, #744, #9809, .T. ) ;
#2007 = FACE_BOUND ( 'NONE', #9883, .T. ) ;
#2008 = EDGE_CURVE ( 'NONE', #965, #4071, #4153, .T. ) ;
#2009 = CARTESIAN_POINT ( 'NONE',  ( 497.8278992884585250, 512.2068833318884344, -9.146565213191545956E-17 ) ) ;
#2010 = AXIS2_PLACEMENT_3D ( 'NONE', #700, #8744, #5462 ) ;
#2011 = CARTESIAN_POINT ( 'NONE',  ( 379.3270842241333867, 0.06587492801713584756, 6.433224273564971550E-16 ) ) ;
#2012 = DIRECTION ( 'NONE',  ( -1.000000000000000000, 0.000000000000000000, 0.000000000000000000 ) ) ;
#2013 = EDGE_CURVE ( 'NONE', #10279, #3497, #6591, .T. ) ;
#2014 = ORIENTED_EDGE ( 'NONE', *, *, #7388, .T. ) ;
#2015 = ORIENTED_EDGE ( 'NONE', *, *, #2474, .T. ) ;
#2016 = DIRECTION ( 'NONE',  ( 1.000000000000000000, 0.000000000000000000, 0.000000000000000000 ) ) ;
#2017 = VECTOR ( 'NONE', #4035, 1000.000000000000000 ) ;
#2018 = ADVANCED_FACE ( 'NONE', ( #6440 ), #5001, .F. ) ;
#2019 = VERTEX_POINT ( 'NONE', #770 ) ;
#2020 = DIRECTION ( 'NONE',  ( 0.000000000000000000, 0.000000000000000000, -1.000000000000000000 ) ) ;
#2021 = DIRECTION ( 'NONE',  ( 0.000000000000000000, 0.000000000000000000, -1.000000000000000000 ) ) ;
#2022 = CARTESIAN_POINT ( 'NONE',  ( 354.7201123649163605, 0.000000000000000000, 3.900000000000000355 ) ) ;
#2023 = ORIENTED_EDGE ( 'NONE', *, *, #7507, .T. ) ;
#2024 = EDGE_CURVE ( 'NONE', #333, #9141, #3351, .T. ) ;
#2025 = VECTOR ( 'NONE', #10459, 1000.000000000000000 ) ;
#2026 = ORIENTED_EDGE ( 'NONE', *, *, #456, .T. ) ;
#2027 = EDGE_CURVE ( 'NONE', #953, #4404, #1607, .T. ) ;
#2028 = ORIENTED_EDGE ( 'NONE', *, *, #2454, .F. ) ;
#2029 = CARTESIAN_POINT ( 'NONE',  ( 10.00000000000000000, 370.0000000000000000, 12.00000000000000000 ) ) ;
#2030 = EDGE_CURVE ( 'NONE', #1920, #2872, #4058, .T. ) ;
#2031 = LINE ( 'NONE', #2915, #2651 ) ;
#2032 = VECTOR ( 'NONE', #8653, 1000.000000000000000 ) ;
#2033 = LINE ( 'NONE', #5269, #10039 ) ;
#2034 = DIRECTION ( 'NONE',  ( 0.000000000000000000, -1.000000000000000000, 4.809630431589130061E-16 ) ) ;
#2035 = CARTESIAN_POINT ( 'NONE',  ( 503.0518280484811271, 159.0357807774138337, 4.246911954959075253 ) ) ;
#2036 = ORIENTED_EDGE ( 'NONE', *, *, #160, .T. ) ;
#2037 = COLOUR_RGB ( '',0.7921568627450980005, 0.8196078431372548767, 0.9333333333333333481 ) ;
#2038 = ORIENTED_EDGE ( 'NONE', *, *, #3965, .T. ) ;
#2039 = VERTEX_POINT ( 'NONE', #9656 ) ;
#2040 = DIRECTION ( 'NONE',  ( -1.000000000000000000, 0.000000000000000000, 0.000000000000000000 ) ) ;
#2041 = AXIS2_PLACEMENT_3D ( 'NONE', #8452, #6816, #10081 ) ;
#2042 = CARTESIAN_POINT ( 'NONE',  ( 496.8000000000000114, 500.0000000000000000, 20.00000000000000000 ) ) ;
#2043 = CARTESIAN_POINT ( 'NONE',  ( 10.00000000000000000, 160.0000000000000000, 4.000000000000000000 ) ) ;
#2044 = DIRECTION ( 'NONE',  ( -0.2454255515179596392, 0.9694154417287283998, 0.000000000000000000 ) ) ;
#2045 = CARTESIAN_POINT ( 'NONE',  ( 170.0000000000000000, 18.19999999999999929, 15.65441558772840125 ) ) ;
#2046 = VERTEX_POINT ( 'NONE', #2503 ) ;
#2047 = DIRECTION ( 'NONE',  ( 1.860521002879739963E-33, -1.000000000000000000, 0.000000000000000000 ) ) ;
#2048 = ORIENTED_EDGE ( 'NONE', *, *, #3378, .T. ) ;
#2049 = DIRECTION ( 'NONE',  ( 1.000000000000000000, 0.000000000000000000, 0.000000000000000000 ) ) ;
#2050 = ORIENTED_EDGE ( 'NONE', *, *, #1548, .F. ) ;
#2051 = FACE_OUTER_BOUND ( 'NONE', #2479, .T. ) ;
#2052 = DIRECTION ( 'NONE',  ( 0.000000000000000000, -1.000000000000000000, 1.199040866595979886E-13 ) ) ;
#2053 = DIRECTION ( 'NONE',  ( 0.000000000000000000, 0.000000000000000000, 1.000000000000000000 ) ) ;
#2054 = DIRECTION ( 'NONE',  ( -1.000000000000000000, 0.000000000000000000, 0.000000000000000000 ) ) ;
#2055 = CARTESIAN_POINT ( 'NONE',  ( 0.000000000000000000, 429.3000000000000114, 12.99999999999979927 ) ) ;
#2056 = DIRECTION ( 'NONE',  ( 1.000000000000000000, 0.000000000000000000, 0.000000000000000000 ) ) ;
#2057 = CARTESIAN_POINT ( 'NONE',  ( 490.0000000000000000, 20.00000000000000000, 0.000000000000000000 ) ) ;
#2058 = ORIENTED_EDGE ( 'NONE', *, *, #586, .F. ) ;
#2059 = EDGE_CURVE ( 'NONE', #1715, #7315, #7238, .T. ) ;
#2060 = ORIENTED_EDGE ( 'NONE', *, *, #7633, .T. ) ;
#2061 = DIRECTION ( 'NONE',  ( 0.000000000000000000, 0.000000000000000000, 1.000000000000000000 ) ) ;
#2062 = ORIENTED_EDGE ( 'NONE', *, *, #4238, .F. ) ;
#2063 = ADVANCED_FACE ( 'NONE', ( #4846 ), #8972, .F. ) ;
#2064 = FACE_OUTER_BOUND ( 'NONE', #7638, .T. ) ;
#2065 = CARTESIAN_POINT ( 'NONE',  ( 503.2000000000001023, 180.1242363644055331, 4.898046116018530682 ) ) ;
#2066 = DIRECTION ( 'NONE',  ( 0.6946583704589984753, 0.7193398003386499706, 0.000000000000000000 ) ) ;
#2067 = ORIENTED_EDGE ( 'NONE', *, *, #37, .T. ) ;
#2068 = ORIENTED_EDGE ( 'NONE', *, *, #7314, .T. ) ;
#2070 = EDGE_CURVE ( 'NONE', #525, #7911, #6385, .T. ) ;
#2069 = ORIENTED_EDGE ( 'NONE', *, *, #994, .F. ) ;
#2071 = DIRECTION ( 'NONE',  ( 0.9901482220209214535, -0.1400232067509100398, 0.000000000000000000 ) ) ;
#2072 = CYLINDRICAL_SURFACE ( 'NONE', #2312, 2.350000000000018741 ) ;
#2073 = AXIS2_PLACEMENT_3D ( 'NONE', #5450, #4555, #7043 ) ;
#2074 = EDGE_CURVE ( 'NONE', #5383, #6477, #5585, .T. ) ;
#2075 = EDGE_CURVE ( 'NONE', #333, #2149, #8023, .T. ) ;
#2076 = FACE_BOUND ( 'NONE', #2095, .T. ) ;
#2077 = CARTESIAN_POINT ( 'NONE',  ( 158.2500000000000000, 520.0000000000000000, 4.000000000000000000 ) ) ;
#2078 = LINE ( 'NONE', #1451, #6970 ) ;
#2079 = EDGE_LOOP ( 'NONE', ( #9578, #2659, #3553, #10412 ) ) ;
#2080 = ORIENTED_EDGE ( 'NONE', *, *, #8176, .T. ) ;
#2081 = ORIENTED_EDGE ( 'NONE', *, *, #729, .F. ) ;
#2082 = EDGE_CURVE ( 'NONE', #3333, #2742, #9404, .T. ) ;
#2083 = CARTESIAN_POINT ( 'NONE',  ( 510.0000000000000000, 294.2000000000000455, 6.500000000000000000 ) ) ;
#2084 = CARTESIAN_POINT ( 'NONE',  ( 376.2165816590305667, 6.481468999400061826, 3.900000000000000799 ) ) ;
#2085 = PLANE ( 'NONE',  #2876 ) ;
#2086 = LINE ( 'NONE', #8553, #8387 ) ;
#2087 = CARTESIAN_POINT ( 'NONE',  ( 503.0000000000000000, 251.3000000000000114, 10.00000000000000000 ) ) ;
#2088 = DIRECTION ( 'NONE',  ( 0.000000000000000000, 6.123233995736769734E-17, 1.000000000000000000 ) ) ;
#2089 = DIRECTION ( 'NONE',  ( 0.000000000000000000, 0.000000000000000000, -1.000000000000000000 ) ) ;
#2090 = AXIS2_PLACEMENT_3D ( 'NONE', #1758, #1076, #1916 ) ;
#2091 = EDGE_LOOP ( 'NONE', ( #8346, #6270 ) ) ;
#2092 = DIRECTION ( 'NONE',  ( 1.000000000000000000, 0.000000000000000000, 0.000000000000000000 ) ) ;
#2093 = ORIENTED_EDGE ( 'NONE', *, *, #10036, .T. ) ;
#2094 = CARTESIAN_POINT ( 'NONE',  ( 180.0000000000000000, 520.0000000000000000, 4.000000000000000000 ) ) ;
#2095 = EDGE_LOOP ( 'NONE', ( #9938, #4781 ) ) ;
#2096 = CARTESIAN_POINT ( 'NONE',  ( 505.0000000000000000, 320.0000000000000000, 0.000000000000000000 ) ) ;
#2097 = DIRECTION ( 'NONE',  ( 0.000000000000000000, -0.9271838545667858700, -0.3746065934159159005 ) ) ;
#2098 = PLANE ( 'NONE',  #979 ) ;
#2099 = CARTESIAN_POINT ( 'NONE',  ( -6.697875610367079879E-31, 360.0000000000000000, 0.000000000000000000 ) ) ;
#2100 = VECTOR ( 'NONE', #9547, 1000.000000000000000 ) ;
#2101 = AXIS2_PLACEMENT_3D ( 'NONE', #1734, #2376, #7943 ) ;
#2102 = CYLINDRICAL_SURFACE ( 'NONE', #1955, 3.199999999999999734 ) ;
#2103 = ORIENTED_EDGE ( 'NONE', *, *, #1370, .T. ) ;
#2104 = DIRECTION ( 'NONE',  ( 0.000000000000000000, 0.000000000000000000, 1.000000000000000000 ) ) ;
#2105 = DIRECTION ( 'NONE',  ( 0.000000000000000000, -1.000000000000000000, 0.000000000000000000 ) ) ;
#2106 = ORIENTED_EDGE ( 'NONE', *, *, #3679, .F. ) ;
#2107 = DIRECTION ( 'NONE',  ( -2.397664748016770086E-16, 1.000000000000000000, -6.123233995736759873E-17 ) ) ;
#2108 = ORIENTED_EDGE ( 'NONE', *, *, #6268, .T. ) ;
#2109 = CIRCLE ( 'NONE', #3647, 1.750000000000001554 ) ;
#2110 = AXIS2_PLACEMENT_3D ( 'NONE', #4067, #7187, #3151 ) ;
#2111 = CARTESIAN_POINT ( 'NONE',  ( 491.5999999999999659, 170.0000000000000000, 16.13725830020310070 ) ) ;
#2112 = AXIS2_PLACEMENT_3D ( 'NONE', #9309, #5190, #6035 ) ;
#2113 = EDGE_LOOP ( 'NONE', ( #9522, #7948, #7521, #4824 ) ) ;
#2114 = EDGE_CURVE ( 'NONE', #3007, #10399, #8920, .T. ) ;
#2115 = FACE_BOUND ( 'NONE', #10212, .T. ) ;
#2116 = DIRECTION ( 'NONE',  ( 0.000000000000000000, 0.000000000000000000, -1.000000000000000000 ) ) ;
#2117 = CIRCLE ( 'NONE', #5683, 1.749999999999973799 ) ;
#2118 = DIRECTION ( 'NONE',  ( 1.000000000000000000, 0.000000000000000000, 0.000000000000000000 ) ) ;
#2119 = ORIENTED_EDGE ( 'NONE', *, *, #8051, .F. ) ;
#2120 = ORIENTED_EDGE ( 'NONE', *, *, #2070, .T. ) ;
#2121 = ORIENTED_EDGE ( 'NONE', *, *, #1307, .F. ) ;
#2122 = EDGE_CURVE ( 'NONE', #391, #8718, #1660, .T. ) ;
#2123 = AXIS2_PLACEMENT_3D ( 'NONE', #241, #4212, #1033 ) ;
#2124 = CARTESIAN_POINT ( 'NONE',  ( 170.0000000000000000, 451.5136038969319543, 75.94081169079630911 ) ) ;
#2125 = AXIS2_PLACEMENT_3D ( 'NONE', #5526, #2345, #1497 ) ;
#2126 = CARTESIAN_POINT ( 'NONE',  ( 7.000000000000000000, 95.00000000000000000, 10.00000000000000000 ) ) ;
#2127 = CARTESIAN_POINT ( 'NONE',  ( 6.799999999999999822, 500.0000000000000000, 20.00000000000000000 ) ) ;
#2128 = FACE_BOUND ( 'NONE', #7649, .T. ) ;
#2129 = EDGE_CURVE ( 'NONE', #5356, #5489, #4106, .T. ) ;
#2130 = VECTOR ( 'NONE', #494, 1000.000000000000000 ) ;
#2131 = CIRCLE ( 'NONE', #8073, 2.350000000000018741 ) ;
#2132 = CARTESIAN_POINT ( 'NONE',  ( 503.1058382415779420, 500.7763595089611499, 4.566393424262302325 ) ) ;
#2133 = EDGE_LOOP ( 'NONE', ( #2720, #5301, #109, #1439 ) ) ;
#2134 = ORIENTED_EDGE ( 'NONE', *, *, #9357, .T. ) ;
#2135 = ORIENTED_EDGE ( 'NONE', *, *, #8485, .F. ) ;
#2136 = EDGE_CURVE ( 'NONE', #2504, #7769, #4362, .T. ) ;
#2137 = EDGE_CURVE ( 'NONE', #157, #1919, #2304, .T. ) ;
#2138 = EDGE_CURVE ( 'NONE', #8679, #8322, #1867, .T. ) ;
#2139 = LINE ( 'NONE', #3681, #3034 ) ;
#2140 = DIRECTION ( 'NONE',  ( 0.000000000000000000, 0.000000000000000000, 1.000000000000000000 ) ) ;
#2141 = VECTOR ( 'NONE', #6319, 1000.000000000000000 ) ;
#2142 = CARTESIAN_POINT ( 'NONE',  ( 503.1655858028320836, 30.48245283839045072, 4.792152622625087233 ) ) ;
#2143 = DIRECTION ( 'NONE',  ( 1.000000000000000000, -0.000000000000000000, 0.000000000000000000 ) ) ;
#2144 = CARTESIAN_POINT ( 'NONE',  ( 10.00000000000000000, 350.0000000000000000, 12.00000000000000000 ) ) ;
#2145 = DIRECTION ( 'NONE',  ( 0.000000000000000000, 0.000000000000000000, -1.000000000000000000 ) ) ;
#2146 = CYLINDRICAL_SURFACE ( 'NONE', #4091, 2.900000000000010125 ) ;
#2147 = ADVANCED_FACE ( 'NONE', ( #9912 ), #1131, .F. ) ;
#2148 = CIRCLE ( 'NONE', #4688, 1.749999999999999778 ) ;
#2149 = VERTEX_POINT ( 'NONE', #1971 ) ;
#2150 = CARTESIAN_POINT ( 'NONE',  ( 504.5796391506946748, 360.0000000000000000, 6.556500485476764339 ) ) ;
#2151 = ORIENTED_EDGE ( 'NONE', *, *, #9560, .T. ) ;
#2152 = EDGE_LOOP ( 'NONE', ( #1726, #567, #10140, #1384 ) ) ;
#2153 = VERTEX_POINT ( 'NONE', #5991 ) ;
#2154 = ADVANCED_FACE ( 'NONE', ( #8332 ), #2753, .F. ) ;
#2155 = CARTESIAN_POINT ( 'NONE',  ( 506.4999999999999432, 281.0500000000000114, 10.00000000000000000 ) ) ;
#2156 = ORIENTED_EDGE ( 'NONE', *, *, #7342, .T. ) ;
#2157 = DIRECTION ( 'NONE',  ( 0.000000000000000000, 0.000000000000000000, -1.000000000000000000 ) ) ;
#2158 = CARTESIAN_POINT ( 'NONE',  ( 5.000000000000000000, 320.0000000000000000, 20.00000000000000000 ) ) ;
#2159 = LINE ( 'NONE', #7199, #6898 ) ;
#2160 = CARTESIAN_POINT ( 'NONE',  ( -3.162885704895569878E-31, 170.0000000000000000, 20.00000000000000000 ) ) ;
#2161 = ADVANCED_FACE ( 'NONE', ( #290 ), #5054, .F. ) ;
#2162 = CARTESIAN_POINT ( 'NONE',  ( 170.0000000000000000, 20.00000000000000000, 0.000000000000000000 ) ) ;
#2163 = CARTESIAN_POINT ( 'NONE',  ( 0.000000000000000000, 54.80000000000000426, 7.000000000000000000 ) ) ;
#2164 = SURFACE_SIDE_STYLE ('',( #3652 ) ) ;
#2165 = VERTEX_POINT ( 'NONE', #1077 ) ;
#2166 = CARTESIAN_POINT ( 'NONE',  ( 340.0000000000000000, 511.8000000000000114, -1.193721138850380017E-14 ) ) ;
#2167 = VERTEX_POINT ( 'NONE', #2022 ) ;
#2168 = CARTESIAN_POINT ( 'NONE',  ( 10.00000000000000000, 500.0000000000000000, 0.000000000000000000 ) ) ;
#2169 = DIRECTION ( 'NONE',  ( 1.000000000000000000, 9.141548937118550773E-49, 1.492928237510310014E-32 ) ) ;
#2170 = CIRCLE ( 'NONE', #1325, 1.749999999999999778 ) ;
#2171 = ORIENTED_EDGE ( 'NONE', *, *, #7702, .F. ) ;
#2172 = CARTESIAN_POINT ( 'NONE',  ( 6.500000000000000000, 424.5499999999999545, 9.999999999999758415 ) ) ;
#2173 = DIRECTION ( 'NONE',  ( 0.000000000000000000, 1.000000000000000000, 0.000000000000000000 ) ) ;
#2174 = CARTESIAN_POINT ( 'NONE',  ( 350.0000000000000000, 10.00000000000000000, 4.000000000000000000 ) ) ;
#2175 = ORIENTED_EDGE ( 'NONE', *, *, #2777, .T. ) ;
#2176 = ORIENTED_EDGE ( 'NONE', *, *, #5966, .F. ) ;
#2177 =( NAMED_UNIT ( * ) SI_UNIT ( $, .STERADIAN. ) SOLID_ANGLE_UNIT ( ) );
#2178 = ORIENTED_EDGE ( 'NONE', *, *, #6820, .T. ) ;
#2179 = ORIENTED_EDGE ( 'NONE', *, *, #9393, .F. ) ;
#2180 = AXIS2_PLACEMENT_3D ( 'NONE', #10042, #2788, #10245 ) ;
#2181 = DIRECTION ( 'NONE',  ( 1.000000000000000000, 0.000000000000000000, 0.000000000000000000 ) ) ;
#2182 = PLANE ( 'NONE',  #3665 ) ;
#2183 = DIRECTION ( 'NONE',  ( 1.000000000000000000, 0.000000000000000000, 0.000000000000000000 ) ) ;
#2184 = DIRECTION ( 'NONE',  ( 0.000000000000000000, 0.000000000000000000, -1.000000000000000000 ) ) ;
#2185 = EDGE_CURVE ( 'NONE', #8419, #1519, #4009, .T. ) ;
#2186 = CIRCLE ( 'NONE', #6071, 1.499999999999937161 ) ;
#2187 = CARTESIAN_POINT ( 'NONE',  ( 503.0847763593052377, 500.8529652058494435, 4.467463423124232946 ) ) ;
#2188 = EDGE_CURVE ( 'NONE', #9325, #2046, #2706, .T. ) ;
#2189 = ORIENTED_EDGE ( 'NONE', *, *, #7856, .T. ) ;
#2190 = VERTEX_POINT ( 'NONE', #976 ) ;
#2191 = ORIENTED_EDGE ( 'NONE', *, *, #7285, .T. ) ;
#2192 = EDGE_CURVE ( 'NONE', #964, #5356, #449, .T. ) ;
#2193 = DIRECTION ( 'NONE',  ( 0.000000000000000000, 1.000000000000000000, 0.000000000000000000 ) ) ;
#2194 = DIRECTION ( 'NONE',  ( 1.000000000000000000, 0.000000000000000000, 0.000000000000000000 ) ) ;
#2195 = VECTOR ( 'NONE', #2938, 1000.000000000000000 ) ;
#2196 = CARTESIAN_POINT ( 'NONE',  ( 255.0000000000000000, 360.0000000000000000, 10.00000000000000000 ) ) ;
#2197 = CARTESIAN_POINT ( 'NONE',  ( 18.19999999999999929, 360.0000000000000000, -1.316185818765109959E-14 ) ) ;
#2198 = DIRECTION ( 'NONE',  ( -4.433526464964529413E-17, 0.7071067811865470176, 0.7071067811865480168 ) ) ;
#2199 = DIRECTION ( 'NONE',  ( 0.000000000000000000, -1.199040866595979886E-13, -1.000000000000000000 ) ) ;
#2200 = ADVANCED_FACE ( 'NONE', ( #5944 ), #183, .F. ) ;
#2201 = EDGE_LOOP ( 'NONE', ( #3343, #901, #5198, #3525 ) ) ;
#2202 = CARTESIAN_POINT ( 'NONE',  ( 503.1923692304113160, 370.2499458203029690, 4.876454158737956845 ) ) ;
#2203 = ORIENTED_EDGE ( 'NONE', *, *, #10163, .F. ) ;
#2204 = ORIENTED_EDGE ( 'NONE', *, *, #1243, .F. ) ;
#2205 = VECTOR ( 'NONE', #9610, 1000.000000000000000 ) ;
#2206 = ORIENTED_EDGE ( 'NONE', *, *, #2414, .T. ) ;
#2207 = DIRECTION ( 'NONE',  ( 0.000000000000000000, 1.000000000000000000, 0.000000000000000000 ) ) ;
#2208 = CARTESIAN_POINT ( 'NONE',  ( 166.0000000000000000, 511.6000000000000796, -1.282784235921779962E-15 ) ) ;
#2209 = EDGE_CURVE ( 'NONE', #4831, #3523, #9227, .T. ) ;
#2210 = DIRECTION ( 'NONE',  ( 1.000000000000000000, 0.000000000000000000, 0.000000000000000000 ) ) ;
#2211 = CARTESIAN_POINT ( 'NONE',  ( 255.0000000000000000, 170.0000000000000000, 20.00000000000000000 ) ) ;
#2212 = CARTESIAN_POINT ( 'NONE',  ( 0.000000000000000000, 110.2000000000000028, 13.00000000000000000 ) ) ;
#2213 = LINE ( 'NONE', #6982, #1943 ) ;
#2214 = EDGE_CURVE ( 'NONE', #6745, #3960, #6541, .T. ) ;
#2215 = VECTOR ( 'NONE', #885, 1000.000000000000000 ) ;
#2216 = EDGE_CURVE ( 'NONE', #2783, #8216, #6715, .T. ) ;
#2217 = EDGE_CURVE ( 'NONE', #8216, #2783, #9074, .T. ) ;
#2218 = LINE ( 'NONE', #10411, #4954 ) ;
#2219 = CARTESIAN_POINT ( 'NONE',  ( 348.2500000000000000, 520.0000000000000000, 10.00000000000000000 ) ) ;
#2220 = LINE ( 'NONE', #8576, #1745 ) ;
#2221 = VERTEX_POINT ( 'NONE', #2604 ) ;
#2222 = DIRECTION ( 'NONE',  ( 0.000000000000000000, -1.184237892934300110E-14, 1.000000000000000000 ) ) ;
#2223 = EDGE_CURVE ( 'NONE', #5847, #4435, #3509, .T. ) ;
#2224 = ORIENTED_EDGE ( 'NONE', *, *, #2114, .T. ) ;
#2225 = CARTESIAN_POINT ( 'NONE',  ( 20.00000000000000000, 360.0000000000000000, 20.00000000000000000 ) ) ;
#2226 = FACE_OUTER_BOUND ( 'NONE', #6904, .T. ) ;
#2227 = ORIENTED_EDGE ( 'NONE', *, *, #8746, .F. ) ;
#2228 = DIRECTION ( 'NONE',  ( 2.786442101020000197E-16, -1.000000000000000000, 6.123233995736769734E-17 ) ) ;
#2229 = DIRECTION ( 'NONE',  ( -1.079691891447960066E-13, 1.000000000000000000, 0.000000000000000000 ) ) ;
#2230 = DIRECTION ( 'NONE',  ( 0.000000000000000000, 0.000000000000000000, -1.000000000000000000 ) ) ;
#2231 = ORIENTED_EDGE ( 'NONE', *, *, #2358, .F. ) ;
#2232 = ORIENTED_EDGE ( 'NONE', *, *, #9591, .F. ) ;
#2233 = LINE ( 'NONE', #10267, #3430 ) ;
#2234 = ORIENTED_EDGE ( 'NONE', *, *, #7692, .F. ) ;
#2235 = EDGE_LOOP ( 'NONE', ( #3929, #9336, #7960, #8778 ) ) ;
#2236 = AXIS2_PLACEMENT_3D ( 'NONE', #6805, #5114, #3569 ) ;
#2237 = LINE ( 'NONE', #6849, #6544 ) ;
#2238 = LINE ( 'NONE', #3833, #3500 ) ;
#2239 = CARTESIAN_POINT ( 'NONE',  ( 510.0000000000000000, 147.1000000000000227, 7.000000000000000000 ) ) ;
#2240 = CARTESIAN_POINT ( 'NONE',  ( 503.0359596853934931, 498.9885906918237879, 4.000000000000000000 ) ) ;
#2241 = CIRCLE ( 'NONE', #5800, 3.199999999999980638 ) ;
#2242 = FACE_OUTER_BOUND ( 'NONE', #968, .T. ) ;
#2243 = ORIENTED_EDGE ( 'NONE', *, *, #2974, .F. ) ;
#2244 = ORIENTED_EDGE ( 'NONE', *, *, #4337, .F. ) ;
#2245 = DIRECTION ( 'NONE',  ( 1.000000000000000000, 0.000000000000000000, 0.000000000000000000 ) ) ;
#2246 = CARTESIAN_POINT ( 'NONE',  ( 326.8000000000000114, 10.00000000000000000, 20.00000000000000000 ) ) ;
#2247 =( GEOMETRIC_REPRESENTATION_CONTEXT ( 3 ) GLOBAL_UNCERTAINTY_ASSIGNED_CONTEXT ( ( #9897 ) ) GLOBAL_UNIT_ASSIGNED_CONTEXT ( ( #1960, #7473, #3547 ) ) REPRESENTATION_CONTEXT ( 'NONE', 'WORKASPACE' ) );
#2248 = CARTESIAN_POINT ( 'NONE',  ( 503.0000000000000000, 248.9500000000000455, 10.00000000000000000 ) ) ;
#2249 = CARTESIAN_POINT ( 'NONE',  ( 510.0000000000000000, 256.2999999999999545, 7.000000000000000000 ) ) ;
#2250 = CYLINDRICAL_SURFACE ( 'NONE', #6529, 1.750000000000001554 ) ;
#2251 = CARTESIAN_POINT ( 'NONE',  ( 503.0343435439377231, 19.32959827346325454, 6.433224273564971550E-16 ) ) ;
#2252 = EDGE_CURVE ( 'NONE', #2392, #3783, #3556, .T. ) ;
#2253 = ORIENTED_EDGE ( 'NONE', *, *, #10036, .F. ) ;
#2254 = DIRECTION ( 'NONE',  ( 0.000000000000000000, 0.000000000000000000, -1.000000000000000000 ) ) ;
#2255 = EDGE_LOOP ( 'NONE', ( #9669, #10228, #4197 ) ) ;
#2256 = EDGE_LOOP ( 'NONE', ( #7799, #2337, #2632, #9502 ) ) ;
#2257 = EDGE_LOOP ( 'NONE', ( #1687, #7510, #6516, #1099 ) ) ;
#2258 = DIRECTION ( 'NONE',  ( 0.000000000000000000, 0.000000000000000000, -1.000000000000000000 ) ) ;
#2259 = DIRECTION ( 'NONE',  ( 1.000000000000000000, 0.000000000000000000, 0.000000000000000000 ) ) ;
#2260 = DIRECTION ( 'NONE',  ( 0.000000000000000000, 0.000000000000000000, 1.000000000000000000 ) ) ;
#2261 = ADVANCED_FACE ( 'NONE', ( #6743 ), #10007, .F. ) ;
#2262 = DIRECTION ( 'NONE',  ( 1.000000000000000000, 0.000000000000000000, 0.000000000000000000 ) ) ;
#2263 = DIRECTION ( 'NONE',  ( 1.000000000000000000, 0.000000000000000000, 0.000000000000000000 ) ) ;
#2264 = DIRECTION ( 'NONE',  ( 0.000000000000000000, 0.000000000000000000, -1.000000000000000000 ) ) ;
#2265 = CARTESIAN_POINT ( 'NONE',  ( 353.1999999999999318, 10.00000000000000000, 4.000000000000000000 ) ) ;
#2266 = EDGE_CURVE ( 'NONE', #403, #275, #7386, .T. ) ;
#2267 = CARTESIAN_POINT ( 'NONE',  ( 11.75000000000000000, 500.0000000000000000, 0.000000000000000000 ) ) ;
#2268 = AXIS2_PLACEMENT_3D ( 'NONE', #8812, #2447, #1553 ) ;
#2269 = CARTESIAN_POINT ( 'NONE',  ( 18.39999999999999858, 217.5000000000000000, 0.000000000000000000 ) ) ;
#2270 = ORIENTED_EDGE ( 'NONE', *, *, #717, .T. ) ;
#2271 = DIRECTION ( 'NONE',  ( 0.000000000000000000, 0.000000000000000000, -1.000000000000000000 ) ) ;
#2272 = ORIENTED_EDGE ( 'NONE', *, *, #7824, .T. ) ;
#2273 = EDGE_CURVE ( 'NONE', #5051, #8156, #7744, .T. ) ;
#2274 = DIRECTION ( 'NONE',  ( 0.000000000000000000, 0.000000000000000000, -1.000000000000000000 ) ) ;
#2275 = EDGE_CURVE ( 'NONE', #3159, #2886, #4458, .T. ) ;
#2276 = CARTESIAN_POINT ( 'NONE',  ( 350.0707572047410849, -9.725217186426112548, 9.900000000000009237 ) ) ;
#2277 = CIRCLE ( 'NONE', #6845, 1.749999999999999778 ) ;
#2278 = EDGE_LOOP ( 'NONE', ( #4286, #5181, #4755 ) ) ;
#2279 = FACE_OUTER_BOUND ( 'NONE', #6574, .T. ) ;
#2280 = FACE_OUTER_BOUND ( 'NONE', #6623, .T. ) ;
#2281 = EDGE_CURVE ( 'NONE', #4741, #4095, #2859, .T. ) ;
#2282 = DIRECTION ( 'NONE',  ( 0.000000000000000000, 0.000000000000000000, -1.000000000000000000 ) ) ;
#2283 = VECTOR ( 'NONE', #4670, 1000.000000000000000 ) ;
#2284 = ORIENTED_EDGE ( 'NONE', *, *, #4050, .T. ) ;
#2285 = EDGE_LOOP ( 'NONE', ( #9484, #3730, #9, #1492 ) ) ;
#2286 = CARTESIAN_POINT ( 'NONE',  ( 0.000000000000000000, 64.29999999999999716, 13.00000000000000000 ) ) ;
#2287 = VECTOR ( 'NONE', #4793, 1000.000000000000000 ) ;
#2288 = ORIENTED_EDGE ( 'NONE', *, *, #5258, .F. ) ;
#2289 = CIRCLE ( 'NONE', #7538, 1.750000000000029310 ) ;
#2290 = VERTEX_POINT ( 'NONE', #5464 ) ;
#2291 = CARTESIAN_POINT ( 'NONE',  ( 2.262741699796919637, 217.5000000000000000, 8.881784197001249168E-15 ) ) ;
#2292 = DIRECTION ( 'NONE',  ( 0.000000000000000000, 0.000000000000000000, -1.000000000000000000 ) ) ;
#2293 = VECTOR ( 'NONE', #165, 1000.000000000000000 ) ;
#2294 = AXIS2_PLACEMENT_3D ( 'NONE', #9867, #5853, #9087 ) ;
#2295 = DIRECTION ( 'NONE',  ( 0.000000000000000000, 0.000000000000000000, -1.000000000000000000 ) ) ;
#2296 = DIRECTION ( 'NONE',  ( -1.000000000000000000, -2.786442101020000197E-16, 0.000000000000000000 ) ) ;
#2297 = CARTESIAN_POINT ( 'NONE',  ( 340.0000000000000000, 265.0000000000000000, 20.00000000000000000 ) ) ;
#2298 = VERTEX_POINT ( 'NONE', #6310 ) ;
#2299 = EDGE_LOOP ( 'NONE', ( #10364, #4249, #611, #8665 ) ) ;
#2300 = VECTOR ( 'NONE', #8977, 1000.000000000000000 ) ;
#2301 = DIRECTION ( 'NONE',  ( 1.000000000000000000, 0.000000000000000000, 0.000000000000000000 ) ) ;
#2302 = CARTESIAN_POINT ( 'NONE',  ( 330.0000000000000000, 520.0000000000000000, 4.000000000000000000 ) ) ;
#2303 = FACE_OUTER_BOUND ( 'NONE', #8324, .T. ) ;
#2304 = CIRCLE ( 'NONE', #8231, 3.199999999999999734 ) ;
#2305 = LINE ( 'NONE', #4748, #8564 ) ;
#2306 = LINE ( 'NONE', #5595, #8709 ) ;
#2307 = DIRECTION ( 'NONE',  ( 0.000000000000000000, -0.9271838545667858700, -0.3746065934159159005 ) ) ;
#2308 = ORIENTED_EDGE ( 'NONE', *, *, #7314, .F. ) ;
#2309 = DIRECTION ( 'NONE',  ( 0.000000000000000000, 1.000000000000000000, 0.000000000000000000 ) ) ;
#2310 = ORIENTED_EDGE ( 'NONE', *, *, #4804, .T. ) ;
#2311 = VERTEX_POINT ( 'NONE', #9320 ) ;
#2312 = AXIS2_PLACEMENT_3D ( 'NONE', #7750, #500, #3723 ) ;
#2313 = ORIENTED_EDGE ( 'NONE', *, *, #2794, .F. ) ;
#2314 = CARTESIAN_POINT ( 'NONE',  ( 503.0721649371211583, 167.0000000000000000, 4.382250650604314401 ) ) ;
#2315 = PLANE ( 'NONE',  #4403 ) ;
#2316 = CYLINDRICAL_SURFACE ( 'NONE', #7271, 12.92922760661763348 ) ;
#2317 = LINE ( 'NONE', #2211, #3303 ) ;
#2318 = EDGE_CURVE ( 'NONE', #1690, #1597, #8563, .T. ) ;
#2319 = DIRECTION ( 'NONE',  ( 8.616220720400398660E-16, 1.000000000000000000, 0.000000000000000000 ) ) ;
#2320 = VECTOR ( 'NONE', #10366, 1000.000000000000114 ) ;
#2321 = CARTESIAN_POINT ( 'NONE',  ( 158.2500000000000000, 10.00000000000000000, 0.000000000000000000 ) ) ;
#2322 = LINE ( 'NONE', #6348, #3642 ) ;
#2323 = FACE_BOUND ( 'NONE', #2900, .T. ) ;
#2324 = ADVANCED_FACE ( 'NONE', ( #8481 ), #3663, .T. ) ;
#2325 = ORIENTED_EDGE ( 'NONE', *, *, #6442, .T. ) ;
#2326 = VECTOR ( 'NONE', #8890, 1000.000000000000000 ) ;
#2327 = LINE ( 'NONE', #1481, #2692 ) ;
#2328 = ORIENTED_EDGE ( 'NONE', *, *, #2192, .F. ) ;
#2329 = VECTOR ( 'NONE', #3059, 1000.000000000000000 ) ;
#2330 = FACE_BOUND ( 'NONE', #2755, .T. ) ;
#2331 = EDGE_CURVE ( 'NONE', #3666, #7267, #4615, .T. ) ;
#2332 = FACE_BOUND ( 'NONE', #383, .T. ) ;
#2333 = CARTESIAN_POINT ( 'NONE',  ( 490.0000000000000000, 360.0000000000000000, 20.00000000000000000 ) ) ;
#2334 = DIRECTION ( 'NONE',  ( 0.000000000000000000, -1.000000000000000000, 6.123233995736750012E-17 ) ) ;
#2335 = EDGE_CURVE ( 'NONE', #4095, #4637, #7684, .T. ) ;
#2336 = CARTESIAN_POINT ( 'NONE',  ( 359.0418050176470501, 530.0000000000001137, 6.005943962776791878 ) ) ;
#2337 = ORIENTED_EDGE ( 'NONE', *, *, #354, .T. ) ;
#2338 = ORIENTED_EDGE ( 'NONE', *, *, #5200, .F. ) ;
#2339 = CARTESIAN_POINT ( 'NONE',  ( 364.0960355625219336, 6.515854361763729263E-15, 6.055956404672989457 ) ) ;
#2340 = VERTEX_POINT ( 'NONE', #5304 ) ;
#2341 = VERTEX_POINT ( 'NONE', #6950 ) ;
#2342 = AXIS2_PLACEMENT_3D ( 'NONE', #3124, #4888, #3280 ) ;
#2343 = EDGE_CURVE ( 'NONE', #9593, #9791, #592, .T. ) ;
#2344 = CARTESIAN_POINT ( 'NONE',  ( 180.0000000000000000, 520.0000000000000000, 4.000000000000000000 ) ) ;
#2345 = DIRECTION ( 'NONE',  ( 0.000000000000000000, 0.9271838545667858700, 0.3746065934159159561 ) ) ;
#2346 = CARTESIAN_POINT ( 'NONE',  ( 10.00000000000000000, 370.0000000000000000, 12.00000000000000000 ) ) ;
#2347 = DIRECTION ( 'NONE',  ( -0.1032664630633497171, -0.9946537274883083812, 0.000000000000000000 ) ) ;
#2348 = CARTESIAN_POINT ( 'NONE',  ( 508.8508361943102045, 20.80215158257106367, 9.900000000000009237 ) ) ;
#2349 = EDGE_CURVE ( 'NONE', #1638, #5520, #7798, .T. ) ;
#2350 = DIRECTION ( 'NONE',  ( 0.000000000000000000, 0.000000000000000000, -1.000000000000000000 ) ) ;
#2351 = EDGE_CURVE ( 'NONE', #7289, #3731, #439, .T. ) ;
#2352 = EDGE_CURVE ( 'NONE', #5635, #2935, #10320, .T. ) ;
#2353 = VERTEX_POINT ( 'NONE', #6998 ) ;
#2354 = VECTOR ( 'NONE', #2157, 1000.000000000000000 ) ;
#2355 = VERTEX_POINT ( 'NONE', #10159 ) ;
#2356 = CYLINDRICAL_SURFACE ( 'NONE', #2449, 3.200000000000008171 ) ;
#2358 = EDGE_CURVE ( 'NONE', #7854, #10074, #6094, .T. ) ;
#2357 = DIRECTION ( 'NONE',  ( 1.000000000000000000, 0.000000000000000000, 0.000000000000000000 ) ) ;
#2359 = CARTESIAN_POINT ( 'NONE',  ( 503.0343435439377231, 339.9999999999998295, 6.433224273564971550E-16 ) ) ;
#2360 = DIRECTION ( 'NONE',  ( 0.000000000000000000, -1.000000000000000000, 0.000000000000000000 ) ) ;
#2361 = AXIS2_PLACEMENT_3D ( 'NONE', #4240, #5928, #6775 ) ;
#2362 = DIRECTION ( 'NONE',  ( 0.000000000000000000, 1.000000000000000000, 0.000000000000000000 ) ) ;
#2363 = CARTESIAN_POINT ( 'NONE',  ( 295.0000000000000568, 510.0000000000000000, 4.238056389090997911 ) ) ;
#2364 = EDGE_LOOP ( 'NONE', ( #9190, #146, #2973, #6977 ) ) ;
#2365 = DIRECTION ( 'NONE',  ( 0.000000000000000000, 0.000000000000000000, -1.000000000000000000 ) ) ;
#2366 = ORIENTED_EDGE ( 'NONE', *, *, #2006, .F. ) ;
#2367 = EDGE_LOOP ( 'NONE', ( #3345, #1233, #8720, #7179 ) ) ;
#2368 = AXIS2_PLACEMENT_3D ( 'NONE', #8666, #1309, #1410 ) ;
#2369 = ORIENTED_EDGE ( 'NONE', *, *, #4089, .F. ) ;
#2370 = DIRECTION ( 'NONE',  ( 0.000000000000000000, -1.000000000000000000, 5.921189464667500234E-15 ) ) ;
#2371 = DIRECTION ( 'NONE',  ( 1.000000000000000000, 0.000000000000000000, 0.000000000000000000 ) ) ;
#2372 = VECTOR ( 'NONE', #3568, 1000.000000000000000 ) ;
#2373 = PLANE ( 'NONE',  #9447 ) ;
#2374 = LINE ( 'NONE', #2424, #1950 ) ;
#2375 = CARTESIAN_POINT ( 'NONE',  ( 215.0000000000000284, 514.9462298511216432, 10.98201583573392348 ) ) ;
#2376 = DIRECTION ( 'NONE',  ( 0.000000000000000000, 0.000000000000000000, 1.000000000000000000 ) ) ;
#2377 = ORIENTED_EDGE ( 'NONE', *, *, #3501, .F. ) ;
#2378 = CIRCLE ( 'NONE', #2041, 1.750000000000029310 ) ;
#2379 = DIRECTION ( 'NONE',  ( 6.123233995736769734E-17, 7.588638549471020099E-33, 1.000000000000000000 ) ) ;
#2380 = FILL_AREA_STYLE ('',( #1477 ) ) ;
#2381 = ORIENTED_EDGE ( 'NONE', *, *, #140, .F. ) ;
#2382 = CYLINDRICAL_SURFACE ( 'NONE', #8788, 3.200000000000008171 ) ;
#2383 = EDGE_LOOP ( 'NONE', ( #8949, #9480, #990, #3331, #10012 ) ) ;
#2384 = CARTESIAN_POINT ( 'NONE',  ( 160.0000000000000000, 520.0000000000000000, 4.000000000000000000 ) ) ;
#2385 = DIRECTION ( 'NONE',  ( 0.000000000000000000, 0.000000000000000000, -1.000000000000000000 ) ) ;
#2386 = CIRCLE ( 'NONE', #5601, 7.129871913033764663 ) ;
#2387 = CARTESIAN_POINT ( 'NONE',  ( 340.0000000000000000, 265.0000000000000000, 0.000000000000000000 ) ) ;
#2388 = FACE_BOUND ( 'NONE', #7087, .T. ) ;
#2389 = CARTESIAN_POINT ( 'NONE',  ( 356.8040012328891635, 529.9999999999997726, 6.884591227693841020 ) ) ;
#2391 = VERTEX_POINT ( 'NONE', #2962 ) ;
#2390 = EDGE_CURVE ( 'NONE', #3760, #9949, #1432, .T. ) ;
#2392 = VERTEX_POINT ( 'NONE', #9426 ) ;
#2393 = CARTESIAN_POINT ( 'NONE',  ( 365.6152086253737252, 2.585985204697103937E-13, 4.595652598820554324 ) ) ;
#2394 = ORIENTED_EDGE ( 'NONE', *, *, #8762, .F. ) ;
#2395 = ORIENTED_EDGE ( 'NONE', *, *, #4291, .T. ) ;
#2396 = DIRECTION ( 'NONE',  ( 0.000000000000000000, 0.000000000000000000, 1.000000000000000000 ) ) ;
#2397 = LINE ( 'NONE', #7283, #1632 ) ;
#2398 = EDGE_CURVE ( 'NONE', #3575, #3406, #10052, .T. ) ;
#2399 = DIRECTION ( 'NONE',  ( -1.000000000000000000, 0.000000000000000000, 0.000000000000000000 ) ) ;
#2400 = CARTESIAN_POINT ( 'NONE',  ( 255.0000000000000000, 170.0000000000000000, 0.000000000000000000 ) ) ;
#2401 = CARTESIAN_POINT ( 'NONE',  ( 10.00000000000000000, 500.0000000000000000, 0.000000000000000000 ) ) ;
#2402 = ORIENTED_EDGE ( 'NONE', *, *, #5321, .T. ) ;
#2403 = ADVANCED_FACE ( 'NONE', ( #7054 ), #10264, .F. ) ;
#2404 = VERTEX_POINT ( 'NONE', #815 ) ;
#2405 = PLANE ( 'NONE',  #5839 ) ;
#2406 = CARTESIAN_POINT ( 'NONE',  ( 510.0000000000000000, 281.0500000000000114, 10.00000000000000000 ) ) ;
#2407 = LINE ( 'NONE', #9708, #2300 ) ;
#2408 = EDGE_CURVE ( 'NONE', #9615, #1212, #115, .T. ) ;
#2409 = EDGE_CURVE ( 'NONE', #7228, #8249, #1697, .T. ) ;
#2410 = DIRECTION ( 'NONE',  ( -1.000000000000000000, 0.000000000000000000, 0.000000000000000000 ) ) ;
#2411 = CARTESIAN_POINT ( 'NONE',  ( 503.0343435439377231, 19.32959827346331139, 3.900000000000000355 ) ) ;
#2412 = DIRECTION ( 'NONE',  ( -0.4362634564888562272, 0.8998189798689489871, 0.000000000000000000 ) ) ;
#2413 = ORIENTED_EDGE ( 'NONE', *, *, #7717, .F. ) ;
#2414 = EDGE_CURVE ( 'NONE', #6416, #2909, #7222, .T. ) ;
#2415 = CARTESIAN_POINT ( 'NONE',  ( 503.0343435439377231, 319.9999999999997726, 6.433224273564971550E-16 ) ) ;
#2416 = ORIENTED_EDGE ( 'NONE', *, *, #2981, .F. ) ;
#2417 = ORIENTED_EDGE ( 'NONE', *, *, #7404, .T. ) ;
#2418 = VECTOR ( 'NONE', #6235, 1000.000000000000000 ) ;
#2419 = AXIS2_PLACEMENT_3D ( 'NONE', #2286, #8446, #359 ) ;
#2420 = VERTEX_POINT ( 'NONE', #4044 ) ;
#2421 = DIRECTION ( 'NONE',  ( 1.000000000000000000, 0.000000000000000000, 0.000000000000000000 ) ) ;
#2422 = LINE ( 'NONE', #8834, #5267 ) ;
#2423 = LINE ( 'NONE', #5654, #9280 ) ;
#2424 = CARTESIAN_POINT ( 'NONE',  ( 503.0000000000000000, 246.2999999999999829, 13.00000000000000000 ) ) ;
#2425 = FACE_BOUND ( 'NONE', #8922, .T. ) ;
#2426 = DIRECTION ( 'NONE',  ( 0.000000000000000000, 0.000000000000000000, 1.000000000000000000 ) ) ;
#2427 = ORIENTED_EDGE ( 'NONE', *, *, #2907, .T. ) ;
#2428 = LINE ( 'NONE', #4926, #5498 ) ;
#2429 = ORIENTED_EDGE ( 'NONE', *, *, #4614, .T. ) ;
#2430 = CARTESIAN_POINT ( 'NONE',  ( 170.0000000000000000, 530.0000000000000000, 5.000000000000000000 ) ) ;
#2431 = ORIENTED_EDGE ( 'NONE', *, *, #1575, .T. ) ;
#2432 = CYLINDRICAL_SURFACE ( 'NONE', #7213, 3.199999999999999734 ) ;
#2433 = CARTESIAN_POINT ( 'NONE',  ( 508.8508361943100340, 359.9999999999999432, -9.146565213191545956E-17 ) ) ;
#2434 = CARTESIAN_POINT ( 'NONE',  ( 500.0000000000000000, 350.0000000000000000, 12.00000000000000000 ) ) ;
#2435 = CARTESIAN_POINT ( 'NONE',  ( 503.1189405172683564, 170.0000000000000000, 4.618317782934551197 ) ) ;
#2436 = ORIENTED_EDGE ( 'NONE', *, *, #1441, .F. ) ;
#2437 = ORIENTED_EDGE ( 'NONE', *, *, #4747, .T. ) ;
#2438 = CIRCLE ( 'NONE', #2931, 3.200000000000008171 ) ;
#2439 = CARTESIAN_POINT ( 'NONE',  ( 357.9796238475710197, 1.228454307775459664E-15, 6.642017586913212313 ) ) ;
#2440 = ORIENTED_EDGE ( 'NONE', *, *, #6576, .T. ) ;
#2441 = ORIENTED_EDGE ( 'NONE', *, *, #1931, .F. ) ;
#2442 = VECTOR ( 'NONE', #2295, 1000.000000000000000 ) ;
#2443 = PLANE ( 'NONE',  #3046 ) ;
#2444 = CARTESIAN_POINT ( 'NONE',  ( 350.0000000000000000, 10.00000000000000000, 12.00000000000000000 ) ) ;
#2445 = FACE_OUTER_BOUND ( 'NONE', #3987, .T. ) ;
#2446 = VECTOR ( 'NONE', #1905, 1000.000000000000000 ) ;
#2447 = DIRECTION ( 'NONE',  ( 0.000000000000000000, 0.000000000000000000, -1.000000000000000000 ) ) ;
#2448 = CARTESIAN_POINT ( 'NONE',  ( 503.0359596853934931, 178.9885906918238163, 4.000000000000000000 ) ) ;
#2449 = AXIS2_PLACEMENT_3D ( 'NONE', #8767, #666, #1664 ) ;
#2450 = AXIS2_PLACEMENT_3D ( 'NONE', #7783, #4709, #530 ) ;
#2451 = DIRECTION ( 'NONE',  ( 1.000000000000000000, 0.000000000000000000, 0.000000000000000000 ) ) ;
#2452 = ORIENTED_EDGE ( 'NONE', *, *, #8689, .F. ) ;
#2453 = VERTEX_POINT ( 'NONE', #8161 ) ;
#2454 = EDGE_CURVE ( 'NONE', #5508, #750, #3126, .T. ) ;
#2455 = DIRECTION ( 'NONE',  ( 0.8499569182760007280, 0.5268521966118807631, 0.000000000000000000 ) ) ;
#2456 = DIRECTION ( 'NONE',  ( 0.000000000000000000, 0.000000000000000000, -1.000000000000000000 ) ) ;
#2457 = AXIS2_PLACEMENT_3D ( 'NONE', #1901, #1849, #5088 ) ;
#2458 = AXIS2_PLACEMENT_3D ( 'NONE', #5813, #6719, #317 ) ;
#2459 = CARTESIAN_POINT ( 'NONE',  ( 497.8278992884585250, 512.2068833318884344, 3.900000000000000355 ) ) ;
#2460 = EDGE_CURVE ( 'NONE', #8151, #4876, #7725, .T. ) ;
#2461 = CARTESIAN_POINT ( 'NONE',  ( 508.8508361943100340, 20.80215158257099262, -9.146565213191545956E-17 ) ) ;
#2462 = CARTESIAN_POINT ( 'NONE',  ( 6.500000000000000000, 454.3000000000070031, 7.000000000003919531 ) ) ;
#2463 = DIRECTION ( 'NONE',  ( 0.000000000000000000, 0.000000000000000000, -1.000000000000000000 ) ) ;
#2464 = VECTOR ( 'NONE', #6889, 1000.000000000000000 ) ;
#2465 = EDGE_LOOP ( 'NONE', ( #7495, #3729, #4257, #45 ) ) ;
#2466 = VECTOR ( 'NONE', #7814, 1000.000000000000000 ) ;
#2467 = DIRECTION ( 'NONE',  ( 0.000000000000000000, 0.000000000000000000, -1.000000000000000000 ) ) ;
#2468 = VERTEX_POINT ( 'NONE', #3125 ) ;
#2469 = ORIENTED_EDGE ( 'NONE', *, *, #8739, .F. ) ;
#2470 = CARTESIAN_POINT ( 'NONE',  ( 503.1463130470124270, 369.4087054172275657, 4.728636147329718931 ) ) ;
#2471 = CARTESIAN_POINT ( 'NONE',  ( 503.0359596853934931, 161.0114093081758142, 4.000000000000000000 ) ) ;
#2472 = CARTESIAN_POINT ( 'NONE',  ( 495.9425898691238785, 20.06587492801714134, 3.900000000000000799 ) ) ;
#2473 = LINE ( 'NONE', #5707, #8727 ) ;
#2474 = EDGE_CURVE ( 'NONE', #829, #5434, #1044, .T. ) ;
#2475 = FACE_OUTER_BOUND ( 'NONE', #2836, .T. ) ;
#2476 = EDGE_CURVE ( 'NONE', #6039, #1429, #3633, .T. ) ;
#2477 = CARTESIAN_POINT ( 'NONE',  ( 503.1923692304114297, 350.2499458203026279, 4.876454158737842270 ) ) ;
#2478 = AXIS2_PLACEMENT_3D ( 'NONE', #1022, #2550, #7586 ) ;
#2479 = EDGE_LOOP ( 'NONE', ( #1043, #2440, #730, #1482, #9691, #8017 ) ) ;
#2480 = VECTOR ( 'NONE', #9294, 1000.000000000000000 ) ;
#2481 = CARTESIAN_POINT ( 'NONE',  ( 500.0000000000000000, 30.00000000000000000, 4.000000000000000000 ) ) ;
#2482 = EDGE_CURVE ( 'NONE', #3415, #2190, #6160, .T. ) ;
#2483 = ORIENTED_EDGE ( 'NONE', *, *, #281, .F. ) ;
#2484 = DIRECTION ( 'NONE',  ( 0.000000000000000000, 1.000000000000000000, -6.123233995736819037E-17 ) ) ;
#2485 = ORIENTED_EDGE ( 'NONE', *, *, #7226, .F. ) ;
#2486 = DIRECTION ( 'NONE',  ( 1.860521002879739963E-33, -1.000000000000000000, -4.809630431589130061E-16 ) ) ;
#2487 = EDGE_CURVE ( 'NONE', #1741, #10090, #1747, .T. ) ;
#2488 = CARTESIAN_POINT ( 'NONE',  ( 353.1999999999999318, 10.00000000000000000, 12.00000000000000000 ) ) ;
#2489 = DIRECTION ( 'NONE',  ( 0.000000000000000000, 0.000000000000000000, -1.000000000000000000 ) ) ;
#2490 = VECTOR ( 'NONE', #4090, 1000.000000000000000 ) ;
#2491 = CARTESIAN_POINT ( 'NONE',  ( 360.1080429176265625, 530.0000000000000000, 3.900000000000000799 ) ) ;
#2492 = EDGE_LOOP ( 'NONE', ( #4891, #2062, #7424, #6260 ) ) ;
#2493 = ORIENTED_EDGE ( 'NONE', *, *, #8230, .T. ) ;
#2494 = CARTESIAN_POINT ( 'NONE',  ( 503.0000000000000000, 281.0500000000000114, 10.00000000000000000 ) ) ;
#2495 = VERTEX_POINT ( 'NONE', #6675 ) ;
#2496 = CIRCLE ( 'NONE', #137, 1.749999999999973799 ) ;
#2497 = ORIENTED_EDGE ( 'NONE', *, *, #82, .F. ) ;
#2498 = CARTESIAN_POINT ( 'NONE',  ( 497.0916226339046489, 523.2298202377398866, 9.900000000000009237 ) ) ;
#2499 = DIRECTION ( 'NONE',  ( 1.000000000000000000, 0.000000000000000000, 0.000000000000000000 ) ) ;
#2500 = DIRECTION ( 'NONE',  ( 0.000000000000000000, 0.000000000000000000, -1.000000000000000000 ) ) ;
#2501 =( NAMED_UNIT ( * ) PLANE_ANGLE_UNIT ( ) SI_UNIT ( $, .RADIAN. ) );
#2502 = CARTESIAN_POINT ( 'NONE',  ( 0.000000000000000000, 454.3000000000059799, 12.99999999999979927 ) ) ;
#2503 = CARTESIAN_POINT ( 'NONE',  ( 0.000000000000000000, 75.69999999999389217, 13.00000000000000000 ) ) ;
#2504 = VERTEX_POINT ( 'NONE', #2644 ) ;
#2505 = ORIENTED_EDGE ( 'NONE', *, *, #8432, .F. ) ;
#2506 = CIRCLE ( 'NONE', #1158, 1.749999999999999778 ) ;
#2507 = LINE ( 'NONE', #8084, #8536 ) ;
#2508 = CARTESIAN_POINT ( 'NONE',  ( 350.0000000000000000, 520.0000000000000000, 20.00000000000000000 ) ) ;
#2509 = DIRECTION ( 'NONE',  ( 1.000000000000000000, 0.000000000000000000, 0.000000000000000000 ) ) ;
#2510 = DIRECTION ( 'NONE',  ( 1.000000000000000000, 0.000000000000000000, 0.000000000000000000 ) ) ;
#2511 = EDGE_CURVE ( 'NONE', #10322, #7108, #257, .T. ) ;
#2512 = DIRECTION ( 'NONE',  ( 1.000000000000000000, 0.000000000000000000, 0.000000000000000000 ) ) ;
#2513 = DIRECTION ( 'NONE',  ( 0.000000000000000000, 0.000000000000000000, -1.000000000000000000 ) ) ;
#2514 = AXIS2_PLACEMENT_3D ( 'NONE', #2679, #5076, #4177 ) ;
#2515 = DIRECTION ( 'NONE',  ( 0.000000000000000000, 0.9271838545667858700, 0.3746065934159159561 ) ) ;
#2516 = ORIENTED_EDGE ( 'NONE', *, *, #9365, .F. ) ;
#2517 = LINE ( 'NONE', #5805, #1072 ) ;
#2518 = VERTEX_POINT ( 'NONE', #2541 ) ;
#2519 = ORIENTED_EDGE ( 'NONE', *, *, #7852, .F. ) ;
#2520 = EDGE_CURVE ( 'NONE', #175, #7839, #1799, .T. ) ;
#2521 = CARTESIAN_POINT ( 'NONE',  ( 354.7201123649163605, -8.673617379884035472E-16, 6.433224273564971550E-16 ) ) ;
#2522 = CARTESIAN_POINT ( 'NONE',  ( -1.019565509578099937E-31, 54.80000000000000426, 6.499999999999629630 ) ) ;
#2523 = DIRECTION ( 'NONE',  ( 0.000000000000000000, 0.000000000000000000, 1.000000000000000000 ) ) ;
#2524 = CARTESIAN_POINT ( 'NONE',  ( 496.8000000000000114, 350.0000000000000000, 20.00000000000000000 ) ) ;
#2525 = DIRECTION ( 'NONE',  ( 6.123233995736769734E-17, 7.588638549471020099E-33, 1.000000000000000000 ) ) ;
#2526 = EDGE_CURVE ( 'NONE', #6617, #9213, #3494, .T. ) ;
#2527 = CARTESIAN_POINT ( 'NONE',  ( 503.3421688180346223, 360.0000000000001137, 5.255899929316208308 ) ) ;
#2528 = ORIENTED_EDGE ( 'NONE', *, *, #7771, .F. ) ;
#2529 = VECTOR ( 'NONE', #4770, 1000.000000000000000 ) ;
#2530 = DIRECTION ( 'NONE',  ( 1.000000000000000000, 0.000000000000000000, 0.000000000000000000 ) ) ;
#2531 = EDGE_CURVE ( 'NONE', #2221, #5184, #2741, .T. ) ;
#2532 = VERTEX_POINT ( 'NONE', #5934 ) ;
#2533 = CARTESIAN_POINT ( 'NONE',  ( 490.0000000000000000, 20.00000000000000000, 0.000000000000000000 ) ) ;
#2534 = ORIENTED_EDGE ( 'NONE', *, *, #7404, .F. ) ;
#2535 = CARTESIAN_POINT ( 'NONE',  ( 510.0000000000000000, 9.860761315262649319E-31, 0.000000000000000000 ) ) ;
#2536 = DIRECTION ( 'NONE',  ( 1.000000000000000000, 0.000000000000000000, 0.000000000000000000 ) ) ;
#2537 = VECTOR ( 'NONE', #6339, 1000.000000000000000 ) ;
#2538 = ADVANCED_FACE ( 'NONE', ( #7470 ), #8367, .T. ) ;
#2539 = ADVANCED_FACE ( 'NONE', ( #5192 ), #1013, .F. ) ;
#2540 = FACE_OUTER_BOUND ( 'NONE', #6095, .T. ) ;
#2541 = CARTESIAN_POINT ( 'NONE',  ( 6.500000000000000000, 110.2000000000000028, 7.000000000000000000 ) ) ;
#2542 = ORIENTED_EDGE ( 'NONE', *, *, #1219, .T. ) ;
#2543 = ORIENTED_EDGE ( 'NONE', *, *, #8239, .T. ) ;
#2544 = EDGE_CURVE ( 'NONE', #4074, #214, #1854, .T. ) ;
#2545 = CARTESIAN_POINT ( 'NONE',  ( 170.0000000000000000, 2.545584412271580277, -2.220446049250309925E-15 ) ) ;
#2546 = ORIENTED_EDGE ( 'NONE', *, *, #3949, .F. ) ;
#2547 = ORIENTED_EDGE ( 'NONE', *, *, #7957, .T. ) ;
#2548 = CIRCLE ( 'NONE', #698, 1.749999999999999778 ) ;
#2549 = CARTESIAN_POINT ( 'NONE',  ( 369.7115083231462336, 517.4133275873678031, 9.900000000000007461 ) ) ;
#2550 = DIRECTION ( 'NONE',  ( 0.000000000000000000, 0.000000000000000000, -1.000000000000000000 ) ) ;
#2551 = DIRECTION ( 'NONE',  ( 0.000000000000000000, 0.000000000000000000, -1.000000000000000000 ) ) ;
#2552 = VECTOR ( 'NONE', #3161, 1000.000000000000000 ) ;
#2553 = CARTESIAN_POINT ( 'NONE',  ( 491.8000000000000114, 360.0000000000000000, 5.000000000000000000 ) ) ;
#2554 = LINE ( 'NONE', #288, #5152 ) ;
#2555 = PLANE ( 'NONE',  #51 ) ;
#2556 = ORIENTED_EDGE ( 'NONE', *, *, #9012, .F. ) ;
#2557 = ORIENTED_EDGE ( 'NONE', *, *, #8883, .T. ) ;
#2558 = CARTESIAN_POINT ( 'NONE',  ( 490.0000000000000000, 340.0000000000000000, 0.000000000000000000 ) ) ;
#2559 = CARTESIAN_POINT ( 'NONE',  ( 501.7500000000000568, 160.0000000000000000, 4.000000000000000000 ) ) ;
#2560 = CARTESIAN_POINT ( 'NONE',  ( 6.500000000000000000, 429.3000000000000114, 7.000000000003810285 ) ) ;
#2561 = FACE_BOUND ( 'NONE', #10161, .T. ) ;
#2562 = DIRECTION ( 'NONE',  ( 0.000000000000000000, 0.000000000000000000, -1.000000000000000000 ) ) ;
#2563 = CARTESIAN_POINT ( 'NONE',  ( 507.4544155877279650, 170.0000000000000000, 1.221245327087669986E-14 ) ) ;
#2564 = DIRECTION ( 'NONE',  ( 0.000000000000000000, 0.000000000000000000, -1.000000000000000000 ) ) ;
#2565 = VERTEX_POINT ( 'NONE', #170 ) ;
#2566 = CARTESIAN_POINT ( 'NONE',  ( 170.0000000000000000, 2.262741699796960049, -2.220446049250309925E-15 ) ) ;
#2567 = EDGE_LOOP ( 'NONE', ( #3513, #8120, #1226, #198 ) ) ;
#2568 = ORIENTED_EDGE ( 'NONE', *, *, #3563, .F. ) ;
#2569 =( GEOMETRIC_REPRESENTATION_CONTEXT ( 3 ) GLOBAL_UNCERTAINTY_ASSIGNED_CONTEXT ( ( #2694 ) ) GLOBAL_UNIT_ASSIGNED_CONTEXT ( ( #7706, #3528, #3733 ) ) REPRESENTATION_CONTEXT ( 'NONE', 'WORKASPACE' ) );
#2570 = PLANE ( 'NONE',  #6439 ) ;
#2571 =( NAMED_UNIT ( * ) SI_UNIT ( $, .STERADIAN. ) SOLID_ANGLE_UNIT ( ) );
#2572 = DIRECTION ( 'NONE',  ( 0.000000000000000000, 1.000000000000000000, 0.000000000000000000 ) ) ;
#2573 = LINE ( 'NONE', #10406, #10397 ) ;
#2574 = DIRECTION ( 'NONE',  ( -9.889925005015192000E-17, 0.7071067811865474617, 0.7071067811865474617 ) ) ;
#2575 = CIRCLE ( 'NONE', #1559, 3.199999999999980638 ) ;
#2576 = ADVANCED_FACE ( 'NONE', ( #221 ), #5880, .T. ) ;
#2577 = CARTESIAN_POINT ( 'NONE',  ( 10.00000000000000000, 180.0000000000000000, 20.00000000000000000 ) ) ;
#2578 = ORIENTED_EDGE ( 'NONE', *, *, #4792, .T. ) ;
#2579 = VECTOR ( 'NONE', #3827, 1000.000000000000000 ) ;
#2580 = LINE ( 'NONE', #954, #6399 ) ;
#2581 = ORIENTED_EDGE ( 'NONE', *, *, #218, .T. ) ;
#2582 = EDGE_CURVE ( 'NONE', #4836, #3142, #2695, .T. ) ;
#2583 = DIRECTION ( 'NONE',  ( 0.000000000000000000, 0.000000000000000000, -1.000000000000000000 ) ) ;
#2584 = VERTEX_POINT ( 'NONE', #9844 ) ;
#2585 = DIRECTION ( 'NONE',  ( 0.000000000000000000, 0.000000000000000000, -1.000000000000000000 ) ) ;
#2586 = CARTESIAN_POINT ( 'NONE',  ( -8.923988990312719520E-31, 479.6500000000000341, 12.99999999999979927 ) ) ;
#2587 = VECTOR ( 'NONE', #9574, 1000.000000000000000 ) ;
#2588 = EDGE_CURVE ( 'NONE', #9141, #5106, #656, .T. ) ;
#2589 = CARTESIAN_POINT ( 'NONE',  ( 7.000000000000000000, 70.00000000000000000, 10.00000000000000000 ) ) ;
#2590 = CARTESIAN_POINT ( 'NONE',  ( 508.8508361943101477, 170.0000000000000853, 3.900000000000000799 ) ) ;
#2591 = EDGE_LOOP ( 'NONE', ( #7863, #840, #7249, #1776 ) ) ;
#2592 = ORIENTED_EDGE ( 'NONE', *, *, #5388, .T. ) ;
#2593 = CARTESIAN_POINT ( 'NONE',  ( 167.0000000000000000, 6.703233356227359545E-15, -1.527713595751250061E-15 ) ) ;
#2594 = VERTEX_POINT ( 'NONE', #636 ) ;
#2595 = ADVANCED_FACE ( 'NONE', ( #2894, #1319 ), #3002, .F. ) ;
#2596 = EDGE_CURVE ( 'NONE', #1635, #8899, #9468, .T. ) ;
#2597 = EDGE_CURVE ( 'NONE', #4411, #4095, #1266, .T. ) ;
#2598 = VERTEX_POINT ( 'NONE', #6832 ) ;
#2599 = DIRECTION ( 'NONE',  ( 0.000000000000000000, 0.000000000000000000, -1.000000000000000000 ) ) ;
#2600 = FACE_OUTER_BOUND ( 'NONE', #1909, .T. ) ;
#2601 = EDGE_CURVE ( 'NONE', #9438, #7479, #5159, .T. ) ;
#2602 = CARTESIAN_POINT ( 'NONE',  ( 0.000000000000000000, 419.8000000000000114, 12.99999999999979927 ) ) ;
#2603 = DIRECTION ( 'NONE',  ( 1.000000000000000000, 0.000000000000000000, 0.000000000000000000 ) ) ;
#2604 = CARTESIAN_POINT ( 'NONE',  ( 340.0000000000000000, 511.8000000000000114, 15.65441558772840125 ) ) ;
#2605 = ORIENTED_EDGE ( 'NONE', *, *, #1187, .T. ) ;
#2606 = VERTEX_POINT ( 'NONE', #9266 ) ;
#2607 = CIRCLE ( 'NONE', #252, 3.000000000000007994 ) ;
#2608 = EDGE_CURVE ( 'NONE', #8528, #7228, #3292, .T. ) ;
#2609 = ORIENTED_EDGE ( 'NONE', *, *, #8944, .T. ) ;
#2610 = CARTESIAN_POINT ( 'NONE',  ( 215.0000000000000284, 510.0000000000000000, 10.49355789662076788 ) ) ;
#2611 = DIRECTION ( 'NONE',  ( -1.000000000000000000, 0.000000000000000000, 0.000000000000000000 ) ) ;
#2612 = FACE_OUTER_BOUND ( 'NONE', #7902, .T. ) ;
#2613 = CARTESIAN_POINT ( 'NONE',  ( 333.1999999999999886, 520.0000000000000000, 20.00000000000000000 ) ) ;
#2614 = CARTESIAN_POINT ( 'NONE',  ( 510.0000000000000000, 117.9000000000000057, 13.00000000000000000 ) ) ;
#2615 = DIRECTION ( 'NONE',  ( 0.000000000000000000, 0.000000000000000000, -1.000000000000000000 ) ) ;
#2616 = ORIENTED_EDGE ( 'NONE', *, *, #8363, .F. ) ;
#2617 = CARTESIAN_POINT ( 'NONE',  ( 295.0000000000000568, 510.0000000000000000, 4.238056389090997911 ) ) ;
#2618 = VERTEX_POINT ( 'NONE', #2163 ) ;
#2619 = VERTEX_POINT ( 'NONE', #7787 ) ;
#2620 = VECTOR ( 'NONE', #3301, 1000.000000000000000 ) ;
#2621 = VECTOR ( 'NONE', #2088, 1000.000000000000000 ) ;
#2622 = DIRECTION ( 'NONE',  ( 0.000000000000000000, 0.000000000000000000, 1.000000000000000000 ) ) ;
#2623 = CARTESIAN_POINT ( 'NONE',  ( 10.00000000000000000, 180.0000000000000000, 4.000000000000000000 ) ) ;
#2624 = LINE ( 'NONE', #314, #2846 ) ;
#2625 = CARTESIAN_POINT ( 'NONE',  ( 20.00000000000000000, 510.0000000000000000, 0.000000000000000000 ) ) ;
#2626 = VECTOR ( 'NONE', #2564, 1000.000000000000000 ) ;
#2627 = LINE ( 'NONE', #2729, #4192 ) ;
#2628 = DIRECTION ( 'NONE',  ( 1.000000000000000000, 0.000000000000000000, 0.000000000000000000 ) ) ;
#2629 = CIRCLE ( 'NONE', #776, 3.199999999999999734 ) ;
#2630 = VERTEX_POINT ( 'NONE', #1369 ) ;
#2631 = CARTESIAN_POINT ( 'NONE',  ( 510.0000000000000000, 235.8000000000000114, 13.00000000000000000 ) ) ;
#2632 = ORIENTED_EDGE ( 'NONE', *, *, #10167, .F. ) ;
#2633 = CARTESIAN_POINT ( 'NONE',  ( 18.19999999999999929, 170.0000000000000000, 5.000000000000000000 ) ) ;
#2634 = ADVANCED_FACE ( 'NONE', ( #4448 ), #533, .F. ) ;
#2635 = VERTEX_POINT ( 'NONE', #3651 ) ;
#2636 = AXIS2_PLACEMENT_3D ( 'NONE', #3580, #3530, #8303 ) ;
#2637 = CARTESIAN_POINT ( 'NONE',  ( 166.0000000000000000, 527.7372583002030524, -1.543812779989250140E-14 ) ) ;
#2638 = AXIS2_PLACEMENT_3D ( 'NONE', #5681, #8916, #1656 ) ;
#2639 = DIRECTION ( 'NONE',  ( 1.139240545461550029E-49, -6.123233995736769734E-17, -1.000000000000000000 ) ) ;
#2640 = AXIS2_PLACEMENT_3D ( 'NONE', #9369, #591, #1229 ) ;
#2641 = VECTOR ( 'NONE', #1510, 1000.000000000000000 ) ;
#2642 = EDGE_CURVE ( 'NONE', #214, #706, #2778, .T. ) ;
#2643 = DIRECTION ( 'NONE',  ( 1.000000000000000000, 0.000000000000000000, 0.000000000000000000 ) ) ;
#2644 = CARTESIAN_POINT ( 'NONE',  ( 503.0343435439377231, 511.4706066773343309, 6.433224273564971550E-16 ) ) ;
#2645 = ORIENTED_EDGE ( 'NONE', *, *, #5821, .F. ) ;
#2646 = EDGE_LOOP ( 'NONE', ( #6710, #3640 ) ) ;
#2647 = CARTESIAN_POINT ( 'NONE',  ( 362.0787533695030902, 518.6879848618852975, 3.900000000000000799 ) ) ;
#2648 = VERTEX_POINT ( 'NONE', #5293 ) ;
#2649 = EDGE_CURVE ( 'NONE', #1870, #9117, #6986, .T. ) ;
#2650 = VERTEX_POINT ( 'NONE', #9414 ) ;
#2651 = VECTOR ( 'NONE', #553, 1000.000000000000000 ) ;
#2652 = DIRECTION ( 'NONE',  ( 0.000000000000000000, 0.000000000000000000, -1.000000000000000000 ) ) ;
#2653 = CARTESIAN_POINT ( 'NONE',  ( 340.0000000000000000, 265.0000000000000000, 0.000000000000000000 ) ) ;
#2654 = EDGE_LOOP ( 'NONE', ( #2243, #1475, #5223, #10001 ) ) ;
#2655 = VECTOR ( 'NONE', #3179, 1000.000000000000000 ) ;
#2656 = CARTESIAN_POINT ( 'NONE',  ( 496.6788665236777547, 7.157628602830895304, 3.900000000000000799 ) ) ;
#2657 = CARTESIAN_POINT ( 'NONE',  ( 10.00000000000000000, 160.0000000000000000, 0.000000000000000000 ) ) ;
#2658 = DIRECTION ( 'NONE',  ( 0.000000000000000000, -1.000000000000000000, 0.000000000000000000 ) ) ;
#2659 = ORIENTED_EDGE ( 'NONE', *, *, #7656, .T. ) ;
#2660 = EDGE_LOOP ( 'NONE', ( #1355, #890, #5988, #8372 ) ) ;
#2662 = ADVANCED_FACE ( 'NONE', ( #1686 ), #5610, .F. ) ;
#2661 = ORIENTED_EDGE ( 'NONE', *, *, #4753, .F. ) ;
#2663 = AXIS2_PLACEMENT_3D ( 'NONE', #1580, #3968, #3916 ) ;
#2664 = CARTESIAN_POINT ( 'NONE',  ( -7.810467170089169446E-31, 419.8000000000000114, 6.499999999999880096 ) ) ;
#2665 = CYLINDRICAL_SURFACE ( 'NONE', #9241, 1.749999999999973799 ) ;
#2666 = EDGE_CURVE ( 'NONE', #4263, #6427, #3922, .T. ) ;
#2667 = FACE_OUTER_BOUND ( 'NONE', #2113, .T. ) ;
#2668 = EDGE_CURVE ( 'NONE', #6139, #856, #2428, .T. ) ;
#2669 = EDGE_CURVE ( 'NONE', #5727, #6158, #10309, .T. ) ;
#2670 = CARTESIAN_POINT ( 'NONE',  ( 2.545584412271499897, 360.0000000000000000, -1.094141213840079913E-14 ) ) ;
#2671 = CARTESIAN_POINT ( 'NONE',  ( 510.0000000000000000, 9.860761315262649319E-31, 0.000000000000000000 ) ) ;
#2672 = CARTESIAN_POINT ( 'NONE',  ( 20.00000000000000000, 320.0000000000000000, 0.000000000000000000 ) ) ;
#2673 = EDGE_LOOP ( 'NONE', ( #2766, #9268, #4578, #5033, #6630 ) ) ;
#2674 = CARTESIAN_POINT ( 'NONE',  ( 498.2500000000000000, 350.0000000000000000, 4.000000000000000000 ) ) ;
#2675 = EDGE_LOOP ( 'NONE', ( #7703, #1793, #9492, #2231 ) ) ;
#2676 = ORIENTED_EDGE ( 'NONE', *, *, #8123, .T. ) ;
#2677 = EDGE_CURVE ( 'NONE', #8156, #8322, #6848, .T. ) ;
#2678 = DIRECTION ( 'NONE',  ( 0.000000000000000000, 0.000000000000000000, -1.000000000000000000 ) ) ;
#2679 = CARTESIAN_POINT ( 'NONE',  ( 503.0000000000000000, 241.0499999999999829, 10.00000000000000000 ) ) ;
#2680 = CARTESIAN_POINT ( 'NONE',  ( 510.0000000000000000, 294.2000000000000455, 7.000000000000000000 ) ) ;
#2681 = CIRCLE ( 'NONE', #490, 7.129871913034392605 ) ;
#2682 = DIRECTION ( 'NONE',  ( 0.000000000000000000, 0.000000000000000000, -1.000000000000000000 ) ) ;
#2683 = CARTESIAN_POINT ( 'NONE',  ( 359.4097986728073124, 521.6228718193178793, 3.900000000000000355 ) ) ;
#2684 = ORIENTED_EDGE ( 'NONE', *, *, #4139, .T. ) ;
#2685 = CARTESIAN_POINT ( 'NONE',  ( 496.8000000000000114, 30.00000000000000000, 12.00000000000000000 ) ) ;
#2686 = AXIS2_PLACEMENT_3D ( 'NONE', #4761, #737, #3966 ) ;
#2687 = ORIENTED_EDGE ( 'NONE', *, *, #9384, .F. ) ;
#2688 = FACE_OUTER_BOUND ( 'NONE', #7302, .T. ) ;
#2689 = ORIENTED_EDGE ( 'NONE', *, *, #8170, .F. ) ;
#2690 = CARTESIAN_POINT ( 'NONE',  ( 371.9005428569986407, 10.64941922215344761, 9.900000000000007461 ) ) ;
#2691 = CARTESIAN_POINT ( 'NONE',  ( 0.000000000000000000, 360.0000000000000000, 5.000000000000000000 ) ) ;
#2692 = VECTOR ( 'NONE', #3868, 1000.000000000000000 ) ;
#2693 = CARTESIAN_POINT ( 'NONE',  ( 0.000000000000000000, 170.0000000000000000, 5.000000000000000000 ) ) ;
#2694 = UNCERTAINTY_MEASURE_WITH_UNIT (LENGTH_MEASURE( 1.000000000000000082E-05 ), #7706, 'distance_accuracy_value', 'NONE');
#2695 = LINE ( 'NONE', #9163, #2446 ) ;
#2696 = ORIENTED_EDGE ( 'NONE', *, *, #10358, .T. ) ;
#2697 = EDGE_LOOP ( 'NONE', ( #5543, #9536, #4611, #3201 ) ) ;
#2698 = CARTESIAN_POINT ( 'NONE',  ( 364.1961769801501987, 524.5960769185155641, 9.900000000000011013 ) ) ;
#2699 = ORIENTED_EDGE ( 'NONE', *, *, #8115, .T. ) ;
#2700 = ORIENTED_EDGE ( 'NONE', *, *, #2963, .T. ) ;
#2701 = AXIS2_PLACEMENT_3D ( 'NONE', #3421, #9876, #2622 ) ;
#2702 = CARTESIAN_POINT ( 'NONE',  ( 503.1999999999999886, 350.0000000000000000, 12.00000000000000000 ) ) ;
#2703 = ORIENTED_EDGE ( 'NONE', *, *, #4991, .T. ) ;
#2704 = EDGE_CURVE ( 'NONE', #1556, #7471, #8896, .T. ) ;
#2705 = FACE_OUTER_BOUND ( 'NONE', #3589, .T. ) ;
#2706 = LINE ( 'NONE', #7432, #9741 ) ;
#2707 = VERTEX_POINT ( 'NONE', #8002 ) ;
#2708 = AXIS2_PLACEMENT_3D ( 'NONE', #3400, #5147, #9169 ) ;
#2709 = ORIENTED_EDGE ( 'NONE', *, *, #2082, .F. ) ;
#2710 = ORIENTED_EDGE ( 'NONE', *, *, #8622, .T. ) ;
#2711 = EDGE_CURVE ( 'NONE', #7414, #8982, #9765, .T. ) ;
#2712 = CARTESIAN_POINT ( 'NONE',  ( 161.7500000000000000, 10.00000000000000000, 10.00000000000000000 ) ) ;
#2713 = DIRECTION ( 'NONE',  ( 0.000000000000000000, 0.000000000000000000, 1.000000000000000000 ) ) ;
#2714 = CARTESIAN_POINT ( 'NONE',  ( 0.000000000000000000, 110.2000000000000028, 7.000000000000000000 ) ) ;
#2715 = VECTOR ( 'NONE', #7713, 1000.000000000000000 ) ;
#2716 = DIRECTION ( 'NONE',  ( 0.000000000000000000, 1.000000000000000000, -5.010031699572010192E-16 ) ) ;
#2717 = CARTESIAN_POINT ( 'NONE',  ( 6.500000000000000000, 419.8000000000000114, 6.999999999999750422 ) ) ;
#2718 = EDGE_CURVE ( 'NONE', #5058, #7289, #8789, .T. ) ;
#2719 = CARTESIAN_POINT ( 'NONE',  ( 510.0000000000000000, 273.6999999999999886, 6.500000000000000000 ) ) ;
#2720 = ORIENTED_EDGE ( 'NONE', *, *, #2531, .F. ) ;
#2721 =( LENGTH_UNIT ( ) NAMED_UNIT ( * ) SI_UNIT ( .MILLI., .METRE. ) );
#2722 = EDGE_LOOP ( 'NONE', ( #7030, #7746, #9532, #5339 ) ) ;
#2723 = ORIENTED_EDGE ( 'NONE', *, *, #3698, .F. ) ;
#2724 = EDGE_CURVE ( 'NONE', #5939, #2340, #4083, .T. ) ;
#2725 = DIRECTION ( 'NONE',  ( -1.000000000000000000, 0.000000000000000000, 0.000000000000000000 ) ) ;
#2726 = DIRECTION ( 'NONE',  ( 0.000000000000000000, 0.000000000000000000, -1.000000000000000000 ) ) ;
#2727 = FACE_OUTER_BOUND ( 'NONE', #2255, .T. ) ;
#2728 = LINE ( 'NONE', #1936, #3653 ) ;
#2729 = CARTESIAN_POINT ( 'NONE',  ( 491.5999999999999659, 170.0000000000000000, 13.06862915010160009 ) ) ;
#2730 = CARTESIAN_POINT ( 'NONE',  ( 503.1008070742735185, 360.0000000000001705, 4.563659690494819898 ) ) ;
#2731 = EDGE_CURVE ( 'NONE', #9213, #6174, #6412, .T. ) ;
#2732 = ORIENTED_EDGE ( 'NONE', *, *, #7919, .T. ) ;
#2733 = DIRECTION ( 'NONE',  ( 1.000000000000000000, 0.000000000000000000, 0.000000000000000000 ) ) ;
#2734 = ORIENTED_EDGE ( 'NONE', *, *, #5825, .T. ) ;
#2735 = CARTESIAN_POINT ( 'NONE',  ( 295.0000000000000568, 530.0000000000000000, 13.82852954554268265 ) ) ;
#2736 = EDGE_LOOP ( 'NONE', ( #4282, #10204, #7837, #2769 ) ) ;
#2737 = AXIS2_PLACEMENT_3D ( 'NONE', #6267, #10121, #10171 ) ;
#2738 = PLANE ( 'NONE',  #9060 ) ;
#2739 = CARTESIAN_POINT ( 'NONE',  ( 490.0000000000000000, 360.0000000000000000, 20.00000000000000000 ) ) ;
#2740 = DIRECTION ( 'NONE',  ( 0.000000000000000000, -1.000000000000000000, 0.000000000000000000 ) ) ;
#2741 = LINE ( 'NONE', #5981, #2943 ) ;
#2742 = VERTEX_POINT ( 'NONE', #2267 ) ;
#2743 = ORIENTED_EDGE ( 'NONE', *, *, #1442, .T. ) ;
#2744 = FILL_AREA_STYLE_COLOUR ( '', #4283 ) ;
#2745 = VERTEX_POINT ( 'NONE', #9626 ) ;
#2746 = ORIENTED_EDGE ( 'NONE', *, *, #387, .F. ) ;
#2747 = VECTOR ( 'NONE', #3573, 1000.000000000000000 ) ;
#2748 = CARTESIAN_POINT ( 'NONE',  ( 510.0000000000000000, 294.2000000000000455, 13.00000000000000000 ) ) ;
#2749 =( BOUNDED_CURVE ( )  B_SPLINE_CURVE ( 3, ( #6168, #9396, #3307, #5540 ),
 .UNSPECIFIED., .F., .F. ) 
 B_SPLINE_CURVE_WITH_KNOTS ( ( 4, 4 ),
 ( 3.141592653589793116, 6.283185307179586232 ),
 .UNSPECIFIED. ) 
 CURVE ( )  GEOMETRIC_REPRESENTATION_ITEM ( )  RATIONAL_B_SPLINE_CURVE ( ( 1.000000000000000000, 0.3333333333333333703, 0.3333333333333333703, 1.000000000000000000 ) ) 
 REPRESENTATION_ITEM ( '' )  );
#2750 = ORIENTED_EDGE ( 'NONE', *, *, #664, .F. ) ;
#2751 = CARTESIAN_POINT ( 'NONE',  ( 503.1999999999998749, 29.87576551916767187, 4.898046116018165641 ) ) ;
#2752 = CARTESIAN_POINT ( 'NONE',  ( 0.000000000000000000, 67.65000000000000568, 10.00000000000000000 ) ) ;
#2753 = PLANE ( 'NONE',  #6023 ) ;
#2754 = EDGE_LOOP ( 'NONE', ( #10445, #2038, #6558 ) ) ;
#2755 = EDGE_LOOP ( 'NONE', ( #8850, #7376 ) ) ;
#2756 = VERTEX_POINT ( 'NONE', #7311 ) ;
#2757 = CYLINDRICAL_SURFACE ( 'NONE', #8884, 1.750000000000029310 ) ;
#2758 = ADVANCED_FACE ( 'NONE', ( #3274, #5503, #4818, #8053, #1637, #8732 ), #745, .T. ) ;
#2759 = PLANE ( 'NONE',  #3117 ) ;
#2760 = LINE ( 'NONE', #10117, #4019 ) ;
#2761 = LINE ( 'NONE', #10118, #85 ) ;
#2762 = DIRECTION ( 'NONE',  ( 0.000000000000000000, 0.000000000000000000, -1.000000000000000000 ) ) ;
#2763 = VECTOR ( 'NONE', #7534, 1000.000000000000000 ) ;
#2764 = CARTESIAN_POINT ( 'NONE',  ( 351.7499999999999432, 10.00000000000000000, 10.00000000000000000 ) ) ;
#2765 = EDGE_CURVE ( 'NONE', #8876, #6317, #1530, .T. ) ;
#2766 = ORIENTED_EDGE ( 'NONE', *, *, #7397, .F. ) ;
#2767 = DIRECTION ( 'NONE',  ( 0.000000000000000000, 0.3746065934159000799, -0.9271838545667920872 ) ) ;
#2768 = ORIENTED_EDGE ( 'NONE', *, *, #6302, .T. ) ;
#2769 = ORIENTED_EDGE ( 'NONE', *, *, #5771, .F. ) ;
#2770 = DIRECTION ( 'NONE',  ( -1.000000000000000000, -1.340646671245470025E-16, 6.123233995736769734E-17 ) ) ;
#2771 = ADVANCED_FACE ( 'NONE', ( #2323, #4877 ), #7262, .F. ) ;
#2773 = PLANE ( 'NONE',  #8469 ) ;
#2772 = VECTOR ( 'NONE', #2426, 1000.000000000000000 ) ;
#2774 = DIRECTION ( 'NONE',  ( -1.340646671245470025E-16, 1.000000000000000000, 0.000000000000000000 ) ) ;
#2775 = CYLINDRICAL_SURFACE ( 'NONE', #4176, 1.749999999999999778 ) ;
#2776 = DIRECTION ( 'NONE',  ( 0.000000000000000000, -1.000000000000000000, 0.000000000000000000 ) ) ;
#2777 = EDGE_CURVE ( 'NONE', #8562, #2355, #4198, .T. ) ;
#2778 = CIRCLE ( 'NONE', #6345, 1.749999999999999778 ) ;
#2779 = ORIENTED_EDGE ( 'NONE', *, *, #8310, .F. ) ;
#2780 = AXIS2_PLACEMENT_3D ( 'NONE', #8235, #9919, #1765 ) ;
#2781 = CARTESIAN_POINT ( 'NONE',  ( 508.8508361943102614, 360.0000000000001137, 4.259777569313954793 ) ) ;
#2782 = VECTOR ( 'NONE', #1023, 1000.000000000000000 ) ;
#2783 = VERTEX_POINT ( 'NONE', #6351 ) ;
#2784 = CARTESIAN_POINT ( 'NONE',  ( 0.000000000000000000, 457.6499999999999773, 10.00000000000000000 ) ) ;
#2785 = CARTESIAN_POINT ( 'NONE',  ( 331.7500000000000000, 520.0000000000000000, 10.00000000000000000 ) ) ;
#2786 = EDGE_CURVE ( 'NONE', #7678, #8207, #7573, .T. ) ;
#2787 = EDGE_CURVE ( 'NONE', #7908, #9825, #3109, .T. ) ;
#2788 = DIRECTION ( 'NONE',  ( 0.000000000000000000, 0.000000000000000000, -1.000000000000000000 ) ) ;
#2789 = DIRECTION ( 'NONE',  ( -0.2454255515179596392, 0.9694154417287283998, 0.000000000000000000 ) ) ;
#2790 = DIRECTION ( 'NONE',  ( 1.000000000000000000, 0.000000000000000000, 0.000000000000000000 ) ) ;
#2791 = VECTOR ( 'NONE', #5667, 1000.000000000000000 ) ;
#2792 = CIRCLE ( 'NONE', #2110, 1.750000000000001554 ) ;
#2793 = CARTESIAN_POINT ( 'NONE',  ( 170.0000000000000000, 265.0000000000000000, 0.000000000000000000 ) ) ;
#2794 = EDGE_CURVE ( 'NONE', #5701, #4672, #260, .T. ) ;
#2795 = EDGE_CURVE ( 'NONE', #9612, #8816, #209, .T. ) ;
#2796 = FACE_OUTER_BOUND ( 'NONE', #4630, .T. ) ;
#2797 = DIRECTION ( 'NONE',  ( 0.000000000000000000, -0.3746065934159159005, 0.9271838545667857590 ) ) ;
#2798 = FACE_OUTER_BOUND ( 'NONE', #2567, .T. ) ;
#2799 = VECTOR ( 'NONE', #1992, 1000.000000000000000 ) ;
#2800 = ORIENTED_EDGE ( 'NONE', *, *, #6543, .T. ) ;
#2801 = EDGE_CURVE ( 'NONE', #4965, #1055, #9103, .T. ) ;
#2802 = VERTEX_POINT ( 'NONE', #2631 ) ;
#2803 = VECTOR ( 'NONE', #1713, 1000.000000000000000 ) ;
#2804 = FACE_OUTER_BOUND ( 'NONE', #3938, .T. ) ;
#2805 = AXIS2_PLACEMENT_3D ( 'NONE', #8502, #4583, #1251 ) ;
#2806 = EDGE_LOOP ( 'NONE', ( #7922, #1858 ) ) ;
#2807 = FACE_OUTER_BOUND ( 'NONE', #788, .T. ) ;
#2808 = DIRECTION ( 'NONE',  ( -1.000000000000000000, 6.123233995736789455E-17, 0.000000000000000000 ) ) ;
#2809 = AXIS2_PLACEMENT_3D ( 'NONE', #4302, #7477, #284 ) ;
#2810 = CARTESIAN_POINT ( 'NONE',  ( 500.0000000000000000, 500.0000000000000000, 10.00000000000000000 ) ) ;
#2811 = ORIENTED_EDGE ( 'NONE', *, *, #6943, .T. ) ;
#2812 = AXIS2_PLACEMENT_3D ( 'NONE', #2144, #5380, #10031 ) ;
#2813 = ORIENTED_EDGE ( 'NONE', *, *, #8689, .T. ) ;
#2814 = ORIENTED_EDGE ( 'NONE', *, *, #4885, .F. ) ;
#2815 = AXIS2_PLACEMENT_3D ( 'NONE', #4444, #1262, #4494 ) ;
#2816 = CARTESIAN_POINT ( 'NONE',  ( 503.0343435439377231, 166.9999999999999432, 3.900000000000000355 ) ) ;
#2817 = FACE_OUTER_BOUND ( 'NONE', #9991, .T. ) ;
#2818 = LINE ( 'NONE', #5312, #1764 ) ;
#2819 = DIRECTION ( 'NONE',  ( 1.000000000000000000, 0.000000000000000000, 0.000000000000000000 ) ) ;
#2820 = DIRECTION ( 'NONE',  ( 0.000000000000000000, 0.000000000000000000, 1.000000000000000000 ) ) ;
#2821 = ORIENTED_EDGE ( 'NONE', *, *, #4558, .F. ) ;
#2822 = LINE ( 'NONE', #10324, #2579 ) ;
#2823 = VECTOR ( 'NONE', #4230, 1000.000000000000000 ) ;
#2824 = ORIENTED_EDGE ( 'NONE', *, *, #7446, .T. ) ;
#2825 = ORIENTED_EDGE ( 'NONE', *, *, #8625, .F. ) ;
#2826 = AXIS2_PLACEMENT_3D ( 'NONE', #8152, #10416, #1476 ) ;
#2827 = CARTESIAN_POINT ( 'NONE',  ( 20.00000000000000000, 510.0000000000000000, 0.000000000000000000 ) ) ;
#2828 = FILL_AREA_STYLE_COLOUR ( '', #2037 ) ;
#2829 = DIRECTION ( 'NONE',  ( 0.000000000000000000, 1.000000000000000000, 0.000000000000000000 ) ) ;
#2830 = DIRECTION ( 'NONE',  ( 0.000000000000000000, 0.000000000000000000, -1.000000000000000000 ) ) ;
#2831 = FACE_OUTER_BOUND ( 'NONE', #3184, .T. ) ;
#2832 = DIRECTION ( 'NONE',  ( 0.000000000000000000, 0.3746065934159247268, -0.9271838545667822062 ) ) ;
#2833 = EDGE_CURVE ( 'NONE', #4168, #9603, #1738, .T. ) ;
#2834 = ORIENTED_EDGE ( 'NONE', *, *, #7853, .F. ) ;
#2835 = CARTESIAN_POINT ( 'NONE',  ( 497.8278992884585250, 512.2068833318884344, 0.000000000000000000 ) ) ;
#2836 = EDGE_LOOP ( 'NONE', ( #107, #1543, #9558 ) ) ;
#2837 = LINE ( 'NONE', #9255, #9961 ) ;
#2838 = ORIENTED_EDGE ( 'NONE', *, *, #327, .F. ) ;
#2839 = FACE_OUTER_BOUND ( 'NONE', #8165, .T. ) ;
#2840 = EDGE_CURVE ( 'NONE', #9533, #8562, #9105, .T. ) ;
#2841 = FACE_OUTER_BOUND ( 'NONE', #9317, .T. ) ;
#2842 = DIRECTION ( 'NONE',  ( -1.000000000000000000, 0.000000000000000000, 6.123233995736750012E-17 ) ) ;
#2843 = CARTESIAN_POINT ( 'NONE',  ( 510.0000000000000000, 123.1499999999999915, 7.000000000000000000 ) ) ;
#2844 = DIRECTION ( 'NONE',  ( 0.000000000000000000, 0.000000000000000000, -1.000000000000000000 ) ) ;
#2845 = EDGE_CURVE ( 'NONE', #10399, #415, #7104, .T. ) ;
#2846 = VECTOR ( 'NONE', #5706, 1000.000000000000000 ) ;
#2847 = CARTESIAN_POINT ( 'NONE',  ( 10.00000000000000000, 180.0000000000000000, 0.000000000000000000 ) ) ;
#2848 = DIRECTION ( 'NONE',  ( 1.000000000000000000, 0.000000000000000000, 0.000000000000000000 ) ) ;
#2849 = ORIENTED_EDGE ( 'NONE', *, *, #4057, .F. ) ;
#2850 = EDGE_LOOP ( 'NONE', ( #5081, #208, #4977, #6060, #4471 ) ) ;
#2851 = EDGE_CURVE ( 'NONE', #5674, #3190, #1988, .T. ) ;
#2852 = ADVANCED_FACE ( 'NONE', ( #1056 ), #9834, .F. ) ;
#2853 = CARTESIAN_POINT ( 'NONE',  ( 371.9005428569986975, 10.64941922215408177, 3.900000000000000355 ) ) ;
#2854 = CIRCLE ( 'NONE', #9625, 2.350000000000018741 ) ;
#2855 = ORIENTED_EDGE ( 'NONE', *, *, #3129, .T. ) ;
#2856 = PLANE ( 'NONE',  #5314 ) ;
#2857 = CARTESIAN_POINT ( 'NONE',  ( 503.0626788158854197, 166.0000000000000000, 4.382982447788286606 ) ) ;
#2858 = EDGE_CURVE ( 'NONE', #2167, #403, #2580, .T. ) ;
#2859 = LINE ( 'NONE', #1277, #2130 ) ;
#2860 = ORIENTED_EDGE ( 'NONE', *, *, #7458, .F. ) ;
#2861 = VECTOR ( 'NONE', #46, 1000.000000000000000 ) ;
#2862 = ORIENTED_EDGE ( 'NONE', *, *, #218, .F. ) ;
#2863 = ORIENTED_EDGE ( 'NONE', *, *, #350, .F. ) ;
#2864 = VECTOR ( 'NONE', #6649, 1000.000000000000000 ) ;
#2865 = DIRECTION ( 'NONE',  ( 0.000000000000000000, 0.000000000000000000, 1.000000000000000000 ) ) ;
#2866 = CARTESIAN_POINT ( 'NONE',  ( 212.5000000000000000, 2.262741699796940065, 8.881784197001249168E-15 ) ) ;
#2867 = DIRECTION ( 'NONE',  ( 0.000000000000000000, -0.9271838545667859810, -0.3746065934159159005 ) ) ;
#2868 = CARTESIAN_POINT ( 'NONE',  ( 503.2000000000001023, 499.8757655191677713, 4.898046116018551110 ) ) ;
#2869 = LINE ( 'NONE', #7010, #3252 ) ;
#2870 = EDGE_LOOP ( 'NONE', ( #4248, #3717, #3692, #1914, #7735 ) ) ;
#2871 = VECTOR ( 'NONE', #7255, 1000.000000000000000 ) ;
#2872 = VERTEX_POINT ( 'NONE', #5925 ) ;
#2873 = EDGE_LOOP ( 'NONE', ( #2684, #296, #1494, #4352 ) ) ;
#2874 = DIRECTION ( 'NONE',  ( 0.000000000000000000, 0.000000000000000000, -1.000000000000000000 ) ) ;
#2875 = CYLINDRICAL_SURFACE ( 'NONE', #3420, 3.199999999999980638 ) ;
#2876 = AXIS2_PLACEMENT_3D ( 'NONE', #9391, #6063, #3735 ) ;
#2877 = LINE ( 'NONE', #10178, #9149 ) ;
#2878 = DIRECTION ( 'NONE',  ( 0.000000000000000000, 0.000000000000000000, -1.000000000000000000 ) ) ;
#2879 = DIRECTION ( 'NONE',  ( 1.000000000000000000, 0.000000000000000000, 0.000000000000000000 ) ) ;
#2880 = DIRECTION ( 'NONE',  ( 0.000000000000000000, 0.000000000000000000, -1.000000000000000000 ) ) ;
#2881 = PLANE ( 'NONE',  #9655 ) ;
#2882 = EDGE_LOOP ( 'NONE', ( #6744, #1090, #5599, #6503 ) ) ;
#2883 = CARTESIAN_POINT ( 'NONE',  ( 503.0400134473734965, 370.9992410812813546, 4.125379968884736570 ) ) ;
#2884 = ORIENTED_EDGE ( 'NONE', *, *, #4543, .F. ) ;
#2885 = CARTESIAN_POINT ( 'NONE',  ( 13.19999999999999929, 370.0000000000000000, 4.000000000000000000 ) ) ;
#2886 = VERTEX_POINT ( 'NONE', #8203 ) ;
#2887 = CARTESIAN_POINT ( 'NONE',  ( 491.8000000000000114, 360.0000000000000000, -1.332267629550189900E-14 ) ) ;
#2888 = DIRECTION ( 'NONE',  ( -1.000000000000000000, 0.000000000000000000, 0.000000000000000000 ) ) ;
#2889 = EDGE_CURVE ( 'NONE', #3979, #6145, #10441, .T. ) ;
#2890 = CARTESIAN_POINT ( 'NONE',  ( 0.000000000000000000, 54.80000000000000426, 13.00000000000000000 ) ) ;
#2891 = CARTESIAN_POINT ( 'NONE',  ( 340.0000000000000000, 530.0000000000000000, 20.00000000000000000 ) ) ;
#2892 = CARTESIAN_POINT ( 'NONE',  ( 491.5999999999999659, 217.5000000000000000, 0.000000000000000000 ) ) ;
#2893 = VERTEX_POINT ( 'NONE', #7358 ) ;
#2894 = FACE_BOUND ( 'NONE', #6101, .T. ) ;
#2895 = ADVANCED_FACE ( 'NONE', ( #4973 ), #6664, .F. ) ;
#2896 = CARTESIAN_POINT ( 'NONE',  ( 351.7499999999999432, 10.00000000000000000, 4.000000000000000000 ) ) ;
#2897 = EDGE_LOOP ( 'NONE', ( #8118, #2227, #6338, #2936 ) ) ;
#2898 = CIRCLE ( 'NONE', #8838, 2.350000000000018741 ) ;
#2899 = CARTESIAN_POINT ( 'NONE',  ( 255.0000000000000000, 515.5081397412454862, 9.591240053883812067 ) ) ;
#2900 = EDGE_LOOP ( 'NONE', ( #1146, #2966 ) ) ;
#2901 = EDGE_CURVE ( 'NONE', #8217, #5830, #5546, .T. ) ;
#2902 = CARTESIAN_POINT ( 'NONE',  ( 345.7547184027091589, -5.557266963672117477, 9.900000000000007461 ) ) ;
#2903 = ORIENTED_EDGE ( 'NONE', *, *, #1422, .T. ) ;
#2904 = CARTESIAN_POINT ( 'NONE',  ( 500.0000000000000000, 350.0000000000000000, 10.00000000000000000 ) ) ;
#2905 = DIRECTION ( 'NONE',  ( -0.7193398003386501927, 0.6946583704589982533, 0.000000000000000000 ) ) ;
#2906 = ADVANCED_FACE ( 'NONE', ( #105 ), #6570, .F. ) ;
#2907 = EDGE_CURVE ( 'NONE', #1017, #9313, #5767, .T. ) ;
#2908 = EDGE_CURVE ( 'NONE', #8299, #4376, #3814, .T. ) ;
#2909 = VERTEX_POINT ( 'NONE', #8459 ) ;
#2910 = AXIS2_PLACEMENT_3D ( 'NONE', #7323, #6479, #1700 ) ;
#2911 = VERTEX_POINT ( 'NONE', #8406 ) ;
#2912 = ORIENTED_EDGE ( 'NONE', *, *, #7702, .T. ) ;
#2913 = ADVANCED_FACE ( 'NONE', ( #3741 ), #1156, .F. ) ;
#2914 = FACE_OUTER_BOUND ( 'NONE', #148, .T. ) ;
#2915 = CARTESIAN_POINT ( 'NONE',  ( 6.500000000000000000, 419.8000000000000114, 12.99999999999979927 ) ) ;
#2916 = VECTOR ( 'NONE', #4250, 1000.000000000000000 ) ;
#2917 = LINE ( 'NONE', #9700, #7680 ) ;
#2918 = PLANE ( 'NONE',  #5364 ) ;
#2919 = CARTESIAN_POINT ( 'NONE',  ( 500.0000000000000000, 30.00000000000000000, 10.00000000000000000 ) ) ;
#2920 = EDGE_CURVE ( 'NONE', #9658, #8719, #983, .T. ) ;
#2921 = ORIENTED_EDGE ( 'NONE', *, *, #6295, .T. ) ;
#2922 = ORIENTED_EDGE ( 'NONE', *, *, #6068, .T. ) ;
#2923 = ORIENTED_EDGE ( 'NONE', *, *, #1187, .F. ) ;
#2924 = DIRECTION ( 'NONE',  ( 0.000000000000000000, -1.000000000000000000, 6.123233995736759873E-17 ) ) ;
#2925 = CARTESIAN_POINT ( 'NONE',  ( 180.0000000000000000, 520.0000000000000000, 20.00000000000000000 ) ) ;
#2926 = CARTESIAN_POINT ( 'NONE',  ( 503.0400134473733829, 30.99924108128131550, 4.125379968884749893 ) ) ;
#2927 = CARTESIAN_POINT ( 'NONE',  ( 495.2063132145700024, 12.97412125320329679, 3.900000000000000355 ) ) ;
#2928 = CARTESIAN_POINT ( 'NONE',  ( 505.9425898691238785, 20.06587492801720174, 3.900000000000000355 ) ) ;
#2929 = DIRECTION ( 'NONE',  ( 0.000000000000000000, 1.000000000000000000, 0.000000000000000000 ) ) ;
#2930 = DIRECTION ( 'NONE',  ( -1.000000000000000000, 0.000000000000000000, 0.000000000000000000 ) ) ;
#2931 = AXIS2_PLACEMENT_3D ( 'NONE', #6742, #5151, #8379 ) ;
#2932 = VERTEX_POINT ( 'NONE', #7820 ) ;
#2933 = CARTESIAN_POINT ( 'NONE',  ( 503.1058382415781693, 370.7763595089614341, 4.566393424262666478 ) ) ;
#2934 = ORIENTED_EDGE ( 'NONE', *, *, #9275, .F. ) ;
#2935 = VERTEX_POINT ( 'NONE', #371 ) ;
#2936 = ORIENTED_EDGE ( 'NONE', *, *, #5080, .T. ) ;
#2937 = AXIS2_PLACEMENT_3D ( 'NONE', #9956, #5893, #8226 ) ;
#2938 = DIRECTION ( 'NONE',  ( -1.860521002879739963E-33, 1.000000000000000000, 5.010031699572010192E-16 ) ) ;
#2939 = ORIENTED_EDGE ( 'NONE', *, *, #10436, .F. ) ;
#2940 = DIRECTION ( 'NONE',  ( -0.000000000000000000, -1.000000000000000000, -0.000000000000000000 ) ) ;
#2941 = CARTESIAN_POINT ( 'NONE',  ( 503.0343435439377231, 362.9999999999998863, 3.900000000000000355 ) ) ;
#2942 = CARTESIAN_POINT ( 'NONE',  ( 10.00000000000000000, 180.0000000000000000, 0.000000000000000000 ) ) ;
#2943 = VECTOR ( 'NONE', #9211, 1000.000000000000000 ) ;
#2944 = CARTESIAN_POINT ( 'NONE',  ( 11.75000000000000000, 160.0000000000000000, 4.000000000000000000 ) ) ;
#2945 = AXIS2_PLACEMENT_3D ( 'NONE', #4311, #7390, #1136 ) ;
#2946 = AXIS2_PLACEMENT_3D ( 'NONE', #3402, #6033, #10046 ) ;
#2947 = CARTESIAN_POINT ( 'NONE',  ( 0.000000000000000000, 419.8000000000000114, 12.99999999999979927 ) ) ;
#2948 = DIRECTION ( 'NONE',  ( 0.000000000000000000, 0.000000000000000000, -1.000000000000000000 ) ) ;
#2949 = CARTESIAN_POINT ( 'NONE',  ( 510.0000000000000000, 294.2000000000000455, 7.000000000000000000 ) ) ;
#2950 = ORIENTED_EDGE ( 'NONE', *, *, #6866, .T. ) ;
#2951 = LINE ( 'NONE', #8579, #4730 ) ;
#2952 = EDGE_LOOP ( 'NONE', ( #5248, #5726, #5118, #5717 ) ) ;
#2953 = AXIS2_PLACEMENT_3D ( 'NONE', #3051, #10143, #4597 ) ;
#2954 = AXIS2_PLACEMENT_3D ( 'NONE', #8354, #1154, #9937 ) ;
#2955 = DIRECTION ( 'NONE',  ( -1.492928237510310014E-32, 0.000000000000000000, 1.000000000000000000 ) ) ;
#2956 = ADVANCED_FACE ( 'NONE', ( #6172 ), #6121, .T. ) ;
#2957 = CIRCLE ( 'NONE', #3479, 1.749999999999999778 ) ;
#2958 = VERTEX_POINT ( 'NONE', #5334 ) ;
#2959 = PLANE ( 'NONE',  #5483 ) ;
#2960 = CARTESIAN_POINT ( 'NONE',  ( 215.0000000000000284, 530.0000000000000000, 13.82852954554268088 ) ) ;
#2961 = VECTOR ( 'NONE', #6449, 999.9999999999998863 ) ;
#2962 = CARTESIAN_POINT ( 'NONE',  ( 510.0000000000000000, 0.000000000000000000, 20.00000000000000000 ) ) ;
#2963 = EDGE_CURVE ( 'NONE', #1816, #3394, #8561, .T. ) ;
#2964 = VERTEX_POINT ( 'NONE', #7666 ) ;
#2965 = ORIENTED_EDGE ( 'NONE', *, *, #5396, .F. ) ;
#2966 = ORIENTED_EDGE ( 'NONE', *, *, #2786, .T. ) ;
#2967 = B_SPLINE_CURVE_WITH_KNOTS ( 'NONE', 3,
 ( #10262, #2857, #1228, #4508 ),
 .UNSPECIFIED., .F., .F.,
 ( 4, 4 ),
 ( 0.005955683843868572920, 0.006676552255442248611 ),
 .UNSPECIFIED. ) ;
#2968 = LINE ( 'NONE', #2124, #966 ) ;
#2969 = DIRECTION ( 'NONE',  ( 0.000000000000000000, 0.000000000000000000, -1.000000000000000000 ) ) ;
#2970 = CARTESIAN_POINT ( 'NONE',  ( 170.0000000000000000, 20.00000000000000000, 5.000000000000000000 ) ) ;
#2971 = PLANE ( 'NONE',  #5203 ) ;
#2972 = FACE_OUTER_BOUND ( 'NONE', #6989, .T. ) ;
#2973 = ORIENTED_EDGE ( 'NONE', *, *, #2136, .T. ) ;
#2974 = EDGE_CURVE ( 'NONE', #570, #6911, #1255, .T. ) ;
#2975 = ORIENTED_EDGE ( 'NONE', *, *, #8817, .F. ) ;
#2976 = ORIENTED_EDGE ( 'NONE', *, *, #941, .F. ) ;
#2977 = CARTESIAN_POINT ( 'NONE',  ( 13.19999999999999929, 30.00000000000000000, 12.00000000000000000 ) ) ;
#2978 = CARTESIAN_POINT ( 'NONE',  ( 10.00000000000000000, 160.0000000000000000, 4.000000000000000000 ) ) ;
#2979 = EDGE_CURVE ( 'NONE', #2019, #3496, #6021, .T. ) ;
#2980 = LINE ( 'NONE', #8655, #7039 ) ;
#2981 = EDGE_CURVE ( 'NONE', #1598, #8816, #4832, .T. ) ;
#2982 = EDGE_CURVE ( 'NONE', #5042, #2619, #2496, .T. ) ;
#2983 = DIRECTION ( 'NONE',  ( 0.000000000000000000, 0.000000000000000000, -1.000000000000000000 ) ) ;
#2984 = DIRECTION ( 'NONE',  ( 0.05694668521243683584, -0.9983772208155170524, 0.000000000000000000 ) ) ;
#2985 = CARTESIAN_POINT ( 'NONE',  ( 20.00000000000000000, 340.0000000000000000, 0.000000000000000000 ) ) ;
#2986 = VECTOR ( 'NONE', #2184, 1000.000000000000000 ) ;
#2987 = AXIS2_PLACEMENT_3D ( 'NONE', #541, #3657, #6088 ) ;
#2988 = EDGE_LOOP ( 'NONE', ( #1478, #2369, #7224 ) ) ;
#2989 = ADVANCED_FACE ( 'NONE', ( #6502 ), #6454, .T. ) ;
#2990 = CARTESIAN_POINT ( 'NONE',  ( 503.4444607874270901, 360.0000000000000568, 5.446449993305711779 ) ) ;
#2991 = EDGE_LOOP ( 'NONE', ( #10374, #6175, #5155, #7240 ) ) ;
#2992 = AXIS2_PLACEMENT_3D ( 'NONE', #6773, #4131, #2733 ) ;
#2993 = ORIENTED_EDGE ( 'NONE', *, *, #2544, .T. ) ;
#2994 = ORIENTED_EDGE ( 'NONE', *, *, #10104, .T. ) ;
#2995 = DIRECTION ( 'NONE',  ( 0.000000000000000000, -0.9271838545667858700, -0.3746065934159158450 ) ) ;
#2996 = LINE ( 'NONE', #2208, #8463 ) ;
#2997 = DIRECTION ( 'NONE',  ( 0.000000000000000000, -1.000000000000000000, 0.000000000000000000 ) ) ;
#2998 = FACE_OUTER_BOUND ( 'NONE', #5898, .T. ) ;
#2999 = LINE ( 'NONE', #6884, #6726 ) ;
#3000 = CARTESIAN_POINT ( 'NONE',  ( 380.0633608786872060, 7.157628602830358844, -9.146565213191545956E-17 ) ) ;
#3001 = PLANE ( 'NONE',  #1619 ) ;
#3002 = PLANE ( 'NONE',  #1940 ) ;
#3003 = CIRCLE ( 'NONE', #8098, 1.750000000000029310 ) ;
#3004 = PLANE ( 'NONE',  #7665 ) ;
#3005 = ORIENTED_EDGE ( 'NONE', *, *, #9187, .T. ) ;
#3006 = DIRECTION ( 'NONE',  ( 0.000000000000000000, 0.000000000000000000, 1.000000000000000000 ) ) ;
#3007 = VERTEX_POINT ( 'NONE', #2415 ) ;
#3008 = CARTESIAN_POINT ( 'NONE',  ( 20.00000000000000000, 340.0000000000000000, 0.000000000000000000 ) ) ;
#3009 = CARTESIAN_POINT ( 'NONE',  ( 209.1999999999999886, 510.0000000000000568, 10.49355789662077143 ) ) ;
#3010 = VERTEX_POINT ( 'NONE', #4070 ) ;
#3011 = DIRECTION ( 'NONE',  ( 0.000000000000000000, 1.000000000000000000, 0.000000000000000000 ) ) ;
#3012 = CYLINDRICAL_SURFACE ( 'NONE', #6414, 1.749999999999999778 ) ;
#3013 = CARTESIAN_POINT ( 'NONE',  ( 6.500000000000000000, 59.54999999999999716, 9.999999999998179234 ) ) ;
#3014 = EDGE_LOOP ( 'NONE', ( #7553, #3864, #6808, #6146 ) ) ;
#3015 = EDGE_LOOP ( 'NONE', ( #6785, #7810, #184, #9575, #571, #9871 ) ) ;
#3016 = CYLINDRICAL_SURFACE ( 'NONE', #1232, 3.199999999999980638 ) ;
#3017 = VERTEX_POINT ( 'NONE', #7138 ) ;
#3018 = ORIENTED_EDGE ( 'NONE', *, *, #7388, .F. ) ;
#3019 = VECTOR ( 'NONE', #893, 1000.000000000000000 ) ;
#3020 = CARTESIAN_POINT ( 'NONE',  ( 6.500000000000000000, 465.6999999999999886, 6.999999999996290079 ) ) ;
#3021 = EDGE_CURVE ( 'NONE', #4836, #3760, #5838, .T. ) ;
#3022 = LINE ( 'NONE', #7234, #301 ) ;
#3023 = CARTESIAN_POINT ( 'NONE',  ( 255.0000000000000000, 360.0000000000000000, 0.000000000000000000 ) ) ;
#3024 = FACE_OUTER_BOUND ( 'NONE', #6584, .T. ) ;
#3025 = VECTOR ( 'NONE', #9736, 1000.000000000000000 ) ;
#3026 = DIRECTION ( 'NONE',  ( 0.000000000000000000, -1.000000000000000000, 0.000000000000000000 ) ) ;
#3027 = ORIENTED_EDGE ( 'NONE', *, *, #9974, .F. ) ;
#3028 = ORIENTED_EDGE ( 'NONE', *, *, #6798, .F. ) ;
#3029 = B_SPLINE_CURVE_WITH_KNOTS ( 'NONE', 3,
 ( #2471, #3476, #5074, #3268, #9724, #7351, #202, #8301, #5704, #8939 ),
 .UNSPECIFIED., .F., .F.,
 ( 4, 2, 2, 2, 4 ),
 ( 0.000000000000000000, 0.0003727061576385501005, 0.0007454123152771002011, 0.001118118472915650193, 0.001490824630554200402 ),
 .UNSPECIFIED. ) ;
#3030 = ADVANCED_FACE ( 'NONE', ( #5645 ), #5487, .F. ) ;
#3031 = ORIENTED_EDGE ( 'NONE', *, *, #2677, .T. ) ;
#3032 = LINE ( 'NONE', #457, #6608 ) ;
#3033 = DIRECTION ( 'NONE',  ( 1.000000000000000000, -6.123233995736809177E-17, 0.000000000000000000 ) ) ;
#3034 = VECTOR ( 'NONE', #5426, 1000.000000000000000 ) ;
#3035 = FACE_OUTER_BOUND ( 'NONE', #1304, .T. ) ;
#3036 = EDGE_CURVE ( 'NONE', #6592, #6204, #6282, .T. ) ;
#3037 = CARTESIAN_POINT ( 'NONE',  ( 500.0000000000000000, 180.0000000000000000, 20.00000000000000000 ) ) ;
#3038 = CARTESIAN_POINT ( 'NONE',  ( 508.8508361943100340, 360.0000000000000568, 10.00000000000000000 ) ) ;
#3039 = CARTESIAN_POINT ( 'NONE',  ( 344.0000000000000000, 527.7372583002030524, -2.649141845165389534E-14 ) ) ;
#3040 = ORIENTED_EDGE ( 'NONE', *, *, #1496, .T. ) ;
#3041 = CARTESIAN_POINT ( 'NONE',  ( 503.0343435439377231, 340.0000000000000000, 4.518223679694275852 ) ) ;
#3042 = ORIENTED_EDGE ( 'NONE', *, *, #576, .T. ) ;
#3043 = EDGE_CURVE ( 'NONE', #3666, #4045, #9262, .T. ) ;
#3044 = ORIENTED_EDGE ( 'NONE', *, *, #9017, .F. ) ;
#3045 = EDGE_CURVE ( 'NONE', #4924, #10196, #9613, .T. ) ;
#3046 = AXIS2_PLACEMENT_3D ( 'NONE', #3192, #8171, #9015 ) ;
#3047 = ORIENTED_EDGE ( 'NONE', *, *, #2129, .F. ) ;
#3048 = FACE_OUTER_BOUND ( 'NONE', #10400, .T. ) ;
#3049 = PLANE ( 'NONE',  #3265 ) ;
#3050 = DIRECTION ( 'NONE',  ( 1.000000000000000000, 0.000000000000000000, 0.000000000000000000 ) ) ;
#3051 = CARTESIAN_POINT ( 'NONE',  ( 18.39999999999999858, 170.0000000000000000, -1.527713595751250061E-15 ) ) ;
#3052 = DIRECTION ( 'NONE',  ( 0.000000000000000000, 0.000000000000000000, 1.000000000000000000 ) ) ;
#3053 = EDGE_CURVE ( 'NONE', #6975, #8996, #786, .T. ) ;
#3054 = VECTOR ( 'NONE', #3102, 1000.000000000000000 ) ;
#3055 = CARTESIAN_POINT ( 'NONE',  ( 170.0000000000000000, 265.0000000000000000, 0.000000000000000000 ) ) ;
#3056 = VECTOR ( 'NONE', #3923, 1000.000000000000000 ) ;
#3057 = CARTESIAN_POINT ( 'NONE',  ( 13.19999999999999929, 160.0000000000000000, 12.00000000000000000 ) ) ;
#3058 = EDGE_LOOP ( 'NONE', ( #8036, #2134, #8734, #4699 ) ) ;
#3059 = DIRECTION ( 'NONE',  ( -1.000000000000000000, 0.000000000000000000, 6.123233995736750012E-17 ) ) ;
#3060 = DIRECTION ( 'NONE',  ( -9.141548937118550773E-49, 1.000000000000000000, 0.000000000000000000 ) ) ;
#3061 = ORIENTED_EDGE ( 'NONE', *, *, #10295, .T. ) ;
#3062 = CARTESIAN_POINT ( 'NONE',  ( 18.19999999999999929, 170.0000000000000000, 15.65441558772840125 ) ) ;
#3063 = ORIENTED_EDGE ( 'NONE', *, *, #3612, .T. ) ;
#3064 = DIRECTION ( 'NONE',  ( 0.000000000000000000, 0.000000000000000000, -1.000000000000000000 ) ) ;
#3065 = CARTESIAN_POINT ( 'NONE',  ( 510.0000000000000000, 235.8000000000000114, 13.00000000000000000 ) ) ;
#3066 = ORIENTED_EDGE ( 'NONE', *, *, #6089, .T. ) ;
#3067 = DIRECTION ( 'NONE',  ( 1.000000000000000000, 0.000000000000000000, 0.000000000000000000 ) ) ;
#3068 = DIRECTION ( 'NONE',  ( -1.860521002879739963E-33, 1.000000000000000000, -5.010031699572010192E-16 ) ) ;
#3069 = DIRECTION ( 'NONE',  ( 0.000000000000000000, 0.000000000000000000, -1.000000000000000000 ) ) ;
#3070 = VERTEX_POINT ( 'NONE', #8829 ) ;
#3071 = ORIENTED_EDGE ( 'NONE', *, *, #4229, .F. ) ;
#3072 = CARTESIAN_POINT ( 'NONE',  ( 340.0000000000000000, 511.8000000000000114, -1.193721138850380017E-14 ) ) ;
#3073 = VECTOR ( 'NONE', #6964, 1000.000000000000000 ) ;
#3074 = VERTEX_POINT ( 'NONE', #624 ) ;
#3075 = ORIENTED_EDGE ( 'NONE', *, *, #5559, .F. ) ;
#3076 = AXIS2_PLACEMENT_3D ( 'NONE', #7808, #3081, #6155 ) ;
#3077 = CARTESIAN_POINT ( 'NONE',  ( 10.00000000000000000, 370.0000000000000000, 20.00000000000000000 ) ) ;
#3078 = CARTESIAN_POINT ( 'NONE',  ( 500.0000000000000000, 500.0000000000000000, 4.000000000000000000 ) ) ;
#3079 = DIRECTION ( 'NONE',  ( 0.7071067811865470176, 2.403290133132679980E-16, 0.7071067811865480168 ) ) ;
#3080 = VECTOR ( 'NONE', #4047, 1000.000000000000000 ) ;
#3081 = DIRECTION ( 'NONE',  ( 0.000000000000000000, 0.000000000000000000, 1.000000000000000000 ) ) ;
#3082 = ORIENTED_EDGE ( 'NONE', *, *, #9905, .F. ) ;
#3083 = ORIENTED_EDGE ( 'NONE', *, *, #9974, .T. ) ;
#3084 = ADVANCED_FACE ( 'NONE', ( #6334 ), #7190, .T. ) ;
#3085 = CARTESIAN_POINT ( 'NONE',  ( 491.5999999999999659, 170.0000000000000000, 16.13725830020310070 ) ) ;
#3086 = DIRECTION ( 'NONE',  ( 0.000000000000000000, -0.000000000000000000, 1.000000000000000000 ) ) ;
#3087 = VECTOR ( 'NONE', #1320, 1000.000000000000000 ) ;
#3088 = CARTESIAN_POINT ( 'NONE',  ( 212.5000000000000000, 2.262741699796940065, 8.881784197001249168E-15 ) ) ;
#3089 = LINE ( 'NONE', #6498, #4011 ) ;
#3090 = EDGE_CURVE ( 'NONE', #6975, #2635, #7300, .T. ) ;
#3091 = CARTESIAN_POINT ( 'NONE',  ( 508.8508361943102045, 512.9431599864423106, 9.900000000000009237 ) ) ;
#3092 = DIRECTION ( 'NONE',  ( -1.000000000000000000, -4.646700954747960067E-49, 0.000000000000000000 ) ) ;
#3093 =( BOUNDED_CURVE ( )  B_SPLINE_CURVE ( 3, ( #6276, #1348, #10338, #9497 ),
 .UNSPECIFIED., .F., .F. ) 
 B_SPLINE_CURVE_WITH_KNOTS ( ( 4, 4 ),
 ( 0.000000000000000000, 3.141592653589793116 ),
 .UNSPECIFIED. ) 
 CURVE ( )  GEOMETRIC_REPRESENTATION_ITEM ( )  RATIONAL_B_SPLINE_CURVE ( ( 1.000000000000000000, 0.3333333333333333703, 0.3333333333333333703, 1.000000000000000000 ) ) 
 REPRESENTATION_ITEM ( '' )  );
#3094 = VERTEX_POINT ( 'NONE', #8775 ) ;
#3095 = CARTESIAN_POINT ( 'NONE',  ( 330.0000000000000000, 10.00000000000000000, 4.000000000000000000 ) ) ;
#3096 = ORIENTED_EDGE ( 'NONE', *, *, #3949, .T. ) ;
#3097 = ORIENTED_EDGE ( 'NONE', *, *, #5492, .T. ) ;
#3098 = EDGE_CURVE ( 'NONE', #6737, #7607, #3852, .T. ) ;
#3099 = EDGE_CURVE ( 'NONE', #175, #1103, #2241, .T. ) ;
#3100 = EDGE_LOOP ( 'NONE', ( #1763, #8494 ) ) ;
#3101 = CARTESIAN_POINT ( 'NONE',  ( 255.0000000000000000, 265.0000000000000000, 0.000000000000000000 ) ) ;
#3102 = DIRECTION ( 'NONE',  ( 1.000000000000000000, 4.646700954747960067E-49, 0.000000000000000000 ) ) ;
#3103 = DIRECTION ( 'NONE',  ( 0.000000000000000000, 6.123233995736769734E-17, 1.000000000000000000 ) ) ;
#3104 = CARTESIAN_POINT ( 'NONE',  ( 330.0000000000000000, 520.0000000000000000, 4.000000000000000000 ) ) ;
#3105 = FACE_OUTER_BOUND ( 'NONE', #4862, .T. ) ;
#3106 = EDGE_CURVE ( 'NONE', #2153, #3017, #1463, .T. ) ;
#3107 = CARTESIAN_POINT ( 'NONE',  ( 508.7858639987591118, 359.9999999999999432, 4.631201540130209793 ) ) ;
#3108 = CARTESIAN_POINT ( 'NONE',  ( 13.19999999999999929, 350.0000000000000000, 12.00000000000000000 ) ) ;
#3109 = LINE ( 'NONE', #9573, #1822 ) ;
#3110 = AXIS2_PLACEMENT_3D ( 'NONE', #766, #7235, #3196 ) ;
#3111 = EDGE_CURVE ( 'NONE', #4348, #1042, #3595, .T. ) ;
#3112 = CARTESIAN_POINT ( 'NONE',  ( 503.1999999999999886, 500.0000000000000000, 20.00000000000000000 ) ) ;
#3113 = ORIENTED_EDGE ( 'NONE', *, *, #7913, .F. ) ;
#3114 = CYLINDRICAL_SURFACE ( 'NONE', #4909, 1.749999999999999778 ) ;
#3115 = VERTEX_POINT ( 'NONE', #8037 ) ;
#3116 = CARTESIAN_POINT ( 'NONE',  ( 490.0000000000000000, 360.0000000000000000, 0.000000000000000000 ) ) ;
#3117 = AXIS2_PLACEMENT_3D ( 'NONE', #7489, #4313, #1137 ) ;
#3118 = ADVANCED_FACE ( 'NONE', ( #9142 ), #9928, .F. ) ;
#3119 = DIRECTION ( 'NONE',  ( 1.000000000000000000, 0.000000000000000000, 0.000000000000000000 ) ) ;
#3120 = AXIS2_PLACEMENT_3D ( 'NONE', #6018, #4281, #1891 ) ;
#3121 = EDGE_CURVE ( 'NONE', #9786, #10214, #1041, .T. ) ;
#3122 = ORIENTED_EDGE ( 'NONE', *, *, #3773, .F. ) ;
#3123 = DIRECTION ( 'NONE',  ( 0.000000000000000000, 0.000000000000000000, -1.000000000000000000 ) ) ;
#3124 = CARTESIAN_POINT ( 'NONE',  ( 350.0000000000000000, 10.00000000000000000, 4.000000000000000000 ) ) ;
#3125 = CARTESIAN_POINT ( 'NONE',  ( 344.0000000000000000, 2.262741699796989803, -1.137200873473899926E-14 ) ) ;
#3126 = CIRCLE ( 'NONE', #9716, 1.750000000000001554 ) ;
#3127 = ORIENTED_EDGE ( 'NONE', *, *, #4976, .F. ) ;
#3128 = ORIENTED_EDGE ( 'NONE', *, *, #7226, .T. ) ;
#3129 = EDGE_CURVE ( 'NONE', #7189, #3536, #8247, .T. ) ;
#3130 = CARTESIAN_POINT ( 'NONE',  ( 365.7601966386035315, -2.602085213965210642E-14, 3.900000000000000799 ) ) ;
#3131 = VECTOR ( 'NONE', #10257, 1000.000000000000000 ) ;
#3132 = ORIENTED_EDGE ( 'NONE', *, *, #5460, .F. ) ;
#3133 = AXIS2_PLACEMENT_3D ( 'NONE', #4012, #781, #86 ) ;
#3134 = ORIENTED_EDGE ( 'NONE', *, *, #8962, .F. ) ;
#3135 = AXIS2_PLACEMENT_3D ( 'NONE', #1217, #6602, #9820 ) ;
#3136 = CARTESIAN_POINT ( 'NONE',  ( 344.0000000000000000, 511.6000000000000796, 16.13725830020310070 ) ) ;
#3137 = CARTESIAN_POINT ( 'NONE',  ( 295.0000000000000568, 514.4217806203391774, 12.28007323212768753 ) ) ;
#3138 = CARTESIAN_POINT ( 'NONE',  ( 13.19999999999999929, 30.00000000000000000, 20.00000000000000000 ) ) ;
#3139 = CIRCLE ( 'NONE', #4495, 3.199999999999980638 ) ;
#3140 = CARTESIAN_POINT ( 'NONE',  ( 497.0916226339047057, 523.2298202377401140, 3.900000000000000799 ) ) ;
#3141 = CARTESIAN_POINT ( 'NONE',  ( 508.8508361943100340, 170.0000000000001421, 10.00000000000000000 ) ) ;
#3142 = VERTEX_POINT ( 'NONE', #90 ) ;
#3143 = ORIENTED_EDGE ( 'NONE', *, *, #9054, .F. ) ;
#3144 = VECTOR ( 'NONE', #7454, 1000.000000000000000 ) ;
#3145 = DIRECTION ( 'NONE',  ( 0.000000000000000000, 0.000000000000000000, 1.000000000000000000 ) ) ;
#3146 = LINE ( 'NONE', #3897, #4375 ) ;
#3147 = DIRECTION ( 'NONE',  ( 0.000000000000000000, -0.9271838545667859810, -0.3746065934159159005 ) ) ;
#3148 = AXIS2_PLACEMENT_3D ( 'NONE', #8381, #6694, #5153 ) ;
#3149 = CARTESIAN_POINT ( 'NONE',  ( 506.4999999999999432, 251.3000000000000114, 10.00000000000000000 ) ) ;
#3150 = AXIS2_PLACEMENT_3D ( 'NONE', #5812, #9039, #9983 ) ;
#3151 = DIRECTION ( 'NONE',  ( 1.000000000000000000, 0.000000000000000000, 0.000000000000000000 ) ) ;
#3152 = CARTESIAN_POINT ( 'NONE',  ( 379.3270842241333867, 0.06587492801713584756, -9.146565213191545956E-17 ) ) ;
#3153 = VECTOR ( 'NONE', #10014, 1000.000000000000000 ) ;
#3154 = ORIENTED_EDGE ( 'NONE', *, *, #4488, .F. ) ;
#3155 = CARTESIAN_POINT ( 'NONE',  ( 503.2162270597289080, 360.0000000000000000, 4.959704287681908852 ) ) ;
#3156 = ORIENTED_EDGE ( 'NONE', *, *, #353, .F. ) ;
#3157 = ORIENTED_EDGE ( 'NONE', *, *, #7446, .F. ) ;
#3158 = AXIS2_PLACEMENT_3D ( 'NONE', #5161, #6053, #6956 ) ;
#3159 = VERTEX_POINT ( 'NONE', #2674 ) ;
#3160 = PLANE ( 'NONE',  #7287 ) ;
#3161 = DIRECTION ( 'NONE',  ( 1.000000000000000000, 0.000000000000000000, 0.000000000000000000 ) ) ;
#3162 = CARTESIAN_POINT ( 'NONE',  ( 18.39999999999999858, 166.0000000000000000, -1.282784235921779962E-15 ) ) ;
#3163 = DIRECTION ( 'NONE',  ( 1.000000000000000000, 0.000000000000000000, 0.000000000000000000 ) ) ;
#3164 = CARTESIAN_POINT ( 'NONE',  ( 6.500000000000000000, 110.2000000000000028, 13.00000000000000000 ) ) ;
#3165 = VECTOR ( 'NONE', #6625, 1000.000000000000000 ) ;
#3166 = EDGE_CURVE ( 'NONE', #5620, #8973, #5117, .T. ) ;
#3167 = DIRECTION ( 'NONE',  ( 1.000000000000000000, 0.000000000000000000, 0.000000000000000000 ) ) ;
#3168 = DIRECTION ( 'NONE',  ( 1.000000000000000000, 0.000000000000000000, 0.000000000000000000 ) ) ;
#3169 = ORIENTED_EDGE ( 'NONE', *, *, #7781, .T. ) ;
#3170 = DIRECTION ( 'NONE',  ( 1.860521002879739963E-33, -1.000000000000000000, -4.809630431589130061E-16 ) ) ;
#3171 =( LENGTH_UNIT ( ) NAMED_UNIT ( * ) SI_UNIT ( .MILLI., .METRE. ) );
#3172 = EDGE_LOOP ( 'NONE', ( #3713, #5204, #2120, #8921 ) ) ;
#3173 = VECTOR ( 'NONE', #5967, 1000.000000000000000 ) ;
#3174 = EDGE_CURVE ( 'NONE', #8777, #4726, #2517, .T. ) ;
#3175 = CARTESIAN_POINT ( 'NONE',  ( 501.7500000000000568, 160.0000000000000000, 0.000000000000000000 ) ) ;
#3176 = ORIENTED_EDGE ( 'NONE', *, *, #3316, .F. ) ;
#3177 = AXIS2_PLACEMENT_3D ( 'NONE', #4, #5716, #4712 ) ;
#3178 = DIRECTION ( 'NONE',  ( 0.000000000000000000, 0.000000000000000000, 1.000000000000000000 ) ) ;
#3179 = DIRECTION ( 'NONE',  ( 0.000000000000000000, 0.000000000000000000, -1.000000000000000000 ) ) ;
#3180 = EDGE_CURVE ( 'NONE', #1856, #4262, #6604, .T. ) ;
#3181 = CARTESIAN_POINT ( 'NONE',  ( 3.500000000000000000, 457.6499999999999773, 10.00000000000000000 ) ) ;
#3182 = CARTESIAN_POINT ( 'NONE',  ( 510.0000000000000000, 283.6999999999999886, 3.500000000000000000 ) ) ;
#3183 = CARTESIAN_POINT ( 'NONE',  ( 357.8809073623716017, 530.0000000000000000, 6.648919652837004257 ) ) ;
#3184 = EDGE_LOOP ( 'NONE', ( #5688, #4085 ) ) ;
#3185 = ORIENTED_EDGE ( 'NONE', *, *, #4413, .F. ) ;
#3186 = CARTESIAN_POINT ( 'NONE',  ( 364.5860454286640220, 6.515854361763731630E-15, 5.760401748078657569 ) ) ;
#3187 = VERTEX_POINT ( 'NONE', #4221 ) ;
#3188 = EDGE_CURVE ( 'NONE', #3497, #3869, #9527, .T. ) ;
#3189 = EDGE_CURVE ( 'NONE', #681, #8299, #307, .T. ) ;
#3190 = VERTEX_POINT ( 'NONE', #9823 ) ;
#3191 = VECTOR ( 'NONE', #2229, 1000.000000000000000 ) ;
#3192 = CARTESIAN_POINT ( 'NONE',  ( 255.0000000000000000, 265.0000000000000000, 0.000000000000000000 ) ) ;
#3193 = DIRECTION ( 'NONE',  ( 1.000000000000000000, 0.000000000000000000, 0.000000000000000000 ) ) ;
#3194 = DIRECTION ( 'NONE',  ( -0.7071067811865470176, -2.403290133132679980E-16, -0.7071067811865480168 ) ) ;
#3195 = EDGE_CURVE ( 'NONE', #9973, #8016, #9091, .T. ) ;
#3196 = DIRECTION ( 'NONE',  ( 0.8499569182760007280, 0.5268521966118807631, 0.000000000000000000 ) ) ;
#3197 = CARTESIAN_POINT ( 'NONE',  ( 360.1080429176265625, 530.0000000000000000, 3.900000000000000799 ) ) ;
#3198 = CARTESIAN_POINT ( 'NONE',  ( 170.0000000000000000, 511.6000000000000796, 16.13725830020310070 ) ) ;
#3199 = ORIENTED_EDGE ( 'NONE', *, *, #8566, .T. ) ;
#3200 = AXIS2_PLACEMENT_3D ( 'NONE', #6978, #2997, #1362 ) ;
#3201 = ORIENTED_EDGE ( 'NONE', *, *, #8660, .T. ) ;
#3202 = DIRECTION ( 'NONE',  ( 1.000000000000000000, 0.000000000000000000, 0.000000000000000000 ) ) ;
#3203 = DIRECTION ( 'NONE',  ( 1.000000000000000000, 0.000000000000000000, 0.000000000000000000 ) ) ;
#3204 = CARTESIAN_POINT ( 'NONE',  ( 363.0018050113110917, 526.4288566782358885, 3.900000000000000799 ) ) ;
#3205 = FACE_OUTER_BOUND ( 'NONE', #10063, .T. ) ;
#3206 = VECTOR ( 'NONE', #6622, 1000.000000000000000 ) ;
#3207 = FACE_OUTER_BOUND ( 'NONE', #6200, .T. ) ;
#3208 = CARTESIAN_POINT ( 'NONE',  ( 13.19999999999999929, 500.0000000000000000, 20.00000000000000000 ) ) ;
#3209 = B_SPLINE_CURVE_WITH_KNOTS ( 'NONE', 3,
 ( #6538, #713, #1605, #7236, #1710, #3247, #4845, #27, #5583, #2448 ),
 .UNSPECIFIED., .F., .F.,
 ( 4, 2, 2, 2, 4 ),
 ( 0.001490824630554288873, 0.001863525137517736772, 0.002236225644481184237, 0.002608926151444632136, 0.002981626658408080034 ),
 .UNSPECIFIED. ) ;
#3210 = EDGE_LOOP ( 'NONE', ( #5844, #6468, #6470, #5067, #1132, #8070 ) ) ;
#3211 = CARTESIAN_POINT ( 'NONE',  ( 503.1189405172682427, 360.0000000000000000, 4.618317782934471261 ) ) ;
#3212 = ORIENTED_EDGE ( 'NONE', *, *, #8880, .T. ) ;
#3213 = EDGE_LOOP ( 'NONE', ( #8024, #7964, #9657, #5778, #3027, #1308, #6973, #2014 ) ) ;
#3214 = AXIS2_PLACEMENT_3D ( 'NONE', #2094, #682, #8567 ) ;
#3215 = VERTEX_POINT ( 'NONE', #147 ) ;
#3216 = CARTESIAN_POINT ( 'NONE',  ( 180.0000000000000000, 10.00000000000000000, 20.00000000000000000 ) ) ;
#3217 = CARTESIAN_POINT ( 'NONE',  ( 510.0000000000000000, 530.0000000000000000, 0.000000000000000000 ) ) ;
#3218 = AXIS2_PLACEMENT_3D ( 'NONE', #1665, #8135, #7243 ) ;
#3219 = LINE ( 'NONE', #6461, #1333 ) ;
#3220 = DIRECTION ( 'NONE',  ( 0.000000000000000000, -0.000000000000000000, 1.000000000000000000 ) ) ;
#3221 = PLANE ( 'NONE',  #2663 ) ;
#3222 = CARTESIAN_POINT ( 'NONE',  ( 505.2731217563826362, 360.0000000000002842, 6.825466065891842682 ) ) ;
#3223 = ORIENTED_EDGE ( 'NONE', *, *, #2398, .T. ) ;
#3224 = VECTOR ( 'NONE', #9221, 1000.000000000000000 ) ;
#3225 = DIRECTION ( 'NONE',  ( 0.000000000000000000, -1.000000000000000000, 0.000000000000000000 ) ) ;
#3226 = PLANE ( 'NONE',  #7131 ) ;
#3227 = ORIENTED_EDGE ( 'NONE', *, *, #5705, .T. ) ;
#3228 = EDGE_CURVE ( 'NONE', #6059, #2630, #6555, .T. ) ;
#3229 = DIRECTION ( 'NONE',  ( 0.000000000000000000, 0.000000000000000000, 1.000000000000000000 ) ) ;
#3230 = ORIENTED_EDGE ( 'NONE', *, *, #2889, .T. ) ;
#3231 = LINE ( 'NONE', #8209, #7373 ) ;
#3232 = CARTESIAN_POINT ( 'NONE',  ( 7.000000000000000000, 435.0000000000000000, 10.00000000000189893 ) ) ;
#3233 = AXIS2_PLACEMENT_3D ( 'NONE', #10289, #10182, #2930 ) ;
#3234 = ADVANCED_FACE ( 'NONE', ( #8344 ), #9872, .F. ) ;
#3235 = FACE_OUTER_BOUND ( 'NONE', #1341, .T. ) ;
#3236 = CARTESIAN_POINT ( 'NONE',  ( 508.8508361943101477, 170.0000000000000853, 3.900000000000000799 ) ) ;
#3237 = VERTEX_POINT ( 'NONE', #3366 ) ;
#3238 = VERTEX_POINT ( 'NONE', #9032 ) ;
#3239 = CARTESIAN_POINT ( 'NONE',  ( 359.1004335585298577, -3.744747754050727780E-13, 6.852787628295193834 ) ) ;
#3240 = EDGE_LOOP ( 'NONE', ( #5570, #4109 ) ) ;
#3242 = EDGE_CURVE ( 'NONE', #1087, #9962, #4959, .T. ) ;
#3241 = ORIENTED_EDGE ( 'NONE', *, *, #9591, .T. ) ;
#3243 = DIRECTION ( 'NONE',  ( 1.340646671245470025E-16, -1.000000000000000000, 0.000000000000000000 ) ) ;
#3244 = LINE ( 'NONE', #3940, #9071 ) ;
#3245 = CARTESIAN_POINT ( 'NONE',  ( 503.0343435439377231, 19.32959827346325454, 3.900000000000000355 ) ) ;
#3246 = FACE_OUTER_BOUND ( 'NONE', #2673, .T. ) ;
#3247 = CARTESIAN_POINT ( 'NONE',  ( 503.1059760767807347, 179.2242244629532593, 4.566979016683483827 ) ) ;
#3248 = DIRECTION ( 'NONE',  ( 0.000000000000000000, -0.9271838545667858700, -0.3746065934159159005 ) ) ;
#3249 = ORIENTED_EDGE ( 'NONE', *, *, #2786, .F. ) ;
#3250 = EDGE_LOOP ( 'NONE', ( #4194, #5261, #4588, #8279, #4514, #3600, #6041 ) ) ;
#3251 = ADVANCED_FACE ( 'NONE', ( #7497 ), #6652, .F. ) ;
#3252 = VECTOR ( 'NONE', #4627, 1000.000000000000000 ) ;
#3253 = CARTESIAN_POINT ( 'NONE',  ( 352.6216600295172157, 530.0000000000000000, 6.433224273564971550E-16 ) ) ;
#3254 = FACE_OUTER_BOUND ( 'NONE', #2991, .T. ) ;
#3255 = CARTESIAN_POINT ( 'NONE',  ( 330.0000000000000000, 10.00000000000000000, 10.00000000000000000 ) ) ;
#3256 = DIRECTION ( 'NONE',  ( -1.000000000000000000, 0.000000000000000000, 0.000000000000000000 ) ) ;
#3257 = EDGE_CURVE ( 'NONE', #9973, #3159, #1737, .T. ) ;
#3258 = CYLINDRICAL_SURFACE ( 'NONE', #3133, 3.199999999999980638 ) ;
#3259 = DIRECTION ( 'NONE',  ( 0.000000000000000000, -6.123233995736769734E-17, -1.000000000000000000 ) ) ;
#3260 = ORIENTED_EDGE ( 'NONE', *, *, #1810, .F. ) ;
#3261 = CARTESIAN_POINT ( 'NONE',  ( 503.0343435439377231, 339.9999999999998863, 3.900000000000000355 ) ) ;
#3262 = ORIENTED_EDGE ( 'NONE', *, *, #6666, .T. ) ;
#3263 = VERTEX_POINT ( 'NONE', #5068 ) ;
#3264 = EDGE_CURVE ( 'NONE', #955, #239, #8297, .T. ) ;
#3265 = AXIS2_PLACEMENT_3D ( 'NONE', #683, #3913, #9510 ) ;
#3266 = VECTOR ( 'NONE', #1515, 1000.000000000000000 ) ;
#3267 = CARTESIAN_POINT ( 'NONE',  ( 503.0518280484813545, 369.0357807774133221, 4.246911954959498914 ) ) ;
#3268 = CARTESIAN_POINT ( 'NONE',  ( 503.0847763593052377, 160.8529652058495003, 4.467463423124295119 ) ) ;
#3269 = PLANE ( 'NONE',  #6757 ) ;
#3270 = LINE ( 'NONE', #6508, #8557 ) ;
#3271 = LINE ( 'NONE', #5553, #473 ) ;
#3272 = CARTESIAN_POINT ( 'NONE',  ( 503.2653990660140835, 360.0000000000003411, 5.086143420937276893 ) ) ;
#3273 = ORIENTED_EDGE ( 'NONE', *, *, #4943, .F. ) ;
#3274 = FACE_BOUND ( 'NONE', #3664, .T. ) ;
#3275 = ORIENTED_EDGE ( 'NONE', *, *, #9913, .T. ) ;
#3276 = CARTESIAN_POINT ( 'NONE',  ( 503.0359596853934931, 351.0114093081761553, 4.000000000000000000 ) ) ;
#3277 = ORIENTED_EDGE ( 'NONE', *, *, #5972, .T. ) ;
#3278 = DIRECTION ( 'NONE',  ( 1.000000000000000000, 0.000000000000000000, 0.000000000000000000 ) ) ;
#3279 = DIRECTION ( 'NONE',  ( 0.000000000000000000, 0.000000000000000000, 1.000000000000000000 ) ) ;
#3280 = DIRECTION ( 'NONE',  ( 0.000000000000000000, -1.000000000000000000, 0.000000000000000000 ) ) ;
#3281 = CARTESIAN_POINT ( 'NONE',  ( 506.6582515695026245, 170.0000000000000568, 6.813478375203423809 ) ) ;
#3282 = ORIENTED_EDGE ( 'NONE', *, *, #4682, .F. ) ;
#3283 = EDGE_LOOP ( 'NONE', ( #9130, #9918, #8066, #1057 ) ) ;
#3284 = FACE_OUTER_BOUND ( 'NONE', #9127, .T. ) ;
#3285 = ORIENTED_EDGE ( 'NONE', *, *, #8676, .F. ) ;
#3286 = ORIENTED_EDGE ( 'NONE', *, *, #5911, .F. ) ;
#3287 = COLOUR_RGB ( '',0.7921568627450980005, 0.8196078431372548767, 0.9333333333333333481 ) ;
#3288 = EDGE_CURVE ( 'NONE', #7607, #4173, #4913, .T. ) ;
#3289 = DIRECTION ( 'NONE',  ( 0.000000000000000000, 0.000000000000000000, -1.000000000000000000 ) ) ;
#3290 = DIRECTION ( 'NONE',  ( -6.123233995736789455E-17, -1.000000000000000000, 0.000000000000000000 ) ) ;
#3291 = CARTESIAN_POINT ( 'NONE',  ( 340.0000000000000000, 265.0000000000000000, 10.00000000000000000 ) ) ;
#3292 = CIRCLE ( 'NONE', #9216, 12.92922760661711479 ) ;
#3293 = ADVANCED_FACE ( 'NONE', ( #7058 ), #3016, .F. ) ;
#3294 = DIRECTION ( 'NONE',  ( 0.000000000000000000, -1.000000000000000000, -1.184237892934260035E-14 ) ) ;
#3295 = AXIS2_PLACEMENT_3D ( 'NONE', #5456, #8683, #4608 ) ;
#3296 = VECTOR ( 'NONE', #10248, 1000.000000000000000 ) ;
#3297 = FACE_OUTER_BOUND ( 'NONE', #5871, .T. ) ;
#3298 = ORIENTED_EDGE ( 'NONE', *, *, #8859, .T. ) ;
#3299 = ORIENTED_EDGE ( 'NONE', *, *, #1541, .T. ) ;
#3300 = EDGE_CURVE ( 'NONE', #2221, #6737, #1386, .T. ) ;
#3301 = DIRECTION ( 'NONE',  ( -3.335881388545070138E-16, 1.000000000000000000, -6.123233995736769734E-17 ) ) ;
#3302 = DIRECTION ( 'NONE',  ( 0.000000000000000000, 0.000000000000000000, -1.000000000000000000 ) ) ;
#3303 = VECTOR ( 'NONE', #7037, 1000.000000000000000 ) ;
#3304 = CIRCLE ( 'NONE', #4661, 3.199999999999980638 ) ;
#3305 = DIRECTION ( 'NONE',  ( 0.000000000000000000, 0.000000000000000000, 1.000000000000000000 ) ) ;
#3306 = FACE_BOUND ( 'NONE', #4487, .T. ) ;
#3307 = CARTESIAN_POINT ( 'NONE',  ( 298.0000000000003411, 530.0000000000000000, 13.82852954554268976 ) ) ;
#3308 = LINE ( 'NONE', #1566, #6787 ) ;
#3309 = CIRCLE ( 'NONE', #6352, 2.350000000000004974 ) ;
#3310 = EDGE_CURVE ( 'NONE', #2353, #5545, #1144, .T. ) ;
#3311 = ORIENTED_EDGE ( 'NONE', *, *, #1230, .T. ) ;
#3312 = AXIS2_PLACEMENT_3D ( 'NONE', #2459, #8928, #1666 ) ;
#3313 = DIRECTION ( 'NONE',  ( 0.000000000000000000, 0.000000000000000000, -1.000000000000000000 ) ) ;
#3314 = ORIENTED_EDGE ( 'NONE', *, *, #988, .T. ) ;
#3315 = EDGE_LOOP ( 'NONE', ( #482, #5387 ) ) ;
#3316 = EDGE_CURVE ( 'NONE', #953, #6020, #2822, .T. ) ;
#3317 = ADVANCED_FACE ( 'NONE', ( #705 ), #1984, .F. ) ;
#3318 = EDGE_CURVE ( 'NONE', #3142, #4470, #2233, .T. ) ;
#3319 = CARTESIAN_POINT ( 'NONE',  ( 503.0400135753999393, 369.0007593030161956, 4.125383928642125220 ) ) ;
#3320 = CARTESIAN_POINT ( 'NONE',  ( 340.0000000000000000, 20.00000000000000000, 0.000000000000000000 ) ) ;
#3321 = VECTOR ( 'NONE', #5895, 1000.000000000000000 ) ;
#3322 = FACE_OUTER_BOUND ( 'NONE', #4300, .T. ) ;
#3323 = DIRECTION ( 'NONE',  ( 0.000000000000000000, 0.000000000000000000, 1.000000000000000000 ) ) ;
#3324 = LINE ( 'NONE', #7561, #9750 ) ;
#3325 = CARTESIAN_POINT ( 'NONE',  ( 507.3981255356567885, 360.0000000000002274, 6.504021310803518752 ) ) ;
#3326 = VECTOR ( 'NONE', #1444, 1000.000000000000000 ) ;
#3327 = EDGE_CURVE ( 'NONE', #496, #5558, #4620, .T. ) ;
#3328 = ORIENTED_EDGE ( 'NONE', *, *, #2526, .T. ) ;
#3329 = VECTOR ( 'NONE', #7762, 1000.000000000000000 ) ;
#3330 = DIRECTION ( 'NONE',  ( -0.000000000000000000, -1.000000000000000000, -0.000000000000000000 ) ) ;
#3331 = ORIENTED_EDGE ( 'NONE', *, *, #206, .T. ) ;
#3332 = CARTESIAN_POINT ( 'NONE',  ( 0.000000000000000000, 92.64999999999999147, 10.00000000000000000 ) ) ;
#3333 = VERTEX_POINT ( 'NONE', #4673 ) ;
#3334 = VECTOR ( 'NONE', #3801, 1000.000000000000000 ) ;
#3335 = CARTESIAN_POINT ( 'NONE',  ( 359.4097986728073124, 521.6228718193178793, 9.900000000000007461 ) ) ;
#3336 = DIRECTION ( 'NONE',  ( 1.000000000000000000, 0.000000000000000000, 0.000000000000000000 ) ) ;
#3337 = LINE ( 'NONE', #2693, #7700 ) ;
#3338 = VECTOR ( 'NONE', #795, 1000.000000000000000 ) ;
#3339 = CARTESIAN_POINT ( 'NONE',  ( 378.5908075695795105, 12.97412125320329679, 6.433224273564971550E-16 ) ) ;
#3340 = EDGE_LOOP ( 'NONE', ( #5129, #276, #4241, #1753 ) ) ;
#3341 = ORIENTED_EDGE ( 'NONE', *, *, #2833, .T. ) ;
#3342 = CARTESIAN_POINT ( 'NONE',  ( 354.7201123649163605, 0.000000000000000000, 3.900000000000000355 ) ) ;
#3343 = ORIENTED_EDGE ( 'NONE', *, *, #4220, .F. ) ;
#3344 = VECTOR ( 'NONE', #6512, 1000.000000000000000 ) ;
#3345 = ORIENTED_EDGE ( 'NONE', *, *, #1825, .F. ) ;
#3346 = FACE_OUTER_BOUND ( 'NONE', #2152, .T. ) ;
#3347 =( NAMED_UNIT ( * ) SI_UNIT ( $, .STERADIAN. ) SOLID_ANGLE_UNIT ( ) );
#3348 = LINE ( 'NONE', #1216, #769 ) ;
#3349 = CARTESIAN_POINT ( 'NONE',  ( 215.0000000000000284, 530.0000000000000000, 17.06413377357530337 ) ) ;
#3350 = CARTESIAN_POINT ( 'NONE',  ( -9.860761315262649319E-31, 530.0000000000000000, 0.000000000000000000 ) ) ;
#3351 = LINE ( 'NONE', #3141, #9915 ) ;
#3352 = ORIENTED_EDGE ( 'NONE', *, *, #5750, .F. ) ;
#3353 = ORIENTED_EDGE ( 'NONE', *, *, #2642, .F. ) ;
#3354 = AXIS2_PLACEMENT_3D ( 'NONE', #5742, #982, #5797 ) ;
#3355 = EDGE_CURVE ( 'NONE', #5558, #496, #6815, .T. ) ;
#3356 = LINE ( 'NONE', #5951, #768 ) ;
#3357 = DIRECTION ( 'NONE',  ( 1.492928237510310014E-32, -6.123233995736769734E-17, -1.000000000000000000 ) ) ;
#3358 = CARTESIAN_POINT ( 'NONE',  ( 11.75000000000000000, 30.00000000000000000, 4.000000000000000000 ) ) ;
#3359 = DIRECTION ( 'NONE',  ( 1.000000000000000000, 0.000000000000000000, 0.000000000000000000 ) ) ;
#3360 = DIRECTION ( 'NONE',  ( 1.000000000000000000, 0.000000000000000000, 0.000000000000000000 ) ) ;
#3361 = DIRECTION ( 'NONE',  ( 1.000000000000000000, 0.000000000000000000, 0.000000000000000000 ) ) ;
#3362 = AXIS2_PLACEMENT_3D ( 'NONE', #5514, #2228, #1380 ) ;
#3363 = DIRECTION ( 'NONE',  ( 0.000000000000000000, 0.000000000000000000, -1.000000000000000000 ) ) ;
#3364 = EDGE_CURVE ( 'NONE', #7715, #7607, #7114, .T. ) ;
#3365 = ORIENTED_EDGE ( 'NONE', *, *, #1365, .T. ) ;
#3366 = CARTESIAN_POINT ( 'NONE',  ( 351.7499999999999432, 520.0000000000000000, 4.000000000000000000 ) ) ;
#3367 = ORIENTED_EDGE ( 'NONE', *, *, #6084, .F. ) ;
#3368 = ORIENTED_EDGE ( 'NONE', *, *, #4209, .F. ) ;
#3369 = LINE ( 'NONE', #9826, #5754 ) ;
#3370 = CARTESIAN_POINT ( 'NONE',  ( 503.0359596853934931, 348.9885906918237879, 4.000000000000000000 ) ) ;
#3371 = ADVANCED_FACE ( 'NONE', ( #9535 ), #3619, .F. ) ;
#3372 = VECTOR ( 'NONE', #2484, 1000.000000000000000 ) ;
#3373 = CARTESIAN_POINT ( 'NONE',  ( 359.4097986728073124, 521.6228718193178793, 6.433224273564971550E-16 ) ) ;
#3374 = DIRECTION ( 'NONE',  ( 1.000000000000000000, 0.000000000000000000, 0.000000000000000000 ) ) ;
#3375 = CARTESIAN_POINT ( 'NONE',  ( 503.0721649371223521, 170.0000000000000284, 4.382250650605774567 ) ) ;
#3376 = MANIFOLD_SOLID_BREP ( 'Bottom left corner[1]', #6487 ) ;
#3377 = CARTESIAN_POINT ( 'NONE',  ( 6.500000000000000000, 54.80000000000000426, 7.000000000000000000 ) ) ;
#3378 = EDGE_CURVE ( 'NONE', #5184, #4173, #4377, .T. ) ;
#3379 = ADVANCED_FACE ( 'NONE', ( #6807 ), #6313, .F. ) ;
#3380 = VERTEX_POINT ( 'NONE', #6006 ) ;
#3381 = AXIS2_PLACEMENT_3D ( 'NONE', #3797, #8508, #4540 ) ;
#3382 = DIRECTION ( 'NONE',  ( -6.123233995736769734E-17, 0.000000000000000000, -1.000000000000000000 ) ) ;
#3383 =( BOUNDED_SURFACE ( )  B_SPLINE_SURFACE ( 3, 1, ( 
 ( #3542, #5980 ),
 ( #6579, #4245 ),
 ( #5140, #9210 ),
 ( #909, #962 ) ),
 .UNSPECIFIED., .F., .F., .F. ) 
 B_SPLINE_SURFACE_WITH_KNOTS ( ( 4, 4 ),
 ( 2, 2 ),
 ( 0.000000000000000000, 1.000000000000000000 ),
 ( 0.000000000000000000, 1.000000000000000000 ),
 .UNSPECIFIED. ) 
 GEOMETRIC_REPRESENTATION_ITEM ( )  RATIONAL_B_SPLINE_SURFACE ( (
 ( 1.000000000000000000, 1.000000000000000000),
 ( 0.3333333333333333703, 0.3333333333333333703),
 ( 0.3333333333333333703, 0.3333333333333333703),
 ( 1.000000000000000000, 1.000000000000000000) ) ) 
 REPRESENTATION_ITEM ( '' )  SURFACE ( )  );
#3384 = ORIENTED_EDGE ( 'NONE', *, *, #2188, .T. ) ;
#3385 = LINE ( 'NONE', #805, #4226 ) ;
#3386 = ORIENTED_EDGE ( 'NONE', *, *, #6811, .F. ) ;
#3387 = EDGE_CURVE ( 'NONE', #4621, #2635, #8218, .T. ) ;
#3388 = DIRECTION ( 'NONE',  ( 0.000000000000000000, 0.9271838545667858700, 0.3746065934159159561 ) ) ;
#3389 = LINE ( 'NONE', #2586, #5205 ) ;
#3390 = AXIS2_PLACEMENT_3D ( 'NONE', #5479, #1344, #2040 ) ;
#3391 = FACE_OUTER_BOUND ( 'NONE', #8652, .T. ) ;
#3392 = VECTOR ( 'NONE', #997, 1000.000000000000000 ) ;
#3393 = DIRECTION ( 'NONE',  ( 1.000000000000000000, 1.079691891447960066E-13, 0.000000000000000000 ) ) ;
#3394 = VERTEX_POINT ( 'NONE', #1651 ) ;
#3395 = ORIENTED_EDGE ( 'NONE', *, *, #4488, .T. ) ;
#3396 = CARTESIAN_POINT ( 'NONE',  ( 366.0630477263383682, 523.4557262423575139, 3.900000000000001243 ) ) ;
#3397 = ORIENTED_EDGE ( 'NONE', *, *, #4057, .T. ) ;
#3398 = ORIENTED_EDGE ( 'NONE', *, *, #1230, .F. ) ;
#3399 = AXIS2_PLACEMENT_3D ( 'NONE', #8275, #2652, #2016 ) ;
#3400 = CARTESIAN_POINT ( 'NONE',  ( 490.0000000000000000, 510.0000000000000000, 0.000000000000000000 ) ) ;
#3401 = DIRECTION ( 'NONE',  ( 0.000000000000000000, -1.000000000000000000, 0.000000000000000000 ) ) ;
#3402 = CARTESIAN_POINT ( 'NONE',  ( 7.000000000000000000, 435.0000000000000000, 10.00000000000189893 ) ) ;
#3403 = CARTESIAN_POINT ( 'NONE',  ( 502.6030426653587142, 15.17534515176653720, 9.900000000000005684 ) ) ;
#3404 = CARTESIAN_POINT ( 'NONE',  ( 344.0000000000000000, 265.0000000000000000, 0.000000000000000000 ) ) ;
#3405 = DIRECTION ( 'NONE',  ( 0.000000000000000000, 0.000000000000000000, -1.000000000000000000 ) ) ;
#3406 = VERTEX_POINT ( 'NONE', #9009 ) ;
#3407 = ORIENTED_EDGE ( 'NONE', *, *, #5327, .T. ) ;
#3408 = ORIENTED_EDGE ( 'NONE', *, *, #5374, .F. ) ;
#3409 = CARTESIAN_POINT ( 'NONE',  ( 3.500000000000000000, 460.0000000000000000, 10.00000000000000000 ) ) ;
#3410 = CARTESIAN_POINT ( 'NONE',  ( 340.0000000000000000, 265.0000000000000000, 20.00000000000000000 ) ) ;
#3411 = DIRECTION ( 'NONE',  ( 0.000000000000000000, 1.000000000000000000, 0.000000000000000000 ) ) ;
#3412 = CARTESIAN_POINT ( 'NONE',  ( 500.0000000000000000, 180.0000000000000000, 4.000000000000000000 ) ) ;
#3413 = FACE_OUTER_BOUND ( 'NONE', #8964, .T. ) ;
#3414 = CARTESIAN_POINT ( 'NONE',  ( 500.0000000000000000, 350.0000000000000000, 0.000000000000000000 ) ) ;
#3415 = VERTEX_POINT ( 'NONE', #2494 ) ;
#3416 = ADVANCED_FACE ( 'NONE', ( #1751 ), #967, .F. ) ;
#3417 = CARTESIAN_POINT ( 'NONE',  ( 501.7500000000000568, 350.0000000000000000, 10.00000000000000000 ) ) ;
#3418 = ORIENTED_EDGE ( 'NONE', *, *, #732, .T. ) ;
#3419 = ORIENTED_EDGE ( 'NONE', *, *, #1810, .T. ) ;
#3420 = AXIS2_PLACEMENT_3D ( 'NONE', #4530, #6112, #6013 ) ;
#3421 = CARTESIAN_POINT ( 'NONE',  ( 503.0343435439377231, 19.32959827346325454, 6.433224273564971550E-16 ) ) ;
#3422 = DIRECTION ( 'NONE',  ( 0.000000000000000000, 0.000000000000000000, -1.000000000000000000 ) ) ;
#3423 = DIRECTION ( 'NONE',  ( 0.000000000000000000, 5.010031699572010192E-16, -1.000000000000000000 ) ) ;
#3424 = EDGE_CURVE ( 'NONE', #2893, #4637, #10373, .T. ) ;
#3425 = FACE_OUTER_BOUND ( 'NONE', #1119, .T. ) ;
#3426 = CARTESIAN_POINT ( 'NONE',  ( 18.39999999999999858, 217.5000000000000000, 0.000000000000000000 ) ) ;
#3427 = CYLINDRICAL_SURFACE ( 'NONE', #7688, 2.350000000000004974 ) ;
#3428 = EDGE_CURVE ( 'NONE', #1816, #4261, #7372, .T. ) ;
#3429 = EDGE_LOOP ( 'NONE', ( #1256, #4501, #2023, #4766, #10087 ) ) ;
#3430 = VECTOR ( 'NONE', #5468, 1000.000000000000000 ) ;
#3431 = DIRECTION ( 'NONE',  ( 1.000000000000000000, 0.000000000000000000, 0.000000000000000000 ) ) ;
#3432 = ORIENTED_EDGE ( 'NONE', *, *, #4528, .T. ) ;
#3433 = DIRECTION ( 'NONE',  ( 0.000000000000000000, -1.000000000000000000, 0.000000000000000000 ) ) ;
#3434 = ORIENTED_EDGE ( 'NONE', *, *, #1831, .F. ) ;
#3435 = DIRECTION ( 'NONE',  ( 0.000000000000000000, 0.000000000000000000, -1.000000000000000000 ) ) ;
#3436 = CARTESIAN_POINT ( 'NONE',  ( 490.0000000000000000, 20.00000000000000000, 0.000000000000000000 ) ) ;
#3437 = VECTOR ( 'NONE', #7734, 1000.000000000000000 ) ;
#3438 = CARTESIAN_POINT ( 'NONE',  ( 500.0000000000000000, 180.0000000000000000, 10.00000000000000000 ) ) ;
#3439 = EDGE_CURVE ( 'NONE', #1242, #2167, #8515, .T. ) ;
#3440 = UNCERTAINTY_MEASURE_WITH_UNIT (LENGTH_MEASURE( 1.000000000000000082E-05 ), #3171, 'distance_accuracy_value', 'NONE');
#3441 = DIRECTION ( 'NONE',  ( -0.000000000000000000, 1.000000000000000000, 0.000000000000000000 ) ) ;
#3442 = EDGE_LOOP ( 'NONE', ( #9042, #8640, #1818, #7371 ) ) ;
#3443 = ORIENTED_EDGE ( 'NONE', *, *, #9179, .F. ) ;
#3444 = CARTESIAN_POINT ( 'NONE',  ( 501.7500000000000568, 370.0000000000000000, 0.000000000000000000 ) ) ;
#3445 = ORIENTED_EDGE ( 'NONE', *, *, #3257, .F. ) ;
#3446 = EDGE_CURVE ( 'NONE', #8080, #5873, #819, .T. ) ;
#3447 = VERTEX_POINT ( 'NONE', #5622 ) ;
#3448 = ADVANCED_FACE ( 'NONE', ( #3284 ), #8069, .T. ) ;
#3449 = EDGE_CURVE ( 'NONE', #6139, #1242, #19, .T. ) ;
#3450 = CARTESIAN_POINT ( 'NONE',  ( 181.7500000000000000, 520.0000000000000000, 4.000000000000000000 ) ) ;
#3451 = ORIENTED_EDGE ( 'NONE', *, *, #3516, .F. ) ;
#3452 = FACE_BOUND ( 'NONE', #806, .T. ) ;
#3453 = CARTESIAN_POINT ( 'NONE',  ( 501.7500000000000568, 370.0000000000000000, 10.00000000000000000 ) ) ;
#3454 = AXIS2_PLACEMENT_3D ( 'NONE', #8227, #975, #6638 ) ;
#3455 = ADVANCED_FACE ( 'NONE', ( #6583 ), #6526, .T. ) ;
#3456 = CARTESIAN_POINT ( 'NONE',  ( 160.0000000000000000, 10.00000000000000000, 12.00000000000000000 ) ) ;
#3457 = VERTEX_POINT ( 'NONE', #5247 ) ;
#3458 = ORIENTED_EDGE ( 'NONE', *, *, #2074, .T. ) ;
#3459 = CIRCLE ( 'NONE', #5662, 1.750000000000029310 ) ;
#3460 = VERTEX_POINT ( 'NONE', #9999 ) ;
#3461 = MANIFOLD_SOLID_BREP ( 'Left[1]', #5632 ) ;
#3462 = CARTESIAN_POINT ( 'NONE',  ( 170.0000000000000000, 527.7372583002030524, -1.568305715972200009E-14 ) ) ;
#3463 = DIRECTION ( 'NONE',  ( 0.7769429826533170713, 0.6295709663777131482, 0.000000000000000000 ) ) ;
#3464 = PLANE ( 'NONE',  #8914 ) ;
#3465 = VECTOR ( 'NONE', #797, 1000.000000000000000 ) ;
#3466 = DIRECTION ( 'NONE',  ( -1.000000000000000000, 0.000000000000000000, 0.000000000000000000 ) ) ;
#3467 = DIRECTION ( 'NONE',  ( 0.000000000000000000, -1.000000000000000000, 0.000000000000000000 ) ) ;
#3468 = CARTESIAN_POINT ( 'NONE',  ( 503.0359596853934931, 158.9885906918237310, 4.000000000000000000 ) ) ;
#3469 = VERTEX_POINT ( 'NONE', #9214 ) ;
#3470 = DIRECTION ( 'NONE',  ( 0.000000000000000000, 6.123233995736769734E-17, 1.000000000000000000 ) ) ;
#3471 = ORIENTED_EDGE ( 'NONE', *, *, #2482, .T. ) ;
#3472 = ORIENTED_EDGE ( 'NONE', *, *, #4886, .F. ) ;
#3473 = AXIS2_PLACEMENT_3D ( 'NONE', #857, #7268, #3278 ) ;
#3474 = VECTOR ( 'NONE', #7246, 1000.000000000000000 ) ;
#3475 = CARTESIAN_POINT ( 'NONE',  ( 255.0000000000000000, 170.0000000000000000, 0.000000000000000000 ) ) ;
#3476 = CARTESIAN_POINT ( 'NONE',  ( 503.0400134473734965, 160.9992410812811556, 4.125379968884715254 ) ) ;
#3477 = DIRECTION ( 'NONE',  ( 0.000000000000000000, 0.000000000000000000, -1.000000000000000000 ) ) ;
#3478 = FACE_OUTER_BOUND ( 'NONE', #757, .T. ) ;
#3479 = AXIS2_PLACEMENT_3D ( 'NONE', #7834, #8626, #6081 ) ;
#3480 = DIRECTION ( 'NONE',  ( 1.000000000000000000, 0.000000000000000000, 0.000000000000000000 ) ) ;
#3481 = PLANE ( 'NONE',  #4476 ) ;
#3482 = AXIS2_PLACEMENT_3D ( 'NONE', #8710, #4692, #7927 ) ;
#3483 = ORIENTED_EDGE ( 'NONE', *, *, #8316, .T. ) ;
#3484 = CARTESIAN_POINT ( 'NONE',  ( 503.0796183119504690, 320.0000000000002842, 4.510826021049273216 ) ) ;
#3485 = EDGE_LOOP ( 'NONE', ( #8686, #8985, #6762 ) ) ;
#3486 = LINE ( 'NONE', #5975, #6251 ) ;
#3487 = ORIENTED_EDGE ( 'NONE', *, *, #1889, .F. ) ;
#3488 = CARTESIAN_POINT ( 'NONE',  ( 373.8836612429423099, 12.04098619818961247, 9.900000000000009237 ) ) ;
#3489 = EDGE_CURVE ( 'NONE', #8718, #5003, #8370, .T. ) ;
#3490 = CARTESIAN_POINT ( 'NONE',  ( 18.39999999999999858, 170.0000000000000000, 16.13725830020299767 ) ) ;
#3491 = AXIS2_PLACEMENT_3D ( 'NONE', #5359, #6143, #9531 ) ;
#3492 = CIRCLE ( 'NONE', #9405, 1.749999999999999778 ) ;
#3493 = CARTESIAN_POINT ( 'NONE',  ( 8.250000000000000000, 160.0000000000000000, 4.000000000000000000 ) ) ;
#3494 = LINE ( 'NONE', #3543, #8373 ) ;
#3495 = ADVANCED_FACE ( 'NONE', ( #2798 ), #1681, .F. ) ;
#3496 = VERTEX_POINT ( 'NONE', #6632 ) ;
#3497 = VERTEX_POINT ( 'NONE', #8420 ) ;
#3498 = ORIENTED_EDGE ( 'NONE', *, *, #3129, .F. ) ;
#3499 = ORIENTED_EDGE ( 'NONE', *, *, #6615, .T. ) ;
#3500 = VECTOR ( 'NONE', #10329, 1000.000000000000000 ) ;
#3501 = EDGE_CURVE ( 'NONE', #7678, #3979, #9847, .T. ) ;
#3502 = DIRECTION ( 'NONE',  ( -1.492928237510310014E-32, 0.000000000000000000, 1.000000000000000000 ) ) ;
#3503 = PRODUCT_CONTEXT ( 'NONE', #6001, 'mechanical' ) ;
#3504 = CIRCLE ( 'NONE', #1143, 12.92922760661770099 ) ;
#3505 = VERTEX_POINT ( 'NONE', #5044 ) ;
#3506 = VECTOR ( 'NONE', #8847, 1000.000000000000000 ) ;
#3507 =( LENGTH_UNIT ( ) NAMED_UNIT ( * ) SI_UNIT ( .MILLI., .METRE. ) );
#3508 = CYLINDRICAL_SURFACE ( 'NONE', #2090, 2.900000000000010125 ) ;
#3509 = LINE ( 'NONE', #7637, #3321 ) ;
#3510 = EDGE_CURVE ( 'NONE', #4411, #8946, #5937, .T. ) ;
#3511 = EDGE_CURVE ( 'NONE', #6086, #4741, #7580, .T. ) ;
#3512 = ORIENTED_EDGE ( 'NONE', *, *, #1893, .F. ) ;
#3513 = ORIENTED_EDGE ( 'NONE', *, *, #299, .F. ) ;
#3514 = ORIENTED_EDGE ( 'NONE', *, *, #3679, .T. ) ;
#3515 = CARTESIAN_POINT ( 'NONE',  ( 340.0000000000000000, 2.545584412271600261, -1.162065018325269910E-14 ) ) ;
#3516 = EDGE_CURVE ( 'NONE', #6676, #157, #6834, .T. ) ;
#3517 = DIRECTION ( 'NONE',  ( 0.000000000000000000, -6.123233995736769734E-17, -1.000000000000000000 ) ) ;
#3518 = DIRECTION ( 'NONE',  ( 1.000000000000000000, 0.000000000000000000, 0.000000000000000000 ) ) ;
#3519 = LINE ( 'NONE', #6755, #6862 ) ;
#3520 = CARTESIAN_POINT ( 'NONE',  ( 170.0000000000000000, 511.6000000000000796, 16.13725830020310070 ) ) ;
#3521 = CARTESIAN_POINT ( 'NONE',  ( 510.0000000000000000, 530.0000000000000000, 0.000000000000000000 ) ) ;
#3522 = VECTOR ( 'NONE', #3302, 1000.000000000000000 ) ;
#3523 = VERTEX_POINT ( 'NONE', #224 ) ;
#3524 = DIRECTION ( 'NONE',  ( 0.000000000000000000, 1.000000000000000000, 0.000000000000000000 ) ) ;
#3525 = ORIENTED_EDGE ( 'NONE', *, *, #1219, .F. ) ;
#3526 = ORIENTED_EDGE ( 'NONE', *, *, #1370, .F. ) ;
#3527 = CARTESIAN_POINT ( 'NONE',  ( 289.1999999999999886, 510.0000000000000568, 4.238056389090997023 ) ) ;
#3528 =( NAMED_UNIT ( * ) PLANE_ANGLE_UNIT ( ) SI_UNIT ( $, .RADIAN. ) );
#3529 = DIRECTION ( 'NONE',  ( -0.7769429826533170713, -0.6295709663777131482, 0.000000000000000000 ) ) ;
#3530 = DIRECTION ( 'NONE',  ( 0.7071067811865470176, 4.329780281177494162E-17, 0.7071067811865480168 ) ) ;
#3531 = LINE ( 'NONE', #5920, #1636 ) ;
#3532 = DIRECTION ( 'NONE',  ( 0.000000000000000000, 0.000000000000000000, -1.000000000000000000 ) ) ;
#3533 = ORIENTED_EDGE ( 'NONE', *, *, #7381, .F. ) ;
#3534 = DIRECTION ( 'NONE',  ( 6.123233995736809177E-17, -1.000000000000000000, 0.000000000000000000 ) ) ;
#3535 = CIRCLE ( 'NONE', #6586, 1.750000000000029310 ) ;
#3536 = VERTEX_POINT ( 'NONE', #4349 ) ;
#3537 = CARTESIAN_POINT ( 'NONE',  ( 170.0000000000000000, 265.0000000000000000, 20.00000000000000000 ) ) ;
#3538 = EDGE_LOOP ( 'NONE', ( #8447, #5263, #828, #1749 ) ) ;
#3539 = CARTESIAN_POINT ( 'NONE',  ( 160.0000000000000000, 10.00000000000000000, 0.000000000000000000 ) ) ;
#3540 = CARTESIAN_POINT ( 'NONE',  ( 359.4097986728073124, 521.6228718193178793, 6.433224273564971550E-16 ) ) ;
#3541 = VECTOR ( 'NONE', #213, 1000.000000000000000 ) ;
#3542 = CARTESIAN_POINT ( 'NONE',  ( 378.5908075695795674, 12.97412125320326837, 3.900000000000000355 ) ) ;
#3543 = CARTESIAN_POINT ( 'NONE',  ( 166.0000000000000000, 528.8686291501020378, -1.131370849898480024 ) ) ;
#3544 = VERTEX_POINT ( 'NONE', #3444 ) ;
#3545 = EDGE_LOOP ( 'NONE', ( #1986, #4461, #6119, #6924 ) ) ;
#3546 = EDGE_CURVE ( 'NONE', #6500, #7013, #6678, .T. ) ;
#3547 =( NAMED_UNIT ( * ) SI_UNIT ( $, .STERADIAN. ) SOLID_ANGLE_UNIT ( ) );
#3548 = ORIENTED_EDGE ( 'NONE', *, *, #8997, .F. ) ;
#3549 = ORIENTED_EDGE ( 'NONE', *, *, #9017, .T. ) ;
#3550 = AXIS2_PLACEMENT_3D ( 'NONE', #7144, #7774, #470 ) ;
#3551 = FACE_OUTER_BOUND ( 'NONE', #6124, .T. ) ;
#3552 = EDGE_CURVE ( 'NONE', #6477, #9863, #7836, .T. ) ;
#3553 = ORIENTED_EDGE ( 'NONE', *, *, #8364, .T. ) ;
#3554 = CARTESIAN_POINT ( 'NONE',  ( 510.0000000000000000, 360.0000000000000000, 5.000000000000000000 ) ) ;
#3555 = LINE ( 'NONE', #7535, #8867 ) ;
#3556 = LINE ( 'NONE', #4260, #1458 ) ;
#3557 = ORIENTED_EDGE ( 'NONE', *, *, #1343, .T. ) ;
#3558 = EDGE_CURVE ( 'NONE', #1042, #454, #5347, .T. ) ;
#3559 = AXIS2_PLACEMENT_3D ( 'NONE', #1655, #2396, #4896 ) ;
#3560 = ORIENTED_EDGE ( 'NONE', *, *, #9519, .T. ) ;
#3561 = VERTEX_POINT ( 'NONE', #2057 ) ;
#3562 = PLANE ( 'NONE',  #3804 ) ;
#3563 = EDGE_CURVE ( 'NONE', #7315, #3747, #6298, .T. ) ;
#3564 = LINE ( 'NONE', #5902, #9398 ) ;
#3565 = DIRECTION ( 'NONE',  ( 4.329780281177459034E-17, 0.7071067811865470176, 0.7071067811865480168 ) ) ;
#3566 = AXIS2_PLACEMENT_3D ( 'NONE', #10133, #2089, #8713 ) ;
#3567 = CARTESIAN_POINT ( 'NONE',  ( 346.8000000000000114, 520.0000000000000000, 20.00000000000000000 ) ) ;
#3568 = DIRECTION ( 'NONE',  ( 2.203299472210349799E-46, -1.184237892934309955E-13, 1.000000000000000000 ) ) ;
#3569 = DIRECTION ( 'NONE',  ( 0.000000000000000000, 0.000000000000000000, 1.000000000000000000 ) ) ;
#3570 = EDGE_CURVE ( 'NONE', #681, #10269, #907, .T. ) ;
#3571 = ORIENTED_EDGE ( 'NONE', *, *, #10205, .F. ) ;
#3572 = EDGE_CURVE ( 'NONE', #335, #6317, #3808, .T. ) ;
#3573 = DIRECTION ( 'NONE',  ( 1.000000000000000000, 0.000000000000000000, -6.123233995736799316E-17 ) ) ;
#3574 = EDGE_LOOP ( 'NONE', ( #5284, #5517 ) ) ;
#3575 = VERTEX_POINT ( 'NONE', #2896 ) ;
#3576 = DIRECTION ( 'NONE',  ( 1.000000000000000000, 0.000000000000000000, 0.000000000000000000 ) ) ;
#3577 = DIRECTION ( 'NONE',  ( 1.000000000000000000, 0.000000000000000000, 0.000000000000000000 ) ) ;
#3578 = ADVANCED_FACE ( 'NONE', ( #9358, #5504 ), #3004, .F. ) ;
#3579 = CARTESIAN_POINT ( 'NONE',  ( 346.8000000000000114, 520.0000000000000000, 4.000000000000000000 ) ) ;
#3580 = CARTESIAN_POINT ( 'NONE',  ( 507.7372583002029955, 170.0000000000000000, -1.720845688168989798E-14 ) ) ;
#3581 = EDGE_CURVE ( 'NONE', #914, #6133, #8518, .T. ) ;
#3582 = CARTESIAN_POINT ( 'NONE',  ( 18.39999999999999858, 170.0000000000000000, 16.13725830020299767 ) ) ;
#3583 = CARTESIAN_POINT ( 'NONE',  ( 10.00000000000000000, 30.00000000000000000, 4.000000000000000000 ) ) ;
#3584 = ORIENTED_EDGE ( 'NONE', *, *, #4522, .T. ) ;
#3585 = EDGE_CURVE ( 'NONE', #10322, #4966, #6245, .T. ) ;
#3586 = CARTESIAN_POINT ( 'NONE',  ( -9.860761315262649319E-31, 530.0000000000000000, 20.00000000000000000 ) ) ;
#3587 = ORIENTED_EDGE ( 'NONE', *, *, #8810, .F. ) ;
#3588 = DIRECTION ( 'NONE',  ( 1.000000000000000000, 0.000000000000000000, 0.000000000000000000 ) ) ;
#3589 = EDGE_LOOP ( 'NONE', ( #641, #5085, #5730, #5167 ) ) ;
#3590 = FACE_OUTER_BOUND ( 'NONE', #1588, .T. ) ;
#3591 = VECTOR ( 'NONE', #6855, 1000.000000000000000 ) ;
#3592 = LINE ( 'NONE', #9943, #7537 ) ;
#3593 = CARTESIAN_POINT ( 'NONE',  ( 0.000000000000000000, 360.0000000000000000, 5.000000000000000000 ) ) ;
#3594 = DIRECTION ( 'NONE',  ( -1.340646671245470025E-16, 1.000000000000000000, 0.000000000000000000 ) ) ;
#3595 = CIRCLE ( 'NONE', #733, 2.350000000000004974 ) ;
#3596 = CARTESIAN_POINT ( 'NONE',  ( 508.8508361943100340, 20.80215158257098196, 3.899999999999999911 ) ) ;
#3597 = DIRECTION ( 'NONE',  ( 0.000000000000000000, 0.000000000000000000, -1.000000000000000000 ) ) ;
#3598 = CARTESIAN_POINT ( 'NONE',  ( 490.0000000000000000, 20.00000000000000000, 0.000000000000000000 ) ) ;
#3599 = ORIENTED_EDGE ( 'NONE', *, *, #4462, .T. ) ;
#3600 = ORIENTED_EDGE ( 'NONE', *, *, #3830, .T. ) ;
#3601 = VECTOR ( 'NONE', #381, 1000.000000000000000 ) ;
#3602 = CARTESIAN_POINT ( 'NONE',  ( 7.000000000000000000, 97.35000000000000853, 10.00000000000000000 ) ) ;
#3603 = EDGE_LOOP ( 'NONE', ( #5826, #8831, #2121, #4569 ) ) ;
#3604 = DIRECTION ( 'NONE',  ( 0.000000000000000000, 0.000000000000000000, 1.000000000000000000 ) ) ;
#3605 = CYLINDRICAL_SURFACE ( 'NONE', #6746, 3.199999999999980638 ) ;
#3606 = CARTESIAN_POINT ( 'NONE',  ( 10.00000000000000000, 30.00000000000000000, 4.000000000000000000 ) ) ;
#3607 = ORIENTED_EDGE ( 'NONE', *, *, #9453, .F. ) ;
#3608 = VERTEX_POINT ( 'NONE', #8678 ) ;
#3609 = ADVANCED_FACE ( 'NONE', ( #6083 ), #9312, .F. ) ;
#3610 = VERTEX_POINT ( 'NONE', #534 ) ;
#3611 = LINE ( 'NONE', #9180, #1281 ) ;
#3612 = EDGE_CURVE ( 'NONE', #6668, #9008, #484, .T. ) ;
#3613 = CARTESIAN_POINT ( 'NONE',  ( 170.0000000000000000, 511.8000000000000114, 15.65441558772840125 ) ) ;
#3614 = FACE_BOUND ( 'NONE', #938, .T. ) ;
#3615 = DIRECTION ( 'NONE',  ( -1.000000000000000000, 0.000000000000000000, 0.000000000000000000 ) ) ;
#3616 = AXIS2_PLACEMENT_3D ( 'NONE', #3778, #6054, #1980 ) ;
#3617 = LINE ( 'NONE', #4319, #896 ) ;
#3618 = EDGE_LOOP ( 'NONE', ( #7084, #6786, #2699, #3743 ) ) ;
#3619 = PLANE ( 'NONE',  #2419 ) ;
#3620 = ORIENTED_EDGE ( 'NONE', *, *, #6748, .F. ) ;
#3621 = EDGE_CURVE ( 'NONE', #6216, #2340, #2220, .T. ) ;
#3622 = ORIENTED_EDGE ( 'NONE', *, *, #10150, .T. ) ;
#3624 = LINE ( 'NONE', #7074, #6087 ) ;
#3623 = VECTOR ( 'NONE', #1874, 1000.000000000000000 ) ;
#3625 = DIRECTION ( 'NONE',  ( -0.1032664630633590153, -0.9946537274883073820, 0.000000000000000000 ) ) ;
#3627 = LINE ( 'NONE', #9245, #1869 ) ;
#3626 = AXIS2_PLACEMENT_3D ( 'NONE', #2346, #5578, #8811 ) ;
#3628 = CARTESIAN_POINT ( 'NONE',  ( -5.867152982581250079E-31, 315.3500000000000227, 6.999999999999849898 ) ) ;
#3629 = EDGE_CURVE ( 'NONE', #7280, #4144, #5401, .T. ) ;
#3630 = DIRECTION ( 'NONE',  ( 0.000000000000000000, -1.000000000000000000, 6.123233995736750012E-17 ) ) ;
#3631 = MANIFOLD_SOLID_BREP ( 'Imported2', #1911 ) ;
#3632 = CARTESIAN_POINT ( 'NONE',  ( 353.1999999999999318, 520.0000000000000000, 20.00000000000000000 ) ) ;
#3633 = CIRCLE ( 'NONE', #7363, 1.749999999999999778 ) ;
#3634 = VERTEX_POINT ( 'NONE', #1531 ) ;
#3635 = AXIS2_PLACEMENT_3D ( 'NONE', #7242, #10447, #3202 ) ;
#3636 = CARTESIAN_POINT ( 'NONE',  ( 506.4816012206273399, 360.0000000000001705, 6.853755513016682066 ) ) ;
#3637 = AXIS2_PLACEMENT_3D ( 'NONE', #4960, #4317, #243 ) ;
#3638 = EDGE_CURVE ( 'NONE', #10105, #4185, #1238, .T. ) ;
#3639 = EDGE_CURVE ( 'NONE', #8766, #10326, #7947, .T. ) ;
#3640 = ORIENTED_EDGE ( 'NONE', *, *, #5589, .T. ) ;
#3641 = LINE ( 'NONE', #264, #3541 ) ;
#3642 = VECTOR ( 'NONE', #5748, 1000.000000000000000 ) ;
#3643 = EDGE_LOOP ( 'NONE', ( #3571, #3878, #1373, #8951 ) ) ;
#3644 = LINE ( 'NONE', #3799, #8606 ) ;
#3645 = DIRECTION ( 'NONE',  ( 0.8499569182760007280, 0.5268521966118807631, 0.000000000000000000 ) ) ;
#3646 = PLANE ( 'NONE',  #7906 ) ;
#3647 = AXIS2_PLACEMENT_3D ( 'NONE', #3539, #9993, #5875 ) ;
#3648 = CIRCLE ( 'NONE', #1788, 3.199999999999980638 ) ;
#3649 = DIRECTION ( 'NONE',  ( 2.010970006868209845E-16, -1.000000000000000000, 0.000000000000000000 ) ) ;
#3650 = DIRECTION ( 'NONE',  ( 0.000000000000000000, 0.000000000000000000, -1.000000000000000000 ) ) ;
#3651 = CARTESIAN_POINT ( 'NONE',  ( 503.0343435439377231, 165.9999999999999432, 6.433224273564971550E-16 ) ) ;
#3652 = SURFACE_STYLE_FILL_AREA ( #8628 ) ;
#3653 = VECTOR ( 'NONE', #10082, 1000.000000000000000 ) ;
#3654 = VERTEX_POINT ( 'NONE', #6415 ) ;
#3655 = EDGE_LOOP ( 'NONE', ( #734, #8855 ) ) ;
#3656 = AXIS2_PLACEMENT_3D ( 'NONE', #9860, #4408, #2658 ) ;
#3657 = DIRECTION ( 'NONE',  ( 0.000000000000000000, 1.000000000000000000, -1.184237892934239998E-14 ) ) ;
#3658 = CIRCLE ( 'NONE', #1289, 1.750000000000001554 ) ;
#3659 = ORIENTED_EDGE ( 'NONE', *, *, #7842, .F. ) ;
#3660 = CARTESIAN_POINT ( 'NONE',  ( 503.0400135753994277, 29.00075930301648697, 4.125383928642084364 ) ) ;
#3661 = CARTESIAN_POINT ( 'NONE',  ( 10.00000000000000000, 350.0000000000000000, 0.000000000000000000 ) ) ;
#3662 = AXIS2_PLACEMENT_3D ( 'NONE', #4463, #445, #2071 ) ;
#3663 = PLANE ( 'NONE',  #3491 ) ;
#3664 = EDGE_LOOP ( 'NONE', ( #8081, #9889 ) ) ;
#3665 = AXIS2_PLACEMENT_3D ( 'NONE', #8698, #9434, #4786 ) ;
#3666 = VERTEX_POINT ( 'NONE', #3112 ) ;
#3667 = ORIENTED_EDGE ( 'NONE', *, *, #5650, .T. ) ;
#3668 = MANIFOLD_SOLID_BREP ( 'Cut-Sweep1[1]', #10016 ) ;
#3669 = AXIS2_PLACEMENT_3D ( 'NONE', #3436, #5876, #5089 ) ;
#3670 = LINE ( 'NONE', #552, #3326 ) ;
#3671 = FACE_OUTER_BOUND ( 'NONE', #4123, .T. ) ;
#3672 = CARTESIAN_POINT ( 'NONE',  ( 215.0000000000000284, 531.5828289135762361, 16.08583605165395269 ) ) ;
#3673 = FACE_BOUND ( 'NONE', #8270, .T. ) ;
#3674 = DIRECTION ( 'NONE',  ( 1.000000000000000000, 0.000000000000000000, 0.000000000000000000 ) ) ;
#3675 = ORIENTED_EDGE ( 'NONE', *, *, #6872, .F. ) ;
#3676 = VECTOR ( 'NONE', #6030, 1000.000000000000000 ) ;
#3677 = ORIENTED_EDGE ( 'NONE', *, *, #527, .F. ) ;
#3678 = ORIENTED_EDGE ( 'NONE', *, *, #7465, .F. ) ;
#3679 = EDGE_CURVE ( 'NONE', #7189, #8793, #1585, .T. ) ;
#3680 = AXIS2_PLACEMENT_3D ( 'NONE', #690, #7154, #10361 ) ;
#3681 = CARTESIAN_POINT ( 'NONE',  ( 490.0000000000000000, 510.0000000000000000, 20.00000000000000000 ) ) ;
#3682 = CARTESIAN_POINT ( 'NONE',  ( 167.0000000000000000, 511.8000000000000114, -1.344016575879139844E-15 ) ) ;
#3683 = CARTESIAN_POINT ( 'NONE',  ( 6.500000000000000000, 100.6999999999970044, 7.000000000003700151 ) ) ;
#3684 = LINE ( 'NONE', #6166, #613 ) ;
#3685 = LINE ( 'NONE', #564, #9572 ) ;
#3686 = ADVANCED_FACE ( 'NONE', ( #4032 ), #3226, .F. ) ;
#3687 = LINE ( 'NONE', #7872, #4160 ) ;
#3688 = DIRECTION ( 'NONE',  ( 0.000000000000000000, -1.000000000000000000, 0.000000000000000000 ) ) ;
#3689 = ORIENTED_EDGE ( 'NONE', *, *, #4467, .F. ) ;
#3690 = CARTESIAN_POINT ( 'NONE',  ( 505.4156707497969592, 359.9999999999999432, 6.856028626332543396 ) ) ;
#3691 = EDGE_CURVE ( 'NONE', #10196, #7280, #7155, .T. ) ;
#3692 = ORIENTED_EDGE ( 'NONE', *, *, #6661, .T. ) ;
#3693 = LINE ( 'NONE', #7825, #3718 ) ;
#3694 = EDGE_LOOP ( 'NONE', ( #7168, #3367, #2993, #2814 ) ) ;
#3695 = PLANE ( 'NONE',  #1677 ) ;
#3696 = DIRECTION ( 'NONE',  ( -1.000000000000000000, -2.010970006868209845E-16, 6.123233995736769734E-17 ) ) ;
#3697 = CARTESIAN_POINT ( 'NONE',  ( 491.5999999999999659, 360.0000000000000000, 0.000000000000000000 ) ) ;
#3698 = EDGE_CURVE ( 'NONE', #1715, #7689, #9553, .T. ) ;
#3699 = ADVANCED_FACE ( 'NONE', ( #1461 ), #7136, .F. ) ;
#3700 = ADVANCED_FACE ( 'NONE', ( #8556 ), #10341, .F. ) ;
#3701 = DIRECTION ( 'NONE',  ( 1.000000000000000000, 0.000000000000000000, 0.000000000000000000 ) ) ;
#3702 = DIRECTION ( 'NONE',  ( -1.000000000000000000, -2.786442101020000197E-16, 0.000000000000000000 ) ) ;
#3703 = AXIS2_PLACEMENT_3D ( 'NONE', #2472, #8668, #684 ) ;
#3704 = CARTESIAN_POINT ( 'NONE',  ( 507.8426954605292849, 170.0000000000001421, 6.178779621922867449 ) ) ;
#3705 = DIRECTION ( 'NONE',  ( 0.000000000000000000, 0.000000000000000000, -1.000000000000000000 ) ) ;
#3706 = EDGE_CURVE ( 'NONE', #5715, #3094, #1302, .T. ) ;
#3707 = EDGE_LOOP ( 'NONE', ( #2224, #8614, #8629, #104 ) ) ;
#3708 = FACE_OUTER_BOUND ( 'NONE', #7851, .T. ) ;
#3709 = ORIENTED_EDGE ( 'NONE', *, *, #6079, .T. ) ;
#3710 = PLANE ( 'NONE',  #8747 ) ;
#3711 = VECTOR ( 'NONE', #7158, 1000.000000000000000 ) ;
#3712 = ADVANCED_FACE ( 'NONE', ( #4534 ), #2146, .F. ) ;
#3713 = ORIENTED_EDGE ( 'NONE', *, *, #6103, .F. ) ;
#3714 = PLANE ( 'NONE',  #3975 ) ;
#3715 = PLANE ( 'NONE',  #10453 ) ;
#3716 = CARTESIAN_POINT ( 'NONE',  ( 503.1999999999999886, 500.0000000000000000, 12.00000000000000000 ) ) ;
#3717 = ORIENTED_EDGE ( 'NONE', *, *, #4355, .T. ) ;
#3718 = VECTOR ( 'NONE', #6927, 1000.000000000000000 ) ;
#3719 = ORIENTED_EDGE ( 'NONE', *, *, #406, .F. ) ;
#3720 = ORIENTED_EDGE ( 'NONE', *, *, #6089, .F. ) ;
#3721 = VECTOR ( 'NONE', #928, 1000.000000000000114 ) ;
#3722 = CARTESIAN_POINT ( 'NONE',  ( 503.0469557444540101, 167.0000000000000853, 4.222584651735478367 ) ) ;
#3723 = DIRECTION ( 'NONE',  ( 0.000000000000000000, 1.000000000000000000, 0.000000000000000000 ) ) ;
#3724 = CARTESIAN_POINT ( 'NONE',  ( 379.3270842241334435, 10.06587492801708272, 3.900000000000000355 ) ) ;
#3725 = DIRECTION ( 'NONE',  ( -1.860521002879739963E-33, 1.000000000000000000, 0.000000000000000000 ) ) ;
#3726 = B_SPLINE_CURVE_WITH_KNOTS ( 'NONE', 3,
 ( #2941, #4646, #6181, #7884 ),
 .UNSPECIFIED., .F., .F.,
 ( 4, 4 ),
 ( 0.000000000000000000, 0.0004817942607452758638 ),
 .UNSPECIFIED. ) ;
#3727 = CIRCLE ( 'NONE', #10316, 3.200000000000008171 ) ;
#3728 = CARTESIAN_POINT ( 'NONE',  ( 0.000000000000000000, 435.0000000000000000, 10.00000000000189893 ) ) ;
#3729 = ORIENTED_EDGE ( 'NONE', *, *, #6620, .T. ) ;
#3730 = ORIENTED_EDGE ( 'NONE', *, *, #8170, .T. ) ;
#3731 = VERTEX_POINT ( 'NONE', #9449 ) ;
#3732 = DIRECTION ( 'NONE',  ( 1.340646671245470025E-16, -1.000000000000000000, 0.000000000000000000 ) ) ;
#3733 =( NAMED_UNIT ( * ) SI_UNIT ( $, .STERADIAN. ) SOLID_ANGLE_UNIT ( ) );
#3734 = AXIS2_PLACEMENT_3D ( 'NONE', #6331, #9501, #3688 ) ;
#3735 = DIRECTION ( 'NONE',  ( 1.000000000000000000, 0.000000000000000000, 0.000000000000000000 ) ) ;
#3736 = LINE ( 'NONE', #6221, #5179 ) ;
#3737 = DIRECTION ( 'NONE',  ( 0.000000000000000000, 0.000000000000000000, -1.000000000000000000 ) ) ;
#3738 = CARTESIAN_POINT ( 'NONE',  ( 8.250000000000000000, 350.0000000000000000, 4.000000000000000000 ) ) ;
#3739 = CYLINDRICAL_SURFACE ( 'NONE', #3233, 12.92922760661763348 ) ;
#3740 = ORIENTED_EDGE ( 'NONE', *, *, #1875, .F. ) ;
#3741 = FACE_OUTER_BOUND ( 'NONE', #2492, .T. ) ;
#3742 = ORIENTED_EDGE ( 'NONE', *, *, #6576, .F. ) ;
#3743 = ORIENTED_EDGE ( 'NONE', *, *, #5904, .T. ) ;
#3744 = ORIENTED_EDGE ( 'NONE', *, *, #7781, .F. ) ;
#3745 = ADVANCED_FACE ( 'NONE', ( #5382 ), #2881, .F. ) ;
#3746 = DIRECTION ( 'NONE',  ( 0.000000000000000000, 0.000000000000000000, -1.000000000000000000 ) ) ;
#3747 = VERTEX_POINT ( 'NONE', #6169 ) ;
#3748 = CARTESIAN_POINT ( 'NONE',  ( 510.0000000000000000, 360.0000000000000000, 0.000000000000000000 ) ) ;
#3749 = DIRECTION ( 'NONE',  ( 1.000000000000000000, 0.000000000000000000, 0.000000000000000000 ) ) ;
#3750 = DIRECTION ( 'NONE',  ( 0.000000000000000000, 0.000000000000000000, 1.000000000000000000 ) ) ;
#3751 = ADVANCED_FACE ( 'NONE', ( #1352 ), #4695, .F. ) ;
#3752 = DIRECTION ( 'NONE',  ( 1.000000000000000000, 0.000000000000000000, 0.000000000000000000 ) ) ;
#3753 = CARTESIAN_POINT ( 'NONE',  ( 10.00000000000000000, 350.0000000000000000, 10.00000000000000000 ) ) ;
#3754 = ORIENTED_EDGE ( 'NONE', *, *, #6484, .T. ) ;
#3755 = DIRECTION ( 'NONE',  ( 0.000000000000000000, 0.000000000000000000, 1.000000000000000000 ) ) ;
#3756 = DIRECTION ( 'NONE',  ( -1.492928237510310014E-32, 6.123233995736769734E-17, 1.000000000000000000 ) ) ;
#3757 = VERTEX_POINT ( 'NONE', #566 ) ;
#3758 = AXIS2_PLACEMENT_3D ( 'NONE', #2919, #9381, #8594 ) ;
#3759 = CARTESIAN_POINT ( 'NONE',  ( 170.0000000000000000, 265.0000000000000000, 20.00000000000000000 ) ) ;
#3760 = VERTEX_POINT ( 'NONE', #6117 ) ;
#3761 = DIRECTION ( 'NONE',  ( -0.5986677230839642094, -0.8009974764863256880, 0.000000000000000000 ) ) ;
#3762 = CARTESIAN_POINT ( 'NONE',  ( 376.2165816590305667, 6.481468999400084918, 9.900000000000009237 ) ) ;
#3763 = ADVANCED_FACE ( 'NONE', ( #1513 ), #8658, .T. ) ;
#3764 = ORIENTED_EDGE ( 'NONE', *, *, #10352, .F. ) ;
#3765 = DIRECTION ( 'NONE',  ( 0.000000000000000000, -1.000000000000000000, 0.000000000000000000 ) ) ;
#3766 = FACE_OUTER_BOUND ( 'NONE', #3851, .T. ) ;
#3767 = CARTESIAN_POINT ( 'NONE',  ( 0.000000000000000000, 465.6999999999999886, 12.99999999999960032 ) ) ;
#3768 = VERTEX_POINT ( 'NONE', #5485 ) ;
#3769 = ADVANCED_FACE ( 'NONE', ( #7083 ), #10236, .F. ) ;
#3770 = VECTOR ( 'NONE', #3905, 1000.000000000000000 ) ;
#3771 = ORIENTED_EDGE ( 'NONE', *, *, #9920, .T. ) ;
#3772 = ADVANCED_FACE ( 'NONE', ( #5330 ), #9397, .T. ) ;
#3773 = EDGE_CURVE ( 'NONE', #9603, #9615, #516, .T. ) ;
#3774 = EDGE_LOOP ( 'NONE', ( #1059, #3499 ) ) ;
#3775 = LINE ( 'NONE', #6052, #289 ) ;
#3776 = ADVANCED_FACE ( 'NONE', ( #1403 ), #3739, .F. ) ;
#3777 = DIRECTION ( 'NONE',  ( 0.000000000000000000, 0.000000000000000000, 1.000000000000000000 ) ) ;
#3778 = CARTESIAN_POINT ( 'NONE',  ( 508.8508361943100340, 20.80215158257098196, 3.899999999999999911 ) ) ;
#3779 = DIRECTION ( 'NONE',  ( 0.000000000000000000, -1.000000000000000000, 0.000000000000000000 ) ) ;
#3780 = DIRECTION ( 'NONE',  ( -1.000000000000000000, 0.000000000000000000, 0.000000000000000000 ) ) ;
#3781 = ORIENTED_EDGE ( 'NONE', *, *, #2013, .T. ) ;
#3782 = ORIENTED_EDGE ( 'NONE', *, *, #4280, .F. ) ;
#3783 = VERTEX_POINT ( 'NONE', #3039 ) ;
#3784 = DIRECTION ( 'NONE',  ( -1.000000000000000000, 0.000000000000000000, 0.000000000000000000 ) ) ;
#3785 = CARTESIAN_POINT ( 'NONE',  ( 504.9999999999998863, 319.9999999999999432, 6.738058857188956807 ) ) ;
#3786 = CARTESIAN_POINT ( 'NONE',  ( 379.3270842241333867, 0.06587492801713584756, 0.000000000000000000 ) ) ;
#3787 = CARTESIAN_POINT ( 'NONE',  ( -1.408414399179840074E-31, 75.69999999999309637, 6.500000000027220004 ) ) ;
#3788 = DIRECTION ( 'NONE',  ( 0.000000000000000000, -0.3746065934159000799, 0.9271838545667920872 ) ) ;
#3789 = DIRECTION ( 'NONE',  ( -1.000000000000000000, -1.340646671245470025E-16, 6.123233995736769734E-17 ) ) ;
#3790 = VECTOR ( 'NONE', #9541, 1000.000000000000000 ) ;
#3791 = ORIENTED_EDGE ( 'NONE', *, *, #1060, .T. ) ;
#3792 = CARTESIAN_POINT ( 'NONE',  ( 498.5641759430124011, 517.4133275873676894, 3.900000000000000355 ) ) ;
#3793 = ORIENTED_EDGE ( 'NONE', *, *, #9695, .T. ) ;
#3794 = EDGE_LOOP ( 'NONE', ( #2483, #3386, #3096, #5316 ) ) ;
#3795 = ORIENTED_EDGE ( 'NONE', *, *, #4981, .F. ) ;
#3796 = VECTOR ( 'NONE', #8699, 1000.000000000000000 ) ;
#3797 = CARTESIAN_POINT ( 'NONE',  ( 500.0000000000000000, 160.0000000000000000, 4.000000000000000000 ) ) ;
#3798 = LINE ( 'NONE', #1468, #1206 ) ;
#3799 = CARTESIAN_POINT ( 'NONE',  ( 170.0000000000000000, 18.19999999999999929, 15.65441558772840125 ) ) ;
#3800 = DIRECTION ( 'NONE',  ( 0.000000000000000000, 0.3746065934159150679, -0.9271838545667862030 ) ) ;
#3801 = DIRECTION ( 'NONE',  ( -6.123233995736769734E-17, 0.000000000000000000, -1.000000000000000000 ) ) ;
#3802 = VECTOR ( 'NONE', #4510, 1000.000000000000000 ) ;
#3803 = LINE ( 'NONE', #7040, #3296 ) ;
#3804 = AXIS2_PLACEMENT_3D ( 'NONE', #8288, #1921, #9964 ) ;
#3805 = CIRCLE ( 'NONE', #2101, 1.750000000000029310 ) ;
#3806 = CARTESIAN_POINT ( 'NONE',  ( 20.00000000000000000, 510.0000000000000000, 0.000000000000000000 ) ) ;
#3807 = CARTESIAN_POINT ( 'NONE',  ( 506.5505573857569175, 170.0000000000002558, 6.839757867204138364 ) ) ;
#3808 = LINE ( 'NONE', #7676, #3437 ) ;
#3809 = ORIENTED_EDGE ( 'NONE', *, *, #4885, .T. ) ;
#3810 = ADVANCED_FACE ( 'NONE', ( #674 ), #3902, .T. ) ;
#3811 = LINE ( 'NONE', #1423, #6593 ) ;
#3812 = ORIENTED_EDGE ( 'NONE', *, *, #8558, .T. ) ;
#3813 = AXIS2_PLACEMENT_3D ( 'NONE', #9461, #3749, #7778 ) ;
#3814 = B_SPLINE_CURVE_WITH_KNOTS ( 'NONE', 3,
 ( #6070, #2883, #6229, #7617, #2933, #9347, #9451, #2202, #5283, #4536 ),
 .UNSPECIFIED., .F., .F.,
 ( 4, 2, 2, 2, 4 ),
 ( 0.000000000000000000, 0.0003727061576385073288, 0.0007454123152770146575, 0.001118118472915522041, 0.001490824630554029315 ),
 .UNSPECIFIED. ) ;
#3815 = AXIS2_PLACEMENT_3D ( 'NONE', #6968, #5281, #8555 ) ;
#3816 = CARTESIAN_POINT ( 'NONE',  ( 13.19999999999999929, 350.0000000000000000, 20.00000000000000000 ) ) ;
#3817 = DIRECTION ( 'NONE',  ( 0.000000000000000000, 0.000000000000000000, -1.000000000000000000 ) ) ;
#3818 = AXIS2_PLACEMENT_3D ( 'NONE', #2589, #2643, #2740 ) ;
#3819 = ORIENTED_EDGE ( 'NONE', *, *, #874, .F. ) ;
#3820 = ADVANCED_FACE ( 'NONE', ( #934 ), #4858, .F. ) ;
#3821 = DIRECTION ( 'NONE',  ( 1.000000000000000000, 0.000000000000000000, 0.000000000000000000 ) ) ;
#3822 = DIRECTION ( 'NONE',  ( 1.000000000000000000, 0.000000000000000000, 0.000000000000000000 ) ) ;
#3823 = AXIS2_PLACEMENT_3D ( 'NONE', #10285, #9392, #7132 ) ;
#3824 = CARTESIAN_POINT ( 'NONE',  ( 498.2500000000000000, 350.0000000000000000, 10.00000000000000000 ) ) ;
#3825 = EDGE_LOOP ( 'NONE', ( #6122, #8851 ) ) ;
#3826 = VERTEX_POINT ( 'NONE', #7983 ) ;
#3827 = DIRECTION ( 'NONE',  ( 1.860521002879739963E-33, -1.000000000000000000, 0.000000000000000000 ) ) ;
#3828 = ORIENTED_EDGE ( 'NONE', *, *, #4878, .T. ) ;
#3830 = EDGE_CURVE ( 'NONE', #4590, #4924, #3308, .T. ) ;
#3829 = EDGE_LOOP ( 'NONE', ( #5363, #7070 ) ) ;
#3831 = PLANE ( 'NONE',  #10410 ) ;
#3832 = AXIS2_PLACEMENT_3D ( 'NONE', #6587, #3401, #8327 ) ;
#3833 = CARTESIAN_POINT ( 'NONE',  ( 340.0000000000000000, 18.19999999999999929, -1.213401458608029935E-14 ) ) ;
#3834 = ADVANCED_FACE ( 'NONE', ( #1721 ), #4068, .F. ) ;
#3835 = EDGE_CURVE ( 'NONE', #3731, #10156, #9029, .T. ) ;
#3836 = SURFACE_SIDE_STYLE ('',( #10274 ) ) ;
#3837 = CARTESIAN_POINT ( 'NONE',  ( 503.0848070195592641, 499.1471583976017428, 4.467520984445554788 ) ) ;
#3838 = CIRCLE ( 'NONE', #5531, 12.92922760661711479 ) ;
#3839 = CARTESIAN_POINT ( 'NONE',  ( 10.00000000000000000, 180.0000000000000000, 20.00000000000000000 ) ) ;
#3840 = ORIENTED_EDGE ( 'NONE', *, *, #2979, .T. ) ;
#3841 = EDGE_LOOP ( 'NONE', ( #6572, #5375 ) ) ;
#3842 = ORIENTED_EDGE ( 'NONE', *, *, #3174, .T. ) ;
#3843 = EDGE_CURVE ( 'NONE', #7959, #10242, #8980, .T. ) ;
#3844 = DIRECTION ( 'NONE',  ( 0.9901482220209214535, -0.1400232067509100398, 0.000000000000000000 ) ) ;
#3845 = CARTESIAN_POINT ( 'NONE',  ( 18.39999999999999858, 364.0000000000000000, -1.336473192149119894E-14 ) ) ;
#3846 = PLANE ( 'NONE',  #8059 ) ;
#3847 = CARTESIAN_POINT ( 'NONE',  ( 352.6216600295172725, 530.0000000000000000, 3.900000000000000355 ) ) ;
#3848 = LINE ( 'NONE', #3038, #2621 ) ;
#3849 = DIRECTION ( 'NONE',  ( 1.000000000000000000, 0.000000000000000000, 0.000000000000000000 ) ) ;
#3850 = VECTOR ( 'NONE', #10202, 1000.000000000000000 ) ;
#3851 = EDGE_LOOP ( 'NONE', ( #8641, #7862, #5254, #2069 ) ) ;
#3852 = LINE ( 'NONE', #10292, #3266 ) ;
#3853 = ORIENTED_EDGE ( 'NONE', *, *, #5651, .F. ) ;
#3854 = AXIS2_PLACEMENT_3D ( 'NONE', #7933, #9668, #9714 ) ;
#3855 = ORIENTED_EDGE ( 'NONE', *, *, #10335, .T. ) ;
#3856 = ORIENTED_EDGE ( 'NONE', *, *, #2024, .T. ) ;
#3857 = CARTESIAN_POINT ( 'NONE',  ( 508.8508361943101477, 20.80215158257103880, 3.900000000000000799 ) ) ;
#3858 = DIRECTION ( 'NONE',  ( 6.123233995736769734E-17, 7.588638549471020099E-33, 1.000000000000000000 ) ) ;
#3859 = FACE_OUTER_BOUND ( 'NONE', #4808, .T. ) ;
#3860 = DIRECTION ( 'NONE',  ( 0.000000000000000000, 5.010031699572010192E-16, -1.000000000000000000 ) ) ;
#3861 = DIRECTION ( 'NONE',  ( 1.000000000000000000, 0.000000000000000000, 0.000000000000000000 ) ) ;
#3862 = CARTESIAN_POINT ( 'NONE',  ( 503.0516806140059316, 350.9646969780305312, 4.245777376549250803 ) ) ;
#3863 = LINE ( 'NONE', #7097, #10004 ) ;
#3864 = ORIENTED_EDGE ( 'NONE', *, *, #8363, .T. ) ;
#3865 = CARTESIAN_POINT ( 'NONE',  ( 170.0000000000000000, 265.0000000000000000, 10.00000000000000000 ) ) ;
#3866 = CIRCLE ( 'NONE', #7081, 1.749999999999999778 ) ;
#3867 = ORIENTED_EDGE ( 'NONE', *, *, #8660, .F. ) ;
#3868 = DIRECTION ( 'NONE',  ( 0.000000000000000000, 0.000000000000000000, -1.000000000000000000 ) ) ;
#3869 = VERTEX_POINT ( 'NONE', #2363 ) ;
#3870 = LINE ( 'NONE', #6304, #4484 ) ;
#3871 = DIRECTION ( 'NONE',  ( 0.000000000000000000, -1.000000000000000000, 0.000000000000000000 ) ) ;
#3872 = ORIENTED_EDGE ( 'NONE', *, *, #9394, .F. ) ;
#3873 = VECTOR ( 'NONE', #8940, 1000.000000000000000 ) ;
#3874 = DIRECTION ( 'NONE',  ( 1.000000000000000000, 1.933482610835809801E-33, 0.000000000000000000 ) ) ;
#3875 = DIRECTION ( 'NONE',  ( -1.000000000000000000, 0.000000000000000000, 0.000000000000000000 ) ) ;
#3876 = EDGE_CURVE ( 'NONE', #1558, #4339, #8875, .T. ) ;
#3877 = DIRECTION ( 'NONE',  ( 0.000000000000000000, 0.000000000000000000, -1.000000000000000000 ) ) ;
#3878 = ORIENTED_EDGE ( 'NONE', *, *, #7525, .T. ) ;
#3879 = EDGE_LOOP ( 'NONE', ( #4914, #8935 ) ) ;
#3880 = DIRECTION ( 'NONE',  ( 0.000000000000000000, 1.000000000000000000, 0.000000000000000000 ) ) ;
#3881 = ORIENTED_EDGE ( 'NONE', *, *, #8930, .T. ) ;
#3882 = ORIENTED_EDGE ( 'NONE', *, *, #854, .T. ) ;
#3883 = CIRCLE ( 'NONE', #672, 2.900000000000010125 ) ;
#3884 = EDGE_CURVE ( 'NONE', #2565, #6500, #7396, .T. ) ;
#3885 = FACE_OUTER_BOUND ( 'NONE', #91, .T. ) ;
#3886 = PLANE ( 'NONE',  #8375 ) ;
#3887 = EDGE_CURVE ( 'NONE', #2909, #4018, #7631, .T. ) ;
#3888 = CARTESIAN_POINT ( 'NONE',  ( 353.1999999999999318, 10.00000000000000000, 20.00000000000000000 ) ) ;
#3889 = DIRECTION ( 'NONE',  ( 0.000000000000000000, -1.000000000000000000, 0.000000000000000000 ) ) ;
#3890 = ADVANCED_FACE ( 'NONE', ( #7247 ), #7188, .T. ) ;
#3891 = VECTOR ( 'NONE', #2995, 1000.000000000000114 ) ;
#3892 = FACE_OUTER_BOUND ( 'NONE', #7387, .T. ) ;
#3893 = ORIENTED_EDGE ( 'NONE', *, *, #7003, .F. ) ;
#3894 = ORIENTED_EDGE ( 'NONE', *, *, #4733, .F. ) ;
#3895 = EDGE_CURVE ( 'NONE', #5945, #6069, #2386, .T. ) ;
#3896 = CARTESIAN_POINT ( 'NONE',  ( 160.0000000000000000, 10.00000000000000000, 0.000000000000000000 ) ) ;
#3897 = CARTESIAN_POINT ( 'NONE',  ( 503.0861466292987529, 512.2068833318884344, 0.000000000000000000 ) ) ;
#3898 = VECTOR ( 'NONE', #2207, 1000.000000000000000 ) ;
#3899 = CARTESIAN_POINT ( 'NONE',  ( 176.7999999999999829, 520.0000000000000000, 20.00000000000000000 ) ) ;
#3900 = DIRECTION ( 'NONE',  ( 1.000000000000000000, 0.000000000000000000, 0.000000000000000000 ) ) ;
#3901 = FACE_OUTER_BOUND ( 'NONE', #3210, .T. ) ;
#3902 = PLANE ( 'NONE',  #7801 ) ;
#3903 = EDGE_CURVE ( 'NONE', #9167, #9452, #10452, .T. ) ;
#3904 = EDGE_LOOP ( 'NONE', ( #2417, #3781, #7874, #6075 ) ) ;
#3905 = DIRECTION ( 'NONE',  ( 0.000000000000000000, 0.000000000000000000, 1.000000000000000000 ) ) ;
#3906 = ORIENTED_EDGE ( 'NONE', *, *, #4746, .T. ) ;
#3907 = ORIENTED_EDGE ( 'NONE', *, *, #8304, .T. ) ;
#3908 = EDGE_CURVE ( 'NONE', #9670, #7606, #4253, .T. ) ;
#3909 = CIRCLE ( 'NONE', #7624, 3.199999999999999734 ) ;
#3910 = VERTEX_POINT ( 'NONE', #3208 ) ;
#3911 = EDGE_CURVE ( 'NONE', #817, #4469, #886, .T. ) ;
#3912 = CARTESIAN_POINT ( 'NONE',  ( 508.8508361943101477, 170.0000000000000853, 3.900000000000000799 ) ) ;
#3913 = DIRECTION ( 'NONE',  ( 0.000000000000000000, -4.809630431589130061E-16, 1.000000000000000000 ) ) ;
#3914 = LINE ( 'NONE', #4705, #498 ) ;
#3915 = PLANE ( 'NONE',  #3990 ) ;
#3916 = DIRECTION ( 'NONE',  ( -1.340646671245470025E-16, 1.000000000000000000, 0.000000000000000000 ) ) ;
#3917 = VECTOR ( 'NONE', #10351, 1000.000000000000000 ) ;
#3918 = CARTESIAN_POINT ( 'NONE',  ( 170.0000000000000000, 451.4843145750510303, 76.25294372515230634 ) ) ;
#3919 = ADVANCED_FACE ( 'NONE', ( #41 ), #6499, .F. ) ;
#3920 = CYLINDRICAL_SURFACE ( 'NONE', #5846, 3.199999999999980638 ) ;
#3921 = ORIENTED_EDGE ( 'NONE', *, *, #1743, .T. ) ;
#3922 = LINE ( 'NONE', #7100, #5835 ) ;
#3923 = DIRECTION ( 'NONE',  ( 0.000000000000000000, -6.123233995736769734E-17, -1.000000000000000000 ) ) ;
#3924 = EDGE_LOOP ( 'NONE', ( #2862, #1121, #4017 ) ) ;
#3925 = CARTESIAN_POINT ( 'NONE',  ( 503.0000000000000000, 294.2000000000000455, 13.00000000000000000 ) ) ;
#3926 = ORIENTED_EDGE ( 'NONE', *, *, #2889, .F. ) ;
#3927 = CARTESIAN_POINT ( 'NONE',  ( 333.1999999999999886, 520.0000000000000000, 4.000000000000000000 ) ) ;
#3928 = DIRECTION ( 'NONE',  ( 1.000000000000000000, 0.000000000000000000, 0.000000000000000000 ) ) ;
#3929 = ORIENTED_EDGE ( 'NONE', *, *, #210, .F. ) ;
#3930 = DIRECTION ( 'NONE',  ( -1.860521002879739963E-33, 1.000000000000000000, 5.010031699572010192E-16 ) ) ;
#3931 = FACE_OUTER_BOUND ( 'NONE', #771, .T. ) ;
#3932 = CARTESIAN_POINT ( 'NONE',  ( 504.9037686471087341, 170.0000000000001705, 6.708091246742385216 ) ) ;
#3933 = ORIENTED_EDGE ( 'NONE', *, *, #158, .T. ) ;
#3934 = ORIENTED_EDGE ( 'NONE', *, *, #1496, .F. ) ;
#3935 = DIRECTION ( 'NONE',  ( 0.000000000000000000, 0.000000000000000000, -1.000000000000000000 ) ) ;
#3936 = VECTOR ( 'NONE', #6326, 1000.000000000000000 ) ;
#3937 = ORIENTED_EDGE ( 'NONE', *, *, #1445, .F. ) ;
#3938 = EDGE_LOOP ( 'NONE', ( #88, #4817, #6324, #5649 ) ) ;
#3939 = CARTESIAN_POINT ( 'NONE',  ( 378.5908075695795105, 12.97412125320329679, 3.900000000000000355 ) ) ;
#3940 = CARTESIAN_POINT ( 'NONE',  ( 490.0000000000000000, 340.0000000000000000, 20.00000000000000000 ) ) ;
#3941 = CARTESIAN_POINT ( 'NONE',  ( 340.0000000000000000, 265.0000000000000000, 0.000000000000000000 ) ) ;
#3942 = CARTESIAN_POINT ( 'NONE',  ( 503.5487095761697560, 523.6611211163190092, 9.900000000000009237 ) ) ;
#3943 = CARTESIAN_POINT ( 'NONE',  ( 255.0000000000000000, 360.0000000000000000, 20.00000000000000000 ) ) ;
#3944 = ADVANCED_FACE ( 'NONE', ( #8140 ), #5697, .F. ) ;
#3945 =( GEOMETRIC_REPRESENTATION_CONTEXT ( 3 ) GLOBAL_UNCERTAINTY_ASSIGNED_CONTEXT ( ( #1113 ) ) GLOBAL_UNIT_ASSIGNED_CONTEXT ( ( #2721, #9189, #2177 ) ) REPRESENTATION_CONTEXT ( 'NONE', 'WORKASPACE' ) );
#3946 = DIRECTION ( 'NONE',  ( -1.000000000000000000, 0.000000000000000000, 0.000000000000000000 ) ) ;
#3947 = ORIENTED_EDGE ( 'NONE', *, *, #2731, .T. ) ;
#3948 = ORIENTED_EDGE ( 'NONE', *, *, #4014, .F. ) ;
#3949 = EDGE_CURVE ( 'NONE', #5471, #9717, #87, .T. ) ;
#3950 = CARTESIAN_POINT ( 'NONE',  ( 350.0707572047410281, -9.725217186426116101, -9.146565213191545956E-17 ) ) ;
#3951 = FACE_OUTER_BOUND ( 'NONE', #2133, .T. ) ;
#3952 = VECTOR ( 'NONE', #8272, 1000.000000000000000 ) ;
#3953 = CARTESIAN_POINT ( 'NONE',  ( 490.0000000000000000, 170.0000000000000000, 0.000000000000000000 ) ) ;
#3954 = DIRECTION ( 'NONE',  ( 0.000000000000000000, 1.000000000000000000, 0.000000000000000000 ) ) ;
#3955 = CARTESIAN_POINT ( 'NONE',  ( 18.39999999999999858, 166.0000000000000000, -1.282784235921779962E-15 ) ) ;
#3956 = CARTESIAN_POINT ( 'NONE',  ( 255.0000000000000000, 170.0000000000000000, 10.00000000000000000 ) ) ;
#3957 = EDGE_CURVE ( 'NONE', #6677, #6839, #4410, .T. ) ;
#3958 = ORIENTED_EDGE ( 'NONE', *, *, #3327, .T. ) ;
#3959 = DIRECTION ( 'NONE',  ( 1.000000000000000000, 0.000000000000000000, 0.000000000000000000 ) ) ;
#3960 = VERTEX_POINT ( 'NONE', #6113 ) ;
#3961 = VERTEX_POINT ( 'NONE', #3683 ) ;
#3962 = VERTEX_POINT ( 'NONE', #5378 ) ;
#3963 = FACE_OUTER_BOUND ( 'NONE', #5195, .T. ) ;
#3964 = DIRECTION ( 'NONE',  ( 0.000000000000000000, 0.000000000000000000, -1.000000000000000000 ) ) ;
#3965 = EDGE_CURVE ( 'NONE', #9670, #4758, #1935, .T. ) ;
#3966 = DIRECTION ( 'NONE',  ( 1.000000000000000000, 0.000000000000000000, 0.000000000000000000 ) ) ;
#3967 = DIRECTION ( 'NONE',  ( 0.000000000000000000, 0.000000000000000000, -1.000000000000000000 ) ) ;
#3968 = DIRECTION ( 'NONE',  ( -1.000000000000000000, -1.340646671245470025E-16, 6.123233995736769734E-17 ) ) ;
#3969 = CARTESIAN_POINT ( 'NONE',  ( 181.7500000000000000, 10.00000000000000000, 0.000000000000000000 ) ) ;
#3970 = ADVANCED_FACE ( 'NONE', ( #7658 ), #6867, .F. ) ;
#3971 = ADVANCED_FACE ( 'NONE', ( #6917, #2727 ), #2773, .F. ) ;
#3972 = CARTESIAN_POINT ( 'NONE',  ( 508.8508361943101477, 20.80215158257103880, 3.900000000000000799 ) ) ;
#3973 = ORIENTED_EDGE ( 'NONE', *, *, #1671, .T. ) ;
#3974 = DIRECTION ( 'NONE',  ( -1.000000000000000000, -2.010970006868209845E-16, 6.123233995736769734E-17 ) ) ;
#3975 = AXIS2_PLACEMENT_3D ( 'NONE', #9273, #9424, #5206 ) ;
#3976 = SURFACE_SIDE_STYLE ('',( #4821 ) ) ;
#3977 = ORIENTED_EDGE ( 'NONE', *, *, #5904, .F. ) ;
#3978 = CARTESIAN_POINT ( 'NONE',  ( 350.0000000000000000, 10.00000000000000000, 4.000000000000000000 ) ) ;
#3979 = VERTEX_POINT ( 'NONE', #7611 ) ;
#3980 = ADVANCED_FACE ( 'NONE', ( #5964 ), #10128, .F. ) ;
#3981 = CARTESIAN_POINT ( 'NONE',  ( 361.2058018420590884, 524.0258642487769976, 3.900000000000000355 ) ) ;
#3982 = LINE ( 'NONE', #9161, #8412 ) ;
#3983 = CIRCLE ( 'NONE', #5669, 2.350000000000004974 ) ;
#3984 = CARTESIAN_POINT ( 'NONE',  ( 340.0000000000000000, 18.39999999999999858, -1.192264418634209936E-14 ) ) ;
#3985 = DIRECTION ( 'NONE',  ( 6.123233995736769734E-17, 7.588638549471020099E-33, 1.000000000000000000 ) ) ;
#3986 = CARTESIAN_POINT ( 'NONE',  ( 503.7389686161973827, 170.0000000000001421, 5.890327045563871877 ) ) ;
#3987 = EDGE_LOOP ( 'NONE', ( #2825, #1359, #199, #8854 ) ) ;
#3988 = ORIENTED_EDGE ( 'NONE', *, *, #4820, .F. ) ;
#3989 = CARTESIAN_POINT ( 'NONE',  ( 360.8102209119822987, -1.301042602427845516E-15, 6.899963358573454997 ) ) ;
#3990 = AXIS2_PLACEMENT_3D ( 'NONE', #7995, #3696, #7828 ) ;
#3991 = ORIENTED_EDGE ( 'NONE', *, *, #3511, .T. ) ;
#3992 = CIRCLE ( 'NONE', #5170, 3.199999999999980638 ) ;
#3993 = ORIENTED_EDGE ( 'NONE', *, *, #8353, .T. ) ;
#3994 = CIRCLE ( 'NONE', #6698, 3.199999999999980638 ) ;
#3995 = CARTESIAN_POINT ( 'NONE',  ( 368.2389550140384245, 523.2298202377398866, 9.900000000000009237 ) ) ;
#3996 = CARTESIAN_POINT ( 'NONE',  ( 508.8508361943101477, 512.9431599864420832, 3.900000000000000799 ) ) ;
#3997 = DIRECTION ( 'NONE',  ( 0.000000000000000000, 1.000000000000000000, -7.588638549471020099E-33 ) ) ;
#3998 = AXIS2_PLACEMENT_3D ( 'NONE', #9565, #2097, #3800 ) ;
#3999 = FACE_OUTER_BOUND ( 'NONE', #7025, .T. ) ;
#4000 = LINE ( 'NONE', #2400, #9760 ) ;
#4001 = CARTESIAN_POINT ( 'NONE',  ( 255.0000000000000000, 170.0000000000000000, 0.000000000000000000 ) ) ;
#4002 = EDGE_LOOP ( 'NONE', ( #382, #9314, #1268, #6110 ) ) ;
#4003 = ORIENTED_EDGE ( 'NONE', *, *, #10276, .T. ) ;
#4004 = CIRCLE ( 'NONE', #1454, 3.199999999999999734 ) ;
#4006 = DIRECTION ( 'NONE',  ( 1.000000000000000000, 0.000000000000000000, 0.000000000000000000 ) ) ;
#4005 = AXIS2_PLACEMENT_3D ( 'NONE', #8438, #7691, #2181 ) ;
#4007 = CARTESIAN_POINT ( 'NONE',  ( 6.799999999999999822, 160.0000000000000000, 20.00000000000000000 ) ) ;
#4008 = DIRECTION ( 'NONE',  ( 0.000000000000000000, -1.000000000000000000, 0.000000000000000000 ) ) ;
#4009 = CIRCLE ( 'NONE', #5353, 1.750000000000029310 ) ;
#4010 = DIRECTION ( 'NONE',  ( 0.000000000000000000, 0.000000000000000000, 1.000000000000000000 ) ) ;
#4011 = VECTOR ( 'NONE', #6392, 1000.000000000000000 ) ;
#4012 = CARTESIAN_POINT ( 'NONE',  ( 500.0000000000000000, 30.00000000000000000, 12.00000000000000000 ) ) ;
#4013 = DIRECTION ( 'NONE',  ( 0.000000000000000000, 0.000000000000000000, -1.000000000000000000 ) ) ;
#4014 = EDGE_CURVE ( 'NONE', #9900, #3608, #2877, .T. ) ;
#4015 = ORIENTED_EDGE ( 'NONE', *, *, #3572, .T. ) ;
#4016 = CARTESIAN_POINT ( 'NONE',  ( 504.7083331342643078, 340.0000000000000000, 6.634980236631203177 ) ) ;
#4017 = ORIENTED_EDGE ( 'NONE', *, *, #1743, .F. ) ;
#4018 = VERTEX_POINT ( 'NONE', #3579 ) ;
#4019 = VECTOR ( 'NONE', #9233, 1000.000000000000000 ) ;
#4020 = ORIENTED_EDGE ( 'NONE', *, *, #3188, .F. ) ;
#4021 = CARTESIAN_POINT ( 'NONE',  ( 178.2500000000000000, 520.0000000000000000, 10.00000000000000000 ) ) ;
#4022 = FACE_OUTER_BOUND ( 'NONE', #9520, .T. ) ;
#4023 = DIRECTION ( 'NONE',  ( 1.000000000000000000, 0.000000000000000000, 0.000000000000000000 ) ) ;
#4024 = EDGE_CURVE ( 'NONE', #4069, #525, #2378, .T. ) ;
#4025 = DIRECTION ( 'NONE',  ( 1.000000000000000000, 0.000000000000000000, 0.000000000000000000 ) ) ;
#4026 = CARTESIAN_POINT ( 'NONE',  ( 10.00000000000000000, 350.0000000000000000, 20.00000000000000000 ) ) ;
#4027 = VECTOR ( 'NONE', #1850, 1000.000000000000000 ) ;
#4028 = CARTESIAN_POINT ( 'NONE',  ( 508.8508361943101477, 359.9999999999999432, 3.900000000000000799 ) ) ;
#4029 = ORIENTED_EDGE ( 'NONE', *, *, #7894, .F. ) ;
#4030 = ADVANCED_FACE ( 'NONE', ( #10028 ), #2085, .T. ) ;
#4031 = CARTESIAN_POINT ( 'NONE',  ( 180.0000000000000000, 10.00000000000000000, 4.000000000000000000 ) ) ;
#4032 = FACE_OUTER_BOUND ( 'NONE', #7153, .T. ) ;
#4033 = ORIENTED_EDGE ( 'NONE', *, *, #7965, .T. ) ;
#4034 = AXIS2_PLACEMENT_3D ( 'NONE', #9462, #3750, #6981 ) ;
#4035 = DIRECTION ( 'NONE',  ( -6.123233995736769734E-17, 0.000000000000000000, -1.000000000000000000 ) ) ;
#4036 = ORIENTED_EDGE ( 'NONE', *, *, #6448, .F. ) ;
#4037 = EDGE_CURVE ( 'NONE', #2355, #1234, #8267, .T. ) ;
#4038 = CYLINDRICAL_SURFACE ( 'NONE', #3473, 1.749999999999973799 ) ;
#4039 = ADVANCED_FACE ( 'NONE', ( #7967 ), #8400, .F. ) ;
#4040 = EDGE_CURVE ( 'NONE', #8080, #10399, #3627, .T. ) ;
#4041 = CARTESIAN_POINT ( 'NONE',  ( 340.0000000000000000, 20.00000000000000000, 5.000000000000000000 ) ) ;
#4042 = CARTESIAN_POINT ( 'NONE',  ( 368.2389550140385381, 523.2298202377401140, 3.899999999999999911 ) ) ;
#4043 = EDGE_CURVE ( 'NONE', #2911, #8718, #1991, .T. ) ;
#4044 = CARTESIAN_POINT ( 'NONE',  ( 503.0000000000000000, 253.6500000000000341, 10.00000000000000000 ) ) ;
#4045 = VERTEX_POINT ( 'NONE', #2042 ) ;
#4046 = EDGE_LOOP ( 'NONE', ( #1674, #3709 ) ) ;
#4047 = DIRECTION ( 'NONE',  ( -1.000000000000000000, -2.786442101020000197E-16, 0.000000000000000000 ) ) ;
#4048 = ORIENTED_EDGE ( 'NONE', *, *, #1748, .F. ) ;
#4049 = ORIENTED_EDGE ( 'NONE', *, *, #5790, .T. ) ;
#4050 = EDGE_CURVE ( 'NONE', #5992, #3070, #5278, .T. ) ;
#4051 = VECTOR ( 'NONE', #3985, 1000.000000000000000 ) ;
#4052 = DIRECTION ( 'NONE',  ( 0.000000000000000000, 0.000000000000000000, 1.000000000000000000 ) ) ;
#4053 = CARTESIAN_POINT ( 'NONE',  ( 170.0000000000000000, 3.286920438420879603E-31, 0.000000000000000000 ) ) ;
#4054 = CARTESIAN_POINT ( 'NONE',  ( 510.0000000000000000, 167.0000000000000000, -1.344016575879139844E-15 ) ) ;
#4055 = PLANE ( 'NONE',  #3110 ) ;
#4056 = CARTESIAN_POINT ( 'NONE',  ( 503.0343435439377231, 511.4706066773345583, 3.900000000000000355 ) ) ;
#4057 = EDGE_CURVE ( 'NONE', #7987, #4185, #917, .T. ) ;
#4058 = LINE ( 'NONE', #8178, #9571 ) ;
#4059 = ORIENTED_EDGE ( 'NONE', *, *, #9463, .T. ) ;
#4060 = CIRCLE ( 'NONE', #1504, 2.350000000000004974 ) ;
#4061 = ORIENTED_EDGE ( 'NONE', *, *, #2008, .F. ) ;
#4062 = PLANE ( 'NONE',  #430 ) ;
#4063 = LINE ( 'NONE', #7293, #1522 ) ;
#4064 = LINE ( 'NONE', #6495, #277 ) ;
#4065 = DIRECTION ( 'NONE',  ( 0.000000000000000000, -6.123233995736769734E-17, -1.000000000000000000 ) ) ;
#4066 = AXIS2_PLACEMENT_3D ( 'NONE', #1534, #7737, #5403 ) ;
#4067 = CARTESIAN_POINT ( 'NONE',  ( 160.0000000000000000, 10.00000000000000000, 4.000000000000000000 ) ) ;
#4068 = CYLINDRICAL_SURFACE ( 'NONE', #6275, 1.749999999999973799 ) ;
#4069 = VERTEX_POINT ( 'NONE', #24 ) ;
#4070 = CARTESIAN_POINT ( 'NONE',  ( 2.545584412271499897, 363.0000000000000000, -1.112510915827289870E-14 ) ) ;
#4071 = VERTEX_POINT ( 'NONE', #3136 ) ;
#4072 = EDGE_LOOP ( 'NONE', ( #3395, #1907, #3620, #4895 ) ) ;
#4073 = CIRCLE ( 'NONE', #9968, 3.199999999999980638 ) ;
#4074 = VERTEX_POINT ( 'NONE', #9696 ) ;
#4075 = LINE ( 'NONE', #7304, #2861 ) ;
#4076 = CARTESIAN_POINT ( 'NONE',  ( 503.1463130470120859, 349.4087054172272246, 4.728636147329717154 ) ) ;
#4077 = CARTESIAN_POINT ( 'NONE',  ( 505.0000000000000000, 340.0000000000000000, 0.000000000000000000 ) ) ;
#4078 = DIRECTION ( 'NONE',  ( 0.000000000000000000, 0.000000000000000000, 1.000000000000000000 ) ) ;
#4079 = CARTESIAN_POINT ( 'NONE',  ( 158.2500000000000000, 520.0000000000000000, 10.00000000000000000 ) ) ;
#4080 = CARTESIAN_POINT ( 'NONE',  ( 503.6269894689748980, 360.0000000000004547, 5.724522763062498854 ) ) ;
#4081 = ORIENTED_EDGE ( 'NONE', *, *, #3166, .T. ) ;
#4082 = VECTOR ( 'NONE', #4731, 1000.000000000000000 ) ;
#4083 = LINE ( 'NONE', #6297, #5210 ) ;
#4084 = EDGE_CURVE ( 'NONE', #1846, #8664, #5090, .T. ) ;
#4085 = ORIENTED_EDGE ( 'NONE', *, *, #2217, .F. ) ;
#4086 = FACE_OUTER_BOUND ( 'NONE', #2988, .T. ) ;
#4087 = ORIENTED_EDGE ( 'NONE', *, *, #4473, .F. ) ;
#4088 = FACE_OUTER_BOUND ( 'NONE', #4303, .T. ) ;
#4089 = EDGE_CURVE ( 'NONE', #1388, #10173, #8223, .T. ) ;
#4090 = DIRECTION ( 'NONE',  ( 1.000000000000000000, 0.000000000000000000, 0.000000000000000000 ) ) ;
#4091 = AXIS2_PLACEMENT_3D ( 'NONE', #8608, #2307, #8773 ) ;
#4092 = CARTESIAN_POINT ( 'NONE',  ( 340.0000000000000000, 510.0000000000000000, 5.000000000000000000 ) ) ;
#4093 = DIRECTION ( 'NONE',  ( 1.000000000000000000, 0.000000000000000000, 0.000000000000000000 ) ) ;
#4094 = EDGE_LOOP ( 'NONE', ( #4728, #7877 ) ) ;
#4095 = VERTEX_POINT ( 'NONE', #822 ) ;
#4096 = CARTESIAN_POINT ( 'NONE',  ( 503.0343435439377231, 167.0000000000000000, 7.827207793864200625 ) ) ;
#4097 = ORIENTED_EDGE ( 'NONE', *, *, #6288, .T. ) ;
#4098 = ORIENTED_EDGE ( 'NONE', *, *, #3887, .F. ) ;
#4099 = EDGE_CURVE ( 'NONE', #6585, #3634, #3909, .T. ) ;
#4100 = CARTESIAN_POINT ( 'NONE',  ( 340.0000000000000000, 511.6000000000000796, 5.000000000000000000 ) ) ;
#4101 = CARTESIAN_POINT ( 'NONE',  ( 255.0000000000000000, 530.0000000000000000, 17.06413377357532823 ) ) ;
#4102 = CARTESIAN_POINT ( 'NONE',  ( 510.0000000000000000, 170.0000000000000000, 20.00000000000000000 ) ) ;
#4103 = SURFACE_STYLE_FILL_AREA ( #8127 ) ;
#4104 = DIRECTION ( 'NONE',  ( 0.05694668521242793324, -0.9983772208155176076, 0.000000000000000000 ) ) ;
#4105 = ADVANCED_FACE ( 'NONE', ( #7327 ), #4146, .F. ) ;
#4106 = LINE ( 'NONE', #7333, #4853 ) ;
#4107 = EDGE_CURVE ( 'NONE', #7715, #9914, #1755, .T. ) ;
#4108 = ADVANCED_FACE ( 'NONE', ( #6532 ), #2443, .F. ) ;
#4109 = ORIENTED_EDGE ( 'NONE', *, *, #9671, .T. ) ;
#4110 = ORIENTED_EDGE ( 'NONE', *, *, #7011, .T. ) ;
#4111 = CIRCLE ( 'NONE', #5119, 1.750000000000029310 ) ;
#4112 = CARTESIAN_POINT ( 'NONE',  ( 163.2000000000000171, 520.0000000000000000, 4.000000000000000000 ) ) ;
#4114 = EDGE_CURVE ( 'NONE', #965, #3654, #6482, .T. ) ;
#4113 = CARTESIAN_POINT ( 'NONE',  ( 7.000000000000000000, 72.35000000000000853, 10.00000000000000000 ) ) ;
#4115 = CYLINDRICAL_SURFACE ( 'NONE', #7886, 1.749999999999973799 ) ;
#4116 = CARTESIAN_POINT ( 'NONE',  ( 510.0000000000000000, 235.8000000000000114, 7.000000000000000000 ) ) ;
#4117 = AXIS2_PLACEMENT_3D ( 'NONE', #10023, #8642, #2767 ) ;
#4118 = CARTESIAN_POINT ( 'NONE',  ( 508.8508361943101477, 512.9431599864421969, 3.900000000000000799 ) ) ;
#4119 = DIRECTION ( 'NONE',  ( 0.000000000000000000, 0.000000000000000000, -1.000000000000000000 ) ) ;
#4120 = EDGE_LOOP ( 'NONE', ( #3398, #3812, #3212, #10349 ) ) ;
#4121 = CARTESIAN_POINT ( 'NONE',  ( 295.0000000000000568, 510.0000000000000000, 10.49355789662100058 ) ) ;
#4122 = ORIENTED_EDGE ( 'NONE', *, *, #7780, .T. ) ;
#4123 = EDGE_LOOP ( 'NONE', ( #3526, #6796 ) ) ;
#4124 = VECTOR ( 'NONE', #9482, 1000.000000000000114 ) ;
#4125 = CARTESIAN_POINT ( 'NONE',  ( 18.19999999999999929, 170.0000000000000000, -1.527713595751250061E-15 ) ) ;
#4126 = LINE ( 'NONE', #5917, #851 ) ;
#4127 = CARTESIAN_POINT ( 'NONE',  ( 497.8278992884585250, 512.2068833318884344, 6.433224273564971550E-16 ) ) ;
#4128 = CARTESIAN_POINT ( 'NONE',  ( 491.8000000000000114, 170.0000000000000000, 12.82720779386420062 ) ) ;
#4129 = CARTESIAN_POINT ( 'NONE',  ( 507.0717943477922631, 360.0000000000002274, 6.671005356951712706 ) ) ;
#4130 = EDGE_LOOP ( 'NONE', ( #5829, #5827, #265, #7464 ) ) ;
#4131 = DIRECTION ( 'NONE',  ( 0.000000000000000000, 0.000000000000000000, -1.000000000000000000 ) ) ;
#4132 = VERTEX_POINT ( 'NONE', #5576 ) ;
#4133 = DIRECTION ( 'NONE',  ( 1.000000000000000000, 0.000000000000000000, 0.000000000000000000 ) ) ;
#4134 = ORIENTED_EDGE ( 'NONE', *, *, #2318, .T. ) ;
#4135 = CARTESIAN_POINT ( 'NONE',  ( 501.7500000000000568, 180.0000000000000000, 0.000000000000000000 ) ) ;
#4136 = LINE ( 'NONE', #12, #1303 ) ;
#4137 = DIRECTION ( 'NONE',  ( 0.000000000000000000, -1.000000000000000000, 0.000000000000000000 ) ) ;
#4138 = CARTESIAN_POINT ( 'NONE',  ( 508.3545924146666266, 170.0000000000001990, 5.585615577200345072 ) ) ;
#4140 = ORIENTED_EDGE ( 'NONE', *, *, #10155, .T. ) ;
#4139 = EDGE_CURVE ( 'NONE', #10326, #65, #5627, .T. ) ;
#4141 = ORIENTED_EDGE ( 'NONE', *, *, #2474, .F. ) ;
#4142 = CARTESIAN_POINT ( 'NONE',  ( 361.3813658657267638, 1.283953296258077026E-31, 6.852605943716321590 ) ) ;
#4143 = EDGE_LOOP ( 'NONE', ( #4048, #4671, #9917, #2939 ) ) ;
#4144 = VERTEX_POINT ( 'NONE', #7378 ) ;
#4145 = AXIS2_PLACEMENT_3D ( 'NONE', #6263, #5473, #6435 ) ;
#4146 = CYLINDRICAL_SURFACE ( 'NONE', #192, 1.749999999999973799 ) ;
#4147 = EDGE_CURVE ( 'NONE', #65, #1486, #5731, .T. ) ;
#4148 = FACE_OUTER_BOUND ( 'NONE', #5070, .T. ) ;
#4149 = VECTOR ( 'NONE', #4093, 1000.000000000000000 ) ;
#4150 = LINE ( 'NONE', #10381, #4356 ) ;
#4151 = VECTOR ( 'NONE', #905, 1000.000000000000000 ) ;
#4152 = AXIS2_PLACEMENT_3D ( 'NONE', #8931, #7343, #4749 ) ;
#4153 = LINE ( 'NONE', #3198, #7320 ) ;
#4154 = ORIENTED_EDGE ( 'NONE', *, *, #7824, .F. ) ;
#4155 = EDGE_CURVE ( 'NONE', #10214, #497, #3727, .T. ) ;
#4156 = ORIENTED_EDGE ( 'NONE', *, *, #9209, .F. ) ;
#4157 = FACE_OUTER_BOUND ( 'NONE', #10053, .T. ) ;
#4158 = CARTESIAN_POINT ( 'NONE',  ( 183.1999999999999886, 520.0000000000000000, 4.000000000000000000 ) ) ;
#4159 = VECTOR ( 'NONE', #2888, 1000.000000000000000 ) ;
#4160 = VECTOR ( 'NONE', #2929, 1000.000000000000000 ) ;
#4161 = DIRECTION ( 'NONE',  ( 0.000000000000000000, 0.000000000000000000, -1.000000000000000000 ) ) ;
#4162 = EDGE_CURVE ( 'NONE', #10326, #9337, #9751, .T. ) ;
#4163 = ADVANCED_FACE ( 'NONE', ( #3346 ), #10259, .F. ) ;
#4164 = CARTESIAN_POINT ( 'NONE',  ( 510.0000000000000000, 9.860761315262649319E-31, 0.000000000000000000 ) ) ;
#4165 = DIRECTION ( 'NONE',  ( 0.000000000000000000, 0.000000000000000000, -1.000000000000000000 ) ) ;
#4166 = CARTESIAN_POINT ( 'NONE',  ( 252.0000000000000568, 530.0000000000000000, 17.06413377357533889 ) ) ;
#4167 = CARTESIAN_POINT ( 'NONE',  ( 508.8508361943101477, 359.9999999999999432, 3.900000000000000799 ) ) ;
#4168 = VERTEX_POINT ( 'NONE', #4783 ) ;
#4169 = VECTOR ( 'NONE', #6717, 1000.000000000000000 ) ;
#4170 = ADVANCED_FACE ( 'NONE', ( #6433 ), #4993, .T. ) ;
#4171 = DIRECTION ( 'NONE',  ( 1.000000000000000000, 0.000000000000000000, 0.000000000000000000 ) ) ;
#4172 = ORIENTED_EDGE ( 'NONE', *, *, #1047, .F. ) ;
#4173 = VERTEX_POINT ( 'NONE', #8915 ) ;
#4174 = CARTESIAN_POINT ( 'NONE',  ( 503.0848070195591504, 369.1471583976015722, 4.467520984445859433 ) ) ;
#4175 = AXIS2_PLACEMENT_3D ( 'NONE', #4565, #2066, #2905 ) ;
#4176 = AXIS2_PLACEMENT_3D ( 'NONE', #10234, #2983, #6016 ) ;
#4177 = DIRECTION ( 'NONE',  ( 0.000000000000000000, 0.000000000000000000, 1.000000000000000000 ) ) ;
#4178 = DIRECTION ( 'NONE',  ( 0.000000000000000000, 0.000000000000000000, -1.000000000000000000 ) ) ;
#4179 = FACE_OUTER_BOUND ( 'NONE', #3603, .T. ) ;
#4180 = FACE_OUTER_BOUND ( 'NONE', #9287, .T. ) ;
#4181 = PRODUCT_DEFINITION_FORMATION_WITH_SPECIFIED_SOURCE ( 'ANY', '', #6410, .NOT_KNOWN. ) ;
#4182 = VERTEX_POINT ( 'NONE', #6042 ) ;
#4183 = VECTOR ( 'NONE', #4464, 1000.000000000000000 ) ;
#4184 = CARTESIAN_POINT ( 'NONE',  ( 170.0000000000000000, 20.00000000000000000, 5.000000000000000000 ) ) ;
#4185 = VERTEX_POINT ( 'NONE', #9119 ) ;
#4186 = CARTESIAN_POINT ( 'NONE',  ( 212.5000000000000000, 18.39999999999999858, 0.000000000000000000 ) ) ;
#4187 = ORIENTED_EDGE ( 'NONE', *, *, #600, .T. ) ;
#4188 = AXIS2_PLACEMENT_3D ( 'NONE', #9686, #1643, #752 ) ;
#4189 = DIRECTION ( 'NONE',  ( 0.000000000000000000, -1.000000000000000000, 0.000000000000000000 ) ) ;
#4190 = DIRECTION ( 'NONE',  ( 0.2454255515179655511, -0.9694154417287268455, 0.000000000000000000 ) ) ;
#4191 = PLANE ( 'NONE',  #6178 ) ;
#4192 = VECTOR ( 'NONE', #5078, 1000.000000000000000 ) ;
#4193 = DIRECTION ( 'NONE',  ( -1.309308702731949863E-16, 0.7071067811865480168, -0.7071067811865470176 ) ) ;
#4194 = ORIENTED_EDGE ( 'NONE', *, *, #8045, .T. ) ;
#4195 = VERTEX_POINT ( 'NONE', #1073 ) ;
#4196 = CARTESIAN_POINT ( 'NONE',  ( 365.7509721090711992, 517.1874215827504031, 9.900000000000011013 ) ) ;
#4197 = ORIENTED_EDGE ( 'NONE', *, *, #1705, .F. ) ;
#4198 = CIRCLE ( 'NONE', #10097, 3.199999999999980638 ) ;
#4199 = ORIENTED_EDGE ( 'NONE', *, *, #2795, .F. ) ;
#4200 = CARTESIAN_POINT ( 'NONE',  ( 5.000000000000000000, 320.0000000000000000, 0.000000000000000000 ) ) ;
#4201 = LINE ( 'NONE', #2653, #5527 ) ;
#4202 = ADVANCED_FACE ( 'NONE', ( #4301 ), #7531, .F. ) ;
#4203 = CYLINDRICAL_SURFACE ( 'NONE', #4992, 3.199999999999999734 ) ;
#4204 = CARTESIAN_POINT ( 'NONE',  ( 503.0343435439377231, 19.32959827346325454, 9.900000000000007461 ) ) ;
#4205 = LINE ( 'NONE', #181, #758 ) ;
#4206 = DIRECTION ( 'NONE',  ( 1.000000000000000000, 0.000000000000000000, 0.000000000000000000 ) ) ;
#4207 = EDGE_LOOP ( 'NONE', ( #8542, #10024, #4930, #5157 ) ) ;
#4208 = ORIENTED_EDGE ( 'NONE', *, *, #1163, .T. ) ;
#4209 = EDGE_CURVE ( 'NONE', #7479, #2584, #384, .T. ) ;
#4210 = DIRECTION ( 'NONE',  ( 0.000000000000000000, 0.000000000000000000, -1.000000000000000000 ) ) ;
#4211 = CARTESIAN_POINT ( 'NONE',  ( 4.999999999997849720, 340.0000000000000000, 20.00000000000000000 ) ) ;
#4212 = DIRECTION ( 'NONE',  ( 0.000000000000000000, 0.000000000000000000, -1.000000000000000000 ) ) ;
#4213 = EDGE_CURVE ( 'NONE', #866, #6455, #9271, .T. ) ;
#4214 = DIRECTION ( 'NONE',  ( 0.000000000000000000, 1.000000000000000000, 0.000000000000000000 ) ) ;
#4215 = DIRECTION ( 'NONE',  ( 0.000000000000000000, 0.000000000000000000, -1.000000000000000000 ) ) ;
#4216 = DIRECTION ( 'NONE',  ( 0.000000000000000000, -0.000000000000000000, 1.000000000000000000 ) ) ;
#4217 = VECTOR ( 'NONE', #3874, 1000.000000000000000 ) ;
#4218 = LINE ( 'NONE', #3057, #2626 ) ;
#4219 = VERTEX_POINT ( 'NONE', #3450 ) ;
#4220 = EDGE_CURVE ( 'NONE', #4924, #7748, #1862, .T. ) ;
#4221 = CARTESIAN_POINT ( 'NONE',  ( 0.000000000000000000, 54.80000000000000426, 13.00000000000000000 ) ) ;
#4222 = ORIENTED_EDGE ( 'NONE', *, *, #616, .F. ) ;
#4223 = EDGE_LOOP ( 'NONE', ( #8598, #3867, #4687, #3937 ) ) ;
#4224 = DIRECTION ( 'NONE',  ( 0.000000000000000000, -1.000000000000000000, 0.000000000000000000 ) ) ;
#4225 = CARTESIAN_POINT ( 'NONE',  ( 503.0359596853934931, 348.9885906918237879, 4.000000000000000000 ) ) ;
#4226 = VECTOR ( 'NONE', #8107, 1000.000000000000000 ) ;
#4227 = CARTESIAN_POINT ( 'NONE',  ( 503.0000000000000000, 265.0000000000000000, 10.00000000000000000 ) ) ;
#4228 = CARTESIAN_POINT ( 'NONE',  ( 340.0000000000000000, 265.0000000000000000, 10.00000000000000000 ) ) ;
#4229 = EDGE_CURVE ( 'NONE', #5727, #10172, #5252, .T. ) ;
#4230 = DIRECTION ( 'NONE',  ( 1.000000000000000000, 0.000000000000000000, -6.123233995736769734E-17 ) ) ;
#4231 = DIRECTION ( 'NONE',  ( 0.000000000000000000, 0.000000000000000000, -1.000000000000000000 ) ) ;
#4232 = B_SPLINE_CURVE_WITH_KNOTS ( 'NONE', 3,
 ( #607, #2868, #502, #1240, #1337, #1393, #3837, #6909, #7122, #2240 ),
 .UNSPECIFIED., .F., .F.,
 ( 4, 2, 2, 2, 4 ),
 ( 0.001490824630553934989, 0.001863525137517370311, 0.002236225644480805633, 0.002608926151444240955, 0.002981626658407676277 ),
 .UNSPECIFIED. ) ;
#4233 = ORIENTED_EDGE ( 'NONE', *, *, #4548, .F. ) ;
#4234 = ADVANCED_FACE ( 'NONE', ( #8476 ), #10002, .F. ) ;
#4235 = VECTOR ( 'NONE', #1728, 1000.000000000000000 ) ;
#4236 = CARTESIAN_POINT ( 'NONE',  ( 503.6527306056852922, 319.9999999999999432, 5.755902034625210106 ) ) ;
#4237 = EDGE_CURVE ( 'NONE', #9903, #1941, #7123, .T. ) ;
#4238 = EDGE_CURVE ( 'NONE', #2495, #4628, #5932, .T. ) ;
#4239 = EDGE_LOOP ( 'NONE', ( #3977, #5142, #5455, #8651 ) ) ;
#4240 = CARTESIAN_POINT ( 'NONE',  ( 166.0000000000000000, 519.6686291501019923, 8.068629150101550351 ) ) ;
#4241 = ORIENTED_EDGE ( 'NONE', *, *, #6936, .T. ) ;
#4242 = CARTESIAN_POINT ( 'NONE',  ( 498.2500000000000000, 30.00000000000000000, 10.00000000000000000 ) ) ;
#4243 = ADVANCED_FACE ( 'NONE', ( #6837 ), #5833, .F. ) ;
#4244 = CARTESIAN_POINT ( 'NONE',  ( 11.75000000000000000, 350.0000000000000000, 0.000000000000000000 ) ) ;
#4245 = CARTESIAN_POINT ( 'NONE',  ( 495.2063132145700024, 12.97412125320328080, 9.900000000000007461 ) ) ;
#4246 = CIRCLE ( 'NONE', #10141, 3.199999999999999734 ) ;
#4247 = CARTESIAN_POINT ( 'NONE',  ( 354.6281053801738494, 530.0000000000003411, 6.582414483058800059 ) ) ;
#4248 = ORIENTED_EDGE ( 'NONE', *, *, #1409, .F. ) ;
#4249 = ORIENTED_EDGE ( 'NONE', *, *, #10422, .T. ) ;
#4250 = DIRECTION ( 'NONE',  ( 0.000000000000000000, 0.000000000000000000, -1.000000000000000000 ) ) ;
#4251 = ORIENTED_EDGE ( 'NONE', *, *, #920, .T. ) ;
#4252 = ORIENTED_EDGE ( 'NONE', *, *, #6856, .T. ) ;
#4253 = CIRCLE ( 'NONE', #1035, 3.199999999999980638 ) ;
#4254 = DIRECTION ( 'NONE',  ( 0.000000000000000000, 0.000000000000000000, -1.000000000000000000 ) ) ;
#4255 = APPLICATION_PROTOCOL_DEFINITION ( 'draft international standard', 'automotive_design', 1998, #9023 ) ;
#4256 = CYLINDRICAL_SURFACE ( 'NONE', #6521, 1.750000000000029310 ) ;
#4257 = ORIENTED_EDGE ( 'NONE', *, *, #8310, .T. ) ;
#4258 = DIRECTION ( 'NONE',  ( 0.000000000000000000, -0.9271838545667858700, -0.3746065934159159005 ) ) ;
#4259 = DIRECTION ( 'NONE',  ( -1.340646671245470025E-16, 1.000000000000000000, 0.000000000000000000 ) ) ;
#4260 = CARTESIAN_POINT ( 'NONE',  ( 344.0000000000000000, 265.0000000000000000, 0.000000000000000000 ) ) ;
#4261 = VERTEX_POINT ( 'NONE', #9906 ) ;
#4262 = VERTEX_POINT ( 'NONE', #177 ) ;
#4263 = VERTEX_POINT ( 'NONE', #6738 ) ;
#4264 = LINE ( 'NONE', #5060, #8040 ) ;
#4265 = LINE ( 'NONE', #1767, #3623 ) ;
#4266 = DIRECTION ( 'NONE',  ( -1.000000000000000000, -2.786442101020000197E-16, 0.000000000000000000 ) ) ;
#4267 = CYLINDRICAL_SURFACE ( 'NONE', #952, 3.199999999999980638 ) ;
#4268 = DIRECTION ( 'NONE',  ( 4.329780281177479988E-17, 0.7071067811865470176, 0.7071067811865480168 ) ) ;
#4269 = LINE ( 'NONE', #8444, #10342 ) ;
#4270 = ORIENTED_EDGE ( 'NONE', *, *, #4995, .F. ) ;
#4271 = EDGE_LOOP ( 'NONE', ( #5272, #8182, #6257, #5318 ) ) ;
#4272 = VECTOR ( 'NONE', #1880, 1000.000000000000000 ) ;
#4273 = ORIENTED_EDGE ( 'NONE', *, *, #676, .T. ) ;
#4274 = ADVANCED_FACE ( 'NONE', ( #5986 ), #5889, .T. ) ;
#4275 = CARTESIAN_POINT ( 'NONE',  ( 500.0000000000000000, 370.0000000000000000, 0.000000000000000000 ) ) ;
#4276 = CARTESIAN_POINT ( 'NONE',  ( 255.0000000000000000, 510.0000000000000000, 4.238056389090750997 ) ) ;
#4277 = PLANE ( 'NONE',  #4903 ) ;
#4278 = LINE ( 'NONE', #8401, #4333 ) ;
#4279 = LINE ( 'NONE', #4970, #3173 ) ;
#4280 = EDGE_CURVE ( 'NONE', #7792, #2935, #2548, .T. ) ;
#4281 = DIRECTION ( 'NONE',  ( 0.000000000000000000, 0.000000000000000000, -1.000000000000000000 ) ) ;
#4282 = ORIENTED_EDGE ( 'NONE', *, *, #9560, .F. ) ;
#4283 = COLOUR_RGB ( '',0.7921568627450980005, 0.8196078431372548767, 0.9333333333333333481 ) ;
#4284 = DIRECTION ( 'NONE',  ( -2.010970006868209845E-16, 1.000000000000000000, 0.000000000000000000 ) ) ;
#4285 = ADVANCED_FACE ( 'NONE', ( #3551 ), #5201, .T. ) ;
#4286 = ORIENTED_EDGE ( 'NONE', *, *, #3310, .F. ) ;
#4287 = CYLINDRICAL_SURFACE ( 'NONE', #7434, 1.749999999999999778 ) ;
#4288 = ORIENTED_EDGE ( 'NONE', *, *, #1931, .T. ) ;
#4289 = CARTESIAN_POINT ( 'NONE',  ( 378.5908075695791695, 12.97412125320274257, 9.900000000000007461 ) ) ;
#4290 = CARTESIAN_POINT ( 'NONE',  ( 18.19999999999999929, 360.0000000000000000, 15.65441558772840125 ) ) ;
#4291 = EDGE_CURVE ( 'NONE', #4803, #8457, #9308, .T. ) ;
#4292 = DIRECTION ( 'NONE',  ( 1.000000000000000000, 0.000000000000000000, 0.000000000000000000 ) ) ;
#4293 = UNCERTAINTY_MEASURE_WITH_UNIT (LENGTH_MEASURE( 1.000000000000000082E-05 ), #9121, 'distance_accuracy_value', 'NONE');
#4294 = CARTESIAN_POINT ( 'NONE',  ( 503.0000000000000000, 278.6999999999999886, 10.00000000000000000 ) ) ;
#4295 = ORIENTED_EDGE ( 'NONE', *, *, #818, .T. ) ;
#4296 = ORIENTED_EDGE ( 'NONE', *, *, #295, .F. ) ;
#4297 = CARTESIAN_POINT ( 'NONE',  ( 369.7115083231463473, 517.4133275873678031, 9.900000000000007461 ) ) ;
#4298 = EDGE_CURVE ( 'NONE', #7322, #440, #4353, .T. ) ;
#4299 = ORIENTED_EDGE ( 'NONE', *, *, #5300, .T. ) ;
#4300 = EDGE_LOOP ( 'NONE', ( #455, #7253, #2189, #650 ) ) ;
#4301 = FACE_OUTER_BOUND ( 'NONE', #940, .T. ) ;
#4302 = CARTESIAN_POINT ( 'NONE',  ( 0.000000000000000000, 0.000000000000000000, 0.000000000000000000 ) ) ;
#4303 = EDGE_LOOP ( 'NONE', ( #9076, #593, #1160, #4141 ) ) ;
#4304 = LINE ( 'NONE', #4949, #2763 ) ;
#4305 = CARTESIAN_POINT ( 'NONE',  ( 490.0000000000000000, 510.0000000000000000, 0.000000000000000000 ) ) ;
#4306 = DIRECTION ( 'NONE',  ( 0.000000000000000000, 0.000000000000000000, -1.000000000000000000 ) ) ;
#4307 = ORIENTED_EDGE ( 'NONE', *, *, #10099, .F. ) ;
#4308 = EDGE_LOOP ( 'NONE', ( #3122, #4675, #5488, #7581 ) ) ;
#4309 =( GEOMETRIC_REPRESENTATION_CONTEXT ( 3 ) GLOBAL_UNCERTAINTY_ASSIGNED_CONTEXT ( ( #5878 ) ) GLOBAL_UNIT_ASSIGNED_CONTEXT ( ( #4899, #1449, #4680 ) ) REPRESENTATION_CONTEXT ( 'NONE', 'WORKASPACE' ) );
#4310 = EDGE_LOOP ( 'NONE', ( #9215, #9732, #3176, #8013, #558, #4049, #3947, #10260, #10113, #3764, #2436, #4847, #9417, #4756 ) ) ;
#4311 = CARTESIAN_POINT ( 'NONE',  ( 10.00000000000000000, 30.00000000000000000, 12.00000000000000000 ) ) ;
#4312 = VECTOR ( 'NONE', #6901, 1000.000000000000000 ) ;
#4313 = DIRECTION ( 'NONE',  ( 0.000000000000000000, 4.809630431589130061E-16, 1.000000000000000000 ) ) ;
#4314 = LINE ( 'NONE', #6598, #4344 ) ;
#4315 = AXIS2_PLACEMENT_3D ( 'NONE', #348, #4955, #9813 ) ;
#4316 = VECTOR ( 'NONE', #5178, 1000.000000000000000 ) ;
#4317 = DIRECTION ( 'NONE',  ( 1.000000000000000000, 0.000000000000000000, 0.000000000000000000 ) ) ;
#4318 = CARTESIAN_POINT ( 'NONE',  ( 215.0000000000000284, 531.5828289135762361, 16.08583605165395269 ) ) ;
#4319 = CARTESIAN_POINT ( 'NONE',  ( 503.0000000000000000, 235.8000000000000114, 7.000000000000000000 ) ) ;
#4320 = ORIENTED_EDGE ( 'NONE', *, *, #3570, .F. ) ;
#4321 = CARTESIAN_POINT ( 'NONE',  ( 346.8000000000000114, 10.00000000000000000, 12.00000000000000000 ) ) ;
#4322 = ORIENTED_EDGE ( 'NONE', *, *, #4596, .F. ) ;
#4323 = ORIENTED_EDGE ( 'NONE', *, *, #7853, .T. ) ;
#4324 = AXIS2_PLACEMENT_3D ( 'NONE', #4920, #5759, #3323 ) ;
#4325 = AXIS2_PLACEMENT_3D ( 'NONE', #413, #4584, #3788 ) ;
#4326 = CARTESIAN_POINT ( 'NONE',  ( 0.000000000000000000, 0.000000000000000000, 0.000000000000000000 ) ) ;
#4327 = CARTESIAN_POINT ( 'NONE',  ( 0.000000000000000000, 0.000000000000000000, 20.00000000000000000 ) ) ;
#4328 = DIRECTION ( 'NONE',  ( 0.000000000000000000, -0.3746065934159142907, 0.9271838545667865361 ) ) ;
#4329 = PLANE ( 'NONE',  #7380 ) ;
#4330 = AXIS2_PLACEMENT_3D ( 'NONE', #5244, #5345, #4396 ) ;
#4331 = DIRECTION ( 'NONE',  ( 0.000000000000000000, 0.000000000000000000, -1.000000000000000000 ) ) ;
#4332 = LINE ( 'NONE', #7562, #7695 ) ;
#4333 = VECTOR ( 'NONE', #9981, 1000.000000000000000 ) ;
#4334 = EDGE_LOOP ( 'NONE', ( #6557, #1983, #8012, #7822, #5740, #9887, #370, #7811 ) ) ;
#4335 = CARTESIAN_POINT ( 'NONE',  ( 503.0000000000000000, 278.6999999999999886, 10.00000000000000000 ) ) ;
#4336 = ORIENTED_EDGE ( 'NONE', *, *, #5012, .T. ) ;
#4337 = EDGE_CURVE ( 'NONE', #8377, #10075, #6788, .T. ) ;
#4338 = PLANE ( 'NONE',  #5075 ) ;
#4339 = VERTEX_POINT ( 'NONE', #3602 ) ;
#4340 = FACE_OUTER_BOUND ( 'NONE', #2201, .T. ) ;
#4341 = VECTOR ( 'NONE', #5110, 1000.000000000000000 ) ;
#4342 = LINE ( 'NONE', #7420, #973 ) ;
#4343 = ADVANCED_FACE ( 'NONE', ( #2804 ), #5950, .F. ) ;
#4344 = VECTOR ( 'NONE', #1826, 1000.000000000000000 ) ;
#4345 = DIRECTION ( 'NONE',  ( 1.000000000000000000, 0.000000000000000000, 0.000000000000000000 ) ) ;
#4346 = CARTESIAN_POINT ( 'NONE',  ( 497.8278992884585250, 512.2068833318884344, 3.900000000000000799 ) ) ;
#4347 = ORIENTED_EDGE ( 'NONE', *, *, #72, .T. ) ;
#4348 = VERTEX_POINT ( 'NONE', #8581 ) ;
#4349 = CARTESIAN_POINT ( 'NONE',  ( 490.0000000000000000, 340.0000000000000000, 20.00000000000000000 ) ) ;
#4350 = VERTEX_POINT ( 'NONE', #7679 ) ;
#4351 = ADVANCED_FACE ( 'NONE', ( #2226 ), #1324, .F. ) ;
#4352 = ORIENTED_EDGE ( 'NONE', *, *, #4162, .F. ) ;
#4353 = LINE ( 'NONE', #4402, #6207 ) ;
#4354 = DIRECTION ( 'NONE',  ( 0.000000000000000000, 0.000000000000000000, 1.000000000000000000 ) ) ;
#4355 = EDGE_CURVE ( 'NONE', #707, #10269, #7049, .T. ) ;
#4356 = VECTOR ( 'NONE', #2296, 1000.000000000000000 ) ;
#4357 = EDGE_CURVE ( 'NONE', #2872, #8845, #8856, .T. ) ;
#4358 = EDGE_LOOP ( 'NONE', ( #10280, #1652 ) ) ;
#4359 = VECTOR ( 'NONE', #3817, 1000.000000000000000 ) ;
#4360 = CARTESIAN_POINT ( 'NONE',  ( 503.1463130470125407, 29.40870541722726017, 4.728636147329894790 ) ) ;
#4361 = DIRECTION ( 'NONE',  ( 0.000000000000000000, -0.3746065934159159005, 0.9271838545667857590 ) ) ;
#4362 = LINE ( 'NONE', #9276, #1965 ) ;
#4363 = AXIS2_PLACEMENT_3D ( 'NONE', #8506, #7768, #10239 ) ;
#4364 = ORIENTED_EDGE ( 'NONE', *, *, #867, .T. ) ;
#4365 = EDGE_LOOP ( 'NONE', ( #10225, #548, #8205, #8383 ) ) ;
#4366 = ADVANCED_FACE ( 'NONE', ( #6250, #9525 ), #4504, .F. ) ;
#4367 = EDGE_LOOP ( 'NONE', ( #8704, #4036 ) ) ;
#4368 = FACE_OUTER_BOUND ( 'NONE', #1623, .T. ) ;
#4369 = CARTESIAN_POINT ( 'NONE',  ( 497.0916226339045920, 523.2298202377401140, 3.900000000000000799 ) ) ;
#4370 = ADVANCED_FACE ( 'NONE', ( #5354 ), #10154, .F. ) ;
#4371 = DIRECTION ( 'NONE',  ( 0.000000000000000000, 1.000000000000000000, 0.000000000000000000 ) ) ;
#4372 = DIRECTION ( 'NONE',  ( 0.000000000000000000, 0.000000000000000000, 1.000000000000000000 ) ) ;
#4373 = CARTESIAN_POINT ( 'NONE',  ( 490.0000000000000000, 510.0000000000000000, 0.000000000000000000 ) ) ;
#4374 = CARTESIAN_POINT ( 'NONE',  ( 503.1656268378779941, 159.5178606697663497, 4.792284185553921105 ) ) ;
#4375 = VECTOR ( 'NONE', #3086, 1000.000000000000000 ) ;
#4376 = VERTEX_POINT ( 'NONE', #4560 ) ;
#4377 = LINE ( 'NONE', #7605, #2747 ) ;
#4378 = ORIENTED_EDGE ( 'NONE', *, *, #6099, .F. ) ;
#4379 = ORIENTED_EDGE ( 'NONE', *, *, #7583, .T. ) ;
#4380 = DIRECTION ( 'NONE',  ( 0.000000000000000000, -0.9271838545667858700, -0.3746065934159158450 ) ) ;
#4381 = DIRECTION ( 'NONE',  ( 1.000000000000000000, 5.572884202040000394E-16, 0.000000000000000000 ) ) ;
#4382 = CARTESIAN_POINT ( 'NONE',  ( 6.500000000000000000, 75.69999999999319584, 7.000000000000000000 ) ) ;
#4383 = LINE ( 'NONE', #100, #7394 ) ;
#4384 = LINE ( 'NONE', #2683, #7204 ) ;
#4385 = ORIENTED_EDGE ( 'NONE', *, *, #3428, .F. ) ;
#4386 = CARTESIAN_POINT ( 'NONE',  ( 0.000000000000000000, 435.0000000000000000, 10.00000000000189893 ) ) ;
#4387 = AXIS2_PLACEMENT_3D ( 'NONE', #9827, #6561, #2572 ) ;
#4388 = ORIENTED_EDGE ( 'NONE', *, *, #8114, .T. ) ;
#4389 = DIRECTION ( 'NONE',  ( 0.000000000000000000, -6.123233995736799316E-17, -1.000000000000000000 ) ) ;
#4390 = LINE ( 'NONE', #10092, #59 ) ;
#4391 = DIRECTION ( 'NONE',  ( -1.000000000000000000, 0.000000000000000000, 0.000000000000000000 ) ) ;
#4392 = DIRECTION ( 'NONE',  ( 1.000000000000000000, 0.000000000000000000, 0.000000000000000000 ) ) ;
#4393 = LINE ( 'NONE', #3593, #9761 ) ;
#4394 = CIRCLE ( 'NONE', #7099, 1.749999999999973799 ) ;
#4395 = EDGE_CURVE ( 'NONE', #2756, #7792, #1377, .T. ) ;
#4396 = DIRECTION ( 'NONE',  ( 1.000000000000000000, 0.000000000000000000, 0.000000000000000000 ) ) ;
#4397 = CARTESIAN_POINT ( 'NONE',  ( 353.5216717198343304, 529.9999999999998863, 5.861688955556023650 ) ) ;
#4398 = ORIENTED_EDGE ( 'NONE', *, *, #2511, .F. ) ;
#4399 = ADVANCED_FACE ( 'NONE', ( #7793 ), #432, .F. ) ;
#4400 = ORIENTED_EDGE ( 'NONE', *, *, #980, .F. ) ;
#4401 = VECTOR ( 'NONE', #560, 1000.000000000000000 ) ;
#4402 = CARTESIAN_POINT ( 'NONE',  ( 0.000000000000000000, 64.29999999999999716, 13.00000000000000000 ) ) ;
#4403 = AXIS2_PLACEMENT_3D ( 'NONE', #6403, #9618, #8780 ) ;
#4404 = VERTEX_POINT ( 'NONE', #10107 ) ;
#4405 = ADVANCED_FACE ( 'NONE', ( #10258 ), #8634, .F. ) ;
#4406 = FACE_BOUND ( 'NONE', #4881, .T. ) ;
#4407 = DIRECTION ( 'NONE',  ( 0.000000000000000000, 0.000000000000000000, -1.000000000000000000 ) ) ;
#4408 = DIRECTION ( 'NONE',  ( 1.000000000000000000, 0.000000000000000000, 0.000000000000000000 ) ) ;
#4409 = VERTEX_POINT ( 'NONE', #4664 ) ;
#4410 = CIRCLE ( 'NONE', #6952, 1.750000000000029310 ) ;
#4411 = VERTEX_POINT ( 'NONE', #643 ) ;
#4413 = EDGE_CURVE ( 'NONE', #164, #4513, #6896, .T. ) ;
#4412 = EDGE_LOOP ( 'NONE', ( #2768, #4323, #787, #6699 ) ) ;
#4414 = CARTESIAN_POINT ( 'NONE',  ( 6.500000000000000000, 54.80000000000000426, 13.00000000000000000 ) ) ;
#4415 = FACE_OUTER_BOUND ( 'NONE', #10308, .T. ) ;
#4416 = ADVANCED_FACE ( 'NONE', ( #7106 ), #10315, .F. ) ;
#4417 = PLANE ( 'NONE',  #5361 ) ;
#4418 = AXIS2_PLACEMENT_3D ( 'NONE', #2251, #6279, #7766 ) ;
#4419 = ADVANCED_FACE ( 'NONE', ( #8521, #7739, #489 ), #3710, .F. ) ;
#4420 = EDGE_CURVE ( 'NONE', #4195, #1198, #1647, .T. ) ;
#4421 = LINE ( 'NONE', #501, #6673 ) ;
#4422 = DIRECTION ( 'NONE',  ( 0.7071067811865480168, 1.537334076897189899E-16, -0.7071067811865470176 ) ) ;
#4423 = DIRECTION ( 'NONE',  ( 0.000000000000000000, 0.000000000000000000, -1.000000000000000000 ) ) ;
#4424 = ORIENTED_EDGE ( 'NONE', *, *, #5966, .T. ) ;
#4425 = DIRECTION ( 'NONE',  ( 1.000000000000000000, 0.000000000000000000, 0.000000000000000000 ) ) ;
#4426 = ORIENTED_EDGE ( 'NONE', *, *, #3911, .F. ) ;
#4427 = ORIENTED_EDGE ( 'NONE', *, *, #7079, .F. ) ;
#4428 = EDGE_CURVE ( 'NONE', #164, #6668, #6893, .T. ) ;
#4429 = DIRECTION ( 'NONE',  ( 0.000000000000000000, 6.123233995736769734E-17, 1.000000000000000000 ) ) ;
#4430 = FACE_BOUND ( 'NONE', #3240, .T. ) ;
#4431 = CARTESIAN_POINT ( 'NONE',  ( 170.0000000000000000, 18.19999999999999929, -2.041077998578919925E-15 ) ) ;
#4432 = DIRECTION ( 'NONE',  ( 0.000000000000000000, -1.000000000000000000, 0.000000000000000000 ) ) ;
#4433 = CARTESIAN_POINT ( 'NONE',  ( 170.0000000000000000, 265.0000000000000000, 0.000000000000000000 ) ) ;
#4434 = CYLINDRICAL_SURFACE ( 'NONE', #9731, 3.200000000000008171 ) ;
#4435 = VERTEX_POINT ( 'NONE', #4884 ) ;
#4436 = AXIS2_PLACEMENT_3D ( 'NONE', #6865, #409, #3625 ) ;
#4437 = CARTESIAN_POINT ( 'NONE',  ( 6.800000000000000711, 350.0000000000000000, 12.00000000000000000 ) ) ;
#4438 = ORIENTED_EDGE ( 'NONE', *, *, #5431, .F. ) ;
#4439 = CARTESIAN_POINT ( 'NONE',  ( 0.000000000000000000, 460.0000000000000000, 10.00000000000000000 ) ) ;
#4440 = ORIENTED_EDGE ( 'NONE', *, *, #2137, .F. ) ;
#4441 = PLANE ( 'NONE',  #5399 ) ;
#4442 = VECTOR ( 'NONE', #4468, 1000.000000000000000 ) ;
#4443 = CARTESIAN_POINT ( 'NONE',  ( 376.1720922596288688, 12.83615955245221585, 3.899999999999999911 ) ) ;
#4444 = CARTESIAN_POINT ( 'NONE',  ( 255.0000000000000000, 363.0000000000000000, 7.827207793864200625 ) ) ;
#4445 = CARTESIAN_POINT ( 'NONE',  ( 6.799999999999999822, 370.0000000000000000, 4.000000000000000000 ) ) ;
#4446 = VECTOR ( 'NONE', #7961, 1000.000000000000000 ) ;
#4447 = CARTESIAN_POINT ( 'NONE',  ( 20.00000000000000000, 340.0000000000000000, 0.000000000000000000 ) ) ;
#4448 = FACE_OUTER_BOUND ( 'NONE', #7551, .T. ) ;
#4449 = DIRECTION ( 'NONE',  ( -1.340646671245470025E-16, 1.000000000000000000, 0.000000000000000000 ) ) ;
#4450 = ORIENTED_EDGE ( 'NONE', *, *, #6496, .F. ) ;
#4451 = ORIENTED_EDGE ( 'NONE', *, *, #9082, .F. ) ;
#4452 = VECTOR ( 'NONE', #10050, 1000.000000000000000 ) ;
#4453 = CARTESIAN_POINT ( 'NONE',  ( 18.39999999999999858, 170.0000000000000000, -1.527713595751250061E-15 ) ) ;
#4454 = EDGE_LOOP ( 'NONE', ( #1778, #2325 ) ) ;
#4455 = EDGE_CURVE ( 'NONE', #1870, #6051, #10086, .T. ) ;
#4456 = CARTESIAN_POINT ( 'NONE',  ( 503.1999999999999886, 30.00000000000000355, 4.898046116018242913 ) ) ;
#4457 = DIRECTION ( 'NONE',  ( 0.000000000000000000, 0.000000000000000000, 1.000000000000000000 ) ) ;
#4458 = LINE ( 'NONE', #3824, #960 ) ;
#4459 = EDGE_LOOP ( 'NONE', ( #1947, #1184 ) ) ;
#4460 = ORIENTED_EDGE ( 'NONE', *, *, #3121, .F. ) ;
#4461 = ORIENTED_EDGE ( 'NONE', *, *, #219, .F. ) ;
#4462 = EDGE_CURVE ( 'NONE', #2618, #2290, #5722, .T. ) ;
#4463 = CARTESIAN_POINT ( 'NONE',  ( 497.8278992884585250, 512.2068833318884344, 3.900000000000000355 ) ) ;
#4464 = DIRECTION ( 'NONE',  ( 1.000000000000000000, 0.000000000000000000, 0.000000000000000000 ) ) ;
#4465 = LINE ( 'NONE', #7646, #8873 ) ;
#4466 = FACE_BOUND ( 'NONE', #6201, .T. ) ;
#4467 = EDGE_CURVE ( 'NONE', #1294, #6453, #1472, .T. ) ;
#4468 = DIRECTION ( 'NONE',  ( -1.000000000000000000, -5.572884202040000394E-16, 0.000000000000000000 ) ) ;
#4469 = VERTEX_POINT ( 'NONE', #5774 ) ;
#4470 = VERTEX_POINT ( 'NONE', #7952 ) ;
#4471 = ORIENTED_EDGE ( 'NONE', *, *, #5565, .F. ) ;
#4472 = EDGE_CURVE ( 'NONE', #5545, #3238, #4773, .T. ) ;
#4473 = EDGE_CURVE ( 'NONE', #3215, #6050, #9740, .T. ) ;
#4474 = DIRECTION ( 'NONE',  ( 0.000000000000000000, -0.000000000000000000, 1.000000000000000000 ) ) ;
#4475 = FACE_OUTER_BOUND ( 'NONE', #8245, .T. ) ;
#4477 = CARTESIAN_POINT ( 'NONE',  ( 500.0000000000000000, 30.00000000000000000, 0.000000000000000000 ) ) ;
#4476 = AXIS2_PLACEMENT_3D ( 'NONE', #1001, #7411, #5968 ) ;
#4478 = FACE_OUTER_BOUND ( 'NONE', #4719, .T. ) ;
#4479 = DIRECTION ( 'NONE',  ( 0.000000000000000000, 0.000000000000000000, -1.000000000000000000 ) ) ;
#4480 = CARTESIAN_POINT ( 'NONE',  ( 343.0000000000000000, 2.545584412271600261, -1.110223024625159854E-14 ) ) ;
#4481 = ADVANCED_FACE ( 'NONE', ( #4718, #2332, #7216 ), #697, .F. ) ;
#4482 = AXIS2_PLACEMENT_3D ( 'NONE', #9947, #3441, #8418 ) ;
#4483 = ORIENTED_EDGE ( 'NONE', *, *, #5891, .F. ) ;
#4484 = VECTOR ( 'NONE', #5511, 1000.000000000000000 ) ;
#4485 = CARTESIAN_POINT ( 'NONE',  ( 506.9955810138532115, 359.9999999999999432, 6.702409263516099003 ) ) ;
#4486 = CIRCLE ( 'NONE', #2458, 2.350000000000004974 ) ;
#4487 = EDGE_LOOP ( 'NONE', ( #8460, #2800, #3311, #8827 ) ) ;
#4488 = EDGE_CURVE ( 'NONE', #955, #211, #7161, .T. ) ;
#4489 = LINE ( 'NONE', #8721, #3898 ) ;
#4490 = AXIS2_PLACEMENT_3D ( 'NONE', #3753, #6984, #6185 ) ;
#4491 = EDGE_LOOP ( 'NONE', ( #9143, #2048, #9908, #4502, #10210, #120, #978, #535, #10041, #9758, #7029, #2528 ) ) ;
#4492 = PLANE ( 'NONE',  #1166 ) ;
#4493 = CARTESIAN_POINT ( 'NONE',  ( 20.00000000000000000, 360.0000000000000000, 20.00000000000000000 ) ) ;
#4494 = DIRECTION ( 'NONE',  ( 0.000000000000000000, -6.123233995736799316E-17, -1.000000000000000000 ) ) ;
#4495 = AXIS2_PLACEMENT_3D ( 'NONE', #738, #9676, #8148 ) ;
#4496 = CARTESIAN_POINT ( 'NONE',  ( 180.0000000000000000, 10.00000000000000000, 10.00000000000000000 ) ) ;
#4497 = DIRECTION ( 'NONE',  ( 0.000000000000000000, -1.000000000000000000, 0.000000000000000000 ) ) ;
#4498 = CARTESIAN_POINT ( 'NONE',  ( 507.3981255356572433, 170.0000000000002274, 6.504021310803247857 ) ) ;
#4499 = CARTESIAN_POINT ( 'NONE',  ( 158.2500000000000000, 10.00000000000000000, 10.00000000000000000 ) ) ;
#4500 = AXIS2_PLACEMENT_3D ( 'NONE', #7184, #3147, #4745 ) ;
#4501 = ORIENTED_EDGE ( 'NONE', *, *, #7200, .T. ) ;
#4502 = ORIENTED_EDGE ( 'NONE', *, *, #3364, .F. ) ;
#4503 = AXIS2_PLACEMENT_3D ( 'NONE', #9126, #1917, #342 ) ;
#4504 = PLANE ( 'NONE',  #1812 ) ;
#4505 = AXIS2_PLACEMENT_3D ( 'NONE', #2928, #2044, #1993 ) ;
#4506 = ORIENTED_EDGE ( 'NONE', *, *, #3489, .F. ) ;
#4507 = FACE_OUTER_BOUND ( 'NONE', #7775, .T. ) ;
#4508 = CARTESIAN_POINT ( 'NONE',  ( 503.0343435439377231, 165.9999999999999432, 3.900000000000000355 ) ) ;
#4509 = AXIS2_PLACEMENT_3D ( 'NONE', #2029, #7915, #8590 ) ;
#4510 = DIRECTION ( 'NONE',  ( 1.000000000000000000, 0.000000000000000000, 0.000000000000000000 ) ) ;
#4511 = ORIENTED_EDGE ( 'NONE', *, *, #1575, .F. ) ;
#4512 = AXIS2_PLACEMENT_3D ( 'NONE', #603, #3997, #9540 ) ;
#4513 = VERTEX_POINT ( 'NONE', #7269 ) ;
#4514 = ORIENTED_EDGE ( 'NONE', *, *, #1372, .T. ) ;
#4515 = EDGE_CURVE ( 'NONE', #6873, #1703, #8159, .T. ) ;
#4516 = VECTOR ( 'NONE', #8007, 1000.000000000000000 ) ;
#4517 = CARTESIAN_POINT ( 'NONE',  ( 498.2500000000000000, 160.0000000000000000, 0.000000000000000000 ) ) ;
#4518 = PLANE ( 'NONE',  #6384 ) ;
#4519 = LINE ( 'NONE', #447, #7516 ) ;
#4520 = DIRECTION ( 'NONE',  ( 0.000000000000000000, 0.000000000000000000, -1.000000000000000000 ) ) ;
#4521 = CARTESIAN_POINT ( 'NONE',  ( 326.8000000000000114, 10.00000000000000000, 4.000000000000000000 ) ) ;
#4522 = EDGE_CURVE ( 'NONE', #6427, #2468, #112, .T. ) ;
#4523 = VERTEX_POINT ( 'NONE', #2433 ) ;
#4524 = VECTOR ( 'NONE', #4648, 1000.000000000000000 ) ;
#4525 = EDGE_LOOP ( 'NONE', ( #7362, #4252 ) ) ;
#4526 = ORIENTED_EDGE ( 'NONE', *, *, #5180, .F. ) ;
#4527 = AXIS2_PLACEMENT_3D ( 'NONE', #5816, #9787, #2530 ) ;
#4528 = EDGE_CURVE ( 'NONE', #7192, #10051, #4136, .T. ) ;
#4529 = LINE ( 'NONE', #2977, #1527 ) ;
#4530 = CARTESIAN_POINT ( 'NONE',  ( 500.0000000000000000, 370.0000000000000000, 12.00000000000000000 ) ) ;
#4531 = DIRECTION ( 'NONE',  ( 1.000000000000000000, 0.000000000000000000, 0.000000000000000000 ) ) ;
#4532 = PLANE ( 'NONE',  #6701 ) ;
#4533 = LINE ( 'NONE', #4433, #2480 ) ;
#4534 = FACE_OUTER_BOUND ( 'NONE', #9022, .T. ) ;
#4535 = VERTEX_POINT ( 'NONE', #1537 ) ;
#4536 = CARTESIAN_POINT ( 'NONE',  ( 503.2000000000001023, 370.0000000000001705, 4.898046116018375251 ) ) ;
#4537 = ORIENTED_EDGE ( 'NONE', *, *, #6497, .T. ) ;
#4538 = EDGE_LOOP ( 'NONE', ( #3791, #8117 ) ) ;
#4539 = EDGE_LOOP ( 'NONE', ( #6605, #5927, #8560, #2921 ) ) ;
#4540 = DIRECTION ( 'NONE',  ( 1.000000000000000000, 0.000000000000000000, 0.000000000000000000 ) ) ;
#4541 = ORIENTED_EDGE ( 'NONE', *, *, #8524, .T. ) ;
#4542 = VECTOR ( 'NONE', #2173, 1000.000000000000000 ) ;
#4543 = EDGE_CURVE ( 'NONE', #6357, #9348, #633, .T. ) ;
#4544 = DIRECTION ( 'NONE',  ( 0.000000000000000000, -1.000000000000000000, 5.010031699572010192E-16 ) ) ;
#4545 = DIRECTION ( 'NONE',  ( 1.000000000000000000, 0.000000000000000000, 0.000000000000000000 ) ) ;
#4546 = CARTESIAN_POINT ( 'NONE',  ( 340.0000000000000000, 510.0000000000000000, 20.00000000000000000 ) ) ;
#4547 = LINE ( 'NONE', #9307, #6164 ) ;
#4548 = EDGE_CURVE ( 'NONE', #1856, #6873, #7401, .T. ) ;
#4549 = ADVANCED_FACE ( 'NONE', ( #6363 ), #1693, .T. ) ;
#4550 = EDGE_CURVE ( 'NONE', #4944, #5144, #8111, .T. ) ;
#4551 = LINE ( 'NONE', #10249, #5176 ) ;
#4552 = ORIENTED_EDGE ( 'NONE', *, *, #5449, .F. ) ;
#4553 = VECTOR ( 'NONE', #3930, 1000.000000000000000 ) ;
#4554 = DIRECTION ( 'NONE',  ( 0.000000000000000000, 0.000000000000000000, -1.000000000000000000 ) ) ;
#4555 = DIRECTION ( 'NONE',  ( 0.000000000000000000, 0.000000000000000000, -1.000000000000000000 ) ) ;
#4556 = ORIENTED_EDGE ( 'NONE', *, *, #1123, .F. ) ;
#4557 = LINE ( 'NONE', #4606, #9128 ) ;
#4558 = EDGE_CURVE ( 'NONE', #8973, #8776, #3982, .T. ) ;
#4559 = ORIENTED_EDGE ( 'NONE', *, *, #2482, .F. ) ;
#4560 = CARTESIAN_POINT ( 'NONE',  ( 503.2000000000001023, 370.0000000000001705, 4.898046116018375251 ) ) ;
#4561 = AXIS2_PLACEMENT_3D ( 'NONE', #163, #9836, #8900 ) ;
#4562 = EDGE_LOOP ( 'NONE', ( #8405, #3445, #6747, #1586 ) ) ;
#4563 = DIRECTION ( 'NONE',  ( 1.000000000000000000, 0.000000000000000000, 0.000000000000000000 ) ) ;
#4564 = CARTESIAN_POINT ( 'NONE',  ( 503.0359596853934931, 181.0114093081761553, 4.000000000000000000 ) ) ;
#4565 = CARTESIAN_POINT ( 'NONE',  ( 374.0585622580146037, 8.565444110777084674, 3.900000000000000355 ) ) ;
#4566 = EDGE_LOOP ( 'NONE', ( #8791, #428, #2080, #3028 ) ) ;
#4567 = VECTOR ( 'NONE', #6074, 1000.000000000000000 ) ;
#4568 = ORIENTED_EDGE ( 'NONE', *, *, #2649, .F. ) ;
#4569 = ORIENTED_EDGE ( 'NONE', *, *, #299, .T. ) ;
#4570 = VECTOR ( 'NONE', #10068, 1000.000000000000000 ) ;
#4571 = CARTESIAN_POINT ( 'NONE',  ( 170.0000000000000000, 265.0000000000000000, 10.00000000000000000 ) ) ;
#4572 = CARTESIAN_POINT ( 'NONE',  ( 500.0000000000000000, 160.0000000000000000, 20.00000000000000000 ) ) ;
#4573 = CYLINDRICAL_SURFACE ( 'NONE', #1419, 1.499999999999937161 ) ;
#4574 = PLANE ( 'NONE',  #8082 ) ;
#4575 = CARTESIAN_POINT ( 'NONE',  ( 503.0000000000000000, 246.2999999999999829, 7.000000000000000000 ) ) ;
#4576 = EDGE_LOOP ( 'NONE', ( #6821, #1514, #2903, #3472 ) ) ;
#4577 = ORIENTED_EDGE ( 'NONE', *, *, #3188, .T. ) ;
#4578 = ORIENTED_EDGE ( 'NONE', *, *, #9453, .T. ) ;
#4579 = FACE_OUTER_BOUND ( 'NONE', #8285, .T. ) ;
#4580 = DIRECTION ( 'NONE',  ( 0.000000000000000000, 0.000000000000000000, -1.000000000000000000 ) ) ;
#4581 = STYLED_ITEM ( 'NONE', ( #691 ), #3668 ) ;
#4582 = DIRECTION ( 'NONE',  ( 0.000000000000000000, 0.000000000000000000, -1.000000000000000000 ) ) ;
#4583 = DIRECTION ( 'NONE',  ( 0.000000000000000000, 0.000000000000000000, -1.000000000000000000 ) ) ;
#4584 = DIRECTION ( 'NONE',  ( 0.000000000000000000, 0.9271838545667858700, 0.3746065934159159561 ) ) ;
#4585 = CARTESIAN_POINT ( 'NONE',  ( 20.00000000000000000, 167.0000000000000000, -1.344016575879149902E-15 ) ) ;
#4586 =( BOUNDED_SURFACE ( )  B_SPLINE_SURFACE ( 3, 3, ( 
 ( #1948, #8413, #4443, #475 ),
 ( #2690, #3488, #8315, #4289 ),
 ( #7513, #7622, #7570, #5930 ),
 ( #6669, #5187, #5977, #9890 ) ),
 .UNSPECIFIED., .F., .F., .F. ) 
 B_SPLINE_SURFACE_WITH_KNOTS ( ( 4, 4 ),
 ( 4, 4 ),
 ( 0.000000000000000000, 1.000000000000000000 ),
 ( 0.000000000000000000, 1.000000000000000000 ),
 .UNSPECIFIED. ) 
 GEOMETRIC_REPRESENTATION_ITEM ( )  RATIONAL_B_SPLINE_SURFACE ( (
 ( 1.000000000000000000, 0.9745053363049747119, 0.9745053363049747119, 1.000000000000000000),
 ( 0.3333333333333333703, 0.3248351121016582743, 0.3248351121016582743, 0.3333333333333333703),
 ( 0.3333333333333333703, 0.3248351121016582743, 0.3248351121016582743, 0.3333333333333333703),
 ( 1.000000000000000000, 0.9745053363049747119, 0.9745053363049747119, 1.000000000000000000) ) ) 
 REPRESENTATION_ITEM ( '' )  SURFACE ( )  );
#4587 = EDGE_CURVE ( 'NONE', #6581, #9644, #6829, .T. ) ;
#4588 = ORIENTED_EDGE ( 'NONE', *, *, #8478, .T. ) ;
#4589 = CARTESIAN_POINT ( 'NONE',  ( 503.9914977317757803, 360.0000000000003411, 6.154055187152176920 ) ) ;
#4590 = VERTEX_POINT ( 'NONE', #6778 ) ;
#4591 = ORIENTED_EDGE ( 'NONE', *, *, #7764, .T. ) ;
#4592 = ORIENTED_EDGE ( 'NONE', *, *, #10076, .T. ) ;
#4593 = PLANE ( 'NONE',  #1346 ) ;
#4594 = DIRECTION ( 'NONE',  ( 1.000000000000000000, 0.000000000000000000, 0.000000000000000000 ) ) ;
#4595 = CARTESIAN_POINT ( 'NONE',  ( 503.0721649371210447, 265.4096776646126159, 4.382250650604668785 ) ) ;
#4596 = EDGE_CURVE ( 'NONE', #3187, #7210, #1164, .T. ) ;
#4597 = DIRECTION ( 'NONE',  ( -1.492928237510310014E-32, 0.000000000000000000, 1.000000000000000000 ) ) ;
#4598 = DIRECTION ( 'NONE',  ( 0.000000000000000000, 0.000000000000000000, 1.000000000000000000 ) ) ;
#4599 = LINE ( 'NONE', #1416, #6685 ) ;
#4600 = FACE_BOUND ( 'NONE', #3829, .T. ) ;
#4601 = EDGE_CURVE ( 'NONE', #3447, #6299, #4342, .T. ) ;
#4602 = CARTESIAN_POINT ( 'NONE',  ( 507.5550575098724835, 170.0000000000001705, 6.403586149471688138 ) ) ;
#4603 =( NAMED_UNIT ( * ) SI_UNIT ( $, .STERADIAN. ) SOLID_ANGLE_UNIT ( ) );
#4604 = ORIENTED_EDGE ( 'NONE', *, *, #2454, .T. ) ;
#4605 = AXIS2_PLACEMENT_3D ( 'NONE', #8729, #1474, #7944 ) ;
#4606 = CARTESIAN_POINT ( 'NONE',  ( 18.39999999999999858, 170.0000000000000000, 16.13725830020299767 ) ) ;
#4607 = ORIENTED_EDGE ( 'NONE', *, *, #6697, .F. ) ;
#4608 = DIRECTION ( 'NONE',  ( 1.000000000000000000, 0.000000000000000000, 0.000000000000000000 ) ) ;
#4609 = ADVANCED_FACE ( 'NONE', ( #1903 ), #8317, .F. ) ;
#4610 = CARTESIAN_POINT ( 'NONE',  ( 11.75000000000000000, 370.0000000000000000, 10.00000000000000000 ) ) ;
#4611 = ORIENTED_EDGE ( 'NONE', *, *, #9524, .T. ) ;
#4612 = DIRECTION ( 'NONE',  ( 1.340646671245470025E-16, -1.000000000000000000, 0.000000000000000000 ) ) ;
#4613 = CARTESIAN_POINT ( 'NONE',  ( 496.8000000000000114, 350.0000000000000000, 4.000000000000000000 ) ) ;
#4614 = EDGE_CURVE ( 'NONE', #4714, #6179, #8210, .T. ) ;
#4615 = LINE ( 'NONE', #3716, #10386 ) ;
#4616 = EDGE_LOOP ( 'NONE', ( #3047, #9951, #1699, #8787 ) ) ;
#4617 = ORIENTED_EDGE ( 'NONE', *, *, #2013, .F. ) ;
#4618 = AXIS2_PLACEMENT_3D ( 'NONE', #736, #8667, #4594 ) ;
#4619 = FILL_AREA_STYLE_COLOUR ( '', #9507 ) ;
#4620 = CIRCLE ( 'NONE', #899, 2.350000000000018741 ) ;
#4621 = VERTEX_POINT ( 'NONE', #9892 ) ;
#4622 = EDGE_LOOP ( 'NONE', ( #3514, #2912, #4295, #3498 ) ) ;
#4623 = DIRECTION ( 'NONE',  ( 1.854948556737009897E-16, -0.7071067811865480168, 0.7071067811865470176 ) ) ;
#4624 = FACE_OUTER_BOUND ( 'NONE', #6215, .T. ) ;
#4625 = LINE ( 'NONE', #8647, #7009 ) ;
#4626 = CARTESIAN_POINT ( 'NONE',  ( -9.860761315262649319E-31, 530.0000000000000000, 0.000000000000000000 ) ) ;
#4627 = DIRECTION ( 'NONE',  ( 0.000000000000000000, 0.000000000000000000, -1.000000000000000000 ) ) ;
#4628 = VERTEX_POINT ( 'NONE', #1744 ) ;
#4629 = ORIENTED_EDGE ( 'NONE', *, *, #3424, .F. ) ;
#4630 = EDGE_LOOP ( 'NONE', ( #1547, #9457, #5556, #7116 ) ) ;
#4631 = CARTESIAN_POINT ( 'NONE',  ( 510.0000000000000000, 256.2999999999999545, 7.000000000000000000 ) ) ;
#4632 = DIRECTION ( 'NONE',  ( 1.000000000000000000, 0.000000000000000000, 0.000000000000000000 ) ) ;
#4633 = DIRECTION ( 'NONE',  ( -1.000000000000000000, 0.000000000000000000, 0.000000000000000000 ) ) ;
#4634 = CARTESIAN_POINT ( 'NONE',  ( 20.00000000000000000, 510.0000000000000000, 0.000000000000000000 ) ) ;
#4635 = CARTESIAN_POINT ( 'NONE',  ( 503.1999999999999886, 160.0000000000000000, 20.00000000000000000 ) ) ;
#4636 = CARTESIAN_POINT ( 'NONE',  ( 170.0000000000000000, 511.6000000000000796, -1.527713595751250061E-15 ) ) ;
#4637 = VERTEX_POINT ( 'NONE', #2739 ) ;
#4638 = DIRECTION ( 'NONE',  ( 0.000000000000000000, -6.123233995736769734E-17, -1.000000000000000000 ) ) ;
#4639 = ORIENTED_EDGE ( 'NONE', *, *, #3706, .T. ) ;
#4640 = EDGE_LOOP ( 'NONE', ( #10033, #8385, #9810, #9672 ) ) ;
#4641 = VERTEX_POINT ( 'NONE', #9110 ) ;
#4642 = STYLED_ITEM ( 'NONE', ( #8330 ), #6948 ) ;
#4643 = CARTESIAN_POINT ( 'NONE',  ( 503.0343435439377231, 19.32959827346325454, 6.433224273564971550E-16 ) ) ;
#4644 = PLANE ( 'NONE',  #8338 ) ;
#4645 = CYLINDRICAL_SURFACE ( 'NONE', #10287, 1.749999999999973799 ) ;
#4646 = CARTESIAN_POINT ( 'NONE',  ( 503.0343435439377231, 363.0000000000000000, 4.062885674949857417 ) ) ;
#4647 = EDGE_CURVE ( 'NONE', #9644, #3010, #5931, .T. ) ;
#4648 = DIRECTION ( 'NONE',  ( 0.000000000000000000, 1.000000000000000000, 0.000000000000000000 ) ) ;
#4649 = AXIS2_PLACEMENT_3D ( 'NONE', #5400, #426, #7675 ) ;
#4650 = FACE_OUTER_BOUND ( 'NONE', #7264, .T. ) ;
#4651 = CIRCLE ( 'NONE', #4999, 1.750000000000001554 ) ;
#4652 = VECTOR ( 'NONE', #897, 1000.000000000000000 ) ;
#4653 = DIRECTION ( 'NONE',  ( 0.000000000000000000, 1.000000000000000000, 0.000000000000000000 ) ) ;
#4654 = CARTESIAN_POINT ( 'NONE',  ( 507.9753241728761850, 170.0000000000000853, 6.053576733282440614 ) ) ;
#4655 = EDGE_CURVE ( 'NONE', #3760, #10010, #5038, .T. ) ;
#4656 = SURFACE_STYLE_USAGE ( .BOTH. , #2164 ) ;
#4657 = ORIENTED_EDGE ( 'NONE', *, *, #9576, .T. ) ;
#4658 = LINE ( 'NONE', #3759, #3 ) ;
#4659 = EDGE_LOOP ( 'NONE', ( #7347, #6945, #8264 ) ) ;
#4660 = AXIS2_PLACEMENT_3D ( 'NONE', #9352, #10302, #5443 ) ;
#4661 = AXIS2_PLACEMENT_3D ( 'NONE', #143, #5013, #8242 ) ;
#4662 = CARTESIAN_POINT ( 'NONE',  ( 183.1999999999999886, 520.0000000000000000, 12.00000000000000000 ) ) ;
#4663 = EDGE_CURVE ( 'NONE', #6911, #3380, #8578, .T. ) ;
#4664 = CARTESIAN_POINT ( 'NONE',  ( 510.0000000000000000, 170.0000000000000000, 0.000000000000000000 ) ) ;
#4665 = ORIENTED_EDGE ( 'NONE', *, *, #2588, .F. ) ;
#4666 = LINE ( 'NONE', #7844, #1845 ) ;
#4667 = FACE_OUTER_BOUND ( 'NONE', #5232, .T. ) ;
#4668 = VECTOR ( 'NONE', #7340, 1000.000000000000000 ) ;
#4669 = EDGE_CURVE ( 'NONE', #1723, #2039, #1010, .T. ) ;
#4670 = DIRECTION ( 'NONE',  ( 0.000000000000000000, -1.000000000000000000, 0.000000000000000000 ) ) ;
#4671 = ORIENTED_EDGE ( 'NONE', *, *, #9259, .T. ) ;
#4672 = VERTEX_POINT ( 'NONE', #10045 ) ;
#4673 = CARTESIAN_POINT ( 'NONE',  ( 8.250000000000000000, 500.0000000000000000, 0.000000000000000000 ) ) ;
#4674 = ORIENTED_EDGE ( 'NONE', *, *, #7412, .F. ) ;
#4675 = ORIENTED_EDGE ( 'NONE', *, *, #2833, .F. ) ;
#4676 = ADVANCED_FACE ( 'NONE', ( #9840 ), #5188, .F. ) ;
#4677 = LINE ( 'NONE', #7749, #7389 ) ;
#4678 = AXIS2_PLACEMENT_3D ( 'NONE', #6102, #9328, #7804 ) ;
#4679 = CARTESIAN_POINT ( 'NONE',  ( 368.2389550140385381, 523.2298202377402276, -9.146565213191545956E-17 ) ) ;
#4680 =( NAMED_UNIT ( * ) SI_UNIT ( $, .STERADIAN. ) SOLID_ANGLE_UNIT ( ) );
#4681 = FACE_OUTER_BOUND ( 'NONE', #9517, .T. ) ;
#4682 = EDGE_CURVE ( 'NONE', #3215, #5982, #4393, .T. ) ;
#4683 = VECTOR ( 'NONE', #4798, 1000.000000000000000 ) ;
#4684 = DIRECTION ( 'NONE',  ( 1.000000000000000000, 0.000000000000000000, 0.000000000000000000 ) ) ;
#4685 = EDGE_CURVE ( 'NONE', #2911, #6370, #8266, .T. ) ;
#4686 = ORIENTED_EDGE ( 'NONE', *, *, #1671, .F. ) ;
#4687 = ORIENTED_EDGE ( 'NONE', *, *, #9394, .T. ) ;
#4688 = AXIS2_PLACEMENT_3D ( 'NONE', #10303, #2053, #10247 ) ;
#4689 = CARTESIAN_POINT ( 'NONE',  ( 496.8000000000000114, 30.00000000000000000, 4.000000000000000000 ) ) ;
#4691 = EDGE_CURVE ( 'NONE', #5621, #132, #3389, .T. ) ;
#4690 = DIRECTION ( 'NONE',  ( 0.000000000000000000, 0.000000000000000000, 1.000000000000000000 ) ) ;
#4692 = DIRECTION ( 'NONE',  ( 0.000000000000000000, -0.7071067811865480168, 0.7071067811865470176 ) ) ;
#4693 = DIRECTION ( 'NONE',  ( 0.000000000000000000, 0.000000000000000000, -1.000000000000000000 ) ) ;
#4694 = FACE_OUTER_BOUND ( 'NONE', #9833, .T. ) ;
#4695 = PLANE ( 'NONE',  #4418 ) ;
#4696 = AXIS2_PLACEMENT_3D ( 'NONE', #5027, #8352, #5761 ) ;
#4697 = ORIENTED_EDGE ( 'NONE', *, *, #3318, .T. ) ;
#4698 = CARTESIAN_POINT ( 'NONE',  ( 167.0000000000000000, 510.0000000000000000, -1.344016575879139844E-15 ) ) ;
#4699 = ORIENTED_EDGE ( 'NONE', *, *, #9852, .F. ) ;
#4700 = AXIS2_PLACEMENT_3D ( 'NONE', #4031, #7946, #3225 ) ;
#4701 = ORIENTED_EDGE ( 'NONE', *, *, #4147, .F. ) ;
#4702 = ORIENTED_EDGE ( 'NONE', *, *, #7050, .T. ) ;
#4703 = CARTESIAN_POINT ( 'NONE',  ( 255.0000000000000000, 531.0209190234523930, 17.47661183350410141 ) ) ;
#4704 = CARTESIAN_POINT ( 'NONE',  ( 0.000000000000000000, 419.8000000000000114, 12.99999999999979927 ) ) ;
#4705 = CARTESIAN_POINT ( 'NONE',  ( 497.0916226339046489, 523.2298202377401140, -9.146565213191545956E-17 ) ) ;
#4706 = CARTESIAN_POINT ( 'NONE',  ( 176.7999999999999829, 10.00000000000000000, 20.00000000000000000 ) ) ;
#4707 = LINE ( 'NONE', #3164, #1479 ) ;
#4708 = B_SPLINE_CURVE_WITH_KNOTS ( 'NONE', 3,
 ( #7550, #1141, #5219, #4374, #1086, #7648, #1829, #2035, #451, #3468 ),
 .UNSPECIFIED., .F., .F.,
 ( 4, 2, 2, 2, 4 ),
 ( 0.001490824630554200402, 0.001863525137517671069, 0.002236225644481141736, 0.002608926151444612186, 0.002981626658408083070 ),
 .UNSPECIFIED. ) ;
#4709 = DIRECTION ( 'NONE',  ( 0.000000000000000000, 0.000000000000000000, -1.000000000000000000 ) ) ;
#4710 = CARTESIAN_POINT ( 'NONE',  ( 503.0359596853934931, 178.9885906918238163, 4.000000000000000000 ) ) ;
#4711 = ORIENTED_EDGE ( 'NONE', *, *, #6294, .F. ) ;
#4712 = DIRECTION ( 'NONE',  ( -1.860521002879739963E-33, 1.000000000000000000, 0.000000000000000000 ) ) ;
#4713 = DIRECTION ( 'NONE',  ( 4.329780281177479988E-17, 0.7071067811865470176, 0.7071067811865480168 ) ) ;
#4714 = VERTEX_POINT ( 'NONE', #9051 ) ;
#4715 = DIRECTION ( 'NONE',  ( 1.340646671245470025E-16, -1.000000000000000000, 0.000000000000000000 ) ) ;
#4716 = VERTEX_POINT ( 'NONE', #4244 ) ;
#4717 = DIRECTION ( 'NONE',  ( 1.000000000000000000, 2.786442101020000197E-16, 0.000000000000000000 ) ) ;
#4718 = FACE_BOUND ( 'NONE', #7402, .T. ) ;
#4719 = EDGE_LOOP ( 'NONE', ( #7291, #599, #5946, #10112 ) ) ;
#4720 = AXIS2_PLACEMENT_3D ( 'NONE', #203, #3423, #6767 ) ;
#4721 = FACE_OUTER_BOUND ( 'NONE', #4539, .T. ) ;
#4722 = DIRECTION ( 'NONE',  ( 0.000000000000000000, 1.000000000000000000, 0.000000000000000000 ) ) ;
#4723 = CARTESIAN_POINT ( 'NONE',  ( 507.8942299243902880, 170.0000000000001705, 6.131506775748141180 ) ) ;
#4725 = ORIENTED_EDGE ( 'NONE', *, *, #295, .T. ) ;
#4724 = ADVANCED_FACE ( 'NONE', ( #7467 ), #216, .T. ) ;
#4726 = VERTEX_POINT ( 'NONE', #4290 ) ;
#4727 = PRESENTATION_STYLE_ASSIGNMENT (( #7850 ) ) ;
#4728 = ORIENTED_EDGE ( 'NONE', *, *, #2982, .T. ) ;
#4729 = ORIENTED_EDGE ( 'NONE', *, *, #10104, .F. ) ;
#4730 = VECTOR ( 'NONE', #5560, 1000.000000000000000 ) ;
#4731 = DIRECTION ( 'NONE',  ( 0.000000000000000000, 1.000000000000000000, 0.000000000000000000 ) ) ;
#4732 = DIRECTION ( 'NONE',  ( 0.000000000000000000, -1.184237892934309955E-13, 1.000000000000000000 ) ) ;
#4733 = EDGE_CURVE ( 'NONE', #8776, #6020, #7515, .T. ) ;
#4734 = LINE ( 'NONE', #7969, #5831 ) ;
#4735 = CARTESIAN_POINT ( 'NONE',  ( 501.6140403761325501, 516.9820267087886805, 3.899999999999999467 ) ) ;
#4736 = PLANE ( 'NONE',  #6206 ) ;
#4737 = AXIS2_PLACEMENT_3D ( 'NONE', #3216, #7406, #8043 ) ;
#4738 = LINE ( 'NONE', #2297, #5795 ) ;
#4739 = ORIENTED_EDGE ( 'NONE', *, *, #1350, .T. ) ;
#4740 = EDGE_CURVE ( 'NONE', #1089, #964, #9754, .T. ) ;
#4741 = VERTEX_POINT ( 'NONE', #4546 ) ;
#4742 = CARTESIAN_POINT ( 'NONE',  ( 180.0000000000000000, 520.0000000000000000, 10.00000000000000000 ) ) ;
#4743 = CARTESIAN_POINT ( 'NONE',  ( 500.0000000000000000, 370.0000000000000000, 4.000000000000000000 ) ) ;
#4744 = VECTOR ( 'NONE', #6915, 1000.000000000000000 ) ;
#4745 = DIRECTION ( 'NONE',  ( 0.000000000000000000, 0.3746065934159247268, -0.9271838545667822062 ) ) ;
#4746 = EDGE_CURVE ( 'NONE', #7911, #10189, #5874, .T. ) ;
#4747 = EDGE_CURVE ( 'NONE', #6204, #5520, #5365, .T. ) ;
#4748 = CARTESIAN_POINT ( 'NONE',  ( 510.0000000000000000, 9.860761315262649319E-31, 20.00000000000000000 ) ) ;
#4749 = DIRECTION ( 'NONE',  ( 1.000000000000000000, 0.000000000000000000, 0.000000000000000000 ) ) ;
#4750 = CARTESIAN_POINT ( 'NONE',  ( 350.0000000000000000, 520.0000000000000000, 4.000000000000000000 ) ) ;
#4751 = MECHANICAL_DESIGN_GEOMETRIC_PRESENTATION_REPRESENTATION (  '', ( #5760 ), #9812 ) ;
#4752 = VERTEX_POINT ( 'NONE', #8671 ) ;
#4753 = EDGE_CURVE ( 'NONE', #372, #3017, #8512, .T. ) ;
#4754 = DIRECTION ( 'NONE',  ( 1.239318725162969861E-16, -1.000000000000000000, -7.638567978756229350E-17 ) ) ;
#4755 = ORIENTED_EDGE ( 'NONE', *, *, #4472, .F. ) ;
#4756 = ORIENTED_EDGE ( 'NONE', *, *, #811, .T. ) ;
#4757 = AXIS2_PLACEMENT_3D ( 'NONE', #5048, #1224, #6686 ) ;
#4758 = VERTEX_POINT ( 'NONE', #632 ) ;
#4759 = CARTESIAN_POINT ( 'NONE',  ( 346.8000000000000114, 520.0000000000000000, 12.00000000000000000 ) ) ;
#4760 = CARTESIAN_POINT ( 'NONE',  ( 491.5999999999999659, 170.0000000000000000, 16.13725830020310070 ) ) ;
#4761 = CARTESIAN_POINT ( 'NONE',  ( 160.0000000000000000, 10.00000000000000000, 20.00000000000000000 ) ) ;
#4762 = DIRECTION ( 'NONE',  ( -0.4362634564888498989, 0.8998189798689519847, 0.000000000000000000 ) ) ;
#4763 = DIRECTION ( 'NONE',  ( 1.000000000000000000, 0.000000000000000000, 0.000000000000000000 ) ) ;
#4764 = CARTESIAN_POINT ( 'NONE',  ( 20.00000000000000000, 20.00000000000000000, 0.000000000000000000 ) ) ;
#4765 = DIRECTION ( 'NONE',  ( 1.000000000000000000, 0.000000000000000000, 0.000000000000000000 ) ) ;
#4766 = ORIENTED_EDGE ( 'NONE', *, *, #1889, .T. ) ;
#4767 = CARTESIAN_POINT ( 'NONE',  ( 340.0000000000000000, 2.545584412271600261, -1.162065018325269910E-14 ) ) ;
#4768 = SURFACE_STYLE_USAGE ( .BOTH. , #3976 ) ;
#4769 = ORIENTED_EDGE ( 'NONE', *, *, #8733, .T. ) ;
#4770 = DIRECTION ( 'NONE',  ( 0.000000000000000000, 1.000000000000000000, 5.010031699572010192E-16 ) ) ;
#4771 = ORIENTED_EDGE ( 'NONE', *, *, #5080, .F. ) ;
#4772 = PLANE ( 'NONE',  #5999 ) ;
#4773 = LINE ( 'NONE', #1485, #3506 ) ;
#4774 = CYLINDRICAL_SURFACE ( 'NONE', #6243, 3.199999999999999734 ) ;
#4775 = LINE ( 'NONE', #4092, #8597 ) ;
#4776 = CARTESIAN_POINT ( 'NONE',  ( 507.4715576182726977, 170.0000000000001137, 6.458517376811801824 ) ) ;
#4777 = ORIENTED_EDGE ( 'NONE', *, *, #354, .F. ) ;
#4778 = EDGE_LOOP ( 'NONE', ( #6540, #5910, #1661, #10062, #8611, #4771, #7206, #10333, #4506, #10454, #2934, #7879 ) ) ;
#4779 = CARTESIAN_POINT ( 'NONE',  ( 354.8672942300258910, -1.659516513202184844E-15, 4.600525057048149513 ) ) ;
#4780 = AXIS2_PLACEMENT_3D ( 'NONE', #8398, #10232, #4632 ) ;
#4781 = ORIENTED_EDGE ( 'NONE', *, *, #480, .T. ) ;
#4782 = EDGE_LOOP ( 'NONE', ( #9997, #10375, #5385, #2068, #799, #7385, #5235, #9555, #9272, #7194, #10432, #6892 ) ) ;
#4783 = CARTESIAN_POINT ( 'NONE',  ( 6.500000000000000000, 89.30000000000350724, 13.00000000000000000 ) ) ;
#4784 = CARTESIAN_POINT ( 'NONE',  ( -9.860761315262649319E-31, 530.0000000000000000, 0.000000000000000000 ) ) ;
#4785 = ADVANCED_FACE ( 'NONE', ( #577 ), #3646, .F. ) ;
#4786 = DIRECTION ( 'NONE',  ( 0.000000000000000000, -0.3746065934159159005, 0.9271838545667857590 ) ) ;
#4787 = CARTESIAN_POINT ( 'NONE',  ( 498.2500000000000000, 180.0000000000000000, 0.000000000000000000 ) ) ;
#4788 = LINE ( 'NONE', #8022, #10198 ) ;
#4789 = DIRECTION ( 'NONE',  ( 1.000000000000000000, 0.000000000000000000, 0.000000000000000000 ) ) ;
#4790 = ORIENTED_EDGE ( 'NONE', *, *, #7729, .F. ) ;
#4791 = ORIENTED_EDGE ( 'NONE', *, *, #545, .F. ) ;
#4792 = EDGE_CURVE ( 'NONE', #415, #4470, #2999, .T. ) ;
#4793 = DIRECTION ( 'NONE',  ( -2.203299472210209684E-47, 1.184237892934239998E-14, 1.000000000000000000 ) ) ;
#4794 = DIRECTION ( 'NONE',  ( 0.7071067811865480168, 3.507646181912120155E-16, -0.7071067811865470176 ) ) ;
#4795 = COLOUR_RGB ( '',0.7921568627450980005, 0.8196078431372548767, 0.9333333333333333481 ) ;
#4796 = LINE ( 'NONE', #5639, #7714 ) ;
#4797 = EDGE_CURVE ( 'NONE', #5969, #7634, #529, .T. ) ;
#4798 = DIRECTION ( 'NONE',  ( 6.123233995736769734E-17, 0.000000000000000000, 1.000000000000000000 ) ) ;
#4799 = FACE_OUTER_BOUND ( 'NONE', #4310, .T. ) ;
#4800 = CARTESIAN_POINT ( 'NONE',  ( 0.000000000000000000, 0.000000000000000000, 0.000000000000000000 ) ) ;
#4801 = ORIENTED_EDGE ( 'NONE', *, *, #3903, .F. ) ;
#4802 = DIRECTION ( 'NONE',  ( 0.000000000000000000, -1.000000000000000000, 0.000000000000000000 ) ) ;
#4803 = VERTEX_POINT ( 'NONE', #5395 ) ;
#4804 = EDGE_CURVE ( 'NONE', #9873, #4716, #2148, .T. ) ;
#4805 = VERTEX_POINT ( 'NONE', #3697 ) ;
#4806 = ADVANCED_FACE ( 'NONE', ( #1364 ), #7885, .T. ) ;
#4807 = EDGE_CURVE ( 'NONE', #6873, #1856, #5542, .T. ) ;
#4808 = EDGE_LOOP ( 'NONE', ( #2328, #9058, #3882, #9544 ) ) ;
#4809 = CARTESIAN_POINT ( 'NONE',  ( 503.1923588499977882, 369.7500068335045853, 4.876419079304519677 ) ) ;
#4810 = DIRECTION ( 'NONE',  ( 0.000000000000000000, 0.000000000000000000, -1.000000000000000000 ) ) ;
#4811 = CARTESIAN_POINT ( 'NONE',  ( 490.0000000000000000, 510.0000000000000000, 0.000000000000000000 ) ) ;
#4812 = CARTESIAN_POINT ( 'NONE',  ( 500.0000000000000000, 370.0000000000000000, 4.000000000000000000 ) ) ;
#4813 = CARTESIAN_POINT ( 'NONE',  ( 498.2500000000000000, 370.0000000000000000, 10.00000000000000000 ) ) ;
#4814 = EDGE_CURVE ( 'NONE', #9863, #5939, #2005, .T. ) ;
#4815 = CARTESIAN_POINT ( 'NONE',  ( 170.0000000000000000, 265.0000000000000000, 0.000000000000000000 ) ) ;
#4816 = VECTOR ( 'NONE', #544, 1000.000000000000000 ) ;
#4817 = ORIENTED_EDGE ( 'NONE', *, *, #2858, .T. ) ;
#4818 = FACE_BOUND ( 'NONE', #5413, .T. ) ;
#4819 = AXIS2_PLACEMENT_3D ( 'NONE', #1025, #4258, #233 ) ;
#4820 = EDGE_CURVE ( 'NONE', #1597, #1690, #6565, .T. ) ;
#4821 = SURFACE_STYLE_FILL_AREA ( #2380 ) ;
#4822 = ORIENTED_EDGE ( 'NONE', *, *, #8051, .T. ) ;
#4823 = CARTESIAN_POINT ( 'NONE',  ( 500.0000000000000000, 350.0000000000000000, 0.000000000000000000 ) ) ;
#4824 = ORIENTED_EDGE ( 'NONE', *, *, #9494, .T. ) ;
#4825 = CARTESIAN_POINT ( 'NONE',  ( 503.0000000000000000, 294.2000000000000455, 7.000000000000000000 ) ) ;
#4826 = DIRECTION ( 'NONE',  ( 1.860521002879739963E-33, -1.000000000000000000, 0.000000000000000000 ) ) ;
#4827 = CIRCLE ( 'NONE', #7019, 3.199999999999980638 ) ;
#4828 = AXIS2_PLACEMENT_3D ( 'NONE', #2577, #9102, #2628 ) ;
#4829 = CARTESIAN_POINT ( 'NONE',  ( 491.8000000000000114, 360.0000000000000000, 15.65441558772840125 ) ) ;
#4830 = CARTESIAN_POINT ( 'NONE',  ( 503.2162270597289080, 170.0000000000000568, 4.959704287681942603 ) ) ;
#4831 = VERTEX_POINT ( 'NONE', #2212 ) ;
#4832 = B_SPLINE_CURVE_WITH_KNOTS ( 'NONE', 3,
 ( #10035, #2781, #5233, #9253, #1305, #5384, #1997, #1209, #519, #6972, #6874, #10184, #4485, #568, #3636, #7716, #468, #9401, #3690, #6925, #10136, #2150, #1354, #4589, #7027, #2990, #1569, #3155, #10345, #3211 ),
 .UNSPECIFIED., .F., .F.,
 ( 4, 2, 2, 2, 2, 2, 2, 2, 2, 2, 2, 2, 2, 2, 4 ),
 ( 0.000000000000000000, 0.001064174416158672606, 0.001596261624237951555, 0.002128348832317230720, 0.002660436040396509452, 0.003192523248475788618, 0.003724610456555068217, 0.004256697664634346949, 0.004788784872713626115, 0.005320872080792905280, 0.005852959288872184446, 0.006385046496951463611, 0.007449220913109752193, 0.007981308121188896917, 0.008513395329268039907 ),
 .UNSPECIFIED. ) ;
#4833 = ORIENTED_EDGE ( 'NONE', *, *, #6240, .F. ) ;
#4834 = CARTESIAN_POINT ( 'NONE',  ( 357.4328360060358705, 1.228454307775923909E-15, 6.488473523981049595 ) ) ;
#4835 = VECTOR ( 'NONE', #3645, 1000.000000000000000 ) ;
#4836 = VERTEX_POINT ( 'NONE', #8466 ) ;
#4837 = AXIS2_PLACEMENT_3D ( 'NONE', #933, #4372, #986 ) ;
#4838 = ORIENTED_EDGE ( 'NONE', *, *, #3957, .F. ) ;
#4839 = VECTOR ( 'NONE', #10048, 1000.000000000000000 ) ;
#4840 = DIRECTION ( 'NONE',  ( 1.000000000000000000, 0.000000000000000000, 0.000000000000000000 ) ) ;
#4841 = FACE_OUTER_BOUND ( 'NONE', #8298, .T. ) ;
#4842 = CARTESIAN_POINT ( 'NONE',  ( 0.000000000000000000, 64.29999999999999716, 6.999999999996390443 ) ) ;
#4843 = VECTOR ( 'NONE', #832, 1000.000000000000000 ) ;
#4844 = FACE_OUTER_BOUND ( 'NONE', #5665, .T. ) ;
#4845 = CARTESIAN_POINT ( 'NONE',  ( 503.0848070195591504, 179.1471583976017996, 4.467520984445655152 ) ) ;
#4846 = FACE_OUTER_BOUND ( 'NONE', #7848, .T. ) ;
#4847 = ORIENTED_EDGE ( 'NONE', *, *, #9003, .F. ) ;
#4848 = ORIENTED_EDGE ( 'NONE', *, *, #1627, .F. ) ;
#4850 = LINE ( 'NONE', #1507, #1438 ) ;
#4849 = AXIS2_PLACEMENT_3D ( 'NONE', #9232, #1978, #5215 ) ;
#4851 = DIRECTION ( 'NONE',  ( 0.000000000000000000, 0.000000000000000000, -1.000000000000000000 ) ) ;
#4852 = LINE ( 'NONE', #7294, #5017 ) ;
#4853 = VECTOR ( 'NONE', #75, 1000.000000000000000 ) ;
#4854 = DIRECTION ( 'NONE',  ( 0.000000000000000000, 1.184237892934300110E-14, -1.000000000000000000 ) ) ;
#4855 = VECTOR ( 'NONE', #4693, 1000.000000000000000 ) ;
#4856 = EDGE_CURVE ( 'NONE', #275, #5945, #6127, .T. ) ;
#4857 = CARTESIAN_POINT ( 'NONE',  ( 508.8508361943101477, 20.80215158257103880, 3.900000000000000799 ) ) ;
#4858 = CYLINDRICAL_SURFACE ( 'NONE', #5428, 3.199999999999980638 ) ;
#4859 = ORIENTED_EDGE ( 'NONE', *, *, #11, .T. ) ;
#4860 = DIRECTION ( 'NONE',  ( 1.000000000000000000, 0.000000000000000000, 0.000000000000000000 ) ) ;
#4861 = ORIENTED_EDGE ( 'NONE', *, *, #9792, .T. ) ;
#4862 = EDGE_LOOP ( 'NONE', ( #2381, #9976, #2922, #6248, #2516 ) ) ;
#4863 = ADVANCED_FACE ( 'NONE', ( #7672 ), #2098, .F. ) ;
#4864 = AXIS2_PLACEMENT_3D ( 'NONE', #7175, #8860, #2399 ) ;
#4865 = ORIENTED_EDGE ( 'NONE', *, *, #9086, .F. ) ;
#4866 = DIRECTION ( 'NONE',  ( 0.000000000000000000, 0.000000000000000000, -1.000000000000000000 ) ) ;
#4867 = CARTESIAN_POINT ( 'NONE',  ( 503.0343435439377231, 19.32959827346325454, 3.900000000000000355 ) ) ;
#4868 = CARTESIAN_POINT ( 'NONE',  ( 249.2000000000000171, 510.0000000000000568, 4.238056389090750109 ) ) ;
#4869 = DIRECTION ( 'NONE',  ( 0.000000000000000000, -0.000000000000000000, 1.000000000000000000 ) ) ;
#4870 = AXIS2_PLACEMENT_3D ( 'NONE', #4318, #10020, #6756 ) ;
#4871 = LINE ( 'NONE', #10407, #2326 ) ;
#4872 = AXIS2_PLACEMENT_3D ( 'NONE', #6472, #8954, #3119 ) ;
#4873 = B_SPLINE_CURVE_WITH_KNOTS ( 'NONE', 3,
 ( #4456, #2751, #1127, #7682, #4360, #5989, #5302, #435, #3660, #6996 ),
 .UNSPECIFIED., .F., .F.,
 ( 4, 2, 2, 2, 4 ),
 ( 0.001490824630554380597, 0.001863525137517844108, 0.002236225644481307836, 0.002608926151444771347, 0.002981626658408234858 ),
 .UNSPECIFIED. ) ;
#4874 = CARTESIAN_POINT ( 'NONE',  ( 507.5550575098719719, 360.0000000000002274, 6.403586149471891531 ) ) ;
#4875 = AXIS2_PLACEMENT_3D ( 'NONE', #900, #9156, #3534 ) ;
#4876 = VERTEX_POINT ( 'NONE', #5342 ) ;
#4877 = FACE_OUTER_BOUND ( 'NONE', #7567, .T. ) ;
#4878 = EDGE_CURVE ( 'NONE', #7908, #2707, #8571, .T. ) ;
#4879 = EDGE_LOOP ( 'NONE', ( #5985, #9057, #6400, #3677 ) ) ;
#4880 = DIRECTION ( 'NONE',  ( 0.000000000000000000, 0.000000000000000000, -1.000000000000000000 ) ) ;
#4881 = EDGE_LOOP ( 'NONE', ( #3005, #1892 ) ) ;
#4882 = FACE_OUTER_BOUND ( 'NONE', #7770, .T. ) ;
#4883 = EDGE_CURVE ( 'NONE', #9450, #2504, #1314, .T. ) ;
#4884 = CARTESIAN_POINT ( 'NONE',  ( 6.500000000000000000, 475.1999999999999886, 12.99999999999979927 ) ) ;
#4885 = EDGE_CURVE ( 'NONE', #706, #214, #8583, .T. ) ;
#4886 = EDGE_CURVE ( 'NONE', #6928, #866, #2159, .T. ) ;
#4887 = AXIS2_PLACEMENT_3D ( 'NONE', #2508, #4851, #8184 ) ;
#4888 = DIRECTION ( 'NONE',  ( 0.000000000000000000, 0.000000000000000000, -1.000000000000000000 ) ) ;
#4889 = DIRECTION ( 'NONE',  ( 0.000000000000000000, 0.000000000000000000, -1.000000000000000000 ) ) ;
#4890 = ORIENTED_EDGE ( 'NONE', *, *, #5648, .F. ) ;
#4891 = ORIENTED_EDGE ( 'NONE', *, *, #6342, .F. ) ;
#4892 = EDGE_CURVE ( 'NONE', #6676, #5804, #1985, .T. ) ;
#4893 = CARTESIAN_POINT ( 'NONE',  ( 365.2310949324593707, 1.232595164407830245E-29, 5.201312900047923904 ) ) ;
#4894 = ORIENTED_EDGE ( 'NONE', *, *, #4797, .F. ) ;
#4895 = ORIENTED_EDGE ( 'NONE', *, *, #3264, .F. ) ;
#4896 = DIRECTION ( 'NONE',  ( 1.000000000000000000, 0.000000000000000000, 0.000000000000000000 ) ) ;
#4897 = CARTESIAN_POINT ( 'NONE',  ( 4.999999999997870148, 340.0000000000000000, 20.00000000000000000 ) ) ;
#4898 = FACE_BOUND ( 'NONE', #6401, .T. ) ;
#4899 =( LENGTH_UNIT ( ) NAMED_UNIT ( * ) SI_UNIT ( .MILLI., .METRE. ) );
#4900 = CARTESIAN_POINT ( 'NONE',  ( 158.2500000000000000, 10.00000000000000000, 4.000000000000000000 ) ) ;
#4901 = CARTESIAN_POINT ( 'NONE',  ( 510.0000000000000000, 294.2000000000000455, 7.000000000000000000 ) ) ;
#4902 = ORIENTED_EDGE ( 'NONE', *, *, #3773, .T. ) ;
#4903 = AXIS2_PLACEMENT_3D ( 'NONE', #3373, #3529, #946 ) ;
#4904 = EDGE_LOOP ( 'NONE', ( #837, #663, #5101, #2709 ) ) ;
#4905 = CARTESIAN_POINT ( 'NONE',  ( 0.000000000000000000, 437.3500000000000227, 10.00000000000189893 ) ) ;
#4906 = PLANE ( 'NONE',  #1663 ) ;
#4907 = CARTESIAN_POINT ( 'NONE',  ( 333.1999999999999886, 10.00000000000000000, 4.000000000000000000 ) ) ;
#4908 = CARTESIAN_POINT ( 'NONE',  ( 510.0000000000000000, 246.2999999999999829, 7.000000000000000000 ) ) ;
#4909 = AXIS2_PLACEMENT_3D ( 'NONE', #6301, #2271, #5507 ) ;
#4910 = DIRECTION ( 'NONE',  ( 5.572884202040000394E-16, -1.000000000000000000, 6.123233995736769734E-17 ) ) ;
#4911 = CARTESIAN_POINT ( 'NONE',  ( 255.0000000000000000, 530.0000000000000000, 13.82852954554265779 ) ) ;
#4912 = ORIENTED_EDGE ( 'NONE', *, *, #4614, .F. ) ;
#4913 = LINE ( 'NONE', #8983, #392 ) ;
#4914 = ORIENTED_EDGE ( 'NONE', *, *, #5052, .T. ) ;
#4915 = ORIENTED_EDGE ( 'NONE', *, *, #3558, .T. ) ;
#4916 = AXIS2_PLACEMENT_3D ( 'NONE', #9617, #4866, #7350 ) ;
#4917 = CARTESIAN_POINT ( 'NONE',  ( 495.2063132145700024, 12.97412125320329679, 6.433224273564971550E-16 ) ) ;
#4918 =( NAMED_UNIT ( * ) PLANE_ANGLE_UNIT ( ) SI_UNIT ( $, .RADIAN. ) );
#4919 = CARTESIAN_POINT ( 'NONE',  ( 503.1999999999999886, 350.0000000000000000, 20.00000000000000000 ) ) ;
#4920 = CARTESIAN_POINT ( 'NONE',  ( 503.0343435439377231, 19.32959827346325454, 6.433224273564971550E-16 ) ) ;
#4921 = CARTESIAN_POINT ( 'NONE',  ( 497.0916226339046489, 523.2298202377401140, 3.899999999999999911 ) ) ;
#4922 = ADVANCED_FACE ( 'NONE', ( #9513, #847, #8943, #9566 ), #7942, .T. ) ;
#4923 = CARTESIAN_POINT ( 'NONE',  ( 506.3671105496395626, 360.0000000000001137, 6.873846085151058993 ) ) ;
#4924 = VERTEX_POINT ( 'NONE', #739 ) ;
#4925 = VECTOR ( 'NONE', #3243, 1000.000000000000000 ) ;
#4926 = CARTESIAN_POINT ( 'NONE',  ( 0.000000000000000000, 0.000000000000000000, 0.000000000000000000 ) ) ;
#4927 = ORIENTED_EDGE ( 'NONE', *, *, #5881, .T. ) ;
#4928 = EDGE_CURVE ( 'NONE', #703, #8217, #3271, .T. ) ;
#4929 = LINE ( 'NONE', #56, #3206 ) ;
#4930 = ORIENTED_EDGE ( 'NONE', *, *, #5492, .F. ) ;
#4931 = CARTESIAN_POINT ( 'NONE',  ( 363.0018050113110917, 526.4288566782358885, 3.900000000000000799 ) ) ;
#4932 = DIRECTION ( 'NONE',  ( 0.000000000000000000, 1.000000000000000000, -7.588638549471020099E-33 ) ) ;
#4933 = PRESENTATION_LAYER_ASSIGNMENT (  '', '', ( #4581 ) ) ;
#4934 = ADVANCED_FACE ( 'NONE', ( #2475 ), #3221, .T. ) ;
#4935 = DIRECTION ( 'NONE',  ( 0.000000000000000000, 0.000000000000000000, -1.000000000000000000 ) ) ;
#4936 =( BOUNDED_CURVE ( )  B_SPLINE_CURVE ( 3, ( #9854, #5202, #918, #1809 ),
 .UNSPECIFIED., .F., .F. ) 
 B_SPLINE_CURVE_WITH_KNOTS ( ( 4, 4 ),
 ( 3.141592653589793116, 6.283185307179586232 ),
 .UNSPECIFIED. ) 
 CURVE ( )  GEOMETRIC_REPRESENTATION_ITEM ( )  RATIONAL_B_SPLINE_CURVE ( ( 1.000000000000000000, 0.3333333333333333703, 0.3333333333333333703, 1.000000000000000000 ) ) 
 REPRESENTATION_ITEM ( '' )  );
#4937 = CARTESIAN_POINT ( 'NONE',  ( 160.0000000000000000, 520.0000000000000000, 4.000000000000000000 ) ) ;
#4938 = ORIENTED_EDGE ( 'NONE', *, *, #1679, .T. ) ;
#4939 = ORIENTED_EDGE ( 'NONE', *, *, #1180, .F. ) ;
#4940 = CARTESIAN_POINT ( 'NONE',  ( 365.7601966386034746, -9.479186445030923180E-32, 4.044820315743831607 ) ) ;
#4941 = ORIENTED_EDGE ( 'NONE', *, *, #517, .T. ) ;
#4942 = EDGE_CURVE ( 'NONE', #6859, #4182, #4871, .T. ) ;
#4943 = EDGE_CURVE ( 'NONE', #1172, #9403, #4707, .T. ) ;
#4944 = VERTEX_POINT ( 'NONE', #1630 ) ;
#4945 = DIRECTION ( 'NONE',  ( 0.000000000000000000, 0.000000000000000000, -1.000000000000000000 ) ) ;
#4946 = DIRECTION ( 'NONE',  ( 0.000000000000000000, 0.000000000000000000, -1.000000000000000000 ) ) ;
#4947 = DIRECTION ( 'NONE',  ( 1.000000000000000000, 0.000000000000000000, 0.000000000000000000 ) ) ;
#4948 = ADVANCED_FACE ( 'NONE', ( #6407 ), #9622, .F. ) ;
#4949 = CARTESIAN_POINT ( 'NONE',  ( 434.4671572875249694, 364.0000000000000000, 73.27010101267771347 ) ) ;
#4950 = LINE ( 'NONE', #9756, #9875 ) ;
#4951 = DIRECTION ( 'NONE',  ( 1.000000000000000000, 0.000000000000000000, 0.000000000000000000 ) ) ;
#4952 = VERTEX_POINT ( 'NONE', #6291 ) ;
#4953 = ORIENTED_EDGE ( 'NONE', *, *, #8153, .T. ) ;
#4954 = VECTOR ( 'NONE', #935, 1000.000000000000000 ) ;
#4955 = DIRECTION ( 'NONE',  ( -1.000000000000000000, 0.000000000000000000, 0.000000000000000000 ) ) ;
#4956 = LINE ( 'NONE', #9025, #3522 ) ;
#4957 = FACE_OUTER_BOUND ( 'NONE', #6085, .T. ) ;
#4958 = CARTESIAN_POINT ( 'NONE',  ( 215.0000000000000284, 530.0000000000000000, 13.82852954554268088 ) ) ;
#4959 = CIRCLE ( 'NONE', #6488, 1.749999999999999778 ) ;
#4960 = CARTESIAN_POINT ( 'NONE',  ( 510.0000000000000000, 9.860761315262649319E-31, 0.000000000000000000 ) ) ;
#4961 = DIRECTION ( 'NONE',  ( 1.000000000000000000, 1.933482610835809801E-33, 0.000000000000000000 ) ) ;
#4962 = CARTESIAN_POINT ( 'NONE',  ( 11.75000000000000000, 30.00000000000000000, 10.00000000000000000 ) ) ;
#4963 = ORIENTED_EDGE ( 'NONE', *, *, #4807, .T. ) ;
#4964 = CARTESIAN_POINT ( 'NONE',  ( 500.0000000000000000, 500.0000000000000000, 12.00000000000000000 ) ) ;
#4965 = VERTEX_POINT ( 'NONE', #2375 ) ;
#4966 = VERTEX_POINT ( 'NONE', #5607 ) ;
#4967 = CARTESIAN_POINT ( 'NONE',  ( 503.1999999999999886, 180.0000000000000000, 20.00000000000000000 ) ) ;
#4968 = PLANE ( 'NONE',  #4387 ) ;
#4969 = FACE_BOUND ( 'NONE', #8804, .T. ) ;
#4970 = CARTESIAN_POINT ( 'NONE',  ( 0.000000000000000000, 0.000000000000000000, 0.000000000000000000 ) ) ;
#4971 = LINE ( 'NONE', #1939, #4316 ) ;
#4972 = ORIENTED_EDGE ( 'NONE', *, *, #3264, .T. ) ;
#4973 = FACE_OUTER_BOUND ( 'NONE', #6098, .T. ) ;
#4974 = ORIENTED_EDGE ( 'NONE', *, *, #4420, .F. ) ;
#4975 = LINE ( 'NONE', #2430, #2017 ) ;
#4976 = EDGE_CURVE ( 'NONE', #5489, #4409, #8837, .T. ) ;
#4977 = ORIENTED_EDGE ( 'NONE', *, *, #6949, .F. ) ;
#4978 = PLANE ( 'NONE',  #6358 ) ;
#4979 = CARTESIAN_POINT ( 'NONE',  ( 170.0000000000000000, 18.19999999999999929, 12.82720779386420062 ) ) ;
#4980 = AXIS2_PLACEMENT_3D ( 'NONE', #5357, #3604, #4563 ) ;
#4981 = EDGE_CURVE ( 'NONE', #3960, #9073, #6509, .T. ) ;
#4982 = DIRECTION ( 'NONE',  ( 0.000000000000000000, 1.000000000000000000, 0.000000000000000000 ) ) ;
#4983 = CARTESIAN_POINT ( 'NONE',  ( 503.0359596853934931, 265.4005116316708381, 3.999999999999999112 ) ) ;
#4984 = EDGE_LOOP ( 'NONE', ( #9693, #4199, #3483, #1330, #226, #2834 ) ) ;
#4985 = ORIENTED_EDGE ( 'NONE', *, *, #4014, .T. ) ;
#4986 = CARTESIAN_POINT ( 'NONE',  ( 255.0000000000000000, 360.0000000000000000, 20.00000000000000000 ) ) ;
#4987 = ORIENTED_EDGE ( 'NONE', *, *, #3106, .T. ) ;
#4988 = EDGE_CURVE ( 'NONE', #2019, #8974, #1820, .T. ) ;
#4989 = CIRCLE ( 'NONE', #1768, 2.999999999999977796 ) ;
#4991 = EDGE_CURVE ( 'NONE', #750, #1690, #5497, .T. ) ;
#4990 = ORIENTED_EDGE ( 'NONE', *, *, #5589, .F. ) ;
#4992 = AXIS2_PLACEMENT_3D ( 'NONE', #1756, #2500, #5682 ) ;
#4993 = PLANE ( 'NONE',  #6451 ) ;
#4994 = PLANE ( 'NONE',  #598 ) ;
#4995 = EDGE_CURVE ( 'NONE', #3608, #9545, #9677, .T. ) ;
#4996 = VECTOR ( 'NONE', #4554, 1000.000000000000000 ) ;
#4997 = SURFACE_STYLE_USAGE ( .BOTH. , #5102 ) ;
#4998 = CYLINDRICAL_SURFACE ( 'NONE', #3454, 1.750000000000029310 ) ;
#4999 = AXIS2_PLACEMENT_3D ( 'NONE', #3896, #3145, #1611 ) ;
#5000 = VECTOR ( 'NONE', #1786, 1000.000000000000000 ) ;
#5001 = CYLINDRICAL_SURFACE ( 'NONE', #618, 1.749999999999999778 ) ;
#5002 = ORIENTED_EDGE ( 'NONE', *, *, #2765, .T. ) ;
#5003 = VERTEX_POINT ( 'NONE', #9727 ) ;
#5004 = AXIS2_PLACEMENT_3D ( 'NONE', #2434, #6366, #9742 ) ;
#5005 = ADVANCED_FACE ( 'NONE', ( #5709, #2425, #7355 ), #50, .T. ) ;
#5006 = CARTESIAN_POINT ( 'NONE',  ( 503.1189405172682427, 360.0000000000000000, 4.618317782934471261 ) ) ;
#5007 = LINE ( 'NONE', #8236, #9780 ) ;
#5008 = CIRCLE ( 'NONE', #604, 2.350000000000018741 ) ;
#5009 = CIRCLE ( 'NONE', #438, 1.749999999999973799 ) ;
#5010 = CARTESIAN_POINT ( 'NONE',  ( 8.250000000000000000, 500.0000000000000000, 4.000000000000000000 ) ) ;
#5011 = CARTESIAN_POINT ( 'NONE',  ( 491.8000000000000114, 363.0000000000000000, 15.65441558772840125 ) ) ;
#5012 = EDGE_CURVE ( 'NONE', #2932, #1897, #10355, .T. ) ;
#5013 = DIRECTION ( 'NONE',  ( 0.000000000000000000, 0.000000000000000000, -1.000000000000000000 ) ) ;
#5014 = DIRECTION ( 'NONE',  ( -6.123233995736769734E-17, 0.000000000000000000, -1.000000000000000000 ) ) ;
#5015 = FACE_OUTER_BOUND ( 'NONE', #5768, .T. ) ;
#5016 = ORIENTED_EDGE ( 'NONE', *, *, #9400, .F. ) ;
#5017 = VECTOR ( 'NONE', #4161, 1000.000000000000000 ) ;
#5018 = CARTESIAN_POINT ( 'NONE',  ( 10.00000000000000000, 350.0000000000000000, 10.00000000000000000 ) ) ;
#5019 = EDGE_LOOP ( 'NONE', ( #2824, #9624 ) ) ;
#5020 = ORIENTED_EDGE ( 'NONE', *, *, #9217, .F. ) ;
#5021 = ADVANCED_FACE ( 'NONE', ( #3105 ), #8305, .T. ) ;
#5022 = LINE ( 'NONE', #9096, #5584 ) ;
#5023 = DIRECTION ( 'NONE',  ( -1.860521002879739963E-33, 1.000000000000000000, -5.010031699572010192E-16 ) ) ;
#5024 = AXIS2_PLACEMENT_3D ( 'NONE', #619, #6450, #3900 ) ;
#5025 = FACE_OUTER_BOUND ( 'NONE', #5097, .T. ) ;
#5026 = LINE ( 'NONE', #8942, #1108 ) ;
#5027 = CARTESIAN_POINT ( 'NONE',  ( 255.0000000000000000, 363.0000000000000000, 7.827207793864200625 ) ) ;
#5028 = CARTESIAN_POINT ( 'NONE',  ( 10.00000000000000000, 160.0000000000000000, 4.000000000000000000 ) ) ;
#5029 = VECTOR ( 'NONE', #3290, 1000.000000000000000 ) ;
#5030 = ORIENTED_EDGE ( 'NONE', *, *, #4685, .T. ) ;
#5031 = VECTOR ( 'NONE', #8646, 1000.000000000000000 ) ;
#5032 = CARTESIAN_POINT ( 'NONE',  ( 504.0726817542470144, 320.0000000000000000, 6.202945810732954257 ) ) ;
#5033 = ORIENTED_EDGE ( 'NONE', *, *, #5186, .T. ) ;
#5034 = DIRECTION ( 'NONE',  ( 0.000000000000000000, 0.000000000000000000, 1.000000000000000000 ) ) ;
#5035 = EDGE_LOOP ( 'NONE', ( #6426, #3622, #5143, #20 ) ) ;
#5036 = VECTOR ( 'NONE', #5138, 1000.000000000000000 ) ;
#5037 = LINE ( 'NONE', #8157, #5501 ) ;
#5038 = LINE ( 'NONE', #6728, #7241 ) ;
#5039 = DIRECTION ( 'NONE',  ( 1.000000000000000000, 0.000000000000000000, 0.000000000000000000 ) ) ;
#5040 = AXIS2_PLACEMENT_3D ( 'NONE', #9936, #949, #1732 ) ;
#5041 = CARTESIAN_POINT ( 'NONE',  ( 353.6915048950069149, 530.0000000000004547, 6.008762909233514193 ) ) ;
#5042 = VERTEX_POINT ( 'NONE', #8402 ) ;
#5043 = ORIENTED_EDGE ( 'NONE', *, *, #3511, .F. ) ;
#5044 = CARTESIAN_POINT ( 'NONE',  ( 170.0000000000000000, 2.262741699796960049, -1.527713595751250061E-15 ) ) ;
#5045 = VERTEX_POINT ( 'NONE', #9152 ) ;
#5046 = AXIS2_PLACEMENT_3D ( 'NONE', #9043, #5870, #9200 ) ;
#5047 = ORIENTED_EDGE ( 'NONE', *, *, #7842, .T. ) ;
#5048 = CARTESIAN_POINT ( 'NONE',  ( 330.0000000000000000, 10.00000000000000000, 4.000000000000000000 ) ) ;
#5049 = PLANE ( 'NONE',  #3832 ) ;
#5050 = CARTESIAN_POINT ( 'NONE',  ( 328.2500000000000568, 520.0000000000000000, 10.00000000000000000 ) ) ;
#5051 = VERTEX_POINT ( 'NONE', #1050 ) ;
#5052 = EDGE_CURVE ( 'NONE', #8679, #5051, #134, .T. ) ;
#5053 = FACE_OUTER_BOUND ( 'NONE', #5275, .T. ) ;
#5054 = CYLINDRICAL_SURFACE ( 'NONE', #6875, 1.750000000000029310 ) ;
#5055 = ORIENTED_EDGE ( 'NONE', *, *, #1181, .T. ) ;
#5056 = ORIENTED_EDGE ( 'NONE', *, *, #7849, .T. ) ;
#5057 = AXIS2_PLACEMENT_3D ( 'NONE', #6424, #2489, #5515 ) ;
#5058 = VERTEX_POINT ( 'NONE', #1785 ) ;
#5059 = ADVANCED_FACE ( 'NONE', ( #155 ), #9830, .T. ) ;
#5060 = CARTESIAN_POINT ( 'NONE',  ( -2.050294145173479874E-31, 110.2000000000000028, 3.500000000000000000 ) ) ;
#5061 = FACE_OUTER_BOUND ( 'NONE', #8650, .T. ) ;
#5062 = PLANE ( 'NONE',  #970 ) ;
#5063 = CARTESIAN_POINT ( 'NONE',  ( 500.0000000000000000, 500.0000000000000000, 20.00000000000000000 ) ) ;
#5064 = CYLINDRICAL_SURFACE ( 'NONE', #10130, 11.04749932529641754 ) ;
#5065 = EDGE_CURVE ( 'NONE', #3496, #10187, #7741, .T. ) ;
#5066 = CARTESIAN_POINT ( 'NONE',  ( 255.0000000000000000, 170.0000000000000000, 20.00000000000000000 ) ) ;
#5067 = ORIENTED_EDGE ( 'NONE', *, *, #1054, .F. ) ;
#5068 = CARTESIAN_POINT ( 'NONE',  ( 340.0000000000000000, 18.19999999999999929, -1.213401458608029935E-14 ) ) ;
#5069 = ORIENTED_EDGE ( 'NONE', *, *, #2596, .T. ) ;
#5070 = EDGE_LOOP ( 'NONE', ( #8433, #7403, #3407, #7137, #8093, #6230 ) ) ;
#5071 = EDGE_CURVE ( 'NONE', #6617, #4535, #8991, .T. ) ;
#5072 = EDGE_CURVE ( 'NONE', #5437, #7044, #2627, .T. ) ;
#5073 = DIRECTION ( 'NONE',  ( 1.000000000000000000, 0.000000000000000000, 0.000000000000000000 ) ) ;
#5074 = CARTESIAN_POINT ( 'NONE',  ( 503.0516806140057611, 160.9646969780303891, 4.245777376549225046 ) ) ;
#5075 = AXIS2_PLACEMENT_3D ( 'NONE', #5236, #6878, #7566 ) ;
#5076 = DIRECTION ( 'NONE',  ( -1.000000000000000000, 0.000000000000000000, 0.000000000000000000 ) ) ;
#5077 = FACE_BOUND ( 'NONE', #10038, .T. ) ;
#5078 = DIRECTION ( 'NONE',  ( 1.492928237510310014E-32, -6.123233995736769734E-17, -1.000000000000000000 ) ) ;
#5079 = CARTESIAN_POINT ( 'NONE',  ( 503.0721649371210447, 360.0000000000000000, 4.382250650604668785 ) ) ;
#5080 = EDGE_CURVE ( 'NONE', #993, #238, #4279, .T. ) ;
#5081 = ORIENTED_EDGE ( 'NONE', *, *, #9966, .F. ) ;
#5082 = VECTOR ( 'NONE', #6123, 1000.000000000000000 ) ;
#5083 = CARTESIAN_POINT ( 'NONE',  ( 503.7502348314828282, 319.9999999999999432, 5.877285716315012287 ) ) ;
#5084 = VECTOR ( 'NONE', #4422, 1000.000000000000000 ) ;
#5085 = ORIENTED_EDGE ( 'NONE', *, *, #7856, .F. ) ;
#5086 = CARTESIAN_POINT ( 'NONE',  ( 503.0343435439377231, 166.9999999999999432, 3.900000000000000355 ) ) ;
#5087 = ORIENTED_EDGE ( 'NONE', *, *, #3516, .T. ) ;
#5088 = DIRECTION ( 'NONE',  ( 1.000000000000000000, 0.000000000000000000, 0.000000000000000000 ) ) ;
#5089 = DIRECTION ( 'NONE',  ( 1.000000000000000000, 0.000000000000000000, 0.000000000000000000 ) ) ;
#5090 = CIRCLE ( 'NONE', #3559, 1.749999999999999778 ) ;
#5091 = LINE ( 'NONE', #8213, #7033 ) ;
#5092 = CARTESIAN_POINT ( 'NONE',  ( 11.75000000000000000, 180.0000000000000000, 10.00000000000000000 ) ) ;
#5093 = ORIENTED_EDGE ( 'NONE', *, *, #9085, .T. ) ;
#5094 = ORIENTED_EDGE ( 'NONE', *, *, #8129, .T. ) ;
#5095 = SURFACE_STYLE_FILL_AREA ( #1857 ) ;
#5096 = ORIENTED_EDGE ( 'NONE', *, *, #9891, .T. ) ;
#5097 = EDGE_LOOP ( 'NONE', ( #8274, #5887, #6398, #8092 ) ) ;
#5098 = AXIS2_PLACEMENT_3D ( 'NONE', #6969, #3789, #7024 ) ;
#5099 = CARTESIAN_POINT ( 'NONE',  ( 6.500000000000000000, 475.1999999999999886, 6.999999999999779732 ) ) ;
#5100 = CARTESIAN_POINT ( 'NONE',  ( 498.2500000000000000, 500.0000000000000000, 0.000000000000000000 ) ) ;
#5101 = ORIENTED_EDGE ( 'NONE', *, *, #5750, .T. ) ;
#5102 = SURFACE_SIDE_STYLE ('',( #4103 ) ) ;
#5103 = CARTESIAN_POINT ( 'NONE',  ( 170.0000000000000000, 20.00000000000000000, 20.00000000000000000 ) ) ;
#5104 = CARTESIAN_POINT ( 'NONE',  ( 495.9425898691238785, 20.06587492801714134, -9.146565213191545956E-17 ) ) ;
#5105 = ORIENTED_EDGE ( 'NONE', *, *, #5396, .T. ) ;
#5106 = VERTEX_POINT ( 'NONE', #3375 ) ;
#5107 = ORIENTED_EDGE ( 'NONE', *, *, #4238, .T. ) ;
#5108 = EDGE_CURVE ( 'NONE', #2745, #10057, #1153, .T. ) ;
#5109 = DIRECTION ( 'NONE',  ( 0.000000000000000000, 0.000000000000000000, -1.000000000000000000 ) ) ;
#5110 = DIRECTION ( 'NONE',  ( -0.000000000000000000, 0.000000000000000000, -1.000000000000000000 ) ) ;
#5111 = LINE ( 'NONE', #4116, #6202 ) ;
#5112 = DIRECTION ( 'NONE',  ( 1.000000000000000000, 0.000000000000000000, 0.000000000000000000 ) ) ;
#5113 = CARTESIAN_POINT ( 'NONE',  ( 170.0000000000000000, 530.0000000000000000, 5.000000000000000000 ) ) ;
#5114 = DIRECTION ( 'NONE',  ( -1.000000000000000000, 0.000000000000000000, 0.000000000000000000 ) ) ;
#5115 = EDGE_CURVE ( 'NONE', #7715, #2221, #5866, .T. ) ;
#5116 = ORIENTED_EDGE ( 'NONE', *, *, #443, .F. ) ;
#5117 = LINE ( 'NONE', #5912, #5291 ) ;
#5118 = ORIENTED_EDGE ( 'NONE', *, *, #8904, .T. ) ;
#5119 = AXIS2_PLACEMENT_3D ( 'NONE', #3414, #9466, #4765 ) ;
#5120 = ORIENTED_EDGE ( 'NONE', *, *, #9832, .T. ) ;
#5121 = CARTESIAN_POINT ( 'NONE',  ( 170.0000000000000000, 2.262741699796960049, -2.220446049250309925E-15 ) ) ;
#5122 = LINE ( 'NONE', #3682, #7999 ) ;
#5123 = EDGE_CURVE ( 'NONE', #10026, #360, #9197, .T. ) ;
#5124 = DIRECTION ( 'NONE',  ( 0.000000000000000000, 0.9271838545667858700, 0.3746065934159159561 ) ) ;
#5125 = LINE ( 'NONE', #1095, #3144 ) ;
#5126 = CARTESIAN_POINT ( 'NONE',  ( 340.0000000000000000, 511.8000000000000114, 12.82720779386420062 ) ) ;
#5127 = CARTESIAN_POINT ( 'NONE',  ( 10.00000000000000000, 180.0000000000000000, 4.000000000000000000 ) ) ;
#5128 = ADVANCED_FACE ( 'NONE', ( #4179 ), #6718, .T. ) ;
#5129 = ORIENTED_EDGE ( 'NONE', *, *, #347, .F. ) ;
#5130 = VECTOR ( 'NONE', #7091, 1000.000000000000000 ) ;
#5131 = VECTOR ( 'NONE', #2309, 1000.000000000000000 ) ;
#5132 = DIRECTION ( 'NONE',  ( 0.000000000000000000, 0.000000000000000000, 1.000000000000000000 ) ) ;
#5133 = ORIENTED_EDGE ( 'NONE', *, *, #1574, .T. ) ;
#5134 = DIRECTION ( 'NONE',  ( 1.000000000000000000, 0.000000000000000000, 0.000000000000000000 ) ) ;
#5135 = ORIENTED_EDGE ( 'NONE', *, *, #7764, .F. ) ;
#5136 = ADVANCED_FACE ( 'NONE', ( #254 ), #7409, .F. ) ;
#5137 = LINE ( 'NONE', #376, #268 ) ;
#5138 = DIRECTION ( 'NONE',  ( 1.139240545461550029E-49, -6.123233995736769734E-17, -1.000000000000000000 ) ) ;
#5139 = EDGE_CURVE ( 'NONE', #2619, #8229, #3324, .T. ) ;
#5140 = CARTESIAN_POINT ( 'NONE',  ( 380.0633608786873197, 7.157628602830895304, 9.900000000000009237 ) ) ;
#5141 = CARTESIAN_POINT ( 'NONE',  ( 508.8508361943101477, 170.0000000000000853, 4.269912970300529409 ) ) ;
#5142 = ORIENTED_EDGE ( 'NONE', *, *, #5108, .T. ) ;
#5143 = ORIENTED_EDGE ( 'NONE', *, *, #1283, .T. ) ;
#5144 = VERTEX_POINT ( 'NONE', #316 ) ;
#5145 = EDGE_CURVE ( 'NONE', #3505, #7897, #3531, .T. ) ;
#5146 = ORIENTED_EDGE ( 'NONE', *, *, #7377, .T. ) ;
#5147 = DIRECTION ( 'NONE',  ( -1.000000000000000000, 0.000000000000000000, 0.000000000000000000 ) ) ;
#5148 = DIRECTION ( 'NONE',  ( 1.340646671245470025E-16, -1.000000000000000000, 0.000000000000000000 ) ) ;
#5149 = VERTEX_POINT ( 'NONE', #5177 ) ;
#5150 = CARTESIAN_POINT ( 'NONE',  ( 497.0916226339046489, 523.2298202377400003, 3.900000000000000799 ) ) ;
#5151 = DIRECTION ( 'NONE',  ( 0.000000000000000000, 0.000000000000000000, -1.000000000000000000 ) ) ;
#5152 = VECTOR ( 'NONE', #5943, 1000.000000000000000 ) ;
#5153 = DIRECTION ( 'NONE',  ( -1.000000000000000000, 0.000000000000000000, 0.000000000000000000 ) ) ;
#5154 = ORIENTED_EDGE ( 'NONE', *, *, #3310, .T. ) ;
#5155 = ORIENTED_EDGE ( 'NONE', *, *, #6350, .T. ) ;
#5156 = CIRCLE ( 'NONE', #2937, 3.199999999999980638 ) ;
#5157 = ORIENTED_EDGE ( 'NONE', *, *, #7397, .T. ) ;
#5158 = CARTESIAN_POINT ( 'NONE',  ( 500.0000000000000000, 180.0000000000000000, 0.000000000000000000 ) ) ;
#5159 = CIRCLE ( 'NONE', #7865, 3.199999999999980638 ) ;
#5160 = CARTESIAN_POINT ( 'NONE',  ( 363.0018050113110917, 526.4288566782357748, 3.899999999999999911 ) ) ;
#5161 = CARTESIAN_POINT ( 'NONE',  ( 160.0000000000000000, 520.0000000000000000, 10.00000000000000000 ) ) ;
#5162 = CIRCLE ( 'NONE', #8042, 1.749999999999999778 ) ;
#5163 = PLANE ( 'NONE',  #2294 ) ;
#5164 = LINE ( 'NONE', #1192, #2372 ) ;
#5165 = CARTESIAN_POINT ( 'NONE',  ( 346.8000000000000114, 10.00000000000000000, 20.00000000000000000 ) ) ;
#5166 = ORIENTED_EDGE ( 'NONE', *, *, #2223, .T. ) ;
#5167 = ORIENTED_EDGE ( 'NONE', *, *, #5626, .F. ) ;
#5168 = ORIENTED_EDGE ( 'NONE', *, *, #5973, .T. ) ;
#5169 = CIRCLE ( 'NONE', #8219, 1.749999999999973799 ) ;
#5170 = AXIS2_PLACEMENT_3D ( 'NONE', #5696, #9609, #673 ) ;
#5171 = PLANE ( 'NONE',  #5414 ) ;
#5172 = CARTESIAN_POINT ( 'NONE',  ( 510.0000000000000000, 530.0000000000000000, 20.00000000000000000 ) ) ;
#5173 = CARTESIAN_POINT ( 'NONE',  ( 503.1999999999999886, 30.00000000000000355, 4.898046116018242913 ) ) ;
#5174 = ADVANCED_FACE ( 'NONE', ( #1841 ), #6769, .F. ) ;
#5175 = DIRECTION ( 'NONE',  ( 0.000000000000000000, -1.000000000000000000, 0.000000000000000000 ) ) ;
#5176 = VECTOR ( 'NONE', #1265, 1000.000000000000000 ) ;
#5177 = CARTESIAN_POINT ( 'NONE',  ( 255.0000000000000000, 514.9462298511216432, 10.98201583573394480 ) ) ;
#5178 = DIRECTION ( 'NONE',  ( -1.309308702731949863E-16, 0.7071067811865480168, -0.7071067811865470176 ) ) ;
#5179 = VECTOR ( 'NONE', #4633, 1000.000000000000000 ) ;
#5180 = EDGE_CURVE ( 'NONE', #9863, #924, #4383, .T. ) ;
#5181 = ORIENTED_EDGE ( 'NONE', *, *, #5713, .F. ) ;
#5182 = DIRECTION ( 'NONE',  ( 0.000000000000000000, 0.000000000000000000, 1.000000000000000000 ) ) ;
#5183 = VECTOR ( 'NONE', #7384, 1000.000000000000000 ) ;
#5184 = VERTEX_POINT ( 'NONE', #7661 ) ;
#5185 = DIRECTION ( 'NONE',  ( 1.492928237510310014E-32, -6.123233995736769734E-17, -1.000000000000000000 ) ) ;
#5186 = EDGE_CURVE ( 'NONE', #8996, #1725, #801, .T. ) ;
#5187 = CARTESIAN_POINT ( 'NONE',  ( 377.4187198280707776, 7.064307286361406923, 3.900000000000000355 ) ) ;
#5188 = PLANE ( 'NONE',  #127 ) ;
#5189 = CIRCLE ( 'NONE', #8232, 2.350000000000018741 ) ;
#5190 = DIRECTION ( 'NONE',  ( -1.000000000000000000, 0.000000000000000000, 0.000000000000000000 ) ) ;
#5191 = ADVANCED_FACE ( 'NONE', ( #2831 ), #7022, .F. ) ;
#5192 = FACE_OUTER_BOUND ( 'NONE', #9940, .T. ) ;
#5193 = EDGE_LOOP ( 'NONE', ( #3906, #1207 ) ) ;
#5194 = CARTESIAN_POINT ( 'NONE',  ( 363.0018050113110917, 526.4288566782357748, 9.900000000000009237 ) ) ;
#5195 = EDGE_LOOP ( 'NONE', ( #2232, #469, #323, #2176 ) ) ;
#5196 = VECTOR ( 'NONE', #2790, 1000.000000000000000 ) ;
#5197 = EDGE_CURVE ( 'NONE', #2046, #7615, #5229, .T. ) ;
#5198 = ORIENTED_EDGE ( 'NONE', *, *, #8566, .F. ) ;
#5199 = EDGE_CURVE ( 'NONE', #2964, #993, #4533, .T. ) ;
#5200 = EDGE_CURVE ( 'NONE', #6458, #310, #7815, .T. ) ;
#5201 = PLANE ( 'NONE',  #7973 ) ;
#5202 = CARTESIAN_POINT ( 'NONE',  ( 220.8000000000000398, 510.0000000000000568, 10.49355789662077143 ) ) ;
#5203 = AXIS2_PLACEMENT_3D ( 'NONE', #6106, #6153, #5420 ) ;
#5204 = ORIENTED_EDGE ( 'NONE', *, *, #10420, .F. ) ;
#5205 = VECTOR ( 'NONE', #1062, 1000.000000000000000 ) ;
#5206 = DIRECTION ( 'NONE',  ( 0.000000000000000000, 0.000000000000000000, -1.000000000000000000 ) ) ;
#5207 = LINE ( 'NONE', #4305, #7514 ) ;
#5208 = EDGE_CURVE ( 'NONE', #2420, #9667, #5189, .T. ) ;
#5209 = DIRECTION ( 'NONE',  ( 0.000000000000000000, 0.000000000000000000, -1.000000000000000000 ) ) ;
#5210 = VECTOR ( 'NONE', #9518, 1000.000000000000000 ) ;
#5211 = ORIENTED_EDGE ( 'NONE', *, *, #7381, .T. ) ;
#5212 = ORIENTED_EDGE ( 'NONE', *, *, #729, .T. ) ;
#5213 = VERTEX_POINT ( 'NONE', #412 ) ;
#5214 = CARTESIAN_POINT ( 'NONE',  ( 508.8508361943102045, 512.9431599864423106, 9.900000000000009237 ) ) ;
#5215 = DIRECTION ( 'NONE',  ( 1.000000000000000000, 0.000000000000000000, 0.000000000000000000 ) ) ;
#5216 = CARTESIAN_POINT ( 'NONE',  ( 491.5999999999999659, 217.5000000000000000, 0.000000000000000000 ) ) ;
#5217 = DIRECTION ( 'NONE',  ( -6.123233995736769734E-17, 0.000000000000000000, -1.000000000000000000 ) ) ;
#5218 = LINE ( 'NONE', #4373, #4570 ) ;
#5219 = CARTESIAN_POINT ( 'NONE',  ( 503.1923588499975608, 159.7500068335045569, 4.876419079304525894 ) ) ;
#5220 = VECTOR ( 'NONE', #1717, 1000.000000000000000 ) ;
#5221 = ORIENTED_EDGE ( 'NONE', *, *, #2331, .T. ) ;
#5222 = DIRECTION ( 'NONE',  ( 1.000000000000000000, 0.000000000000000000, -6.123233995736799316E-17 ) ) ;
#5223 = ORIENTED_EDGE ( 'NONE', *, *, #10221, .T. ) ;
#5224 = VERTEX_POINT ( 'NONE', #8455 ) ;
#5225 = LINE ( 'NONE', #8449, #859 ) ;
#5226 = DIRECTION ( 'NONE',  ( -0.000000000000000000, 1.000000000000000000, 0.000000000000000000 ) ) ;
#5227 = DIRECTION ( 'NONE',  ( 0.000000000000000000, -0.9271838545667859810, -0.3746065934159159005 ) ) ;
#5228 = CARTESIAN_POINT ( 'NONE',  ( 0.000000000000000000, 432.6499999999999773, 10.00000000000189893 ) ) ;
#5229 = LINE ( 'NONE', #3787, #7231 ) ;
#5230 = AXIS2_PLACEMENT_3D ( 'NONE', #1161, #7670, #420 ) ;
#5231 = CARTESIAN_POINT ( 'NONE',  ( 170.0000000000000000, 527.4544155877280218, 9.296960894344029955E-15 ) ) ;
#5232 = EDGE_LOOP ( 'NONE', ( #2441, #2884, #5056, #3921, #4739 ) ) ;
#5233 = CARTESIAN_POINT ( 'NONE',  ( 508.7896401677917311, 360.0000000000001137, 4.610446814318926556 ) ) ;
#5234 = VECTOR ( 'NONE', #536, 1000.000000000000000 ) ;
#5235 = ORIENTED_EDGE ( 'NONE', *, *, #2588, .T. ) ;
#5236 = CARTESIAN_POINT ( 'NONE',  ( 170.0000000000000000, 265.0000000000000000, 10.00000000000000000 ) ) ;
#5237 = ORIENTED_EDGE ( 'NONE', *, *, #9154, .T. ) ;
#5238 = FACE_OUTER_BOUND ( 'NONE', #2235, .T. ) ;
#5239 = CARTESIAN_POINT ( 'NONE',  ( 215.0000000000000284, 515.5081397412454862, 9.591240053883812067 ) ) ;
#5240 = ADVANCED_FACE ( 'NONE', ( #6065 ), #5430, .T. ) ;
#5241 = DIRECTION ( 'NONE',  ( 0.000000000000000000, 0.000000000000000000, -1.000000000000000000 ) ) ;
#5242 = DIRECTION ( 'NONE',  ( 2.203299472210320045E-47, -1.184237892934300110E-14, 1.000000000000000000 ) ) ;
#5243 = VECTOR ( 'NONE', #7254, 1000.000000000000000 ) ;
#5244 = CARTESIAN_POINT ( 'NONE',  ( 255.0000000000000000, 265.0000000000000000, 0.000000000000000000 ) ) ;
#5245 = CARTESIAN_POINT ( 'NONE',  ( 503.2653990660146519, 170.0000000000001137, 5.086143420938526560 ) ) ;
#5246 = EDGE_CURVE ( 'NONE', #9218, #924, #462, .T. ) ;
#5247 = CARTESIAN_POINT ( 'NONE',  ( 496.6788665236777547, 7.157628602830895304, 3.900000000000000799 ) ) ;
#5248 = ORIENTED_EDGE ( 'NONE', *, *, #158, .F. ) ;
#5249 = ORIENTED_EDGE ( 'NONE', *, *, #7530, .T. ) ;
#5250 = AXIS2_PLACEMENT_3D ( 'NONE', #6161, #4474, #3844 ) ;
#5251 = ADVANCED_FACE ( 'NONE', ( #5328 ), #1401, .F. ) ;
#5252 = LINE ( 'NONE', #1966, #3224 ) ;
#5253 = VECTOR ( 'NONE', #6560, 1000.000000000000000 ) ;
#5254 = ORIENTED_EDGE ( 'NONE', *, *, #9123, .T. ) ;
#5255 = DIRECTION ( 'NONE',  ( 1.000000000000000000, 0.000000000000000000, 0.000000000000000000 ) ) ;
#5256 = DIRECTION ( 'NONE',  ( 1.000000000000000000, 0.000000000000000000, 0.000000000000000000 ) ) ;
#5257 = DIRECTION ( 'NONE',  ( 0.000000000000000000, 1.000000000000000000, 0.000000000000000000 ) ) ;
#5258 = EDGE_CURVE ( 'NONE', #8876, #5319, #8605, .T. ) ;
#5259 = EDGE_CURVE ( 'NONE', #3460, #10334, #10415, .T. ) ;
#5260 = EDGE_CURVE ( 'NONE', #750, #5508, #3658, .T. ) ;
#5261 = ORIENTED_EDGE ( 'NONE', *, *, #941, .T. ) ;
#5262 = AXIS2_PLACEMENT_3D ( 'NONE', #7427, #2599, #9064 ) ;
#5263 = ORIENTED_EDGE ( 'NONE', *, *, #9849, .T. ) ;
#5264 = ORIENTED_EDGE ( 'NONE', *, *, #6295, .F. ) ;
#5265 = EDGE_CURVE ( 'NONE', #5982, #2298, #3685, .T. ) ;
#5266 = CARTESIAN_POINT ( 'NONE',  ( 503.0343435439377231, 167.0000000000000568, 4.061834871017793169 ) ) ;
#5267 = VECTOR ( 'NONE', #9674, 1000.000000000000000 ) ;
#5268 = DIRECTION ( 'NONE',  ( 0.000000000000000000, 1.000000000000000000, 0.000000000000000000 ) ) ;
#5269 = CARTESIAN_POINT ( 'NONE',  ( 333.1999999999999886, 10.00000000000000000, 12.00000000000000000 ) ) ;
#5270 = FACE_BOUND ( 'NONE', #704, .T. ) ;
#5271 = LINE ( 'NONE', #10071, #6809 ) ;
#5272 = ORIENTED_EDGE ( 'NONE', *, *, #2273, .F. ) ;
#5273 =( BOUNDED_CURVE ( )  B_SPLINE_CURVE ( 3, ( #6549, #1719, #141, #4958 ),
 .UNSPECIFIED., .F., .F. ) 
 B_SPLINE_CURVE_WITH_KNOTS ( ( 4, 4 ),
 ( 3.141592653589793116, 6.283185307179586232 ),
 .UNSPECIFIED. ) 
 CURVE ( )  GEOMETRIC_REPRESENTATION_ITEM ( )  RATIONAL_B_SPLINE_CURVE ( ( 1.000000000000000000, 0.3333333333333333703, 0.3333333333333333703, 1.000000000000000000 ) ) 
 REPRESENTATION_ITEM ( '' )  );
#5274 = VERTEX_POINT ( 'NONE', #10083 ) ;
#5275 = EDGE_LOOP ( 'NONE', ( #1670, #7334, #6954, #6824 ) ) ;
#5276 = CARTESIAN_POINT ( 'NONE',  ( 343.0000000000000000, 133.7727922061359891, -1.448336400306449940E-14 ) ) ;
#5277 = CARTESIAN_POINT ( 'NONE',  ( 500.0000000000000000, 30.00000000000000000, 4.000000000000000000 ) ) ;
#5278 = LINE ( 'NONE', #1248, #8814 ) ;
#5279 = DIRECTION ( 'NONE',  ( 0.000000000000000000, 0.000000000000000000, -1.000000000000000000 ) ) ;
#5280 = CARTESIAN_POINT ( 'NONE',  ( 340.0000000000000000, 78.48639610306788938, 75.94081169079630911 ) ) ;
#5281 = DIRECTION ( 'NONE',  ( 0.000000000000000000, 0.000000000000000000, -1.000000000000000000 ) ) ;
#5282 = VERTEX_POINT ( 'NONE', #1300 ) ;
#5283 = CARTESIAN_POINT ( 'NONE',  ( 503.2000000000004434, 370.1242363644058173, 4.898046116018548446 ) ) ;
#5284 = ORIENTED_EDGE ( 'NONE', *, *, #4467, .T. ) ;
#5285 = LINE ( 'NONE', #9458, #8130 ) ;
#5286 = VERTEX_POINT ( 'NONE', #7613 ) ;
#5287 = DIRECTION ( 'NONE',  ( -1.000000000000000000, 0.000000000000000000, 0.000000000000000000 ) ) ;
#5288 = DIRECTION ( 'NONE',  ( -1.000000000000000000, 0.000000000000000000, 0.000000000000000000 ) ) ;
#5289 = DIRECTION ( 'NONE',  ( -1.000000000000000000, 0.000000000000000000, 0.000000000000000000 ) ) ;
#5290 = LINE ( 'NONE', #2843, #5670 ) ;
#5291 = VECTOR ( 'NONE', #3470, 1000.000000000000000 ) ;
#5292 = CARTESIAN_POINT ( 'NONE',  ( 160.0000000000000000, 10.00000000000000000, 4.000000000000000000 ) ) ;
#5293 = CARTESIAN_POINT ( 'NONE',  ( 18.19999999999999929, 170.0000000000000000, -1.527713595751250061E-15 ) ) ;
#5294 = EDGE_CURVE ( 'NONE', #8777, #9644, #10131, .T. ) ;
#5295 = CARTESIAN_POINT ( 'NONE',  ( 180.0000000000000000, 520.0000000000000000, 4.000000000000000000 ) ) ;
#5296 = EDGE_LOOP ( 'NONE', ( #5486, #3893, #7669, #7677 ) ) ;
#5297 = ORIENTED_EDGE ( 'NONE', *, *, #1817, .F. ) ;
#5298 = VECTOR ( 'NONE', #2848, 1000.000000000000000 ) ;
#5299 = DIRECTION ( 'NONE',  ( 1.000000000000000000, 0.000000000000000000, 0.000000000000000000 ) ) ;
#5300 = EDGE_CURVE ( 'NONE', #1294, #4716, #6818, .T. ) ;
#5301 = ORIENTED_EDGE ( 'NONE', *, *, #3300, .T. ) ;
#5302 = CARTESIAN_POINT ( 'NONE',  ( 503.0848070195594914, 29.14715839760151894, 4.467520984445802590 ) ) ;
#5303 = CARTESIAN_POINT ( 'NONE',  ( 212.0000000000001705, 530.0000000000000000, 17.06413377357530692 ) ) ;
#5304 = CARTESIAN_POINT ( 'NONE',  ( 20.00000000000000000, 170.0000000000000000, 20.00000000000000000 ) ) ;
#5305 = ADVANCED_FACE ( 'NONE', ( #6967 ), #2775, .F. ) ;
#5306 = ORIENTED_EDGE ( 'NONE', *, *, #1168, .T. ) ;
#5307 = ORIENTED_EDGE ( 'NONE', *, *, #10044, .F. ) ;
#5308 = ORIENTED_EDGE ( 'NONE', *, *, #5650, .F. ) ;
#5309 = CARTESIAN_POINT ( 'NONE',  ( 180.0000000000000000, 520.0000000000000000, 0.000000000000000000 ) ) ;
#5310 = VECTOR ( 'NONE', #4259, 1000.000000000000000 ) ;
#5311 = CARTESIAN_POINT ( 'NONE',  ( 20.00000000000000000, 360.0000000000000000, 0.000000000000000000 ) ) ;
#5312 = CARTESIAN_POINT ( 'NONE',  ( 381.2272077938640109, 363.0000000000000000, -1.876833409901129723E-14 ) ) ;
#5313 = CARTESIAN_POINT ( 'NONE',  ( 215.0000000000000284, 532.1447388037000792, 14.69506026980382529 ) ) ;
#5314 = AXIS2_PLACEMENT_3D ( 'NONE', #6092, #10157, #1227 ) ;
#5315 = CARTESIAN_POINT ( 'NONE',  ( 13.19999999999999929, 30.00000000000000000, 4.000000000000000000 ) ) ;
#5316 = ORIENTED_EDGE ( 'NONE', *, *, #7830, .T. ) ;
#5317 = ADVANCED_FACE ( 'NONE', ( #6222 ), #9248, .F. ) ;
#5318 = ORIENTED_EDGE ( 'NONE', *, *, #1031, .T. ) ;
#5319 = VERTEX_POINT ( 'NONE', #9551 ) ;
#5320 = DIRECTION ( 'NONE',  ( 0.000000000000000000, 0.000000000000000000, -1.000000000000000000 ) ) ;
#5321 = EDGE_CURVE ( 'NONE', #6170, #2650, #7928, .T. ) ;
#5322 = AXIS2_PLACEMENT_3D ( 'NONE', #4742, #9605, #2301 ) ;
#5324 = CARTESIAN_POINT ( 'NONE',  ( 503.0516806140059316, 30.96469697803031806, 4.245777376549165538 ) ) ;
#5323 = VECTOR ( 'NONE', #1473, 1000.000000000000000 ) ;
#5325 = DIRECTION ( 'NONE',  ( 0.000000000000000000, 0.000000000000000000, -1.000000000000000000 ) ) ;
#5326 = EDGE_CURVE ( 'NONE', #4219, #8982, #10339, .T. ) ;
#5327 = EDGE_CURVE ( 'NONE', #10172, #7013, #833, .T. ) ;
#5328 = FACE_OUTER_BOUND ( 'NONE', #6971, .T. ) ;
#5329 = DIRECTION ( 'NONE',  ( 1.000000000000000000, 0.000000000000000000, 0.000000000000000000 ) ) ;
#5330 = FACE_OUTER_BOUND ( 'NONE', #6679, .T. ) ;
#5331 = ORIENTED_EDGE ( 'NONE', *, *, #9390, .F. ) ;
#5332 = EDGE_CURVE ( 'NONE', #4726, #6581, #3089, .T. ) ;
#5333 = CIRCLE ( 'NONE', #6019, 5.258247340840207507 ) ;
#5334 = CARTESIAN_POINT ( 'NONE',  ( 491.5999999999999659, 166.0000000000000000, 16.13725830020310070 ) ) ;
#5335 = CIRCLE ( 'NONE', #2954, 3.199999999999980638 ) ;
#5336 = ORIENTED_EDGE ( 'NONE', *, *, #2920, .T. ) ;
#5337 = ORIENTED_EDGE ( 'NONE', *, *, #10145, .T. ) ;
#5338 = LINE ( 'NONE', #10350, #2195 ) ;
#5339 = ORIENTED_EDGE ( 'NONE', *, *, #8823, .F. ) ;
#5340 = CARTESIAN_POINT ( 'NONE',  ( 0.000000000000000000, 465.6999999999999886, 12.99999999999960032 ) ) ;
#5341 = DIRECTION ( 'NONE',  ( 0.000000000000000000, 0.000000000000000000, 1.000000000000000000 ) ) ;
#5342 = CARTESIAN_POINT ( 'NONE',  ( 503.1189405172683564, 170.0000000000000000, 4.618317782934551197 ) ) ;
#5343 = AXIS2_PLACEMENT_3D ( 'NONE', #3786, #4582, #9550 ) ;
#5344 = DIRECTION ( 'NONE',  ( 0.000000000000000000, -1.000000000000000000, 0.000000000000000000 ) ) ;
#5345 = DIRECTION ( 'NONE',  ( 0.000000000000000000, 0.000000000000000000, 1.000000000000000000 ) ) ;
#5346 = CARTESIAN_POINT ( 'NONE',  ( 500.0000000000000000, 350.0000000000000000, 20.00000000000000000 ) ) ;
#5347 = LINE ( 'NONE', #10103, #5298 ) ;
#5348 = AXIS2_PLACEMENT_3D ( 'NONE', #411, #10029, #999 ) ;
#5349 = EDGE_LOOP ( 'NONE', ( #8005, #5753, #3560, #1424 ) ) ;
#5350 = CIRCLE ( 'NONE', #2478, 1.750000000000029310 ) ;
#5351 = CARTESIAN_POINT ( 'NONE',  ( 490.0000000000000000, 20.00000000000000000, 0.000000000000000000 ) ) ;
#5352 = ORIENTED_EDGE ( 'NONE', *, *, #6032, .T. ) ;
#5353 = AXIS2_PLACEMENT_3D ( 'NONE', #1027, #4306, #7590 ) ;
#5354 = FACE_OUTER_BOUND ( 'NONE', #2079, .T. ) ;
#5355 = AXIS2_PLACEMENT_3D ( 'NONE', #7245, #8771, #4854 ) ;
#5356 = VERTEX_POINT ( 'NONE', #2461 ) ;
#5357 = CARTESIAN_POINT ( 'NONE',  ( 255.0000000000000000, 265.0000000000000000, 0.000000000000000000 ) ) ;
#5358 = LINE ( 'NONE', #10207, #1840 ) ;
#5359 = CARTESIAN_POINT ( 'NONE',  ( 491.8000000000000114, 170.0000000000000000, 15.65441558772840125 ) ) ;
#5360 = ORIENTED_EDGE ( 'NONE', *, *, #10138, .F. ) ;
#5361 = AXIS2_PLACEMENT_3D ( 'NONE', #7645, #397, #7693 ) ;
#5362 = ORIENTED_EDGE ( 'NONE', *, *, #1063, .F. ) ;
#5363 = ORIENTED_EDGE ( 'NONE', *, *, #6571, .T. ) ;
#5364 = AXIS2_PLACEMENT_3D ( 'NONE', #4626, #9332, #3725 ) ;
#5365 = CIRCLE ( 'NONE', #1977, 3.199999999999980638 ) ;
#5366 = FACE_OUTER_BOUND ( 'NONE', #174, .T. ) ;
#5367 = EDGE_CURVE ( 'NONE', #2391, #5929, #2305, .T. ) ;
#5368 = CARTESIAN_POINT ( 'NONE',  ( 180.0000000000000000, 520.0000000000000000, 12.00000000000000000 ) ) ;
#5369 = FACE_OUTER_BOUND ( 'NONE', #3014, .T. ) ;
#5370 = FACE_OUTER_BOUND ( 'NONE', #8154, .T. ) ;
#5371 = DIRECTION ( 'NONE',  ( -1.340646671245470025E-16, 1.000000000000000000, 0.000000000000000000 ) ) ;
#5372 = VERTEX_POINT ( 'NONE', #2249 ) ;
#5373 = ORIENTED_EDGE ( 'NONE', *, *, #5790, .F. ) ;
#5374 = EDGE_CURVE ( 'NONE', #6481, #3757, #7901, .T. ) ;
#5375 = ORIENTED_EDGE ( 'NONE', *, *, #4099, .F. ) ;
#5376 = LINE ( 'NONE', #2083, #4401 ) ;
#5377 = DIRECTION ( 'NONE',  ( 1.000000000000000000, 0.000000000000000000, 0.000000000000000000 ) ) ;
#5378 = CARTESIAN_POINT ( 'NONE',  ( 20.00000000000000000, 20.00000000000000000, 0.000000000000000000 ) ) ;
#5379 = ADVANCED_FACE ( 'NONE', ( #8929, #3205 ), #8711, .F. ) ;
#5380 = DIRECTION ( 'NONE',  ( 0.000000000000000000, 0.000000000000000000, -1.000000000000000000 ) ) ;
#5381 = DIRECTION ( 'NONE',  ( -1.000000000000000000, -5.572884202040000394E-16, 0.000000000000000000 ) ) ;
#5382 = FACE_OUTER_BOUND ( 'NONE', #4412, .T. ) ;
#5383 = VERTEX_POINT ( 'NONE', #8872 ) ;
#5384 = CARTESIAN_POINT ( 'NONE',  ( 508.3545924146666266, 360.0000000000002842, 5.585615577200382376 ) ) ;
#5385 = ORIENTED_EDGE ( 'NONE', *, *, #9365, .T. ) ;
#5386 = EDGE_CURVE ( 'NONE', #2707, #7423, #7981, .T. ) ;
#5387 = ORIENTED_EDGE ( 'NONE', *, *, #2601, .T. ) ;
#5388 = EDGE_CURVE ( 'NONE', #2532, #8766, #5593, .T. ) ;
#5389 = ORIENTED_EDGE ( 'NONE', *, *, #8277, .T. ) ;
#5390 = CARTESIAN_POINT ( 'NONE',  ( 503.1999999999999886, 30.00000000000000000, 20.00000000000000000 ) ) ;
#5391 = ORIENTED_EDGE ( 'NONE', *, *, #8859, .F. ) ;
#5392 = VECTOR ( 'NONE', #647, 1000.000000000000000 ) ;
#5393 = CARTESIAN_POINT ( 'NONE',  ( 378.5908075695795674, 12.97412125320279763, 6.433224273564971550E-16 ) ) ;
#5394 = CARTESIAN_POINT ( 'NONE',  ( 0.000000000000000000, 440.6999999999999886, 6.999999999999760192 ) ) ;
#5395 = CARTESIAN_POINT ( 'NONE',  ( 183.1999999999999886, 10.00000000000000000, 4.000000000000000000 ) ) ;
#5396 = EDGE_CURVE ( 'NONE', #4182, #8423, #8031, .T. ) ;
#5397 = CARTESIAN_POINT ( 'NONE',  ( 498.2500000000000000, 500.0000000000000000, 4.000000000000000000 ) ) ;
#5398 = DIRECTION ( 'NONE',  ( 0.9977766534559874279, 0.06664645390544329806, 0.000000000000000000 ) ) ;
#5399 = AXIS2_PLACEMENT_3D ( 'NONE', #6881, #5287, #7827 ) ;
#5400 = CARTESIAN_POINT ( 'NONE',  ( 3.500000000000000000, 435.0000000000000000, 10.00000000000189893 ) ) ;
#5401 = LINE ( 'NONE', #1420, #5469 ) ;
#5402 = ORIENTED_EDGE ( 'NONE', *, *, #2192, .T. ) ;
#5403 = DIRECTION ( 'NONE',  ( 0.000000000000000000, -1.000000000000000000, 0.000000000000000000 ) ) ;
#5404 = ORIENTED_EDGE ( 'NONE', *, *, #8953, .T. ) ;
#5405 = DIRECTION ( 'NONE',  ( 1.000000000000000000, 0.000000000000000000, 0.000000000000000000 ) ) ;
#5406 = CARTESIAN_POINT ( 'NONE',  ( 215.0000000000000284, 510.0000000000000000, 10.49355789662076788 ) ) ;
#5407 = CIRCLE ( 'NONE', #344, 3.199999999999999734 ) ;
#5408 = ORIENTED_EDGE ( 'NONE', *, *, #7965, .F. ) ;
#5409 = LINE ( 'NONE', #9477, #5564 ) ;
#5410 = DIRECTION ( 'NONE',  ( 0.000000000000000000, 0.000000000000000000, 1.000000000000000000 ) ) ;
#5411 = DIRECTION ( 'NONE',  ( 0.000000000000000000, 0.000000000000000000, -1.000000000000000000 ) ) ;
#5412 = ORIENTED_EDGE ( 'NONE', *, *, #5626, .T. ) ;
#5413 = EDGE_LOOP ( 'NONE', ( #7932, #1155, #5719, #9862 ) ) ;
#5414 = AXIS2_PLACEMENT_3D ( 'NONE', #6813, #2770, #6012 ) ;
#5415 = ORIENTED_EDGE ( 'NONE', *, *, #9778, .F. ) ;
#5416 = ORIENTED_EDGE ( 'NONE', *, *, #8099, .F. ) ;
#5417 = DIRECTION ( 'NONE',  ( -2.010970006868209845E-16, 1.000000000000000000, 0.000000000000000000 ) ) ;
#5418 = DIRECTION ( 'NONE',  ( 1.000000000000000000, 0.000000000000000000, 0.000000000000000000 ) ) ;
#5419 = CARTESIAN_POINT ( 'NONE',  ( 181.7500000000000000, 10.00000000000000000, 10.00000000000000000 ) ) ;
#5420 = DIRECTION ( 'NONE',  ( 0.000000000000000000, -6.123233995736769734E-17, -1.000000000000000000 ) ) ;
#5421 = CARTESIAN_POINT ( 'NONE',  ( 215.0000000000000284, 516.5944988621515677, 6.902406875640123118 ) ) ;
#5422 = VERTEX_POINT ( 'NONE', #723 ) ;
#5423 = ORIENTED_EDGE ( 'NONE', *, *, #7209, .T. ) ;
#5424 = ORIENTED_EDGE ( 'NONE', *, *, #10281, .T. ) ;
#5425 = EDGE_CURVE ( 'NONE', #4637, #8946, #7185, .T. ) ;
#5426 = DIRECTION ( 'NONE',  ( 1.000000000000000000, 0.000000000000000000, 0.000000000000000000 ) ) ;
#5427 = CARTESIAN_POINT ( 'NONE',  ( 371.9005428569985838, 10.64941922215405512, 3.900000000000000355 ) ) ;
#5428 = AXIS2_PLACEMENT_3D ( 'NONE', #6601, #4013, #3361 ) ;
#5429 = DIRECTION ( 'NONE',  ( -1.000000000000000000, 0.000000000000000000, 0.000000000000000000 ) ) ;
#5430 = PLANE ( 'NONE',  #6876 ) ;
#5431 = EDGE_CURVE ( 'NONE', #6145, #3979, #5695, .T. ) ;
#5432 = CARTESIAN_POINT ( 'NONE',  ( 180.0000000000000000, 10.00000000000000000, 4.000000000000000000 ) ) ;
#5433 = CARTESIAN_POINT ( 'NONE',  ( 508.8508361943100340, 360.0000000000000568, 10.00000000000000000 ) ) ;
#5434 = VERTEX_POINT ( 'NONE', #3847 ) ;
#5435 = CARTESIAN_POINT ( 'NONE',  ( 503.9535211340440242, 340.0000000000002274, 6.111071711222854752 ) ) ;
#5436 = ORIENTED_EDGE ( 'NONE', *, *, #8997, .T. ) ;
#5437 = VERTEX_POINT ( 'NONE', #10391 ) ;
#5438 = ADVANCED_FACE ( 'NONE', ( #1616 ), #7080, .F. ) ;
#5439 = ORIENTED_EDGE ( 'NONE', *, *, #2398, .F. ) ;
#5440 = PLANE ( 'NONE',  #2368 ) ;
#5441 = FACE_OUTER_BOUND ( 'NONE', #9703, .T. ) ;
#5442 = DIRECTION ( 'NONE',  ( 1.000000000000000000, 0.000000000000000000, 0.000000000000000000 ) ) ;
#5443 = DIRECTION ( 'NONE',  ( 0.000000000000000000, -6.123233995736769734E-17, -1.000000000000000000 ) ) ;
#5444 = CARTESIAN_POINT ( 'NONE',  ( 498.5641759430124011, 517.4133275873676894, 6.433224273564971550E-16 ) ) ;
#5445 = ADVANCED_FACE ( 'NONE', ( #10450 ), #9663, .F. ) ;
#5446 = CARTESIAN_POINT ( 'NONE',  ( 503.0400134473733829, 350.9992410812814683, 4.125379968884765880 ) ) ;
#5447 = CARTESIAN_POINT ( 'NONE',  ( 295.0000000000000568, 515.5081397412453725, 9.591240053884005690 ) ) ;
#5448 = CARTESIAN_POINT ( 'NONE',  ( 505.8203856630674409, 170.0000000000001990, 6.903355216515447701 ) ) ;
#5449 = EDGE_CURVE ( 'NONE', #2190, #3415, #2131, .T. ) ;
#5450 = CARTESIAN_POINT ( 'NONE',  ( 500.0000000000000000, 370.0000000000000000, 4.000000000000000000 ) ) ;
#5451 = EDGE_CURVE ( 'NONE', #8360, #6592, #293, .T. ) ;
#5452 = ORIENTED_EDGE ( 'NONE', *, *, #3638, .T. ) ;
#5453 = VECTOR ( 'NONE', #4423, 1000.000000000000000 ) ;
#5454 = DIRECTION ( 'NONE',  ( 0.000000000000000000, -0.3746065934159057420, 0.9271838545667899778 ) ) ;
#5455 = ORIENTED_EDGE ( 'NONE', *, *, #7717, .T. ) ;
#5456 = CARTESIAN_POINT ( 'NONE',  ( 500.0000000000000000, 370.0000000000000000, 10.00000000000000000 ) ) ;
#5457 = EDGE_CURVE ( 'NONE', #93, #358, #1797, .T. ) ;
#5458 = CARTESIAN_POINT ( 'NONE',  ( 215.0000000000000284, 510.0000000000000000, 4.238056389090750997 ) ) ;
#5459 = AXIS2_PLACEMENT_3D ( 'NONE', #4964, #2467, #8934 ) ;
#5460 = EDGE_CURVE ( 'NONE', #9962, #1087, #3492, .T. ) ;
#5461 = ORIENTED_EDGE ( 'NONE', *, *, #10025, .F. ) ;
#5462 = DIRECTION ( 'NONE',  ( 1.000000000000000000, 0.000000000000000000, 0.000000000000000000 ) ) ;
#5463 = DIRECTION ( 'NONE',  ( 0.000000000000000000, -1.000000000000000000, 0.000000000000000000 ) ) ;
#5464 = CARTESIAN_POINT ( 'NONE',  ( 6.500000000000000000, 54.80000000000000426, 7.000000000000000000 ) ) ;
#5465 = VERTEX_POINT ( 'NONE', #5011 ) ;
#5466 = VERTEX_POINT ( 'NONE', #2714 ) ;
#5467 = ADVANCED_FACE ( 'NONE', ( #242, #3306, #8187, #2561, #9083, #2667 ), #3464, .T. ) ;
#5468 = DIRECTION ( 'NONE',  ( 0.000000000000000000, -1.000000000000000000, 0.000000000000000000 ) ) ;
#5469 = VECTOR ( 'NONE', #3756, 1000.000000000000000 ) ;
#5470 = ORIENTED_EDGE ( 'NONE', *, *, #2920, .F. ) ;
#5471 = VERTEX_POINT ( 'NONE', #9816 ) ;
#5472 = LINE ( 'NONE', #2291, #5690 ) ;
#5473 = DIRECTION ( 'NONE',  ( 0.000000000000000000, 1.000000000000000000, -7.588638549471020099E-33 ) ) ;
#5474 = CARTESIAN_POINT ( 'NONE',  ( 503.0343435439377231, 511.4706066773346720, 3.900000000000000355 ) ) ;
#5475 = CYLINDRICAL_SURFACE ( 'NONE', #7568, 3.199999999999980638 ) ;
#5476 = CYLINDRICAL_SURFACE ( 'NONE', #7157, 1.750000000000029310 ) ;
#5477 = VERTEX_POINT ( 'NONE', #5954 ) ;
#5478 = ORIENTED_EDGE ( 'NONE', *, *, #255, .T. ) ;
#5479 = CARTESIAN_POINT ( 'NONE',  ( 499.6686291501009691, 166.0000000000000000, 8.068629150101550351 ) ) ;
#5480 = CARTESIAN_POINT ( 'NONE',  ( 167.0000000000000000, 18.19999999999999929, 15.65441558772840125 ) ) ;
#5481 = PLANE ( 'NONE',  #3482 ) ;
#5482 = DIRECTION ( 'NONE',  ( 0.000000000000000000, 1.000000000000000000, 0.000000000000000000 ) ) ;
#5483 = AXIS2_PLACEMENT_3D ( 'NONE', #1177, #6141, #5255 ) ;
#5484 = LINE ( 'NONE', #1460, #3474 ) ;
#5485 = CARTESIAN_POINT ( 'NONE',  ( 503.0861466292987529, 512.2068833318884344, 6.433224273564971550E-16 ) ) ;
#5486 = ORIENTED_EDGE ( 'NONE', *, *, #6368, .F. ) ;
#5487 = CYLINDRICAL_SURFACE ( 'NONE', #7917, 3.200000000000008171 ) ;
#5488 = ORIENTED_EDGE ( 'NONE', *, *, #9519, .F. ) ;
#5489 = VERTEX_POINT ( 'NONE', #8137 ) ;
#5490 = ORIENTED_EDGE ( 'NONE', *, *, #2082, .T. ) ;
#5491 = VECTOR ( 'NONE', #10356, 1000.000000000000000 ) ;
#5492 = EDGE_CURVE ( 'NONE', #3457, #1089, #4314, .T. ) ;
#5493 = LINE ( 'NONE', #4643, #6934 ) ;
#5494 = CARTESIAN_POINT ( 'NONE',  ( 4.999999999997849720, 340.0000000000000000, 0.000000000000000000 ) ) ;
#5495 = CARTESIAN_POINT ( 'NONE',  ( 495.9425898691238785, 20.06587492801714134, 0.000000000000000000 ) ) ;
#5496 = FACE_OUTER_BOUND ( 'NONE', #10160, .T. ) ;
#5497 = LINE ( 'NONE', #4079, #9257 ) ;
#5498 = VECTOR ( 'NONE', #8105, 1000.000000000000000 ) ;
#5499 = ADVANCED_FACE ( 'NONE', ( #2612 ), #9134, .F. ) ;
#5500 = CARTESIAN_POINT ( 'NONE',  ( -6.697875610367079879E-31, 360.0000000000000000, 0.000000000000000000 ) ) ;
#5501 = VECTOR ( 'NONE', #1642, 1000.000000000000000 ) ;
#5502 = FACE_OUTER_BOUND ( 'NONE', #6511, .T. ) ;
#5503 = FACE_BOUND ( 'NONE', #7435, .T. ) ;
#5504 = FACE_OUTER_BOUND ( 'NONE', #559, .T. ) ;
#5505 = ORIENTED_EDGE ( 'NONE', *, *, #6360, .F. ) ;
#5506 = EDGE_CURVE ( 'NONE', #403, #5471, #3838, .T. ) ;
#5507 = DIRECTION ( 'NONE',  ( 1.000000000000000000, 0.000000000000000000, 0.000000000000000000 ) ) ;
#5508 = VERTEX_POINT ( 'NONE', #5799 ) ;
#5509 = CIRCLE ( 'NONE', #2457, 3.200000000000008171 ) ;
#5510 = AXIS2_PLACEMENT_3D ( 'NONE', #6853, #1336, #2183 ) ;
#5511 = DIRECTION ( 'NONE',  ( 0.000000000000000000, 0.000000000000000000, -1.000000000000000000 ) ) ;
#5512 = EDGE_CURVE ( 'NONE', #7310, #7640, #5111, .T. ) ;
#5513 = ORIENTED_EDGE ( 'NONE', *, *, #1938, .F. ) ;
#5514 = CARTESIAN_POINT ( 'NONE',  ( 255.0000000000000000, 360.0000000000000000, 10.00000000000000000 ) ) ;
#5515 = DIRECTION ( 'NONE',  ( 1.000000000000000000, 0.000000000000000000, 0.000000000000000000 ) ) ;
#5516 = DIRECTION ( 'NONE',  ( 1.000000000000000000, 0.000000000000000000, 0.000000000000000000 ) ) ;
#5517 = ORIENTED_EDGE ( 'NONE', *, *, #8432, .T. ) ;
#5518 = ORIENTED_EDGE ( 'NONE', *, *, #326, .F. ) ;
#5519 = FILL_AREA_STYLE ('',( #4619 ) ) ;
#5520 = VERTEX_POINT ( 'NONE', #9767 ) ;
#5521 = ADVANCED_FACE ( 'NONE', ( #9027 ), #5062, .F. ) ;
#5522 = ADVANCED_FACE ( 'NONE', ( #84 ), #8240, .T. ) ;
#5523 = ORIENTED_EDGE ( 'NONE', *, *, #6872, .T. ) ;
#5524 = VECTOR ( 'NONE', #6842, 1000.000000000000000 ) ;
#5525 = AXIS2_PLACEMENT_3D ( 'NONE', #6328, #9709, #2360 ) ;
#5526 = CARTESIAN_POINT ( 'NONE',  ( 255.0000000000000000, 515.5081397412454862, 9.591240053883804961 ) ) ;
#5527 = VECTOR ( 'NONE', #5148, 1000.000000000000000 ) ;
#5528 = EDGE_CURVE ( 'NONE', #4523, #4966, #8339, .T. ) ;
#5529 = LINE ( 'NONE', #765, #8078 ) ;
#5530 = DIRECTION ( 'NONE',  ( 0.000000000000000000, -1.000000000000000000, 0.000000000000000000 ) ) ;
#5531 = AXIS2_PLACEMENT_3D ( 'NONE', #9967, #6703, #5744 ) ;
#5532 = DIRECTION ( 'NONE',  ( 1.000000000000000000, 0.000000000000000000, 0.000000000000000000 ) ) ;
#5533 = ORIENTED_EDGE ( 'NONE', *, *, #3446, .F. ) ;
#5534 = ORIENTED_EDGE ( 'NONE', *, *, #4024, .F. ) ;
#5535 = AXIS2_PLACEMENT_3D ( 'NONE', #7365, #4932, #5563 ) ;
#5536 = LINE ( 'NONE', #5637, #2287 ) ;
#5537 = LINE ( 'NONE', #7130, #7483 ) ;
#5538 = CYLINDRICAL_SURFACE ( 'NONE', #4500, 1.500000000000157430 ) ;
#5539 = DIRECTION ( 'NONE',  ( 0.000000000000000000, 1.000000000000000000, 0.000000000000000000 ) ) ;
#5540 = CARTESIAN_POINT ( 'NONE',  ( 295.0000000000000568, 530.0000000000000000, 13.82852954554268265 ) ) ;
#5541 = DIRECTION ( 'NONE',  ( 1.000000000000000000, 0.000000000000000000, 0.000000000000000000 ) ) ;
#5542 = CIRCLE ( 'NONE', #9101, 3.199999999999980638 ) ;
#5543 = ORIENTED_EDGE ( 'NONE', *, *, #8740, .F. ) ;
#5544 = CARTESIAN_POINT ( 'NONE',  ( 500.0000000000000000, 500.0000000000000000, 20.00000000000000000 ) ) ;
#5545 = VERTEX_POINT ( 'NONE', #7341 ) ;
#5546 = CIRCLE ( 'NONE', #2992, 3.199999999999999734 ) ;
#5547 = EDGE_LOOP ( 'NONE', ( #3451, #1253, #1375, #6504 ) ) ;
#5548 = ORIENTED_EDGE ( 'NONE', *, *, #4213, .F. ) ;
#5549 = DIRECTION ( 'NONE',  ( 1.000000000000000000, 0.000000000000000000, 0.000000000000000000 ) ) ;
#5550 = DIRECTION ( 'NONE',  ( -3.335881388545070138E-16, 1.000000000000000000, -6.123233995736769734E-17 ) ) ;
#5551 = DIRECTION ( 'NONE',  ( 1.000000000000000000, 0.000000000000000000, 0.000000000000000000 ) ) ;
#5552 = FACE_OUTER_BOUND ( 'NONE', #116, .T. ) ;
#5553 = CARTESIAN_POINT ( 'NONE',  ( 13.19999999999999929, 370.0000000000000000, 12.00000000000000000 ) ) ;
#5554 = CARTESIAN_POINT ( 'NONE',  ( 503.1655858028321973, 350.4824528383905431, 4.792152622625239999 ) ) ;
#5555 = DIRECTION ( 'NONE',  ( 0.000000000000000000, 0.000000000000000000, 1.000000000000000000 ) ) ;
#5556 = ORIENTED_EDGE ( 'NONE', *, *, #7650, .T. ) ;
#5557 = CARTESIAN_POINT ( 'NONE',  ( -9.350978560473599132E-31, 502.6000000000000227, 12.99999999999979927 ) ) ;
#5558 = VERTEX_POINT ( 'NONE', #7440 ) ;
#5559 = EDGE_CURVE ( 'NONE', #6953, #5422, #5273, .T. ) ;
#5560 = DIRECTION ( 'NONE',  ( 0.000000000000000000, -1.000000000000000000, -4.809630431589130061E-16 ) ) ;
#5561 = EDGE_LOOP ( 'NONE', ( #3856, #33, #2723, #8395 ) ) ;
#5562 = FACE_BOUND ( 'NONE', #10344, .T. ) ;
#5563 = DIRECTION ( 'NONE',  ( 0.000000000000000000, -7.588638549471020099E-33, -1.000000000000000000 ) ) ;
#5564 = VECTOR ( 'NONE', #1430, 1000.000000000000000 ) ;
#5565 = EDGE_CURVE ( 'NONE', #9450, #1723, #191, .T. ) ;
#5566 = PLANE ( 'NONE',  #2010 ) ;
#5567 = LINE ( 'NONE', #754, #9611 ) ;
#5568 = CARTESIAN_POINT ( 'NONE',  ( 358.6792949499368319, 530.0000000000002274, 6.265851394368354477 ) ) ;
#5569 = ORIENTED_EDGE ( 'NONE', *, *, #4682, .T. ) ;
#5570 = ORIENTED_EDGE ( 'NONE', *, *, #2185, .T. ) ;
#5571 = CARTESIAN_POINT ( 'NONE',  ( 362.5024556028093343, 3.851859888774471268E-31, 6.655154784862221007 ) ) ;
#5572 = ORIENTED_EDGE ( 'NONE', *, *, #4976, .T. ) ;
#5574 = ADVANCED_FACE ( 'NONE', ( #6646 ), #9866, .F. ) ;
#5573 = ORIENTED_EDGE ( 'NONE', *, *, #3355, .T. ) ;
#5575 = CIRCLE ( 'NONE', #9795, 1.750000000000029310 ) ;
#5576 = CARTESIAN_POINT ( 'NONE',  ( 170.0000000000000000, 530.0000000000000000, 20.00000000000000000 ) ) ;
#5577 = CARTESIAN_POINT ( 'NONE',  ( 508.8508361943100340, 20.80215158257098196, -9.146565213191545956E-17 ) ) ;
#5578 = DIRECTION ( 'NONE',  ( 0.000000000000000000, 0.000000000000000000, -1.000000000000000000 ) ) ;
#5579 = ADVANCED_FACE ( 'NONE', ( #6907 ), #4518, .T. ) ;
#5580 = ADVANCED_FACE ( 'NONE', ( #6850 ), #10168, .F. ) ;
#5581 = ADVANCED_FACE ( 'NONE', ( #3671 ), #10217, .F. ) ;
#5582 = FACE_OUTER_BOUND ( 'NONE', #4566, .T. ) ;
#5583 = CARTESIAN_POINT ( 'NONE',  ( 503.0400135753999393, 179.0007593030160820, 4.125383928642119891 ) ) ;
#5584 = VECTOR ( 'NONE', #6609, 1000.000000000000000 ) ;
#5585 = LINE ( 'NONE', #1555, #10069 ) ;
#5586 = ORIENTED_EDGE ( 'NONE', *, *, #5332, .F. ) ;
#5587 = VECTOR ( 'NONE', #5014, 1000.000000000000000 ) ;
#5588 = ORIENTED_EDGE ( 'NONE', *, *, #5294, .F. ) ;
#5589 = EDGE_CURVE ( 'NONE', #9348, #6357, #6887, .T. ) ;
#5590 = LINE ( 'NONE', #3253, #9719 ) ;
#5591 = LINE ( 'NONE', #8029, #9841 ) ;
#5592 = DIRECTION ( 'NONE',  ( 1.000000000000000000, 0.000000000000000000, 0.000000000000000000 ) ) ;
#5593 = LINE ( 'NONE', #4634, #7720 ) ;
#5594 = ADVANCED_FACE ( 'NONE', ( #6801 ), #9182, .F. ) ;
#5595 = CARTESIAN_POINT ( 'NONE',  ( 255.0000000000000000, 170.0000000000000000, 20.00000000000000000 ) ) ;
#5596 = CARTESIAN_POINT ( 'NONE',  ( 500.0000000000000000, 500.0000000000000000, 4.000000000000000000 ) ) ;
#5597 = ORIENTED_EDGE ( 'NONE', *, *, #1761, .T. ) ;
#5598 = DIRECTION ( 'NONE',  ( 0.000000000000000000, -1.000000000000000000, 6.123233995736750012E-17 ) ) ;
#5599 = ORIENTED_EDGE ( 'NONE', *, *, #4084, .F. ) ;
#5600 = EDGE_LOOP ( 'NONE', ( #4320, #10456, #6651 ) ) ;
#5601 = AXIS2_PLACEMENT_3D ( 'NONE', #3152, #6394, #2412 ) ;
#5602 = ORIENTED_EDGE ( 'NONE', *, *, #133, .T. ) ;
#5603 = LINE ( 'NONE', #4759, #9291 ) ;
#5604 = LINE ( 'NONE', #6460, #2871 ) ;
#5605 = DIRECTION ( 'NONE',  ( -1.000000000000000000, 0.000000000000000000, 0.000000000000000000 ) ) ;
#5606 = DIRECTION ( 'NONE',  ( -1.000000000000000000, 0.000000000000000000, 0.000000000000000000 ) ) ;
#5607 = CARTESIAN_POINT ( 'NONE',  ( 508.8508361943100340, 512.9431599864420832, -9.146565213191545956E-17 ) ) ;
#5608 = DIRECTION ( 'NONE',  ( 2.010970006868209845E-16, -1.000000000000000000, 0.000000000000000000 ) ) ;
#5609 = ORIENTED_EDGE ( 'NONE', *, *, #6362, .F. ) ;
#5610 = PLANE ( 'NONE',  #8705 ) ;
#5611 = ORIENTED_EDGE ( 'NONE', *, *, #9322, .F. ) ;
#5612 = CARTESIAN_POINT ( 'NONE',  ( 491.8000000000000114, 360.0000000000000000, 15.65441558772840125 ) ) ;
#5613 = EDGE_LOOP ( 'NONE', ( #7795, #9288, #4838, #7595 ) ) ;
#5614 = DIRECTION ( 'NONE',  ( 1.000000000000000000, 0.000000000000000000, 0.000000000000000000 ) ) ;
#5615 = CARTESIAN_POINT ( 'NONE',  ( 10.00000000000000000, 350.0000000000000000, 4.000000000000000000 ) ) ;
#5616 = CARTESIAN_POINT ( 'NONE',  ( 10.00000000000000000, 160.0000000000000000, 12.00000000000000000 ) ) ;
#5617 = PLANE ( 'NONE',  #2342 ) ;
#5618 = CARTESIAN_POINT ( 'NONE',  ( 503.4444607874272037, 170.0000000000000853, 5.446449993305752635 ) ) ;
#5619 = VECTOR ( 'NONE', #5909, 1000.000000000000000 ) ;
#5620 = VERTEX_POINT ( 'NONE', #5311 ) ;
#5621 = VERTEX_POINT ( 'NONE', #10017 ) ;
#5622 = CARTESIAN_POINT ( 'NONE',  ( 490.0000000000000000, 320.0000000000000000, 0.000000000000000000 ) ) ;
#5623 = ORIENTED_EDGE ( 'NONE', *, *, #860, .T. ) ;
#5624 = ORIENTED_EDGE ( 'NONE', *, *, #3884, .T. ) ;
#5625 = B_SPLINE_CURVE_WITH_KNOTS ( 'NONE', 3,
 ( #10065, #3722, #5266, #2816 ),
 .UNSPECIFIED., .F., .F.,
 ( 4, 4 ),
 ( 0.005835308323642057586, 0.006314309677807806130 ),
 .UNSPECIFIED. ) ;
#5626 = EDGE_CURVE ( 'NONE', #4435, #3731, #2031, .T. ) ;
#5627 = LINE ( 'NONE', #4200, #365 ) ;
#5628 = CARTESIAN_POINT ( 'NONE',  ( 500.0000000000000000, 180.0000000000000000, 10.00000000000000000 ) ) ;
#5629 = PLANE ( 'NONE',  #9084 ) ;
#5630 = ADVANCED_FACE ( 'NONE', ( #1923 ), #8535, .F. ) ;
#5631 = DIRECTION ( 'NONE',  ( 1.000000000000000000, 0.000000000000000000, 0.000000000000000000 ) ) ;
#5632 = CLOSED_SHELL ( 'NONE', ( #1436, #5251, #3317, #532, #3084, #926, #4202, #803, #7085, #8311, #3118, #2989, #10413, #2576, #4170, #7984, #4481, #5842, #1952, #7127, #4806, #5059, #8866, #5240, #7571, #9246 ) ) ;
#5633 = VECTOR ( 'NONE', #4754, 1000.000000000000000 ) ;
#5634 = DIRECTION ( 'NONE',  ( 0.000000000000000000, 0.000000000000000000, 1.000000000000000000 ) ) ;
#5635 = VERTEX_POINT ( 'NONE', #1189 ) ;
#5636 = ORIENTED_EDGE ( 'NONE', *, *, #874, .T. ) ;
#5637 = CARTESIAN_POINT ( 'NONE',  ( -1.661445255571679963E-31, 89.30000000000350724, 3.500000000004459988 ) ) ;
#5638 = DIRECTION ( 'NONE',  ( 1.000000000000000000, 0.000000000000000000, 0.000000000000000000 ) ) ;
#5639 = CARTESIAN_POINT ( 'NONE',  ( 0.000000000000000000, 100.6999999999970044, 13.00000000000000000 ) ) ;
#5640 = CARTESIAN_POINT ( 'NONE',  ( 181.7500000000000000, 520.0000000000000000, 10.00000000000000000 ) ) ;
#5641 = CARTESIAN_POINT ( 'NONE',  ( 503.0343435439377231, 511.4706066773345583, 9.900000000000007461 ) ) ;
#5642 = DIRECTION ( 'NONE',  ( 0.7071067811865470176, 4.329780281177459034E-17, 0.7071067811865480168 ) ) ;
#5643 = ADVANCED_FACE ( 'NONE', ( #446 ), #6150, .F. ) ;
#5644 = ORIENTED_EDGE ( 'NONE', *, *, #4089, .T. ) ;
#5645 = FACE_OUTER_BOUND ( 'NONE', #1134, .T. ) ;
#5646 = ORIENTED_EDGE ( 'NONE', *, *, #10422, .F. ) ;
#5647 = ORIENTED_EDGE ( 'NONE', *, *, #4587, .F. ) ;
#5648 = EDGE_CURVE ( 'NONE', #1897, #7640, #2760, .T. ) ;
#5649 = ORIENTED_EDGE ( 'NONE', *, *, #9154, .F. ) ;
#5650 = EDGE_CURVE ( 'NONE', #1723, #4805, #1979, .T. ) ;
#5651 = EDGE_CURVE ( 'NONE', #8427, #2468, #8440, .T. ) ;
#5652 = CARTESIAN_POINT ( 'NONE',  ( 503.0343435439377231, 363.9999999999998863, 3.900000000000000355 ) ) ;
#5653 = CARTESIAN_POINT ( 'NONE',  ( 503.2000000000002160, 349.8757655191677145, 4.898046116018685225 ) ) ;
#5654 = CARTESIAN_POINT ( 'NONE',  ( -8.841195805684550696E-31, 475.1999999999999886, 3.499999999999889866 ) ) ;
#5655 = CARTESIAN_POINT ( 'NONE',  ( 510.0000000000000000, 251.3000000000000114, 10.00000000000000000 ) ) ;
#5656 = DIRECTION ( 'NONE',  ( 0.000000000000000000, 0.000000000000000000, -1.000000000000000000 ) ) ;
#5657 = DIRECTION ( 'NONE',  ( -1.854948556737009897E-16, 0.7071067811865480168, -0.7071067811865470176 ) ) ;
#5658 = CIRCLE ( 'NONE', #1091, 1.749999999999999778 ) ;
#5659 = ADVANCED_FACE ( 'NONE', ( #2817 ), #4417, .T. ) ;
#5660 = EDGE_LOOP ( 'NONE', ( #5534, #5922, #6480, #5663 ) ) ;
#5661 = CARTESIAN_POINT ( 'NONE',  ( 490.0000000000000000, 170.0000000000000000, 5.000000000000000000 ) ) ;
#5662 = AXIS2_PLACEMENT_3D ( 'NONE', #8538, #9234, #7751 ) ;
#5663 = ORIENTED_EDGE ( 'NONE', *, *, #2070, .F. ) ;
#5664 = LINE ( 'NONE', #9630, #1183 ) ;
#5665 = EDGE_LOOP ( 'NONE', ( #44, #5237, #9399, #8568 ) ) ;
#5666 = AXIS2_PLACEMENT_3D ( 'NONE', #8269, #1957, #6731 ) ;
#5667 = DIRECTION ( 'NONE',  ( 0.000000000000000000, 0.000000000000000000, 1.000000000000000000 ) ) ;
#5668 = CARTESIAN_POINT ( 'NONE',  ( -9.860761315262649319E-31, 530.0000000000000000, 20.00000000000000000 ) ) ;
#5669 = AXIS2_PLACEMENT_3D ( 'NONE', #6249, #539, #10365 ) ;
#5670 = VECTOR ( 'NONE', #5344, 1000.000000000000000 ) ;
#5671 = LINE ( 'NONE', #8800, #9946 ) ;
#5672 = CARTESIAN_POINT ( 'NONE',  ( 503.3587288775770503, 170.0000000000000568, 5.288593162230223577 ) ) ;
#5673 = ORIENTED_EDGE ( 'NONE', *, *, #3121, .T. ) ;
#5674 = VERTEX_POINT ( 'NONE', #6104 ) ;
#5675 = CARTESIAN_POINT ( 'NONE',  ( 364.8173783269362502, -1.283953296258080748E-30, 5.591926886142526421 ) ) ;
#5676 = VECTOR ( 'NONE', #1783, 1000.000000000000000 ) ;
#5677 = ORIENTED_EDGE ( 'NONE', *, *, #5973, .F. ) ;
#5678 = ORIENTED_EDGE ( 'NONE', *, *, #9078, .F. ) ;
#5679 = VECTOR ( 'NONE', #15, 1000.000000000000000 ) ;
#5680 = CARTESIAN_POINT ( 'NONE',  ( 498.5641759430124580, 517.4133275873676894, 9.900000000000007461 ) ) ;
#5681 = CARTESIAN_POINT ( 'NONE',  ( 295.0000000000000568, 515.5081397412453725, 9.591240053884005690 ) ) ;
#5682 = DIRECTION ( 'NONE',  ( 1.000000000000000000, 0.000000000000000000, 0.000000000000000000 ) ) ;
#5683 = AXIS2_PLACEMENT_3D ( 'NONE', #1731, #4078, #4025 ) ;
#5684 = CARTESIAN_POINT ( 'NONE',  ( 348.2500000000000000, 10.00000000000000000, 10.00000000000000000 ) ) ;
#5685 = CARTESIAN_POINT ( 'NONE',  ( 508.8508361943101477, 512.9431599864421969, 3.900000000000000799 ) ) ;
#5686 = CARTESIAN_POINT ( 'NONE',  ( 255.0000000000000000, 360.0000000000000000, 0.000000000000000000 ) ) ;
#5687 = VERTEX_POINT ( 'NONE', #9329 ) ;
#5688 = ORIENTED_EDGE ( 'NONE', *, *, #2216, .F. ) ;
#5689 = ADVANCED_FACE ( 'NONE', ( #8591 ), #2072, .F. ) ;
#5691 = FACE_OUTER_BOUND ( 'NONE', #9104, .T. ) ;
#5690 = VECTOR ( 'NONE', #8172, 1000.000000000000000 ) ;
#5692 = LINE ( 'NONE', #881, #6223 ) ;
#5693 = DIRECTION ( 'NONE',  ( 1.000000000000000000, 0.000000000000000000, 0.000000000000000000 ) ) ;
#5694 = DIRECTION ( 'NONE',  ( 1.000000000000000000, 0.000000000000000000, 0.000000000000000000 ) ) ;
#5695 = CIRCLE ( 'NONE', #5024, 1.750000000000001554 ) ;
#5696 = CARTESIAN_POINT ( 'NONE',  ( 500.0000000000000000, 180.0000000000000000, 20.00000000000000000 ) ) ;
#5697 = CYLINDRICAL_SURFACE ( 'NONE', #10147, 3.199999999999980638 ) ;
#5698 = ADVANCED_FACE ( 'NONE', ( #9376, #7805 ), #2182, .F. ) ;
#5699 = ORIENTED_EDGE ( 'NONE', *, *, #5821, .T. ) ;
#5700 = DIRECTION ( 'NONE',  ( 0.000000000000000000, -0.7071067811865475727, 0.7071067811865475727 ) ) ;
#5701 = VERTEX_POINT ( 'NONE', #7065 ) ;
#5702 = EDGE_LOOP ( 'NONE', ( #2093, #6231, #1535, #8103 ) ) ;
#5703 = CYLINDRICAL_SURFACE ( 'NONE', #352, 3.199999999999999734 ) ;
#5704 = CARTESIAN_POINT ( 'NONE',  ( 503.2000000000001023, 160.1242363644055899, 4.898046116018498708 ) ) ;
#5705 = EDGE_CURVE ( 'NONE', #3654, #6086, #8076, .T. ) ;
#5706 = DIRECTION ( 'NONE',  ( -1.000000000000000000, 0.000000000000000000, 0.000000000000000000 ) ) ;
#5707 = CARTESIAN_POINT ( 'NONE',  ( 508.8686291501010146, 166.0000000000000000, -1.131370849898480024 ) ) ;
#5708 = VECTOR ( 'NONE', #767, 1000.000000000000000 ) ;
#5709 = FACE_BOUND ( 'NONE', #4454, .T. ) ;
#5710 = AXIS2_PLACEMENT_3D ( 'NONE', #5615, #6577, #60 ) ;
#5711 = CARTESIAN_POINT ( 'NONE',  ( 508.5136805968407430, 360.0000000000001137, 5.314076917426564961 ) ) ;
#5712 = VECTOR ( 'NONE', #6823, 1000.000000000000000 ) ;
#5713 = EDGE_CURVE ( 'NONE', #3238, #2353, #7284, .T. ) ;
#5714 = EDGE_CURVE ( 'NONE', #9452, #5873, #824, .T. ) ;
#5715 = VERTEX_POINT ( 'NONE', #4842 ) ;
#5716 = DIRECTION ( 'NONE',  ( -1.000000000000000000, -1.860521002879739963E-33, 0.000000000000000000 ) ) ;
#5717 = ORIENTED_EDGE ( 'NONE', *, *, #4462, .F. ) ;
#5718 = DIRECTION ( 'NONE',  ( -1.000000000000000000, 0.000000000000000000, 0.000000000000000000 ) ) ;
#5719 = ORIENTED_EDGE ( 'NONE', *, *, #2718, .T. ) ;
#5720 = ADVANCED_FACE ( 'NONE', ( #659 ), #26, .F. ) ;
#5721 = DIRECTION ( 'NONE',  ( 1.000000000000000000, 0.000000000000000000, 0.000000000000000000 ) ) ;
#5722 = LINE ( 'NONE', #1590, #2490 ) ;
#5723 = AXIS2_PLACEMENT_3D ( 'NONE', #561, #7183, #3033 ) ;
#5724 = LINE ( 'NONE', #1695, #7542 ) ;
#5725 = CARTESIAN_POINT ( 'NONE',  ( 359.9580782863356490, 530.0000000000003411, 4.768574238630817419 ) ) ;
#5726 = ORIENTED_EDGE ( 'NONE', *, *, #4596, .T. ) ;
#5727 = VERTEX_POINT ( 'NONE', #1602 ) ;
#5728 = CARTESIAN_POINT ( 'NONE',  ( 355.2517111810325332, -5.135813185033285508E-31, 5.204386909129770977 ) ) ;
#5729 = ORIENTED_EDGE ( 'NONE', *, *, #3581, .F. ) ;
#5730 = ORIENTED_EDGE ( 'NONE', *, *, #3835, .F. ) ;
#5731 = LINE ( 'NONE', #8808, #6266 ) ;
#5732 = CIRCLE ( 'NONE', #5230, 1.750000000000029310 ) ;
#5733 = CARTESIAN_POINT ( 'NONE',  ( 257.9999999999999432, 530.0000000000000000, 17.06413377357533889 ) ) ;
#5734 = CARTESIAN_POINT ( 'NONE',  ( 255.0000000000000000, 265.0000000000000000, 20.00000000000000000 ) ) ;
#5735 = CARTESIAN_POINT ( 'NONE',  ( 510.0000000000000000, 283.6999999999999886, 7.000000000000000000 ) ) ;
#5736 = LINE ( 'NONE', #2502, #9416 ) ;
#5737 = CARTESIAN_POINT ( 'NONE',  ( 10.00000000000000000, 370.0000000000000000, 10.00000000000000000 ) ) ;
#5738 = ORIENTED_EDGE ( 'NONE', *, *, #3166, .F. ) ;
#5739 = VECTOR ( 'NONE', #6308, 1000.000000000000000 ) ;
#5740 = ORIENTED_EDGE ( 'NONE', *, *, #9086, .T. ) ;
#5741 = FACE_BOUND ( 'NONE', #9848, .T. ) ;
#5742 = CARTESIAN_POINT ( 'NONE',  ( 167.0000000000000000, 10.37279220613580044, 7.827207793864209506 ) ) ;
#5743 = CARTESIAN_POINT ( 'NONE',  ( 510.0000000000000000, 273.6999999999999886, 13.00000000000000000 ) ) ;
#5744 = DIRECTION ( 'NONE',  ( -0.5743994609031373155, 0.8185751396873626184, 0.000000000000000000 ) ) ;
#5745 = AXIS2_PLACEMENT_3D ( 'NONE', #1740, #8004, #108 ) ;
#5746 = DIRECTION ( 'NONE',  ( -1.000000000000000000, 0.000000000000000000, 0.000000000000000000 ) ) ;
#5747 = CARTESIAN_POINT ( 'NONE',  ( 6.500000000000000000, 465.6999999999999886, 12.99999999999960032 ) ) ;
#5748 = DIRECTION ( 'NONE',  ( 0.000000000000000000, 0.000000000000000000, 1.000000000000000000 ) ) ;
#5749 = ORIENTED_EDGE ( 'NONE', *, *, #5139, .T. ) ;
#5750 = EDGE_CURVE ( 'NONE', #1087, #2742, #9487, .T. ) ;
#5751 = DIRECTION ( 'NONE',  ( -1.000000000000000000, 0.000000000000000000, 0.000000000000000000 ) ) ;
#5752 = ORIENTED_EDGE ( 'NONE', *, *, #5386, .T. ) ;
#5753 = ORIENTED_EDGE ( 'NONE', *, *, #5947, .T. ) ;
#5754 = VECTOR ( 'NONE', #7758, 1000.000000000000000 ) ;
#5755 = CARTESIAN_POINT ( 'NONE',  ( 503.0721649371210447, 360.0000000000000000, 4.382250650604668785 ) ) ;
#5756 = CARTESIAN_POINT ( 'NONE',  ( 326.8000000000000114, 520.0000000000000000, 20.00000000000000000 ) ) ;
#5757 = FACE_OUTER_BOUND ( 'NONE', #8544, .T. ) ;
#5758 = EDGE_CURVE ( 'NONE', #8382, #8216, #5529, .T. ) ;
#5759 = DIRECTION ( 'NONE',  ( -1.000000000000000000, 0.000000000000000000, 0.000000000000000000 ) ) ;
#5760 = STYLED_ITEM ( 'NONE', ( #892 ), #212 ) ;
#5761 = DIRECTION ( 'NONE',  ( 0.000000000000000000, -6.123233995736819037E-17, -1.000000000000000000 ) ) ;
#5762 = LINE ( 'NONE', #6510, #4652 ) ;
#5763 = ADVANCED_FACE ( 'NONE', ( #1446 ), #5629, .F. ) ;
#5764 = ORIENTED_EDGE ( 'NONE', *, *, #5881, .F. ) ;
#5765 = ADVANCED_FACE ( 'NONE', ( #4624 ), #1551, .T. ) ;
#5766 = VECTOR ( 'NONE', #229, 1000.000000000000000 ) ;
#5767 = LINE ( 'NONE', #4184, #7413 ) ;
#5768 = EDGE_LOOP ( 'NONE', ( #542, #7843, #2313, #3419 ) ) ;
#5769 = DIRECTION ( 'NONE',  ( 0.000000000000000000, -1.000000000000000000, 0.000000000000000000 ) ) ;
#5770 = ORIENTED_EDGE ( 'NONE', *, *, #9202, .T. ) ;
#5771 = EDGE_CURVE ( 'NONE', #3263, #3074, #2238, .T. ) ;
#5772 = AXIS2_PLACEMENT_3D ( 'NONE', #1577, #4810, #6340 ) ;
#5773 = CARTESIAN_POINT ( 'NONE',  ( 508.8718174757416364, 20.06587492801714134, 3.900000000000000799 ) ) ;
#5774 = CARTESIAN_POINT ( 'NONE',  ( 255.0000000000000000, 530.0000000000000000, 17.06413377357532823 ) ) ;
#5775 = CARTESIAN_POINT ( 'NONE',  ( 501.7500000000000568, 180.0000000000000000, 4.000000000000000000 ) ) ;
#5776 = EDGE_CURVE ( 'NONE', #4726, #2298, #3022, .T. ) ;
#5777 = CARTESIAN_POINT ( 'NONE',  ( 352.7738382057294757, 530.0000000000000000, 4.774342480944527622 ) ) ;
#5778 = ORIENTED_EDGE ( 'NONE', *, *, #848, .F. ) ;
#5779 = ORIENTED_EDGE ( 'NONE', *, *, #2008, .T. ) ;
#5780 = CARTESIAN_POINT ( 'NONE',  ( 377.3343145750509962, 166.0000000000000000, 0.000000000000000000 ) ) ;
#5781 = ORIENTED_EDGE ( 'NONE', *, *, #6791, .T. ) ;
#5782 = ADVANCED_FACE ( 'NONE', ( #10440 ), #7916, .F. ) ;
#5783 = VERTEX_POINT ( 'NONE', #4679 ) ;
#5784 = ADVANCED_FACE ( 'NONE', ( #8758, #9649 ), #3886, .F. ) ;
#5785 = CARTESIAN_POINT ( 'NONE',  ( 368.2389550140384245, 523.2298202377402276, 3.900000000000000799 ) ) ;
#5786 = FACE_OUTER_BOUND ( 'NONE', #9429, .T. ) ;
#5787 = CARTESIAN_POINT ( 'NONE',  ( 506.4999999999999432, 253.6500000000000341, 10.00000000000000000 ) ) ;
#5788 = CARTESIAN_POINT ( 'NONE',  ( 499.3605663362666860, 12.54282037462430388, 9.900000000000005684 ) ) ;
#5789 = CARTESIAN_POINT ( 'NONE',  ( 340.0000000000000000, 20.00000000000000000, 20.00000000000000000 ) ) ;
#5790 = EDGE_CURVE ( 'NONE', #8806, #9213, #4734, .T. ) ;
#5791 = AXIS2_PLACEMENT_3D ( 'NONE', #9193, #313, #7759 ) ;
#5792 = CARTESIAN_POINT ( 'NONE',  ( 170.0000000000000000, 511.8000000000000114, -1.527713595751250061E-15 ) ) ;
#5793 = ORIENTED_EDGE ( 'NONE', *, *, #5115, .T. ) ;
#5794 = ORIENTED_EDGE ( 'NONE', *, *, #2059, .F. ) ;
#5795 = VECTOR ( 'NONE', #5371, 1000.000000000000000 ) ;
#5796 = CARTESIAN_POINT ( 'NONE',  ( 503.2000000000005571, 160.0000000000000284, 4.898046116018929474 ) ) ;
#5797 = DIRECTION ( 'NONE',  ( 0.000000000000000000, 0.000000000000000000, 1.000000000000000000 ) ) ;
#5798 = CARTESIAN_POINT ( 'NONE',  ( 491.8000000000000114, 363.0000000000000000, -1.334555520752319915E-14 ) ) ;
#5799 = CARTESIAN_POINT ( 'NONE',  ( 161.7500000000000000, 520.0000000000000000, 4.000000000000000000 ) ) ;
#5800 = AXIS2_PLACEMENT_3D ( 'NONE', #43, #2254, #8716 ) ;
#5801 = CARTESIAN_POINT ( 'NONE',  ( 0.000000000000000000, 100.6999999999970044, 7.000000000003700151 ) ) ;
#5802 = CARTESIAN_POINT ( 'NONE',  ( 3.500000000000000000, 97.35000000000000853, 10.00000000000000000 ) ) ;
#5803 = FACE_OUTER_BOUND ( 'NONE', #4130, .T. ) ;
#5804 = VERTEX_POINT ( 'NONE', #3138 ) ;
#5805 = CARTESIAN_POINT ( 'NONE',  ( 18.19999999999999929, 360.0000000000000000, 12.82720779386420062 ) ) ;
#5806 = ORIENTED_EDGE ( 'NONE', *, *, #4099, .T. ) ;
#5807 = ORIENTED_EDGE ( 'NONE', *, *, #7718, .T. ) ;
#5808 = CARTESIAN_POINT ( 'NONE',  ( 0.000000000000000000, 462.3500000000000227, 10.00000000000000000 ) ) ;
#5809 = CARTESIAN_POINT ( 'NONE',  ( -5.634587857221239442E-31, 302.8500000000000227, 6.999999999999860556 ) ) ;
#5810 = CARTESIAN_POINT ( 'NONE',  ( 503.0359596853936068, 28.98859069182406500, 4.000000000000000000 ) ) ;
#5811 = DIRECTION ( 'NONE',  ( 1.380958380530589922E-16, -0.7071067811865480168, 0.7071067811865470176 ) ) ;
#5812 = CARTESIAN_POINT ( 'NONE',  ( 0.000000000000000000, 475.1999999999999886, 6.999999999999779732 ) ) ;
#5813 = CARTESIAN_POINT ( 'NONE',  ( 0.000000000000000000, 70.00000000000000000, 10.00000000000000000 ) ) ;
#5814 = ORIENTED_EDGE ( 'NONE', *, *, #77, .T. ) ;
#5815 = ADVANCED_FACE ( 'NONE', ( #6381 ), #9597, .F. ) ;
#5816 = CARTESIAN_POINT ( 'NONE',  ( 510.0000000000000000, 294.2000000000000455, 13.00000000000000000 ) ) ;
#5817 = ORIENTED_EDGE ( 'NONE', *, *, #4685, .F. ) ;
#5818 = DIRECTION ( 'NONE',  ( 0.000000000000000000, 1.000000000000000000, 0.000000000000000000 ) ) ;
#5819 = ORIENTED_EDGE ( 'NONE', *, *, #2787, .F. ) ;
#5820 = DIRECTION ( 'NONE',  ( -0.000000000000000000, -1.000000000000000000, -0.000000000000000000 ) ) ;
#5821 = EDGE_CURVE ( 'NONE', #5213, #2420, #9753, .T. ) ;
#5822 = DIRECTION ( 'NONE',  ( -1.492928237510310014E-32, 6.123233995736769734E-17, 1.000000000000000000 ) ) ;
#5823 = VECTOR ( 'NONE', #8378, 1000.000000000000000 ) ;
#5824 = CARTESIAN_POINT ( 'NONE',  ( 352.8608537195756298, 529.9999999999996589, 4.976276715341479751 ) ) ;
#5825 = EDGE_CURVE ( 'NONE', #8220, #8743, #931, .T. ) ;
#5826 = ORIENTED_EDGE ( 'NONE', *, *, #3228, .T. ) ;
#5827 = ORIENTED_EDGE ( 'NONE', *, *, #3621, .F. ) ;
#5828 = CARTESIAN_POINT ( 'NONE',  ( 365.7509721090711423, 517.1874215827505168, 3.900000000000000799 ) ) ;
#5829 = ORIENTED_EDGE ( 'NONE', *, *, #2724, .T. ) ;
#5830 = VERTEX_POINT ( 'NONE', #4445 ) ;
#5831 = VECTOR ( 'NONE', #711, 1000.000000000000000 ) ;
#5832 = ADVANCED_FACE ( 'NONE', ( #1811, #4898, #2007, #4148 ), #4994, .T. ) ;
#5833 = PLANE ( 'NONE',  #1358 ) ;
#5834 = CARTESIAN_POINT ( 'NONE',  ( 351.7499999999999432, 520.0000000000000000, 10.00000000000000000 ) ) ;
#5835 = VECTOR ( 'NONE', #2379, 1000.000000000000000 ) ;
#5836 = DIRECTION ( 'NONE',  ( 1.000000000000000000, 0.000000000000000000, 0.000000000000000000 ) ) ;
#5837 = FACE_BOUND ( 'NONE', #7936, .T. ) ;
#5838 = B_SPLINE_CURVE_WITH_KNOTS ( 'NONE', 3,
 ( #9503, #4016, #7876, #5435, #8662, #10455, #3041, #3261 ),
 .UNSPECIFIED., .F., .F.,
 ( 4, 2, 2, 4 ),
 ( 1.201632571471520271E-16, 0.0009145526784212737025, 0.001829105356842427275, 0.003658210713684921338 ),
 .UNSPECIFIED. ) ;
#5839 = AXIS2_PLACEMENT_3D ( 'NONE', #9660, #8975, #6493 ) ;
#5840 = AXIS2_PLACEMENT_3D ( 'NONE', #5432, #2880, #7765 ) ;
#5841 = CARTESIAN_POINT ( 'NONE',  ( 340.0000000000000000, 265.0000000000000000, 10.00000000000000000 ) ) ;
#5842 = ADVANCED_FACE ( 'NONE', ( #2600 ), #9698, .T. ) ;
#5843 = ADVANCED_FACE ( 'NONE', ( #8173 ), #919, .T. ) ;
#5844 = ORIENTED_EDGE ( 'NONE', *, *, #1685, .F. ) ;
#5845 = ORIENTED_EDGE ( 'NONE', *, *, #6302, .F. ) ;
#5846 = AXIS2_PLACEMENT_3D ( 'NONE', #195, #7888, #3168 ) ;
#5847 = VERTEX_POINT ( 'NONE', #6830 ) ;
#5848 = DIRECTION ( 'NONE',  ( 0.000000000000000000, 0.000000000000000000, 1.000000000000000000 ) ) ;
#5849 = VECTOR ( 'NONE', #266, 1000.000000000000000 ) ;
#5850 = ADVANCED_FACE ( 'NONE', ( #2445 ), #4203, .F. ) ;
#5851 = PLANE ( 'NONE',  #9542 ) ;
#5852 = DIRECTION ( 'NONE',  ( 0.000000000000000000, 0.000000000000000000, -1.000000000000000000 ) ) ;
#5853 = DIRECTION ( 'NONE',  ( 1.933482610835809801E-33, -1.000000000000000000, 0.000000000000000000 ) ) ;
#5854 = DIRECTION ( 'NONE',  ( 1.000000000000000000, 0.000000000000000000, 0.000000000000000000 ) ) ;
#5855 = CYLINDRICAL_SURFACE ( 'NONE', #9006, 1.750000000000001554 ) ;
#5856 = ORIENTED_EDGE ( 'NONE', *, *, #7592, .F. ) ;
#5857 = AXIS2_PLACEMENT_3D ( 'NONE', #8186, #929, #4008 ) ;
#5858 = CARTESIAN_POINT ( 'NONE',  ( 300.8000000000000682, 510.0000000000000568, 4.238056389090997023 ) ) ;
#5859 = VERTEX_POINT ( 'NONE', #7430 ) ;
#5860 = ORIENTED_EDGE ( 'NONE', *, *, #4522, .F. ) ;
#5861 = DIRECTION ( 'NONE',  ( 0.000000000000000000, 0.000000000000000000, -1.000000000000000000 ) ) ;
#5862 = SURFACE_STYLE_FILL_AREA ( #1729 ) ;
#5863 = VECTOR ( 'NONE', #2525, 1000.000000000000000 ) ;
#5864 = DIRECTION ( 'NONE',  ( -1.000000000000000000, -4.646700954747979818E-49, 0.000000000000000000 ) ) ;
#5865 = DIRECTION ( 'NONE',  ( 0.000000000000000000, 0.000000000000000000, -1.000000000000000000 ) ) ;
#5866 = LINE ( 'NONE', #5126, #5863 ) ;
#5867 = DIRECTION ( 'NONE',  ( 1.000000000000000000, 0.000000000000000000, 0.000000000000000000 ) ) ;
#5868 = ORIENTED_EDGE ( 'NONE', *, *, #5425, .F. ) ;
#5869 = VECTOR ( 'NONE', #4266, 1000.000000000000000 ) ;
#5870 = DIRECTION ( 'NONE',  ( 0.000000000000000000, 0.9271838545667858700, 0.3746065934159159561 ) ) ;
#5871 = EDGE_LOOP ( 'NONE', ( #8961, #7582, #1078, #2661 ) ) ;
#5872 = FACE_OUTER_BOUND ( 'NONE', #3485, .T. ) ;
#5873 = VERTEX_POINT ( 'NONE', #8917 ) ;
#5874 = CIRCLE ( 'NONE', #9092, 1.750000000000029310 ) ;
#5875 = DIRECTION ( 'NONE',  ( 1.000000000000000000, 0.000000000000000000, 0.000000000000000000 ) ) ;
#5876 = DIRECTION ( 'NONE',  ( -0.000000000000000000, 1.000000000000000000, 0.000000000000000000 ) ) ;
#5877 = CARTESIAN_POINT ( 'NONE',  ( 2.262741699796889883, 364.0000000000000000, -1.336473192149119894E-14 ) ) ;
#5878 = UNCERTAINTY_MEASURE_WITH_UNIT (LENGTH_MEASURE( 1.000000000000000082E-05 ), #4899, 'distance_accuracy_value', 'NONE');
#5879 = AXIS2_PLACEMENT_3D ( 'NONE', #1471, #8784, #1525 ) ;
#5880 = PLANE ( 'NONE',  #9546 ) ;
#5882 = ORIENTED_EDGE ( 'NONE', *, *, #9269, .T. ) ;
#5881 = EDGE_CURVE ( 'NONE', #5859, #9470, #7478, .T. ) ;
#5883 = ORIENTED_EDGE ( 'NONE', *, *, #2642, .T. ) ;
#5884 = CARTESIAN_POINT ( 'NONE',  ( 359.4097986728072556, 521.6228718193178793, 3.900000000000000355 ) ) ;
#5885 = ORIENTED_EDGE ( 'NONE', *, *, #1760, .F. ) ;
#5886 = VECTOR ( 'NONE', #9988, 1000.000000000000000 ) ;
#5887 = ORIENTED_EDGE ( 'NONE', *, *, #3364, .T. ) ;
#5888 = B_SPLINE_CURVE_WITH_KNOTS ( 'NONE', 3,
 ( #4564, #7743, #6254, #8688, #8585, #6046, #1431, #1328, #2065, #9478 ),
 .UNSPECIFIED., .F., .F.,
 ( 4, 2, 2, 2, 4 ),
 ( 1.018660880360621264E-16, 0.0003727061576386486003, 0.0007454123152771953940, 0.001118118472915742134, 0.001490824630554288873 ),
 .UNSPECIFIED. ) ;
#5889 = PLANE ( 'NONE',  #2708 ) ;
#5890 = CARTESIAN_POINT ( 'NONE',  ( 345.7547184027091021, -5.557266963672119253, 6.433224273564971550E-16 ) ) ;
#5891 = EDGE_CURVE ( 'NONE', #3237, #7472, #179, .T. ) ;
#5892 = ORIENTED_EDGE ( 'NONE', *, *, #5978, .F. ) ;
#5893 = DIRECTION ( 'NONE',  ( 0.000000000000000000, 0.000000000000000000, -1.000000000000000000 ) ) ;
#5894 = DIRECTION ( 'NONE',  ( 0.000000000000000000, 0.000000000000000000, 1.000000000000000000 ) ) ;
#5895 = DIRECTION ( 'NONE',  ( 0.000000000000000000, 0.000000000000000000, 1.000000000000000000 ) ) ;
#5896 = ORIENTED_EDGE ( 'NONE', *, *, #5457, .T. ) ;
#5897 = EDGE_CURVE ( 'NONE', #1198, #4195, #1440, .T. ) ;
#5898 = EDGE_LOOP ( 'NONE', ( #5030, #2609, #1859, #9493, #2732, #8965, #10124 ) ) ;
#5899 = VECTOR ( 'NONE', #5410, 1000.000000000000000 ) ;
#5900 = ORIENTED_EDGE ( 'NONE', *, *, #3639, .T. ) ;
#5901 = LINE ( 'NONE', #9231, #7694 ) ;
#5902 = CARTESIAN_POINT ( 'NONE',  ( 6.500000000000000000, 64.29999999999999716, 13.00000000000000000 ) ) ;
#5903 = EDGE_CURVE ( 'NONE', #65, #10362, #6535, .T. ) ;
#5904 = EDGE_CURVE ( 'NONE', #2745, #5621, #3348, .T. ) ;
#5905 = DIRECTION ( 'NONE',  ( 1.000000000000000000, 0.000000000000000000, 0.000000000000000000 ) ) ;
#5906 = CARTESIAN_POINT ( 'NONE',  ( 500.0000000000000000, 350.0000000000000000, 20.00000000000000000 ) ) ;
#5907 = CARTESIAN_POINT ( 'NONE',  ( 8.250000000000000000, 180.0000000000000000, 0.000000000000000000 ) ) ;
#5908 = VECTOR ( 'NONE', #10368, 1000.000000000000000 ) ;
#5909 = DIRECTION ( 'NONE',  ( 0.000000000000000000, 0.000000000000000000, -1.000000000000000000 ) ) ;
#5910 = ORIENTED_EDGE ( 'NONE', *, *, #5771, .T. ) ;
#5911 = EDGE_CURVE ( 'NONE', #9641, #8806, #8278, .T. ) ;
#5912 = CARTESIAN_POINT ( 'NONE',  ( 20.00000000000000000, 360.0000000000000000, 5.000000000000000000 ) ) ;
#5913 = ORIENTED_EDGE ( 'NONE', *, *, #7530, .F. ) ;
#5914 = ORIENTED_EDGE ( 'NONE', *, *, #7265, .T. ) ;
#5915 = PLANE ( 'NONE',  #2701 ) ;
#5916 = CIRCLE ( 'NONE', #8122, 3.199999999999980638 ) ;
#5917 = CARTESIAN_POINT ( 'NONE',  ( 503.0000000000000000, 283.6999999999999886, 7.000000000000000000 ) ) ;
#5918 = FACE_OUTER_BOUND ( 'NONE', #1443, .T. ) ;
#5919 = ADVANCED_FACE ( 'NONE', ( #6588 ), #4256, .F. ) ;
#5920 = CARTESIAN_POINT ( 'NONE',  ( 170.0000000000000000, 70.44705627484769650, 68.18431457505079152 ) ) ;
#5921 = DIRECTION ( 'NONE',  ( -0.6295709663777131482, 0.7769429826533170713, 0.000000000000000000 ) ) ;
#5922 = ORIENTED_EDGE ( 'NONE', *, *, #6103, .T. ) ;
#5923 = EDGE_CURVE ( 'NONE', #9799, #7769, #1657, .T. ) ;
#5924 = AXIS2_PLACEMENT_3D ( 'NONE', #6713, #7451, #3576 ) ;
#5925 = CARTESIAN_POINT ( 'NONE',  ( 215.0000000000000284, 510.0000000000000000, 4.238056389090750997 ) ) ;
#5926 = VECTOR ( 'NONE', #1772, 1000.000000000000000 ) ;
#5927 = ORIENTED_EDGE ( 'NONE', *, *, #5457, .F. ) ;
#5928 = DIRECTION ( 'NONE',  ( -1.000000000000000000, 0.000000000000000000, 6.123233995736789455E-17 ) ) ;
#5929 = VERTEX_POINT ( 'NONE', #4102 ) ;
#5930 = CARTESIAN_POINT ( 'NONE',  ( 380.0633608786869786, 7.157628602830313547, 9.900000000000009237 ) ) ;
#5931 = LINE ( 'NONE', #8414, #4027 ) ;
#5932 = CIRCLE ( 'NONE', #5262, 3.200000000000008171 ) ;
#5933 = LINE ( 'NONE', #9842, #8384 ) ;
#5934 = CARTESIAN_POINT ( 'NONE',  ( 20.00000000000000000, 170.0000000000000000, 0.000000000000000000 ) ) ;
#5935 = ORIENTED_EDGE ( 'NONE', *, *, #8540, .T. ) ;
#5936 = ORIENTED_EDGE ( 'NONE', *, *, #2122, .T. ) ;
#5937 = LINE ( 'NONE', #3598, #3601 ) ;
#5938 = ORIENTED_EDGE ( 'NONE', *, *, #3552, .F. ) ;
#5939 = VERTEX_POINT ( 'NONE', #9805 ) ;
#5940 = DIRECTION ( 'NONE',  ( 0.000000000000000000, 1.000000000000000000, -7.588638549471020099E-33 ) ) ;
#5941 = EDGE_LOOP ( 'NONE', ( #7629, #6879 ) ) ;
#5942 = CARTESIAN_POINT ( 'NONE',  ( 502.6030426653588279, 15.17534515176658871, 3.899999999999999467 ) ) ;
#5943 = DIRECTION ( 'NONE',  ( 6.123233995736769734E-17, 7.588638549471020099E-33, 1.000000000000000000 ) ) ;
#5944 = FACE_OUTER_BOUND ( 'NONE', #4271, .T. ) ;
#5945 = VERTEX_POINT ( 'NONE', #73 ) ;
#5946 = ORIENTED_EDGE ( 'NONE', *, *, #4856, .F. ) ;
#5947 = EDGE_CURVE ( 'NONE', #678, #1212, #7328, .T. ) ;
#5948 = B_SPLINE_CURVE_WITH_KNOTS ( 'NONE', 3,
 ( #4028, #7202, #3107, #9728, #5711, #1683, #10409, #849, #6408, #4874, #3325, #4129, #9623, #8150, #4923, #7356, #1581, #9783, #3222, #6464, #9679, #52, #8102, #4080, #6566, #2527, #3272, #7309, #2730, #5079 ),
 .UNSPECIFIED., .F., .F.,
 ( 4, 2, 2, 2, 2, 2, 2, 2, 2, 2, 2, 2, 2, 2, 4 ),
 ( 0.000000000000000000, 0.001094153590369000267, 0.001641230385553558080, 0.002188307180738115892, 0.002735383975922673922, 0.003282460771107231518, 0.003829537566291789114, 0.004376614361476346277, 0.004923691156660903873, 0.005470767951845462336, 0.006564921542214258339, 0.007111998337398657208, 0.007659075132583055209, 0.008206151927767453211, 0.008753228722951851212 ),
 .UNSPECIFIED. ) ;
#5949 = EDGE_LOOP ( 'NONE', ( #3249, #9948, #4438, #7172 ) ) ;
#5950 =( BOUNDED_SURFACE ( )  B_SPLINE_SURFACE ( 3, 1, ( 
 ( #6305, #2853 ),
 ( #2902, #6138 ),
 ( #2276, #3762 ),
 ( #9422, #587 ) ),
 .UNSPECIFIED., .F., .F., .F. ) 
 B_SPLINE_SURFACE_WITH_KNOTS ( ( 4, 4 ),
 ( 2, 2 ),
 ( 0.000000000000000000, 1.000000000000000000 ),
 ( 0.000000000000000000, 1.000000000000000000 ),
 .UNSPECIFIED. ) 
 GEOMETRIC_REPRESENTATION_ITEM ( )  RATIONAL_B_SPLINE_SURFACE ( (
 ( 1.000000000000000000, 1.000000000000000000),
 ( 0.3333333333333333703, 0.3333333333333333703),
 ( 0.3333333333333333703, 0.3333333333333333703),
 ( 1.000000000000000000, 1.000000000000000000) ) ) 
 REPRESENTATION_ITEM ( '' )  SURFACE ( )  );
#5951 = CARTESIAN_POINT ( 'NONE',  ( 490.0000000000000000, 20.00000000000000000, 0.000000000000000000 ) ) ;
#5952 = CARTESIAN_POINT ( 'NONE',  ( 503.0000000000000000, 294.2000000000000455, 13.00000000000000000 ) ) ;
#5953 = EDGE_CURVE ( 'NONE', #6051, #10385, #4599, .T. ) ;
#5954 = CARTESIAN_POINT ( 'NONE',  ( 6.500000000000000000, 419.8000000000000114, 6.999999999999750422 ) ) ;
#5955 = CARTESIAN_POINT ( 'NONE',  ( 2.262741699796929851, 360.0000000000000000, 0.000000000000000000 ) ) ;
#5956 = DIRECTION ( 'NONE',  ( 0.000000000000000000, 0.000000000000000000, 1.000000000000000000 ) ) ;
#5957 = CARTESIAN_POINT ( 'NONE',  ( 11.75000000000000000, 30.00000000000000000, 0.000000000000000000 ) ) ;
#5958 = EDGE_LOOP ( 'NONE', ( #4592, #4972, #7229, #8194 ) ) ;
#5959 = ORIENTED_EDGE ( 'NONE', *, *, #5294, .T. ) ;
#5960 = CIRCLE ( 'NONE', #9678, 3.199999999999999734 ) ;
#5961 = EDGE_LOOP ( 'NONE', ( #9590, #8703, #9021, #9985, #343, #10297, #5505, #3533, #3127 ) ) ;
#5962 = LINE ( 'NONE', #3475, #1860 ) ;
#5963 = CARTESIAN_POINT ( 'NONE',  ( 170.0000000000000000, 20.00000000000000000, 20.00000000000000000 ) ) ;
#5964 = FACE_OUTER_BOUND ( 'NONE', #3442, .T. ) ;
#5965 = LINE ( 'NONE', #9880, #10229 ) ;
#5966 = EDGE_CURVE ( 'NONE', #2802, #1356, #4547, .T. ) ;
#5967 = DIRECTION ( 'NONE',  ( 1.000000000000000000, 1.933482610835809801E-33, 0.000000000000000000 ) ) ;
#5968 = DIRECTION ( 'NONE',  ( 0.000000000000000000, 0.000000000000000000, 1.000000000000000000 ) ) ;
#5969 = VERTEX_POINT ( 'NONE', #2891 ) ;
#5970 = ADVANCED_FACE ( 'NONE', ( #477 ), #6292, .F. ) ;
#5971 = CARTESIAN_POINT ( 'NONE',  ( 504.9999999999998863, 319.9999999999999432, 6.738058857188956807 ) ) ;
#5972 = EDGE_CURVE ( 'NONE', #9313, #1291, #6128, .T. ) ;
#5973 = EDGE_CURVE ( 'NONE', #9008, #4513, #7359, .T. ) ;
#5974 = EDGE_LOOP ( 'NONE', ( #4450, #9299, #2437, #9504, #8881 ) ) ;
#5975 = CARTESIAN_POINT ( 'NONE',  ( 340.0000000000000000, 0.000000000000000000, 5.000000000000000000 ) ) ;
#5976 = ORIENTED_EDGE ( 'NONE', *, *, #3629, .F. ) ;
#5977 = CARTESIAN_POINT ( 'NONE',  ( 378.7345255934320676, 7.295590303580730129, 3.900000000000000355 ) ) ;
#5978 = EDGE_CURVE ( 'NONE', #2932, #7310, #5290, .T. ) ;
#5979 = CARTESIAN_POINT ( 'NONE',  ( 368.9752316685923574, 520.3215739125539585, 3.900000000000000355 ) ) ;
#5980 = CARTESIAN_POINT ( 'NONE',  ( 495.2063132145700592, 12.97412125320326837, 3.900000000000000355 ) ) ;
#5981 = CARTESIAN_POINT ( 'NONE',  ( 340.0000000000000000, 459.3408116907959879, 68.11360389693210493 ) ) ;
#5982 = VERTEX_POINT ( 'NONE', #5500 ) ;
#5983 = ORIENTED_EDGE ( 'NONE', *, *, #8882, .T. ) ;
#5984 = ORIENTED_EDGE ( 'NONE', *, *, #2075, .F. ) ;
#5985 = ORIENTED_EDGE ( 'NONE', *, *, #3911, .T. ) ;
#5986 = FACE_OUTER_BOUND ( 'NONE', #294, .T. ) ;
#5987 = MECHANICAL_DESIGN_GEOMETRIC_PRESENTATION_REPRESENTATION (  '', ( #4642 ), #7353 ) ;
#5988 = ORIENTED_EDGE ( 'NONE', *, *, #4928, .T. ) ;
#5989 = CARTESIAN_POINT ( 'NONE',  ( 503.1059760767809621, 29.22422446295276899, 4.566979016684302728 ) ) ;
#5990 = CARTESIAN_POINT ( 'NONE',  ( 10.00000000000000000, 180.0000000000000000, 4.000000000000000000 ) ) ;
#5991 = CARTESIAN_POINT ( 'NONE',  ( 167.0000000000000000, 527.4544155877280218, 9.480657914216129522E-15 ) ) ;
#5992 = VERTEX_POINT ( 'NONE', #8672 ) ;
#5993 = ORIENTED_EDGE ( 'NONE', *, *, #2027, .F. ) ;
#5994 = ORIENTED_EDGE ( 'NONE', *, *, #9721, .T. ) ;
#5995 = CARTESIAN_POINT ( 'NONE',  ( 18.19999999999999929, 360.0000000000000000, -1.316185818765109959E-14 ) ) ;
#5996 = VECTOR ( 'NONE', #1065, 1000.000000000000000 ) ;
#5997 = CARTESIAN_POINT ( 'NONE',  ( 501.7500000000000568, 350.0000000000000000, 4.000000000000000000 ) ) ;
#5998 = DIRECTION ( 'NONE',  ( 1.000000000000000000, 0.000000000000000000, 0.000000000000000000 ) ) ;
#5999 = AXIS2_PLACEMENT_3D ( 'NONE', #8006, #751, #7214 ) ;
#6000 = AXIS2_PLACEMENT_3D ( 'NONE', #8969, #1708, #4947 ) ;
#6001 = APPLICATION_CONTEXT ( 'automotive_design' ) ;
#6002 = DIRECTION ( 'NONE',  ( 6.123233995736769734E-17, 1.183916645283569971E-49, 1.000000000000000000 ) ) ;
#6003 = LINE ( 'NONE', #2717, #2986 ) ;
#6004 = CARTESIAN_POINT ( 'NONE',  ( 340.0000000000000000, 530.0000000000000000, 20.00000000000000000 ) ) ;
#6005 = EDGE_LOOP ( 'NONE', ( #1546, #9371 ) ) ;
#6006 = CARTESIAN_POINT ( 'NONE',  ( 368.2389550140384813, 523.2298202377402276, 3.900000000000000799 ) ) ;
#6007 = ORIENTED_EDGE ( 'NONE', *, *, #3698, .T. ) ;
#6008 = ORIENTED_EDGE ( 'NONE', *, *, #8478, .F. ) ;
#6009 = EDGE_CURVE ( 'NONE', #8419, #6677, #1317, .T. ) ;
#6010 = AXIS2_PLACEMENT_3D ( 'NONE', #7671, #2789, #9260 ) ;
#6011 = AXIS2_PLACEMENT_3D ( 'NONE', #1402, #620, #2832 ) ;
#6012 = DIRECTION ( 'NONE',  ( -1.340646671245470025E-16, 1.000000000000000000, 0.000000000000000000 ) ) ;
#6013 = DIRECTION ( 'NONE',  ( 1.000000000000000000, 0.000000000000000000, 0.000000000000000000 ) ) ;
#6014 = DIRECTION ( 'NONE',  ( 1.000000000000000000, 0.000000000000000000, 0.000000000000000000 ) ) ;
#6015 = LINE ( 'NONE', #9247, #2799 ) ;
#6016 = DIRECTION ( 'NONE',  ( 1.000000000000000000, 0.000000000000000000, 0.000000000000000000 ) ) ;
#6017 = ADVANCED_FACE ( 'NONE', ( #7831 ), #9412, .F. ) ;
#6018 = CARTESIAN_POINT ( 'NONE',  ( 10.00000000000000000, 30.00000000000000000, 10.00000000000000000 ) ) ;
#6019 = AXIS2_PLACEMENT_3D ( 'NONE', #4127, #3220, #8889 ) ;
#6020 = VERTEX_POINT ( 'NONE', #2099 ) ;
#6021 = LINE ( 'NONE', #4437, #8415 ) ;
#6022 = ADVANCED_FACE ( 'NONE', ( #4650 ), #8621, .F. ) ;
#6023 = AXIS2_PLACEMENT_3D ( 'NONE', #5841, #6047, #236 ) ;
#6024 = VERTEX_POINT ( 'NONE', #9515 ) ;
#6025 = CARTESIAN_POINT ( 'NONE',  ( 255.0000000000000000, 516.5944988621515677, 6.902406875640123118 ) ) ;
#6026 = EDGE_LOOP ( 'NONE', ( #7103, #1624 ) ) ;
#6027 = DIRECTION ( 'NONE',  ( -0.000000000000000000, 1.000000000000000000, 0.000000000000000000 ) ) ;
#6028 = DIRECTION ( 'NONE',  ( 0.000000000000000000, 6.123233995736769734E-17, 1.000000000000000000 ) ) ;
#6029 = CIRCLE ( 'NONE', #10077, 1.750000000000001554 ) ;
#6030 = DIRECTION ( 'NONE',  ( 1.000000000000000000, 5.572884202040000394E-16, 0.000000000000000000 ) ) ;
#6031 = ADVANCED_FACE ( 'NONE', ( #423 ), #6080, .F. ) ;
#6032 = EDGE_CURVE ( 'NONE', #440, #7210, #2213, .T. ) ;
#6033 = DIRECTION ( 'NONE',  ( 1.000000000000000000, 0.000000000000000000, 0.000000000000000000 ) ) ;
#6034 = AXIS2_PLACEMENT_3D ( 'NONE', #6614, #4331, #3480 ) ;
#6035 = DIRECTION ( 'NONE',  ( 0.000000000000000000, 0.000000000000000000, 1.000000000000000000 ) ) ;
#6036 = DIRECTION ( 'NONE',  ( 0.000000000000000000, 0.000000000000000000, -1.000000000000000000 ) ) ;
#6037 = PRESENTATION_STYLE_ASSIGNMENT (( #9059 ) ) ;
#6038 = EDGE_CURVE ( 'NONE', #2453, #2650, #10146, .T. ) ;
#6039 = VERTEX_POINT ( 'NONE', #2944 ) ;
#6040 = AXIS2_PLACEMENT_3D ( 'NONE', #10424, #6421, #2536 ) ;
#6041 = ORIENTED_EDGE ( 'NONE', *, *, #4220, .T. ) ;
#6042 = CARTESIAN_POINT ( 'NONE',  ( 170.0000000000000000, 510.0000000000000000, 0.000000000000000000 ) ) ;
#6043 = EDGE_LOOP ( 'NONE', ( #4233, #10294, #5047, #6373 ) ) ;
#6044 = AXIS2_PLACEMENT_3D ( 'NONE', #8256, #1000, #1937 ) ;
#6045 = LINE ( 'NONE', #10005, #6838 ) ;
#6046 = CARTESIAN_POINT ( 'NONE',  ( 503.1463079493093460, 180.5913641501774975, 4.728648795302831331 ) ) ;
#6047 = DIRECTION ( 'NONE',  ( -1.000000000000000000, -1.340646671245470025E-16, 6.123233995736769734E-17 ) ) ;
#6048 = VECTOR ( 'NONE', #5598, 1000.000000000000000 ) ;
#6049 = ORIENTED_EDGE ( 'NONE', *, *, #3843, .T. ) ;
#6050 = VERTEX_POINT ( 'NONE', #2160 ) ;
#6051 = VERTEX_POINT ( 'NONE', #5397 ) ;
#6052 = CARTESIAN_POINT ( 'NONE',  ( 510.0000000000000000, 9.860761315262649319E-31, 0.000000000000000000 ) ) ;
#6053 = DIRECTION ( 'NONE',  ( 0.000000000000000000, 0.000000000000000000, -1.000000000000000000 ) ) ;
#6054 = DIRECTION ( 'NONE',  ( 1.000000000000000000, -0.000000000000000000, 0.000000000000000000 ) ) ;
#6055 = PLANE ( 'NONE',  #14 ) ;
#6056 = DIRECTION ( 'NONE',  ( 0.000000000000000000, -6.123233995736769734E-17, -1.000000000000000000 ) ) ;
#6057 = VERTEX_POINT ( 'NONE', #1366 ) ;
#6058 = CARTESIAN_POINT ( 'NONE',  ( 510.0000000000000000, 278.6999999999999886, 10.00000000000000000 ) ) ;
#6059 = VERTEX_POINT ( 'NONE', #634 ) ;
#6060 = ORIENTED_EDGE ( 'NONE', *, *, #4669, .F. ) ;
#6061 = CARTESIAN_POINT ( 'NONE',  ( 180.0000000000000000, 10.00000000000000000, 10.00000000000000000 ) ) ;
#6062 = CARTESIAN_POINT ( 'NONE',  ( 495.9425898691238785, 20.06587492801714134, 0.000000000000000000 ) ) ;
#6063 = DIRECTION ( 'NONE',  ( -0.000000000000000000, 1.000000000000000000, 0.000000000000000000 ) ) ;
#6064 = CARTESIAN_POINT ( 'NONE',  ( 170.0000000000000000, 530.0000000000000000, 0.000000000000000000 ) ) ;
#6065 = FACE_OUTER_BOUND ( 'NONE', #7498, .T. ) ;
#6066 = AXIS2_PLACEMENT_3D ( 'NONE', #8835, #1412, #8723 ) ;
#6067 = DIRECTION ( 'NONE',  ( 1.000000000000000000, 0.000000000000000000, 0.000000000000000000 ) ) ;
#6068 = EDGE_CURVE ( 'NONE', #10072, #5465, #3803, .T. ) ;
#6069 = VERTEX_POINT ( 'NONE', #3000 ) ;
#6070 = CARTESIAN_POINT ( 'NONE',  ( 503.0359596853934931, 371.0114093081760416, 3.999999999999999112 ) ) ;
#6071 = AXIS2_PLACEMENT_3D ( 'NONE', #10312, #6135, #5454 ) ;
#6072 = ORIENTED_EDGE ( 'NONE', *, *, #2217, .T. ) ;
#6073 = EDGE_CURVE ( 'NONE', #7839, #2584, #142, .T. ) ;
#6074 = DIRECTION ( 'NONE',  ( -2.010970006868209845E-16, 1.000000000000000000, 0.000000000000000000 ) ) ;
#6075 = ORIENTED_EDGE ( 'NONE', *, *, #31, .F. ) ;
#6076 = FACE_BOUND ( 'NONE', #3655, .T. ) ;
#6077 = PLANE ( 'NONE',  #1447 ) ;
#6078 = CARTESIAN_POINT ( 'NONE',  ( 376.2165816590305099, 6.481468999400084030, 3.899999999999999911 ) ) ;
#6079 = EDGE_CURVE ( 'NONE', #9073, #3544, #3805, .T. ) ;
#6080 = CYLINDRICAL_SURFACE ( 'NONE', #9044, 1.750000000000001554 ) ;
#6081 = DIRECTION ( 'NONE',  ( 1.000000000000000000, 0.000000000000000000, 0.000000000000000000 ) ) ;
#6082 = DIRECTION ( 'NONE',  ( 1.000000000000000000, 0.000000000000000000, 0.000000000000000000 ) ) ;
#6083 = FACE_OUTER_BOUND ( 'NONE', #6568, .T. ) ;
#6084 = EDGE_CURVE ( 'NONE', #4074, #523, #5162, .T. ) ;
#6085 = EDGE_LOOP ( 'NONE', ( #4098, #5518 ) ) ;
#6086 = VERTEX_POINT ( 'NONE', #1631 ) ;
#6087 = VECTOR ( 'NONE', #10283, 1000.000000000000000 ) ;
#6088 = DIRECTION ( 'NONE',  ( 0.000000000000000000, -1.184237892934239998E-14, -1.000000000000000000 ) ) ;
#6089 = EDGE_CURVE ( 'NONE', #4535, #8806, #687, .T. ) ;
#6090 = MECHANICAL_DESIGN_GEOMETRIC_PRESENTATION_REPRESENTATION (  '', ( #7966 ), #2569 ) ;
#6091 = EDGE_LOOP ( 'NONE', ( #9350, #7449, #6634, #196 ) ) ;
#6092 = CARTESIAN_POINT ( 'NONE',  ( 18.39999999999999858, 170.0000000000000000, 16.13725830020299767 ) ) ;
#6093 = DIRECTION ( 'NONE',  ( 1.000000000000000000, 0.000000000000000000, 0.000000000000000000 ) ) ;
#6094 = LINE ( 'NONE', #8527, #3802 ) ;
#6095 = EDGE_LOOP ( 'NONE', ( #4987, #5478, #6311 ) ) ;
#6096 = EDGE_CURVE ( 'NONE', #3505, #10242, #6346, .T. ) ;
#6097 = VECTOR ( 'NONE', #336, 1000.000000000000000 ) ;
#6098 = EDGE_LOOP ( 'NONE', ( #4559, #4552 ) ) ;
#6099 = EDGE_CURVE ( 'NONE', #7228, #5471, #7260, .T. ) ;
#6100 = EDGE_CURVE ( 'NONE', #8632, #5701, #5762, .T. ) ;
#6101 = EDGE_LOOP ( 'NONE', ( #7864, #5452 ) ) ;
#6102 = CARTESIAN_POINT ( 'NONE',  ( 330.0000000000000000, 10.00000000000000000, 4.000000000000000000 ) ) ;
#6103 = EDGE_CURVE ( 'NONE', #4069, #10189, #8945, .T. ) ;
#6104 = CARTESIAN_POINT ( 'NONE',  ( 11.75000000000000000, 160.0000000000000000, 0.000000000000000000 ) ) ;
#6105 = PLANE ( 'NONE',  #5510 ) ;
#6106 = CARTESIAN_POINT ( 'NONE',  ( 255.0000000000000000, 364.0000000000000000, 8.068629150101529035 ) ) ;
#6107 = DIRECTION ( 'NONE',  ( 0.000000000000000000, 0.000000000000000000, -1.000000000000000000 ) ) ;
#6108 = ORIENTED_EDGE ( 'NONE', *, *, #2601, .F. ) ;
#6109 = EDGE_LOOP ( 'NONE', ( #4629, #1802, #7212, #5461, #8056, #9240 ) ) ;
#6110 = ORIENTED_EDGE ( 'NONE', *, *, #7377, .F. ) ;
#6111 = DIRECTION ( 'NONE',  ( -0.7071067811865470176, -2.157001120005810000E-16, -0.7071067811865480168 ) ) ;
#6112 = DIRECTION ( 'NONE',  ( 0.000000000000000000, 0.000000000000000000, -1.000000000000000000 ) ) ;
#6113 = CARTESIAN_POINT ( 'NONE',  ( 498.2500000000000000, 370.0000000000000000, 4.000000000000000000 ) ) ;
#6114 = FACE_OUTER_BOUND ( 'NONE', #4120, .T. ) ;
#6115 = CARTESIAN_POINT ( 'NONE',  ( 510.0000000000000000, 530.0000000000000000, 0.000000000000000000 ) ) ;
#6116 = PLANE ( 'NONE',  #1448 ) ;
#6117 = CARTESIAN_POINT ( 'NONE',  ( 503.0343435439377231, 339.9999999999998863, 3.900000000000000355 ) ) ;
#6118 = AXIS2_PLACEMENT_3D ( 'NONE', #304, #1193, #9870 ) ;
#6119 = ORIENTED_EDGE ( 'NONE', *, *, #4395, .T. ) ;
#6120 = AXIS2_PLACEMENT_3D ( 'NONE', #2302, #9389, #1456 ) ;
#6121 = CYLINDRICAL_SURFACE ( 'NONE', #1483, 5.258247340840183526 ) ;
#6122 = ORIENTED_EDGE ( 'NONE', *, *, #3242, .T. ) ;
#6123 = DIRECTION ( 'NONE',  ( 0.000000000000000000, 1.000000000000000000, 0.000000000000000000 ) ) ;
#6124 = EDGE_LOOP ( 'NONE', ( #2743, #286, #4156, #6049 ) ) ;
#6125 = FACE_BOUND ( 'NONE', #5019, .T. ) ;
#6126 = DIRECTION ( 'NONE',  ( 0.000000000000000000, 0.000000000000000000, -1.000000000000000000 ) ) ;
#6127 = LINE ( 'NONE', #6078, #10093 ) ;
#6128 = LINE ( 'NONE', #3055, #10213 ) ;
#6129 = VECTOR ( 'NONE', #9747, 1000.000000000000000 ) ;
#6130 = FACE_OUTER_BOUND ( 'NONE', #7374, .T. ) ;
#6131 = CARTESIAN_POINT ( 'NONE',  ( 295.0000000000000568, 515.5081397412453725, 9.591240053884005690 ) ) ;
#6132 = DIRECTION ( 'NONE',  ( 0.000000000000000000, 0.000000000000000000, -1.000000000000000000 ) ) ;
#6133 = VERTEX_POINT ( 'NONE', #2321 ) ;
#6134 = EDGE_CURVE ( 'NONE', #3962, #6216, #1526, .T. ) ;
#6135 = DIRECTION ( 'NONE',  ( 0.000000000000000000, 0.9271838545667858700, 0.3746065934159159561 ) ) ;
#6136 = ORIENTED_EDGE ( 'NONE', *, *, #9209, .T. ) ;
#6137 = PRESENTATION_LAYER_ASSIGNMENT (  '', '', ( #8499 ) ) ;
#6138 = CARTESIAN_POINT ( 'NONE',  ( 371.9005428569986975, 10.64941922215407999, 9.900000000000007461 ) ) ;
#6139 = VERTEX_POINT ( 'NONE', #8839 ) ;
#6140 = EDGE_CURVE ( 'NONE', #4071, #2392, #741, .T. ) ;
#6141 = DIRECTION ( 'NONE',  ( 0.000000000000000000, 0.000000000000000000, 1.000000000000000000 ) ) ;
#6142 = CARTESIAN_POINT ( 'NONE',  ( 10.00000000000000000, 160.0000000000000000, 10.00000000000000000 ) ) ;
#6143 = DIRECTION ( 'NONE',  ( -1.000000000000000000, -9.141548937118509752E-49, -1.492928237510310014E-32 ) ) ;
#6144 = ORIENTED_EDGE ( 'NONE', *, *, #1736, .T. ) ;
#6145 = VERTEX_POINT ( 'NONE', #3969 ) ;
#6147 = EDGE_CURVE ( 'NONE', #7689, #8355, #5948, .T. ) ;
#6146 = ORIENTED_EDGE ( 'NONE', *, *, #773, .F. ) ;
#6148 = DIRECTION ( 'NONE',  ( 1.000000000000000000, 0.000000000000000000, 0.000000000000000000 ) ) ;
#6149 = AXIS2_PLACEMENT_3D ( 'NONE', #5990, #4407, #9019 ) ;
#6150 = PLANE ( 'NONE',  #8573 ) ;
#6151 = EDGE_CURVE ( 'NONE', #523, #4074, #2277, .T. ) ;
#6152 = DIRECTION ( 'NONE',  ( 0.000000000000000000, 0.3746065934159057420, -0.9271838545667899778 ) ) ;
#6153 = DIRECTION ( 'NONE',  ( 2.786442101020000197E-16, -1.000000000000000000, 6.123233995736769734E-17 ) ) ;
#6154 = AXIS2_PLACEMENT_3D ( 'NONE', #6899, #1327, #7588 ) ;
#6155 = DIRECTION ( 'NONE',  ( 1.000000000000000000, 0.000000000000000000, 0.000000000000000000 ) ) ;
#6156 = ORIENTED_EDGE ( 'NONE', *, *, #347, .T. ) ;
#6157 = ORIENTED_EDGE ( 'NONE', *, *, #7782, .T. ) ;
#6158 = VERTEX_POINT ( 'NONE', #8201 ) ;
#6159 = EDGE_CURVE ( 'NONE', #7554, #361, #8204, .T. ) ;
#6160 = CIRCLE ( 'NONE', #8208, 2.350000000000018741 ) ;
#6161 = CARTESIAN_POINT ( 'NONE',  ( 497.8278992884585250, 512.2068833318884344, 6.433224273564971550E-16 ) ) ;
#6162 = CARTESIAN_POINT ( 'NONE',  ( 10.00000000000000000, 30.00000000000000000, 0.000000000000000000 ) ) ;
#6163 = AXIS2_PLACEMENT_3D ( 'NONE', #10125, #2874, #6963 ) ;
#6165 = CARTESIAN_POINT ( 'NONE',  ( 503.1058382415780557, 30.77635950896127071, 4.566393424262447098 ) ) ;
#6164 = VECTOR ( 'NONE', #2054, 1000.000000000000000 ) ;
#6166 = CARTESIAN_POINT ( 'NONE',  ( 510.0000000000000000, 273.6999999999999886, 7.000000000000000000 ) ) ;
#6167 = DIRECTION ( 'NONE',  ( 0.000000000000000000, 0.000000000000000000, 1.000000000000000000 ) ) ;
#6168 = CARTESIAN_POINT ( 'NONE',  ( 295.0000000000000568, 530.0000000000000000, 17.06413377357577588 ) ) ;
#6169 = CARTESIAN_POINT ( 'NONE',  ( 510.0000000000000000, 360.0000000000000000, 20.00000000000000000 ) ) ;
#6170 = VERTEX_POINT ( 'NONE', #1842 ) ;
#6171 = CIRCLE ( 'NONE', #6010, 2.999999999999977796 ) ;
#6172 = FACE_OUTER_BOUND ( 'NONE', #2256, .T. ) ;
#6173 = CIRCLE ( 'NONE', #3815, 3.199999999999980638 ) ;
#6174 = VERTEX_POINT ( 'NONE', #950 ) ;
#6175 = ORIENTED_EDGE ( 'NONE', *, *, #9722, .T. ) ;
#6176 = EDGE_LOOP ( 'NONE', ( #10371, #9204, #6456, #1185 ) ) ;
#6177 = CARTESIAN_POINT ( 'NONE',  ( 156.7999999999999829, 10.00000000000000000, 4.000000000000000000 ) ) ;
#6178 = AXIS2_PLACEMENT_3D ( 'NONE', #6730, #1746, #4982 ) ;
#6179 = VERTEX_POINT ( 'NONE', #8306 ) ;
#6180 = DIRECTION ( 'NONE',  ( -1.000000000000000000, -9.141548937118588756E-49, -1.492928237510310014E-32 ) ) ;
#6181 = CARTESIAN_POINT ( 'NONE',  ( 503.0471172663759489, 362.9999999999998863, 4.223607673748408509 ) ) ;
#6182 = DIRECTION ( 'NONE',  ( 0.000000000000000000, 0.000000000000000000, 1.000000000000000000 ) ) ;
#6183 = AXIS2_PLACEMENT_3D ( 'NONE', #10390, #3305, #8870 ) ;
#6184 = DIRECTION ( 'NONE',  ( 1.000000000000000000, 0.000000000000000000, 0.000000000000000000 ) ) ;
#6185 = DIRECTION ( 'NONE',  ( 1.000000000000000000, 0.000000000000000000, 0.000000000000000000 ) ) ;
#6186 = CARTESIAN_POINT ( 'NONE',  ( 508.2181082139190949, 170.0000000000001137, 5.777465493967749666 ) ) ;
#6187 = CARTESIAN_POINT ( 'NONE',  ( 508.8508361943100340, 512.9431599864421969, 3.899999999999999911 ) ) ;
#6188 = EDGE_LOOP ( 'NONE', ( #3040, #3754 ) ) ;
#6189 = VECTOR ( 'NONE', #8858, 1000.000000000000000 ) ;
#6190 = CARTESIAN_POINT ( 'NONE',  ( 380.0633608786872628, 7.157628602830923725, -9.146565213191545956E-17 ) ) ;
#6191 = ORIENTED_EDGE ( 'NONE', *, *, #3195, .F. ) ;
#6192 = CARTESIAN_POINT ( 'NONE',  ( 503.0343435439377231, 511.4706066773345583, 3.900000000000000355 ) ) ;
#6193 = VECTOR ( 'NONE', #9702, 1000.000000000000000 ) ;
#6194 = DIRECTION ( 'NONE',  ( 0.000000000000000000, 0.000000000000000000, -1.000000000000000000 ) ) ;
#6195 = AXIS2_PLACEMENT_3D ( 'NONE', #9922, #1769, #2510 ) ;
#6196 = ORIENTED_EDGE ( 'NONE', *, *, #6753, .F. ) ;
#6197 = CARTESIAN_POINT ( 'NONE',  ( 180.0000000000000000, 520.0000000000000000, 10.00000000000000000 ) ) ;
#6198 = LINE ( 'NONE', #7683, #4542 ) ;
#6199 = DIRECTION ( 'NONE',  ( 0.000000000000000000, 0.000000000000000000, 1.000000000000000000 ) ) ;
#6200 = EDGE_LOOP ( 'NONE', ( #597, #5389, #8681, #8803 ) ) ;
#6201 = EDGE_LOOP ( 'NONE', ( #8394, #5983 ) ) ;
#6202 = VECTOR ( 'NONE', #300, 1000.000000000000000 ) ;
#6203 = ORIENTED_EDGE ( 'NONE', *, *, #4995, .T. ) ;
#6204 = VERTEX_POINT ( 'NONE', #6770 ) ;
#6205 = ADVANCED_FACE ( 'NONE', ( #4180 ), #3427, .F. ) ;
#6206 = AXIS2_PLACEMENT_3D ( 'NONE', #7331, #3294, #129 ) ;
#6207 = VECTOR ( 'NONE', #7584, 1000.000000000000000 ) ;
#6208 = CARTESIAN_POINT ( 'NONE',  ( 295.0000000000000568, 514.9462298511214158, 10.98201583573431961 ) ) ;
#6209 = CARTESIAN_POINT ( 'NONE',  ( 11.75000000000000000, 500.0000000000000000, 10.00000000000000000 ) ) ;
#6210 = VECTOR ( 'NONE', #9939, 1000.000000000000000 ) ;
#6211 = DIRECTION ( 'NONE',  ( 0.9694154417287283998, 0.2454255515179596392, 0.000000000000000000 ) ) ;
#6212 = DIRECTION ( 'NONE',  ( 0.000000000000000000, 0.000000000000000000, -1.000000000000000000 ) ) ;
#6213 = ADVANCED_FACE ( 'NONE', ( #156 ), #9831, .F. ) ;
#6214 = FACE_OUTER_BOUND ( 'NONE', #4778, .T. ) ;
#6215 = EDGE_LOOP ( 'NONE', ( #5817, #8168, #1975, #1421 ) ) ;
#6216 = VERTEX_POINT ( 'NONE', #207 ) ;
#6217 = EDGE_LOOP ( 'NONE', ( #2534, #8393 ) ) ;
#6218 = ADVANCED_FACE ( 'NONE', ( #9198 ), #3481, .T. ) ;
#6219 = PLANE ( 'NONE',  #6772 ) ;
#6220 = DIRECTION ( 'NONE',  ( 1.000000000000000000, 0.000000000000000000, 0.000000000000000000 ) ) ;
#6221 = CARTESIAN_POINT ( 'NONE',  ( 510.0000000000000000, 530.0000000000000000, 20.00000000000000000 ) ) ;
#6222 = FACE_OUTER_BOUND ( 'NONE', #1197, .T. ) ;
#6223 = VECTOR ( 'NONE', #6596, 1000.000000000000000 ) ;
#6224 = DIRECTION ( 'NONE',  ( 0.000000000000000000, 0.000000000000000000, -1.000000000000000000 ) ) ;
#6225 = EDGE_CURVE ( 'NONE', #2964, #5003, #6616, .T. ) ;
#6226 = DIRECTION ( 'NONE',  ( 0.000000000000000000, 1.000000000000000000, 0.000000000000000000 ) ) ;
#6227 = EDGE_CURVE ( 'NONE', #7471, #2153, #4971, .T. ) ;
#6228 = ORIENTED_EDGE ( 'NONE', *, *, #6791, .F. ) ;
#6229 = CARTESIAN_POINT ( 'NONE',  ( 503.0516806140057611, 370.9646969780300765, 4.245777376549066062 ) ) ;
#6230 = ORIENTED_EDGE ( 'NONE', *, *, #5367, .T. ) ;
#6231 = ORIENTED_EDGE ( 'NONE', *, *, #1506, .F. ) ;
#6232 = ORIENTED_EDGE ( 'NONE', *, *, #3318, .F. ) ;
#6233 = EDGE_CURVE ( 'NONE', #3961, #2518, #256, .T. ) ;
#6234 = CARTESIAN_POINT ( 'NONE',  ( 434.0136038969320111, 360.0000000000000000, 73.44081169079630911 ) ) ;
#6235 = DIRECTION ( 'NONE',  ( 0.000000000000000000, 0.000000000000000000, -1.000000000000000000 ) ) ;
#6236 = PLANE ( 'NONE',  #3200 ) ;
#6237 = LINE ( 'NONE', #685, #9556 ) ;
#6238 = CARTESIAN_POINT ( 'NONE',  ( 255.0000000000000000, 170.0000000000000000, 0.000000000000000000 ) ) ;
#6239 = CARTESIAN_POINT ( 'NONE',  ( 503.0359596853934931, 351.0114093081761553, 4.000000000000000000 ) ) ;
#6240 = EDGE_CURVE ( 'NONE', #1042, #4348, #4486, .T. ) ;
#6241 = LINE ( 'NONE', #2892, #4839 ) ;
#6242 = EDGE_LOOP ( 'NONE', ( #1222, #2542, #5976, #1014 ) ) ;
#6243 = AXIS2_PLACEMENT_3D ( 'NONE', #5616, #10261, #7219 ) ;
#6244 = CARTESIAN_POINT ( 'NONE',  ( 506.0029281056812351, 170.0000000000000284, 6.905271241788081049 ) ) ;
#6245 = LINE ( 'NONE', #6187, #8015 ) ;
#6246 = ORIENTED_EDGE ( 'NONE', *, *, #9828, .F. ) ;
#6247 = CARTESIAN_POINT ( 'NONE',  ( 508.8508361943101477, 359.9999999999999432, 3.900000000000000799 ) ) ;
#6248 = ORIENTED_EDGE ( 'NONE', *, *, #581, .T. ) ;
#6249 = CARTESIAN_POINT ( 'NONE',  ( 7.000000000000000000, 95.00000000000000000, 10.00000000000000000 ) ) ;
#6250 = FACE_BOUND ( 'NONE', #4094, .T. ) ;
#6251 = VECTOR ( 'NONE', #6723, 1000.000000000000000 ) ;
#6252 = ORIENTED_EDGE ( 'NONE', *, *, #4237, .T. ) ;
#6253 = LINE ( 'NONE', #646, #4217 ) ;
#6254 = CARTESIAN_POINT ( 'NONE',  ( 503.0516806140061590, 180.9646969780299059, 4.245777376549082938 ) ) ;
#6255 = DIRECTION ( 'NONE',  ( 1.000000000000000000, 0.000000000000000000, 0.000000000000000000 ) ) ;
#6256 = ORIENTED_EDGE ( 'NONE', *, *, #8624, .F. ) ;
#6257 = ORIENTED_EDGE ( 'NONE', *, *, #2138, .T. ) ;
#6258 = CARTESIAN_POINT ( 'NONE',  ( 166.0000000000000000, 18.39999999999999858, 16.13725830020299767 ) ) ;
#6259 = AXIS2_PLACEMENT_3D ( 'NONE', #4275, #201, #5073 ) ;
#6260 = ORIENTED_EDGE ( 'NONE', *, *, #6362, .T. ) ;
#6261 = EDGE_LOOP ( 'NONE', ( #7543, #3227, #3991, #1292, #7740, #8090, #2272 ) ) ;
#6262 = DIRECTION ( 'NONE',  ( 0.000000000000000000, -4.809630431589130061E-16, 1.000000000000000000 ) ) ;
#6263 = CARTESIAN_POINT ( 'NONE',  ( 170.0000000000000000, 18.39999999999999858, 16.13725830020299767 ) ) ;
#6264 = SURFACE_STYLE_USAGE ( .BOTH. , #3836 ) ;
#6265 = DIRECTION ( 'NONE',  ( 0.000000000000000000, -0.9271838545667858700, -0.3746065934159158450 ) ) ;
#6266 = VECTOR ( 'NONE', #1706, 1000.000000000000000 ) ;
#6267 = CARTESIAN_POINT ( 'NONE',  ( 6.500000000000000000, 105.4500000000000028, 10.00000000000000000 ) ) ;
#6268 = EDGE_CURVE ( 'NONE', #7520, #8562, #5335, .T. ) ;
#6269 = EDGE_LOOP ( 'NONE', ( #4777, #7893, #5597, #9222 ) ) ;
#6270 = ORIENTED_EDGE ( 'NONE', *, *, #8176, .F. ) ;
#6271 = ORIENTED_EDGE ( 'NONE', *, *, #407, .F. ) ;
#6272 = EDGE_CURVE ( 'NONE', #9430, #5434, #4384, .T. ) ;
#6273 = DIRECTION ( 'NONE',  ( 1.000000000000000000, 0.000000000000000000, 0.000000000000000000 ) ) ;
#6274 = PLANE ( 'NONE',  #8425 ) ;
#6275 = AXIS2_PLACEMENT_3D ( 'NONE', #8034, #2513, #9819 ) ;
#6276 = CARTESIAN_POINT ( 'NONE',  ( 295.0000000000000568, 530.0000000000000000, 13.82852954554268265 ) ) ;
#6277 = CARTESIAN_POINT ( 'NONE',  ( 215.0000000000000284, 515.5081397412454862, 9.591240053883812067 ) ) ;
#6278 = CARTESIAN_POINT ( 'NONE',  ( 156.7999999999999829, 520.0000000000000000, 12.00000000000000000 ) ) ;
#6279 = DIRECTION ( 'NONE',  ( -1.000000000000000000, 0.000000000000000000, 0.000000000000000000 ) ) ;
#6280 = ADVANCED_FACE ( 'NONE', ( #7614 ), #8258, .F. ) ;
#6281 = ORIENTED_EDGE ( 'NONE', *, *, #5953, .T. ) ;
#6282 = LINE ( 'NONE', #7086, #6902 ) ;
#6283 = EDGE_LOOP ( 'NONE', ( #9942, #10240, #10327, #7051 ) ) ;
#6284 = ORIENTED_EDGE ( 'NONE', *, *, #10230, .T. ) ;
#6285 = ORIENTED_EDGE ( 'NONE', *, *, #3957, .T. ) ;
#6286 = DIRECTION ( 'NONE',  ( 0.000000000000000000, 0.000000000000000000, -1.000000000000000000 ) ) ;
#6287 = CARTESIAN_POINT ( 'NONE',  ( 330.0000000000000000, 520.0000000000000000, 10.00000000000000000 ) ) ;
#6288 = EDGE_CURVE ( 'NONE', #361, #3634, #4332, .T. ) ;
#6289 = CARTESIAN_POINT ( 'NONE',  ( 255.0000000000000000, 510.0000000000000000, 4.238056389090750997 ) ) ;
#6290 = DIRECTION ( 'NONE',  ( -1.000000000000000000, 0.000000000000000000, 0.000000000000000000 ) ) ;
#6291 = CARTESIAN_POINT ( 'NONE',  ( 183.1999999999999886, 10.00000000000000000, 20.00000000000000000 ) ) ;
#6292 = CYLINDRICAL_SURFACE ( 'NONE', #9720, 3.199999999999980638 ) ;
#6293 = EDGE_CURVE ( 'NONE', #1919, #157, #9894, .T. ) ;
#6294 = EDGE_CURVE ( 'NONE', #6724, #8496, #10032, .T. ) ;
#6295 = EDGE_CURVE ( 'NONE', #10334, #3460, #10389, .T. ) ;
#6296 = LINE ( 'NONE', #3108, #1272 ) ;
#6297 = CARTESIAN_POINT ( 'NONE',  ( 20.00000000000000000, 170.0000000000000000, 5.000000000000000000 ) ) ;
#6298 = LINE ( 'NONE', #9415, #3087 ) ;
#6299 = VERTEX_POINT ( 'NONE', #10288 ) ;
#6300 = CIRCLE ( 'NONE', #1733, 1.500000000000157430 ) ;
#6301 = CARTESIAN_POINT ( 'NONE',  ( 10.00000000000000000, 370.0000000000000000, 10.00000000000000000 ) ) ;
#6302 = EDGE_CURVE ( 'NONE', #4523, #1598, #3848, .T. ) ;
#6303 = ORIENTED_EDGE ( 'NONE', *, *, #6666, .F. ) ;
#6304 = CARTESIAN_POINT ( 'NONE',  ( 6.800000000000000711, 180.0000000000000000, 12.00000000000000000 ) ) ;
#6305 = CARTESIAN_POINT ( 'NONE',  ( 345.7547184027091589, -5.557266963672117477, 3.900000000000000355 ) ) ;
#6306 = VECTOR ( 'NONE', #8852, 1000.000000000000000 ) ;
#6307 = VERTEX_POINT ( 'NONE', #5231 ) ;
#6308 = DIRECTION ( 'NONE',  ( 0.000000000000000000, -1.000000000000000000, 6.123233995736759873E-17 ) ) ;
#6309 = LINE ( 'NONE', #7272, #6912 ) ;
#6310 = CARTESIAN_POINT ( 'NONE',  ( 2.545584412271499897, 360.0000000000000000, -1.094141213840079913E-14 ) ) ;
#6311 = ORIENTED_EDGE ( 'NONE', *, *, #6227, .T. ) ;
#6312 = ORIENTED_EDGE ( 'NONE', *, *, #9082, .T. ) ;
#6313 = CYLINDRICAL_SURFACE ( 'NONE', #4117, 1.499999999999959810 ) ;
#6314 =( GEOMETRIC_REPRESENTATION_CONTEXT ( 3 ) GLOBAL_UNCERTAINTY_ASSIGNED_CONTEXT ( ( #7575 ) ) GLOBAL_UNIT_ASSIGNED_CONTEXT ( ( #6938, #6988, #4603 ) ) REPRESENTATION_CONTEXT ( 'NONE', 'WORKASPACE' ) );
#6315 = ORIENTED_EDGE ( 'NONE', *, *, #8238, .F. ) ;
#6316 = PRODUCT_DEFINITION_SHAPE ( 'NONE', 'NONE',  #10282 ) ;
#6317 = VERTEX_POINT ( 'NONE', #4480 ) ;
#6318 = CARTESIAN_POINT ( 'NONE',  ( 255.0000000000000000, 530.0000000000000000, 13.82852954554265779 ) ) ;
#6319 = DIRECTION ( 'NONE',  ( 1.340646671245470025E-16, -1.000000000000000000, 0.000000000000000000 ) ) ;
#6320 = CARTESIAN_POINT ( 'NONE',  ( 501.6140403761326638, 516.9820267087885668, 9.900000000000005684 ) ) ;
#6321 = LINE ( 'NONE', #3943, #3790 ) ;
#6322 = PLANE ( 'NONE',  #2737 ) ;
#6323 = EDGE_LOOP ( 'NONE', ( #1070, #6355, #977, #9704, #2119, #1040, #7274 ) ) ;
#6324 = ORIENTED_EDGE ( 'NONE', *, *, #2266, .T. ) ;
#6325 = CARTESIAN_POINT ( 'NONE',  ( 340.0000000000000000, 265.0000000000000000, 0.000000000000000000 ) ) ;
#6326 = DIRECTION ( 'NONE',  ( 0.000000000000000000, 0.000000000000000000, -1.000000000000000000 ) ) ;
#6327 = CYLINDRICAL_SURFACE ( 'NONE', #5343, 7.129871913033769104 ) ;
#6328 = CARTESIAN_POINT ( 'NONE',  ( 330.0000000000000000, 520.0000000000000000, 4.000000000000000000 ) ) ;
#6329 = AXIS2_PLACEMENT_3D ( 'NONE', #6197, #2020, #8584 ) ;
#6330 = FACE_OUTER_BOUND ( 'NONE', #9745, .T. ) ;
#6331 = CARTESIAN_POINT ( 'NONE',  ( 3.500000000000000000, 460.0000000000000000, 10.00000000000000000 ) ) ;
#6332 = EDGE_CURVE ( 'NONE', #6158, #3561, #8456, .T. ) ;
#6333 = ORIENTED_EDGE ( 'NONE', *, *, #6682, .F. ) ;
#6334 = FACE_OUTER_BOUND ( 'NONE', #3250, .T. ) ;
#6335 = EDGE_LOOP ( 'NONE', ( #246, #9199 ) ) ;
#6336 = ORIENTED_EDGE ( 'NONE', *, *, #3843, .F. ) ;
#6337 = CIRCLE ( 'NONE', #2123, 3.199999999999999734 ) ;
#6338 = ORIENTED_EDGE ( 'NONE', *, *, #6847, .F. ) ;
#6339 = DIRECTION ( 'NONE',  ( 0.000000000000000000, 0.000000000000000000, -1.000000000000000000 ) ) ;
#6340 = DIRECTION ( 'NONE',  ( 1.000000000000000000, 0.000000000000000000, 0.000000000000000000 ) ) ;
#6341 = CARTESIAN_POINT ( 'NONE',  ( 371.9005428569985838, 10.64941922215407999, 6.433224273564971550E-16 ) ) ;
#6342 = EDGE_CURVE ( 'NONE', #4628, #8220, #7662, .T. ) ;
#6343 = CARTESIAN_POINT ( 'NONE',  ( 505.0000000000000000, 320.0000000000000000, 20.00000000000000000 ) ) ;
#6344 = CARTESIAN_POINT ( 'NONE',  ( 510.0000000000000000, 246.2999999999999829, 7.000000000000000000 ) ) ;
#6345 = AXIS2_PLACEMENT_3D ( 'NONE', #2847, #3755, #2056 ) ;
#6346 = LINE ( 'NONE', #4815, #9220 ) ;
#6347 = CIRCLE ( 'NONE', #9884, 1.750000000000029310 ) ;
#6348 = CARTESIAN_POINT ( 'NONE',  ( 360.1080429176265056, 530.0000000000000000, 3.899999999999999911 ) ) ;
#6349 = VERTEX_POINT ( 'NONE', #7816 ) ;
#6350 = EDGE_CURVE ( 'NONE', #5224, #10185, #10181, .T. ) ;
#6351 = CARTESIAN_POINT ( 'NONE',  ( 7.000000000000000000, 457.6499999999999773, 10.00000000000000000 ) ) ;
#6352 = AXIS2_PLACEMENT_3D ( 'NONE', #9995, #271, #4137 ) ;
#6353 =( NAMED_UNIT ( * ) SI_UNIT ( $, .STERADIAN. ) SOLID_ANGLE_UNIT ( ) );
#6354 =( BOUNDED_SURFACE ( )  B_SPLINE_SURFACE ( 3, 1, ( 
 ( #8109, #9685 ),
 ( #3335, #8265 ),
 ( #1692, #6575 ),
 ( #4931, #8846 ) ),
 .UNSPECIFIED., .F., .F., .F. ) 
 B_SPLINE_SURFACE_WITH_KNOTS ( ( 4, 4 ),
 ( 2, 2 ),
 ( 0.000000000000000000, 1.000000000000000000 ),
 ( 0.000000000000000000, 1.000000000000000000 ),
 .UNSPECIFIED. ) 
 GEOMETRIC_REPRESENTATION_ITEM ( )  RATIONAL_B_SPLINE_SURFACE ( (
 ( 1.000000000000000000, 1.000000000000000000),
 ( 0.3333333333333333703, 0.3333333333333333703),
 ( 0.3333333333333333703, 0.3333333333333333703),
 ( 1.000000000000000000, 1.000000000000000000) ) ) 
 REPRESENTATION_ITEM ( '' )  SURFACE ( )  );
#6355 = ORIENTED_EDGE ( 'NONE', *, *, #9652, .T. ) ;
#6356 = CARTESIAN_POINT ( 'NONE',  ( 503.0343435439377231, 511.4706066773343309, 3.900000000000000355 ) ) ;
#6357 = VERTEX_POINT ( 'NONE', #4635 ) ;
#6358 = AXIS2_PLACEMENT_3D ( 'NONE', #2384, #958, #4189 ) ;
#6359 = VECTOR ( 'NONE', #9924, 1000.000000000000000 ) ;
#6360 = EDGE_CURVE ( 'NONE', #5929, #5727, #463, .T. ) ;
#6361 = CARTESIAN_POINT ( 'NONE',  ( 503.0343435439377231, 19.32959827346327586, 9.900000000000007461 ) ) ;
#6362 = EDGE_CURVE ( 'NONE', #8743, #8220, #777, .T. ) ;
#6363 = FACE_OUTER_BOUND ( 'NONE', #2736, .T. ) ;
#6364 = ORIENTED_EDGE ( 'NONE', *, *, #9194, .T. ) ;
#6365 = DIRECTION ( 'NONE',  ( 0.000000000000000000, -1.000000000000000000, 0.000000000000000000 ) ) ;
#6366 = DIRECTION ( 'NONE',  ( 0.000000000000000000, 0.000000000000000000, -1.000000000000000000 ) ) ;
#6367 = CIRCLE ( 'NONE', #3312, 5.258247340840207507 ) ;
#6368 = EDGE_CURVE ( 'NONE', #6911, #9430, #8717, .T. ) ;
#6369 = CARTESIAN_POINT ( 'NONE',  ( 359.2091445252112294, 529.9999999999989768, 5.860713099128679993 ) ) ;
#6370 = VERTEX_POINT ( 'NONE', #2045 ) ;
#6371 = ORIENTED_EDGE ( 'NONE', *, *, #9251, .F. ) ;
#6372 = DIRECTION ( 'NONE',  ( -0.000000000000000000, 1.000000000000000000, 0.000000000000000000 ) ) ;
#6373 = ORIENTED_EDGE ( 'NONE', *, *, #4515, .F. ) ;
#6374 = ORIENTED_EDGE ( 'NONE', *, *, #8439, .F. ) ;
#6375 = AXIS2_PLACEMENT_3D ( 'NONE', #6640, #1179, #9174 ) ;
#6376 = AXIS2_PLACEMENT_3D ( 'NONE', #6277, #8087, #7295 ) ;
#6377 = EDGE_CURVE ( 'NONE', #9614, #5149, #8212, .T. ) ;
#6378 = CARTESIAN_POINT ( 'NONE',  ( 67.46421356237298994, 364.0000000000000000, 65.20147186257608496 ) ) ;
#6379 = CYLINDRICAL_SURFACE ( 'NONE', #118, 3.199999999999980638 ) ;
#6380 =( GEOMETRIC_REPRESENTATION_CONTEXT ( 3 ) GLOBAL_UNCERTAINTY_ASSIGNED_CONTEXT ( ( #4293 ) ) GLOBAL_UNIT_ASSIGNED_CONTEXT ( ( #9121, #1863, #3347 ) ) REPRESENTATION_CONTEXT ( 'NONE', 'WORKASPACE' ) );
#6381 = FACE_OUTER_BOUND ( 'NONE', #2660, .T. ) ;
#6382 = LINE ( 'NONE', #3023, #1427 ) ;
#6383 = CARTESIAN_POINT ( 'NONE',  ( 503.0343435439377231, 19.32959827346331139, 3.900000000000000355 ) ) ;
#6384 = AXIS2_PLACEMENT_3D ( 'NONE', #3613, #3565, #7006 ) ;
#6385 = LINE ( 'NONE', #9602, #9236 ) ;
#6386 = EDGE_LOOP ( 'NONE', ( #4270, #7954, #4801, #10293 ) ) ;
#6387 = ORIENTED_EDGE ( 'NONE', *, *, #3510, .T. ) ;
#6388 = AXIS2_PLACEMENT_3D ( 'NONE', #3232, #858, #9794 ) ;
#6389 = LINE ( 'NONE', #8134, #94 ) ;
#6390 = DIRECTION ( 'NONE',  ( 1.000000000000000000, 0.000000000000000000, 0.000000000000000000 ) ) ;
#6391 = DIRECTION ( 'NONE',  ( 0.000000000000000000, 1.000000000000000000, -6.123233995736819037E-17 ) ) ;
#6392 = DIRECTION ( 'NONE',  ( 0.000000000000000000, 1.000000000000000000, -6.123233995736799316E-17 ) ) ;
#6393 = CARTESIAN_POINT ( 'NONE',  ( 503.0359596853934931, 265.4005116316708381, 3.999999999999999112 ) ) ;
#6394 = DIRECTION ( 'NONE',  ( 0.000000000000000000, 0.000000000000000000, -1.000000000000000000 ) ) ;
#6395 = AXIS2_PLACEMENT_3D ( 'NONE', #4921, #2319, #1682 ) ;
#6396 = VERTEX_POINT ( 'NONE', #515 ) ;
#6397 = DIRECTION ( 'NONE',  ( 1.000000000000000000, 0.000000000000000000, 0.000000000000000000 ) ) ;
#6398 = ORIENTED_EDGE ( 'NONE', *, *, #3098, .F. ) ;
#6399 = VECTOR ( 'NONE', #6721, 1000.000000000000000 ) ;
#6400 = ORIENTED_EDGE ( 'NONE', *, *, #6377, .F. ) ;
#6401 = EDGE_LOOP ( 'NONE', ( #4963, #7803 ) ) ;
#6402 = CARTESIAN_POINT ( 'NONE',  ( 510.0000000000000000, 235.8000000000000114, 7.000000000000000000 ) ) ;
#6403 = CARTESIAN_POINT ( 'NONE',  ( 255.0000000000000000, 265.0000000000000000, 20.00000000000000000 ) ) ;
#6404 = CARTESIAN_POINT ( 'NONE',  ( 500.0000000000000000, 30.00000000000000000, 0.000000000000000000 ) ) ;
#6405 = LINE ( 'NONE', #7198, #1613 ) ;
#6406 = EDGE_CURVE ( 'NONE', #8025, #3747, #3687, .T. ) ;
#6407 = FACE_OUTER_BOUND ( 'NONE', #9420, .T. ) ;
#6408 = CARTESIAN_POINT ( 'NONE',  ( 507.8426954605290575, 360.0000000000001705, 6.178779621923067289 ) ) ;
#6409 = CARTESIAN_POINT ( 'NONE',  ( 255.0000000000000000, 265.0000000000000000, 20.00000000000000000 ) ) ;
#6410 = PRODUCT ( 'Clicky Clack Door Frame Buffer - Center Right w- Channel', 'Clicky Clack Door Frame Buffer - Center Right w- Channel', '', ( #3503 ) ) ;
#6411 = ORIENTED_EDGE ( 'NONE', *, *, #9852, .T. ) ;
#6412 = LINE ( 'NONE', #1584, #8259 ) ;
#6413 = ADVANCED_FACE ( 'NONE', ( #1205 ), #4434, .F. ) ;
#6414 = AXIS2_PLACEMENT_3D ( 'NONE', #6142, #2116, #389 ) ;
#6415 = CARTESIAN_POINT ( 'NONE',  ( 340.0000000000000000, 511.6000000000000796, -1.193721138850380017E-14 ) ) ;
#6416 = VERTEX_POINT ( 'NONE', #3632 ) ;
#6417 = LINE ( 'NONE', #5612, #3372 ) ;
#6418 = ORIENTED_EDGE ( 'NONE', *, *, #1378, .T. ) ;
#6419 = CARTESIAN_POINT ( 'NONE',  ( 508.8508361943102045, 20.80215158257106367, 9.900000000000009237 ) ) ;
#6420 = EDGE_CURVE ( 'NONE', #5003, #391, #7023, .T. ) ;
#6421 = DIRECTION ( 'NONE',  ( 0.000000000000000000, 0.000000000000000000, -1.000000000000000000 ) ) ;
#6422 = CIRCLE ( 'NONE', #2686, 3.200000000000008171 ) ;
#6423 = CARTESIAN_POINT ( 'NONE',  ( 0.000000000000000000, 95.00000000000000000, 10.00000000000000000 ) ) ;
#6424 = CARTESIAN_POINT ( 'NONE',  ( 500.0000000000000000, 180.0000000000000000, 12.00000000000000000 ) ) ;
#6425 = CARTESIAN_POINT ( 'NONE',  ( 504.4241615168971862, 170.0000000000000853, 6.465049147083099967 ) ) ;
#6426 = ORIENTED_EDGE ( 'NONE', *, *, #8115, .F. ) ;
#6427 = VERTEX_POINT ( 'NONE', #6870 ) ;
#6428 = CARTESIAN_POINT ( 'NONE',  ( 354.7201123649164742, -2.515349040166367763E-14, 4.045289848143290179 ) ) ;
#6429 = ORIENTED_EDGE ( 'NONE', *, *, #4280, .T. ) ;
#6430 = ORIENTED_EDGE ( 'NONE', *, *, #1052, .F. ) ;
#6431 = AXIS2_PLACEMENT_3D ( 'NONE', #1887, #5124, #4328 ) ;
#6432 = EDGE_CURVE ( 'NONE', #8457, #4803, #1779, .T. ) ;
#6433 = FACE_OUTER_BOUND ( 'NONE', #7738, .T. ) ;
#6434 = FACE_OUTER_BOUND ( 'NONE', #7002, .T. ) ;
#6435 = DIRECTION ( 'NONE',  ( 0.000000000000000000, -7.588638549471020099E-33, -1.000000000000000000 ) ) ;
#6436 = CARTESIAN_POINT ( 'NONE',  ( 498.5641759430124011, 517.4133275873675757, 3.900000000000000355 ) ) ;
#6437 = DIRECTION ( 'NONE',  ( 0.000000000000000000, -0.000000000000000000, 1.000000000000000000 ) ) ;
#6438 = ADVANCED_FACE ( 'NONE', ( #9343 ), #8657, .F. ) ;
#6439 = AXIS2_PLACEMENT_3D ( 'NONE', #9035, #2678, #4224 ) ;
#6440 = FACE_OUTER_BOUND ( 'NONE', #8587, .T. ) ;
#6441 = ADVANCED_FACE ( 'NONE', ( #7082 ), #6116, .F. ) ;
#6442 = EDGE_CURVE ( 'NONE', #385, #5286, #6173, .T. ) ;
#6443 = ORIENTED_EDGE ( 'NONE', *, *, #8110, .F. ) ;
#6444 = AXIS2_PLACEMENT_3D ( 'NONE', #8243, #2762, #9235 ) ;
#6445 = ORIENTED_EDGE ( 'NONE', *, *, #5260, .T. ) ;
#6446 = FACE_OUTER_BOUND ( 'NONE', #9408, .T. ) ;
#6448 = EDGE_CURVE ( 'NONE', #6349, #7987, #2749, .T. ) ;
#6447 = CARTESIAN_POINT ( 'NONE',  ( 0.000000000000000000, 475.1999999999999886, 6.999999999999779732 ) ) ;
#6449 = DIRECTION ( 'NONE',  ( -0.6295709663777131482, 0.7769429826533170713, 0.000000000000000000 ) ) ;
#6450 = DIRECTION ( 'NONE',  ( 0.000000000000000000, 0.000000000000000000, 1.000000000000000000 ) ) ;
#6451 = AXIS2_PLACEMENT_3D ( 'NONE', #8857, #1600, #4840 ) ;
#6452 = FACE_BOUND ( 'NONE', #3924, .T. ) ;
#6453 = VERTEX_POINT ( 'NONE', #3738 ) ;
#6454 = PLANE ( 'NONE',  #3854 ) ;
#6455 = VERTEX_POINT ( 'NONE', #2462 ) ;
#6456 = ORIENTED_EDGE ( 'NONE', *, *, #7349, .T. ) ;
#6457 = MECHANICAL_DESIGN_GEOMETRIC_PRESENTATION_REPRESENTATION (  '', ( #4581 ), #1208 ) ;
#6458 = VERTEX_POINT ( 'NONE', #10340 ) ;
#6459 = FACE_OUTER_BOUND ( 'NONE', #4365, .T. ) ;
#6460 = CARTESIAN_POINT ( 'NONE',  ( 503.0343435439377231, 363.0000000000000000, 7.827207793864200625 ) ) ;
#6461 = CARTESIAN_POINT ( 'NONE',  ( 18.39999999999999858, 166.0000000000000000, 16.13725830020299767 ) ) ;
#6462 = CARTESIAN_POINT ( 'NONE',  ( 491.8000000000000114, 167.0000000000000000, -1.344016575879149902E-15 ) ) ;
#6463 = DIRECTION ( 'NONE',  ( 0.000000000000000000, 0.000000000000000000, -1.000000000000000000 ) ) ;
#6464 = CARTESIAN_POINT ( 'NONE',  ( 504.7504650551504142, 360.0000000000003979, 6.662030445831249814 ) ) ;
#6465 = ORIENTED_EDGE ( 'NONE', *, *, #10150, .F. ) ;
#6466 = DIRECTION ( 'NONE',  ( 0.000000000000000000, 0.000000000000000000, -1.000000000000000000 ) ) ;
#6467 =( NAMED_UNIT ( * ) PLANE_ANGLE_UNIT ( ) SI_UNIT ( $, .RADIAN. ) );
#6468 = ORIENTED_EDGE ( 'NONE', *, *, #5186, .F. ) ;
#6469 = DIRECTION ( 'NONE',  ( 0.000000000000000000, 0.000000000000000000, -1.000000000000000000 ) ) ;
#6470 = ORIENTED_EDGE ( 'NONE', *, *, #166, .T. ) ;
#6471 = LINE ( 'NONE', #8903, #2293 ) ;
#6472 = CARTESIAN_POINT ( 'NONE',  ( 500.0000000000000000, 160.0000000000000000, 20.00000000000000000 ) ) ;
#6473 = CARTESIAN_POINT ( 'NONE',  ( 6.500000000000000000, 89.30000000000350724, 7.000000000000000000 ) ) ;
#6474 = CARTESIAN_POINT ( 'NONE',  ( 506.4816012206272262, 170.0000000000001705, 6.853755513016690060 ) ) ;
#6475 = VECTOR ( 'NONE', #9186, 1000.000000000000000 ) ;
#6477 = VERTEX_POINT ( 'NONE', #3955 ) ;
#6476 = ADVANCED_FACE ( 'NONE', ( #6330 ), #3258, .F. ) ;
#6478 = ORIENTED_EDGE ( 'NONE', *, *, #5327, .F. ) ;
#6479 = DIRECTION ( 'NONE',  ( 0.000000000000000000, -0.000000000000000000, 1.000000000000000000 ) ) ;
#6480 = ORIENTED_EDGE ( 'NONE', *, *, #4746, .F. ) ;
#6481 = VERTEX_POINT ( 'NONE', #8088 ) ;
#6482 = LINE ( 'NONE', #4100, #9817 ) ;
#6483 = CARTESIAN_POINT ( 'NONE',  ( 503.1999999999999886, 370.0000000000000000, 12.00000000000000000 ) ) ;
#6484 = EDGE_CURVE ( 'NONE', #914, #6057, #2792, .T. ) ;
#6485 = DIRECTION ( 'NONE',  ( 1.000000000000000000, 0.000000000000000000, 0.000000000000000000 ) ) ;
#6486 = DIRECTION ( 'NONE',  ( 0.000000000000000000, 0.000000000000000000, -1.000000000000000000 ) ) ;
#6487 = CLOSED_SHELL ( 'NONE', ( #6205, #9334, #3919, #6213, #1500, #6627, #6413, #6534, #746, #4285, #1824, #2200, #789, #1094, #7181, #9598, #7989, #8769, #7664, #2403, #3371, #4785, #8224, #2539, #7337, #9265, #7336, #4399, #9982, #1896, #6280, #8179, #8489, #731, #5581, #810, #7536, #9645, #7142, #4922, #1633, #6999, #2662, #1487, #8404, #5782, #6501, #2147, #4676, #9321 ) ) ;
#6488 = AXIS2_PLACEMENT_3D ( 'NONE', #197, #7400, #4171 ) ;
#6489 = DIRECTION ( 'NONE',  ( 0.000000000000000000, 0.000000000000000000, 1.000000000000000000 ) ) ;
#6490 = ORIENTED_EDGE ( 'NONE', *, *, #10205, .T. ) ;
#6491 = ADVANCED_FACE ( 'NONE', ( #3901, #7135, #6452 ), #8797, .F. ) ;
#6492 = EDGE_LOOP ( 'NONE', ( #9254, #232, #6072, #8737 ) ) ;
#6493 = DIRECTION ( 'NONE',  ( 1.000000000000000000, 0.000000000000000000, 0.000000000000000000 ) ) ;
#6494 = PLANE ( 'NONE',  #3354 ) ;
#6495 = CARTESIAN_POINT ( 'NONE',  ( 0.000000000000000000, 100.6999999999970044, 7.000000000003700151 ) ) ;
#6496 = EDGE_CURVE ( 'NONE', #6592, #8360, #3992, .T. ) ;
#6497 = EDGE_CURVE ( 'NONE', #5687, #3469, #8139, .T. ) ;
#6498 = CARTESIAN_POINT ( 'NONE',  ( 18.19999999999999929, 360.0000000000000000, 15.65441558772840125 ) ) ;
#6499 = CYLINDRICAL_SURFACE ( 'NONE', #6779, 3.199999999999999734 ) ;
#6500 = VERTEX_POINT ( 'NONE', #8712 ) ;
#6501 = ADVANCED_FACE ( 'NONE', ( #4694 ), #40, .F. ) ;
#6502 = FACE_OUTER_BOUND ( 'NONE', #2257, .T. ) ;
#6503 = ORIENTED_EDGE ( 'NONE', *, *, #1679, .F. ) ;
#6504 = ORIENTED_EDGE ( 'NONE', *, *, #6293, .T. ) ;
#6505 = CARTESIAN_POINT ( 'NONE',  ( 503.0000000000000000, 273.6999999999999886, 13.00000000000000000 ) ) ;
#6506 = SURFACE_SIDE_STYLE ('',( #5862 ) ) ;
#6507 = DIRECTION ( 'NONE',  ( 0.000000000000000000, 1.000000000000000000, 0.000000000000000000 ) ) ;
#6508 = CARTESIAN_POINT ( 'NONE',  ( 6.500000000000000000, 89.30000000000350724, 13.00000000000000000 ) ) ;
#6509 = LINE ( 'NONE', #4813, #3338 ) ;
#6510 = CARTESIAN_POINT ( 'NONE',  ( 170.0000000000000000, 510.0000000000000000, 5.000000000000000000 ) ) ;
#6511 = EDGE_LOOP ( 'NONE', ( #3097, #1491, #5331, #6603 ) ) ;
#6512 = DIRECTION ( 'NONE',  ( 1.000000000000000000, 0.000000000000000000, 0.000000000000000000 ) ) ;
#6513 = VECTOR ( 'NONE', #1709, 1000.000000000000000 ) ;
#6514 = VERTEX_POINT ( 'NONE', #9552 ) ;
#6515 = CARTESIAN_POINT ( 'NONE',  ( 508.8508361943101477, 20.80215158257103880, 3.900000000000000799 ) ) ;
#6516 = ORIENTED_EDGE ( 'NONE', *, *, #8930, .F. ) ;
#6517 = VECTOR ( 'NONE', #5257, 1000.000000000000000 ) ;
#6518 = CARTESIAN_POINT ( 'NONE',  ( 10.00000000000000000, 500.0000000000000000, 12.00000000000000000 ) ) ;
#6519 = DIRECTION ( 'NONE',  ( 1.000000000000000000, 0.000000000000000000, 0.000000000000000000 ) ) ;
#6520 = CIRCLE ( 'NONE', #259, 1.749999999999999778 ) ;
#6521 = AXIS2_PLACEMENT_3D ( 'NONE', #9855, #9066, #873 ) ;
#6522 = LINE ( 'NONE', #861, #5392 ) ;
#6523 = CARTESIAN_POINT ( 'NONE',  ( 505.4156707497970729, 170.0000000000002274, 6.856028626332559384 ) ) ;
#6524 = ORIENTED_EDGE ( 'NONE', *, *, #6564, .F. ) ;
#6525 = ORIENTED_EDGE ( 'NONE', *, *, #10395, .F. ) ;
#6526 = PLANE ( 'NONE',  #7162 ) ;
#6527 = CIRCLE ( 'NONE', #7704, 7.129871913034392605 ) ;
#6528 = ORIENTED_EDGE ( 'NONE', *, *, #5776, .T. ) ;
#6529 = AXIS2_PLACEMENT_3D ( 'NONE', #884, #834, #10392 ) ;
#6530 = ORIENTED_EDGE ( 'NONE', *, *, #8408, .T. ) ;
#6531 = CIRCLE ( 'NONE', #3818, 2.350000000000004974 ) ;
#6532 = FACE_OUTER_BOUND ( 'NONE', #3213, .T. ) ;
#6533 = DIRECTION ( 'NONE',  ( 1.000000000000000000, 0.000000000000000000, 0.000000000000000000 ) ) ;
#6534 = ADVANCED_FACE ( 'NONE', ( #1668 ), #2250, .F. ) ;
#6535 = LINE ( 'NONE', #6637, #7020 ) ;
#6536 = CIRCLE ( 'NONE', #796, 1.750000000000029310 ) ;
#6537 =( NAMED_UNIT ( * ) SI_UNIT ( $, .STERADIAN. ) SOLID_ANGLE_UNIT ( ) );
#6538 = CARTESIAN_POINT ( 'NONE',  ( 503.1999999999999886, 179.9999999999999716, 4.898046116018911711 ) ) ;
#6539 = DIRECTION ( 'NONE',  ( 4.646700954747940317E-49, -1.000000000000000000, 7.588638549471020099E-33 ) ) ;
#6540 = ORIENTED_EDGE ( 'NONE', *, *, #7692, .T. ) ;
#6541 = CIRCLE ( 'NONE', #6375, 1.750000000000029310 ) ;
#6542 = EDGE_LOOP ( 'NONE', ( #1673, #68, #305, #5588, #3557, #6759, #4701, #9491, #9077, #772, #2976, #7303, #6654, #7976, #7934, #8374 ) ) ;
#6543 = EDGE_CURVE ( 'NONE', #1406, #5372, #5484, .T. ) ;
#6545 = CYLINDRICAL_SURFACE ( 'NONE', #2945, 3.199999999999999734 ) ;
#6544 = VECTOR ( 'NONE', #8486, 1000.000000000000000 ) ;
#6546 = LINE ( 'NONE', #6447, #8294 ) ;
#6547 = DIRECTION ( 'NONE',  ( 0.000000000000000000, 0.000000000000000000, -1.000000000000000000 ) ) ;
#6548 = EDGE_CURVE ( 'NONE', #5992, #6050, #2306, .T. ) ;
#6549 = CARTESIAN_POINT ( 'NONE',  ( 215.0000000000000284, 530.0000000000000000, 17.06413377357530337 ) ) ;
#6550 = VECTOR ( 'NONE', #3737, 1000.000000000000000 ) ;
#6551 = DIRECTION ( 'NONE',  ( 1.000000000000000000, 0.000000000000000000, 0.000000000000000000 ) ) ;
#6552 = DIRECTION ( 'NONE',  ( 1.000000000000000000, 5.572884202040000394E-16, 0.000000000000000000 ) ) ;
#6553 = EDGE_LOOP ( 'NONE', ( #2975, #1169, #2813, #9561 ) ) ;
#6554 = ADVANCED_FACE ( 'NONE', ( #9710, #1565, #7982, #4799 ), #8772, .F. ) ;
#6555 = LINE ( 'NONE', #9773, #8674 ) ;
#6556 = AXIS2_PLACEMENT_3D ( 'NONE', #8362, #1107, #10144 ) ;
#6557 = ORIENTED_EDGE ( 'NONE', *, *, #7977, .F. ) ;
#6558 = ORIENTED_EDGE ( 'NONE', *, *, #7507, .F. ) ;
#6559 = CARTESIAN_POINT ( 'NONE',  ( 503.2000000000001023, 370.0000000000001705, 4.898046116018375251 ) ) ;
#6560 = DIRECTION ( 'NONE',  ( -1.000000000000000000, 0.000000000000000000, 0.000000000000000000 ) ) ;
#6561 = DIRECTION ( 'NONE',  ( 1.000000000000000000, 0.000000000000000000, 0.000000000000000000 ) ) ;
#6562 = CARTESIAN_POINT ( 'NONE',  ( 359.4097986728072556, 521.6228718193178793, 3.900000000000000355 ) ) ;
#6563 = DIRECTION ( 'NONE',  ( -1.492928237510310014E-32, 6.123233995736769734E-17, 1.000000000000000000 ) ) ;
#6564 = EDGE_CURVE ( 'NONE', #8719, #1198, #724, .T. ) ;
#6565 = CIRCLE ( 'NONE', #4034, 1.750000000000001554 ) ;
#6566 = CARTESIAN_POINT ( 'NONE',  ( 503.5229250797691520, 360.0000000000001137, 5.574525765439882541 ) ) ;
#6567 = VECTOR ( 'NONE', #4284, 1000.000000000000000 ) ;
#6568 = EDGE_LOOP ( 'NONE', ( #9427, #10347, #6144, #6246 ) ) ;
#6569 = ADVANCED_FACE ( 'NONE', ( #3207 ), #8874, .F. ) ;
#6570 = PLANE ( 'NONE',  #4527 ) ;
#6571 = EDGE_CURVE ( 'NONE', #7472, #8899, #9378, .T. ) ;
#6572 = ORIENTED_EDGE ( 'NONE', *, *, #160, .F. ) ;
#6573 = PLANE ( 'NONE',  #4561 ) ;
#6574 = EDGE_LOOP ( 'NONE', ( #1397, #4537, #1462 ) ) ;
#6575 = CARTESIAN_POINT ( 'NONE',  ( 355.3636741223888862, 535.8549460496687971, 9.900000000000009237 ) ) ;
#6576 = EDGE_CURVE ( 'NONE', #3007, #3447, #7600, .T. ) ;
#6577 = DIRECTION ( 'NONE',  ( 0.000000000000000000, 0.000000000000000000, -1.000000000000000000 ) ) ;
#6578 = AXIS2_PLACEMENT_3D ( 'NONE', #2925, #9548, #1399 ) ;
#6579 = CARTESIAN_POINT ( 'NONE',  ( 378.5908075695795105, 12.97412125320328080, 9.900000000000007461 ) ) ;
#6580 = CARTESIAN_POINT ( 'NONE',  ( 353.1999999999999318, 520.0000000000000000, 12.00000000000000000 ) ) ;
#6581 = VERTEX_POINT ( 'NONE', #355 ) ;
#6582 = ORIENTED_EDGE ( 'NONE', *, *, #1054, .T. ) ;
#6583 = FACE_OUTER_BOUND ( 'NONE', #6091, .T. ) ;
#6584 = EDGE_LOOP ( 'NONE', ( #8609, #1259, #6136, #10396 ) ) ;
#6585 = VERTEX_POINT ( 'NONE', #193 ) ;
#6586 = AXIS2_PLACEMENT_3D ( 'NONE', #6404, #10404, #9725 ) ;
#6587 = CARTESIAN_POINT ( 'NONE',  ( 4.999999999997849720, 340.0000000000000000, 0.000000000000000000 ) ) ;
#6588 = FACE_OUTER_BOUND ( 'NONE', #518, .T. ) ;
#6589 = CARTESIAN_POINT ( 'NONE',  ( 510.0000000000000000, 530.0000000000000000, 0.000000000000000000 ) ) ;
#6590 = PLANE ( 'NONE',  #9705 ) ;
#6591 = LINE ( 'NONE', #8863, #5183 ) ;
#6592 = VERTEX_POINT ( 'NONE', #9768 ) ;
#6593 = VECTOR ( 'NONE', #2222, 1000.000000000000000 ) ;
#6594 = ORIENTED_EDGE ( 'NONE', *, *, #9920, .F. ) ;
#6595 = DIRECTION ( 'NONE',  ( 1.000000000000000000, 0.000000000000000000, 0.000000000000000000 ) ) ;
#6596 = DIRECTION ( 'NONE',  ( 0.000000000000000000, 0.000000000000000000, -1.000000000000000000 ) ) ;
#6597 = DIRECTION ( 'NONE',  ( 1.000000000000000000, 0.000000000000000000, 0.000000000000000000 ) ) ;
#6598 = CARTESIAN_POINT ( 'NONE',  ( 496.6788665236776978, 7.157628602830923725, 3.899999999999999911 ) ) ;
#6599 = CIRCLE ( 'NONE', #9803, 1.749999999999973799 ) ;
#6600 = DIRECTION ( 'NONE',  ( 0.000000000000000000, 0.000000000000000000, -1.000000000000000000 ) ) ;
#6601 = CARTESIAN_POINT ( 'NONE',  ( 350.0000000000000000, 10.00000000000000000, 12.00000000000000000 ) ) ;
#6602 = DIRECTION ( 'NONE',  ( 0.000000000000000000, 0.000000000000000000, -1.000000000000000000 ) ) ;
#6603 = ORIENTED_EDGE ( 'NONE', *, *, #281, .T. ) ;
#6604 = LINE ( 'NONE', #4321, #8169 ) ;
#6605 = ORIENTED_EDGE ( 'NONE', *, *, #920, .F. ) ;
#6606 = ORIENTED_EDGE ( 'NONE', *, *, #10084, .T. ) ;
#6607 = EDGE_CURVE ( 'NONE', #5045, #1326, #2289, .T. ) ;
#6608 = VECTOR ( 'NONE', #9338, 1000.000000000000000 ) ;
#6609 = DIRECTION ( 'NONE',  ( 1.492928237510310014E-32, -6.123233995736769734E-17, -1.000000000000000000 ) ) ;
#6610 = LINE ( 'NONE', #5809, #692 ) ;
#6611 = DIRECTION ( 'NONE',  ( 1.000000000000000000, 0.000000000000000000, 0.000000000000000000 ) ) ;
#6612 = CARTESIAN_POINT ( 'NONE',  ( 496.8000000000000114, 30.00000000000000000, 20.00000000000000000 ) ) ;
#6613 = AXIS2_PLACEMENT_3D ( 'NONE', #5277, #2726, #9148 ) ;
#6614 = CARTESIAN_POINT ( 'NONE',  ( 10.00000000000000000, 500.0000000000000000, 10.00000000000000000 ) ) ;
#6615 = EDGE_CURVE ( 'NONE', #4045, #3666, #8894, .T. ) ;
#6616 = LINE ( 'NONE', #9249, #7528 ) ;
#6617 = VERTEX_POINT ( 'NONE', #1139 ) ;
#6618 = AXIS2_PLACEMENT_3D ( 'NONE', #4750, #725, #8089 ) ;
#6619 = CARTESIAN_POINT ( 'NONE',  ( 504.7082088495263861, 320.0000000000000000, 6.634936312892067534 ) ) ;
#6620 = EDGE_CURVE ( 'NONE', #9825, #7423, #7395, .T. ) ;
#6621 = ORIENTED_EDGE ( 'NONE', *, *, #1180, .T. ) ;
#6622 = DIRECTION ( 'NONE',  ( -6.123233995736769734E-17, 0.000000000000000000, -1.000000000000000000 ) ) ;
#6623 = EDGE_LOOP ( 'NONE', ( #6374, #3659 ) ) ;
#6624 = LINE ( 'NONE', #9839, #9377 ) ;
#6625 = DIRECTION ( 'NONE',  ( 6.123233995736769734E-17, 7.588638549471020099E-33, 1.000000000000000000 ) ) ;
#6626 = ADVANCED_FACE ( 'NONE', ( #8979 ), #1771, .T. ) ;
#6627 = ADVANCED_FACE ( 'NONE', ( #9136 ), #9969, .F. ) ;
#6628 = PLANE ( 'NONE',  #783 ) ;
#6629 = DIRECTION ( 'NONE',  ( -1.079691891447960066E-13, 1.000000000000000000, 0.000000000000000000 ) ) ;
#6630 = ORIENTED_EDGE ( 'NONE', *, *, #854, .F. ) ;
#6631 = VERTEX_POINT ( 'NONE', #5801 ) ;
#6632 = CARTESIAN_POINT ( 'NONE',  ( 6.799999999999999822, 350.0000000000000000, 4.000000000000000000 ) ) ;
#6633 = ORIENTED_EDGE ( 'NONE', *, *, #6268, .F. ) ;
#6634 = ORIENTED_EDGE ( 'NONE', *, *, #6420, .F. ) ;
#6635 = CARTESIAN_POINT ( 'NONE',  ( 10.00000000000000000, 370.0000000000000000, 0.000000000000000000 ) ) ;
#6636 = LINE ( 'NONE', #5890, #798 ) ;
#6637 = CARTESIAN_POINT ( 'NONE',  ( 4.999999999997849720, 340.0000000000000000, 0.000000000000000000 ) ) ;
#6638 = DIRECTION ( 'NONE',  ( 1.000000000000000000, 0.000000000000000000, 0.000000000000000000 ) ) ;
#6639 = VECTOR ( 'NONE', #7557, 1000.000000000000000 ) ;
#6640 = CARTESIAN_POINT ( 'NONE',  ( 500.0000000000000000, 370.0000000000000000, 4.000000000000000000 ) ) ;
#6641 = ORIENTED_EDGE ( 'NONE', *, *, #7349, .F. ) ;
#6642 = EDGE_LOOP ( 'NONE', ( #7072, #4702, #3061, #9278 ) ) ;
#6643 = EDGE_LOOP ( 'NONE', ( #9114, #3907, #9277, #8477 ) ) ;
#6644 = CARTESIAN_POINT ( 'NONE',  ( 255.0000000000000000, 265.0000000000000000, 0.000000000000000000 ) ) ;
#6645 = DIRECTION ( 'NONE',  ( -1.340646671245470025E-16, 1.000000000000000000, 0.000000000000000000 ) ) ;
#6646 = FACE_OUTER_BOUND ( 'NONE', #7047, .T. ) ;
#6647 = AXIS2_PLACEMENT_3D ( 'NONE', #2566, #5700, #5751 ) ;
#6648 = DIRECTION ( 'NONE',  ( 1.000000000000000000, 0.000000000000000000, 0.000000000000000000 ) ) ;
#6649 = DIRECTION ( 'NONE',  ( 1.380958380530589922E-16, -0.7071067811865480168, 0.7071067811865470176 ) ) ;
#6650 = CARTESIAN_POINT ( 'NONE',  ( 160.0000000000000000, 10.00000000000000000, 10.00000000000000000 ) ) ;
#6651 = ORIENTED_EDGE ( 'NONE', *, *, #6661, .F. ) ;
#6652 = CYLINDRICAL_SURFACE ( 'NONE', #5459, 3.199999999999980638 ) ;
#6653 = ORIENTED_EDGE ( 'NONE', *, *, #8891, .T. ) ;
#6654 = ORIENTED_EDGE ( 'NONE', *, *, #3691, .F. ) ;
#6655 = VECTOR ( 'NONE', #4449, 1000.000000000000000 ) ;
#6656 = LINE ( 'NONE', #9977, #10127 ) ;
#6657 = CARTESIAN_POINT ( 'NONE',  ( 20.00000000000000000, 360.0000000000000000, 0.000000000000000000 ) ) ;
#6658 = DIRECTION ( 'NONE',  ( 0.000000000000000000, 0.000000000000000000, -1.000000000000000000 ) ) ;
#6659 = CARTESIAN_POINT ( 'NONE',  ( 170.0000000000000000, 530.0000000000000000, 0.000000000000000000 ) ) ;
#6660 = DIRECTION ( 'NONE',  ( -9.141548937118550773E-49, 1.000000000000000000, 0.000000000000000000 ) ) ;
#6661 = EDGE_CURVE ( 'NONE', #10269, #8299, #3304, .T. ) ;
#6662 = CARTESIAN_POINT ( 'NONE',  ( 3.500000000000000000, 70.00000000000000000, 10.00000000000000000 ) ) ;
#6663 = EDGE_LOOP ( 'NONE', ( #5548, #9959, #9537, #7089 ) ) ;
#6664 = PLANE ( 'NONE',  #1653 ) ;
#6665 = ORIENTED_EDGE ( 'NONE', *, *, #908, .F. ) ;
#6666 = EDGE_CURVE ( 'NONE', #3237, #1635, #5009, .T. ) ;
#6667 = LINE ( 'NONE', #9158, #9285 ) ;
#6668 = VERTEX_POINT ( 'NONE', #2613 ) ;
#6669 = CARTESIAN_POINT ( 'NONE',  ( 376.2165816590305667, 6.481468999399450759, 3.900000000000000799 ) ) ;
#6670 = VECTOR ( 'NONE', #7589, 1000.000000000000000 ) ;
#6671 = DIRECTION ( 'NONE',  ( -1.000000000000000000, -2.786442101020000197E-16, 0.000000000000000000 ) ) ;
#6672 = ADVANCED_FACE ( 'NONE', ( #8340 ), #5163, .T. ) ;
#6673 = VECTOR ( 'NONE', #8592, 1000.000000000000114 ) ;
#6674 = CARTESIAN_POINT ( 'NONE',  ( 500.0000000000000000, 160.0000000000000000, 12.00000000000000000 ) ) ;
#6675 = CARTESIAN_POINT ( 'NONE',  ( 163.2000000000000171, 520.0000000000000000, 20.00000000000000000 ) ) ;
#6676 = VERTEX_POINT ( 'NONE', #1036 ) ;
#6677 = VERTEX_POINT ( 'NONE', #1827 ) ;
#6678 = LINE ( 'NONE', #6784, #6655 ) ;
#6679 = EDGE_LOOP ( 'NONE', ( #5738, #638, #172, #6844 ) ) ;
#6680 = ADVANCED_FACE ( 'NONE', ( #8292 ), #4267, .F. ) ;
#6681 = EDGE_CURVE ( 'NONE', #1356, #5144, #7548, .T. ) ;
#6682 = EDGE_CURVE ( 'NONE', #2298, #3010, #1084, .T. ) ;
#6683 = EDGE_LOOP ( 'NONE', ( #6582, #9927, #405, #3872, #9604 ) ) ;
#6684 = VECTOR ( 'NONE', #9024, 1000.000000000000000 ) ;
#6685 = VECTOR ( 'NONE', #2264, 1000.000000000000000 ) ;
#6686 = DIRECTION ( 'NONE',  ( 1.000000000000000000, 0.000000000000000000, 0.000000000000000000 ) ) ;
#6687 = SHAPE_DEFINITION_REPRESENTATION ( #6316, #7900 ) ;
#6688 = EDGE_CURVE ( 'NONE', #7479, #9438, #3648, .T. ) ;
#6689 = ORIENTED_EDGE ( 'NONE', *, *, #10167, .T. ) ;
#6690 = CARTESIAN_POINT ( 'NONE',  ( 495.2063132145700024, 12.97412125320328080, 9.900000000000007461 ) ) ;
#6691 = LINE ( 'NONE', #3404, #5310 ) ;
#6692 = VECTOR ( 'NONE', #2486, 1000.000000000000000 ) ;
#6693 = AXIS2_PLACEMENT_3D ( 'NONE', #10235, #8607, #565 ) ;
#6694 = DIRECTION ( 'NONE',  ( 0.000000000000000000, -1.000000000000000000, 6.123233995736789455E-17 ) ) ;
#6695 = ORIENTED_EDGE ( 'NONE', *, *, #5139, .F. ) ;
#6696 = ORIENTED_EDGE ( 'NONE', *, *, #443, .T. ) ;
#6697 = EDGE_CURVE ( 'NONE', #2290, #3094, #3519, .T. ) ;
#6698 = AXIS2_PLACEMENT_3D ( 'NONE', #9162, #9796, #7368 ) ;
#6699 = ORIENTED_EDGE ( 'NONE', *, *, #5528, .F. ) ;
#6700 = CYLINDRICAL_SURFACE ( 'NONE', #7366, 2.350000000000018741 ) ;
#6701 = AXIS2_PLACEMENT_3D ( 'NONE', #617, #2143, #2878 ) ;
#6702 = CARTESIAN_POINT ( 'NONE',  ( 497.0916226339047057, 523.2298202377401140, 3.899999999999999911 ) ) ;
#6703 = DIRECTION ( 'NONE',  ( 0.000000000000000000, 0.000000000000000000, -1.000000000000000000 ) ) ;
#6704 = CARTESIAN_POINT ( 'NONE',  ( 503.0000000000000000, 294.2000000000000455, 13.00000000000000000 ) ) ;
#6705 = CARTESIAN_POINT ( 'NONE',  ( 330.0000000000000000, 10.00000000000000000, 0.000000000000000000 ) ) ;
#6706 = DIRECTION ( 'NONE',  ( 0.000000000000000000, -0.9271838545667858700, -0.3746065934159159005 ) ) ;
#6707 = ORIENTED_EDGE ( 'NONE', *, *, #8426, .T. ) ;
#6708 = VECTOR ( 'NONE', #984, 1000.000000000000000 ) ;
#6709 = DIRECTION ( 'NONE',  ( 0.000000000000000000, 0.000000000000000000, -1.000000000000000000 ) ) ;
#6710 = ORIENTED_EDGE ( 'NONE', *, *, #4543, .T. ) ;
#6711 = ORIENTED_EDGE ( 'NONE', *, *, #1052, .T. ) ;
#6712 = CIRCLE ( 'NONE', #4678, 1.749999999999973799 ) ;
#6713 = CARTESIAN_POINT ( 'NONE',  ( 10.00000000000000000, 350.0000000000000000, 4.000000000000000000 ) ) ;
#6714 = CARTESIAN_POINT ( 'NONE',  ( 503.1059760767805642, 349.2242244629529182, 4.566979016684147297 ) ) ;
#6715 = CIRCLE ( 'NONE', #3656, 2.350000000000018741 ) ;
#6716 = DIRECTION ( 'NONE',  ( -1.000000000000000000, 0.000000000000000000, 0.000000000000000000 ) ) ;
#6717 = DIRECTION ( 'NONE',  ( 0.000000000000000000, 0.000000000000000000, 1.000000000000000000 ) ) ;
#6718 = CYLINDRICAL_SURFACE ( 'NONE', #122, 7.129871913034380171 ) ;
#6719 = DIRECTION ( 'NONE',  ( 1.000000000000000000, 0.000000000000000000, 0.000000000000000000 ) ) ;
#6720 = ORIENTED_EDGE ( 'NONE', *, *, #9305, .T. ) ;
#6721 = DIRECTION ( 'NONE',  ( 0.8499569182760007280, 0.5268521966118807631, 0.000000000000000000 ) ) ;
#6722 = VERTEX_POINT ( 'NONE', #5955 ) ;
#6723 = DIRECTION ( 'NONE',  ( 6.123233995736769734E-17, 1.183916645283569971E-49, 1.000000000000000000 ) ) ;
#6724 = VERTEX_POINT ( 'NONE', #2127 ) ;
#6725 = VECTOR ( 'NONE', #3079, 1000.000000000000000 ) ;
#6726 = VECTOR ( 'NONE', #1215, 1000.000000000000000 ) ;
#6727 = LINE ( 'NONE', #8511, #8380 ) ;
#6728 = CARTESIAN_POINT ( 'NONE',  ( 503.0343435439377231, 19.32959827346325454, 3.900000000000000355 ) ) ;
#6729 = ADVANCED_FACE ( 'NONE', ( #5369 ), #4573, .F. ) ;
#6730 = CARTESIAN_POINT ( 'NONE',  ( 167.0000000000000000, 519.6272077938639313, 7.827207793864209506 ) ) ;
#6731 = DIRECTION ( 'NONE',  ( 1.000000000000000000, 0.000000000000000000, 0.000000000000000000 ) ) ;
#6732 = ORIENTED_EDGE ( 'NONE', *, *, #9499, .F. ) ;
#6733 = ORIENTED_EDGE ( 'NONE', *, *, #339, .T. ) ;
#6734 = CARTESIAN_POINT ( 'NONE',  ( 362.0787533695031470, 518.6879848618854112, 9.900000000000011013 ) ) ;
#6735 = EDGE_LOOP ( 'NONE', ( #9326, #5959, #5647, #5586 ) ) ;
#6736 = ADVANCED_FACE ( 'NONE', ( #2076, #3614, #399, #6957 ), #6105, .T. ) ;
#6737 = VERTEX_POINT ( 'NONE', #7806 ) ;
#6738 = CARTESIAN_POINT ( 'NONE',  ( 344.0000000000000000, 18.39999999999999858, -1.218380244846540053E-14 ) ) ;
#6739 = DIRECTION ( 'NONE',  ( 0.8499569182760007280, 0.5268521966118807631, 0.000000000000000000 ) ) ;
#6740 = ORIENTED_EDGE ( 'NONE', *, *, #6084, .T. ) ;
#6741 = PLANE ( 'NONE',  #8032 ) ;
#6742 = CARTESIAN_POINT ( 'NONE',  ( 160.0000000000000000, 10.00000000000000000, 4.000000000000000000 ) ) ;
#6743 = FACE_OUTER_BOUND ( 'NONE', #9230, .T. ) ;
#6744 = ORIENTED_EDGE ( 'NONE', *, *, #2343, .F. ) ;
#6745 = VERTEX_POINT ( 'NONE', #10067 ) ;
#6746 = AXIS2_PLACEMENT_3D ( 'NONE', #8638, #6841, #5256 ) ;
#6748 = EDGE_CURVE ( 'NONE', #239, #1466, #1286, .T. ) ;
#6747 = ORIENTED_EDGE ( 'NONE', *, *, #3195, .T. ) ;
#6749 = FACE_OUTER_BOUND ( 'NONE', #9239, .T. ) ;
#6750 = CARTESIAN_POINT ( 'NONE',  ( 340.0000000000000000, 18.39999999999999858, 16.13725830020299767 ) ) ;
#6751 = EDGE_CURVE ( 'NONE', #6349, #10105, #4421, .T. ) ;
#6752 = CARTESIAN_POINT ( 'NONE',  ( 10.00000000000000000, 500.0000000000000000, 4.000000000000000000 ) ) ;
#6753 = EDGE_CURVE ( 'NONE', #6514, #10072, #2818, .T. ) ;
#6754 = EDGE_CURVE ( 'NONE', #8207, #6145, #8441, .T. ) ;
#6755 = CARTESIAN_POINT ( 'NONE',  ( 6.500000000000000000, 54.80000000000000426, 7.000000000000000000 ) ) ;
#6756 = DIRECTION ( 'NONE',  ( 0.000000000000000000, 0.3746065934159057420, -0.9271838545667899778 ) ) ;
#6757 = AXIS2_PLACEMENT_3D ( 'NONE', #4811, #5605, #2260 ) ;
#6758 = LINE ( 'NONE', #402, #4272 ) ;
#6759 = ORIENTED_EDGE ( 'NONE', *, *, #8490, .F. ) ;
#6760 = DIRECTION ( 'NONE',  ( -0.000000000000000000, 0.000000000000000000, -1.000000000000000000 ) ) ;
#6761 = EDGE_LOOP ( 'NONE', ( #3169, #4941, #9472, #10256 ) ) ;
#6762 = ORIENTED_EDGE ( 'NONE', *, *, #133, .F. ) ;
#6763 = ADVANCED_FACE ( 'NONE', ( #1239 ), #6802, .F. ) ;
#6764 = CARTESIAN_POINT ( 'NONE',  ( 295.0000000000000568, 510.0000000000000000, 10.49355789662100058 ) ) ;
#6765 = FACE_OUTER_BOUND ( 'NONE', #53, .T. ) ;
#6766 = AXIS2_PLACEMENT_3D ( 'NONE', #7668, #3588, #418 ) ;
#6767 = DIRECTION ( 'NONE',  ( -1.000000000000000000, 0.000000000000000000, 0.000000000000000000 ) ) ;
#6768 = DIRECTION ( 'NONE',  ( -1.000000000000000000, -1.340646671245470025E-16, 6.123233995736769734E-17 ) ) ;
#6769 = PLANE ( 'NONE',  #3150 ) ;
#6770 = CARTESIAN_POINT ( 'NONE',  ( 496.8000000000000114, 180.0000000000000000, 4.000000000000000000 ) ) ;
#6771 = ORIENTED_EDGE ( 'NONE', *, *, #5180, .T. ) ;
#6772 = AXIS2_PLACEMENT_3D ( 'NONE', #9442, #408, #6273 ) ;
#6773 = CARTESIAN_POINT ( 'NONE',  ( 10.00000000000000000, 370.0000000000000000, 4.000000000000000000 ) ) ;
#6774 = ORIENTED_EDGE ( 'NONE', *, *, #7591, .F. ) ;
#6775 = DIRECTION ( 'NONE',  ( 0.000000000000000000, 1.000000000000000000, 0.000000000000000000 ) ) ;
#6776 = ORIENTED_EDGE ( 'NONE', *, *, #2840, .F. ) ;
#6777 = CARTESIAN_POINT ( 'NONE',  ( 491.8000000000000114, 167.0000000000000000, 15.65441558772840125 ) ) ;
#6778 = CARTESIAN_POINT ( 'NONE',  ( -3.162885704895569878E-31, 170.0000000000000000, 0.000000000000000000 ) ) ;
#6779 = AXIS2_PLACEMENT_3D ( 'NONE', #9711, #2463, #144 ) ;
#6780 = LINE ( 'NONE', #114, #1784 ) ;
#6781 = CARTESIAN_POINT ( 'NONE',  ( 352.6216600295172725, 530.0000000000000000, 4.124442066549512731 ) ) ;
#6782 = EDGE_LOOP ( 'NONE', ( #1310, #2779, #258, #8661 ) ) ;
#6783 = ORIENTED_EDGE ( 'NONE', *, *, #6377, .T. ) ;
#6784 = CARTESIAN_POINT ( 'NONE',  ( 340.0000000000000000, 265.0000000000000000, 20.00000000000000000 ) ) ;
#6785 = ORIENTED_EDGE ( 'NONE', *, *, #2390, .F. ) ;
#6786 = ORIENTED_EDGE ( 'NONE', *, *, #8871, .T. ) ;
#6787 = VECTOR ( 'NONE', #6552, 1000.000000000000000 ) ;
#6788 = LINE ( 'NONE', #2748, #9585 ) ;
#6789 = APPLICATION_PROTOCOL_DEFINITION ( 'draft international standard', 'automotive_design', 1998, #6001 ) ;
#6790 = ORIENTED_EDGE ( 'NONE', *, *, #9506, .F. ) ;
#6791 = EDGE_CURVE ( 'NONE', #9658, #4195, #4625, .T. ) ;
#6792 = CARTESIAN_POINT ( 'NONE',  ( 369.7115083231462336, 517.4133275873678031, 6.433224273564971550E-16 ) ) ;
#6793 = DIRECTION ( 'NONE',  ( 1.000000000000000000, 4.646700954747960067E-49, 0.000000000000000000 ) ) ;
#6794 = DIRECTION ( 'NONE',  ( 1.000000000000000000, 0.000000000000000000, 0.000000000000000000 ) ) ;
#6795 = ORIENTED_EDGE ( 'NONE', *, *, #2281, .F. ) ;
#6796 = ORIENTED_EDGE ( 'NONE', *, *, #8937, .F. ) ;
#6797 = ORIENTED_EDGE ( 'NONE', *, *, #6272, .F. ) ;
#6798 = EDGE_CURVE ( 'NONE', #5286, #9903, #2033, .T. ) ;
#6799 = DIRECTION ( 'NONE',  ( 0.000000000000000000, 0.000000000000000000, -1.000000000000000000 ) ) ;
#6800 = LINE ( 'NONE', #9026, #8064 ) ;
#6801 = FACE_OUTER_BOUND ( 'NONE', #6960, .T. ) ;
#6802 = PLANE ( 'NONE',  #3616 ) ;
#6803 = FACE_OUTER_BOUND ( 'NONE', #1465, .T. ) ;
#6804 = EDGE_CURVE ( 'NONE', #7520, #2355, #4465, .T. ) ;
#6805 = CARTESIAN_POINT ( 'NONE',  ( 490.0000000000000000, 320.0000000000000000, 0.000000000000000000 ) ) ;
#6806 = VERTEX_POINT ( 'NONE', #10222 ) ;
#6807 = FACE_OUTER_BOUND ( 'NONE', #4879, .T. ) ;
#6808 = ORIENTED_EDGE ( 'NONE', *, *, #7718, .F. ) ;
#6809 = VECTOR ( 'NONE', #6706, 1000.000000000000000 ) ;
#6810 = ORIENTED_EDGE ( 'NONE', *, *, #1760, .T. ) ;
#6811 = EDGE_CURVE ( 'NONE', #5471, #5282, #2607, .T. ) ;
#6812 = EDGE_CURVE ( 'NONE', #3561, #8038, #4519, .T. ) ;
#6813 = CARTESIAN_POINT ( 'NONE',  ( 344.0000000000000000, 265.0000000000000000, 8.068629150101539693 ) ) ;
#6814 = FACE_OUTER_BOUND ( 'NONE', #1649, .T. ) ;
#6815 = CIRCLE ( 'NONE', #9687, 2.350000000000018741 ) ;
#6816 = DIRECTION ( 'NONE',  ( 0.000000000000000000, 0.000000000000000000, -1.000000000000000000 ) ) ;
#6817 = DIRECTION ( 'NONE',  ( 0.000000000000000000, 1.000000000000000000, 0.000000000000000000 ) ) ;
#6818 = LINE ( 'NONE', #514, #6550 ) ;
#6819 = DIRECTION ( 'NONE',  ( 1.000000000000000000, 0.000000000000000000, 0.000000000000000000 ) ) ;
#6820 = EDGE_CURVE ( 'NONE', #1556, #372, #1392, .T. ) ;
#6821 = ORIENTED_EDGE ( 'NONE', *, *, #8883, .F. ) ;
#6822 = MECHANICAL_DESIGN_GEOMETRIC_PRESENTATION_REPRESENTATION (  '', ( #8853 ), #6314 ) ;
#6823 = DIRECTION ( 'NONE',  ( -1.000000000000000000, 8.616220720400398660E-16, 0.000000000000000000 ) ) ;
#6824 = ORIENTED_EDGE ( 'NONE', *, *, #2030, .F. ) ;
#6825 = DIRECTION ( 'NONE',  ( 0.000000000000000000, 0.000000000000000000, -1.000000000000000000 ) ) ;
#6826 = DIRECTION ( 'NONE',  ( -1.000000000000000000, 0.000000000000000000, 0.000000000000000000 ) ) ;
#6827 = CARTESIAN_POINT ( 'NONE',  ( 0.000000000000000000, 64.29999999999999716, 13.00000000000000000 ) ) ;
#6828 = DIRECTION ( 'NONE',  ( -0.7071067811865480168, 4.329780281177458417E-17, 0.7071067811865470176 ) ) ;
#6829 = LINE ( 'NONE', #7572, #308 ) ;
#6830 = CARTESIAN_POINT ( 'NONE',  ( 6.500000000000000000, 475.1999999999999886, 6.999999999999779732 ) ) ;
#6831 = DIRECTION ( 'NONE',  ( 0.000000000000000000, 0.000000000000000000, -1.000000000000000000 ) ) ;
#6832 = CARTESIAN_POINT ( 'NONE',  ( 503.0000000000000000, 283.6999999999999886, 13.00000000000000000 ) ) ;
#6833 = B_SPLINE_CURVE_WITH_KNOTS ( 'NONE', 3,
 ( #843, #5653, #1836, #9877, #4076, #6714, #7501, #8988, #8887, #3370 ),
 .UNSPECIFIED., .F., .F.,
 ( 4, 2, 2, 2, 4 ),
 ( 0.001490824630554527831, 0.001863525137518055310, 0.002236225644481582790, 0.002608926151445110052, 0.002981626658408637748 ),
 .UNSPECIFIED. ) ;
#6834 = LINE ( 'NONE', #9166, #2916 ) ;
#6835 = ORIENTED_EDGE ( 'NONE', *, *, #8953, .F. ) ;
#6836 = VERTEX_POINT ( 'NONE', #3567 ) ;
#6837 = FACE_OUTER_BOUND ( 'NONE', #4223, .T. ) ;
#6838 = VECTOR ( 'NONE', #7796, 1000.000000000000000 ) ;
#6839 = VERTEX_POINT ( 'NONE', #10019 ) ;
#6840 = CYLINDRICAL_SURFACE ( 'NONE', #6329, 1.750000000000001554 ) ;
#6841 = DIRECTION ( 'NONE',  ( 0.000000000000000000, 0.000000000000000000, -1.000000000000000000 ) ) ;
#6842 = DIRECTION ( 'NONE',  ( 1.860521002879739963E-33, -1.000000000000000000, 4.809630431589130061E-16 ) ) ;
#6843 = ORIENTED_EDGE ( 'NONE', *, *, #2608, .T. ) ;
#6844 = ORIENTED_EDGE ( 'NONE', *, *, #1130, .F. ) ;
#6845 = AXIS2_PLACEMENT_3D ( 'NONE', #5127, #9882, #5867 ) ;
#6846 = ORIENTED_EDGE ( 'NONE', *, *, #9568, .T. ) ;
#6847 = EDGE_CURVE ( 'NONE', #993, #8325, #2761, .T. ) ;
#6848 = CIRCLE ( 'NONE', #2826, 3.200000000000008171 ) ;
#6849 = CARTESIAN_POINT ( 'NONE',  ( 0.000000000000000000, 419.8000000000000114, 6.999999999999750422 ) ) ;
#6850 = FACE_OUTER_BOUND ( 'NONE', #7012, .T. ) ;
#6851 = AXIS2_PLACEMENT_3D ( 'NONE', #807, #3388, #7364 ) ;
#6852 = VECTOR ( 'NONE', #5746, 1000.000000000000000 ) ;
#6853 = CARTESIAN_POINT ( 'NONE',  ( 255.0000000000000000, 265.0000000000000000, 20.00000000000000000 ) ) ;
#6854 = LINE ( 'NONE', #9868, #5084 ) ;
#6855 = DIRECTION ( 'NONE',  ( -1.000000000000000000, 0.000000000000000000, 0.000000000000000000 ) ) ;
#6856 = EDGE_CURVE ( 'NONE', #3159, #9973, #3459, .T. ) ;
#6857 = ORIENTED_EDGE ( 'NONE', *, *, #1548, .T. ) ;
#6858 = DIRECTION ( 'NONE',  ( 0.000000000000000000, 0.000000000000000000, -1.000000000000000000 ) ) ;
#6859 = VERTEX_POINT ( 'NONE', #10169 ) ;
#6860 = ORIENTED_EDGE ( 'NONE', *, *, #4814, .T. ) ;
#6861 = MANIFOLD_SOLID_BREP ( 'Right[1]', #562 ) ;
#6862 = VECTOR ( 'NONE', #2716, 1000.000000000000000 ) ;
#6863 = EDGE_CURVE ( 'NONE', #9628, #6951, #8918, .T. ) ;
#6864 = PLANE ( 'NONE',  #3390 ) ;
#6865 = CARTESIAN_POINT ( 'NONE',  ( 368.9752316685923006, 530.3215739125539585, 3.900000000000000799 ) ) ;
#6866 = EDGE_CURVE ( 'NONE', #3523, #6631, #2917, .T. ) ;
#6867 = CYLINDRICAL_SURFACE ( 'NONE', #8308, 1.750000000000001554 ) ;
#6868 = LINE ( 'NONE', #253, #10064 ) ;
#6869 = DIRECTION ( 'NONE',  ( -5.150023242950979919E-17, 0.7071067811865470176, 0.7071067811865480168 ) ) ;
#6870 = CARTESIAN_POINT ( 'NONE',  ( 344.0000000000000000, 18.39999999999999858, 16.13725830020299767 ) ) ;
#6871 = CIRCLE ( 'NONE', #1961, 3.200000000000008171 ) ;
#6872 = EDGE_CURVE ( 'NONE', #3406, #3757, #9488, .T. ) ;
#6873 = VERTEX_POINT ( 'NONE', #3888 ) ;
#6874 = CARTESIAN_POINT ( 'NONE',  ( 507.4715576182726977, 360.0000000000001705, 6.458517376811808042 ) ) ;
#6875 = AXIS2_PLACEMENT_3D ( 'NONE', #2810, #5209, #8282 ) ;
#6876 = AXIS2_PLACEMENT_3D ( 'NONE', #7711, #3630, #9446 ) ;
#6877 = EDGE_LOOP ( 'NONE', ( #4172, #3689, #4299, #9238 ) ) ;
#6878 = DIRECTION ( 'NONE',  ( -1.000000000000000000, -2.010970006868209845E-16, 6.123233995736769734E-17 ) ) ;
#6879 = ORIENTED_EDGE ( 'NONE', *, *, #9905, .T. ) ;
#6880 = ADVANCED_FACE ( 'NONE', ( #3999 ), #948, .F. ) ;
#6881 = CARTESIAN_POINT ( 'NONE',  ( 503.0000000000000000, 251.3000000000000114, 10.00000000000000000 ) ) ;
#6882 = DIRECTION ( 'NONE',  ( 0.000000000000000000, 0.000000000000000000, -1.000000000000000000 ) ) ;
#6883 = AXIS2_PLACEMENT_3D ( 'NONE', #3077, #764, #7233 ) ;
#6884 = CARTESIAN_POINT ( 'NONE',  ( 505.0000000000000000, 320.0000000000000000, 0.000000000000000000 ) ) ;
#6885 = CARTESIAN_POINT ( 'NONE',  ( 330.0000000000000000, 520.0000000000000000, 4.000000000000000000 ) ) ;
#6886 = EDGE_CURVE ( 'NONE', #6020, #6722, #6382, .T. ) ;
#6887 = CIRCLE ( 'NONE', #459, 3.199999999999980638 ) ;
#6888 = EDGE_CURVE ( 'NONE', #5783, #2630, #9208, .T. ) ;
#6889 = DIRECTION ( 'NONE',  ( 0.000000000000000000, 1.000000000000000000, 0.000000000000000000 ) ) ;
#6890 = CARTESIAN_POINT ( 'NONE',  ( 506.9023013243815399, 170.0000000000002558, 6.738205725338325180 ) ) ;
#6891 = CARTESIAN_POINT ( 'NONE',  ( 295.0000000000000568, 515.5081397412453725, 9.591240053883998584 ) ) ;
#6892 = ORIENTED_EDGE ( 'NONE', *, *, #9699, .T. ) ;
#6893 = CIRCLE ( 'NONE', #6040, 3.199999999999980638 ) ;
#6894 = ADVANCED_FACE ( 'NONE', ( #5582 ), #1604, .F. ) ;
#6895 = EDGE_LOOP ( 'NONE', ( #8039, #5749, #5408, #1115 ) ) ;
#6896 = LINE ( 'NONE', #9316, #8924 ) ;
#6897 = VERTEX_POINT ( 'NONE', #4787 ) ;
#6898 = VECTOR ( 'NONE', #4763, 1000.000000000000000 ) ;
#6899 = CARTESIAN_POINT ( 'NONE',  ( 180.0000000000000000, 520.0000000000000000, 4.000000000000000000 ) ) ;
#6900 = DIRECTION ( 'NONE',  ( 0.000000000000000000, 0.000000000000000000, 1.000000000000000000 ) ) ;
#6901 = DIRECTION ( 'NONE',  ( 1.000000000000000000, 0.000000000000000000, 0.000000000000000000 ) ) ;
#6902 = VECTOR ( 'NONE', #1405, 1000.000000000000000 ) ;
#6903 = ORIENTED_EDGE ( 'NONE', *, *, #4147, .T. ) ;
#6904 = EDGE_LOOP ( 'NONE', ( #2204, #5308, #8694, #8314 ) ) ;
#6905 = ORIENTED_EDGE ( 'NONE', *, *, #10030, .F. ) ;
#6906 = CYLINDRICAL_SURFACE ( 'NONE', #4509, 3.199999999999999734 ) ;
#6907 = FACE_OUTER_BOUND ( 'NONE', #3643, .T. ) ;
#6908 = DIRECTION ( 'NONE',  ( -0.2454255515179630809, 0.9694154417287274006, 0.000000000000000000 ) ) ;
#6909 = CARTESIAN_POINT ( 'NONE',  ( 503.0518280484813545, 499.0357807774135495, 4.246911954959264435 ) ) ;
#6910 = CARTESIAN_POINT ( 'NONE',  ( 503.0400134473734965, 500.9992410812813546, 4.125379968884742787 ) ) ;
#6911 = VERTEX_POINT ( 'NONE', #8021 ) ;
#6912 = VECTOR ( 'NONE', #9688, 1000.000000000000000 ) ;
#6913 = ORIENTED_EDGE ( 'NONE', *, *, #6942, .T. ) ;
#6914 = ORIENTED_EDGE ( 'NONE', *, *, #2908, .F. ) ;
#6915 = DIRECTION ( 'NONE',  ( -1.000000000000000000, 0.000000000000000000, 0.000000000000000000 ) ) ;
#6916 = PLANE ( 'NONE',  #6613 ) ;
#6917 = FACE_BOUND ( 'NONE', #4525, .T. ) ;
#6918 = FACE_OUTER_BOUND ( 'NONE', #4616, .T. ) ;
#6919 = DIRECTION ( 'NONE',  ( 1.000000000000000000, 2.786442101020000197E-16, 0.000000000000000000 ) ) ;
#6920 = AXIS2_PLACEMENT_3D ( 'NONE', #526, #3050, #6507 ) ;
#6921 = CARTESIAN_POINT ( 'NONE',  ( 167.0000000000000000, 18.19999999999999929, 15.65441558772840125 ) ) ;
#6922 = DIRECTION ( 'NONE',  ( 0.000000000000000000, 0.000000000000000000, -1.000000000000000000 ) ) ;
#6923 = ADVANCED_FACE ( 'NONE', ( #4844 ), #4055, .F. ) ;
#6924 = ORIENTED_EDGE ( 'NONE', *, *, #1541, .F. ) ;
#6925 = CARTESIAN_POINT ( 'NONE',  ( 505.0709886274497080, 360.0000000000000000, 6.767954657804165386 ) ) ;
#6926 = ORIENTED_EDGE ( 'NONE', *, *, #4298, .T. ) ;
#6927 = DIRECTION ( 'NONE',  ( 0.000000000000000000, 1.000000000000000000, 0.000000000000000000 ) ) ;
#6928 = VERTEX_POINT ( 'NONE', #825 ) ;
#6929 = DIRECTION ( 'NONE',  ( 0.000000000000000000, -5.010031699572010192E-16, -1.000000000000000000 ) ) ;
#6930 = ADVANCED_FACE ( 'NONE', ( #3246 ), #9869, .F. ) ;
#6931 = CARTESIAN_POINT ( 'NONE',  ( 0.000000000000000000, 89.30000000000350724, 13.00000000000000000 ) ) ;
#6932 = DIRECTION ( 'NONE',  ( 0.000000000000000000, 0.000000000000000000, -1.000000000000000000 ) ) ;
#6933 = DIRECTION ( 'NONE',  ( 0.000000000000000000, -1.000000000000000000, 4.809630431589130061E-16 ) ) ;
#6934 = VECTOR ( 'NONE', #10188, 1000.000000000000000 ) ;
#6935 = DIRECTION ( 'NONE',  ( 0.000000000000000000, -1.000000000000000000, -4.809630431589130061E-16 ) ) ;
#6936 = EDGE_CURVE ( 'NONE', #7935, #1830, #9018, .T. ) ;
#6937 = CARTESIAN_POINT ( 'NONE',  ( 503.1452127559082896, 170.0000000000001137, 4.740711642037649831 ) ) ;
#6938 =( LENGTH_UNIT ( ) NAMED_UNIT ( * ) SI_UNIT ( .MILLI., .METRE. ) );
#6939 = ORIENTED_EDGE ( 'NONE', *, *, #4647, .T. ) ;
#6940 = CARTESIAN_POINT ( 'NONE',  ( 340.0000000000000000, 265.0000000000000000, 0.000000000000000000 ) ) ;
#6941 = EDGE_LOOP ( 'NONE', ( #3262, #9402 ) ) ;
#6942 = EDGE_CURVE ( 'NONE', #9533, #8167, #5156, .T. ) ;
#6943 = EDGE_CURVE ( 'NONE', #1182, #8532, #1865, .T. ) ;
#6944 = DIRECTION ( 'NONE',  ( 0.000000000000000000, 1.184237892934309955E-13, -1.000000000000000000 ) ) ;
#6945 = ORIENTED_EDGE ( 'NONE', *, *, #6804, .F. ) ;
#6946 = DIRECTION ( 'NONE',  ( 0.000000000000000000, 6.123233995736769734E-17, 1.000000000000000000 ) ) ;
#6947 = CARTESIAN_POINT ( 'NONE',  ( 20.00000000000000000, 510.0000000000000000, 0.000000000000000000 ) ) ;
#6948 = MANIFOLD_SOLID_BREP ( 'Bottom[1]', #1071 ) ;
#6949 = EDGE_CURVE ( 'NONE', #2039, #9612, #4304, .T. ) ;
#6950 = CARTESIAN_POINT ( 'NONE',  ( 0.000000000000000000, 454.3000000000059799, 12.99999999999979927 ) ) ;
#6951 = VERTEX_POINT ( 'NONE', #5735 ) ;
#6952 = AXIS2_PLACEMENT_3D ( 'NONE', #4477, #7173, #4531 ) ;
#6953 = VERTEX_POINT ( 'NONE', #3349 ) ;
#6954 = ORIENTED_EDGE ( 'NONE', *, *, #4357, .F. ) ;
#6955 = CARTESIAN_POINT ( 'NONE',  ( 18.39999999999999858, 364.0000000000000000, 16.13725830020299767 ) ) ;
#6956 = DIRECTION ( 'NONE',  ( 1.000000000000000000, 0.000000000000000000, 0.000000000000000000 ) ) ;
#6957 = FACE_OUTER_BOUND ( 'NONE', #6109, .T. ) ;
#6958 = LINE ( 'NONE', #5313, #8411 ) ;
#6959 = CYLINDRICAL_SURFACE ( 'NONE', #3758, 1.750000000000029310 ) ;
#6960 = EDGE_LOOP ( 'NONE', ( #4460, #9164, #5436, #7 ) ) ;
#6961 = VERTEX_POINT ( 'NONE', #8174 ) ;
#6962 = EDGE_LOOP ( 'NONE', ( #10186, #7335, #3397, #9045 ) ) ;
#6963 = DIRECTION ( 'NONE',  ( 1.000000000000000000, 0.000000000000000000, 0.000000000000000000 ) ) ;
#6964 = DIRECTION ( 'NONE',  ( -1.000000000000000000, 0.000000000000000000, 0.000000000000000000 ) ) ;
#6965 = DIRECTION ( 'NONE',  ( 0.000000000000000000, 0.3746065934159000799, -0.9271838545667920872 ) ) ;
#6966 = CARTESIAN_POINT ( 'NONE',  ( 6.500000000000000000, 419.8000000000000114, 12.99999999999979927 ) ) ;
#6967 = FACE_OUTER_BOUND ( 'NONE', #8410, .T. ) ;
#6968 = CARTESIAN_POINT ( 'NONE',  ( 330.0000000000000000, 10.00000000000000000, 20.00000000000000000 ) ) ;
#6969 = CARTESIAN_POINT ( 'NONE',  ( 340.0000000000000000, 265.0000000000000000, 10.00000000000000000 ) ) ;
#6970 = VECTOR ( 'NONE', #3780, 1000.000000000000000 ) ;
#6971 = EDGE_LOOP ( 'NONE', ( #8164, #3840, #8334, #626 ) ) ;
#6972 = CARTESIAN_POINT ( 'NONE',  ( 507.6204712474022926, 360.0000000000001137, 6.357014539070094727 ) ) ;
#6973 = ORIENTED_EDGE ( 'NONE', *, *, #1506, .T. ) ;
#6974 = ORIENTED_EDGE ( 'NONE', *, *, #8286, .F. ) ;
#6975 = VERTEX_POINT ( 'NONE', #128 ) ;
#6976 = CARTESIAN_POINT ( 'NONE',  ( 8.250000000000000000, 500.0000000000000000, 10.00000000000000000 ) ) ;
#6977 = ORIENTED_EDGE ( 'NONE', *, *, #5923, .F. ) ;
#6978 = CARTESIAN_POINT ( 'NONE',  ( 20.00000000000000000, 510.0000000000000000, 0.000000000000000000 ) ) ;
#6979 = CARTESIAN_POINT ( 'NONE',  ( 496.8000000000000114, 160.0000000000000000, 20.00000000000000000 ) ) ;
#6980 = ADVANCED_FACE ( 'NONE', ( #287 ), #6741, .T. ) ;
#6981 = DIRECTION ( 'NONE',  ( 1.000000000000000000, 0.000000000000000000, 0.000000000000000000 ) ) ;
#6982 = CARTESIAN_POINT ( 'NONE',  ( 6.500000000000000000, 110.2000000000000028, 13.00000000000000000 ) ) ;
#6983 = VECTOR ( 'NONE', #247, 1000.000000000000000 ) ;
#6984 = DIRECTION ( 'NONE',  ( 0.000000000000000000, 0.000000000000000000, -1.000000000000000000 ) ) ;
#6985 = EDGE_LOOP ( 'NONE', ( #3487, #7312, #2081 ) ) ;
#6986 = LINE ( 'NONE', #10195, #92 ) ;
#6987 = EDGE_CURVE ( 'NONE', #132, #9775, #9856, .T. ) ;
#6988 =( NAMED_UNIT ( * ) PLANE_ANGLE_UNIT ( ) SI_UNIT ( $, .RADIAN. ) );
#6989 = EDGE_LOOP ( 'NONE', ( #9048, #4725, #4591, #2244 ) ) ;
#6990 = CARTESIAN_POINT ( 'NONE',  ( 0.000000000000000000, 75.69999999999319584, 7.000000000000000000 ) ) ;
#6991 = EDGE_LOOP ( 'NONE', ( #1279, #3230 ) ) ;
#6992 = DIRECTION ( 'NONE',  ( 9.889925005015209256E-17, -0.7071067811865470176, -0.7071067811865480168 ) ) ;
#6993 = ADVANCED_FACE ( 'NONE', ( #1813 ), #8280, .F. ) ;
#6994 = DIRECTION ( 'NONE',  ( 0.000000000000000000, 0.000000000000000000, -1.000000000000000000 ) ) ;
#6995 = ORIENTED_EDGE ( 'NONE', *, *, #7050, .F. ) ;
#6996 = CARTESIAN_POINT ( 'NONE',  ( 503.0359596853936068, 28.98859069182406500, 4.000000000000000000 ) ) ;
#6997 = LINE ( 'NONE', #9274, #3191 ) ;
#6998 = CARTESIAN_POINT ( 'NONE',  ( 166.0000000000000000, 2.262741699796960049, -2.220446049250309925E-15 ) ) ;
#6999 = ADVANCED_FACE ( 'NONE', ( #3452, #7635, #4406, #2807 ), #2959, .F. ) ;
#7000 = ORIENTED_EDGE ( 'NONE', *, *, #3424, .T. ) ;
#7001 = ORIENTED_EDGE ( 'NONE', *, *, #6073, .T. ) ;
#7002 = EDGE_LOOP ( 'NONE', ( #78, #4015, #1570 ) ) ;
#7003 = EDGE_CURVE ( 'NONE', #1434, #6911, #9223, .T. ) ;
#7004 = DIRECTION ( 'NONE',  ( -0.6295709663777131482, 0.7769429826533170713, 0.000000000000000000 ) ) ;
#7005 = AXIS2_PLACEMENT_3D ( 'NONE', #9070, #8429, #4361 ) ;
#7006 = DIRECTION ( 'NONE',  ( 1.000000000000000000, -6.123233995736759873E-17, 0.000000000000000000 ) ) ;
#7007 = DIRECTION ( 'NONE',  ( 0.000000000000000000, 0.000000000000000000, -1.000000000000000000 ) ) ;
#7008 = DIRECTION ( 'NONE',  ( 0.000000000000000000, 0.000000000000000000, -1.000000000000000000 ) ) ;
#7009 = VECTOR ( 'NONE', #9283, 1000.000000000000000 ) ;
#7010 = CARTESIAN_POINT ( 'NONE',  ( 496.8000000000000114, 160.0000000000000000, 12.00000000000000000 ) ) ;
#7011 = EDGE_CURVE ( 'NONE', #7533, #2893, #492, .T. ) ;
#7012 = EDGE_LOOP ( 'NONE', ( #393, #10384, #2734, #8644 ) ) ;
#7013 = VERTEX_POINT ( 'NONE', #9367 ) ;
#7014 = ORIENTED_EDGE ( 'NONE', *, *, #2608, .F. ) ;
#7015 = VECTOR ( 'NONE', #8214, 1000.000000000000000 ) ;
#7016 = LINE ( 'NONE', #7866, #688 ) ;
#7018 = ADVANCED_FACE ( 'NONE', ( #1969 ), #10058, .F. ) ;
#7017 = DIRECTION ( 'NONE',  ( 0.000000000000000000, 6.123233995736769734E-17, 1.000000000000000000 ) ) ;
#7019 = AXIS2_PLACEMENT_3D ( 'NONE', #7840, #2274, #5405 ) ;
#7020 = VECTOR ( 'NONE', #126, 1000.000000000000000 ) ;
#7021 = DIRECTION ( 'NONE',  ( 2.786442101020000197E-16, -1.000000000000000000, 6.123233995736769734E-17 ) ) ;
#7022 = PLANE ( 'NONE',  #7558 ) ;
#7023 = LINE ( 'NONE', #6921, #8537 ) ;
#7024 = DIRECTION ( 'NONE',  ( -1.340646671245470025E-16, 1.000000000000000000, 0.000000000000000000 ) ) ;
#7025 = EDGE_LOOP ( 'NONE', ( #4398, #6371, #6689, #5096, #7565 ) ) ;
#7026 = AXIS2_PLACEMENT_3D ( 'NONE', #1162, #6882, #4392 ) ;
#7027 = CARTESIAN_POINT ( 'NONE',  ( 503.7389686161973827, 360.0000000000001137, 5.890327045563835462 ) ) ;
#7028 = VECTOR ( 'NONE', #7712, 1000.000000000000000 ) ;
#7029 = ORIENTED_EDGE ( 'NONE', *, *, #7970, .F. ) ;
#7030 = ORIENTED_EDGE ( 'NONE', *, *, #6484, .F. ) ;
#7031 = ORIENTED_EDGE ( 'NONE', *, *, #2024, .F. ) ;
#7032 = CARTESIAN_POINT ( 'NONE',  ( 181.7500000000000000, 10.00000000000000000, 4.000000000000000000 ) ) ;
#7033 = VECTOR ( 'NONE', #7421, 1000.000000000000000 ) ;
#7034 = CARTESIAN_POINT ( 'NONE',  ( 13.19999999999999929, 160.0000000000000000, 20.00000000000000000 ) ) ;
#7035 =( BOUNDED_SURFACE ( )  B_SPLINE_SURFACE ( 3, 1, ( 
 ( #6383, #4056 ),
 ( #8813, #9601 ),
 ( #2348, #1554 ),
 ( #8128, #5685 ) ),
 .UNSPECIFIED., .F., .F., .F. ) 
 B_SPLINE_SURFACE_WITH_KNOTS ( ( 4, 4 ),
 ( 2, 2 ),
 ( 0.000000000000000000, 1.000000000000000000 ),
 ( 0.000000000000000000, 1.000000000000000000 ),
 .UNSPECIFIED. ) 
 GEOMETRIC_REPRESENTATION_ITEM ( )  RATIONAL_B_SPLINE_SURFACE ( (
 ( 1.000000000000000000, 1.000000000000000000),
 ( 0.3333333333333333703, 0.3333333333333333703),
 ( 0.3333333333333333703, 0.3333333333333333703),
 ( 1.000000000000000000, 1.000000000000000000) ) ) 
 REPRESENTATION_ITEM ( '' )  SURFACE ( )  );
#7036 = FACE_OUTER_BOUND ( 'NONE', #7486, .T. ) ;
#7037 = DIRECTION ( 'NONE',  ( -1.000000000000000000, -5.572884202040000394E-16, 0.000000000000000000 ) ) ;
#7038 = CARTESIAN_POINT ( 'NONE',  ( 170.0000000000000000, 511.8000000000000114, -1.527713595751250061E-15 ) ) ;
#7039 = VECTOR ( 'NONE', #10129, 1000.000000000000000 ) ;
#7040 = CARTESIAN_POINT ( 'NONE',  ( 491.8000000000000114, 363.0000000000000000, 3.913603896932090098 ) ) ;
#7041 = PLANE ( 'NONE',  #9734 ) ;
#7042 = CARTESIAN_POINT ( 'NONE',  ( 503.8630838206079829, 170.0000000000003979, 6.005481237514988635 ) ) ;
#7043 = DIRECTION ( 'NONE',  ( 1.000000000000000000, 0.000000000000000000, 0.000000000000000000 ) ) ;
#7044 = VERTEX_POINT ( 'NONE', #8428 ) ;
#7045 = CIRCLE ( 'NONE', #9746, 1.749999999999999778 ) ;
#7046 = LINE ( 'NONE', #6190, #8284 ) ;
#7047 = EDGE_LOOP ( 'NONE', ( #728, #5135, #5856, #612 ) ) ;
#7048 = CARTESIAN_POINT ( 'NONE',  ( 170.0000000000000000, 70.65918830920368521, 68.11360389693210493 ) ) ;
#7049 = LINE ( 'NONE', #9363, #3850 ) ;
#7050 = EDGE_CURVE ( 'NONE', #3115, #6455, #6045, .T. ) ;
#7051 = ORIENTED_EDGE ( 'NONE', *, *, #8060, .F. ) ;
#7052 = FACE_OUTER_BOUND ( 'NONE', #10265, .T. ) ;
#7053 = CARTESIAN_POINT ( 'NONE',  ( 495.9425898691238785, 20.06587492801714134, 6.433224273564971550E-16 ) ) ;
#7054 = FACE_OUTER_BOUND ( 'NONE', #1323, .T. ) ;
#7056 = ORIENTED_EDGE ( 'NONE', *, *, #1711, .F. ) ;
#7055 = ADVANCED_FACE ( 'NONE', ( #8479 ), #3714, .T. ) ;
#7057 = EDGE_LOOP ( 'NONE', ( #6797, #10022, #2429, #3285 ) ) ;
#7058 = FACE_OUTER_BOUND ( 'NONE', #8885, .T. ) ;
#7059 = EDGE_LOOP ( 'NONE', ( #2546, #4378, #8260, #3549 ) ) ;
#7060 = ORIENTED_EDGE ( 'NONE', *, *, #7218, .F. ) ;
#7061 = AXIS2_PLACEMENT_3D ( 'NONE', #10223, #4520, #555 ) ;
#7062 = AXIS2_PLACEMENT_3D ( 'NONE', #4453, #2169, #2955 ) ;
#7063 = CARTESIAN_POINT ( 'NONE',  ( 0.000000000000000000, 475.1999999999999886, 12.99999999999979927 ) ) ;
#7064 = ADVANCED_FACE ( 'NONE', ( #2115, #388 ), #10109, .F. ) ;
#7065 = CARTESIAN_POINT ( 'NONE',  ( 170.0000000000000000, 510.0000000000000000, 20.00000000000000000 ) ) ;
#7066 = VECTOR ( 'NONE', #2047, 1000.000000000000000 ) ;
#7067 = CARTESIAN_POINT ( 'NONE',  ( 508.4195353157311388, 519.4002469287073609, 3.900000000000000799 ) ) ;
#7068 = DIRECTION ( 'NONE',  ( 0.000000000000000000, 4.809630431589130061E-16, 1.000000000000000000 ) ) ;
#7069 = CARTESIAN_POINT ( 'NONE',  ( 503.0000000000000000, 283.6999999999999886, 7.000000000000000000 ) ) ;
#7070 = ORIENTED_EDGE ( 'NONE', *, *, #9322, .T. ) ;
#7071 = ADVANCED_FACE ( 'NONE', ( #10206 ), #6840, .F. ) ;
#7072 = ORIENTED_EDGE ( 'NONE', *, *, #644, .F. ) ;
#7073 = ORIENTED_EDGE ( 'NONE', *, *, #1944, .T. ) ;
#7074 = CARTESIAN_POINT ( 'NONE',  ( 503.0721649371211583, 265.4096776646126159, 4.382250650604314401 ) ) ;
#7075 = CARTESIAN_POINT ( 'NONE',  ( 10.00000000000000000, 350.0000000000000000, 4.000000000000000000 ) ) ;
#7076 = ADVANCED_FACE ( 'NONE', ( #4507 ), #2856, .F. ) ;
#7077 = DIRECTION ( 'NONE',  ( 0.000000000000000000, 0.000000000000000000, -1.000000000000000000 ) ) ;
#7078 = EDGE_CURVE ( 'NONE', #1234, #7520, #4873, .T. ) ;
#7079 = EDGE_CURVE ( 'NONE', #4219, #7723, #762, .T. ) ;
#7080 = PLANE ( 'NONE',  #5355 ) ;
#7081 = AXIS2_PLACEMENT_3D ( 'NONE', #6162, #2140, #2194 ) ;
#7082 = FACE_OUTER_BOUND ( 'NONE', #9801, .T. ) ;
#7083 = FACE_OUTER_BOUND ( 'NONE', #4002, .T. ) ;
#7084 = ORIENTED_EDGE ( 'NONE', *, *, #4691, .T. ) ;
#7085 = ADVANCED_FACE ( 'NONE', ( #9318, #2064 ), #8525, .F. ) ;
#7086 = CARTESIAN_POINT ( 'NONE',  ( 496.8000000000000114, 180.0000000000000000, 12.00000000000000000 ) ) ;
#7087 = EDGE_LOOP ( 'NONE', ( #3223, #5133 ) ) ;
#7088 = ORIENTED_EDGE ( 'NONE', *, *, #5065, .F. ) ;
#7089 = ORIENTED_EDGE ( 'NONE', *, *, #10295, .F. ) ;
#7090 = CARTESIAN_POINT ( 'NONE',  ( 328.2500000000000568, 10.00000000000000000, 0.000000000000000000 ) ) ;
#7091 = DIRECTION ( 'NONE',  ( 0.000000000000000000, -0.9271838545667858700, -0.3746065934159159005 ) ) ;
#7092 = CIRCLE ( 'NONE', #3703, 12.92922760661770099 ) ;
#7093 = LINE ( 'NONE', #3162, #10461 ) ;
#7094 = CYLINDRICAL_SURFACE ( 'NONE', #3813, 2.350000000000004974 ) ;
#7095 = CARTESIAN_POINT ( 'NONE',  ( 500.0000000000000000, 160.0000000000000000, 0.000000000000000000 ) ) ;
#7096 = CARTESIAN_POINT ( 'NONE',  ( 503.0847763593054651, 350.8529652058495572, 4.467463423124344857 ) ) ;
#7097 = CARTESIAN_POINT ( 'NONE',  ( 496.8000000000000114, 350.0000000000000000, 12.00000000000000000 ) ) ;
#7098 = ORIENTED_EDGE ( 'NONE', *, *, #82, .T. ) ;
#7099 = AXIS2_PLACEMENT_3D ( 'NONE', #2001, #5034, #7619 ) ;
#7100 = CARTESIAN_POINT ( 'NONE',  ( 344.0000000000000000, 18.39999999999999858, 4.034314575050760077 ) ) ;
#7101 = ORIENTED_EDGE ( 'NONE', *, *, #2794, .T. ) ;
#7102 = CARTESIAN_POINT ( 'NONE',  ( 178.2500000000000000, 10.00000000000000000, 4.000000000000000000 ) ) ;
#7103 = ORIENTED_EDGE ( 'NONE', *, *, #8762, .T. ) ;
#7104 = B_SPLINE_CURVE_WITH_KNOTS ( 'NONE', 3,
 ( #7509, #9885, #3484, #1844, #8261, #1004, #8356, #4236, #5083, #1790, #5032, #7461, #6619, #5971 ),
 .UNSPECIFIED., .F., .F.,
 ( 4, 2, 2, 2, 2, 2, 4 ),
 ( 0.000000000000000000, 0.0009147129907053863597, 0.001372069486058031130, 0.001829425981410676008, 0.002286782476763320887, 0.002744138972115965549, 0.003658851962821255306 ),
 .UNSPECIFIED. ) ;
#7105 = CARTESIAN_POINT ( 'NONE',  ( 508.8508361943101477, 512.9431599864421969, 3.900000000000000799 ) ) ;
#7106 = FACE_OUTER_BOUND ( 'NONE', #9373, .T. ) ;
#7107 = VECTOR ( 'NONE', #10418, 1000.000000000000000 ) ;
#7108 = VERTEX_POINT ( 'NONE', #5150 ) ;
#7109 = CARTESIAN_POINT ( 'NONE',  ( 491.8000000000000114, 170.0000000000000000, 15.65441558772840125 ) ) ;
#7110 = DIRECTION ( 'NONE',  ( 0.000000000000000000, 0.000000000000000000, 1.000000000000000000 ) ) ;
#7111 = CARTESIAN_POINT ( 'NONE',  ( 156.7999999999999829, 10.00000000000000000, 12.00000000000000000 ) ) ;
#7112 = EDGE_LOOP ( 'NONE', ( #1135, #4674, #6843, #1910 ) ) ;
#7113 = EDGE_LOOP ( 'NONE', ( #1568, #3241, #9528, #5120 ) ) ;
#7114 = LINE ( 'NONE', #3072, #7491 ) ;
#7115 = CIRCLE ( 'NONE', #3381, 3.199999999999980638 ) ;
#7116 = ORIENTED_EDGE ( 'NONE', *, *, #6987, .F. ) ;
#7117 = ORIENTED_EDGE ( 'NONE', *, *, #487, .T. ) ;
#7118 = CARTESIAN_POINT ( 'NONE',  ( 343.0000000000000000, 265.0000000000000000, 7.827207793864200625 ) ) ;
#7119 = EDGE_CURVE ( 'NONE', #8067, #2783, #9637, .T. ) ;
#7120 = DIRECTION ( 'NONE',  ( 0.000000000000000000, 0.000000000000000000, -1.000000000000000000 ) ) ;
#7121 = CARTESIAN_POINT ( 'NONE',  ( 508.8508361943102045, 512.9431599864423106, 9.900000000000009237 ) ) ;
#7122 = CARTESIAN_POINT ( 'NONE',  ( 503.0400135753997120, 499.0007593030165367, 4.125383928641952913 ) ) ;
#7123 = CIRCLE ( 'NONE', #4757, 3.199999999999980638 ) ;
#7124 = FACE_BOUND ( 'NONE', #4358, .T. ) ;
#7125 = ORIENTED_EDGE ( 'NONE', *, *, #2214, .T. ) ;
#7126 = ORIENTED_EDGE ( 'NONE', *, *, #2851, .F. ) ;
#7127 = ADVANCED_FACE ( 'NONE', ( #8637 ), #1488, .F. ) ;
#7128 = VECTOR ( 'NONE', #5550, 1000.000000000000000 ) ;
#7129 = CARTESIAN_POINT ( 'NONE',  ( 8.250000000000000000, 30.00000000000000000, 0.000000000000000000 ) ) ;
#7130 = CARTESIAN_POINT ( 'NONE',  ( 441.8408116907959879, 170.0000000000000000, 65.61360389693210493 ) ) ;
#7131 = AXIS2_PLACEMENT_3D ( 'NONE', #9627, #4713, #8842 ) ;
#7132 = DIRECTION ( 'NONE',  ( 1.000000000000000000, 0.000000000000000000, 0.000000000000000000 ) ) ;
#7133 = EDGE_CURVE ( 'NONE', #10090, #9715, #10318, .T. ) ;
#7134 = DIRECTION ( 'NONE',  ( -1.000000000000000000, 0.000000000000000000, 0.000000000000000000 ) ) ;
#7135 = FACE_BOUND ( 'NONE', #4659, .T. ) ;
#7136 = PLANE ( 'NONE',  #8986 ) ;
#7137 = ORIENTED_EDGE ( 'NONE', *, *, #3546, .F. ) ;
#7138 = CARTESIAN_POINT ( 'NONE',  ( 167.0000000000000000, 511.8000000000000114, -1.344016575879139844E-15 ) ) ;
#7139 = ORIENTED_EDGE ( 'NONE', *, *, #1902, .F. ) ;
#7140 = EDGE_CURVE ( 'NONE', #5969, #4672, #4666, .T. ) ;
#7141 = ORIENTED_EDGE ( 'NONE', *, *, #9514, .T. ) ;
#7142 = ADVANCED_FACE ( 'NONE', ( #753 ), #5566, .T. ) ;
#7143 = ORIENTED_EDGE ( 'NONE', *, *, #5197, .F. ) ;
#7144 = CARTESIAN_POINT ( 'NONE',  ( 0.000000000000000000, 100.6999999999970044, 7.000000000000000000 ) ) ;
#7145 = CARTESIAN_POINT ( 'NONE',  ( 331.7500000000000000, 520.0000000000000000, 0.000000000000000000 ) ) ;
#7146 = LINE ( 'NONE', #6341, #9619 ) ;
#7147 = CARTESIAN_POINT ( 'NONE',  ( 255.0000000000000000, 510.0000000000000000, 10.49355789662076788 ) ) ;
#7148 = CARTESIAN_POINT ( 'NONE',  ( 255.0000000000000000, 265.0000000000000000, 20.00000000000000000 ) ) ;
#7149 = EDGE_CURVE ( 'NONE', #2046, #9603, #589, .T. ) ;
#7150 = CARTESIAN_POINT ( 'NONE',  ( 498.2500000000000000, 160.0000000000000000, 10.00000000000000000 ) ) ;
#7151 = AXIS2_PLACEMENT_3D ( 'NONE', #7075, #10337, #2357 ) ;
#7152 = CARTESIAN_POINT ( 'NONE',  ( 20.00000000000000000, 20.00000000000000000, 0.000000000000000000 ) ) ;
#7153 = EDGE_LOOP ( 'NONE', ( #4154, #186, #7141, #4061 ) ) ;
#7154 = DIRECTION ( 'NONE',  ( 0.000000000000000000, 0.000000000000000000, -1.000000000000000000 ) ) ;
#7155 = LINE ( 'NONE', #4585, #2715 ) ;
#7156 = ORIENTED_EDGE ( 'NONE', *, *, #5258, .T. ) ;
#7157 = AXIS2_PLACEMENT_3D ( 'NONE', #9333, #7974, #3674 ) ;
#7158 = DIRECTION ( 'NONE',  ( 0.000000000000000000, 1.000000000000000000, 0.000000000000000000 ) ) ;
#7159 = ORIENTED_EDGE ( 'NONE', *, *, #601, .F. ) ;
#7160 = FACE_BOUND ( 'NONE', #5193, .T. ) ;
#7161 = LINE ( 'NONE', #4041, #4516 ) ;
#7162 = AXIS2_PLACEMENT_3D ( 'NONE', #2545, #9116, #2012 ) ;
#7163 = ORIENTED_EDGE ( 'NONE', *, *, #2982, .F. ) ;
#7164 = PLANE ( 'NONE',  #10115 ) ;
#7165 = CARTESIAN_POINT ( 'NONE',  ( 503.0343435439377231, 19.32959827346325454, 6.433224273564971550E-16 ) ) ;
#7166 = CARTESIAN_POINT ( 'NONE',  ( 503.1602338922793933, 170.0000000000001421, 4.791042567443480671 ) ) ;
#7167 = ORIENTED_EDGE ( 'NONE', *, *, #3835, .T. ) ;
#7168 = ORIENTED_EDGE ( 'NONE', *, *, #7633, .F. ) ;
#7169 = CARTESIAN_POINT ( 'NONE',  ( 510.0000000000000000, 246.2999999999999829, 13.00000000000000000 ) ) ;
#7170 = AXIS2_PLACEMENT_3D ( 'NONE', #6891, #8790, #8055 ) ;
#7171 = ORIENTED_EDGE ( 'NONE', *, *, #4886, .T. ) ;
#7172 = ORIENTED_EDGE ( 'NONE', *, *, #6754, .F. ) ;
#7173 = DIRECTION ( 'NONE',  ( 0.000000000000000000, 0.000000000000000000, 1.000000000000000000 ) ) ;
#7174 = LINE ( 'NONE', #10378, #8559 ) ;
#7175 = CARTESIAN_POINT ( 'NONE',  ( 0.000000000000000000, 419.8000000000000114, 6.999999999999750422 ) ) ;
#7176 = CARTESIAN_POINT ( 'NONE',  ( 508.8508361943101477, 512.9431599864423106, 3.900000000000000799 ) ) ;
#7177 = FACE_OUTER_BOUND ( 'NONE', #4782, .T. ) ;
#7178 = DIRECTION ( 'NONE',  ( 0.000000000000000000, 6.123233995736769734E-17, 1.000000000000000000 ) ) ;
#7179 = ORIENTED_EDGE ( 'NONE', *, *, #7894, .T. ) ;
#7180 = ORIENTED_EDGE ( 'NONE', *, *, #1825, .T. ) ;
#7181 = ADVANCED_FACE ( 'NONE', ( #4721 ), #4774, .F. ) ;
#7182 = LINE ( 'NONE', #6325, #2100 ) ;
#7183 = DIRECTION ( 'NONE',  ( 4.329780281177494162E-17, 0.7071067811865470176, 0.7071067811865480168 ) ) ;
#7184 = CARTESIAN_POINT ( 'NONE',  ( 295.0000000000000568, 531.5828289135761224, 16.08583605165414454 ) ) ;
#7185 = LINE ( 'NONE', #779, #961 ) ;
#7186 = ADVANCED_FACE ( 'NONE', ( #7052 ), #7904, .F. ) ;
#7187 = DIRECTION ( 'NONE',  ( 0.000000000000000000, 0.000000000000000000, -1.000000000000000000 ) ) ;
#7188 = PLANE ( 'NONE',  #9475 ) ;
#7189 = VERTEX_POINT ( 'NONE', #2333 ) ;
#7190 = PLANE ( 'NONE',  #7833 ) ;
#7191 = ORIENTED_EDGE ( 'NONE', *, *, #644, .T. ) ;
#7192 = VERTEX_POINT ( 'NONE', #3984 ) ;
#7193 = EDGE_CURVE ( 'NONE', #3394, #2606, #6253, .T. ) ;
#7194 = ORIENTED_EDGE ( 'NONE', *, *, #4040, .T. ) ;
#7195 = LINE ( 'NONE', #4021, #2537 ) ;
#7196 = FACE_BOUND ( 'NONE', #3315, .T. ) ;
#7197 = CARTESIAN_POINT ( 'NONE',  ( 345.7547184027091021, -5.557266963672119253, 6.433224273564971550E-16 ) ) ;
#7198 = CARTESIAN_POINT ( 'NONE',  ( 380.0633608786872628, 7.157628602830923725, 3.899999999999999911 ) ) ;
#7199 = CARTESIAN_POINT ( 'NONE',  ( 0.000000000000000000, 440.6999999999999886, 7.000000000003820055 ) ) ;
#7200 = EDGE_CURVE ( 'NONE', #4045, #7606, #5409, .T. ) ;
#7201 = AXIS2_PLACEMENT_3D ( 'NONE', #3013, #6255, #9479 ) ;
#7202 = CARTESIAN_POINT ( 'NONE',  ( 508.8508361943101477, 359.9999999999999432, 4.269912970300588917 ) ) ;
#7203 = VECTOR ( 'NONE', #5109, 1000.000000000000000 ) ;
#7204 = VECTOR ( 'NONE', #5921, 999.9999999999998863 ) ;
#7205 = CARTESIAN_POINT ( 'NONE',  ( 158.2500000000000000, 520.0000000000000000, 0.000000000000000000 ) ) ;
#7206 = ORIENTED_EDGE ( 'NONE', *, *, #5199, .F. ) ;
#7207 = DIRECTION ( 'NONE',  ( -2.010970006868209845E-16, 1.000000000000000000, 0.000000000000000000 ) ) ;
#7208 = AXIS2_PLACEMENT_3D ( 'NONE', #5292, #3650, #8514 ) ;
#7209 = EDGE_CURVE ( 'NONE', #9545, #9167, #8799, .T. ) ;
#7210 = VERTEX_POINT ( 'NONE', #9529 ) ;
#7211 = CARTESIAN_POINT ( 'NONE',  ( 510.0000000000000000, 256.2999999999999545, 13.00000000000000000 ) ) ;
#7212 = ORIENTED_EDGE ( 'NONE', *, *, #5, .T. ) ;
#7213 = AXIS2_PLACEMENT_3D ( 'NONE', #6518, #9000, #5614 ) ;
#7214 = DIRECTION ( 'NONE',  ( 1.000000000000000000, 0.000000000000000000, 0.000000000000000000 ) ) ;
#7215 = EDGE_CURVE ( 'NONE', #6928, #3115, #10426, .T. ) ;
#7216 = FACE_OUTER_BOUND ( 'NONE', #6542, .T. ) ;
#7217 = ADVANCED_FACE ( 'NONE', ( #1539, #2279 ), #7164, .F. ) ;
#7218 = EDGE_CURVE ( 'NONE', #7854, #1558, #4060, .T. ) ;
#7219 = DIRECTION ( 'NONE',  ( 1.000000000000000000, 0.000000000000000000, 0.000000000000000000 ) ) ;
#7220 = CYLINDRICAL_SURFACE ( 'NONE', #5057, 3.199999999999980638 ) ;
#7221 = VECTOR ( 'NONE', #5811, 1000.000000000000000 ) ;
#7222 = LINE ( 'NONE', #6580, #7690 ) ;
#7223 = ORIENTED_EDGE ( 'NONE', *, *, #479, .T. ) ;
#7224 = ORIENTED_EDGE ( 'NONE', *, *, #811, .F. ) ;
#7225 = VECTOR ( 'NONE', #10439, 1000.000000000000000 ) ;
#7226 = EDGE_CURVE ( 'NONE', #8167, #1234, #9351, .T. ) ;
#7227 = CARTESIAN_POINT ( 'NONE',  ( 358.2592688879775551, -3.744747754050726266E-13, 6.704759165459075021 ) ) ;
#7228 = VERTEX_POINT ( 'NONE', #5393 ) ;
#7229 = ORIENTED_EDGE ( 'NONE', *, *, #7919, .F. ) ;
#7230 = VECTOR ( 'NONE', #10444, 1000.000000000000000 ) ;
#7231 = VECTOR ( 'NONE', #8554, 1000.000000000000000 ) ;
#7232 = CARTESIAN_POINT ( 'NONE',  ( 497.0916226339045920, 523.2298202377401140, 3.900000000000000799 ) ) ;
#7233 = DIRECTION ( 'NONE',  ( 1.000000000000000000, 0.000000000000000000, 0.000000000000000000 ) ) ;
#7234 = CARTESIAN_POINT ( 'NONE',  ( 68.15918830920359994, 360.0000000000000000, 65.61360389693210493 ) ) ;
#7235 = DIRECTION ( 'NONE',  ( 0.5268521966118807631, -0.8499569182760007280, 0.000000000000000000 ) ) ;
#7236 = CARTESIAN_POINT ( 'NONE',  ( 503.1656268378782215, 179.5178606697663781, 4.792284185554086307 ) ) ;
#7237 = AXIS2_PLACEMENT_3D ( 'NONE', #883, #985, #8978 ) ;
#7238 = LINE ( 'NONE', #5686, #2803 ) ;
#7239 = ORIENTED_EDGE ( 'NONE', *, *, #9838, .T. ) ;
#7240 = ORIENTED_EDGE ( 'NONE', *, *, #8558, .F. ) ;
#7241 = VECTOR ( 'NONE', #959, 1000.000000000000000 ) ;
#7242 = CARTESIAN_POINT ( 'NONE',  ( 330.0000000000000000, 520.0000000000000000, 20.00000000000000000 ) ) ;
#7243 = DIRECTION ( 'NONE',  ( 1.000000000000000000, 0.000000000000000000, 0.000000000000000000 ) ) ;
#7244 = CARTESIAN_POINT ( 'NONE',  ( 18.39999999999999858, 170.0000000000000000, -1.527713595751250061E-15 ) ) ;
#7245 = CARTESIAN_POINT ( 'NONE',  ( 0.000000000000000000, 429.3000000000000114, 7.000000000003810285 ) ) ;
#7246 = DIRECTION ( 'NONE',  ( 0.000000000000000000, -1.000000000000000000, 0.000000000000000000 ) ) ;
#7247 = FACE_OUTER_BOUND ( 'NONE', #8589, .T. ) ;
#7248 = VECTOR ( 'NONE', #7308, 1000.000000000000000 ) ;
#7249 = ORIENTED_EDGE ( 'NONE', *, *, #5200, .T. ) ;
#7250 = DIRECTION ( 'NONE',  ( 0.000000000000000000, 0.000000000000000000, -1.000000000000000000 ) ) ;
#7251 = ORIENTED_EDGE ( 'NONE', *, *, #4740, .T. ) ;
#7252 = ORIENTED_EDGE ( 'NONE', *, *, #5326, .T. ) ;
#7253 = ORIENTED_EDGE ( 'NONE', *, *, #8624, .T. ) ;
#7254 = DIRECTION ( 'NONE',  ( 2.010970006868209845E-16, -1.000000000000000000, 0.000000000000000000 ) ) ;
#7255 = DIRECTION ( 'NONE',  ( 0.000000000000000000, 6.123233995736819037E-17, 1.000000000000000000 ) ) ;
#7256 = CARTESIAN_POINT ( 'NONE',  ( 330.0000000000000000, 10.00000000000000000, 10.00000000000000000 ) ) ;
#7257 = DIRECTION ( 'NONE',  ( 1.000000000000000000, 0.000000000000000000, 0.000000000000000000 ) ) ;
#7258 = DIRECTION ( 'NONE',  ( 0.000000000000000000, 0.000000000000000000, -1.000000000000000000 ) ) ;
#7259 = ADVANCED_FACE ( 'NONE', ( #2839 ), #3695, .T. ) ;
#7260 = LINE ( 'NONE', #101, #2772 ) ;
#7261 = ORIENTED_EDGE ( 'NONE', *, *, #6943, .F. ) ;
#7262 = PLANE ( 'NONE',  #4700 ) ;
#7263 = VECTOR ( 'NONE', #10369, 1000.000000000000000 ) ;
#7264 = EDGE_LOOP ( 'NONE', ( #3675, #5439, #8058, #5416 ) ) ;
#7265 = EDGE_CURVE ( 'NONE', #1017, #6216, #10142, .T. ) ;
#7266 = LINE ( 'NONE', #2533, #8443 ) ;
#7267 = VERTEX_POINT ( 'NONE', #9460 ) ;
#7268 = DIRECTION ( 'NONE',  ( 0.000000000000000000, 0.000000000000000000, -1.000000000000000000 ) ) ;
#7269 = CARTESIAN_POINT ( 'NONE',  ( 326.8000000000000114, 520.0000000000000000, 4.000000000000000000 ) ) ;
#7270 = ADVANCED_FACE ( 'NONE', ( #2051 ), #8618, .T. ) ;
#7271 = AXIS2_PLACEMENT_3D ( 'NONE', #5495, #1523, #5551 ) ;
#7272 = CARTESIAN_POINT ( 'NONE',  ( 491.5999999999999659, 360.0000000000000000, 13.06862915010150061 ) ) ;
#7273 = CARTESIAN_POINT ( 'NONE',  ( 507.6204712474024063, 170.0000000000001137, 6.357014539070100057 ) ) ;
#7274 = ORIENTED_EDGE ( 'NONE', *, *, #6096, .F. ) ;
#7275 = ORIENTED_EDGE ( 'NONE', *, *, #7998, .F. ) ;
#7276 = CARTESIAN_POINT ( 'NONE',  ( 365.7410407745950920, -7.422412582684969319E-16, 4.185653593755321644 ) ) ;
#7277 = ORIENTED_EDGE ( 'NONE', *, *, #2137, .T. ) ;
#7278 = EDGE_CURVE ( 'NONE', #6370, #391, #3644, .T. ) ;
#7279 = ADVANCED_FACE ( 'NONE', ( #6076, #6125, #9303, #7036 ), #6236, .T. ) ;
#7280 = VERTEX_POINT ( 'NONE', #1213 ) ;
#7281 = CIRCLE ( 'NONE', #8613, 12.92922760661762993 ) ;
#7282 = CARTESIAN_POINT ( 'NONE',  ( 369.7115083231461199, 517.4133275873678031, 3.900000000000000355 ) ) ;
#7283 = CARTESIAN_POINT ( 'NONE',  ( 6.500000000000000000, 454.3000000000070031, 7.000000000003919531 ) ) ;
#7284 = LINE ( 'NONE', #7857, #5031 ) ;
#7285 = EDGE_CURVE ( 'NONE', #1326, #5045, #5732, .T. ) ;
#7286 = CARTESIAN_POINT ( 'NONE',  ( 255.0000000000000000, 530.0000000000000000, 13.82852954554265779 ) ) ;
#7287 = AXIS2_PLACEMENT_3D ( 'NONE', #6402, #2370, #8095 ) ;
#7288 = DIRECTION ( 'NONE',  ( 1.000000000000000000, 0.000000000000000000, 0.000000000000000000 ) ) ;
#7289 = VERTEX_POINT ( 'NONE', #5340 ) ;
#7290 = AXIS2_PLACEMENT_3D ( 'NONE', #9764, #1612, #831 ) ;
#7291 = ORIENTED_EDGE ( 'NONE', *, *, #9390, .T. ) ;
#7292 = CARTESIAN_POINT ( 'NONE',  ( 10.00000000000000000, 500.0000000000000000, 4.000000000000000000 ) ) ;
#7293 = CARTESIAN_POINT ( 'NONE',  ( 20.00000000000000000, 20.00000000000000000, 0.000000000000000000 ) ) ;
#7294 = CARTESIAN_POINT ( 'NONE',  ( 163.2000000000000171, 520.0000000000000000, 12.00000000000000000 ) ) ;
#7295 = DIRECTION ( 'NONE',  ( 0.000000000000000000, 0.3746065934159142907, -0.9271838545667865361 ) ) ;
#7296 = VECTOR ( 'NONE', #9292, 1000.000000000000000 ) ;
#7297 = CARTESIAN_POINT ( 'NONE',  ( 503.0343435439377231, 19.32959827346327586, 9.900000000000007461 ) ) ;
#7298 = CARTESIAN_POINT ( 'NONE',  ( 255.0000000000000000, 530.0000000000000000, 17.06413377357532823 ) ) ;
#7299 = ORIENTED_EDGE ( 'NONE', *, *, #6100, .T. ) ;
#7300 = LINE ( 'NONE', #9557, #5131 ) ;
#7301 = ORIENTED_EDGE ( 'NONE', *, *, #7215, .F. ) ;
#7302 = EDGE_LOOP ( 'NONE', ( #3587, #9229, #4938, #2746 ) ) ;
#7303 = ORIENTED_EDGE ( 'NONE', *, *, #8357, .T. ) ;
#7304 = CARTESIAN_POINT ( 'NONE',  ( 331.7500000000000000, 10.00000000000000000, 10.00000000000000000 ) ) ;
#7305 = SURFACE_STYLE_USAGE ( .BOTH. , #6506 ) ;
#7306 = DIRECTION ( 'NONE',  ( -1.000000000000000000, 0.000000000000000000, 0.000000000000000000 ) ) ;
#7307 = CARTESIAN_POINT ( 'NONE',  ( 344.0000000000000000, 460.0357864376269958, 67.70147186257609917 ) ) ;
#7308 = DIRECTION ( 'NONE',  ( -1.492928237510310014E-32, 6.123233995736769734E-17, 1.000000000000000000 ) ) ;
#7309 = CARTESIAN_POINT ( 'NONE',  ( 503.1452127559080623, 360.0000000000004547, 4.740711642036305129 ) ) ;
#7310 = VERTEX_POINT ( 'NONE', #10190 ) ;
#7311 = CARTESIAN_POINT ( 'NONE',  ( 11.75000000000000000, 370.0000000000000000, 4.000000000000000000 ) ) ;
#7312 = ORIENTED_EDGE ( 'NONE', *, *, #3965, .F. ) ;
#7313 = CARTESIAN_POINT ( 'NONE',  ( 503.1999999999999886, 160.0000000000000000, 12.00000000000000000 ) ) ;
#7314 = EDGE_CURVE ( 'NONE', #8936, #8355, #375, .T. ) ;
#7315 = VERTEX_POINT ( 'NONE', #3748 ) ;
#7316 = DIRECTION ( 'NONE',  ( 6.123233995736769734E-17, 7.588638549471020099E-33, 1.000000000000000000 ) ) ;
#7317 = ADVANCED_FACE ( 'NONE', ( #3590 ), #4441, .F. ) ;
#7318 = LINE ( 'NONE', #62, #4051 ) ;
#7319 = CARTESIAN_POINT ( 'NONE',  ( 360.1080429176267330, 530.0000000000000000, 4.123865115965133832 ) ) ;
#7320 = VECTOR ( 'NONE', #9757, 1000.000000000000000 ) ;
#7321 = ORIENTED_EDGE ( 'NONE', *, *, #4515, .T. ) ;
#7322 = VERTEX_POINT ( 'NONE', #6827 ) ;
#7323 = CARTESIAN_POINT ( 'NONE',  ( 495.9425898691238785, 20.06587492801714134, 0.000000000000000000 ) ) ;
#7324 = EDGE_LOOP ( 'NONE', ( #6429, #3299 ) ) ;
#7326 = EDGE_CURVE ( 'NONE', #964, #9094, #10094, .T. ) ;
#7325 = EDGE_LOOP ( 'NONE', ( #117, #3819, #5362 ) ) ;
#7327 = FACE_OUTER_BOUND ( 'NONE', #9423, .T. ) ;
#7328 = LINE ( 'NONE', #9016, #5323 ) ;
#7329 = ADVANCED_FACE ( 'NONE', ( #574, #1260 ), #1312, .F. ) ;
#7330 = CARTESIAN_POINT ( 'NONE',  ( 495.2063132145700592, 12.97412125320326837, 3.900000000000000355 ) ) ;
#7331 = CARTESIAN_POINT ( 'NONE',  ( 0.000000000000000000, 440.6999999999999886, 13.00000000000000000 ) ) ;
#7332 = CLOSED_SHELL ( 'NONE', ( #7452, #1962, #5970, #4105, #3820, #1053, #1315, #9011, #8180, #6672, #7217, #1122, #6017, #1247, #10298, #6022, #225, #6476, #3769, #6218, #5832, #452, #609, #5843, #4234, #8474, #3234, #5763, #8547, #4243, #2852, #9729, #8434, #6491, #279, #6930, #3448, #1641, #1385, #5643, #9664, #9205, #658, #6923, #4343, #7459 ) ) ;
#7333 = CARTESIAN_POINT ( 'NONE',  ( 508.8508361943100340, 20.80215158257098196, -9.146565213191545956E-17 ) ) ;
#7334 = ORIENTED_EDGE ( 'NONE', *, *, #1748, .T. ) ;
#7335 = ORIENTED_EDGE ( 'NONE', *, *, #6448, .T. ) ;
#7336 = ADVANCED_FACE ( 'NONE', ( #5238 ), #4492, .F. ) ;
#7337 = ADVANCED_FACE ( 'NONE', ( #474 ), #7777, .F. ) ;
#7338 = CARTESIAN_POINT ( 'NONE',  ( 20.00000000000000000, 320.0000000000000000, 0.000000000000000000 ) ) ;
#7339 = CARTESIAN_POINT ( 'NONE',  ( 510.0000000000000000, 273.6999999999999886, 7.000000000000000000 ) ) ;
#7340 = DIRECTION ( 'NONE',  ( -1.000000000000000000, 0.000000000000000000, 0.000000000000000000 ) ) ;
#7341 = CARTESIAN_POINT ( 'NONE',  ( 166.0000000000000000, 18.39999999999999858, 16.13725830020299767 ) ) ;
#7342 = EDGE_CURVE ( 'NONE', #6477, #9218, #7093, .T. ) ;
#7343 = DIRECTION ( 'NONE',  ( 0.000000000000000000, 0.000000000000000000, 1.000000000000000000 ) ) ;
#7344 = DIRECTION ( 'NONE',  ( 1.000000000000000000, 0.000000000000000000, 0.000000000000000000 ) ) ;
#7345 = EDGE_LOOP ( 'NONE', ( #1503, #7475, #7487, #1028 ) ) ;
#7346 = CARTESIAN_POINT ( 'NONE',  ( 503.0359596853934931, 265.4005116316708381, 3.999999999999999112 ) ) ;
#7347 = ORIENTED_EDGE ( 'NONE', *, *, #4037, .F. ) ;
#7348 = ORIENTED_EDGE ( 'NONE', *, *, #8817, .T. ) ;
#7349 = EDGE_CURVE ( 'NONE', #9218, #5383, #3219, .T. ) ;
#7350 = DIRECTION ( 'NONE',  ( 1.000000000000000000, 0.000000000000000000, 0.000000000000000000 ) ) ;
#7351 = CARTESIAN_POINT ( 'NONE',  ( 503.1463079493100281, 160.5913641501779523, 4.728648795303193708 ) ) ;
#7353 =( GEOMETRIC_REPRESENTATION_CONTEXT ( 3 ) GLOBAL_UNCERTAINTY_ASSIGNED_CONTEXT ( ( #8319 ) ) GLOBAL_UNIT_ASSIGNED_CONTEXT ( ( #3507, #2501, #6537 ) ) REPRESENTATION_CONTEXT ( 'NONE', 'WORKASPACE' ) );
#7352 = LINE ( 'NONE', #9098, #3873 ) ;
#7354 = CARTESIAN_POINT ( 'NONE',  ( 491.5999999999999659, 166.0000000000000000, 16.13725830020310070 ) ) ;
#7355 = FACE_OUTER_BOUND ( 'NONE', #5958, .T. ) ;
#7356 = CARTESIAN_POINT ( 'NONE',  ( 506.0029281056807235, 360.0000000000000568, 6.905271241788098813 ) ) ;
#7357 = ORIENTED_EDGE ( 'NONE', *, *, #2597, .T. ) ;
#7358 = CARTESIAN_POINT ( 'NONE',  ( 510.0000000000000000, 360.0000000000000000, 20.00000000000000000 ) ) ;
#7359 = CIRCLE ( 'NONE', #7367, 3.199999999999980638 ) ;
#7360 = ORIENTED_EDGE ( 'NONE', *, *, #5559, .T. ) ;
#7361 = FACE_OUTER_BOUND ( 'NONE', #9682, .T. ) ;
#7362 = ORIENTED_EDGE ( 'NONE', *, *, #3257, .T. ) ;
#7363 = AXIS2_PLACEMENT_3D ( 'NONE', #9005, #3597, #1167 ) ;
#7364 = DIRECTION ( 'NONE',  ( 0.000000000000000000, -0.3746065934159142907, 0.9271838545667865361 ) ) ;
#7365 = CARTESIAN_POINT ( 'NONE',  ( 340.0000000000000000, 18.19999999999999929, -1.221245327087669986E-14 ) ) ;
#7366 = AXIS2_PLACEMENT_3D ( 'NONE', #3409, #8336, #7488 ) ;
#7367 = AXIS2_PLACEMENT_3D ( 'NONE', #6885, #9354, #10100 ) ;
#7368 = DIRECTION ( 'NONE',  ( 1.000000000000000000, 0.000000000000000000, 0.000000000000000000 ) ) ;
#7369 = CARTESIAN_POINT ( 'NONE',  ( 508.2518613738703266, 170.0000000000001137, 5.732615263407550010 ) ) ;
#7370 = EDGE_LOOP ( 'NONE', ( #4208, #10253, #3933, #957 ) ) ;
#7371 = ORIENTED_EDGE ( 'NONE', *, *, #10281, .F. ) ;
#7372 = LINE ( 'NONE', #9642, #6129 ) ;
#7373 = VECTOR ( 'NONE', #3435, 1000.000000000000000 ) ;
#7374 = EDGE_LOOP ( 'NONE', ( #7447, #7578, #2270, #6465 ) ) ;
#7375 = AXIS2_PLACEMENT_3D ( 'NONE', #1994, #8503, #2984 ) ;
#7376 = ORIENTED_EDGE ( 'NONE', *, *, #8099, .T. ) ;
#7377 = EDGE_CURVE ( 'NONE', #6839, #6677, #3535, .T. ) ;
#7378 = CARTESIAN_POINT ( 'NONE',  ( 18.19999999999999929, 167.0000000000000000, 15.65441558772840125 ) ) ;
#7379 = DIRECTION ( 'NONE',  ( -1.000000000000000000, -1.340646671245470025E-16, 6.123233995736769734E-17 ) ) ;
#7380 = AXIS2_PLACEMENT_3D ( 'NONE', #4228, #6768, #2774 ) ;
#7381 = EDGE_CURVE ( 'NONE', #4409, #5929, #8888, .T. ) ;
#7382 = CARTESIAN_POINT ( 'NONE',  ( 499.3605663362667428, 12.54282037462432164, 3.899999999999999467 ) ) ;
#7383 = CARTESIAN_POINT ( 'NONE',  ( 495.9425898691238785, 20.06587492801714134, 3.900000000000000799 ) ) ;
#7384 = DIRECTION ( 'NONE',  ( 0.000000000000000000, -0.9271838545667858700, -0.3746065934159159005 ) ) ;
#7385 = ORIENTED_EDGE ( 'NONE', *, *, #8158, .F. ) ;
#7386 = CIRCLE ( 'NONE', #4175, 3.000000000000004441 ) ;
#7387 = EDGE_LOOP ( 'NONE', ( #10311, #3273, #2452, #9144 ) ) ;
#7388 = EDGE_CURVE ( 'NONE', #4641, #5783, #3914, .T. ) ;
#7390 = DIRECTION ( 'NONE',  ( 0.000000000000000000, 0.000000000000000000, -1.000000000000000000 ) ) ;
#7389 = VECTOR ( 'NONE', #7004, 999.9999999999998863 ) ;
#7391 = LINE ( 'NONE', #36, #8941 ) ;
#7392 = CARTESIAN_POINT ( 'NONE',  ( 510.0000000000000000, 283.6999999999999886, 7.000000000000000000 ) ) ;
#7393 = CARTESIAN_POINT ( 'NONE',  ( 506.4999999999999432, 278.6999999999999886, 10.00000000000000000 ) ) ;
#7394 = VECTOR ( 'NONE', #6563, 1000.000000000000000 ) ;
#7395 = LINE ( 'NONE', #1720, #6852 ) ;
#7396 = LINE ( 'NONE', #9666, #1712 ) ;
#7397 = EDGE_CURVE ( 'NONE', #3457, #9094, #7092, .T. ) ;
#7398 = CARTESIAN_POINT ( 'NONE',  ( 255.0000000000000000, 514.4217806203392911, 12.28007323212750102 ) ) ;
#7399 = ORIENTED_EDGE ( 'NONE', *, *, #9629, .F. ) ;
#7400 = DIRECTION ( 'NONE',  ( 0.000000000000000000, 0.000000000000000000, -1.000000000000000000 ) ) ;
#7401 = CIRCLE ( 'NONE', #4188, 3.199999999999980638 ) ;
#7402 = EDGE_LOOP ( 'NONE', ( #5306, #2310 ) ) ;
#7403 = ORIENTED_EDGE ( 'NONE', *, *, #4229, .T. ) ;
#7404 = EDGE_CURVE ( 'NONE', #7485, #10279, #7939, .T. ) ;
#7405 = ADVANCED_FACE ( 'NONE', ( #9511 ), #4645, .F. ) ;
#7406 = DIRECTION ( 'NONE',  ( 0.000000000000000000, 0.000000000000000000, -1.000000000000000000 ) ) ;
#7407 = CARTESIAN_POINT ( 'NONE',  ( 170.0000000000000000, 527.4544155877280218, 9.296960894344029955E-15 ) ) ;
#7408 = DIRECTION ( 'NONE',  ( 0.000000000000000000, 0.000000000000000000, -1.000000000000000000 ) ) ;
#7409 = CYLINDRICAL_SURFACE ( 'NONE', #6034, 1.749999999999999778 ) ;
#7410 = AXIS2_PLACEMENT_3D ( 'NONE', #9881, #2682, #9782 ) ;
#7411 = DIRECTION ( 'NONE',  ( -1.000000000000000000, 0.000000000000000000, 0.000000000000000000 ) ) ;
#7412 = EDGE_CURVE ( 'NONE', #8528, #403, #7146, .T. ) ;
#7413 = VECTOR ( 'NONE', #3382, 1000.000000000000000 ) ;
#7414 = VERTEX_POINT ( 'NONE', #7940 ) ;
#7415 = DIRECTION ( 'NONE',  ( 1.000000000000000000, 0.000000000000000000, 0.000000000000000000 ) ) ;
#7416 = ORIENTED_EDGE ( 'NONE', *, *, #4981, .T. ) ;
#7417 = DIRECTION ( 'NONE',  ( -1.000000000000000000, 0.000000000000000000, 0.000000000000000000 ) ) ;
#7418 = ORIENTED_EDGE ( 'NONE', *, *, #1831, .T. ) ;
#7419 = CARTESIAN_POINT ( 'NONE',  ( 501.7500000000000568, 500.0000000000000000, 0.000000000000000000 ) ) ;
#7420 = CARTESIAN_POINT ( 'NONE',  ( 490.0000000000000000, 320.0000000000000000, 0.000000000000000000 ) ) ;
#7421 = DIRECTION ( 'NONE',  ( 0.000000000000000000, 1.184237892934260035E-14, -1.000000000000000000 ) ) ;
#7422 = DIRECTION ( 'NONE',  ( 0.000000000000000000, -0.000000000000000000, 1.000000000000000000 ) ) ;
#7423 = VERTEX_POINT ( 'NONE', #10301 ) ;
#7424 = ORIENTED_EDGE ( 'NONE', *, *, #9822, .T. ) ;
#7425 = VERTEX_POINT ( 'NONE', #48 ) ;
#7426 = EDGE_LOOP ( 'NONE', ( #5337, #9759 ) ) ;
#7427 = CARTESIAN_POINT ( 'NONE',  ( 160.0000000000000000, 520.0000000000000000, 20.00000000000000000 ) ) ;
#7428 = AXIS2_PLACEMENT_3D ( 'NONE', #4077, #7306, #2523 ) ;
#7429 = CARTESIAN_POINT ( 'NONE',  ( 10.00000000000000000, 30.00000000000000000, 4.000000000000000000 ) ) ;
#7430 = CARTESIAN_POINT ( 'NONE',  ( 328.2500000000000568, 520.0000000000000000, 4.000000000000000000 ) ) ;
#7431 = CARTESIAN_POINT ( 'NONE',  ( 340.0000000000000000, 511.6000000000000796, 16.13725830020310070 ) ) ;
#7432 = CARTESIAN_POINT ( 'NONE',  ( -5.761103285417160590E-31, 309.6499999999999773, 13.00000000000000000 ) ) ;
#7433 = ORIENTED_EDGE ( 'NONE', *, *, #2214, .F. ) ;
#7434 = AXIS2_PLACEMENT_3D ( 'NONE', #7511, #6825, #5134 ) ;
#7435 = EDGE_LOOP ( 'NONE', ( #5336, #7579 ) ) ;
#7436 = ADVANCED_FACE ( 'NONE', ( #9620 ), #3269, .T. ) ;
#7437 = DIRECTION ( 'NONE',  ( 0.000000000000000000, 0.000000000000000000, -1.000000000000000000 ) ) ;
#7438 = FACE_OUTER_BOUND ( 'NONE', #853, .T. ) ;
#7439 = DIRECTION ( 'NONE',  ( 0.2454255515179655511, -0.9694154417287268455, 0.000000000000000000 ) ) ;
#7440 = CARTESIAN_POINT ( 'NONE',  ( 510.0000000000000000, 276.3499999999999659, 10.00000000000000000 ) ) ;
#7441 = CIRCLE ( 'NONE', #4916, 3.199999999999980638 ) ;
#7442 = DIRECTION ( 'NONE',  ( 0.000000000000000000, 0.000000000000000000, -1.000000000000000000 ) ) ;
#7443 = CARTESIAN_POINT ( 'NONE',  ( 343.0000000000000000, 459.8840097423299653, 67.57040584539809913 ) ) ;
#7444 = AXIS2_PLACEMENT_3D ( 'NONE', #3520, #4268, #8442 ) ;
#7445 = DIRECTION ( 'NONE',  ( 0.000000000000000000, -0.3746065934159247268, 0.9271838545667822062 ) ) ;
#7446 = EDGE_CURVE ( 'NONE', #1830, #9382, #8923, .T. ) ;
#7447 = ORIENTED_EDGE ( 'NONE', *, *, #8871, .F. ) ;
#7448 = CARTESIAN_POINT ( 'NONE',  ( 176.7999999999999829, 520.0000000000000000, 12.00000000000000000 ) ) ;
#7449 = ORIENTED_EDGE ( 'NONE', *, *, #7278, .T. ) ;
#7450 = EDGE_LOOP ( 'NONE', ( #7699, #7526, #278, #4296 ) ) ;
#7451 = DIRECTION ( 'NONE',  ( 0.000000000000000000, 0.000000000000000000, -1.000000000000000000 ) ) ;
#7452 = ADVANCED_FACE ( 'NONE', ( #3859 ), #2316, .F. ) ;
#7453 = CARTESIAN_POINT ( 'NONE',  ( 295.0000000000000568, 516.5944988621514540, 6.902406875640322959 ) ) ;
#7454 = DIRECTION ( 'NONE',  ( -6.123233995736769734E-17, -7.588638549471020099E-33, -1.000000000000000000 ) ) ;
#7455 = AXIS2_PLACEMENT_3D ( 'NONE', #9933, #1676, #1781 ) ;
#7456 = CARTESIAN_POINT ( 'NONE',  ( 170.0000000000000000, 511.6000000000000796, 16.13725830020310070 ) ) ;
#7457 = DIRECTION ( 'NONE',  ( 1.000000000000000000, 0.000000000000000000, 0.000000000000000000 ) ) ;
#7458 = EDGE_CURVE ( 'NONE', #5051, #8679, #6422, .T. ) ;
#7459 = ADVANCED_FACE ( 'NONE', ( #10462 ), #2373, .F. ) ;
#7460 = ORIENTED_EDGE ( 'NONE', *, *, #4747, .F. ) ;
#7461 = CARTESIAN_POINT ( 'NONE',  ( 504.4342863881289531, 319.9999999999998863, 6.483816608084409516 ) ) ;
#7462 = ORIENTED_EDGE ( 'NONE', *, *, #395, .F. ) ;
#7463 = DIRECTION ( 'NONE',  ( 0.000000000000000000, 0.000000000000000000, -1.000000000000000000 ) ) ;
#7464 = ORIENTED_EDGE ( 'NONE', *, *, #9534, .T. ) ;
#7465 = EDGE_CURVE ( 'NONE', #3610, #5058, #2423, .T. ) ;
#7466 = CARTESIAN_POINT ( 'NONE',  ( 510.0000000000000000, 248.9500000000000455, 10.00000000000000000 ) ) ;
#7467 = FACE_OUTER_BOUND ( 'NONE', #4072, .T. ) ;
#7468 = ADVANCED_FACE ( 'NONE', ( #8097 ), #845, .T. ) ;
#7469 = DIRECTION ( 'NONE',  ( 0.000000000000000000, 0.000000000000000000, -1.000000000000000000 ) ) ;
#7470 = FACE_OUTER_BOUND ( 'NONE', #6269, .T. ) ;
#7471 = VERTEX_POINT ( 'NONE', #98 ) ;
#7472 = VERTEX_POINT ( 'NONE', #1837 ) ;
#7473 =( NAMED_UNIT ( * ) PLANE_ANGLE_UNIT ( ) SI_UNIT ( $, .RADIAN. ) );
#7474 = EDGE_LOOP ( 'NONE', ( #5107, #4861 ) ) ;
#7475 = ORIENTED_EDGE ( 'NONE', *, *, #7285, .F. ) ;
#7476 = CARTESIAN_POINT ( 'NONE',  ( 75.98639610306790360, 170.0000000000000000, 73.44081169079630911 ) ) ;
#7477 = DIRECTION ( 'NONE',  ( 0.000000000000000000, 0.000000000000000000, 1.000000000000000000 ) ) ;
#7478 = LINE ( 'NONE', #5050, #1264 ) ;
#7479 = VERTEX_POINT ( 'NONE', #4919 ) ;
#7480 = AXIS2_PLACEMENT_3D ( 'NONE', #7861, #10224, #5532 ) ;
#7481 = CARTESIAN_POINT ( 'NONE',  ( 504.2403421545191122, 7.588929481409874001, 9.900000000000009237 ) ) ;
#7482 = CARTESIAN_POINT ( 'NONE',  ( 6.500000000000000000, 470.4499999999999886, 9.999999999998040678 ) ) ;
#7483 = VECTOR ( 'NONE', #4794, 1000.000000000000000 ) ;
#7484 = DIRECTION ( 'NONE',  ( -1.340646671245470025E-16, 1.000000000000000000, 0.000000000000000000 ) ) ;
#7485 = VERTEX_POINT ( 'NONE', #7453 ) ;
#7486 = EDGE_LOOP ( 'NONE', ( #2605, #3260, #10000, #3314 ) ) ;
#7487 = ORIENTED_EDGE ( 'NONE', *, *, #722, .T. ) ;
#7488 = DIRECTION ( 'NONE',  ( 0.000000000000000000, -1.000000000000000000, 0.000000000000000000 ) ) ;
#7489 = CARTESIAN_POINT ( 'NONE',  ( 0.000000000000000000, 89.30000000000350724, 13.00000000000000000 ) ) ;
#7490 = DIRECTION ( 'NONE',  ( 0.000000000000000000, 0.000000000000000000, -1.000000000000000000 ) ) ;
#7491 = VECTOR ( 'NONE', #5222, 1000.000000000000000 ) ;
#7492 = DIRECTION ( 'NONE',  ( 1.000000000000000000, 0.000000000000000000, 0.000000000000000000 ) ) ;
#7493 = CARTESIAN_POINT ( 'NONE',  ( 498.5641759430124580, 517.4133275873676894, 3.900000000000000355 ) ) ;
#7494 = LINE ( 'NONE', #5066, #4442 ) ;
#7495 = ORIENTED_EDGE ( 'NONE', *, *, #1839, .F. ) ;
#7496 = ADVANCED_FACE ( 'NONE', ( #3322 ), #9934, .F. ) ;
#7497 = FACE_OUTER_BOUND ( 'NONE', #3429, .T. ) ;
#7498 = EDGE_LOOP ( 'NONE', ( #1126, #10227, #3199 ) ) ;
#7499 = ORIENTED_EDGE ( 'NONE', *, *, #664, .T. ) ;
#7500 = CARTESIAN_POINT ( 'NONE',  ( 501.7500000000000568, 30.00000000000000000, 4.000000000000000000 ) ) ;
#7501 = CARTESIAN_POINT ( 'NONE',  ( 503.0848070195593777, 349.1471583976019701, 4.467520984445578769 ) ) ;
#7502 = CARTESIAN_POINT ( 'NONE',  ( 510.0000000000000000, 360.0000000000000000, 0.000000000000000000 ) ) ;
#7503 = ADVANCED_FACE ( 'NONE', ( #152 ), #4277, .F. ) ;
#7504 = CARTESIAN_POINT ( 'NONE',  ( 6.500000000000000000, 75.69999999999389217, 13.00000000000000000 ) ) ;
#7505 = CARTESIAN_POINT ( 'NONE',  ( 368.9752316685923006, 530.3215739125539585, 0.000000000000000000 ) ) ;
#7506 = DIRECTION ( 'NONE',  ( -1.000000000000000000, 0.000000000000000000, 0.000000000000000000 ) ) ;
#7507 = EDGE_CURVE ( 'NONE', #7606, #4758, #337, .T. ) ;
#7508 = ORIENTED_EDGE ( 'NONE', *, *, #472, .T. ) ;
#7509 = CARTESIAN_POINT ( 'NONE',  ( 503.0343435439377231, 319.9999999999998863, 3.900000000000000355 ) ) ;
#7510 = ORIENTED_EDGE ( 'NONE', *, *, #8185, .F. ) ;
#7511 = CARTESIAN_POINT ( 'NONE',  ( 10.00000000000000000, 30.00000000000000000, 10.00000000000000000 ) ) ;
#7512 = ORIENTED_EDGE ( 'NONE', *, *, #2724, .F. ) ;
#7513 = CARTESIAN_POINT ( 'NONE',  ( 376.2165816590305667, 6.481468999399450759, 9.900000000000009237 ) ) ;
#7514 = VECTOR ( 'NONE', #9910, 1000.000000000000000 ) ;
#7515 = LINE ( 'NONE', #2691, #5036 ) ;
#7516 = VECTOR ( 'NONE', #9435, 1000.000000000000000 ) ;
#7517 = DIRECTION ( 'NONE',  ( 1.000000000000000000, 2.786442101020000197E-16, 0.000000000000000000 ) ) ;
#7518 = ADVANCED_FACE ( 'NONE', ( #5757 ), #9878, .F. ) ;
#7519 = CARTESIAN_POINT ( 'NONE',  ( 355.4799097553371325, 530.0000000000003411, 6.837648237832082643 ) ) ;
#7520 = VERTEX_POINT ( 'NONE', #5810 ) ;
#7521 = ORIENTED_EDGE ( 'NONE', *, *, #9695, .F. ) ;
#7522 = CARTESIAN_POINT ( 'NONE',  ( 359.4097986728072556, 521.6228718193178793, 9.900000000000007461 ) ) ;
#7523 = EDGE_LOOP ( 'NONE', ( #6914, #9165, #1080 ) ) ;
#7524 = VECTOR ( 'NONE', #9898, 1000.000000000000000 ) ;
#7525 = EDGE_CURVE ( 'NONE', #6307, #2153, #7559, .T. ) ;
#7526 = ORIENTED_EDGE ( 'NONE', *, *, #9828, .T. ) ;
#7527 = VECTOR ( 'NONE', #3178, 1000.000000000000000 ) ;
#7528 = VECTOR ( 'NONE', #7506, 1000.000000000000000 ) ;
#7529 = ADVANCED_FACE ( 'NONE', ( #8989 ), #1730, .F. ) ;
#7530 = EDGE_CURVE ( 'NONE', #9033, #9667, #2624, .T. ) ;
#7531 = CYLINDRICAL_SURFACE ( 'NONE', #3399, 3.199999999999999734 ) ;
#7532 = DIRECTION ( 'NONE',  ( 0.000000000000000000, 0.000000000000000000, -1.000000000000000000 ) ) ;
#7533 = VERTEX_POINT ( 'NONE', #7502 ) ;
#7534 = DIRECTION ( 'NONE',  ( 0.7071067811865480168, 1.537334076897189899E-16, -0.7071067811865470176 ) ) ;
#7535 = CARTESIAN_POINT ( 'NONE',  ( 212.5000000000000000, 511.6000000000000796, 0.000000000000000000 ) ) ;
#7536 = ADVANCED_FACE ( 'NONE', ( #1093 ), #4968, .F. ) ;
#7537 = VECTOR ( 'NONE', #9109, 1000.000000000000000 ) ;
#7538 = AXIS2_PLACEMENT_3D ( 'NONE', #3412, #4215, #6551 ) ;
#7539 = DIRECTION ( 'NONE',  ( 0.05694668521242376297, -0.9983772208155177186, 0.000000000000000000 ) ) ;
#7540 = ORIENTED_EDGE ( 'NONE', *, *, #2273, .T. ) ;
#7541 = ORIENTED_EDGE ( 'NONE', *, *, #1307, .T. ) ;
#7542 = VECTOR ( 'NONE', #8906, 1000.000000000000000 ) ;
#7543 = ORIENTED_EDGE ( 'NONE', *, *, #4114, .T. ) ;
#7544 = CARTESIAN_POINT ( 'NONE',  ( 503.0000000000000000, 256.2999999999999545, 7.000000000000000000 ) ) ;
#7545 = CIRCLE ( 'NONE', #3823, 3.199999999999999734 ) ;
#7546 = CARTESIAN_POINT ( 'NONE',  ( 330.0000000000000000, 520.0000000000000000, 10.00000000000000000 ) ) ;
#7547 = DIRECTION ( 'NONE',  ( 0.000000000000000000, -1.000000000000000000, 0.000000000000000000 ) ) ;
#7548 = LINE ( 'NONE', #6704, #6359 ) ;
#7549 = CARTESIAN_POINT ( 'NONE',  ( 6.500000000000000000, 100.6999999999970044, 7.000000000003700151 ) ) ;
#7550 = CARTESIAN_POINT ( 'NONE',  ( 503.2000000000005571, 160.0000000000000284, 4.898046116018929474 ) ) ;
#7551 = EDGE_LOOP ( 'NONE', ( #10151, #7821, #374, #6228 ) ) ;
#7552 = DIRECTION ( 'NONE',  ( 0.000000000000000000, -1.000000000000000000, 0.000000000000000000 ) ) ;
#7553 = ORIENTED_EDGE ( 'NONE', *, *, #1123, .T. ) ;
#7554 = VERTEX_POINT ( 'NONE', #8197 ) ;
#7555 = AXIS2_PLACEMENT_3D ( 'NONE', #9375, #10216, #1390 ) ;
#7556 = CARTESIAN_POINT ( 'NONE',  ( 295.0000000000000568, 510.0000000000000000, 4.238056389090997911 ) ) ;
#7557 = DIRECTION ( 'NONE',  ( 1.000000000000000000, 1.933482610835809801E-33, 0.000000000000000000 ) ) ;
#7558 = AXIS2_PLACEMENT_3D ( 'NONE', #1204, #9395, #368 ) ;
#7559 = LINE ( 'NONE', #7407, #3019 ) ;
#7560 = DIRECTION ( 'NONE',  ( -1.860521002879739963E-33, 1.000000000000000000, -5.010031699572010192E-16 ) ) ;
#7561 = CARTESIAN_POINT ( 'NONE',  ( 328.2500000000000568, 10.00000000000000000, 10.00000000000000000 ) ) ;
#7562 = CARTESIAN_POINT ( 'NONE',  ( 13.19999999999999929, 180.0000000000000000, 12.00000000000000000 ) ) ;
#7563 = ORIENTED_EDGE ( 'NONE', *, *, #3903, .T. ) ;
#7564 = DIRECTION ( 'NONE',  ( -1.000000000000000000, 0.000000000000000000, 0.000000000000000000 ) ) ;
#7565 = ORIENTED_EDGE ( 'NONE', *, *, #10011, .T. ) ;
#7566 = DIRECTION ( 'NONE',  ( -2.010970006868209845E-16, 1.000000000000000000, 0.000000000000000000 ) ) ;
#7567 = EDGE_LOOP ( 'NONE', ( #9279, #9345 ) ) ;
#7568 = AXIS2_PLACEMENT_3D ( 'NONE', #8593, #6212, #8539 ) ;
#7569 = VECTOR ( 'NONE', #906, 1000.000000000000000 ) ;
#7570 = CARTESIAN_POINT ( 'NONE',  ( 378.7345255934321244, 7.295590303580714142, 9.900000000000011013 ) ) ;
#7571 = ADVANCED_FACE ( 'NONE', ( #9036 ), #251, .T. ) ;
#7572 = CARTESIAN_POINT ( 'NONE',  ( 18.19999999999999929, 363.0000000000000000, 11.74081169079630094 ) ) ;
#7573 = CIRCLE ( 'NONE', #3680, 1.750000000000001554 ) ;
#7574 = FACE_OUTER_BOUND ( 'NONE', #3538, .T. ) ;
#7575 = UNCERTAINTY_MEASURE_WITH_UNIT (LENGTH_MEASURE( 1.000000000000000082E-05 ), #6938, 'distance_accuracy_value', 'NONE');
#7576 = CARTESIAN_POINT ( 'NONE',  ( 354.2320086374236325, 530.0000000000004547, 6.395582227419609467 ) ) ;
#7577 = ADVANCED_FACE ( 'NONE', ( #5025 ), #8253, .T. ) ;
#7578 = ORIENTED_EDGE ( 'NONE', *, *, #6987, .T. ) ;
#7579 = ORIENTED_EDGE ( 'NONE', *, *, #1953, .T. ) ;
#7580 = LINE ( 'NONE', #1117, #3952 ) ;
#7581 = ORIENTED_EDGE ( 'NONE', *, *, #2408, .F. ) ;
#7582 = ORIENTED_EDGE ( 'NONE', *, *, #2704, .T. ) ;
#7583 = EDGE_CURVE ( 'NONE', #4952, #4803, #7352, .T. ) ;
#7584 = DIRECTION ( 'NONE',  ( 1.000000000000000000, 0.000000000000000000, 0.000000000000000000 ) ) ;
#7585 = CIRCLE ( 'NONE', #655, 1.750000000000029310 ) ;
#7586 = DIRECTION ( 'NONE',  ( 1.000000000000000000, 0.000000000000000000, 0.000000000000000000 ) ) ;
#7587 = ORIENTED_EDGE ( 'NONE', *, *, #3111, .T. ) ;
#7588 = DIRECTION ( 'NONE',  ( 1.000000000000000000, 0.000000000000000000, 0.000000000000000000 ) ) ;
#7589 = DIRECTION ( 'NONE',  ( 0.000000000000000000, 0.000000000000000000, -1.000000000000000000 ) ) ;
#7590 = DIRECTION ( 'NONE',  ( 1.000000000000000000, 0.000000000000000000, 0.000000000000000000 ) ) ;
#7591 = EDGE_CURVE ( 'NONE', #8496, #8484, #9788, .T. ) ;
#7592 = EDGE_CURVE ( 'NONE', #1883, #2598, #4126, .T. ) ;
#7593 = ORIENTED_EDGE ( 'NONE', *, *, #8622, .F. ) ;
#7594 = EDGE_LOOP ( 'NONE', ( #3432, #9061, #4769, #5624, #1750, #9774, #2710 ) ) ;
#7595 = ORIENTED_EDGE ( 'NONE', *, *, #6009, .F. ) ;
#7596 = CARTESIAN_POINT ( 'NONE',  ( 500.0000000000000000, 370.0000000000000000, 10.00000000000000000 ) ) ;
#7597 = EDGE_CURVE ( 'NONE', #1920, #804, #1011, .T. ) ;
#7598 = CARTESIAN_POINT ( 'NONE',  ( 503.0343435439377231, 362.9999999999998863, 3.900000000000000355 ) ) ;
#7599 = DIRECTION ( 'NONE',  ( 1.000000000000000000, 0.000000000000000000, 0.000000000000000000 ) ) ;
#7600 = LINE ( 'NONE', #9184, #269 ) ;
#7601 = CARTESIAN_POINT ( 'NONE',  ( 496.8000000000000114, 370.0000000000000000, 20.00000000000000000 ) ) ;
#7602 = AXIS2_PLACEMENT_3D ( 'NONE', #9980, #6658, #6611 ) ;
#7603 = DIRECTION ( 'NONE',  ( 0.000000000000000000, -1.000000000000000000, 0.000000000000000000 ) ) ;
#7604 = ORIENTED_EDGE ( 'NONE', *, *, #5425, .T. ) ;
#7605 = CARTESIAN_POINT ( 'NONE',  ( 340.0000000000000000, 527.4544155877280218, -1.112536898408479923E-15 ) ) ;
#7606 = VERTEX_POINT ( 'NONE', #486 ) ;
#7607 = VERTEX_POINT ( 'NONE', #9577 ) ;
#7608 = CARTESIAN_POINT ( 'NONE',  ( 170.0000000000000000, 510.0000000000000000, 20.00000000000000000 ) ) ;
#7609 = PLANE ( 'NONE',  #1727 ) ;
#7610 = CIRCLE ( 'NONE', #5745, 3.000000000000007994 ) ;
#7611 = CARTESIAN_POINT ( 'NONE',  ( 178.2500000000000000, 10.00000000000000000, 0.000000000000000000 ) ) ;
#7612 = PLANE ( 'NONE',  #9907 ) ;
#7613 = CARTESIAN_POINT ( 'NONE',  ( 333.1999999999999886, 10.00000000000000000, 20.00000000000000000 ) ) ;
#7614 = FACE_OUTER_BOUND ( 'NONE', #1698, .T. ) ;
#7615 = VERTEX_POINT ( 'NONE', #6990 ) ;
#7616 = VECTOR ( 'NONE', #2193, 1000.000000000000000 ) ;
#7617 = CARTESIAN_POINT ( 'NONE',  ( 503.0847763593052377, 370.8529652058491592, 4.467463423124082844 ) ) ;
#7618 = ORIENTED_EDGE ( 'NONE', *, *, #6571, .F. ) ;
#7619 = DIRECTION ( 'NONE',  ( 1.000000000000000000, 0.000000000000000000, 0.000000000000000000 ) ) ;
#7620 = LINE ( 'NONE', #2785, #2418 ) ;
#7621 = DIRECTION ( 'NONE',  ( -1.000000000000000000, 0.000000000000000000, 0.000000000000000000 ) ) ;
#7622 = CARTESIAN_POINT ( 'NONE',  ( 377.4187198280707776, 7.064307286361396265, 9.900000000000011013 ) ) ;
#7623 = DIRECTION ( 'NONE',  ( 0.000000000000000000, 0.000000000000000000, -1.000000000000000000 ) ) ;
#7624 = AXIS2_PLACEMENT_3D ( 'NONE', #8967, #871, #1549 ) ;
#7625 = CARTESIAN_POINT ( 'NONE',  ( 170.0000000000000000, 511.8000000000000114, 15.65441558772840125 ) ) ;
#7626 = CARTESIAN_POINT ( 'NONE',  ( 340.0000000000000000, 530.0000000000000000, 5.000000000000000000 ) ) ;
#7627 = EDGE_CURVE ( 'NONE', #7289, #1533, #10152, .T. ) ;
#7628 = DIRECTION ( 'NONE',  ( 0.000000000000000000, 0.000000000000000000, -1.000000000000000000 ) ) ;
#7629 = ORIENTED_EDGE ( 'NONE', *, *, #406, .T. ) ;
#7630 = EDGE_LOOP ( 'NONE', ( #1075, #7721, #925, #6333 ) ) ;
#7631 = CIRCLE ( 'NONE', #6618, 3.199999999999980638 ) ;
#7632 = DIRECTION ( 'NONE',  ( -1.000000000000000000, 0.000000000000000000, 0.000000000000000000 ) ) ;
#7633 = EDGE_CURVE ( 'NONE', #523, #706, #2327, .T. ) ;
#7634 = VERTEX_POINT ( 'NONE', #10255 ) ;
#7635 = FACE_BOUND ( 'NONE', #149, .T. ) ;
#7636 = CARTESIAN_POINT ( 'NONE',  ( 18.39999999999999858, 170.0000000000000000, 16.13725830020299767 ) ) ;
#7637 = CARTESIAN_POINT ( 'NONE',  ( 6.500000000000000000, 475.1999999999999886, 12.99999999999979927 ) ) ;
#7638 = EDGE_LOOP ( 'NONE', ( #2838, #7088 ) ) ;
#7639 = EDGE_CURVE ( 'NONE', #10189, #7911, #5575, .T. ) ;
#7640 = VERTEX_POINT ( 'NONE', #10199 ) ;
#7641 = EDGE_LOOP ( 'NONE', ( #6711, #3066, #3286, #3744, #4790, #2965, #912 ) ) ;
#7642 = LINE ( 'NONE', #3008, #7527 ) ;
#7643 = EDGE_CURVE ( 'NONE', #7640, #1356, #9521, .T. ) ;
#7644 = DIRECTION ( 'NONE',  ( 0.7071067811865480168, 1.537334076897189899E-16, -0.7071067811865470176 ) ) ;
#7645 = CARTESIAN_POINT ( 'NONE',  ( 343.0000000000000000, 265.0000000000000000, 7.827207793864200625 ) ) ;
#7646 = CARTESIAN_POINT ( 'NONE',  ( 503.0359596853934931, 265.4005116316708381, 3.999999999999999112 ) ) ;
#7647 = LINE ( 'NONE', #2614, #5926 ) ;
#7648 = CARTESIAN_POINT ( 'NONE',  ( 503.1059760767805642, 159.2242244629530319, 4.566979016684098447 ) ) ;
#7649 = EDGE_LOOP ( 'NONE', ( #8750, #2950, #6846, #7348 ) ) ;
#7650 = EDGE_CURVE ( 'NONE', #3826, #9775, #2951, .T. ) ;
#7651 = ORIENTED_EDGE ( 'NONE', *, *, #10220, .F. ) ;
#7652 = CIRCLE ( 'NONE', #4605, 3.199999999999980638 ) ;
#7653 = ORIENTED_EDGE ( 'NONE', *, *, #1445, .T. ) ;
#7654 = CARTESIAN_POINT ( 'NONE',  ( 13.19999999999999929, 500.0000000000000000, 4.000000000000000000 ) ) ;
#7655 = SURFACE_STYLE_USAGE ( .BOTH. , #458 ) ;
#7656 = EDGE_CURVE ( 'NONE', #4752, #10173, #4557, .T. ) ;
#7657 = AXIS2_PLACEMENT_3D ( 'NONE', #7169, #6372, #913 ) ;
#7658 = FACE_OUTER_BOUND ( 'NONE', #55, .T. ) ;
#7659 = PLANE ( 'NONE',  #1118 ) ;
#7660 = EDGE_CURVE ( 'NONE', #6069, #1089, #7046, .T. ) ;
#7661 = CARTESIAN_POINT ( 'NONE',  ( 340.0000000000000000, 527.4544155877280218, -1.112536898408479923E-15 ) ) ;
#7662 = LINE ( 'NONE', #6278, #1614 ) ;
#7663 = ORIENTED_EDGE ( 'NONE', *, *, #2801, .F. ) ;
#7664 = ADVANCED_FACE ( 'NONE', ( #7949, #3708 ), #9419, .F. ) ;
#7665 = AXIS2_PLACEMENT_3D ( 'NONE', #5295, #10251, #2105 ) ;
#7666 = CARTESIAN_POINT ( 'NONE',  ( 170.0000000000000000, 2.545584412271580277, -1.527713595751250061E-15 ) ) ;
#7667 = ORIENTED_EDGE ( 'NONE', *, *, #2531, .T. ) ;
#7668 = CARTESIAN_POINT ( 'NONE',  ( 20.00000000000000000, 20.00000000000000000, 0.000000000000000000 ) ) ;
#7669 = ORIENTED_EDGE ( 'NONE', *, *, #7852, .T. ) ;
#7670 = DIRECTION ( 'NONE',  ( 0.000000000000000000, 0.000000000000000000, -1.000000000000000000 ) ) ;
#7671 = CARTESIAN_POINT ( 'NONE',  ( 505.9425898691238785, 512.2068833318884344, 3.900000000000000355 ) ) ;
#7672 = FACE_OUTER_BOUND ( 'NONE', #2654, .T. ) ;
#7673 = DIRECTION ( 'NONE',  ( 2.010970006868209845E-16, -1.000000000000000000, 0.000000000000000000 ) ) ;
#7674 = LINE ( 'NONE', #3596, #9383 ) ;
#7675 = DIRECTION ( 'NONE',  ( 0.000000000000000000, -1.000000000000000000, 0.000000000000000000 ) ) ;
#7676 = CARTESIAN_POINT ( 'NONE',  ( 343.0000000000000000, 77.94319805153401148, 75.39761363926230331 ) ) ;
#7677 = ORIENTED_EDGE ( 'NONE', *, *, #10405, .T. ) ;
#7678 = VERTEX_POINT ( 'NONE', #7102 ) ;
#7679 = CARTESIAN_POINT ( 'NONE',  ( 6.799999999999999822, 370.0000000000000000, 20.00000000000000000 ) ) ;
#7680 = VECTOR ( 'NONE', #10442, 1000.000000000000000 ) ;
#7681 = ORIENTED_EDGE ( 'NONE', *, *, #1691, .F. ) ;
#7682 = CARTESIAN_POINT ( 'NONE',  ( 503.1656268378781078, 29.51786066976643141, 4.792284185553878473 ) ) ;
#7683 = CARTESIAN_POINT ( 'NONE',  ( 20.00000000000000000, 510.0000000000000000, 20.00000000000000000 ) ) ;
#7684 = LINE ( 'NONE', #8586, #2283 ) ;
#7685 = ORIENTED_EDGE ( 'NONE', *, *, #2351, .F. ) ;
#7686 = VECTOR ( 'NONE', #8337, 1000.000000000000000 ) ;
#7687 = ORIENTED_EDGE ( 'NONE', *, *, #4114, .F. ) ;
#7688 = AXIS2_PLACEMENT_3D ( 'NONE', #6662, #1051, #2776 ) ;
#7689 = VERTEX_POINT ( 'NONE', #6247 ) ;
#7690 = VECTOR ( 'NONE', #2282, 1000.000000000000000 ) ;
#7691 = DIRECTION ( 'NONE',  ( 0.000000000000000000, 0.000000000000000000, -1.000000000000000000 ) ) ;
#7692 = EDGE_CURVE ( 'NONE', #211, #3263, #7838, .T. ) ;
#7693 = DIRECTION ( 'NONE',  ( -6.123233995736799316E-17, 0.000000000000000000, -1.000000000000000000 ) ) ;
#7694 = VECTOR ( 'NONE', #4210, 1000.000000000000000 ) ;
#7695 = VECTOR ( 'NONE', #3532, 1000.000000000000000 ) ;
#7696 = DIRECTION ( 'NONE',  ( 0.000000000000000000, 1.000000000000000000, 0.000000000000000000 ) ) ;
#7697 = LINE ( 'NONE', #8648, #1646 ) ;
#7698 = CARTESIAN_POINT ( 'NONE',  ( 491.5999999999999659, 364.0000000000000000, -1.336473192149119894E-14 ) ) ;
#7699 = ORIENTED_EDGE ( 'NONE', *, *, #1181, .F. ) ;
#7700 = VECTOR ( 'NONE', #1798, 1000.000000000000000 ) ;
#7701 = ORIENTED_EDGE ( 'NONE', *, *, #6798, .T. ) ;
#7702 = EDGE_CURVE ( 'NONE', #8793, #8864, #583, .T. ) ;
#7703 = ORIENTED_EDGE ( 'NONE', *, *, #8882, .F. ) ;
#7704 = AXIS2_PLACEMENT_3D ( 'NONE', #1680, #4869, #794 ) ;
#7705 = FACE_OUTER_BOUND ( 'NONE', #8692, .T. ) ;
#7706 =( LENGTH_UNIT ( ) NAMED_UNIT ( * ) SI_UNIT ( .MILLI., .METRE. ) );
#7707 = CARTESIAN_POINT ( 'NONE',  ( 160.0000000000000000, 520.0000000000000000, 10.00000000000000000 ) ) ;
#7708 = CARTESIAN_POINT ( 'NONE',  ( 500.0000000000000000, 30.00000000000000000, 4.000000000000000000 ) ) ;
#7709 = EDGE_CURVE ( 'NONE', #1609, #7935, #3883, .T. ) ;
#7710 =( BOUNDED_CURVE ( )  B_SPLINE_CURVE ( 3, ( #2960, #9425, #5303, #1381 ),
 .UNSPECIFIED., .F., .F. ) 
 B_SPLINE_CURVE_WITH_KNOTS ( ( 4, 4 ),
 ( 0.000000000000000000, 3.141592653589793116 ),
 .UNSPECIFIED. ) 
 CURVE ( )  GEOMETRIC_REPRESENTATION_ITEM ( )  RATIONAL_B_SPLINE_CURVE ( ( 1.000000000000000000, 0.3333333333333333703, 0.3333333333333333703, 1.000000000000000000 ) ) 
 REPRESENTATION_ITEM ( '' )  );
#7711 = CARTESIAN_POINT ( 'NONE',  ( 10.37279220613580044, 167.0000000000000000, 7.827207793864209506 ) ) ;
#7712 = DIRECTION ( 'NONE',  ( 0.000000000000000000, -1.000000000000000000, 0.000000000000000000 ) ) ;
#7713 = DIRECTION ( 'NONE',  ( 1.000000000000000000, 2.438136838392499864E-16, 4.607900012717279919E-17 ) ) ;
#7714 = VECTOR ( 'NONE', #1509, 1000.000000000000000 ) ;
#7715 = VERTEX_POINT ( 'NONE', #2166 ) ;
#7716 = CARTESIAN_POINT ( 'NONE',  ( 506.1277871273666165, 360.0000000000000568, 6.899554978706654573 ) ) ;
#7717 = EDGE_CURVE ( 'NONE', #10057, #3826, #3811, .T. ) ;
#7718 = EDGE_CURVE ( 'NONE', #1055, #4965, #2186, .T. ) ;
#7719 = VECTOR ( 'NONE', #1759, 1000.000000000000000 ) ;
#7720 = VECTOR ( 'NONE', #7871, 1000.000000000000000 ) ;
#7721 = ORIENTED_EDGE ( 'NONE', *, *, #5332, .T. ) ;
#7722 = DIRECTION ( 'NONE',  ( 1.000000000000000000, 0.000000000000000000, 0.000000000000000000 ) ) ;
#7723 = VERTEX_POINT ( 'NONE', #9361 ) ;
#7724 = CARTESIAN_POINT ( 'NONE',  ( 0.000000000000000000, 75.69999999999319584, 7.000000000000000000 ) ) ;
#7725 = B_SPLINE_CURVE_WITH_KNOTS ( 'NONE', 3,
 ( #3236, #8748, #1490, #9639, #1648, #4138, #7369, #8116, #4723, #7273, #4776, #16, #7958, #3281, #6474, #9689, #862, #8011, #6523, #702, #3932, #10370, #6425, #10430, #3986, #5618, #5672, #4830, #7166, #2435 ),
 .UNSPECIFIED., .F., .F.,
 ( 4, 2, 2, 2, 2, 2, 2, 2, 2, 2, 2, 2, 2, 2, 4 ),
 ( 0.000000000000000000, 0.001064174416158657427, 0.001596261624237931389, 0.002128348832317205133, 0.002660436040396478661, 0.003192523248475753056, 0.003724610456555026584, 0.004256697664634300979, 0.004788784872713574073, 0.005320872080792848034, 0.005852959288872122863, 0.006385046496951395957, 0.007449220913109674998, 0.007981308121188815385, 0.008513395329267954906 ),
 .UNSPECIFIED. ) ;
#7726 = FACE_OUTER_BOUND ( 'NONE', #588, .T. ) ;
#7727 = AXIS2_PLACEMENT_3D ( 'NONE', #4571, #657, #5417 ) ;
#7728 = DIRECTION ( 'NONE',  ( 0.000000000000000000, 1.480297366166879989E-15, -1.000000000000000000 ) ) ;
#7729 = EDGE_CURVE ( 'NONE', #8423, #4132, #4658, .T. ) ;
#7730 = DIRECTION ( 'NONE',  ( 0.000000000000000000, 0.000000000000000000, -1.000000000000000000 ) ) ;
#7731 = VECTOR ( 'NONE', #1237, 1000.000000000000000 ) ;
#7732 = CARTESIAN_POINT ( 'NONE',  ( 0.000000000000000000, 465.6999999999999886, 6.999999999996290079 ) ) ;
#7733 = CARTESIAN_POINT ( 'NONE',  ( 503.9955210965396759, 170.0000000000000853, 6.136203463644791078 ) ) ;
#7734 = DIRECTION ( 'NONE',  ( 5.150023242950979919E-17, -0.7071067811865470176, -0.7071067811865480168 ) ) ;
#7735 = ORIENTED_EDGE ( 'NONE', *, *, #10358, .F. ) ;
#7736 = AXIS2_PLACEMENT_3D ( 'NONE', #3065, #2061, #5299 ) ;
#7737 = DIRECTION ( 'NONE',  ( 0.000000000000000000, 0.000000000000000000, -1.000000000000000000 ) ) ;
#7738 = EDGE_LOOP ( 'NONE', ( #5900, #7847, #318, #3434 ) ) ;
#7739 = FACE_BOUND ( 'NONE', #7426, .T. ) ;
#7740 = ORIENTED_EDGE ( 'NONE', *, *, #2487, .T. ) ;
#7741 = CIRCLE ( 'NONE', #7410, 3.199999999999999734 ) ;
#7742 = DIRECTION ( 'NONE',  ( 0.000000000000000000, 0.000000000000000000, -1.000000000000000000 ) ) ;
#7743 = CARTESIAN_POINT ( 'NONE',  ( 503.0400134473734965, 180.9992410812812125, 4.125379968884720583 ) ) ;
#7744 = LINE ( 'NONE', #7111, #800 ) ;
#7745 = VECTOR ( 'NONE', #3330, 1000.000000000000000 ) ;
#7746 = ORIENTED_EDGE ( 'NONE', *, *, #3581, .T. ) ;
#7747 = ORIENTED_EDGE ( 'NONE', *, *, #9838, .F. ) ;
#7748 = VERTEX_POINT ( 'NONE', #3062 ) ;
#7749 = CARTESIAN_POINT ( 'NONE',  ( 363.0018050113110917, 526.4288566782357748, -9.146565213191545956E-17 ) ) ;
#7750 = CARTESIAN_POINT ( 'NONE',  ( 506.4999999999999432, 251.3000000000000114, 10.00000000000000000 ) ) ;
#7751 = DIRECTION ( 'NONE',  ( 1.000000000000000000, 0.000000000000000000, 0.000000000000000000 ) ) ;
#7752 = CARTESIAN_POINT ( 'NONE',  ( 215.0000000000000284, 514.4217806203392911, 12.28007323212750102 ) ) ;
#7753 = CARTESIAN_POINT ( 'NONE',  ( 76.01568542494919711, 170.0000000000000000, 73.75294372515230634 ) ) ;
#7754 = ORIENTED_EDGE ( 'NONE', *, *, #1031, .F. ) ;
#7755 = ORIENTED_EDGE ( 'NONE', *, *, #7265, .F. ) ;
#7756 = ORIENTED_EDGE ( 'NONE', *, *, #4084, .T. ) ;
#7757 = ADVANCED_FACE ( 'NONE', ( #7896 ), #3114, .F. ) ;
#7758 = DIRECTION ( 'NONE',  ( 1.000000000000000000, 0.000000000000000000, 0.000000000000000000 ) ) ;
#7759 = DIRECTION ( 'NONE',  ( 1.000000000000000000, 0.000000000000000000, 0.000000000000000000 ) ) ;
#7760 = CARTESIAN_POINT ( 'NONE',  ( 503.0359596853934931, 265.4005116316708381, 3.999999999999999112 ) ) ;
#7761 = DIRECTION ( 'NONE',  ( 0.000000000000000000, -1.000000000000000000, 0.000000000000000000 ) ) ;
#7762 = DIRECTION ( 'NONE',  ( 0.000000000000000000, 1.000000000000000000, -6.123233995736799316E-17 ) ) ;
#7763 = VECTOR ( 'NONE', #7621, 1000.000000000000000 ) ;
#7764 = EDGE_CURVE ( 'NONE', #2598, #10075, #8736, .T. ) ;
#7765 = DIRECTION ( 'NONE',  ( 1.000000000000000000, 0.000000000000000000, 0.000000000000000000 ) ) ;
#7766 = DIRECTION ( 'NONE',  ( 0.000000000000000000, 0.000000000000000000, 1.000000000000000000 ) ) ;
#7767 = EDGE_LOOP ( 'NONE', ( #5116, #7223, #7126, #1142 ) ) ;
#7768 = DIRECTION ( 'NONE',  ( 0.000000000000000000, 0.000000000000000000, -1.000000000000000000 ) ) ;
#7769 = VERTEX_POINT ( 'NONE', #6356 ) ;
#7770 = EDGE_LOOP ( 'NONE', ( #6271, #5069, #7618, #4483 ) ) ;
#7771 = EDGE_CURVE ( 'NONE', #7634, #9643, #5664, .T. ) ;
#7772 = CIRCLE ( 'NONE', #8966, 1.750000000000029310 ) ;
#7773 = EDGE_LOOP ( 'NONE', ( #442, #3599, #821, #10401 ) ) ;
#7774 = DIRECTION ( 'NONE',  ( 0.000000000000000000, -5.010031699572010192E-16, -1.000000000000000000 ) ) ;
#7775 = EDGE_LOOP ( 'NONE', ( #1594, #7651, #5644, #8751 ) ) ;
#7776 =( BOUNDED_CURVE ( )  B_SPLINE_CURVE ( 3, ( #7556, #3527, #10027, #6764 ),
 .UNSPECIFIED., .F., .F. ) 
 B_SPLINE_CURVE_WITH_KNOTS ( ( 4, 4 ),
 ( 0.000000000000000000, 3.141592653589793116 ),
 .UNSPECIFIED. ) 
 CURVE ( )  GEOMETRIC_REPRESENTATION_ITEM ( )  RATIONAL_B_SPLINE_CURVE ( ( 1.000000000000000000, 0.3333333333333333703, 0.3333333333333333703, 1.000000000000000000 ) ) 
 REPRESENTATION_ITEM ( '' )  );
#7777 = PLANE ( 'NONE',  #6920 ) ;
#7778 = DIRECTION ( 'NONE',  ( 0.000000000000000000, -1.000000000000000000, 0.000000000000000000 ) ) ;
#7779 = DIRECTION ( 'NONE',  ( 1.000000000000000000, 0.000000000000000000, 0.000000000000000000 ) ) ;
#7780 = EDGE_CURVE ( 'NONE', #4263, #7192, #902, .T. ) ;
#7781 = EDGE_CURVE ( 'NONE', #4132, #9641, #4975, .T. ) ;
#7782 = EDGE_CURVE ( 'NONE', #2886, #8016, #7772, .T. ) ;
#7783 = CARTESIAN_POINT ( 'NONE',  ( 500.0000000000000000, 160.0000000000000000, 10.00000000000000000 ) ) ;
#7784 = CIRCLE ( 'NONE', #5924, 1.749999999999999778 ) ;
#7785 = DIRECTION ( 'NONE',  ( 1.000000000000000000, 0.000000000000000000, 0.000000000000000000 ) ) ;
#7786 = VECTOR ( 'NONE', #1981, 1000.000000000000000 ) ;
#7787 = CARTESIAN_POINT ( 'NONE',  ( 328.2500000000000568, 10.00000000000000000, 4.000000000000000000 ) ) ;
#7788 = DIRECTION ( 'NONE',  ( 0.000000000000000000, 0.000000000000000000, -1.000000000000000000 ) ) ;
#7789 = EDGE_CURVE ( 'NONE', #7013, #8038, #4929, .T. ) ;
#7790 = ORIENTED_EDGE ( 'NONE', *, *, #487, .F. ) ;
#7791 = DIRECTION ( 'NONE',  ( 1.000000000000000000, 0.000000000000000000, 0.000000000000000000 ) ) ;
#7792 = VERTEX_POINT ( 'NONE', #8057 ) ;
#7793 = FACE_OUTER_BOUND ( 'NONE', #5349, .T. ) ;
#7794 = ADVANCED_FACE ( 'NONE', ( #4086 ), #6573, .T. ) ;
#7795 = ORIENTED_EDGE ( 'NONE', *, *, #9671, .F. ) ;
#7796 = DIRECTION ( 'NONE',  ( 1.000000000000000000, 0.000000000000000000, 0.000000000000000000 ) ) ;
#7797 = CARTESIAN_POINT ( 'NONE',  ( 496.6788665236776978, 7.157628602830923725, -9.146565213191545956E-17 ) ) ;
#7798 = LINE ( 'NONE', #546, #6517 ) ;
#7799 = ORIENTED_EDGE ( 'NONE', *, *, #8595, .T. ) ;
#7800 = ADVANCED_FACE ( 'NONE', ( #7361 ), #2382, .F. ) ;
#7801 = AXIS2_PLACEMENT_3D ( 'NONE', #2563, #5642, #8189 ) ;
#7802 = ORIENTED_EDGE ( 'NONE', *, *, #2901, .F. ) ;
#7803 = ORIENTED_EDGE ( 'NONE', *, *, #4548, .T. ) ;
#7804 = DIRECTION ( 'NONE',  ( 1.000000000000000000, 0.000000000000000000, 0.000000000000000000 ) ) ;
#7805 = FACE_OUTER_BOUND ( 'NONE', #4459, .T. ) ;
#7806 = CARTESIAN_POINT ( 'NONE',  ( 343.0000000000000000, 511.8000000000000114, 15.65441558772840125 ) ) ;
#7807 = CARTESIAN_POINT ( 'NONE',  ( 0.000000000000000000, 465.6999999999999886, 12.99999999999960032 ) ) ;
#7808 = CARTESIAN_POINT ( 'NONE',  ( 255.0000000000000000, 265.0000000000000000, 0.000000000000000000 ) ) ;
#7809 = EDGE_LOOP ( 'NONE', ( #2015, #9359, #8407, #8193, #10164, #2338, #10323, #2431 ) ) ;
#7810 = ORIENTED_EDGE ( 'NONE', *, *, #3021, .F. ) ;
#7811 = ORIENTED_EDGE ( 'NONE', *, *, #9012, .T. ) ;
#7812 = CARTESIAN_POINT ( 'NONE',  ( 6.799999999999999822, 500.0000000000000000, 4.000000000000000000 ) ) ;
#7813 = PLANE ( 'NONE',  #5723 ) ;
#7814 = DIRECTION ( 'NONE',  ( 0.000000000000000000, 1.000000000000000000, 0.000000000000000000 ) ) ;
#7815 = LINE ( 'NONE', #6115, #9075 ) ;
#7816 = CARTESIAN_POINT ( 'NONE',  ( 295.0000000000000568, 530.0000000000000000, 17.06413377357577588 ) ) ;
#7817 = DIRECTION ( 'NONE',  ( 0.000000000000000000, 6.123233995736769734E-17, 1.000000000000000000 ) ) ;
#7818 = VECTOR ( 'NONE', #1502, 1000.000000000000114 ) ;
#7819 = ORIENTED_EDGE ( 'NONE', *, *, #5565, .T. ) ;
#7820 = CARTESIAN_POINT ( 'NONE',  ( 510.0000000000000000, 246.2999999999999829, 7.000000000000000000 ) ) ;
#7821 = ORIENTED_EDGE ( 'NONE', *, *, #6564, .T. ) ;
#7822 = ORIENTED_EDGE ( 'NONE', *, *, #2668, .T. ) ;
#7823 = EDGE_LOOP ( 'NONE', ( #1930, #8343, #9901, #9191 ) ) ;
#7824 = EDGE_CURVE ( 'NONE', #9715, #965, #3385, .T. ) ;
#7825 = CARTESIAN_POINT ( 'NONE',  ( 20.00000000000000000, 510.0000000000000000, 20.00000000000000000 ) ) ;
#7826 = CARTESIAN_POINT ( 'NONE',  ( 3.500000000000000000, 72.35000000000000853, 10.00000000000000000 ) ) ;
#7827 = DIRECTION ( 'NONE',  ( 0.000000000000000000, 0.000000000000000000, 1.000000000000000000 ) ) ;
#7828 = DIRECTION ( 'NONE',  ( -2.010970006868209845E-16, 1.000000000000000000, 0.000000000000000000 ) ) ;
#7829 = DIRECTION ( 'NONE',  ( 1.000000000000000000, 0.000000000000000000, 0.000000000000000000 ) ) ;
#7830 = EDGE_CURVE ( 'NONE', #9717, #3457, #7610, .T. ) ;
#7831 = FACE_OUTER_BOUND ( 'NONE', #3172, .T. ) ;
#7832 = AXIS2_PLACEMENT_3D ( 'NONE', #6287, #3964, #2259 ) ;
#7833 = AXIS2_PLACEMENT_3D ( 'NONE', #677, #10398, #4638 ) ;
#7834 = CARTESIAN_POINT ( 'NONE',  ( 10.00000000000000000, 370.0000000000000000, 0.000000000000000000 ) ) ;
#7835 = CARTESIAN_POINT ( 'NONE',  ( 504.7504650551515510, 170.0000000000003411, 6.662030445831679693 ) ) ;
#7836 = LINE ( 'NONE', #2269, #8177 ) ;
#7837 = ORIENTED_EDGE ( 'NONE', *, *, #1235, .F. ) ;
#7838 = LINE ( 'NONE', #6940, #10296 ) ;
#7839 = VERTEX_POINT ( 'NONE', #3276 ) ;
#7840 = CARTESIAN_POINT ( 'NONE',  ( 500.0000000000000000, 370.0000000000000000, 20.00000000000000000 ) ) ;
#7841 = CARTESIAN_POINT ( 'NONE',  ( 209.1999999999999886, 510.0000000000000568, 4.238056389090750109 ) ) ;
#7842 = EDGE_CURVE ( 'NONE', #4262, #1703, #5916, .T. ) ;
#7843 = ORIENTED_EDGE ( 'NONE', *, *, #7140, .T. ) ;
#7844 = CARTESIAN_POINT ( 'NONE',  ( 510.0000000000000000, 530.0000000000000000, 20.00000000000000000 ) ) ;
#7845 = FACE_OUTER_BOUND ( 'NONE', #9789, .T. ) ;
#7846 = DIRECTION ( 'NONE',  ( 0.000000000000000000, 0.000000000000000000, -1.000000000000000000 ) ) ;
#7847 = ORIENTED_EDGE ( 'NONE', *, *, #4162, .T. ) ;
#7848 = EDGE_LOOP ( 'NONE', ( #6524, #5470, #5781, #9963 ) ) ;
#7849 = EDGE_CURVE ( 'NONE', #6357, #8865, #8950, .T. ) ;
#7850 = SURFACE_STYLE_USAGE ( .BOTH. , #8752 ) ;
#7851 = EDGE_LOOP ( 'NONE', ( #841, #4440 ) ) ;
#7852 = EDGE_CURVE ( 'NONE', #1434, #4714, #7281, .T. ) ;
#7853 = EDGE_CURVE ( 'NONE', #1598, #10322, #956, .T. ) ;
#7854 = VERTEX_POINT ( 'NONE', #3332 ) ;
#7855 = FACE_OUTER_BOUND ( 'NONE', #9998, .T. ) ;
#7856 = EDGE_CURVE ( 'NONE', #10156, #5847, #9046, .T. ) ;
#7857 = CARTESIAN_POINT ( 'NONE',  ( 166.0000000000000000, 137.6656854249489754, 0.000000000000000000 ) ) ;
#7858 = CARTESIAN_POINT ( 'NONE',  ( 170.0000000000000000, 511.8000000000000114, 5.000000000000000000 ) ) ;
#7859 = DIRECTION ( 'NONE',  ( 0.000000000000000000, 0.000000000000000000, -1.000000000000000000 ) ) ;
#7860 = COLOUR_RGB ( '',0.7921568627450980005, 0.8196078431372548767, 0.9333333333333333481 ) ;
#7861 = CARTESIAN_POINT ( 'NONE',  ( 255.0000000000000000, 265.0000000000000000, 20.00000000000000000 ) ) ;
#7862 = ORIENTED_EDGE ( 'NONE', *, *, #2476, .F. ) ;
#7863 = ORIENTED_EDGE ( 'NONE', *, *, #7011, .F. ) ;
#7864 = ORIENTED_EDGE ( 'NONE', *, *, #1634, .T. ) ;
#7865 = AXIS2_PLACEMENT_3D ( 'NONE', #5346, #6036, #6082 ) ;
#7866 = CARTESIAN_POINT ( 'NONE',  ( 18.19999999999999929, 167.0000000000000000, 15.65441558772840125 ) ) ;
#7867 = LINE ( 'NONE', #8768, #1999 ) ;
#7868 = VECTOR ( 'NONE', #3064, 1000.000000000000000 ) ;
#7869 = AXIS2_PLACEMENT_3D ( 'NONE', #578, #1263, #3752 ) ;
#7870 = LINE ( 'NONE', #3088, #785 ) ;
#7871 = DIRECTION ( 'NONE',  ( 0.000000000000000000, 1.000000000000000000, 0.000000000000000000 ) ) ;
#7872 = CARTESIAN_POINT ( 'NONE',  ( 510.0000000000000000, 9.860761315262649319E-31, 20.00000000000000000 ) ) ;
#7873 = DIRECTION ( 'NONE',  ( 1.000000000000000000, -0.000000000000000000, 0.000000000000000000 ) ) ;
#7874 = ORIENTED_EDGE ( 'NONE', *, *, #8468, .F. ) ;
#7875 = VECTOR ( 'NONE', #421, 1000.000000000000000 ) ;
#7876 = CARTESIAN_POINT ( 'NONE',  ( 504.4410392546226944, 340.0000000000001705, 6.488368252848781381 ) ) ;
#7877 = ORIENTED_EDGE ( 'NONE', *, *, #10162, .T. ) ;
#7878 = ORIENTED_EDGE ( 'NONE', *, *, #6811, .T. ) ;
#7879 = ORIENTED_EDGE ( 'NONE', *, *, #8290, .F. ) ;
#7880 = LINE ( 'NONE', #6976, #8458 ) ;
#7881 = CIRCLE ( 'NONE', #433, 11.04749932529636602 ) ;
#7882 = DIRECTION ( 'NONE',  ( 0.000000000000000000, 0.000000000000000000, 1.000000000000000000 ) ) ;
#7883 = DIRECTION ( 'NONE',  ( 0.000000000000000000, 0.000000000000000000, -1.000000000000000000 ) ) ;
#7884 = CARTESIAN_POINT ( 'NONE',  ( 503.0721649371210447, 363.0000000000000000, 4.382250650604668785 ) ) ;
#7885 = PLANE ( 'NONE',  #2815 ) ;
#7886 = AXIS2_PLACEMENT_3D ( 'NONE', #3255, #8086, #6597 ) ;
#7887 = CARTESIAN_POINT ( 'NONE',  ( 0.000000000000000000, 440.6999999999999886, 13.00000000000000000 ) ) ;
#7888 = DIRECTION ( 'NONE',  ( 0.000000000000000000, 0.000000000000000000, -1.000000000000000000 ) ) ;
#7889 = ORIENTED_EDGE ( 'NONE', *, *, #219, .T. ) ;
#7890 = AXIS2_PLACEMENT_3D ( 'NONE', #3456, #3405, #6794 ) ;
#7891 = CARTESIAN_POINT ( 'NONE',  ( 503.0721649371223521, 170.0000000000000284, 4.382250650605774567 ) ) ;
#7892 = PRESENTATION_STYLE_ASSIGNMENT (( #4656 ) ) ;
#7893 = ORIENTED_EDGE ( 'NONE', *, *, #9499, .T. ) ;
#7894 = EDGE_CURVE ( 'NONE', #3447, #9900, #7266, .T. ) ;
#7895 = VECTOR ( 'NONE', #9281, 1000.000000000000000 ) ;
#7896 = FACE_OUTER_BOUND ( 'NONE', #3545, .T. ) ;
#7897 = VERTEX_POINT ( 'NONE', #749 ) ;
#7898 = LINE ( 'NONE', #1484, #8708 ) ;
#7899 = DIRECTION ( 'NONE',  ( -1.492928237510310014E-32, 0.000000000000000000, 1.000000000000000000 ) ) ;
#7900 = ADVANCED_BREP_SHAPE_REPRESENTATION ( 'Clicky Clack Door Frame Buffer - Center Right w- Channel', ( #3631, #6948, #3376, #3461, #231, #3668, #6861, #212, #2809 ), #6380 ) ;
#7901 = CIRCLE ( 'NONE', #9916, 1.749999999999973799 ) ;
#7902 = EDGE_LOOP ( 'NONE', ( #6905, #8144, #2002, #3471 ) ) ;
#7903 = EDGE_CURVE ( 'NONE', #1291, #3238, #8998, .T. ) ;
#7904 = PLANE ( 'NONE',  #9120 ) ;
#7905 = CARTESIAN_POINT ( 'NONE',  ( 170.0000000000000000, 18.39999999999999858, -2.041077998578919925E-15 ) ) ;
#7906 = AXIS2_PLACEMENT_3D ( 'NONE', #2890, #476, #7728 ) ;
#7907 = DIRECTION ( 'NONE',  ( 1.000000000000000000, 0.000000000000000000, 0.000000000000000000 ) ) ;
#7908 = VERTEX_POINT ( 'NONE', #7211 ) ;
#7909 = ORIENTED_EDGE ( 'NONE', *, *, #5714, .T. ) ;
#7910 = CARTESIAN_POINT ( 'NONE',  ( 10.00000000000000000, 180.0000000000000000, 10.00000000000000000 ) ) ;
#7911 = VERTEX_POINT ( 'NONE', #3175 ) ;
#7913 = EDGE_CURVE ( 'NONE', #1182, #5465, #6417, .T. ) ;
#7912 = ORIENTED_EDGE ( 'NONE', *, *, #8304, .F. ) ;
#7914 = AXIS2_PLACEMENT_3D ( 'NONE', #895, #7996, #10464 ) ;
#7915 = DIRECTION ( 'NONE',  ( 0.000000000000000000, 0.000000000000000000, -1.000000000000000000 ) ) ;
#7916 = PLANE ( 'NONE',  #4145 ) ;
#7917 = AXIS2_PLACEMENT_3D ( 'NONE', #8877, #7986, #8091 ) ;
#7918 = EDGE_CURVE ( 'NONE', #9667, #2420, #10120, .T. ) ;
#7919 = EDGE_CURVE ( 'NONE', #8325, #239, #2837, .T. ) ;
#7920 = CARTESIAN_POINT ( 'NONE',  ( 0.000000000000000000, 110.2000000000000028, 13.00000000000000000 ) ) ;
#7921 = DIRECTION ( 'NONE',  ( 1.000000000000000000, 0.000000000000000000, 0.000000000000000000 ) ) ;
#7922 = ORIENTED_EDGE ( 'NONE', *, *, #10428, .T. ) ;
#7923 = ORIENTED_EDGE ( 'NONE', *, *, #2840, .T. ) ;
#7924 = ADVANCED_FACE ( 'NONE', ( #5872 ), #373, .F. ) ;
#7925 = FACE_OUTER_BOUND ( 'NONE', #10183, .T. ) ;
#7926 = CARTESIAN_POINT ( 'NONE',  ( 490.0000000000000000, 20.00000000000000000, 0.000000000000000000 ) ) ;
#7927 = DIRECTION ( 'NONE',  ( -1.000000000000000000, 0.000000000000000000, 0.000000000000000000 ) ) ;
#7928 = LINE ( 'NONE', #1459, #2641 ) ;
#7929 = CIRCLE ( 'NONE', #321, 1.749999999999973799 ) ;
#7930 = CARTESIAN_POINT ( 'NONE',  ( 255.0000000000000000, 170.0000000000000000, 10.00000000000000000 ) ) ;
#7931 = CARTESIAN_POINT ( 'NONE',  ( 6.500000000000000000, 75.69999999999319584, 7.000000000004020784 ) ) ;
#7932 = ORIENTED_EDGE ( 'NONE', *, *, #9771, .T. ) ;
#7933 = CARTESIAN_POINT ( 'NONE',  ( 20.00000000000000000, 340.0000000000000000, 0.000000000000000000 ) ) ;
#7934 = ORIENTED_EDGE ( 'NONE', *, *, #3830, .F. ) ;
#7935 = VERTEX_POINT ( 'NONE', #6025 ) ;
#7936 = EDGE_LOOP ( 'NONE', ( #6740, #8094 ) ) ;
#7937 = LINE ( 'NONE', #2155, #1518 ) ;
#7938 = CARTESIAN_POINT ( 'NONE',  ( 490.0000000000000000, 170.0000000000000000, 20.00000000000000000 ) ) ;
#7939 = CIRCLE ( 'NONE', #6066, 2.900000000000003908 ) ;
#7940 = CARTESIAN_POINT ( 'NONE',  ( 178.2500000000000000, 520.0000000000000000, 0.000000000000000000 ) ) ;
#7941 = LINE ( 'NONE', #10191, #9893 ) ;
#7942 = PLANE ( 'NONE',  #7914 ) ;
#7943 = DIRECTION ( 'NONE',  ( 1.000000000000000000, 0.000000000000000000, 0.000000000000000000 ) ) ;
#7944 = DIRECTION ( 'NONE',  ( 1.000000000000000000, 0.000000000000000000, 0.000000000000000000 ) ) ;
#7945 = VECTOR ( 'NONE', #5818, 1000.000000000000000 ) ;
#7946 = DIRECTION ( 'NONE',  ( 0.000000000000000000, 0.000000000000000000, -1.000000000000000000 ) ) ;
#7947 = LINE ( 'NONE', #6, #2587 ) ;
#7948 = ORIENTED_EDGE ( 'NONE', *, *, #6406, .F. ) ;
#7949 = FACE_BOUND ( 'NONE', #2806, .T. ) ;
#7950 = ORIENTED_EDGE ( 'NONE', *, *, #8755, .F. ) ;
#7951 = LINE ( 'NONE', #7048, #596 ) ;
#7952 = CARTESIAN_POINT ( 'NONE',  ( 505.0000000000000000, 320.0000000000000000, 20.00000000000000000 ) ) ;
#7953 = AXIS2_PLACEMENT_3D ( 'NONE', #10243, #8615, #7722 ) ;
#7954 = ORIENTED_EDGE ( 'NONE', *, *, #9179, .T. ) ;
#7955 = CARTESIAN_POINT ( 'NONE',  ( -9.030038687476809009E-31, 485.3500000000000227, 6.999999999999779732 ) ) ;
#7956 = CARTESIAN_POINT ( 'NONE',  ( 503.0343435439377231, 165.9999999999999432, 3.900000000000000355 ) ) ;
#7957 = EDGE_CURVE ( 'NONE', #8974, #2019, #5407, .T. ) ;
#7958 = CARTESIAN_POINT ( 'NONE',  ( 506.9955810138533252, 170.0000000000000568, 6.702409263516108773 ) ) ;
#7959 = VERTEX_POINT ( 'NONE', #9990 ) ;
#7960 = ORIENTED_EDGE ( 'NONE', *, *, #2408, .T. ) ;
#7961 = DIRECTION ( 'NONE',  ( 1.000000000000000000, 0.000000000000000000, -6.123233995736799316E-17 ) ) ;
#7962 = CIRCLE ( 'NONE', #6163, 3.199999999999999734 ) ;
#7963 = ORIENTED_EDGE ( 'NONE', *, *, #2358, .T. ) ;
#7964 = ORIENTED_EDGE ( 'NONE', *, *, #10099, .T. ) ;
#7965 = EDGE_CURVE ( 'NONE', #6806, #8229, #4394, .T. ) ;
#7966 = STYLED_ITEM ( 'NONE', ( #1886 ), #231 ) ;
#7967 = FACE_OUTER_BOUND ( 'NONE', #248, .T. ) ;
#7968 = DIRECTION ( 'NONE',  ( 0.000000000000000000, 1.000000000000000000, 0.000000000000000000 ) ) ;
#7969 = CARTESIAN_POINT ( 'NONE',  ( 212.5000000000000000, 527.7372583002030524, 0.000000000000000000 ) ) ;
#7970 = EDGE_CURVE ( 'NONE', #9643, #6307, #6667, .T. ) ;
#7971 = CARTESIAN_POINT ( 'NONE',  ( 498.5641759430125148, 517.4133275873675757, 9.900000000000007461 ) ) ;
#7972 = FACE_OUTER_BOUND ( 'NONE', #4576, .T. ) ;
#7973 = AXIS2_PLACEMENT_3D ( 'NONE', #8424, #1174, #4254 ) ;
#7974 = DIRECTION ( 'NONE',  ( 0.000000000000000000, 0.000000000000000000, -1.000000000000000000 ) ) ;
#7975 = ORIENTED_EDGE ( 'NONE', *, *, #6068, .F. ) ;
#7976 = ORIENTED_EDGE ( 'NONE', *, *, #3045, .F. ) ;
#7977 = EDGE_CURVE ( 'NONE', #2167, #8335, #1898, .T. ) ;
#7978 = DIRECTION ( 'NONE',  ( 0.000000000000000000, 0.000000000000000000, -1.000000000000000000 ) ) ;
#7979 = DIRECTION ( 'NONE',  ( 1.000000000000000000, 0.000000000000000000, 0.000000000000000000 ) ) ;
#7980 = CARTESIAN_POINT ( 'NONE',  ( 340.0000000000000000, 510.0000000000000000, 0.000000000000000000 ) ) ;
#7981 = LINE ( 'NONE', #671, #1133 ) ;
#7982 = FACE_BOUND ( 'NONE', #507, .T. ) ;
#7983 = CARTESIAN_POINT ( 'NONE',  ( 6.500000000000000000, 429.3000000000000114, 12.99999999999979927 ) ) ;
#7984 = ADVANCED_FACE ( 'NONE', ( #1058 ), #1792, .T. ) ;
#7985 = ORIENTED_EDGE ( 'NONE', *, *, #8255, .T. ) ;
#7986 = DIRECTION ( 'NONE',  ( 0.000000000000000000, 0.000000000000000000, -1.000000000000000000 ) ) ;
#7987 = VERTEX_POINT ( 'NONE', #2735 ) ;
#7988 = ORIENTED_EDGE ( 'NONE', *, *, #6073, .F. ) ;
#7989 = ADVANCED_FACE ( 'NONE', ( #2688 ), #4287, .F. ) ;
#7990 = EDGE_LOOP ( 'NONE', ( #8753, #1762 ) ) ;
#7991 = EDGE_CURVE ( 'NONE', #6299, #21, #3641, .T. ) ;
#7992 = DIRECTION ( 'NONE',  ( 0.000000000000000000, 0.000000000000000000, -1.000000000000000000 ) ) ;
#7993 = CARTESIAN_POINT ( 'NONE',  ( 255.0000000000000000, 265.0000000000000000, 0.000000000000000000 ) ) ;
#7994 = CARTESIAN_POINT ( 'NONE',  ( 510.0000000000000000, 170.0000000000000000, 5.000000000000000000 ) ) ;
#7995 = CARTESIAN_POINT ( 'NONE',  ( 170.0000000000000000, 265.0000000000000000, 10.00000000000000000 ) ) ;
#7996 = DIRECTION ( 'NONE',  ( 0.000000000000000000, 0.000000000000000000, 1.000000000000000000 ) ) ;
#7997 = CARTESIAN_POINT ( 'NONE',  ( 344.0000000000000000, 511.6000000000000796, 12.10294372515230066 ) ) ;
#7998 = EDGE_CURVE ( 'NONE', #238, #6024, #3486, .T. ) ;
#7999 = VECTOR ( 'NONE', #10079, 1000.000000000000000 ) ;
#8000 = DIRECTION ( 'NONE',  ( 0.000000000000000000, 0.000000000000000000, -1.000000000000000000 ) ) ;
#8001 = ORIENTED_EDGE ( 'NONE', *, *, #4797, .T. ) ;
#8002 = CARTESIAN_POINT ( 'NONE',  ( 503.0000000000000000, 256.2999999999999545, 13.00000000000000000 ) ) ;
#8003 = ORIENTED_EDGE ( 'NONE', *, *, #7079, .T. ) ;
#8004 = DIRECTION ( 'NONE',  ( 0.9694154417287283998, 0.2454255515179596392, 0.000000000000000000 ) ) ;
#8005 = ORIENTED_EDGE ( 'NONE', *, *, #8682, .F. ) ;
#8006 = CARTESIAN_POINT ( 'NONE',  ( 255.0000000000000000, 265.0000000000000000, 0.000000000000000000 ) ) ;
#8007 = DIRECTION ( 'NONE',  ( -6.123233995736769734E-17, 0.000000000000000000, -1.000000000000000000 ) ) ;
#8008 = AXIS2_PLACEMENT_3D ( 'NONE', #7910, #3935, #4425 ) ;
#8009 = DIRECTION ( 'NONE',  ( -1.000000000000000000, 0.000000000000000000, 0.000000000000000000 ) ) ;
#8010 = DIRECTION ( 'NONE',  ( 6.123233995736769734E-17, 0.000000000000000000, 1.000000000000000000 ) ) ;
#8011 = CARTESIAN_POINT ( 'NONE',  ( 505.5949131079972290, 170.0000000000001990, 6.884143974735309257 ) ) ;
#8012 = ORIENTED_EDGE ( 'NONE', *, *, #3449, .F. ) ;
#8013 = ORIENTED_EDGE ( 'NONE', *, *, #517, .F. ) ;
#8014 = CARTESIAN_POINT ( 'NONE',  ( 365.6690661776394791, -7.422412582685322335E-16, 4.460313672358233283 ) ) ;
#8015 = VECTOR ( 'NONE', #1220, 1000.000000000000000 ) ;
#8016 = VERTEX_POINT ( 'NONE', #1159 ) ;
#8017 = ORIENTED_EDGE ( 'NONE', *, *, #2845, .F. ) ;
#8018 = DIRECTION ( 'NONE',  ( -1.079691891447960066E-13, 1.000000000000000000, 0.000000000000000000 ) ) ;
#8019 = LINE ( 'NONE', #5577, #9911 ) ;
#8020 = DIRECTION ( 'NONE',  ( 5.572884202040000394E-16, -1.000000000000000000, 6.123233995736769734E-17 ) ) ;
#8021 = CARTESIAN_POINT ( 'NONE',  ( 369.7115083231462336, 517.4133275873678031, 3.900000000000000355 ) ) ;
#8022 = CARTESIAN_POINT ( 'NONE',  ( 6.800000000000000711, 160.0000000000000000, 12.00000000000000000 ) ) ;
#8023 = LINE ( 'NONE', #4001, #7230 ) ;
#8024 = ORIENTED_EDGE ( 'NONE', *, *, #6888, .T. ) ;
#8025 = VERTEX_POINT ( 'NONE', #8313 ) ;
#8026 = EDGE_CURVE ( 'NONE', #8067, #8382, #2854, .T. ) ;
#8027 = CIRCLE ( 'NONE', #9360, 1.749999999999973799 ) ;
#8028 = LINE ( 'NONE', #3950, #1606 ) ;
#8029 = CARTESIAN_POINT ( 'NONE',  ( 20.00000000000000000, 360.0000000000000000, 5.000000000000000000 ) ) ;
#8030 = LINE ( 'NONE', #8821, #110 ) ;
#8031 = LINE ( 'NONE', #8824, #4683 ) ;
#8032 = AXIS2_PLACEMENT_3D ( 'NONE', #6589, #9806, #180 ) ;
#8033 = CARTESIAN_POINT ( 'NONE',  ( 3.500000000000000000, 437.3500000000000227, 10.00000000000189893 ) ) ;
#8034 = CARTESIAN_POINT ( 'NONE',  ( 350.0000000000000000, 520.0000000000000000, 10.00000000000000000 ) ) ;
#8035 = ADVANCED_FACE ( 'NONE', ( #9941 ), #4338, .F. ) ;
#8036 = ORIENTED_EDGE ( 'NONE', *, *, #2209, .F. ) ;
#8037 = CARTESIAN_POINT ( 'NONE',  ( 0.000000000000000000, 454.3000000000070031, 7.000000000003919531 ) ) ;
#8038 = VERTEX_POINT ( 'NONE', #322 ) ;
#8039 = ORIENTED_EDGE ( 'NONE', *, *, #10162, .F. ) ;
#8040 = VECTOR ( 'NONE', #9132, 1000.000000000000000 ) ;
#8041 = ORIENTED_EDGE ( 'NONE', *, *, #2597, .F. ) ;
#8042 = AXIS2_PLACEMENT_3D ( 'NONE', #8049, #8785, #3167 ) ;
#8043 = DIRECTION ( 'NONE',  ( 1.000000000000000000, 0.000000000000000000, 0.000000000000000000 ) ) ;
#8044 = LINE ( 'NONE', #7826, #2552 ) ;
#8045 = EDGE_CURVE ( 'NONE', #7748, #2648, #10091, .T. ) ;
#8046 = CARTESIAN_POINT ( 'NONE',  ( 249.2000000000000171, 510.0000000000000568, 10.49355789662077143 ) ) ;
#8047 = DIRECTION ( 'NONE',  ( 0.000000000000000000, 1.000000000000000000, 0.000000000000000000 ) ) ;
#8048 = DIRECTION ( 'NONE',  ( 0.000000000000000000, -1.000000000000000000, 4.809630431589130061E-16 ) ) ;
#8049 = CARTESIAN_POINT ( 'NONE',  ( 10.00000000000000000, 180.0000000000000000, 4.000000000000000000 ) ) ;
#8050 = AXIS2_PLACEMENT_3D ( 'NONE', #528, #5341, #8570 ) ;
#8051 = EDGE_CURVE ( 'NONE', #2606, #1017, #1946, .T. ) ;
#8052 = ORIENTED_EDGE ( 'NONE', *, *, #9455, .T. ) ;
#8053 = FACE_BOUND ( 'NONE', #3618, .T. ) ;
#8054 = AXIS2_PLACEMENT_3D ( 'NONE', #7165, #3875, #7110 ) ;
#8055 = DIRECTION ( 'NONE',  ( 0.000000000000000000, -0.3746065934159247268, 0.9271838545667822062 ) ) ;
#8056 = ORIENTED_EDGE ( 'NONE', *, *, #2281, .T. ) ;
#8057 = CARTESIAN_POINT ( 'NONE',  ( 11.75000000000000000, 370.0000000000000000, 0.000000000000000000 ) ) ;
#8058 = ORIENTED_EDGE ( 'NONE', *, *, #1711, .T. ) ;
#8059 = AXIS2_PLACEMENT_3D ( 'NONE', #9341, #7761, #7077 ) ;
#8060 = EDGE_CURVE ( 'NONE', #1306, #2635, #1847, .T. ) ;
#8061 = LINE ( 'NONE', #4825, #8546 ) ;
#8062 = CARTESIAN_POINT ( 'NONE',  ( 255.0000000000000000, 265.0000000000000000, 0.000000000000000000 ) ) ;
#8063 = PLANE ( 'NONE',  #8054 ) ;
#8064 = VECTOR ( 'NONE', #2611, 1000.000000000000000 ) ;
#8065 = CARTESIAN_POINT ( 'NONE',  ( 355.9173989523852129, 530.0000000000002274, 6.899500860210173947 ) ) ;
#8066 = ORIENTED_EDGE ( 'NONE', *, *, #4472, .T. ) ;
#8067 = VERTEX_POINT ( 'NONE', #2784 ) ;
#8068 = CIRCLE ( 'NONE', #1129, 3.199999999999980638 ) ;
#8069 = CYLINDRICAL_SURFACE ( 'NONE', #2910, 7.129871913034380171 ) ;
#8070 = ORIENTED_EDGE ( 'NONE', *, *, #2460, .F. ) ;
#8071 = ORIENTED_EDGE ( 'NONE', *, *, #8948, .F. ) ;
#8072 = AXIS2_PLACEMENT_3D ( 'NONE', #8639, #6199, #2118 ) ;
#8073 = AXIS2_PLACEMENT_3D ( 'NONE', #39, #3256, #10286 ) ;
#8074 = DIRECTION ( 'NONE',  ( 0.000000000000000000, 1.000000000000000000, 0.000000000000000000 ) ) ;
#8075 = DIRECTION ( 'NONE',  ( 0.000000000000000000, 0.000000000000000000, -1.000000000000000000 ) ) ;
#8076 = LINE ( 'NONE', #3941, #2141 ) ;
#8077 = CARTESIAN_POINT ( 'NONE',  ( 490.0000000000000000, 340.0000000000000000, 0.000000000000000000 ) ) ;
#8078 = VECTOR ( 'NONE', #5418, 1000.000000000000000 ) ;
#8079 = CARTESIAN_POINT ( 'NONE',  ( -9.860761315262649319E-31, 530.0000000000000000, 0.000000000000000000 ) ) ;
#8080 = VERTEX_POINT ( 'NONE', #5086 ) ;
#8081 = ORIENTED_EDGE ( 'NONE', *, *, #8026, .T. ) ;
#8082 = AXIS2_PLACEMENT_3D ( 'NONE', #7807, #3779, #7008 ) ;
#8083 = AXIS2_PLACEMENT_3D ( 'NONE', #9633, #2385, #3336 ) ;
#8084 = CARTESIAN_POINT ( 'NONE',  ( 442.0529437251519767, 170.0000000000000000, 65.68431457505069204 ) ) ;
#8085 = DIRECTION ( 'NONE',  ( -1.000000000000000000, 0.000000000000000000, 0.000000000000000000 ) ) ;
#8086 = DIRECTION ( 'NONE',  ( 0.000000000000000000, 0.000000000000000000, -1.000000000000000000 ) ) ;
#8087 = DIRECTION ( 'NONE',  ( 0.000000000000000000, -0.9271838545667858700, -0.3746065934159159005 ) ) ;
#8088 = CARTESIAN_POINT ( 'NONE',  ( 351.7499999999999432, 10.00000000000000000, 0.000000000000000000 ) ) ;
#8089 = DIRECTION ( 'NONE',  ( 1.000000000000000000, 0.000000000000000000, 0.000000000000000000 ) ) ;
#8090 = ORIENTED_EDGE ( 'NONE', *, *, #7133, .T. ) ;
#8091 = DIRECTION ( 'NONE',  ( 1.000000000000000000, 0.000000000000000000, 0.000000000000000000 ) ) ;
#8092 = ORIENTED_EDGE ( 'NONE', *, *, #3300, .F. ) ;
#8093 = ORIENTED_EDGE ( 'NONE', *, *, #280, .T. ) ;
#8094 = ORIENTED_EDGE ( 'NONE', *, *, #6151, .T. ) ;
#8095 = DIRECTION ( 'NONE',  ( -1.000000000000000000, 0.000000000000000000, 0.000000000000000000 ) ) ;
#8096 = CARTESIAN_POINT ( 'NONE',  ( 255.0000000000000000, 510.0000000000000000, 10.49355789662076788 ) ) ;
#8097 = FACE_OUTER_BOUND ( 'NONE', #1495, .T. ) ;
#8098 = AXIS2_PLACEMENT_3D ( 'NONE', #8602, #4690, #7979 ) ;
#8099 = EDGE_CURVE ( 'NONE', #3757, #6481, #6599, .T. ) ;
#8100 = PLANE ( 'NONE',  #1787 ) ;
#8101 = DIRECTION ( 'NONE',  ( 1.000000000000000000, 5.572884202040000394E-16, 0.000000000000000000 ) ) ;
#8102 = CARTESIAN_POINT ( 'NONE',  ( 503.8630838206071871, 360.0000000000003979, 6.005481237514068482 ) ) ;
#8103 = ORIENTED_EDGE ( 'NONE', *, *, #2511, .T. ) ;
#8104 = EDGE_CURVE ( 'NONE', #5873, #3007, #5493, .T. ) ;
#8105 = DIRECTION ( 'NONE',  ( 1.000000000000000000, 1.933482610835809801E-33, 0.000000000000000000 ) ) ;
#8106 = ORIENTED_EDGE ( 'NONE', *, *, #1130, .T. ) ;
#8107 = DIRECTION ( 'NONE',  ( 1.380958380530589922E-16, -0.7071067811865480168, 0.7071067811865470176 ) ) ;
#8108 = ORIENTED_EDGE ( 'NONE', *, *, #3876, .F. ) ;
#8109 = CARTESIAN_POINT ( 'NONE',  ( 359.4097986728073124, 521.6228718193178793, 3.900000000000000355 ) ) ;
#8110 = EDGE_CURVE ( 'NONE', #497, #10214, #8623, .T. ) ;
#8111 = LINE ( 'NONE', #8795, #7569 ) ;
#8112 = VECTOR ( 'NONE', #2940, 1000.000000000000000 ) ;
#8113 = DIRECTION ( 'NONE',  ( -0.1032664630633652186, -0.9946537274883067159, 0.000000000000000000 ) ) ;
#8114 = EDGE_CURVE ( 'NONE', #8355, #1182, #9300, .T. ) ;
#8115 = EDGE_CURVE ( 'NONE', #2311, #2745, #5338, .T. ) ;
#8116 = CARTESIAN_POINT ( 'NONE',  ( 508.0205780952192640, 170.0000000000001421, 6.006707154345924060 ) ) ;
#8117 = ORIENTED_EDGE ( 'NONE', *, *, #9506, .T. ) ;
#8118 = ORIENTED_EDGE ( 'NONE', *, *, #7998, .T. ) ;
#8119 = CARTESIAN_POINT ( 'NONE',  ( 363.0568549614277458, -1.168471699955432832E-15, 6.504631450011917337 ) ) ;
#8120 = ORIENTED_EDGE ( 'NONE', *, *, #4663, .F. ) ;
#8121 = ORIENTED_EDGE ( 'NONE', *, *, #5953, .F. ) ;
#8122 = AXIS2_PLACEMENT_3D ( 'NONE', #3978, #8, #8155 ) ;
#8123 = EDGE_CURVE ( 'NONE', #1244, #3469, #7115, .T. ) ;
#8124 = CARTESIAN_POINT ( 'NONE',  ( 340.0000000000000000, 265.0000000000000000, 0.000000000000000000 ) ) ;
#8125 = LINE ( 'NONE', #1707, #6189 ) ;
#8126 = DIRECTION ( 'NONE',  ( -1.860521002879739963E-33, 1.000000000000000000, 0.000000000000000000 ) ) ;
#8127 = FILL_AREA_STYLE ('',( #921 ) ) ;
#8128 = CARTESIAN_POINT ( 'NONE',  ( 508.8508361943101477, 20.80215158257103880, 3.900000000000000799 ) ) ;
#8129 = EDGE_CURVE ( 'NONE', #9962, #3333, #7880, .T. ) ;
#8130 = VECTOR ( 'NONE', #3746, 1000.000000000000000 ) ;
#8131 = CARTESIAN_POINT ( 'NONE',  ( 167.0000000000000000, 18.19999999999999929, -2.041077998578919925E-15 ) ) ;
#8132 = EDGE_LOOP ( 'NONE', ( #2191, #1927 ) ) ;
#8133 = ORIENTED_EDGE ( 'NONE', *, *, #8682, .T. ) ;
#8134 = CARTESIAN_POINT ( 'NONE',  ( 0.000000000000000000, 0.000000000000000000, 20.00000000000000000 ) ) ;
#8135 = DIRECTION ( 'NONE',  ( 0.000000000000000000, 0.000000000000000000, -1.000000000000000000 ) ) ;
#8136 = LINE ( 'NONE', #8770, #4668 ) ;
#8137 = CARTESIAN_POINT ( 'NONE',  ( 508.8508361943100340, 170.0000000000000853, -9.146565213191545956E-17 ) ) ;
#8138 = AXIS2_PLACEMENT_3D ( 'NONE', #1151, #366, #6014 ) ;
#8139 = LINE ( 'NONE', #6393, #605 ) ;
#8140 = FACE_OUTER_BOUND ( 'NONE', #10200, .T. ) ;
#8141 = ORIENTED_EDGE ( 'NONE', *, *, #7149, .F. ) ;
#8142 = CARTESIAN_POINT ( 'NONE',  ( 300.8000000000000682, 510.0000000000000568, 10.49355789662100058 ) ) ;
#8143 = ORIENTED_EDGE ( 'NONE', *, *, #6420, .T. ) ;
#8144 = ORIENTED_EDGE ( 'NONE', *, *, #3327, .F. ) ;
#8145 = CARTESIAN_POINT ( 'NONE',  ( 20.00000000000000000, 20.00000000000000000, 0.000000000000000000 ) ) ;
#8146 = DIRECTION ( 'NONE',  ( 0.000000000000000000, 1.000000000000000000, 0.000000000000000000 ) ) ;
#8147 = DIRECTION ( 'NONE',  ( 0.000000000000000000, 0.000000000000000000, 1.000000000000000000 ) ) ;
#8148 = DIRECTION ( 'NONE',  ( 1.000000000000000000, 0.000000000000000000, 0.000000000000000000 ) ) ;
#8149 = CARTESIAN_POINT ( 'NONE',  ( 255.0000000000000000, 170.0000000000000000, 0.000000000000000000 ) ) ;
#8150 = CARTESIAN_POINT ( 'NONE',  ( 506.5505573857561785, 360.0000000000001705, 6.839757867204295572 ) ) ;
#8151 = VERTEX_POINT ( 'NONE', #3912 ) ;
#8152 = CARTESIAN_POINT ( 'NONE',  ( 160.0000000000000000, 10.00000000000000000, 4.000000000000000000 ) ) ;
#8153 = EDGE_CURVE ( 'NONE', #9386, #8457, #5285, .T. ) ;
#8154 = EDGE_LOOP ( 'NONE', ( #9063, #1806, #7167, #6256 ) ) ;
#8155 = DIRECTION ( 'NONE',  ( 1.000000000000000000, 0.000000000000000000, 0.000000000000000000 ) ) ;
#8156 = VERTEX_POINT ( 'NONE', #6177 ) ;
#8157 = CARTESIAN_POINT ( 'NONE',  ( 495.2063132145700024, 12.97412125320329679, 6.433224273564971550E-16 ) ) ;
#8158 = EDGE_CURVE ( 'NONE', #9141, #7689, #9407, .T. ) ;
#8159 = LINE ( 'NONE', #2488, #2655 ) ;
#8160 = DIRECTION ( 'NONE',  ( 1.000000000000000000, 0.000000000000000000, 0.000000000000000000 ) ) ;
#8161 = CARTESIAN_POINT ( 'NONE',  ( 0.000000000000000000, 440.6999999999999886, 13.00000000000000000 ) ) ;
#8162 = AXIS2_PLACEMENT_3D ( 'NONE', #5447, #8675, #1417 ) ;
#8163 = EDGE_CURVE ( 'NONE', #496, #3415, #7937, .T. ) ;
#8164 = ORIENTED_EDGE ( 'NONE', *, *, #4988, .F. ) ;
#8165 = EDGE_LOOP ( 'NONE', ( #7261, #441, #7975, #1963 ) ) ;
#8166 = CARTESIAN_POINT ( 'NONE',  ( 363.8414307003899921, -1.168471699955429874E-15, 6.180621177412866984 ) ) ;
#8167 = VERTEX_POINT ( 'NONE', #5390 ) ;
#8168 = ORIENTED_EDGE ( 'NONE', *, *, #4043, .T. ) ;
#8169 = VECTOR ( 'NONE', #6709, 1000.000000000000000 ) ;
#8170 = EDGE_CURVE ( 'NONE', #9949, #6514, #4489, .T. ) ;
#8171 = DIRECTION ( 'NONE',  ( 0.000000000000000000, 0.000000000000000000, 1.000000000000000000 ) ) ;
#8172 = DIRECTION ( 'NONE',  ( -6.123233995736789455E-17, -1.000000000000000000, 0.000000000000000000 ) ) ;
#8173 = FACE_OUTER_BOUND ( 'NONE', #7594, .T. ) ;
#8174 = CARTESIAN_POINT ( 'NONE',  ( 498.5641759430124580, 517.4133275873676894, 6.433224273564971550E-16 ) ) ;
#8175 = CYLINDRICAL_SURFACE ( 'NONE', #306, 2.350000000000004974 ) ;
#8176 = EDGE_CURVE ( 'NONE', #1941, #9903, #8451, .T. ) ;
#8177 = VECTOR ( 'NONE', #3060, 1000.000000000000000 ) ;
#8178 = CARTESIAN_POINT ( 'NONE',  ( 215.0000000000000284, 516.5944988621515677, 6.902406875640121342 ) ) ;
#8179 = ADVANCED_FACE ( 'NONE', ( #1360 ), #9509, .F. ) ;
#8180 = ADVANCED_FACE ( 'NONE', ( #3048 ), #4593, .F. ) ;
#8181 = ORIENTED_EDGE ( 'NONE', *, *, #4337, .T. ) ;
#8182 = ORIENTED_EDGE ( 'NONE', *, *, #5052, .F. ) ;
#8183 = LINE ( 'NONE', #2664, #10211 ) ;
#8185 = EDGE_CURVE ( 'NONE', #2404, #9155, #3693, .T. ) ;
#8184 = DIRECTION ( 'NONE',  ( 1.000000000000000000, 0.000000000000000000, 0.000000000000000000 ) ) ;
#8186 = CARTESIAN_POINT ( 'NONE',  ( 350.0000000000000000, 520.0000000000000000, 4.000000000000000000 ) ) ;
#8187 = FACE_BOUND ( 'NONE', #7113, .T. ) ;
#8188 = CARTESIAN_POINT ( 'NONE',  ( 10.00000000000000000, 160.0000000000000000, 10.00000000000000000 ) ) ;
#8189 = DIRECTION ( 'NONE',  ( 6.123233995736759873E-17, -1.000000000000000000, 0.000000000000000000 ) ) ;
#8190 = PLANE ( 'NONE',  #1900 ) ;
#8191 = ORIENTED_EDGE ( 'NONE', *, *, #4298, .F. ) ;
#8192 = CARTESIAN_POINT ( 'NONE',  ( 500.0000000000000000, 350.0000000000000000, 4.000000000000000000 ) ) ;
#8193 = ORIENTED_EDGE ( 'NONE', *, *, #2487, .F. ) ;
#8194 = ORIENTED_EDGE ( 'NONE', *, *, #8746, .T. ) ;
#8195 = CARTESIAN_POINT ( 'NONE',  ( 503.2000000000002160, 369.8757655191677145, 4.898046116018585749 ) ) ;
#8196 = LINE ( 'NONE', #2522, #3392 ) ;
#8198 = VECTOR ( 'NONE', #5217, 1000.000000000000000 ) ;
#8197 = CARTESIAN_POINT ( 'NONE',  ( 6.799999999999999822, 180.0000000000000000, 20.00000000000000000 ) ) ;
#8199 = FACE_OUTER_BOUND ( 'NONE', #2285, .T. ) ;
#8200 = CARTESIAN_POINT ( 'NONE',  ( 0.000000000000000000, 429.3000000000000114, 7.000000000003810285 ) ) ;
#8201 = CARTESIAN_POINT ( 'NONE',  ( 490.0000000000000000, 170.0000000000000000, 0.000000000000000000 ) ) ;
#8202 = ORIENTED_EDGE ( 'NONE', *, *, #2582, .F. ) ;
#8203 = CARTESIAN_POINT ( 'NONE',  ( 498.2500000000000000, 350.0000000000000000, 0.000000000000000000 ) ) ;
#8204 = CIRCLE ( 'NONE', #4828, 3.199999999999999734 ) ;
#8205 = ORIENTED_EDGE ( 'NONE', *, *, #1620, .T. ) ;
#8206 = CARTESIAN_POINT ( 'NONE',  ( 368.9752316685923006, 530.3215739125539585, 6.433224273564971550E-16 ) ) ;
#8207 = VERTEX_POINT ( 'NONE', #7032 ) ;
#8208 = AXIS2_PLACEMENT_3D ( 'NONE', #4294, #9996, #963 ) ;
#8209 = CARTESIAN_POINT ( 'NONE',  ( 6.800000000000000711, 370.0000000000000000, 12.00000000000000000 ) ) ;
#8210 = LINE ( 'NONE', #3540, #8248 ) ;
#8211 = AXIS2_PLACEMENT_3D ( 'NONE', #3981, #585, #3761 ) ;
#8212 = CIRCLE ( 'NONE', #4325, 1.499999999999959810 ) ;
#8213 = CARTESIAN_POINT ( 'NONE',  ( 6.500000000000000000, 440.6999999999999886, 13.00000000000000000 ) ) ;
#8214 = DIRECTION ( 'NONE',  ( 0.000000000000000000, 0.000000000000000000, -1.000000000000000000 ) ) ;
#8216 = VERTEX_POINT ( 'NONE', #10139 ) ;
#8215 = EDGE_CURVE ( 'NONE', #4469, #5149, #524, .T. ) ;
#8217 = VERTEX_POINT ( 'NONE', #2885 ) ;
#8218 = LINE ( 'NONE', #5780, #6306 ) ;
#8219 = AXIS2_PLACEMENT_3D ( 'NONE', #3104, #9512, #2262 ) ;
#8220 = VERTEX_POINT ( 'NONE', #572 ) ;
#8221 = VECTOR ( 'NONE', #302, 1000.000000000000000 ) ;
#8222 = ORIENTED_EDGE ( 'NONE', *, *, #3180, .F. ) ;
#8223 = LINE ( 'NONE', #6378, #870 ) ;
#8224 = ADVANCED_FACE ( 'NONE', ( #9349 ), #5440, .F. ) ;
#8225 = DIRECTION ( 'NONE',  ( 0.000000000000000000, 0.000000000000000000, 1.000000000000000000 ) ) ;
#8226 = DIRECTION ( 'NONE',  ( 1.000000000000000000, 0.000000000000000000, 0.000000000000000000 ) ) ;
#8227 = CARTESIAN_POINT ( 'NONE',  ( 500.0000000000000000, 160.0000000000000000, 10.00000000000000000 ) ) ;
#8228 = DIRECTION ( 'NONE',  ( 0.000000000000000000, 0.000000000000000000, -1.000000000000000000 ) ) ;
#8229 = VERTEX_POINT ( 'NONE', #7090 ) ;
#8230 = EDGE_CURVE ( 'NONE', #7425, #5859, #1694, .T. ) ;
#8231 = AXIS2_PLACEMENT_3D ( 'NONE', #3606, #8228, #4206 ) ;
#8232 = AXIS2_PLACEMENT_3D ( 'NONE', #2087, #9342, #8656 ) ;
#8233 = ORIENTED_EDGE ( 'NONE', *, *, #5451, .F. ) ;
#8235 = CARTESIAN_POINT ( 'NONE',  ( 0.000000000000000000, 95.00000000000000000, 10.00000000000000000 ) ) ;
#8234 = CIRCLE ( 'NONE', #4005, 3.199999999999999734 ) ;
#8236 = CARTESIAN_POINT ( 'NONE',  ( 18.39999999999999858, 360.0000000000000000, 5.000000000000000000 ) ) ;
#8237 = LINE ( 'NONE', #9133, #6708 ) ;
#8238 = EDGE_CURVE ( 'NONE', #5286, #385, #7441, .T. ) ;
#8239 = EDGE_CURVE ( 'NONE', #372, #8632, #1576, .T. ) ;
#8240 = PLANE ( 'NONE',  #7237 ) ;
#8241 = AXIS2_PLACEMENT_3D ( 'NONE', #5368, #1138, #7599 ) ;
#8242 = DIRECTION ( 'NONE',  ( 1.000000000000000000, 0.000000000000000000, 0.000000000000000000 ) ) ;
#8243 = CARTESIAN_POINT ( 'NONE',  ( 10.00000000000000000, 160.0000000000000000, 20.00000000000000000 ) ) ;
#8244 = DIRECTION ( 'NONE',  ( 1.000000000000000000, 0.000000000000000000, 0.000000000000000000 ) ) ;
#8245 = EDGE_LOOP ( 'NONE', ( #6633, #1958, #1221 ) ) ;
#8246 = ADVANCED_FACE ( 'NONE', ( #3963 ), #3160, .F. ) ;
#8247 = LINE ( 'NONE', #1775, #9851 ) ;
#8248 = VECTOR ( 'NONE', #377, 999.9999999999998863 ) ;
#8249 = VERTEX_POINT ( 'NONE', #4917 ) ;
#8250 = ORIENTED_EDGE ( 'NONE', *, *, #7903, .T. ) ;
#8251 = DIRECTION ( 'NONE',  ( 1.933482610835809801E-33, -1.000000000000000000, 0.000000000000000000 ) ) ;
#8252 = CARTESIAN_POINT ( 'NONE',  ( 260.8000000000000114, 510.0000000000000568, 4.238056389090750109 ) ) ;
#8253 = PLANE ( 'NONE',  #8781 ) ;
#8254 = CYLINDRICAL_SURFACE ( 'NONE', #5348, 2.350000000000004974 ) ;
#8255 = EDGE_CURVE ( 'NONE', #4376, #681, #1688, .T. ) ;
#8256 = CARTESIAN_POINT ( 'NONE',  ( 18.19999999999999929, 360.0000000000000000, 15.65441558772840125 ) ) ;
#8257 = AXIS2_PLACEMENT_3D ( 'NONE', #7148, #3052, #8726 ) ;
#8258 = PLANE ( 'NONE',  #1271 ) ;
#8259 = VECTOR ( 'NONE', #8947, 1000.000000000000000 ) ;
#8260 = ORIENTED_EDGE ( 'NONE', *, *, #2409, .T. ) ;
#8261 = CARTESIAN_POINT ( 'NONE',  ( 503.2713526518617186, 320.0000000000001137, 5.096130988715012577 ) ) ;
#8262 = ORIENTED_EDGE ( 'NONE', *, *, #5208, .T. ) ;
#8263 = DIRECTION ( 'NONE',  ( 1.000000000000000000, 0.000000000000000000, 0.000000000000000000 ) ) ;
#8264 = ORIENTED_EDGE ( 'NONE', *, *, #7078, .F. ) ;
#8265 = CARTESIAN_POINT ( 'NONE',  ( 351.7716677838851069, 531.0489611907506742, 9.900000000000007461 ) ) ;
#8266 = LINE ( 'NONE', #4979, #3165 ) ;
#8267 = B_SPLINE_CURVE_WITH_KNOTS ( 'NONE', 3,
 ( #9195, #2926, #5324, #8552, #6165, #1202, #2142, #8603, #1347, #5173 ),
 .UNSPECIFIED., .F., .F.,
 ( 4, 2, 2, 2, 4 ),
 ( 0.000000000000000000, 0.0003727061576385951491, 0.0007454123152771902983, 0.001118118472915785502, 0.001490824630554380597 ),
 .UNSPECIFIED. ) ;
#8268 = CARTESIAN_POINT ( 'NONE',  ( 183.1999999999999886, 520.0000000000000000, 20.00000000000000000 ) ) ;
#8269 = CARTESIAN_POINT ( 'NONE',  ( 497.8278992884585250, 512.2068833318884344, 0.000000000000000000 ) ) ;
#8270 = EDGE_LOOP ( 'NONE', ( #8507, #7587 ) ) ;
#8271 = ORIENTED_EDGE ( 'NONE', *, *, #2138, .F. ) ;
#8272 = DIRECTION ( 'NONE',  ( 6.123233995736769734E-17, 0.000000000000000000, 1.000000000000000000 ) ) ;
#8273 = ORIENTED_EDGE ( 'NONE', *, *, #5145, .F. ) ;
#8274 = ORIENTED_EDGE ( 'NONE', *, *, #5115, .F. ) ;
#8275 = CARTESIAN_POINT ( 'NONE',  ( 10.00000000000000000, 180.0000000000000000, 12.00000000000000000 ) ) ;
#8276 = VECTOR ( 'NONE', #3103, 1000.000000000000000 ) ;
#8277 = EDGE_CURVE ( 'NONE', #6836, #4018, #5603, .T. ) ;
#8278 = LINE ( 'NONE', #2793, #9886 ) ;
#8279 = ORIENTED_EDGE ( 'NONE', *, *, #6548, .T. ) ;
#8280 = CYLINDRICAL_SURFACE ( 'NONE', #4819, 2.900000000000010125 ) ;
#8281 = FACE_OUTER_BOUND ( 'NONE', #9129, .T. ) ;
#8282 = DIRECTION ( 'NONE',  ( 1.000000000000000000, 0.000000000000000000, 0.000000000000000000 ) ) ;
#8283 = ORIENTED_EDGE ( 'NONE', *, *, #395, .T. ) ;
#8284 = VECTOR ( 'NONE', #7791, 1000.000000000000000 ) ;
#8285 = EDGE_LOOP ( 'NONE', ( #2377, #8754, #850, #3926 ) ) ;
#8286 = EDGE_CURVE ( 'NONE', #9386, #4952, #8796, .T. ) ;
#8287 = ORIENTED_EDGE ( 'NONE', *, *, #1343, .F. ) ;
#8288 = CARTESIAN_POINT ( 'NONE',  ( 2.545584412271479913, 360.0000000000000000, 0.000000000000000000 ) ) ;
#8289 = FACE_OUTER_BOUND ( 'NONE', #9735, .T. ) ;
#8290 = EDGE_CURVE ( 'NONE', #211, #1466, #150, .T. ) ;
#8291 = AXIS2_PLACEMENT_3D ( 'NONE', #5121, #363, #2725 ) ;
#8292 = FACE_OUTER_BOUND ( 'NONE', #5974, .T. ) ;
#8293 = LINE ( 'NONE', #7443, #2864 ) ;
#8294 = VECTOR ( 'NONE', #5638, 1000.000000000000000 ) ;
#8295 = CARTESIAN_POINT ( 'NONE',  ( -3.162885704895569878E-31, 170.0000000000000000, 20.00000000000000000 ) ) ;
#8296 = ORIENTED_EDGE ( 'NONE', *, *, #9305, .F. ) ;
#8297 = LINE ( 'NONE', #888, #6983 ) ;
#8298 = EDGE_LOOP ( 'NONE', ( #4617, #1453, #8830, #4020 ) ) ;
#8299 = VERTEX_POINT ( 'NONE', #791 ) ;
#8300 = FACE_OUTER_BOUND ( 'NONE', #8483, .T. ) ;
#8301 = CARTESIAN_POINT ( 'NONE',  ( 503.1923692304110887, 160.2499458203024005, 4.876454158737343114 ) ) ;
#8302 = CARTESIAN_POINT ( 'NONE',  ( 18.19999999999999929, 170.0000000000000000, -1.527713595751250061E-15 ) ) ;
#8303 = DIRECTION ( 'NONE',  ( 6.123233995736809177E-17, -1.000000000000000000, 0.000000000000000000 ) ) ;
#8304 = EDGE_CURVE ( 'NONE', #7723, #7414, #7195, .T. ) ;
#8305 = PLANE ( 'NONE',  #4696 ) ;
#8306 = CARTESIAN_POINT ( 'NONE',  ( 352.6216600295172157, 530.0000000000000000, 6.433224273564971550E-16 ) ) ;
#8307 = VERTEX_POINT ( 'NONE', #10402 ) ;
#8308 = AXIS2_PLACEMENT_3D ( 'NONE', #7707, #9340, #460 ) ;
#8309 = CARTESIAN_POINT ( 'NONE',  ( 170.0000000000000000, 265.0000000000000000, 20.00000000000000000 ) ) ;
#8310 = EDGE_CURVE ( 'NONE', #7423, #5224, #96, .T. ) ;
#8311 = ADVANCED_FACE ( 'NONE', ( #6459 ), #5703, .F. ) ;
#8312 = VERTEX_POINT ( 'NONE', #2314 ) ;
#8313 = CARTESIAN_POINT ( 'NONE',  ( 510.0000000000000000, 170.0000000000000000, 20.00000000000000000 ) ) ;
#8314 = ORIENTED_EDGE ( 'NONE', *, *, #125, .F. ) ;
#8315 = CARTESIAN_POINT ( 'NONE',  ( 376.1720922596287551, 12.83615955245221585, 9.900000000000009237 ) ) ;
#8316 = EDGE_CURVE ( 'NONE', #9612, #9799, #1557, .T. ) ;
#8317 = PLANE ( 'NONE',  #10429 ) ;
#8318 = FACE_BOUND ( 'NONE', #9505, .T. ) ;
#8319 = UNCERTAINTY_MEASURE_WITH_UNIT (LENGTH_MEASURE( 1.000000000000000082E-05 ), #3507, 'distance_accuracy_value', 'NONE');
#8320 = CARTESIAN_POINT ( 'NONE',  ( 353.0844147428545625, 529.9999999999997726, 5.360348087932151451 ) ) ;
#8321 = ORIENTED_EDGE ( 'NONE', *, *, #6681, .F. ) ;
#8322 = VERTEX_POINT ( 'NONE', #8886 ) ;
#8323 = SURFACE_SIDE_STYLE ('',( #5095 ) ) ;
#8324 = EDGE_LOOP ( 'NONE', ( #1353, #1650, #9955, #2849 ) ) ;
#8325 = VERTEX_POINT ( 'NONE', #9776 ) ;
#8326 = CARTESIAN_POINT ( 'NONE',  ( 170.0000000000000000, 18.39999999999999858, 16.13725830020299767 ) ) ;
#8327 = DIRECTION ( 'NONE',  ( 0.000000000000000000, 0.000000000000000000, -1.000000000000000000 ) ) ;
#8328 = ORIENTED_EDGE ( 'NONE', *, *, #10030, .T. ) ;
#8329 = AXIS2_PLACEMENT_3D ( 'NONE', #130, #6489, #2451 ) ;
#8330 = PRESENTATION_STYLE_ASSIGNMENT (( #4997 ) ) ;
#8331 = CARTESIAN_POINT ( 'NONE',  ( 508.8718174757415227, 20.06587492801714134, -9.146565213191545956E-17 ) ) ;
#8332 = FACE_OUTER_BOUND ( 'NONE', #8504, .T. ) ;
#8333 = ORIENTED_EDGE ( 'NONE', *, *, #9576, .F. ) ;
#8334 = ORIENTED_EDGE ( 'NONE', *, *, #5065, .T. ) ;
#8335 = VERTEX_POINT ( 'NONE', #2521 ) ;
#8336 = DIRECTION ( 'NONE',  ( 1.000000000000000000, 0.000000000000000000, 0.000000000000000000 ) ) ;
#8337 = DIRECTION ( 'NONE',  ( -1.000000000000000000, 8.616220720400398660E-16, 0.000000000000000000 ) ) ;
#8338 = AXIS2_PLACEMENT_3D ( 'NONE', #7993, #7882, #10403 ) ;
#8339 = LINE ( 'NONE', #1083, #1807 ) ;
#8340 = FACE_OUTER_BOUND ( 'NONE', #4334, .T. ) ;
#8341 = CARTESIAN_POINT ( 'NONE',  ( 0.000000000000000000, 89.30000000000350724, 7.000000000000000000 ) ) ;
#8342 = CARTESIAN_POINT ( 'NONE',  ( 255.0000000000000000, 510.0000000000000000, 4.238056389090750997 ) ) ;
#8343 = ORIENTED_EDGE ( 'NONE', *, *, #7780, .F. ) ;
#8344 = FACE_OUTER_BOUND ( 'NONE', #1408, .T. ) ;
#8345 = EDGE_LOOP ( 'NONE', ( #3185, #2394, #3063, #5168 ) ) ;
#8346 = ORIENTED_EDGE ( 'NONE', *, *, #4237, .F. ) ;
#8347 = EDGE_CURVE ( 'NONE', #5466, #2518, #891, .T. ) ;
#8348 = DIRECTION ( 'NONE',  ( 1.000000000000000000, 0.000000000000000000, 0.000000000000000000 ) ) ;
#8349 = CARTESIAN_POINT ( 'NONE',  ( 510.0000000000000000, 273.6999999999999886, 13.00000000000000000 ) ) ;
#8350 = DIRECTION ( 'NONE',  ( 1.000000000000000000, 9.141548937118500637E-49, 1.492928237510310014E-32 ) ) ;
#8351 = CARTESIAN_POINT ( 'NONE',  ( 491.8000000000000114, 170.0000000000000000, 15.65441558772840125 ) ) ;
#8352 = DIRECTION ( 'NONE',  ( 0.000000000000000000, 1.000000000000000000, -6.123233995736819037E-17 ) ) ;
#8353 = EDGE_CURVE ( 'NONE', #5042, #6806, #4075, .T. ) ;
#8354 = CARTESIAN_POINT ( 'NONE',  ( 500.0000000000000000, 30.00000000000000000, 4.000000000000000000 ) ) ;
#8355 = VERTEX_POINT ( 'NONE', #5755 ) ;
#8356 = CARTESIAN_POINT ( 'NONE',  ( 503.4799122006131711, 320.0000000000000568, 5.503248006536877845 ) ) ;
#8357 = EDGE_CURVE ( 'NONE', #2648, #7280, #1675, .T. ) ;
#8358 = EDGE_LOOP ( 'NONE', ( #5729, #3934, #338, #2469 ) ) ;
#8359 = DIRECTION ( 'NONE',  ( 1.000000000000000000, 0.000000000000000000, 0.000000000000000000 ) ) ;
#8360 = VERTEX_POINT ( 'NONE', #4967 ) ;
#8361 = CARTESIAN_POINT ( 'NONE',  ( 350.0707572047410849, -9.725217186426114324, 3.900000000000000799 ) ) ;
#8362 = CARTESIAN_POINT ( 'NONE',  ( 495.9425898691238785, 20.06587492801714134, -9.146565213191545956E-17 ) ) ;
#8363 = EDGE_CURVE ( 'NONE', #6953, #4965, #6656, .T. ) ;
#8364 = EDGE_CURVE ( 'NONE', #10173, #360, #5022, .T. ) ;
#8365 = MECHANICAL_DESIGN_GEOMETRIC_PRESENTATION_REPRESENTATION (  '', ( #9538 ), #4309 ) ;
#8366 = FACE_BOUND ( 'NONE', #6335, .T. ) ;
#8367 = CYLINDRICAL_SURFACE ( 'NONE', #5666, 5.258247340840183526 ) ;
#8368 = ORIENTED_EDGE ( 'NONE', *, *, #1039, .F. ) ;
#8369 = ORIENTED_EDGE ( 'NONE', *, *, #8524, .F. ) ;
#8370 = LINE ( 'NONE', #2593, #4452 ) ;
#8371 = EDGE_CURVE ( 'NONE', #3544, #9073, #1019, .T. ) ;
#8372 = ORIENTED_EDGE ( 'NONE', *, *, #2901, .T. ) ;
#8373 = VECTOR ( 'NONE', #4193, 1000.000000000000000 ) ;
#8374 = ORIENTED_EDGE ( 'NONE', *, *, #10335, .F. ) ;
#8375 = AXIS2_PLACEMENT_3D ( 'NONE', #3078, #2292, #1498 ) ;
#8376 = DIRECTION ( 'NONE',  ( 0.000000000000000000, 0.000000000000000000, -1.000000000000000000 ) ) ;
#8377 = VERTEX_POINT ( 'NONE', #8397 ) ;
#8378 = DIRECTION ( 'NONE',  ( 0.000000000000000000, 0.000000000000000000, 1.000000000000000000 ) ) ;
#8379 = DIRECTION ( 'NONE',  ( 1.000000000000000000, 0.000000000000000000, 0.000000000000000000 ) ) ;
#8380 = VECTOR ( 'NONE', #6028, 1000.000000000000000 ) ;
#8381 = CARTESIAN_POINT ( 'NONE',  ( 10.33137084989839849, 166.0000000000000000, 8.068629150101518377 ) ) ;
#8382 = VERTEX_POINT ( 'NONE', #5808 ) ;
#8383 = ORIENTED_EDGE ( 'NONE', *, *, #327, .T. ) ;
#8384 = VECTOR ( 'NONE', #9004, 1000.000000000000114 ) ;
#8385 = ORIENTED_EDGE ( 'NONE', *, *, #8026, .F. ) ;
#8386 = DIRECTION ( 'NONE',  ( 0.000000000000000000, 0.000000000000000000, 1.000000000000000000 ) ) ;
#8387 = VECTOR ( 'NONE', #1298, 1000.000000000000000 ) ;
#8388 = LINE ( 'NONE', #1922, #3153 ) ;
#8389 = DIRECTION ( 'NONE',  ( 1.000000000000000000, 0.000000000000000000, 0.000000000000000000 ) ) ;
#8390 = CARTESIAN_POINT ( 'NONE',  ( 500.0000000000000000, 180.0000000000000000, 12.00000000000000000 ) ) ;
#8391 = LINE ( 'NONE', #7549, #7786 ) ;
#8392 = CARTESIAN_POINT ( 'NONE',  ( 501.7500000000000568, 500.0000000000000000, 4.000000000000000000 ) ) ;
#8393 = ORIENTED_EDGE ( 'NONE', *, *, #1696, .F. ) ;
#8394 = ORIENTED_EDGE ( 'NONE', *, *, #7218, .T. ) ;
#8395 = ORIENTED_EDGE ( 'NONE', *, *, #10230, .F. ) ;
#8396 = CIRCLE ( 'NONE', #6883, 3.199999999999999734 ) ;
#8397 = CARTESIAN_POINT ( 'NONE',  ( 510.0000000000000000, 294.2000000000000455, 13.00000000000000000 ) ) ;
#8398 = CARTESIAN_POINT ( 'NONE',  ( 350.0000000000000000, 520.0000000000000000, 4.000000000000000000 ) ) ;
#8399 = VECTOR ( 'NONE', #6660, 1000.000000000000000 ) ;
#8400 = CYLINDRICAL_SURFACE ( 'NONE', #8138, 3.199999999999980638 ) ;
#8401 = CARTESIAN_POINT ( 'NONE',  ( 510.0000000000000000, 235.8000000000000114, 3.499999999999300115 ) ) ;
#8402 = CARTESIAN_POINT ( 'NONE',  ( 331.7500000000000000, 10.00000000000000000, 4.000000000000000000 ) ) ;
#8403 = DIRECTION ( 'NONE',  ( 0.000000000000000000, 1.000000000000000000, -5.010031699572010192E-16 ) ) ;
#8404 = ADVANCED_FACE ( 'NONE', ( #8300 ), #1932, .F. ) ;
#8405 = ORIENTED_EDGE ( 'NONE', *, *, #2275, .F. ) ;
#8406 = CARTESIAN_POINT ( 'NONE',  ( 170.0000000000000000, 18.19999999999999929, -2.041077998578919925E-15 ) ) ;
#8407 = ORIENTED_EDGE ( 'NONE', *, *, #1817, .T. ) ;
#8408 = EDGE_CURVE ( 'NONE', #9325, #4168, #1835, .T. ) ;
#8409 = DIRECTION ( 'NONE',  ( 2.010970006868209845E-16, -1.000000000000000000, 0.000000000000000000 ) ) ;
#8410 = EDGE_LOOP ( 'NONE', ( #3132, #5094, #3134, #3352 ) ) ;
#8411 = VECTOR ( 'NONE', #6265, 1000.000000000000114 ) ;
#8412 = VECTOR ( 'NONE', #6671, 1000.000000000000000 ) ;
#8413 = CARTESIAN_POINT ( 'NONE',  ( 373.8836612429423099, 12.04098619818961424, 3.899999999999999911 ) ) ;
#8414 = CARTESIAN_POINT ( 'NONE',  ( 136.5999999999999943, 363.0000000000000000, -7.666103852759760226E-15 ) ) ;
#8415 = VECTOR ( 'NONE', #416, 1000.000000000000000 ) ;
#8416 = ADVANCED_FACE ( 'NONE', ( #312 ), #1780, .T. ) ;
#8417 = DIRECTION ( 'NONE',  ( 0.000000000000000000, -0.000000000000000000, 1.000000000000000000 ) ) ;
#8418 = DIRECTION ( 'NONE',  ( 1.000000000000000000, 0.000000000000000000, 0.000000000000000000 ) ) ;
#8419 = VERTEX_POINT ( 'NONE', #7500 ) ;
#8420 = CARTESIAN_POINT ( 'NONE',  ( 295.0000000000000568, 510.0000000000000000, 10.49355789662100058 ) ) ;
#8421 = ADVANCED_FACE ( 'NONE', ( #996, #250 ), #2570, .F. ) ;
#8422 = ORIENTED_EDGE ( 'NONE', *, *, #2059, .T. ) ;
#8423 = VERTEX_POINT ( 'NONE', #7608 ) ;
#8424 = CARTESIAN_POINT ( 'NONE',  ( 0.000000000000000000, 0.000000000000000000, 0.000000000000000000 ) ) ;
#8425 = AXIS2_PLACEMENT_3D ( 'NONE', #7926, #136, #3203 ) ;
#8426 = EDGE_CURVE ( 'NONE', #6158, #7044, #5962, .T. ) ;
#8427 = VERTEX_POINT ( 'NONE', #9242 ) ;
#8428 = CARTESIAN_POINT ( 'NONE',  ( 491.5999999999999659, 170.0000000000000000, -1.527713595751260119E-15 ) ) ;
#8429 = DIRECTION ( 'NONE',  ( 0.000000000000000000, 0.9271838545667858700, 0.3746065934159159561 ) ) ;
#8430 = DIRECTION ( 'NONE',  ( 0.000000000000000000, -0.000000000000000000, 1.000000000000000000 ) ) ;
#8431 = ORIENTED_EDGE ( 'NONE', *, *, #7215, .T. ) ;
#8432 = EDGE_CURVE ( 'NONE', #6453, #1294, #7784, .T. ) ;
#8433 = ORIENTED_EDGE ( 'NONE', *, *, #6360, .T. ) ;
#8434 = ADVANCED_FACE ( 'NONE', ( #9932 ), #5915, .F. ) ;
#8435 = EDGE_LOOP ( 'NONE', ( #5264, #9256 ) ) ;
#8436 = AXIS2_PLACEMENT_3D ( 'NONE', #8302, #8350, #1782 ) ;
#8437 = DIRECTION ( 'NONE',  ( 0.000000000000000000, 0.000000000000000000, 1.000000000000000000 ) ) ;
#8438 = CARTESIAN_POINT ( 'NONE',  ( 10.00000000000000000, 370.0000000000000000, 4.000000000000000000 ) ) ;
#8439 = EDGE_CURVE ( 'NONE', #1703, #4262, #4073, .T. ) ;
#8440 = LINE ( 'NONE', #2866, #4183 ) ;
#8441 = LINE ( 'NONE', #5419, #1934 ) ;
#8442 = DIRECTION ( 'NONE',  ( 1.000000000000000000, -6.123233995736789455E-17, 0.000000000000000000 ) ) ;
#8443 = VECTOR ( 'NONE', #5769, 1000.000000000000000 ) ;
#8444 = CARTESIAN_POINT ( 'NONE',  ( 498.5641759430124580, 517.4133275873676894, 6.433224273564971550E-16 ) ) ;
#8445 = ORIENTED_EDGE ( 'NONE', *, *, #994, .T. ) ;
#8446 = DIRECTION ( 'NONE',  ( 0.000000000000000000, 4.809630431589130061E-16, 1.000000000000000000 ) ) ;
#8447 = ORIENTED_EDGE ( 'NONE', *, *, #6607, .F. ) ;
#8448 = ORIENTED_EDGE ( 'NONE', *, *, #2335, .F. ) ;
#8449 = CARTESIAN_POINT ( 'NONE',  ( 20.00000000000000000, 170.0000000000000000, 5.000000000000000000 ) ) ;
#8450 = DIRECTION ( 'NONE',  ( 1.000000000000000000, 0.000000000000000000, 0.000000000000000000 ) ) ;
#8451 = CIRCLE ( 'NONE', #7953, 3.199999999999980638 ) ;
#8452 = CARTESIAN_POINT ( 'NONE',  ( 500.0000000000000000, 160.0000000000000000, 4.000000000000000000 ) ) ;
#8453 = FACE_OUTER_BOUND ( 'NONE', #8588, .T. ) ;
#8454 =( BOUNDED_CURVE ( )  B_SPLINE_CURVE ( 3, ( #8096, #945, #8252, #4276 ),
 .UNSPECIFIED., .F., .F. ) 
 B_SPLINE_CURVE_WITH_KNOTS ( ( 4, 4 ),
 ( 3.141592653589793116, 6.283185307179586232 ),
 .UNSPECIFIED. ) 
 CURVE ( )  GEOMETRIC_REPRESENTATION_ITEM ( )  RATIONAL_B_SPLINE_CURVE ( ( 1.000000000000000000, 0.3333333333333333703, 0.3333333333333333703, 1.000000000000000000 ) ) 
 REPRESENTATION_ITEM ( '' )  );
#8455 = CARTESIAN_POINT ( 'NONE',  ( 503.0000000000000000, 273.6999999999999886, 7.000000000000000000 ) ) ;
#8456 = LINE ( 'NONE', #10132, #7028 ) ;
#8457 = VERTEX_POINT ( 'NONE', #1885 ) ;
#8458 = VECTOR ( 'NONE', #6286, 1000.000000000000000 ) ;
#8459 = CARTESIAN_POINT ( 'NONE',  ( 353.1999999999999318, 520.0000000000000000, 4.000000000000000000 ) ) ;
#8460 = ORIENTED_EDGE ( 'NONE', *, *, #1839, .T. ) ;
#8461 = CARTESIAN_POINT ( 'NONE',  ( 350.0000000000000000, 10.00000000000000000, 0.000000000000000000 ) ) ;
#8462 = ORIENTED_EDGE ( 'NONE', *, *, #6151, .F. ) ;
#8463 = VECTOR ( 'NONE', #3858, 1000.000000000000000 ) ;
#8464 = DIRECTION ( 'NONE',  ( 0.000000000000000000, -1.000000000000000000, 0.000000000000000000 ) ) ;
#8465 = DIRECTION ( 'NONE',  ( 0.000000000000000000, 0.9271838545667858700, 0.3746065934159159561 ) ) ;
#8466 = CARTESIAN_POINT ( 'NONE',  ( 505.0000000000001137, 340.0000000000000000, 6.738058857188993223 ) ) ;
#8467 = DIRECTION ( 'NONE',  ( 0.000000000000000000, 1.000000000000000000, 0.000000000000000000 ) ) ;
#8468 = EDGE_CURVE ( 'NONE', #3869, #3497, #7776, .T. ) ;
#8469 = AXIS2_PLACEMENT_3D ( 'NONE', #8500, #410, #708 ) ;
#8470 = FACE_BOUND ( 'NONE', #5941, .T. ) ;
#8471 = DIRECTION ( 'NONE',  ( 0.000000000000000000, 0.9271838545667858700, 0.3746065934159159561 ) ) ;
#8472 = CARTESIAN_POINT ( 'NONE',  ( 369.7115083231462336, 517.4133275873678031, 3.900000000000000355 ) ) ;
#8473 = EDGE_LOOP ( 'NONE', ( #4347, #5935, #2, #5055 ) ) ;
#8474 = ADVANCED_FACE ( 'NONE', ( #9192 ), #5171, .T. ) ;
#8475 = ORIENTED_EDGE ( 'NONE', *, *, #10343, .T. ) ;
#8476 = FACE_OUTER_BOUND ( 'NONE', #7823, .T. ) ;
#8477 = ORIENTED_EDGE ( 'NONE', *, *, #5326, .F. ) ;
#8478 = EDGE_CURVE ( 'NONE', #2532, #5992, #5225, .T. ) ;
#8479 = FACE_OUTER_BOUND ( 'NONE', #3015, .T. ) ;
#8480 = LINE ( 'NONE', #10059, #4816 ) ;
#8481 = FACE_OUTER_BOUND ( 'NONE', #6386, .T. ) ;
#8482 = ORIENTED_EDGE ( 'NONE', *, *, #64, .F. ) ;
#8483 = EDGE_LOOP ( 'NONE', ( #8273, #915, #5154, #7139 ) ) ;
#8485 = EDGE_CURVE ( 'NONE', #5058, #4435, #3369, .T. ) ;
#8484 = VERTEX_POINT ( 'NONE', #7654 ) ;
#8486 = DIRECTION ( 'NONE',  ( 1.000000000000000000, 0.000000000000000000, 0.000000000000000000 ) ) ;
#8487 = DIRECTION ( 'NONE',  ( 0.000000000000000000, 0.000000000000000000, -1.000000000000000000 ) ) ;
#8488 = AXIS2_PLACEMENT_3D ( 'NONE', #6062, #8551, #3577 ) ;
#8489 = ADVANCED_FACE ( 'NONE', ( #614 ), #6219, .F. ) ;
#8490 = EDGE_CURVE ( 'NONE', #1486, #162, #10078, .T. ) ;
#8491 = DIRECTION ( 'NONE',  ( 0.000000000000000000, 0.000000000000000000, -1.000000000000000000 ) ) ;
#8492 = FACE_BOUND ( 'NONE', #7370, .T. ) ;
#8493 = FACE_OUTER_BOUND ( 'NONE', #8358, .T. ) ;
#8494 = ORIENTED_EDGE ( 'NONE', *, *, #6496, .T. ) ;
#8495 = ORIENTED_EDGE ( 'NONE', *, *, #6332, .T. ) ;
#8496 = VERTEX_POINT ( 'NONE', #7812 ) ;
#8497 = CARTESIAN_POINT ( 'NONE',  ( 340.0000000000000000, 265.0000000000000000, 0.000000000000000000 ) ) ;
#8498 = CARTESIAN_POINT ( 'NONE',  ( 340.0000000000000000, 6.573840876841760082E-31, 0.000000000000000000 ) ) ;
#8499 = STYLED_ITEM ( 'NONE', ( #6037 ), #3461 ) ;
#8500 = CARTESIAN_POINT ( 'NONE',  ( 500.0000000000000000, 350.0000000000000000, 4.000000000000000000 ) ) ;
#8501 = DIRECTION ( 'NONE',  ( 1.000000000000000000, 0.000000000000000000, 0.000000000000000000 ) ) ;
#8502 = CARTESIAN_POINT ( 'NONE',  ( 10.00000000000000000, 160.0000000000000000, 4.000000000000000000 ) ) ;
#8503 = DIRECTION ( 'NONE',  ( 0.000000000000000000, 0.000000000000000000, -1.000000000000000000 ) ) ;
#8504 = EDGE_LOOP ( 'NONE', ( #5793, #7667, #5360, #4894, #3512, #2923, #1899 ) ) ;
#8505 = COLOUR_RGB ( '',0.7921568627450980005, 0.8196078431372548767, 0.9333333333333333481 ) ;
#8506 = CARTESIAN_POINT ( 'NONE',  ( 160.0000000000000000, 520.0000000000000000, 12.00000000000000000 ) ) ;
#8507 = ORIENTED_EDGE ( 'NONE', *, *, #6240, .T. ) ;
#8508 = DIRECTION ( 'NONE',  ( 0.000000000000000000, 0.000000000000000000, -1.000000000000000000 ) ) ;
#8509 = EDGE_LOOP ( 'NONE', ( #557, #6939, #3418 ) ) ;
#8510 = DIRECTION ( 'NONE',  ( 0.000000000000000000, -0.000000000000000000, 1.000000000000000000 ) ) ;
#8511 = CARTESIAN_POINT ( 'NONE',  ( 508.8508361943100340, 170.0000000000001421, 10.00000000000000000 ) ) ;
#8512 = LINE ( 'NONE', #7038, #814 ) ;
#8513 = DIRECTION ( 'NONE',  ( 0.000000000000000000, 0.000000000000000000, -1.000000000000000000 ) ) ;
#8514 = DIRECTION ( 'NONE',  ( 1.000000000000000000, 0.000000000000000000, 0.000000000000000000 ) ) ;
#8515 = B_SPLINE_CURVE_WITH_KNOTS ( 'NONE', 3,
 ( #3130, #4940, #7276, #8014, #2393, #9589, #4893, #5675, #3186, #2339, #8166, #8119, #5571, #4142, #3989, #1596, #3239, #7227, #2439, #4834, #8805, #119, #865, #8911, #1545, #5728, #8963, #4779, #759, #10433, #6428, #3342 ),
 .UNSPECIFIED., .F., .F.,
 ( 4, 2, 2, 2, 2, 2, 2, 2, 2, 2, 2, 2, 2, 2, 2, 4 ),
 ( 1.127570259384924611E-17, 0.0004253454551178805984, 0.0008506909102357499211, 0.001701381820471486181, 0.002552072730707222875, 0.003402763640942958918, 0.005104145461414431005, 0.006805527281885902224, 0.008506909102357372576, 0.009357600012593191019, 0.01020829092282900599, 0.01105898183306482443, 0.01190967274330064288, 0.01276036365353645785, 0.01318570910865432891, 0.01361105456377219997 ),
 .UNSPECIFIED. ) ;
#8516 = ORIENTED_EDGE ( 'NONE', *, *, #2252, .T. ) ;
#8517 = CARTESIAN_POINT ( 'NONE',  ( 507.0717943477927179, 170.0000000000002274, 6.671005356951488885 ) ) ;
#8518 = LINE ( 'NONE', #4499, #10357 ) ;
#8519 = ORIENTED_EDGE ( 'NONE', *, *, #5071, .F. ) ;
#8520 = ORIENTED_EDGE ( 'NONE', *, *, #2718, .F. ) ;
#8521 = FACE_BOUND ( 'NONE', #4538, .T. ) ;
#8522 = AXIS2_PLACEMENT_3D ( 'NONE', #2904, #340, #543 ) ;
#8523 = ORIENTED_EDGE ( 'NONE', *, *, #9699, .F. ) ;
#8524 = EDGE_CURVE ( 'NONE', #2165, #8423, #2139, .T. ) ;
#8525 = PLANE ( 'NONE',  #1599 ) ;
#8526 = CARTESIAN_POINT ( 'NONE',  ( -1.196315004851679926E-31, 64.29999999999999716, 3.499999999998190336 ) ) ;
#8527 = CARTESIAN_POINT ( 'NONE',  ( 3.500000000000000000, 92.64999999999999147, 10.00000000000000000 ) ) ;
#8528 = VERTEX_POINT ( 'NONE', #8550 ) ;
#8529 = CIRCLE ( 'NONE', #2780, 2.350000000000004974 ) ;
#8530 = ORIENTED_EDGE ( 'NONE', *, *, #7078, .T. ) ;
#8531 = VECTOR ( 'NONE', #8513, 1000.000000000000000 ) ;
#8532 = VERTEX_POINT ( 'NONE', #508 ) ;
#8533 = ADVANCED_FACE ( 'NONE', ( #4579 ), #8601, .F. ) ;
#8534 = CARTESIAN_POINT ( 'NONE',  ( 490.0000000000000000, 20.00000000000000000, 20.00000000000000000 ) ) ;
#8535 = CYLINDRICAL_SURFACE ( 'NONE', #3158, 1.750000000000001554 ) ;
#8536 = VECTOR ( 'NONE', #10387, 1000.000000000000000 ) ;
#8537 = VECTOR ( 'NONE', #2198, 1000.000000000000000 ) ;
#8538 = CARTESIAN_POINT ( 'NONE',  ( 500.0000000000000000, 350.0000000000000000, 4.000000000000000000 ) ) ;
#8539 = DIRECTION ( 'NONE',  ( 1.000000000000000000, 0.000000000000000000, 0.000000000000000000 ) ) ;
#8540 = EDGE_CURVE ( 'NONE', #8377, #9628, #5376, .T. ) ;
#8541 = DIRECTION ( 'NONE',  ( 0.000000000000000000, 0.000000000000000000, -1.000000000000000000 ) ) ;
#8542 = ORIENTED_EDGE ( 'NONE', *, *, #7326, .F. ) ;
#8543 = AXIS2_PLACEMENT_3D ( 'NONE', #3438, #9895, #8160 ) ;
#8544 = EDGE_LOOP ( 'NONE', ( #1157, #4890, #1332, #8321 ) ) ;
#8545 = ORIENTED_EDGE ( 'NONE', *, *, #9078, .T. ) ;
#8546 = VECTOR ( 'NONE', #2585, 1000.000000000000000 ) ;
#8547 = ADVANCED_FACE ( 'NONE', ( #9290 ), #6864, .F. ) ;
#8548 = ADVANCED_FACE ( 'NONE', ( #7705 ), #9495, .T. ) ;
#8549 = EDGE_CURVE ( 'NONE', #6317, #3074, #1246, .T. ) ;
#8550 = CARTESIAN_POINT ( 'NONE',  ( 371.9005428569985838, 10.64941922215405512, 6.433224273564971550E-16 ) ) ;
#8551 = DIRECTION ( 'NONE',  ( 0.000000000000000000, -0.000000000000000000, 1.000000000000000000 ) ) ;
#8552 = CARTESIAN_POINT ( 'NONE',  ( 503.0847763593054651, 30.85296520584935820, 4.467463423124260480 ) ) ;
#8553 = CARTESIAN_POINT ( 'NONE',  ( -9.262603812836810889E-31, 497.8500000000000227, 6.999999999999790390 ) ) ;
#8554 = DIRECTION ( 'NONE',  ( 2.230840715612949884E-46, -1.199040866595979886E-13, -1.000000000000000000 ) ) ;
#8555 = DIRECTION ( 'NONE',  ( 1.000000000000000000, 0.000000000000000000, 0.000000000000000000 ) ) ;
#8556 = FACE_OUTER_BOUND ( 'NONE', #6492, .T. ) ;
#8557 = VECTOR ( 'NONE', #9726, 1000.000000000000000 ) ;
#8558 = EDGE_CURVE ( 'NONE', #5372, #10185, #1398, .T. ) ;
#8559 = VECTOR ( 'NONE', #3193, 1000.000000000000000 ) ;
#8560 = ORIENTED_EDGE ( 'NONE', *, *, #1627, .T. ) ;
#8561 = LINE ( 'NONE', #3586, #7066 ) ;
#8562 = VERTEX_POINT ( 'NONE', #4689 ) ;
#8563 = CIRCLE ( 'NONE', #8072, 1.750000000000001554 ) ;
#8564 = VECTOR ( 'NONE', #5539, 1000.000000000000000 ) ;
#8565 = ORIENTED_EDGE ( 'NONE', *, *, #2275, .T. ) ;
#8566 = EDGE_CURVE ( 'NONE', #4144, #10196, #7016, .T. ) ;
#8567 = DIRECTION ( 'NONE',  ( 1.000000000000000000, 0.000000000000000000, 0.000000000000000000 ) ) ;
#8568 = ORIENTED_EDGE ( 'NONE', *, *, #8725, .F. ) ;
#8569 = DIRECTION ( 'NONE',  ( -1.492928237510310014E-32, 0.000000000000000000, 1.000000000000000000 ) ) ;
#8570 = DIRECTION ( 'NONE',  ( 1.000000000000000000, 0.000000000000000000, 0.000000000000000000 ) ) ;
#8571 = LINE ( 'NONE', #9261, #639 ) ;
#8572 = DIRECTION ( 'NONE',  ( 0.000000000000000000, 0.000000000000000000, -1.000000000000000000 ) ) ;
#8573 = AXIS2_PLACEMENT_3D ( 'NONE', #351, #5268, #10066 ) ;
#8574 = LINE ( 'NONE', #3806, #2464 ) ;
#8575 = CARTESIAN_POINT ( 'NONE',  ( 508.3270020009305199, 170.0000000000002274, 5.627423700706098764 ) ) ;
#8576 = CARTESIAN_POINT ( 'NONE',  ( 20.00000000000000000, 510.0000000000000000, 20.00000000000000000 ) ) ;
#8577 = EDGE_LOOP ( 'NONE', ( #8143, #5936, #1843 ) ) ;
#8578 = CIRCLE ( 'NONE', #10254, 2.999999999999977796 ) ;
#8579 = CARTESIAN_POINT ( 'NONE',  ( 6.500000000000000000, 419.8000000000000114, 12.99999999999979927 ) ) ;
#8580 = ORIENTED_EDGE ( 'NONE', *, *, #6432, .T. ) ;
#8581 = CARTESIAN_POINT ( 'NONE',  ( 0.000000000000000000, 72.35000000000000853, 10.00000000000000000 ) ) ;
#8582 = ORIENTED_EDGE ( 'NONE', *, *, #8595, .F. ) ;
#8583 = CIRCLE ( 'NONE', #10438, 1.749999999999999778 ) ;
#8584 = DIRECTION ( 'NONE',  ( 1.000000000000000000, 0.000000000000000000, 0.000000000000000000 ) ) ;
#8585 = CARTESIAN_POINT ( 'NONE',  ( 503.1058382415780557, 180.7763595089611215, 4.566393424262456868 ) ) ;
#8586 = CARTESIAN_POINT ( 'NONE',  ( 490.0000000000000000, 20.00000000000000000, 20.00000000000000000 ) ) ;
#8587 = EDGE_LOOP ( 'NONE', ( #1321, #1684, #3782, #569 ) ) ;
#8588 = EDGE_LOOP ( 'NONE', ( #6007, #537, #4388, #2811, #9296, #2106, #2050, #2568, #5794 ) ) ;
#8589 = EDGE_LOOP ( 'NONE', ( #4665, #7031, #9694, #3793, #6810, #7180, #4985, #6203, #693 ) ) ;
#8590 = DIRECTION ( 'NONE',  ( 1.000000000000000000, 0.000000000000000000, 0.000000000000000000 ) ) ;
#8591 = FACE_OUTER_BOUND ( 'NONE', #9811, .T. ) ;
#8592 = DIRECTION ( 'NONE',  ( 0.000000000000000000, -0.9271838545667858700, -0.3746065934159158450 ) ) ;
#8593 = CARTESIAN_POINT ( 'NONE',  ( 500.0000000000000000, 370.0000000000000000, 12.00000000000000000 ) ) ;
#8594 = DIRECTION ( 'NONE',  ( 1.000000000000000000, 0.000000000000000000, 0.000000000000000000 ) ) ;
#8595 = EDGE_CURVE ( 'NONE', #2504, #3768, #182, .T. ) ;
#8596 = ORIENTED_EDGE ( 'NONE', *, *, #125, .T. ) ;
#8597 = VECTOR ( 'NONE', #8010, 1000.000000000000000 ) ;
#8598 = ORIENTED_EDGE ( 'NONE', *, *, #5072, .F. ) ;
#8599 = VERTEX_POINT ( 'NONE', #10231 ) ;
#8600 = EDGE_CURVE ( 'NONE', #5106, #8312, #3624, .T. ) ;
#8601 = CYLINDRICAL_SURFACE ( 'NONE', #10306, 1.750000000000001554 ) ;
#8602 = CARTESIAN_POINT ( 'NONE',  ( 500.0000000000000000, 500.0000000000000000, 0.000000000000000000 ) ) ;
#8603 = CARTESIAN_POINT ( 'NONE',  ( 503.1923692304112024, 30.24994582030243961, 4.876454158737685063 ) ) ;
#8604 = FACE_OUTER_BOUND ( 'NONE', #9930, .T. ) ;
#8605 = LINE ( 'NONE', #5280, #627 ) ;
#8606 = VECTOR ( 'NONE', #4391, 1000.000000000000000 ) ;
#8607 = DIRECTION ( 'NONE',  ( 0.000000000000000000, 0.000000000000000000, -1.000000000000000000 ) ) ;
#8608 = CARTESIAN_POINT ( 'NONE',  ( 255.0000000000000000, 515.5081397412454862, 9.591240053883812067 ) ) ;
#8609 = ORIENTED_EDGE ( 'NONE', *, *, #3428, .T. ) ;
#8610 = DIRECTION ( 'NONE',  ( 0.000000000000000000, -0.000000000000000000, 1.000000000000000000 ) ) ;
#8611 = ORIENTED_EDGE ( 'NONE', *, *, #10395, .T. ) ;
#8612 = ORIENTED_EDGE ( 'NONE', *, *, #4807, .F. ) ;
#8613 = AXIS2_PLACEMENT_3D ( 'NONE', #8206, #2583, #855 ) ;
#8614 = ORIENTED_EDGE ( 'NONE', *, *, #4040, .F. ) ;
#8615 = DIRECTION ( 'NONE',  ( 0.000000000000000000, 0.000000000000000000, -1.000000000000000000 ) ) ;
#8616 = CARTESIAN_POINT ( 'NONE',  ( 510.0000000000000000, 141.8499999999999943, 13.00000000000000000 ) ) ;
#8617 = EDGE_CURVE ( 'NONE', #5804, #1919, #4529, .T. ) ;
#8618 = PLANE ( 'NONE',  #1005 ) ;
#8619 = FACE_OUTER_BOUND ( 'NONE', #3904, .T. ) ;
#8620 = CARTESIAN_POINT ( 'NONE',  ( 500.0000000000000000, 180.0000000000000000, 4.000000000000000000 ) ) ;
#8621 = CYLINDRICAL_SURFACE ( 'NONE', #7869, 1.749999999999973799 ) ;
#8622 = EDGE_CURVE ( 'NONE', #8038, #7192, #8706, .T. ) ;
#8623 = CIRCLE ( 'NONE', #3214, 3.200000000000008171 ) ;
#8624 = EDGE_CURVE ( 'NONE', #1533, #10156, #3032, .T. ) ;
#8625 = EDGE_CURVE ( 'NONE', #6724, #3910, #7962, .T. ) ;
#8626 = DIRECTION ( 'NONE',  ( 0.000000000000000000, 0.000000000000000000, 1.000000000000000000 ) ) ;
#8627 = CARTESIAN_POINT ( 'NONE',  ( 505.4543790536349093, 170.0000000000001705, 6.863512599483416743 ) ) ;
#8628 = FILL_AREA_STYLE ('',( #1371 ) ) ;
#8629 = ORIENTED_EDGE ( 'NONE', *, *, #3446, .T. ) ;
#8630 = CARTESIAN_POINT ( 'NONE',  ( -8.664446310410968956E-31, 465.6999999999999886, 6.499999999999789502 ) ) ;
#8631 = ADVANCED_FACE ( 'NONE', ( #10175, #9388, #5741, #9763 ), #2405, .T. ) ;
#8632 = VERTEX_POINT ( 'NONE', #8819 ) ;
#8633 = CARTESIAN_POINT ( 'NONE',  ( 181.7500000000000000, 520.0000000000000000, 0.000000000000000000 ) ) ;
#8634 = PLANE ( 'NONE',  #9418 ) ;
#8635 = VECTOR ( 'NONE', #1297, 1000.000000000000000 ) ;
#8636 = EDGE_LOOP ( 'NONE', ( #5896, #4187 ) ) ;
#8637 = FACE_OUTER_BOUND ( 'NONE', #505, .T. ) ;
#8638 = CARTESIAN_POINT ( 'NONE',  ( 500.0000000000000000, 160.0000000000000000, 12.00000000000000000 ) ) ;
#8639 = CARTESIAN_POINT ( 'NONE',  ( 160.0000000000000000, 520.0000000000000000, 0.000000000000000000 ) ) ;
#8640 = ORIENTED_EDGE ( 'NONE', *, *, #10263, .T. ) ;
#8641 = ORIENTED_EDGE ( 'NONE', *, *, #479, .F. ) ;
#8642 = DIRECTION ( 'NONE',  ( 0.000000000000000000, -0.9271838545667859810, -0.3746065934159159005 ) ) ;
#8643 = ORIENTED_EDGE ( 'NONE', *, *, #4155, .F. ) ;
#8644 = ORIENTED_EDGE ( 'NONE', *, *, #9822, .F. ) ;
#8645 = CYLINDRICAL_SURFACE ( 'NONE', #7555, 3.199999999999980638 ) ;
#8646 = DIRECTION ( 'NONE',  ( 0.000000000000000000, -1.000000000000000000, 0.000000000000000000 ) ) ;
#8647 = CARTESIAN_POINT ( 'NONE',  ( 3.500000000000000000, 432.6499999999999773, 10.00000000000189893 ) ) ;
#8648 = CARTESIAN_POINT ( 'NONE',  ( 501.7500000000000568, 180.0000000000000000, 10.00000000000000000 ) ) ;
#8649 = CARTESIAN_POINT ( 'NONE',  ( 503.1999999999999886, 500.0000000000001137, 4.898046116018326401 ) ) ;
#8650 = EDGE_LOOP ( 'NONE', ( #8895, #6530, #3341, #8141 ) ) ;
#8651 = ORIENTED_EDGE ( 'NONE', *, *, #9433, .F. ) ;
#8652 = EDGE_LOOP ( 'NONE', ( #2821, #8106, #4541, #1752, #9441, #4657 ) ) ;
#8653 = DIRECTION ( 'NONE',  ( -1.340646671245470025E-16, 1.000000000000000000, -2.566822014138359858E-17 ) ) ;
#8654 = DIRECTION ( 'NONE',  ( 0.000000000000000000, 0.000000000000000000, -1.000000000000000000 ) ) ;
#8655 = CARTESIAN_POINT ( 'NONE',  ( 510.0000000000000000, 170.0000000000000000, 5.000000000000000000 ) ) ;
#8656 = DIRECTION ( 'NONE',  ( 0.000000000000000000, 1.000000000000000000, 0.000000000000000000 ) ) ;
#8657 = CYLINDRICAL_SURFACE ( 'NONE', #6011, 1.500000000000157430 ) ;
#8658 = PLANE ( 'NONE',  #5098 ) ;
#8659 = CIRCLE ( 'NONE', #8162, 2.900000000000003908 ) ;
#8660 = EDGE_CURVE ( 'NONE', #2958, #5437, #1716, .T. ) ;
#8661 = ORIENTED_EDGE ( 'NONE', *, *, #8880, .F. ) ;
#8662 = CARTESIAN_POINT ( 'NONE',  ( 503.7432355013256142, 340.0000000000000000, 5.887267567834767235 ) ) ;
#8663 = ORIENTED_EDGE ( 'NONE', *, *, #9003, .T. ) ;
#8664 = VERTEX_POINT ( 'NONE', #7129 ) ;
#8665 = ORIENTED_EDGE ( 'NONE', *, *, #2858, .F. ) ;
#8666 = CARTESIAN_POINT ( 'NONE',  ( 0.000000000000000000, 54.80000000000000426, 7.000000000000000000 ) ) ;
#8667 = DIRECTION ( 'NONE',  ( 0.000000000000000000, 0.000000000000000000, 1.000000000000000000 ) ) ;
#8668 = DIRECTION ( 'NONE',  ( 0.000000000000000000, -0.000000000000000000, 1.000000000000000000 ) ) ;
#8669 = ADVANCED_FACE ( 'NONE', ( #7925 ), #1560, .F. ) ;
#8670 = FACE_OUTER_BOUND ( 'NONE', #8999, .T. ) ;
#8671 = CARTESIAN_POINT ( 'NONE',  ( 18.39999999999999858, 360.0000000000000000, 16.13725830020299767 ) ) ;
#8672 = CARTESIAN_POINT ( 'NONE',  ( 20.00000000000000000, 170.0000000000000000, 20.00000000000000000 ) ) ;
#8673 = CLOSED_SHELL ( 'NONE', ( #974, #3712, #9270, #9899, #3379, #6729, #3293, #28, #7800, #7071, #4419, #7279, #1610, #8669, #5594, #3578, #10037, #1582, #5379, #8631, #10134, #2154, #5659, #7577, #414, #1415, #2000, #5579, #710, #3980, #6438, #10359, #2595, #6993, #1002, #5445, #5698 ) ) ;
#8674 = VECTOR ( 'NONE', #6760, 1000.000000000000000 ) ;
#8675 = DIRECTION ( 'NONE',  ( 0.000000000000000000, 0.9271838545667858700, 0.3746065934159159561 ) ) ;
#8676 = EDGE_CURVE ( 'NONE', #5434, #6179, #5590, .T. ) ;
#8677 = CARTESIAN_POINT ( 'NONE',  ( 490.0000000000000000, 510.0000000000000000, 0.000000000000000000 ) ) ;
#8678 = CARTESIAN_POINT ( 'NONE',  ( 491.8000000000000114, 170.0000000000000000, -1.527713595751250061E-15 ) ) ;
#8679 = VERTEX_POINT ( 'NONE', #8868 ) ;
#8680 = DIRECTION ( 'NONE',  ( 0.000000000000000000, 0.000000000000000000, -1.000000000000000000 ) ) ;
#8681 = ORIENTED_EDGE ( 'NONE', *, *, #326, .T. ) ;
#8682 = EDGE_CURVE ( 'NONE', #678, #9325, #5536, .T. ) ;
#8683 = DIRECTION ( 'NONE',  ( 0.000000000000000000, 0.000000000000000000, -1.000000000000000000 ) ) ;
#8684 = ADVANCED_FACE ( 'NONE', ( #5691 ), #2356, .F. ) ;
#8685 = DIRECTION ( 'NONE',  ( 0.000000000000000000, 1.000000000000000000, 1.184237892934309955E-13 ) ) ;
#8686 = ORIENTED_EDGE ( 'NONE', *, *, #2731, .F. ) ;
#8687 = CARTESIAN_POINT ( 'NONE',  ( 0.000000000000000000, 75.69999999999389217, 13.00000000000000000 ) ) ;
#8688 = CARTESIAN_POINT ( 'NONE',  ( 503.0847763593054651, 180.8529652058489035, 4.467463423124117483 ) ) ;
#8689 = EDGE_CURVE ( 'NONE', #2518, #1172, #4850, .T. ) ;
#8690 = DIRECTION ( 'NONE',  ( 0.000000000000000000, 0.000000000000000000, -1.000000000000000000 ) ) ;
#8691 = ORIENTED_EDGE ( 'NONE', *, *, #6812, .F. ) ;
#8692 = EDGE_LOOP ( 'NONE', ( #5533, #2203, #2994, #7563, #7909 ) ) ;
#8693 = DIRECTION ( 'NONE',  ( -1.000000000000000000, 0.000000000000000000, 0.000000000000000000 ) ) ;
#8694 = ORIENTED_EDGE ( 'NONE', *, *, #4669, .T. ) ;
#8695 = ORIENTED_EDGE ( 'NONE', *, *, #4355, .F. ) ;
#8696 = PRESENTATION_LAYER_ASSIGNMENT (  '', '', ( #4642 ) ) ;
#8697 = FACE_OUTER_BOUND ( 'NONE', #9362, .T. ) ;
#8698 = CARTESIAN_POINT ( 'NONE',  ( 215.0000000000000284, 515.5081397412454862, 9.591240053883812067 ) ) ;
#8699 = DIRECTION ( 'NONE',  ( 0.000000000000000000, -1.000000000000000000, 0.000000000000000000 ) ) ;
#8700 = PLANE ( 'NONE',  #637 ) ;
#8701 = VECTOR ( 'NONE', #1, 1000.000000000000000 ) ;
#8702 = CARTESIAN_POINT ( 'NONE',  ( 350.0000000000000000, 520.0000000000000000, 20.00000000000000000 ) ) ;
#8703 = ORIENTED_EDGE ( 'NONE', *, *, #2460, .T. ) ;
#8704 = ORIENTED_EDGE ( 'NONE', *, *, #9784, .F. ) ;
#8705 = AXIS2_PLACEMENT_3D ( 'NONE', #3865, #3974, #7207 ) ;
#8706 = LINE ( 'NONE', #8497, #9808 ) ;
#8707 = CARTESIAN_POINT ( 'NONE',  ( 508.8508361943100340, 169.9999999999999147, -9.146565213191545956E-17 ) ) ;
#8708 = VECTOR ( 'NONE', #4717, 1000.000000000000000 ) ;
#8709 = VECTOR ( 'NONE', #8825, 1000.000000000000000 ) ;
#8710 = CARTESIAN_POINT ( 'NONE',  ( 340.0000000000000000, 18.19999999999999929, 15.65441558772840125 ) ) ;
#8711 = PLANE ( 'NONE',  #5525 ) ;
#8712 = CARTESIAN_POINT ( 'NONE',  ( 340.0000000000000000, 6.573840876841760082E-31, 20.00000000000000000 ) ) ;
#8713 = DIRECTION ( 'NONE',  ( 1.000000000000000000, 0.000000000000000000, 0.000000000000000000 ) ) ;
#8714 = ORIENTED_EDGE ( 'NONE', *, *, #5197, .T. ) ;
#8715 = CIRCLE ( 'NONE', #1276, 2.900000000000010125 ) ;
#8716 = DIRECTION ( 'NONE',  ( 1.000000000000000000, 0.000000000000000000, 0.000000000000000000 ) ) ;
#8717 = CIRCLE ( 'NONE', #7375, 12.92922760661762993 ) ;
#8718 = VERTEX_POINT ( 'NONE', #10336 ) ;
#8719 = VERTEX_POINT ( 'NONE', #4905 ) ;
#8720 = ORIENTED_EDGE ( 'NONE', *, *, #4601, .F. ) ;
#8721 = CARTESIAN_POINT ( 'NONE',  ( 503.0343435439377231, 19.32959827346325454, 6.433224273564971550E-16 ) ) ;
#8722 = LINE ( 'NONE', #8616, #3917 ) ;
#8723 = DIRECTION ( 'NONE',  ( 0.000000000000000000, -0.3746065934159150679, 0.9271838545667862030 ) ) ;
#8724 = PLANE ( 'NONE',  #2953 ) ;
#8725 = EDGE_CURVE ( 'NONE', #6139, #5945, #8028, .T. ) ;
#8726 = DIRECTION ( 'NONE',  ( 1.000000000000000000, 0.000000000000000000, 0.000000000000000000 ) ) ;
#8727 = VECTOR ( 'NONE', #894, 1000.000000000000000 ) ;
#8728 = CARTESIAN_POINT ( 'NONE',  ( 501.7500000000000568, 30.00000000000000000, 10.00000000000000000 ) ) ;
#8729 = CARTESIAN_POINT ( 'NONE',  ( 500.0000000000000000, 350.0000000000000000, 4.000000000000000000 ) ) ;
#8730 = VECTOR ( 'NONE', #390, 1000.000000000000000 ) ;
#8731 = VECTOR ( 'NONE', #2410, 1000.000000000000000 ) ;
#8732 = FACE_OUTER_BOUND ( 'NONE', #121, .T. ) ;
#8733 = EDGE_CURVE ( 'NONE', #8427, #2565, #7182, .T. ) ;
#8734 = ORIENTED_EDGE ( 'NONE', *, *, #4943, .T. ) ;
#8735 = AXIS2_PLACEMENT_3D ( 'NONE', #7118, #8809, #7968 ) ;
#8736 = LINE ( 'NONE', #3925, #3711 ) ;
#8737 = ORIENTED_EDGE ( 'NONE', *, *, #7119, .F. ) ;
#8738 = FACE_OUTER_BOUND ( 'NONE', #434, .T. ) ;
#8739 = EDGE_CURVE ( 'NONE', #6133, #6396, #4651, .T. ) ;
#8740 = EDGE_CURVE ( 'NONE', #4876, #5437, #2507, .T. ) ;
#8741 = DIRECTION ( 'NONE',  ( -1.000000000000000000, -9.141548937118559889E-49, -1.492928237510310014E-32 ) ) ;
#8742 = AXIS2_PLACEMENT_3D ( 'NONE', #9282, #8487, #1285 ) ;
#8743 = VERTEX_POINT ( 'NONE', #4112 ) ;
#8744 = DIRECTION ( 'NONE',  ( -0.000000000000000000, 1.000000000000000000, 0.000000000000000000 ) ) ;
#8745 = CARTESIAN_POINT ( 'NONE',  ( 6.500000000000000000, 447.5000000000000000, 9.999999999999859668 ) ) ;
#8746 = EDGE_CURVE ( 'NONE', #8325, #6024, #6389, .T. ) ;
#8747 = AXIS2_PLACEMENT_3D ( 'NONE', #8062, #3279, #6519 ) ;
#8748 = CARTESIAN_POINT ( 'NONE',  ( 508.8508361943099203, 170.0000000000001137, 4.259777569313951240 ) ) ;
#8749 = PRODUCT_RELATED_PRODUCT_CATEGORY ( 'part', '', ( #6410 ) ) ;
#8750 = ORIENTED_EDGE ( 'NONE', *, *, #2209, .T. ) ;
#8751 = ORIENTED_EDGE ( 'NONE', *, *, #7656, .F. ) ;
#8752 = SURFACE_SIDE_STYLE ('',( #1196 ) ) ;
#8753 = ORIENTED_EDGE ( 'NONE', *, *, #1800, .T. ) ;
#8754 = ORIENTED_EDGE ( 'NONE', *, *, #9327, .F. ) ;
#8755 = EDGE_CURVE ( 'NONE', #8864, #9949, #830, .T. ) ;
#8756 = AXIS2_PLACEMENT_3D ( 'NONE', #4026, #7258, #2263 ) ;
#8757 = LINE ( 'NONE', #8968, #5029 ) ;
#8758 = FACE_BOUND ( 'NONE', #1608, .T. ) ;
#8759 = AXIS2_PLACEMENT_3D ( 'NONE', #802, #9733, #54 ) ;
#8760 = CARTESIAN_POINT ( 'NONE',  ( 503.4656444225166183, 514.5204711104547641, 3.899999999999999467 ) ) ;
#8761 = FACE_OUTER_BOUND ( 'NONE', #9385, .T. ) ;
#8762 = EDGE_CURVE ( 'NONE', #6668, #164, #10054, .T. ) ;
#8763 = FACE_OUTER_BOUND ( 'NONE', #911, .T. ) ;
#8764 = ADVANCED_FACE ( 'NONE', ( #9706, #6446 ), #4062, .F. ) ;
#8765 = ORIENTED_EDGE ( 'NONE', *, *, #576, .F. ) ;
#8766 = VERTEX_POINT ( 'NONE', #7338 ) ;
#8767 = CARTESIAN_POINT ( 'NONE',  ( 180.0000000000000000, 10.00000000000000000, 12.00000000000000000 ) ) ;
#8769 = ADVANCED_FACE ( 'NONE', ( #79 ), #6545, .F. ) ;
#8768 = CARTESIAN_POINT ( 'NONE',  ( 326.8000000000000114, 10.00000000000000000, 12.00000000000000000 ) ) ;
#8770 = CARTESIAN_POINT ( 'NONE',  ( 20.00000000000000000, 320.0000000000000000, 20.00000000000000000 ) ) ;
#8771 = DIRECTION ( 'NONE',  ( 0.000000000000000000, 1.000000000000000000, 1.184237892934300110E-14 ) ) ;
#8772 = PLANE ( 'NONE',  #4152 ) ;
#8773 = DIRECTION ( 'NONE',  ( 0.000000000000000000, 0.3746065934159142907, -0.9271838545667865361 ) ) ;
#8774 = ORIENTED_EDGE ( 'NONE', *, *, #6866, .F. ) ;
#8775 = CARTESIAN_POINT ( 'NONE',  ( 6.500000000000000000, 64.29999999999999716, 6.999999999996390443 ) ) ;
#8776 = VERTEX_POINT ( 'NONE', #188 ) ;
#8777 = VERTEX_POINT ( 'NONE', #5995 ) ;
#8778 = ORIENTED_EDGE ( 'NONE', *, *, #5947, .F. ) ;
#8779 = DIRECTION ( 'NONE',  ( 1.000000000000000000, 0.000000000000000000, 0.000000000000000000 ) ) ;
#8780 = DIRECTION ( 'NONE',  ( 1.000000000000000000, 0.000000000000000000, 0.000000000000000000 ) ) ;
#8781 = AXIS2_PLACEMENT_3D ( 'NONE', #9779, #998, #5864 ) ;
#8782 = DIRECTION ( 'NONE',  ( 0.000000000000000000, 0.000000000000000000, 1.000000000000000000 ) ) ;
#8783 = CYLINDRICAL_SURFACE ( 'NONE', #3998, 2.900000000000003908 ) ;
#8784 = DIRECTION ( 'NONE',  ( 0.000000000000000000, 0.000000000000000000, -1.000000000000000000 ) ) ;
#8785 = DIRECTION ( 'NONE',  ( 0.000000000000000000, 0.000000000000000000, -1.000000000000000000 ) ) ;
#8786 = DIRECTION ( 'NONE',  ( 0.000000000000000000, 1.000000000000000000, 0.000000000000000000 ) ) ;
#8787 = ORIENTED_EDGE ( 'NONE', *, *, #9146, .F. ) ;
#8788 = AXIS2_PLACEMENT_3D ( 'NONE', #1639, #4880, #1587 ) ;
#8789 = LINE ( 'NONE', #5557, #1148 ) ;
#8790 = DIRECTION ( 'NONE',  ( 0.000000000000000000, 0.9271838545667858700, 0.3746065934159159561 ) ) ;
#8791 = ORIENTED_EDGE ( 'NONE', *, *, #6442, .F. ) ;
#8792 = DIRECTION ( 'NONE',  ( 1.000000000000000000, 0.000000000000000000, 0.000000000000000000 ) ) ;
#8793 = VERTEX_POINT ( 'NONE', #981 ) ;
#8794 = DIRECTION ( 'NONE',  ( 1.000000000000000000, 0.000000000000000000, 0.000000000000000000 ) ) ;
#8795 = CARTESIAN_POINT ( 'NONE',  ( 510.0000000000000000, 246.2999999999999829, 13.00000000000000000 ) ) ;
#8796 = CIRCLE ( 'NONE', #4737, 3.200000000000008171 ) ;
#8797 =( BOUNDED_SURFACE ( )  B_SPLINE_SURFACE ( 3, 1, ( 
 ( #2411, #9665 ),
 ( #7297, #5641 ),
 ( #1512, #3091 ),
 ( #4857, #4118 ) ),
 .UNSPECIFIED., .F., .F., .F. ) 
 B_SPLINE_SURFACE_WITH_KNOTS ( ( 4, 4 ),
 ( 2, 2 ),
 ( 0.000000000000000000, 1.000000000000000000 ),
 ( 0.000000000000000000, 1.000000000000000000 ),
 .UNSPECIFIED. ) 
 GEOMETRIC_REPRESENTATION_ITEM ( )  RATIONAL_B_SPLINE_SURFACE ( (
 ( 1.000000000000000000, 1.000000000000000000),
 ( 0.3333333333333333703, 0.3333333333333333703),
 ( 0.3333333333333333703, 0.3333333333333333703),
 ( 1.000000000000000000, 1.000000000000000000) ) ) 
 REPRESENTATION_ITEM ( '' )  SURFACE ( )  );
#8798 = AXIS2_PLACEMENT_3D ( 'NONE', #6705, #5956, #1037 ) ;
#8799 = LINE ( 'NONE', #7109, #5739 ) ;
#8800 = CARTESIAN_POINT ( 'NONE',  ( 18.19999999999999929, 170.0000000000000000, 15.65441558772840125 ) ) ;
#8801 = CARTESIAN_POINT ( 'NONE',  ( 358.4884512685558207, 530.0000000000000000, 6.377486683323110306 ) ) ;
#8803 = ORIENTED_EDGE ( 'NONE', *, *, #2414, .F. ) ;
#8802 = ADVANCED_FACE ( 'NONE', ( #240 ), #6700, .F. ) ;
#8804 = EDGE_LOOP ( 'NONE', ( #7125, #8283 ) ) ;
#8805 = CARTESIAN_POINT ( 'NONE',  ( 357.1654318834901005, -2.407412430484043065E-31, 6.397829813023314216 ) ) ;
#8806 = VERTEX_POINT ( 'NONE', #3462 ) ;
#8807 = EDGE_LOOP ( 'NONE', ( #9439, #8495, #3298, #3071 ) ) ;
#8808 = CARTESIAN_POINT ( 'NONE',  ( 4.999999999997849720, 340.0000000000000000, 0.000000000000000000 ) ) ;
#8809 = DIRECTION ( 'NONE',  ( 1.000000000000000000, 0.000000000000000000, 0.000000000000000000 ) ) ;
#8810 = EDGE_CURVE ( 'NONE', #9593, #8664, #5901, .T. ) ;
#8811 = DIRECTION ( 'NONE',  ( 1.000000000000000000, 0.000000000000000000, 0.000000000000000000 ) ) ;
#8812 = CARTESIAN_POINT ( 'NONE',  ( 330.0000000000000000, 10.00000000000000000, 12.00000000000000000 ) ) ;
#8813 = CARTESIAN_POINT ( 'NONE',  ( 503.0343435439377231, 19.32959827346327586, 9.900000000000007461 ) ) ;
#8814 = VECTOR ( 'NONE', #8074, 1000.000000000000000 ) ;
#8815 = DIRECTION ( 'NONE',  ( 0.000000000000000000, 0.000000000000000000, -1.000000000000000000 ) ) ;
#8816 = VERTEX_POINT ( 'NONE', #5006 ) ;
#8817 = EDGE_CURVE ( 'NONE', #5466, #4831, #4264, .T. ) ;
#8818 = ORIENTED_EDGE ( 'NONE', *, *, #387, .T. ) ;
#8819 = CARTESIAN_POINT ( 'NONE',  ( 170.0000000000000000, 510.0000000000000000, 0.000000000000000000 ) ) ;
#8820 = LINE ( 'NONE', #667, #3936 ) ;
#8821 = CARTESIAN_POINT ( 'NONE',  ( 510.0000000000000000, 246.2999999999999829, 6.500000000000000000 ) ) ;
#8822 = ADVANCED_FACE ( 'NONE', ( #1873, #6749 ), #9080, .F. ) ;
#8823 = EDGE_CURVE ( 'NONE', #6057, #6396, #9864, .T. ) ;
#8824 = CARTESIAN_POINT ( 'NONE',  ( 170.0000000000000000, 510.0000000000000000, 5.000000000000000000 ) ) ;
#8825 = DIRECTION ( 'NONE',  ( -1.000000000000000000, -5.572884202040000394E-16, 0.000000000000000000 ) ) ;
#8826 = DIRECTION ( 'NONE',  ( 1.000000000000000000, 0.000000000000000000, 0.000000000000000000 ) ) ;
#8827 = ORIENTED_EDGE ( 'NONE', *, *, #2787, .T. ) ;
#8828 = ADVANCED_FACE ( 'NONE', ( #4157 ), #135, .F. ) ;
#8829 = CARTESIAN_POINT ( 'NONE',  ( 20.00000000000000000, 320.0000000000000000, 20.00000000000000000 ) ) ;
#8830 = ORIENTED_EDGE ( 'NONE', *, *, #31, .T. ) ;
#8831 = ORIENTED_EDGE ( 'NONE', *, *, #6888, .F. ) ;
#8832 = ORIENTED_EDGE ( 'NONE', *, *, #4733, .T. ) ;
#8833 = DIRECTION ( 'NONE',  ( -1.000000000000000000, 0.000000000000000000, 0.000000000000000000 ) ) ;
#8834 = CARTESIAN_POINT ( 'NONE',  ( -5.528538160057160462E-31, 297.1500000000000341, 13.00000000000000000 ) ) ;
#8835 = CARTESIAN_POINT ( 'NONE',  ( 295.0000000000000568, 515.5081397412453725, 9.591240053884005690 ) ) ;
#8836 = CARTESIAN_POINT ( 'NONE',  ( 0.000000000000000000, 75.69999999999319584, 7.000000000000000000 ) ) ;
#8837 = LINE ( 'NONE', #8149, #1311 ) ;
#8838 = AXIS2_PLACEMENT_3D ( 'NONE', #3728, #9437, #3026 ) ;
#8839 = CARTESIAN_POINT ( 'NONE',  ( 365.7601966386035315, -1.734723475976807094E-15, -9.146565213191545956E-17 ) ) ;
#8840 = ORIENTED_EDGE ( 'NONE', *, *, #2649, .T. ) ;
#8841 = CARTESIAN_POINT ( 'NONE',  ( 170.0000000000000000, 511.8000000000000114, 15.65441558772840125 ) ) ;
#8842 = DIRECTION ( 'NONE',  ( 1.000000000000000000, -6.123233995736789455E-17, 0.000000000000000000 ) ) ;
#8843 = ORIENTED_EDGE ( 'NONE', *, *, #3090, .F. ) ;
#8844 = CARTESIAN_POINT ( 'NONE',  ( 503.0000000000000000, 251.3000000000000114, 10.00000000000000000 ) ) ;
#8845 = VERTEX_POINT ( 'NONE', #2610 ) ;
#8846 = CARTESIAN_POINT ( 'NONE',  ( 355.3636741223888293, 535.8549460496687971, 3.900000000000000799 ) ) ;
#8847 = DIRECTION ( 'NONE',  ( -6.123233995736769734E-17, -7.588638549471020099E-33, -1.000000000000000000 ) ) ;
#8848 = CYLINDRICAL_SURFACE ( 'NONE', #5004, 3.199999999999980638 ) ;
#8849 = CARTESIAN_POINT ( 'NONE',  ( 356.5807167004908820, 530.0000000000003411, 6.900245159520638438 ) ) ;
#8850 = ORIENTED_EDGE ( 'NONE', *, *, #5374, .T. ) ;
#8851 = ORIENTED_EDGE ( 'NONE', *, *, #5460, .T. ) ;
#8852 = DIRECTION ( 'NONE',  ( 1.000000000000000000, 0.000000000000000000, 0.000000000000000000 ) ) ;
#8853 = STYLED_ITEM ( 'NONE', ( #7892 ), #3631 ) ;
#8854 = ORIENTED_EDGE ( 'NONE', *, *, #903, .F. ) ;
#8855 = ORIENTED_EDGE ( 'NONE', *, *, #10436, .T. ) ;
#8856 =( BOUNDED_CURVE ( )  B_SPLINE_CURVE ( 3, ( #5458, #7841, #3009, #5406 ),
 .UNSPECIFIED., .F., .F. ) 
 B_SPLINE_CURVE_WITH_KNOTS ( ( 4, 4 ),
 ( 0.000000000000000000, 3.141592653589793116 ),
 .UNSPECIFIED. ) 
 CURVE ( )  GEOMETRIC_REPRESENTATION_ITEM ( )  RATIONAL_B_SPLINE_CURVE ( ( 1.000000000000000000, 0.3333333333333333703, 0.3333333333333333703, 1.000000000000000000 ) ) 
 REPRESENTATION_ITEM ( '' )  );
#8857 = CARTESIAN_POINT ( 'NONE',  ( 20.00000000000000000, 320.0000000000000000, 0.000000000000000000 ) ) ;
#8858 = DIRECTION ( 'NONE',  ( -1.000000000000000000, 8.616220720400398660E-16, 0.000000000000000000 ) ) ;
#8859 = EDGE_CURVE ( 'NONE', #3561, #10172, #3356, .T. ) ;
#8860 = DIRECTION ( 'NONE',  ( 0.000000000000000000, 5.010031699572010192E-16, -1.000000000000000000 ) ) ;
#8861 = CARTESIAN_POINT ( 'NONE',  ( 368.9752316685923006, 530.3215739125539585, -9.146565213191545956E-17 ) ) ;
#8862 = CARTESIAN_POINT ( 'NONE',  ( 6.500000000000000000, 440.6999999999999886, 7.000000000003820055 ) ) ;
#8863 = CARTESIAN_POINT ( 'NONE',  ( 295.0000000000000568, 514.4217806203391774, 12.28007323212768931 ) ) ;
#8864 = VERTEX_POINT ( 'NONE', #2558 ) ;
#8865 = VERTEX_POINT ( 'NONE', #5796 ) ;
#8866 = ADVANCED_FACE ( 'NONE', ( #1821 ), #3562, .T. ) ;
#8867 = VECTOR ( 'NONE', #6793, 1000.000000000000000 ) ;
#8868 = CARTESIAN_POINT ( 'NONE',  ( 163.2000000000000171, 10.00000000000000000, 20.00000000000000000 ) ) ;
#8869 = PLANE ( 'NONE',  #7290 ) ;
#8870 = DIRECTION ( 'NONE',  ( 1.000000000000000000, 0.000000000000000000, 0.000000000000000000 ) ) ;
#8871 = EDGE_CURVE ( 'NONE', #132, #2311, #8183, .T. ) ;
#8872 = CARTESIAN_POINT ( 'NONE',  ( 2.262741699796929851, 166.0000000000000000, -1.282784235921779962E-15 ) ) ;
#8873 = VECTOR ( 'NONE', #7696, 1000.000000000000000 ) ;
#8874 = CYLINDRICAL_SURFACE ( 'NONE', #943, 3.199999999999980638 ) ;
#8875 = LINE ( 'NONE', #5802, #2215 ) ;
#8876 = VERTEX_POINT ( 'NONE', #3515 ) ;
#8877 = CARTESIAN_POINT ( 'NONE',  ( 180.0000000000000000, 10.00000000000000000, 12.00000000000000000 ) ) ;
#8878 = ORIENTED_EDGE ( 'NONE', *, *, #3572, .F. ) ;
#8879 = VECTOR ( 'NONE', #7846, 1000.000000000000000 ) ;
#8880 = EDGE_CURVE ( 'NONE', #10185, #2707, #1032, .T. ) ;
#8881 = ORIENTED_EDGE ( 'NONE', *, *, #339, .F. ) ;
#8882 = EDGE_CURVE ( 'NONE', #1558, #7854, #8529, .T. ) ;
#8883 = EDGE_CURVE ( 'NONE', #2453, #6928, #1081, .T. ) ;
#8884 = AXIS2_PLACEMENT_3D ( 'NONE', #7596, #6799, #8794 ) ;
#8885 = EDGE_LOOP ( 'NONE', ( #1387, #394, #1231, #9176 ) ) ;
#8886 = CARTESIAN_POINT ( 'NONE',  ( 163.2000000000000171, 10.00000000000000000, 4.000000000000000000 ) ) ;
#8887 = CARTESIAN_POINT ( 'NONE',  ( 503.0400135753997120, 349.0007593030163662, 4.125383928642184728 ) ) ;
#8888 = LINE ( 'NONE', #7994, #8276 ) ;
#8889 = DIRECTION ( 'NONE',  ( 0.9901482220209214535, -0.1400232067509100398, 0.000000000000000000 ) ) ;
#8890 = DIRECTION ( 'NONE',  ( 2.010970006868209845E-16, -1.000000000000000000, 0.000000000000000000 ) ) ;
#8891 = EDGE_CURVE ( 'NONE', #6897, #9034, #6347, .T. ) ;
#8892 = CARTESIAN_POINT ( 'NONE',  ( 503.2000000000004434, 350.1242363644055331, 4.898046116018686114 ) ) ;
#8893 = CIRCLE ( 'NONE', #8050, 1.749999999999973799 ) ;
#8894 = CIRCLE ( 'NONE', #1109, 3.199999999999980638 ) ;
#8895 = ORIENTED_EDGE ( 'NONE', *, *, #2188, .F. ) ;
#8896 = LINE ( 'NONE', #8841, #2329 ) ;
#8897 = ADVANCED_FACE ( 'NONE', ( #4368 ), #2757, .F. ) ;
#8898 = VECTOR ( 'NONE', #3702, 1000.000000000000000 ) ;
#8899 = VERTEX_POINT ( 'NONE', #642 ) ;
#8900 = DIRECTION ( 'NONE',  ( 0.000000000000000000, -6.123233995736769734E-17, -1.000000000000000000 ) ) ;
#8901 = ORIENTED_EDGE ( 'NONE', *, *, #10044, .T. ) ;
#8902 = AXIS2_PLACEMENT_3D ( 'NONE', #2196, #7021, #512 ) ;
#8903 = CARTESIAN_POINT ( 'NONE',  ( 11.75000000000000000, 160.0000000000000000, 10.00000000000000000 ) ) ;
#8904 = EDGE_CURVE ( 'NONE', #7210, #2290, #10421, .T. ) ;
#8905 = CARTESIAN_POINT ( 'NONE',  ( 344.0000000000000000, 78.03284271247468951, 75.77010101267771347 ) ) ;
#8906 = DIRECTION ( 'NONE',  ( 0.000000000000000000, 1.000000000000000000, 5.010031699572010192E-16 ) ) ;
#8907 = DIRECTION ( 'NONE',  ( 0.000000000000000000, 1.000000000000000000, -5.010031699572010192E-16 ) ) ;
#8908 = ORIENTED_EDGE ( 'NONE', *, *, #5648, .T. ) ;
#8909 = ORIENTED_EDGE ( 'NONE', *, *, #9978, .T. ) ;
#8910 = VECTOR ( 'NONE', #8075, 1000.000000000000000 ) ;
#8911 = CARTESIAN_POINT ( 'NONE',  ( 355.9048818801283574, -4.283403432406784991E-13, 5.767514176769862999 ) ) ;
#8912 = ORIENTED_EDGE ( 'NONE', *, *, #1409, .T. ) ;
#8913 = ORIENTED_EDGE ( 'NONE', *, *, #5071, .T. ) ;
#8914 = AXIS2_PLACEMENT_3D ( 'NONE', #4164, #5905, #3411 ) ;
#8915 = CARTESIAN_POINT ( 'NONE',  ( 343.0000000000000000, 527.4544155877280218, -1.296233918280580081E-15 ) ) ;
#8916 = DIRECTION ( 'NONE',  ( 0.000000000000000000, -0.9271838545667858700, -0.3746065934159159005 ) ) ;
#8917 = CARTESIAN_POINT ( 'NONE',  ( 503.0343435439377231, 166.9999999999999432, 6.433224273564971550E-16 ) ) ;
#8918 = LINE ( 'NONE', #2239, #3796 ) ;
#8919 = DIRECTION ( 'NONE',  ( 1.000000000000000000, 0.000000000000000000, 0.000000000000000000 ) ) ;
#8920 = LINE ( 'NONE', #30, #6193 ) ;
#8921 = ORIENTED_EDGE ( 'NONE', *, *, #7639, .F. ) ;
#8922 = EDGE_LOOP ( 'NONE', ( #5770, #417 ) ) ;
#8923 =( BOUNDED_CURVE ( )  B_SPLINE_CURVE ( 3, ( #6289, #4868, #8046, #9564 ),
 .UNSPECIFIED., .F., .F. ) 
 B_SPLINE_CURVE_WITH_KNOTS ( ( 4, 4 ),
 ( 0.000000000000000000, 3.141592653589793116 ),
 .UNSPECIFIED. ) 
 CURVE ( )  GEOMETRIC_REPRESENTATION_ITEM ( )  RATIONAL_B_SPLINE_CURVE ( ( 1.000000000000000000, 0.3333333333333333703, 0.3333333333333333703, 1.000000000000000000 ) ) 
 REPRESENTATION_ITEM ( '' )  );
#8924 = VECTOR ( 'NONE', #6194, 1000.000000000000000 ) ;
#8925 = CARTESIAN_POINT ( 'NONE',  ( 490.0000000000000000, 340.0000000000000000, 0.000000000000000000 ) ) ;
#8926 = CARTESIAN_POINT ( 'NONE',  ( 8.250000000000000000, 180.0000000000000000, 4.000000000000000000 ) ) ;
#8927 = AXIS2_PLACEMENT_3D ( 'NONE', #4386, #2092, #10088 ) ;
#8928 = DIRECTION ( 'NONE',  ( 0.000000000000000000, -0.000000000000000000, 1.000000000000000000 ) ) ;
#8929 = FACE_BOUND ( 'NONE', #9228, .T. ) ;
#8930 = EDGE_CURVE ( 'NONE', #1486, #2404, #7642, .T. ) ;
#8931 = CARTESIAN_POINT ( 'NONE',  ( 255.0000000000000000, 265.0000000000000000, 0.000000000000000000 ) ) ;
#8932 = CARTESIAN_POINT ( 'NONE',  ( 500.0000000000000000, 500.0000000000000000, 12.00000000000000000 ) ) ;
#8933 = ORIENTED_EDGE ( 'NONE', *, *, #5260, .F. ) ;
#8934 = DIRECTION ( 'NONE',  ( 1.000000000000000000, 0.000000000000000000, 0.000000000000000000 ) ) ;
#8935 = ORIENTED_EDGE ( 'NONE', *, *, #7458, .T. ) ;
#8936 = VERTEX_POINT ( 'NONE', #9523 ) ;
#8937 = EDGE_CURVE ( 'NONE', #4339, #10074, #3983, .T. ) ;
#8938 = CARTESIAN_POINT ( 'NONE',  ( 503.0626788158854197, 364.0000000000000568, 4.382982447788393188 ) ) ;
#8939 = CARTESIAN_POINT ( 'NONE',  ( 503.2000000000005571, 160.0000000000000284, 4.898046116018929474 ) ) ;
#8940 = DIRECTION ( 'NONE',  ( 0.000000000000000000, 0.000000000000000000, -1.000000000000000000 ) ) ;
#8941 = VECTOR ( 'NONE', #8085, 1000.000000000000000 ) ;
#8942 = CARTESIAN_POINT ( 'NONE',  ( 0.000000000000000000, 429.3000000000000114, 12.99999999999979927 ) ) ;
#8943 = FACE_BOUND ( 'NONE', #3879, .T. ) ;
#8944 = EDGE_CURVE ( 'NONE', #6370, #2964, #7951, .T. ) ;
#8945 = LINE ( 'NONE', #7150, #8701 ) ;
#8946 = VERTEX_POINT ( 'NONE', #3116 ) ;
#8947 = DIRECTION ( 'NONE',  ( 0.000000000000000000, -1.000000000000000000, 0.000000000000000000 ) ) ;
#8948 = EDGE_CURVE ( 'NONE', #1407, #707, #4827, .T. ) ;
#8949 = ORIENTED_EDGE ( 'NONE', *, *, #1702, .F. ) ;
#8950 = LINE ( 'NONE', #7313, #1338 ) ;
#8951 = ORIENTED_EDGE ( 'NONE', *, *, #2704, .F. ) ;
#8952 = LINE ( 'NONE', #2535, #2791 ) ;
#8953 = EDGE_CURVE ( 'NONE', #7554, #6585, #3870, .T. ) ;
#8954 = DIRECTION ( 'NONE',  ( 0.000000000000000000, 0.000000000000000000, -1.000000000000000000 ) ) ;
#8955 = EDGE_CURVE ( 'NONE', #9430, #6059, #9052, .T. ) ;
#8956 = ADVANCED_FACE ( 'NONE', ( #10201, #1425, #1976 ), #1956, .F. ) ;
#8957 = AXIS2_PLACEMENT_3D ( 'NONE', #4227, #6716, #8147 ) ;
#8958 = CARTESIAN_POINT ( 'NONE',  ( 7.000000000000000000, 437.3500000000000227, 10.00000000000189893 ) ) ;
#8959 = CARTESIAN_POINT ( 'NONE',  ( 359.8690877078741437, 529.9999999999998863, 4.975536975566437370 ) ) ;
#8960 = ORIENTED_EDGE ( 'NONE', *, *, #2544, .F. ) ;
#8961 = ORIENTED_EDGE ( 'NONE', *, *, #6820, .F. ) ;
#8962 = EDGE_CURVE ( 'NONE', #2742, #3333, #6520, .T. ) ;
#8963 = CARTESIAN_POINT ( 'NONE',  ( 355.0667415491184329, -1.659516513202184647E-15, 4.978703537829531456 ) ) ;
#8964 = EDGE_LOOP ( 'NONE', ( #3720, #8519, #3328, #5373 ) ) ;
#8965 = ORIENTED_EDGE ( 'NONE', *, *, #6748, .T. ) ;
#8966 = AXIS2_PLACEMENT_3D ( 'NONE', #4823, #3229, #4133 ) ;
#8967 = CARTESIAN_POINT ( 'NONE',  ( 10.00000000000000000, 180.0000000000000000, 4.000000000000000000 ) ) ;
#8968 = CARTESIAN_POINT ( 'NONE',  ( 2.262741699796919637, 217.5000000000000000, 8.881784197001249168E-15 ) ) ;
#8969 = CARTESIAN_POINT ( 'NONE',  ( 160.0000000000000000, 520.0000000000000000, 4.000000000000000000 ) ) ;
#8970 = CARTESIAN_POINT ( 'NONE',  ( 509.2821370728891566, 13.24067595172957823, 9.900000000000009237 ) ) ;
#8971 = DIRECTION ( 'NONE',  ( 0.000000000000000000, 0.000000000000000000, 1.000000000000000000 ) ) ;
#8972 = CYLINDRICAL_SURFACE ( 'NONE', #10414, 2.350000000000018741 ) ;
#8973 = VERTEX_POINT ( 'NONE', #2225 ) ;
#8974 = VERTEX_POINT ( 'NONE', #3816 ) ;
#8975 = DIRECTION ( 'NONE',  ( -0.000000000000000000, 1.000000000000000000, 0.000000000000000000 ) ) ;
#8976 = DIRECTION ( 'NONE',  ( 0.000000000000000000, -1.000000000000000000, 0.000000000000000000 ) ) ;
#8977 = DIRECTION ( 'NONE',  ( 0.000000000000000000, 0.000000000000000000, -1.000000000000000000 ) ) ;
#8978 = DIRECTION ( 'NONE',  ( 6.123233995736819037E-17, -1.000000000000000000, 0.000000000000000000 ) ) ;
#8979 = FACE_OUTER_BOUND ( 'NONE', #2591, .T. ) ;
#8980 = LINE ( 'NONE', #4800, #9483 ) ;
#8981 = FACE_OUTER_BOUND ( 'NONE', #8345, .T. ) ;
#8982 = VERTEX_POINT ( 'NONE', #8633 ) ;
#8983 = CARTESIAN_POINT ( 'NONE',  ( 343.0000000000000000, 388.4000000000000341, -2.093156826100049706E-14 ) ) ;
#8984 = ORIENTED_EDGE ( 'NONE', *, *, #7342, .F. ) ;
#8985 = ORIENTED_EDGE ( 'NONE', *, *, #2526, .F. ) ;
#8986 = AXIS2_PLACEMENT_3D ( 'NONE', #4636, #464, #3092 ) ;
#8987 = CARTESIAN_POINT ( 'NONE',  ( 10.00000000000000000, 350.0000000000000000, 12.00000000000000000 ) ) ;
#8988 = CARTESIAN_POINT ( 'NONE',  ( 503.0518280484814682, 349.0357807774136063, 4.246911954959329272 ) ) ;
#8989 = FACE_OUTER_BOUND ( 'NONE', #6782, .T. ) ;
#8990 = CARTESIAN_POINT ( 'NONE',  ( 328.2500000000000568, 520.0000000000000000, 0.000000000000000000 ) ) ;
#8991 = LINE ( 'NONE', #7456, #2823 ) ;
#8992 = ADVANCED_FACE ( 'NONE', ( #8738 ), #1376, .F. ) ;
#8993 = CARTESIAN_POINT ( 'NONE',  ( 503.2000000000001023, 350.0000000000000568, 4.898046116018448970 ) ) ;
#8994 = ORIENTED_EDGE ( 'NONE', *, *, #3887, .T. ) ;
#8995 = CARTESIAN_POINT ( 'NONE',  ( 6.500000000000000000, 110.2000000000000028, 13.00000000000000000 ) ) ;
#8996 = VERTEX_POINT ( 'NONE', #696 ) ;
#8997 = EDGE_CURVE ( 'NONE', #1383, #497, #9579, .T. ) ;
#8998 = LINE ( 'NONE', #4186, #3025 ) ;
#8999 = EDGE_LOOP ( 'NONE', ( #4526, #5938, #2156, #9428 ) ) ;
#9000 = DIRECTION ( 'NONE',  ( 0.000000000000000000, 0.000000000000000000, -1.000000000000000000 ) ) ;
#9001 = DIRECTION ( 'NONE',  ( 6.123233995736779594E-17, 1.000000000000000000, 0.000000000000000000 ) ) ;
#9002 = CIRCLE ( 'NONE', #4436, 7.129871913034283359 ) ;
#9003 = EDGE_CURVE ( 'NONE', #10026, #5620, #7898, .T. ) ;
#9004 = DIRECTION ( 'NONE',  ( 0.7071067811865474617, 2.403290133132678501E-16, 0.7071067811865474617 ) ) ;
#9005 = CARTESIAN_POINT ( 'NONE',  ( 10.00000000000000000, 160.0000000000000000, 4.000000000000000000 ) ) ;
#9006 = AXIS2_PLACEMENT_3D ( 'NONE', #6650, #2615, #9971 ) ;
#9007 = ORIENTED_EDGE ( 'NONE', *, *, #2476, .T. ) ;
#9008 = VERTEX_POINT ( 'NONE', #3927 ) ;
#9009 = CARTESIAN_POINT ( 'NONE',  ( 348.2500000000000000, 10.00000000000000000, 4.000000000000000000 ) ) ;
#9010 = ORIENTED_EDGE ( 'NONE', *, *, #3558, .F. ) ;
#9011 = ADVANCED_FACE ( 'NONE', ( #7160, #2330, #5562, #1536 ), #4772, .F. ) ;
#9012 = EDGE_CURVE ( 'NONE', #2565, #8335, #1589, .T. ) ;
#9013 = ORIENTED_EDGE ( 'NONE', *, *, #7709, .F. ) ;
#9014 = VECTOR ( 'NONE', #67, 1000.000000000000000 ) ;
#9015 = DIRECTION ( 'NONE',  ( 1.000000000000000000, 0.000000000000000000, 0.000000000000000000 ) ) ;
#9016 = CARTESIAN_POINT ( 'NONE',  ( 0.000000000000000000, 89.30000000000350724, 7.000000000000000000 ) ) ;
#9017 = EDGE_CURVE ( 'NONE', #8249, #9717, #5037, .T. ) ;
#9018 = LINE ( 'NONE', #9124, #9037 ) ;
#9019 = DIRECTION ( 'NONE',  ( 0.000000000000000000, -1.000000000000000000, 0.000000000000000000 ) ) ;
#9020 = DIRECTION ( 'NONE',  ( 1.000000000000000000, 0.000000000000000000, 0.000000000000000000 ) ) ;
#9021 = ORIENTED_EDGE ( 'NONE', *, *, #8740, .T. ) ;
#9022 = EDGE_LOOP ( 'NONE', ( #330, #6156, #3157, #1068 ) ) ;
#9023 = APPLICATION_CONTEXT ( 'automotive_design' ) ;
#9024 = DIRECTION ( 'NONE',  ( 0.000000000000000000, 0.000000000000000000, 1.000000000000000000 ) ) ;
#9025 = CARTESIAN_POINT ( 'NONE',  ( 8.250000000000000000, 160.0000000000000000, 10.00000000000000000 ) ) ;
#9026 = CARTESIAN_POINT ( 'NONE',  ( 506.4999999999999432, 276.3499999999999659, 10.00000000000000000 ) ) ;
#9027 = FACE_OUTER_BOUND ( 'NONE', #1210, .T. ) ;
#9028 = CARTESIAN_POINT ( 'NONE',  ( 350.0000000000000000, 520.0000000000000000, 4.000000000000000000 ) ) ;
#9029 = LINE ( 'NONE', #5747, #29 ) ;
#9030 = CARTESIAN_POINT ( 'NONE',  ( 380.0633608786872628, 7.157628602830923725, 3.899999999999999911 ) ) ;
#9031 = ORIENTED_EDGE ( 'NONE', *, *, #586, .T. ) ;
#9032 = CARTESIAN_POINT ( 'NONE',  ( 166.0000000000000000, 18.39999999999999858, -2.220446049250309925E-15 ) ) ;
#9033 = VERTEX_POINT ( 'NONE', #7466 ) ;
#9034 = VERTEX_POINT ( 'NONE', #4135 ) ;
#9035 = CARTESIAN_POINT ( 'NONE',  ( 10.00000000000000000, 370.0000000000000000, 4.000000000000000000 ) ) ;
#9037 = VECTOR ( 'NONE', #1757, 1000.000000000000000 ) ;
#9036 = FACE_OUTER_BOUND ( 'NONE', #6242, .T. ) ;
#9038 = DIRECTION ( 'NONE',  ( 0.000000000000000000, 1.000000000000000000, 0.000000000000000000 ) ) ;
#9039 = DIRECTION ( 'NONE',  ( -0.000000000000000000, 1.000000000000000000, 0.000000000000000000 ) ) ;
#9040 = CARTESIAN_POINT ( 'NONE',  ( 6.800000000000000711, 500.0000000000000000, 12.00000000000000000 ) ) ;
#9041 = VECTOR ( 'NONE', #7644, 1000.000000000000000 ) ;
#9042 = ORIENTED_EDGE ( 'NONE', *, *, #8215, .F. ) ;
#9043 = CARTESIAN_POINT ( 'NONE',  ( 215.0000000000000284, 515.5081397412454862, 9.591240053883804961 ) ) ;
#9044 = AXIS2_PLACEMENT_3D ( 'NONE', #4496, #7730, #3701 ) ;
#9045 = ORIENTED_EDGE ( 'NONE', *, *, #3638, .F. ) ;
#9046 = LINE ( 'NONE', #9790, #2529 ) ;
#9047 = ADVANCED_FACE ( 'NONE', ( #4088 ), #6354, .F. ) ;
#9048 = ORIENTED_EDGE ( 'NONE', *, *, #72, .F. ) ;
#9049 = VECTOR ( 'NONE', #8907, 1000.000000000000000 ) ;
#9050 = CARTESIAN_POINT ( 'NONE',  ( 508.8508361943101477, 170.0000000000000853, 3.900000000000000799 ) ) ;
#9051 = CARTESIAN_POINT ( 'NONE',  ( 359.4097986728072556, 521.6228718193178793, 6.433224273564971550E-16 ) ) ;
#9052 = CIRCLE ( 'NONE', #8211, 2.999999999999980016 ) ;
#9053 = AXIS2_PLACEMENT_3D ( 'NONE', #7930, #4910, #9500 ) ;
#9054 = EDGE_CURVE ( 'NONE', #7935, #1609, #942, .T. ) ;
#9055 = CARTESIAN_POINT ( 'NONE',  ( 503.0000000000000000, 235.8000000000000114, 13.00000000000000000 ) ) ;
#9056 = CARTESIAN_POINT ( 'NONE',  ( 508.5926858719088841, 170.0000000000000568, 5.149443842140015271 ) ) ;
#9057 = ORIENTED_EDGE ( 'NONE', *, *, #8215, .T. ) ;
#9058 = ORIENTED_EDGE ( 'NONE', *, *, #7326, .T. ) ;
#9059 = SURFACE_STYLE_USAGE ( .BOTH. , #8323 ) ;
#9060 = AXIS2_PLACEMENT_3D ( 'NONE', #9206, #6828, #10043 ) ;
#9061 = ORIENTED_EDGE ( 'NONE', *, *, #9217, .T. ) ;
#9062 = ADVANCED_FACE ( 'NONE', ( #4882 ), #4038, .F. ) ;
#9063 = ORIENTED_EDGE ( 'NONE', *, *, #7627, .F. ) ;
#9064 = DIRECTION ( 'NONE',  ( 1.000000000000000000, 0.000000000000000000, 0.000000000000000000 ) ) ;
#9065 = CARTESIAN_POINT ( 'NONE',  ( 359.4097986728072556, 521.6228718193178793, 6.433224273564971550E-16 ) ) ;
#9066 = DIRECTION ( 'NONE',  ( 0.000000000000000000, 0.000000000000000000, -1.000000000000000000 ) ) ;
#9067 = VECTOR ( 'NONE', #6391, 1000.000000000000000 ) ;
#9068 = ADVANCED_FACE ( 'NONE', ( #9632 ), #2432, .F. ) ;
#9069 = CARTESIAN_POINT ( 'NONE',  ( 504.2403421545192259, 7.588929481409874889, 3.900000000000000799 ) ) ;
#9070 = CARTESIAN_POINT ( 'NONE',  ( 255.0000000000000000, 515.5081397412454862, 9.591240053883812067 ) ) ;
#9071 = VECTOR ( 'NONE', #2499, 1000.000000000000000 ) ;
#9072 = DIRECTION ( 'NONE',  ( 1.860521002879739963E-33, -1.000000000000000000, 4.809630431589130061E-16 ) ) ;
#9073 = VERTEX_POINT ( 'NONE', #9739 ) ;
#9074 = CIRCLE ( 'NONE', #4503, 2.350000000000018741 ) ;
#9075 = VECTOR ( 'NONE', #6167, 1000.000000000000000 ) ;
#9076 = ORIENTED_EDGE ( 'NONE', *, *, #9843, .F. ) ;
#9078 = EDGE_CURVE ( 'NONE', #2341, #2453, #10, .T. ) ;
#9077 = ORIENTED_EDGE ( 'NONE', *, *, #3639, .F. ) ;
#9080 = PLANE ( 'NONE',  #9219 ) ;
#9079 = CIRCLE ( 'NONE', #3662, 5.258247340840207507 ) ;
#9081 = DIRECTION ( 'NONE',  ( -0.6295709663777131482, 0.7769429826533170713, 0.000000000000000000 ) ) ;
#9082 = EDGE_CURVE ( 'NONE', #8484, #8496, #2629, .T. ) ;
#9083 = FACE_BOUND ( 'NONE', #7990, .T. ) ;
#9084 = AXIS2_PLACEMENT_3D ( 'NONE', #10273, #8020, #1391 ) ;
#9085 = EDGE_CURVE ( 'NONE', #4350, #5830, #3231, .T. ) ;
#9086 = EDGE_CURVE ( 'NONE', #856, #2391, #8952, .T. ) ;
#9087 = DIRECTION ( 'NONE',  ( 0.000000000000000000, 0.000000000000000000, -1.000000000000000000 ) ) ;
#9088 = CYLINDRICAL_SURFACE ( 'NONE', #9139, 12.92922760661713255 ) ;
#9089 = LINE ( 'NONE', #1038, #10165 ) ;
#9090 = ORIENTED_EDGE ( 'NONE', *, *, #8468, .T. ) ;
#9091 = LINE ( 'NONE', #3417, #9183 ) ;
#9092 = AXIS2_PLACEMENT_3D ( 'NONE', #7095, #4598, #7829 ) ;
#9093 = ORIENTED_EDGE ( 'NONE', *, *, #5903, .F. ) ;
#9094 = VERTEX_POINT ( 'NONE', #5773 ) ;
#9095 = ADVANCED_FACE ( 'NONE', ( #1742, #1009 ), #4978, .F. ) ;
#9096 = CARTESIAN_POINT ( 'NONE',  ( 18.39999999999999858, 364.0000000000000000, 12.10294372515230066 ) ) ;
#9097 =( LENGTH_UNIT ( ) NAMED_UNIT ( * ) SI_UNIT ( .MILLI., .METRE. ) );
#9098 = CARTESIAN_POINT ( 'NONE',  ( 183.1999999999999886, 10.00000000000000000, 12.00000000000000000 ) ) ;
#9099 = CARTESIAN_POINT ( 'NONE',  ( 255.0000000000000000, 516.0700496313692156, 8.200464272033661572 ) ) ;
#9100 = DIRECTION ( 'NONE',  ( 0.000000000000000000, 0.000000000000000000, -1.000000000000000000 ) ) ;
#9101 = AXIS2_PLACEMENT_3D ( 'NONE', #10096, #6932, #3861 ) ;
#9102 = DIRECTION ( 'NONE',  ( 0.000000000000000000, 0.000000000000000000, -1.000000000000000000 ) ) ;
#9103 = CIRCLE ( 'NONE', #5046, 1.499999999999937161 ) ;
#9104 = EDGE_LOOP ( 'NONE', ( #6974, #4953, #8580, #495 ) ) ;
#9105 = LINE ( 'NONE', #2685, #6210 ) ;
#9106 = ORIENTED_EDGE ( 'NONE', *, *, #3053, .T. ) ;
#9107 = DIRECTION ( 'NONE',  ( 0.000000000000000000, 0.000000000000000000, -1.000000000000000000 ) ) ;
#9108 = ORIENTED_EDGE ( 'NONE', *, *, #10352, .T. ) ;
#9109 = DIRECTION ( 'NONE',  ( 0.000000000000000000, -1.000000000000000000, 6.123233995736759873E-17 ) ) ;
#9110 = CARTESIAN_POINT ( 'NONE',  ( 497.0916226339047057, 523.2298202377398866, -9.146565213191545956E-17 ) ) ;
#9111 = CARTESIAN_POINT ( 'NONE',  ( 510.0000000000000000, 273.6999999999999886, 7.000000000000000000 ) ) ;
#9112 = CIRCLE ( 'NONE', #836, 2.350000000000018741 ) ;
#9113 = CARTESIAN_POINT ( 'NONE',  ( 5.000000000000000000, 320.0000000000000000, 0.000000000000000000 ) ) ;
#9114 = ORIENTED_EDGE ( 'NONE', *, *, #83, .F. ) ;
#9115 = ORIENTED_EDGE ( 'NONE', *, *, #8725, .T. ) ;
#9116 = DIRECTION ( 'NONE',  ( 0.000000000000000000, -0.7071067811865480168, 0.7071067811865470176 ) ) ;
#9117 = VERTEX_POINT ( 'NONE', #7419 ) ;
#9118 = ORIENTED_EDGE ( 'NONE', *, *, #9843, .T. ) ;
#9119 = CARTESIAN_POINT ( 'NONE',  ( 295.0000000000000568, 516.0700496313692156, 8.200464272033674007 ) ) ;
#9120 = AXIS2_PLACEMENT_3D ( 'NONE', #2172, #3067, #3011 ) ;
#9121 =( LENGTH_UNIT ( ) NAMED_UNIT ( * ) SI_UNIT ( .MILLI., .METRE. ) );
#9122 = ORIENTED_EDGE ( 'NONE', *, *, #3355, .F. ) ;
#9123 = EDGE_CURVE ( 'NONE', #6039, #5674, #6471, .T. ) ;
#9124 = CARTESIAN_POINT ( 'NONE',  ( 255.0000000000000000, 516.5944988621515677, 6.902406875640121342 ) ) ;
#9125 = FACE_BOUND ( 'NONE', #467, .T. ) ;
#9126 = CARTESIAN_POINT ( 'NONE',  ( 7.000000000000000000, 460.0000000000000000, 10.00000000000000000 ) ) ;
#9127 = EDGE_LOOP ( 'NONE', ( #3607, #3044, #6621, #9106 ) ) ;
#9128 = VECTOR ( 'NONE', #2107, 1000.000000000000000 ) ;
#9129 = EDGE_LOOP ( 'NONE', ( #3143, #9013 ) ) ;
#9130 = ORIENTED_EDGE ( 'NONE', *, *, #9652, .F. ) ;
#9131 = EDGE_CURVE ( 'NONE', #10075, #744, #8061, .T. ) ;
#9132 = DIRECTION ( 'NONE',  ( 0.000000000000000000, 0.000000000000000000, 1.000000000000000000 ) ) ;
#9133 = CARTESIAN_POINT ( 'NONE',  ( 255.0000000000000000, 360.0000000000000000, 0.000000000000000000 ) ) ;
#9134 = CYLINDRICAL_SURFACE ( 'NONE', #9923, 2.350000000000018741 ) ;
#9135 = VECTOR ( 'NONE', #5185, 1000.000000000000000 ) ;
#9136 = FACE_OUTER_BOUND ( 'NONE', #7767, .T. ) ;
#9137 = CARTESIAN_POINT ( 'NONE',  ( 379.3270842241333867, 0.06587492801713584756, 0.000000000000000000 ) ) ;
#9138 = EDGE_CURVE ( 'NONE', #4876, #2594, #6624, .T. ) ;
#9139 = AXIS2_PLACEMENT_3D ( 'NONE', #9137, #1140, #3615 ) ;
#9140 = FACE_OUTER_BOUND ( 'NONE', #2367, .T. ) ;
#9141 = VERTEX_POINT ( 'NONE', #9050 ) ;
#9142 = FACE_OUTER_BOUND ( 'NONE', #6877, .T. ) ;
#9143 = ORIENTED_EDGE ( 'NONE', *, *, #10138, .T. ) ;
#9144 = ORIENTED_EDGE ( 'NONE', *, *, #6233, .F. ) ;
#9145 = EDGE_CURVE ( 'NONE', #1519, #6839, #1795, .T. ) ;
#9146 = EDGE_CURVE ( 'NONE', #5489, #8151, #6727, .T. ) ;
#9147 = DIRECTION ( 'NONE',  ( 1.000000000000000000, 0.000000000000000000, 0.000000000000000000 ) ) ;
#9148 = DIRECTION ( 'NONE',  ( 0.000000000000000000, -1.000000000000000000, 0.000000000000000000 ) ) ;
#9149 = VECTOR ( 'NONE', #4381, 1000.000000000000000 ) ;
#9150 = DIRECTION ( 'NONE',  ( 0.000000000000000000, 0.000000000000000000, 1.000000000000000000 ) ) ;
#9151 = CARTESIAN_POINT ( 'NONE',  ( 8.250000000000000000, 30.00000000000000000, 4.000000000000000000 ) ) ;
#9152 = CARTESIAN_POINT ( 'NONE',  ( 498.2500000000000000, 180.0000000000000000, 4.000000000000000000 ) ) ;
#9153 = CARTESIAN_POINT ( 'NONE',  ( 0.000000000000000000, 100.6999999999970044, 13.00000000000000000 ) ) ;
#9154 = EDGE_CURVE ( 'NONE', #1242, #275, #324, .T. ) ;
#9155 = VERTEX_POINT ( 'NONE', #4493 ) ;
#9156 = DIRECTION ( 'NONE',  ( 0.7071067811865470176, 4.329780281177494162E-17, 0.7071067811865480168 ) ) ;
#9157 = EDGE_LOOP ( 'NONE', ( #748, #6303, #506, #5611 ) ) ;
#9158 = CARTESIAN_POINT ( 'NONE',  ( 170.0000000000000000, 265.0000000000000000, 0.000000000000000000 ) ) ;
#9159 = ORIENTED_EDGE ( 'NONE', *, *, #10155, .F. ) ;
#9160 = CARTESIAN_POINT ( 'NONE',  ( 0.000000000000000000, 0.000000000000000000, 0.000000000000000000 ) ) ;
#9161 = CARTESIAN_POINT ( 'NONE',  ( 255.0000000000000000, 360.0000000000000000, 20.00000000000000000 ) ) ;
#9162 = CARTESIAN_POINT ( 'NONE',  ( 500.0000000000000000, 370.0000000000000000, 20.00000000000000000 ) ) ;
#9163 = CARTESIAN_POINT ( 'NONE',  ( 505.0000000000000000, 340.0000000000000000, 0.000000000000000000 ) ) ;
#9164 = ORIENTED_EDGE ( 'NONE', *, *, #9194, .F. ) ;
#9165 = ORIENTED_EDGE ( 'NONE', *, *, #3189, .F. ) ;
#9166 = CARTESIAN_POINT ( 'NONE',  ( 6.800000000000000711, 30.00000000000000000, 12.00000000000000000 ) ) ;
#9167 = VERTEX_POINT ( 'NONE', #6777 ) ;
#9168 = ORIENTED_EDGE ( 'NONE', *, *, #472, .F. ) ;
#9169 = DIRECTION ( 'NONE',  ( 0.000000000000000000, 0.000000000000000000, 1.000000000000000000 ) ) ;
#9170 = ORIENTED_EDGE ( 'NONE', *, *, #8153, .F. ) ;
#9171 = VECTOR ( 'NONE', #8000, 1000.000000000000000 ) ;
#9172 = CARTESIAN_POINT ( 'NONE',  ( 509.2821370728892134, 13.24067595172958001, 3.900000000000000799 ) ) ;
#9173 = DIRECTION ( 'NONE',  ( 1.000000000000000000, 5.572884202040000394E-16, 0.000000000000000000 ) ) ;
#9174 = DIRECTION ( 'NONE',  ( 1.000000000000000000, 0.000000000000000000, 0.000000000000000000 ) ) ;
#9175 = ORIENTED_EDGE ( 'NONE', *, *, #7660, .T. ) ;
#9176 = ORIENTED_EDGE ( 'NONE', *, *, #3612, .F. ) ;
#9177 = ORIENTED_EDGE ( 'NONE', *, *, #6332, .F. ) ;
#9178 = DIRECTION ( 'NONE',  ( -2.203299472210250036E-47, 1.184237892934260035E-14, -1.000000000000000000 ) ) ;
#9179 = EDGE_CURVE ( 'NONE', #3608, #9452, #3592, .T. ) ;
#9180 = CARTESIAN_POINT ( 'NONE',  ( 503.0343435439377231, 364.0000000000000568, 8.068629150101529035 ) ) ;
#9181 = CIRCLE ( 'NONE', #4618, 1.750000000000029310 ) ;
#9182 = CYLINDRICAL_SURFACE ( 'NONE', #8241, 3.200000000000008171 ) ;
#9183 = VECTOR ( 'NONE', #937, 1000.000000000000000 ) ;
#9184 = CARTESIAN_POINT ( 'NONE',  ( 505.0000000000000000, 320.0000000000000000, 0.000000000000000000 ) ) ;
#9185 = LINE ( 'NONE', #5113, #5587 ) ;
#9186 = DIRECTION ( 'NONE',  ( 0.000000000000000000, 0.000000000000000000, 1.000000000000000000 ) ) ;
#9187 = EDGE_CURVE ( 'NONE', #6396, #6133, #2109, .T. ) ;
#9188 = ORIENTED_EDGE ( 'NONE', *, *, #9592, .F. ) ;
#9189 =( NAMED_UNIT ( * ) PLANE_ANGLE_UNIT ( ) SI_UNIT ( $, .RADIAN. ) );
#9190 = ORIENTED_EDGE ( 'NONE', *, *, #9966, .T. ) ;
#9191 = ORIENTED_EDGE ( 'NONE', *, *, #1069, .T. ) ;
#9192 = FACE_OUTER_BOUND ( 'NONE', #9861, .T. ) ;
#9193 = CARTESIAN_POINT ( 'NONE',  ( 510.0000000000000000, 256.2999999999999545, 13.00000000000000000 ) ) ;
#9194 = EDGE_CURVE ( 'NONE', #1383, #9786, #9730, .T. ) ;
#9195 = CARTESIAN_POINT ( 'NONE',  ( 503.0359596853934931, 31.01140930817595986, 4.000000000000002665 ) ) ;
#9196 = FACE_OUTER_BOUND ( 'NONE', #8435, .T. ) ;
#9197 = LINE ( 'NONE', #3426, #8399 ) ;
#9198 = FACE_OUTER_BOUND ( 'NONE', #8807, .T. ) ;
#9199 = ORIENTED_EDGE ( 'NONE', *, *, #10290, .T. ) ;
#9200 = DIRECTION ( 'NONE',  ( 0.000000000000000000, -0.3746065934159057420, 0.9271838545667899778 ) ) ;
#9201 = EDGE_LOOP ( 'NONE', ( #8121, #628, #8840, #3082 ) ) ;
#9202 = EDGE_CURVE ( 'NONE', #4952, #9386, #5509, .T. ) ;
#9203 = CARTESIAN_POINT ( 'NONE',  ( 503.0343435439377231, 166.0000000000000000, 8.068629150101550351 ) ) ;
#9204 = ORIENTED_EDGE ( 'NONE', *, *, #5246, .F. ) ;
#9205 = ADVANCED_FACE ( 'NONE', ( #7726 ), #4586, .F. ) ;
#9206 = CARTESIAN_POINT ( 'NONE',  ( 18.19999999999999929, 170.0000000000000000, 15.65441558772840125 ) ) ;
#9207 = CARTESIAN_POINT ( 'NONE',  ( 491.5999999999999659, 364.0000000000000000, 4.034314575050760077 ) ) ;
#9208 = CIRCLE ( 'NONE', #9879, 7.129871913034388164 ) ;
#9209 = EDGE_CURVE ( 'NONE', #7959, #3394, #1261, .T. ) ;
#9210 = CARTESIAN_POINT ( 'NONE',  ( 496.6788665236778115, 7.157628602830895304, 9.900000000000009237 ) ) ;
#9211 = DIRECTION ( 'NONE',  ( -1.380958380530589922E-16, 0.7071067811865480168, -0.7071067811865470176 ) ) ;
#9212 = ORIENTED_EDGE ( 'NONE', *, *, #6038, .F. ) ;
#9213 = VERTEX_POINT ( 'NONE', #2637 ) ;
#9214 = CARTESIAN_POINT ( 'NONE',  ( 503.0359596853934931, 161.0114093081758142, 4.000000000000000000 ) ) ;
#9215 = ORIENTED_EDGE ( 'NONE', *, *, #10220, .T. ) ;
#9216 = AXIS2_PLACEMENT_3D ( 'NONE', #2011, #10102, #1218 ) ;
#9217 = EDGE_CURVE ( 'NONE', #10051, #8427, #5137, .T. ) ;
#9218 = VERTEX_POINT ( 'NONE', #1214 ) ;
#9219 = AXIS2_PLACEMENT_3D ( 'NONE', #6644, #927, #6595 ) ;
#9220 = VECTOR ( 'NONE', #5608, 1000.000000000000000 ) ;
#9221 = DIRECTION ( 'NONE',  ( 0.000000000000000000, -1.000000000000000000, 0.000000000000000000 ) ) ;
#9222 = ORIENTED_EDGE ( 'NONE', *, *, #9891, .F. ) ;
#9223 = LINE ( 'NONE', #6792, #5823 ) ;
#9224 = CARTESIAN_POINT ( 'NONE',  ( 170.0000000000000000, 3.286920438420879603E-31, 0.000000000000000000 ) ) ;
#9225 = CIRCLE ( 'NONE', #951, 1.750000000000001554 ) ;
#9226 = AXIS2_PLACEMENT_3D ( 'NONE', #8188, #4165, #9818 ) ;
#9227 = LINE ( 'NONE', #1815, #5524 ) ;
#9228 = EDGE_LOOP ( 'NONE', ( #2493, #9631 ) ) ;
#9229 = ORIENTED_EDGE ( 'NONE', *, *, #10428, .F. ) ;
#9230 = EDGE_LOOP ( 'NONE', ( #6430, #8368, #5602, #8913 ) ) ;
#9231 = CARTESIAN_POINT ( 'NONE',  ( 8.250000000000000000, 30.00000000000000000, 10.00000000000000000 ) ) ;
#9232 = CARTESIAN_POINT ( 'NONE',  ( 10.00000000000000000, 370.0000000000000000, 4.000000000000000000 ) ) ;
#9233 = DIRECTION ( 'NONE',  ( 0.000000000000000000, -1.000000000000000000, 0.000000000000000000 ) ) ;
#9234 = DIRECTION ( 'NONE',  ( 0.000000000000000000, 0.000000000000000000, -1.000000000000000000 ) ) ;
#9235 = DIRECTION ( 'NONE',  ( 1.000000000000000000, 0.000000000000000000, 0.000000000000000000 ) ) ;
#9236 = VECTOR ( 'NONE', #2350, 1000.000000000000000 ) ;
#9237 = CARTESIAN_POINT ( 'NONE',  ( 508.8508361943101477, 20.80215158257103170, 3.900000000000000799 ) ) ;
#9238 = ORIENTED_EDGE ( 'NONE', *, *, #4804, .F. ) ;
#9239 = EDGE_LOOP ( 'NONE', ( #2689, #7950, #2171, #8909, #653, #6196 ) ) ;
#9240 = ORIENTED_EDGE ( 'NONE', *, *, #2335, .T. ) ;
#9241 = AXIS2_PLACEMENT_3D ( 'NONE', #7546, #298, #349 ) ;
#9242 = CARTESIAN_POINT ( 'NONE',  ( 340.0000000000000000, 2.262741699796980033, -1.140927978351439971E-14 ) ) ;
#9243 = CYLINDRICAL_SURFACE ( 'NONE', #8488, 12.92922760661763348 ) ;
#9244 = VECTOR ( 'NONE', #1349, 1000.000000000000000 ) ;
#9245 = CARTESIAN_POINT ( 'NONE',  ( 503.0343435439377231, 19.32959827346325454, 3.900000000000000355 ) ) ;
#9246 = ADVANCED_FACE ( 'NONE', ( #4340 ), #2738, .T. ) ;
#9247 = CARTESIAN_POINT ( 'NONE',  ( 170.0000000000000000, 18.39999999999999858, 13.06862915010150061 ) ) ;
#9248 = CYLINDRICAL_SURFACE ( 'NONE', #1973, 2.350000000000018741 ) ;
#9249 = CARTESIAN_POINT ( 'NONE',  ( 170.0000000000000000, 2.545584412271580277, -1.527713595751250061E-15 ) ) ;
#9250 = AXIS2_PLACEMENT_3D ( 'NONE', #809, #9580, #3928 ) ;
#9251 = EDGE_CURVE ( 'NONE', #7769, #10322, #6171, .T. ) ;
#9252 = VERTEX_POINT ( 'NONE', #2004 ) ;
#9253 = CARTESIAN_POINT ( 'NONE',  ( 508.6064772790923598, 360.0000000000000568, 5.117111854087502465 ) ) ;
#9254 = ORIENTED_EDGE ( 'NONE', *, *, #1173, .F. ) ;
#9255 = CARTESIAN_POINT ( 'NONE',  ( 170.0000000000000000, 265.0000000000000000, 20.00000000000000000 ) ) ;
#9256 = ORIENTED_EDGE ( 'NONE', *, *, #5259, .F. ) ;
#9257 = VECTOR ( 'NONE', #6463, 1000.000000000000000 ) ;
#9258 = CARTESIAN_POINT ( 'NONE',  ( 20.00000000000000000, 20.00000000000000000, 20.00000000000000000 ) ) ;
#9259 = EDGE_CURVE ( 'NONE', #804, #1920, #8715, .T. ) ;
#9260 = DIRECTION ( 'NONE',  ( -0.9694154417287268455, -0.2454255515179655511, 0.000000000000000000 ) ) ;
#9261 = CARTESIAN_POINT ( 'NONE',  ( 510.0000000000000000, 256.2999999999999545, 13.00000000000000000 ) ) ;
#9262 = CIRCLE ( 'NONE', #9599, 3.199999999999980638 ) ;
#9263 = DIRECTION ( 'NONE',  ( -1.000000000000000000, 0.000000000000000000, 0.000000000000000000 ) ) ;
#9264 = DIRECTION ( 'NONE',  ( 0.000000000000000000, 0.000000000000000000, -1.000000000000000000 ) ) ;
#9265 = ADVANCED_FACE ( 'NONE', ( #2841 ), #6077, .F. ) ;
#9266 = CARTESIAN_POINT ( 'NONE',  ( 170.0000000000000000, 3.286920438420879603E-31, 20.00000000000000000 ) ) ;
#9267 = ORIENTED_EDGE ( 'NONE', *, *, #6032, .F. ) ;
#9268 = ORIENTED_EDGE ( 'NONE', *, *, #7830, .F. ) ;
#9269 = EDGE_CURVE ( 'NONE', #4470, #6299, #1524, .T. ) ;
#9270 = ADVANCED_FACE ( 'NONE', ( #8619 ), #8783, .F. ) ;
#9271 = LINE ( 'NONE', #5099, #5766 ) ;
#9272 = ORIENTED_EDGE ( 'NONE', *, *, #10163, .T. ) ;
#9273 = CARTESIAN_POINT ( 'NONE',  ( 490.0000000000000000, 340.0000000000000000, 0.000000000000000000 ) ) ;
#9274 = CARTESIAN_POINT ( 'NONE',  ( 5.000000000000000000, 320.0000000000000000, 20.00000000000000000 ) ) ;
#9275 = EDGE_CURVE ( 'NONE', #1466, #2911, #6237, .T. ) ;
#9276 = CARTESIAN_POINT ( 'NONE',  ( 503.0343435439377231, 511.4706066773344446, 6.433224273564971550E-16 ) ) ;
#9277 = ORIENTED_EDGE ( 'NONE', *, *, #10145, .F. ) ;
#9278 = ORIENTED_EDGE ( 'NONE', *, *, #867, .F. ) ;
#9279 = ORIENTED_EDGE ( 'NONE', *, *, #4291, .F. ) ;
#9280 = VECTOR ( 'NONE', #1628, 1000.000000000000000 ) ;
#9281 = DIRECTION ( 'NONE',  ( -0.7071067811865480168, -1.291045063770319919E-16, 0.7071067811865470176 ) ) ;
#9282 = CARTESIAN_POINT ( 'NONE',  ( 160.0000000000000000, 520.0000000000000000, 12.00000000000000000 ) ) ;
#9283 = DIRECTION ( 'NONE',  ( 1.000000000000000000, 0.000000000000000000, 0.000000000000000000 ) ) ;
#9284 = FACE_OUTER_BOUND ( 'NONE', #2850, .T. ) ;
#9285 = VECTOR ( 'NONE', #8409, 1000.000000000000000 ) ;
#9286 = FACE_BOUND ( 'NONE', #6991, .T. ) ;
#9287 = EDGE_LOOP ( 'NONE', ( #10122, #5814, #3365, #9010 ) ) ;
#9288 = ORIENTED_EDGE ( 'NONE', *, *, #9145, .T. ) ;
#9289 = EDGE_LOOP ( 'NONE', ( #5211, #1929, #4865, #4140 ) ) ;
#9290 = FACE_OUTER_BOUND ( 'NONE', #6683, .T. ) ;
#9291 = VECTOR ( 'NONE', #7992, 1000.000000000000000 ) ;
#9292 = DIRECTION ( 'NONE',  ( -1.000000000000000000, 0.000000000000000000, 0.000000000000000000 ) ) ;
#9293 = LINE ( 'NONE', #3628, #9387 ) ;
#9294 = DIRECTION ( 'NONE',  ( 2.010970006868209845E-16, -1.000000000000000000, 0.000000000000000000 ) ) ;
#9295 = CARTESIAN_POINT ( 'NONE',  ( 503.0000000000000000, 235.8000000000000114, 7.000000000000000000 ) ) ;
#9296 = ORIENTED_EDGE ( 'NONE', *, *, #9978, .F. ) ;
#9297 = AXIS2_PLACEMENT_3D ( 'NONE', #1295, #2924, #3784 ) ;
#9298 = DIRECTION ( 'NONE',  ( 1.000000000000000000, 0.000000000000000000, 0.000000000000000000 ) ) ;
#9299 = ORIENTED_EDGE ( 'NONE', *, *, #3036, .T. ) ;
#9300 = LINE ( 'NONE', #6234, #176 ) ;
#9301 = ORIENTED_EDGE ( 'NONE', *, *, #5265, .F. ) ;
#9302 = CIRCLE ( 'NONE', #7455, 1.749999999999999778 ) ;
#9303 = FACE_BOUND ( 'NONE', #1066, .T. ) ;
#9304 = CARTESIAN_POINT ( 'NONE',  ( 0.000000000000000000, 75.69999999999389217, 13.00000000000000000 ) ) ;
#9305 = EDGE_CURVE ( 'NONE', #2340, #1816, #2317, .T. ) ;
#9306 = CARTESIAN_POINT ( 'NONE',  ( 340.0000000000000000, 530.0000000000000000, 5.000000000000000000 ) ) ;
#9307 = CARTESIAN_POINT ( 'NONE',  ( 510.0000000000000000, 235.8000000000000114, 13.00000000000000000 ) ) ;
#9308 = CIRCLE ( 'NONE', #1538, 3.200000000000008171 ) ;
#9309 = CARTESIAN_POINT ( 'NONE',  ( 166.0000000000000000, 10.33137084989849974, 8.068629150101518377 ) ) ;
#9310 = CARTESIAN_POINT ( 'NONE',  ( 504.4200266557849091, 170.0000000000001137, 6.483001172907750131 ) ) ;
#9311 = EDGE_CURVE ( 'NONE', #275, #5282, #9902, .T. ) ;
#9312 = PLANE ( 'NONE',  #398 ) ;
#9313 = VERTEX_POINT ( 'NONE', #1363 ) ;
#9314 = ORIENTED_EDGE ( 'NONE', *, *, #2185, .F. ) ;
#9315 = ADVANCED_FACE ( 'NONE', ( #5552 ), #9410, .T. ) ;
#9316 = CARTESIAN_POINT ( 'NONE',  ( 326.8000000000000114, 520.0000000000000000, 12.00000000000000000 ) ) ;
#9317 = EDGE_LOOP ( 'NONE', ( #7143, #9476, #4902, #5016 ) ) ;
#9318 = FACE_BOUND ( 'NONE', #3574, .T. ) ;
#9319 = CARTESIAN_POINT ( 'NONE',  ( 11.75000000000000000, 500.0000000000000000, 4.000000000000000000 ) ) ;
#9320 = CARTESIAN_POINT ( 'NONE',  ( 0.000000000000000000, 419.8000000000000114, 6.999999999999750422 ) ) ;
#9321 = ADVANCED_FACE ( 'NONE', ( #8670 ), #8724, .F. ) ;
#9322 = EDGE_CURVE ( 'NONE', #8899, #7472, #8893, .T. ) ;
#9323 = ADVANCED_FACE ( 'NONE', ( #2998 ), #3915, .T. ) ;
#9324 = EDGE_LOOP ( 'NONE', ( #6364, #520 ) ) ;
#9325 = VERTEX_POINT ( 'NONE', #6931 ) ;
#9326 = ORIENTED_EDGE ( 'NONE', *, *, #3174, .F. ) ;
#9327 = EDGE_CURVE ( 'NONE', #8207, #7678, #9225, .T. ) ;
#9328 = DIRECTION ( 'NONE',  ( 0.000000000000000000, 0.000000000000000000, -1.000000000000000000 ) ) ;
#9329 = CARTESIAN_POINT ( 'NONE',  ( 503.0359596853934931, 158.9885906918237310, 4.000000000000000000 ) ) ;
#9330 = CIRCLE ( 'NONE', #4780, 3.199999999999980638 ) ;
#9331 = DIRECTION ( 'NONE',  ( -6.123233995736769734E-17, -7.588638549471020099E-33, -1.000000000000000000 ) ) ;
#9332 = DIRECTION ( 'NONE',  ( -1.000000000000000000, -1.860521002879739963E-33, 0.000000000000000000 ) ) ;
#9333 = CARTESIAN_POINT ( 'NONE',  ( 500.0000000000000000, 500.0000000000000000, 10.00000000000000000 ) ) ;
#9334 = ADVANCED_FACE ( 'NONE', ( #1470 ), #7094, .F. ) ;
#9335 = ORIENTED_EDGE ( 'NONE', *, *, #4988, .T. ) ;
#9336 = ORIENTED_EDGE ( 'NONE', *, *, #9400, .T. ) ;
#9337 = VERTEX_POINT ( 'NONE', #2158 ) ;
#9338 = DIRECTION ( 'NONE',  ( 1.000000000000000000, 0.000000000000000000, 0.000000000000000000 ) ) ;
#9339 = FILL_AREA_STYLE ('',( #2828 ) ) ;
#9340 = DIRECTION ( 'NONE',  ( 0.000000000000000000, 0.000000000000000000, -1.000000000000000000 ) ) ;
#9341 = CARTESIAN_POINT ( 'NONE',  ( 510.0000000000000000, 256.2999999999999545, 7.000000000000000000 ) ) ;
#9342 = DIRECTION ( 'NONE',  ( -1.000000000000000000, 0.000000000000000000, 0.000000000000000000 ) ) ;
#9343 = FACE_OUTER_BOUND ( 'NONE', #6962, .T. ) ;
#9344 = CARTESIAN_POINT ( 'NONE',  ( 0.000000000000000000, 64.29999999999999716, 6.999999999996390443 ) ) ;
#9345 = ORIENTED_EDGE ( 'NONE', *, *, #6432, .F. ) ;
#9346 = VECTOR ( 'NONE', #6132, 1000.000000000000000 ) ;
#9347 = CARTESIAN_POINT ( 'NONE',  ( 503.1463079493095734, 370.5913641501779239, 4.728648795303032948 ) ) ;
#9348 = VERTEX_POINT ( 'NONE', #6979 ) ;
#9349 = FACE_OUTER_BOUND ( 'NONE', #7773, .T. ) ;
#9350 = ORIENTED_EDGE ( 'NONE', *, *, #8944, .F. ) ;
#9351 = LINE ( 'NONE', #9409, #2354 ) ;
#9352 = CARTESIAN_POINT ( 'NONE',  ( 255.0000000000000000, 360.0000000000000000, 10.00000000000000000 ) ) ;
#9353 = DIRECTION ( 'NONE',  ( 0.000000000000000000, 0.000000000000000000, -1.000000000000000000 ) ) ;
#9354 = DIRECTION ( 'NONE',  ( 0.000000000000000000, 0.000000000000000000, -1.000000000000000000 ) ) ;
#9355 = PLANE ( 'NONE',  #2112 ) ;
#9356 = CARTESIAN_POINT ( 'NONE',  ( 506.3671105496405858, 170.0000000000000568, 6.873846085150955965 ) ) ;
#9357 = EDGE_CURVE ( 'NONE', #4831, #1172, #7941, .T. ) ;
#9358 = FACE_BOUND ( 'NONE', #610, .T. ) ;
#9359 = ORIENTED_EDGE ( 'NONE', *, *, #8676, .T. ) ;
#9360 = AXIS2_PLACEMENT_3D ( 'NONE', #493, #4457, #6093 ) ;
#9361 = CARTESIAN_POINT ( 'NONE',  ( 178.2500000000000000, 520.0000000000000000, 4.000000000000000000 ) ) ;
#9362 = EDGE_LOOP ( 'NONE', ( #2178, #2543, #7299, #7101, #9588, #1396, #6490 ) ) ;
#9363 = CARTESIAN_POINT ( 'NONE',  ( 496.8000000000000114, 370.0000000000000000, 12.00000000000000000 ) ) ;
#9364 = VECTOR ( 'NONE', #5836, 1000.000000000000000 ) ;
#9365 = EDGE_CURVE ( 'NONE', #10010, #8936, #3726, .T. ) ;
#9366 = EDGE_LOOP ( 'NONE', ( #9684, #6478, #5391, #521 ) ) ;
#9367 = CARTESIAN_POINT ( 'NONE',  ( 340.0000000000000000, 20.00000000000000000, 20.00000000000000000 ) ) ;
#9368 = DIRECTION ( 'NONE',  ( 0.000000000000000000, -1.000000000000000000, 0.000000000000000000 ) ) ;
#9369 = CARTESIAN_POINT ( 'NONE',  ( 170.0000000000000000, 511.6000000000000796, -1.527713595751250061E-15 ) ) ;
#9370 = ADVANCED_FACE ( 'NONE', ( #5496 ), #631, .F. ) ;
#9371 = ORIENTED_EDGE ( 'NONE', *, *, #4024, .T. ) ;
#9372 = VECTOR ( 'NONE', #9178, 1000.000000000000000 ) ;
#9373 = EDGE_LOOP ( 'NONE', ( #4222, #4424, #1079, #1435 ) ) ;
#9374 = EDGE_LOOP ( 'NONE', ( #2860, #7540, #3031, #8271 ) ) ;
#9375 = CARTESIAN_POINT ( 'NONE',  ( 330.0000000000000000, 10.00000000000000000, 12.00000000000000000 ) ) ;
#9376 = FACE_BOUND ( 'NONE', #1833, .T. ) ;
#9377 = VECTOR ( 'NONE', #5820, 1000.000000000000000 ) ;
#9378 = CIRCLE ( 'NONE', #4837, 1.749999999999973799 ) ;
#9379 = FILL_AREA_STYLE ('',( #1191 ) ) ;
#9380 = PLANE ( 'NONE',  #813 ) ;
#9381 = DIRECTION ( 'NONE',  ( 0.000000000000000000, 0.000000000000000000, -1.000000000000000000 ) ) ;
#9382 = VERTEX_POINT ( 'NONE', #7147 ) ;
#9383 = VECTOR ( 'NONE', #6831, 1000.000000000000000 ) ;
#9384 = EDGE_CURVE ( 'NONE', #5859, #7425, #5169, .T. ) ;
#9385 = EDGE_LOOP ( 'NONE', ( #8108, #7060, #7963, #2103 ) ) ;
#9386 = VERTEX_POINT ( 'NONE', #4706 ) ;
#9387 = VECTOR ( 'NONE', #7560, 1000.000000000000000 ) ;
#9388 = FACE_BOUND ( 'NONE', #1029, .T. ) ;
#9389 = DIRECTION ( 'NONE',  ( 0.000000000000000000, 0.000000000000000000, -1.000000000000000000 ) ) ;
#9390 = EDGE_CURVE ( 'NONE', #5282, #6069, #6405, .T. ) ;
#9391 = CARTESIAN_POINT ( 'NONE',  ( 510.0000000000000000, 530.0000000000000000, 0.000000000000000000 ) ) ;
#9392 = DIRECTION ( 'NONE',  ( 0.000000000000000000, 0.000000000000000000, -1.000000000000000000 ) ) ;
#9393 = EDGE_CURVE ( 'NONE', #9033, #5213, #5008, .T. ) ;
#9394 = EDGE_CURVE ( 'NONE', #2958, #4621, #9781, .T. ) ;
#9395 = DIRECTION ( 'NONE',  ( 1.000000000000000000, 0.000000000000000000, 0.000000000000000000 ) ) ;
#9396 = CARTESIAN_POINT ( 'NONE',  ( 298.0000000000003411, 530.0000000000000000, 17.06413377357577232 ) ) ;
#9397 = PLANE ( 'NONE',  #9987 ) ;
#9398 = VECTOR ( 'NONE', #2713, 1000.000000000000000 ) ;
#9399 = ORIENTED_EDGE ( 'NONE', *, *, #4856, .T. ) ;
#9400 = EDGE_CURVE ( 'NONE', #7615, #9615, #1629, .T. ) ;
#9401 = CARTESIAN_POINT ( 'NONE',  ( 505.5949131079975132, 360.0000000000002274, 6.884143974735305704 ) ) ;
#9402 = ORIENTED_EDGE ( 'NONE', *, *, #407, .T. ) ;
#9403 = VERTEX_POINT ( 'NONE', #49 ) ;
#9404 = CIRCLE ( 'NONE', #113, 1.749999999999999778 ) ;
#9405 = AXIS2_PLACEMENT_3D ( 'NONE', #6752, #7490, #3518 ) ;
#9406 = ORIENTED_EDGE ( 'NONE', *, *, #8230, .F. ) ;
#9407 = LINE ( 'NONE', #3857, #5082 ) ;
#9408 = EDGE_LOOP ( 'NONE', ( #4451, #6774 ) ) ;
#9409 = CARTESIAN_POINT ( 'NONE',  ( 503.1999999999999886, 30.00000000000000000, 12.00000000000000000 ) ) ;
#9410 = PLANE ( 'NONE',  #4660 ) ;
#9411 = DIRECTION ( 'NONE',  ( 1.000000000000000000, 0.000000000000000000, 0.000000000000000000 ) ) ;
#9412 = CYLINDRICAL_SURFACE ( 'NONE', #2450, 1.750000000000029310 ) ;
#9413 = FACE_OUTER_BOUND ( 'NONE', #10106, .T. ) ;
#9414 = CARTESIAN_POINT ( 'NONE',  ( 6.500000000000000000, 440.6999999999999886, 13.00000000000000000 ) ) ;
#9415 = CARTESIAN_POINT ( 'NONE',  ( 510.0000000000000000, 360.0000000000000000, 5.000000000000000000 ) ) ;
#9416 = VECTOR ( 'NONE', #5631, 1000.000000000000000 ) ;
#9417 = ORIENTED_EDGE ( 'NONE', *, *, #5123, .T. ) ;
#9418 = AXIS2_PLACEMENT_3D ( 'NONE', #9474, #8685, #6944 ) ;
#9419 = PLANE ( 'NONE',  #4066 ) ;
#9420 = EDGE_LOOP ( 'NONE', ( #7541, #3018, #2253, #10135 ) ) ;
#9421 = CARTESIAN_POINT ( 'NONE',  ( 508.8508361943101477, 20.80215158257103880, 3.900000000000000799 ) ) ;
#9422 = CARTESIAN_POINT ( 'NONE',  ( 350.0707572047410849, -9.725217186426114324, 3.900000000000000799 ) ) ;
#9423 = EDGE_LOOP ( 'NONE', ( #716, #5523, #3408, #7056 ) ) ;
#9424 = DIRECTION ( 'NONE',  ( 0.000000000000000000, -1.000000000000000000, 0.000000000000000000 ) ) ;
#9425 = CARTESIAN_POINT ( 'NONE',  ( 212.0000000000001705, 530.0000000000000000, 13.82852954554267377 ) ) ;
#9426 = CARTESIAN_POINT ( 'NONE',  ( 344.0000000000000000, 511.6000000000000796, -1.219729700960499857E-14 ) ) ;
#9427 = ORIENTED_EDGE ( 'NONE', *, *, #6863, .F. ) ;
#9428 = ORIENTED_EDGE ( 'NONE', *, *, #5246, .T. ) ;
#9429 = EDGE_LOOP ( 'NONE', ( #6903, #3881, #9168, #9093 ) ) ;
#9430 = VERTEX_POINT ( 'NONE', #6562 ) ;
#9431 = CIRCLE ( 'NONE', #4887, 3.199999999999980638 ) ;
#9432 = DIRECTION ( 'NONE',  ( 0.000000000000000000, 1.000000000000000000, 0.000000000000000000 ) ) ;
#9433 = EDGE_CURVE ( 'NONE', #5621, #3826, #5026, .T. ) ;
#9434 = DIRECTION ( 'NONE',  ( 0.000000000000000000, 0.9271838545667858700, 0.3746065934159159561 ) ) ;
#9435 = DIRECTION ( 'NONE',  ( -1.000000000000000000, 0.000000000000000000, 0.000000000000000000 ) ) ;
#9436 = FACE_OUTER_BOUND ( 'NONE', #3694, .T. ) ;
#9437 = DIRECTION ( 'NONE',  ( 1.000000000000000000, 0.000000000000000000, 0.000000000000000000 ) ) ;
#9438 = VERTEX_POINT ( 'NONE', #2524 ) ;
#9439 = ORIENTED_EDGE ( 'NONE', *, *, #2669, .T. ) ;
#9440 = ADVANCED_FACE ( 'NONE', ( #4969, #1579 ), #8100, .F. ) ;
#9441 = ORIENTED_EDGE ( 'NONE', *, *, #9718, .T. ) ;
#9442 = CARTESIAN_POINT ( 'NONE',  ( 0.000000000000000000, 110.2000000000000028, 7.000000000000000000 ) ) ;
#9443 = DIRECTION ( 'NONE',  ( 0.000000000000000000, -0.9271838545667858700, -0.3746065934159159005 ) ) ;
#9444 = PLANE ( 'NONE',  #8902 ) ;
#9445 = ADVANCED_FACE ( 'NONE', ( #8199 ), #846, .F. ) ;
#9446 = DIRECTION ( 'NONE',  ( -1.000000000000000000, 0.000000000000000000, 0.000000000000000000 ) ) ;
#9447 = AXIS2_PLACEMENT_3D ( 'NONE', #7197, #1578, #793 ) ;
#9448 = DIRECTION ( 'NONE',  ( 0.000000000000000000, -1.000000000000000000, 0.000000000000000000 ) ) ;
#9449 = CARTESIAN_POINT ( 'NONE',  ( 6.500000000000000000, 465.6999999999999886, 12.99999999999960032 ) ) ;
#9450 = VERTEX_POINT ( 'NONE', #153 ) ;
#9451 = CARTESIAN_POINT ( 'NONE',  ( 503.1655858028320836, 370.4824528383908842, 4.792152622625285296 ) ) ;
#9452 = VERTEX_POINT ( 'NONE', #6462 ) ;
#9453 = EDGE_CURVE ( 'NONE', #9717, #8996, #6527, .T. ) ;
#9454 = EDGE_LOOP ( 'NONE', ( #1735, #4134 ) ) ;
#9455 = EDGE_CURVE ( 'NONE', #8167, #9533, #3139, .T. ) ;
#9456 = VECTOR ( 'NONE', #10363, 1000.000000000000000 ) ;
#9457 = ORIENTED_EDGE ( 'NONE', *, *, #9433, .T. ) ;
#9458 = CARTESIAN_POINT ( 'NONE',  ( 176.7999999999999829, 10.00000000000000000, 12.00000000000000000 ) ) ;
#9459 = FACE_OUTER_BOUND ( 'NONE', #1791, .T. ) ;
#9460 = CARTESIAN_POINT ( 'NONE',  ( 503.1999999999999886, 500.0000000000001137, 4.898046116018326401 ) ) ;
#9461 = CARTESIAN_POINT ( 'NONE',  ( 3.500000000000000000, 95.00000000000000000, 10.00000000000000000 ) ) ;
#9462 = CARTESIAN_POINT ( 'NONE',  ( 160.0000000000000000, 520.0000000000000000, 0.000000000000000000 ) ) ;
#9463 = EDGE_CURVE ( 'NONE', #5144, #1897, #2374, .T. ) ;
#9464 = CARTESIAN_POINT ( 'NONE',  ( 500.0000000000000000, 30.00000000000000000, 12.00000000000000000 ) ) ;
#9465 = AXIS2_PLACEMENT_3D ( 'NONE', #10299, #2258, #8779 ) ;
#9466 = DIRECTION ( 'NONE',  ( 0.000000000000000000, 0.000000000000000000, 1.000000000000000000 ) ) ;
#9467 = ORIENTED_EDGE ( 'NONE', *, *, #1702, .T. ) ;
#9468 = LINE ( 'NONE', #2219, #4996 ) ;
#9469 = CARTESIAN_POINT ( 'NONE',  ( 333.1999999999999886, 520.0000000000000000, 12.00000000000000000 ) ) ;
#9470 = VERTEX_POINT ( 'NONE', #8990 ) ;
#9471 = DIRECTION ( 'NONE',  ( 0.000000000000000000, 0.9271838545667858700, 0.3746065934159159561 ) ) ;
#9472 = ORIENTED_EDGE ( 'NONE', *, *, #2027, .T. ) ;
#9473 = CARTESIAN_POINT ( 'NONE',  ( 503.0343435439377231, 19.32959827346331139, 3.900000000000000355 ) ) ;
#9474 = CARTESIAN_POINT ( 'NONE',  ( 0.000000000000000000, 454.3000000000070031, 7.000000000003919531 ) ) ;
#9475 = AXIS2_PLACEMENT_3D ( 'NONE', #3956, #10393, #3259 ) ;
#9476 = ORIENTED_EDGE ( 'NONE', *, *, #7149, .T. ) ;
#9477 = CARTESIAN_POINT ( 'NONE',  ( 496.8000000000000114, 500.0000000000000000, 12.00000000000000000 ) ) ;
#9478 = CARTESIAN_POINT ( 'NONE',  ( 503.1999999999999886, 179.9999999999999716, 4.898046116018911711 ) ) ;
#9479 = DIRECTION ( 'NONE',  ( 0.000000000000000000, 1.000000000000000000, 0.000000000000000000 ) ) ;
#9480 = ORIENTED_EDGE ( 'NONE', *, *, #6688, .F. ) ;
#9481 = EDGE_LOOP ( 'NONE', ( #6695, #7163, #3993, #2058 ) ) ;
#9482 = DIRECTION ( 'NONE',  ( -4.433526464964531262E-17, 0.7071067811865474617, 0.7071067811865474617 ) ) ;
#9483 = VECTOR ( 'NONE', #4961, 1000.000000000000000 ) ;
#9484 = ORIENTED_EDGE ( 'NONE', *, *, #2390, .T. ) ;
#9485 = ORIENTED_EDGE ( 'NONE', *, *, #2801, .T. ) ;
#9486 = DIRECTION ( 'NONE',  ( 0.000000000000000000, -1.000000000000000000, -4.809630431589130061E-16 ) ) ;
#9487 = LINE ( 'NONE', #6209, #9581 ) ;
#9488 = LINE ( 'NONE', #5684, #2442 ) ;
#9489 = FACE_OUTER_BOUND ( 'NONE', #2870, .T. ) ;
#9490 = FACE_OUTER_BOUND ( 'NONE', #5613, .T. ) ;
#9491 = ORIENTED_EDGE ( 'NONE', *, *, #4139, .F. ) ;
#9492 = ORIENTED_EDGE ( 'NONE', *, *, #8937, .T. ) ;
#9493 = ORIENTED_EDGE ( 'NONE', *, *, #6847, .T. ) ;
#9494 = EDGE_CURVE ( 'NONE', #2149, #7315, #2573, .T. ) ;
#9495 = PLANE ( 'NONE',  #9297 ) ;
#9496 = DIRECTION ( 'NONE',  ( 0.000000000000000000, 0.000000000000000000, -1.000000000000000000 ) ) ;
#9497 = CARTESIAN_POINT ( 'NONE',  ( 295.0000000000000568, 530.0000000000000000, 17.06413377357577588 ) ) ;
#9498 = DIRECTION ( 'NONE',  ( 0.000000000000000000, 0.000000000000000000, -1.000000000000000000 ) ) ;
#9499 = EDGE_CURVE ( 'NONE', #3768, #6961, #5333, .T. ) ;
#9500 = DIRECTION ( 'NONE',  ( 0.000000000000000000, -6.123233995736769734E-17, -1.000000000000000000 ) ) ;
#9501 = DIRECTION ( 'NONE',  ( 1.000000000000000000, 0.000000000000000000, 0.000000000000000000 ) ) ;
#9502 = ORIENTED_EDGE ( 'NONE', *, *, #2136, .F. ) ;
#9503 = CARTESIAN_POINT ( 'NONE',  ( 505.0000000000001137, 340.0000000000000000, 6.738058857188993223 ) ) ;
#9504 = ORIENTED_EDGE ( 'NONE', *, *, #1063, .T. ) ;
#9505 = EDGE_LOOP ( 'NONE', ( #291, #1701 ) ) ;
#9506 = EDGE_CURVE ( 'NONE', #9470, #18, #2117, .T. ) ;
#9507 = COLOUR_RGB ( '',0.7921568627450980005, 0.8196078431372548767, 0.9333333333333333481 ) ;
#9508 = ORIENTED_EDGE ( 'NONE', *, *, #3552, .T. ) ;
#9509 = PLANE ( 'NONE',  #3550 ) ;
#9510 = DIRECTION ( 'NONE',  ( 0.000000000000000000, -1.000000000000000000, -4.809630431589130061E-16 ) ) ;
#9511 = FACE_OUTER_BOUND ( 'NONE', #6895, .T. ) ;
#9512 = DIRECTION ( 'NONE',  ( 0.000000000000000000, 0.000000000000000000, -1.000000000000000000 ) ) ;
#9513 = FACE_BOUND ( 'NONE', #784, .T. ) ;
#9514 = EDGE_CURVE ( 'NONE', #3783, #4071, #10463, .T. ) ;
#9515 = CARTESIAN_POINT ( 'NONE',  ( 340.0000000000000000, 6.573840876841760082E-31, 20.00000000000000000 ) ) ;
#9516 = DIRECTION ( 'NONE',  ( 0.000000000000000000, 0.000000000000000000, -1.000000000000000000 ) ) ;
#9517 = EDGE_LOOP ( 'NONE', ( #7754, #9690 ) ) ;
#9518 = DIRECTION ( 'NONE',  ( 0.000000000000000000, 6.123233995736769734E-17, 1.000000000000000000 ) ) ;
#9519 = EDGE_CURVE ( 'NONE', #1212, #4168, #3270, .T. ) ;
#9520 = EDGE_LOOP ( 'NONE', ( #5984, #6284, #8422, #1331 ) ) ;
#9521 = LINE ( 'NONE', #640, #9456 ) ;
#9522 = ORIENTED_EDGE ( 'NONE', *, *, #3563, .T. ) ;
#9523 = CARTESIAN_POINT ( 'NONE',  ( 503.0721649371210447, 363.0000000000000000, 4.382250650604668785 ) ) ;
#9524 = EDGE_CURVE ( 'NONE', #2594, #2958, #2473, .T. ) ;
#9525 = FACE_OUTER_BOUND ( 'NONE', #2091, .T. ) ;
#9526 = EDGE_CURVE ( 'NONE', #5804, #6676, #4004, .T. ) ;
#9527 =( BOUNDED_CURVE ( )  B_SPLINE_CURVE ( 3, ( #4121, #8142, #5858, #2617 ),
 .UNSPECIFIED., .F., .T. ) 
 B_SPLINE_CURVE_WITH_KNOTS ( ( 4, 4 ),
 ( 3.141592653589793116, 6.283185307179586232 ),
 .UNSPECIFIED. ) 
 CURVE ( )  GEOMETRIC_REPRESENTATION_ITEM ( )  RATIONAL_B_SPLINE_CURVE ( ( 1.000000000000000000, 0.3333333333333333703, 0.3333333333333333703, 1.000000000000000000 ) ) 
 REPRESENTATION_ITEM ( '' )  );
#9528 = ORIENTED_EDGE ( 'NONE', *, *, #616, .T. ) ;
#9529 = CARTESIAN_POINT ( 'NONE',  ( 6.500000000000000000, 54.80000000000000426, 13.00000000000000000 ) ) ;
#9530 = CARTESIAN_POINT ( 'NONE',  ( 496.8000000000000114, 160.0000000000000000, 4.000000000000000000 ) ) ;
#9531 = DIRECTION ( 'NONE',  ( -1.492928237510310014E-32, 0.000000000000000000, 1.000000000000000000 ) ) ;
#9532 = ORIENTED_EDGE ( 'NONE', *, *, #9187, .F. ) ;
#9533 = VERTEX_POINT ( 'NONE', #6612 ) ;
#9534 = EDGE_CURVE ( 'NONE', #3962, #5939, #9829, .T. ) ;
#9535 = FACE_OUTER_BOUND ( 'NONE', #878, .T. ) ;
#9536 = ORIENTED_EDGE ( 'NONE', *, *, #9138, .T. ) ;
#9537 = ORIENTED_EDGE ( 'NONE', *, *, #5321, .F. ) ;
#9538 = STYLED_ITEM ( 'NONE', ( #9653 ), #6861 ) ;
#9539 = CARTESIAN_POINT ( 'NONE',  ( 496.8000000000000114, 370.0000000000000000, 4.000000000000000000 ) ) ;
#9540 = DIRECTION ( 'NONE',  ( 0.000000000000000000, -7.588638549471020099E-33, -1.000000000000000000 ) ) ;
#9541 = DIRECTION ( 'NONE',  ( -1.000000000000000000, -2.786442101020000197E-16, 0.000000000000000000 ) ) ;
#9542 = AXIS2_PLACEMENT_3D ( 'NONE', #5160, #3463, #9081 ) ;
#9543 = CARTESIAN_POINT ( 'NONE',  ( 503.1655858028320836, 500.4824528383908842, 4.792152622625478031 ) ) ;
#9544 = ORIENTED_EDGE ( 'NONE', *, *, #1567, .T. ) ;
#9545 = VERTEX_POINT ( 'NONE', #8351 ) ;
#9546 = AXIS2_PLACEMENT_3D ( 'NONE', #9113, #3393, #6629 ) ;
#9547 = DIRECTION ( 'NONE',  ( 1.340646671245470025E-16, -1.000000000000000000, 0.000000000000000000 ) ) ;
#9548 = DIRECTION ( 'NONE',  ( 0.000000000000000000, 0.000000000000000000, -1.000000000000000000 ) ) ;
#9549 = AXIS2_PLACEMENT_3D ( 'NONE', #3583, #9984, #6819 ) ;
#9550 = DIRECTION ( 'NONE',  ( -1.000000000000000000, 0.000000000000000000, 0.000000000000000000 ) ) ;
#9551 = CARTESIAN_POINT ( 'NONE',  ( 340.0000000000000000, 18.19999999999999929, 15.65441558772840125 ) ) ;
#9552 = CARTESIAN_POINT ( 'NONE',  ( 503.0343435439377231, 362.9999999999998863, 6.433224273564971550E-16 ) ) ;
#9553 = LINE ( 'NONE', #5433, #1367 ) ;
#9554 = CIRCLE ( 'NONE', #9896, 3.199999999999980638 ) ;
#9555 = ORIENTED_EDGE ( 'NONE', *, *, #8600, .T. ) ;
#9556 = VECTOR ( 'NONE', #575, 1000.000000000000000 ) ;
#9557 = CARTESIAN_POINT ( 'NONE',  ( 503.0343435439377231, 19.32959827346325454, 6.433224273564971550E-16 ) ) ;
#9558 = ORIENTED_EDGE ( 'NONE', *, *, #2252, .F. ) ;
#9559 = ORIENTED_EDGE ( 'NONE', *, *, #8617, .F. ) ;
#9560 = EDGE_CURVE ( 'NONE', #5319, #3263, #5125, .T. ) ;
#9561 = ORIENTED_EDGE ( 'NONE', *, *, #9357, .F. ) ;
#9562 = CARTESIAN_POINT ( 'NONE',  ( 503.0359596853934931, 368.9885906918237310, 4.000000000000000000 ) ) ;
#9563 = CARTESIAN_POINT ( 'NONE',  ( 295.0000000000000568, 516.5944988621514540, 6.902406875640322070 ) ) ;
#9564 = CARTESIAN_POINT ( 'NONE',  ( 255.0000000000000000, 510.0000000000000000, 10.49355789662076788 ) ) ;
#9565 = CARTESIAN_POINT ( 'NONE',  ( 295.0000000000000568, 515.5081397412453725, 9.591240053884005690 ) ) ;
#9566 = FACE_OUTER_BOUND ( 'NONE', #726, .T. ) ;
#9567 = CIRCLE ( 'NONE', #6183, 1.750000000000029310 ) ;
#9568 = EDGE_CURVE ( 'NONE', #6631, #5466, #9293, .T. ) ;
#9569 = CARTESIAN_POINT ( 'NONE',  ( 503.1463079493098007, 350.5913641501775828, 4.728648795302802021 ) ) ;
#9570 = CARTESIAN_POINT ( 'NONE',  ( 161.7500000000000000, 520.0000000000000000, 0.000000000000000000 ) ) ;
#9571 = VECTOR ( 'NONE', #3248, 1000.000000000000000 ) ;
#9572 = VECTOR ( 'NONE', #6919, 1000.000000000000000 ) ;
#9573 = CARTESIAN_POINT ( 'NONE',  ( 510.0000000000000000, 128.1499999999999773, 13.00000000000000000 ) ) ;
#9574 = DIRECTION ( 'NONE',  ( -1.000000000000000000, 0.000000000000000000, 0.000000000000000000 ) ) ;
#9575 = ORIENTED_EDGE ( 'NONE', *, *, #10343, .F. ) ;
#9576 = EDGE_CURVE ( 'NONE', #4404, #8776, #2728, .T. ) ;
#9577 = CARTESIAN_POINT ( 'NONE',  ( 343.0000000000000000, 511.8000000000000114, -1.212090840837589974E-14 ) ) ;
#9578 = ORIENTED_EDGE ( 'NONE', *, *, #456, .F. ) ;
#9579 = LINE ( 'NONE', #4662, #7868 ) ;
#9580 = DIRECTION ( 'NONE',  ( 0.000000000000000000, 0.000000000000000000, 1.000000000000000000 ) ) ;
#9581 = VECTOR ( 'NONE', #7120, 1000.000000000000000 ) ;
#9582 = ADVANCED_FACE ( 'NONE', ( #3478 ), #7612, .T. ) ;
#9583 = CARTESIAN_POINT ( 'NONE',  ( 500.0000000000000000, 160.0000000000000000, 4.000000000000000000 ) ) ;
#9584 = CARTESIAN_POINT ( 'NONE',  ( 11.75000000000000000, 350.0000000000000000, 4.000000000000000000 ) ) ;
#9585 = VECTOR ( 'NONE', #7632, 1000.000000000000000 ) ;
#9586 = CARTESIAN_POINT ( 'NONE',  ( 359.5115921461924700, 529.9999999999990905, 5.537226332189381317 ) ) ;
#9587 = ORIENTED_EDGE ( 'NONE', *, *, #3036, .F. ) ;
#9588 = ORIENTED_EDGE ( 'NONE', *, *, #601, .T. ) ;
#9589 = CARTESIAN_POINT ( 'NONE',  ( 365.4158509672465129, 2.585985204697104947E-13, 4.975763852706705848 ) ) ;
#9590 = ORIENTED_EDGE ( 'NONE', *, *, #9146, .T. ) ;
#9591 = EDGE_CURVE ( 'NONE', #7310, #2802, #4278, .T. ) ;
#9592 = EDGE_CURVE ( 'NONE', #4261, #7959, #5965, .T. ) ;
#9593 = VERTEX_POINT ( 'NONE', #9151 ) ;
#9594 = DIRECTION ( 'NONE',  ( 0.7071067811865474617, 2.403290133132678501E-16, 0.7071067811865474617 ) ) ;
#9595 = VECTOR ( 'NONE', #686, 1000.000000000000000 ) ;
#9596 = CARTESIAN_POINT ( 'NONE',  ( 257.9999999999999432, 530.0000000000000000, 13.82852954554264713 ) ) ;
#9597 = CYLINDRICAL_SURFACE ( 'NONE', #3626, 3.199999999999999734 ) ;
#9598 = ADVANCED_FACE ( 'NONE', ( #5077, #9196 ), #7659, .F. ) ;
#9599 = AXIS2_PLACEMENT_3D ( 'NONE', #5544, #7250, #6397 ) ;
#9600 = DIRECTION ( 'NONE',  ( 0.000000000000000000, 0.000000000000000000, -1.000000000000000000 ) ) ;
#9601 = CARTESIAN_POINT ( 'NONE',  ( 503.0343435439377231, 511.4706066773345583, 9.900000000000007461 ) ) ;
#9602 = CARTESIAN_POINT ( 'NONE',  ( 501.7500000000000568, 160.0000000000000000, 10.00000000000000000 ) ) ;
#9603 = VERTEX_POINT ( 'NONE', #7504 ) ;
#9604 = ORIENTED_EDGE ( 'NONE', *, *, #9524, .F. ) ;
#9605 = DIRECTION ( 'NONE',  ( 0.000000000000000000, 0.000000000000000000, -1.000000000000000000 ) ) ;
#9606 = CARTESIAN_POINT ( 'NONE',  ( 6.500000000000000000, 64.29999999999999716, 13.00000000000000000 ) ) ;
#9607 = FACE_BOUND ( 'NONE', #6941, .T. ) ;
#9608 = CARTESIAN_POINT ( 'NONE',  ( 350.0000000000000000, 10.00000000000000000, 0.000000000000000000 ) ) ;
#9609 = DIRECTION ( 'NONE',  ( 0.000000000000000000, 0.000000000000000000, -1.000000000000000000 ) ) ;
#9610 = DIRECTION ( 'NONE',  ( 1.492928237510310014E-32, -6.123233995736769734E-17, -1.000000000000000000 ) ) ;
#9611 = VECTOR ( 'NONE', #3068, 1000.000000000000000 ) ;
#9612 = VERTEX_POINT ( 'NONE', #1152 ) ;
#9613 = LINE ( 'NONE', #1622, #6048 ) ;
#9614 = VERTEX_POINT ( 'NONE', #9099 ) ;
#9615 = VERTEX_POINT ( 'NONE', #4382 ) ;
#9616 = ORIENTED_EDGE ( 'NONE', *, *, #1283, .F. ) ;
#9617 = CARTESIAN_POINT ( 'NONE',  ( 330.0000000000000000, 10.00000000000000000, 20.00000000000000000 ) ) ;
#9618 = DIRECTION ( 'NONE',  ( 0.000000000000000000, 0.000000000000000000, 1.000000000000000000 ) ) ;
#9619 = VECTOR ( 'NONE', #8782, 1000.000000000000000 ) ;
#9620 = FACE_OUTER_BOUND ( 'NONE', #4622, .T. ) ;
#9621 = DIRECTION ( 'NONE',  ( 0.000000000000000000, 0.000000000000000000, -1.000000000000000000 ) ) ;
#9622 = PLANE ( 'NONE',  #6395 ) ;
#9623 = CARTESIAN_POINT ( 'NONE',  ( 506.9023013243809714, 360.0000000000001137, 6.738205725338548113 ) ) ;
#9624 = ORIENTED_EDGE ( 'NONE', *, *, #200, .T. ) ;
#9625 = AXIS2_PLACEMENT_3D ( 'NONE', #4439, #8359, #3433 ) ;
#9626 = CARTESIAN_POINT ( 'NONE',  ( 0.000000000000000000, 429.3000000000000114, 7.000000000003810285 ) ) ;
#9627 = CARTESIAN_POINT ( 'NONE',  ( 170.0000000000000000, 511.6000000000000796, 16.13725830020310070 ) ) ;
#9628 = VERTEX_POINT ( 'NONE', #2680 ) ;
#9629 = EDGE_CURVE ( 'NONE', #76, #2165, #367, .T. ) ;
#9630 = CARTESIAN_POINT ( 'NONE',  ( 510.0000000000000000, 530.0000000000000000, 0.000000000000000000 ) ) ;
#9631 = ORIENTED_EDGE ( 'NONE', *, *, #9384, .T. ) ;
#9632 = FACE_OUTER_BOUND ( 'NONE', #623, .T. ) ;
#9633 = CARTESIAN_POINT ( 'NONE',  ( 500.0000000000000000, 500.0000000000000000, 4.000000000000000000 ) ) ;
#9634 = VECTOR ( 'NONE', #4389, 1000.000000000000000 ) ;
#9635 = AXIS2_PLACEMENT_3D ( 'NONE', #356, #5854, #3467 ) ;
#9636 = ADVANCED_FACE ( 'NONE', ( #3425 ), #9935, .F. ) ;
#9637 = LINE ( 'NONE', #3181, #5908 ) ;
#9638 = CARTESIAN_POINT ( 'NONE',  ( 365.7601966386035315, -2.602085213965210642E-14, 3.900000000000000799 ) ) ;
#9639 = CARTESIAN_POINT ( 'NONE',  ( 508.6064772790921324, 170.0000000000000000, 5.117111854087473155 ) ) ;
#9640 = ORIENTED_EDGE ( 'NONE', *, *, #3570, .T. ) ;
#9641 = VERTEX_POINT ( 'NONE', #6659 ) ;
#9642 = CARTESIAN_POINT ( 'NONE',  ( 0.000000000000000000, 170.0000000000000000, 5.000000000000000000 ) ) ;
#9643 = VERTEX_POINT ( 'NONE', #6064 ) ;
#9645 = ADVANCED_FACE ( 'NONE', ( #5918 ), #8254, .F. ) ;
#9644 = VERTEX_POINT ( 'NONE', #1838 ) ;
#9646 = AXIS2_PLACEMENT_3D ( 'NONE', #511, #5227, #6965 ) ;
#9647 = DIRECTION ( 'NONE',  ( -6.123233995736769734E-17, -7.588638549471020099E-33, -1.000000000000000000 ) ) ;
#9648 = LINE ( 'NONE', #6483, #8910 ) ;
#9649 = FACE_OUTER_BOUND ( 'NONE', #2754, .T. ) ;
#9650 = EDGE_CURVE ( 'NONE', #2893, #310, #6868, .T. ) ;
#9651 = ADVANCED_FACE ( 'NONE', ( #1888 ), #4329, .F. ) ;
#9652 = EDGE_CURVE ( 'NONE', #7897, #1291, #6015, .T. ) ;
#9653 = PRESENTATION_STYLE_ASSIGNMENT (( #6264 ) ) ;
#9654 = CARTESIAN_POINT ( 'NONE',  ( 510.0000000000000000, 9.860761315262649319E-31, 0.000000000000000000 ) ) ;
#9655 = AXIS2_PLACEMENT_3D ( 'NONE', #621, #7873, #6922 ) ;
#9656 = CARTESIAN_POINT ( 'NONE',  ( 491.5999999999999659, 364.0000000000000000, 16.13725830020310070 ) ) ;
#9657 = ORIENTED_EDGE ( 'NONE', *, *, #154, .F. ) ;
#9658 = VERTEX_POINT ( 'NONE', #5228 ) ;
#9659 = ADVANCED_FACE ( 'NONE', ( #8453 ), #9444, .F. ) ;
#9660 = CARTESIAN_POINT ( 'NONE',  ( 510.0000000000000000, 530.0000000000000000, 0.000000000000000000 ) ) ;
#9661 = LINE ( 'NONE', #4211, #5220 ) ;
#9662 = CARTESIAN_POINT ( 'NONE',  ( 503.0343435439377231, 363.9999999999998863, 3.900000000000000355 ) ) ;
#9663 = CYLINDRICAL_SURFACE ( 'NONE', #6376, 2.900000000000010125 ) ;
#9664 = ADVANCED_FACE ( 'NONE', ( #4478 ), #6327, .T. ) ;
#9665 = CARTESIAN_POINT ( 'NONE',  ( 503.0343435439377231, 511.4706066773345583, 3.900000000000000355 ) ) ;
#9666 = CARTESIAN_POINT ( 'NONE',  ( 340.0000000000000000, 0.000000000000000000, 5.000000000000000000 ) ) ;
#9667 = VERTEX_POINT ( 'NONE', #2248 ) ;
#9668 = DIRECTION ( 'NONE',  ( 1.000000000000000000, 0.000000000000000000, 0.000000000000000000 ) ) ;
#9669 = ORIENTED_EDGE ( 'NONE', *, *, #3099, .F. ) ;
#9670 = VERTEX_POINT ( 'NONE', #10233 ) ;
#9671 = EDGE_CURVE ( 'NONE', #1519, #8419, #6536, .T. ) ;
#9672 = ORIENTED_EDGE ( 'NONE', *, *, #2216, .T. ) ;
#9673 = DIRECTION ( 'NONE',  ( 0.000000000000000000, 0.000000000000000000, -1.000000000000000000 ) ) ;
#9674 = DIRECTION ( 'NONE',  ( 1.860521002879739963E-33, -1.000000000000000000, 4.809630431589130061E-16 ) ) ;
#9675 = DIRECTION ( 'NONE',  ( -1.492928237510310014E-32, 6.123233995736769734E-17, 1.000000000000000000 ) ) ;
#9676 = DIRECTION ( 'NONE',  ( 0.000000000000000000, 0.000000000000000000, -1.000000000000000000 ) ) ;
#9677 = LINE ( 'NONE', #4128, #7248 ) ;
#9678 = AXIS2_PLACEMENT_3D ( 'NONE', #3839, #6107, #7921 ) ;
#9679 = CARTESIAN_POINT ( 'NONE',  ( 504.4200266557842269, 360.0000000000001705, 6.483001172907262522 ) ) ;
#9680 = ORIENTED_EDGE ( 'NONE', *, *, #83, .T. ) ;
#9681 = DIRECTION ( 'NONE',  ( 1.000000000000000000, 0.000000000000000000, 0.000000000000000000 ) ) ;
#9682 = EDGE_LOOP ( 'NONE', ( #1452, #5673, #1024, #3548 ) ) ;
#9683 = CARTESIAN_POINT ( 'NONE',  ( 212.5000000000000000, 18.39999999999999858, 0.000000000000000000 ) ) ;
#9684 = ORIENTED_EDGE ( 'NONE', *, *, #7789, .F. ) ;
#9685 = CARTESIAN_POINT ( 'NONE',  ( 351.7716677838850501, 531.0489611907507879, 3.900000000000000355 ) ) ;
#9686 = CARTESIAN_POINT ( 'NONE',  ( 350.0000000000000000, 10.00000000000000000, 20.00000000000000000 ) ) ;
#9687 = AXIS2_PLACEMENT_3D ( 'NONE', #652, #1928, #3880 ) ;
#9688 = DIRECTION ( 'NONE',  ( -1.492928237510310014E-32, 6.123233995736769734E-17, 1.000000000000000000 ) ) ;
#9689 = CARTESIAN_POINT ( 'NONE',  ( 506.1277871273665028, 170.0000000000001705, 6.899554978706658126 ) ) ;
#9690 = ORIENTED_EDGE ( 'NONE', *, *, #2677, .F. ) ;
#9691 = ORIENTED_EDGE ( 'NONE', *, *, #4792, .F. ) ;
#9692 = CARTESIAN_POINT ( 'NONE',  ( 365.7601966386035315, 7.071909799366263679E-31, 0.000000000000000000 ) ) ;
#9693 = ORIENTED_EDGE ( 'NONE', *, *, #2981, .T. ) ;
#9694 = ORIENTED_EDGE ( 'NONE', *, *, #2075, .T. ) ;
#9695 = EDGE_CURVE ( 'NONE', #2149, #8025, #2980, .T. ) ;
#9696 = CARTESIAN_POINT ( 'NONE',  ( 11.75000000000000000, 180.0000000000000000, 4.000000000000000000 ) ) ;
#9697 = CYLINDRICAL_SURFACE ( 'NONE', #2638, 2.900000000000003908 ) ;
#9698 = PLANE ( 'NONE',  #1102 ) ;
#9699 = EDGE_CURVE ( 'NONE', #415, #4836, #10179, .T. ) ;
#9700 = CARTESIAN_POINT ( 'NONE',  ( -1.873544649899849964E-31, 100.6999999999970044, 6.500000000002519762 ) ) ;
#9701 = FACE_BOUND ( 'NONE', #7325, .T. ) ;
#9702 = DIRECTION ( 'NONE',  ( 0.000000000000000000, -0.000000000000000000, 1.000000000000000000 ) ) ;
#9703 = EDGE_LOOP ( 'NONE', ( #6857, #2855, #8475, #4697, #5882, #10174, #5885, #10153 ) ) ;
#9704 = ORIENTED_EDGE ( 'NONE', *, *, #2907, .F. ) ;
#9705 = AXIS2_PLACEMENT_3D ( 'NONE', #7482, #2603, #10006 ) ;
#9706 = FACE_BOUND ( 'NONE', #3825, .T. ) ;
#9707 = FACE_OUTER_BOUND ( 'NONE', #8577, .T. ) ;
#9708 = CARTESIAN_POINT ( 'NONE',  ( 498.2500000000000000, 180.0000000000000000, 10.00000000000000000 ) ) ;
#9709 = DIRECTION ( 'NONE',  ( 0.000000000000000000, 0.000000000000000000, -1.000000000000000000 ) ) ;
#9710 = FACE_BOUND ( 'NONE', #9454, .T. ) ;
#9711 = CARTESIAN_POINT ( 'NONE',  ( 10.00000000000000000, 30.00000000000000000, 12.00000000000000000 ) ) ;
#9712 = ADVANCED_FACE ( 'NONE', ( #3035 ), #1400, .F. ) ;
#9713 = ORIENTED_EDGE ( 'NONE', *, *, #8439, .T. ) ;
#9714 = DIRECTION ( 'NONE',  ( 0.000000000000000000, 1.000000000000000000, 0.000000000000000000 ) ) ;
#9715 = VERTEX_POINT ( 'NONE', #1249 ) ;
#9716 = AXIS2_PLACEMENT_3D ( 'NONE', #4937, #4889, #5516 ) ;
#9717 = VERTEX_POINT ( 'NONE', #2927 ) ;
#9718 = EDGE_CURVE ( 'NONE', #4132, #4404, #3736, .T. ) ;
#9719 = VECTOR ( 'NONE', #7978, 1000.000000000000000 ) ;
#9720 = AXIS2_PLACEMENT_3D ( 'NONE', #9464, #8572, #6184 ) ;
#9721 = EDGE_CURVE ( 'NONE', #2353, #3505, #7870, .T. ) ;
#9722 = EDGE_CURVE ( 'NONE', #1406, #5224, #3684, .T. ) ;
#9723 = CARTESIAN_POINT ( 'NONE',  ( 503.0343435439377231, 364.0000000000001705, 4.143563116690462067 ) ) ;
#9724 = CARTESIAN_POINT ( 'NONE',  ( 503.1058382415787378, 160.7763595089615762, 4.566393424262819245 ) ) ;
#9725 = DIRECTION ( 'NONE',  ( 1.000000000000000000, 0.000000000000000000, 0.000000000000000000 ) ) ;
#9726 = DIRECTION ( 'NONE',  ( 0.000000000000000000, 1.184237892934239998E-14, 1.000000000000000000 ) ) ;
#9727 = CARTESIAN_POINT ( 'NONE',  ( 167.0000000000000000, 2.545584412271580277, -2.220446049250309925E-15 ) ) ;
#9728 = CARTESIAN_POINT ( 'NONE',  ( 508.5926858719088841, 359.9999999999999432, 5.149443842140158267 ) ) ;
#9729 = ADVANCED_FACE ( 'NONE', ( #6918 ), #4532, .F. ) ;
#9730 = CIRCLE ( 'NONE', #7026, 3.200000000000008171 ) ;
#9731 = AXIS2_PLACEMENT_3D ( 'NONE', #1252, #6224, #5329 ) ;
#9732 = ORIENTED_EDGE ( 'NONE', *, *, #6886, .F. ) ;
#9733 = DIRECTION ( 'NONE',  ( 0.000000000000000000, 0.000000000000000000, 1.000000000000000000 ) ) ;
#9734 = AXIS2_PLACEMENT_3D ( 'NONE', #2055, #1954, #6935 ) ;
#9735 = EDGE_LOOP ( 'NONE', ( #5764, #9406, #4859, #6790 ) ) ;
#9736 = DIRECTION ( 'NONE',  ( -1.000000000000000000, 0.000000000000000000, 0.000000000000000000 ) ) ;
#9737 = ORIENTED_EDGE ( 'NONE', *, *, #8371, .F. ) ;
#9738 = AXIS2_PLACEMENT_3D ( 'NONE', #563, #5325, #668 ) ;
#9739 = CARTESIAN_POINT ( 'NONE',  ( 498.2500000000000000, 370.0000000000000000, 0.000000000000000000 ) ) ;
#9740 = LINE ( 'NONE', #5668, #466 ) ;
#9741 = VECTOR ( 'NONE', #9072, 1000.000000000000000 ) ;
#9742 = DIRECTION ( 'NONE',  ( 1.000000000000000000, 0.000000000000000000, 0.000000000000000000 ) ) ;
#9743 = CARTESIAN_POINT ( 'NONE',  ( 360.0771777103068416, 530.0000000000003411, 4.342196601042643600 ) ) ;
#9744 = EDGE_LOOP ( 'NONE', ( #404, #9874, #3443, #3948, #4029, #3742 ) ) ;
#9745 = EDGE_LOOP ( 'NONE', ( #6776, #1517, #3128, #8530, #2108 ) ) ;
#9746 = AXIS2_PLACEMENT_3D ( 'NONE', #7429, #230, #124 ) ;
#9747 = DIRECTION ( 'NONE',  ( 1.139240545461550029E-49, -6.123233995736769734E-17, -1.000000000000000000 ) ) ;
#9748 = ORIENTED_EDGE ( 'NONE', *, *, #210, .T. ) ;
#9749 = ORIENTED_EDGE ( 'NONE', *, *, #2666, .F. ) ;
#9750 = VECTOR ( 'NONE', #1890, 1000.000000000000000 ) ;
#9751 = LINE ( 'NONE', #123, #522 ) ;
#9752 = PLANE ( 'NONE',  #8735 ) ;
#9753 = LINE ( 'NONE', #5787, #10047 ) ;
#9754 = CIRCLE ( 'NONE', #6556, 12.92922760661767256 ) ;
#9755 = CARTESIAN_POINT ( 'NONE',  ( 508.8508361943102045, 20.80215158257103880, 9.900000000000009237 ) ) ;
#9756 = CARTESIAN_POINT ( 'NONE',  ( 13.19999999999999929, 500.0000000000000000, 12.00000000000000000 ) ) ;
#9757 = DIRECTION ( 'NONE',  ( 1.000000000000000000, 0.000000000000000000, -6.123233995736769734E-17 ) ) ;
#9758 = ORIENTED_EDGE ( 'NONE', *, *, #7525, .F. ) ;
#9759 = ORIENTED_EDGE ( 'NONE', *, *, #2711, .T. ) ;
#9760 = VECTOR ( 'NONE', #1501, 1000.000000000000000 ) ;
#9761 = VECTOR ( 'NONE', #2639, 1000.000000000000000 ) ;
#9762 = ADVANCED_FACE ( 'NONE', ( #6114 ), #3846, .F. ) ;
#9763 = FACE_OUTER_BOUND ( 'NONE', #10108, .T. ) ;
#9764 = CARTESIAN_POINT ( 'NONE',  ( 255.0000000000000000, 360.0000000000000000, 10.00000000000000000 ) ) ;
#9765 = CIRCLE ( 'NONE', #8759, 1.750000000000001554 ) ;
#9766 = FACE_OUTER_BOUND ( 'NONE', #9481, .T. ) ;
#9767 = CARTESIAN_POINT ( 'NONE',  ( 503.0359596853934931, 181.0114093081761553, 4.000000000000000000 ) ) ;
#9768 = CARTESIAN_POINT ( 'NONE',  ( 496.8000000000000114, 180.0000000000000000, 20.00000000000000000 ) ) ;
#9769 = DIRECTION ( 'NONE',  ( 0.000000000000000000, 0.000000000000000000, -1.000000000000000000 ) ) ;
#9770 = DIRECTION ( 'NONE',  ( 0.000000000000000000, -0.000000000000000000, -1.000000000000000000 ) ) ;
#9771 = EDGE_CURVE ( 'NONE', #1533, #3610, #2086, .T. ) ;
#9772 = EDGE_LOOP ( 'NONE', ( #7687, #5779, #10417, #2497 ) ) ;
#9773 = CARTESIAN_POINT ( 'NONE',  ( 363.0018050113109780, 526.4288566782357748, 3.899999999999999911 ) ) ;
#9774 = ORIENTED_EDGE ( 'NONE', *, *, #7789, .T. ) ;
#9775 = VERTEX_POINT ( 'NONE', #6966 ) ;
#9776 = CARTESIAN_POINT ( 'NONE',  ( 170.0000000000000000, 3.286920438420879603E-31, 20.00000000000000000 ) ) ;
#9777 = CARTESIAN_POINT ( 'NONE',  ( 6.799999999999999822, 30.00000000000000000, 4.000000000000000000 ) ) ;
#9778 = EDGE_CURVE ( 'NONE', #3910, #6724, #7545, .T. ) ;
#9779 = CARTESIAN_POINT ( 'NONE',  ( 340.0000000000000000, 511.8000000000000114, 15.65441558772840125 ) ) ;
#9780 = VECTOR ( 'NONE', #3357, 1000.000000000000000 ) ;
#9781 = LINE ( 'NONE', #7354, #5676 ) ;
#9782 = DIRECTION ( 'NONE',  ( 1.000000000000000000, 0.000000000000000000, 0.000000000000000000 ) ) ;
#9783 = CARTESIAN_POINT ( 'NONE',  ( 505.4543790536341135, 360.0000000000001137, 6.863512599483277299 ) ) ;
#9784 = EDGE_CURVE ( 'NONE', #7987, #6349, #3093, .T. ) ;
#9785 = ADVANCED_FACE ( 'NONE', ( #8604 ), #5481, .T. ) ;
#9786 = VERTEX_POINT ( 'NONE', #3899 ) ;
#9787 = DIRECTION ( 'NONE',  ( -0.000000000000000000, 1.000000000000000000, 0.000000000000000000 ) ) ;
#9788 = CIRCLE ( 'NONE', #503, 3.199999999999999734 ) ;
#9789 = EDGE_LOOP ( 'NONE', ( #5105, #8369, #7399, #9108 ) ) ;
#9790 = CARTESIAN_POINT ( 'NONE',  ( 6.500000000000000000, 475.1999999999999886, 6.999999999999779732 ) ) ;
#9791 = VERTEX_POINT ( 'NONE', #3358 ) ;
#9792 = EDGE_CURVE ( 'NONE', #4628, #2495, #6871, .T. ) ;
#9793 = CARTESIAN_POINT ( 'NONE',  ( 10.00000000000000000, 500.0000000000000000, 4.000000000000000000 ) ) ;
#9794 = DIRECTION ( 'NONE',  ( 0.000000000000000000, -1.000000000000000000, 0.000000000000000000 ) ) ;
#9795 = AXIS2_PLACEMENT_3D ( 'NONE', #1374, #3006, #8792 ) ;
#9796 = DIRECTION ( 'NONE',  ( 0.000000000000000000, 0.000000000000000000, -1.000000000000000000 ) ) ;
#9797 = DIRECTION ( 'NONE',  ( 0.9977766534559868727, 0.06664645390545263781, 0.000000000000000000 ) ) ;
#9798 = ORIENTED_EDGE ( 'NONE', *, *, #8904, .F. ) ;
#9799 = VERTEX_POINT ( 'NONE', #9662 ) ;
#9800 = DIRECTION ( 'NONE',  ( 0.000000000000000000, -6.123233995736759873E-17, -1.000000000000000000 ) ) ;
#9801 = EDGE_LOOP ( 'NONE', ( #4974, #889 ) ) ;
#9802 = EDGE_LOOP ( 'NONE', ( #4604, #6445 ) ) ;
#9803 = AXIS2_PLACEMENT_3D ( 'NONE', #8461, #1211, #8263 ) ;
#9804 = CARTESIAN_POINT ( 'NONE',  ( 498.5641759430123443, 517.4133275873676894, 3.900000000000000355 ) ) ;
#9805 = CARTESIAN_POINT ( 'NONE',  ( 20.00000000000000000, 170.0000000000000000, 0.000000000000000000 ) ) ;
#9806 = DIRECTION ( 'NONE',  ( -0.000000000000000000, 1.000000000000000000, 0.000000000000000000 ) ) ;
#9807 = CARTESIAN_POINT ( 'NONE',  ( 8.250000000000000000, 350.0000000000000000, 10.00000000000000000 ) ) ;
#9808 = VECTOR ( 'NONE', #3732, 1000.000000000000000 ) ;
#9809 = LINE ( 'NONE', #4901, #1389 ) ;
#9810 = ORIENTED_EDGE ( 'NONE', *, *, #7119, .T. ) ;
#9811 = EDGE_LOOP ( 'NONE', ( #2179, #5249, #1855, #2645 ) ) ;
#9812 =( GEOMETRIC_REPRESENTATION_CONTEXT ( 3 ) GLOBAL_UNCERTAINTY_ASSIGNED_CONTEXT ( ( #1853 ) ) GLOBAL_UNIT_ASSIGNED_CONTEXT ( ( #9097, #4918, #2571 ) ) REPRESENTATION_CONTEXT ( 'NONE', 'WORKASPACE' ) );
#9813 = DIRECTION ( 'NONE',  ( 0.000000000000000000, 1.000000000000000000, 0.000000000000000000 ) ) ;
#9814 = LINE ( 'NONE', #1766, #3721 ) ;
#9815 = CARTESIAN_POINT ( 'NONE',  ( 18.39999999999999858, 360.0000000000000000, 0.000000000000000000 ) ) ;
#9816 = CARTESIAN_POINT ( 'NONE',  ( 378.5908075695795674, 12.97412125320279763, 3.900000000000000355 ) ) ;
#9817 = VECTOR ( 'NONE', #9647, 1000.000000000000000 ) ;
#9818 = DIRECTION ( 'NONE',  ( 1.000000000000000000, 0.000000000000000000, 0.000000000000000000 ) ) ;
#9819 = DIRECTION ( 'NONE',  ( 1.000000000000000000, 0.000000000000000000, 0.000000000000000000 ) ) ;
#9820 = DIRECTION ( 'NONE',  ( 1.000000000000000000, 0.000000000000000000, 0.000000000000000000 ) ) ;
#9821 = ORIENTED_EDGE ( 'NONE', *, *, #932, .T. ) ;
#9822 = EDGE_CURVE ( 'NONE', #2495, #8743, #4852, .T. ) ;
#9823 = CARTESIAN_POINT ( 'NONE',  ( 8.250000000000000000, 160.0000000000000000, 0.000000000000000000 ) ) ;
#9824 = ORIENTED_EDGE ( 'NONE', *, *, #1705, .T. ) ;
#9825 = VERTEX_POINT ( 'NONE', #5743 ) ;
#9826 = CARTESIAN_POINT ( 'NONE',  ( 0.000000000000000000, 475.1999999999999886, 12.99999999999979927 ) ) ;
#9827 = CARTESIAN_POINT ( 'NONE',  ( 7.000000000000000000, 70.00000000000000000, 10.00000000000000000 ) ) ;
#9828 = EDGE_CURVE ( 'NONE', #6951, #1883, #10449, .T. ) ;
#9829 = LINE ( 'NONE', #2625, #10408 ) ;
#9830 = PLANE ( 'NONE',  #6044 ) ;
#9831 = CYLINDRICAL_SURFACE ( 'NONE', #3120, 1.749999999999999778 ) ;
#9832 = EDGE_CURVE ( 'NONE', #4944, #2932, #8030, .T. ) ;
#9833 = EDGE_LOOP ( 'NONE', ( #6771, #7073, #1395, #4385, #8296, #7512, #1015 ) ) ;
#9834 = PLANE ( 'NONE',  #4875 ) ;
#9835 = ORIENTED_EDGE ( 'NONE', *, *, #6288, .F. ) ;
#9836 = DIRECTION ( 'NONE',  ( 2.786442101020000197E-16, -1.000000000000000000, 6.123233995736769734E-17 ) ) ;
#9837 = ORIENTED_EDGE ( 'NONE', *, *, #717, .F. ) ;
#9838 = EDGE_CURVE ( 'NONE', #6631, #3961, #4064, .T. ) ;
#9839 = CARTESIAN_POINT ( 'NONE',  ( 503.1189405172683564, 265.4215197728162252, 4.618317782934551197 ) ) ;
#9840 = FACE_OUTER_BOUND ( 'NONE', #6176, .T. ) ;
#9841 = VECTOR ( 'NONE', #7017, 1000.000000000000000 ) ;
#9842 = CARTESIAN_POINT ( 'NONE',  ( 76.01568542494919711, 360.0000000000000000, 73.75294372515230634 ) ) ;
#9843 = EDGE_CURVE ( 'NONE', #6059, #829, #882, .T. ) ;
#9844 = CARTESIAN_POINT ( 'NONE',  ( 503.2000000000001023, 350.0000000000000568, 4.898046116018448970 ) ) ;
#9845 = EDGE_LOOP ( 'NONE', ( #6008, #2592, #7418, #816 ) ) ;
#9846 = ORIENTED_EDGE ( 'NONE', *, *, #8347, .F. ) ;
#9847 = LINE ( 'NONE', #1170, #742 ) ;
#9848 = EDGE_LOOP ( 'NONE', ( #4556, #3075 ) ) ;
#9849 = EDGE_CURVE ( 'NONE', #5045, #6897, #2407, .T. ) ;
#9850 = ORIENTED_EDGE ( 'NONE', *, *, #908, .T. ) ;
#9851 = VECTOR ( 'NONE', #7552, 1000.000000000000000 ) ;
#9852 = EDGE_CURVE ( 'NONE', #3523, #9403, #4796, .T. ) ;
#9853 = DIRECTION ( 'NONE',  ( 0.000000000000000000, 0.000000000000000000, 1.000000000000000000 ) ) ;
#9854 = CARTESIAN_POINT ( 'NONE',  ( 215.0000000000000284, 510.0000000000000000, 10.49355789662076788 ) ) ;
#9855 = CARTESIAN_POINT ( 'NONE',  ( 500.0000000000000000, 350.0000000000000000, 10.00000000000000000 ) ) ;
#9856 = LINE ( 'NONE', #2602, #9364 ) ;
#9857 = CARTESIAN_POINT ( 'NONE',  ( 215.0000000000000284, 516.0700496313692156, 8.200464272033681112 ) ) ;
#9858 = ADVANCED_FACE ( 'NONE', ( #9766 ), #4115, .F. ) ;
#9859 = MECHANICAL_DESIGN_GEOMETRIC_PRESENTATION_REPRESENTATION (  '', ( #8499 ), #2247 ) ;
#9860 = CARTESIAN_POINT ( 'NONE',  ( 7.000000000000000000, 460.0000000000000000, 10.00000000000000000 ) ) ;
#9861 = EDGE_LOOP ( 'NONE', ( #9749, #1848, #5860 ) ) ;
#9862 = ORIENTED_EDGE ( 'NONE', *, *, #7627, .T. ) ;
#9863 = VERTEX_POINT ( 'NONE', #7244 ) ;
#9864 = LINE ( 'NONE', #2712, #7203 ) ;
#9865 = LINE ( 'NONE', #4369, #7686 ) ;
#9866 = PLANE ( 'NONE',  #1644 ) ;
#9867 = CARTESIAN_POINT ( 'NONE',  ( 0.000000000000000000, 0.000000000000000000, 0.000000000000000000 ) ) ;
#9868 = CARTESIAN_POINT ( 'NONE',  ( 434.5568019484659885, 363.0000000000000000, 72.89761363926228910 ) ) ;
#9869 =( BOUNDED_SURFACE ( )  B_SPLINE_SURFACE ( 3, 3, ( 
 ( #7330, #7382, #5942, #875 ),
 ( #6690, #5788, #3403, #4204 ),
 ( #9909, #7481, #8970, #9755 ),
 ( #2656, #9069, #9172, #1915 ) ),
 .UNSPECIFIED., .F., .F., .F. ) 
 B_SPLINE_SURFACE_WITH_KNOTS ( ( 4, 4 ),
 ( 4, 4 ),
 ( 0.000000000000000000, 1.000000000000000000 ),
 ( 0.000000000000000000, 1.000000000000000000 ),
 .UNSPECIFIED. ) 
 GEOMETRIC_REPRESENTATION_ITEM ( )  RATIONAL_B_SPLINE_SURFACE ( (
 ( 1.000000000000000000, 0.8047378541243649375, 0.8047378541243649375, 1.000000000000000000),
 ( 0.3333333333333333703, 0.2682459513747883495, 0.2682459513747883495, 0.3333333333333333703),
 ( 0.3333333333333333703, 0.2682459513747883495, 0.2682459513747883495, 0.3333333333333333703),
 ( 1.000000000000000000, 0.8047378541243649375, 0.8047378541243649375, 1.000000000000000000) ) ) 
 REPRESENTATION_ITEM ( '' )  SURFACE ( )  );
#9870 = DIRECTION ( 'NONE',  ( 0.000000000000000000, 1.000000000000000000, 0.000000000000000000 ) ) ;
#9871 = ORIENTED_EDGE ( 'NONE', *, *, #8755, .T. ) ;
#9872 = PLANE ( 'NONE',  #6647 ) ;
#9873 = VERTEX_POINT ( 'NONE', #38 ) ;
#9874 = ORIENTED_EDGE ( 'NONE', *, *, #5714, .F. ) ;
#9875 = VECTOR ( 'NONE', #6486, 1000.000000000000000 ) ;
#9876 = DIRECTION ( 'NONE',  ( -1.000000000000000000, 0.000000000000000000, 0.000000000000000000 ) ) ;
#9877 = CARTESIAN_POINT ( 'NONE',  ( 503.1656268378782215, 349.5178606697664350, 4.792284185554064990 ) ) ;
#9879 = AXIS2_PLACEMENT_3D ( 'NONE', #8861, #9600, #2347 ) ;
#9878 = PLANE ( 'NONE',  #2514 ) ;
#9880 = CARTESIAN_POINT ( 'NONE',  ( -9.860761315262649319E-31, 530.0000000000000000, 0.000000000000000000 ) ) ;
#9881 = CARTESIAN_POINT ( 'NONE',  ( 10.00000000000000000, 350.0000000000000000, 4.000000000000000000 ) ) ;
#9882 = DIRECTION ( 'NONE',  ( 0.000000000000000000, 0.000000000000000000, -1.000000000000000000 ) ) ;
#9883 = EDGE_LOOP ( 'NONE', ( #8052, #6913 ) ) ;
#9884 = AXIS2_PLACEMENT_3D ( 'NONE', #5158, #8386, #10013 ) ;
#9885 = CARTESIAN_POINT ( 'NONE',  ( 503.0343435439376094, 319.9999999999998295, 4.209247442354254076 ) ) ;
#9886 = VECTOR ( 'NONE', #7673, 1000.000000000000000 ) ;
#9887 = ORIENTED_EDGE ( 'NONE', *, *, #280, .F. ) ;
#9888 = CARTESIAN_POINT ( 'NONE',  ( 354.7201123649163605, 6.858451689712902868E-31, 0.000000000000000000 ) ) ;
#9889 = ORIENTED_EDGE ( 'NONE', *, *, #1173, .T. ) ;
#9890 = CARTESIAN_POINT ( 'NONE',  ( 380.0633608786869218, 7.157628602830340192, 3.900000000000000799 ) ) ;
#9891 = EDGE_CURVE ( 'NONE', #8599, #570, #6367, .T. ) ;
#9892 = CARTESIAN_POINT ( 'NONE',  ( 491.5999999999999659, 166.0000000000000000, -1.282784235921779962E-15 ) ) ;
#9893 = VECTOR ( 'NONE', #1413, 1000.000000000000000 ) ;
#9894 = CIRCLE ( 'NONE', #9549, 3.199999999999999734 ) ;
#9895 = DIRECTION ( 'NONE',  ( 0.000000000000000000, 0.000000000000000000, -1.000000000000000000 ) ) ;
#9896 = AXIS2_PLACEMENT_3D ( 'NONE', #1904, #7469, #4345 ) ;
#9897 = UNCERTAINTY_MEASURE_WITH_UNIT (LENGTH_MEASURE( 1.000000000000000082E-05 ), #1960, 'distance_accuracy_value', 'NONE');
#9898 = DIRECTION ( 'NONE',  ( -6.123233995736769734E-17, 0.000000000000000000, -1.000000000000000000 ) ) ;
#9899 = ADVANCED_FACE ( 'NONE', ( #2303 ), #5538, .F. ) ;
#9900 = VERTEX_POINT ( 'NONE', #3953 ) ;
#9901 = ORIENTED_EDGE ( 'NONE', *, *, #2666, .T. ) ;
#9902 = CIRCLE ( 'NONE', #10218, 7.129871913033740682 ) ;
#9903 = VERTEX_POINT ( 'NONE', #4907 ) ;
#9904 = ORIENTED_EDGE ( 'NONE', *, *, #5713, .T. ) ;
#9905 = EDGE_CURVE ( 'NONE', #10385, #9117, #9567, .T. ) ;
#9906 = CARTESIAN_POINT ( 'NONE',  ( -3.162885704895569878E-31, 170.0000000000000000, 0.000000000000000000 ) ) ;
#9907 = AXIS2_PLACEMENT_3D ( 'NONE', #204, #4432, #2830 ) ;
#9908 = ORIENTED_EDGE ( 'NONE', *, *, #3288, .F. ) ;
#9909 = CARTESIAN_POINT ( 'NONE',  ( 496.6788665236778115, 7.157628602830895304, 9.900000000000009237 ) ) ;
#9910 = DIRECTION ( 'NONE',  ( 1.000000000000000000, 0.000000000000000000, 0.000000000000000000 ) ) ;
#9911 = VECTOR ( 'NONE', #872, 1000.000000000000000 ) ;
#9912 = FACE_OUTER_BOUND ( 'NONE', #869, .T. ) ;
#9913 = EDGE_CURVE ( 'NONE', #3070, #9337, #8136, .T. ) ;
#9914 = VERTEX_POINT ( 'NONE', #7980 ) ;
#9915 = VECTOR ( 'NONE', #7178, 1000.000000000000000 ) ;
#9916 = AXIS2_PLACEMENT_3D ( 'NONE', #9608, #4010, #5694 ) ;
#9917 = ORIENTED_EDGE ( 'NONE', *, *, #2030, .T. ) ;
#9918 = ORIENTED_EDGE ( 'NONE', *, *, #1902, .T. ) ;
#9919 = DIRECTION ( 'NONE',  ( 1.000000000000000000, 0.000000000000000000, 0.000000000000000000 ) ) ;
#9920 = EDGE_CURVE ( 'NONE', #6051, #1870, #444, .T. ) ;
#9921 = DIRECTION ( 'NONE',  ( -0.9694154417287283998, -0.2454255515179596392, 0.000000000000000000 ) ) ;
#9922 = CARTESIAN_POINT ( 'NONE',  ( 10.00000000000000000, 160.0000000000000000, 20.00000000000000000 ) ) ;
#9923 = AXIS2_PLACEMENT_3D ( 'NONE', #7393, #1876, #1667 ) ;
#9924 = DIRECTION ( 'NONE',  ( 0.000000000000000000, 1.000000000000000000, 0.000000000000000000 ) ) ;
#9925 = FACE_OUTER_BOUND ( 'NONE', #9289, .T. ) ;
#9926 = LINE ( 'NONE', #3521, #3591 ) ;
#9927 = ORIENTED_EDGE ( 'NONE', *, *, #8060, .T. ) ;
#9928 = CYLINDRICAL_SURFACE ( 'NONE', #10177, 1.749999999999999778 ) ;
#9929 = VECTOR ( 'NONE', #5822, 1000.000000000000000 ) ;
#9930 = EDGE_LOOP ( 'NONE', ( #2288, #5002, #8878, #1872 ) ) ;
#9931 = ORIENTED_EDGE ( 'NONE', *, *, #980, .T. ) ;
#9932 = FACE_OUTER_BOUND ( 'NONE', #6283, .T. ) ;
#9933 = CARTESIAN_POINT ( 'NONE',  ( 10.00000000000000000, 370.0000000000000000, 4.000000000000000000 ) ) ;
#9934 = PLANE ( 'NONE',  #4720 ) ;
#9935 = PLANE ( 'NONE',  #2636 ) ;
#9936 = CARTESIAN_POINT ( 'NONE',  ( 160.0000000000000000, 10.00000000000000000, 20.00000000000000000 ) ) ;
#9937 = DIRECTION ( 'NONE',  ( 1.000000000000000000, 0.000000000000000000, 0.000000000000000000 ) ) ;
#9938 = ORIENTED_EDGE ( 'NONE', *, *, #1938, .T. ) ;
#9939 = DIRECTION ( 'NONE',  ( 0.000000000000000000, 0.000000000000000000, -1.000000000000000000 ) ) ;
#9940 = EDGE_LOOP ( 'NONE', ( #1379, #4639, #8901, #8191 ) ) ;
#9941 = FACE_OUTER_BOUND ( 'NONE', #7641, .T. ) ;
#9942 = ORIENTED_EDGE ( 'NONE', *, *, #166, .F. ) ;
#9943 = CARTESIAN_POINT ( 'NONE',  ( 491.8000000000000114, 170.0000000000000000, -1.527713595751250061E-15 ) ) ;
#9944 = DIRECTION ( 'NONE',  ( -0.7071067811865475727, 4.329780281177476290E-17, 0.7071067811865475727 ) ) ;
#9945 = CARTESIAN_POINT ( 'NONE',  ( 369.7115083231462336, 517.4133275873678031, 6.433224273564971550E-16 ) ) ;
#9946 = VECTOR ( 'NONE', #2334, 1000.000000000000000 ) ;
#9947 = CARTESIAN_POINT ( 'NONE',  ( 0.000000000000000000, 64.29999999999999716, 6.999999999996390443 ) ) ;
#9948 = ORIENTED_EDGE ( 'NONE', *, *, #3501, .T. ) ;
#9949 = VERTEX_POINT ( 'NONE', #2359 ) ;
#9950 = ORIENTED_EDGE ( 'NONE', *, *, #2129, .T. ) ;
#9951 = ORIENTED_EDGE ( 'NONE', *, *, #1567, .F. ) ;
#9952 = CARTESIAN_POINT ( 'NONE',  ( 180.0000000000000000, 10.00000000000000000, 4.000000000000000000 ) ) ;
#9953 = DIRECTION ( 'NONE',  ( 1.000000000000000000, 0.000000000000000000, 0.000000000000000000 ) ) ;
#9954 = EDGE_CURVE ( 'NONE', #8532, #10072, #1718, .T. ) ;
#9955 = ORIENTED_EDGE ( 'NONE', *, *, #1634, .F. ) ;
#9956 = CARTESIAN_POINT ( 'NONE',  ( 500.0000000000000000, 30.00000000000000000, 20.00000000000000000 ) ) ;
#9957 = CARTESIAN_POINT ( 'NONE',  ( 360.1080429176265056, 530.0000000000000000, 0.000000000000000000 ) ) ;
#9958 = CARTESIAN_POINT ( 'NONE',  ( 163.2000000000000171, 10.00000000000000000, 12.00000000000000000 ) ) ;
#9959 = ORIENTED_EDGE ( 'NONE', *, *, #1422, .F. ) ;
#9960 = ADVANCED_FACE ( 'NONE', ( #9607, #4957 ), #778, .F. ) ;
#9961 = VECTOR ( 'NONE', #10040, 1000.000000000000000 ) ;
#9962 = VERTEX_POINT ( 'NONE', #5010 ) ;
#9963 = ORIENTED_EDGE ( 'NONE', *, *, #4420, .T. ) ;
#9964 = DIRECTION ( 'NONE',  ( 6.123233995736799316E-17, 1.000000000000000000, 0.000000000000000000 ) ) ;
#9965 = CARTESIAN_POINT ( 'NONE',  ( 7.000000000000000000, 92.64999999999999147, 10.00000000000000000 ) ) ;
#9966 = EDGE_CURVE ( 'NONE', #9799, #9450, #3611, .T. ) ;
#9967 = CARTESIAN_POINT ( 'NONE',  ( 379.3270842241333867, 0.06587492801713584756, 3.900000000000000355 ) ) ;
#9968 = AXIS2_PLACEMENT_3D ( 'NONE', #1989, #5861, #9147 ) ;
#9969 = CYLINDRICAL_SURFACE ( 'NONE', #9226, 1.749999999999999778 ) ;
#9970 = DIRECTION ( 'NONE',  ( -1.000000000000000000, 0.000000000000000000, 0.000000000000000000 ) ) ;
#9971 = DIRECTION ( 'NONE',  ( 1.000000000000000000, 0.000000000000000000, 0.000000000000000000 ) ) ;
#9972 = EDGE_CURVE ( 'NONE', #10435, #8816, #1188, .T. ) ;
#9973 = VERTEX_POINT ( 'NONE', #5997 ) ;
#9974 = EDGE_CURVE ( 'NONE', #4523, #7533, #4265, .T. ) ;
#9975 = ORIENTED_EDGE ( 'NONE', *, *, #1800, .F. ) ;
#9976 = ORIENTED_EDGE ( 'NONE', *, *, #6753, .T. ) ;
#9977 = CARTESIAN_POINT ( 'NONE',  ( 215.0000000000000284, 531.0209190234523930, 17.47661183350407654 ) ) ;
#9978 = EDGE_CURVE ( 'NONE', #8793, #8532, #8237, .T. ) ;
#9979 = LINE ( 'NONE', #1933, #3073 ) ;
#9980 = CARTESIAN_POINT ( 'NONE',  ( 500.0000000000000000, 500.0000000000000000, 4.000000000000000000 ) ) ;
#9981 = DIRECTION ( 'NONE',  ( 0.000000000000000000, 5.921189464667500234E-15, 1.000000000000000000 ) ) ;
#9982 = ADVANCED_FACE ( 'NONE', ( #5061 ), #2759, .F. ) ;
#9983 = DIRECTION ( 'NONE',  ( 1.000000000000000000, 0.000000000000000000, 0.000000000000000000 ) ) ;
#9984 = DIRECTION ( 'NONE',  ( 0.000000000000000000, 0.000000000000000000, -1.000000000000000000 ) ) ;
#9985 = ORIENTED_EDGE ( 'NONE', *, *, #5072, .T. ) ;
#9986 = EDGE_CURVE ( 'NONE', #703, #4350, #6337, .T. ) ;
#9987 = AXIS2_PLACEMENT_3D ( 'NONE', #2985, #3849, #6226 ) ;
#9988 = DIRECTION ( 'NONE',  ( 0.000000000000000000, -1.000000000000000000, 4.809630431589130061E-16 ) ) ;
#9989 = ORIENTED_EDGE ( 'NONE', *, *, #1365, .F. ) ;
#9990 = CARTESIAN_POINT ( 'NONE',  ( 0.000000000000000000, 0.000000000000000000, 0.000000000000000000 ) ) ;
#9991 = EDGE_LOOP ( 'NONE', ( #1147, #1573, #4273 ) ) ;
#9992 =( BOUNDED_CURVE ( )  B_SPLINE_CURVE ( 3, ( #4101, #5733, #9596, #6318 ),
 .UNSPECIFIED., .F., .F. ) 
 B_SPLINE_CURVE_WITH_KNOTS ( ( 4, 4 ),
 ( 3.141592653589793116, 6.283185307179586232 ),
 .UNSPECIFIED. ) 
 CURVE ( )  GEOMETRIC_REPRESENTATION_ITEM ( )  RATIONAL_B_SPLINE_CURVE ( ( 1.000000000000000000, 0.3333333333333333703, 0.3333333333333333703, 1.000000000000000000 ) ) 
 REPRESENTATION_ITEM ( '' )  );
#9993 = DIRECTION ( 'NONE',  ( 0.000000000000000000, 0.000000000000000000, 1.000000000000000000 ) ) ;
#9994 = DIRECTION ( 'NONE',  ( 0.000000000000000000, -1.000000000000000000, 0.000000000000000000 ) ) ;
#9995 = CARTESIAN_POINT ( 'NONE',  ( 7.000000000000000000, 95.00000000000000000, 10.00000000000000000 ) ) ;
#9996 = DIRECTION ( 'NONE',  ( -1.000000000000000000, 0.000000000000000000, 0.000000000000000000 ) ) ;
#9997 = ORIENTED_EDGE ( 'NONE', *, *, #3021, .T. ) ;
#9998 = EDGE_LOOP ( 'NONE', ( #8520, #1105, #5412, #7685 ) ) ;
#9999 = CARTESIAN_POINT ( 'NONE',  ( 6.799999999999999822, 160.0000000000000000, 4.000000000000000000 ) ) ;
#10000 = ORIENTED_EDGE ( 'NONE', *, *, #6100, .F. ) ;
#10001 = ORIENTED_EDGE ( 'NONE', *, *, #7003, .T. ) ;
#10002 = PLANE ( 'NONE',  #1201 ) ;
#10003 = EDGE_LOOP ( 'NONE', ( #6418, #2026, #8663, #4081, #898, #8832, #760 ) ) ;
#10004 = VECTOR ( 'NONE', #9516, 1000.000000000000000 ) ;
#10005 = CARTESIAN_POINT ( 'NONE',  ( 0.000000000000000000, 454.3000000000070031, 7.000000000003919531 ) ) ;
#10006 = DIRECTION ( 'NONE',  ( 0.000000000000000000, 1.000000000000000000, 0.000000000000000000 ) ) ;
#10007 = PLANE ( 'NONE',  #2640 ) ;
#10008 = ORIENTED_EDGE ( 'NONE', *, *, #7849, .F. ) ;
#10009 = STYLED_ITEM ( 'NONE', ( #4727 ), #3376 ) ;
#10010 = VERTEX_POINT ( 'NONE', #7598 ) ;
#10011 = EDGE_CURVE ( 'NONE', #570, #7108, #4989, .T. ) ;
#10012 = ORIENTED_EDGE ( 'NONE', *, *, #3099, .T. ) ;
#10013 = DIRECTION ( 'NONE',  ( 1.000000000000000000, 0.000000000000000000, 0.000000000000000000 ) ) ;
#10014 = DIRECTION ( 'NONE',  ( -1.340646671245470025E-16, 1.000000000000000000, 0.000000000000000000 ) ) ;
#10015 = EDGE_CURVE ( 'NONE', #7108, #3380, #9865, .T. ) ;
#10016 = CLOSED_SHELL ( 'NONE', ( #2956, #9062, #6569, #8897, #780, #1895, #3251, #6980, #4108, #1552, #6626, #5784, #3944, #2161, #9440, #270, #8992, #9960, #9712, #3834, #9582, #4274, #3763, #6736, #3699, #3686, #4934, #9315, #4351, #740, #9636, #8956, #7503, #9047, #10034, #5128, #3495, #3776, #4948, #4163, #4863, #670, #6880, #2538, #3745, #3751 ) ) ;
#10017 = CARTESIAN_POINT ( 'NONE',  ( 0.000000000000000000, 429.3000000000000114, 12.99999999999979927 ) ) ;
#10018 = PRESENTATION_LAYER_ASSIGNMENT (  '', '', ( #10009 ) ) ;
#10019 = CARTESIAN_POINT ( 'NONE',  ( 498.2500000000000000, 30.00000000000000000, 0.000000000000000000 ) ) ;
#10020 = DIRECTION ( 'NONE',  ( 0.000000000000000000, -0.9271838545667859810, -0.3746065934159159005 ) ) ;
#10021 = PLANE ( 'NONE',  #2236 ) ;
#10022 = ORIENTED_EDGE ( 'NONE', *, *, #10405, .F. ) ;
#10023 = CARTESIAN_POINT ( 'NONE',  ( 255.0000000000000000, 531.5828289135762361, 16.08583605165395269 ) ) ;
#10024 = ORIENTED_EDGE ( 'NONE', *, *, #4740, .F. ) ;
#10025 = EDGE_CURVE ( 'NONE', #4741, #1741, #190, .T. ) ;
#10026 = VERTEX_POINT ( 'NONE', #9815 ) ;
#10027 = CARTESIAN_POINT ( 'NONE',  ( 289.1999999999999886, 510.0000000000000568, 10.49355789662100058 ) ) ;
#10028 = FACE_OUTER_BOUND ( 'NONE', #6761, .T. ) ;
#10029 = DIRECTION ( 'NONE',  ( 1.000000000000000000, 0.000000000000000000, 0.000000000000000000 ) ) ;
#10030 = EDGE_CURVE ( 'NONE', #5558, #2190, #6800, .T. ) ;
#10031 = DIRECTION ( 'NONE',  ( 1.000000000000000000, 0.000000000000000000, 0.000000000000000000 ) ) ;
#10032 = LINE ( 'NONE', #9040, #5000 ) ;
#10033 = ORIENTED_EDGE ( 'NONE', *, *, #5758, .F. ) ;
#10034 = ADVANCED_FACE ( 'NONE', ( #4415 ), #5851, .F. ) ;
#10035 = CARTESIAN_POINT ( 'NONE',  ( 508.8508361943101477, 359.9999999999999432, 3.900000000000000799 ) ) ;
#10036 = EDGE_CURVE ( 'NONE', #7108, #4641, #1823, .T. ) ;
#10037 = ADVANCED_FACE ( 'NONE', ( #8289 ), #2665, .F. ) ;
#10038 = EDGE_LOOP ( 'NONE', ( #9007, #6696 ) ) ;
#10039 = VECTOR ( 'NONE', #7007, 1000.000000000000000 ) ;
#10040 = DIRECTION ( 'NONE',  ( -2.010970006868209845E-16, 1.000000000000000000, 0.000000000000000000 ) ) ;
#10041 = ORIENTED_EDGE ( 'NONE', *, *, #3106, .F. ) ;
#10042 = CARTESIAN_POINT ( 'NONE',  ( 500.0000000000000000, 180.0000000000000000, 4.000000000000000000 ) ) ;
#10043 = DIRECTION ( 'NONE',  ( 6.123233995736750012E-17, 1.000000000000000000, 0.000000000000000000 ) ) ;
#10044 = EDGE_CURVE ( 'NONE', #3094, #440, #3564, .T. ) ;
#10045 = CARTESIAN_POINT ( 'NONE',  ( 170.0000000000000000, 530.0000000000000000, 20.00000000000000000 ) ) ;
#10046 = DIRECTION ( 'NONE',  ( 0.000000000000000000, -1.000000000000000000, 0.000000000000000000 ) ) ;
#10047 = VECTOR ( 'NONE', #9263, 1000.000000000000000 ) ;
#10048 = DIRECTION ( 'NONE',  ( 9.141548937118559889E-49, -1.000000000000000000, 0.000000000000000000 ) ) ;
#10049 = CARTESIAN_POINT ( 'NONE',  ( 505.2731217563838300, 170.0000000000002842, 6.825466065892066503 ) ) ;
#10050 = DIRECTION ( 'NONE',  ( 1.239318725162969861E-16, -1.000000000000000000, 2.566822014138359858E-17 ) ) ;
#10051 = VERTEX_POINT ( 'NONE', #6750 ) ;
#10052 = CIRCLE ( 'NONE', #1777, 1.749999999999973799 ) ;
#10053 = EDGE_LOOP ( 'NONE', ( #9122, #8328, #10266, #10114 ) ) ;
#10054 = CIRCLE ( 'NONE', #3635, 3.199999999999980638 ) ;
#10055 = VECTOR ( 'NONE', #8403, 1000.000000000000000 ) ;
#10056 = DIRECTION ( 'NONE',  ( 0.000000000000000000, -7.588638549471020099E-33, -1.000000000000000000 ) ) ;
#10057 = VERTEX_POINT ( 'NONE', #2560 ) ;
#10058 = CYLINDRICAL_SURFACE ( 'NONE', #8522, 1.750000000000029310 ) ;
#10059 = CARTESIAN_POINT ( 'NONE',  ( 170.0000000000000000, 18.39999999999999858, 16.13725830020299767 ) ) ;
#10060 = DIRECTION ( 'NONE',  ( 0.000000000000000000, 0.000000000000000000, 1.000000000000000000 ) ) ;
#10061 = EDGE_LOOP ( 'NONE', ( #237, #7239, #1884, #9846 ) ) ;
#10062 = ORIENTED_EDGE ( 'NONE', *, *, #2765, .F. ) ;
#10063 = EDGE_LOOP ( 'NONE', ( #5677, #10367 ) ) ;
#10064 = VECTOR ( 'NONE', #1049, 1000.000000000000000 ) ;
#10065 = CARTESIAN_POINT ( 'NONE',  ( 503.0721649371211583, 167.0000000000000000, 4.382250650604314401 ) ) ;
#10066 = DIRECTION ( 'NONE',  ( 0.000000000000000000, -0.000000000000000000, 1.000000000000000000 ) ) ;
#10067 = CARTESIAN_POINT ( 'NONE',  ( 501.7500000000000568, 370.0000000000000000, 4.000000000000000000 ) ) ;
#10068 = DIRECTION ( 'NONE',  ( 1.000000000000000000, 0.000000000000000000, 0.000000000000000000 ) ) ;
#10069 = VECTOR ( 'NONE', #4789, 1000.000000000000000 ) ;
#10070 = VECTOR ( 'NONE', #205, 1000.000000000000000 ) ;
#10071 = CARTESIAN_POINT ( 'NONE',  ( 215.0000000000000284, 514.4217806203392911, 12.28007323212750279 ) ) ;
#10072 = VERTEX_POINT ( 'NONE', #5798 ) ;
#10073 = DIRECTION ( 'NONE',  ( 1.000000000000000000, 0.000000000000000000, 0.000000000000000000 ) ) ;
#10074 = VERTEX_POINT ( 'NONE', #9965 ) ;
#10075 = VERTEX_POINT ( 'NONE', #5952 ) ;
#10076 = EDGE_CURVE ( 'NONE', #6024, #955, #8388, .T. ) ;
#10077 = AXIS2_PLACEMENT_3D ( 'NONE', #5309, #2865, #6148 ) ;
#10078 = LINE ( 'NONE', #2827, #7616 ) ;
#10079 = DIRECTION ( 'NONE',  ( 6.123233995736769734E-17, 7.588638549471020099E-33, 1.000000000000000000 ) ) ;
#10080 = AXIS2_PLACEMENT_3D ( 'NONE', #2126, #8389, #4371 ) ;
#10081 = DIRECTION ( 'NONE',  ( 1.000000000000000000, 0.000000000000000000, 0.000000000000000000 ) ) ;
#10082 = DIRECTION ( 'NONE',  ( 1.860521002879739963E-33, -1.000000000000000000, 0.000000000000000000 ) ) ;
#10083 = CARTESIAN_POINT ( 'NONE',  ( 340.0000000000000000, 510.0000000000000000, 20.00000000000000000 ) ) ;
#10084 = EDGE_CURVE ( 'NONE', #5635, #2756, #1803, .T. ) ;
#10085 = CARTESIAN_POINT ( 'NONE',  ( 7.000000000000000000, 435.0000000000000000, 10.00000000000189893 ) ) ;
#10086 = CIRCLE ( 'NONE', #8083, 1.750000000000029310 ) ;
#10087 = ORIENTED_EDGE ( 'NONE', *, *, #2331, .F. ) ;
#10088 = DIRECTION ( 'NONE',  ( 0.000000000000000000, -1.000000000000000000, 0.000000000000000000 ) ) ;
#10089 = EDGE_CURVE ( 'NONE', #5830, #8217, #8234, .T. ) ;
#10090 = VERTEX_POINT ( 'NONE', #10116 ) ;
#10091 = LINE ( 'NONE', #2633, #9135 ) ;
#10092 = CARTESIAN_POINT ( 'NONE',  ( 510.0000000000000000, 530.0000000000000000, 20.00000000000000000 ) ) ;
#10093 = VECTOR ( 'NONE', #9353, 1000.000000000000000 ) ;
#10094 = LINE ( 'NONE', #2003, #844 ) ;
#10095 = DIRECTION ( 'NONE',  ( 0.000000000000000000, -0.3746065934159142907, 0.9271838545667865361 ) ) ;
#10096 = CARTESIAN_POINT ( 'NONE',  ( 350.0000000000000000, 10.00000000000000000, 20.00000000000000000 ) ) ;
#10097 = AXIS2_PLACEMENT_3D ( 'NONE', #2481, #6466, #9681 ) ;
#10098 = ADVANCED_FACE ( 'NONE', ( #5366 ), #6906, .F. ) ;
#10099 = EDGE_CURVE ( 'NONE', #2630, #936, #4677, .T. ) ;
#10100 = DIRECTION ( 'NONE',  ( 1.000000000000000000, 0.000000000000000000, 0.000000000000000000 ) ) ;
#10101 = CARTESIAN_POINT ( 'NONE',  ( 10.00000000000000000, 160.0000000000000000, 12.00000000000000000 ) ) ;
#10102 = DIRECTION ( 'NONE',  ( 0.000000000000000000, 0.000000000000000000, -1.000000000000000000 ) ) ;
#10103 = CARTESIAN_POINT ( 'NONE',  ( 3.500000000000000000, 67.65000000000000568, 10.00000000000000000 ) ) ;
#10104 = EDGE_CURVE ( 'NONE', #8312, #9167, #499, .T. ) ;
#10105 = VERTEX_POINT ( 'NONE', #6208 ) ;
#10106 = EDGE_LOOP ( 'NONE', ( #1739, #4251, #790, #4848 ) ) ;
#10107 = CARTESIAN_POINT ( 'NONE',  ( 0.000000000000000000, 530.0000000000000000, 20.00000000000000000 ) ) ;
#10108 = EDGE_LOOP ( 'NONE', ( #8001, #69, #7159, #651 ) ) ;
#10109 = PLANE ( 'NONE',  #4980 ) ;
#10110 = CARTESIAN_POINT ( 'NONE',  ( 6.500000000000000000, 110.2000000000000028, 13.00000000000000000 ) ) ;
#10111 = CARTESIAN_POINT ( 'NONE',  ( 8.250000000000000000, 370.0000000000000000, 10.00000000000000000 ) ) ;
#10112 = ORIENTED_EDGE ( 'NONE', *, *, #9311, .T. ) ;
#10113 = ORIENTED_EDGE ( 'NONE', *, *, #4942, .T. ) ;
#10114 = ORIENTED_EDGE ( 'NONE', *, *, #8163, .F. ) ;
#10115 = AXIS2_PLACEMENT_3D ( 'NONE', #9583, #3123, #6365 ) ;
#10116 = CARTESIAN_POINT ( 'NONE',  ( 340.0000000000000000, 530.0000000000000000, 0.000000000000000000 ) ) ;
#10117 = CARTESIAN_POINT ( 'NONE',  ( 503.0000000000000000, 235.8000000000000114, 7.000000000000000000 ) ) ;
#10118 = CARTESIAN_POINT ( 'NONE',  ( 170.0000000000000000, 0.000000000000000000, 5.000000000000000000 ) ) ;
#10119 = LINE ( 'NONE', #448, #6725 ) ;
#10120 = CIRCLE ( 'NONE', #1511, 2.350000000000018741 ) ;
#10121 = DIRECTION ( 'NONE',  ( 1.000000000000000000, 0.000000000000000000, 0.000000000000000000 ) ) ;
#10122 = ORIENTED_EDGE ( 'NONE', *, *, #3111, .F. ) ;
#10123 = ORIENTED_EDGE ( 'NONE', *, *, #206, .F. ) ;
#10124 = ORIENTED_EDGE ( 'NONE', *, *, #9275, .T. ) ;
#10125 = CARTESIAN_POINT ( 'NONE',  ( 10.00000000000000000, 500.0000000000000000, 20.00000000000000000 ) ) ;
#10126 = DIRECTION ( 'NONE',  ( 1.000000000000000000, 0.000000000000000000, 0.000000000000000000 ) ) ;
#10127 = VECTOR ( 'NONE', #4380, 1000.000000000000114 ) ;
#10128 = CYLINDRICAL_SURFACE ( 'NONE', #9646, 1.499999999999959810 ) ;
#10129 = DIRECTION ( 'NONE',  ( 0.000000000000000000, 6.123233995736769734E-17, 1.000000000000000000 ) ) ;
#10130 = AXIS2_PLACEMENT_3D ( 'NONE', #987, #4216, #1925 ) ;
#10131 = LINE ( 'NONE', #2197, #3329 ) ;
#10132 = CARTESIAN_POINT ( 'NONE',  ( 490.0000000000000000, 20.00000000000000000, 0.000000000000000000 ) ) ;
#10133 = CARTESIAN_POINT ( 'NONE',  ( 500.0000000000000000, 30.00000000000000000, 10.00000000000000000 ) ) ;
#10134 = ADVANCED_FACE ( 'NONE', ( #8697 ), #1334, .T. ) ;
#10135 = ORIENTED_EDGE ( 'NONE', *, *, #10015, .T. ) ;
#10136 = CARTESIAN_POINT ( 'NONE',  ( 504.9037686471085067, 359.9999999999999432, 6.708091246742300839 ) ) ;
#10137 = ORIENTED_EDGE ( 'NONE', *, *, #5705, .F. ) ;
#10138 = EDGE_CURVE ( 'NONE', #7634, #5184, #3670, .T. ) ;
#10139 = CARTESIAN_POINT ( 'NONE',  ( 7.000000000000000000, 462.3500000000000227, 10.00000000000000000 ) ) ;
#10140 = ORIENTED_EDGE ( 'NONE', *, *, #2974, .T. ) ;
#10141 = AXIS2_PLACEMENT_3D ( 'NONE', #2623, #3422, #1046 ) ;
#10142 = LINE ( 'NONE', #9258, #7763 ) ;
#10143 = DIRECTION ( 'NONE',  ( 1.000000000000000000, 9.141548937118550773E-49, 1.492928237510310014E-32 ) ) ;
#10144 = DIRECTION ( 'NONE',  ( 0.05694668521242376297, -0.9983772208155177186, 0.000000000000000000 ) ) ;
#10145 = EDGE_CURVE ( 'NONE', #8982, #7414, #6029, .T. ) ;
#10146 = LINE ( 'NONE', #7887, #95 ) ;
#10147 = AXIS2_PLACEMENT_3D ( 'NONE', #8932, #4119, #7344 ) ;
#10148 = FACE_OUTER_BOUND ( 'NONE', #10268, .T. ) ;
#10149 = CARTESIAN_POINT ( 'NONE',  ( 503.1008070742737459, 170.0000000000003126, 4.563659690496154830 ) ) ;
#10150 = EDGE_CURVE ( 'NONE', #2311, #5477, #2237, .T. ) ;
#10151 = ORIENTED_EDGE ( 'NONE', *, *, #1953, .F. ) ;
#10152 = LINE ( 'NONE', #8630, #1851 ) ;
#10153 = ORIENTED_EDGE ( 'NONE', *, *, #6406, .T. ) ;
#10154 = PLANE ( 'NONE',  #7062 ) ;
#10155 = EDGE_CURVE ( 'NONE', #856, #4409, #3775, .T. ) ;
#10156 = VERTEX_POINT ( 'NONE', #3020 ) ;
#10157 = DIRECTION ( 'NONE',  ( -0.7071067811865475727, 4.329780281177476290E-17, 0.7071067811865475727 ) ) ;
#10158 = CARTESIAN_POINT ( 'NONE',  ( 0.000000000000000000, 460.0000000000000000, 10.00000000000000000 ) ) ;
#10159 = CARTESIAN_POINT ( 'NONE',  ( 503.0359596853934931, 31.01140930817595986, 4.000000000000002665 ) ) ;
#10160 = EDGE_LOOP ( 'NONE', ( #7301, #7171, #699, #6995 ) ) ;
#10161 = EDGE_LOOP ( 'NONE', ( #3958, #5573 ) ) ;
#10162 = EDGE_CURVE ( 'NONE', #2619, #5042, #6712, .T. ) ;
#10163 = EDGE_CURVE ( 'NONE', #8312, #8080, #5625, .T. ) ;
#10164 = ORIENTED_EDGE ( 'NONE', *, *, #5, .F. ) ;
#10165 = VECTOR ( 'NONE', #6056, 1000.000000000000000 ) ;
#10166 = CARTESIAN_POINT ( 'NONE',  ( 2.545584412271550079, 167.0000000000000000, 8.764294733711668269E-16 ) ) ;
#10167 = EDGE_CURVE ( 'NONE', #7769, #8599, #9079, .T. ) ;
#10168 = CYLINDRICAL_SURFACE ( 'NONE', #8742, 3.200000000000008171 ) ;
#10169 = CARTESIAN_POINT ( 'NONE',  ( 170.0000000000000000, 511.6000000000000796, -1.527713595751250061E-15 ) ) ;
#10170 = FACE_BOUND ( 'NONE', #6188, .T. ) ;
#10171 = DIRECTION ( 'NONE',  ( 0.000000000000000000, 1.000000000000000000, 0.000000000000000000 ) ) ;
#10172 = VERTEX_POINT ( 'NONE', #8534 ) ;
#10173 = VERTEX_POINT ( 'NONE', #6955 ) ;
#10174 = ORIENTED_EDGE ( 'NONE', *, *, #7991, .T. ) ;
#10175 = FACE_BOUND ( 'NONE', #4367, .T. ) ;
#10176 = CARTESIAN_POINT ( 'NONE',  ( 13.19999999999999929, 180.0000000000000000, 20.00000000000000000 ) ) ;
#10177 = AXIS2_PLACEMENT_3D ( 'NONE', #5018, #1882, #1088 ) ;
#10178 = CARTESIAN_POINT ( 'NONE',  ( 255.0000000000000000, 170.0000000000000000, 0.000000000000000000 ) ) ;
#10179 = LINE ( 'NONE', #461, #2466 ) ;
#10180 = CARTESIAN_POINT ( 'NONE',  ( 160.0000000000000000, 520.0000000000000000, 4.000000000000000000 ) ) ;
#10181 = LINE ( 'NONE', #9295, #10219 ) ;
#10182 = DIRECTION ( 'NONE',  ( 0.000000000000000000, 0.000000000000000000, -1.000000000000000000 ) ) ;
#10183 = EDGE_LOOP ( 'NONE', ( #7912, #4427, #7252, #1621 ) ) ;
#10184 = CARTESIAN_POINT ( 'NONE',  ( 507.1582674732807163, 360.0000000000002274, 6.631482075855976710 ) ) ;
#10185 = VERTEX_POINT ( 'NONE', #1282 ) ;
#10186 = ORIENTED_EDGE ( 'NONE', *, *, #6751, .F. ) ;
#10187 = VERTEX_POINT ( 'NONE', #10272 ) ;
#10188 = DIRECTION ( 'NONE',  ( 0.000000000000000000, 1.000000000000000000, 0.000000000000000000 ) ) ;
#10189 = VERTEX_POINT ( 'NONE', #4517 ) ;
#10190 = CARTESIAN_POINT ( 'NONE',  ( 510.0000000000000000, 235.8000000000000114, 7.000000000000000000 ) ) ;
#10191 = CARTESIAN_POINT ( 'NONE',  ( 0.000000000000000000, 110.2000000000000028, 13.00000000000000000 ) ) ;
#10192 = CARTESIAN_POINT ( 'NONE',  ( 503.0343435439377231, 19.32959827346325454, 6.433224273564971550E-16 ) ) ;
#10193 = DIRECTION ( 'NONE',  ( 1.000000000000000000, 0.000000000000000000, 0.000000000000000000 ) ) ;
#10194 = FACE_OUTER_BOUND ( 'NONE', #2278, .T. ) ;
#10195 = CARTESIAN_POINT ( 'NONE',  ( 501.7500000000000568, 500.0000000000000000, 10.00000000000000000 ) ) ;
#10196 = VERTEX_POINT ( 'NONE', #10166 ) ;
#10197 = ADVANCED_FACE ( 'NONE', ( #2914 ), #8645, .F. ) ;
#10198 = VECTOR ( 'NONE', #876, 1000.000000000000000 ) ;
#10199 = CARTESIAN_POINT ( 'NONE',  ( 503.0000000000000000, 235.8000000000000114, 7.000000000000000000 ) ) ;
#10200 = EDGE_LOOP ( 'NONE', ( #1968, #491, #5221, #5212, #879 ) ) ;
#10201 = FACE_OUTER_BOUND ( 'NONE', #4984, .T. ) ;
#10202 = DIRECTION ( 'NONE',  ( 0.000000000000000000, 0.000000000000000000, -1.000000000000000000 ) ) ;
#10203 = PRESENTATION_LAYER_ASSIGNMENT (  '', '', ( #9538 ) ) ;
#10204 = ORIENTED_EDGE ( 'NONE', *, *, #89, .T. ) ;
#10205 = EDGE_CURVE ( 'NONE', #6307, #1556, #2968, .T. ) ;
#10206 = FACE_OUTER_BOUND ( 'NONE', #6643, .T. ) ;
#10207 = CARTESIAN_POINT ( 'NONE',  ( 212.5000000000000000, 527.7372583002030524, 0.000000000000000000 ) ) ;
#10208 = DIRECTION ( 'NONE',  ( 0.000000000000000000, 0.000000000000000000, -1.000000000000000000 ) ) ;
#10209 = AXIS2_PLACEMENT_3D ( 'NONE', #4346, #7422, #9797 ) ;
#10210 = ORIENTED_EDGE ( 'NONE', *, *, #4107, .T. ) ;
#10211 = VECTOR ( 'NONE', #7437, 1000.000000000000000 ) ;
#10212 = EDGE_LOOP ( 'NONE', ( #2067, #6653 ) ) ;
#10213 = VECTOR ( 'NONE', #3649, 1000.000000000000000 ) ;
#10215 = ADVANCED_FACE ( 'NONE', ( #7855 ), #3831, .F. ) ;
#10214 = VERTEX_POINT ( 'NONE', #602 ) ;
#10216 = DIRECTION ( 'NONE',  ( 0.000000000000000000, 0.000000000000000000, -1.000000000000000000 ) ) ;
#10217 = PLANE ( 'NONE',  #10080 ) ;
#10218 = AXIS2_PLACEMENT_3D ( 'NONE', #10246, #6126, #4762 ) ;
#10219 = VECTOR ( 'NONE', #9448, 1000.000000000000000 ) ;
#10220 = EDGE_CURVE ( 'NONE', #1388, #6722, #5472, .T. ) ;
#10221 = EDGE_CURVE ( 'NONE', #6961, #1434, #8125, .T. ) ;
#10222 = CARTESIAN_POINT ( 'NONE',  ( 331.7500000000000000, 10.00000000000000000, 0.000000000000000000 ) ) ;
#10223 = CARTESIAN_POINT ( 'NONE',  ( 10.00000000000000000, 180.0000000000000000, 10.00000000000000000 ) ) ;
#10224 = DIRECTION ( 'NONE',  ( 0.000000000000000000, 0.000000000000000000, 1.000000000000000000 ) ) ;
#10225 = ORIENTED_EDGE ( 'NONE', *, *, #2979, .F. ) ;
#10226 = CIRCLE ( 'NONE', #7208, 1.750000000000001554 ) ;
#10227 = ORIENTED_EDGE ( 'NONE', *, *, #3629, .T. ) ;
#10228 = ORIENTED_EDGE ( 'NONE', *, *, #2520, .T. ) ;
#10229 = VECTOR ( 'NONE', #1203, 1000.000000000000000 ) ;
#10230 = EDGE_CURVE ( 'NONE', #333, #1715, #8019, .T. ) ;
#10231 = CARTESIAN_POINT ( 'NONE',  ( 503.0861466292987529, 512.2068833318884344, 3.900000000000000355 ) ) ;
#10232 = DIRECTION ( 'NONE',  ( 0.000000000000000000, 0.000000000000000000, -1.000000000000000000 ) ) ;
#10233 = CARTESIAN_POINT ( 'NONE',  ( 503.0359596853934931, 498.9885906918237879, 4.000000000000000000 ) ) ;
#10234 = CARTESIAN_POINT ( 'NONE',  ( 10.00000000000000000, 500.0000000000000000, 10.00000000000000000 ) ) ;
#10235 = CARTESIAN_POINT ( 'NONE',  ( 160.0000000000000000, 520.0000000000000000, 4.000000000000000000 ) ) ;
#10236 = CYLINDRICAL_SURFACE ( 'NONE', #3566, 1.750000000000029310 ) ;
#10237 = AXIS2_PLACEMENT_3D ( 'NONE', #5628, #4946, #823 ) ;
#10238 = ORIENTED_EDGE ( 'NONE', *, *, #1168, .F. ) ;
#10239 = DIRECTION ( 'NONE',  ( 1.000000000000000000, 0.000000000000000000, 0.000000000000000000 ) ) ;
#10240 = ORIENTED_EDGE ( 'NONE', *, *, #3053, .F. ) ;
#10241 = ORIENTED_EDGE ( 'NONE', *, *, #6548, .F. ) ;
#10242 = VERTEX_POINT ( 'NONE', #4053 ) ;
#10243 = CARTESIAN_POINT ( 'NONE',  ( 330.0000000000000000, 10.00000000000000000, 4.000000000000000000 ) ) ;
#10244 = LINE ( 'NONE', #4760, #7128 ) ;
#10245 = DIRECTION ( 'NONE',  ( 0.000000000000000000, -1.000000000000000000, 0.000000000000000000 ) ) ;
#10246 = CARTESIAN_POINT ( 'NONE',  ( 379.3270842241333867, 0.06587492801713584756, 3.900000000000000799 ) ) ;
#10247 = DIRECTION ( 'NONE',  ( 1.000000000000000000, 0.000000000000000000, 0.000000000000000000 ) ) ;
#10248 = DIRECTION ( 'NONE',  ( -1.492928237510310014E-32, 6.123233995736769734E-17, 1.000000000000000000 ) ) ;
#10249 = CARTESIAN_POINT ( 'NONE',  ( 170.0000000000000000, 0.000000000000000000, 5.000000000000000000 ) ) ;
#10250 = CARTESIAN_POINT ( 'NONE',  ( 503.3421688180355318, 170.0000000000000853, 5.255899929317368269 ) ) ;
#10251 = DIRECTION ( 'NONE',  ( 0.000000000000000000, 0.000000000000000000, -1.000000000000000000 ) ) ;
#10252 = VECTOR ( 'NONE', #8971, 1000.000000000000000 ) ;
#10253 = ORIENTED_EDGE ( 'NONE', *, *, #64, .T. ) ;
#10254 = AXIS2_PLACEMENT_3D ( 'NONE', #5979, #167, #4190 ) ;
#10255 = CARTESIAN_POINT ( 'NONE',  ( 340.0000000000000000, 530.0000000000000000, 0.000000000000000000 ) ) ;
#10256 = ORIENTED_EDGE ( 'NONE', *, *, #9718, .F. ) ;
#10257 = DIRECTION ( 'NONE',  ( 0.000000000000000000, 1.480297366166879989E-15, -1.000000000000000000 ) ) ;
#10258 = FACE_OUTER_BOUND ( 'NONE', #6642, .T. ) ;
#10259 =( BOUNDED_SURFACE ( )  B_SPLINE_SURFACE ( 3, 1, ( 
 ( #9804, #7282 ),
 ( #5680, #2549 ),
 ( #2498, #3995 ),
 ( #7232, #5785 ) ),
 .UNSPECIFIED., .F., .F., .F. ) 
 B_SPLINE_SURFACE_WITH_KNOTS ( ( 4, 4 ),
 ( 2, 2 ),
 ( 0.000000000000000000, 1.000000000000000000 ),
 ( 0.000000000000000000, 1.000000000000000000 ),
 .UNSPECIFIED. ) 
 GEOMETRIC_REPRESENTATION_ITEM ( )  RATIONAL_B_SPLINE_SURFACE ( (
 ( 1.000000000000000000, 1.000000000000000000),
 ( 0.3333333333333333703, 0.3333333333333333703),
 ( 0.3333333333333333703, 0.3333333333333333703),
 ( 1.000000000000000000, 1.000000000000000000) ) ) 
 REPRESENTATION_ITEM ( '' )  SURFACE ( )  );
#10260 = ORIENTED_EDGE ( 'NONE', *, *, #1039, .T. ) ;
#10261 = DIRECTION ( 'NONE',  ( 0.000000000000000000, 0.000000000000000000, -1.000000000000000000 ) ) ;
#10262 = CARTESIAN_POINT ( 'NONE',  ( 503.1189405172681290, 166.0000000000000000, 4.618317782934355797 ) ) ;
#10263 = EDGE_CURVE ( 'NONE', #4469, #817, #9992, .T. ) ;
#10264 = PLANE ( 'NONE',  #7201 ) ;
#10265 = EDGE_LOOP ( 'NONE', ( #9837, #223, #2413, #9616 ) ) ;
#10266 = ORIENTED_EDGE ( 'NONE', *, *, #5449, .T. ) ;
#10267 = CARTESIAN_POINT ( 'NONE',  ( 505.0000000000000000, 340.0000000000000000, 20.00000000000000000 ) ) ;
#10268 = EDGE_LOOP ( 'NONE', ( #2505, #1945, #10238, #992 ) ) ;
#10269 = VERTEX_POINT ( 'NONE', #9539 ) ;
#10270 = CIRCLE ( 'NONE', #6578, 3.200000000000008171 ) ;
#10271 = ADVANCED_FACE ( 'NONE', ( #71 ), #25, .F. ) ;
#10272 = CARTESIAN_POINT ( 'NONE',  ( 13.19999999999999929, 350.0000000000000000, 4.000000000000000000 ) ) ;
#10273 = CARTESIAN_POINT ( 'NONE',  ( 255.0000000000000000, 170.0000000000000000, 10.00000000000000000 ) ) ;
#10274 = SURFACE_STYLE_FILL_AREA ( #9379 ) ;
#10275 = CARTESIAN_POINT ( 'NONE',  ( 503.0000000000000000, 294.2000000000000455, 7.000000000000000000 ) ) ;
#10276 = EDGE_CURVE ( 'NONE', #8307, #5383, #8757, .T. ) ;
#10277 = CARTESIAN_POINT ( 'NONE',  ( 503.1463079493093460, 500.5913641501774691, 4.728648795302722085 ) ) ;
#10278 = ORIENTED_EDGE ( 'NONE', *, *, #4037, .T. ) ;
#10279 = VERTEX_POINT ( 'NONE', #3137 ) ;
#10280 = ORIENTED_EDGE ( 'NONE', *, *, #1875, .T. ) ;
#10281 = EDGE_CURVE ( 'NONE', #5149, #9614, #1284, .T. ) ;
#10282 = PRODUCT_DEFINITION ( 'UNKNOWN', '', #4181, #273 ) ;
#10283 = DIRECTION ( 'NONE',  ( -0.000000000000000000, -1.000000000000000000, -0.000000000000000000 ) ) ;
#10284 = CARTESIAN_POINT ( 'NONE',  ( 170.0000000000000000, 511.8000000000000114, -1.527713595751250061E-15 ) ) ;
#10285 = CARTESIAN_POINT ( 'NONE',  ( 10.00000000000000000, 500.0000000000000000, 20.00000000000000000 ) ) ;
#10286 = DIRECTION ( 'NONE',  ( 0.000000000000000000, 1.000000000000000000, 0.000000000000000000 ) ) ;
#10287 = AXIS2_PLACEMENT_3D ( 'NONE', #7256, #7883, #4023 ) ;
#10288 = CARTESIAN_POINT ( 'NONE',  ( 490.0000000000000000, 320.0000000000000000, 20.00000000000000000 ) ) ;
#10289 = CARTESIAN_POINT ( 'NONE',  ( 368.9752316685923006, 530.3215739125539585, 0.000000000000000000 ) ) ;
#10290 = EDGE_CURVE ( 'NONE', #4350, #703, #8396, .T. ) ;
#10291 = ORIENTED_EDGE ( 'NONE', *, *, #5512, .F. ) ;
#10292 = CARTESIAN_POINT ( 'NONE',  ( 343.0000000000000000, 511.8000000000000114, 11.74081169079630094 ) ) ;
#10293 = ORIENTED_EDGE ( 'NONE', *, *, #7209, .F. ) ;
#10294 = ORIENTED_EDGE ( 'NONE', *, *, #3180, .T. ) ;
#10295 = EDGE_CURVE ( 'NONE', #6455, #6170, #2397, .T. ) ;
#10296 = VECTOR ( 'NONE', #4715, 1000.000000000000000 ) ;
#10297 = ORIENTED_EDGE ( 'NONE', *, *, #2669, .F. ) ;
#10298 = ADVANCED_FACE ( 'NONE', ( #3885 ), #6379, .F. ) ;
#10299 = CARTESIAN_POINT ( 'NONE',  ( 330.0000000000000000, 520.0000000000000000, 4.000000000000000000 ) ) ;
#10300 = CYLINDRICAL_SURFACE ( 'NONE', #7832, 1.749999999999973799 ) ;
#10301 = CARTESIAN_POINT ( 'NONE',  ( 503.0000000000000000, 273.6999999999999886, 13.00000000000000000 ) ) ;
#10302 = DIRECTION ( 'NONE',  ( 2.786442101020000197E-16, -1.000000000000000000, 6.123233995736769734E-17 ) ) ;
#10303 = CARTESIAN_POINT ( 'NONE',  ( 10.00000000000000000, 350.0000000000000000, 0.000000000000000000 ) ) ;
#10304 = CARTESIAN_POINT ( 'NONE',  ( 503.1058382415783967, 350.7763595089611499, 4.566393424262400913 ) ) ;
#10305 = ADVANCED_FACE ( 'NONE', ( #6434 ), #9752, .T. ) ;
#10306 = AXIS2_PLACEMENT_3D ( 'NONE', #6061, #1455, #2245 ) ;
#10307 = CARTESIAN_POINT ( 'NONE',  ( 295.0000000000000568, 515.5081397412453725, 9.591240053883998584 ) ) ;
#10308 = EDGE_LOOP ( 'NONE', ( #4307, #679, #9118, #4511 ) ) ;
#10309 = LINE ( 'NONE', #5661, #939 ) ;
#10310 = VECTOR ( 'NONE', #8146, 1000.000000000000000 ) ;
#10311 = ORIENTED_EDGE ( 'NONE', *, *, #649, .F. ) ;
#10312 = CARTESIAN_POINT ( 'NONE',  ( 215.0000000000000284, 515.5081397412454862, 9.591240053883804961 ) ) ;
#10313 = ORIENTED_EDGE ( 'NONE', *, *, #10076, .F. ) ;
#10314 = DIRECTION ( 'NONE',  ( 1.000000000000000000, 0.000000000000000000, 0.000000000000000000 ) ) ;
#10315 = PLANE ( 'NONE',  #7736 ) ;
#10316 = AXIS2_PLACEMENT_3D ( 'NONE', #2344, #4945, #70 ) ;
#10317 = ORIENTED_EDGE ( 'NONE', *, *, #649, .T. ) ;
#10318 = LINE ( 'NONE', #2387, #1175 ) ;
#10319 = FACE_OUTER_BOUND ( 'NONE', #6663, .T. ) ;
#10320 = LINE ( 'NONE', #10111, #8879 ) ;
#10321 = CIRCLE ( 'NONE', #5772, 1.750000000000001554 ) ;
#10322 = VERTEX_POINT ( 'NONE', #3996 ) ;
#10323 = ORIENTED_EDGE ( 'NONE', *, *, #154, .T. ) ;
#10324 = CARTESIAN_POINT ( 'NONE',  ( -9.860761315262649319E-31, 530.0000000000000000, 0.000000000000000000 ) ) ;
#10325 = VECTOR ( 'NONE', #2199, 1000.000000000000000 ) ;
#10326 = VERTEX_POINT ( 'NONE', #10328 ) ;
#10327 = ORIENTED_EDGE ( 'NONE', *, *, #3090, .T. ) ;
#10328 = CARTESIAN_POINT ( 'NONE',  ( 5.000000000000000000, 320.0000000000000000, 0.000000000000000000 ) ) ;
#10329 = DIRECTION ( 'NONE',  ( 1.000000000000000000, 0.000000000000000000, 0.000000000000000000 ) ) ;
#10330 = DIRECTION ( 'NONE',  ( 1.000000000000000000, 2.786442101020000197E-16, 0.000000000000000000 ) ) ;
#10331 = FACE_OUTER_BOUND ( 'NONE', #3058, .T. ) ;
#10332 = CARTESIAN_POINT ( 'NONE',  ( 503.1923692304113160, 500.2499458203027984, 4.876454158738086520 ) ) ;
#10333 = ORIENTED_EDGE ( 'NONE', *, *, #6225, .T. ) ;
#10334 = VERTEX_POINT ( 'NONE', #1550 ) ;
#10335 = EDGE_CURVE ( 'NONE', #5982, #4590, #709, .T. ) ;
#10336 = CARTESIAN_POINT ( 'NONE',  ( 167.0000000000000000, 18.19999999999999929, -2.220446049250309925E-15 ) ) ;
#10337 = DIRECTION ( 'NONE',  ( 0.000000000000000000, 0.000000000000000000, -1.000000000000000000 ) ) ;
#10338 = CARTESIAN_POINT ( 'NONE',  ( 291.9999999999997158, 530.0000000000000000, 17.06413377357577232 ) ) ;
#10339 = LINE ( 'NONE', #5640, #4855 ) ;
#10340 = CARTESIAN_POINT ( 'NONE',  ( 510.0000000000000000, 530.0000000000000000, 0.000000000000000000 ) ) ;
#10341 = CYLINDRICAL_SURFACE ( 'NONE', #3734, 2.350000000000018741 ) ;
#10342 = VECTOR ( 'NONE', #2820, 1000.000000000000000 ) ;
#10343 = EDGE_CURVE ( 'NONE', #3536, #3142, #3244, .T. ) ;
#10344 = EDGE_LOOP ( 'NONE', ( #6285, #5146 ) ) ;
#10345 = CARTESIAN_POINT ( 'NONE',  ( 503.1602338922790523, 360.0000000000001705, 4.791042567443390077 ) ) ;
#10346 = ORIENTED_EDGE ( 'NONE', *, *, #538, .T. ) ;
#10347 = ORIENTED_EDGE ( 'NONE', *, *, #2006, .T. ) ;
#10348 = VECTOR ( 'NONE', #9800, 1000.000000000000000 ) ;
#10349 = ORIENTED_EDGE ( 'NONE', *, *, #4878, .F. ) ;
#10350 = CARTESIAN_POINT ( 'NONE',  ( -8.835614242675910258E-31, 474.8999999999999773, 6.999999999999779732 ) ) ;
#10351 = DIRECTION ( 'NONE',  ( 0.000000000000000000, 1.000000000000000000, 0.000000000000000000 ) ) ;
#10352 = EDGE_CURVE ( 'NONE', #76, #4182, #7174, .T. ) ;
#10353 = DIRECTION ( 'NONE',  ( -0.7071067811865474617, -2.157001120005808275E-16, -0.7071067811865474617 ) ) ;
#10354 = DIRECTION ( 'NONE',  ( 0.000000000000000000, 0.000000000000000000, -1.000000000000000000 ) ) ;
#10355 = LINE ( 'NONE', #6344, #9595 ) ;
#10356 = DIRECTION ( 'NONE',  ( 0.000000000000000000, 0.000000000000000000, 1.000000000000000000 ) ) ;
#10357 = VECTOR ( 'NONE', #7788, 1000.000000000000000 ) ;
#10358 = EDGE_CURVE ( 'NONE', #1407, #4376, #9648, .T. ) ;
#10359 = ADVANCED_FACE ( 'NONE', ( #4841 ), #9697, .F. ) ;
#10360 = PLANE ( 'NONE',  #386 ) ;
#10361 = DIRECTION ( 'NONE',  ( 1.000000000000000000, 0.000000000000000000, 0.000000000000000000 ) ) ;
#10362 = VERTEX_POINT ( 'NONE', #4897 ) ;
#10363 = DIRECTION ( 'NONE',  ( 0.000000000000000000, 5.921189464667500234E-15, 1.000000000000000000 ) ) ;
#10364 = ORIENTED_EDGE ( 'NONE', *, *, #7977, .T. ) ;
#10365 = DIRECTION ( 'NONE',  ( 0.000000000000000000, -1.000000000000000000, 0.000000000000000000 ) ) ;
#10366 = DIRECTION ( 'NONE',  ( 5.150023242950986082E-17, -0.7071067811865474617, -0.7071067811865474617 ) ) ;
#10367 = ORIENTED_EDGE ( 'NONE', *, *, #334, .F. ) ;
#10368 = DIRECTION ( 'NONE',  ( 1.000000000000000000, 0.000000000000000000, 0.000000000000000000 ) ) ;
#10369 = DIRECTION ( 'NONE',  ( 0.000000000000000000, 0.000000000000000000, 1.000000000000000000 ) ) ;
#10370 = CARTESIAN_POINT ( 'NONE',  ( 504.5796391506949021, 170.0000000000001705, 6.556500485476878914 ) ) ;
#10371 = ORIENTED_EDGE ( 'NONE', *, *, #1944, .F. ) ;
#10372 = ORIENTED_EDGE ( 'NONE', *, *, #10221, .F. ) ;
#10373 = LINE ( 'NONE', #4986, #3080 ) ;
#10374 = ORIENTED_EDGE ( 'NONE', *, *, #6543, .F. ) ;
#10375 = ORIENTED_EDGE ( 'NONE', *, *, #4655, .T. ) ;
#10376 = VECTOR ( 'NONE', #9331, 1000.000000000000000 ) ;
#10377 = DIRECTION ( 'NONE',  ( 0.000000000000000000, -0.9271838545667858700, -0.3746065934159158450 ) ) ;
#10378 = CARTESIAN_POINT ( 'NONE',  ( 490.0000000000000000, 510.0000000000000000, 0.000000000000000000 ) ) ;
#10379 = DIRECTION ( 'NONE',  ( 1.000000000000000000, 2.438136838392499864E-16, 4.607900012717279919E-17 ) ) ;
#10380 = CARTESIAN_POINT ( 'NONE',  ( 503.5487095761696992, 523.6611211163190092, 3.900000000000000799 ) ) ;
#10381 = CARTESIAN_POINT ( 'NONE',  ( 255.0000000000000000, 364.0000000000000000, 0.000000000000000000 ) ) ;
#10382 = AXIS2_PLACEMENT_3D ( 'NONE', #3291, #7379, #3594 ) ;
#10383 = DIRECTION ( 'NONE',  ( -1.000000000000000000, -4.646700954747940317E-49, 0.000000000000000000 ) ) ;
#10384 = ORIENTED_EDGE ( 'NONE', *, *, #6342, .T. ) ;
#10385 = VERTEX_POINT ( 'NONE', #5100 ) ;
#10386 = VECTOR ( 'NONE', #10208, 1000.000000000000000 ) ;
#10387 = DIRECTION ( 'NONE',  ( -0.7071067811865480168, -3.507646181912120155E-16, 0.7071067811865470176 ) ) ;
#10388 = CARTESIAN_POINT ( 'NONE',  ( 255.0000000000000000, 514.4217806203392911, 12.28007323212750279 ) ) ;
#10389 = CIRCLE ( 'NONE', #103, 3.199999999999999734 ) ;
#10390 = CARTESIAN_POINT ( 'NONE',  ( 500.0000000000000000, 500.0000000000000000, 0.000000000000000000 ) ) ;
#10391 = CARTESIAN_POINT ( 'NONE',  ( 491.5999999999999659, 170.0000000000000000, 16.13725830020310070 ) ) ;
#10392 = DIRECTION ( 'NONE',  ( 1.000000000000000000, 0.000000000000000000, 0.000000000000000000 ) ) ;
#10393 = DIRECTION ( 'NONE',  ( 5.572884202040000394E-16, -1.000000000000000000, 6.123233995736769734E-17 ) ) ;
#10394 = AXIS2_PLACEMENT_3D ( 'NONE', #6409, #5555, #8244 ) ;
#10395 = EDGE_CURVE ( 'NONE', #8876, #238, #4201, .T. ) ;
#10396 = ORIENTED_EDGE ( 'NONE', *, *, #2963, .F. ) ;
#10397 = VECTOR ( 'NONE', #8047, 1000.000000000000000 ) ;
#10398 = DIRECTION ( 'NONE',  ( 5.572884202040000394E-16, -1.000000000000000000, 6.123233995736769734E-17 ) ) ;
#10399 = VERTEX_POINT ( 'NONE', #178 ) ;
#10400 = EDGE_LOOP ( 'NONE', ( #7251, #5402, #9950, #5572, #9159, #1008, #9115, #1505, #9175 ) ) ;
#10401 = ORIENTED_EDGE ( 'NONE', *, *, #3706, .F. ) ;
#10402 = CARTESIAN_POINT ( 'NONE',  ( 2.262741699796929851, 170.0000000000000000, -1.527713595751250061E-15 ) ) ;
#10403 = DIRECTION ( 'NONE',  ( 1.000000000000000000, 0.000000000000000000, 0.000000000000000000 ) ) ;
#10404 = DIRECTION ( 'NONE',  ( 0.000000000000000000, 0.000000000000000000, 1.000000000000000000 ) ) ;
#10405 = EDGE_CURVE ( 'NONE', #4714, #9430, #1125, .T. ) ;
#10406 = CARTESIAN_POINT ( 'NONE',  ( 510.0000000000000000, 9.860761315262649319E-31, 0.000000000000000000 ) ) ;
#10407 = CARTESIAN_POINT ( 'NONE',  ( 170.0000000000000000, 265.0000000000000000, 0.000000000000000000 ) ) ;
#10408 = VECTOR ( 'NONE', #6817, 1000.000000000000000 ) ;
#10409 = CARTESIAN_POINT ( 'NONE',  ( 508.2181082139190949, 360.0000000000000000, 5.777465493968149346 ) ) ;
#10410 = AXIS2_PLACEMENT_3D ( 'NONE', #7063, #6262, #9486 ) ;
#10411 = CARTESIAN_POINT ( 'NONE',  ( 255.0000000000000000, 360.0000000000000000, 0.000000000000000000 ) ) ;
#10412 = ORIENTED_EDGE ( 'NONE', *, *, #5123, .F. ) ;
#10413 = ADVANCED_FACE ( 'NONE', ( #5786 ), #5049, .T. ) ;
#10414 = AXIS2_PLACEMENT_3D ( 'NONE', #714, #4951, #827 ) ;
#10415 = CIRCLE ( 'NONE', #2805, 3.199999999999999734 ) ;
#10416 = DIRECTION ( 'NONE',  ( 0.000000000000000000, 0.000000000000000000, -1.000000000000000000 ) ) ;
#10417 = ORIENTED_EDGE ( 'NONE', *, *, #6140, .T. ) ;
#10418 = DIRECTION ( 'NONE',  ( -1.000000000000000000, 0.000000000000000000, 0.000000000000000000 ) ) ;
#10419 = ORIENTED_EDGE ( 'NONE', *, *, #545, .T. ) ;
#10420 = EDGE_CURVE ( 'NONE', #525, #4069, #5350, .T. ) ;
#10421 = LINE ( 'NONE', #4414, #3131 ) ;
#10422 = EDGE_CURVE ( 'NONE', #8335, #8528, #6636, .T. ) ;
#10423 = EDGE_CURVE ( 'NONE', #1638, #6204, #8068, .T. ) ;
#10424 = CARTESIAN_POINT ( 'NONE',  ( 330.0000000000000000, 520.0000000000000000, 20.00000000000000000 ) ) ;
#10425 = VECTOR ( 'NONE', #10379, 1000.000000000000000 ) ;
#10426 = LINE ( 'NONE', #7955, #4553 ) ;
#10427 = CARTESIAN_POINT ( 'NONE',  ( 503.1999999999999886, 30.00000000000000355, 4.898046116018242913 ) ) ;
#10428 = EDGE_CURVE ( 'NONE', #9791, #9593, #7045, .T. ) ;
#10429 = AXIS2_PLACEMENT_3D ( 'NONE', #1796, #9994, #7623 ) ;
#10430 = CARTESIAN_POINT ( 'NONE',  ( 503.9914977317756666, 170.0000000000000853, 6.154055187152237316 ) ) ;
#10431 = ORIENTED_EDGE ( 'NONE', *, *, #2349, .T. ) ;
#10432 = ORIENTED_EDGE ( 'NONE', *, *, #2845, .T. ) ;
#10433 = CARTESIAN_POINT ( 'NONE',  ( 354.7394058893203237, -1.485832065214771079E-15, 4.187209959444097684 ) ) ;
#10434 = ORIENTED_EDGE ( 'NONE', *, *, #9534, .F. ) ;
#10435 = VERTEX_POINT ( 'NONE', #1967 ) ;
#10436 = EDGE_CURVE ( 'NONE', #8845, #2872, #4936, .T. ) ;
#10437 = CARTESIAN_POINT ( 'NONE',  ( 295.0000000000000568, 532.1447388037000792, 14.69506026980382707 ) ) ;
#10438 = AXIS2_PLACEMENT_3D ( 'NONE', #2942, #6182, #9411 ) ;
#10439 = DIRECTION ( 'NONE',  ( 1.860521002879739963E-33, -1.000000000000000000, 0.000000000000000000 ) ) ;
#10440 = FACE_OUTER_BOUND ( 'NONE', #3283, .T. ) ;
#10441 = CIRCLE ( 'NONE', #311, 1.750000000000001554 ) ;
#10442 = DIRECTION ( 'NONE',  ( 2.203299472210209684E-47, -1.184237892934239998E-14, -1.000000000000000000 ) ) ;
#10443 = LINE ( 'NONE', #8077, #10252 ) ;
#10444 = DIRECTION ( 'NONE',  ( 1.000000000000000000, 5.572884202040000394E-16, 0.000000000000000000 ) ) ;
#10445 = ORIENTED_EDGE ( 'NONE', *, *, #3908, .F. ) ;
#10446 = ORIENTED_EDGE ( 'NONE', *, *, #3316, .T. ) ;
#10447 = DIRECTION ( 'NONE',  ( 0.000000000000000000, 0.000000000000000000, -1.000000000000000000 ) ) ;
#10448 = CARTESIAN_POINT ( 'NONE',  ( 7.000000000000000000, 67.65000000000000568, 10.00000000000000000 ) ) ;
#10449 = LINE ( 'NONE', #7392, #4843 ) ;
#10450 = FACE_OUTER_BOUND ( 'NONE', #4143, .T. ) ;
#10451 = DIRECTION ( 'NONE',  ( 1.000000000000000000, 0.000000000000000000, 0.000000000000000000 ) ) ;
#10452 = LINE ( 'NONE', #1618, #2205 ) ;
#10453 = AXIS2_PLACEMENT_3D ( 'NONE', #6947, #5463, #2021 ) ;
#10454 = ORIENTED_EDGE ( 'NONE', *, *, #4043, .F. ) ;
#10455 = CARTESIAN_POINT ( 'NONE',  ( 503.2212945457337128, 340.0000000000000000, 5.127033315237417455 ) ) ;
#10456 = ORIENTED_EDGE ( 'NONE', *, *, #3189, .T. ) ;
#10457 = EDGE_LOOP ( 'NONE', ( #1819, #5087, #7277, #9559 ) ) ;
#10458 = ORIENTED_EDGE ( 'NONE', *, *, #6620, .F. ) ;
#10459 = DIRECTION ( 'NONE',  ( 0.000000000000000000, 0.000000000000000000, -1.000000000000000000 ) ) ;
#10460 = LINE ( 'NONE', #3217, #5253 ) ;
#10461 = VECTOR ( 'NONE', #9675, 1000.000000000000000 ) ;
#10462 = FACE_OUTER_BOUND ( 'NONE', #2299, .T. ) ;
#10463 = LINE ( 'NONE', #7307, #7221 ) ;
#10464 = DIRECTION ( 'NONE',  ( 1.000000000000000000, 0.000000000000000000, 0.000000000000000000 ) ) ;
ENDSEC;
END-ISO-10303-21;
