ISO-10303-21;
HEADER;
FILE_DESCRIPTION (( 'STEP AP214' ),
    '1' );
FILE_NAME ('Brush Holder rev2.STEP',
    '2026-05-04T16:54:41',
    ( '' ),
    ( '' ),
    'SwSTEP 2.0',
    'SolidWorks 2026',
    '' );
FILE_SCHEMA (( 'AUTOMOTIVE_DESIGN' ));
ENDSEC;

DATA;
#1 = ORIENTED_EDGE ( 'NONE', *, *, #147, .T. ) ;
#2 = LINE ( 'NONE', #1401, #3239 ) ;
#3 = EDGE_CURVE ( 'NONE', #2658, #653, #22, .T. ) ;
#4 = ORIENTED_EDGE ( 'NONE', *, *, #2120, .F. ) ;
#5 = EDGE_CURVE ( 'NONE', #1785, #3197, #1049, .T. ) ;
#6 = DIRECTION ( 'NONE',  ( -0.000000000000000000, 0.000000000000000000, -1.000000000000000000 ) ) ;
#7 = PLANE ( 'NONE',  #3225 ) ;
#8 = ADVANCED_FACE ( 'NONE', ( #1842 ), #1102, .T. ) ;
#9 = ORIENTED_EDGE ( 'NONE', *, *, #352, .F. ) ;
#10 = VECTOR ( 'NONE', #520, 1000.000000000000114 ) ;
#11 = CIRCLE ( 'NONE', #2256, 1.749999999999999778 ) ;
#12 = ORIENTED_EDGE ( 'NONE', *, *, #193, .F. ) ;
#13 = DIRECTION ( 'NONE',  ( 2.282530889443181567E-17, 1.000000000000000000, 0.000000000000000000 ) ) ;
#14 = LINE ( 'NONE', #1623, #2744 ) ;
#15 = CARTESIAN_POINT ( 'NONE',  ( 1.040834085586084257E-14, -10.00000000000000000, -22.00000000000000711 ) ) ;
#16 = CARTESIAN_POINT ( 'NONE',  ( -12.49999999999999112, 0.000000000000000000, -3.469446951953614189E-15 ) ) ;
#17 = EDGE_CURVE ( 'NONE', #2459, #814, #2099, .T. ) ;
#18 = VERTEX_POINT ( 'NONE', #2923 ) ;
#19 = VECTOR ( 'NONE', #1774, 1000.000000000000000 ) ;
#20 = CARTESIAN_POINT ( 'NONE',  ( -5.348127437391596766E-16, -7.357233047033502338, 19.89276695296635822 ) ) ;
#21 = EDGE_CURVE ( 'NONE', #1235, #1638, #2167, .T. ) ;
#22 = LINE ( 'NONE', #467, #140 ) ;
#23 = LINE ( 'NONE', #555, #475 ) ;
#24 = LINE ( 'NONE', #2999, #869 ) ;
#25 = EDGE_LOOP ( 'NONE', ( #3097, #1411, #597, #3427, #976 ) ) ;
#26 = VERTEX_POINT ( 'NONE', #2641 ) ;
#27 = EDGE_CURVE ( 'NONE', #2467, #814, #235, .T. ) ;
#28 = DIRECTION ( 'NONE',  ( 1.000000000000000000, 0.000000000000000000, 0.000000000000000000 ) ) ;
#29 = CARTESIAN_POINT ( 'NONE',  ( 14.64999999999999503, -8.467157287525258980, 18.21715728752538155 ) ) ;
#30 = CARTESIAN_POINT ( 'NONE',  ( 0.000000000000000000, -18.35351940423299766, 8.330795170817797413 ) ) ;
#31 = DIRECTION ( 'NONE',  ( 2.077733718875257922E-17, 1.000000000000000000, 0.000000000000000000 ) ) ;
#32 = AXIS2_PLACEMENT_3D ( 'NONE', #2403, #3452, #1080 ) ;
#33 = CIRCLE ( 'NONE', #3071, 3.682547623057111696 ) ;
#34 = ORIENTED_EDGE ( 'NONE', *, *, #919, .F. ) ;
#35 = VECTOR ( 'NONE', #901, 1000.000000000000000 ) ;
#36 = PLANE ( 'NONE',  #424 ) ;
#37 = ORIENTED_EDGE ( 'NONE', *, *, #2057, .T. ) ;
#38 = ORIENTED_EDGE ( 'NONE', *, *, #3200, .F. ) ;
#39 = ORIENTED_EDGE ( 'NONE', *, *, #2388, .F. ) ;
#40 = FACE_OUTER_BOUND ( 'NONE', #2262, .T. ) ;
#41 = LINE ( 'NONE', #2732, #141 ) ;
#42 = ORIENTED_EDGE ( 'NONE', *, *, #1381, .F. ) ;
#43 = EDGE_CURVE ( 'NONE', #3434, #2369, #248, .T. ) ;
#44 = ORIENTED_EDGE ( 'NONE', *, *, #3393, .T. ) ;
#45 = VECTOR ( 'NONE', #1719, 1000.000000000000114 ) ;
#46 = CARTESIAN_POINT ( 'NONE',  ( -0.6594843508533897447, 16.01276110058481095, -34.13539670220249889 ) ) ;
#47 = LINE ( 'NONE', #2953, #2282 ) ;
#48 = FACE_OUTER_BOUND ( 'NONE', #801, .T. ) ;
#49 = ADVANCED_FACE ( 'NONE', ( #2997 ), #134, .T. ) ;
#50 = VERTEX_POINT ( 'NONE', #2764 ) ;
#51 = ORIENTED_EDGE ( 'NONE', *, *, #985, .T. ) ;
#52 = VECTOR ( 'NONE', #2184, 1000.000000000000114 ) ;
#53 = CARTESIAN_POINT ( 'NONE',  ( 0.4000000000000110134, -9.500000000000007105, -33.00000000000000000 ) ) ;
#54 = DIRECTION ( 'NONE',  ( 0.000000000000000000, 0.000000000000000000, 1.000000000000000000 ) ) ;
#55 = ORIENTED_EDGE ( 'NONE', *, *, #539, .T. ) ;
#56 = CARTESIAN_POINT ( 'NONE',  ( 2.500000000000011546, 0.000000000000000000, -9.749999999999994671 ) ) ;
#57 = EDGE_CURVE ( 'NONE', #2229, #794, #2200, .T. ) ;
#58 = CARTESIAN_POINT ( 'NONE',  ( -1.749999999999992450, -19.00000000000000000, -41.00000000000000711 ) ) ;
#59 = DIRECTION ( 'NONE',  ( 0.000000000000000000, -0.7071067811865522357, -0.7071067811865429098 ) ) ;
#60 = CARTESIAN_POINT ( 'NONE',  ( -14.64999999999999503, -13.34215728752526253, 13.34215728752544372 ) ) ;
#61 = ORIENTED_EDGE ( 'NONE', *, *, #224, .F. ) ;
#62 = ORIENTED_EDGE ( 'NONE', *, *, #691, .F. ) ;
#63 = DIRECTION ( 'NONE',  ( -1.000000000000000000, 0.000000000000000000, 0.000000000000000000 ) ) ;
#64 = CARTESIAN_POINT ( 'NONE',  ( 15.84999999999999609, -10.60992424049164384, 16.07439033455901978 ) ) ;
#65 = DIRECTION ( 'NONE',  ( -0.7071067811865442421, 0.000000000000000000, 0.7071067811865509034 ) ) ;
#66 = ORIENTED_EDGE ( 'NONE', *, *, #2454, .T. ) ;
#67 = AXIS2_PLACEMENT_3D ( 'NONE', #1176, #135, #2259 ) ;
#68 = EDGE_CURVE ( 'NONE', #1564, #2018, #3280, .T. ) ;
#69 = CARTESIAN_POINT ( 'NONE',  ( 22.12500000000000711, 0.3749999999999968914, -8.625000000000000000 ) ) ;
#70 = LINE ( 'NONE', #1942, #1438 ) ;
#71 = EDGE_LOOP ( 'NONE', ( #1375, #1309, #2196, #742 ) ) ;
#72 = CARTESIAN_POINT ( 'NONE',  ( -5.348127437391595780E-16, -4.550921098606587556, -54.69907890139361939 ) ) ;
#73 = CARTESIAN_POINT ( 'NONE',  ( 1.750000000000010658, -19.00000000000000000, -40.25000000000000711 ) ) ;
#74 = DIRECTION ( 'NONE',  ( 0.000000000000000000, -1.000000000000000000, 0.000000000000000000 ) ) ;
#75 = LINE ( 'NONE', #1158, #242 ) ;
#76 = DIRECTION ( 'NONE',  ( 0.000000000000000000, 0.000000000000000000, 1.000000000000000000 ) ) ;
#77 = VECTOR ( 'NONE', #3375, 1000.000000000000000 ) ;
#78 = EDGE_LOOP ( 'NONE', ( #2805, #777, #1847, #385 ) ) ;
#79 = VERTEX_POINT ( 'NONE', #872 ) ;
#80 = DIRECTION ( 'NONE',  ( 1.000000000000000000, -2.282530889443167700E-17, -0.000000000000000000 ) ) ;
#81 = CARTESIAN_POINT ( 'NONE',  ( -21.74999999999999645, 0.000000000000000000, -8.250000000000007105 ) ) ;
#82 = DIRECTION ( 'NONE',  ( 0.000000000000000000, -0.7071067811865426878, 0.7071067811865524577 ) ) ;
#83 = EDGE_LOOP ( 'NONE', ( #655, #3405, #462, #3311 ) ) ;
#84 = LINE ( 'NONE', #921, #2674 ) ;
#85 = LINE ( 'NONE', #1434, #3333 ) ;
#86 = DIRECTION ( 'NONE',  ( 1.000000000000000000, -2.282530889443167700E-17, -0.000000000000000000 ) ) ;
#87 = VECTOR ( 'NONE', #1551, 1000.000000000000000 ) ;
#88 = AXIS2_PLACEMENT_3D ( 'NONE', #2091, #3442, #3428 ) ;
#89 = EDGE_CURVE ( 'NONE', #2652, #3369, #1837, .T. ) ;
#90 = EDGE_LOOP ( 'NONE', ( #2950, #301, #816, #99 ) ) ;
#91 = VECTOR ( 'NONE', #3045, 1000.000000000000000 ) ;
#92 = AXIS2_PLACEMENT_3D ( 'NONE', #1624, #1129, #2175 ) ;
#93 = DIRECTION ( 'NONE',  ( -0.7071067811865442421, 0.7071067811865509034, 0.000000000000000000 ) ) ;
#94 = ADVANCED_FACE ( 'NONE', ( #587 ), #1195, .T. ) ;
#95 = LINE ( 'NONE', #1175, #112 ) ;
#96 = CARTESIAN_POINT ( 'NONE',  ( -5.348127437391596766E-16, -9.499999999999872102, 17.75000000000001421 ) ) ;
#97 = DIRECTION ( 'NONE',  ( 2.688104559881415512E-17, 1.000000000000000000, 0.000000000000000000 ) ) ;
#98 = ORIENTED_EDGE ( 'NONE', *, *, #246, .F. ) ;
#99 = ORIENTED_EDGE ( 'NONE', *, *, #1558, .T. ) ;
#100 = CYLINDRICAL_SURFACE ( 'NONE', #1075, 2.999999999999999112 ) ;
#101 = LINE ( 'NONE', #1448, #956 ) ;
#102 = CARTESIAN_POINT ( 'NONE',  ( 15.84999999999999609, -9.499999999999872102, 17.75000000000001421 ) ) ;
#103 = VERTEX_POINT ( 'NONE', #851 ) ;
#104 = EDGE_LOOP ( 'NONE', ( #1265, #409, #516, #573 ) ) ;
#105 = CARTESIAN_POINT ( 'NONE',  ( -2.499999999999986233, -18.25000000000000000, -41.00000000000000711 ) ) ;
#106 = DIRECTION ( 'NONE',  ( 0.8206649074355343298, -0.5714097563953786096, -9.912379188212406187E-15 ) ) ;
#107 = DIRECTION ( 'NONE',  ( -0.000000000000000000, 0.000000000000000000, -1.000000000000000000 ) ) ;
#108 = VERTEX_POINT ( 'NONE', #3072 ) ;
#109 = VECTOR ( 'NONE', #2039, 1000.000000000000000 ) ;
#110 = ADVANCED_FACE ( 'NONE', ( #1422 ), #2464, .F. ) ;
#111 = LINE ( 'NONE', #3356, #1071 ) ;
#112 = VECTOR ( 'NONE', #1982, 1000.000000000000000 ) ;
#113 = VECTOR ( 'NONE', #2038, 1000.000000000000000 ) ;
#114 = EDGE_CURVE ( 'NONE', #465, #674, #2257, .T. ) ;
#115 = CARTESIAN_POINT ( 'NONE',  ( -21.75000000000003197, 10.03700903826855395, -10.03700903826849178 ) ) ;
#116 = CARTESIAN_POINT ( 'NONE',  ( 0.6594843508533900778, -13.34215728752526253, 13.34215728752544372 ) ) ;
#117 = LINE ( 'NONE', #2484, #2106 ) ;
#118 = ORIENTED_EDGE ( 'NONE', *, *, #3039, .T. ) ;
#119 = EDGE_LOOP ( 'NONE', ( #3478, #1798, #37, #1504 ) ) ;
#120 = CARTESIAN_POINT ( 'NONE',  ( 1.127570259384924611E-14, -10.00000000000000000, -22.00000000000000711 ) ) ;
#121 = DIRECTION ( 'NONE',  ( 0.000000000000000000, 0.000000000000000000, 1.000000000000000000 ) ) ;
#122 = DIRECTION ( 'NONE',  ( -6.542051911182434977E-15, 0.7071067811865522357, 0.7071067811865426878 ) ) ;
#123 = EDGE_LOOP ( 'NONE', ( #2355, #305, #2351, #3037, #2855 ) ) ;
#124 = EDGE_CURVE ( 'NONE', #1025, #585, #282, .T. ) ;
#125 = ORIENTED_EDGE ( 'NONE', *, *, #1986, .T. ) ;
#126 = DIRECTION ( 'NONE',  ( -1.000000000000000000, 0.000000000000000000, 0.000000000000000000 ) ) ;
#127 = DIRECTION ( 'NONE',  ( 1.000000000000000000, -2.282530889443167700E-17, 0.000000000000000000 ) ) ;
#128 = LINE ( 'NONE', #3293, #1153 ) ;
#129 = VECTOR ( 'NONE', #1703, 1000.000000000000000 ) ;
#130 = VECTOR ( 'NONE', #2228, 1000.000000000000114 ) ;
#131 = EDGE_LOOP ( 'NONE', ( #2447, #3106, #1776, #1908 ) ) ;
#132 = DIRECTION ( 'NONE',  ( 0.000000000000000000, -0.7071067811865426878, 0.7071067811865524577 ) ) ;
#133 = VECTOR ( 'NONE', #647, 1000.000000000000114 ) ;
#134 = PLANE ( 'NONE',  #3346 ) ;
#135 = DIRECTION ( 'NONE',  ( 0.000000000000000000, 1.000000000000000000, 0.000000000000000000 ) ) ;
#136 = CARTESIAN_POINT ( 'NONE',  ( -0.6594843508533897447, -13.62499999999988098, 13.62500000000006395 ) ) ;
#137 = VERTEX_POINT ( 'NONE', #340 ) ;
#138 = ORIENTED_EDGE ( 'NONE', *, *, #2571, .F. ) ;
#139 = EDGE_CURVE ( 'NONE', #1271, #26, #1139, .T. ) ;
#140 = VECTOR ( 'NONE', #483, 1000.000000000000000 ) ;
#141 = VECTOR ( 'NONE', #542, 1000.000000000000114 ) ;
#142 = LINE ( 'NONE', #3325, #1254 ) ;
#143 = UNCERTAINTY_MEASURE_WITH_UNIT (LENGTH_MEASURE( 1.000000000000000082E-05 ), #2277, 'distance_accuracy_value', 'NONE');
#144 = CARTESIAN_POINT ( 'NONE',  ( 0.4000000000000114575, -4.198593014213822805, -35.91506157242989161 ) ) ;
#145 = LINE ( 'NONE', #1224, #1357 ) ;
#146 = EDGE_LOOP ( 'NONE', ( #673, #2633, #2281, #2638 ) ) ;
#147 = EDGE_CURVE ( 'NONE', #585, #3306, #323, .T. ) ;
#148 = VERTEX_POINT ( 'NONE', #1157 ) ;
#149 = CARTESIAN_POINT ( 'NONE',  ( 1.121337058228298961E-14, -13.00000000000000178, 0.9999999999999978906 ) ) ;
#150 = DIRECTION ( 'NONE',  ( 1.000000000000000000, -1.962615573354704784E-17, 1.962615573354731593E-17 ) ) ;
#151 = LINE ( 'NONE', #3103, #1557 ) ;
#152 = DIRECTION ( 'NONE',  ( -0.7071067811865442421, -0.000000000000000000, -0.7071067811865509034 ) ) ;
#153 = EDGE_CURVE ( 'NONE', #653, #2112, #3338, .T. ) ;
#154 = ORIENTED_EDGE ( 'NONE', *, *, #114, .T. ) ;
#155 = LINE ( 'NONE', #642, #1191 ) ;
#156 = VECTOR ( 'NONE', #796, 1000.000000000000000 ) ;
#157 = VECTOR ( 'NONE', #296, 1000.000000000000114 ) ;
#158 = VECTOR ( 'NONE', #3122, 1000.000000000000000 ) ;
#159 = DIRECTION ( 'NONE',  ( 0.000000000000000000, -0.7071067811865522357, -0.7071067811865426878 ) ) ;
#160 = CARTESIAN_POINT ( 'NONE',  ( 1.133803460541550262E-14, -7.000000000000000888, 0.9999999999999974465 ) ) ;
#161 = ORIENTED_EDGE ( 'NONE', *, *, #1194, .F. ) ;
#162 = ORIENTED_EDGE ( 'NONE', *, *, #1055, .F. ) ;
#163 = PLANE ( 'NONE',  #3030 ) ;
#164 = LINE ( 'NONE', #1244, #175 ) ;
#165 = ADVANCED_FACE ( 'NONE', ( #1963 ), #3033, .T. ) ;
#166 = ORIENTED_EDGE ( 'NONE', *, *, #1763, .T. ) ;
#167 = VERTEX_POINT ( 'NONE', #1440 ) ;
#168 = DIRECTION ( 'NONE',  ( 0.000000000000000000, -0.7071067811865426878, 0.7071067811865523467 ) ) ;
#169 = DIRECTION ( 'NONE',  ( 0.000000000000000000, 0.7071067811865522357, 0.7071067811865426878 ) ) ;
#170 = LINE ( 'NONE', #56, #19 ) ;
#171 = EDGE_CURVE ( 'NONE', #320, #1712, #95, .T. ) ;
#172 = DIRECTION ( 'NONE',  ( 2.077733718875228956E-17, 1.000000000000000000, 0.000000000000000000 ) ) ;
#173 = ORIENTED_EDGE ( 'NONE', *, *, #3273, .T. ) ;
#174 = ORIENTED_EDGE ( 'NONE', *, *, #803, .T. ) ;
#175 = VECTOR ( 'NONE', #2322, 1000.000000000000000 ) ;
#176 = CARTESIAN_POINT ( 'NONE',  ( -12.49999999999999112, 1.500000000000000000, 2.999999999999995559 ) ) ;
#177 = AXIS2_PLACEMENT_3D ( 'NONE', #895, #3040, #1971 ) ;
#178 = DIRECTION ( 'NONE',  ( -2.775557561562891043E-17, -0.7071067811865427988, 0.7071067811865523467 ) ) ;
#179 = EDGE_CURVE ( 'NONE', #1998, #2726, #2236, .T. ) ;
#180 = CARTESIAN_POINT ( 'NONE',  ( 1.037198051578052588E-14, -11.75000000000000000, -22.00000000000000711 ) ) ;
#181 = ORIENTED_EDGE ( 'NONE', *, *, #791, .F. ) ;
#182 = ORIENTED_EDGE ( 'NONE', *, *, #491, .T. ) ;
#183 = CARTESIAN_POINT ( 'NONE',  ( 0.6594843508533949628, -19.40000000000000213, -25.07407890139388584 ) ) ;
#184 = DIRECTION ( 'NONE',  ( -0.000000000000000000, 1.000000000000000000, -0.000000000000000000 ) ) ;
#185 = ORIENTED_EDGE ( 'NONE', *, *, #3238, .T. ) ;
#186 = ORIENTED_EDGE ( 'NONE', *, *, #287, .T. ) ;
#187 = DIRECTION ( 'NONE',  ( 0.000000000000000000, 1.000000000000000000, 0.000000000000000000 ) ) ;
#188 = FACE_OUTER_BOUND ( 'NONE', #2114, .T. ) ;
#189 = CARTESIAN_POINT ( 'NONE',  ( 15.84999999999999609, -9.217157287525253651, 17.46715728752539576 ) ) ;
#190 = CARTESIAN_POINT ( 'NONE',  ( -19.50000000000000000, 12.50000000000000000, -6.249999999999996447 ) ) ;
#191 = ORIENTED_EDGE ( 'NONE', *, *, #3185, .F. ) ;
#192 = ORIENTED_EDGE ( 'NONE', *, *, #21, .F. ) ;
#193 = EDGE_CURVE ( 'NONE', #814, #2335, #2782, .T. ) ;
#194 = CARTESIAN_POINT ( 'NONE',  ( -2.499999999999986233, -18.25000000000000000, -40.25000000000000711 ) ) ;
#195 = ADVANCED_FACE ( 'NONE', ( #1461 ), #2521, .T. ) ;
#196 = ORIENTED_EDGE ( 'NONE', *, *, #458, .T. ) ;
#197 = VERTEX_POINT ( 'NONE', #3128 ) ;
#198 = CIRCLE ( 'NONE', #299, 9.521134568734085590 ) ;
#199 = DIRECTION ( 'NONE',  ( -1.000000000000000000, 0.000000000000000000, 0.000000000000000000 ) ) ;
#200 = DIRECTION ( 'NONE',  ( 1.000000000000000000, -2.282530889443167700E-17, -0.000000000000000000 ) ) ;
#201 = ORIENTED_EDGE ( 'NONE', *, *, #1632, .T. ) ;
#202 = ORIENTED_EDGE ( 'NONE', *, *, #3324, .T. ) ;
#203 = CARTESIAN_POINT ( 'NONE',  ( -22.49999999999998934, -10.00000000000000000, -22.00000000000000711 ) ) ;
#204 = CARTESIAN_POINT ( 'NONE',  ( 0.6594843508536224475, -19.40000000000000213, 2.741105463359295946 ) ) ;
#205 = DIRECTION ( 'NONE',  ( 0.5773502691896257311, -0.5773502691896204020, 0.5773502691896310601 ) ) ;
#206 = FACE_OUTER_BOUND ( 'NONE', #434, .T. ) ;
#207 = ORIENTED_EDGE ( 'NONE', *, *, #3199, .F. ) ;
#208 = CARTESIAN_POINT ( 'NONE',  ( -2.499999999999988454, 0.7500000000000018874, -9.000000000000000000 ) ) ;
#209 = CARTESIAN_POINT ( 'NONE',  ( 2.500000000000011546, -0.7500000000000006661, -41.00000000000000711 ) ) ;
#210 = ADVANCED_FACE ( 'NONE', ( #2276 ), #1801, .F. ) ;
#211 = EDGE_CURVE ( 'NONE', #3147, #1160, #1238, .T. ) ;
#212 = ORIENTED_EDGE ( 'NONE', *, *, #1432, .T. ) ;
#213 = VERTEX_POINT ( 'NONE', #3092 ) ;
#214 = CIRCLE ( 'NONE', #1290, 2.999999999999999112 ) ;
#215 = CIRCLE ( 'NONE', #1451, 6.050000000000000711 ) ;
#216 = CARTESIAN_POINT ( 'NONE',  ( 0.000000000000000000, -18.35351940423299055, 8.330795170817790307 ) ) ;
#217 = LINE ( 'NONE', #1312, #708 ) ;
#218 = ORIENTED_EDGE ( 'NONE', *, *, #1586, .F. ) ;
#219 = DIRECTION ( 'NONE',  ( 0.000000000000000000, -0.7071067811865426878, 0.7071067811865524577 ) ) ;
#220 = FACE_OUTER_BOUND ( 'NONE', #1444, .T. ) ;
#221 = DIRECTION ( 'NONE',  ( 0.000000000000000000, 1.000000000000000000, 0.000000000000000000 ) ) ;
#222 = LINE ( 'NONE', #1863, #2905 ) ;
#223 = DIRECTION ( 'NONE',  ( 0.000000000000000000, 1.000000000000000000, 0.000000000000000000 ) ) ;
#224 = EDGE_CURVE ( 'NONE', #1653, #2606, #441, .T. ) ;
#225 = ORIENTED_EDGE ( 'NONE', *, *, #1296, .F. ) ;
#226 = FACE_OUTER_BOUND ( 'NONE', #952, .T. ) ;
#227 = VERTEX_POINT ( 'NONE', #2022 ) ;
#228 = EDGE_LOOP ( 'NONE', ( #3471, #545, #1841, #2026 ) ) ;
#229 = VECTOR ( 'NONE', #709, 1000.000000000000114 ) ;
#230 = ADVANCED_FACE ( 'NONE', ( #2562 ), #1217, .F. ) ;
#231 = LINE ( 'NONE', #1311, #1356 ) ;
#232 = CARTESIAN_POINT ( 'NONE',  ( -5.348127437391596766E-16, -13.34215728752526253, 13.34215728752544372 ) ) ;
#233 = ORIENTED_EDGE ( 'NONE', *, *, #1149, .F. ) ;
#234 = EDGE_CURVE ( 'NONE', #148, #3043, #1258, .T. ) ;
#235 = LINE ( 'NONE', #1316, #1383 ) ;
#236 = DIRECTION ( 'NONE',  ( -1.000000000000000000, -1.141265444721583757E-16, 0.000000000000000000 ) ) ;
#237 = CARTESIAN_POINT ( 'NONE',  ( -12.49999999999999112, 4.000000000000000000, -3.000000000000002665 ) ) ;
#238 = LINE ( 'NONE', #2391, #2786 ) ;
#239 = LINE ( 'NONE', #2836, #1849 ) ;
#240 = ORIENTED_EDGE ( 'NONE', *, *, #2497, .T. ) ;
#241 = FACE_OUTER_BOUND ( 'NONE', #123, .T. ) ;
#242 = VECTOR ( 'NONE', #2465, 1000.000000000000000 ) ;
#243 = CARTESIAN_POINT ( 'NONE',  ( 0.000000000000000000, -18.35351940423299766, 8.330795170817797413 ) ) ;
#244 = DIRECTION ( 'NONE',  ( 0.000000000000000000, 0.7071067811865475727, -0.7071067811865475727 ) ) ;
#245 = ORIENTED_EDGE ( 'NONE', *, *, #3199, .T. ) ;
#246 = EDGE_CURVE ( 'NONE', #936, #2912, #968, .T. ) ;
#247 = ORIENTED_EDGE ( 'NONE', *, *, #3370, .F. ) ;
#248 = LINE ( 'NONE', #518, #766 ) ;
#249 = CARTESIAN_POINT ( 'NONE',  ( -21.74999999999999645, -9.499999999999877431, 17.75000000000000711 ) ) ;
#250 = PLANE ( 'NONE',  #1167 ) ;
#251 = CARTESIAN_POINT ( 'NONE',  ( -22.49999999999998934, 0.7500000000000006661, 8.999999999999998224 ) ) ;
#252 = DIRECTION ( 'NONE',  ( 1.000000000000000000, -2.282530889443167700E-17, -0.000000000000000000 ) ) ;
#253 = EDGE_CURVE ( 'NONE', #1664, #1445, #701, .T. ) ;
#254 = ORIENTED_EDGE ( 'NONE', *, *, #1510, .T. ) ;
#255 = VECTOR ( 'NONE', #1663, 1000.000000000000114 ) ;
#256 = DIRECTION ( 'NONE',  ( -0.7071067811865509034, -0.7071067811865442421, 0.000000000000000000 ) ) ;
#257 = VECTOR ( 'NONE', #2664, 1000.000000000000114 ) ;
#258 = VECTOR ( 'NONE', #2341, 1000.000000000000000 ) ;
#259 = DIRECTION ( 'NONE',  ( 1.000000000000000000, -2.282530889443167700E-17, -0.000000000000000000 ) ) ;
#260 = DIRECTION ( 'NONE',  ( 1.000000000000000000, -2.282530889443167700E-17, 0.000000000000000000 ) ) ;
#261 = VERTEX_POINT ( 'NONE', #724 ) ;
#262 = ORIENTED_EDGE ( 'NONE', *, *, #1716, .F. ) ;
#263 = AXIS2_PLACEMENT_3D ( 'NONE', #2952, #1934, #548 ) ;
#264 = EDGE_CURVE ( 'NONE', #970, #213, #3397, .T. ) ;
#265 = CARTESIAN_POINT ( 'NONE',  ( -5.348127437391596766E-16, -8.467157287525258980, 18.21715728752538155 ) ) ;
#266 = DIRECTION ( 'NONE',  ( 0.000000000000000000, 0.7071067811865523467, 0.7071067811865426878 ) ) ;
#267 = CARTESIAN_POINT ( 'NONE',  ( -5.348127437391596766E-16, -8.467157287525258980, 18.21715728752538155 ) ) ;
#268 = LINE ( 'NONE', #2657, #1648 ) ;
#269 = ORIENTED_EDGE ( 'NONE', *, *, #1573, .T. ) ;
#270 = ADVANCED_FACE ( 'NONE', ( #755 ), #788, .T. ) ;
#271 = FACE_OUTER_BOUND ( 'NONE', #104, .T. ) ;
#272 = ADVANCED_FACE ( 'NONE', ( #2896 ), #721, .T. ) ;
#273 = CARTESIAN_POINT ( 'NONE',  ( -2.499999999999988454, 0.000000000000000000, -41.00000000000000711 ) ) ;
#274 = DIRECTION ( 'NONE',  ( -0.000000000000000000, 0.8762656174853244995, 0.4818283590793127069 ) ) ;
#275 = ORIENTED_EDGE ( 'NONE', *, *, #634, .T. ) ;
#276 = ORIENTED_EDGE ( 'NONE', *, *, #2509, .T. ) ;
#277 = VECTOR ( 'NONE', #2583, 1000.000000000000114 ) ;
#278 = LINE ( 'NONE', #2951, #1516 ) ;
#279 = LINE ( 'NONE', #841, #3206 ) ;
#280 = CARTESIAN_POINT ( 'NONE',  ( -4.415724992891714606, -11.40677946606064452, 15.84322053393927376 ) ) ;
#281 = FACE_OUTER_BOUND ( 'NONE', #1555, .T. ) ;
#282 = CIRCLE ( 'NONE', #1188, 6.050000000000000711 ) ;
#283 = AXIS2_PLACEMENT_3D ( 'NONE', #2519, #2254, #1979 ) ;
#284 = EDGE_LOOP ( 'NONE', ( #1054, #444, #3105, #55 ) ) ;
#285 = CARTESIAN_POINT ( 'NONE',  ( 2.500000000000011546, 3.009265538105056020E-33, -40.25000000000000711 ) ) ;
#286 = ADVANCED_FACE ( 'NONE', ( #2862 ), #1588, .F. ) ;
#287 = EDGE_CURVE ( 'NONE', #3392, #989, #3163, .T. ) ;
#288 = DIRECTION ( 'NONE',  ( 0.000000000000000000, -0.7071067811865522357, -0.7071067811865426878 ) ) ;
#289 = CARTESIAN_POINT ( 'NONE',  ( 2.500000000000011546, 0.000000000000000000, -41.00000000000000711 ) ) ;
#290 = ORIENTED_EDGE ( 'NONE', *, *, #2967, .T. ) ;
#291 = VECTOR ( 'NONE', #646, 1000.000000000000114 ) ;
#292 = AXIS2_PLACEMENT_3D ( 'NONE', #829, #2971, #562 ) ;
#293 = VERTEX_POINT ( 'NONE', #194 ) ;
#294 = PRODUCT_CONTEXT ( 'NONE', #962, 'mechanical' ) ;
#295 = LINE ( 'NONE', #1918, #459 ) ;
#296 = DIRECTION ( 'NONE',  ( -3.255518523096488954E-16, 0.7071067811865522357, 0.7071067811865426878 ) ) ;
#297 = CARTESIAN_POINT ( 'NONE',  ( -0.6594843508533897447, -22.40347508833399459, 4.280839486716835118 ) ) ;
#298 = ORIENTED_EDGE ( 'NONE', *, *, #1275, .T. ) ;
#299 = AXIS2_PLACEMENT_3D ( 'NONE', #1219, #3302, #892 ) ;
#300 = DIRECTION ( 'NONE',  ( 0.000000000000000000, -0.7071067811865426878, 0.7071067811865524577 ) ) ;
#301 = ORIENTED_EDGE ( 'NONE', *, *, #3299, .F. ) ;
#302 = ORIENTED_EDGE ( 'NONE', *, *, #2299, .F. ) ;
#303 = CLOSED_SHELL ( 'NONE', ( #374, #347, #2314, #1604, #2263, #2542, #286, #3310, #849, #3003, #1747, #1130, #2524, #679, #2599, #2363, #1073, #2352, #1692, #2492, #230, #1293, #3413, #1315, #272, #2448, #3214, #2560, #2591, #1020, #2914, #2061, #513, #466, #2977, #2622, #3474, #2000, #2898, #789, #2349, #1909, #3278, #887, #401, #3180, #2139, #809, #3127, #1270, #2333, #378, #2424, #988, #1028, #3066, #639, #1277, #2163, #49, #1895, #1945, #3303, #270, #3378, #1561, #3348, #2370, #2177, #8, #1324, #110, #1480, #501, #2779, #569, #1769, #612, #2012, #1962, #1395, #845, #1162, #2148, #2410, #1741, #2949, #2660, #94, #210, #1156, #1088, #3014, #165, #1200, #195, #3089, #494, #566, #1109, #2213, #1437, #1542, #3044, #1006, #1369, #1627, #2197, #2800, #526, #436, #2635, #1645, #2632, #3026 ) ) ;
#304 = VECTOR ( 'NONE', #1580, 1000.000000000000000 ) ;
#305 = ORIENTED_EDGE ( 'NONE', *, *, #3287, .T. ) ;
#306 = DIRECTION ( 'NONE',  ( 0.000000000000000000, 1.000000000000000000, -0.000000000000000000 ) ) ;
#307 = DIRECTION ( 'NONE',  ( 0.000000000000000000, 0.000000000000000000, 1.000000000000000000 ) ) ;
#308 = VERTEX_POINT ( 'NONE', #2615 ) ;
#309 = ORIENTED_EDGE ( 'NONE', *, *, #1485, .T. ) ;
#310 = CARTESIAN_POINT ( 'NONE',  ( -1.749999999999992895, -19.00000000000000355, 7.684314575050786189 ) ) ;
#311 = LINE ( 'NONE', #858, #439 ) ;
#312 = CARTESIAN_POINT ( 'NONE',  ( -15.84999999999999609, -10.60992424049164562, 16.07439033455902688 ) ) ;
#313 = AXIS2_PLACEMENT_3D ( 'NONE', #2358, #559, #532 ) ;
#314 = VECTOR ( 'NONE', #2343, 1000.000000000000114 ) ;
#315 = AXIS2_PLACEMENT_3D ( 'NONE', #2742, #152, #3332 ) ;
#316 = VERTEX_POINT ( 'NONE', #176 ) ;
#317 = EDGE_CURVE ( 'NONE', #592, #989, #1021, .T. ) ;
#318 = DIRECTION ( 'NONE',  ( 0.000000000000000000, 0.4818283590793211446, 0.8762656174853198365 ) ) ;
#319 = DIRECTION ( 'NONE',  ( -0.000000000000000000, 0.4818283590793211446, 0.8762656174853197255 ) ) ;
#320 = VERTEX_POINT ( 'NONE', #2600 ) ;
#321 = ORIENTED_EDGE ( 'NONE', *, *, #1969, .F. ) ;
#322 = LINE ( 'NONE', #2051, #808 ) ;
#323 = LINE ( 'NONE', #606, #3154 ) ;
#324 = DIRECTION ( 'NONE',  ( -0.000000000000000000, 0.000000000000000000, -1.000000000000000000 ) ) ;
#325 = LINE ( 'NONE', #1407, #2995 ) ;
#326 = ORIENTED_EDGE ( 'NONE', *, *, #2729, .T. ) ;
#327 = ORIENTED_EDGE ( 'NONE', *, *, #3396, .F. ) ;
#328 = VECTOR ( 'NONE', #2852, 1000.000000000000114 ) ;
#329 = EDGE_CURVE ( 'NONE', #703, #2112, #2055, .T. ) ;
#330 = CARTESIAN_POINT ( 'NONE',  ( -2.499999999999988454, 0.000000000000000000, -40.25000000000000711 ) ) ;
#331 = LINE ( 'NONE', #64, #1848 ) ;
#332 = CARTESIAN_POINT ( 'NONE',  ( 21.75000000000001066, 4.000000000000000000, -9.000000000000001776 ) ) ;
#333 = ORIENTED_EDGE ( 'NONE', *, *, #89, .T. ) ;
#334 = EDGE_CURVE ( 'NONE', #3197, #3029, #33, .T. ) ;
#335 = AXIS2_PLACEMENT_3D ( 'NONE', #273, #1373, #2711 ) ;
#336 = CARTESIAN_POINT ( 'NONE',  ( 1.044470119594115926E-14, -8.250000000000000000, 0.9999999999999974465 ) ) ;
#337 = CARTESIAN_POINT ( 'NONE',  ( 1.750000000000017542, -18.25000000000000711, -41.00000000000000711 ) ) ;
#338 = ORIENTED_EDGE ( 'NONE', *, *, #171, .T. ) ;
#339 = CARTESIAN_POINT ( 'NONE',  ( 21.75000000000001421, 0.000000000000000000, 8.250000000000003553 ) ) ;
#340 = CARTESIAN_POINT ( 'NONE',  ( 15.84999999999999254, -8.749999999999875655, 18.50000000000000355 ) ) ;
#341 = CARTESIAN_POINT ( 'NONE',  ( 14.64999999999999503, -10.60992424049164384, 16.07439033455901978 ) ) ;
#342 = DIRECTION ( 'NONE',  ( -1.000000000000000000, 1.962615573354704784E-17, -1.962615573354731593E-17 ) ) ;
#343 = ORIENTED_EDGE ( 'NONE', *, *, #43, .F. ) ;
#344 = ORIENTED_EDGE ( 'NONE', *, *, #758, .T. ) ;
#345 = DIRECTION ( 'NONE',  ( -1.000000000000000000, 1.962615573354704784E-17, -1.962615573354731593E-17 ) ) ;
#346 = FACE_OUTER_BOUND ( 'NONE', #3284, .T. ) ;
#347 = ADVANCED_FACE ( 'NONE', ( #2348 ), #3198, .F. ) ;
#348 = CARTESIAN_POINT ( 'NONE',  ( 19.50000000000000000, 12.50000000000000000, 6.249999999999997335 ) ) ;
#349 = ORIENTED_EDGE ( 'NONE', *, *, #1354, .F. ) ;
#350 = CARTESIAN_POINT ( 'NONE',  ( -15.84999999999999609, -9.217157287525255427, 17.46715728752539576 ) ) ;
#351 = CARTESIAN_POINT ( 'NONE',  ( -2.499999999999988454, -8.250000000000000000, -22.00000000000000711 ) ) ;
#352 = EDGE_CURVE ( 'NONE', #2156, #1700, #490, .T. ) ;
#353 = CARTESIAN_POINT ( 'NONE',  ( 4.415724992891725265, -11.40677946606064452, 15.84322053393927376 ) ) ;
#354 = CIRCLE ( 'NONE', #2481, 6.050000000000000711 ) ;
#355 = ORIENTED_EDGE ( 'NONE', *, *, #2713, .F. ) ;
#356 = LINE ( 'NONE', #2275, #2090 ) ;
#357 = DIRECTION ( 'NONE',  ( 0.4472135954999630347, 0.8944271909999133019, 0.000000000000000000 ) ) ;
#358 = CARTESIAN_POINT ( 'NONE',  ( -14.64999999999999503, -9.217157287525253651, 17.46715728752539576 ) ) ;
#359 = DIRECTION ( 'NONE',  ( 1.880790961315659671E-33, 0.7071067811865524577, 0.7071067811865426878 ) ) ;
#360 = AXIS2_PLACEMENT_3D ( 'NONE', #1070, #2136, #1100 ) ;
#361 = ORIENTED_EDGE ( 'NONE', *, *, #27, .T. ) ;
#362 = ORIENTED_EDGE ( 'NONE', *, *, #746, .F. ) ;
#363 = LINE ( 'NONE', #3344, #1409 ) ;
#364 = CARTESIAN_POINT ( 'NONE',  ( 21.75000000000001421, 3.903127820947815962E-15, 8.250000000000007105 ) ) ;
#365 = DIRECTION ( 'NONE',  ( -0.000000000000000000, 0.4818283590793211446, 0.8762656174853197255 ) ) ;
#366 = ORIENTED_EDGE ( 'NONE', *, *, #1621, .T. ) ;
#367 = EDGE_CURVE ( 'NONE', #167, #970, #1833, .T. ) ;
#368 = ORIENTED_EDGE ( 'NONE', *, *, #590, .F. ) ;
#369 = CARTESIAN_POINT ( 'NONE',  ( 2.500000000000011546, -7.000000000000000888, 0.9999999999999974465 ) ) ;
#370 = CARTESIAN_POINT ( 'NONE',  ( 14.64999999999999503, -13.34215728752526253, 13.34215728752544372 ) ) ;
#371 = CARTESIAN_POINT ( 'NONE',  ( -15.84999999999999609, -7.074390334558884774, 19.60992424049173977 ) ) ;
#372 = VECTOR ( 'NONE', #3126, 1000.000000000000000 ) ;
#373 = EDGE_LOOP ( 'NONE', ( #620, #2921, #523 ) ) ;
#374 = ADVANCED_FACE ( 'NONE', ( #226 ), #738, .F. ) ;
#375 = COLOUR_RGB ( '',0.7921568627450980005, 0.8196078431372548767, 0.9333333333333333481 ) ;
#376 = AXIS2_PLACEMENT_3D ( 'NONE', #1067, #521, #2892 ) ;
#377 = CARTESIAN_POINT ( 'NONE',  ( -22.49999999999998934, 4.000000000000000000, 8.999999999999998224 ) ) ;
#378 = ADVANCED_FACE ( 'NONE', ( #241 ), #1322, .T. ) ;
#379 = EDGE_CURVE ( 'NONE', #79, #1125, #774, .T. ) ;
#380 = DIRECTION ( 'NONE',  ( 1.000000000000000000, 0.000000000000000000, 0.000000000000000000 ) ) ;
#381 = CARTESIAN_POINT ( 'NONE',  ( -2.499999999999995115, 0.7500000000000006661, 8.999999999999998224 ) ) ;
#382 = CARTESIAN_POINT ( 'NONE',  ( -22.49999999999998934, 0.7500000000000006661, -9.000000000000001776 ) ) ;
#383 = DIRECTION ( 'NONE',  ( 0.000000000000000000, 0.7071067811865522357, 0.7071067811865426878 ) ) ;
#384 = ORIENTED_EDGE ( 'NONE', *, *, #124, .T. ) ;
#385 = ORIENTED_EDGE ( 'NONE', *, *, #1110, .T. ) ;
#386 = EDGE_CURVE ( 'NONE', #3174, #1172, #2913, .T. ) ;
#387 = LINE ( 'NONE', #2752, #2303 ) ;
#388 = DIRECTION ( 'NONE',  ( 0.000000000000000000, 0.000000000000000000, 1.000000000000000000 ) ) ;
#389 = CARTESIAN_POINT ( 'NONE',  ( 2.500000000000011546, -7.000000000000000888, -22.00000000000000711 ) ) ;
#390 = VERTEX_POINT ( 'NONE', #2124 ) ;
#391 = ORIENTED_EDGE ( 'NONE', *, *, #2248, .F. ) ;
#392 = DIRECTION ( 'NONE',  ( 0.5773502691896257311, 0.5773502691896204020, -0.5773502691896312822 ) ) ;
#393 = DIRECTION ( 'NONE',  ( 0.000000000000000000, -1.000000000000000000, 0.000000000000000000 ) ) ;
#394 = LINE ( 'NONE', #1977, #2056 ) ;
#395 = VECTOR ( 'NONE', #1577, 1000.000000000000000 ) ;
#396 = ORIENTED_EDGE ( 'NONE', *, *, #1732, .F. ) ;
#397 = CARTESIAN_POINT ( 'NONE',  ( -21.74999999999999645, 0.000000000000000000, -9.000000000000001776 ) ) ;
#398 = CARTESIAN_POINT ( 'NONE',  ( -21.74999999999998934, 12.50000000000000000, 8.250000000000003553 ) ) ;
#399 = DIRECTION ( 'NONE',  ( 0.000000000000000000, 0.7071067811865522357, 0.7071067811865426878 ) ) ;
#400 = DIRECTION ( 'NONE',  ( 0.7071067811865509034, 0.7071067811865442421, -0.000000000000000000 ) ) ;
#401 = ADVANCED_FACE ( 'NONE', ( #1866 ), #1521, .F. ) ;
#402 = EDGE_LOOP ( 'NONE', ( #2597, #2817, #1539, #686, #1753 ) ) ;
#403 = ORIENTED_EDGE ( 'NONE', *, *, #1858, .T. ) ;
#404 = CARTESIAN_POINT ( 'NONE',  ( 2.500000000000011546, -0.7499999999999937828, -41.00000000000000711 ) ) ;
#405 = CARTESIAN_POINT ( 'NONE',  ( -21.74999999999998934, -8.749999999999875655, 18.50000000000000355 ) ) ;
#406 = LINE ( 'NONE', #1973, #1817 ) ;
#407 = EDGE_CURVE ( 'NONE', #1308, #544, #3473, .T. ) ;
#408 = ORIENTED_EDGE ( 'NONE', *, *, #447, .F. ) ;
#409 = ORIENTED_EDGE ( 'NONE', *, *, #1110, .F. ) ;
#410 = FACE_OUTER_BOUND ( 'NONE', #854, .T. ) ;
#411 = DIRECTION ( 'NONE',  ( -0.8152197410036731151, 0.4095221446258484610, 0.4095221446258429099 ) ) ;
#412 = CARTESIAN_POINT ( 'NONE',  ( 15.84999999999999609, -8.467157287525258980, 18.21715728752538155 ) ) ;
#413 = AXIS2_PLACEMENT_3D ( 'NONE', #2834, #2814, #393 ) ;
#414 = EDGE_LOOP ( 'NONE', ( #38, #2357, #576, #2653, #2104 ) ) ;
#415 = DIRECTION ( 'NONE',  ( -1.000000000000000000, 0.000000000000000000, -0.000000000000000000 ) ) ;
#416 = EDGE_CURVE ( 'NONE', #428, #1524, #3212, .T. ) ;
#417 = VECTOR ( 'NONE', #76, 1000.000000000000000 ) ;
#418 = CARTESIAN_POINT ( 'NONE',  ( -6.333333333333409421, 8.833333333333394322, 17.08333333333331439 ) ) ;
#419 = DIRECTION ( 'NONE',  ( -0.7071067811865507924, 6.839255870355016478E-17, -0.7071067811865441310 ) ) ;
#420 = CYLINDRICAL_SURFACE ( 'NONE', #1655, 6.050000000000000711 ) ;
#421 = VERTEX_POINT ( 'NONE', #1878 ) ;
#422 = ORIENTED_EDGE ( 'NONE', *, *, #2475, .T. ) ;
#423 = EDGE_CURVE ( 'NONE', #2335, #1789, #2, .T. ) ;
#424 = AXIS2_PLACEMENT_3D ( 'NONE', #1353, #2689, #1368 ) ;
#425 = CIRCLE ( 'NONE', #2558, 2.999999999999999112 ) ;
#426 = PLANE ( 'NONE',  #1690 ) ;
#427 = DIRECTION ( 'NONE',  ( -2.282530889443167392E-17, -1.000000000000000000, 0.000000000000000000 ) ) ;
#428 = VERTEX_POINT ( 'NONE', #2944 ) ;
#429 = ORIENTED_EDGE ( 'NONE', *, *, #2120, .T. ) ;
#430 = CYLINDRICAL_SURFACE ( 'NONE', #1001, 2.999999999999999112 ) ;
#431 = CARTESIAN_POINT ( 'NONE',  ( 8.673617379884035472E-15, -37.38999422927292926, -10.70567965422188905 ) ) ;
#432 = DIRECTION ( 'NONE',  ( 0.000000000000000000, -0.7071067811865426878, 0.7071067811865523467 ) ) ;
#433 = LINE ( 'NONE', #3409, #1342 ) ;
#434 = EDGE_LOOP ( 'NONE', ( #3271, #44, #1985, #3082 ) ) ;
#435 = ORIENTED_EDGE ( 'NONE', *, *, #2157, .T. ) ;
#436 = ADVANCED_FACE ( 'NONE', ( #815 ), #2676, .F. ) ;
#437 = AXIS2_PLACEMENT_3D ( 'NONE', #1249, #2890, #2032 ) ;
#438 = DIRECTION ( 'NONE',  ( 0.000000000000000000, 0.000000000000000000, 1.000000000000000000 ) ) ;
#439 = VECTOR ( 'NONE', #1935, 1000.000000000000000 ) ;
#440 = AXIS2_PLACEMENT_3D ( 'NONE', #963, #2612, #172 ) ;
#441 = LINE ( 'NONE', #3361, #109 ) ;
#442 = LINE ( 'NONE', #1523, #582 ) ;
#443 = ORIENTED_EDGE ( 'NONE', *, *, #1611, .T. ) ;
#444 = ORIENTED_EDGE ( 'NONE', *, *, #5, .F. ) ;
#445 = DIRECTION ( 'NONE',  ( 1.000000000000000000, -2.282530889443167700E-17, -0.000000000000000000 ) ) ;
#446 = FACE_OUTER_BOUND ( 'NONE', #83, .T. ) ;
#447 = EDGE_CURVE ( 'NONE', #18, #1638, #1118, .T. ) ;
#448 = ORIENTED_EDGE ( 'NONE', *, *, #775, .F. ) ;
#449 = ORIENTED_EDGE ( 'NONE', *, *, #2978, .T. ) ;
#450 = FACE_OUTER_BOUND ( 'NONE', #2461, .T. ) ;
#451 = DIRECTION ( 'NONE',  ( 0.000000000000000000, 1.000000000000000000, 0.000000000000000000 ) ) ;
#452 = CARTESIAN_POINT ( 'NONE',  ( -2.499999999999988454, 14.16200903826846336, -5.912009038268640992 ) ) ;
#453 = CARTESIAN_POINT ( 'NONE',  ( 1.750000000000017986, -0.7499999999999937828, -41.00000000000000711 ) ) ;
#454 = ORIENTED_EDGE ( 'NONE', *, *, #2831, .F. ) ;
#455 = EDGE_CURVE ( 'NONE', #3350, #1248, #214, .T. ) ;
#456 = ORIENTED_EDGE ( 'NONE', *, *, #2869, .T. ) ;
#457 = CARTESIAN_POINT ( 'NONE',  ( -8.166666666666781538, -6.416666666666735352, -16.16666666666666785 ) ) ;
#458 = EDGE_CURVE ( 'NONE', #1626, #3156, #2961, .T. ) ;
#459 = VECTOR ( 'NONE', #63, 1000.000000000000000 ) ;
#460 = AXIS2_PLACEMENT_3D ( 'NONE', #1183, #3327, #2809 ) ;
#461 = ORIENTED_EDGE ( 'NONE', *, *, #1013, .T. ) ;
#462 = ORIENTED_EDGE ( 'NONE', *, *, #139, .T. ) ;
#463 = DIRECTION ( 'NONE',  ( 0.000000000000000000, -0.7071067811865507924, 0.7071067811865442421 ) ) ;
#464 = CARTESIAN_POINT ( 'NONE',  ( 1.040834085586084257E-14, -10.00000000000000000, -22.00000000000000711 ) ) ;
#465 = VERTEX_POINT ( 'NONE', #2930 ) ;
#466 = ADVANCED_FACE ( 'NONE', ( #2659 ), #2438, .T. ) ;
#467 = CARTESIAN_POINT ( 'NONE',  ( -9.730019496664785607E-16, 12.50000000000000000, -6.250000000000000000 ) ) ;
#468 = LINE ( 'NONE', #693, #87 ) ;
#469 = FACE_OUTER_BOUND ( 'NONE', #1305, .T. ) ;
#470 = CARTESIAN_POINT ( 'NONE',  ( 1.750000000000010658, -19.00000000000000000, 8.250000000000007105 ) ) ;
#471 = CARTESIAN_POINT ( 'NONE',  ( 19.16666666666666430, 9.166666666666687391, -11.58333333333331971 ) ) ;
#472 = ORIENTED_EDGE ( 'NONE', *, *, #2437, .T. ) ;
#473 = EDGE_CURVE ( 'NONE', #1227, #2335, #554, .T. ) ;
#474 = DIRECTION ( 'NONE',  ( -0.5773502691896257311, -0.5773502691896204020, 0.5773502691896310601 ) ) ;
#475 = VECTOR ( 'NONE', #818, 1000.000000000000114 ) ;
#476 = CIRCLE ( 'NONE', #292, 1.749999999999999778 ) ;
#477 = ORIENTED_EDGE ( 'NONE', *, *, #3393, .F. ) ;
#478 = ORIENTED_EDGE ( 'NONE', *, *, #2471, .T. ) ;
#479 = VECTOR ( 'NONE', #2595, 1000.000000000000000 ) ;
#480 = DIRECTION ( 'NONE',  ( 0.5773502691896204020, 0.5773502691896257311, 0.5773502691896310601 ) ) ;
#481 = PLANE ( 'NONE',  #2662 ) ;
#482 = ORIENTED_EDGE ( 'NONE', *, *, #2880, .T. ) ;
#483 = DIRECTION ( 'NONE',  ( -1.000000000000000000, 0.000000000000000000, 1.556803119466365480E-16 ) ) ;
#484 = CYLINDRICAL_SURFACE ( 'NONE', #540, 1.749999999999999778 ) ;
#485 = LINE ( 'NONE', #2116, #824 ) ;
#486 = LINE ( 'NONE', #2133, #2849 ) ;
#487 = DIRECTION ( 'NONE',  ( 0.000000000000000000, 0.000000000000000000, -1.000000000000000000 ) ) ;
#488 = EDGE_CURVE ( 'NONE', #1664, #1041, #1085, .T. ) ;
#489 = EDGE_LOOP ( 'NONE', ( #3364, #2680, #713, #1865, #1475, #2379, #2983, #2076, #1603, #1859 ) ) ;
#490 = LINE ( 'NONE', #2075, #2781 ) ;
#491 = EDGE_CURVE ( 'NONE', #1737, #1993, #1136, .T. ) ;
#492 = ORIENTED_EDGE ( 'NONE', *, *, #1586, .T. ) ;
#493 = VECTOR ( 'NONE', #3437, 1000.000000000000000 ) ;
#494 = ADVANCED_FACE ( 'NONE', ( #271 ), #36, .F. ) ;
#495 = EDGE_LOOP ( 'NONE', ( #880, #633, #1884, #2778 ) ) ;
#496 = VECTOR ( 'NONE', #3289, 1000.000000000000000 ) ;
#497 = EDGE_CURVE ( 'NONE', #3240, #3038, #1600, .T. ) ;
#498 = DIRECTION ( 'NONE',  ( 0.000000000000000000, -0.7071067811865426878, 0.7071067811865524577 ) ) ;
#499 = CARTESIAN_POINT ( 'NONE',  ( 2.500000000000011546, -18.25000000000000711, -40.25000000000000711 ) ) ;
#500 = ORIENTED_EDGE ( 'NONE', *, *, #1969, .T. ) ;
#501 = ADVANCED_FACE ( 'NONE', ( #2991 ), #524, .F. ) ;
#502 = CARTESIAN_POINT ( 'NONE',  ( -5.348127437391596766E-16, -10.89276695296626229, 16.35723304703364533 ) ) ;
#503 = LINE ( 'NONE', #2158, #156 ) ;
#504 = DIRECTION ( 'NONE',  ( -2.775557561562891043E-17, -0.7071067811865427988, 0.7071067811865523467 ) ) ;
#505 = DIRECTION ( 'NONE',  ( -1.000000000000000000, 1.962615573354704784E-17, -1.962615573354731593E-17 ) ) ;
#506 = CARTESIAN_POINT ( 'NONE',  ( -0.6594843508533813070, -4.550921098606587556, -54.69907890139361228 ) ) ;
#507 = ORIENTED_EDGE ( 'NONE', *, *, #1680, .F. ) ;
#508 = DIRECTION ( 'NONE',  ( 0.000000000000000000, -0.000000000000000000, -1.000000000000000000 ) ) ;
#509 = VECTOR ( 'NONE', #896, 1000.000000000000114 ) ;
#510 = EDGE_CURVE ( 'NONE', #794, #293, #1339, .T. ) ;
#511 = ORIENTED_EDGE ( 'NONE', *, *, #791, .T. ) ;
#512 = VECTOR ( 'NONE', #1954, 999.9999999999998863 ) ;
#513 = ADVANCED_FACE ( 'NONE', ( #3242 ), #2397, .F. ) ;
#514 = CARTESIAN_POINT ( 'NONE',  ( 22.50000000000001066, 11.75000000000000711, 8.250000000000003553 ) ) ;
#515 = FACE_OUTER_BOUND ( 'NONE', #2714, .T. ) ;
#516 = ORIENTED_EDGE ( 'NONE', *, *, #889, .F. ) ;
#517 = ORIENTED_EDGE ( 'NONE', *, *, #1732, .T. ) ;
#518 = CARTESIAN_POINT ( 'NONE',  ( -5.348127437391596766E-16, -9.499999999999872102, 17.75000000000001421 ) ) ;
#519 = CARTESIAN_POINT ( 'NONE',  ( -2.499999999999986233, -19.00000000000000000, -40.25000000000000711 ) ) ;
#520 = DIRECTION ( 'NONE',  ( -0.7071067811865507924, 6.469680575000567723E-15, -0.7071067811865441310 ) ) ;
#521 = DIRECTION ( 'NONE',  ( 1.000000000000000000, -2.077733718875242515E-17, -4.622231866529364679E-33 ) ) ;
#522 = CYLINDRICAL_SURFACE ( 'NONE', #1371, 6.050000000000000711 ) ;
#523 = ORIENTED_EDGE ( 'NONE', *, *, #550, .F. ) ;
#524 = PLANE ( 'NONE',  #2382 ) ;
#525 = VECTOR ( 'NONE', #1140, 1000.000000000000114 ) ;
#526 = ADVANCED_FACE ( 'NONE', ( #832 ), #1910, .T. ) ;
#527 = FACE_OUTER_BOUND ( 'NONE', #806, .T. ) ;
#528 = CARTESIAN_POINT ( 'NONE',  ( 1.134417852053254179E-14, -7.000000000000000888, -22.00000000000000711 ) ) ;
#529 = ORIENTED_EDGE ( 'NONE', *, *, #1213, .T. ) ;
#530 = ORIENTED_EDGE ( 'NONE', *, *, #211, .F. ) ;
#531 = EDGE_CURVE ( 'NONE', #1593, #3147, #394, .T. ) ;
#532 = DIRECTION ( 'NONE',  ( 0.000000000000000000, -1.000000000000000000, 0.000000000000000000 ) ) ;
#533 = LINE ( 'NONE', #46, #882 ) ;
#534 = FACE_OUTER_BOUND ( 'NONE', #2832, .T. ) ;
#535 = CARTESIAN_POINT ( 'NONE',  ( 1.040834085586084257E-14, -10.00000000000000000, 0.9999999999999974465 ) ) ;
#536 = ORIENTED_EDGE ( 'NONE', *, *, #3172, .T. ) ;
#537 = AXIS2_PLACEMENT_3D ( 'NONE', #1473, #2557, #2017 ) ;
#538 = CARTESIAN_POINT ( 'NONE',  ( -14.64999999999999503, -10.60992424049164562, 16.07439033455902688 ) ) ;
#539 = EDGE_CURVE ( 'NONE', #1008, #3029, #128, .T. ) ;
#540 = AXIS2_PLACEMENT_3D ( 'NONE', #203, #1283, #187 ) ;
#541 = FACE_BOUND ( 'NONE', #2681, .T. ) ;
#542 = DIRECTION ( 'NONE',  ( 0.5773502691896221783, -0.5773502691896275074, -0.5773502691896275074 ) ) ;
#543 = VECTOR ( 'NONE', #1818, 1000.000000000000114 ) ;
#544 = VERTEX_POINT ( 'NONE', #903 ) ;
#545 = ORIENTED_EDGE ( 'NONE', *, *, #1933, .T. ) ;
#546 = VECTOR ( 'NONE', #2493, 1000.000000000000000 ) ;
#547 = CARTESIAN_POINT ( 'NONE',  ( -14.64999999999999503, -13.62499999999988098, 13.62500000000006395 ) ) ;
#548 = DIRECTION ( 'NONE',  ( 0.000000000000000000, 0.7071067811865426878, -0.7071067811865524577 ) ) ;
#549 = PLANE ( 'NONE',  #92 ) ;
#550 = EDGE_CURVE ( 'NONE', #1700, #293, #70, .T. ) ;
#551 = FACE_OUTER_BOUND ( 'NONE', #3248, .T. ) ;
#552 = EDGE_LOOP ( 'NONE', ( #517, #1014, #3062, #2249 ) ) ;
#553 = EDGE_CURVE ( 'NONE', #421, #137, #942, .T. ) ;
#554 = LINE ( 'NONE', #1628, #1938 ) ;
#555 = CARTESIAN_POINT ( 'NONE',  ( 28.24999999999995737, 6.500000000000001776, -2.500000000000109690 ) ) ;
#556 = DIRECTION ( 'NONE',  ( 2.077733718875228956E-17, 1.000000000000000000, 0.000000000000000000 ) ) ;
#557 = ORIENTED_EDGE ( 'NONE', *, *, #1135, .T. ) ;
#558 = ORIENTED_EDGE ( 'NONE', *, *, #2613, .T. ) ;
#559 = DIRECTION ( 'NONE',  ( -1.000000000000000000, -1.141265444721583757E-16, 0.000000000000000000 ) ) ;
#560 = DIRECTION ( 'NONE',  ( 0.000000000000000000, 1.000000000000000000, 0.000000000000000000 ) ) ;
#561 = FACE_BOUND ( 'NONE', #1808, .T. ) ;
#562 = DIRECTION ( 'NONE',  ( 0.000000000000000000, -1.000000000000000000, 0.000000000000000000 ) ) ;
#563 = VECTOR ( 'NONE', #3319, 1000.000000000000000 ) ;
#564 = VECTOR ( 'NONE', #1165, 1000.000000000000000 ) ;
#565 = EDGE_LOOP ( 'NONE', ( #1547, #1877, #1733, #1509 ) ) ;
#566 = ADVANCED_FACE ( 'NONE', ( #677 ), #1997, .T. ) ;
#567 = CARTESIAN_POINT ( 'NONE',  ( 15.84999999999999609, -13.34215728752526253, 13.34215728752544372 ) ) ;
#568 = ORIENTED_EDGE ( 'NONE', *, *, #3304, .F. ) ;
#569 = ADVANCED_FACE ( 'NONE', ( #1495 ), #1959, .T. ) ;
#570 = ORIENTED_EDGE ( 'NONE', *, *, #2928, .T. ) ;
#571 = DIRECTION ( 'NONE',  ( 0.000000000000000000, 0.000000000000000000, -1.000000000000000000 ) ) ;
#572 = DIRECTION ( 'NONE',  ( 0.000000000000000000, 0.7071067811865522357, 0.7071067811865426878 ) ) ;
#573 = ORIENTED_EDGE ( 'NONE', *, *, #596, .T. ) ;
#574 = AXIS2_PLACEMENT_3D ( 'NONE', #2963, #2153, #6 ) ;
#575 = CIRCLE ( 'NONE', #2541, 1.749999999999999778 ) ;
#576 = ORIENTED_EDGE ( 'NONE', *, *, #287, .F. ) ;
#577 = EDGE_CURVE ( 'NONE', #703, #3398, #923, .T. ) ;
#578 = LINE ( 'NONE', #2404, #2960 ) ;
#579 = DIRECTION ( 'NONE',  ( -2.775557561562891351E-16, 0.000000000000000000, 1.000000000000000000 ) ) ;
#580 = CARTESIAN_POINT ( 'NONE',  ( 2.500000000000011546, -9.500000000000007105, -11.00000000000000178 ) ) ;
#581 = ORIENTED_EDGE ( 'NONE', *, *, #1630, .T. ) ;
#582 = VECTOR ( 'NONE', #2584, 1000.000000000000114 ) ;
#583 = LINE ( 'NONE', #1923, #3133 ) ;
#584 = DIRECTION ( 'NONE',  ( 0.000000000000000000, 0.000000000000000000, 1.000000000000000000 ) ) ;
#585 = VERTEX_POINT ( 'NONE', #3028 ) ;
#586 = AXIS2_PLACEMENT_3D ( 'NONE', #2400, #2445, #853 ) ;
#587 = FACE_OUTER_BOUND ( 'NONE', #284, .T. ) ;
#588 = PLANE ( 'NONE',  #2044 ) ;
#589 = CARTESIAN_POINT ( 'NONE',  ( -15.84999999999999609, -7.074390334558884774, 19.60992424049173977 ) ) ;
#590 = EDGE_CURVE ( 'NONE', #1308, #1084, #602, .T. ) ;
#591 = ORIENTED_EDGE ( 'NONE', *, *, #179, .T. ) ;
#592 = VERTEX_POINT ( 'NONE', #2272 ) ;
#593 = FACE_OUTER_BOUND ( 'NONE', #3189, .T. ) ;
#594 = DIRECTION ( 'NONE',  ( 1.000000000000000000, -2.282530889443167700E-17, -0.000000000000000000 ) ) ;
#595 = CARTESIAN_POINT ( 'NONE',  ( 14.64999999999999503, -8.467157287525258980, 18.21715728752538155 ) ) ;
#596 = EDGE_CURVE ( 'NONE', #1445, #3240, #638, .T. ) ;
#597 = ORIENTED_EDGE ( 'NONE', *, *, #1922, .F. ) ;
#598 = VECTOR ( 'NONE', #2144, 1000.000000000000000 ) ;
#599 = VECTOR ( 'NONE', #1829, 1000.000000000000000 ) ;
#600 = AXIS2_PLACEMENT_3D ( 'NONE', #3426, #3160, #1337 ) ;
#601 = DIRECTION ( 'NONE',  ( 0.000000000000000000, 0.8762656174853244995, 0.4818283590793126514 ) ) ;
#602 = LINE ( 'NONE', #2294, #1606 ) ;
#603 = ORIENTED_EDGE ( 'NONE', *, *, #605, .T. ) ;
#604 = CARTESIAN_POINT ( 'NONE',  ( -4.415724992891714606, -11.12393675358602607, 15.56037782146465176 ) ) ;
#605 = EDGE_CURVE ( 'NONE', #3306, #1921, #2491, .T. ) ;
#606 = CARTESIAN_POINT ( 'NONE',  ( 0.4000000000000108469, -15.55000000000000782, -11.00000000000000178 ) ) ;
#607 = DIRECTION ( 'NONE',  ( 0.000000000000000000, -0.7071067811865426878, 0.7071067811865524577 ) ) ;
#608 = CARTESIAN_POINT ( 'NONE',  ( 2.500000000000011546, -19.00000000000000000, -40.25000000000000711 ) ) ;
#609 = ORIENTED_EDGE ( 'NONE', *, *, #3443, .T. ) ;
#610 = VERTEX_POINT ( 'NONE', #658 ) ;
#611 = AXIS2_PLACEMENT_3D ( 'NONE', #464, #1855, #1344 ) ;
#612 = ADVANCED_FACE ( 'NONE', ( #1682 ), #2252, .T. ) ;
#613 = LINE ( 'NONE', #1507, #512 ) ;
#614 = LINE ( 'NONE', #2189, #3012 ) ;
#615 = CARTESIAN_POINT ( 'NONE',  ( -0.7438534916277740328, -19.45874425693184406, 1.336108655314641958 ) ) ;
#616 = EDGE_LOOP ( 'NONE', ( #240, #2288, #2602, #9 ) ) ;
#617 = AXIS2_PLACEMENT_3D ( 'NONE', #1767, #629, #2789 ) ;
#618 = DIRECTION ( 'NONE',  ( 2.000103339267233529E-17, 0.8762656174853198365, -0.4818283590793211446 ) ) ;
#619 = DIRECTION ( 'NONE',  ( 0.000000000000000000, -0.7071067811865426878, 0.7071067811865524577 ) ) ;
#620 = ORIENTED_EDGE ( 'NONE', *, *, #2773, .T. ) ;
#621 = CARTESIAN_POINT ( 'NONE',  ( 1.750000000000010658, -19.00000000000000000, -41.00000000000000711 ) ) ;
#622 = CARTESIAN_POINT ( 'NONE',  ( -4.416666666666642982, 12.24534237160180616, -7.828675704935269763 ) ) ;
#623 = CARTESIAN_POINT ( 'NONE',  ( -12.49999999999999112, 0.000000000000000000, 1.749999999999996669 ) ) ;
#624 = DIRECTION ( 'NONE',  ( 1.000000000000000000, 4.625929269271543698E-15, 4.625929269271481378E-15 ) ) ;
#625 = ORIENTED_EDGE ( 'NONE', *, *, #497, .F. ) ;
#626 = EDGE_CURVE ( 'NONE', #2673, #428, #2476, .T. ) ;
#627 = EDGE_LOOP ( 'NONE', ( #3411, #2518, #925, #2059 ) ) ;
#628 = VECTOR ( 'NONE', #891, 1000.000000000000000 ) ;
#629 = DIRECTION ( 'NONE',  ( 0.000000000000000000, 0.7071067811865509034, -0.7071067811865442421 ) ) ;
#630 = LINE ( 'NONE', #1488, #2131 ) ;
#631 = DIRECTION ( 'NONE',  ( 0.4472135954999624796, -0.8944271909999136350, 0.000000000000000000 ) ) ;
#632 = EDGE_CURVE ( 'NONE', #2824, #3192, #1756, .T. ) ;
#633 = ORIENTED_EDGE ( 'NONE', *, *, #1074, .F. ) ;
#634 = EDGE_CURVE ( 'NONE', #1046, #2756, #3087, .T. ) ;
#635 = VERTEX_POINT ( 'NONE', #2777 ) ;
#636 = LINE ( 'NONE', #1941, #2166 ) ;
#637 = DIRECTION ( 'NONE',  ( 0.000000000000000000, 0.000000000000000000, -1.000000000000000000 ) ) ;
#638 = LINE ( 'NONE', #371, #77 ) ;
#639 = ADVANCED_FACE ( 'NONE', ( #2816 ), #1190, .F. ) ;
#640 = VECTOR ( 'NONE', #2328, 1000.000000000000114 ) ;
#641 = ORIENTED_EDGE ( 'NONE', *, *, #3324, .F. ) ;
#642 = CARTESIAN_POINT ( 'NONE',  ( -2.499999999999988454, -9.217157287525253651, 17.46715728752539576 ) ) ;
#643 = EDGE_CURVE ( 'NONE', #1308, #2156, #1736, .T. ) ;
#644 = CARTESIAN_POINT ( 'NONE',  ( 22.49999999999999645, 12.50000000000000000, 8.250000000000003553 ) ) ;
#645 =( NAMED_UNIT ( * ) SI_UNIT ( $, .STERADIAN. ) SOLID_ANGLE_UNIT ( ) );
#646 = DIRECTION ( 'NONE',  ( -6.839255870354841449E-17, -0.7071067811865442421, 0.7071067811865507924 ) ) ;
#647 = DIRECTION ( 'NONE',  ( 0.000000000000000000, 0.7071067811865522357, 0.7071067811865426878 ) ) ;
#648 = ORIENTED_EDGE ( 'NONE', *, *, #2460, .F. ) ;
#649 = VERTEX_POINT ( 'NONE', #1171 ) ;
#650 = CARTESIAN_POINT ( 'NONE',  ( -22.49999999999998934, 11.75000000000000711, -8.250000000000000000 ) ) ;
#651 = LINE ( 'NONE', #671, #3201 ) ;
#652 = CARTESIAN_POINT ( 'NONE',  ( 2.500000000000011546, -4.198593014213822805, -13.91506157242989516 ) ) ;
#653 = VERTEX_POINT ( 'NONE', #190 ) ;
#654 = EDGE_CURVE ( 'NONE', #2334, #1978, #2344, .T. ) ;
#655 = ORIENTED_EDGE ( 'NONE', *, *, #3060, .T. ) ;
#656 = LINE ( 'NONE', #2741, #546 ) ;
#657 = CARTESIAN_POINT ( 'NONE',  ( 0.4000000000000114575, -5.045227278524780701, -15.45477272147527437 ) ) ;
#658 = CARTESIAN_POINT ( 'NONE',  ( -0.08499999999998558708, -18.99999999999998934, 0.8773643983827803527 ) ) ;
#659 = AXIS2_PLACEMENT_3D ( 'NONE', #1095, #1622, #1065 ) ;
#660 = VECTOR ( 'NONE', #864, 1000.000000000000000 ) ;
#661 = ORIENTED_EDGE ( 'NONE', *, *, #2293, .T. ) ;
#662 = VECTOR ( 'NONE', #1051, 1000.000000000000000 ) ;
#663 = EDGE_CURVE ( 'NONE', #3265, #1626, #2283, .T. ) ;
#664 = DIRECTION ( 'NONE',  ( 0.000000000000000000, 1.000000000000000000, 0.000000000000000000 ) ) ;
#665 = DIRECTION ( 'NONE',  ( 2.688104559881415512E-17, 1.000000000000000000, 0.000000000000000000 ) ) ;
#666 = CARTESIAN_POINT ( 'NONE',  ( -12.49999999999999112, 1.500000000000000000, -3.000000000000002665 ) ) ;
#667 = CARTESIAN_POINT ( 'NONE',  ( -2.499999999999986233, -18.25000000000000000, -41.00000000000000711 ) ) ;
#668 = EDGE_LOOP ( 'NONE', ( #2261, #920, #2722, #2253 ) ) ;
#669 = ORIENTED_EDGE ( 'NONE', *, *, #1814, .F. ) ;
#670 = CARTESIAN_POINT ( 'NONE',  ( 0.4000000000000114575, -6.584938427570168784, -16.30140698578621894 ) ) ;
#671 = CARTESIAN_POINT ( 'NONE',  ( 22.50000000000001066, 11.75000000000000711, 8.999999999999998224 ) ) ;
#672 = CARTESIAN_POINT ( 'NONE',  ( -12.49999999999999112, 1.500000000000000000, -3.469446951953614189E-15 ) ) ;
#673 = ORIENTED_EDGE ( 'NONE', *, *, #1851, .F. ) ;
#674 = VERTEX_POINT ( 'NONE', #453 ) ;
#675 = LINE ( 'NONE', #3313, #1086 ) ;
#676 = FACE_OUTER_BOUND ( 'NONE', #1807, .T. ) ;
#677 = FACE_OUTER_BOUND ( 'NONE', #78, .T. ) ;
#678 = AXIS2_PLACEMENT_3D ( 'NONE', #3098, #1749, #2284 ) ;
#679 = ADVANCED_FACE ( 'NONE', ( #2311 ), #717, .T. ) ;
#680 = ORIENTED_EDGE ( 'NONE', *, *, #682, .F. ) ;
#681 = CARTESIAN_POINT ( 'NONE',  ( 0.4000000000000114575, -5.045227278524780701, -37.45477272147527259 ) ) ;
#682 = EDGE_CURVE ( 'NONE', #26, #1161, #2377, .T. ) ;
#683 = CARTESIAN_POINT ( 'NONE',  ( -5.348127437391596766E-16, -13.34215728752526253, 13.34215728752544372 ) ) ;
#684 = DIRECTION ( 'NONE',  ( 1.000000000000000000, 0.000000000000000000, -0.000000000000000000 ) ) ;
#685 = LINE ( 'NONE', #2843, #417 ) ;
#686 = ORIENTED_EDGE ( 'NONE', *, *, #179, .F. ) ;
#687 = VERTEX_POINT ( 'NONE', #2596 ) ;
#688 = CARTESIAN_POINT ( 'NONE',  ( -2.499999999999986233, -18.25000000000000000, 8.250000000000007105 ) ) ;
#689 = CARTESIAN_POINT ( 'NONE',  ( -0.6594843508533897447, -25.06980870216097301, 1.614505872889892668 ) ) ;
#690 = VERTEX_POINT ( 'NONE', #3391 ) ;
#691 = EDGE_CURVE ( 'NONE', #1246, #2756, #1515, .T. ) ;
#692 = ORIENTED_EDGE ( 'NONE', *, *, #2755, .T. ) ;
#693 = CARTESIAN_POINT ( 'NONE',  ( -7.761816857184519414, -14.45440395637369591, 12.22991061867702633 ) ) ;
#694 = DIRECTION ( 'NONE',  ( -0.000000000000000000, 1.000000000000000000, -0.000000000000000000 ) ) ;
#695 = CARTESIAN_POINT ( 'NONE',  ( 21.75000000000001066, 12.50000000000000000, -8.250000000000007105 ) ) ;
#696 = CARTESIAN_POINT ( 'NONE',  ( 2.500000000000011546, -15.55000000000000782, -33.00000000000000000 ) ) ;
#697 = VERTEX_POINT ( 'NONE', #2859 ) ;
#698 = VECTOR ( 'NONE', #1513, 1000.000000000000114 ) ;
#699 = ORIENTED_EDGE ( 'NONE', *, *, #731, .F. ) ;
#700 = DIRECTION ( 'NONE',  ( 0.000000000000000000, -1.000000000000000000, -8.673617379880674925E-15 ) ) ;
#701 = LINE ( 'NONE', #2317, #277 ) ;
#702 = CARTESIAN_POINT ( 'NONE',  ( -15.84999999999999609, -13.62499999999988098, 13.62500000000006395 ) ) ;
#703 = VERTEX_POINT ( 'NONE', #980 ) ;
#704 = EDGE_LOOP ( 'NONE', ( #3422, #1099, #2547, #2301, #2067 ) ) ;
#705 = EDGE_CURVE ( 'NONE', #3247, #3306, #1392, .T. ) ;
#706 = VECTOR ( 'NONE', #1644, 1000.000000000000000 ) ;
#707 = EDGE_CURVE ( 'NONE', #1491, #1255, #1304, .T. ) ;
#708 = VECTOR ( 'NONE', #1298, 1000.000000000000114 ) ;
#709 = DIRECTION ( 'NONE',  ( -6.469680575000567723E-15, -0.7071067811865441310, 0.7071067811865507924 ) ) ;
#710 = PLANE ( 'NONE',  #3377 ) ;
#711 = ORIENTED_EDGE ( 'NONE', *, *, #3039, .F. ) ;
#712 = EDGE_CURVE ( 'NONE', #1160, #690, #3143, .T. ) ;
#713 = ORIENTED_EDGE ( 'NONE', *, *, #264, .T. ) ;
#714 = CARTESIAN_POINT ( 'NONE',  ( -21.75000000000003197, -13.62499999999977973, 13.62500000000016520 ) ) ;
#715 = LINE ( 'NONE', #2069, #10 ) ;
#716 = CARTESIAN_POINT ( 'NONE',  ( -0.6594843508533897447, -19.40000000000000213, -25.07407890139388584 ) ) ;
#717 = PLANE ( 'NONE',  #3360 ) ;
#718 = EDGE_LOOP ( 'NONE', ( #2325, #201, #2135, #1525 ) ) ;
#719 = VERTEX_POINT ( 'NONE', #696 ) ;
#720 = VECTOR ( 'NONE', #3175, 1000.000000000000000 ) ;
#721 = PLANE ( 'NONE',  #739 ) ;
#722 = VECTOR ( 'NONE', #2211, 1000.000000000000114 ) ;
#723 = VECTOR ( 'NONE', #1081, 1000.000000000000114 ) ;
#724 = CARTESIAN_POINT ( 'NONE',  ( 0.4000000000000114575, -5.045227278524780701, -37.45477272147527259 ) ) ;
#725 = VERTEX_POINT ( 'NONE', #1846 ) ;
#726 = ORIENTED_EDGE ( 'NONE', *, *, #3243, .F. ) ;
#727 = EDGE_CURVE ( 'NONE', #1122, #2972, #2728, .T. ) ;
#728 = DIRECTION ( 'NONE',  ( 0.000000000000000000, -0.000000000000000000, -1.000000000000000000 ) ) ;
#729 = PLANE ( 'NONE',  #2839 ) ;
#730 = ORIENTED_EDGE ( 'NONE', *, *, #1281, .F. ) ;
#731 = EDGE_CURVE ( 'NONE', #3147, #1294, #1830, .T. ) ;
#732 = ORIENTED_EDGE ( 'NONE', *, *, #1611, .F. ) ;
#733 = LINE ( 'NONE', #3351, #2567 ) ;
#734 = CARTESIAN_POINT ( 'NONE',  ( -5.348127437391596766E-16, -10.60992424049164562, 16.07439033455902688 ) ) ;
#735 = CARTESIAN_POINT ( 'NONE',  ( 1.127570259384924611E-14, -10.00000000000000000, -22.00000000000000711 ) ) ;
#736 = LINE ( 'NONE', #1812, #158 ) ;
#737 = ORIENTED_EDGE ( 'NONE', *, *, #3145, .F. ) ;
#738 = CYLINDRICAL_SURFACE ( 'NONE', #3416, 6.050000000000000711 ) ;
#739 = AXIS2_PLACEMENT_3D ( 'NONE', #3412, #1800, #508 ) ;
#740 = VECTOR ( 'NONE', #74, 1000.000000000000000 ) ;
#741 = VECTOR ( 'NONE', #122, 1000.000000000000114 ) ;
#742 = ORIENTED_EDGE ( 'NONE', *, *, #2048, .T. ) ;
#743 = ORIENTED_EDGE ( 'NONE', *, *, #2670, .F. ) ;
#744 = FACE_OUTER_BOUND ( 'NONE', #1570, .T. ) ;
#745 = DIRECTION ( 'NONE',  ( -2.775557561562891043E-17, -0.7071067811865427988, 0.7071067811865523467 ) ) ;
#746 = EDGE_CURVE ( 'NONE', #2507, #293, #239, .T. ) ;
#747 = ORIENTED_EDGE ( 'NONE', *, *, #1089, .T. ) ;
#748 = ORIENTED_EDGE ( 'NONE', *, *, #773, .T. ) ;
#749 = DIRECTION ( 'NONE',  ( 0.5714097563953786096, 0.8206649074355343298, -3.006099894678504172E-15 ) ) ;
#750 = LINE ( 'NONE', #1303, #599 ) ;
#751 = EDGE_CURVE ( 'NONE', #1872, #1544, #2645, .T. ) ;
#752 = DIRECTION ( 'NONE',  ( 7.335013783873184136E-15, 0.7071067811865524577, 0.7071067811865426878 ) ) ;
#753 = ORIENTED_EDGE ( 'NONE', *, *, #1174, .T. ) ;
#754 = EDGE_CURVE ( 'NONE', #2112, #390, #433, .T. ) ;
#755 = FACE_OUTER_BOUND ( 'NONE', #1144, .T. ) ;
#756 = VECTOR ( 'NONE', #908, 1000.000000000000114 ) ;
#757 = CIRCLE ( 'NONE', #2703, 6.050000000000000711 ) ;
#758 = EDGE_CURVE ( 'NONE', #1253, #1993, #2577, .T. ) ;
#759 = VERTEX_POINT ( 'NONE', #2052 ) ;
#760 = ORIENTED_EDGE ( 'NONE', *, *, #553, .F. ) ;
#761 = AXIS2_PLACEMENT_3D ( 'NONE', #735, #1811, #2199 ) ;
#762 = DIRECTION ( 'NONE',  ( -2.775557561562890735E-17, -0.7071067811865427988, 0.7071067811865523467 ) ) ;
#763 = DIRECTION ( 'NONE',  ( 0.000000000000000000, 0.7071067811865426878, -0.7071067811865523467 ) ) ;
#764 = ORIENTED_EDGE ( 'NONE', *, *, #416, .F. ) ;
#765 = VECTOR ( 'NONE', #2111, 1000.000000000000114 ) ;
#766 = VECTOR ( 'NONE', #2746, 1000.000000000000000 ) ;
#767 = ORIENTED_EDGE ( 'NONE', *, *, #379, .F. ) ;
#768 = CARTESIAN_POINT ( 'NONE',  ( -2.499999999999988454, -0.7499999999999937828, -41.00000000000000711 ) ) ;
#769 = DIRECTION ( 'NONE',  ( 0.000000000000000000, 0.7071067811865442421, 0.7071067811865509034 ) ) ;
#770 = PLANE ( 'NONE',  #1168 ) ;
#771 = DIRECTION ( 'NONE',  ( 1.141265444721583757E-16, -1.000000000000000000, -0.000000000000000000 ) ) ;
#772 = ORIENTED_EDGE ( 'NONE', *, *, #1120, .F. ) ;
#773 = EDGE_CURVE ( 'NONE', #3265, #1705, #736, .T. ) ;
#774 = LINE ( 'NONE', #1850, #372 ) ;
#775 = EDGE_CURVE ( 'NONE', #635, #1960, #2877, .T. ) ;
#776 = EDGE_LOOP ( 'NONE', ( #2192, #3444, #1953, #449 ) ) ;
#777 = ORIENTED_EDGE ( 'NONE', *, *, #2096, .F. ) ;
#778 = DIRECTION ( 'NONE',  ( 0.000000000000000000, -1.000000000000000000, 0.000000000000000000 ) ) ;
#779 = DIRECTION ( 'NONE',  ( 1.000000000000000000, -2.282530889443167700E-17, 0.000000000000000000 ) ) ;
#780 = ORIENTED_EDGE ( 'NONE', *, *, #1225, .F. ) ;
#781 = ORIENTED_EDGE ( 'NONE', *, *, #1372, .T. ) ;
#782 = ORIENTED_EDGE ( 'NONE', *, *, #1868, .T. ) ;
#783 = DIRECTION ( 'NONE',  ( -1.000000000000000000, 0.000000000000000000, 0.000000000000000000 ) ) ;
#784 = LINE ( 'NONE', #1844, #2848 ) ;
#785 = DIRECTION ( 'NONE',  ( 0.000000000000000000, -0.7071067811865426878, 0.7071067811865524577 ) ) ;
#786 = CARTESIAN_POINT ( 'NONE',  ( 0.6594843508533847487, -13.34215728752526253, 13.34215728752544372 ) ) ;
#787 = VERTEX_POINT ( 'NONE', #2087 ) ;
#788 = PLANE ( 'NONE',  #1355 ) ;
#789 = ADVANCED_FACE ( 'NONE', ( #206 ), #1286, .F. ) ;
#790 = AXIS2_PLACEMENT_3D ( 'NONE', #1778, #3298, #888 ) ;
#791 = EDGE_CURVE ( 'NONE', #1785, #1008, #2420, .T. ) ;
#792 = LINE ( 'NONE', #804, #2027 ) ;
#793 = DIRECTION ( 'NONE',  ( 0.000000000000000000, 0.000000000000000000, 1.000000000000000000 ) ) ;
#794 = VERTEX_POINT ( 'NONE', #2147 ) ;
#795 = VERTEX_POINT ( 'NONE', #312 ) ;
#796 = DIRECTION ( 'NONE',  ( -1.141265444721583757E-16, 1.000000000000000000, 0.000000000000000000 ) ) ;
#797 = FACE_OUTER_BOUND ( 'NONE', #71, .T. ) ;
#798 = CARTESIAN_POINT ( 'NONE',  ( 21.75000000000001421, 0.000000000000000000, 8.250000000000003553 ) ) ;
#799 = CARTESIAN_POINT ( 'NONE',  ( 1.750000000000017986, 0.000000000000000000, -40.25000000000000711 ) ) ;
#800 = EDGE_CURVE ( 'NONE', #108, #1246, #1642, .T. ) ;
#801 = EDGE_LOOP ( 'NONE', ( #98, #422, #1660, #3129 ) ) ;
#802 = CARTESIAN_POINT ( 'NONE',  ( 2.500000000000011546, -4.198593014213822805, -35.91506157242989161 ) ) ;
#803 = EDGE_CURVE ( 'NONE', #1199, #1041, #2927, .T. ) ;
#804 = CARTESIAN_POINT ( 'NONE',  ( 1.750000000000017986, 0.000000000000000000, -41.00000000000000711 ) ) ;
#805 = CARTESIAN_POINT ( 'NONE',  ( 0.08500000000001442513, -18.99999999999999645, 0.8773643983827871251 ) ) ;
#806 = EDGE_LOOP ( 'NONE', ( #2312, #831, #1643, #3020 ) ) ;
#807 = VERTEX_POINT ( 'NONE', #3223 ) ;
#808 = VECTOR ( 'NONE', #1230, 1000.000000000000000 ) ;
#809 = ADVANCED_FACE ( 'NONE', ( #551 ), #522, .F. ) ;
#810 = CARTESIAN_POINT ( 'NONE',  ( -1.749999999999994671, 8.559490835411807307E-17, -41.00000000000000711 ) ) ;
#811 = CARTESIAN_POINT ( 'NONE',  ( -22.49999999999998934, 4.000000000000000000, -8.250000000000000000 ) ) ;
#812 = LINE ( 'NONE', #280, #1452 ) ;
#813 = CARTESIAN_POINT ( 'NONE',  ( 2.500000000000011546, -10.00000000000000000, -22.00000000000000711 ) ) ;
#814 = VERTEX_POINT ( 'NONE', #2134 ) ;
#815 = FACE_OUTER_BOUND ( 'NONE', #1295, .T. ) ;
#816 = ORIENTED_EDGE ( 'NONE', *, *, #2019, .T. ) ;
#817 = CIRCLE ( 'NONE', #2065, 3.682547623057103703 ) ;
#818 = DIRECTION ( 'NONE',  ( 0.5773502691896257311, 0.5773502691896310601, 0.5773502691896204020 ) ) ;
#819 = LINE ( 'NONE', #1900, #1273 ) ;
#820 = VECTOR ( 'NONE', #319, 1000.000000000000114 ) ;
#821 = VERTEX_POINT ( 'NONE', #799 ) ;
#822 = EDGE_CURVE ( 'NONE', #1605, #3038, #1083, .T. ) ;
#823 = ORIENTED_EDGE ( 'NONE', *, *, #3370, .T. ) ;
#824 = VECTOR ( 'NONE', #221, 1000.000000000000000 ) ;
#825 = AXIS2_PLACEMENT_3D ( 'NONE', #15, #2160, #2451 ) ;
#826 = DIRECTION ( 'NONE',  ( 0.5773502691896258421, -0.5773502691896311712, -0.5773502691896205130 ) ) ;
#827 = CARTESIAN_POINT ( 'NONE',  ( 1.750000000000011990, 14.91200903826845803, -5.162009038268654315 ) ) ;
#828 = CARTESIAN_POINT ( 'NONE',  ( -5.348127437391596766E-16, -7.074390334558885662, 19.60992424049173977 ) ) ;
#829 = CARTESIAN_POINT ( 'NONE',  ( -2.499999999999988454, -10.00000000000000000, 0.9999999999999974465 ) ) ;
#830 = EDGE_CURVE ( 'NONE', #26, #1108, #1365, .T. ) ;
#831 = ORIENTED_EDGE ( 'NONE', *, *, #3435, .T. ) ;
#832 = FACE_OUTER_BOUND ( 'NONE', #3019, .T. ) ;
#833 = ORIENTED_EDGE ( 'NONE', *, *, #1120, .T. ) ;
#834 = EDGE_CURVE ( 'NONE', #1007, #2508, #3168, .T. ) ;
#835 = ORIENTED_EDGE ( 'NONE', *, *, #3152, .F. ) ;
#836 = FACE_OUTER_BOUND ( 'NONE', #2812, .T. ) ;
#837 = DIRECTION ( 'NONE',  ( 0.7071067811865509034, -1.613993070193033080E-17, -0.7071067811865442421 ) ) ;
#838 = ORIENTED_EDGE ( 'NONE', *, *, #1906, .T. ) ;
#839 = VECTOR ( 'NONE', #199, 1000.000000000000000 ) ;
#840 = ORIENTED_EDGE ( 'NONE', *, *, #2182, .F. ) ;
#841 = CARTESIAN_POINT ( 'NONE',  ( 13.97810485835015193, -34.72810485835029226, -8.043790283299289356 ) ) ;
#842 = CARTESIAN_POINT ( 'NONE',  ( -2.499999999999986233, -18.25000000000000000, 8.250000000000007105 ) ) ;
#843 = CYLINDRICAL_SURFACE ( 'NONE', #3334, 6.050000000000000711 ) ;
#844 = ORIENTED_EDGE ( 'NONE', *, *, #2332, .T. ) ;
#845 = ADVANCED_FACE ( 'NONE', ( #281 ), #3470, .T. ) ;
#846 = CARTESIAN_POINT ( 'NONE',  ( -9.730019496664785607E-16, 12.50000000000000000, -6.250000000000000000 ) ) ;
#847 = DIRECTION ( 'NONE',  ( 2.077733718875228956E-17, 1.000000000000000000, 0.000000000000000000 ) ) ;
#848 = ORIENTED_EDGE ( 'NONE', *, *, #367, .F. ) ;
#849 = ADVANCED_FACE ( 'NONE', ( #2392 ), #1053, .F. ) ;
#850 = EDGE_CURVE ( 'NONE', #1294, #1746, #3236, .T. ) ;
#851 = CARTESIAN_POINT ( 'NONE',  ( 7.761816857184530072, -14.45440395637370479, 12.22991061867701745 ) ) ;
#852 = DIRECTION ( 'NONE',  ( 1.000000000000000000, 0.000000000000000000, -0.000000000000000000 ) ) ;
#853 = DIRECTION ( 'NONE',  ( 0.000000000000000000, 1.000000000000000000, 0.000000000000000000 ) ) ;
#854 = EDGE_LOOP ( 'NONE', ( #995, #3218 ) ) ;
#855 = AXIS2_PLACEMENT_3D ( 'NONE', #431, #2575, #2536 ) ;
#856 = ORIENTED_EDGE ( 'NONE', *, *, #1336, .T. ) ;
#857 = CARTESIAN_POINT ( 'NONE',  ( -14.64999999999999503, -13.34215728752526253, 13.34215728752544372 ) ) ;
#858 = CARTESIAN_POINT ( 'NONE',  ( 19.50000000000000000, 12.50000000000000000, -6.250000000000003553 ) ) ;
#859 = CARTESIAN_POINT ( 'NONE',  ( 4.416666666666658969, 12.24534237160181149, -7.828675704935263546 ) ) ;
#860 = ORIENTED_EDGE ( 'NONE', *, *, #1838, .F. ) ;
#861 = ORIENTED_EDGE ( 'NONE', *, *, #1115, .T. ) ;
#862 = VECTOR ( 'NONE', #3246, 1000.000000000000114 ) ;
#863 = LINE ( 'NONE', #2457, #1795 ) ;
#864 = DIRECTION ( 'NONE',  ( 2.282530889443167392E-17, 1.000000000000000000, 0.000000000000000000 ) ) ;
#865 = ORIENTED_EDGE ( 'NONE', *, *, #2708, .T. ) ;
#866 = EDGE_CURVE ( 'NONE', #3192, #1505, #11, .T. ) ;
#867 = EDGE_LOOP ( 'NONE', ( #838, #1453, #568, #368, #3117 ) ) ;
#868 = VECTOR ( 'NONE', #1699, 1000.000000000000000 ) ;
#869 = VECTOR ( 'NONE', #1688, 1000.000000000000114 ) ;
#870 = FACE_OUTER_BOUND ( 'NONE', #3259, .T. ) ;
#871 = EDGE_CURVE ( 'NONE', #2824, #3078, #476, .T. ) ;
#872 = CARTESIAN_POINT ( 'NONE',  ( 0.6594843508533901888, -25.06980870216097301, 1.614505872889892668 ) ) ;
#873 = CARTESIAN_POINT ( 'NONE',  ( 2.500000000000011546, 0.7500000000000006661, -9.000000000000001776 ) ) ;
#874 = CARTESIAN_POINT ( 'NONE',  ( 14.64999999999999503, -7.357233047033501450, 19.89276695296635822 ) ) ;
#875 = VERTEX_POINT ( 'NONE', #297 ) ;
#876 = EDGE_LOOP ( 'NONE', ( #2302, #2601, #1137, #2920, #3462 ) ) ;
#877 = CARTESIAN_POINT ( 'NONE',  ( -5.348127437391596766E-16, -22.40347508833399459, 4.280839486716835118 ) ) ;
#878 = DIRECTION ( 'NONE',  ( 1.000000000000000000, -2.282530889443167700E-17, 0.000000000000000000 ) ) ;
#879 = FACE_OUTER_BOUND ( 'NONE', #2108, .T. ) ;
#880 = ORIENTED_EDGE ( 'NONE', *, *, #1986, .F. ) ;
#881 = VECTOR ( 'NONE', #1533, 1000.000000000000114 ) ;
#882 = VECTOR ( 'NONE', #3004, 1000.000000000000000 ) ;
#883 = AXIS2_PLACEMENT_3D ( 'NONE', #2103, #3178, #1775 ) ;
#884 = CARTESIAN_POINT ( 'NONE',  ( -0.6594843508533855259, -19.40000000000000213, -39.84999999999999432 ) ) ;
#885 = CARTESIAN_POINT ( 'NONE',  ( -14.64999999999999503, -13.34215728752526253, 13.34215728752544372 ) ) ;
#886 = ORIENTED_EDGE ( 'NONE', *, *, #2057, .F. ) ;
#887 = ADVANCED_FACE ( 'NONE', ( #1380 ), #843, .F. ) ;
#888 = DIRECTION ( 'NONE',  ( 0.000000000000000000, 0.000000000000000000, 1.000000000000000000 ) ) ;
#889 = EDGE_CURVE ( 'NONE', #1445, #3125, #1920, .T. ) ;
#890 = DIRECTION ( 'NONE',  ( -0.000000000000000000, -1.000000000000000000, -0.000000000000000000 ) ) ;
#891 = DIRECTION ( 'NONE',  ( 1.000000000000000000, -1.962615573354704784E-17, 1.962615573354731593E-17 ) ) ;
#892 = DIRECTION ( 'NONE',  ( 0.000000000000000000, -0.7071067811865522357, -0.7071067811865426878 ) ) ;
#893 = ORIENTED_EDGE ( 'NONE', *, *, #2082, .T. ) ;
#894 = ORIENTED_EDGE ( 'NONE', *, *, #2847, .T. ) ;
#895 = CARTESIAN_POINT ( 'NONE',  ( -1.749999999999987566, 4.000000000000002665, 8.999999999999998224 ) ) ;
#896 = DIRECTION ( 'NONE',  ( -6.469680575000567723E-15, -0.7071067811865507924, -0.7071067811865441310 ) ) ;
#897 = CYLINDRICAL_SURFACE ( 'NONE', #3484, 15.35208333333333819 ) ;
#898 = ORIENTED_EDGE ( 'NONE', *, *, #1799, .F. ) ;
#899 = AXIS2_PLACEMENT_3D ( 'NONE', #514, #480, #463 ) ;
#900 = EDGE_CURVE ( 'NONE', #2701, #3247, #757, .T. ) ;
#901 = DIRECTION ( 'NONE',  ( 1.000000000000000000, -2.282530889443167700E-17, -0.000000000000000000 ) ) ;
#902 = CARTESIAN_POINT ( 'NONE',  ( 0.4000000000000110134, -9.500000000000007105, -11.00000000000000178 ) ) ;
#903 = CARTESIAN_POINT ( 'NONE',  ( 2.500000000000011546, -0.7500000000000006661, -40.25000000000000711 ) ) ;
#904 = VECTOR ( 'NONE', #1430, 1000.000000000000227 ) ;
#905 = ORIENTED_EDGE ( 'NONE', *, *, #2826, .T. ) ;
#906 = FACE_OUTER_BOUND ( 'NONE', #2621, .T. ) ;
#907 = DIRECTION ( 'NONE',  ( -0.5773502691896239547, -0.5773502691896239547, -0.5773502691896292838 ) ) ;
#908 = DIRECTION ( 'NONE',  ( 0.000000000000000000, 0.7071067811865522357, 0.7071067811865426878 ) ) ;
#909 = DIRECTION ( 'NONE',  ( 0.000000000000000000, -0.7071067811865426878, 0.7071067811865524577 ) ) ;
#910 = ORIENTED_EDGE ( 'NONE', *, *, #3304, .T. ) ;
#911 = ORIENTED_EDGE ( 'NONE', *, *, #1739, .F. ) ;
#912 = EDGE_CURVE ( 'NONE', #261, #428, #268, .T. ) ;
#913 = VECTOR ( 'NONE', #1291, 1000.000000000000000 ) ;
#914 = FACE_OUTER_BOUND ( 'NONE', #627, .T. ) ;
#915 = VECTOR ( 'NONE', #2118, 1000.000000000000000 ) ;
#916 = DIRECTION ( 'NONE',  ( -0.000000000000000000, 0.4818283590793211446, 0.8762656174853197255 ) ) ;
#917 = CARTESIAN_POINT ( 'NONE',  ( 21.75000000000005329, -13.62499999999977973, 13.62500000000016520 ) ) ;
#918 = ORIENTED_EDGE ( 'NONE', *, *, #2869, .F. ) ;
#919 = EDGE_CURVE ( 'NONE', #2373, #649, #2406, .T. ) ;
#920 = ORIENTED_EDGE ( 'NONE', *, *, #2138, .F. ) ;
#921 = CARTESIAN_POINT ( 'NONE',  ( 0.4000000000000114575, -4.198593014213822805, -35.91506157242989161 ) ) ;
#922 = CARTESIAN_POINT ( 'NONE',  ( 2.500000000000011546, -10.00000000000000000, 0.9999999999999974465 ) ) ;
#923 = LINE ( 'NONE', #1151, #3124 ) ;
#924 = AXIS2_PLACEMENT_3D ( 'NONE', #3111, #2564, #2823 ) ;
#925 = ORIENTED_EDGE ( 'NONE', *, *, #1352, .T. ) ;
#926 = LINE ( 'NONE', #1961, #1634 ) ;
#927 = VECTOR ( 'NONE', #219, 1000.000000000000000 ) ;
#928 = CARTESIAN_POINT ( 'NONE',  ( 0.4000000000000110134, -9.500000000000007105, -33.00000000000000000 ) ) ;
#929 = CARTESIAN_POINT ( 'NONE',  ( 2.500000000000011546, -9.499999999999873879, 17.75000000000001421 ) ) ;
#930 = CARTESIAN_POINT ( 'NONE',  ( 21.75000000000001066, -8.749999999999870326, 18.50000000000000355 ) ) ;
#931 = ORIENTED_EDGE ( 'NONE', *, *, #3132, .F. ) ;
#932 = ORIENTED_EDGE ( 'NONE', *, *, #3161, .T. ) ;
#933 = CARTESIAN_POINT ( 'NONE',  ( -2.499999999999988454, 0.000000000000000000, -8.250000000000007105 ) ) ;
#934 = LINE ( 'NONE', #2285, #2582 ) ;
#935 = DIRECTION ( 'NONE',  ( -0.5773502691896275074, 0.5773502691896275074, -0.5773502691896221783 ) ) ;
#936 = VERTEX_POINT ( 'NONE', #348 ) ;
#937 = ORIENTED_EDGE ( 'NONE', *, *, #2996, .F. ) ;
#938 = CARTESIAN_POINT ( 'NONE',  ( -22.49999999999998934, 11.75000000000000711, 8.250000000000003553 ) ) ;
#939 = CARTESIAN_POINT ( 'NONE',  ( 5.478104858350337558, -10.45620971670044952, 16.22810485835021765 ) ) ;
#940 = PLANE ( 'NONE',  #986 ) ;
#941 = EDGE_CURVE ( 'NONE', #1505, #3192, #575, .T. ) ;
#942 = LINE ( 'NONE', #412, #991 ) ;
#943 = VECTOR ( 'NONE', #168, 1000.000000000000000 ) ;
#944 = CIRCLE ( 'NONE', #1518, 15.35208333333333819 ) ;
#945 = ORIENTED_EDGE ( 'NONE', *, *, #3357, .F. ) ;
#946 = LINE ( 'NONE', #1193, #2917 ) ;
#947 = DIRECTION ( 'NONE',  ( -1.000000000000000000, 4.625929269271543698E-15, 4.625929269271481378E-15 ) ) ;
#948 = APPLICATION_PROTOCOL_DEFINITION ( 'draft international standard', 'automotive_design', 1998, #962 ) ;
#949 = EDGE_CURVE ( 'NONE', #2401, #2935, #1678, .T. ) ;
#950 = LINE ( 'NONE', #96, #3272 ) ;
#951 = DIRECTION ( 'NONE',  ( 1.000000000000000000, -2.282530889443167700E-17, 0.000000000000000000 ) ) ;
#952 = EDGE_LOOP ( 'NONE', ( #1902, #1133, #212, #1078 ) ) ;
#953 = EDGE_LOOP ( 'NONE', ( #3211, #3323, #1431, #2214 ) ) ;
#954 = CARTESIAN_POINT ( 'NONE',  ( 21.75000000000001066, 12.50000000000000000, 8.250000000000003553 ) ) ;
#955 = LINE ( 'NONE', #144, #2456 ) ;
#956 = VECTOR ( 'NONE', #2570, 1000.000000000000114 ) ;
#957 = ORIENTED_EDGE ( 'NONE', *, *, #871, .F. ) ;
#958 = ORIENTED_EDGE ( 'NONE', *, *, #2475, .F. ) ;
#959 = SURFACE_STYLE_USAGE ( .BOTH. , #2574 ) ;
#960 = DIRECTION ( 'NONE',  ( 1.000000000000000000, 0.000000000000000000, 0.000000000000000000 ) ) ;
#961 = DIRECTION ( 'NONE',  ( 0.000000000000000000, 1.000000000000000000, -0.000000000000000000 ) ) ;
#962 = APPLICATION_CONTEXT ( 'automotive_design' ) ;
#963 = CARTESIAN_POINT ( 'NONE',  ( 1.127570259384924611E-14, -10.00000000000000000, 0.9999999999999974465 ) ) ;
#964 = VECTOR ( 'NONE', #571, 1000.000000000000000 ) ;
#965 = ORIENTED_EDGE ( 'NONE', *, *, #1589, .T. ) ;
#966 = EDGE_CURVE ( 'NONE', #2706, #2701, #2472, .T. ) ;
#967 = DIRECTION ( 'NONE',  ( 0.000000000000000000, -0.7071067811865426878, 0.7071067811865524577 ) ) ;
#968 = LINE ( 'NONE', #2842, #2865 ) ;
#969 = CARTESIAN_POINT ( 'NONE',  ( -5.348127437391596766E-16, -7.074390334558885662, 19.60992424049173977 ) ) ;
#970 = VERTEX_POINT ( 'NONE', #3290 ) ;
#971 = ORIENTED_EDGE ( 'NONE', *, *, #1838, .T. ) ;
#972 = EDGE_CURVE ( 'NONE', #1271, #2335, #406, .T. ) ;
#973 = PLANE ( 'NONE',  #2973 ) ;
#974 = CARTESIAN_POINT ( 'NONE',  ( 0.4000000000000114575, -5.045227278524780701, -37.45477272147527259 ) ) ;
#975 = ORIENTED_EDGE ( 'NONE', *, *, #1410, .T. ) ;
#976 = ORIENTED_EDGE ( 'NONE', *, *, #2691, .F. ) ;
#977 = LINE ( 'NONE', #714, #3130 ) ;
#978 = CYLINDRICAL_SURFACE ( 'NONE', #855, 3.682547623057103703 ) ;
#979 = FACE_OUTER_BOUND ( 'NONE', #495, .T. ) ;
#980 = CARTESIAN_POINT ( 'NONE',  ( 19.50000000000000000, 4.000000000000000000, -6.250000000000003553 ) ) ;
#981 = ORIENTED_EDGE ( 'NONE', *, *, #2157, .F. ) ;
#982 = VECTOR ( 'NONE', #960, 1000.000000000000000 ) ;
#983 = VERTEX_POINT ( 'NONE', #102 ) ;
#984 = DIRECTION ( 'NONE',  ( 0.000000000000000000, 1.000000000000000000, 0.000000000000000000 ) ) ;
#985 = EDGE_CURVE ( 'NONE', #2240, #1872, #1751, .T. ) ;
#986 = AXIS2_PLACEMENT_3D ( 'NONE', #72, #1403, #2292 ) ;
#987 = CARTESIAN_POINT ( 'NONE',  ( -0.6594843508533850818, -34.82813578401652421, -8.143821208965512426 ) ) ;
#988 = ADVANCED_FACE ( 'NONE', ( #1936 ), #2738, .F. ) ;
#989 = VERTEX_POINT ( 'NONE', #1147 ) ;
#990 = VERTEX_POINT ( 'NONE', #2208 ) ;
#991 = VECTOR ( 'NONE', #2517, 1000.000000000000000 ) ;
#992 = FACE_OUTER_BOUND ( 'NONE', #2552, .T. ) ;
#993 = DIRECTION ( 'NONE',  ( 2.877689129363335273E-33, -0.7071067811865523467, -0.7071067811865426878 ) ) ;
#994 = ORIENTED_EDGE ( 'NONE', *, *, #577, .F. ) ;
#995 = ORIENTED_EDGE ( 'NONE', *, *, #1478, .T. ) ;
#996 = CARTESIAN_POINT ( 'NONE',  ( -15.84999999999999609, -7.357233047033501450, 19.89276695296635822 ) ) ;
#997 = CARTESIAN_POINT ( 'NONE',  ( -15.84999999999999609, -13.34215728752526253, 13.34215728752544372 ) ) ;
#998 = DIRECTION ( 'NONE',  ( 0.000000000000000000, -0.7071067811865426878, 0.7071067811865524577 ) ) ;
#999 = DIRECTION ( 'NONE',  ( 1.141265444721583757E-16, -1.000000000000000000, 0.000000000000000000 ) ) ;
#1000 = ORIENTED_EDGE ( 'NONE', *, *, #1460, .T. ) ;
#1001 = AXIS2_PLACEMENT_3D ( 'NONE', #2642, #2374, #13 ) ;
#1002 = CARTESIAN_POINT ( 'NONE',  ( -22.49999999999998934, -10.00000000000000000, 0.9999999999999974465 ) ) ;
#1003 = VECTOR ( 'NONE', #1541, 1000.000000000000114 ) ;
#1004 = VECTOR ( 'NONE', #392, 1000.000000000000000 ) ;
#1005 = AXIS2_PLACEMENT_3D ( 'NONE', #1112, #266, #1128 ) ;
#1006 = ADVANCED_FACE ( 'NONE', ( #879 ), #2246, .T. ) ;
#1007 = VERTEX_POINT ( 'NONE', #389 ) ;
#1008 = VERTEX_POINT ( 'NONE', #1729 ) ;
#1009 = EDGE_CURVE ( 'NONE', #3007, #610, #3023, .T. ) ;
#1010 = DIRECTION ( 'NONE',  ( 0.000000000000000000, -0.7071067811865523467, -0.7071067811865427988 ) ) ;
#1011 = DIRECTION ( 'NONE',  ( 1.000000000000000000, -2.282530889443167700E-17, -0.000000000000000000 ) ) ;
#1012 = ORIENTED_EDGE ( 'NONE', *, *, #912, .T. ) ;
#1013 = EDGE_CURVE ( 'NONE', #3078, #1505, #1711, .T. ) ;
#1014 = ORIENTED_EDGE ( 'NONE', *, *, #3145, .T. ) ;
#1015 = DIRECTION ( 'NONE',  ( -0.5791517710219871162, -0.5764474070208421841, -0.5764474070208343015 ) ) ;
#1016 = PLANE ( 'NONE',  #2220 ) ;
#1017 = CARTESIAN_POINT ( 'NONE',  ( 0.08500000000001442513, -18.99999999999999645, 0.8773643983827871251 ) ) ;
#1018 = DIRECTION ( 'NONE',  ( 0.7071067811865430208, -1.613993070193015207E-17, 0.7071067811865520136 ) ) ;
#1019 = ORIENTED_EDGE ( 'NONE', *, *, #596, .F. ) ;
#1020 = ADVANCED_FACE ( 'NONE', ( #48 ), #897, .T. ) ;
#1021 = LINE ( 'NONE', #208, #543 ) ;
#1022 = VECTOR ( 'NONE', #3079, 1000.000000000000000 ) ;
#1023 = AXIS2_PLACEMENT_3D ( 'NONE', #672, #3269, #3368 ) ;
#1024 = ORIENTED_EDGE ( 'NONE', *, *, #654, .T. ) ;
#1025 = VERTEX_POINT ( 'NONE', #2452 ) ;
#1026 = DIRECTION ( 'NONE',  ( -1.000000000000000000, -0.000000000000000000, -0.000000000000000000 ) ) ;
#1027 = CARTESIAN_POINT ( 'NONE',  ( 22.50000000000001066, 11.75000000000000711, 8.250000000000003553 ) ) ;
#1028 = ADVANCED_FACE ( 'NONE', ( #2512 ), #1131, .T. ) ;
#1029 = ORIENTED_EDGE ( 'NONE', *, *, #1457, .F. ) ;
#1030 = DIRECTION ( 'NONE',  ( -0.7071067811865509034, -8.069965350965165707E-17, -0.7071067811865442421 ) ) ;
#1031 = LINE ( 'NONE', #2100, #720 ) ;
#1032 = PLANE ( 'NONE',  #2783 ) ;
#1033 = CARTESIAN_POINT ( 'NONE',  ( -15.84999999999999609, -9.217157287525253651, 17.46715728752539576 ) ) ;
#1034 = DIRECTION ( 'NONE',  ( 1.000000000000000000, -0.000000000000000000, -0.000000000000000000 ) ) ;
#1035 = EDGE_CURVE ( 'NONE', #1470, #1646, #2531, .T. ) ;
#1036 = ORIENTED_EDGE ( 'NONE', *, *, #2876, .T. ) ;
#1037 = DIRECTION ( 'NONE',  ( 2.688104559881415512E-17, 1.000000000000000000, 0.000000000000000000 ) ) ;
#1038 = VECTOR ( 'NONE', #1481, 1000.000000000000000 ) ;
#1039 = VECTOR ( 'NONE', #3309, 1000.000000000000000 ) ;
#1040 = ORIENTED_EDGE ( 'NONE', *, *, #407, .F. ) ;
#1041 = VERTEX_POINT ( 'NONE', #1991 ) ;
#1042 = VECTOR ( 'NONE', #3015, 1000.000000000000114 ) ;
#1043 = DIRECTION ( 'NONE',  ( 1.000000000000000000, 2.301999223959957278E-16, 2.301999223959925724E-16 ) ) ;
#1044 = CARTESIAN_POINT ( 'NONE',  ( -0.6666666666666450913, 1.833333333333337922, 10.08333333333332504 ) ) ;
#1045 = ORIENTED_EDGE ( 'NONE', *, *, #2687, .T. ) ;
#1046 = VERTEX_POINT ( 'NONE', #1205 ) ;
#1047 = AXIS2_PLACEMENT_3D ( 'NONE', #2414, #1077, #1091 ) ;
#1048 = EDGE_CURVE ( 'NONE', #3204, #1998, #2267, .T. ) ;
#1049 = LINE ( 'NONE', #1565, #927 ) ;
#1050 = DIRECTION ( 'NONE',  ( 0.000000000000000000, 0.000000000000000000, 1.000000000000000000 ) ) ;
#1051 = DIRECTION ( 'NONE',  ( -7.414294989378046989E-16, -0.7071067811865524577, -0.7071067811865426878 ) ) ;
#1052 = LINE ( 'NONE', #251, #1233 ) ;
#1053 = CYLINDRICAL_SURFACE ( 'NONE', #2884, 1.750000000000000000 ) ;
#1054 = ORIENTED_EDGE ( 'NONE', *, *, #334, .F. ) ;
#1055 = EDGE_CURVE ( 'NONE', #2652, #807, #2190, .T. ) ;
#1056 = DIRECTION ( 'NONE',  ( 0.000000000000000000, 0.000000000000000000, 1.000000000000000000 ) ) ;
#1057 = AXIS2_PLACEMENT_3D ( 'NONE', #1239, #2173, #1441 ) ;
#1058 = VECTOR ( 'NONE', #579, 1000.000000000000000 ) ;
#1059 = VECTOR ( 'NONE', #2954, 1000.000000000000114 ) ;
#1060 = EDGE_CURVE ( 'NONE', #2696, #316, #3032, .T. ) ;
#1061 = PLANE ( 'NONE',  #2801 ) ;
#1062 = CARTESIAN_POINT ( 'NONE',  ( -22.49999999999998934, 4.000000000000000000, 8.999999999999998224 ) ) ;
#1063 = EDGE_LOOP ( 'NONE', ( #886, #2143, #1679, #2772 ) ) ;
#1064 = ORIENTED_EDGE ( 'NONE', *, *, #2316, .F. ) ;
#1065 = DIRECTION ( 'NONE',  ( 0.000000000000000000, -0.7071067811865523467, -0.7071067811865427988 ) ) ;
#1066 = CARTESIAN_POINT ( 'NONE',  ( 2.315685424949248006, -18.71715728752538865, 7.967157287525391318 ) ) ;
#1067 = CARTESIAN_POINT ( 'NONE',  ( 1.127570259384924611E-14, 5.119929264197892357E-18, -23.00000000000000355 ) ) ;
#1068 = DIRECTION ( 'NONE',  ( 1.000000000000000000, -1.962615573354704784E-17, 1.962615573354731593E-17 ) ) ;
#1069 = VERTEX_POINT ( 'NONE', #2287 ) ;
#1070 = CARTESIAN_POINT ( 'NONE',  ( -12.49999999999999112, 0.000000000000000000, -3.469446951953614189E-15 ) ) ;
#1071 = VECTOR ( 'NONE', #967, 1000.000000000000000 ) ;
#1072 = EDGE_CURVE ( 'NONE', #3188, #3434, #145, .T. ) ;
#1073 = ADVANCED_FACE ( 'NONE', ( #2551 ), #3069, .F. ) ;
#1074 = EDGE_CURVE ( 'NONE', #1069, #1469, #155, .T. ) ;
#1075 = AXIS2_PLACEMENT_3D ( 'NONE', #120, #80, #2028 ) ;
#1076 = FACE_BOUND ( 'NONE', #565, .T. ) ;
#1077 = DIRECTION ( 'NONE',  ( 0.7071067811865442421, -0.7071067811865509034, 0.000000000000000000 ) ) ;
#1078 = ORIENTED_EDGE ( 'NONE', *, *, #3273, .F. ) ;
#1079 = VERTEX_POINT ( 'NONE', #1459 ) ;
#1080 = DIRECTION ( 'NONE',  ( 1.000000000000000000, 0.000000000000000000, -0.000000000000000000 ) ) ;
#1081 = DIRECTION ( 'NONE',  ( 0.000000000000000000, 0.7071067811865522357, 0.7071067811865426878 ) ) ;
#1082 = CARTESIAN_POINT ( 'NONE',  ( -14.64999999999999503, -9.499999999999872102, 17.75000000000001421 ) ) ;
#1083 = LINE ( 'NONE', #2685, #1549 ) ;
#1084 = VERTEX_POINT ( 'NONE', #73 ) ;
#1085 = LINE ( 'NONE', #3275, #1779 ) ;
#1086 = VECTOR ( 'NONE', #106, 1000.000000000000227 ) ;
#1087 = VECTOR ( 'NONE', #1068, 1000.000000000000000 ) ;
#1088 = ADVANCED_FACE ( 'NONE', ( #1477 ), #1701, .T. ) ;
#1089 = EDGE_CURVE ( 'NONE', #2749, #261, #3379, .T. ) ;
#1090 = CARTESIAN_POINT ( 'NONE',  ( 2.500000000000011546, -10.00000000000000000, -22.00000000000000711 ) ) ;
#1091 = DIRECTION ( 'NONE',  ( 0.000000000000000000, 0.000000000000000000, 1.000000000000000000 ) ) ;
#1092 = ORIENTED_EDGE ( 'NONE', *, *, #2705, .T. ) ;
#1093 = ORIENTED_EDGE ( 'NONE', *, *, #2993, .F. ) ;
#1094 = AXIS2_PLACEMENT_3D ( 'NONE', #604, #411, #1684 ) ;
#1095 = CARTESIAN_POINT ( 'NONE',  ( 0.000000000000000000, -18.63636211670761256, 8.613637883292419417 ) ) ;
#1096 = DIRECTION ( 'NONE',  ( -0.5773502691896248429, 0.5773502691896300609, 0.5773502691896222894 ) ) ;
#1097 = CYLINDRICAL_SURFACE ( 'NONE', #3419, 2.999999999999999112 ) ;
#1098 = DIRECTION ( 'NONE',  ( -0.000000000000000000, 1.000000000000000000, -0.000000000000000000 ) ) ;
#1099 = ORIENTED_EDGE ( 'NONE', *, *, #1738, .T. ) ;
#1100 = DIRECTION ( 'NONE',  ( 0.000000000000000000, 0.000000000000000000, 1.000000000000000000 ) ) ;
#1101 = EDGE_CURVE ( 'NONE', #1593, #1746, #1173, .T. ) ;
#1102 = PLANE ( 'NONE',  #2897 ) ;
#1103 = AXIS2_PLACEMENT_3D ( 'NONE', #1843, #236, #2908 ) ;
#1104 = LINE ( 'NONE', #2731, #2922 ) ;
#1105 = LINE ( 'NONE', #2169, #1879 ) ;
#1106 = AXIS2_PLACEMENT_3D ( 'NONE', #2195, #2724, #54 ) ;
#1107 = ORIENTED_EDGE ( 'NONE', *, *, #2248, .T. ) ;
#1108 = VERTEX_POINT ( 'NONE', #2761 ) ;
#1109 = ADVANCED_FACE ( 'NONE', ( #906 ), #1999, .F. ) ;
#1110 = EDGE_CURVE ( 'NONE', #3125, #3038, #926, .T. ) ;
#1111 = PRESENTATION_LAYER_ASSIGNMENT (  '', '', ( #1731 ) ) ;
#1112 = CARTESIAN_POINT ( 'NONE',  ( -5.348127437391596766E-16, 16.01276110058481095, -34.13539670220249889 ) ) ;
#1113 = LINE ( 'NONE', #828, #3359 ) ;
#1114 = DIRECTION ( 'NONE',  ( 1.000000000000000000, -2.077733718875242515E-17, -4.622231866529364679E-33 ) ) ;
#1115 = EDGE_CURVE ( 'NONE', #3188, #2018, #2296, .T. ) ;
#1116 = EDGE_CURVE ( 'NONE', #610, #1160, #356, .T. ) ;
#1117 = ORIENTED_EDGE ( 'NONE', *, *, #1709, .F. ) ;
#1118 = LINE ( 'NONE', #538, #2623 ) ;
#1119 = VERTEX_POINT ( 'NONE', #2216 ) ;
#1120 = EDGE_CURVE ( 'NONE', #990, #1564, #3336, .T. ) ;
#1121 = EDGE_LOOP ( 'NONE', ( #3171, #1385 ) ) ;
#1122 = VERTEX_POINT ( 'NONE', #3051 ) ;
#1123 = PLANE ( 'NONE',  #574 ) ;
#1124 = FACE_OUTER_BOUND ( 'NONE', #414, .T. ) ;
#1125 = VERTEX_POINT ( 'NONE', #1236 ) ;
#1126 = AXIS2_PLACEMENT_3D ( 'NONE', #243, #3401, #1010 ) ;
#1127 = ORIENTED_EDGE ( 'NONE', *, *, #1880, .T. ) ;
#1128 = DIRECTION ( 'NONE',  ( 0.000000000000000000, -0.7071067811865426878, 0.7071067811865523467 ) ) ;
#1129 = DIRECTION ( 'NONE',  ( 0.000000000000000000, 1.000000000000000000, 0.000000000000000000 ) ) ;
#1130 = ADVANCED_FACE ( 'NONE', ( #3316 ), #2780, .F. ) ;
#1131 = PLANE ( 'NONE',  #460 ) ;
#1132 = ORIENTED_EDGE ( 'NONE', *, *, #751, .F. ) ;
#1133 = ORIENTED_EDGE ( 'NONE', *, *, #1232, .T. ) ;
#1134 = CARTESIAN_POINT ( 'NONE',  ( 0.4000000000000114575, -5.045227278524780701, -15.45477272147527437 ) ) ;
#1135 = EDGE_CURVE ( 'NONE', #103, #1046, #111, .T. ) ;
#1136 = LINE ( 'NONE', #2150, #706 ) ;
#1137 = ORIENTED_EDGE ( 'NONE', *, *, #1573, .F. ) ;
#1138 = LINE ( 'NONE', #2310, #640 ) ;
#1139 = LINE ( 'NONE', #2482, #740 ) ;
#1140 = DIRECTION ( 'NONE',  ( -0.7071067811865507924, -0.7071067811865442421, -6.409875621278428958E-17 ) ) ;
#1141 = CARTESIAN_POINT ( 'NONE',  ( 1.127570259384924611E-14, -10.00000000000000000, 0.9999999999999974465 ) ) ;
#1142 = ORIENTED_EDGE ( 'NONE', *, *, #830, .F. ) ;
#1143 = CIRCLE ( 'NONE', #413, 1.749999999999999778 ) ;
#1144 = EDGE_LOOP ( 'NONE', ( #1184, #2319, #780 ) ) ;
#1145 = CARTESIAN_POINT ( 'NONE',  ( -12.49999999999999112, 1.500000000000000000, -1.750000000000003553 ) ) ;
#1146 = CARTESIAN_POINT ( 'NONE',  ( 22.50000000000001066, 11.75000000000000711, -8.250000000000007105 ) ) ;
#1147 = CARTESIAN_POINT ( 'NONE',  ( -2.499999999999988454, -0.7499999999999937828, -10.49999999999998224 ) ) ;
#1148 = ORIENTED_EDGE ( 'NONE', *, *, #3060, .F. ) ;
#1149 = EDGE_CURVE ( 'NONE', #990, #3445, #946, .T. ) ;
#1150 = PLANE ( 'NONE',  #1897 ) ;
#1151 = CARTESIAN_POINT ( 'NONE',  ( 19.50000000000000000, 4.000000000000000000, -0.000000000000000000 ) ) ;
#1152 = EDGE_LOOP ( 'NONE', ( #1994, #461, #1901, #2787 ) ) ;
#1153 = VECTOR ( 'NONE', #619, 1000.000000000000000 ) ;
#1154 = CARTESIAN_POINT ( 'NONE',  ( -19.50000000000000711, 8.250000000000007105, 21.00208333333334210 ) ) ;
#1155 = CARTESIAN_POINT ( 'NONE',  ( 22.50000000000001066, 0.7500000000000006661, -8.250000000000007105 ) ) ;
#1156 = ADVANCED_FACE ( 'NONE', ( #1740 ), #2799, .F. ) ;
#1157 = CARTESIAN_POINT ( 'NONE',  ( 2.500000000000011546, 0.000000000000000000, 8.250000000000007105 ) ) ;
#1158 = CARTESIAN_POINT ( 'NONE',  ( -5.348127437391596766E-16, -10.60992424049164562, 16.07439033455902688 ) ) ;
#1159 = CARTESIAN_POINT ( 'NONE',  ( 2.500000000000011546, 0.000000000000000000, -8.250000000000007105 ) ) ;
#1160 = VERTEX_POINT ( 'NONE', #2561 ) ;
#1161 = VERTEX_POINT ( 'NONE', #1155 ) ;
#1162 = ADVANCED_FACE ( 'NONE', ( #2841 ), #2480, .T. ) ;
#1163 = FACE_OUTER_BOUND ( 'NONE', #3341, .T. ) ;
#1164 = CARTESIAN_POINT ( 'NONE',  ( 15.84999999999999609, -10.60992424049164384, 16.07439033455901978 ) ) ;
#1165 = DIRECTION ( 'NONE',  ( 1.000000000000000000, -2.282530889443167700E-17, -0.000000000000000000 ) ) ;
#1166 = VERTEX_POINT ( 'NONE', #3059 ) ;
#1167 = AXIS2_PLACEMENT_3D ( 'NONE', #2085, #2101, #2375 ) ;
#1168 = AXIS2_PLACEMENT_3D ( 'NONE', #798, #205, #2102 ) ;
#1169 = LINE ( 'NONE', #1995, #722 ) ;
#1170 = CARTESIAN_POINT ( 'NONE',  ( -1.749999999999986899, -8.467157287525257203, 18.21715728752538510 ) ) ;
#1171 = CARTESIAN_POINT ( 'NONE',  ( -1.749999999999994671, -0.7499999999999937828, -41.00000000000000711 ) ) ;
#1172 = VERTEX_POINT ( 'NONE', #364 ) ;
#1173 = LINE ( 'NONE', #2539, #3317 ) ;
#1174 = EDGE_CURVE ( 'NONE', #316, #1122, #2589, .T. ) ;
#1175 = CARTESIAN_POINT ( 'NONE',  ( -22.49999999999998934, -11.75000000000000000, -22.00000000000000711 ) ) ;
#1176 = CARTESIAN_POINT ( 'NONE',  ( -12.49999999999999112, 1.500000000000000000, -3.469446951953614189E-15 ) ) ;
#1177 = DIRECTION ( 'NONE',  ( 1.000000000000000000, -2.282530889443167700E-17, -0.000000000000000000 ) ) ;
#1178 = EDGE_CURVE ( 'NONE', #674, #2156, #934, .T. ) ;
#1179 = ORIENTED_EDGE ( 'NONE', *, *, #1922, .T. ) ;
#1180 = ORIENTED_EDGE ( 'NONE', *, *, #2019, .F. ) ;
#1181 = PLANE ( 'NONE',  #177 ) ;
#1182 = CARTESIAN_POINT ( 'NONE',  ( 2.500000000000011546, -9.217157287525255427, 17.46715728752539576 ) ) ;
#1183 = CARTESIAN_POINT ( 'NONE',  ( -21.74999999999998934, 12.50000000000000000, 0.000000000000000000 ) ) ;
#1184 = ORIENTED_EDGE ( 'NONE', *, *, #2811, .T. ) ;
#1185 = AXIS2_PLACEMENT_3D ( 'NONE', #1760, #3381, #2821 ) ;
#1186 = ORIENTED_EDGE ( 'NONE', *, *, #3252, .T. ) ;
#1187 = FACE_OUTER_BOUND ( 'NONE', #2162, .T. ) ;
#1188 = AXIS2_PLACEMENT_3D ( 'NONE', #2501, #1479, #2219 ) ;
#1189 = DIRECTION ( 'NONE',  ( 1.000000000000000000, -1.962615573354704784E-17, 1.962615573354731593E-17 ) ) ;
#1190 = PLANE ( 'NONE',  #315 ) ;
#1191 = VECTOR ( 'NONE', #132, 1000.000000000000000 ) ;
#1192 = EDGE_LOOP ( 'NONE', ( #975, #1883, #396 ) ) ;
#1193 = CARTESIAN_POINT ( 'NONE',  ( -21.74999999999999645, 4.000000000000000000, -9.000000000000001776 ) ) ;
#1194 = EDGE_CURVE ( 'NONE', #821, #465, #2009, .T. ) ;
#1195 = CYLINDRICAL_SURFACE ( 'NONE', #2242, 3.682547623057111696 ) ;
#1196 = CARTESIAN_POINT ( 'NONE',  ( 0.4000000000000114575, -6.584938427570168784, -38.30140698578621539 ) ) ;
#1197 = LINE ( 'NONE', #2260, #2607 ) ;
#1198 = ORIENTED_EDGE ( 'NONE', *, *, #912, .F. ) ;
#1199 = VERTEX_POINT ( 'NONE', #405 ) ;
#1200 = ADVANCED_FACE ( 'NONE', ( #2770 ), #1750, .T. ) ;
#1201 = VECTOR ( 'NONE', #150, 1000.000000000000000 ) ;
#1202 = CARTESIAN_POINT ( 'NONE',  ( 21.75000000000001066, 11.75000000000000711, -9.000000000000001776 ) ) ;
#1203 = VECTOR ( 'NONE', #2176, 1000.000000000000114 ) ;
#1204 = LINE ( 'NONE', #3116, #328 ) ;
#1205 = CARTESIAN_POINT ( 'NONE',  ( 7.761816857184530072, -14.73724666884832324, 12.51275333115163946 ) ) ;
#1206 = ORIENTED_EDGE ( 'NONE', *, *, #2931, .T. ) ;
#1207 = ORIENTED_EDGE ( 'NONE', *, *, #3435, .F. ) ;
#1208 = DIRECTION ( 'NONE',  ( 1.000000000000000000, 0.000000000000000000, -1.556803119466365727E-16 ) ) ;
#1209 = DIRECTION ( 'NONE',  ( 0.000000000000000000, 1.000000000000000000, 0.000000000000000000 ) ) ;
#1210 = DIRECTION ( 'NONE',  ( -0.7071067811865442421, 6.441924999384939598E-15, 0.7071067811865507924 ) ) ;
#1211 = AXIS2_PLACEMENT_3D ( 'NONE', #969, #359, #1443 ) ;
#1212 = VERTEX_POINT ( 'NONE', #689 ) ;
#1213 = EDGE_CURVE ( 'NONE', #1041, #3240, #101, .T. ) ;
#1214 = DIRECTION ( 'NONE',  ( 0.000000000000000000, -0.7071067811865522357, -0.7071067811865426878 ) ) ;
#1215 = CIRCLE ( 'NONE', #2715, 6.050000000000000711 ) ;
#1216 = AXIS2_PLACEMENT_3D ( 'NONE', #928, #1720, #665 ) ;
#1217 = PLANE ( 'NONE',  #1185 ) ;
#1218 = CARTESIAN_POINT ( 'NONE',  ( 2.500000000000011546, -6.584938427570167008, -38.30140698578621539 ) ) ;
#1219 = CARTESIAN_POINT ( 'NONE',  ( 0.000000000000000000, -18.63636211670760545, 8.613637883292412312 ) ) ;
#1220 = ORIENTED_EDGE ( 'NONE', *, *, #2579, .F. ) ;
#1221 = ORIENTED_EDGE ( 'NONE', *, *, #2036, .T. ) ;
#1222 = DIRECTION ( 'NONE',  ( 1.000000000000000000, -2.282530889443167700E-17, 0.000000000000000000 ) ) ;
#1223 = PLANE ( 'NONE',  #1404 ) ;
#1224 = CARTESIAN_POINT ( 'NONE',  ( -21.74999999999999645, 14.16200903826845803, -5.912009038268648098 ) ) ;
#1225 = EDGE_CURVE ( 'NONE', #759, #3188, #1263, .T. ) ;
#1226 = EDGE_LOOP ( 'NONE', ( #448, #3415, #1282, #3123, #1207, #3068 ) ) ;
#1227 = VERTEX_POINT ( 'NONE', #3080 ) ;
#1228 = LINE ( 'NONE', #2290, #2440 ) ;
#1229 = PLANE ( 'NONE',  #2937 ) ;
#1230 = DIRECTION ( 'NONE',  ( -1.000000000000000000, 0.000000000000000000, -3.925231146709410183E-17 ) ) ;
#1231 = DIRECTION ( 'NONE',  ( 1.000000000000000000, 0.000000000000000000, -0.000000000000000000 ) ) ;
#1232 = EDGE_CURVE ( 'NONE', #3369, #719, #630, .T. ) ;
#1233 = VECTOR ( 'NONE', #2405, 1000.000000000000000 ) ;
#1234 = VECTOR ( 'NONE', #1269, 1000.000000000000000 ) ;
#1235 = VERTEX_POINT ( 'NONE', #2511 ) ;
#1236 = CARTESIAN_POINT ( 'NONE',  ( 0.6594843508533902998, -25.35265141463558791, 1.897348585364514673 ) ) ;
#1237 = EDGE_CURVE ( 'NONE', #2093, #1271, #651, .T. ) ;
#1238 = LINE ( 'NONE', #2298, #1631 ) ;
#1239 = CARTESIAN_POINT ( 'NONE',  ( 0.000000000000000000, 0.000000000000000000, -41.00000000000000711 ) ) ;
#1240 = CARTESIAN_POINT ( 'NONE',  ( -14.64999999999999503, -13.34215728752526253, 13.34215728752544372 ) ) ;
#1241 = ORIENTED_EDGE ( 'NONE', *, *, #531, .F. ) ;
#1242 = ORIENTED_EDGE ( 'NONE', *, *, #1868, .F. ) ;
#1243 = DIRECTION ( 'NONE',  ( -0.7071067811865442421, 0.7071067811865507924, -1.196099074440416605E-16 ) ) ;
#1244 = CARTESIAN_POINT ( 'NONE',  ( -1.749999999999986899, 14.91200903826845980, -5.162009038268650762 ) ) ;
#1245 = AXIS2_PLACEMENT_3D ( 'NONE', #1788, #1708, #1527 ) ;
#1246 = VERTEX_POINT ( 'NONE', #1182 ) ;
#1247 = EDGE_CURVE ( 'NONE', #2935, #2706, #2808, .T. ) ;
#1248 = VERTEX_POINT ( 'NONE', #2245 ) ;
#1249 = CARTESIAN_POINT ( 'NONE',  ( -21.74999999999998934, 4.000000000000000000, 8.999999999999998224 ) ) ;
#1250 = LINE ( 'NONE', #2015, #2702 ) ;
#1251 = LINE ( 'NONE', #1534, #479 ) ;
#1252 = DIRECTION ( 'NONE',  ( -2.775557561562891351E-16, 0.000000000000000000, 1.000000000000000000 ) ) ;
#1253 = VERTEX_POINT ( 'NONE', #1728 ) ;
#1254 = VECTOR ( 'NONE', #1243, 1000.000000000000114 ) ;
#1255 = VERTEX_POINT ( 'NONE', #2029 ) ;
#1256 = EDGE_CURVE ( 'NONE', #261, #697, #955, .T. ) ;
#1257 = CARTESIAN_POINT ( 'NONE',  ( 0.4000000000000114575, -4.198593014213822805, -13.91506157242989516 ) ) ;
#1258 = LINE ( 'NONE', #418, #1813 ) ;
#1259 = CARTESIAN_POINT ( 'NONE',  ( 2.500000000000011546, -13.00000000000000178, 0.9999999999999978906 ) ) ;
#1260 = ORIENTED_EDGE ( 'NONE', *, *, #1949, .F. ) ;
#1261 = ORIENTED_EDGE ( 'NONE', *, *, #1992, .F. ) ;
#1262 = CARTESIAN_POINT ( 'NONE',  ( 1.750000000000017542, -18.25000000000000711, -41.00000000000000711 ) ) ;
#1263 = LINE ( 'NONE', #3099, #509 ) ;
#1264 = ORIENTED_EDGE ( 'NONE', *, *, #473, .F. ) ;
#1265 = ORIENTED_EDGE ( 'NONE', *, *, #497, .T. ) ;
#1266 = LINE ( 'NONE', #3372, #2006 ) ;
#1267 = FACE_BOUND ( 'NONE', #2338, .T. ) ;
#1268 = DIRECTION ( 'NONE',  ( 0.000000000000000000, -0.7071067811865426878, 0.7071067811865524577 ) ) ;
#1269 = DIRECTION ( 'NONE',  ( 0.000000000000000000, -0.7071067811865426878, 0.7071067811865523467 ) ) ;
#1270 = ADVANCED_FACE ( 'NONE', ( #3367 ), #1223, .F. ) ;
#1271 = VERTEX_POINT ( 'NONE', #2828 ) ;
#1272 = CARTESIAN_POINT ( 'NONE',  ( -9.730019496664785607E-16, 4.000000000000000000, -6.250000000000000000 ) ) ;
#1273 = VECTOR ( 'NONE', #2679, 1000.000000000000000 ) ;
#1274 = ORIENTED_EDGE ( 'NONE', *, *, #1506, .T. ) ;
#1275 = EDGE_CURVE ( 'NONE', #2107, #2726, #1204, .T. ) ;
#1276 = EDGE_LOOP ( 'NONE', ( #2386, #2878, #1757, #2187, #1856, #591 ) ) ;
#1277 = ADVANCED_FACE ( 'NONE', ( #2790 ), #710, .T. ) ;
#1278 = CARTESIAN_POINT ( 'NONE',  ( -21.74999999999998934, 12.50000000000000000, -8.250000000000007105 ) ) ;
#1279 = PLANE ( 'NONE',  #1582 ) ;
#1280 = VERTEX_POINT ( 'NONE', #1972 ) ;
#1281 = EDGE_CURVE ( 'NONE', #1253, #2916, #164, .T. ) ;
#1282 = ORIENTED_EDGE ( 'NONE', *, *, #1336, .F. ) ;
#1283 = DIRECTION ( 'NONE',  ( 1.000000000000000000, -2.282530889443167700E-17, -0.000000000000000000 ) ) ;
#1284 = LINE ( 'NONE', #997, #881 ) ;
#1285 = DIRECTION ( 'NONE',  ( 0.000000000000000000, 0.7071067811865522357, 0.7071067811865426878 ) ) ;
#1286 = CYLINDRICAL_SURFACE ( 'NONE', #600, 1.749999999999999778 ) ;
#1287 = ORIENTED_EDGE ( 'NONE', *, *, #1666, .T. ) ;
#1288 = VECTOR ( 'NONE', #783, 1000.000000000000000 ) ;
#1289 = DIRECTION ( 'NONE',  ( -2.775557561562890735E-17, -0.7071067811865427988, 0.7071067811865523467 ) ) ;
#1290 = AXIS2_PLACEMENT_3D ( 'NONE', #2408, #3257, #847 ) ;
#1291 = DIRECTION ( 'NONE',  ( 0.000000000000000000, 0.000000000000000000, 1.000000000000000000 ) ) ;
#1292 = CIRCLE ( 'NONE', #1615, 6.050000000000000711 ) ;
#1293 = ADVANCED_FACE ( 'NONE', ( #446 ), #2530, .F. ) ;
#1294 = VERTEX_POINT ( 'NONE', #1602 ) ;
#1295 = EDGE_LOOP ( 'NONE', ( #1092, #3371, #456, #2446 ) ) ;
#1296 = EDGE_CURVE ( 'NONE', #1712, #2538, #2021, .T. ) ;
#1297 = CARTESIAN_POINT ( 'NONE',  ( 0.6594843508533900778, 16.01276110058481095, -34.13539670220249178 ) ) ;
#1298 = DIRECTION ( 'NONE',  ( 0.7071067811865442421, 0.7071067811865507924, 6.409875621278428958E-17 ) ) ;
#1299 = ORIENTED_EDGE ( 'NONE', *, *, #1410, .F. ) ;
#1300 = ORIENTED_EDGE ( 'NONE', *, *, #2217, .F. ) ;
#1301 = DIRECTION ( 'NONE',  ( 0.7071067811865507924, 0.7071067811865442421, 0.000000000000000000 ) ) ;
#1302 = FACE_OUTER_BOUND ( 'NONE', #1415, .T. ) ;
#1303 = CARTESIAN_POINT ( 'NONE',  ( 2.500000000000011546, -19.00000000000000000, 8.250000000000007105 ) ) ;
#1304 = LINE ( 'NONE', #2361, #2396 ) ;
#1305 = EDGE_LOOP ( 'NONE', ( #2313, #3479, #971, #2586 ) ) ;
#1306 = CARTESIAN_POINT ( 'NONE',  ( 8.673617379884035472E-15, -37.67283694174754771, -10.42283694174726882 ) ) ;
#1307 = AXIS2_PLACEMENT_3D ( 'NONE', #2428, #259, #2932 ) ;
#1308 = VERTEX_POINT ( 'NONE', #499 ) ;
#1309 = ORIENTED_EDGE ( 'NONE', *, *, #2687, .F. ) ;
#1310 = EDGE_CURVE ( 'NONE', #2864, #2538, #1805, .T. ) ;
#1311 = CARTESIAN_POINT ( 'NONE',  ( -0.6594843508533897447, -25.06980870216096946, 1.614505872889892890 ) ) ;
#1312 = CARTESIAN_POINT ( 'NONE',  ( 21.75000000000001421, 0.000000000000000000, 8.250000000000003553 ) ) ;
#1313 = ORIENTED_EDGE ( 'NONE', *, *, #1275, .F. ) ;
#1314 = ORIENTED_EDGE ( 'NONE', *, *, #3404, .T. ) ;
#1315 = ADVANCED_FACE ( 'NONE', ( #1546 ), #1279, .F. ) ;
#1316 = CARTESIAN_POINT ( 'NONE',  ( -21.74999999999998934, 12.50000000000000000, 8.250000000000003553 ) ) ;
#1317 = FACE_OUTER_BOUND ( 'NONE', #1276, .T. ) ;
#1318 = CARTESIAN_POINT ( 'NONE',  ( 2.500000000000011546, -9.500000000000007105, -33.00000000000000000 ) ) ;
#1319 = CARTESIAN_POINT ( 'NONE',  ( 22.12500000000001066, 12.12500000000000355, -8.625000000000003553 ) ) ;
#1320 = DIRECTION ( 'NONE',  ( 0.000000000000000000, 0.7071067811865522357, 0.7071067811865426878 ) ) ;
#1321 = ORIENTED_EDGE ( 'NONE', *, *, #1421, .T. ) ;
#1322 = PLANE ( 'NONE',  #2165 ) ;
#1323 = AXIS2_PLACEMENT_3D ( 'NONE', #1090, #3228, #1928 ) ;
#1324 = ADVANCED_FACE ( 'NONE', ( #3203 ), #2337, .T. ) ;
#1325 = AXIS2_PLACEMENT_3D ( 'NONE', #2016, #961, #3086 ) ;
#1326 = DIRECTION ( 'NONE',  ( 0.000000000000000000, 0.000000000000000000, -1.000000000000000000 ) ) ;
#1327 = DIRECTION ( 'NONE',  ( 1.000000000000000000, 0.000000000000000000, -0.000000000000000000 ) ) ;
#1328 = EDGE_LOOP ( 'NONE', ( #1579, #2496, #3139, #931, #321 ) ) ;
#1329 = ORIENTED_EDGE ( 'NONE', *, *, #317, .F. ) ;
#1330 = VECTOR ( 'NONE', #2495, 999.9999999999998863 ) ;
#1331 = VECTOR ( 'NONE', #200, 1000.000000000000000 ) ;
#1332 = EDGE_LOOP ( 'NONE', ( #1382, #2534, #1040, #2064, #1497 ) ) ;
#1333 = CARTESIAN_POINT ( 'NONE',  ( -12.49999999999999112, 0.000000000000000000, -3.469446951953614189E-15 ) ) ;
#1334 = DIRECTION ( 'NONE',  ( 1.000000000000000000, -1.962615573354704784E-17, 1.962615573354731593E-17 ) ) ;
#1335 = LINE ( 'NONE', #2086, #2727 ) ;
#1336 = EDGE_CURVE ( 'NONE', #2347, #3445, #3448, .T. ) ;
#1337 = DIRECTION ( 'NONE',  ( 0.000000000000000000, 1.000000000000000000, 0.000000000000000000 ) ) ;
#1338 = ORIENTED_EDGE ( 'NONE', *, *, #1048, .T. ) ;
#1339 = LINE ( 'NONE', #2974, #255 ) ;
#1340 = AXIS2_PLACEMENT_3D ( 'NONE', #3158, #2626, #2857 ) ;
#1341 = VECTOR ( 'NONE', #1904, 1000.000000000000000 ) ;
#1342 = VECTOR ( 'NONE', #1252, 1000.000000000000000 ) ;
#1343 = FACE_BOUND ( 'NONE', #1968, .T. ) ;
#1344 = DIRECTION ( 'NONE',  ( 2.077733718875257922E-17, 1.000000000000000000, 0.000000000000000000 ) ) ;
#1345 = VERTEX_POINT ( 'NONE', #1563 ) ;
#1346 = EDGE_LOOP ( 'NONE', ( #1637, #2975, #2958, #3403 ) ) ;
#1347 = DIRECTION ( 'NONE',  ( 0.000000000000000000, 1.000000000000000000, -0.000000000000000000 ) ) ;
#1348 = LINE ( 'NONE', #1888, #2073 ) ;
#1349 = PLANE ( 'NONE',  #376 ) ;
#1350 = DIRECTION ( 'NONE',  ( -1.000000000000000000, 0.000000000000000000, 0.000000000000000000 ) ) ;
#1351 = VERTEX_POINT ( 'NONE', #1870 ) ;
#1352 = EDGE_CURVE ( 'NONE', #1248, #1007, #2933, .T. ) ;
#1353 = CARTESIAN_POINT ( 'NONE',  ( -5.348127437391596766E-16, -7.074390334558885662, 19.60992424049173977 ) ) ;
#1354 = EDGE_CURVE ( 'NONE', #983, #1470, #2605, .T. ) ;
#1355 = AXIS2_PLACEMENT_3D ( 'NONE', #2879, #474, #2581 ) ;
#1356 = VECTOR ( 'NONE', #498, 1000.000000000000000 ) ;
#1357 = VECTOR ( 'NONE', #1489, 1000.000000000000000 ) ;
#1358 = DIRECTION ( 'NONE',  ( -0.000000000000000000, 0.000000000000000000, -1.000000000000000000 ) ) ;
#1359 = FACE_OUTER_BOUND ( 'NONE', #1559, .T. ) ;
#1360 = ORIENTED_EDGE ( 'NONE', *, *, #1656, .F. ) ;
#1361 = ORIENTED_EDGE ( 'NONE', *, *, #253, .T. ) ;
#1362 = DIRECTION ( 'NONE',  ( -1.141265444721583757E-16, 1.000000000000000000, 0.000000000000000000 ) ) ;
#1363 = DIRECTION ( 'NONE',  ( 0.7071067811865442421, -0.7071067811865507924, 0.000000000000000000 ) ) ;
#1364 = DIRECTION ( 'NONE',  ( 0.000000000000000000, 0.000000000000000000, 1.000000000000000000 ) ) ;
#1365 = LINE ( 'NONE', #1625, #1203 ) ;
#1366 = PRODUCT ( 'Brush Holder rev2', 'Brush Holder rev2', '', ( #294 ) ) ;
#1367 = EDGE_LOOP ( 'NONE', ( #3315, #835, #1117, #1520 ) ) ;
#1368 = DIRECTION ( 'NONE',  ( 0.000000000000000000, 0.7071067811865426878, -0.7071067811865524577 ) ) ;
#1369 = ADVANCED_FACE ( 'NONE', ( #1578 ), #481, .T. ) ;
#1370 = CIRCLE ( 'NONE', #1323, 2.999999999999999112 ) ;
#1371 = AXIS2_PLACEMENT_3D ( 'NONE', #1598, #1907, #1398 ) ;
#1372 = EDGE_CURVE ( 'NONE', #697, #2652, #3001, .T. ) ;
#1373 = DIRECTION ( 'NONE',  ( -1.000000000000000000, -1.141265444721583757E-16, 0.000000000000000000 ) ) ;
#1374 = CARTESIAN_POINT ( 'NONE',  ( 2.500000000000011546, -4.198593014213822805, -35.91506157242989161 ) ) ;
#1375 = ORIENTED_EDGE ( 'NONE', *, *, #1535, .T. ) ;
#1376 = ORIENTED_EDGE ( 'NONE', *, *, #2378, .T. ) ;
#1377 = AXIS2_PLACEMENT_3D ( 'NONE', #1965, #624, #2523 ) ;
#1378 = DIRECTION ( 'NONE',  ( 0.7125424529033899113, -0.4961266233586006935, 0.4961266233586073549 ) ) ;
#1379 = DIRECTION ( 'NONE',  ( -1.000000000000000000, 1.962615573354704784E-17, -1.962615573354731593E-17 ) ) ;
#1380 = FACE_OUTER_BOUND ( 'NONE', #1063, .T. ) ;
#1381 = EDGE_CURVE ( 'NONE', #585, #2401, #1499, .T. ) ;
#1382 = ORIENTED_EDGE ( 'NONE', *, *, #114, .F. ) ;
#1383 = VECTOR ( 'NONE', #3451, 1000.000000000000114 ) ;
#1384 = DIRECTION ( 'NONE',  ( -6.839255870355016478E-17, 0.7071067811865507924, -0.7071067811865441310 ) ) ;
#1385 = ORIENTED_EDGE ( 'NONE', *, *, #941, .F. ) ;
#1386 = EDGE_CURVE ( 'NONE', #1271, #1227, #3421, .T. ) ;
#1387 = ORIENTED_EDGE ( 'NONE', *, *, #2750, .T. ) ;
#1388 = VECTOR ( 'NONE', #3084, 1000.000000000000000 ) ;
#1389 = PLANE ( 'NONE',  #3446 ) ;
#1390 = CARTESIAN_POINT ( 'NONE',  ( 21.75000000000001421, -9.499999999999872102, 17.75000000000001066 ) ) ;
#1391 = AXIS2_PLACEMENT_3D ( 'NONE', #30, #2488, #1694 ) ;
#1392 = CIRCLE ( 'NONE', #1951, 6.050000000000000711 ) ;
#1393 = ORIENTED_EDGE ( 'NONE', *, *, #3074, .F. ) ;
#1394 = ORIENTED_EDGE ( 'NONE', *, *, #2193, .F. ) ;
#1395 = ADVANCED_FACE ( 'NONE', ( #3136, #2637 ), #729, .F. ) ;
#1396 = DIRECTION ( 'NONE',  ( 1.880790961315659671E-33, 0.7071067811865524577, 0.7071067811865426878 ) ) ;
#1397 = CARTESIAN_POINT ( 'NONE',  ( -1.749999999999986011, -17.68431457505076665, 8.999999999999998224 ) ) ;
#1398 = DIRECTION ( 'NONE',  ( 2.688104559881415512E-17, 1.000000000000000000, 0.000000000000000000 ) ) ;
#1399 = ORIENTED_EDGE ( 'NONE', *, *, #985, .F. ) ;
#1400 = PLANE ( 'NONE',  #2503 ) ;
#1401 = CARTESIAN_POINT ( 'NONE',  ( 21.75000000000001066, 12.50000000000000000, -9.000000000000001776 ) ) ;
#1402 = ORIENTED_EDGE ( 'NONE', *, *, #1256, .F. ) ;
#1403 = DIRECTION ( 'NONE',  ( 0.000000000000000000, -0.7071067811865523467, -0.7071067811865426878 ) ) ;
#1404 = AXIS2_PLACEMENT_3D ( 'NONE', #974, #2046, #1467 ) ;
#1405 = DIRECTION ( 'NONE',  ( -0.5773502691896204020, 0.5773502691896257311, 0.5773502691896310601 ) ) ;
#1406 = LINE ( 'NONE', #1502, #1766 ) ;
#1407 = CARTESIAN_POINT ( 'NONE',  ( -5.348127437391596766E-16, -10.89276695296626229, 16.35723304703364533 ) ) ;
#1408 = EDGE_LOOP ( 'NONE', ( #327, #1835, #753, #3100 ) ) ;
#1409 = VECTOR ( 'NONE', #3058, 1000.000000000000000 ) ;
#1410 = EDGE_CURVE ( 'NONE', #1172, #26, #217, .T. ) ;
#1411 = ORIENTED_EDGE ( 'NONE', *, *, #2616, .T. ) ;
#1412 = CARTESIAN_POINT ( 'NONE',  ( 1.750000000000017542, -18.25000000000000711, -41.00000000000000711 ) ) ;
#1413 = CARTESIAN_POINT ( 'NONE',  ( 2.500000000000012434, -0.7500000000000005551, -10.49999999999998934 ) ) ;
#1414 = CARTESIAN_POINT ( 'NONE',  ( 1.040834085586084257E-14, -10.00000000000000000, 0.9999999999999974465 ) ) ;
#1415 = EDGE_LOOP ( 'NONE', ( #1575, #12, #2525, #2030 ) ) ;
#1416 = FACE_OUTER_BOUND ( 'NONE', #2686, .T. ) ;
#1417 = DIRECTION ( 'NONE',  ( -0.7071067811865442421, 6.839255870354841449E-17, -0.7071067811865507924 ) ) ;
#1418 = VERTEX_POINT ( 'NONE', #2095 ) ;
#1419 = DIRECTION ( 'NONE',  ( 0.000000000000000000, 0.000000000000000000, 1.000000000000000000 ) ) ;
#1420 = DIRECTION ( 'NONE',  ( -2.775557561562891043E-17, -0.7071067811865427988, 0.7071067811865523467 ) ) ;
#1421 = EDGE_CURVE ( 'NONE', #1253, #1978, #2368, .T. ) ;
#1422 = FACE_OUTER_BOUND ( 'NONE', #2585, .T. ) ;
#1423 = CARTESIAN_POINT ( 'NONE',  ( 2.500000000000011546, -4.198593014213822805, -13.91506157242989516 ) ) ;
#1424 = FACE_OUTER_BOUND ( 'NONE', #119, .T. ) ;
#1425 = ORIENTED_EDGE ( 'NONE', *, *, #1432, .F. ) ;
#1426 = ORIENTED_EDGE ( 'NONE', *, *, #1825, .F. ) ;
#1427 = CARTESIAN_POINT ( 'NONE',  ( 0.4000000000000110134, -9.500000000000007105, -33.00000000000000000 ) ) ;
#1428 = CARTESIAN_POINT ( 'NONE',  ( 0.6594843508533900778, -22.40347508833400525, 4.280839486716849329 ) ) ;
#1429 = CIRCLE ( 'NONE', #924, 2.999999999999999112 ) ;
#1430 = DIRECTION ( 'NONE',  ( 0.7125424529031234577, 0.4961266233587919849, -0.4961266233587987018 ) ) ;
#1431 = ORIENTED_EDGE ( 'NONE', *, *, #386, .T. ) ;
#1432 = EDGE_CURVE ( 'NONE', #719, #2673, #1215, .T. ) ;
#1433 = DIRECTION ( 'NONE',  ( 0.000000000000000000, -0.7071067811865426878, 0.7071067811865523467 ) ) ;
#1434 = CARTESIAN_POINT ( 'NONE',  ( 1.750000000000011990, 1.711898167082375698E-17, 8.999999999999998224 ) ) ;
#1435 = DIRECTION ( 'NONE',  ( -0.000000000000000000, 0.000000000000000000, -1.000000000000000000 ) ) ;
#1436 = ORIENTED_EDGE ( 'NONE', *, *, #727, .F. ) ;
#1437 = ADVANCED_FACE ( 'NONE', ( #515 ), #1591, .F. ) ;
#1438 = VECTOR ( 'NONE', #1210, 1000.000000000000114 ) ;
#1439 = DIRECTION ( 'NONE',  ( -5.260848035990617447E-15, 0.000000000000000000, -1.000000000000000000 ) ) ;
#1440 = CARTESIAN_POINT ( 'NONE',  ( -0.6594843508533827503, -39.95185267452934141, -13.26753809947826568 ) ) ;
#1441 = DIRECTION ( 'NONE',  ( 1.000000000000000000, 0.000000000000000000, -0.000000000000000000 ) ) ;
#1442 = CARTESIAN_POINT ( 'NONE',  ( 0.08500000000001442513, -18.99999999999999645, 2.741105463359303052 ) ) ;
#1443 = DIRECTION ( 'NONE',  ( 0.000000000000000000, -0.7071067811865426878, 0.7071067811865524577 ) ) ;
#1444 = EDGE_LOOP ( 'NONE', ( #290, #3266, #2793, #669 ) ) ;
#1445 = VERTEX_POINT ( 'NONE', #589 ) ;
#1446 = VECTOR ( 'NONE', #2654, 1000.000000000000000 ) ;
#1447 = CARTESIAN_POINT ( 'NONE',  ( -0.6594843508533827503, -40.23469538700395987, -12.98469538700364545 ) ) ;
#1448 = CARTESIAN_POINT ( 'NONE',  ( -15.84999999999999609, -13.62499999999988098, 13.62500000000006395 ) ) ;
#1449 = CARTESIAN_POINT ( 'NONE',  ( 22.50199999999999889, 8.249999999999991118, 21.00208333333333499 ) ) ;
#1450 = ORIENTED_EDGE ( 'NONE', *, *, #1933, .F. ) ;
#1451 = AXIS2_PLACEMENT_3D ( 'NONE', #53, #1454, #2515 ) ;
#1452 = VECTOR ( 'NONE', #1658, 999.9999999999998863 ) ;
#1453 = ORIENTED_EDGE ( 'NONE', *, *, #2243, .T. ) ;
#1454 = DIRECTION ( 'NONE',  ( 1.000000000000000000, -2.282530889443167700E-17, 0.000000000000000000 ) ) ;
#1455 = FACE_OUTER_BOUND ( 'NONE', #1408, .T. ) ;
#1456 = DIRECTION ( 'NONE',  ( -0.4488896910512908400, 0.8935871783255826539, 0.000000000000000000 ) ) ;
#1457 = EDGE_CURVE ( 'NONE', #1166, #2274, #2383, .T. ) ;
#1458 = VERTEX_POINT ( 'NONE', #805 ) ;
#1459 = CARTESIAN_POINT ( 'NONE',  ( 2.315685424949263105, -18.43431457505074889, 8.250000000000007105 ) ) ;
#1460 = EDGE_CURVE ( 'NONE', #3156, #1705, #1940, .T. ) ;
#1461 = FACE_OUTER_BOUND ( 'NONE', #2295, .T. ) ;
#1462 = DIRECTION ( 'NONE',  ( 0.000000000000000000, -0.7071067811865442421, -0.7071067811865509034 ) ) ;
#1463 = DIRECTION ( 'NONE',  ( 0.000000000000000000, -0.7071067811865522357, -0.7071067811865426878 ) ) ;
#1464 = ORIENTED_EDGE ( 'NONE', *, *, #1891, .T. ) ;
#1465 = ORIENTED_EDGE ( 'NONE', *, *, #531, .T. ) ;
#1466 = CARTESIAN_POINT ( 'NONE',  ( -2.124999999999989786, -0.3749999999999986122, -40.62500000000000711 ) ) ;
#1467 = DIRECTION ( 'NONE',  ( 0.000000000000000000, 0.8762656174853244995, 0.4818283590793126514 ) ) ;
#1468 = DIRECTION ( 'NONE',  ( -4.519838612939976275E-16, -1.000000000000000000, 0.000000000000000000 ) ) ;
#1469 = VERTEX_POINT ( 'NONE', #2154 ) ;
#1470 = VERTEX_POINT ( 'NONE', #1390 ) ;
#1471 = DIRECTION ( 'NONE',  ( 0.5773502691896275074, 0.5773502691896221783, 0.5773502691896275074 ) ) ;
#1472 = FACE_OUTER_BOUND ( 'NONE', #2443, .T. ) ;
#1473 = CARTESIAN_POINT ( 'NONE',  ( 2.500000000000011546, -9.500000000000007105, -11.00000000000000178 ) ) ;
#1474 = VECTOR ( 'NONE', #1758, 1000.000000000000000 ) ;
#1475 = ORIENTED_EDGE ( 'NONE', *, *, #2437, .F. ) ;
#1476 = EDGE_CURVE ( 'NONE', #687, #1564, #41, .T. ) ;
#1477 = FACE_OUTER_BOUND ( 'NONE', #2565, .T. ) ;
#1478 = EDGE_CURVE ( 'NONE', #1626, #3265, #425, .T. ) ;
#1479 = DIRECTION ( 'NONE',  ( 1.000000000000000000, -2.282530889443167700E-17, 0.000000000000000000 ) ) ;
#1480 = ADVANCED_FACE ( 'NONE', ( #1124 ), #2947, .F. ) ;
#1481 = DIRECTION ( 'NONE',  ( 0.000000000000000000, -1.000000000000000000, 0.000000000000000000 ) ) ;
#1482 = CARTESIAN_POINT ( 'NONE',  ( 2.500000000000011546, -9.500000000000007105, -33.00000000000000000 ) ) ;
#1483 = ORIENTED_EDGE ( 'NONE', *, *, #3213, .T. ) ;
#1484 = ORIENTED_EDGE ( 'NONE', *, *, #488, .T. ) ;
#1485 = EDGE_CURVE ( 'NONE', #1069, #2916, #24, .T. ) ;
#1486 = AXIS2_PLACEMENT_3D ( 'NONE', #922, #1996, #1209 ) ;
#1487 = FACE_OUTER_BOUND ( 'NONE', #2982, .T. ) ;
#1488 = CARTESIAN_POINT ( 'NONE',  ( 0.4000000000000108469, -15.55000000000000782, -33.00000000000000000 ) ) ;
#1489 = DIRECTION ( 'NONE',  ( 0.000000000000000000, -0.7071067811865426878, 0.7071067811865523467 ) ) ;
#1490 = ORIENTED_EDGE ( 'NONE', *, *, #2426, .T. ) ;
#1491 = VERTEX_POINT ( 'NONE', #1929 ) ;
#1492 = CARTESIAN_POINT ( 'NONE',  ( -4.415724992891714606, -11.12393675358602607, 15.56037782146465176 ) ) ;
#1493 = CYLINDRICAL_SURFACE ( 'NONE', #2098, 2.999999999999999112 ) ;
#1494 = CARTESIAN_POINT ( 'NONE',  ( -0.6594843508533827503, -39.95185267452934141, -13.26753809947826568 ) ) ;
#1495 = FACE_OUTER_BOUND ( 'NONE', #402, .T. ) ;
#1496 = VECTOR ( 'NONE', #3018, 1000.000000000000000 ) ;
#1497 = ORIENTED_EDGE ( 'NONE', *, *, #1178, .F. ) ;
#1498 = DIRECTION ( 'NONE',  ( 0.000000000000000000, -0.7071067811865426878, 0.7071067811865523467 ) ) ;
#1499 = CIRCLE ( 'NONE', #2109, 6.050000000000000711 ) ;
#1500 = DIRECTION ( 'NONE',  ( -4.625929269271543698E-15, -1.000000000000000000, 0.000000000000000000 ) ) ;
#1501 = PLANE ( 'NONE',  #1057 ) ;
#1502 = CARTESIAN_POINT ( 'NONE',  ( -22.49999999999998934, 0.7500000000000006661, 8.250000000000003553 ) ) ;
#1503 = LINE ( 'NONE', #2766, #2888 ) ;
#1504 = ORIENTED_EDGE ( 'NONE', *, *, #705, .T. ) ;
#1505 = VERTEX_POINT ( 'NONE', #2185 ) ;
#1506 = EDGE_CURVE ( 'NONE', #2037, #308, #2748, .T. ) ;
#1507 = CARTESIAN_POINT ( 'NONE',  ( 4.415724992891725265, -11.12393675358602607, 15.56037782146465176 ) ) ;
#1508 = CARTESIAN_POINT ( 'NONE',  ( 0.4000000000000114575, -5.045227278524780701, -15.45477272147527437 ) ) ;
#1509 = ORIENTED_EDGE ( 'NONE', *, *, #246, .T. ) ;
#1510 = EDGE_CURVE ( 'NONE', #1345, #2606, #1671, .T. ) ;
#1511 = ORIENTED_EDGE ( 'NONE', *, *, #1178, .T. ) ;
#1512 = LINE ( 'NONE', #3406, #943 ) ;
#1513 = DIRECTION ( 'NONE',  ( 0.000000000000000000, -0.7071067811865522357, -0.7071067811865426878 ) ) ;
#1514 = DIRECTION ( 'NONE',  ( 0.000000000000000000, 0.7071067811865426878, -0.7071067811865524577 ) ) ;
#1515 = LINE ( 'NONE', #2071, #2123 ) ;
#1516 = VECTOR ( 'NONE', #2968, 1000.000000000000000 ) ;
#1517 = ORIENTED_EDGE ( 'NONE', *, *, #1072, .F. ) ;
#1518 = AXIS2_PLACEMENT_3D ( 'NONE', #1154, #2215, #2117 ) ;
#1519 = VECTOR ( 'NONE', #2628, 1000.000000000000000 ) ;
#1520 = ORIENTED_EDGE ( 'NONE', *, *, #1247, .T. ) ;
#1521 = PLANE ( 'NONE',  #2007 ) ;
#1522 = DIRECTION ( 'NONE',  ( 0.8206649074353326023, 0.5714097563956682668, -0.000000000000000000 ) ) ;
#1523 = CARTESIAN_POINT ( 'NONE',  ( 0.4000000000000114575, -4.198593014213822805, -13.91506157242989516 ) ) ;
#1524 = VERTEX_POINT ( 'NONE', #1374 ) ;
#1525 = ORIENTED_EDGE ( 'NONE', *, *, #2579, .T. ) ;
#1526 = DIRECTION ( 'NONE',  ( 1.000000000000000000, -0.000000000000000000, 2.775557561562891351E-16 ) ) ;
#1527 = DIRECTION ( 'NONE',  ( 0.000000000000000000, 0.7071067811865426878, -0.7071067811865523467 ) ) ;
#1528 = EDGE_CURVE ( 'NONE', #197, #2274, #819, .T. ) ;
#1529 = AXIS2_PLACEMENT_3D ( 'NONE', #2265, #3345, #793 ) ;
#1530 = ORIENTED_EDGE ( 'NONE', *, *, #1629, .T. ) ;
#1531 = EDGE_LOOP ( 'NONE', ( #1987, #3394 ) ) ;
#1532 = DIRECTION ( 'NONE',  ( -2.775557561562890735E-17, -0.7071067811865427988, 0.7071067811865523467 ) ) ;
#1533 = DIRECTION ( 'NONE',  ( 0.000000000000000000, 0.7071067811865522357, 0.7071067811865426878 ) ) ;
#1534 = CARTESIAN_POINT ( 'NONE',  ( -21.74999999999998934, 4.000000000000000000, 8.999999999999998224 ) ) ;
#1535 = EDGE_CURVE ( 'NONE', #2966, #1345, #325, .T. ) ;
#1536 = CARTESIAN_POINT ( 'NONE',  ( 2.500000000000011546, -9.500000000000007105, -11.00000000000000178 ) ) ;
#1537 = ORIENTED_EDGE ( 'NONE', *, *, #822, .T. ) ;
#1538 = AXIS2_PLACEMENT_3D ( 'NONE', #1427, #1222, #3366 ) ;
#1539 = ORIENTED_EDGE ( 'NONE', *, *, #1630, .F. ) ;
#1540 = AXIS2_PLACEMENT_3D ( 'NONE', #859, #1956, #631 ) ;
#1541 = DIRECTION ( 'NONE',  ( -0.5773502691896310601, -0.5773502691896257311, -0.5773502691896204020 ) ) ;
#1542 = ADVANCED_FACE ( 'NONE', ( #1359 ), #7, .T. ) ;
#1543 = ORIENTED_EDGE ( 'NONE', *, *, #626, .T. ) ;
#1544 = VERTEX_POINT ( 'NONE', #874 ) ;
#1545 = CARTESIAN_POINT ( 'NONE',  ( 1.120722666716595043E-14, -13.00000000000000000, -22.00000000000000711 ) ) ;
#1546 = FACE_OUTER_BOUND ( 'NONE', #3254, .T. ) ;
#1547 = ORIENTED_EDGE ( 'NONE', *, *, #2125, .F. ) ;
#1548 = AXIS2_PLACEMENT_3D ( 'NONE', #3094, #684, #324 ) ;
#1549 = VECTOR ( 'NONE', #3456, 1000.000000000000114 ) ;
#1550 = ORIENTED_EDGE ( 'NONE', *, *, #21, .T. ) ;
#1551 = DIRECTION ( 'NONE',  ( 0.000000000000000000, -0.7071067811865426878, 0.7071067811865524577 ) ) ;
#1552 = DIRECTION ( 'NONE',  ( -0.000000000000000000, 1.000000000000000000, -0.000000000000000000 ) ) ;
#1553 = LINE ( 'NONE', #470, #314 ) ;
#1554 = DIRECTION ( 'NONE',  ( 0.5773502691896292838, 0.5773502691896239547, 0.5773502691896239547 ) ) ;
#1555 = EDGE_LOOP ( 'NONE', ( #125, #443, #1530, #1718, #3205, #3063, #429, #2608, #2005, #2768, #275, #2860, #2942, #3305, #1587, #2578, #2634, #641, #2323, #2362, #1132, #1300, #1537, #625, #2191, #2894, #185, #1802, #2473, #1550, #2751, #326 ) ) ;
#1556 = DIRECTION ( 'NONE',  ( 1.000000000000000000, -2.282530889443167700E-17, -0.000000000000000000 ) ) ;
#1557 = VECTOR ( 'NONE', #3408, 1000.000000000000000 ) ;
#1558 = EDGE_CURVE ( 'NONE', #2436, #1544, #1915, .T. ) ;
#1559 = EDGE_LOOP ( 'NONE', ( #2533, #408, #2129, #1665 ) ) ;
#1560 = ORIENTED_EDGE ( 'NONE', *, *, #2640, .T. ) ;
#1561 = ADVANCED_FACE ( 'NONE', ( #2981 ), #2964, .T. ) ;
#1562 = LINE ( 'NONE', #1545, #2866 ) ;
#1563 = CARTESIAN_POINT ( 'NONE',  ( 14.64999999999999503, -10.89276695296626052, 16.35723304703363823 ) ) ;
#1564 = VERTEX_POINT ( 'NONE', #1652 ) ;
#1565 = CARTESIAN_POINT ( 'NONE',  ( 0.6594843508533969612, -39.95185267452934852, -13.26753809947826923 ) ) ;
#1566 = CARTESIAN_POINT ( 'NONE',  ( 1.750000000000010658, -19.00000000000000000, -41.00000000000000711 ) ) ;
#1567 = DIRECTION ( 'NONE',  ( 0.000000000000000000, -0.7071067811865522357, -0.7071067811865426878 ) ) ;
#1568 = DIRECTION ( 'NONE',  ( -8.069965350965163242E-17, 0.7071067811865507924, -0.7071067811865441310 ) ) ;
#1569 = DIRECTION ( 'NONE',  ( 0.000000000000000000, -0.7071067811865426878, 0.7071067811865524577 ) ) ;
#1570 = EDGE_LOOP ( 'NONE', ( #2526, #1490, #1560, #3387 ) ) ;
#1571 = CARTESIAN_POINT ( 'NONE',  ( -0.6594843508533952958, -13.34215728752526253, 13.34215728752544372 ) ) ;
#1572 = AXIS2_PLACEMENT_3D ( 'NONE', #1002, #1556, #984 ) ;
#1573 = EDGE_CURVE ( 'NONE', #1921, #2706, #3216, .T. ) ;
#1574 = EDGE_CURVE ( 'NONE', #1674, #148, #2694, .T. ) ;
#1575 = ORIENTED_EDGE ( 'NONE', *, *, #473, .T. ) ;
#1576 = ORIENTED_EDGE ( 'NONE', *, *, #1135, .F. ) ;
#1577 = DIRECTION ( 'NONE',  ( 2.301999223959925724E-16, 0.000000000000000000, -1.000000000000000000 ) ) ;
#1578 = FACE_OUTER_BOUND ( 'NONE', #1770, .T. ) ;
#1579 = ORIENTED_EDGE ( 'NONE', *, *, #1476, .T. ) ;
#1580 = DIRECTION ( 'NONE',  ( 1.000000000000000000, -1.962615573354704784E-17, 1.962615573354731593E-17 ) ) ;
#1581 = PLANE ( 'NONE',  #32 ) ;
#1582 = AXIS2_PLACEMENT_3D ( 'NONE', #1062, #2385, #2127 ) ;
#1583 = DIRECTION ( 'NONE',  ( 1.000000000000000000, -2.282530889443167700E-17, 0.000000000000000000 ) ) ;
#1584 = LINE ( 'NONE', #2940, #3465 ) ;
#1585 = CARTESIAN_POINT ( 'NONE',  ( 14.64999999999999503, -13.62499999999988098, 13.62500000000006395 ) ) ;
#1586 = EDGE_CURVE ( 'NONE', #2018, #2334, #1105, .T. ) ;
#1587 = ORIENTED_EDGE ( 'NONE', *, *, #1739, .T. ) ;
#1588 = CYLINDRICAL_SURFACE ( 'NONE', #1572, 1.749999999999999778 ) ;
#1589 = EDGE_CURVE ( 'NONE', #795, #1235, #1503, .T. ) ;
#1590 = CARTESIAN_POINT ( 'NONE',  ( 0.000000000000000000, 0.000000000000000000, 0.000000000000000000 ) ) ;
#1591 = PLANE ( 'NONE',  #3182 ) ;
#1592 = EDGE_LOOP ( 'NONE', ( #861, #492, #1024, #2840 ) ) ;
#1593 = VERTEX_POINT ( 'NONE', #2279 ) ;
#1594 = ORIENTED_EDGE ( 'NONE', *, *, #2332, .F. ) ;
#1595 = FACE_OUTER_BOUND ( 'NONE', #1871, .T. ) ;
#1596 = CARTESIAN_POINT ( 'NONE',  ( -15.84999999999999609, -13.34215728752526253, 13.34215728752544372 ) ) ;
#1597 = FACE_OUTER_BOUND ( 'NONE', #1328, .T. ) ;
#1598 = CARTESIAN_POINT ( 'NONE',  ( 0.4000000000000110134, -9.500000000000007105, -33.00000000000000000 ) ) ;
#1599 = ORIENTED_EDGE ( 'NONE', *, *, #972, .T. ) ;
#1600 = LINE ( 'NONE', #20, #2945 ) ;
#1601 = DIRECTION ( 'NONE',  ( 0.000000000000000000, -1.000000000000000000, 0.000000000000000000 ) ) ;
#1602 = CARTESIAN_POINT ( 'NONE',  ( -0.6594843508533813070, -43.25000000000001421, -15.99999999999966427 ) ) ;
#1603 = ORIENTED_EDGE ( 'NONE', *, *, #731, .T. ) ;
#1604 = ADVANCED_FACE ( 'NONE', ( #1424 ), #420, .F. ) ;
#1605 = VERTEX_POINT ( 'NONE', #1762 ) ;
#1606 = VECTOR ( 'NONE', #3047, 1000.000000000000114 ) ;
#1607 = LINE ( 'NONE', #3193, #1288 ) ;
#1608 = FACE_OUTER_BOUND ( 'NONE', #373, .T. ) ;
#1609 = CARTESIAN_POINT ( 'NONE',  ( 24.58333333333335347, 9.666666666666683838, -6.166666666666684726 ) ) ;
#1610 = CARTESIAN_POINT ( 'NONE',  ( 0.4000000000000110134, -9.500000000000007105, -11.00000000000000178 ) ) ;
#1611 = EDGE_CURVE ( 'NONE', #2872, #50, #198, .T. ) ;
#1612 = ORIENTED_EDGE ( 'NONE', *, *, #3252, .F. ) ;
#1613 = DIRECTION ( 'NONE',  ( 0.000000000000000000, -0.7071067811865426878, 0.7071067811865524577 ) ) ;
#1614 =( GEOMETRIC_REPRESENTATION_CONTEXT ( 3 ) GLOBAL_UNCERTAINTY_ASSIGNED_CONTEXT ( ( #2206 ) ) GLOBAL_UNIT_ASSIGNED_CONTEXT ( ( #2554, #2609, #3119 ) ) REPRESENTATION_CONTEXT ( 'NONE', 'WORKASPACE' ) );
#1615 = AXIS2_PLACEMENT_3D ( 'NONE', #1318, #1583, #451 ) ;
#1616 = VECTOR ( 'NONE', #505, 1000.000000000000000 ) ;
#1617 = CARTESIAN_POINT ( 'NONE',  ( 1.750000000000010658, -19.00000000000000000, 8.250000000000007105 ) ) ;
#1618 = DIRECTION ( 'NONE',  ( -0.000000000000000000, 0.000000000000000000, -1.000000000000000000 ) ) ;
#1619 = EDGE_LOOP ( 'NONE', ( #1796, #3277, #1654, #51 ) ) ;
#1620 = ORIENTED_EDGE ( 'NONE', *, *, #458, .F. ) ;
#1621 = EDGE_CURVE ( 'NONE', #316, #2696, #1429, .T. ) ;
#1622 = DIRECTION ( 'NONE',  ( -2.775557561562890735E-17, -0.7071067811865427988, 0.7071067811865523467 ) ) ;
#1623 = CARTESIAN_POINT ( 'NONE',  ( -14.47810485835022476, -35.22810485835007910, -8.543790283299095734 ) ) ;
#1624 = CARTESIAN_POINT ( 'NONE',  ( -12.49999999999999112, 1.500000000000000000, -3.469446951953614189E-15 ) ) ;
#1625 = CARTESIAN_POINT ( 'NONE',  ( 22.12500000000001066, 0.7500000000000006661, 8.625000000000000000 ) ) ;
#1626 = VERTEX_POINT ( 'NONE', #160 ) ;
#1627 = ADVANCED_FACE ( 'NONE', ( #1984 ), #2300, .T. ) ;
#1628 = CARTESIAN_POINT ( 'NONE',  ( 21.75000000000001066, 12.12500000000000000, 8.625000000000000000 ) ) ;
#1629 = EDGE_CURVE ( 'NONE', #50, #213, #2239, .T. ) ;
#1630 = EDGE_CURVE ( 'NONE', #2726, #1674, #3363, .T. ) ;
#1631 = VECTOR ( 'NONE', #1522, 1000.000000000000114 ) ;
#1632 = EDGE_CURVE ( 'NONE', #1803, #3392, #685, .T. ) ;
#1633 = AXIS2_PLACEMENT_3D ( 'NONE', #622, #1702, #357 ) ;
#1634 = VECTOR ( 'NONE', #3031, 1000.000000000000000 ) ;
#1635 = CARTESIAN_POINT ( 'NONE',  ( -5.348127437391596766E-16, -13.34215728752526253, 13.34215728752544372 ) ) ;
#1636 = CARTESIAN_POINT ( 'NONE',  ( 2.500000000000011546, -5.045227278524780701, -15.45477272147527437 ) ) ;
#1637 = ORIENTED_EDGE ( 'NONE', *, *, #1485, .F. ) ;
#1638 = VERTEX_POINT ( 'NONE', #3055 ) ;
#1639 = FACE_OUTER_BOUND ( 'NONE', #616, .T. ) ;
#1640 = DIRECTION ( 'NONE',  ( -0.5773502691896311712, -0.5773502691896258421, -0.5773502691896205130 ) ) ;
#1641 = LINE ( 'NONE', #2699, #157 ) ;
#1642 = LINE ( 'NONE', #1890, #1059 ) ;
#1643 = ORIENTED_EDGE ( 'NONE', *, *, #17, .T. ) ;
#1644 = DIRECTION ( 'NONE',  ( -1.000000000000000000, 3.925231146709463185E-17, 0.000000000000000000 ) ) ;
#1645 = ADVANCED_FACE ( 'NONE', ( #1783 ), #2222, .T. ) ;
#1646 = VERTEX_POINT ( 'NONE', #930 ) ;
#1647 = AXIS2_PLACEMENT_3D ( 'NONE', #2765, #2201, #2504 ) ;
#1648 = VECTOR ( 'NONE', #252, 1000.000000000000000 ) ;
#1649 = EDGE_CURVE ( 'NONE', #18, #3429, #2041, .T. ) ;
#1650 = CARTESIAN_POINT ( 'NONE',  ( -21.74999999999998934, 12.50000000000000000, 8.999999999999998224 ) ) ;
#1651 = CARTESIAN_POINT ( 'NONE',  ( 0.000000000000000000, 12.50000000000000000, 0.000000000000000000 ) ) ;
#1652 = CARTESIAN_POINT ( 'NONE',  ( -22.12499999999998579, 0.3749999999999960032, -8.625000000000003553 ) ) ;
#1653 = VERTEX_POINT ( 'NONE', #1723 ) ;
#1654 = ORIENTED_EDGE ( 'NONE', *, *, #1885, .F. ) ;
#1655 = AXIS2_PLACEMENT_3D ( 'NONE', #3095, #1177, #97 ) ;
#1656 = EDGE_CURVE ( 'NONE', #2726, #592, #2804, .T. ) ;
#1657 = DIRECTION ( 'NONE',  ( 1.000000000000000000, -2.282530889443167700E-17, -0.000000000000000000 ) ) ;
#1658 = DIRECTION ( 'NONE',  ( -0.5791517710219871162, -0.5764474070208421841, -0.5764474070208343015 ) ) ;
#1659 = DIRECTION ( 'NONE',  ( 1.000000000000000000, -2.282530889443167700E-17, 0.000000000000000000 ) ) ;
#1660 = ORIENTED_EDGE ( 'NONE', *, *, #2286, .T. ) ;
#1661 = AXIS2_PLACEMENT_3D ( 'NONE', #3229, #1882, #307 ) ;
#1662 = FILL_AREA_STYLE_COLOUR ( '', #375 ) ;
#1663 = DIRECTION ( 'NONE',  ( -0.7071067811865441310, 0.7071067811865507924, -6.409875621278664384E-17 ) ) ;
#1664 = VERTEX_POINT ( 'NONE', #2545 ) ;
#1665 = ORIENTED_EDGE ( 'NONE', *, *, #2670, .T. ) ;
#1666 = EDGE_CURVE ( 'NONE', #1235, #2369, #2505, .T. ) ;
#1667 = EDGE_CURVE ( 'NONE', #2289, #1294, #117, .T. ) ;
#1668 = DIRECTION ( 'NONE',  ( 0.000000000000000000, 0.000000000000000000, -1.000000000000000000 ) ) ;
#1669 = VECTOR ( 'NONE', #1015, 999.9999999999998863 ) ;
#1670 = DIRECTION ( 'NONE',  ( -2.775557561562891043E-17, -0.7071067811865427988, 0.7071067811865523467 ) ) ;
#1671 = LINE ( 'NONE', #1948, #862 ) ;
#1672 = CIRCLE ( 'NONE', #825, 1.749999999999999778 ) ;
#1673 = VECTOR ( 'NONE', #999, 1000.000000000000000 ) ;
#1674 = VERTEX_POINT ( 'NONE', #1159 ) ;
#1675 = ORIENTED_EDGE ( 'NONE', *, *, #3472, .T. ) ;
#1676 = DIRECTION ( 'NONE',  ( -0.000000000000000000, -1.000000000000000000, 0.000000000000000000 ) ) ;
#1677 = PLANE ( 'NONE',  #2395 ) ;
#1678 = LINE ( 'NONE', #3006, #1039 ) ;
#1679 = ORIENTED_EDGE ( 'NONE', *, *, #3152, .T. ) ;
#1680 = EDGE_CURVE ( 'NONE', #1108, #1227, #1197, .T. ) ;
#1681 = CARTESIAN_POINT ( 'NONE',  ( -21.74999999999999645, 1.301042606982605321E-15, 8.250000000000003553 ) ) ;
#1682 = FACE_OUTER_BOUND ( 'NONE', #3244, .T. ) ;
#1683 = ORIENTED_EDGE ( 'NONE', *, *, #2967, .F. ) ;
#1684 = DIRECTION ( 'NONE',  ( -0.4488896910512917837, -0.8935871783255822098, 0.000000000000000000 ) ) ;
#1685 = VECTOR ( 'NONE', #3386, 1000.000000000000000 ) ;
#1686 = DIRECTION ( 'NONE',  ( 1.000000000000000000, -2.282530889443167700E-17, -0.000000000000000000 ) ) ;
#1687 = LINE ( 'NONE', #341, #2989 ) ;
#1688 = DIRECTION ( 'NONE',  ( 0.5773502691896287287, 0.5773502691896282846, 0.5773502691896204020 ) ) ;
#1689 = ORIENTED_EDGE ( 'NONE', *, *, #2677, .T. ) ;
#1690 = AXIS2_PLACEMENT_3D ( 'NONE', #688, #2226, #1727 ) ;
#1691 = ORIENTED_EDGE ( 'NONE', *, *, #2497, .F. ) ;
#1692 = ADVANCED_FACE ( 'NONE', ( #2003 ), #3076, .F. ) ;
#1693 = FACE_OUTER_BOUND ( 'NONE', #1752, .T. ) ;
#1694 = DIRECTION ( 'NONE',  ( 0.000000000000000000, -0.7071067811865523467, -0.7071067811865426878 ) ) ;
#1695 = CARTESIAN_POINT ( 'NONE',  ( -0.8333333333333317050, -1.666666666666656527, -41.91666666666667851 ) ) ;
#1696 = EDGE_LOOP ( 'NONE', ( #161, #1220, #2077, #3131, #138 ) ) ;
#1697 = EDGE_CURVE ( 'NONE', #1524, #807, #354, .T. ) ;
#1698 = LINE ( 'NONE', #2474, #35 ) ;
#1699 = DIRECTION ( 'NONE',  ( -0.000000000000000000, 0.8762656174853244995, 0.4818283590793127069 ) ) ;
#1700 = VERTEX_POINT ( 'NONE', #2318 ) ;
#1701 = PLANE ( 'NONE',  #283 ) ;
#1702 = DIRECTION ( 'NONE',  ( 0.8164965809277240361, -0.4082482904638678467, -0.4082482904638623511 ) ) ;
#1703 = DIRECTION ( 'NONE',  ( -0.000000000000000000, 1.000000000000000000, -0.000000000000000000 ) ) ;
#1704 = CARTESIAN_POINT ( 'NONE',  ( 2.500000000000012434, 0.7500000000000003331, -9.000000000000001776 ) ) ;
#1705 = VERTEX_POINT ( 'NONE', #1259 ) ;
#1706 = ORIENTED_EDGE ( 'NONE', *, *, #1906, .F. ) ;
#1707 = LINE ( 'NONE', #404, #2181 ) ;
#1708 = DIRECTION ( 'NONE',  ( 2.877689129363335273E-33, -0.7071067811865523467, -0.7071067811865426878 ) ) ;
#1709 = EDGE_CURVE ( 'NONE', #2935, #3101, #442, .T. ) ;
#1710 = AXIS2_PLACEMENT_3D ( 'NONE', #608, #837, #2141 ) ;
#1711 = LINE ( 'NONE', #2771, #564 ) ;
#1712 = VERTEX_POINT ( 'NONE', #180 ) ;
#1713 = ORIENTED_EDGE ( 'NONE', *, *, #2152, .T. ) ;
#1714 = CARTESIAN_POINT ( 'NONE',  ( 0.4000000000000114575, -4.198593014213822805, -35.91506157242989161 ) ) ;
#1715 = LINE ( 'NONE', #1976, #698 ) ;
#1716 = EDGE_CURVE ( 'NONE', #2774, #2229, #322, .T. ) ;
#1717 = CARTESIAN_POINT ( 'NONE',  ( 2.500000000000011546, -5.045227278524780701, -37.45477272147527259 ) ) ;
#1718 = ORIENTED_EDGE ( 'NONE', *, *, #3232, .T. ) ;
#1719 = DIRECTION ( 'NONE',  ( -0.5773502691896204020, -0.5773502691896310601, 0.5773502691896257311 ) ) ;
#1720 = DIRECTION ( 'NONE',  ( 1.000000000000000000, -2.282530889443167700E-17, 0.000000000000000000 ) ) ;
#1721 = CARTESIAN_POINT ( 'NONE',  ( 0.000000000000000000, 0.000000000000000000, 0.000000000000000000 ) ) ;
#1722 = FACE_OUTER_BOUND ( 'NONE', #2929, .T. ) ;
#1723 = CARTESIAN_POINT ( 'NONE',  ( 14.64999999999999503, -9.217157287525255427, 17.46715728752539576 ) ) ;
#1724 = ORIENTED_EDGE ( 'NONE', *, *, #577, .T. ) ;
#1725 = ORIENTED_EDGE ( 'NONE', *, *, #2915, .T. ) ;
#1726 = VECTOR ( 'NONE', #2458, 1000.000000000000000 ) ;
#1727 = DIRECTION ( 'NONE',  ( 0.7071067811865526798, 0.000000000000000000, 0.7071067811865424657 ) ) ;
#1728 = CARTESIAN_POINT ( 'NONE',  ( -1.749999999999987343, 0.7500000000000006661, 8.999999999999998224 ) ) ;
#1729 = CARTESIAN_POINT ( 'NONE',  ( 0.6594843508533946297, -34.82813578401651711, -8.143821208965508873 ) ) ;
#1730 = EDGE_LOOP ( 'NONE', ( #3184, #1911, #692, #1777 ) ) ;
#1731 = STYLED_ITEM ( 'NONE', ( #3140 ), #3217 ) ;
#1732 = EDGE_CURVE ( 'NONE', #1172, #1108, #2815, .T. ) ;
#1733 = ORIENTED_EDGE ( 'NONE', *, *, #1992, .T. ) ;
#1734 = CARTESIAN_POINT ( 'NONE',  ( 0.6594843508533969612, -40.23469538700396697, -12.98469538700364900 ) ) ;
#1735 = CARTESIAN_POINT ( 'NONE',  ( 15.84999999999999609, -7.357233047033502338, 19.89276695296635822 ) ) ;
#1736 = LINE ( 'NONE', #337, #3466 ) ;
#1737 = VERTEX_POINT ( 'NONE', #2576 ) ;
#1738 = EDGE_CURVE ( 'NONE', #1737, #787, #3390, .T. ) ;
#1739 = EDGE_CURVE ( 'NONE', #2966, #983, #1138, .T. ) ;
#1740 = FACE_OUTER_BOUND ( 'NONE', #2049, .T. ) ;
#1741 = ADVANCED_FACE ( 'NONE', ( #870 ), #940, .T. ) ;
#1742 = CARTESIAN_POINT ( 'NONE',  ( -22.49999999999998934, 0.7500000000000006661, -9.000000000000001776 ) ) ;
#1743 = LINE ( 'NONE', #1442, #2819 ) ;
#1744 = DIRECTION ( 'NONE',  ( 0.000000000000000000, 0.000000000000000000, 1.000000000000000000 ) ) ;
#1745 = EDGE_LOOP ( 'NONE', ( #361, #3165, #1683 ) ) ;
#1746 = VERTEX_POINT ( 'NONE', #3297 ) ;
#1747 = ADVANCED_FACE ( 'NONE', ( #676 ), #1944, .F. ) ;
#1748 = AXIS2_PLACEMENT_3D ( 'NONE', #216, #762, #1804 ) ;
#1749 = DIRECTION ( 'NONE',  ( 1.000000000000000000, -2.282530889443167700E-17, -0.000000000000000000 ) ) ;
#1750 = PLANE ( 'NONE',  #1245 ) ;
#1751 = LINE ( 'NONE', #595, #1970 ) ;
#1752 = EDGE_LOOP ( 'NONE', ( #42, #1, #603, #1819 ) ) ;
#1753 = ORIENTED_EDGE ( 'NONE', *, *, #1048, .F. ) ;
#1754 = CARTESIAN_POINT ( 'NONE',  ( 22.50000000000001066, 0.7500000000000006661, 8.999999999999998224 ) ) ;
#1755 = LINE ( 'NONE', #716, #2943 ) ;
#1756 = LINE ( 'NONE', #2759, #2838 ) ;
#1757 = ORIENTED_EDGE ( 'NONE', *, *, #1149, .T. ) ;
#1758 = DIRECTION ( 'NONE',  ( -0.000000000000000000, 0.8762656174853244995, 0.4818283590793127069 ) ) ;
#1759 = EDGE_CURVE ( 'NONE', #725, #197, #2266, .T. ) ;
#1760 = CARTESIAN_POINT ( 'NONE',  ( 19.50000000000000000, 12.50000000000000000, 0.000000000000000000 ) ) ;
#1761 = DIRECTION ( 'NONE',  ( -5.260848035990617447E-15, 0.000000000000000000, -1.000000000000000000 ) ) ;
#1762 = CARTESIAN_POINT ( 'NONE',  ( -14.64999999999999503, -8.749999999999875655, 18.50000000000000355 ) ) ;
#1763 = EDGE_CURVE ( 'NONE', #3147, #3007, #1755, .T. ) ;
#1764 = ORIENTED_EDGE ( 'NONE', *, *, #1806, .T. ) ;
#1765 = ORIENTED_EDGE ( 'NONE', *, *, #491, .F. ) ;
#1766 = VECTOR ( 'NONE', #419, 1000.000000000000114 ) ;
#1767 = CARTESIAN_POINT ( 'NONE',  ( 2.500000000000011546, 0.000000000000000000, -40.25000000000000711 ) ) ;
#1768 = CARTESIAN_POINT ( 'NONE',  ( 22.50000000000001066, 0.7500000000000006661, 8.999999999999998224 ) ) ;
#1769 = ADVANCED_FACE ( 'NONE', ( #979 ), #2463, .T. ) ;
#1770 = EDGE_LOOP ( 'NONE', ( #1426, #918, #3230, #2031, #62, #1612, #1260, #2598, #349 ) ) ;
#1771 = ORIENTED_EDGE ( 'NONE', *, *, #1786, .T. ) ;
#1772 = PLANE ( 'NONE',  #437 ) ;
#1773 = LINE ( 'NONE', #2231, #1926 ) ;
#1774 = DIRECTION ( 'NONE',  ( 1.000000000000000000, 0.000000000000000000, 0.000000000000000000 ) ) ;
#1775 = DIRECTION ( 'NONE',  ( 0.000000000000000000, 0.000000000000000000, 1.000000000000000000 ) ) ;
#1776 = ORIENTED_EDGE ( 'NONE', *, *, #2460, .T. ) ;
#1777 = ORIENTED_EDGE ( 'NONE', *, *, #1457, .T. ) ;
#1778 = CARTESIAN_POINT ( 'NONE',  ( -0.6594843508533897447, 25.07407890139354123, -25.07407890139388584 ) ) ;
#1779 = VECTOR ( 'NONE', #300, 1000.000000000000000 ) ;
#1780 = AXIS2_PLACEMENT_3D ( 'NONE', #3170, #260, #3433 ) ;
#1781 = EDGE_CURVE ( 'NONE', #167, #2289, #2070, .T. ) ;
#1782 = DIRECTION ( 'NONE',  ( -0.5773502691896289507, 0.5773502691896268413, 0.5773502691896215122 ) ) ;
#1783 = FACE_OUTER_BOUND ( 'NONE', #90, .T. ) ;
#1784 = ORIENTED_EDGE ( 'NONE', *, *, #3472, .F. ) ;
#1785 = VERTEX_POINT ( 'NONE', #2858 ) ;
#1786 = EDGE_CURVE ( 'NONE', #759, #1199, #151, .T. ) ;
#1787 = CARTESIAN_POINT ( 'NONE',  ( 2.500000000000011546, -18.25000000000000711, 8.250000000000007105 ) ) ;
#1788 = CARTESIAN_POINT ( 'NONE',  ( -5.348127437391596766E-16, 14.16200903826846336, -5.912009038268640992 ) ) ;
#1789 = VERTEX_POINT ( 'NONE', #695 ) ;
#1790 = ORIENTED_EDGE ( 'NONE', *, *, #775, .T. ) ;
#1791 = DIRECTION ( 'NONE',  ( -6.542051911182434977E-15, -0.7071067811865522357, -0.7071067811865426878 ) ) ;
#1792 = FACE_BOUND ( 'NONE', #3457, .T. ) ;
#1793 = DIRECTION ( 'NONE',  ( -6.469680575000567723E-15, 0.7071067811865507924, 0.7071067811865441310 ) ) ;
#1794 = CARTESIAN_POINT ( 'NONE',  ( 22.50000000000001066, 0.7500000000000006661, -9.000000000000001776 ) ) ;
#1795 = VECTOR ( 'NONE', #3027, 1000.000000000000000 ) ;
#1796 = ORIENTED_EDGE ( 'NONE', *, *, #751, .T. ) ;
#1797 = VECTOR ( 'NONE', #3159, 1000.000000000000000 ) ;
#1798 = ORIENTED_EDGE ( 'NONE', *, *, #124, .F. ) ;
#1799 = EDGE_CURVE ( 'NONE', #3392, #1280, #170, .T. ) ;
#1800 = DIRECTION ( 'NONE',  ( 0.000000000000000000, -1.000000000000000000, 0.000000000000000000 ) ) ;
#1801 = PLANE ( 'NONE',  #3149 ) ;
#1802 = ORIENTED_EDGE ( 'NONE', *, *, #43, .T. ) ;
#1803 = VERTEX_POINT ( 'NONE', #2835 ) ;
#1804 = DIRECTION ( 'NONE',  ( 0.000000000000000000, -0.7071067811865522357, -0.7071067811865426878 ) ) ;
#1805 = LINE ( 'NONE', #2868, #3475 ) ;
#1806 = EDGE_CURVE ( 'NONE', #1978, #1069, #2556, .T. ) ;
#1807 = EDGE_LOOP ( 'NONE', ( #1399, #2416, #3276, #202, #737, #2088, #435, #1831, #730, #1784, #1771, #174, #2439, #2899, #3024, #2590 ) ) ;
#1808 = EDGE_LOOP ( 'NONE', ( #1029, #2233 ) ) ;
#1809 = CARTESIAN_POINT ( 'NONE',  ( 14.64999999999999503, -10.60992424049164384, 16.07439033455901978 ) ) ;
#1810 = CARTESIAN_POINT ( 'NONE',  ( -12.49999999999999112, 1.500000000000000000, -3.469446951953614189E-15 ) ) ;
#1811 = DIRECTION ( 'NONE',  ( 1.000000000000000000, -2.077733718875242515E-17, -4.622231866529364679E-33 ) ) ;
#1812 = CARTESIAN_POINT ( 'NONE',  ( 1.120722666716595043E-14, -13.00000000000000000, 0.9999999999999978906 ) ) ;
#1813 = VECTOR ( 'NONE', #1782, 1000.000000000000000 ) ;
#1814 = EDGE_CURVE ( 'NONE', #2467, #759, #1251, .T. ) ;
#1815 = EDGE_LOOP ( 'NONE', ( #2514, #3002, #1387, #3349 ) ) ;
#1816 = VECTOR ( 'NONE', #907, 1000.000000000000000 ) ;
#1817 = VECTOR ( 'NONE', #2489, 1000.000000000000114 ) ;
#1818 = DIRECTION ( 'NONE',  ( 8.069965350965163242E-17, -0.7071067811865507924, -0.7071067811865441310 ) ) ;
#1819 = ORIENTED_EDGE ( 'NONE', *, *, #3161, .F. ) ;
#1820 = ORIENTED_EDGE ( 'NONE', *, *, #712, .T. ) ;
#1821 = CYLINDRICAL_SURFACE ( 'NONE', #1307, 2.999999999999999112 ) ;
#1822 = DIRECTION ( 'NONE',  ( 0.000000000000000000, -0.7071067811865522357, -0.7071067811865426878 ) ) ;
#1823 = VECTOR ( 'NONE', #169, 1000.000000000000114 ) ;
#1824 = AXIS2_PLACEMENT_3D ( 'NONE', #813, #1876, #1864 ) ;
#1825 = EDGE_CURVE ( 'NONE', #308, #983, #3142, .T. ) ;
#1826 = EDGE_LOOP ( 'NONE', ( #2172, #2268 ) ) ;
#1827 = LINE ( 'NONE', #2873, #258 ) ;
#1828 = CARTESIAN_POINT ( 'NONE',  ( 1.750000000000011990, 0.7500000000000024425, 8.999999999999996447 ) ) ;
#1829 = DIRECTION ( 'NONE',  ( -2.282530889443167392E-17, -1.000000000000000000, 0.000000000000000000 ) ) ;
#1830 = LINE ( 'NONE', #506, #1234 ) ;
#1831 = ORIENTED_EDGE ( 'NONE', *, *, #3455, .F. ) ;
#1832 = EDGE_CURVE ( 'NONE', #1248, #3350, #2425, .T. ) ;
#1833 = LINE ( 'NONE', #1571, #2500 ) ;
#1834 = VECTOR ( 'NONE', #2429, 1000.000000000000000 ) ;
#1835 = ORIENTED_EDGE ( 'NONE', *, *, #1621, .F. ) ;
#1836 = ORIENTED_EDGE ( 'NONE', *, *, #800, .F. ) ;
#1837 = CIRCLE ( 'NONE', #1216, 6.050000000000000711 ) ;
#1838 = EDGE_CURVE ( 'NONE', #2972, #1122, #2707, .T. ) ;
#1839 = FACE_BOUND ( 'NONE', #228, .T. ) ;
#1840 = DIRECTION ( 'NONE',  ( 1.000000000000000000, -0.000000000000000000, 0.000000000000000000 ) ) ;
#1841 = ORIENTED_EDGE ( 'NONE', *, *, #2709, .T. ) ;
#1842 = FACE_OUTER_BOUND ( 'NONE', #1857, .T. ) ;
#1843 = CARTESIAN_POINT ( 'NONE',  ( -2.499999999999988454, -10.00000000000000000, -22.00000000000000711 ) ) ;
#1844 = CARTESIAN_POINT ( 'NONE',  ( 0.6594843508533847487, -13.62499999999988098, 13.62500000000006395 ) ) ;
#1845 = LINE ( 'NONE', #1017, #1797 ) ;
#1846 = CARTESIAN_POINT ( 'NONE',  ( -12.49999999999999112, 0.000000000000000000, 1.749999999999996669 ) ) ;
#1847 = ORIENTED_EDGE ( 'NONE', *, *, #2193, .T. ) ;
#1848 = VECTOR ( 'NONE', #2227, 1000.000000000000000 ) ;
#1849 = VECTOR ( 'NONE', #771, 1000.000000000000000 ) ;
#1850 = CARTESIAN_POINT ( 'NONE',  ( 0.6594843508533900778, -25.06980870216096946, 1.614505872889892890 ) ) ;
#1851 = EDGE_CURVE ( 'NONE', #390, #2912, #944, .T. ) ;
#1852 = EDGE_CURVE ( 'NONE', #2334, #592, #1335, .T. ) ;
#1853 = ORIENTED_EDGE ( 'NONE', *, *, #2509, .F. ) ;
#1854 = LINE ( 'NONE', #1262, #229 ) ;
#1855 = DIRECTION ( 'NONE',  ( 1.000000000000000000, -2.077733718875242515E-17, -4.622231866529364679E-33 ) ) ;
#1856 = ORIENTED_EDGE ( 'NONE', *, *, #2388, .T. ) ;
#1857 = EDGE_LOOP ( 'NONE', ( #362, #2767, #1943, #2572, #2546 ) ) ;
#1858 = EDGE_CURVE ( 'NONE', #1960, #2093, #2910, .T. ) ;
#1859 = ORIENTED_EDGE ( 'NONE', *, *, #1667, .F. ) ;
#1860 = LINE ( 'NONE', #2924, #1446 ) ;
#1861 = VECTOR ( 'NONE', #3041, 999.9999999999998863 ) ;
#1862 = FACE_OUTER_BOUND ( 'NONE', #3270, .T. ) ;
#1863 = CARTESIAN_POINT ( 'NONE',  ( 14.64999999999999503, -13.34215728752526253, 13.34215728752544372 ) ) ;
#1864 = DIRECTION ( 'NONE',  ( 0.000000000000000000, 1.000000000000000000, 0.000000000000000000 ) ) ;
#1865 = ORIENTED_EDGE ( 'NONE', *, *, #1629, .F. ) ;
#1866 = FACE_OUTER_BOUND ( 'NONE', #1367, .T. ) ;
#1867 = AXIS2_PLACEMENT_3D ( 'NONE', #3460, #1601, #2444 ) ;
#1868 = EDGE_CURVE ( 'NONE', #3179, #2369, #3469, .T. ) ;
#1869 = CARTESIAN_POINT ( 'NONE',  ( 8.583333333333325044, -6.833333333333372117, -34.16666666666663588 ) ) ;
#1870 = CARTESIAN_POINT ( 'NONE',  ( -22.49999999999998934, 0.7500000000000006661, 8.250000000000003553 ) ) ;
#1871 = EDGE_LOOP ( 'NONE', ( #1691, #3088, #2407 ) ) ;
#1872 = VERTEX_POINT ( 'NONE', #3195 ) ;
#1873 = LINE ( 'NONE', #768, #493 ) ;
#1874 = FACE_OUTER_BOUND ( 'NONE', #2060, .T. ) ;
#1875 = DIRECTION ( 'NONE',  ( 0.000000000000000000, 0.000000000000000000, -1.000000000000000000 ) ) ;
#1876 = DIRECTION ( 'NONE',  ( 1.000000000000000000, -2.077733718875242515E-17, -4.622231866529364679E-33 ) ) ;
#1877 = ORIENTED_EDGE ( 'NONE', *, *, #3, .F. ) ;
#1878 = CARTESIAN_POINT ( 'NONE',  ( 15.84999999999999609, -8.467157287525257203, 18.21715728752538155 ) ) ;
#1879 = VECTOR ( 'NONE', #2712, 1000.000000000000000 ) ;
#1880 = EDGE_CURVE ( 'NONE', #3174, #3204, #238, .T. ) ;
#1881 = FACE_BOUND ( 'NONE', #2792, .T. ) ;
#1882 = DIRECTION ( 'NONE',  ( 0.000000000000000000, 1.000000000000000000, 0.000000000000000000 ) ) ;
#1883 = ORIENTED_EDGE ( 'NONE', *, *, #830, .T. ) ;
#1884 = ORIENTED_EDGE ( 'NONE', *, *, #3227, .T. ) ;
#1885 = EDGE_CURVE ( 'NONE', #2240, #2436, #222, .T. ) ;
#1886 = AXIS2_PLACEMENT_3D ( 'NONE', #885, #1231, #107 ) ;
#1887 = PLANE ( 'NONE',  #3237 ) ;
#1888 = CARTESIAN_POINT ( 'NONE',  ( 2.125000000000009770, -18.25000000000000355, 8.625000000000003553 ) ) ;
#1889 = DIRECTION ( 'NONE',  ( 1.000000000000000000, -2.282530889443167700E-17, -0.000000000000000000 ) ) ;
#1890 = CARTESIAN_POINT ( 'NONE',  ( 4.416666666666658969, -11.13382395419190551, 15.55049062085877232 ) ) ;
#1891 = EDGE_CURVE ( 'NONE', #148, #2468, #750, .T. ) ;
#1892 = EDGE_CURVE ( 'NONE', #421, #2240, #3222, .T. ) ;
#1893 = ORIENTED_EDGE ( 'NONE', *, *, #663, .F. ) ;
#1894 = CARTESIAN_POINT ( 'NONE',  ( 1.134417852053254179E-14, -7.000000000000000888, 0.9999999999999974465 ) ) ;
#1895 = ADVANCED_FACE ( 'NONE', ( #2926 ), #770, .T. ) ;
#1896 = AXIS2_PLACEMENT_3D ( 'NONE', #1333, #1347, #1050 ) ;
#1897 = AXIS2_PLACEMENT_3D ( 'NONE', #846, #3312, #1208 ) ;
#1898 = VECTOR ( 'NONE', #785, 1000.000000000000000 ) ;
#1899 = FACE_OUTER_BOUND ( 'NONE', #2948, .T. ) ;
#1900 = CARTESIAN_POINT ( 'NONE',  ( -12.49999999999999112, 0.000000000000000000, -1.750000000000003553 ) ) ;
#1901 = ORIENTED_EDGE ( 'NONE', *, *, #941, .T. ) ;
#1902 = ORIENTED_EDGE ( 'NONE', *, *, #3172, .F. ) ;
#1903 = CARTESIAN_POINT ( 'NONE',  ( -1.749999999999987566, 0.000000000000000000, -9.749999999999994671 ) ) ;
#1904 = DIRECTION ( 'NONE',  ( 0.000000000000000000, -0.7071067811865426878, 0.7071067811865523467 ) ) ;
#1905 = CARTESIAN_POINT ( 'NONE',  ( 1.127570259384924611E-14, -10.00000000000000000, 0.9999999999999974465 ) ) ;
#1906 = EDGE_CURVE ( 'NONE', #2468, #1079, #1553, .T. ) ;
#1907 = DIRECTION ( 'NONE',  ( 1.000000000000000000, -2.282530889443167700E-17, -0.000000000000000000 ) ) ;
#1908 = ORIENTED_EDGE ( 'NONE', *, *, #2915, .F. ) ;
#1909 = ADVANCED_FACE ( 'NONE', ( #2669, #3177 ), #1349, .T. ) ;
#1910 = PLANE ( 'NONE',  #2661 ) ;
#1911 = ORIENTED_EDGE ( 'NONE', *, *, #1759, .F. ) ;
#1912 = AXIS2_PLACEMENT_3D ( 'NONE', #2321, #3135, #728 ) ;
#1913 = DIRECTION ( 'NONE',  ( -1.141265444721583757E-16, 1.000000000000000000, 0.000000000000000000 ) ) ;
#1914 = PLANE ( 'NONE',  #335 ) ;
#1915 = LINE ( 'NONE', #3477, #1496 ) ;
#1916 = ORIENTED_EDGE ( 'NONE', *, *, #1247, .F. ) ;
#1917 = ORIENTED_EDGE ( 'NONE', *, *, #3112, .T. ) ;
#1918 = CARTESIAN_POINT ( 'NONE',  ( -22.49999999999998934, 11.75000000000000000, 8.999999999999998224 ) ) ;
#1919 = LINE ( 'NONE', #2419, #2346 ) ;
#1920 = LINE ( 'NONE', #2987, #915 ) ;
#1921 = VERTEX_POINT ( 'NONE', #3425 ) ;
#1922 = EDGE_CURVE ( 'NONE', #2320, #2347, #486, .T. ) ;
#1923 = CARTESIAN_POINT ( 'NONE',  ( -0.3333333333333122206, 1.416666666666661856, -38.83333333333332860 ) ) ;
#1924 = DIRECTION ( 'NONE',  ( 1.000000000000000000, -1.962615573354704784E-17, 1.962615573354731593E-17 ) ) ;
#1925 = ORIENTED_EDGE ( 'NONE', *, *, #707, .F. ) ;
#1926 = VECTOR ( 'NONE', #1189, 1000.000000000000000 ) ;
#1927 = DIRECTION ( 'NONE',  ( 0.5773502691896239547, -0.5773502691896292838, 0.5773502691896239547 ) ) ;
#1928 = DIRECTION ( 'NONE',  ( 0.000000000000000000, 1.000000000000000000, 0.000000000000000000 ) ) ;
#1929 = CARTESIAN_POINT ( 'NONE',  ( -2.315685424949228910, -18.43431457505075599, 8.250000000000014211 ) ) ;
#1930 = ORIENTED_EDGE ( 'NONE', *, *, #1009, .T. ) ;
#1931 = ORIENTED_EDGE ( 'NONE', *, *, #889, .T. ) ;
#1932 = VECTOR ( 'NONE', #3382, 1000.000000000000114 ) ;
#1933 = EDGE_CURVE ( 'NONE', #610, #1458, #1845, .T. ) ;
#1934 = DIRECTION ( 'NONE',  ( -1.880790961315659671E-33, -0.7071067811865524577, -0.7071067811865426878 ) ) ;
#1935 = DIRECTION ( 'NONE',  ( -0.000000000000000000, -1.000000000000000000, -0.000000000000000000 ) ) ;
#1936 = FACE_OUTER_BOUND ( 'NONE', #2083, .T. ) ;
#1937 = ORIENTED_EDGE ( 'NONE', *, *, #773, .F. ) ;
#1938 = VECTOR ( 'NONE', #1384, 1000.000000000000114 ) ;
#1939 = ORIENTED_EDGE ( 'NONE', *, *, #1194, .T. ) ;
#1940 = CIRCLE ( 'NONE', #586, 2.999999999999999112 ) ;
#1941 = CARTESIAN_POINT ( 'NONE',  ( 21.75000000000000355, 0.000000000000000000, -8.250000000000007105 ) ) ;
#1942 = CARTESIAN_POINT ( 'NONE',  ( -2.499999999999986233, -18.25000000000000000, -40.25000000000000711 ) ) ;
#1943 = ORIENTED_EDGE ( 'NONE', *, *, #919, .T. ) ;
#1944 = PLANE ( 'NONE',  #2381 ) ;
#1945 = ADVANCED_FACE ( 'NONE', ( #1597 ), #3482, .T. ) ;
#1946 = DIRECTION ( 'NONE',  ( 0.000000000000000000, -0.7071067811865426878, 0.7071067811865524577 ) ) ;
#1947 = DIRECTION ( 'NONE',  ( 1.000000000000000000, -1.962615573354704784E-17, 1.962615573354731593E-17 ) ) ;
#1948 = CARTESIAN_POINT ( 'NONE',  ( 14.64999999999999503, -13.62499999999988098, 13.62500000000006395 ) ) ;
#1949 = EDGE_CURVE ( 'NONE', #1172, #148, #1584, .T. ) ;
#1950 = AXIS2_PLACEMENT_3D ( 'NONE', #2360, #3439, #1875 ) ;
#1951 = AXIS2_PLACEMENT_3D ( 'NONE', #1536, #3104, #223 ) ;
#1952 = VERTEX_POINT ( 'NONE', #1082 ) ;
#1953 = ORIENTED_EDGE ( 'NONE', *, *, #1055, .T. ) ;
#1954 = DIRECTION ( 'NONE',  ( -0.5791517710219860060, 0.5764474070208427392, 0.5764474070208348566 ) ) ;
#1955 = CARTESIAN_POINT ( 'NONE',  ( -19.50000000000000000, 4.000000000000000000, -6.249999999999996447 ) ) ;
#1956 = DIRECTION ( 'NONE',  ( -0.8164965809277244801, -0.4082482904638674581, -0.4082482904638618515 ) ) ;
#1957 = ORIENTED_EDGE ( 'NONE', *, *, #654, .F. ) ;
#1958 = DIRECTION ( 'NONE',  ( -0.000000000000000000, 0.000000000000000000, -1.000000000000000000 ) ) ;
#1959 = PLANE ( 'NONE',  #3283 ) ;
#1960 = VERTEX_POINT ( 'NONE', #1319 ) ;
#1961 = CARTESIAN_POINT ( 'NONE',  ( -14.64999999999999503, -7.074390334558885662, 19.60992424049173977 ) ) ;
#1962 = ADVANCED_FACE ( 'NONE', ( #534 ), #2875, .T. ) ;
#1963 = FACE_OUTER_BOUND ( 'NONE', #1346, .T. ) ;
#1964 = LINE ( 'NONE', #116, #756 ) ;
#1965 = CARTESIAN_POINT ( 'NONE',  ( 21.75000000000005329, 10.03700903826855395, -10.03700903826849178 ) ) ;
#1966 = ORIENTED_EDGE ( 'NONE', *, *, #2931, .F. ) ;
#1967 = VECTOR ( 'NONE', #2304, 1000.000000000000000 ) ;
#1968 = EDGE_LOOP ( 'NONE', ( #1436, #860 ) ) ;
#1969 = EDGE_CURVE ( 'NONE', #687, #1351, #1052, .T. ) ;
#1970 = VECTOR ( 'NONE', #82, 1000.000000000000000 ) ;
#1971 = DIRECTION ( 'NONE',  ( -1.141265444721583757E-16, 1.000000000000000000, 0.000000000000000000 ) ) ;
#1972 = CARTESIAN_POINT ( 'NONE',  ( 1.750000000000017986, 0.000000000000000000, -9.749999999999994671 ) ) ;
#1973 = CARTESIAN_POINT ( 'NONE',  ( 22.50000000000001066, 11.75000000000000711, 8.250000000000003553 ) ) ;
#1974 = ORIENTED_EDGE ( 'NONE', *, *, #2955, .F. ) ;
#1975 = LINE ( 'NONE', #2775, #2629 ) ;
#1976 = CARTESIAN_POINT ( 'NONE',  ( -0.6594843508533897447, -13.34215728752526253, 13.34215728752544372 ) ) ;
#1977 = CARTESIAN_POINT ( 'NONE',  ( -5.348127437391595780E-16, -19.40000000000000213, -39.85000000000000142 ) ) ;
#1978 = VERTEX_POINT ( 'NONE', #2146 ) ;
#1979 = DIRECTION ( 'NONE',  ( -0.8206649074353326023, -0.5714097563956682668, 0.000000000000000000 ) ) ;
#1980 = CIRCLE ( 'NONE', #1647, 3.682547623057111696 ) ;
#1981 = AXIS2_PLACEMENT_3D ( 'NONE', #2161, #3253, #1350 ) ;
#1982 = DIRECTION ( 'NONE',  ( 1.000000000000000000, -2.282530889443167700E-17, -0.000000000000000000 ) ) ;
#1983 = CARTESIAN_POINT ( 'NONE',  ( -1.749999999999992450, -18.62500000000000355, -40.62500000000000711 ) ) ;
#1984 = FACE_OUTER_BOUND ( 'NONE', #552, .T. ) ;
#1985 = ORIENTED_EDGE ( 'NONE', *, *, #632, .T. ) ;
#1986 = EDGE_CURVE ( 'NONE', #1469, #2872, #812, .T. ) ;
#1987 = ORIENTED_EDGE ( 'NONE', *, *, #834, .F. ) ;
#1988 = LINE ( 'NONE', #2264, #2409 ) ;
#1989 = DIRECTION ( 'NONE',  ( 0.7071067811865509034, -0.7071067811865442421, 0.000000000000000000 ) ) ;
#1990 = VECTOR ( 'NONE', #432, 1000.000000000000000 ) ;
#1991 = CARTESIAN_POINT ( 'NONE',  ( -15.84999999999999609, -8.749999999999875655, 18.50000000000000355 ) ) ;
#1992 = EDGE_CURVE ( 'NONE', #2658, #936, #614, .T. ) ;
#1993 = VERTEX_POINT ( 'NONE', #1397 ) ;
#1994 = ORIENTED_EDGE ( 'NONE', *, *, #871, .T. ) ;
#1995 = CARTESIAN_POINT ( 'NONE',  ( -22.49999999999998934, 0.7500000000000006661, 8.250000000000003553 ) ) ;
#1996 = DIRECTION ( 'NONE',  ( 1.000000000000000000, -2.077733718875242515E-17, -4.622231866529364679E-33 ) ) ;
#1997 = PLANE ( 'NONE',  #1886 ) ;
#1998 = VERTEX_POINT ( 'NONE', #2207 ) ;
#1999 = PLANE ( 'NONE',  #3155 ) ;
#2000 = ADVANCED_FACE ( 'NONE', ( #346 ), #1097, .F. ) ;
#2001 = CARTESIAN_POINT ( 'NONE',  ( 8.673617379884035472E-15, -37.38999422927292926, -10.70567965422188905 ) ) ;
#2002 = LINE ( 'NONE', #3075, #1038 ) ;
#2003 = FACE_OUTER_BOUND ( 'NONE', #3118, .T. ) ;
#2004 = VERTEX_POINT ( 'NONE', #1428 ) ;
#2005 = ORIENTED_EDGE ( 'NONE', *, *, #3074, .T. ) ;
#2006 = VECTOR ( 'NONE', #2014, 1000.000000000000000 ) ;
#2007 = AXIS2_PLACEMENT_3D ( 'NONE', #1257, #2315, #3395 ) ;
#2008 = CARTESIAN_POINT ( 'NONE',  ( -15.84999999999999609, -9.499999999999872102, 17.75000000000001421 ) ) ;
#2009 = LINE ( 'NONE', #3326, #1861 ) ;
#2010 = CARTESIAN_POINT ( 'NONE',  ( 0.4000000000000111799, -3.450000000000005951, -33.00000000000000000 ) ) ;
#2011 = ORIENTED_EDGE ( 'NONE', *, *, #2078, .T. ) ;
#2012 = ADVANCED_FACE ( 'NONE', ( #2970 ), #2684, .T. ) ;
#2013 = ORIENTED_EDGE ( 'NONE', *, *, #2082, .F. ) ;
#2014 = DIRECTION ( 'NONE',  ( 0.000000000000000000, -0.7071067811865426878, 0.7071067811865524577 ) ) ;
#2015 = CARTESIAN_POINT ( 'NONE',  ( -22.49999999999998934, 11.75000000000000711, -9.000000000000001776 ) ) ;
#2016 = CARTESIAN_POINT ( 'NONE',  ( -12.49999999999999112, 0.000000000000000000, -3.469446951953614189E-15 ) ) ;
#2017 = DIRECTION ( 'NONE',  ( 0.000000000000000000, 1.000000000000000000, 0.000000000000000000 ) ) ;
#2018 = VERTEX_POINT ( 'NONE', #81 ) ;
#2019 = EDGE_CURVE ( 'NONE', #1119, #2436, #1113, .T. ) ;
#2020 = DIRECTION ( 'NONE',  ( 6.039236659449084497E-15, -8.673617379880674925E-15, 1.000000000000000000 ) ) ;
#2021 = CIRCLE ( 'NONE', #611, 1.749999999999999778 ) ;
#2022 = CARTESIAN_POINT ( 'NONE',  ( -2.499999999999986233, -18.25000000000000000, 8.250000000000007105 ) ) ;
#2023 = PLANE ( 'NONE',  #1548 ) ;
#2024 = DIRECTION ( 'NONE',  ( 0.000000000000000000, 1.000000000000000000, 0.000000000000000000 ) ) ;
#2025 = ORIENTED_EDGE ( 'NONE', *, *, #2797, .T. ) ;
#2026 = ORIENTED_EDGE ( 'NONE', *, *, #712, .F. ) ;
#2027 = VECTOR ( 'NONE', #1326, 1000.000000000000000 ) ;
#2028 = DIRECTION ( 'NONE',  ( 2.282530889443181567E-17, 1.000000000000000000, 0.000000000000000000 ) ) ;
#2029 = CARTESIAN_POINT ( 'NONE',  ( -2.315685424949217808, -18.25000000000000000, 8.434314575050773755 ) ) ;
#2030 = ORIENTED_EDGE ( 'NONE', *, *, #2269, .F. ) ;
#2031 = ORIENTED_EDGE ( 'NONE', *, *, #2735, .F. ) ;
#2032 = DIRECTION ( 'NONE',  ( 0.000000000000000000, -1.000000000000000000, 0.000000000000000000 ) ) ;
#2033 = DIRECTION ( 'NONE',  ( 2.688104559881415512E-17, 1.000000000000000000, 0.000000000000000000 ) ) ;
#2034 = DIRECTION ( 'NONE',  ( 0.000000000000000000, 0.000000000000000000, 1.000000000000000000 ) ) ;
#2035 = CARTESIAN_POINT ( 'NONE',  ( 1.750000000000011990, 3.999999999999999112, 8.999999999999998224 ) ) ;
#2036 = EDGE_CURVE ( 'NONE', #1255, #227, #3251, .T. ) ;
#2037 = VERTEX_POINT ( 'NONE', #1164 ) ;
#2038 = DIRECTION ( 'NONE',  ( 0.000000000000000000, 0.000000000000000000, -1.000000000000000000 ) ) ;
#2039 = DIRECTION ( 'NONE',  ( 0.000000000000000000, -0.7071067811865426878, 0.7071067811865524577 ) ) ;
#2040 = DIRECTION ( 'NONE',  ( 0.000000000000000000, 0.000000000000000000, 1.000000000000000000 ) ) ;
#2041 = LINE ( 'NONE', #1240, #133 ) ;
#2042 = EDGE_LOOP ( 'NONE', ( #2371, #384, #3083, #2186, #2225 ) ) ;
#2043 = ORIENTED_EDGE ( 'NONE', *, *, #1759, .T. ) ;
#2044 = AXIS2_PLACEMENT_3D ( 'NONE', #1635, #1670, #288 ) ;
#2045 = DIRECTION ( 'NONE',  ( 0.000000000000000000, -0.7071067811865426878, 0.7071067811865523467 ) ) ;
#2046 = DIRECTION ( 'NONE',  ( 1.099788113008245672E-17, 0.4818283590793126514, -0.8762656174853244995 ) ) ;
#2047 = ORIENTED_EDGE ( 'NONE', *, *, #2820, .T. ) ;
#2048 = EDGE_CURVE ( 'NONE', #2037, #2966, #331, .T. ) ;
#2049 = EDGE_LOOP ( 'NONE', ( #1725, #1465, #2477, #1820 ) ) ;
#2050 = DIRECTION ( 'NONE',  ( 0.5773502691896287287, 0.5773502691896282846, 0.5773502691896204020 ) ) ;
#2051 = CARTESIAN_POINT ( 'NONE',  ( -2.499999999999988010, -19.00000000000000000, 7.684314575050782636 ) ) ;
#2052 = CARTESIAN_POINT ( 'NONE',  ( -21.74999999999998934, 0.7500000000000024425, 8.999999999999996447 ) ) ;
#2053 = ORIENTED_EDGE ( 'NONE', *, *, #416, .T. ) ;
#2054 = EDGE_LOOP ( 'NONE', ( #2149, #2618, #2798, #1917, #823, #1957, #3162 ) ) ;
#2055 = LINE ( 'NONE', #1272, #2957 ) ;
#2056 = VECTOR ( 'NONE', #3353, 1000.000000000000000 ) ;
#2057 = EDGE_CURVE ( 'NONE', #1025, #3247, #47, .T. ) ;
#2058 = DIRECTION ( 'NONE',  ( 0.000000000000000000, -0.7071067811865426878, 0.7071067811865524577 ) ) ;
#2059 = ORIENTED_EDGE ( 'NONE', *, *, #834, .T. ) ;
#2060 = EDGE_LOOP ( 'NONE', ( #1064, #2247, #840, #1450, #2270, #1713 ) ) ;
#2061 = ADVANCED_FACE ( 'NONE', ( #561, #3308 ), #549, .T. ) ;
#2062 = LINE ( 'NONE', #2604, #839 ) ;
#2063 = DIRECTION ( 'NONE',  ( 1.000000000000000000, -1.962615573354704784E-17, 1.962615573354731593E-17 ) ) ;
#2064 = ORIENTED_EDGE ( 'NONE', *, *, #643, .T. ) ;
#2065 = AXIS2_PLACEMENT_3D ( 'NONE', #2813, #1532, #2068 ) ;
#2066 = VECTOR ( 'NONE', #1056, 1000.000000000000000 ) ;
#2067 = ORIENTED_EDGE ( 'NONE', *, *, #234, .T. ) ;
#2068 = DIRECTION ( 'NONE',  ( 0.000000000000000000, -0.7071067811865522357, -0.7071067811865429098 ) ) ;
#2069 = CARTESIAN_POINT ( 'NONE',  ( -22.12499999999998934, 11.75000000000000355, 8.625000000000000000 ) ) ;
#2070 = LINE ( 'NONE', #1494, #3052 ) ;
#2071 = CARTESIAN_POINT ( 'NONE',  ( 2.500000000000011546, -9.217157287525255427, 17.46715728752539576 ) ) ;
#2072 = AXIS2_PLACEMENT_3D ( 'NONE', #1810, #1552, #2874 ) ;
#2073 = VECTOR ( 'NONE', #2188, 999.9999999999998863 ) ;
#2074 = ORIENTED_EDGE ( 'NONE', *, *, #3112, .F. ) ;
#2075 = CARTESIAN_POINT ( 'NONE',  ( -2.499999999999986233, -18.25000000000000711, -41.00000000000000711 ) ) ;
#2076 = ORIENTED_EDGE ( 'NONE', *, *, #1763, .F. ) ;
#2077 = ORIENTED_EDGE ( 'NONE', *, *, #2078, .F. ) ;
#2078 = EDGE_CURVE ( 'NONE', #2107, #1280, #1919, .T. ) ;
#2079 = CARTESIAN_POINT ( 'NONE',  ( 2.500000000000011546, -13.00000000000000178, -22.00000000000000711 ) ) ;
#2080 = DIRECTION ( 'NONE',  ( -0.7071067811865507924, -6.469680575000567723E-15, 0.7071067811865441310 ) ) ;
#2081 = ORIENTED_EDGE ( 'NONE', *, *, #1386, .T. ) ;
#2082 = EDGE_CURVE ( 'NONE', #2538, #1712, #1672, .T. ) ;
#2083 = EDGE_LOOP ( 'NONE', ( #2113, #1338, #39, #1790, #403, #1148 ) ) ;
#2084 = DIRECTION ( 'NONE',  ( 1.000000000000000000, -2.282530889443167700E-17, -0.000000000000000000 ) ) ;
#2085 = CARTESIAN_POINT ( 'NONE',  ( -5.348127437391596766E-16, -13.34215728752526253, 13.34215728752544372 ) ) ;
#2086 = CARTESIAN_POINT ( 'NONE',  ( -2.499999999999988454, 0.7500000000000018874, -9.000000000000003553 ) ) ;
#2087 = CARTESIAN_POINT ( 'NONE',  ( 2.315685424949248450, -18.25000000000000000, 8.434314575050773755 ) ) ;
#2088 = ORIENTED_EDGE ( 'NONE', *, *, #2876, .F. ) ;
#2089 = VECTOR ( 'NONE', #890, 1000.000000000000000 ) ;
#2090 = VECTOR ( 'NONE', #1439, 1000.000000000000000 ) ;
#2091 = CARTESIAN_POINT ( 'NONE',  ( 0.4000000000000110134, -9.500000000000007105, -33.00000000000000000 ) ) ;
#2092 = ORIENTED_EDGE ( 'NONE', *, *, #3404, .F. ) ;
#2093 = VERTEX_POINT ( 'NONE', #1146 ) ;
#2094 = DIRECTION ( 'NONE',  ( 0.000000000000000000, 0.000000000000000000, -1.000000000000000000 ) ) ;
#2095 = CARTESIAN_POINT ( 'NONE',  ( -7.761816857184519414, -14.45440395637369591, 12.22991061867702633 ) ) ;
#2096 = EDGE_CURVE ( 'NONE', #2592, #1605, #3268, .T. ) ;
#2097 = ORIENTED_EDGE ( 'NONE', *, *, #691, .T. ) ;
#2098 = AXIS2_PLACEMENT_3D ( 'NONE', #3373, #694, #2516 ) ;
#2099 = LINE ( 'NONE', #1650, #2273 ) ;
#2100 = CARTESIAN_POINT ( 'NONE',  ( -12.49999999999999112, 1.500000000000000000, -3.000000000000002665 ) ) ;
#2101 = DIRECTION ( 'NONE',  ( -2.775557561562891043E-17, -0.7071067811865427988, 0.7071067811865523467 ) ) ;
#2102 = DIRECTION ( 'NONE',  ( 0.7071067811865507924, 0.000000000000000000, -0.7071067811865442421 ) ) ;
#2103 = CARTESIAN_POINT ( 'NONE',  ( -12.49999999999999112, 4.000000000000000000, -3.469446951953614189E-15 ) ) ;
#2104 = ORIENTED_EDGE ( 'NONE', *, *, #3213, .F. ) ;
#2105 = CARTESIAN_POINT ( 'NONE',  ( 21.75000000000001066, 12.50000000000000000, 0.000000000000000000 ) ) ;
#2106 = VECTOR ( 'NONE', #1463, 1000.000000000000114 ) ;
#2107 = VERTEX_POINT ( 'NONE', #1413 ) ;
#2108 = EDGE_LOOP ( 'NONE', ( #1836, #981, #2203, #1186 ) ) ;
#2109 = AXIS2_PLACEMENT_3D ( 'NONE', #3402, #2902, #2620 ) ;
#2110 = LINE ( 'NONE', #183, #395 ) ;
#2111 = DIRECTION ( 'NONE',  ( -0.5773502691896295058, -0.5773502691896265082, -0.5773502691896211791 ) ) ;
#2112 = VERTEX_POINT ( 'NONE', #1955 ) ;
#2113 = ORIENTED_EDGE ( 'NONE', *, *, #2648, .F. ) ;
#2114 = EDGE_LOOP ( 'NONE', ( #3322, #2047, #298, #581, #2739, #1464, #558 ) ) ;
#2115 = CARTESIAN_POINT ( 'NONE',  ( -14.64999999999999503, -9.217157287525253651, 17.46715728752539576 ) ) ;
#2116 = CARTESIAN_POINT ( 'NONE',  ( 22.50000000000001066, 4.000000000000000000, -8.250000000000007105 ) ) ;
#2117 = DIRECTION ( 'NONE',  ( 2.259919306469988137E-16, 0.000000000000000000, -1.000000000000000000 ) ) ;
#2118 = DIRECTION ( 'NONE',  ( 1.000000000000000000, -1.962615573354704784E-17, 1.962615573354731593E-17 ) ) ;
#2119 = ORIENTED_EDGE ( 'NONE', *, *, #1852, .F. ) ;
#2120 = EDGE_CURVE ( 'NONE', #1746, #3197, #1641, .T. ) ;
#2121 = CIRCLE ( 'NONE', #1103, 1.749999999999999778 ) ;
#2122 = VECTOR ( 'NONE', #2611, 1000.000000000000000 ) ;
#2123 = VECTOR ( 'NONE', #1569, 1000.000000000000000 ) ;
#2124 = CARTESIAN_POINT ( 'NONE',  ( -19.50000000000000355, 4.000000000000000000, 6.250000000000002665 ) ) ;
#2125 = EDGE_CURVE ( 'NONE', #653, #2912, #2434, .T. ) ;
#2126 = DIRECTION ( 'NONE',  ( 0.5773502691896196248, -0.5773502691896251759, 0.5773502691896323924 ) ) ;
#2127 = DIRECTION ( 'NONE',  ( 0.000000000000000000, 0.000000000000000000, -1.000000000000000000 ) ) ;
#2128 = ORIENTED_EDGE ( 'NONE', *, *, #1386, .F. ) ;
#2129 = ORIENTED_EDGE ( 'NONE', *, *, #1649, .T. ) ;
#2130 = DIRECTION ( 'NONE',  ( -1.000000000000000000, 0.000000000000000000, 0.000000000000000000 ) ) ;
#2131 = VECTOR ( 'NONE', #2549, 1000.000000000000000 ) ;
#2132 = DIRECTION ( 'NONE',  ( 1.000000000000000000, 0.000000000000000000, -0.000000000000000000 ) ) ;
#2133 = CARTESIAN_POINT ( 'NONE',  ( -24.75000000000001776, 9.499999999999998224, -5.999999999999949374 ) ) ;
#2134 = CARTESIAN_POINT ( 'NONE',  ( -21.74999999999998934, 12.50000000000000000, 8.250000000000003553 ) ) ;
#2135 = ORIENTED_EDGE ( 'NONE', *, *, #1799, .T. ) ;
#2136 = DIRECTION ( 'NONE',  ( -0.000000000000000000, 1.000000000000000000, -0.000000000000000000 ) ) ;
#2137 = VECTOR ( 'NONE', #2469, 1000.000000000000000 ) ;
#2138 = EDGE_CURVE ( 'NONE', #2658, #703, #311, .T. ) ;
#2139 = ADVANCED_FACE ( 'NONE', ( #3005 ), #1677, .T. ) ;
#2140 = LINE ( 'NONE', #1869, #52 ) ;
#2141 = DIRECTION ( 'NONE',  ( -2.282530889443167392E-17, -1.000000000000000000, 0.000000000000000000 ) ) ;
#2142 = EDGE_LOOP ( 'NONE', ( #1893, #748, #1206, #1620 ) ) ;
#2143 = ORIENTED_EDGE ( 'NONE', *, *, #2895, .F. ) ;
#2144 = DIRECTION ( 'NONE',  ( 1.000000000000000000, -1.962615573354704784E-17, 1.962615573354731593E-17 ) ) ;
#2145 = CARTESIAN_POINT ( 'NONE',  ( -5.348127437391596766E-16, -10.60992424049164562, 16.07439033455902688 ) ) ;
#2146 = CARTESIAN_POINT ( 'NONE',  ( -2.499999999999988454, 1.301042606982605321E-15, 8.250000000000007105 ) ) ;
#2147 = CARTESIAN_POINT ( 'NONE',  ( -1.749999999999992450, -19.00000000000000000, -40.25000000000000711 ) ) ;
#2148 = ADVANCED_FACE ( 'NONE', ( #1874 ), #2418, .T. ) ;
#2149 = ORIENTED_EDGE ( 'NONE', *, *, #317, .T. ) ;
#2150 = CARTESIAN_POINT ( 'NONE',  ( -22.49999999999998934, -17.68431457505076665, 8.999999999999998224 ) ) ;
#2151 = VECTOR ( 'NONE', #3321, 1000.000000000000114 ) ;
#2152 = EDGE_CURVE ( 'NONE', #3007, #875, #533, .T. ) ;
#2153 = DIRECTION ( 'NONE',  ( 1.000000000000000000, 0.000000000000000000, -0.000000000000000000 ) ) ;
#2154 = CARTESIAN_POINT ( 'NONE',  ( -2.499999999999988454, -9.499999999999872102, 17.75000000000001421 ) ) ;
#2155 = ORIENTED_EDGE ( 'NONE', *, *, #2138, .T. ) ;
#2156 = VERTEX_POINT ( 'NONE', #1412 ) ;
#2157 = EDGE_CURVE ( 'NONE', #3043, #108, #2939, .T. ) ;
#2158 = CARTESIAN_POINT ( 'NONE',  ( -2.499999999999988454, 7.944461020597347894E-31, 8.250000000000007105 ) ) ;
#2159 = PLANE ( 'NONE',  #3296 ) ;
#2160 = DIRECTION ( 'NONE',  ( 1.000000000000000000, -2.077733718875242515E-17, -4.622231866529364679E-33 ) ) ;
#2161 = CARTESIAN_POINT ( 'NONE',  ( -22.49999999999998934, -18.25000000000000000, 8.999999999999998224 ) ) ;
#2162 = EDGE_LOOP ( 'NONE', ( #269, #1916, #2710, #932 ) ) ;
#2163 = ADVANCED_FACE ( 'NONE', ( #2174 ), #3481, .F. ) ;
#2164 = DIRECTION ( 'NONE',  ( 0.000000000000000000, -0.7071067811865522357, -0.7071067811865426878 ) ) ;
#2165 = AXIS2_PLACEMENT_3D ( 'NONE', #2105, #3458, #438 ) ;
#2166 = VECTOR ( 'NONE', #2757, 1000.000000000000000 ) ;
#2167 = LINE ( 'NONE', #502, #304 ) ;
#2168 = CARTESIAN_POINT ( 'NONE',  ( 15.84999999999999609, -13.34215728752526253, 13.34215728752544372 ) ) ;
#2169 = CARTESIAN_POINT ( 'NONE',  ( -2.499999999999988454, 0.000000000000000000, -8.250000000000007105 ) ) ;
#2170 = ORIENTED_EDGE ( 'NONE', *, *, #2378, .F. ) ;
#2171 = EDGE_CURVE ( 'NONE', #2468, #787, #1348, .T. ) ;
#2172 = ORIENTED_EDGE ( 'NONE', *, *, #1832, .T. ) ;
#2173 = DIRECTION ( 'NONE',  ( 0.000000000000000000, 0.000000000000000000, 1.000000000000000000 ) ) ;
#2174 = FACE_OUTER_BOUND ( 'NONE', #3450, .T. ) ;
#2175 = DIRECTION ( 'NONE',  ( 0.000000000000000000, -0.000000000000000000, 1.000000000000000000 ) ) ;
#2176 = DIRECTION ( 'NONE',  ( -0.7071067811865507924, -6.839255870355016478E-17, 0.7071067811865441310 ) ) ;
#2177 = ADVANCED_FACE ( 'NONE', ( #1608 ), #3267, .T. ) ;
#2178 = EDGE_LOOP ( 'NONE', ( #2665, #3328, #2734, #1321, #247 ) ) ;
#2179 = CARTESIAN_POINT ( 'NONE',  ( -5.348127437391596766E-16, -13.34215728752526253, 13.34215728752544372 ) ) ;
#2180 = ORIENTED_EDGE ( 'NONE', *, *, #2928, .F. ) ;
#2181 = VECTOR ( 'NONE', #2244, 1000.000000000000000 ) ;
#2182 = EDGE_CURVE ( 'NONE', #1458, #2889, #578, .T. ) ;
#2183 = CARTESIAN_POINT ( 'NONE',  ( -16.50000000000002842, -5.250000000000016875, -3.000000000000037303 ) ) ;
#2184 = DIRECTION ( 'NONE',  ( 0.5773502691896221783, -0.5773502691896275074, 0.5773502691896275074 ) ) ;
#2185 = CARTESIAN_POINT ( 'NONE',  ( 1.037198051578052588E-14, -11.75000000000000000, 0.9999999999999976685 ) ) ;
#2186 = ORIENTED_EDGE ( 'NONE', *, *, #949, .T. ) ;
#2187 = ORIENTED_EDGE ( 'NONE', *, *, #2398, .T. ) ;
#2188 = DIRECTION ( 'NONE',  ( -0.7071067811865521247, 6.373532440681397150E-15, 0.7071067811865430208 ) ) ;
#2189 = CARTESIAN_POINT ( 'NONE',  ( 19.50000000000000000, 12.50000000000000000, 0.000000000000000000 ) ) ;
#2190 = LINE ( 'NONE', #2010, #2528 ) ;
#2191 = ORIENTED_EDGE ( 'NONE', *, *, #1213, .F. ) ;
#2192 = ORIENTED_EDGE ( 'NONE', *, *, #1232, .F. ) ;
#2193 = EDGE_CURVE ( 'NONE', #2592, #3125, #2719, .T. ) ;
#2194 = LINE ( 'NONE', #3330, #3417 ) ;
#2195 = CARTESIAN_POINT ( 'NONE',  ( 2.500000000000011546, 0.000000000000000000, -41.00000000000000711 ) ) ;
#2196 = ORIENTED_EDGE ( 'NONE', *, *, #2705, .F. ) ;
#2197 = ADVANCED_FACE ( 'NONE', ( #797 ), #2159, .F. ) ;
#2198 = AXIS2_PLACEMENT_3D ( 'NONE', #382, #1462, #2522 ) ;
#2199 = DIRECTION ( 'NONE',  ( 2.077733718875228956E-17, 1.000000000000000000, 0.000000000000000000 ) ) ;
#2200 = LINE ( 'NONE', #58, #2717 ) ;
#2201 = DIRECTION ( 'NONE',  ( -2.775557561562890735E-17, -0.7071067811865427988, 0.7071067811865523467 ) ) ;
#2202 = DIRECTION ( 'NONE',  ( -0.000000000000000000, 0.000000000000000000, -1.000000000000000000 ) ) ;
#2203 = ORIENTED_EDGE ( 'NONE', *, *, #234, .F. ) ;
#2204 = ORIENTED_EDGE ( 'NONE', *, *, #2299, .T. ) ;
#2205 = DIRECTION ( 'NONE',  ( 1.000000000000000000, -1.962615573354704784E-17, 1.962615573354731593E-17 ) ) ;
#2206 = UNCERTAINTY_MEASURE_WITH_UNIT (LENGTH_MEASURE( 1.000000000000000082E-05 ), #2554, 'distance_accuracy_value', 'NONE');
#2207 = CARTESIAN_POINT ( 'NONE',  ( 21.75000000000001066, 0.7500000000000006661, -9.000000000000001776 ) ) ;
#2208 = CARTESIAN_POINT ( 'NONE',  ( -21.74999999999999645, 0.7500000000000006661, -9.000000000000001776 ) ) ;
#2209 = ORIENTED_EDGE ( 'NONE', *, *, #57, .T. ) ;
#2210 = VECTOR ( 'NONE', #2080, 1000.000000000000114 ) ;
#2211 = DIRECTION ( 'NONE',  ( 0.7071067811865442421, -0.7071067811865507924, -6.409875621278428958E-17 ) ) ;
#2212 = DIRECTION ( 'NONE',  ( 1.000000000000000000, 0.000000000000000000, -0.000000000000000000 ) ) ;
#2213 = ADVANCED_FACE ( 'NONE', ( #593 ), #2736, .T. ) ;
#2214 = ORIENTED_EDGE ( 'NONE', *, *, #1949, .T. ) ;
#2215 = DIRECTION ( 'NONE',  ( 1.000000000000000000, -0.000000000000000000, 2.775557561562891351E-16 ) ) ;
#2216 = CARTESIAN_POINT ( 'NONE',  ( 15.84999999999999609, -7.074390334558885662, 19.60992424049173977 ) ) ;
#2217 = EDGE_CURVE ( 'NONE', #1605, #1872, #3221, .T. ) ;
#2218 = AXIS2_PLACEMENT_3D ( 'NONE', #3233, #826, #1301 ) ;
#2219 = DIRECTION ( 'NONE',  ( 2.688104559881415512E-17, 1.000000000000000000, 0.000000000000000000 ) ) ;
#2220 = AXIS2_PLACEMENT_3D ( 'NONE', #2891, #504, #1567 ) ;
#2221 = CARTESIAN_POINT ( 'NONE',  ( 8.673617379884035472E-15, -37.38999422927292926, -10.70567965422188905 ) ) ;
#2222 = PLANE ( 'NONE',  #1211 ) ;
#2223 = AXIS2_PLACEMENT_3D ( 'NONE', #3279, #2745, #1419 ) ;
#2224 = ORIENTED_EDGE ( 'NONE', *, *, #1814, .T. ) ;
#2225 = ORIENTED_EDGE ( 'NONE', *, *, #1709, .T. ) ;
#2226 = DIRECTION ( 'NONE',  ( -0.5773502691896248429, -0.5773502691896194028, 0.5773502691896331696 ) ) ;
#2227 = DIRECTION ( 'NONE',  ( 0.000000000000000000, -0.7071067811865426878, 0.7071067811865524577 ) ) ;
#2228 = DIRECTION ( 'NONE',  ( 0.5773502691896240657, -0.5773502691896239547, -0.5773502691896292838 ) ) ;
#2229 = VERTEX_POINT ( 'NONE', #310 ) ;
#2230 = LINE ( 'NONE', #2794, #1004 ) ;
#2231 = CARTESIAN_POINT ( 'NONE',  ( -5.348127437391596766E-16, -9.217157287525253651, 17.46715728752539576 ) ) ;
#2232 = DIRECTION ( 'NONE',  ( 0.000000000000000000, -0.7071067811865442421, -0.7071067811865509034 ) ) ;
#2233 = ORIENTED_EDGE ( 'NONE', *, *, #2750, .F. ) ;
#2234 = EDGE_CURVE ( 'NONE', #821, #1803, #2450, .T. ) ;
#2235 = CARTESIAN_POINT ( 'NONE',  ( -5.348127437391596766E-16, -13.34215728752526253, 13.34215728752544372 ) ) ;
#2236 = LINE ( 'NONE', #3053, #563 ) ;
#2237 = VECTOR ( 'NONE', #2058, 1000.000000000000000 ) ;
#2238 = DIRECTION ( 'NONE',  ( 0.000000000000000000, -0.7071067811865426878, 0.7071067811865524577 ) ) ;
#2239 = LINE ( 'NONE', #136, #1932 ) ;
#2240 = VERTEX_POINT ( 'NONE', #29 ) ;
#2241 = ORIENTED_EDGE ( 'NONE', *, *, #253, .F. ) ;
#2242 = AXIS2_PLACEMENT_3D ( 'NONE', #2001, #1946, #2543 ) ;
#2243 = EDGE_CURVE ( 'NONE', #1079, #2774, #14, .T. ) ;
#2244 = DIRECTION ( 'NONE',  ( 1.000000000000000000, 0.000000000000000000, 0.000000000000000000 ) ) ;
#2245 = CARTESIAN_POINT ( 'NONE',  ( 1.133803460541550262E-14, -7.000000000000000888, -22.00000000000000711 ) ) ;
#2246 = PLANE ( 'NONE',  #1540 ) ;
#2247 = ORIENTED_EDGE ( 'NONE', *, *, #2471, .F. ) ;
#2248 = EDGE_CURVE ( 'NONE', #2229, #1491, #279, .T. ) ;
#2249 = ORIENTED_EDGE ( 'NONE', *, *, #3108, .F. ) ;
#2250 = CARTESIAN_POINT ( 'NONE',  ( 0.4000000000000114575, -4.198593014213822805, -13.91506157242989516 ) ) ;
#2251 = DIRECTION ( 'NONE',  ( 1.000000000000000000, -2.077733718875242515E-17, -4.622231866529364679E-33 ) ) ;
#2252 = PLANE ( 'NONE',  #3410 ) ;
#2253 = ORIENTED_EDGE ( 'NONE', *, *, #153, .T. ) ;
#2254 = DIRECTION ( 'NONE',  ( -0.5714097563956682668, 0.8206649074353326023, 3.006099894680027856E-15 ) ) ;
#2255 = CIRCLE ( 'NONE', #2603, 6.050000000000000711 ) ;
#2256 = AXIS2_PLACEMENT_3D ( 'NONE', #535, #1114, #31 ) ;
#2257 = LINE ( 'NONE', #2730, #1816 ) ;
#2258 = DIRECTION ( 'NONE',  ( 1.000000000000000000, 0.000000000000000000, 0.000000000000000000 ) ) ;
#2259 = DIRECTION ( 'NONE',  ( 0.000000000000000000, 0.000000000000000000, 1.000000000000000000 ) ) ;
#2260 = CARTESIAN_POINT ( 'NONE',  ( 21.75000000000001066, 4.000000000000000000, 8.999999999999998224 ) ) ;
#2261 = ORIENTED_EDGE ( 'NONE', *, *, #329, .F. ) ;
#2262 = EDGE_LOOP ( 'NONE', ( #355, #760, #894, #3057 ) ) ;
#2263 = ADVANCED_FACE ( 'NONE', ( #3250 ), #3234, .F. ) ;
#2264 = CARTESIAN_POINT ( 'NONE',  ( 21.75000000000001066, 4.000000000000000000, -9.000000000000001776 ) ) ;
#2265 = CARTESIAN_POINT ( 'NONE',  ( 22.50000000000001066, 4.000000000000000000, 8.999999999999998224 ) ) ;
#2266 = CIRCLE ( 'NONE', #1325, 1.750000000000000000 ) ;
#2267 = LINE ( 'NONE', #3347, #2692 ) ;
#2268 = ORIENTED_EDGE ( 'NONE', *, *, #455, .T. ) ;
#2269 = EDGE_CURVE ( 'NONE', #1227, #2467, #295, .T. ) ;
#2270 = ORIENTED_EDGE ( 'NONE', *, *, #1009, .F. ) ;
#2271 = DIRECTION ( 'NONE',  ( 0.000000000000000000, 0.7071067811865522357, 0.7071067811865426878 ) ) ;
#2272 = CARTESIAN_POINT ( 'NONE',  ( -2.499999999999988454, 0.7500000000000006661, -9.000000000000001776 ) ) ;
#2273 = VECTOR ( 'NONE', #2907, 1000.000000000000000 ) ;
#2274 = VERTEX_POINT ( 'NONE', #1145 ) ;
#2275 = CARTESIAN_POINT ( 'NONE',  ( -0.08499999999998558708, -18.99999999999999645, 2.741105463359303052 ) ) ;
#2276 = FACE_OUTER_BOUND ( 'NONE', #3463, .T. ) ;
#2277 =( LENGTH_UNIT ( ) NAMED_UNIT ( * ) SI_UNIT ( .MILLI., .METRE. ) );
#2278 = CARTESIAN_POINT ( 'NONE',  ( 2.500000000000011546, -5.045227278524780701, -15.45477272147527437 ) ) ;
#2279 = CARTESIAN_POINT ( 'NONE',  ( 0.6594843508533982934, -19.40000000000000213, -39.85000000000000142 ) ) ;
#2280 = ORIENTED_EDGE ( 'NONE', *, *, #2454, .F. ) ;
#2281 = ORIENTED_EDGE ( 'NONE', *, *, #153, .F. ) ;
#2282 = VECTOR ( 'NONE', #1889, 1000.000000000000000 ) ;
#2283 = CIRCLE ( 'NONE', #440, 2.999999999999999112 ) ;
#2284 = DIRECTION ( 'NONE',  ( 2.688104559881415512E-17, 1.000000000000000000, 0.000000000000000000 ) ) ;
#2285 = CARTESIAN_POINT ( 'NONE',  ( 1.750000000000017542, -19.00000000000000000, -41.00000000000000711 ) ) ;
#2286 = EDGE_CURVE ( 'NONE', #3398, #390, #363, .T. ) ;
#2287 = CARTESIAN_POINT ( 'NONE',  ( -2.499999999999988454, -9.217157287525255427, 17.46715728752539576 ) ) ;
#2288 = ORIENTED_EDGE ( 'NONE', *, *, #2293, .F. ) ;
#2289 = VERTEX_POINT ( 'NONE', #1447 ) ;
#2290 = CARTESIAN_POINT ( 'NONE',  ( 0.4000000000000114575, -6.584938427570168784, -38.30140698578621539 ) ) ;
#2291 = FACE_BOUND ( 'NONE', #1121, .T. ) ;
#2292 = DIRECTION ( 'NONE',  ( 0.000000000000000000, 0.7071067811865426878, -0.7071067811865523467 ) ) ;
#2293 = EDGE_CURVE ( 'NONE', #794, #1084, #387, .T. ) ;
#2294 = CARTESIAN_POINT ( 'NONE',  ( 2.125000000000011102, -18.62500000000000355, -40.25000000000000711 ) ) ;
#2295 = EDGE_LOOP ( 'NONE', ( #2881, #2387, #3010, #2427 ) ) ;
#2296 = LINE ( 'NONE', #397, #113 ) ;
#2297 = AXIS2_PLACEMENT_3D ( 'NONE', #377, #2498, #415 ) ;
#2298 = CARTESIAN_POINT ( 'NONE',  ( -0.08500000000020964397, -18.99999999999999645, -39.85000000000000142 ) ) ;
#2299 = EDGE_CURVE ( 'NONE', #103, #1246, #613, .T. ) ;
#2300 = PLANE ( 'NONE',  #1377 ) ;
#2301 = ORIENTED_EDGE ( 'NONE', *, *, #1891, .F. ) ;
#2302 = ORIENTED_EDGE ( 'NONE', *, *, #900, .F. ) ;
#2303 = VECTOR ( 'NONE', #2807, 1000.000000000000000 ) ;
#2304 = DIRECTION ( 'NONE',  ( -1.000000000000000000, 1.962615573354704784E-17, -1.962615573354731593E-17 ) ) ;
#2305 = CARTESIAN_POINT ( 'NONE',  ( -12.49999999999999112, 1.500000000000000000, 2.999999999999995559 ) ) ;
#2306 = ORIENTED_EDGE ( 'NONE', *, *, #1060, .T. ) ;
#2307 = ORIENTED_EDGE ( 'NONE', *, *, #1372, .F. ) ;
#2308 = SURFACE_STYLE_FILL_AREA ( #2593 ) ;
#2309 = DIRECTION ( 'NONE',  ( 2.282530889443167392E-17, 1.000000000000000000, 0.000000000000000000 ) ) ;
#2310 = CARTESIAN_POINT ( 'NONE',  ( 15.84999999999999609, -13.62499999999988098, 13.62500000000006395 ) ) ;
#2311 = FACE_OUTER_BOUND ( 'NONE', #704, .T. ) ;
#2312 = ORIENTED_EDGE ( 'NONE', *, *, #423, .T. ) ;
#2313 = ORIENTED_EDGE ( 'NONE', *, *, #1060, .F. ) ;
#2314 = ADVANCED_FACE ( 'NONE', ( #1693 ), #2510, .F. ) ;
#2315 = DIRECTION ( 'NONE',  ( 2.000103339267233529E-17, 0.8762656174853198365, -0.4818283590793211446 ) ) ;
#2316 = EDGE_CURVE ( 'NONE', #2004, #875, #3021, .T. ) ;
#2317 = CARTESIAN_POINT ( 'NONE',  ( -15.84999999999999609, -13.34215728752526253, 13.34215728752544372 ) ) ;
#2318 = CARTESIAN_POINT ( 'NONE',  ( -1.749999999999992450, -18.25000000000000711, -41.00000000000000711 ) ) ;
#2319 = ORIENTED_EDGE ( 'NONE', *, *, #3132, .T. ) ;
#2320 = VERTEX_POINT ( 'NONE', #650 ) ;
#2321 = CARTESIAN_POINT ( 'NONE',  ( -2.499999999999986233, -19.00000000000000000, -41.00000000000000711 ) ) ;
#2322 = DIRECTION ( 'NONE',  ( 0.000000000000000000, -0.7071067811865426878, 0.7071067811865523467 ) ) ;
#2323 = ORIENTED_EDGE ( 'NONE', *, *, #2713, .T. ) ;
#2324 = VECTOR ( 'NONE', #572, 1000.000000000000114 ) ;
#2325 = ORIENTED_EDGE ( 'NONE', *, *, #2234, .T. ) ;
#2326 = LINE ( 'NONE', #1566, #1388 ) ;
#2327 = FACE_BOUND ( 'NONE', #1531, .T. ) ;
#2328 = DIRECTION ( 'NONE',  ( 0.000000000000000000, 0.7071067811865522357, 0.7071067811865426878 ) ) ;
#2329 = CARTESIAN_POINT ( 'NONE',  ( -1.749999999999985123, -19.00000000000000000, 8.999999999999998224 ) ) ;
#2330 = ORIENTED_EDGE ( 'NONE', *, *, #139, .F. ) ;
#2331 = DIRECTION ( 'NONE',  ( -1.000000000000000000, 0.000000000000000000, 1.556803119466365480E-16 ) ) ;
#2332 = EDGE_CURVE ( 'NONE', #1491, #227, #142, .T. ) ;
#2333 = ADVANCED_FACE ( 'NONE', ( #3288 ), #2769, .T. ) ;
#2334 = VERTEX_POINT ( 'NONE', #933 ) ;
#2335 = VERTEX_POINT ( 'NONE', #954 ) ;
#2336 = DIRECTION ( 'NONE',  ( 2.775557561562891351E-16, 0.000000000000000000, -1.000000000000000000 ) ) ;
#2337 = PLANE ( 'NONE',  #3459 ) ;
#2338 = EDGE_LOOP ( 'NONE', ( #2573, #764, #2733, #1425, #2825 ) ) ;
#2339 = AXIS2_PLACEMENT_3D ( 'NONE', #2179, #2704, #2164 ) ;
#2340 = ORIENTED_EDGE ( 'NONE', *, *, #2996, .T. ) ;
#2341 = DIRECTION ( 'NONE',  ( -0.5773502691896292838, 0.5773502691896239547, 0.5773502691896239547 ) ) ;
#2342 = CARTESIAN_POINT ( 'NONE',  ( -14.64999999999999503, -7.357233047033502338, 19.89276695296635822 ) ) ;
#2343 = DIRECTION ( 'NONE',  ( -0.7071067811865507924, -0.7071067811865442421, -9.185433182841290727E-17 ) ) ;
#2344 = LINE ( 'NONE', #2911, #1519 ) ;
#2345 = VECTOR ( 'NONE', #1334, 1000.000000000000000 ) ;
#2346 = VECTOR ( 'NONE', #2986, 1000.000000000000000 ) ;
#2347 = VERTEX_POINT ( 'NONE', #2487 ) ;
#2348 = FACE_OUTER_BOUND ( 'NONE', #776, .T. ) ;
#2349 = ADVANCED_FACE ( 'NONE', ( #914 ), #100, .F. ) ;
#2350 = ORIENTED_EDGE ( 'NONE', *, *, #329, .T. ) ;
#2351 = ORIENTED_EDGE ( 'NONE', *, *, #423, .F. ) ;
#2352 = ADVANCED_FACE ( 'NONE', ( #1163 ), #426, .T. ) ;
#2353 = CARTESIAN_POINT ( 'NONE',  ( 19.50000000000000000, 8.249999999999992895, 21.00208333333333499 ) ) ;
#2354 = CARTESIAN_POINT ( 'NONE',  ( -5.348127437391596766E-16, -9.499999999999872102, 17.75000000000001421 ) ) ;
#2355 = ORIENTED_EDGE ( 'NONE', *, *, #1858, .F. ) ;
#2356 = VECTOR ( 'NONE', #345, 1000.000000000000000 ) ;
#2357 = ORIENTED_EDGE ( 'NONE', *, *, #3318, .F. ) ;
#2358 = CARTESIAN_POINT ( 'NONE',  ( -2.499999999999988454, -10.00000000000000000, 0.9999999999999974465 ) ) ;
#2359 = LINE ( 'NONE', #734, #2345 ) ;
#2360 = CARTESIAN_POINT ( 'NONE',  ( -22.49999999999998934, 0.7500000000000006661, 8.999999999999998224 ) ) ;
#2361 = CARTESIAN_POINT ( 'NONE',  ( -2.315685424949218696, -18.34215728752538155, 8.342157287525390430 ) ) ;
#2362 = ORIENTED_EDGE ( 'NONE', *, *, #2412, .T. ) ;
#2363 = ADVANCED_FACE ( 'NONE', ( #3307 ), #1181, .T. ) ;
#2364 = DIRECTION ( 'NONE',  ( -1.000000000000000000, 0.000000000000000000, 0.000000000000000000 ) ) ;
#2365 = ORIENTED_EDGE ( 'NONE', *, *, #1892, .T. ) ;
#2366 = ORIENTED_EDGE ( 'NONE', *, *, #2854, .T. ) ;
#2367 = CARTESIAN_POINT ( 'NONE',  ( -21.74999999999998934, 11.75000000000000000, 8.999999999999998224 ) ) ;
#2368 = LINE ( 'NONE', #1044, #765 ) ;
#2369 = VERTEX_POINT ( 'NONE', #2008 ) ;
#2370 = ADVANCED_FACE ( 'NONE', ( #1487 ), #2569, .T. ) ;
#2371 = ORIENTED_EDGE ( 'NONE', *, *, #2895, .T. ) ;
#2372 = VECTOR ( 'NONE', #2050, 1000.000000000000114 ) ;
#2373 = VERTEX_POINT ( 'NONE', #1466 ) ;
#2374 = DIRECTION ( 'NONE',  ( 1.000000000000000000, -2.282530889443167700E-17, -0.000000000000000000 ) ) ;
#2375 = DIRECTION ( 'NONE',  ( 0.000000000000000000, -0.7071067811865522357, -0.7071067811865426878 ) ) ;
#2376 = CARTESIAN_POINT ( 'NONE',  ( 0.000000000000000000, -18.35351940423299055, 8.330795170817790307 ) ) ;
#2377 = LINE ( 'NONE', #1794, #2906 ) ;
#2378 = EDGE_CURVE ( 'NONE', #649, #674, #1707, .T. ) ;
#2379 = ORIENTED_EDGE ( 'NONE', *, *, #2880, .F. ) ;
#2380 = CARTESIAN_POINT ( 'NONE',  ( 21.75000000000001421, 0.000000000000000000, 8.999999999999998224 ) ) ;
#2381 = AXIS2_PLACEMENT_3D ( 'NONE', #3374, #3121, #1514 ) ;
#2382 = AXIS2_PLACEMENT_3D ( 'NONE', #2423, #256, #584 ) ;
#2383 = CIRCLE ( 'NONE', #1661, 1.750000000000000000 ) ;
#2384 = CARTESIAN_POINT ( 'NONE',  ( 0.4000000000000111799, -3.450000000000005951, -33.00000000000000000 ) ) ;
#2385 = DIRECTION ( 'NONE',  ( 1.000000000000000000, -0.000000000000000000, 0.000000000000000000 ) ) ;
#2386 = ORIENTED_EDGE ( 'NONE', *, *, #1656, .T. ) ;
#2387 = ORIENTED_EDGE ( 'NONE', *, *, #1072, .T. ) ;
#2388 = EDGE_CURVE ( 'NONE', #635, #1998, #1988, .T. ) ;
#2389 = CARTESIAN_POINT ( 'NONE',  ( -21.74999999999999645, 11.75000000000000711, -9.000000000000001776 ) ) ;
#2390 = CARTESIAN_POINT ( 'NONE',  ( 0.6594843508533946297, -35.11097849649113556, -7.860978496490887757 ) ) ;
#2391 = CARTESIAN_POINT ( 'NONE',  ( 16.50000000000004974, -5.250000000000016875, -3.000000000000037303 ) ) ;
#2392 = FACE_OUTER_BOUND ( 'NONE', #1815, .T. ) ;
#2393 = ORIENTED_EDGE ( 'NONE', *, *, #3260, .T. ) ;
#2394 = MECHANICAL_DESIGN_GEOMETRIC_PRESENTATION_REPRESENTATION (  '', ( #1731 ), #1614 ) ;
#2395 = AXIS2_PLACEMENT_3D ( 'NONE', #2737, #878, #3022 ) ;
#2396 = VECTOR ( 'NONE', #752, 1000.000000000000000 ) ;
#2397 = CYLINDRICAL_SURFACE ( 'NONE', #360, 1.750000000000000000 ) ;
#2398 = EDGE_CURVE ( 'NONE', #3445, #635, #2529, .T. ) ;
#2399 = PLANE ( 'NONE',  #1867 ) ;
#2400 = CARTESIAN_POINT ( 'NONE',  ( 2.500000000000011546, -10.00000000000000000, 0.9999999999999974465 ) ) ;
#2401 = VERTEX_POINT ( 'NONE', #670 ) ;
#2402 = ORIENTED_EDGE ( 'NONE', *, *, #2048, .F. ) ;
#2403 = CARTESIAN_POINT ( 'NONE',  ( -22.49999999999998934, 4.000000000000000000, -9.000000000000001776 ) ) ;
#2404 = CARTESIAN_POINT ( 'NONE',  ( 1.176933330017940760, -19.76028760636941328, 1.637652004752215396 ) ) ;
#2405 = DIRECTION ( 'NONE',  ( 0.000000000000000000, 0.000000000000000000, 1.000000000000000000 ) ) ;
#2406 = LINE ( 'NONE', #1695, #130 ) ;
#2407 = ORIENTED_EDGE ( 'NONE', *, *, #590, .T. ) ;
#2408 = CARTESIAN_POINT ( 'NONE',  ( 1.127570259384924611E-14, -10.00000000000000000, -22.00000000000000711 ) ) ;
#2409 = VECTOR ( 'NONE', #2548, 1000.000000000000000 ) ;
#2410 = ADVANCED_FACE ( 'NONE', ( #2827 ), #163, .T. ) ;
#2411 = VECTOR ( 'NONE', #365, 1000.000000000000114 ) ;
#2412 = EDGE_CURVE ( 'NONE', #2900, #1544, #2649, .T. ) ;
#2413 = FACE_OUTER_BOUND ( 'NONE', #1619, .T. ) ;
#2414 = CARTESIAN_POINT ( 'NONE',  ( -1.749999999999987566, 0.000000000000000000, -41.00000000000000711 ) ) ;
#2415 = ORIENTED_EDGE ( 'NONE', *, *, #57, .F. ) ;
#2416 = ORIENTED_EDGE ( 'NONE', *, *, #1892, .F. ) ;
#2417 = PLANE ( 'NONE',  #2218 ) ;
#2418 = PLANE ( 'NONE',  #1005 ) ;
#2419 = CARTESIAN_POINT ( 'NONE',  ( -6.833333333333264648, 8.583333333333362347, -1.166666666666711594 ) ) ;
#2420 = LINE ( 'NONE', #786, #3191 ) ;
#2421 = ORIENTED_EDGE ( 'NONE', *, *, #1296, .T. ) ;
#2422 = VECTOR ( 'NONE', #2238, 1000.000000000000000 ) ;
#2423 = CARTESIAN_POINT ( 'NONE',  ( 2.500000000000011546, -0.7500000000000006661, -41.00000000000000711 ) ) ;
#2424 = ADVANCED_FACE ( 'NONE', ( #992 ), #2918, .T. ) ;
#2425 = CIRCLE ( 'NONE', #761, 2.999999999999999112 ) ;
#2426 = EDGE_CURVE ( 'NONE', #3350, #2508, #1562, .T. ) ;
#2427 = ORIENTED_EDGE ( 'NONE', *, *, #1786, .F. ) ;
#2428 = CARTESIAN_POINT ( 'NONE',  ( 1.127570259384924611E-14, -10.00000000000000000, -22.00000000000000711 ) ) ;
#2429 = DIRECTION ( 'NONE',  ( 0.000000000000000000, 0.000000000000000000, 1.000000000000000000 ) ) ;
#2430 = ORIENTED_EDGE ( 'NONE', *, *, #1825, .T. ) ;
#2431 = ORIENTED_EDGE ( 'NONE', *, *, #1101, .F. ) ;
#2432 = VECTOR ( 'NONE', #1927, 1000.000000000000000 ) ;
#2433 = DIRECTION ( 'NONE',  ( 0.000000000000000000, -0.7071067811865426878, 0.7071067811865524577 ) ) ;
#2434 = LINE ( 'NONE', #2720, #1058 ) ;
#2435 = DIRECTION ( 'NONE',  ( 0.000000000000000000, 0.000000000000000000, 1.000000000000000000 ) ) ;
#2436 = VERTEX_POINT ( 'NONE', #2588 ) ;
#2437 = EDGE_CURVE ( 'NONE', #1212, #50, #231, .T. ) ;
#2438 = PLANE ( 'NONE',  #1106 ) ;
#2439 = ORIENTED_EDGE ( 'NONE', *, *, #488, .F. ) ;
#2440 = VECTOR ( 'NONE', #2084, 1000.000000000000000 ) ;
#2441 = AXIS2_PLACEMENT_3D ( 'NONE', #811, #2984, #1676 ) ;
#2442 = APPLICATION_CONTEXT ( 'automotive_design' ) ;
#2443 = EDGE_LOOP ( 'NONE', ( #2887, #2870, #865, #3329 ) ) ;
#2444 = DIRECTION ( 'NONE',  ( 0.000000000000000000, -0.000000000000000000, -1.000000000000000000 ) ) ;
#2445 = DIRECTION ( 'NONE',  ( 1.000000000000000000, -2.077733718875242515E-17, -4.622231866529364679E-33 ) ) ;
#2446 = ORIENTED_EDGE ( 'NONE', *, *, #1506, .F. ) ;
#2447 = ORIENTED_EDGE ( 'NONE', *, *, #2709, .F. ) ;
#2448 = ADVANCED_FACE ( 'NONE', ( #2619 ), #973, .T. ) ;
#2449 = EDGE_CURVE ( 'NONE', #592, #990, #2062, .T. ) ;
#2450 = LINE ( 'NONE', #330, #2137 ) ;
#2451 = DIRECTION ( 'NONE',  ( 2.077733718875257922E-17, 1.000000000000000000, 0.000000000000000000 ) ) ;
#2452 = CARTESIAN_POINT ( 'NONE',  ( 0.4000000000000111799, -3.450000000000005951, -11.00000000000000178 ) ) ;
#2453 = EDGE_LOOP ( 'NONE', ( #2725, #338, #2421, #2666 ) ) ;
#2454 = EDGE_CURVE ( 'NONE', #1418, #1212, #2520, .T. ) ;
#2455 = EDGE_LOOP ( 'NONE', ( #1093, #2340, #570, #2846 ) ) ;
#2456 = VECTOR ( 'NONE', #916, 1000.000000000000114 ) ;
#2457 = CARTESIAN_POINT ( 'NONE',  ( 21.75000000000001421, 14.16200903826846336, -5.912009038268644545 ) ) ;
#2458 = DIRECTION ( 'NONE',  ( 1.000000000000000000, -2.282530889443167700E-17, -0.000000000000000000 ) ) ;
#2459 = VERTEX_POINT ( 'NONE', #1278 ) ;
#2460 = EDGE_CURVE ( 'NONE', #2889, #1593, #2110, .T. ) ;
#2461 = EDGE_LOOP ( 'NONE', ( #3153, #1314, #2806, #893 ) ) ;
#2462 = AXIS2_PLACEMENT_3D ( 'NONE', #1617, #2126, #3263 ) ;
#2463 = PLANE ( 'NONE',  #1094 ) ;
#2464 = PLANE ( 'NONE',  #2527 ) ;
#2465 = DIRECTION ( 'NONE',  ( -1.000000000000000000, 1.962615573354704784E-17, -1.962615573354731593E-17 ) ) ;
#2466 = DIRECTION ( 'NONE',  ( 1.000000000000000000, -2.077733718875242515E-17, -4.622231866529364679E-33 ) ) ;
#2467 = VERTEX_POINT ( 'NONE', #2367 ) ;
#2468 = VERTEX_POINT ( 'NONE', #1787 ) ;
#2469 = DIRECTION ( 'NONE',  ( -1.000000000000000000, 0.000000000000000000, 0.000000000000000000 ) ) ;
#2470 = DIRECTION ( 'NONE',  ( -0.7071067811865526798, 2.775557561562891967E-17, -0.7071067811865424657 ) ) ;
#2471 = EDGE_CURVE ( 'NONE', #2889, #2004, #3447, .T. ) ;
#2472 = LINE ( 'NONE', #652, #2411 ) ;
#2473 = ORIENTED_EDGE ( 'NONE', *, *, #1666, .F. ) ;
#2474 = CARTESIAN_POINT ( 'NONE',  ( 0.4000000000000114575, -4.198593014213822805, -13.91506157242989516 ) ) ;
#2475 = EDGE_CURVE ( 'NONE', #936, #3398, #3431, .T. ) ;
#2476 = LINE ( 'NONE', #1717, #868 ) ;
#2477 = ORIENTED_EDGE ( 'NONE', *, *, #211, .T. ) ;
#2478 = CIRCLE ( 'NONE', #67, 1.750000000000000000 ) ;
#2479 = CARTESIAN_POINT ( 'NONE',  ( -5.478104858350305584, -10.45620971670044241, 16.22810485835022476 ) ) ;
#2480 = PLANE ( 'NONE',  #790 ) ;
#2481 = AXIS2_PLACEMENT_3D ( 'NONE', #1482, #951, #2024 ) ;
#2482 = CARTESIAN_POINT ( 'NONE',  ( 22.50000000000001066, 4.000000000000000000, 8.250000000000003553 ) ) ;
#2483 = LINE ( 'NONE', #358, #2422 ) ;
#2484 = CARTESIAN_POINT ( 'NONE',  ( -0.6594843508533897447, -13.62499999999988098, 13.62500000000006395 ) ) ;
#2485 = ORIENTED_EDGE ( 'NONE', *, *, #3418, .T. ) ;
#2486 = ORIENTED_EDGE ( 'NONE', *, *, #800, .T. ) ;
#2487 = CARTESIAN_POINT ( 'NONE',  ( -22.12499999999998934, 12.12500000000000355, -8.625000000000003553 ) ) ;
#2488 = DIRECTION ( 'NONE',  ( 0.000000000000000000, -0.7071067811865426878, 0.7071067811865524577 ) ) ;
#2489 = DIRECTION ( 'NONE',  ( -0.7071067811865507924, 0.7071067811865442421, 6.409875621278428958E-17 ) ) ;
#2490 = ORIENTED_EDGE ( 'NONE', *, *, #386, .F. ) ;
#2491 = CIRCLE ( 'NONE', #537, 6.050000000000000711 ) ;
#2492 = ADVANCED_FACE ( 'NONE', ( #3186, #2867 ), #3420, .T. ) ;
#2493 = DIRECTION ( 'NONE',  ( 1.000000000000000000, -2.282530889443167700E-17, -0.000000000000000000 ) ) ;
#2494 = DIRECTION ( 'NONE',  ( 2.077733718875242515E-17, 1.000000000000000000, 0.000000000000000000 ) ) ;
#2495 = DIRECTION ( 'NONE',  ( -0.5791517710219860060, 0.5764474070208427392, 0.5764474070208348566 ) ) ;
#2496 = ORIENTED_EDGE ( 'NONE', *, *, #68, .T. ) ;
#2497 = EDGE_CURVE ( 'NONE', #2156, #1084, #1854, .T. ) ;
#2498 = DIRECTION ( 'NONE',  ( 0.000000000000000000, 0.000000000000000000, -1.000000000000000000 ) ) ;
#2499 = VECTOR ( 'NONE', #1362, 1000.000000000000000 ) ;
#2500 = VECTOR ( 'NONE', #3146, 1000.000000000000114 ) ;
#2501 = CARTESIAN_POINT ( 'NONE',  ( 0.4000000000000110134, -9.500000000000007105, -11.00000000000000178 ) ) ;
#2502 = LINE ( 'NONE', #381, #2672 ) ;
#2503 = AXIS2_PLACEMENT_3D ( 'NONE', #1134, #3008, #601 ) ;
#2504 = DIRECTION ( 'NONE',  ( 0.000000000000000000, -0.7071067811865526798, -0.7071067811865422437 ) ) ;
#2505 = LINE ( 'NONE', #702, #2550 ) ;
#2506 = AXIS2_PLACEMENT_3D ( 'NONE', #2668, #1640, #1363 ) ;
#2507 = VERTEX_POINT ( 'NONE', #3169 ) ;
#2508 = VERTEX_POINT ( 'NONE', #2079 ) ;
#2509 = EDGE_CURVE ( 'NONE', #79, #103, #2639, .T. ) ;
#2510 = CYLINDRICAL_SURFACE ( 'NONE', #678, 6.050000000000000711 ) ;
#2511 = CARTESIAN_POINT ( 'NONE',  ( -15.84999999999999609, -10.89276695296626229, 16.35723304703364533 ) ) ;
#2512 = FACE_OUTER_BOUND ( 'NONE', #25, .T. ) ;
#2513 = ORIENTED_EDGE ( 'NONE', *, *, #1589, .F. ) ;
#2514 = ORIENTED_EDGE ( 'NONE', *, *, #3418, .F. ) ;
#2515 = DIRECTION ( 'NONE',  ( 2.688104559881415512E-17, 1.000000000000000000, 0.000000000000000000 ) ) ;
#2516 = DIRECTION ( 'NONE',  ( 0.000000000000000000, 0.000000000000000000, 1.000000000000000000 ) ) ;
#2517 = DIRECTION ( 'NONE',  ( 0.000000000000000000, -0.7071067811865426878, 0.7071067811865524577 ) ) ;
#2518 = ORIENTED_EDGE ( 'NONE', *, *, #1832, .F. ) ;
#2519 = CARTESIAN_POINT ( 'NONE',  ( -0.08499999999998558708, -18.99999999999999645, 2.741105463359303052 ) ) ;
#2520 = CIRCLE ( 'NONE', #1748, 9.521134568734085590 ) ;
#2521 = PLANE ( 'NONE',  #2688 ) ;
#2522 = DIRECTION ( 'NONE',  ( 1.000000000000000000, 0.000000000000000000, -0.000000000000000000 ) ) ;
#2523 = DIRECTION ( 'NONE',  ( -4.625929269271543698E-15, 1.000000000000000000, 0.000000000000000000 ) ) ;
#2524 = ADVANCED_FACE ( 'NONE', ( #1839, #2851 ), #2901, .T. ) ;
#2525 = ORIENTED_EDGE ( 'NONE', *, *, #27, .F. ) ;
#2526 = ORIENTED_EDGE ( 'NONE', *, *, #455, .F. ) ;
#2527 = AXIS2_PLACEMENT_3D ( 'NONE', #1742, #2802, #3016 ) ;
#2528 = VECTOR ( 'NONE', #3081, 1000.000000000000000 ) ;
#2529 = LINE ( 'NONE', #1202, #1022 ) ;
#2530 = PLANE ( 'NONE',  #1529 ) ;
#2531 = LINE ( 'NONE', #917, #741 ) ;
#2532 = PRODUCT_DEFINITION ( 'UNKNOWN', '', #3464, #2985 ) ;
#2533 = ORIENTED_EDGE ( 'NONE', *, *, #3354, .F. ) ;
#2534 = ORIENTED_EDGE ( 'NONE', *, *, #2571, .T. ) ;
#2535 = FACE_OUTER_BOUND ( 'NONE', #668, .T. ) ;
#2536 = DIRECTION ( 'NONE',  ( 0.000000000000000000, -0.7071067811865522357, -0.7071067811865429098 ) ) ;
#2537 = DIRECTION ( 'NONE',  ( 0.8152197410036738923, 0.4095221446258477949, 0.4095221446258421327 ) ) ;
#2538 = VERTEX_POINT ( 'NONE', #3150 ) ;
#2539 = CARTESIAN_POINT ( 'NONE',  ( 0.6594843508533982934, -4.550921098606587556, -54.69907890139361228 ) ) ;
#2540 = CIRCLE ( 'NONE', #3048, 3.682547623057103703 ) ;
#2541 = AXIS2_PLACEMENT_3D ( 'NONE', #1414, #2754, #3042 ) ;
#2542 = ADVANCED_FACE ( 'NONE', ( #744 ), #1821, .F. ) ;
#2543 = DIRECTION ( 'NONE',  ( 0.000000000000000000, -0.7071067811865526798, -0.7071067811865422437 ) ) ;
#2544 = FACE_OUTER_BOUND ( 'NONE', #3365, .T. ) ;
#2545 = CARTESIAN_POINT ( 'NONE',  ( -15.84999999999999609, -8.467157287525258980, 18.21715728752538155 ) ) ;
#2546 = ORIENTED_EDGE ( 'NONE', *, *, #550, .T. ) ;
#2547 = ORIENTED_EDGE ( 'NONE', *, *, #2171, .F. ) ;
#2548 = DIRECTION ( 'NONE',  ( 0.000000000000000000, -1.000000000000000000, 0.000000000000000000 ) ) ;
#2549 = DIRECTION ( 'NONE',  ( 1.000000000000000000, -2.282530889443167700E-17, -0.000000000000000000 ) ) ;
#2550 = VECTOR ( 'NONE', #383, 1000.000000000000114 ) ;
#2551 = FACE_OUTER_BOUND ( 'NONE', #867, .T. ) ;
#2552 = EDGE_LOOP ( 'NONE', ( #2128, #1599, #1264 ) ) ;
#2553 = ORIENTED_EDGE ( 'NONE', *, *, #2648, .T. ) ;
#2554 =( LENGTH_UNIT ( ) NAMED_UNIT ( * ) SI_UNIT ( .MILLI., .METRE. ) );
#2555 = LINE ( 'NONE', #370, #3109 ) ;
#2556 = LINE ( 'NONE', #452, #1990 ) ;
#2557 = DIRECTION ( 'NONE',  ( 1.000000000000000000, -2.282530889443167700E-17, 0.000000000000000000 ) ) ;
#2558 = AXIS2_PLACEMENT_3D ( 'NONE', #1141, #2466, #556 ) ;
#2559 = ORIENTED_EDGE ( 'NONE', *, *, #3227, .F. ) ;
#2560 = ADVANCED_FACE ( 'NONE', ( #527, #1076 ), #1061, .T. ) ;
#2561 = CARTESIAN_POINT ( 'NONE',  ( -0.08500000000021511182, -19.00000000000000000, -39.85000000000000142 ) ) ;
#2562 = FACE_OUTER_BOUND ( 'NONE', #2695, .T. ) ;
#2563 = LINE ( 'NONE', #209, #913 ) ;
#2564 = DIRECTION ( 'NONE',  ( 0.000000000000000000, 1.000000000000000000, 0.000000000000000000 ) ) ;
#2565 = EDGE_LOOP ( 'NONE', ( #166, #1930, #2743, #530 ) ) ;
#2566 = EDGE_LOOP ( 'NONE', ( #2630, #2988, #1376, #1511 ) ) ;
#2567 = VECTOR ( 'NONE', #3157, 1000.000000000000000 ) ;
#2568 = VECTOR ( 'NONE', #1034, 1000.000000000000000 ) ;
#2569 = PLANE ( 'NONE',  #617 ) ;
#2570 = DIRECTION ( 'NONE',  ( 0.000000000000000000, 0.7071067811865522357, 0.7071067811865426878 ) ) ;
#2571 = EDGE_CURVE ( 'NONE', #465, #544, #2140, .T. ) ;
#2572 = ORIENTED_EDGE ( 'NONE', *, *, #3342, .F. ) ;
#2573 = ORIENTED_EDGE ( 'NONE', *, *, #1697, .F. ) ;
#2574 = SURFACE_SIDE_STYLE ('',( #2308 ) ) ;
#2575 = DIRECTION ( 'NONE',  ( 0.000000000000000000, -0.7071067811865426878, 0.7071067811865524577 ) ) ;
#2576 = CARTESIAN_POINT ( 'NONE',  ( 1.750000000000011990, -17.68431457505076665, 8.999999999999998224 ) ) ;
#2577 = LINE ( 'NONE', #2329, #1673 ) ;
#2578 = ORIENTED_EDGE ( 'NONE', *, *, #1354, .T. ) ;
#2579 = EDGE_CURVE ( 'NONE', #1280, #821, #792, .T. ) ;
#2580 = EDGE_LOOP ( 'NONE', ( #781, #333, #536, #747, #3144 ) ) ;
#2581 = DIRECTION ( 'NONE',  ( 0.7071067811865507924, 0.000000000000000000, 0.7071067811865442421 ) ) ;
#2582 = VECTOR ( 'NONE', #427, 1000.000000000000000 ) ;
#2583 = DIRECTION ( 'NONE',  ( 0.000000000000000000, 0.7071067811865522357, 0.7071067811865426878 ) ) ;
#2584 = DIRECTION ( 'NONE',  ( -0.000000000000000000, 0.4818283590793211446, 0.8762656174853197255 ) ) ;
#2585 = EDGE_LOOP ( 'NONE', ( #1313, #2011, #898, #186, #1329, #1360 ) ) ;
#2586 = ORIENTED_EDGE ( 'NONE', *, *, #1174, .F. ) ;
#2587 = AXIS2_PLACEMENT_3D ( 'NONE', #2969, #1657, #560 ) ;
#2588 = CARTESIAN_POINT ( 'NONE',  ( 14.64999999999999503, -7.074390334558884774, 19.60992424049173977 ) ) ;
#2589 = LINE ( 'NONE', #2305, #2740 ) ;
#2590 = ORIENTED_EDGE ( 'NONE', *, *, #2217, .T. ) ;
#2591 = ADVANCED_FACE ( 'NONE', ( #1343, #3202 ), #2399, .F. ) ;
#2592 = VERTEX_POINT ( 'NONE', #3245 ) ;
#2593 = FILL_AREA_STYLE ('',( #1662 ) ) ;
#2594 = FACE_OUTER_BOUND ( 'NONE', #2455, .T. ) ;
#2595 = DIRECTION ( 'NONE',  ( 0.000000000000000000, -1.000000000000000000, 0.000000000000000000 ) ) ;
#2596 = CARTESIAN_POINT ( 'NONE',  ( -22.49999999999998934, 0.7500000000000006661, -8.250000000000000000 ) ) ;
#2597 = ORIENTED_EDGE ( 'NONE', *, *, #1880, .F. ) ;
#2598 = ORIENTED_EDGE ( 'NONE', *, *, #3108, .T. ) ;
#2599 = ADVANCED_FACE ( 'NONE', ( #836 ), #3476, .T. ) ;
#2600 = CARTESIAN_POINT ( 'NONE',  ( -2.499999999999988454, -11.75000000000000000, -22.00000000000000711 ) ) ;
#2601 = ORIENTED_EDGE ( 'NONE', *, *, #966, .F. ) ;
#2602 = ORIENTED_EDGE ( 'NONE', *, *, #2773, .F. ) ;
#2603 = AXIS2_PLACEMENT_3D ( 'NONE', #902, #127, #2033 ) ;
#2604 = CARTESIAN_POINT ( 'NONE',  ( -21.74999999999999645, 0.7500000000000006661, -9.000000000000001776 ) ) ;
#2605 = LINE ( 'NONE', #2354, #3285 ) ;
#2606 = VERTEX_POINT ( 'NONE', #2693 ) ;
#2607 = VECTOR ( 'NONE', #3340, 1000.000000000000000 ) ;
#2608 = ORIENTED_EDGE ( 'NONE', *, *, #334, .T. ) ;
#2609 =( NAMED_UNIT ( * ) PLANE_ANGLE_UNIT ( ) SI_UNIT ( $, .RADIAN. ) );
#2610 = CARTESIAN_POINT ( 'NONE',  ( -0.6594843508533897447, -19.40000000000000924, 1.277364398382808908 ) ) ;
#2611 = DIRECTION ( 'NONE',  ( 0.5773502691896292838, -0.5773502691896239547, 0.5773502691896239547 ) ) ;
#2612 = DIRECTION ( 'NONE',  ( 1.000000000000000000, -2.077733718875242515E-17, -4.622231866529364679E-33 ) ) ;
#2613 = EDGE_CURVE ( 'NONE', #2468, #1308, #2663, .T. ) ;
#2614 = ORIENTED_EDGE ( 'NONE', *, *, #1738, .F. ) ;
#2615 = CARTESIAN_POINT ( 'NONE',  ( 15.84999999999999609, -9.217157287525253651, 17.46715728752539576 ) ) ;
#2616 = EDGE_CURVE ( 'NONE', #2459, #2347, #1104, .T. ) ;
#2617 = EDGE_LOOP ( 'NONE', ( #1765, #905, #1036, #2979, #3291, #2224, #1675, #344 ) ) ;
#2618 = ORIENTED_EDGE ( 'NONE', *, *, #3318, .T. ) ;
#2619 = FACE_OUTER_BOUND ( 'NONE', #146, .T. ) ;
#2620 = DIRECTION ( 'NONE',  ( 2.688104559881415512E-17, 1.000000000000000000, 0.000000000000000000 ) ) ;
#2621 = EDGE_LOOP ( 'NONE', ( #2393, #1361, #1931, #1394 ) ) ;
#2622 = ADVANCED_FACE ( 'NONE', ( #1881, #541, #2678 ), #1914, .T. ) ;
#2623 = VECTOR ( 'NONE', #1613, 1000.000000000000000 ) ;
#2624 = ORIENTED_EDGE ( 'NONE', *, *, #510, .F. ) ;
#2625 = CARTESIAN_POINT ( 'NONE',  ( 2.500000000000011546, -15.55000000000000782, -11.00000000000000178 ) ) ;
#2626 = DIRECTION ( 'NONE',  ( 1.000000000000000000, -2.282530889443167392E-17, 0.000000000000000000 ) ) ;
#2627 = DIRECTION ( 'NONE',  ( 0.5773502691896239547, 0.5773502691896292838, -0.5773502691896239547 ) ) ;
#2628 = DIRECTION ( 'NONE',  ( 0.000000000000000000, 0.000000000000000000, 1.000000000000000000 ) ) ;
#2629 = VECTOR ( 'NONE', #1433, 1000.000000000000000 ) ;
#2630 = ORIENTED_EDGE ( 'NONE', *, *, #352, .T. ) ;
#2631 = CARTESIAN_POINT ( 'NONE',  ( 0.4000000000000110134, -9.500000000000007105, -33.00000000000000000 ) ) ;
#2632 = ADVANCED_FACE ( 'NONE', ( #40 ), #1389, .T. ) ;
#2633 = ORIENTED_EDGE ( 'NONE', *, *, #754, .F. ) ;
#2634 = ORIENTED_EDGE ( 'NONE', *, *, #1035, .T. ) ;
#2635 = ADVANCED_FACE ( 'NONE', ( #2413 ), #1123, .F. ) ;
#2636 = CARTESIAN_POINT ( 'NONE',  ( -5.348127437391596766E-16, -7.357233047033502338, 19.89276695296635822 ) ) ;
#2637 = FACE_OUTER_BOUND ( 'NONE', #3077, .T. ) ;
#2638 = ORIENTED_EDGE ( 'NONE', *, *, #2125, .T. ) ;
#2639 = CIRCLE ( 'NONE', #1126, 9.521134568734089143 ) ;
#2640 = EDGE_CURVE ( 'NONE', #2508, #1007, #1370, .T. ) ;
#2641 = CARTESIAN_POINT ( 'NONE',  ( 22.50000000000001066, 0.7500000000000006661, 8.250000000000003553 ) ) ;
#2642 = CARTESIAN_POINT ( 'NONE',  ( 1.127570259384924611E-14, -10.00000000000000000, 0.9999999999999974465 ) ) ;
#2643 = CARTESIAN_POINT ( 'NONE',  ( -2.499999999999988454, -11.75000000000000000, 0.9999999999999976685 ) ) ;
#2644 = DIRECTION ( 'NONE',  ( -1.000000000000000000, 0.000000000000000000, 0.000000000000000000 ) ) ;
#2645 = LINE ( 'NONE', #1585, #2850 ) ;
#2646 = ORIENTED_EDGE ( 'NONE', *, *, #539, .F. ) ;
#2647 = DIRECTION ( 'NONE',  ( 0.000000000000000000, -0.7071067811865526798, -0.7071067811865422437 ) ) ;
#2648 = EDGE_CURVE ( 'NONE', #3204, #1161, #23, .T. ) ;
#2649 = LINE ( 'NONE', #2636, #1967 ) ;
#2650 = CARTESIAN_POINT ( 'NONE',  ( -15.84999999999999609, -13.34215728752526253, 13.34215728752544372 ) ) ;
#2651 = EDGE_LOOP ( 'NONE', ( #1543, #1198, #3286, #173 ) ) ;
#2652 = VERTEX_POINT ( 'NONE', #2384 ) ;
#2653 = ORIENTED_EDGE ( 'NONE', *, *, #1632, .F. ) ;
#2654 = DIRECTION ( 'NONE',  ( 0.000000000000000000, 1.000000000000000000, 0.000000000000000000 ) ) ;
#2655 = FACE_OUTER_BOUND ( 'NONE', #3056, .T. ) ;
#2656 = DIRECTION ( 'NONE',  ( 0.000000000000000000, -0.7071067811865522357, -0.7071067811865426878 ) ) ;
#2657 = CARTESIAN_POINT ( 'NONE',  ( 0.4000000000000114575, -5.045227278524780701, -37.45477272147527259 ) ) ;
#2658 = VERTEX_POINT ( 'NONE', #2998 ) ;
#2659 = FACE_OUTER_BOUND ( 'NONE', #718, .T. ) ;
#2660 = ADVANCED_FACE ( 'NONE', ( #1899 ), #588, .F. ) ;
#2661 = AXIS2_PLACEMENT_3D ( 'NONE', #567, #2212, #1435 ) ;
#2662 = AXIS2_PLACEMENT_3D ( 'NONE', #3151, #993, #763 ) ;
#2663 = LINE ( 'NONE', #3215, #964 ) ;
#2664 = DIRECTION ( 'NONE',  ( 0.5773502691896221783, -0.5773502691896275074, -0.5773502691896275074 ) ) ;
#2665 = ORIENTED_EDGE ( 'NONE', *, *, #2036, .F. ) ;
#2666 = ORIENTED_EDGE ( 'NONE', *, *, #1310, .F. ) ;
#2667 = LINE ( 'NONE', #265, #598 ) ;
#2668 = CARTESIAN_POINT ( 'NONE',  ( -2.499999999999986233, -18.25000000000000000, -40.25000000000000711 ) ) ;
#2669 = FACE_BOUND ( 'NONE', #2903, .T. ) ;
#2670 = EDGE_CURVE ( 'NONE', #3429, #1952, #2483, .T. ) ;
#2671 = DIRECTION ( 'NONE',  ( 1.000000000000000000, -2.282530889443167700E-17, -0.000000000000000000 ) ) ;
#2672 = VECTOR ( 'NONE', #2258, 1000.000000000000000 ) ;
#2673 = VERTEX_POINT ( 'NONE', #1218 ) ;
#2674 = VECTOR ( 'NONE', #3274, 1000.000000000000000 ) ;
#2675 = VECTOR ( 'NONE', #2205, 1000.000000000000000 ) ;
#2676 = PLANE ( 'NONE',  #2339 ) ;
#2677 = EDGE_CURVE ( 'NONE', #79, #2004, #1964, .T. ) ;
#2678 = FACE_OUTER_BOUND ( 'NONE', #2054, .T. ) ;
#2679 = DIRECTION ( 'NONE',  ( -0.000000000000000000, 1.000000000000000000, -0.000000000000000000 ) ) ;
#2680 = ORIENTED_EDGE ( 'NONE', *, *, #367, .T. ) ;
#2681 = EDGE_LOOP ( 'NONE', ( #957, #477 ) ) ;
#2682 = LINE ( 'NONE', #810, #2499 ) ;
#2683 = DIRECTION ( 'NONE',  ( -0.5773502691896319483, -0.5773502691896266192, -0.5773502691896187367 ) ) ;
#2684 = CYLINDRICAL_SURFACE ( 'NONE', #1391, 9.521134568734089143 ) ;
#2685 = CARTESIAN_POINT ( 'NONE',  ( -14.64999999999999503, -13.62499999999988098, 13.62500000000006395 ) ) ;
#2686 = EDGE_LOOP ( 'NONE', ( #2053, #207, #1402, #1012 ) ) ;
#2687 = EDGE_CURVE ( 'NONE', #3258, #1345, #1687, .T. ) ;
#2688 = AXIS2_PLACEMENT_3D ( 'NONE', #115, #947, #1500 ) ;
#2689 = DIRECTION ( 'NONE',  ( -1.880790961315659671E-33, -0.7071067811865524577, -0.7071067811865426878 ) ) ;
#2690 = VECTOR ( 'NONE', #380, 1000.000000000000000 ) ;
#2691 = EDGE_CURVE ( 'NONE', #814, #3294, #3362, .T. ) ;
#2692 = VECTOR ( 'NONE', #935, 1000.000000000000114 ) ;
#2693 = CARTESIAN_POINT ( 'NONE',  ( 14.64999999999999503, -9.499999999999872102, 17.75000000000001421 ) ) ;
#2694 = LINE ( 'NONE', #289, #1834 ) ;
#2695 = EDGE_LOOP ( 'NONE', ( #958, #1261, #2155, #1724 ) ) ;
#2696 = VERTEX_POINT ( 'NONE', #666 ) ;
#2697 = CARTESIAN_POINT ( 'NONE',  ( 19.50000000000000000, 3.999999999999991562, 6.249999999999997335 ) ) ;
#2698 = CARTESIAN_POINT ( 'NONE',  ( -5.348127437391596766E-16, -8.749999999999875655, 18.50000000000000355 ) ) ;
#2699 = CARTESIAN_POINT ( 'NONE',  ( 0.6594843508533847487, -13.62499999999988098, 13.62500000000006395 ) ) ;
#2700 = CARTESIAN_POINT ( 'NONE',  ( -5.348127437391596766E-16, -8.749999999999875655, 18.50000000000000355 ) ) ;
#2701 = VERTEX_POINT ( 'NONE', #1423 ) ;
#2702 = VECTOR ( 'NONE', #637, 1000.000000000000000 ) ;
#2703 = AXIS2_PLACEMENT_3D ( 'NONE', #580, #1659, #3196 ) ;
#2704 = DIRECTION ( 'NONE',  ( -2.775557561562891043E-17, -0.7071067811865427988, 0.7071067811865523467 ) ) ;
#2705 = EDGE_CURVE ( 'NONE', #2037, #3258, #75, .T. ) ;
#2706 = VERTEX_POINT ( 'NONE', #2278 ) ;
#2707 = CIRCLE ( 'NONE', #2223, 2.999999999999999112 ) ;
#2708 = EDGE_CURVE ( 'NONE', #970, #167, #2540, .T. ) ;
#2709 = EDGE_CURVE ( 'NONE', #1458, #690, #1743, .T. ) ;
#2710 = ORIENTED_EDGE ( 'NONE', *, *, #949, .F. ) ;
#2711 = DIRECTION ( 'NONE',  ( 1.141265444721583757E-16, -1.000000000000000000, 0.000000000000000000 ) ) ;
#2712 = DIRECTION ( 'NONE',  ( 1.000000000000000000, 0.000000000000000000, -0.000000000000000000 ) ) ;
#2713 = EDGE_CURVE ( 'NONE', #137, #2900, #2803, .T. ) ;
#2714 = EDGE_LOOP ( 'NONE', ( #1287, #1242, #937, #965 ) ) ;
#2715 = AXIS2_PLACEMENT_3D ( 'NONE', #3187, #779, #2919 ) ;
#2716 = ORIENTED_EDGE ( 'NONE', *, *, #1697, .T. ) ;
#2717 = VECTOR ( 'NONE', #1668, 1000.000000000000000 ) ;
#2718 = ADVANCED_BREP_SHAPE_REPRESENTATION ( 'Brush Holder rev2', ( #3217, #3070 ), #3011 ) ;
#2719 = LINE ( 'NONE', #857, #723 ) ;
#2720 = CARTESIAN_POINT ( 'NONE',  ( -19.50000000000000000, 12.50000000000000000, -5.412337245047638135E-15 ) ) ;
#2721 = DIRECTION ( 'NONE',  ( 2.688104559881415512E-17, 1.000000000000000000, 0.000000000000000000 ) ) ;
#2722 = ORIENTED_EDGE ( 'NONE', *, *, #3, .T. ) ;
#2723 = CARTESIAN_POINT ( 'NONE',  ( -14.64999999999999503, -7.074390334558885662, 19.60992424049173977 ) ) ;
#2724 = DIRECTION ( 'NONE',  ( 0.000000000000000000, 1.000000000000000000, -0.000000000000000000 ) ) ;
#2725 = ORIENTED_EDGE ( 'NONE', *, *, #2936, .T. ) ;
#2726 = VERTEX_POINT ( 'NONE', #873 ) ;
#2727 = VECTOR ( 'NONE', #1568, 1000.000000000000114 ) ;
#2728 = CIRCLE ( 'NONE', #883, 2.999999999999999112 ) ;
#2729 = EDGE_CURVE ( 'NONE', #1952, #1469, #950, .T. ) ;
#2730 = CARTESIAN_POINT ( 'NONE',  ( -3.833333333333282855, -6.333333333333293069, -46.58333333333335702 ) ) ;
#2731 = CARTESIAN_POINT ( 'NONE',  ( -18.99999999999997513, 15.24999999999998579, -5.500000000000022204 ) ) ;
#2732 = CARTESIAN_POINT ( 'NONE',  ( -28.24999999999996803, 6.500000000000035527, -2.499999999999965805 ) ) ;
#2733 = ORIENTED_EDGE ( 'NONE', *, *, #626, .F. ) ;
#2734 = ORIENTED_EDGE ( 'NONE', *, *, #758, .F. ) ;
#2735 = EDGE_CURVE ( 'NONE', #2756, #2606, #3301, .T. ) ;
#2736 = PLANE ( 'NONE',  #263 ) ;
#2737 = CARTESIAN_POINT ( 'NONE',  ( 0.4000000000000110134, -9.500000000000007105, -11.00000000000000178 ) ) ;
#2738 = PLANE ( 'NONE',  #2871 ) ;
#2739 = ORIENTED_EDGE ( 'NONE', *, *, #1574, .T. ) ;
#2740 = VECTOR ( 'NONE', #184, 1000.000000000000000 ) ;
#2741 = CARTESIAN_POINT ( 'NONE',  ( 0.4000000000000114575, -6.584938427570168784, -16.30140698578621894 ) ) ;
#2742 = CARTESIAN_POINT ( 'NONE',  ( 22.50000000000001066, 4.000000000000000000, 8.250000000000003553 ) ) ;
#2743 = ORIENTED_EDGE ( 'NONE', *, *, #1116, .T. ) ;
#2744 = VECTOR ( 'NONE', #2683, 1000.000000000000000 ) ;
#2745 = DIRECTION ( 'NONE',  ( 0.000000000000000000, 1.000000000000000000, 0.000000000000000000 ) ) ;
#2746 = DIRECTION ( 'NONE',  ( 1.000000000000000000, -1.962615573354704784E-17, 1.962615573354731593E-17 ) ) ;
#2747 = CARTESIAN_POINT ( 'NONE',  ( -21.74999999999998934, 12.50000000000000000, 8.250000000000003553 ) ) ;
#2748 = LINE ( 'NONE', #3264, #2324 ) ;
#2749 = VERTEX_POINT ( 'NONE', #1196 ) ;
#2750 = EDGE_CURVE ( 'NONE', #2274, #1166, #2478, .T. ) ;
#2751 = ORIENTED_EDGE ( 'NONE', *, *, #3354, .T. ) ;
#2752 = CARTESIAN_POINT ( 'NONE',  ( 2.500000000000011546, -19.00000000000000000, -40.25000000000000711 ) ) ;
#2753 = DIRECTION ( 'NONE',  ( 2.282530889443181567E-17, 1.000000000000000000, 0.000000000000000000 ) ) ;
#2754 = DIRECTION ( 'NONE',  ( 1.000000000000000000, -2.077733718875242515E-17, -4.622231866529364679E-33 ) ) ;
#2755 = EDGE_CURVE ( 'NONE', #725, #1166, #3035, .T. ) ;
#2756 = VERTEX_POINT ( 'NONE', #929 ) ;
#2757 = DIRECTION ( 'NONE',  ( 1.000000000000000000, 0.000000000000000000, -0.000000000000000000 ) ) ;
#2758 = CARTESIAN_POINT ( 'NONE',  ( 15.84999999999999609, -13.34215728752526253, 13.34215728752544372 ) ) ;
#2759 = CARTESIAN_POINT ( 'NONE',  ( -22.49999999999998934, -8.250000000000000000, 0.9999999999999974465 ) ) ;
#2760 = ORIENTED_EDGE ( 'NONE', *, *, #3455, .T. ) ;
#2761 = CARTESIAN_POINT ( 'NONE',  ( 21.75000000000001066, 0.7500000000000036637, 8.999999999999998224 ) ) ;
#2762 = EDGE_CURVE ( 'NONE', #1785, #1008, #1980, .T. ) ;
#2763 = VECTOR ( 'NONE', #1793, 1000.000000000000114 ) ;
#2764 = CARTESIAN_POINT ( 'NONE',  ( -0.6594843508533897447, -25.35265141463558436, 1.897348585364517337 ) ) ;
#2765 = CARTESIAN_POINT ( 'NONE',  ( 8.673617379884035472E-15, -37.38999422927292926, -10.70567965422188905 ) ) ;
#2766 = CARTESIAN_POINT ( 'NONE',  ( -15.84999999999999609, -10.60992424049164562, 16.07439033455902688 ) ) ;
#2767 = ORIENTED_EDGE ( 'NONE', *, *, #3200, .T. ) ;
#2768 = ORIENTED_EDGE ( 'NONE', *, *, #3357, .T. ) ;
#2769 = PLANE ( 'NONE',  #1538 ) ;
#2770 = FACE_OUTER_BOUND ( 'NONE', #3096, .T. ) ;
#2771 = CARTESIAN_POINT ( 'NONE',  ( -22.49999999999998934, -11.75000000000000000, 0.9999999999999976685 ) ) ;
#2772 = ORIENTED_EDGE ( 'NONE', *, *, #900, .T. ) ;
#2773 = EDGE_CURVE ( 'NONE', #1700, #794, #3320, .T. ) ;
#2774 = VERTEX_POINT ( 'NONE', #3054 ) ;
#2775 = CARTESIAN_POINT ( 'NONE',  ( 21.75000000000001066, 14.91200903826846336, -5.162009038268654315 ) ) ;
#2776 = CARTESIAN_POINT ( 'NONE',  ( 0.6594843508536224475, -19.40000000000000213, 1.277364398382798250 ) ) ;
#2777 = CARTESIAN_POINT ( 'NONE',  ( 21.75000000000001066, 11.75000000000000711, -9.000000000000001776 ) ) ;
#2778 = ORIENTED_EDGE ( 'NONE', *, *, #3243, .T. ) ;
#2779 = ADVANCED_FACE ( 'NONE', ( #1722 ), #2784, .T. ) ;
#2780 = PLANE ( 'NONE',  #2297 ) ;
#2781 = VECTOR ( 'NONE', #2364, 1000.000000000000000 ) ;
#2782 = LINE ( 'NONE', #644, #2690 ) ;
#2783 = AXIS2_PLACEMENT_3D ( 'NONE', #204, #749, #3453 ) ;
#2784 = PLANE ( 'NONE',  #2198 ) ;
#2785 = DIRECTION ( 'NONE',  ( -1.000000000000000000, 0.000000000000000000, 0.000000000000000000 ) ) ;
#2786 = VECTOR ( 'NONE', #2627, 1000.000000000000000 ) ;
#2787 = ORIENTED_EDGE ( 'NONE', *, *, #632, .F. ) ;
#2788 = ORIENTED_EDGE ( 'NONE', *, *, #379, .T. ) ;
#2789 = DIRECTION ( 'NONE',  ( 1.000000000000000000, -0.000000000000000000, 0.000000000000000000 ) ) ;
#2790 = FACE_OUTER_BOUND ( 'NONE', #3388, .T. ) ;
#2791 = DIRECTION ( 'NONE',  ( -1.000000000000000000, 4.081702296416016490E-16, 1.334402673828312846E-16 ) ) ;
#2792 = EDGE_LOOP ( 'NONE', ( #2962, #2092 ) ) ;
#2793 = ORIENTED_EDGE ( 'NONE', *, *, #2811, .F. ) ;
#2794 = CARTESIAN_POINT ( 'NONE',  ( -2.249999999999992450, -0.5000000000000004441, -40.50000000000000711 ) ) ;
#2795 = LINE ( 'NONE', #3102, #1201 ) ;
#2796 = CARTESIAN_POINT ( 'NONE',  ( 4.415724992891725265, -11.12393675358602607, 15.56037782146465176 ) ) ;
#2797 = EDGE_CURVE ( 'NONE', #2320, #687, #2002, .T. ) ;
#2798 = ORIENTED_EDGE ( 'NONE', *, *, #746, .T. ) ;
#2799 = PLANE ( 'NONE',  #3025 ) ;
#2800 = ADVANCED_FACE ( 'NONE', ( #2544 ), #2023, .F. ) ;
#2801 = AXIS2_PLACEMENT_3D ( 'NONE', #1651, #306, #2980 ) ;
#2802 = DIRECTION ( 'NONE',  ( 0.000000000000000000, -0.7071067811865442421, 0.7071067811865509034 ) ) ;
#2803 = LINE ( 'NONE', #3339, #2883 ) ;
#2804 = LINE ( 'NONE', #3036, #3173 ) ;
#2805 = ORIENTED_EDGE ( 'NONE', *, *, #822, .F. ) ;
#2806 = ORIENTED_EDGE ( 'NONE', *, *, #1310, .T. ) ;
#2807 = DIRECTION ( 'NONE',  ( 1.000000000000000000, 0.000000000000000000, -0.000000000000000000 ) ) ;
#2808 = LINE ( 'NONE', #1508, #1685 ) ;
#2809 = DIRECTION ( 'NONE',  ( 0.000000000000000000, 0.000000000000000000, -1.000000000000000000 ) ) ;
#2810 = ORIENTED_EDGE ( 'NONE', *, *, #1476, .F. ) ;
#2811 = EDGE_CURVE ( 'NONE', #759, #1351, #1406, .T. ) ;
#2812 = EDGE_LOOP ( 'NONE', ( #3050, #118, #1706 ) ) ;
#2813 = CARTESIAN_POINT ( 'NONE',  ( 8.673617379884035472E-15, -37.67283694174754771, -10.42283694174726882 ) ) ;
#2814 = DIRECTION ( 'NONE',  ( -1.000000000000000000, -1.141265444721583757E-16, 0.000000000000000000 ) ) ;
#2815 = LINE ( 'NONE', #339, #2763 ) ;
#2816 = FACE_OUTER_BOUND ( 'NONE', #3343, .T. ) ;
#2817 = ORIENTED_EDGE ( 'NONE', *, *, #3138, .F. ) ;
#2818 = CARTESIAN_POINT ( 'NONE',  ( -21.16666666666665364, 1.333333333333353909, -9.583333333333348136 ) ) ;
#2819 = VECTOR ( 'NONE', #1761, 1000.000000000000000 ) ;
#2820 = EDGE_CURVE ( 'NONE', #544, #2107, #2563, .T. ) ;
#2821 = DIRECTION ( 'NONE',  ( 0.000000000000000000, 0.000000000000000000, -1.000000000000000000 ) ) ;
#2822 = CARTESIAN_POINT ( 'NONE',  ( -2.499999999999988454, -8.250000000000000000, 0.9999999999999974465 ) ) ;
#2823 = DIRECTION ( 'NONE',  ( 0.000000000000000000, 0.000000000000000000, 1.000000000000000000 ) ) ;
#2824 = VERTEX_POINT ( 'NONE', #2822 ) ;
#2825 = ORIENTED_EDGE ( 'NONE', *, *, #2978, .F. ) ;
#2826 = EDGE_CURVE ( 'NONE', #1737, #3043, #85, .T. ) ;
#2827 = FACE_OUTER_BOUND ( 'NONE', #3114, .T. ) ;
#2828 = CARTESIAN_POINT ( 'NONE',  ( 22.50000000000001066, 11.75000000000000711, 8.250000000000003553 ) ) ;
#2829 = VECTOR ( 'NONE', #274, 1000.000000000000000 ) ;
#2830 = ORIENTED_EDGE ( 'NONE', *, *, #1074, .T. ) ;
#2831 = EDGE_CURVE ( 'NONE', #3258, #1653, #2555, .T. ) ;
#2832 = EDGE_LOOP ( 'NONE', ( #732, #726, #66, #472 ) ) ;
#2833 = FACE_OUTER_BOUND ( 'NONE', #2142, .T. ) ;
#2834 = CARTESIAN_POINT ( 'NONE',  ( -2.499999999999988454, -10.00000000000000000, -22.00000000000000711 ) ) ;
#2835 = CARTESIAN_POINT ( 'NONE',  ( -1.749999999999987566, 0.000000000000000000, -40.25000000000000711 ) ) ;
#2836 = CARTESIAN_POINT ( 'NONE',  ( -2.499999999999986233, -19.00000000000000000, -40.25000000000000711 ) ) ;
#2837 = ORIENTED_EDGE ( 'NONE', *, *, #1716, .T. ) ;
#2838 = VECTOR ( 'NONE', #86, 1000.000000000000000 ) ;
#2839 = AXIS2_PLACEMENT_3D ( 'NONE', #232, #745, #1822 ) ;
#2840 = ORIENTED_EDGE ( 'NONE', *, *, #3185, .T. ) ;
#2841 = FACE_OUTER_BOUND ( 'NONE', #489, .T. ) ;
#2842 = CARTESIAN_POINT ( 'NONE',  ( 8.340016711426955288E-16, 12.50000000000000000, 6.250000000000000000 ) ) ;
#2843 = CARTESIAN_POINT ( 'NONE',  ( -1.749999999999987566, 0.000000000000000000, -41.00000000000000711 ) ) ;
#2844 = ORIENTED_EDGE ( 'NONE', *, *, #1478, .F. ) ;
#2845 = CIRCLE ( 'NONE', #659, 9.521134568734089143 ) ;
#2846 = ORIENTED_EDGE ( 'NONE', *, *, #1649, .F. ) ;
#2847 = EDGE_CURVE ( 'NONE', #421, #1119, #3065, .T. ) ;
#2848 = VECTOR ( 'NONE', #2909, 1000.000000000000114 ) ;
#2849 = VECTOR ( 'NONE', #3209, 999.9999999999998863 ) ;
#2850 = VECTOR ( 'NONE', #1320, 1000.000000000000114 ) ;
#2851 = FACE_OUTER_BOUND ( 'NONE', #3137, .T. ) ;
#2852 = DIRECTION ( 'NONE',  ( 1.613993070193032464E-17, 0.7071067811865507924, 0.7071067811865441310 ) ) ;
#2853 = EDGE_LOOP ( 'NONE', ( #2614, #182, #1974, #1925, #391, #262, #2863, #711 ) ) ;
#2854 = EDGE_CURVE ( 'NONE', #3294, #2320, #1250, .T. ) ;
#2855 = ORIENTED_EDGE ( 'NONE', *, *, #1237, .F. ) ;
#2856 = CARTESIAN_POINT ( 'NONE',  ( 2.500000000000011546, -3.450000000000005951, -11.00000000000000178 ) ) ;
#2857 = DIRECTION ( 'NONE',  ( 2.282530889443167392E-17, 1.000000000000000000, 0.000000000000000000 ) ) ;
#2858 = CARTESIAN_POINT ( 'NONE',  ( 0.6594843508533969612, -39.95185267452934852, -13.26753809947826745 ) ) ;
#2859 = CARTESIAN_POINT ( 'NONE',  ( 0.4000000000000114575, -4.198593014213822805, -35.91506157242989161 ) ) ;
#2860 = ORIENTED_EDGE ( 'NONE', *, *, #2735, .T. ) ;
#2861 = ORIENTED_EDGE ( 'NONE', *, *, #2677, .F. ) ;
#2862 = FACE_OUTER_BOUND ( 'NONE', #1152, .T. ) ;
#2863 = ORIENTED_EDGE ( 'NONE', *, *, #2243, .F. ) ;
#2864 = VERTEX_POINT ( 'NONE', #351 ) ;
#2865 = VECTOR ( 'NONE', #3110, 1000.000000000000000 ) ;
#2866 = VECTOR ( 'NONE', #445, 1000.000000000000000 ) ;
#2867 = FACE_OUTER_BOUND ( 'NONE', #1592, .T. ) ;
#2868 = CARTESIAN_POINT ( 'NONE',  ( -22.49999999999998934, -8.250000000000000000, -22.00000000000000711 ) ) ;
#2869 = EDGE_CURVE ( 'NONE', #1653, #308, #2795, .T. ) ;
#2870 = ORIENTED_EDGE ( 'NONE', *, *, #264, .F. ) ;
#2871 = AXIS2_PLACEMENT_3D ( 'NONE', #332, #65, #3061 ) ;
#2872 = VERTEX_POINT ( 'NONE', #3389 ) ;
#2873 = CARTESIAN_POINT ( 'NONE',  ( 18.99999999999999645, 15.24999999999998579, -5.500000000000022204 ) ) ;
#2874 = DIRECTION ( 'NONE',  ( 0.000000000000000000, 0.000000000000000000, 1.000000000000000000 ) ) ;
#2875 = CYLINDRICAL_SURFACE ( 'NONE', #3134, 9.521134568734085590 ) ;
#2876 = EDGE_CURVE ( 'NONE', #3043, #1108, #3046, .T. ) ;
#2877 = LINE ( 'NONE', #471, #3013 ) ;
#2878 = ORIENTED_EDGE ( 'NONE', *, *, #2449, .T. ) ;
#2879 = CARTESIAN_POINT ( 'NONE',  ( -22.49999999999998934, 0.7500000000000006661, 8.250000000000003553 ) ) ;
#2880 = EDGE_CURVE ( 'NONE', #875, #1212, #1715, .T. ) ;
#2881 = ORIENTED_EDGE ( 'NONE', *, *, #1225, .T. ) ;
#2882 = ORIENTED_EDGE ( 'NONE', *, *, #2847, .F. ) ;
#2883 = VECTOR ( 'NONE', #399, 1000.000000000000114 ) ;
#2884 = AXIS2_PLACEMENT_3D ( 'NONE', #16, #1098, #2435 ) ;
#2885 = DIRECTION ( 'NONE',  ( -2.301999223959957278E-16, 1.000000000000000000, 0.000000000000000000 ) ) ;
#2886 = CARTESIAN_POINT ( 'NONE',  ( 0.000000000000000000, 12.50000000000000000, -8.250000000000007105 ) ) ;
#2887 = ORIENTED_EDGE ( 'NONE', *, *, #3232, .F. ) ;
#2888 = VECTOR ( 'NONE', #909, 1000.000000000000000 ) ;
#2889 = VERTEX_POINT ( 'NONE', #2776 ) ;
#2890 = DIRECTION ( 'NONE',  ( 0.7071067811865442421, 0.000000000000000000, -0.7071067811865509034 ) ) ;
#2891 = CARTESIAN_POINT ( 'NONE',  ( -5.348127437391596766E-16, -13.34215728752526253, 13.34215728752544372 ) ) ;
#2892 = DIRECTION ( 'NONE',  ( 2.077733718875242515E-17, 1.000000000000000000, 0.000000000000000000 ) ) ;
#2893 = DIRECTION ( 'NONE',  ( -2.282530889443167392E-17, -1.000000000000000000, 0.000000000000000000 ) ) ;
#2894 = ORIENTED_EDGE ( 'NONE', *, *, #803, .F. ) ;
#2895 = EDGE_CURVE ( 'NONE', #3101, #1025, #2255, .T. ) ;
#2896 = FACE_OUTER_BOUND ( 'NONE', #953, .T. ) ;
#2897 = AXIS2_PLACEMENT_3D ( 'NONE', #3436, #1030, #1913 ) ;
#2898 = ADVANCED_FACE ( 'NONE', ( #2291, #410 ), #1229, .T. ) ;
#2899 = ORIENTED_EDGE ( 'NONE', *, *, #3260, .F. ) ;
#2900 = VERTEX_POINT ( 'NONE', #1735 ) ;
#2901 = PLANE ( 'NONE',  #1912 ) ;
#2902 = DIRECTION ( 'NONE',  ( 1.000000000000000000, -2.282530889443167700E-17, 0.000000000000000000 ) ) ;
#2903 = EDGE_LOOP ( 'NONE', ( #2013, #225 ) ) ;
#2904 = VECTOR ( 'NONE', #3220, 1000.000000000000114 ) ;
#2905 = VECTOR ( 'NONE', #1285, 1000.000000000000114 ) ;
#2906 = VECTOR ( 'NONE', #487, 1000.000000000000000 ) ;
#2907 = DIRECTION ( 'NONE',  ( 0.000000000000000000, 0.000000000000000000, 1.000000000000000000 ) ) ;
#2908 = DIRECTION ( 'NONE',  ( 0.000000000000000000, -1.000000000000000000, 0.000000000000000000 ) ) ;
#2909 = DIRECTION ( 'NONE',  ( -3.255518523096488954E-16, 0.7071067811865522357, 0.7071067811865426878 ) ) ;
#2910 = LINE ( 'NONE', #1609, #2122 ) ;
#2911 = CARTESIAN_POINT ( 'NONE',  ( -2.499999999999988454, 0.000000000000000000, -41.00000000000000711 ) ) ;
#2912 = VERTEX_POINT ( 'NONE', #3331 ) ;
#2913 = LINE ( 'NONE', #2380, #2066 ) ;
#2914 = ADVANCED_FACE ( 'NONE', ( #1455 ), #1493, .F. ) ;
#2915 = EDGE_CURVE ( 'NONE', #690, #1593, #675, .T. ) ;
#2916 = VERTEX_POINT ( 'NONE', #1170 ) ;
#2917 = VECTOR ( 'NONE', #664, 1000.000000000000000 ) ;
#2918 = PLANE ( 'NONE',  #899 ) ;
#2919 = DIRECTION ( 'NONE',  ( 0.000000000000000000, 1.000000000000000000, 0.000000000000000000 ) ) ;
#2920 = ORIENTED_EDGE ( 'NONE', *, *, #605, .F. ) ;
#2921 = ORIENTED_EDGE ( 'NONE', *, *, #510, .T. ) ;
#2922 = VECTOR ( 'NONE', #2946, 1000.000000000000000 ) ;
#2923 = CARTESIAN_POINT ( 'NONE',  ( -14.64999999999999503, -10.60992424049164562, 16.07439033455902688 ) ) ;
#2924 = CARTESIAN_POINT ( 'NONE',  ( -22.49999999999998934, 4.000000000000000000, 8.250000000000003553 ) ) ;
#2925 = PLANE ( 'NONE',  #3241 ) ;
#2926 = FACE_OUTER_BOUND ( 'NONE', #1192, .T. ) ;
#2927 = LINE ( 'NONE', #2700, #3049 ) ;
#2928 = EDGE_CURVE ( 'NONE', #3179, #3429, #1773, .T. ) ;
#2929 = EDGE_LOOP ( 'NONE', ( #2119, #218, #3430, #772, #2965 ) ) ;
#2930 = CARTESIAN_POINT ( 'NONE',  ( 2.125000000000011102, -0.3749999999999994449, -40.62500000000000711 ) ) ;
#2931 = EDGE_CURVE ( 'NONE', #1705, #3156, #3167, .T. ) ;
#2932 = DIRECTION ( 'NONE',  ( 2.282530889443181567E-17, 1.000000000000000000, 0.000000000000000000 ) ) ;
#2933 = LINE ( 'NONE', #528, #1331 ) ;
#2934 = EDGE_LOOP ( 'NONE', ( #945, #767, #276, #557 ) ) ;
#2935 = VERTEX_POINT ( 'NONE', #657 ) ;
#2936 = EDGE_CURVE ( 'NONE', #2864, #320, #1143, .T. ) ;
#2937 = AXIS2_PLACEMENT_3D ( 'NONE', #3085, #2251, #2494 ) ;
#2938 = DIRECTION ( 'NONE',  ( -0.000000000000000000, -0.7071067811865509034, -0.7071067811865442421 ) ) ;
#2939 = LINE ( 'NONE', #827, #1341 ) ;
#2940 = CARTESIAN_POINT ( 'NONE',  ( 2.500000000000011546, 0.000000000000000000, 8.250000000000003553 ) ) ;
#2941 = CARTESIAN_POINT ( 'NONE',  ( -5.348127437391595780E-16, -43.25000000000001421, -15.99999999999966782 ) ) ;
#2942 = ORIENTED_EDGE ( 'NONE', *, *, #1510, .F. ) ;
#2943 = VECTOR ( 'NONE', #2034, 1000.000000000000000 ) ;
#2944 = CARTESIAN_POINT ( 'NONE',  ( 2.500000000000011546, -5.045227278524780701, -37.45477272147527259 ) ) ;
#2945 = VECTOR ( 'NONE', #1924, 1000.000000000000000 ) ;
#2946 = DIRECTION ( 'NONE',  ( -0.5773502691896292838, -0.5773502691896239547, -0.5773502691896239547 ) ) ;
#2947 = PLANE ( 'NONE',  #1047 ) ;
#2948 = EDGE_LOOP ( 'NONE', ( #848, #3414 ) ) ;
#2949 = ADVANCED_FACE ( 'NONE', ( #1472 ), #978, .T. ) ;
#2950 = ORIENTED_EDGE ( 'NONE', *, *, #2412, .F. ) ;
#2951 = CARTESIAN_POINT ( 'NONE',  ( -5.348127437391596766E-16, -8.749999999999875655, 18.50000000000000355 ) ) ;
#2952 = CARTESIAN_POINT ( 'NONE',  ( -5.348127437391596766E-16, -10.60992424049164562, 16.07439033455902688 ) ) ;
#2953 = CARTESIAN_POINT ( 'NONE',  ( 0.4000000000000111799, -3.450000000000005951, -11.00000000000000178 ) ) ;
#2954 = DIRECTION ( 'NONE',  ( 0.5773502691896280625, -0.5773502691896286176, -0.5773502691896207351 ) ) ;
#2955 = EDGE_CURVE ( 'NONE', #1255, #1993, #3352, .T. ) ;
#2956 = CIRCLE ( 'NONE', #1896, 1.750000000000000000 ) ;
#2957 = VECTOR ( 'NONE', #2331, 1000.000000000000000 ) ;
#2958 = ORIENTED_EDGE ( 'NONE', *, *, #1421, .F. ) ;
#2959 = AXIS2_PLACEMENT_3D ( 'NONE', #1714, #618, #318 ) ;
#2960 = VECTOR ( 'NONE', #1378, 1000.000000000000114 ) ;
#2961 = LINE ( 'NONE', #1894, #1726 ) ;
#2962 = ORIENTED_EDGE ( 'NONE', *, *, #2936, .F. ) ;
#2963 = CARTESIAN_POINT ( 'NONE',  ( 14.64999999999999503, -13.34215728752526253, 13.34215728752544372 ) ) ;
#2964 = PLANE ( 'NONE',  #1710 ) ;
#2965 = ORIENTED_EDGE ( 'NONE', *, *, #2449, .F. ) ;
#2966 = VERTEX_POINT ( 'NONE', #3120 ) ;
#2967 = EDGE_CURVE ( 'NONE', #2467, #3294, #715, .T. ) ;
#2968 = DIRECTION ( 'NONE',  ( 1.000000000000000000, -1.962615573354704784E-17, 1.962615573354731593E-17 ) ) ;
#2969 = CARTESIAN_POINT ( 'NONE',  ( -22.49999999999998934, -10.00000000000000000, -22.00000000000000711 ) ) ;
#2970 = FACE_OUTER_BOUND ( 'NONE', #2934, .T. ) ;
#2971 = DIRECTION ( 'NONE',  ( -1.000000000000000000, -1.141265444721583757E-16, 0.000000000000000000 ) ) ;
#2972 = VERTEX_POINT ( 'NONE', #237 ) ;
#2973 = AXIS2_PLACEMENT_3D ( 'NONE', #3385, #1526, #2336 ) ;
#2974 = CARTESIAN_POINT ( 'NONE',  ( -2.499999999999986233, -18.25000000000000000, -40.25000000000000711 ) ) ;
#2975 = ORIENTED_EDGE ( 'NONE', *, *, #1806, .F. ) ;
#2976 = AXIS2_PLACEMENT_3D ( 'NONE', #621, #93, #3090 ) ;
#2977 = ADVANCED_FACE ( 'NONE', ( #1267, #3141, #2327, #1792, #188 ), #3438, .T. ) ;
#2978 = EDGE_CURVE ( 'NONE', #807, #719, #1292, .T. ) ;
#2979 = ORIENTED_EDGE ( 'NONE', *, *, #1680, .T. ) ;
#2980 = DIRECTION ( 'NONE',  ( 0.000000000000000000, 0.000000000000000000, 1.000000000000000000 ) ) ;
#2981 = FACE_OUTER_BOUND ( 'NONE', #1332, .T. ) ;
#2982 = EDGE_LOOP ( 'NONE', ( #34, #1483, #3399, #1939, #154, #2170 ) ) ;
#2983 = ORIENTED_EDGE ( 'NONE', *, *, #2152, .F. ) ;
#2984 = DIRECTION ( 'NONE',  ( 0.7071067811865509034, 0.000000000000000000, 0.7071067811865442421 ) ) ;
#2985 = PRODUCT_DEFINITION_CONTEXT ( 'detailed design', #2442, 'design' ) ;
#2986 = DIRECTION ( 'NONE',  ( -0.5773502691896239547, 0.5773502691896292838, 0.5773502691896239547 ) ) ;
#2987 = CARTESIAN_POINT ( 'NONE',  ( -5.348127437391596766E-16, -7.074390334558885662, 19.60992424049173977 ) ) ;
#2988 = ORIENTED_EDGE ( 'NONE', *, *, #3342, .T. ) ;
#2989 = VECTOR ( 'NONE', #607, 1000.000000000000000 ) ;
#2990 = LINE ( 'NONE', #1492, #1669 ) ;
#2991 = FACE_OUTER_BOUND ( 'NONE', #1696, .T. ) ;
#2992 = ORIENTED_EDGE ( 'NONE', *, *, #2762, .F. ) ;
#2993 = EDGE_CURVE ( 'NONE', #795, #18, #2359, .T. ) ;
#2994 = ORIENTED_EDGE ( 'NONE', *, *, #2797, .F. ) ;
#2995 = VECTOR ( 'NONE', #342, 1000.000000000000000 ) ;
#2996 = EDGE_CURVE ( 'NONE', #795, #3179, #1284, .T. ) ;
#2997 = FACE_OUTER_BOUND ( 'NONE', #1745, .T. ) ;
#2998 = CARTESIAN_POINT ( 'NONE',  ( 19.50000000000000000, 12.50000000000000000, -6.250000000000003553 ) ) ;
#2999 = CARTESIAN_POINT ( 'NONE',  ( -4.416666666666642982, -11.13382395419191084, 15.55049062085876521 ) ) ;
#3000 = ORIENTED_EDGE ( 'NONE', *, *, #1101, .T. ) ;
#3001 = CIRCLE ( 'NONE', #1780, 6.050000000000000711 ) ;
#3002 = ORIENTED_EDGE ( 'NONE', *, *, #1528, .T. ) ;
#3003 = ADVANCED_FACE ( 'NONE', ( #469 ), #3407, .F. ) ;
#3004 = DIRECTION ( 'NONE',  ( 0.000000000000000000, -0.7071067811865426878, 0.7071067811865523467 ) ) ;
#3005 = FACE_OUTER_BOUND ( 'NONE', #2042, .T. ) ;
#3006 = CARTESIAN_POINT ( 'NONE',  ( 0.4000000000000114575, -5.045227278524780701, -15.45477272147527437 ) ) ;
#3007 = VERTEX_POINT ( 'NONE', #2610 ) ;
#3008 = DIRECTION ( 'NONE',  ( 1.099788113008245672E-17, 0.4818283590793126514, -0.8762656174853244995 ) ) ;
#3009 = CARTESIAN_POINT ( 'NONE',  ( -22.49999999999998934, 0.7500000000000006661, -9.000000000000001776 ) ) ;
#3010 = ORIENTED_EDGE ( 'NONE', *, *, #3238, .F. ) ;
#3011 =( GEOMETRIC_REPRESENTATION_CONTEXT ( 3 ) GLOBAL_UNCERTAINTY_ASSIGNED_CONTEXT ( ( #143 ) ) GLOBAL_UNIT_ASSIGNED_CONTEXT ( ( #2277, #3249, #645 ) ) REPRESENTATION_CONTEXT ( 'NONE', 'WORKASPACE' ) );
#3012 = VECTOR ( 'NONE', #1364, 1000.000000000000000 ) ;
#3013 = VECTOR ( 'NONE', #1554, 1000.000000000000000 ) ;
#3014 = ADVANCED_FACE ( 'NONE', ( #3468 ), #1032, .T. ) ;
#3015 = DIRECTION ( 'NONE',  ( 0.5773502691896281735, -0.5773502691896285066, -0.5773502691896206240 ) ) ;
#3016 = DIRECTION ( 'NONE',  ( -1.000000000000000000, 0.000000000000000000, 0.000000000000000000 ) ) ;
#3017 = DIRECTION ( 'NONE',  ( -2.775557561562890735E-17, -0.7071067811865427988, 0.7071067811865523467 ) ) ;
#3018 = DIRECTION ( 'NONE',  ( 0.000000000000000000, -0.7071067811865426878, 0.7071067811865524577 ) ) ;
#3019 = EDGE_LOOP ( 'NONE', ( #911, #2402, #1274, #2430 ) ) ;
#3020 = ORIENTED_EDGE ( 'NONE', *, *, #193, .T. ) ;
#3021 = LINE ( 'NONE', #877, #2356 ) ;
#3022 = DIRECTION ( 'NONE',  ( 2.282530889443167700E-17, 1.000000000000000000, 0.000000000000000000 ) ) ;
#3023 = LINE ( 'NONE', #615, #904 ) ;
#3024 = ORIENTED_EDGE ( 'NONE', *, *, #2096, .T. ) ;
#3025 = AXIS2_PLACEMENT_3D ( 'NONE', #3107, #2020, #700 ) ;
#3026 = ADVANCED_FACE ( 'NONE', ( #2655 ), #250, .F. ) ;
#3027 = DIRECTION ( 'NONE',  ( 0.000000000000000000, -0.7071067811865426878, 0.7071067811865523467 ) ) ;
#3028 = CARTESIAN_POINT ( 'NONE',  ( 0.4000000000000108469, -15.55000000000000782, -11.00000000000000178 ) ) ;
#3029 = VERTEX_POINT ( 'NONE', #2390 ) ;
#3030 = AXIS2_PLACEMENT_3D ( 'NONE', #3432, #1043, #2885 ) ;
#3031 = DIRECTION ( 'NONE',  ( 0.000000000000000000, -0.7071067811865426878, 0.7071067811865524577 ) ) ;
#3032 = CIRCLE ( 'NONE', #1023, 2.999999999999999112 ) ;
#3033 = PLANE ( 'NONE',  #1633 ) ;
#3034 = SHAPE_DEFINITION_REPRESENTATION ( #3261, #2718 ) ;
#3035 = LINE ( 'NONE', #623, #129 ) ;
#3036 = CARTESIAN_POINT ( 'NONE',  ( -22.49999999999998934, 0.7500000000000006661, -9.000000000000001776 ) ) ;
#3037 = ORIENTED_EDGE ( 'NONE', *, *, #972, .F. ) ;
#3038 = VERTEX_POINT ( 'NONE', #2342 ) ;
#3039 = EDGE_CURVE ( 'NONE', #787, #1079, #3424, .T. ) ;
#3040 = DIRECTION ( 'NONE',  ( -0.7071067811865424657, -8.069965350965069565E-17, 0.7071067811865526798 ) ) ;
#3041 = DIRECTION ( 'NONE',  ( 0.5773502691896204020, -0.5773502691896257311, -0.5773502691896310601 ) ) ;
#3042 = DIRECTION ( 'NONE',  ( 2.077733718875257922E-17, 1.000000000000000000, 0.000000000000000000 ) ) ;
#3043 = VERTEX_POINT ( 'NONE', #1828 ) ;
#3044 = ADVANCED_FACE ( 'NONE', ( #2594 ), #1016, .F. ) ;
#3045 = DIRECTION ( 'NONE',  ( 0.000000000000000000, 0.000000000000000000, 1.000000000000000000 ) ) ;
#3046 = LINE ( 'NONE', #1754, #982 ) ;
#3047 = DIRECTION ( 'NONE',  ( -0.7071067811865507924, -0.7071067811865441310, -6.409875621278664384E-17 ) ) ;
#3048 = AXIS2_PLACEMENT_3D ( 'NONE', #2221, #3017, #59 ) ;
#3049 = VECTOR ( 'NONE', #3210, 1000.000000000000000 ) ;
#3050 = ORIENTED_EDGE ( 'NONE', *, *, #2171, .T. ) ;
#3051 = CARTESIAN_POINT ( 'NONE',  ( -12.49999999999999112, 4.000000000000000000, 2.999999999999995559 ) ) ;
#3052 = VECTOR ( 'NONE', #998, 1000.000000000000000 ) ;
#3053 = CARTESIAN_POINT ( 'NONE',  ( 2.500000000000011546, 0.7500000000000006661, -9.000000000000001776 ) ) ;
#3054 = CARTESIAN_POINT ( 'NONE',  ( 1.750000000000010658, -19.00000000000000000, 7.684314575050782636 ) ) ;
#3055 = CARTESIAN_POINT ( 'NONE',  ( -14.64999999999999503, -10.89276695296626229, 16.35723304703364533 ) ) ;
#3056 = EDGE_LOOP ( 'NONE', ( #2365, #3355, #1180, #2882 ) ) ;
#3057 = ORIENTED_EDGE ( 'NONE', *, *, #3299, .T. ) ;
#3058 = DIRECTION ( 'NONE',  ( -1.000000000000000000, 0.000000000000000000, 1.334402673828312846E-16 ) ) ;
#3059 = CARTESIAN_POINT ( 'NONE',  ( -12.49999999999999112, 1.500000000000000000, 1.749999999999996669 ) ) ;
#3060 = EDGE_CURVE ( 'NONE', #1161, #2093, #485, .T. ) ;
#3061 = DIRECTION ( 'NONE',  ( 0.000000000000000000, -1.000000000000000000, 0.000000000000000000 ) ) ;
#3062 = ORIENTED_EDGE ( 'NONE', *, *, #1035, .F. ) ;
#3063 = ORIENTED_EDGE ( 'NONE', *, *, #850, .T. ) ;
#3064 = PLANE ( 'NONE',  #2959 ) ;
#3065 = LINE ( 'NONE', #2758, #1823 ) ;
#3066 = ADVANCED_FACE ( 'NONE', ( #1302 ), #3176, .T. ) ;
#3067 = DIRECTION ( 'NONE',  ( 0.000000000000000000, 0.000000000000000000, 1.000000000000000000 ) ) ;
#3068 = ORIENTED_EDGE ( 'NONE', *, *, #3287, .F. ) ;
#3069 = PLANE ( 'NONE',  #2976 ) ;
#3070 = AXIS2_PLACEMENT_3D ( 'NONE', #1721, #2040, #28 ) ;
#3071 = AXIS2_PLACEMENT_3D ( 'NONE', #1306, #1289, #2647 ) ;
#3072 = CARTESIAN_POINT ( 'NONE',  ( 1.750000000000011990, -8.467157287525257203, 18.21715728752537800 ) ) ;
#3073 = APPLICATION_PROTOCOL_DEFINITION ( 'draft international standard', 'automotive_design', 1998, #2442 ) ;
#3074 = EDGE_CURVE ( 'NONE', #3029, #1125, #784, .T. ) ;
#3075 = CARTESIAN_POINT ( 'NONE',  ( -22.49999999999998934, 4.000000000000000000, -8.250000000000000000 ) ) ;
#3076 = PLANE ( 'NONE',  #3400 ) ;
#3077 = EDGE_LOOP ( 'NONE', ( #2559, #309, #2760, #2486, #302, #1853, #1689, #3148, #482, #2280 ) ) ;
#3078 = VERTEX_POINT ( 'NONE', #2643 ) ;
#3079 = DIRECTION ( 'NONE',  ( 1.000000000000000000, 0.000000000000000000, 0.000000000000000000 ) ) ;
#3080 = CARTESIAN_POINT ( 'NONE',  ( 21.75000000000001066, 11.75000000000000000, 8.999999999999998224 ) ) ;
#3081 = DIRECTION ( 'NONE',  ( 1.000000000000000000, -2.282530889443167700E-17, -0.000000000000000000 ) ) ;
#3082 = ORIENTED_EDGE ( 'NONE', *, *, #866, .T. ) ;
#3083 = ORIENTED_EDGE ( 'NONE', *, *, #1381, .T. ) ;
#3084 = DIRECTION ( 'NONE',  ( 0.000000000000000000, 0.000000000000000000, 1.000000000000000000 ) ) ;
#3085 = CARTESIAN_POINT ( 'NONE',  ( 1.127570259384924611E-14, 5.119929264197892357E-18, -1.155557966632346438E-32 ) ) ;
#3086 = DIRECTION ( 'NONE',  ( 0.000000000000000000, 0.000000000000000000, 1.000000000000000000 ) ) ;
#3087 = LINE ( 'NONE', #353, #1330 ) ;
#3088 = ORIENTED_EDGE ( 'NONE', *, *, #643, .F. ) ;
#3089 = ADVANCED_FACE ( 'NONE', ( #1862 ), #2925, .F. ) ;
#3090 = DIRECTION ( 'NONE',  ( 0.000000000000000000, 0.000000000000000000, 1.000000000000000000 ) ) ;
#3091 = AXIS2_PLACEMENT_3D ( 'NONE', #2353, #1026, #2094 ) ;
#3092 = CARTESIAN_POINT ( 'NONE',  ( -0.6594843508533850818, -35.11097849649114266, -7.860978496490891310 ) ) ;
#3093 = FACE_OUTER_BOUND ( 'NONE', #2566, .T. ) ;
#3094 = CARTESIAN_POINT ( 'NONE',  ( 14.64999999999999503, -13.34215728752526253, 13.34215728752544372 ) ) ;
#3095 = CARTESIAN_POINT ( 'NONE',  ( 0.4000000000000110134, -9.500000000000007105, -11.00000000000000178 ) ) ;
#3096 = EDGE_LOOP ( 'NONE', ( #743, #2180, #782, #343, #1517, #191, #1764, #2830, #3166 ) ) ;
#3097 = ORIENTED_EDGE ( 'NONE', *, *, #17, .F. ) ;
#3098 = CARTESIAN_POINT ( 'NONE',  ( 0.4000000000000110134, -9.500000000000007105, -11.00000000000000178 ) ) ;
#3099 = CARTESIAN_POINT ( 'NONE',  ( -21.74999999999999289, 0.3750000000000003886, 8.625000000000000000 ) ) ;
#3100 = ORIENTED_EDGE ( 'NONE', *, *, #727, .T. ) ;
#3101 = VERTEX_POINT ( 'NONE', #2250 ) ;
#3102 = CARTESIAN_POINT ( 'NONE',  ( -5.348127437391596766E-16, -9.217157287525253651, 17.46715728752539576 ) ) ;
#3103 = CARTESIAN_POINT ( 'NONE',  ( -21.74999999999998934, 14.91200903826845803, -5.162009038268654315 ) ) ;
#3104 = DIRECTION ( 'NONE',  ( 1.000000000000000000, -2.282530889443167700E-17, 0.000000000000000000 ) ) ;
#3105 = ORIENTED_EDGE ( 'NONE', *, *, #2762, .T. ) ;
#3106 = ORIENTED_EDGE ( 'NONE', *, *, #2182, .T. ) ;
#3107 = CARTESIAN_POINT ( 'NONE',  ( -2.406635808790449916E-13, 3.456436525882434577E-13, -39.84999999999983800 ) ) ;
#3108 = EDGE_CURVE ( 'NONE', #1172, #1470, #863, .T. ) ;
#3109 = VECTOR ( 'NONE', #2271, 1000.000000000000114 ) ;
#3110 = DIRECTION ( 'NONE',  ( -1.000000000000000000, 0.000000000000000000, 1.334402673828312846E-16 ) ) ;
#3111 = CARTESIAN_POINT ( 'NONE',  ( -12.49999999999999112, 1.500000000000000000, -3.469446951953614189E-15 ) ) ;
#3112 = EDGE_CURVE ( 'NONE', #293, #227, #3292, .T. ) ;
#3113 = ORIENTED_EDGE ( 'NONE', *, *, #2993, .T. ) ;
#3114 = EDGE_LOOP ( 'NONE', ( #2646, #181, #3449, #4, #2431, #648, #478, #2861, #2788, #1393 ) ) ;
#3115 = DIRECTION ( 'NONE',  ( 0.000000000000000000, -0.000000000000000000, -1.000000000000000000 ) ) ;
#3116 = CARTESIAN_POINT ( 'NONE',  ( 2.500000000000012434, 0.7500000000000003331, -9.000000000000001776 ) ) ;
#3117 = ORIENTED_EDGE ( 'NONE', *, *, #2613, .F. ) ;
#3118 = EDGE_LOOP ( 'NONE', ( #2415, #1107, #844, #2074, #2624 ) ) ;
#3119 =( NAMED_UNIT ( * ) SI_UNIT ( $, .STERADIAN. ) SOLID_ANGLE_UNIT ( ) );
#3120 = CARTESIAN_POINT ( 'NONE',  ( 15.84999999999999609, -10.89276695296626052, 16.35723304703363823 ) ) ;
#3121 = DIRECTION ( 'NONE',  ( -1.880790961315659671E-33, -0.7071067811865524577, -0.7071067811865426878 ) ) ;
#3122 = DIRECTION ( 'NONE',  ( 1.000000000000000000, -2.282530889443167700E-17, -0.000000000000000000 ) ) ;
#3123 = ORIENTED_EDGE ( 'NONE', *, *, #2616, .F. ) ;
#3124 = VECTOR ( 'NONE', #3067, 1000.000000000000000 ) ;
#3125 = VERTEX_POINT ( 'NONE', #2723 ) ;
#3126 = DIRECTION ( 'NONE',  ( 0.000000000000000000, -0.7071067811865426878, 0.7071067811865524577 ) ) ;
#3127 = ADVANCED_FACE ( 'NONE', ( #1416 ), #3064, .F. ) ;
#3128 = CARTESIAN_POINT ( 'NONE',  ( -12.49999999999999112, 0.000000000000000000, -1.750000000000003553 ) ) ;
#3129 = ORIENTED_EDGE ( 'NONE', *, *, #1851, .T. ) ;
#3130 = VECTOR ( 'NONE', #1791, 1000.000000000000114 ) ;
#3131 = ORIENTED_EDGE ( 'NONE', *, *, #2820, .F. ) ;
#3132 = EDGE_CURVE ( 'NONE', #1351, #3188, #1169, .T. ) ;
#3133 = VECTOR ( 'NONE', #1471, 1000.000000000000114 ) ;
#3134 = AXIS2_PLACEMENT_3D ( 'NONE', #2376, #3454, #2656 ) ;
#3135 = DIRECTION ( 'NONE',  ( 0.000000000000000000, -1.000000000000000000, 0.000000000000000000 ) ) ;
#3136 = FACE_BOUND ( 'NONE', #2853, .T. ) ;
#3137 = EDGE_LOOP ( 'NONE', ( #910, #2837, #2209, #661 ) ) ;
#3138 = EDGE_CURVE ( 'NONE', #1674, #3174, #636, .T. ) ;
#3139 = ORIENTED_EDGE ( 'NONE', *, *, #1115, .F. ) ;
#3140 = PRESENTATION_STYLE_ASSIGNMENT (( #959 ) ) ;
#3141 = FACE_BOUND ( 'NONE', #876, .T. ) ;
#3142 = LINE ( 'NONE', #189, #3337 ) ;
#3143 = LINE ( 'NONE', #3440, #2568 ) ;
#3144 = ORIENTED_EDGE ( 'NONE', *, *, #1256, .T. ) ;
#3145 = EDGE_CURVE ( 'NONE', #1108, #1646, #1975, .T. ) ;
#3146 = DIRECTION ( 'NONE',  ( -3.341190063177974922E-16, 0.7071067811865522357, 0.7071067811865426878 ) ) ;
#3147 = VERTEX_POINT ( 'NONE', #884 ) ;
#3148 = ORIENTED_EDGE ( 'NONE', *, *, #2316, .T. ) ;
#3149 = AXIS2_PLACEMENT_3D ( 'NONE', #683, #178, #159 ) ;
#3150 = CARTESIAN_POINT ( 'NONE',  ( 1.044470119594115926E-14, -8.250000000000000000, -22.00000000000000711 ) ) ;
#3151 = CARTESIAN_POINT ( 'NONE',  ( -5.348127437391596766E-16, 14.16200903826846336, -5.912009038268640992 ) ) ;
#3152 = EDGE_CURVE ( 'NONE', #3101, #2701, #1698, .T. ) ;
#3153 = ORIENTED_EDGE ( 'NONE', *, *, #171, .F. ) ;
#3154 = VECTOR ( 'NONE', #1686, 1000.000000000000000 ) ;
#3155 = AXIS2_PLACEMENT_3D ( 'NONE', #2235, #1420, #1214 ) ;
#3156 = VERTEX_POINT ( 'NONE', #369 ) ;
#3157 = DIRECTION ( 'NONE',  ( -1.000000000000000000, 1.962615573354704784E-17, -1.962615573354731593E-17 ) ) ;
#3158 = CARTESIAN_POINT ( 'NONE',  ( 2.500000000000011546, -19.00000000000000000, -41.00000000000000711 ) ) ;
#3159 = DIRECTION ( 'NONE',  ( 1.000000000000000000, 0.000000000000000000, 0.000000000000000000 ) ) ;
#3160 = DIRECTION ( 'NONE',  ( 1.000000000000000000, -2.282530889443167700E-17, -0.000000000000000000 ) ) ;
#3161 = EDGE_CURVE ( 'NONE', #2401, #1921, #656, .T. ) ;
#3162 = ORIENTED_EDGE ( 'NONE', *, *, #1852, .T. ) ;
#3163 = LINE ( 'NONE', #457, #1003 ) ;
#3164 = PRODUCT_RELATED_PRODUCT_CATEGORY ( 'part', '', ( #1366 ) ) ;
#3165 = ORIENTED_EDGE ( 'NONE', *, *, #2691, .T. ) ;
#3166 = ORIENTED_EDGE ( 'NONE', *, *, #2729, .F. ) ;
#3167 = CIRCLE ( 'NONE', #1486, 2.999999999999999112 ) ;
#3168 = CIRCLE ( 'NONE', #1824, 2.999999999999999112 ) ;
#3169 = CARTESIAN_POINT ( 'NONE',  ( -2.499999999999988454, -0.7499999999999937828, -40.25000000000000711 ) ) ;
#3170 = CARTESIAN_POINT ( 'NONE',  ( 0.4000000000000110134, -9.500000000000007105, -33.00000000000000000 ) ) ;
#3171 = ORIENTED_EDGE ( 'NONE', *, *, #866, .F. ) ;
#3172 = EDGE_CURVE ( 'NONE', #3369, #2749, #215, .T. ) ;
#3173 = VECTOR ( 'NONE', #2785, 1000.000000000000000 ) ;
#3174 = VERTEX_POINT ( 'NONE', #3256 ) ;
#3175 = DIRECTION ( 'NONE',  ( -0.000000000000000000, 1.000000000000000000, -0.000000000000000000 ) ) ;
#3176 = PLANE ( 'NONE',  #3295 ) ;
#3177 = FACE_OUTER_BOUND ( 'NONE', #1826, .T. ) ;
#3178 = DIRECTION ( 'NONE',  ( 0.000000000000000000, 1.000000000000000000, 0.000000000000000000 ) ) ;
#3179 = VERTEX_POINT ( 'NONE', #350 ) ;
#3180 = ADVANCED_FACE ( 'NONE', ( #1187 ), #1400, .F. ) ;
#3181 = DIRECTION ( 'NONE',  ( 1.000000000000000000, -2.282530889443167700E-17, -0.000000000000000000 ) ) ;
#3182 = AXIS2_PLACEMENT_3D ( 'NONE', #2650, #1327, #1618 ) ;
#3183 = ORIENTED_EDGE ( 'NONE', *, *, #1460, .F. ) ;
#3184 = ORIENTED_EDGE ( 'NONE', *, *, #1528, .F. ) ;
#3185 = EDGE_CURVE ( 'NONE', #1978, #3188, #2194, .T. ) ;
#3186 = FACE_BOUND ( 'NONE', #3224, .T. ) ;
#3187 = CARTESIAN_POINT ( 'NONE',  ( 2.500000000000011546, -9.500000000000007105, -33.00000000000000000 ) ) ;
#3188 = VERTEX_POINT ( 'NONE', #1681 ) ;
#3189 = EDGE_LOOP ( 'NONE', ( #192, #2513, #3113, #3376 ) ) ;
#3190 = VECTOR ( 'NONE', #2470, 1000.000000000000000 ) ;
#3191 = VECTOR ( 'NONE', #3483, 1000.000000000000114 ) ;
#3192 = VERTEX_POINT ( 'NONE', #336 ) ;
#3193 = CARTESIAN_POINT ( 'NONE',  ( -21.74999999999998934, 12.50000000000000000, -8.250000000000007105 ) ) ;
#3194 = CARTESIAN_POINT ( 'NONE',  ( 0.000000000000000000, 12.50000000000000000, 8.250000000000003553 ) ) ;
#3195 = CARTESIAN_POINT ( 'NONE',  ( 14.64999999999999325, -8.749999999999875655, 18.50000000000000355 ) ) ;
#3196 = DIRECTION ( 'NONE',  ( 0.000000000000000000, 1.000000000000000000, 0.000000000000000000 ) ) ;
#3197 = VERTEX_POINT ( 'NONE', #1734 ) ;
#3198 = CYLINDRICAL_SURFACE ( 'NONE', #88, 6.050000000000000711 ) ;
#3199 = EDGE_CURVE ( 'NONE', #697, #1524, #84, .T. ) ;
#3200 = EDGE_CURVE ( 'NONE', #2507, #2373, #2230, .T. ) ;
#3201 = VECTOR ( 'NONE', #121, 1000.000000000000000 ) ;
#3202 = FACE_OUTER_BOUND ( 'NONE', #3231, .T. ) ;
#3203 = FACE_OUTER_BOUND ( 'NONE', #1226, .T. ) ;
#3204 = VERTEX_POINT ( 'NONE', #69 ) ;
#3205 = ORIENTED_EDGE ( 'NONE', *, *, #1667, .T. ) ;
#3206 = VECTOR ( 'NONE', #1096, 1000.000000000000114 ) ;
#3207 = CARTESIAN_POINT ( 'NONE',  ( 0.4000000000000108469, -15.55000000000000782, -33.00000000000000000 ) ) ;
#3208 = DIRECTION ( 'NONE',  ( -1.000000000000000000, 0.000000000000000000, 0.000000000000000000 ) ) ;
#3209 = DIRECTION ( 'NONE',  ( 0.5773502691896257311, 0.5773502691896204020, -0.5773502691896310601 ) ) ;
#3210 = DIRECTION ( 'NONE',  ( 1.000000000000000000, -1.962615573354704784E-17, 1.962615573354731593E-17 ) ) ;
#3211 = ORIENTED_EDGE ( 'NONE', *, *, #1574, .F. ) ;
#3212 = LINE ( 'NONE', #802, #820 ) ;
#3213 = EDGE_CURVE ( 'NONE', #2373, #1803, #583, .T. ) ;
#3214 = ADVANCED_FACE ( 'NONE', ( #2535 ), #1150, .T. ) ;
#3215 = CARTESIAN_POINT ( 'NONE',  ( 2.500000000000011546, -18.25000000000000711, -41.00000000000000711 ) ) ;
#3216 = LINE ( 'NONE', #1636, #2829 ) ;
#3217 = MANIFOLD_SOLID_BREP ( 'Boss-Extrude9', #303 ) ;
#3218 = ORIENTED_EDGE ( 'NONE', *, *, #663, .T. ) ;
#3219 = ORIENTED_EDGE ( 'NONE', *, *, #707, .T. ) ;
#3220 = DIRECTION ( 'NONE',  ( 0.000000000000000000, 0.7071067811865522357, 0.7071067811865426878 ) ) ;
#3221 = LINE ( 'NONE', #2698, #2675 ) ;
#3222 = LINE ( 'NONE', #267, #1616 ) ;
#3223 = CARTESIAN_POINT ( 'NONE',  ( 2.500000000000011546, -3.450000000000005951, -33.00000000000000000 ) ) ;
#3224 = EDGE_LOOP ( 'NONE', ( #2043, #2485 ) ) ;
#3225 = AXIS2_PLACEMENT_3D ( 'NONE', #60, #3282, #2202 ) ;
#3226 = DIRECTION ( 'NONE',  ( 0.000000000000000000, -0.000000000000000000, -1.000000000000000000 ) ) ;
#3227 = EDGE_CURVE ( 'NONE', #1069, #1418, #2990, .T. ) ;
#3228 = DIRECTION ( 'NONE',  ( 1.000000000000000000, -2.077733718875242515E-17, -4.622231866529364679E-33 ) ) ;
#3229 = CARTESIAN_POINT ( 'NONE',  ( -12.49999999999999112, 1.500000000000000000, -3.469446951953614189E-15 ) ) ;
#3230 = ORIENTED_EDGE ( 'NONE', *, *, #224, .T. ) ;
#3231 = EDGE_LOOP ( 'NONE', ( #2350, #3441, #3384, #994 ) ) ;
#3232 = EDGE_CURVE ( 'NONE', #213, #2289, #817, .T. ) ;
#3233 = CARTESIAN_POINT ( 'NONE',  ( 1.750000000000017542, -18.25000000000000711, -41.00000000000000711 ) ) ;
#3234 = CYLINDRICAL_SURFACE ( 'NONE', #2587, 1.749999999999999778 ) ;
#3235 = CARTESIAN_POINT ( 'NONE',  ( -14.64999999999999503, -8.467157287525258980, 18.21715728752538155 ) ) ;
#3236 = LINE ( 'NONE', #2941, #1087 ) ;
#3237 = AXIS2_PLACEMENT_3D ( 'NONE', #519, #2938, #2130 ) ;
#3238 = EDGE_CURVE ( 'NONE', #1199, #3434, #977, .T. ) ;
#3239 = VECTOR ( 'NONE', #3226, 1000.000000000000000 ) ;
#3240 = VERTEX_POINT ( 'NONE', #996 ) ;
#3241 = AXIS2_PLACEMENT_3D ( 'NONE', #1596, #2132, #1958 ) ;
#3242 = FACE_OUTER_BOUND ( 'NONE', #1730, .T. ) ;
#3243 = EDGE_CURVE ( 'NONE', #1418, #2872, #468, .T. ) ;
#3244 = EDGE_LOOP ( 'NONE', ( #3423, #1576, #2204, #2097 ) ) ;
#3245 = CARTESIAN_POINT ( 'NONE',  ( -14.64999999999999503, -8.467157287525257203, 18.21715728752538155 ) ) ;
#3246 = DIRECTION ( 'NONE',  ( 0.000000000000000000, 0.7071067811865522357, 0.7071067811865426878 ) ) ;
#3247 = VERTEX_POINT ( 'NONE', #2856 ) ;
#3248 = EDGE_LOOP ( 'NONE', ( #162, #2307, #245, #2716 ) ) ;
#3249 =( NAMED_UNIT ( * ) PLANE_ANGLE_UNIT ( ) SI_UNIT ( $, .RADIAN. ) );
#3250 = FACE_OUTER_BOUND ( 'NONE', #2453, .T. ) ;
#3251 = LINE ( 'NONE', #842, #3190 ) ;
#3252 = EDGE_CURVE ( 'NONE', #148, #1246, #1512, .T. ) ;
#3253 = DIRECTION ( 'NONE',  ( 0.000000000000000000, -0.7071067811865425767, 0.7071067811865524577 ) ) ;
#3254 = EDGE_LOOP ( 'NONE', ( #2366, #2025, #500, #609 ) ) ;
#3255 = VECTOR ( 'NONE', #2045, 1000.000000000000000 ) ;
#3256 = CARTESIAN_POINT ( 'NONE',  ( 21.75000000000001421, 0.000000000000000000, -8.250000000000007105 ) ) ;
#3257 = DIRECTION ( 'NONE',  ( 1.000000000000000000, -2.077733718875242515E-17, -4.622231866529364679E-33 ) ) ;
#3258 = VERTEX_POINT ( 'NONE', #1809 ) ;
#3259 = EDGE_LOOP ( 'NONE', ( #1241, #3000, #3335, #699 ) ) ;
#3260 = EDGE_CURVE ( 'NONE', #2592, #1664, #733, .T. ) ;
#3261 = PRODUCT_DEFINITION_SHAPE ( 'NONE', 'NONE',  #2532 ) ;
#3262 = DIRECTION ( 'NONE',  ( 0.000000000000000000, -0.7071067811865507924, 0.7071067811865442421 ) ) ;
#3263 = DIRECTION ( 'NONE',  ( 0.000000000000000000, -0.7071067811865520136, -0.7071067811865431318 ) ) ;
#3264 = CARTESIAN_POINT ( 'NONE',  ( 15.84999999999999609, -13.34215728752526253, 13.34215728752544372 ) ) ;
#3265 = VERTEX_POINT ( 'NONE', #149 ) ;
#3266 = ORIENTED_EDGE ( 'NONE', *, *, #3443, .F. ) ;
#3267 = PLANE ( 'NONE',  #2506 ) ;
#3268 = LINE ( 'NONE', #3235, #496 ) ;
#3269 = DIRECTION ( 'NONE',  ( 0.000000000000000000, 1.000000000000000000, 0.000000000000000000 ) ) ;
#3270 = EDGE_LOOP ( 'NONE', ( #529, #1019, #2241, #1484 ) ) ;
#3271 = ORIENTED_EDGE ( 'NONE', *, *, #1013, .F. ) ;
#3272 = VECTOR ( 'NONE', #1947, 1000.000000000000000 ) ;
#3273 = EDGE_CURVE ( 'NONE', #2749, #2673, #1228, .T. ) ;
#3274 = DIRECTION ( 'NONE',  ( 1.000000000000000000, -2.282530889443167700E-17, -0.000000000000000000 ) ) ;
#3275 = CARTESIAN_POINT ( 'NONE',  ( -15.84999999999999609, -8.467157287525258980, 18.21715728752538155 ) ) ;
#3276 = ORIENTED_EDGE ( 'NONE', *, *, #553, .T. ) ;
#3277 = ORIENTED_EDGE ( 'NONE', *, *, #1558, .F. ) ;
#3278 = ADVANCED_FACE ( 'NONE', ( #450 ), #484, .F. ) ;
#3279 = CARTESIAN_POINT ( 'NONE',  ( -12.49999999999999112, 4.000000000000000000, -3.469446951953614189E-15 ) ) ;
#3280 = LINE ( 'NONE', #2183, #2432 ) ;
#3281 = CARTESIAN_POINT ( 'NONE',  ( -5.348127437391596766E-16, -9.499999999999872102, 17.75000000000001421 ) ) ;
#3282 = DIRECTION ( 'NONE',  ( 1.000000000000000000, 0.000000000000000000, -0.000000000000000000 ) ) ;
#3283 = AXIS2_PLACEMENT_3D ( 'NONE', #3009, #2232, #3314 ) ;
#3284 = EDGE_LOOP ( 'NONE', ( #1937, #2844, #196, #1000 ) ) ;
#3285 = VECTOR ( 'NONE', #2063, 1000.000000000000000 ) ;
#3286 = ORIENTED_EDGE ( 'NONE', *, *, #1089, .F. ) ;
#3287 = EDGE_CURVE ( 'NONE', #1960, #1789, #1827, .T. ) ;
#3288 = FACE_OUTER_BOUND ( 'NONE', #2580, .T. ) ;
#3289 = DIRECTION ( 'NONE',  ( 0.000000000000000000, -0.7071067811865426878, 0.7071067811865524577 ) ) ;
#3290 = CARTESIAN_POINT ( 'NONE',  ( -0.6594843508533897447, -34.82813578401652421, -8.143821208965510650 ) ) ;
#3291 = ORIENTED_EDGE ( 'NONE', *, *, #2269, .T. ) ;
#3292 = LINE ( 'NONE', #105, #91 ) ;
#3293 = CARTESIAN_POINT ( 'NONE',  ( 0.6594843508533946297, -34.82813578401651711, -8.143821208965508873 ) ) ;
#3294 = VERTEX_POINT ( 'NONE', #938 ) ;
#3295 = AXIS2_PLACEMENT_3D ( 'NONE', #3194, #769, #3208 ) ;
#3296 = AXIS2_PLACEMENT_3D ( 'NONE', #2145, #1396, #2433 ) ;
#3297 = CARTESIAN_POINT ( 'NONE',  ( 0.6594843508533982934, -43.25000000000001421, -15.99999999999966427 ) ) ;
#3298 = DIRECTION ( 'NONE',  ( -1.000000000000000000, -0.000000000000000000, 0.000000000000000000 ) ) ;
#3299 = EDGE_CURVE ( 'NONE', #1119, #2900, #1266, .T. ) ;
#3300 = CARTESIAN_POINT ( 'NONE',  ( -19.50000000000000000, 12.50000000000000000, -6.249999999999996447 ) ) ;
#3301 = LINE ( 'NONE', #3281, #628 ) ;
#3302 = DIRECTION ( 'NONE',  ( -2.775557561562890735E-17, -0.7071067811865427988, 0.7071067811865523467 ) ) ;
#3303 = ADVANCED_FACE ( 'NONE', ( #220 ), #1772, .F. ) ;
#3304 = EDGE_CURVE ( 'NONE', #1084, #2774, #2326, .T. ) ;
#3305 = ORIENTED_EDGE ( 'NONE', *, *, #1535, .F. ) ;
#3306 = VERTEX_POINT ( 'NONE', #2625 ) ;
#3307 = FACE_OUTER_BOUND ( 'NONE', #2178, .T. ) ;
#3308 = FACE_OUTER_BOUND ( 'NONE', #3383, .T. ) ;
#3309 = DIRECTION ( 'NONE',  ( -0.000000000000000000, 0.8762656174853244995, 0.4818283590793127069 ) ) ;
#3310 = ADVANCED_FACE ( 'NONE', ( #2833 ), #430, .F. ) ;
#3311 = ORIENTED_EDGE ( 'NONE', *, *, #682, .T. ) ;
#3312 = DIRECTION ( 'NONE',  ( 1.556803119466365727E-16, -0.000000000000000000, 1.000000000000000000 ) ) ;
#3313 = CARTESIAN_POINT ( 'NONE',  ( 0.6594843508533982934, -19.40000000000000213, -39.85000000000000853 ) ) ;
#3314 = DIRECTION ( 'NONE',  ( 1.000000000000000000, 0.000000000000000000, -0.000000000000000000 ) ) ;
#3315 = ORIENTED_EDGE ( 'NONE', *, *, #966, .T. ) ;
#3316 = FACE_OUTER_BOUND ( 'NONE', #2617, .T. ) ;
#3317 = VECTOR ( 'NONE', #1498, 1000.000000000000000 ) ;
#3318 = EDGE_CURVE ( 'NONE', #989, #2507, #1873, .T. ) ;
#3319 = DIRECTION ( 'NONE',  ( -1.000000000000000000, 0.000000000000000000, 0.000000000000000000 ) ) ;
#3320 = LINE ( 'NONE', #1983, #291 ) ;
#3321 = DIRECTION ( 'NONE',  ( -1.613993070193032464E-17, -0.7071067811865507924, 0.7071067811865441310 ) ) ;
#3322 = ORIENTED_EDGE ( 'NONE', *, *, #407, .T. ) ;
#3323 = ORIENTED_EDGE ( 'NONE', *, *, #3138, .T. ) ;
#3324 = EDGE_CURVE ( 'NONE', #137, #1646, #278, .T. ) ;
#3325 = CARTESIAN_POINT ( 'NONE',  ( -2.499999999999986233, -18.25000000000000000, 8.250000000000007105 ) ) ;
#3326 = CARTESIAN_POINT ( 'NONE',  ( 2.000000000000011102, -0.2499999999999955591, -40.50000000000000711 ) ) ;
#3327 = DIRECTION ( 'NONE',  ( -0.7071067811865442421, 0.7071067811865509034, 0.000000000000000000 ) ) ;
#3328 = ORIENTED_EDGE ( 'NONE', *, *, #2955, .T. ) ;
#3329 = ORIENTED_EDGE ( 'NONE', *, *, #1781, .T. ) ;
#3330 = CARTESIAN_POINT ( 'NONE',  ( -22.49999999999998934, 0.000000000000000000, 8.250000000000003553 ) ) ;
#3331 = CARTESIAN_POINT ( 'NONE',  ( -19.50000000000000355, 12.50000000000000000, 6.250000000000002665 ) ) ;
#3332 = DIRECTION ( 'NONE',  ( 0.000000000000000000, -1.000000000000000000, 0.000000000000000000 ) ) ;
#3333 = VECTOR ( 'NONE', #2309, 1000.000000000000000 ) ;
#3334 = AXIS2_PLACEMENT_3D ( 'NONE', #1610, #2671, #2721 ) ;
#3335 = ORIENTED_EDGE ( 'NONE', *, *, #850, .F. ) ;
#3336 = LINE ( 'NONE', #2818, #45 ) ;
#3337 = VECTOR ( 'NONE', #1268, 1000.000000000000000 ) ;
#3338 = LINE ( 'NONE', #3300, #2089 ) ;
#3339 = CARTESIAN_POINT ( 'NONE',  ( 15.84999999999999609, -13.62499999999988098, 13.62500000000006395 ) ) ;
#3340 = DIRECTION ( 'NONE',  ( 0.000000000000000000, 1.000000000000000000, 0.000000000000000000 ) ) ;
#3341 = EDGE_LOOP ( 'NONE', ( #1594, #3219, #1221 ) ) ;
#3342 = EDGE_CURVE ( 'NONE', #1700, #649, #2682, .T. ) ;
#3343 = EDGE_LOOP ( 'NONE', ( #2081, #507, #1142, #2330 ) ) ;
#3344 = CARTESIAN_POINT ( 'NONE',  ( 8.340016711426955288E-16, 4.000000000000000000, 6.250000000000000000 ) ) ;
#3345 = DIRECTION ( 'NONE',  ( -1.000000000000000000, 0.000000000000000000, 0.000000000000000000 ) ) ;
#3346 = AXIS2_PLACEMENT_3D ( 'NONE', #398, #1405, #3262 ) ;
#3347 = CARTESIAN_POINT ( 'NONE',  ( 20.66666666666667140, 1.833333333333340809, -10.08333333333333037 ) ) ;
#3348 = ADVANCED_FACE ( 'NONE', ( #1639 ), #1887, .T. ) ;
#3349 = ORIENTED_EDGE ( 'NONE', *, *, #2755, .F. ) ;
#3350 = VERTEX_POINT ( 'NONE', #3480 ) ;
#3351 = CARTESIAN_POINT ( 'NONE',  ( -5.348127437391596766E-16, -8.467157287525258980, 18.21715728752538155 ) ) ;
#3352 = LINE ( 'NONE', #939, #2372 ) ;
#3353 = DIRECTION ( 'NONE',  ( -1.000000000000000000, 0.000000000000000000, 0.000000000000000000 ) ) ;
#3354 = EDGE_CURVE ( 'NONE', #1638, #1952, #3467, .T. ) ;
#3355 = ORIENTED_EDGE ( 'NONE', *, *, #1885, .T. ) ;
#3356 = CARTESIAN_POINT ( 'NONE',  ( 7.761816857184530072, -14.45440395637370479, 12.22991061867701745 ) ) ;
#3357 = EDGE_CURVE ( 'NONE', #1125, #1046, #2845, .T. ) ;
#3358 = CIRCLE ( 'NONE', #313, 1.749999999999999778 ) ;
#3359 = VECTOR ( 'NONE', #1379, 1000.000000000000000 ) ;
#3360 = AXIS2_PLACEMENT_3D ( 'NONE', #2035, #1018, #2893 ) ;
#3361 = CARTESIAN_POINT ( 'NONE',  ( 14.64999999999999503, -9.217157287525253651, 17.46715728752539576 ) ) ;
#3362 = LINE ( 'NONE', #2747, #525 ) ;
#3363 = LINE ( 'NONE', #1704, #2151 ) ;
#3364 = ORIENTED_EDGE ( 'NONE', *, *, #1781, .F. ) ;
#3365 = EDGE_LOOP ( 'NONE', ( #254, #61, #454, #1045 ) ) ;
#3366 = DIRECTION ( 'NONE',  ( 2.282530889443167700E-17, 1.000000000000000000, 0.000000000000000000 ) ) ;
#3367 = FACE_OUTER_BOUND ( 'NONE', #2651, .T. ) ;
#3368 = DIRECTION ( 'NONE',  ( 0.000000000000000000, 0.000000000000000000, 1.000000000000000000 ) ) ;
#3369 = VERTEX_POINT ( 'NONE', #3207 ) ;
#3370 = EDGE_CURVE ( 'NONE', #227, #1978, #503, .T. ) ;
#3371 = ORIENTED_EDGE ( 'NONE', *, *, #2831, .T. ) ;
#3372 = CARTESIAN_POINT ( 'NONE',  ( 15.84999999999999609, -7.074390334558885662, 19.60992424049173977 ) ) ;
#3373 = CARTESIAN_POINT ( 'NONE',  ( -12.49999999999999112, 1.500000000000000000, -3.469446951953614189E-15 ) ) ;
#3374 = CARTESIAN_POINT ( 'NONE',  ( -5.348127437391596766E-16, -8.467157287525258980, 18.21715728752538155 ) ) ;
#3375 = DIRECTION ( 'NONE',  ( 0.000000000000000000, -0.7071067811865426878, 0.7071067811865524577 ) ) ;
#3376 = ORIENTED_EDGE ( 'NONE', *, *, #447, .T. ) ;
#3377 = AXIS2_PLACEMENT_3D ( 'NONE', #1768, #1989, #388 ) ;
#3378 = ADVANCED_FACE ( 'NONE', ( #1595 ), #2417, .T. ) ;
#3379 = LINE ( 'NONE', #681, #1474 ) ;
#3380 = AXIS2_PLACEMENT_3D ( 'NONE', #1590, #778, #3115 ) ;
#3381 = DIRECTION ( 'NONE',  ( 1.000000000000000000, 0.000000000000000000, 0.000000000000000000 ) ) ;
#3382 = DIRECTION ( 'NONE',  ( 0.000000000000000000, -0.7071067811865522357, -0.7071067811865426878 ) ) ;
#3383 = EDGE_LOOP ( 'NONE', ( #366, #2306 ) ) ;
#3384 = ORIENTED_EDGE ( 'NONE', *, *, #2286, .F. ) ;
#3385 = CARTESIAN_POINT ( 'NONE',  ( -19.50000000000000000, 12.50000000000000000, -5.412337245047638135E-15 ) ) ;
#3386 = DIRECTION ( 'NONE',  ( 1.000000000000000000, -2.282530889443167700E-17, -0.000000000000000000 ) ) ;
#3387 = ORIENTED_EDGE ( 'NONE', *, *, #1352, .F. ) ;
#3388 = EDGE_LOOP ( 'NONE', ( #2490, #1127, #2553, #680, #1299 ) ) ;
#3389 = CARTESIAN_POINT ( 'NONE',  ( -7.761816857184519414, -14.73724666884831436, 12.51275333115164834 ) ) ;
#3390 = LINE ( 'NONE', #2479, #1042 ) ;
#3391 = CARTESIAN_POINT ( 'NONE',  ( 0.08499999999979036824, -18.99999999999999645, -39.85000000000000142 ) ) ;
#3392 = VERTEX_POINT ( 'NONE', #1903 ) ;
#3393 = EDGE_CURVE ( 'NONE', #3078, #2824, #3358, .T. ) ;
#3394 = ORIENTED_EDGE ( 'NONE', *, *, #2640, .F. ) ;
#3395 = DIRECTION ( 'NONE',  ( 0.000000000000000000, 0.4818283590793211446, 0.8762656174853198365 ) ) ;
#3396 = EDGE_CURVE ( 'NONE', #2696, #2972, #1031, .T. ) ;
#3397 = LINE ( 'NONE', #987, #2237 ) ;
#3398 = VERTEX_POINT ( 'NONE', #2697 ) ;
#3399 = ORIENTED_EDGE ( 'NONE', *, *, #2234, .F. ) ;
#3400 = AXIS2_PLACEMENT_3D ( 'NONE', #667, #400, #1744 ) ;
#3401 = DIRECTION ( 'NONE',  ( -2.775557561562890735E-17, -0.7071067811865427988, 0.7071067811865523467 ) ) ;
#3402 = CARTESIAN_POINT ( 'NONE',  ( 0.4000000000000110134, -9.500000000000007105, -11.00000000000000178 ) ) ;
#3403 = ORIENTED_EDGE ( 'NONE', *, *, #1281, .T. ) ;
#3404 = EDGE_CURVE ( 'NONE', #320, #2864, #2121, .T. ) ;
#3405 = ORIENTED_EDGE ( 'NONE', *, *, #1237, .T. ) ;
#3406 = CARTESIAN_POINT ( 'NONE',  ( 2.500000000000011546, 14.16200903826846158, -5.912009038268640992 ) ) ;
#3407 = CYLINDRICAL_SURFACE ( 'NONE', #2072, 2.999999999999999112 ) ;
#3408 = DIRECTION ( 'NONE',  ( 0.000000000000000000, -0.7071067811865426878, 0.7071067811865523467 ) ) ;
#3409 = CARTESIAN_POINT ( 'NONE',  ( -19.50000000000000000, 4.000000000000000000, -5.412337245047638135E-15 ) ) ;
#3410 = AXIS2_PLACEMENT_3D ( 'NONE', #2796, #2537, #1456 ) ;
#3411 = ORIENTED_EDGE ( 'NONE', *, *, #2426, .F. ) ;
#3412 = CARTESIAN_POINT ( 'NONE',  ( 0.000000000000000000, 0.000000000000000000, 0.000000000000000000 ) ) ;
#3413 = ADVANCED_FACE ( 'NONE', ( #1317 ), #1581, .F. ) ;
#3414 = ORIENTED_EDGE ( 'NONE', *, *, #2708, .F. ) ;
#3415 = ORIENTED_EDGE ( 'NONE', *, *, #2398, .F. ) ;
#3416 = AXIS2_PLACEMENT_3D ( 'NONE', #2631, #3181, #1037 ) ;
#3417 = VECTOR ( 'NONE', #126, 1000.000000000000000 ) ;
#3418 = EDGE_CURVE ( 'NONE', #197, #725, #2956, .T. ) ;
#3419 = AXIS2_PLACEMENT_3D ( 'NONE', #1905, #594, #2753 ) ;
#3420 = PLANE ( 'NONE',  #3380 ) ;
#3421 = LINE ( 'NONE', #1027, #2210 ) ;
#3422 = ORIENTED_EDGE ( 'NONE', *, *, #2826, .F. ) ;
#3423 = ORIENTED_EDGE ( 'NONE', *, *, #634, .F. ) ;
#3424 = LINE ( 'NONE', #1066, #662 ) ;
#3425 = CARTESIAN_POINT ( 'NONE',  ( 2.500000000000011546, -6.584938427570168784, -16.30140698578621539 ) ) ;
#3426 = CARTESIAN_POINT ( 'NONE',  ( -22.49999999999998934, -10.00000000000000000, 0.9999999999999974465 ) ) ;
#3427 = ORIENTED_EDGE ( 'NONE', *, *, #2854, .F. ) ;
#3428 = DIRECTION ( 'NONE',  ( 2.688104559881415512E-17, 1.000000000000000000, 0.000000000000000000 ) ) ;
#3429 = VERTEX_POINT ( 'NONE', #2115 ) ;
#3430 = ORIENTED_EDGE ( 'NONE', *, *, #68, .F. ) ;
#3431 = CIRCLE ( 'NONE', #3091, 15.35208333333333819 ) ;
#3432 = CARTESIAN_POINT ( 'NONE',  ( 0.6594843508533847487, 25.07407890139354123, -25.07407890139388584 ) ) ;
#3433 = DIRECTION ( 'NONE',  ( 2.688104559881415512E-17, 1.000000000000000000, 0.000000000000000000 ) ) ;
#3434 = VERTEX_POINT ( 'NONE', #249 ) ;
#3435 = EDGE_CURVE ( 'NONE', #1789, #2459, #1607, .T. ) ;
#3436 = CARTESIAN_POINT ( 'NONE',  ( -2.499999999999988454, 0.000000000000000000, -40.25000000000000711 ) ) ;
#3437 = DIRECTION ( 'NONE',  ( 0.000000000000000000, 0.000000000000000000, -1.000000000000000000 ) ) ;
#3438 = PLANE ( 'NONE',  #1340 ) ;
#3439 = DIRECTION ( 'NONE',  ( -0.7071067811865509034, -0.7071067811865442421, -0.000000000000000000 ) ) ;
#3440 = CARTESIAN_POINT ( 'NONE',  ( 0.08499999999979036824, -18.99999999999999645, -39.85000000000000142 ) ) ;
#3441 = ORIENTED_EDGE ( 'NONE', *, *, #754, .T. ) ;
#3442 = DIRECTION ( 'NONE',  ( 1.000000000000000000, -2.282530889443167700E-17, -0.000000000000000000 ) ) ;
#3443 = EDGE_CURVE ( 'NONE', #1351, #3294, #1860, .T. ) ;
#3444 = ORIENTED_EDGE ( 'NONE', *, *, #89, .F. ) ;
#3445 = VERTEX_POINT ( 'NONE', #2389 ) ;
#3446 = AXIS2_PLACEMENT_3D ( 'NONE', #2168, #852, #1358 ) ;
#3447 = LINE ( 'NONE', #1297, #3255 ) ;
#3448 = LINE ( 'NONE', #3461, #257 ) ;
#3449 = ORIENTED_EDGE ( 'NONE', *, *, #5, .T. ) ;
#3450 = EDGE_LOOP ( 'NONE', ( #233, #833, #2810, #2994, #1179, #856 ) ) ;
#3451 = DIRECTION ( 'NONE',  ( 6.839255870355016478E-17, 0.7071067811865507924, -0.7071067811865441310 ) ) ;
#3452 = DIRECTION ( 'NONE',  ( 0.000000000000000000, 0.000000000000000000, 1.000000000000000000 ) ) ;
#3453 = DIRECTION ( 'NONE',  ( -0.8206649074355343298, 0.5714097563953786096, 0.000000000000000000 ) ) ;
#3454 = DIRECTION ( 'NONE',  ( 0.000000000000000000, -0.7071067811865426878, 0.7071067811865524577 ) ) ;
#3455 = EDGE_CURVE ( 'NONE', #2916, #108, #2667, .T. ) ;
#3456 = DIRECTION ( 'NONE',  ( 0.000000000000000000, 0.7071067811865522357, 0.7071067811865426878 ) ) ;
#3457 = EDGE_LOOP ( 'NONE', ( #3183, #1966 ) ) ;
#3458 = DIRECTION ( 'NONE',  ( 0.7071067811865442421, 0.7071067811865509034, -0.000000000000000000 ) ) ;
#3459 = AXIS2_PLACEMENT_3D ( 'NONE', #2886, #244, #1840 ) ;
#3460 = CARTESIAN_POINT ( 'NONE',  ( 0.000000000000000000, 4.000000000000000000, 0.000000000000000000 ) ) ;
#3461 = CARTESIAN_POINT ( 'NONE',  ( -19.66666666666666075, 9.666666666666657193, -11.08333333333335524 ) ) ;
#3462 = ORIENTED_EDGE ( 'NONE', *, *, #705, .F. ) ;
#3463 = EDGE_LOOP ( 'NONE', ( #511, #2992 ) ) ;
#3464 = PRODUCT_DEFINITION_FORMATION_WITH_SPECIFIED_SOURCE ( 'ANY', '', #1366, .NOT_KNOWN. ) ;
#3465 = VECTOR ( 'NONE', #2644, 1000.000000000000000 ) ;
#3466 = VECTOR ( 'NONE', #1417, 1000.000000000000114 ) ;
#3467 = LINE ( 'NONE', #547, #2904 ) ;
#3468 = FACE_OUTER_BOUND ( 'NONE', #131, .T. ) ;
#3469 = LINE ( 'NONE', #1033, #1898 ) ;
#3470 = PLANE ( 'NONE',  #1981 ) ;
#3471 = ORIENTED_EDGE ( 'NONE', *, *, #1116, .F. ) ;
#3472 = EDGE_CURVE ( 'NONE', #759, #1253, #2502, .T. ) ;
#3473 = LINE ( 'NONE', #285, #660 ) ;
#3474 = ADVANCED_FACE ( 'NONE', ( #3093 ), #1501, .F. ) ;
#3475 = VECTOR ( 'NONE', #1011, 1000.000000000000000 ) ;
#3476 = PLANE ( 'NONE',  #2462 ) ;
#3477 = CARTESIAN_POINT ( 'NONE',  ( 14.64999999999999503, -7.074390334558884774, 19.60992424049173977 ) ) ;
#3478 = ORIENTED_EDGE ( 'NONE', *, *, #147, .F. ) ;
#3479 = ORIENTED_EDGE ( 'NONE', *, *, #3396, .T. ) ;
#3480 = CARTESIAN_POINT ( 'NONE',  ( 1.121337058228298961E-14, -13.00000000000000178, -22.00000000000000711 ) ) ;
#3481 = PLANE ( 'NONE',  #2441 ) ;
#3482 = PLANE ( 'NONE',  #1950 ) ;
#3483 = DIRECTION ( 'NONE',  ( -3.255518523096488954E-16, 0.7071067811865522357, 0.7071067811865426878 ) ) ;
#3484 = AXIS2_PLACEMENT_3D ( 'NONE', #1449, #2791, #1468 ) ;
ENDSEC;
END-ISO-10303-21;
