ISO-10303-21;
HEADER;
FILE_DESCRIPTION (( 'STEP AP214' ),
    '1' );
FILE_NAME ('Wiper Holder rev5.STEP',
    '2026-09-06T22:02:19',
    ( '' ),
    ( '' ),
    'SwSTEP 2.0',
    'SolidWorks 2026',
    '' );
FILE_SCHEMA (( 'AUTOMOTIVE_DESIGN' ));
ENDSEC;

DATA;
#1 = ORIENTED_EDGE ( 'NONE', *, *, #1292, .F. ) ;
#2 = AXIS2_PLACEMENT_3D ( 'NONE', #2040, #1084, #84 ) ;
#3 = LINE ( 'NONE', #763, #2147 ) ;
#4 = VERTEX_POINT ( 'NONE', #2298 ) ;
#5 = CARTESIAN_POINT ( 'NONE',  ( 31.50000000000004974, 58.87623561252111415, 1015.803282926499378 ) ) ;
#6 = AXIS2_PLACEMENT_3D ( 'NONE', #1886, #1188, #2316 ) ;
#7 = ORIENTED_EDGE ( 'NONE', *, *, #1463, .T. ) ;
#8 = VECTOR ( 'NONE', #2065, 1000.000000000000000 ) ;
#9 = EDGE_LOOP ( 'NONE', ( #815, #1609, #196, #772, #760, #292, #2071 ) ) ;
#10 = CARTESIAN_POINT ( 'NONE',  ( 2.293632744927205502E-13, 55.09034320653385208, 1014.753282926499310 ) ) ;
#11 = DIRECTION ( 'NONE',  ( 0.000000000000000000, -0.8660254037844350439, 0.5000000000000064393 ) ) ;
#12 = EDGE_CURVE ( 'NONE', #449, #270, #2520, .T. ) ;
#13 = DIRECTION ( 'NONE',  ( -1.000000000000000000, 4.260475912333060176E-15, 0.000000000000000000 ) ) ;
#14 = PLANE ( 'NONE',  #677 ) ;
#15 = ORIENTED_EDGE ( 'NONE', *, *, #1811, .T. ) ;
#16 = EDGE_CURVE ( 'NONE', #697, #315, #952, .T. ) ;
#17 = PLANE ( 'NONE',  #285 ) ;
#18 = VERTEX_POINT ( 'NONE', #1556 ) ;
#19 = DIRECTION ( 'NONE',  ( 1.000000000000000000, -5.221186213742997318E-15, 5.882653977649036757E-32 ) ) ;
#20 = ORIENTED_EDGE ( 'NONE', *, *, #2198, .T. ) ;
#21 = ORIENTED_EDGE ( 'NONE', *, *, #1772, .T. ) ;
#22 = ORIENTED_EDGE ( 'NONE', *, *, #1507, .F. ) ;
#23 = CARTESIAN_POINT ( 'NONE',  ( 365.3418872678354887, 394.7414375153259130, 676.3021886175848749 ) ) ;
#24 = CARTESIAN_POINT ( 'NONE',  ( 17.39506741895964481, 63.71742762128913995, 1011.753282926499423 ) ) ;
#25 = DIRECTION ( 'NONE',  ( 0.000000000000000000, -1.000000000000000000, 0.000000000000000000 ) ) ;
#26 = DIRECTION ( 'NONE',  ( -1.000000000000000000, 5.221186213742997318E-15, -5.882653977649036757E-32 ) ) ;
#27 = ORIENTED_EDGE ( 'NONE', *, *, #2465, .F. ) ;
#28 = CARTESIAN_POINT ( 'NONE',  ( 16.19079295892109016, 52.52969166723893579, 1012.753282926499310 ) ) ;
#29 = VERTEX_POINT ( 'NONE', #2494 ) ;
#30 = CARTESIAN_POINT ( 'NONE',  ( 10.61742468656807681, 64.54775992891329395, 1018.326651198852915 ) ) ;
#31 = ORIENTED_EDGE ( 'NONE', *, *, #1671, .F. ) ;
#32 = LINE ( 'NONE', #2199, #1265 ) ;
#33 =( GEOMETRIC_REPRESENTATION_CONTEXT ( 3 ) GLOBAL_UNCERTAINTY_ASSIGNED_CONTEXT ( ( #946 ) ) GLOBAL_UNIT_ASSIGNED_CONTEXT ( ( #425, #2185, #48 ) ) REPRESENTATION_CONTEXT ( 'NONE', 'WORKASPACE' ) );
#34 = VECTOR ( 'NONE', #881, 1000.000000000000000 ) ;
#35 = EDGE_CURVE ( 'NONE', #4, #446, #1710, .T. ) ;
#36 = ORIENTED_EDGE ( 'NONE', *, *, #1894, .T. ) ;
#37 = DIRECTION ( 'NONE',  ( 0.000000000000000000, -0.4999999999999976685, 0.8660254037844400399 ) ) ;
#38 = CARTESIAN_POINT ( 'NONE',  ( 4.819600323429970246, 60.98356409506357778, 1015.803282926499378 ) ) ;
#39 = FACE_OUTER_BOUND ( 'NONE', #806, .T. ) ;
#40 = DIRECTION ( 'NONE',  ( 0.5773502691896905681, -0.5773502691897016703, 0.5773502691894849548 ) ) ;
#41 = EDGE_LOOP ( 'NONE', ( #604, #1712, #1116, #2010 ) ) ;
#42 = CARTESIAN_POINT ( 'NONE',  ( 21.19079295892130332, 61.29034320653367018, 1013.553282926499264 ) ) ;
#43 = VERTEX_POINT ( 'NONE', #361 ) ;
#44 = CARTESIAN_POINT ( 'NONE',  ( 2.881495796743922354E-13, 67.49034320653379382, 1013.753282926499196 ) ) ;
#45 = VERTEX_POINT ( 'NONE', #978 ) ;
#46 = ORIENTED_EDGE ( 'NONE', *, *, #1624, .T. ) ;
#47 = AXIS2_PLACEMENT_3D ( 'NONE', #1931, #583, #549 ) ;
#48 =( NAMED_UNIT ( * ) SI_UNIT ( $, .STERADIAN. ) SOLID_ANGLE_UNIT ( ) );
#49 = VECTOR ( 'NONE', #986, 1000.000000000000114 ) ;
#50 = EDGE_CURVE ( 'NONE', #1908, #2333, #205, .T. ) ;
#51 = VECTOR ( 'NONE', #1588, 1000.000000000000000 ) ;
#52 = EDGE_CURVE ( 'NONE', #1012, #897, #349, .T. ) ;
#53 = ORIENTED_EDGE ( 'NONE', *, *, #1295, .T. ) ;
#54 = VECTOR ( 'NONE', #2242, 1000.000000000000000 ) ;
#55 = PLANE ( 'NONE',  #870 ) ;
#56 = CARTESIAN_POINT ( 'NONE',  ( 27.19079295892131753, 67.49034320653368013, 1013.753282926499196 ) ) ;
#57 = PLANE ( 'NONE',  #784 ) ;
#58 = CARTESIAN_POINT ( 'NONE',  ( 3.078229491581798270E-13, 64.71742762128909021, 1012.753282926499310 ) ) ;
#59 = ORIENTED_EDGE ( 'NONE', *, *, #1925, .F. ) ;
#60 = EDGE_CURVE ( 'NONE', #1179, #897, #2109, .T. ) ;
#61 = CARTESIAN_POINT ( 'NONE',  ( 15.19079295892130688, 58.70303053176423447, 1015.503282926499423 ) ) ;
#62 = ORIENTED_EDGE ( 'NONE', *, *, #1224, .T. ) ;
#63 = LINE ( 'NONE', #2383, #1036 ) ;
#64 = VERTEX_POINT ( 'NONE', #1137 ) ;
#65 = CARTESIAN_POINT ( 'NONE',  ( 27.19079295892126424, 56.59034320653348260, 1.187907395173194890E-15 ) ) ;
#66 = ORIENTED_EDGE ( 'NONE', *, *, #352, .T. ) ;
#67 = DIRECTION ( 'NONE',  ( 1.000000000000000000, -0.000000000000000000, -0.000000000000000000 ) ) ;
#68 = DIRECTION ( 'NONE',  ( 0.000000000000000000, -0.8660254037844408170, -0.4999999999999962808 ) ) ;
#69 = ADVANCED_FACE ( 'NONE', ( #597 ), #1345, .T. ) ;
#70 = CARTESIAN_POINT ( 'NONE',  ( 10.64506741895965369, 61.37904902945786034, 1013.438282926499141 ) ) ;
#71 = DIRECTION ( 'NONE',  ( -0.7071067811865290320, 8.659560562356924732E-17, 0.7071067811865660024 ) ) ;
#72 = VERTEX_POINT ( 'NONE', #1160 ) ;
#73 = ADVANCED_FACE ( 'NONE', ( #159 ), #1183, .T. ) ;
#74 = CARTESIAN_POINT ( 'NONE',  ( 26.00765992253915471, 55.21742762128906179, 1012.753282926499310 ) ) ;
#75 = ORIENTED_EDGE ( 'NONE', *, *, #1800, .T. ) ;
#76 = PLANE ( 'NONE',  #1243 ) ;
#77 = ORIENTED_EDGE ( 'NONE', *, *, #1571, .T. ) ;
#78 = FILL_AREA_STYLE ('',( #2372 ) ) ;
#79 = VECTOR ( 'NONE', #1193, 1000.000000000000000 ) ;
#80 = ORIENTED_EDGE ( 'NONE', *, *, #1772, .F. ) ;
#81 = PLANE ( 'NONE',  #96 ) ;
#82 = CARTESIAN_POINT ( 'NONE',  ( 18.12719530594813833, 58.42674555356042987, 1004.689685273525470 ) ) ;
#83 = AXIS2_PLACEMENT_3D ( 'NONE', #1900, #2141, #2302 ) ;
#84 = DIRECTION ( 'NONE',  ( 0.000000000000000000, 0.000000000000000000, 1.000000000000000000 ) ) ;
#85 = FACE_OUTER_BOUND ( 'NONE', #647, .T. ) ;
#86 = CARTESIAN_POINT ( 'NONE',  ( 3.673019687618213879E-13, 66.49034320653396435, 1012.753282926499310 ) ) ;
#87 = CARTESIAN_POINT ( 'NONE',  ( 16.99506741895966755, 58.87623561252109994, 1012.153282926499401 ) ) ;
#88 = ORIENTED_EDGE ( 'NONE', *, *, #1998, .F. ) ;
#89 = CARTESIAN_POINT ( 'NONE',  ( 27.19079295892126069, 55.09034320653370287, 1014.453282926499355 ) ) ;
#90 = VECTOR ( 'NONE', #751, 1000.000000000000000 ) ;
#91 = EDGE_CURVE ( 'NONE', #812, #2514, #2311, .T. ) ;
#92 = VECTOR ( 'NONE', #1422, 999.9999999999998863 ) ;
#93 = ORIENTED_EDGE ( 'NONE', *, *, #1302, .T. ) ;
#94 = DIRECTION ( 'NONE',  ( 0.000000000000000000, 1.000000000000000000, -1.224646799147602931E-16 ) ) ;
#95 = LINE ( 'NONE', #1662, #1103 ) ;
#96 = AXIS2_PLACEMENT_3D ( 'NONE', #862, #1105, #1876 ) ;
#97 = VECTOR ( 'NONE', #1543, 1000.000000000000000 ) ;
#98 = PLANE ( 'NONE',  #1882 ) ;
#99 = FACE_OUTER_BOUND ( 'NONE', #9, .T. ) ;
#100 = EDGE_CURVE ( 'NONE', #2284, #18, #1172, .T. ) ;
#101 = DIRECTION ( 'NONE',  ( -0.7071067811864172326, 3.532708032037838865E-15, 0.7071067811866778019 ) ) ;
#102 = DIRECTION ( 'NONE',  ( 2.498001805406612471E-15, 0.5000000000000026645, 0.8660254037844370423 ) ) ;
#103 = VERTEX_POINT ( 'NONE', #962 ) ;
#104 = ADVANCED_FACE ( 'NONE', ( #1747 ), #1946, .F. ) ;
#105 = CARTESIAN_POINT ( 'NONE',  ( 17.64506741895960218, 0.000000000000000000, 1011.353282926499332 ) ) ;
#106 = EDGE_CURVE ( 'NONE', #1687, #1012, #1359, .T. ) ;
#107 = ORIENTED_EDGE ( 'NONE', *, *, #1246, .F. ) ;
#108 = LINE ( 'NONE', #898, #2205 ) ;
#109 = DIRECTION ( 'NONE',  ( 1.000000000000000000, -5.741575297275813575E-47, 9.944700130364150569E-47 ) ) ;
#110 = DIRECTION ( 'NONE',  ( 0.6546536707079493311, 0.3779644730092440730, 0.6546536707079950723 ) ) ;
#111 = CARTESIAN_POINT ( 'NONE',  ( 16.99079295892125430, 52.52969166723892158, 1015.353282926499332 ) ) ;
#112 = CARTESIAN_POINT ( 'NONE',  ( 17.39079295892132393, 58.43485012704325499, 1015.353282926499332 ) ) ;
#113 = LINE ( 'NONE', #891, #1121 ) ;
#114 = EDGE_CURVE ( 'NONE', #578, #697, #1327, .T. ) ;
#115 = ORIENTED_EDGE ( 'NONE', *, *, #1730, .F. ) ;
#116 = DIRECTION ( 'NONE',  ( -0.4226182617406977760, 0.9063077870366507138, -1.109906930436981619E-16 ) ) ;
#117 = EDGE_LOOP ( 'NONE', ( #1505, #2222, #1648, #242, #1203, #1223, #1994 ) ) ;
#118 = CARTESIAN_POINT ( 'NONE',  ( 17.39079295892132393, 58.43485012704325499, 1015.353282926499332 ) ) ;
#119 = CARTESIAN_POINT ( 'NONE',  ( 31.80000000000000071, 60.81035901430625756, 1012.453282926499355 ) ) ;
#120 = EDGE_CURVE ( 'NONE', #2212, #45, #2000, .T. ) ;
#121 = FACE_OUTER_BOUND ( 'NONE', #995, .T. ) ;
#122 = VECTOR ( 'NONE', #1220, 1000.000000000000000 ) ;
#123 = CARTESIAN_POINT ( 'NONE',  ( 17.39506741895964481, 56.21742762128913995, 1022.839796138279780 ) ) ;
#124 = AXIS2_PLACEMENT_3D ( 'NONE', #1349, #2114, #1164 ) ;
#125 =( LENGTH_UNIT ( ) NAMED_UNIT ( * ) SI_UNIT ( .MILLI., .METRE. ) );
#126 = LINE ( 'NONE', #1126, #1955 ) ;
#127 = ORIENTED_EDGE ( 'NONE', *, *, #2269, .F. ) ;
#128 = CARTESIAN_POINT ( 'NONE',  ( 25.00765992253921155, 63.71742762128913995, 1011.753282926499423 ) ) ;
#129 = VERTEX_POINT ( 'NONE', #261 ) ;
#130 = ORIENTED_EDGE ( 'NONE', *, *, #799, .F. ) ;
#131 = CARTESIAN_POINT ( 'NONE',  ( 31.50000000000004974, 60.98356409506329356, 1012.153282926499401 ) ) ;
#132 = EDGE_CURVE ( 'NONE', #469, #2157, #666, .T. ) ;
#133 = AXIS2_PLACEMENT_3D ( 'NONE', #10, #2187, #441 ) ;
#134 = CARTESIAN_POINT ( 'NONE',  ( 15.19079295892129622, 56.59034320653366734, 1015.803282926499378 ) ) ;
#135 = CARTESIAN_POINT ( 'NONE',  ( 17.64506741895960218, 56.46742762128909732, 1011.353282926499332 ) ) ;
#136 = AXIS2_PLACEMENT_3D ( 'NONE', #983, #226, #1753 ) ;
#137 = CARTESIAN_POINT ( 'NONE',  ( 15.19079295892127490, 52.52969166723893579, 1015.503282926499423 ) ) ;
#138 = DIRECTION ( 'NONE',  ( 0.000000000000000000, 1.000000000000000000, 0.000000000000000000 ) ) ;
#139 = EDGE_CURVE ( 'NONE', #2268, #161, #472, .T. ) ;
#140 = ORIENTED_EDGE ( 'NONE', *, *, #218, .F. ) ;
#141 = CARTESIAN_POINT ( 'NONE',  ( 4.819600323429970246, 58.87623561252111415, 1015.803282926499378 ) ) ;
#142 = ORIENTED_EDGE ( 'NONE', *, *, #1644, .F. ) ;
#143 = LINE ( 'NONE', #924, #1596 ) ;
#144 = EDGE_CURVE ( 'NONE', #2017, #2294, #1250, .T. ) ;
#145 = DIRECTION ( 'NONE',  ( 0.000000000000000000, 0.8660254037844371533, -0.5000000000000027756 ) ) ;
#146 = FACE_OUTER_BOUND ( 'NONE', #1112, .T. ) ;
#147 = ADVANCED_FACE ( 'NONE', ( #1236 ), #57, .F. ) ;
#148 = CARTESIAN_POINT ( 'NONE',  ( 27.19079295892128556, 60.98356409506354936, 1015.803282926499378 ) ) ;
#149 = VERTEX_POINT ( 'NONE', #1568 ) ;
#150 = ADVANCED_FACE ( 'NONE', ( #1985 ), #1815, .T. ) ;
#151 = CARTESIAN_POINT ( 'NONE',  ( 26.19079295892130688, 58.52982545100736189, 1012.753282926499310 ) ) ;
#152 = ORIENTED_EDGE ( 'NONE', *, *, #1795, .T. ) ;
#153 = EDGE_LOOP ( 'NONE', ( #574, #2021, #2291, #1089 ) ) ;
#154 = PRODUCT_DEFINITION_CONTEXT ( 'detailed design', #2034, 'design' ) ;
#155 = EDGE_CURVE ( 'NONE', #1020, #1443, #2351, .T. ) ;
#156 = PLANE ( 'NONE',  #1155 ) ;
#157 = LINE ( 'NONE', #203, #360 ) ;
#158 = VECTOR ( 'NONE', #837, 1000.000000000000000 ) ;
#159 = FACE_OUTER_BOUND ( 'NONE', #2091, .T. ) ;
#160 = CARTESIAN_POINT ( 'NONE',  ( 18.57257264263078156, 60.07279102952876570, 1010.575777702828304 ) ) ;
#161 = VERTEX_POINT ( 'NONE', #1802 ) ;
#162 = CARTESIAN_POINT ( 'NONE',  ( 27.19079295892126069, 55.09034320653370287, 1013.753282926499196 ) ) ;
#163 = ORIENTED_EDGE ( 'NONE', *, *, #1866, .F. ) ;
#164 = ORIENTED_EDGE ( 'NONE', *, *, #1502, .T. ) ;
#165 = LINE ( 'NONE', #580, #1278 ) ;
#166 = CARTESIAN_POINT ( 'NONE',  ( 25.00765992253921155, 56.21742762128913995, 1011.753282926499423 ) ) ;
#167 = VECTOR ( 'NONE', #1887, 1000.000000000000000 ) ;
#168 = CARTESIAN_POINT ( 'NONE',  ( 25.39079295892126353, 52.52969166723900685, 1014.453282926499355 ) ) ;
#169 = DIRECTION ( 'NONE',  ( 0.000000000000000000, -1.000000000000000000, 0.000000000000000000 ) ) ;
#170 = EDGE_LOOP ( 'NONE', ( #1796, #2101, #1387, #833 ) ) ;
#171 = AXIS2_PLACEMENT_3D ( 'NONE', #996, #1951, #19 ) ;
#172 = EDGE_CURVE ( 'NONE', #469, #2070, #1626, .T. ) ;
#173 = DIRECTION ( 'NONE',  ( -4.996003610813198910E-15, -1.000000000000000000, 0.000000000000000000 ) ) ;
#174 = VECTOR ( 'NONE', #953, 1000.000000000000000 ) ;
#175 = ORIENTED_EDGE ( 'NONE', *, *, #2501, .T. ) ;
#176 = EDGE_LOOP ( 'NONE', ( #53, #1283, #2148, #1989 ) ) ;
#177 = ORIENTED_EDGE ( 'NONE', *, *, #1930, .F. ) ;
#178 = ADVANCED_FACE ( 'NONE', ( #1057 ), #624, .F. ) ;
#179 = EDGE_CURVE ( 'NONE', #1130, #812, #2393, .T. ) ;
#180 = CARTESIAN_POINT ( 'NONE',  ( 16.99079295892132180, 66.29034320653369150, 0.000000000000000000 ) ) ;
#181 = DIRECTION ( 'NONE',  ( -4.996003610813198910E-15, -1.000000000000000000, 1.224646799147602684E-16 ) ) ;
#182 = CARTESIAN_POINT ( 'NONE',  ( 24.99079295892130403, 58.43485012704307735, 1015.803282926499378 ) ) ;
#183 = DIRECTION ( 'NONE',  ( -0.7071067811866648123, 0.7071067811864303332, -5.485497094757521734E-15 ) ) ;
#184 = ORIENTED_EDGE ( 'NONE', *, *, #35, .T. ) ;
#185 = ORIENTED_EDGE ( 'NONE', *, *, #1059, .F. ) ;
#186 = DIRECTION ( 'NONE',  ( 1.000000000000000000, -0.000000000000000000, -0.000000000000000000 ) ) ;
#187 = ORIENTED_EDGE ( 'NONE', *, *, #2014, .T. ) ;
#188 = CARTESIAN_POINT ( 'NONE',  ( 16.99079295892132180, 66.29034320653369150, 1014.903282926499173 ) ) ;
#189 = CARTESIAN_POINT ( 'NONE',  ( 18.12719530594978323, 64.15394085950846659, 1023.516880579471035 ) ) ;
#190 = VERTEX_POINT ( 'NONE', #2206 ) ;
#191 = EDGE_CURVE ( 'NONE', #1622, #1331, #609, .T. ) ;
#192 = CARTESIAN_POINT ( 'NONE',  ( 16.39506741895970166, 58.52982545100736189, 1012.753282926499310 ) ) ;
#193 = ORIENTED_EDGE ( 'NONE', *, *, #1135, .T. ) ;
#194 = VECTOR ( 'NONE', #546, 1000.000000000000000 ) ;
#195 = CARTESIAN_POINT ( 'NONE',  ( 15.19079295892132286, 62.03722833633447209, 1013.978282926499560 ) ) ;
#196 = ORIENTED_EDGE ( 'NONE', *, *, #560, .T. ) ;
#197 = LINE ( 'NONE', #406, #299 ) ;
#198 = VECTOR ( 'NONE', #1499, 1000.000000000000000 ) ;
#199 = ORIENTED_EDGE ( 'NONE', *, *, #2106, .F. ) ;
#200 = EDGE_CURVE ( 'NONE', #1757, #1563, #2167, .T. ) ;
#201 = EDGE_LOOP ( 'NONE', ( #1973, #142, #88, #1374 ) ) ;
#202 = CARTESIAN_POINT ( 'NONE',  ( 3.765712139356384679E-13, 66.29034320653379098, 0.000000000000000000 ) ) ;
#203 = CARTESIAN_POINT ( 'NONE',  ( 27.19079295892126424, 56.59034320653348260, 1.187907395173194496E-15 ) ) ;
#204 = EDGE_CURVE ( 'NONE', #2361, #844, #838, .T. ) ;
#205 = LINE ( 'NONE', #2326, #503 ) ;
#206 = LINE ( 'NONE', #801, #951 ) ;
#207 = EDGE_LOOP ( 'NONE', ( #2499, #1860, #2367, #2067, #2032, #140, #305, #229 ) ) ;
#208 = VECTOR ( 'NONE', #1260, 1000.000000000000114 ) ;
#209 = ADVANCED_FACE ( 'NONE', ( #39 ), #810, .T. ) ;
#210 = DIRECTION ( 'NONE',  ( -3.532708032038409212E-15, -0.7071067811865313635, 0.7071067811865637820 ) ) ;
#211 = ORIENTED_EDGE ( 'NONE', *, *, #2243, .F. ) ;
#212 = LINE ( 'NONE', #1375, #1999 ) ;
#213 = AXIS2_PLACEMENT_3D ( 'NONE', #314, #1880, #138 ) ;
#214 = ORIENTED_EDGE ( 'NONE', *, *, #2447, .T. ) ;
#215 = VECTOR ( 'NONE', #246, 1000.000000000000114 ) ;
#216 = ORIENTED_EDGE ( 'NONE', *, *, #742, .F. ) ;
#217 = CARTESIAN_POINT ( 'NONE',  ( 15.49079295892136621, 56.29034320653369150, 1015.503282926499423 ) ) ;
#218 = EDGE_CURVE ( 'NONE', #2118, #969, #2365, .T. ) ;
#219 = FACE_OUTER_BOUND ( 'NONE', #251, .T. ) ;
#220 = CARTESIAN_POINT ( 'NONE',  ( 27.19079295892126069, 55.09034320653357497, 7.592810154715201084E-16 ) ) ;
#221 = EDGE_CURVE ( 'NONE', #756, #892, #2178, .T. ) ;
#222 = PLANE ( 'NONE',  #1647 ) ;
#223 = ORIENTED_EDGE ( 'NONE', *, *, #909, .T. ) ;
#224 = CARTESIAN_POINT ( 'NONE',  ( 25.00765992253921155, 56.21742762128913995, 1011.753282926499423 ) ) ;
#225 = ORIENTED_EDGE ( 'NONE', *, *, #824, .T. ) ;
#226 = DIRECTION ( 'NONE',  ( -0.7071067811864102381, 0.000000000000000000, 0.7071067811866850183 ) ) ;
#227 = ORIENTED_EDGE ( 'NONE', *, *, #1941, .T. ) ;
#228 = LINE ( 'NONE', #239, #1382 ) ;
#229 = ORIENTED_EDGE ( 'NONE', *, *, #139, .F. ) ;
#230 = FACE_OUTER_BOUND ( 'NONE', #423, .T. ) ;
#231 = DIRECTION ( 'NONE',  ( 0.5773502691896111871, 0.5773502691896157391, 0.5773502691896502670 ) ) ;
#232 = DIRECTION ( 'NONE',  ( 0.000000000000000000, -1.000000000000000000, 0.000000000000000000 ) ) ;
#233 = PLANE ( 'NONE',  #2408 ) ;
#234 = ORIENTED_EDGE ( 'NONE', *, *, #1090, .T. ) ;
#235 = LINE ( 'NONE', #1789, #1307 ) ;
#236 = ORIENTED_EDGE ( 'NONE', *, *, #1502, .F. ) ;
#237 = CARTESIAN_POINT ( 'NONE',  ( 16.99079295892127561, 57.57704735883923064, 1.067070986990513220E-15 ) ) ;
#238 = ORIENTED_EDGE ( 'NONE', *, *, #1271, .F. ) ;
#239 = CARTESIAN_POINT ( 'NONE',  ( 25.39079295892133104, 65.39034320653374266, 1015.803282926499378 ) ) ;
#240 = VECTOR ( 'NONE', #1982, 1000.000000000000000 ) ;
#241 = AXIS2_PLACEMENT_3D ( 'NONE', #940, #1136, #559 ) ;
#242 = ORIENTED_EDGE ( 'NONE', *, *, #1132, .F. ) ;
#243 = PLANE ( 'NONE',  #372 ) ;
#244 = DIRECTION ( 'NONE',  ( 1.000000000000000000, -0.000000000000000000, -0.000000000000000000 ) ) ;
#245 = DIRECTION ( 'NONE',  ( 0.000000000000000000, 0.5000000000000027756, 0.8660254037844371533 ) ) ;
#246 = DIRECTION ( 'NONE',  ( 0.6546536707080634621, 0.3779644730088760340, 0.6546536707080935491 ) ) ;
#247 = ORIENTED_EDGE ( 'NONE', *, *, #674, .T. ) ;
#248 = DIRECTION ( 'NONE',  ( -1.000000000000000000, 0.000000000000000000, 9.441882454494335091E-31 ) ) ;
#249 = EDGE_LOOP ( 'NONE', ( #1389, #620, #238, #27 ) ) ;
#250 = CARTESIAN_POINT ( 'NONE',  ( 0.000000000000000000, 56.46742762128909732, 1011.353282926499332 ) ) ;
#251 = EDGE_LOOP ( 'NONE', ( #668, #1585, #1912, #885 ) ) ;
#252 = VECTOR ( 'NONE', #1045, 1000.000000000000000 ) ;
#253 = CARTESIAN_POINT ( 'NONE',  ( 0.000000000000000000, 63.46742762128918258, 1011.353282926499332 ) ) ;
#254 = VECTOR ( 'NONE', #768, 1000.000000000000114 ) ;
#255 = ADVANCED_FACE ( 'NONE', ( #651 ), #2191, .F. ) ;
#256 = VECTOR ( 'NONE', #2428, 999.9999999999998863 ) ;
#257 = ORIENTED_EDGE ( 'NONE', *, *, #2272, .F. ) ;
#258 = AXIS2_PLACEMENT_3D ( 'NONE', #1400, #1599, #1004 ) ;
#259 = PLANE ( 'NONE',  #295 ) ;
#260 = CARTESIAN_POINT ( 'NONE',  ( 31.50000000000004974, 60.98356409506329356, 1012.153282926499401 ) ) ;
#261 = CARTESIAN_POINT ( 'NONE',  ( 15.49079295892137154, 56.59034320653377392, 1015.803282926499378 ) ) ;
#262 = PLANE ( 'NONE',  #258 ) ;
#263 = ORIENTED_EDGE ( 'NONE', *, *, #1537, .F. ) ;
#264 = DIRECTION ( 'NONE',  ( -4.996003610813198910E-15, -1.000000000000000000, 1.224646799147602684E-16 ) ) ;
#265 = ORIENTED_EDGE ( 'NONE', *, *, #2232, .T. ) ;
#266 = DIRECTION ( 'NONE',  ( -1.000000000000000000, 4.260475912333060176E-15, 4.224304265610189659E-31 ) ) ;
#267 = ORIENTED_EDGE ( 'NONE', *, *, #1451, .F. ) ;
#268 = SURFACE_SIDE_STYLE ('',( #2158 ) ) ;
#269 = EDGE_CURVE ( 'NONE', #1522, #685, #534, .T. ) ;
#270 = VERTEX_POINT ( 'NONE', #888 ) ;
#271 = LINE ( 'NONE', #1854, #256 ) ;
#272 = CARTESIAN_POINT ( 'NONE',  ( 17.19079295892128556, 56.29034320653368439, 1015.503282926499423 ) ) ;
#273 = CARTESIAN_POINT ( 'NONE',  ( 20.84434347201926130, 61.83679269343568308, 1008.099732413400943 ) ) ;
#274 = LINE ( 'NONE', #58, #1720 ) ;
#275 = CARTESIAN_POINT ( 'NONE',  ( 12.02288268583488318, 46.92332939773515932, 1015.353282926499332 ) ) ;
#276 = VERTEX_POINT ( 'NONE', #2061 ) ;
#277 = LINE ( 'NONE', #1416, #1441 ) ;
#278 = ADVANCED_FACE ( 'NONE', ( #2254 ), #1311, .F. ) ;
#279 = EDGE_LOOP ( 'NONE', ( #2201, #1005, #15, #1408, #2126, #1290 ) ) ;
#280 = DIRECTION ( 'NONE',  ( 0.9063077870366483824, -0.4226182617407029940, 5.175581015020701553E-17 ) ) ;
#281 = PRESENTATION_LAYER_ASSIGNMENT (  '', '', ( #2513 ) ) ;
#282 = ORIENTED_EDGE ( 'NONE', *, *, #172, .F. ) ;
#283 = CARTESIAN_POINT ( 'NONE',  ( 10.64506741895965369, 59.04944069327819989, 1012.453282926499355 ) ) ;
#284 = LINE ( 'NONE', #1653, #533 ) ;
#285 = AXIS2_PLACEMENT_3D ( 'NONE', #2194, #803, #264 ) ;
#286 = ADVANCED_FACE ( 'NONE', ( #1877 ), #1654, .F. ) ;
#287 = LINE ( 'NONE', #1070, #1075 ) ;
#288 = DIRECTION ( 'NONE',  ( 0.000000000000000000, 0.000000000000000000, 1.000000000000000000 ) ) ;
#289 = EDGE_CURVE ( 'NONE', #1212, #2353, #690, .T. ) ;
#290 = DIRECTION ( 'NONE',  ( 0.000000000000000000, -1.000000000000000000, 1.224646799147602931E-16 ) ) ;
#291 = PLANE ( 'NONE',  #1719 ) ;
#292 = ORIENTED_EDGE ( 'NONE', *, *, #2350, .T. ) ;
#293 = EDGE_CURVE ( 'NONE', #1007, #1179, #2227, .T. ) ;
#294 = CARTESIAN_POINT ( 'NONE',  ( 10.94506741895967394, 58.87623561252111415, 1015.803282926499378 ) ) ;
#295 = AXIS2_PLACEMENT_3D ( 'NONE', #1813, #2176, #822 ) ;
#296 = ORIENTED_EDGE ( 'NONE', *, *, #767, .T. ) ;
#297 = LINE ( 'NONE', #698, #2079 ) ;
#298 = DIRECTION ( 'NONE',  ( 1.000000000000000000, -0.000000000000000000, -0.000000000000000000 ) ) ;
#299 = VECTOR ( 'NONE', #1698, 1000.000000000000000 ) ;
#300 = VECTOR ( 'NONE', #2207, 1000.000000000000000 ) ;
#301 = CARTESIAN_POINT ( 'NONE',  ( 16.99079295892132180, 66.29034320653371992, 1013.553282926499264 ) ) ;
#302 = DIRECTION ( 'NONE',  ( -0.5773502691896353900, -0.5773502691896370553, -0.5773502691896049699 ) ) ;
#303 = DIRECTION ( 'NONE',  ( -3.532708032038517680E-15, -0.7071067811865530128, 0.7071067811865421326 ) ) ;
#304 = DIRECTION ( 'NONE',  ( 1.000000000000000000, -4.260475912333060176E-15, 0.000000000000000000 ) ) ;
#305 = ORIENTED_EDGE ( 'NONE', *, *, #1332, .F. ) ;
#306 = CARTESIAN_POINT ( 'NONE',  ( 26.89079295892131682, 58.87623561252100757, 1015.803282926499378 ) ) ;
#307 = EDGE_LOOP ( 'NONE', ( #637, #827, #1432, #257 ) ) ;
#308 = CARTESIAN_POINT ( 'NONE',  ( 3.078229491581798270E-13, 52.52969166723901395, 1012.753282926499310 ) ) ;
#309 = DIRECTION ( 'NONE',  ( 0.000000000000000000, 0.4999999999999976685, -0.8660254037844399289 ) ) ;
#310 = CARTESIAN_POINT ( 'NONE',  ( 17.73171040085459893, 56.44612066457943911, 1004.294200368431916 ) ) ;
#311 = DIRECTION ( 'NONE',  ( 0.6546536707079075867, -0.3779644730096649585, 0.6546536707077938999 ) ) ;
#312 = EDGE_CURVE ( 'NONE', #2314, #670, #1487, .T. ) ;
#313 = DIRECTION ( 'NONE',  ( 1.000000000000000000, -4.260475912333060176E-15, -4.224304265610189659E-31 ) ) ;
#314 = CARTESIAN_POINT ( 'NONE',  ( 31.50000000000004974, 58.87623561252111415, 1015.803282926499378 ) ) ;
#315 = VERTEX_POINT ( 'NONE', #1462 ) ;
#316 = ADVANCED_FACE ( 'NONE', ( #715 ), #338, .T. ) ;
#317 = DIRECTION ( 'NONE',  ( 0.6546536707079940731, -0.7559289460184398513, 8.524236165812777213E-13 ) ) ;
#318 = VERTEX_POINT ( 'NONE', #511 ) ;
#319 = EDGE_CURVE ( 'NONE', #969, #1340, #2456, .T. ) ;
#320 = VERTEX_POINT ( 'NONE', #301 ) ;
#321 = PLANE ( 'NONE',  #1281 ) ;
#322 = VECTOR ( 'NONE', #1650, 1000.000000000000000 ) ;
#323 = ADVANCED_FACE ( 'NONE', ( #121 ), #2051, .T. ) ;
#324 = DIRECTION ( 'NONE',  ( -1.000000000000000000, 4.996003610813198910E-15, 0.000000000000000000 ) ) ;
#325 = AXIS2_PLACEMENT_3D ( 'NONE', #2459, #328, #2030 ) ;
#326 = CARTESIAN_POINT ( 'NONE',  ( 15.49079295892136443, 55.39034320653384924, 1014.753282926499310 ) ) ;
#327 = AXIS2_PLACEMENT_3D ( 'NONE', #613, #1388, #418 ) ;
#328 = DIRECTION ( 'NONE',  ( 3.532708032037832949E-15, 0.7071067811864160113, -0.7071067811866791342 ) ) ;
#329 = LINE ( 'NONE', #1500, #337 ) ;
#330 = ORIENTED_EDGE ( 'NONE', *, *, #1427, .T. ) ;
#331 = FACE_OUTER_BOUND ( 'NONE', #477, .T. ) ;
#332 = EDGE_CURVE ( 'NONE', #1394, #764, #1856, .T. ) ;
#333 = EDGE_CURVE ( 'NONE', #757, #764, #2219, .T. ) ;
#334 = CARTESIAN_POINT ( 'NONE',  ( 15.19079295892134951, 67.49034320653372276, 0.000000000000000000 ) ) ;
#335 = VECTOR ( 'NONE', #1579, 1000.000000000000000 ) ;
#336 = PRODUCT_DEFINITION_SHAPE ( 'NONE', 'NONE',  #778 ) ;
#337 = VECTOR ( 'NONE', #304, 1000.000000000000000 ) ;
#338 = PLANE ( 'NONE',  #628 ) ;
#339 = DIRECTION ( 'NONE',  ( -0.7071067811867404185, -0.6123724356956284920, -0.3535533905931756982 ) ) ;
#340 = AXIS2_PLACEMENT_3D ( 'NONE', #1298, #486, #2062 ) ;
#341 = DIRECTION ( 'NONE',  ( 1.000000000000000000, -5.680634549777416724E-15, 7.422689985361139341E-31 ) ) ;
#342 = ORIENTED_EDGE ( 'NONE', *, *, #954, .T. ) ;
#343 = DIRECTION ( 'NONE',  ( 0.000000000000000000, 0.000000000000000000, -1.000000000000000000 ) ) ;
#344 = ORIENTED_EDGE ( 'NONE', *, *, #1837, .T. ) ;
#345 = ADVANCED_FACE ( 'NONE', ( #1497 ), #522, .F. ) ;
#346 = PLANE ( 'NONE',  #1353 ) ;
#347 = DIRECTION ( 'NONE',  ( 0.000000000000000000, 0.4999999999999976685, -0.8660254037844400399 ) ) ;
#348 =( NAMED_UNIT ( * ) SI_UNIT ( $, .STERADIAN. ) SOLID_ANGLE_UNIT ( ) );
#349 = LINE ( 'NONE', #572, #1513 ) ;
#350 = CARTESIAN_POINT ( 'NONE',  ( 4.819600323429970246, 62.03722833633448630, 1013.978282926499560 ) ) ;
#351 = ORIENTED_EDGE ( 'NONE', *, *, #2469, .T. ) ;
#352 = EDGE_CURVE ( 'NONE', #2258, #64, #2430, .T. ) ;
#353 = DIRECTION ( 'NONE',  ( -1.000000000000000000, 4.260475912333060176E-15, 0.000000000000000000 ) ) ;
#354 = EDGE_CURVE ( 'NONE', #2180, #2355, #287, .T. ) ;
#355 = ORIENTED_EDGE ( 'NONE', *, *, #362, .T. ) ;
#356 = EDGE_LOOP ( 'NONE', ( #396, #367, #857, #1752 ) ) ;
#357 = PLANE ( 'NONE',  #745 ) ;
#358 = ADVANCED_FACE ( 'NONE', ( #1676 ), #98, .T. ) ;
#359 = DIRECTION ( 'NONE',  ( -1.000000000000000000, 5.221186213742997318E-15, -5.882653977649036757E-32 ) ) ;
#360 = VECTOR ( 'NONE', #1171, 1000.000000000000000 ) ;
#361 = CARTESIAN_POINT ( 'NONE',  ( 27.19079295892131753, 67.49034320653368013, 1013.753282926499196 ) ) ;
#362 = EDGE_CURVE ( 'NONE', #2157, #1725, #384, .T. ) ;
#363 = DIRECTION ( 'NONE',  ( -4.996003610813198910E-15, -1.000000000000000000, 1.224646799147602684E-16 ) ) ;
#364 = ORIENTED_EDGE ( 'NONE', *, *, #333, .T. ) ;
#365 = VECTOR ( 'NONE', #1847, 1000.000000000000114 ) ;
#366 = DIRECTION ( 'NONE',  ( -0.5773502691894233374, -0.5773502691896101879, 0.5773502691898438899 ) ) ;
#367 = ORIENTED_EDGE ( 'NONE', *, *, #2214, .F. ) ;
#368 = ADVANCED_FACE ( 'NONE', ( #1518 ), #736, .F. ) ;
#369 = ORIENTED_EDGE ( 'NONE', *, *, #2493, .F. ) ;
#370 = LINE ( 'NONE', #1157, #254 ) ;
#371 = DIRECTION ( 'NONE',  ( -1.000000000000000000, 5.221186213742997318E-15, -5.882653977649036757E-32 ) ) ;
#372 = AXIS2_PLACEMENT_3D ( 'NONE', #2348, #836, #1566 ) ;
#373 = CARTESIAN_POINT ( 'NONE',  ( 15.19079295892127490, 52.52969166723893579, 1.685193786178288190E-15 ) ) ;
#374 = LINE ( 'NONE', #1161, #874 ) ;
#375 = VERTEX_POINT ( 'NONE', #1699 ) ;
#376 = VECTOR ( 'NONE', #1390, 1000.000000000000000 ) ;
#377 = VECTOR ( 'NONE', #1184, 1000.000000000000000 ) ;
#378 = ORIENTED_EDGE ( 'NONE', *, *, #16, .F. ) ;
#379 = DIRECTION ( 'NONE',  ( 0.000000000000000000, 0.000000000000000000, -1.000000000000000000 ) ) ;
#380 = ORIENTED_EDGE ( 'NONE', *, *, #485, .T. ) ;
#381 = EDGE_CURVE ( 'NONE', #1587, #2284, #2323, .T. ) ;
#382 = ADVANCED_FACE ( 'NONE', ( #2122 ), #925, .T. ) ;
#383 = EDGE_LOOP ( 'NONE', ( #1268, #1575, #1189, #2477 ) ) ;
#384 = LINE ( 'NONE', #2286, #1843 ) ;
#385 = DIRECTION ( 'NONE',  ( 0.000000000000000000, -0.5000000000000063283, -0.8660254037844349329 ) ) ;
#386 = DIRECTION ( 'NONE',  ( 6.118339830512249160E-31, 1.224646799147602684E-16, 1.000000000000000000 ) ) ;
#387 = CARTESIAN_POINT ( 'NONE',  ( 15.19079295892134596, 66.59034320653381656, 1014.753282926499310 ) ) ;
#388 = ORIENTED_EDGE ( 'NONE', *, *, #1571, .F. ) ;
#389 = PLANE ( 'NONE',  #124 ) ;
#390 = ORIENTED_EDGE ( 'NONE', *, *, #333, .F. ) ;
#391 = CARTESIAN_POINT ( 'NONE',  ( 25.99079295892124009, 56.29034320653364176, 1015.503282926499423 ) ) ;
#392 = ORIENTED_EDGE ( 'NONE', *, *, #1545, .T. ) ;
#393 = EDGE_CURVE ( 'NONE', #2268, #1749, #1170, .T. ) ;
#394 = ORIENTED_EDGE ( 'NONE', *, *, #717, .T. ) ;
#395 = ADVANCED_FACE ( 'NONE', ( #2136 ), #357, .F. ) ;
#396 = ORIENTED_EDGE ( 'NONE', *, *, #788, .F. ) ;
#397 = CARTESIAN_POINT ( 'NONE',  ( 25.39079295892128840, 57.57704735883915248, 1.067070986990516375E-15 ) ) ;
#398 = DIRECTION ( 'NONE',  ( 1.000000000000000000, 0.000000000000000000, -0.000000000000000000 ) ) ;
#399 = EDGE_CURVE ( 'NONE', #1179, #1687, #758, .T. ) ;
#400 = DIRECTION ( 'NONE',  ( -2.498001805406587622E-15, -0.4999999999999976685, 0.8660254037844399289 ) ) ;
#401 = DIRECTION ( 'NONE',  ( 3.532708032038486520E-15, 0.7071067811865467956, -0.7071067811865483499 ) ) ;
#402 = ORIENTED_EDGE ( 'NONE', *, *, #916, .T. ) ;
#403 = VECTOR ( 'NONE', #1356, 1000.000000000000000 ) ;
#404 = CARTESIAN_POINT ( 'NONE',  ( 17.39079295892386412, 566.8616589001362627, 514.3319672328738079 ) ) ;
#405 = ORIENTED_EDGE ( 'NONE', *, *, #1559, .T. ) ;
#406 = CARTESIAN_POINT ( 'NONE',  ( 4.819600323429970246, 60.98356409506329356, 1012.153282926499401 ) ) ;
#407 = VECTOR ( 'NONE', #2462, 999.9999999999998863 ) ;
#408 = EDGE_LOOP ( 'NONE', ( #1600, #2251, #1352, #185, #2102, #127 ) ) ;
#409 = EDGE_CURVE ( 'NONE', #1667, #958, #2308, .T. ) ;
#410 = ORIENTED_EDGE ( 'NONE', *, *, #548, .F. ) ;
#411 = FACE_OUTER_BOUND ( 'NONE', #1456, .T. ) ;
#412 = DIRECTION ( 'NONE',  ( -0.6546536707079667616, -0.3779644730092289739, 0.6546536707079864126 ) ) ;
#413 = AXIS2_PLACEMENT_3D ( 'NONE', #1896, #1732, #1918 ) ;
#414 = CARTESIAN_POINT ( 'NONE',  ( 24.99079295892125785, 58.43485012704305603, 9.620204455524313241E-16 ) ) ;
#415 = LINE ( 'NONE', #2507, #97 ) ;
#416 = ORIENTED_EDGE ( 'NONE', *, *, #1135, .F. ) ;
#417 = VECTOR ( 'NONE', #245, 999.9999999999998863 ) ;
#418 = DIRECTION ( 'NONE',  ( 6.118339830512249160E-31, 1.224646799147602684E-16, 1.000000000000000000 ) ) ;
#419 = ORIENTED_EDGE ( 'NONE', *, *, #144, .T. ) ;
#420 = CARTESIAN_POINT ( 'NONE',  ( 10.64506741895965369, 59.04944069327821410, 1015.503282926499423 ) ) ;
#421 = AXIS2_PLACEMENT_3D ( 'NONE', #2370, #631, #1405 ) ;
#422 = ORIENTED_EDGE ( 'NONE', *, *, #1577, .F. ) ;
#423 = EDGE_LOOP ( 'NONE', ( #2322, #956, #1022, #672 ) ) ;
#424 = AXIS2_PLACEMENT_3D ( 'NONE', #2015, #2168, #866 ) ;
#425 =( LENGTH_UNIT ( ) NAMED_UNIT ( * ) SI_UNIT ( .MILLI., .METRE. ) );
#426 = EDGE_CURVE ( 'NONE', #45, #320, #2095, .T. ) ;
#427 = VERTEX_POINT ( 'NONE', #1528 ) ;
#428 = CARTESIAN_POINT ( 'NONE',  ( 4.819600323429970246, 58.87623561252109994, 1012.153282926499401 ) ) ;
#429 = DIRECTION ( 'NONE',  ( 0.5773502691897005601, 0.5773502691897005601, 0.5773502691894760730 ) ) ;
#430 = CARTESIAN_POINT ( 'NONE',  ( 9.874567543708874240, 55.63370635721969393, 1010.187057511288799 ) ) ;
#431 = DIRECTION ( 'NONE',  ( 0.7071067811865726638, -3.446112426415051453E-15, 0.7071067811865223707 ) ) ;
#432 = ORIENTED_EDGE ( 'NONE', *, *, #2170, .F. ) ;
#433 = DIRECTION ( 'NONE',  ( -0.6546536707079508854, -0.3779644730092368565, 0.6546536707079977369 ) ) ;
#434 = ORIENTED_EDGE ( 'NONE', *, *, #593, .F. ) ;
#435 = FACE_OUTER_BOUND ( 'NONE', #117, .T. ) ;
#436 = EDGE_LOOP ( 'NONE', ( #2293, #551, #1651, #1232, #818, #2339, #390 ) ) ;
#437 = ORIENTED_EDGE ( 'NONE', *, *, #1800, .F. ) ;
#438 = EDGE_CURVE ( 'NONE', #1152, #1212, #1928, .T. ) ;
#439 = CARTESIAN_POINT ( 'NONE',  ( 17.39079295892132393, 58.43485012704325499, 1015.803282926499378 ) ) ;
#440 = ORIENTED_EDGE ( 'NONE', *, *, #1644, .T. ) ;
#441 = DIRECTION ( 'NONE',  ( 0.000000000000000000, 1.000000000000000000, -1.224646799147602684E-16 ) ) ;
#442 = LINE ( 'NONE', #2165, #858 ) ;
#443 = EDGE_CURVE ( 'NONE', #64, #1212, #2086, .T. ) ;
#444 = DIRECTION ( 'NONE',  ( -0.5773502691896129635, -0.5773502691896350569, 0.5773502691896292838 ) ) ;
#445 = PLANE ( 'NONE',  #2487 ) ;
#446 = VERTEX_POINT ( 'NONE', #1904 ) ;
#447 = EDGE_CURVE ( 'NONE', #1081, #190, #165, .T. ) ;
#448 = DIRECTION ( 'NONE',  ( -4.996003610813198910E-15, -1.000000000000000000, 1.224646799147602684E-16 ) ) ;
#449 = VERTEX_POINT ( 'NONE', #949 ) ;
#450 = CARTESIAN_POINT ( 'NONE',  ( 31.80000000000000071, 60.81035901430690416, 1015.503282926499423 ) ) ;
#451 = ORIENTED_EDGE ( 'NONE', *, *, #2214, .T. ) ;
#452 = AXIS2_PLACEMENT_3D ( 'NONE', #38, #68, #1436 ) ;
#453 = VECTOR ( 'NONE', #317, 1000.000000000000114 ) ;
#454 = VERTEX_POINT ( 'NONE', #545 ) ;
#455 = DIRECTION ( 'NONE',  ( 5.680634549777415935E-15, 1.000000000000000000, 0.000000000000000000 ) ) ;
#456 = LINE ( 'NONE', #1234, #895 ) ;
#457 = CARTESIAN_POINT ( 'NONE',  ( 27.19079295892124293, 52.52969166723886474, 1.685193786178288190E-15 ) ) ;
#458 = CARTESIAN_POINT ( 'NONE',  ( 21.94508127118898599, 60.65484896993890374, 1008.690704275149415 ) ) ;
#459 = EDGE_LOOP ( 'NONE', ( #1277, #1191, #211, #1429 ) ) ;
#460 = ADVANCED_FACE ( 'NONE', ( #569 ), #346, .F. ) ;
#461 = LINE ( 'NONE', #1776, #1740 ) ;
#462 = ORIENTED_EDGE ( 'NONE', *, *, #1292, .T. ) ;
#463 = FACE_OUTER_BOUND ( 'NONE', #861, .T. ) ;
#464 = VERTEX_POINT ( 'NONE', #188 ) ;
#465 = DIRECTION ( 'NONE',  ( 6.676419110739111785E-31, 0.7071067811865597852, 0.7071067811865352493 ) ) ;
#466 = VECTOR ( 'NONE', #2074, 1000.000000000000000 ) ;
#467 = VECTOR ( 'NONE', #1679, 999.9999999999998863 ) ;
#468 = ADVANCED_FACE ( 'NONE', ( #1721 ), #156, .F. ) ;
#469 = VERTEX_POINT ( 'NONE', #2107 ) ;
#470 = CARTESIAN_POINT ( 'NONE',  ( 26.89079295892134880, 65.39034320653372845, 1015.803282926499378 ) ) ;
#471 = CARTESIAN_POINT ( 'NONE',  ( 25.39079295892133459, 56.29034320653371992, 1013.553282926499264 ) ) ;
#472 = LINE ( 'NONE', #2013, #1997 ) ;
#473 = CARTESIAN_POINT ( 'NONE',  ( 15.19079295892134951, 67.49034320653372276, 1013.753282926499196 ) ) ;
#474 = DIRECTION ( 'NONE',  ( 4.996003610813198910E-15, 1.000000000000000000, -1.224646799147602931E-16 ) ) ;
#475 = ORIENTED_EDGE ( 'NONE', *, *, #852, .T. ) ;
#476 = LINE ( 'NONE', #1254, #1482 ) ;
#477 = EDGE_LOOP ( 'NONE', ( #2097, #2320, #1348, #1034, #2484, #1777, #933, #883, #2328 ) ) ;
#478 = DIRECTION ( 'NONE',  ( 0.6546536707079475548, 0.3779644730095262917, 0.6546536707078339790 ) ) ;
#479 = EDGE_CURVE ( 'NONE', #1804, #1578, #370, .T. ) ;
#480 = EDGE_CURVE ( 'NONE', #270, #1578, #782, .T. ) ;
#481 = ORIENTED_EDGE ( 'NONE', *, *, #1140, .F. ) ;
#482 = LINE ( 'NONE', #688, #747 ) ;
#483 = FACE_OUTER_BOUND ( 'NONE', #2382, .T. ) ;
#484 = DIRECTION ( 'NONE',  ( 5.805843586649048231E-31, 1.224646799147602684E-16, 1.000000000000000000 ) ) ;
#485 = EDGE_CURVE ( 'NONE', #2294, #4, #1770, .T. ) ;
#486 = DIRECTION ( 'NONE',  ( 9.944700130364150569E-47, -1.224646799147602931E-16, -1.000000000000000000 ) ) ;
#487 = LINE ( 'NONE', #112, #1506 ) ;
#488 = DIRECTION ( 'NONE',  ( -6.184422552018730671E-31, -1.224646799147602684E-16, -1.000000000000000000 ) ) ;
#489 = EDGE_LOOP ( 'NONE', ( #66, #2280, #1226, #1024, #2395, #1017, #342 ) ) ;
#490 = DIRECTION ( 'NONE',  ( -0.7071067811863022134, -0.6123724356960085213, -0.3535533905933938015 ) ) ;
#491 = EDGE_CURVE ( 'NONE', #427, #958, #1026, .T. ) ;
#492 = MECHANICAL_DESIGN_GEOMETRIC_PRESENTATION_REPRESENTATION (  '', ( #2513 ), #33 ) ;
#493 = ORIENTED_EDGE ( 'NONE', *, *, #770, .F. ) ;
#494 = PLANE ( 'NONE',  #2485 ) ;
#495 = LINE ( 'NONE', #2442, #2228 ) ;
#496 = AXIS2_PLACEMENT_3D ( 'NONE', #1373, #2329, #1751 ) ;
#497 = DIRECTION ( 'NONE',  ( 1.000000000000000000, -5.221186213742997318E-15, 5.882653977649036757E-32 ) ) ;
#498 = LINE ( 'NONE', #1464, #634 ) ;
#499 = CARTESIAN_POINT ( 'NONE',  ( 17.39079295892135590, 65.39034320653361476, 1015.803282926499378 ) ) ;
#500 = DIRECTION ( 'NONE',  ( 0.5773502691897005601, 0.5773502691897005601, -0.5773502691894760730 ) ) ;
#501 = ORIENTED_EDGE ( 'NONE', *, *, #2301, .F. ) ;
#502 = FACE_OUTER_BOUND ( 'NONE', #170, .T. ) ;
#503 = VECTOR ( 'NONE', #1148, 1000.000000000000114 ) ;
#504 = VECTOR ( 'NONE', #484, 1000.000000000000000 ) ;
#505 = ORIENTED_EDGE ( 'NONE', *, *, #16, .T. ) ;
#506 = CARTESIAN_POINT ( 'NONE',  ( 25.39079295892133459, 66.29034320653364887, 0.000000000000000000 ) ) ;
#507 = ADVANCED_FACE ( 'NONE', ( #230 ), #1995, .F. ) ;
#508 = CARTESIAN_POINT ( 'NONE',  ( 16.19079295892110437, 55.09034320653376682, 1012.753282926499310 ) ) ;
#509 = VECTOR ( 'NONE', #488, 1000.000000000000000 ) ;
#510 = VECTOR ( 'NONE', #1509, 1000.000000000000000 ) ;
#511 = CARTESIAN_POINT ( 'NONE',  ( 27.19079295892126424, 56.59034320653360339, 1015.803282926499378 ) ) ;
#512 = LINE ( 'NONE', #1097, #2450 ) ;
#513 = FACE_OUTER_BOUND ( 'NONE', #1694, .T. ) ;
#514 = ADVANCED_FACE ( 'NONE', ( #1380 ), #55, .T. ) ;
#515 = DIRECTION ( 'NONE',  ( -4.767641018885861880E-15, -1.000000000000000000, -0.000000000000000000 ) ) ;
#516 = EDGE_LOOP ( 'NONE', ( #1185, #2215, #565, #1565 ) ) ;
#517 = CARTESIAN_POINT ( 'NONE',  ( 15.19079295892134063, 65.69034320653358350, 1015.503282926499423 ) ) ;
#518 = EDGE_LOOP ( 'NONE', ( #807, #1781, #1530, #781, #2398, #998, #1067, #566 ) ) ;
#519 = EDGE_LOOP ( 'NONE', ( #720, #1935, #434, #1629 ) ) ;
#520 = DIRECTION ( 'NONE',  ( 1.000000000000000000, -4.996003610813198910E-15, 0.000000000000000000 ) ) ;
#521 = DIRECTION ( 'NONE',  ( 4.996003610813198910E-15, 1.000000000000000000, -1.224646799147602931E-16 ) ) ;
#522 = PLANE ( 'NONE',  #1954 ) ;
#523 = DIRECTION ( 'NONE',  ( -0.000000000000000000, -0.000000000000000000, -1.000000000000000000 ) ) ;
#524 = ADVANCED_FACE ( 'NONE', ( #1233 ), #1958, .F. ) ;
#525 = LINE ( 'NONE', #2435, #365 ) ;
#526 = CARTESIAN_POINT ( 'NONE',  ( 24.99079295892122587, 52.52969166723887895, 1015.803282926499378 ) ) ;
#527 = ORIENTED_EDGE ( 'NONE', *, *, #636, .T. ) ;
#528 = ADVANCED_FACE ( 'NONE', ( #1013 ), #259, .F. ) ;
#529 = CARTESIAN_POINT ( 'NONE',  ( 24.99079295892125785, 58.43485012704317683, 1015.353282926499332 ) ) ;
#530 = EDGE_LOOP ( 'NONE', ( #1074, #1976, #935, #2511 ) ) ;
#531 = EDGE_CURVE ( 'NONE', #375, #129, #797, .T. ) ;
#532 = CARTESIAN_POINT ( 'NONE',  ( 24.99079295892125785, 58.43485012704317683, 1015.803282926499378 ) ) ;
#533 = VECTOR ( 'NONE', #521, 1000.000000000000000 ) ;
#534 = LINE ( 'NONE', #2025, #1515 ) ;
#535 = VECTOR ( 'NONE', #2064, 1000.000000000000227 ) ;
#536 = CARTESIAN_POINT ( 'NONE',  ( 27.19079295892124293, 52.52969166723899264, 1013.753282926499196 ) ) ;
#537 = LINE ( 'NONE', #275, #938 ) ;
#538 = CARTESIAN_POINT ( 'NONE',  ( 10.64506741895965369, 58.08237899238552870, 1014.128282926499423 ) ) ;
#539 = ORIENTED_EDGE ( 'NONE', *, *, #2008, .T. ) ;
#540 = CARTESIAN_POINT ( 'NONE',  ( 16.53068525636784614, 56.59034320653377392, 1015.803282926499378 ) ) ;
#541 = ORIENTED_EDGE ( 'NONE', *, *, #2469, .F. ) ;
#542 = ORIENTED_EDGE ( 'NONE', *, *, #100, .F. ) ;
#543 = VECTOR ( 'NONE', #1539, 1000.000000000000000 ) ;
#544 = VECTOR ( 'NONE', #1693, 1000.000000000000114 ) ;
#545 = CARTESIAN_POINT ( 'NONE',  ( 27.19079295892131753, 67.49034320653368013, 1013.853282926499446 ) ) ;
#546 = DIRECTION ( 'NONE',  ( -1.000000000000000000, -5.741575297275945814E-47, -9.944700130364148624E-47 ) ) ;
#547 = VECTOR ( 'NONE', #302, 1000.000000000000000 ) ;
#548 = EDGE_CURVE ( 'NONE', #1738, #804, #1000, .T. ) ;
#549 = DIRECTION ( 'NONE',  ( -4.996003610813198910E-15, -1.000000000000000000, 0.000000000000000000 ) ) ;
#550 = CARTESIAN_POINT ( 'NONE',  ( 15.19079295892134418, 66.29034320653370571, 1014.753282926499310 ) ) ;
#551 = ORIENTED_EDGE ( 'NONE', *, *, #2272, .T. ) ;
#552 = LINE ( 'NONE', #404, #900 ) ;
#553 = ORIENTED_EDGE ( 'NONE', *, *, #1168, .F. ) ;
#554 = ORIENTED_EDGE ( 'NONE', *, *, #1002, .F. ) ;
#555 = EDGE_CURVE ( 'NONE', #2315, #1790, #1593, .T. ) ;
#556 = ADVANCED_FACE ( 'NONE', ( #411 ), #243, .F. ) ;
#557 = CARTESIAN_POINT ( 'NONE',  ( 31.80000000000000071, -395.4387398004653278, 228.3066628718066795 ) ) ;
#558 = PLANE ( 'NONE',  #1983 ) ;
#559 = DIRECTION ( 'NONE',  ( 1.000000000000000000, 0.000000000000000000, 0.000000000000000000 ) ) ;
#560 = EDGE_CURVE ( 'NONE', #2314, #969, #1623, .T. ) ;
#561 = DIRECTION ( 'NONE',  ( -0.6546536707077871275, -0.3779644730098330463, 0.6546536707078173256 ) ) ;
#562 = DIRECTION ( 'NONE',  ( 0.000000000000000000, -0.5000000000000026645, -0.8660254037844370423 ) ) ;
#563 = ORIENTED_EDGE ( 'NONE', *, *, #555, .F. ) ;
#564 = DIRECTION ( 'NONE',  ( -1.000000000000000000, 5.234711981175502790E-15, 0.000000000000000000 ) ) ;
#565 = ORIENTED_EDGE ( 'NONE', *, *, #1901, .T. ) ;
#566 = ORIENTED_EDGE ( 'NONE', *, *, #479, .F. ) ;
#567 = VERTEX_POINT ( 'NONE', #621 ) ;
#568 = EDGE_CURVE ( 'NONE', #2184, #855, #2164, .T. ) ;
#569 = FACE_OUTER_BOUND ( 'NONE', #1377, .T. ) ;
#570 = CARTESIAN_POINT ( 'NONE',  ( 14.33724244582284690, 54.23679269343534770, 1013.599732413401171 ) ) ;
#571 = VECTOR ( 'NONE', #2108, 1000.000000000000114 ) ;
#572 = CARTESIAN_POINT ( 'NONE',  ( 31.50000000000004974, 57.82257137125006352, 1013.978282926499332 ) ) ;
#573 = CARTESIAN_POINT ( 'NONE',  ( 31.50000000000004974, 60.98356409506357778, 1015.803282926499378 ) ) ;
#574 = ORIENTED_EDGE ( 'NONE', *, *, #636, .F. ) ;
#575 = CARTESIAN_POINT ( 'NONE',  ( 15.49079295892136798, 56.29034320653369150, 1015.503282926499423 ) ) ;
#576 = EDGE_LOOP ( 'NONE', ( #392, #199, #2035, #2142 ) ) ;
#577 = DIRECTION ( 'NONE',  ( 0.000000000000000000, -0.000000000000000000, 1.000000000000000000 ) ) ;
#578 = VERTEX_POINT ( 'NONE', #2363 ) ;
#579 = ORIENTED_EDGE ( 'NONE', *, *, #2457, .F. ) ;
#580 = CARTESIAN_POINT ( 'NONE',  ( 23.83015469886807836, 60.07279102952876570, 1010.575777702828304 ) ) ;
#581 = CARTESIAN_POINT ( 'NONE',  ( 17.39506741895964481, 56.21742762128913995, 1011.603282926499105 ) ) ;
#582 = VECTOR ( 'NONE', #1219, 1000.000000000000227 ) ;
#583 = DIRECTION ( 'NONE',  ( -1.000000000000000000, 4.996003610813198910E-15, 0.000000000000000000 ) ) ;
#584 = LINE ( 'NONE', #1557, #2163 ) ;
#585 = ORIENTED_EDGE ( 'NONE', *, *, #1680, .F. ) ;
#586 = VECTOR ( 'NONE', #1314, 1000.000000000000000 ) ;
#587 = EDGE_CURVE ( 'NONE', #43, #1443, #1610, .T. ) ;
#588 = DIRECTION ( 'NONE',  ( 6.118339830512249160E-31, 1.224646799147602684E-16, 1.000000000000000000 ) ) ;
#589 = VECTOR ( 'NONE', #1932, 1000.000000000000114 ) ;
#590 = ORIENTED_EDGE ( 'NONE', *, *, #531, .T. ) ;
#591 = CARTESIAN_POINT ( 'NONE',  ( 26.00765992253915471, 52.52969166723901395, 1012.753282926499310 ) ) ;
#592 = VERTEX_POINT ( 'NONE', #1969 ) ;
#593 = EDGE_CURVE ( 'NONE', #1100, #318, #847, .T. ) ;
#594 = ORIENTED_EDGE ( 'NONE', *, *, #2301, .T. ) ;
#595 = DIRECTION ( 'NONE',  ( 1.000000000000000000, -4.996003610813198910E-15, 0.000000000000000000 ) ) ;
#596 = PLANE ( 'NONE',  #1468 ) ;
#597 = FACE_OUTER_BOUND ( 'NONE', #489, .T. ) ;
#598 = LINE ( 'NONE', #1531, #1915 ) ;
#599 = EDGE_LOOP ( 'NONE', ( #432, #2131, #1911, #1792 ) ) ;
#600 = EDGE_CURVE ( 'NONE', #103, #1413, #2149, .T. ) ;
#601 = LINE ( 'NONE', #195, #1431 ) ;
#602 = VERTEX_POINT ( 'NONE', #663 ) ;
#603 = DIRECTION ( 'NONE',  ( -0.7071067811866736941, -2.628412436530232513E-13, -0.7071067811864212294 ) ) ;
#604 = ORIENTED_EDGE ( 'NONE', *, *, #2287, .T. ) ;
#605 = EDGE_CURVE ( 'NONE', #270, #1667, #1435, .T. ) ;
#606 = ORIENTED_EDGE ( 'NONE', *, *, #824, .F. ) ;
#607 = DIRECTION ( 'NONE',  ( 0.5773502691897638428, 0.5773502691895557870, 0.5773502691895576744 ) ) ;
#608 = LINE ( 'NONE', #56, #936 ) ;
#609 = LINE ( 'NONE', #2151, #1437 ) ;
#610 = CARTESIAN_POINT ( 'NONE',  ( 4.819600323429959587, 56.59034320653371708, 1015.803282926499378 ) ) ;
#611 = VERTEX_POINT ( 'NONE', #2059 ) ;
#612 = VECTOR ( 'NONE', #2406, 1000.000000000000000 ) ;
#613 = CARTESIAN_POINT ( 'NONE',  ( 15.49079295892136976, 56.29034320653369150, 1015.153282926499287 ) ) ;
#614 = ORIENTED_EDGE ( 'NONE', *, *, #615, .T. ) ;
#615 = EDGE_CURVE ( 'NONE', #1768, #320, #2202, .T. ) ;
#616 = DIRECTION ( 'NONE',  ( 1.000000000000000000, -0.000000000000000000, -0.000000000000000000 ) ) ;
#617 = AXIS2_PLACEMENT_3D ( 'NONE', #994, #1765, #1572 ) ;
#618 = ORIENTED_EDGE ( 'NONE', *, *, #1793, .F. ) ;
#619 = DIRECTION ( 'NONE',  ( -4.996003610813198910E-15, -1.000000000000000000, 0.000000000000000000 ) ) ;
#620 = ORIENTED_EDGE ( 'NONE', *, *, #1634, .F. ) ;
#621 = CARTESIAN_POINT ( 'NONE',  ( 17.39079295892135590, 65.84034320653364603, 1015.353282926499332 ) ) ;
#622 = LINE ( 'NONE', #664, #1018 ) ;
#623 = ADVANCED_BREP_SHAPE_REPRESENTATION ( 'Wiper Holder rev5', ( #2038, #241 ), #1023 ) ;
#624 = PLANE ( 'NONE',  #2480 ) ;
#625 = EDGE_CURVE ( 'NONE', #1587, #943, #679, .T. ) ;
#626 = CARTESIAN_POINT ( 'NONE',  ( 16.19079295892109371, 52.52969166723893579, 1012.753282926499310 ) ) ;
#627 = EDGE_LOOP ( 'NONE', ( #405, #77, #1253, #1139 ) ) ;
#628 = AXIS2_PLACEMENT_3D ( 'NONE', #1474, #2241, #2409 ) ;
#629 = DIRECTION ( 'NONE',  ( 0.000000000000000000, -0.8660254037844350439, 0.5000000000000064393 ) ) ;
#630 = ORIENTED_EDGE ( 'NONE', *, *, #1555, .F. ) ;
#631 = DIRECTION ( 'NONE',  ( -0.7071067811868909647, 0.6123724356954960424, -0.3535533905931039778 ) ) ;
#632 = VECTOR ( 'NONE', #1737, 1000.000000000000114 ) ;
#633 = ORIENTED_EDGE ( 'NONE', *, *, #1119, .T. ) ;
#634 = VECTOR ( 'NONE', #1489, 1000.000000000000000 ) ;
#635 = LINE ( 'NONE', #1590, #2103 ) ;
#636 = EDGE_CURVE ( 'NONE', #1025, #2212, #1688, .T. ) ;
#637 = ORIENTED_EDGE ( 'NONE', *, *, #2085, .T. ) ;
#638 = CARTESIAN_POINT ( 'NONE',  ( -311.4103013499528743, -282.0107511022185349, 677.2021886177461738 ) ) ;
#639 = DIRECTION ( 'NONE',  ( -1.000000000000000000, 5.221186213742997318E-15, 1.896846138217234441E-31 ) ) ;
#640 = EDGE_CURVE ( 'NONE', #129, #2144, #108, .T. ) ;
#641 = CARTESIAN_POINT ( 'NONE',  ( 16.99506741895966755, 52.52969166723901395, 1012.153282926499401 ) ) ;
#642 = DIRECTION ( 'NONE',  ( -1.000000000000000000, -5.451273376759075674E-31, 9.441882454494335091E-31 ) ) ;
#643 = EDGE_LOOP ( 'NONE', ( #964, #2089, #846, #75, #2289, #394 ) ) ;
#644 = LINE ( 'NONE', #669, #2515 ) ;
#645 = EDGE_LOOP ( 'NONE', ( #984, #795, #2498, #2002 ) ) ;
#646 = CARTESIAN_POINT ( 'NONE',  ( 16.19079295892116832, 66.49034320653389329, 1012.753282926499310 ) ) ;
#647 = EDGE_LOOP ( 'NONE', ( #553, #187, #263, #1446, #1573, #1301, #614, #755 ) ) ;
#648 = ORIENTED_EDGE ( 'NONE', *, *, #381, .T. ) ;
#649 = DIRECTION ( 'NONE',  ( -4.996003610813198910E-15, -1.000000000000000000, 0.000000000000000000 ) ) ;
#650 = LINE ( 'NONE', #1959, #158 ) ;
#651 = FACE_OUTER_BOUND ( 'NONE', #1902, .T. ) ;
#652 = CARTESIAN_POINT ( 'NONE',  ( 25.00765992253921155, 63.71742762128913995, 1011.603282926499105 ) ) ;
#653 = ORIENTED_EDGE ( 'NONE', *, *, #2238, .T. ) ;
#654 = CARTESIAN_POINT ( 'NONE',  ( 17.39506741895964481, 56.21742762128913995, 1011.753282926499196 ) ) ;
#655 = ORIENTED_EDGE ( 'NONE', *, *, #1132, .T. ) ;
#656 = FACE_OUTER_BOUND ( 'NONE', #1484, .T. ) ;
#657 = ORIENTED_EDGE ( 'NONE', *, *, #1671, .T. ) ;
#658 = VECTOR ( 'NONE', #231, 999.9999999999998863 ) ;
#659 = CARTESIAN_POINT ( 'NONE',  ( 15.19079295892131931, 62.03722833633448630, 1013.978282926499560 ) ) ;
#660 = VECTOR ( 'NONE', #1091, 1000.000000000000000 ) ;
#661 = EDGE_CURVE ( 'NONE', #72, #869, #876, .T. ) ;
#662 = ORIENTED_EDGE ( 'NONE', *, *, #1836, .T. ) ;
#663 = CARTESIAN_POINT ( 'NONE',  ( 16.69079295892120030, 55.99034320653368724, 1014.753282926499310 ) ) ;
#664 = CARTESIAN_POINT ( 'NONE',  ( 4.819600323429970246, 62.03722833633448630, 1013.978282926499560 ) ) ;
#665 = ADVANCED_FACE ( 'NONE', ( #1449 ), #321, .T. ) ;
#666 = LINE ( 'NONE', #1385, #252 ) ;
#667 = DIRECTION ( 'NONE',  ( -1.000000000000000000, 0.000000000000000000, 9.441882454494335091E-31 ) ) ;
#668 = ORIENTED_EDGE ( 'NONE', *, *, #1163, .F. ) ;
#669 = CARTESIAN_POINT ( 'NONE',  ( 2.350200998213487780E-13, 56.29034320653385493, 1014.453282926499355 ) ) ;
#670 = VERTEX_POINT ( 'NONE', #283 ) ;
#671 = CARTESIAN_POINT ( 'NONE',  ( 27.19079295892124293, 52.52969166723899264, 1014.453282926499355 ) ) ;
#672 = ORIENTED_EDGE ( 'NONE', *, *, #1125, .F. ) ;
#673 = VECTOR ( 'NONE', #2518, 1000.000000000000114 ) ;
#674 = EDGE_CURVE ( 'NONE', #731, #567, #482, .T. ) ;
#675 = DIRECTION ( 'NONE',  ( -1.000000000000000000, 0.000000000000000000, 9.441882454494335091E-31 ) ) ;
#676 = VECTOR ( 'NONE', #912, 1000.000000000000000 ) ;
#677 = AXIS2_PLACEMENT_3D ( 'NONE', #610, #401, #991 ) ;
#678 = ORIENTED_EDGE ( 'NONE', *, *, #909, .F. ) ;
#679 = LINE ( 'NONE', #2252, #1032 ) ;
#680 = DIRECTION ( 'NONE',  ( 0.000000000000000000, -1.000000000000000000, 0.000000000000000000 ) ) ;
#681 = CARTESIAN_POINT ( 'NONE',  ( 17.19079295892128556, 56.29034320653368439, 1015.153282926499287 ) ) ;
#682 = DIRECTION ( 'NONE',  ( -1.000000000000000000, 0.000000000000000000, 0.000000000000000000 ) ) ;
#683 = LINE ( 'NONE', #2421, #2346 ) ;
#684 = LINE ( 'NONE', #856, #913 ) ;
#685 = VERTEX_POINT ( 'NONE', #1673 ) ;
#686 = CARTESIAN_POINT ( 'NONE',  ( 16.39506741895970166, 52.52969166723901395, 1012.753282926499310 ) ) ;
#687 = ORIENTED_EDGE ( 'NONE', *, *, #1167, .T. ) ;
#688 = CARTESIAN_POINT ( 'NONE',  ( 17.39079295892129196, 52.52969166723892158, 1015.353282926499332 ) ) ;
#689 = LINE ( 'NONE', #2037, #1939 ) ;
#690 = LINE ( 'NONE', #134, #466 ) ;
#691 = LINE ( 'NONE', #2468, #510 ) ;
#692 = LINE ( 'NONE', #86, #1146 ) ;
#693 = CARTESIAN_POINT ( 'NONE',  ( 17.39506741895964481, 56.21742762128913995, 1011.603282926499105 ) ) ;
#694 = ORIENTED_EDGE ( 'NONE', *, *, #926, .T. ) ;
#695 = CARTESIAN_POINT ( 'NONE',  ( 25.39079295892133459, 66.29034320653367729, 1014.753282926499310 ) ) ;
#696 = VECTOR ( 'NONE', #1231, 1000.000000000000114 ) ;
#697 = VERTEX_POINT ( 'NONE', #470 ) ;
#698 = CARTESIAN_POINT ( 'NONE',  ( 31.80000000000000071, 485.3335895811505907, 280.2074785914418840 ) ) ;
#699 = DIRECTION ( 'NONE',  ( -1.000000000000000000, 4.260475912333060176E-15, 0.000000000000000000 ) ) ;
#700 = VECTOR ( 'NONE', #2475, 1000.000000000000000 ) ;
#701 = CARTESIAN_POINT ( 'NONE',  ( 10.41792456181670445, 59.18058168299437227, 1012.680425783642363 ) ) ;
#702 = DIRECTION ( 'NONE',  ( -1.000000000000000000, 4.996003610813198910E-15, 0.000000000000000000 ) ) ;
#703 = DIRECTION ( 'NONE',  ( -4.996003610813198910E-15, -1.000000000000000000, 0.000000000000000000 ) ) ;
#704 = LINE ( 'NONE', #1859, #1756 ) ;
#705 = EDGE_CURVE ( 'NONE', #2144, #1991, #1460, .T. ) ;
#706 = ORIENTED_EDGE ( 'NONE', *, *, #269, .F. ) ;
#707 = PLANE ( 'NONE',  #1871 ) ;
#708 = VECTOR ( 'NONE', #1180, 1000.000000000000000 ) ;
#709 = ORIENTED_EDGE ( 'NONE', *, *, #625, .T. ) ;
#710 = LINE ( 'NONE', #2441, #1884 ) ;
#711 = DIRECTION ( 'NONE',  ( -4.767641018885861880E-15, -1.000000000000000000, -0.000000000000000000 ) ) ;
#712 = VECTOR ( 'NONE', #616, 1000.000000000000000 ) ;
#713 = EDGE_CURVE ( 'NONE', #1738, #1768, #1284, .T. ) ;
#714 = AXIS2_PLACEMENT_3D ( 'NONE', #536, #1261, #1888 ) ;
#715 = FACE_OUTER_BOUND ( 'NONE', #408, .T. ) ;
#716 = CARTESIAN_POINT ( 'NONE',  ( 10.64506741895965369, 60.81035901430653468, 1015.503282926499423 ) ) ;
#717 = EDGE_CURVE ( 'NONE', #1942, #2294, #2455, .T. ) ;
#718 = DIRECTION ( 'NONE',  ( -0.000000000000000000, -0.000000000000000000, -1.000000000000000000 ) ) ;
#719 = CARTESIAN_POINT ( 'NONE',  ( 3.834358961723444354E-13, 65.84034320653375971, 1015.353282926499332 ) ) ;
#720 = ORIENTED_EDGE ( 'NONE', *, *, #555, .T. ) ;
#721 = ADVANCED_FACE ( 'NONE', ( #1258 ), #81, .F. ) ;
#722 = DIRECTION ( 'NONE',  ( -0.7071067811865592301, 3.532708032038548446E-15, -0.7071067811865359154 ) ) ;
#723 = DIRECTION ( 'NONE',  ( -1.000000000000000000, 5.221186213742997318E-15, -5.882653977649036757E-32 ) ) ;
#724 = ADVANCED_FACE ( 'NONE', ( #1068 ), #494, .T. ) ;
#725 = DIRECTION ( 'NONE',  ( -0.6546536707079975148, -0.3779644730092165950, 0.6546536707079627648 ) ) ;
#726 = DIRECTION ( 'NONE',  ( 0.000000000000000000, 1.000000000000000000, -1.224646799147602931E-16 ) ) ;
#727 = CARTESIAN_POINT ( 'NONE',  ( 17.39506741895964481, 56.21742762128913995, 1011.603282926499105 ) ) ;
#728 = DIRECTION ( 'NONE',  ( -0.6546536707079974038, 0.3779644730092167615, -0.6546536707079629869 ) ) ;
#729 = VERTEX_POINT ( 'NONE', #2036 ) ;
#730 = FACE_OUTER_BOUND ( 'NONE', #1632, .T. ) ;
#731 = VERTEX_POINT ( 'NONE', #118 ) ;
#732 = VERTEX_POINT ( 'NONE', #1840 ) ;
#733 = LINE ( 'NONE', #1166, #1643 ) ;
#734 = EDGE_CURVE ( 'NONE', #2333, #1007, #297, .T. ) ;
#735 = VECTOR ( 'NONE', #2364, 1000.000000000000000 ) ;
#736 = PLANE ( 'NONE',  #1239 ) ;
#737 = VECTOR ( 'NONE', #588, 1000.000000000000000 ) ;
#738 = CARTESIAN_POINT ( 'NONE',  ( 16.99079295892131825, 65.84034320653366024, 1015.353282926499332 ) ) ;
#739 = CARTESIAN_POINT ( 'NONE',  ( 24.99079295892128627, 65.39034320653374266, 1015.803282926499378 ) ) ;
#740 = FACE_OUTER_BOUND ( 'NONE', #1809, .T. ) ;
#741 = ORIENTED_EDGE ( 'NONE', *, *, #1306, .T. ) ;
#742 = EDGE_CURVE ( 'NONE', #875, #2332, #710, .T. ) ;
#743 = DIRECTION ( 'NONE',  ( 0.000000000000000000, -0.7071067811866906805, -0.7071067811864044650 ) ) ;
#744 = EDGE_CURVE ( 'NONE', #2261, #1906, #271, .T. ) ;
#745 = AXIS2_PLACEMENT_3D ( 'NONE', #1355, #595, #1508 ) ;
#746 = EDGE_CURVE ( 'NONE', #1757, #1908, #2236, .T. ) ;
#747 = VECTOR ( 'NONE', #2011, 1000.000000000000000 ) ;
#748 = DIRECTION ( 'NONE',  ( -1.000000000000000000, 5.680634549777415935E-15, 0.000000000000000000 ) ) ;
#749 = FACE_OUTER_BOUND ( 'NONE', #2224, .T. ) ;
#750 = VECTOR ( 'NONE', #1845, 1000.000000000000000 ) ;
#751 = DIRECTION ( 'NONE',  ( 4.996003610813198910E-15, 1.000000000000000000, -1.224646799147602684E-16 ) ) ;
#752 = LINE ( 'NONE', #2299, #1282 ) ;
#753 = ORIENTED_EDGE ( 'NONE', *, *, #852, .F. ) ;
#754 = FACE_OUTER_BOUND ( 'NONE', #201, .T. ) ;
#755 = ORIENTED_EDGE ( 'NONE', *, *, #426, .F. ) ;
#756 = VERTEX_POINT ( 'NONE', #886 ) ;
#757 = VERTEX_POINT ( 'NONE', #1661 ) ;
#758 = LINE ( 'NONE', #557, #2240 ) ;
#759 = DIRECTION ( 'NONE',  ( -4.996003610813198910E-15, -1.000000000000000000, 1.224646799147602931E-16 ) ) ;
#760 = ORIENTED_EDGE ( 'NONE', *, *, #1941, .F. ) ;
#761 = CARTESIAN_POINT ( 'NONE',  ( 27.19079295892127490, 58.87623561252108573, 1015.803282926499378 ) ) ;
#762 = ORIENTED_EDGE ( 'NONE', *, *, #1332, .T. ) ;
#763 = CARTESIAN_POINT ( 'NONE',  ( 31.50000000000004974, 62.03722833633448630, 1013.978282926499560 ) ) ;
#764 = VERTEX_POINT ( 'NONE', #1485 ) ;
#765 = VERTEX_POINT ( 'NONE', #391 ) ;
#766 = UNCERTAINTY_MEASURE_WITH_UNIT (LENGTH_MEASURE( 1.000000000000000082E-05 ), #125, 'distance_accuracy_value', 'NONE');
#767 = EDGE_CURVE ( 'NONE', #2212, #804, #212, .T. ) ;
#768 = DIRECTION ( 'NONE',  ( -0.4226182617406977760, 0.9063077870366507138, -1.109906930436979031E-16 ) ) ;
#769 = FACE_OUTER_BOUND ( 'NONE', #1558, .T. ) ;
#770 = EDGE_CURVE ( 'NONE', #2332, #732, #779, .T. ) ;
#771 = VECTOR ( 'NONE', #1541, 1000.000000000000000 ) ;
#772 = ORIENTED_EDGE ( 'NONE', *, *, #319, .T. ) ;
#773 = DIRECTION ( 'NONE',  ( 6.118339830512249160E-31, 1.224646799147602684E-16, 1.000000000000000000 ) ) ;
#774 = EDGE_LOOP ( 'NONE', ( #1176, #225, #542, #2341, #709, #787, #1366, #2464 ) ) ;
#775 = AXIS2_PLACEMENT_3D ( 'NONE', #1225, #1048, #1603 ) ;
#776 = LINE ( 'NONE', #1362, #2190 ) ;
#777 = ORIENTED_EDGE ( 'NONE', *, *, #896, .T. ) ;
#778 = PRODUCT_DEFINITION ( 'UNKNOWN', '', #1670, #154 ) ;
#779 = LINE ( 'NONE', #591, #376 ) ;
#780 = EDGE_LOOP ( 'NONE', ( #2082, #2111, #59, #1363 ) ) ;
#781 = ORIENTED_EDGE ( 'NONE', *, *, #179, .F. ) ;
#782 = LINE ( 'NONE', #1759, #582 ) ;
#783 = CARTESIAN_POINT ( 'NONE',  ( 4.819600323429970246, 60.98356409506357778, 1015.803282926499378 ) ) ;
#784 = AXIS2_PLACEMENT_3D ( 'NONE', #1197, #1613, #1003 ) ;
#785 = VECTOR ( 'NONE', #1411, 1000.000000000000000 ) ;
#786 = PRODUCT_CONTEXT ( 'NONE', #1341, 'mechanical' ) ;
#787 = ORIENTED_EDGE ( 'NONE', *, *, #971, .F. ) ;
#788 = EDGE_CURVE ( 'NONE', #1187, #1835, #2143, .T. ) ;
#789 = CARTESIAN_POINT ( 'NONE',  ( 15.19079295892129622, 56.59034320653366734, 1014.453282926499355 ) ) ;
#790 = EDGE_LOOP ( 'NONE', ( #2186, #1779, #1937, #1615, #1672, #475, #2195, #462 ) ) ;
#791 = VECTOR ( 'NONE', #341, 1000.000000000000000 ) ;
#792 = DIRECTION ( 'NONE',  ( 0.000000000000000000, -0.5000000000000063283, -0.8660254037844349329 ) ) ;
#793 = ORIENTED_EDGE ( 'NONE', *, *, #1107, .F. ) ;
#794 = LINE ( 'NONE', #1535, #1398 ) ;
#795 = ORIENTED_EDGE ( 'NONE', *, *, #1230, .F. ) ;
#796 = ORIENTED_EDGE ( 'NONE', *, *, #1545, .F. ) ;
#797 = LINE ( 'NONE', #217, #988 ) ;
#798 = CARTESIAN_POINT ( 'NONE',  ( 31.50000000000004974, 60.98356409506329356, 1012.153282926499401 ) ) ;
#799 = EDGE_CURVE ( 'NONE', #1443, #1875, #1008, .T. ) ;
#800 = DIRECTION ( 'NONE',  ( 4.260475912333060176E-15, 1.000000000000000000, 0.000000000000000000 ) ) ;
#801 = CARTESIAN_POINT ( 'NONE',  ( 15.49079295892141772, 65.39034320653362897, 1015.803282926499378 ) ) ;
#802 = ORIENTED_EDGE ( 'NONE', *, *, #1325, .F. ) ;
#803 = DIRECTION ( 'NONE',  ( -0.7071067811864220065, 3.619303637661445115E-15, 0.7071067811866731390 ) ) ;
#804 = VERTEX_POINT ( 'NONE', #1177 ) ;
#805 = DIRECTION ( 'NONE',  ( -0.3131456130150282458, -0.6715429342379294342, -0.6715429342376809663 ) ) ;
#806 = EDGE_LOOP ( 'NONE', ( #1589, #830, #796, #2153 ) ) ;
#807 = ORIENTED_EDGE ( 'NONE', *, *, #1491, .F. ) ;
#808 = DIRECTION ( 'NONE',  ( 1.000000000000000000, -5.680634549777415935E-15, 6.956770918512198288E-31 ) ) ;
#809 = FACE_OUTER_BOUND ( 'NONE', #1037, .T. ) ;
#810 = PLANE ( 'NONE',  #1755 ) ;
#811 = PLANE ( 'NONE',  #424 ) ;
#812 = VERTEX_POINT ( 'NONE', #532 ) ;
#813 = VECTOR ( 'NONE', #109, 1000.000000000000000 ) ;
#814 = CARTESIAN_POINT ( 'NONE',  ( 26.89079295892129551, 56.29034320653371282, 1014.753282926499310 ) ) ;
#815 = ORIENTED_EDGE ( 'NONE', *, *, #2505, .F. ) ;
#816 = CARTESIAN_POINT ( 'NONE',  ( 26.89079295892128840, 55.09034320653371708, 1014.753282926499310 ) ) ;
#817 = AXIS2_PLACEMENT_3D ( 'NONE', #2069, #2438, #2250 ) ;
#818 = ORIENTED_EDGE ( 'NONE', *, *, #929, .T. ) ;
#819 = DIRECTION ( 'NONE',  ( 3.532708032038518074E-15, 0.7071067811865531239, -0.7071067811865419106 ) ) ;
#820 = ADVANCED_FACE ( 'NONE', ( #1496 ), #1364, .T. ) ;
#821 = EDGE_LOOP ( 'NONE', ( #1418, #1178, #1764, #175, #853 ) ) ;
#822 = DIRECTION ( 'NONE',  ( 0.000000000000000000, -0.000000000000000000, -1.000000000000000000 ) ) ;
#823 = FACE_OUTER_BOUND ( 'NONE', #2330, .T. ) ;
#824 = EDGE_CURVE ( 'NONE', #2144, #18, #794, .T. ) ;
#825 = DIRECTION ( 'NONE',  ( -0.7071067811867410846, -0.6123724356956259385, 0.3535533905931789733 ) ) ;
#826 = CARTESIAN_POINT ( 'NONE',  ( 26.00765992253915471, 52.52969166723901395, 1012.753282926499310 ) ) ;
#827 = ORIENTED_EDGE ( 'NONE', *, *, #50, .F. ) ;
#828 = AXIS2_PLACEMENT_3D ( 'NONE', #2491, #1123, #748 ) ;
#829 = CARTESIAN_POINT ( 'NONE',  ( 17.39079295892129196, 52.52969166723892158, 1.685193786178288190E-15 ) ) ;
#830 = ORIENTED_EDGE ( 'NONE', *, *, #1279, .F. ) ;
#831 = DIRECTION ( 'NONE',  ( 1.000000000000000000, -5.680634549777415935E-15, 0.000000000000000000 ) ) ;
#832 = VECTOR ( 'NONE', #2225, 1000.000000000000114 ) ;
#833 = ORIENTED_EDGE ( 'NONE', *, *, #1201, .F. ) ;
#834 = VECTOR ( 'NONE', #702, 1000.000000000000000 ) ;
#835 = ORIENTED_EDGE ( 'NONE', *, *, #1897, .T. ) ;
#836 = DIRECTION ( 'NONE',  ( -5.221186213742997318E-15, -1.000000000000000000, 1.224646799147602684E-16 ) ) ;
#837 = DIRECTION ( 'NONE',  ( 1.000000000000000000, -0.000000000000000000, -0.000000000000000000 ) ) ;
#838 = LINE ( 'NONE', #430, #910 ) ;
#839 = DIRECTION ( 'NONE',  ( 4.996003610813198910E-15, 1.000000000000000000, -1.224646799147602931E-16 ) ) ;
#840 = ORIENTED_EDGE ( 'NONE', *, *, #548, .T. ) ;
#841 = FACE_OUTER_BOUND ( 'NONE', #1434, .T. ) ;
#842 = EDGE_LOOP ( 'NONE', ( #1807, #985, #21, #416 ) ) ;
#843 = PLANE ( 'NONE',  #421 ) ;
#844 = VERTEX_POINT ( 'NONE', #1351 ) ;
#845 = PLANE ( 'NONE',  #1538 ) ;
#846 = ORIENTED_EDGE ( 'NONE', *, *, #352, .F. ) ;
#847 = LINE ( 'NONE', #638, #1595 ) ;
#848 = LINE ( 'NONE', #82, #658 ) ;
#849 = EDGE_CURVE ( 'NONE', #1081, #1757, #197, .T. ) ;
#850 = DIRECTION ( 'NONE',  ( -0.7071067811867315367, 0.6123724356956327108, -0.3535533905931863563 ) ) ;
#851 = LINE ( 'NONE', #1584, #215 ) ;
#852 = EDGE_CURVE ( 'NONE', #2373, #1394, #2262, .T. ) ;
#853 = ORIENTED_EDGE ( 'NONE', *, *, #204, .T. ) ;
#854 = DIRECTION ( 'NONE',  ( 4.996003610813198910E-15, 1.000000000000000000, -1.224646799147602931E-16 ) ) ;
#855 = VERTEX_POINT ( 'NONE', #1308 ) ;
#856 = CARTESIAN_POINT ( 'NONE',  ( 15.19079295892127490, 52.52969166723905659, 1013.753282926499196 ) ) ;
#857 = ORIENTED_EDGE ( 'NONE', *, *, #155, .F. ) ;
#858 = VECTOR ( 'NONE', #412, 1000.000000000000114 ) ;
#859 = CARTESIAN_POINT ( 'NONE',  ( 16.39079295892130972, 56.29034320653369150, 1015.153282926499287 ) ) ;
#860 = AXIS2_PLACEMENT_3D ( 'NONE', #727, #1490, #1477 ) ;
#861 = EDGE_LOOP ( 'NONE', ( #2427, #1247, #2233, #992 ) ) ;
#862 = CARTESIAN_POINT ( 'NONE',  ( 4.819600323429970246, 57.82257137125006352, 1013.978282926499332 ) ) ;
#863 = FACE_OUTER_BOUND ( 'NONE', #1169, .T. ) ;
#864 = ADVANCED_FACE ( 'NONE', ( #1204 ), #2331, .F. ) ;
#865 = DIRECTION ( 'NONE',  ( 1.000000000000000000, 0.000000000000000000, -0.000000000000000000 ) ) ;
#866 = DIRECTION ( 'NONE',  ( 4.996003610813198910E-15, 1.000000000000000000, 0.000000000000000000 ) ) ;
#867 = ADVANCED_FACE ( 'NONE', ( #1767 ), #2512, .F. ) ;
#868 = DIRECTION ( 'NONE',  ( -1.000000000000000000, 5.680634549777415935E-15, 0.000000000000000000 ) ) ;
#869 = VERTEX_POINT ( 'NONE', #1778 ) ;
#870 = AXIS2_PLACEMENT_3D ( 'NONE', #202, #455, #1043 ) ;
#871 = LINE ( 'NONE', #253, #322 ) ;
#872 = VECTOR ( 'NONE', #1492, 1000.000000000000000 ) ;
#873 = EDGE_CURVE ( 'NONE', #446, #1012, #2304, .T. ) ;
#874 = VECTOR ( 'NONE', #1919, 1000.000000000000000 ) ;
#875 = VERTEX_POINT ( 'NONE', #2156 ) ;
#876 = LINE ( 'NONE', #2216, #1354 ) ;
#877 = PLANE ( 'NONE',  #2305 ) ;
#878 = DIRECTION ( 'NONE',  ( -0.7071067811864862884, 0.000000000000000000, -0.7071067811866088570 ) ) ;
#879 = DIRECTION ( 'NONE',  ( 0.000000000000000000, 0.8660254037844400399, 0.4999999999999976685 ) ) ;
#880 = EDGE_CURVE ( 'NONE', #1007, #29, #1574, .T. ) ;
#881 = DIRECTION ( 'NONE',  ( 4.996003610813198910E-15, 1.000000000000000000, -1.224646799147602931E-16 ) ) ;
#882 = LINE ( 'NONE', #693, #2281 ) ;
#883 = ORIENTED_EDGE ( 'NONE', *, *, #640, .T. ) ;
#884 = PLANE ( 'NONE',  #1984 ) ;
#885 = ORIENTED_EDGE ( 'NONE', *, *, #1897, .F. ) ;
#886 = CARTESIAN_POINT ( 'NONE',  ( 10.64506741895965369, 58.16898153276402894, 1013.978282926499332 ) ) ;
#887 = LINE ( 'NONE', #2429, #1504 ) ;
#888 = CARTESIAN_POINT ( 'NONE',  ( 25.39079295892128840, 57.57704735883928038, 1014.453282926499355 ) ) ;
#889 = LINE ( 'NONE', #1109, #1078 ) ;
#890 = PLANE ( 'NONE',  #2105 ) ;
#891 = CARTESIAN_POINT ( 'NONE',  ( 25.00765992253921155, 56.21742762128913995, 1011.603282926499105 ) ) ;
#892 = VERTEX_POINT ( 'NONE', #420 ) ;
#893 = CARTESIAN_POINT ( 'NONE',  ( 10.94506741895967394, 58.87623561252111415, 1015.803282926499378 ) ) ;
#894 = EDGE_CURVE ( 'NONE', #2284, #1152, #2072, .T. ) ;
#895 = VECTOR ( 'NONE', #1044, 1000.000000000000000 ) ;
#896 = EDGE_CURVE ( 'NONE', #1839, #149, #143, .T. ) ;
#897 = VERTEX_POINT ( 'NONE', #5 ) ;
#898 = CARTESIAN_POINT ( 'NONE',  ( 4.819600323429959587, 56.59034320653382366, 1015.803282926499378 ) ) ;
#899 = DIRECTION ( 'NONE',  ( 4.260475912333060176E-15, 1.000000000000000000, 0.000000000000000000 ) ) ;
#900 = VECTOR ( 'NONE', #210, 1000.000000000000114 ) ;
#901 = DIRECTION ( 'NONE',  ( -0.000000000000000000, -0.000000000000000000, -1.000000000000000000 ) ) ;
#902 = EDGE_CURVE ( 'NONE', #1906, #1413, #733, .T. ) ;
#903 = LINE ( 'NONE', #111, #750 ) ;
#904 =( NAMED_UNIT ( * ) PLANE_ANGLE_UNIT ( ) SI_UNIT ( $, .RADIAN. ) );
#905 = LINE ( 'NONE', #1889, #872 ) ;
#906 = ORIENTED_EDGE ( 'NONE', *, *, #1576, .T. ) ;
#907 = CARTESIAN_POINT ( 'NONE',  ( 15.19079295892130155, 57.95247518181779611, 1013.753282926499196 ) ) ;
#908 = ORIENTED_EDGE ( 'NONE', *, *, #114, .F. ) ;
#909 = EDGE_CURVE ( 'NONE', #129, #2353, #1548, .T. ) ;
#910 = VECTOR ( 'NONE', #1786, 1000.000000000000114 ) ;
#911 = ORIENTED_EDGE ( 'NONE', *, *, #1346, .T. ) ;
#912 = DIRECTION ( 'NONE',  ( 0.6546536707078568496, -0.3779644730095917393, 0.6546536707078870476 ) ) ;
#913 = VECTOR ( 'NONE', #1619, 1000.000000000000000 ) ;
#914 = DIRECTION ( 'NONE',  ( 4.996003610813198910E-15, 1.000000000000000000, -1.224646799147602684E-16 ) ) ;
#915 = LINE ( 'NONE', #2433, #834 ) ;
#916 = EDGE_CURVE ( 'NONE', #1725, #464, #1808, .T. ) ;
#917 = CARTESIAN_POINT ( 'NONE',  ( 27.19079295892131398, 66.59034320653375971, 1014.753282926499310 ) ) ;
#918 = LINE ( 'NONE', #2267, #544 ) ;
#919 = ORIENTED_EDGE ( 'NONE', *, *, #191, .T. ) ;
#920 = ADVANCED_FACE ( 'NONE', ( #1062 ), #291, .F. ) ;
#921 = CARTESIAN_POINT ( 'NONE',  ( 10.64506741895965369, 61.14089204341751582, 1014.930782926499546 ) ) ;
#922 = ORIENTED_EDGE ( 'NONE', *, *, #1224, .F. ) ;
#923 = ORIENTED_EDGE ( 'NONE', *, *, #1125, .T. ) ;
#924 = CARTESIAN_POINT ( 'NONE',  ( 27.19079295892131398, 66.29034320653363466, 0.000000000000000000 ) ) ;
#925 = PLANE ( 'NONE',  #828 ) ;
#926 = EDGE_CURVE ( 'NONE', #1790, #2017, #1633, .T. ) ;
#927 = FACE_OUTER_BOUND ( 'NONE', #955, .T. ) ;
#928 = APPLICATION_PROTOCOL_DEFINITION ( 'draft international standard', 'automotive_design', 1998, #1341 ) ;
#929 = EDGE_CURVE ( 'NONE', #190, #1394, #2412, .T. ) ;
#930 = CARTESIAN_POINT ( 'NONE',  ( 15.19079295892132286, 61.90732452576659739, 1013.753282926499196 ) ) ;
#931 = ORIENTED_EDGE ( 'NONE', *, *, #1056, .T. ) ;
#932 = DIRECTION ( 'NONE',  ( -0.000000000000000000, 1.000000000000000000, 0.000000000000000000 ) ) ;
#933 = ORIENTED_EDGE ( 'NONE', *, *, #2029, .T. ) ;
#934 = ADVANCED_FACE ( 'NONE', ( #435 ), #76, .T. ) ;
#935 = ORIENTED_EDGE ( 'NONE', *, *, #1718, .F. ) ;
#936 = VECTOR ( 'NONE', #1396, 1000.000000000000000 ) ;
#937 = DIRECTION ( 'NONE',  ( 1.000000000000000000, 0.000000000000000000, -0.000000000000000000 ) ) ;
#938 = VECTOR ( 'NONE', #2411, 1000.000000000000000 ) ;
#939 = CARTESIAN_POINT ( 'NONE',  ( 15.19079295892129089, 55.09034320653376682, 1014.453282926499355 ) ) ;
#940 = CARTESIAN_POINT ( 'NONE',  ( 0.000000000000000000, 0.000000000000000000, 0.000000000000000000 ) ) ;
#941 = DIRECTION ( 'NONE',  ( 0.4226182617406977760, -0.9063077870366507138, -0.000000000000000000 ) ) ;
#942 = DIRECTION ( 'NONE',  ( 0.6546536707077728057, -0.7559289460186315868, 3.323128215421348703E-15 ) ) ;
#943 = VERTEX_POINT ( 'NONE', #2399 ) ;
#944 = FACE_OUTER_BOUND ( 'NONE', #1401, .T. ) ;
#945 = VERTEX_POINT ( 'NONE', #2221 ) ;
#946 = UNCERTAINTY_MEASURE_WITH_UNIT (LENGTH_MEASURE( 1.000000000000000082E-05 ), #425, 'distance_accuracy_value', 'NONE');
#947 = VECTOR ( 'NONE', #67, 1000.000000000000000 ) ;
#948 = AXIS2_PLACEMENT_3D ( 'NONE', #44, #2210, #266 ) ;
#949 = CARTESIAN_POINT ( 'NONE',  ( 25.39079295892128130, 56.29034320653364176, 1014.453282926499355 ) ) ;
#950 = CARTESIAN_POINT ( 'NONE',  ( 15.19079295892134418, 66.29034320653370571, 1014.903282926499173 ) ) ;
#951 = VECTOR ( 'NONE', #1569, 1000.000000000000000 ) ;
#952 = LINE ( 'NONE', #739, #1591 ) ;
#953 = DIRECTION ( 'NONE',  ( 1.000000000000000000, -0.000000000000000000, -0.000000000000000000 ) ) ;
#954 = EDGE_CURVE ( 'NONE', #2184, #2258, #684, .T. ) ;
#955 = EDGE_LOOP ( 'NONE', ( #1812, #193, #1547, #2182 ) ) ;
#956 = ORIENTED_EDGE ( 'NONE', *, *, #2056, .F. ) ;
#957 = ORIENTED_EDGE ( 'NONE', *, *, #1852, .F. ) ;
#958 = VERTEX_POINT ( 'NONE', #2005 ) ;
#959 = CARTESIAN_POINT ( 'NONE',  ( 25.39079295892126353, 52.52969166723887895, 1015.353282926499332 ) ) ;
#960 = CARTESIAN_POINT ( 'NONE',  ( 31.80000000000000071, 58.16898153276382999, 1013.978282926498991 ) ) ;
#961 = SHAPE_DEFINITION_REPRESENTATION ( #336, #623 ) ;
#962 = CARTESIAN_POINT ( 'NONE',  ( 15.49079295892141772, 65.39034320653362897, 1015.803282926499378 ) ) ;
#963 = CARTESIAN_POINT ( 'NONE',  ( 4.819600323429970246, 58.87623561252111415, 1015.803282926499378 ) ) ;
#964 = ORIENTED_EDGE ( 'NONE', *, *, #144, .F. ) ;
#965 = FACE_OUTER_BOUND ( 'NONE', #1365, .T. ) ;
#966 = ORIENTED_EDGE ( 'NONE', *, *, #2024, .T. ) ;
#967 = CARTESIAN_POINT ( 'NONE',  ( 31.50000000000004974, 60.98356409506357778, 1015.803282926499378 ) ) ;
#968 = ORIENTED_EDGE ( 'NONE', *, *, #1090, .F. ) ;
#969 = VERTEX_POINT ( 'NONE', #87 ) ;
#970 = EDGE_CURVE ( 'NONE', #1331, #1549, #1977, .T. ) ;
#971 = EDGE_CURVE ( 'NONE', #1206, #943, #1455, .T. ) ;
#972 = ORIENTED_EDGE ( 'NONE', *, *, #269, .T. ) ;
#973 = DIRECTION ( 'NONE',  ( -0.000000000000000000, 0.000000000000000000, -1.000000000000000000 ) ) ;
#974 = CARTESIAN_POINT ( 'NONE',  ( 16.99079295892126851, 56.29034320653376255, 1014.453282926499355 ) ) ;
#975 = VECTOR ( 'NONE', #639, 1000.000000000000000 ) ;
#976 = VECTOR ( 'NONE', #2043, 1000.000000000000000 ) ;
#977 = EDGE_CURVE ( 'NONE', #892, #1524, #1263, .T. ) ;
#978 = CARTESIAN_POINT ( 'NONE',  ( 16.99079295892132180, 66.29034320653371992, 1014.753282926499310 ) ) ;
#979 = LINE ( 'NONE', #2192, #993 ) ;
#980 = ORIENTED_EDGE ( 'NONE', *, *, #746, .T. ) ;
#981 = PLANE ( 'NONE',  #496 ) ;
#982 = ORIENTED_EDGE ( 'NONE', *, *, #1507, .T. ) ;
#983 = CARTESIAN_POINT ( 'NONE',  ( 25.00765992253921155, 56.21742762128913995, 1011.603282926499105 ) ) ;
#984 = ORIENTED_EDGE ( 'NONE', *, *, #312, .T. ) ;
#985 = ORIENTED_EDGE ( 'NONE', *, *, #191, .F. ) ;
#986 = DIRECTION ( 'NONE',  ( 0.5773502691896952310, 0.5773502691894869532, -0.5773502691896951200 ) ) ;
#987 = FACE_OUTER_BOUND ( 'NONE', #1214, .T. ) ;
#988 = VECTOR ( 'NONE', #2390, 999.9999999999998863 ) ;
#989 = VECTOR ( 'NONE', #603, 1000.000000000000114 ) ;
#990 = ORIENTED_EDGE ( 'NONE', *, *, #2133, .T. ) ;
#991 = DIRECTION ( 'NONE',  ( 1.000000000000000000, -4.996003610813198910E-15, 0.000000000000000000 ) ) ;
#992 = ORIENTED_EDGE ( 'NONE', *, *, #399, .F. ) ;
#993 = VECTOR ( 'NONE', #40, 1000.000000000000114 ) ;
#994 = CARTESIAN_POINT ( 'NONE',  ( 2.340623420850888437E-13, 55.99034320653377250, 1014.753282926499310 ) ) ;
#995 = EDGE_LOOP ( 'NONE', ( #1142, #1604, #2400, #1658, #234, #1534 ) ) ;
#996 = CARTESIAN_POINT ( 'NONE',  ( 2.293632744927205502E-13, 55.09034320653385208, 1014.453282926499355 ) ) ;
#997 = ORIENTED_EDGE ( 'NONE', *, *, #894, .T. ) ;
#998 = ORIENTED_EDGE ( 'NONE', *, *, #605, .F. ) ;
#999 = ORIENTED_EDGE ( 'NONE', *, *, #1006, .F. ) ;
#1000 = LINE ( 'NONE', #1981, #1318 ) ;
#1001 = PLANE ( 'NONE',  #2388 ) ;
#1002 = EDGE_CURVE ( 'NONE', #685, #2315, #1848, .T. ) ;
#1003 = DIRECTION ( 'NONE',  ( 0.000000000000000000, -0.5000000000000063283, -0.8660254037844349329 ) ) ;
#1004 = DIRECTION ( 'NONE',  ( -1.000000000000000000, 0.000000000000000000, 9.441882454494335091E-31 ) ) ;
#1005 = ORIENTED_EDGE ( 'NONE', *, *, #2056, .T. ) ;
#1006 = EDGE_CURVE ( 'NONE', #149, #578, #63, .T. ) ;
#1007 = VERTEX_POINT ( 'NONE', #450 ) ;
#1008 = LINE ( 'NONE', #334, #2244 ) ;
#1009 = ORIENTED_EDGE ( 'NONE', *, *, #1938, .F. ) ;
#1010 = CARTESIAN_POINT ( 'NONE',  ( 25.00765992253921155, 63.71742762128913995, 1011.753282926499423 ) ) ;
#1011 = ADVANCED_FACE ( 'NONE', ( #463 ), #843, .F. ) ;
#1012 = VERTEX_POINT ( 'NONE', #1215 ) ;
#1013 = FACE_OUTER_BOUND ( 'NONE', #1329, .T. ) ;
#1014 = CARTESIAN_POINT ( 'NONE',  ( 26.89079295892132748, 60.98356409506357778, 1015.803282926499378 ) ) ;
#1015 = CARTESIAN_POINT ( 'NONE',  ( 15.19079295892131753, 60.98356409506356357, 1015.803282926499378 ) ) ;
#1016 = LINE ( 'NONE', #1251, #300 ) ;
#1017 = ORIENTED_EDGE ( 'NONE', *, *, #568, .F. ) ;
#1018 = VECTOR ( 'NONE', #244, 1000.000000000000000 ) ;
#1019 = PLANE ( 'NONE',  #1706 ) ;
#1020 = VERTEX_POINT ( 'NONE', #646 ) ;
#1021 = CARTESIAN_POINT ( 'NONE',  ( 25.39079295892133459, 66.29034320653364887, 1014.903282926499401 ) ) ;
#1022 = ORIENTED_EDGE ( 'NONE', *, *, #106, .T. ) ;
#1023 =( GEOMETRIC_REPRESENTATION_CONTEXT ( 3 ) GLOBAL_UNCERTAINTY_ASSIGNED_CONTEXT ( ( #766 ) ) GLOBAL_UNIT_ASSIGNED_CONTEXT ( ( #125, #904, #348 ) ) REPRESENTATION_CONTEXT ( 'NONE', 'WORKASPACE' ) );
#1024 = ORIENTED_EDGE ( 'NONE', *, *, #2425, .T. ) ;
#1025 = VERTEX_POINT ( 'NONE', #1021 ) ;
#1026 = LINE ( 'NONE', #1192, #2076 ) ;
#1027 = CARTESIAN_POINT ( 'NONE',  ( 16.19079295892113990, 61.32997425657703872, 1012.753282926499310 ) ) ;
#1028 = VECTOR ( 'NONE', #13, 1000.000000000000000 ) ;
#1029 = DIRECTION ( 'NONE',  ( 0.000000000000000000, -1.000000000000000000, 1.224646799147602931E-16 ) ) ;
#1030 = FACE_OUTER_BOUND ( 'NONE', #1047, .T. ) ;
#1031 = ORIENTED_EDGE ( 'NONE', *, *, #742, .T. ) ;
#1032 = VECTOR ( 'NONE', #2405, 1000.000000000000000 ) ;
#1033 = CARTESIAN_POINT ( 'NONE',  ( 31.80000000000000071, 61.69081817482073404, 1013.978282926499787 ) ) ;
#1034 = ORIENTED_EDGE ( 'NONE', *, *, #902, .F. ) ;
#1035 = CARTESIAN_POINT ( 'NONE',  ( 4.819600323429970246, 61.32997425657703872, 1012.753282926499310 ) ) ;
#1036 = VECTOR ( 'NONE', #2356, 1000.000000000000000 ) ;
#1037 = EDGE_LOOP ( 'NONE', ( #330, #505, #1370, #1620, #36, #93, #2476, #1128, #1009 ) ) ;
#1038 = VECTOR ( 'NONE', #2352, 1000.000000000000000 ) ;
#1039 = CARTESIAN_POINT ( 'NONE',  ( 17.39506741895964481, 56.21742762128913995, 1011.753282926499196 ) ) ;
#1040 = ADVANCED_FACE ( 'NONE', ( #656 ), #1791, .F. ) ;
#1041 = EDGE_CURVE ( 'NONE', #2314, #72, #1227, .T. ) ;
#1042 = EDGE_LOOP ( 'NONE', ( #2300, #753, #152, #1525 ) ) ;
#1043 = DIRECTION ( 'NONE',  ( -1.000000000000000000, 5.680634549777415935E-15, 0.000000000000000000 ) ) ;
#1044 = DIRECTION ( 'NONE',  ( -0.5773502691896528205, -0.5773502691896021943, 0.5773502691896222894 ) ) ;
#1045 = DIRECTION ( 'NONE',  ( 4.996003610813198910E-15, 1.000000000000000000, 0.000000000000000000 ) ) ;
#1046 = DIRECTION ( 'NONE',  ( -0.7071067811864862884, 0.000000000000000000, 0.7071067811866088570 ) ) ;
#1047 = EDGE_LOOP ( 'NONE', ( #2046, #2193, #678, #1238 ) ) ;
#1048 = DIRECTION ( 'NONE',  ( -9.944700130364150569E-47, 1.224646799147602931E-16, 1.000000000000000000 ) ) ;
#1049 = ORIENTED_EDGE ( 'NONE', *, *, #954, .F. ) ;
#1050 = DIRECTION ( 'NONE',  ( -1.000000000000000000, 0.000000000000000000, 0.000000000000000000 ) ) ;
#1051 = ORIENTED_EDGE ( 'NONE', *, *, #744, .T. ) ;
#1052 = DIRECTION ( 'NONE',  ( -0.6546536707080051753, 0.3779644730092133198, -0.6546536707079571027 ) ) ;
#1053 = ORIENTED_EDGE ( 'NONE', *, *, #744, .F. ) ;
#1054 = CARTESIAN_POINT ( 'NONE',  ( 16.99079295892129338, 61.29034320653369150, 1013.553282926499264 ) ) ;
#1055 = LINE ( 'NONE', #272, #79 ) ;
#1056 = EDGE_CURVE ( 'NONE', #103, #2157, #476, .T. ) ;
#1057 = FACE_OUTER_BOUND ( 'NONE', #459, .T. ) ;
#1058 = LINE ( 'NONE', #458, #547 ) ;
#1059 = EDGE_CURVE ( 'NONE', #45, #1102, #277, .T. ) ;
#1060 = LINE ( 'NONE', #1275, #535 ) ;
#1061 = ORIENTED_EDGE ( 'NONE', *, *, #2350, .F. ) ;
#1062 = FACE_OUTER_BOUND ( 'NONE', #279, .T. ) ;
#1063 = ORIENTED_EDGE ( 'NONE', *, *, #409, .F. ) ;
#1064 = VECTOR ( 'NONE', #1052, 1000.000000000000114 ) ;
#1065 = DIRECTION ( 'NONE',  ( -6.118339830512249160E-31, -1.224646799147602684E-16, -1.000000000000000000 ) ) ;
#1066 = VECTOR ( 'NONE', #116, 1000.000000000000114 ) ;
#1067 = ORIENTED_EDGE ( 'NONE', *, *, #480, .T. ) ;
#1068 = FACE_OUTER_BOUND ( 'NONE', #643, .T. ) ;
#1069 = CARTESIAN_POINT ( 'NONE',  ( 25.39079295892126353, 52.52969166723900685, 1014.453282926499355 ) ) ;
#1070 = CARTESIAN_POINT ( 'NONE',  ( 25.00765992253921155, 63.71742762128913995, 1022.839796138279780 ) ) ;
#1071 = CARTESIAN_POINT ( 'NONE',  ( 16.99079295892126851, 56.29034320653368439, 1014.453282926499355 ) ) ;
#1072 = FACE_OUTER_BOUND ( 'NONE', #1293, .T. ) ;
#1073 = DIRECTION ( 'NONE',  ( 0.000000000000000000, 0.000000000000000000, 1.000000000000000000 ) ) ;
#1074 = ORIENTED_EDGE ( 'NONE', *, *, #438, .T. ) ;
#1075 = VECTOR ( 'NONE', #901, 1000.000000000000000 ) ;
#1076 = CARTESIAN_POINT ( 'NONE',  ( 27.19079295892124293, 52.52969166723886474, 1015.503282926499423 ) ) ;
#1077 = VECTOR ( 'NONE', #1824, 1000.000000000000000 ) ;
#1078 = VECTOR ( 'NONE', #311, 1000.000000000000114 ) ;
#1079 = PRODUCT_RELATED_PRODUCT_CATEGORY ( 'part', '', ( #2279 ) ) ;
#1080 = VECTOR ( 'NONE', #561, 1000.000000000000114 ) ;
#1081 = VERTEX_POINT ( 'NONE', #1478 ) ;
#1082 = DIRECTION ( 'NONE',  ( 0.000000000000000000, -0.4999999999999963363, 0.8660254037844408170 ) ) ;
#1083 = LINE ( 'NONE', #1855, #813 ) ;
#1084 = DIRECTION ( 'NONE',  ( -1.000000000000000000, 0.000000000000000000, 0.000000000000000000 ) ) ;
#1085 = CARTESIAN_POINT ( 'NONE',  ( 27.19079295892131398, 66.59034320653375971, 1014.753282926499310 ) ) ;
#1086 = EDGE_CURVE ( 'NONE', #1578, #1305, #704, .T. ) ;
#1087 = CARTESIAN_POINT ( 'NONE',  ( 25.00765992253921155, 56.21742762128913995, 1022.839796138279780 ) ) ;
#1088 = CARTESIAN_POINT ( 'NONE',  ( 26.89079295892118893, 56.29034320653363466, 1015.503282926499423 ) ) ;
#1089 = ORIENTED_EDGE ( 'NONE', *, *, #2269, .T. ) ;
#1090 = EDGE_CURVE ( 'NONE', #670, #756, #1466, .T. ) ;
#1091 = DIRECTION ( 'NONE',  ( 1.000000000000000000, -0.000000000000000000, -0.000000000000000000 ) ) ;
#1092 = EDGE_CURVE ( 'NONE', #611, #757, #2278, .T. ) ;
#1093 = ORIENTED_EDGE ( 'NONE', *, *, #1309, .T. ) ;
#1094 = CARTESIAN_POINT ( 'NONE',  ( 16.39079295892130972, 56.29034320653369150, 1015.803282926499378 ) ) ;
#1095 = FACE_OUTER_BOUND ( 'NONE', #2119, .T. ) ;
#1096 = CARTESIAN_POINT ( 'NONE',  ( 27.19079295892129267, 62.03722833633445788, 1013.978282926499560 ) ) ;
#1097 = CARTESIAN_POINT ( 'NONE',  ( 27.19079295892131753, 67.49034320653368013, 0.000000000000000000 ) ) ;
#1098 = CARTESIAN_POINT ( 'NONE',  ( 16.99079295892125430, 52.52969166723904237, 1014.453282926499355 ) ) ;
#1099 = LINE ( 'NONE', #719, #791 ) ;
#1100 = VERTEX_POINT ( 'NONE', #1088 ) ;
#1101 = PLANE ( 'NONE',  #1831 ) ;
#1102 = VERTEX_POINT ( 'NONE', #550 ) ;
#1103 = VECTOR ( 'NONE', #680, 1000.000000000000000 ) ;
#1104 = ORIENTED_EDGE ( 'NONE', *, *, #2170, .T. ) ;
#1105 = DIRECTION ( 'NONE',  ( 0.000000000000000000, 0.8660254037844371533, -0.5000000000000027756 ) ) ;
#1106 = AXIS2_PLACEMENT_3D ( 'NONE', #2171, #629, #1963 ) ;
#1107 = EDGE_CURVE ( 'NONE', #1257, #1102, #2231, .T. ) ;
#1108 = CARTESIAN_POINT ( 'NONE',  ( 17.19079295892128556, 56.29034320653368439, 1015.153282926499287 ) ) ;
#1109 = CARTESIAN_POINT ( 'NONE',  ( 10.49078170467398863, 59.13851759195328839, 1015.348997212213817 ) ) ;
#1110 = LINE ( 'NONE', #1087, #2068 ) ;
#1111 = CARTESIAN_POINT ( 'NONE',  ( 26.89079295892135235, 66.29034320653363466, 1014.903282926499401 ) ) ;
#1112 = EDGE_LOOP ( 'NONE', ( #2380, #1881, #107, #968 ) ) ;
#1113 = CARTESIAN_POINT ( 'NONE',  ( 31.50000000000004974, 62.03722833633448630, 1013.978282926499560 ) ) ;
#1114 = EDGE_CURVE ( 'NONE', #812, #315, #2449, .T. ) ;
#1115 = VECTOR ( 'NONE', #725, 1000.000000000000114 ) ;
#1116 = ORIENTED_EDGE ( 'NONE', *, *, #1346, .F. ) ;
#1117 = ORIENTED_EDGE ( 'NONE', *, *, #2133, .F. ) ;
#1118 = VECTOR ( 'NONE', #1869, 1000.000000000000000 ) ;
#1119 = EDGE_CURVE ( 'NONE', #446, #1205, #2077, .T. ) ;
#1120 = CARTESIAN_POINT ( 'NONE',  ( 2.350200998213487780E-13, 56.29034320653385493, 1014.753282926499310 ) ) ;
#1121 = VECTOR ( 'NONE', #1511, 1000.000000000000000 ) ;
#1122 = EDGE_CURVE ( 'NONE', #1025, #149, #2471, .T. ) ;
#1123 = DIRECTION ( 'NONE',  ( 5.680634549777415935E-15, 1.000000000000000000, 0.000000000000000000 ) ) ;
#1124 = CARTESIAN_POINT ( 'NONE',  ( 25.69079295892136372, 56.93369528268624435, 1014.753282926499310 ) ) ;
#1125 = EDGE_CURVE ( 'NONE', #1563, #1012, #2257, .T. ) ;
#1126 = CARTESIAN_POINT ( 'NONE',  ( 27.49230800335305602, 57.67266348189765068, 1014.237931007313023 ) ) ;
#1127 = ADVANCED_FACE ( 'NONE', ( #740 ), #2246, .F. ) ;
#1128 = ORIENTED_EDGE ( 'NONE', *, *, #1208, .T. ) ;
#1129 = PLANE ( 'NONE',  #2028 ) ;
#1130 = VERTEX_POINT ( 'NONE', #1657 ) ;
#1131 = EDGE_LOOP ( 'NONE', ( #1319, #1150, #31, #706 ) ) ;
#1132 = EDGE_CURVE ( 'NONE', #1592, #567, #1099, .T. ) ;
#1133 = DIRECTION ( 'NONE',  ( 3.532708032038409212E-15, 0.7071067811865313635, -0.7071067811865637820 ) ) ;
#1134 = CARTESIAN_POINT ( 'NONE',  ( 10.64506741895965369, 60.72375647392783549, 1012.303282926499492 ) ) ;
#1135 = EDGE_CURVE ( 'NONE', #592, #2355, #113, .T. ) ;
#1136 = DIRECTION ( 'NONE',  ( 0.000000000000000000, 0.000000000000000000, 1.000000000000000000 ) ) ;
#1137 = CARTESIAN_POINT ( 'NONE',  ( 15.19079295892129267, 55.09034320653378103, 1014.453282926499355 ) ) ;
#1138 = DIRECTION ( 'NONE',  ( 0.000000000000000000, -0.4999999999999977240, 0.8660254037844399289 ) ) ;
#1139 = ORIENTED_EDGE ( 'NONE', *, *, #1463, .F. ) ;
#1140 = EDGE_CURVE ( 'NONE', #1512, #1257, #1300, .T. ) ;
#1141 = DIRECTION ( 'NONE',  ( -0.5773502691896936767, -0.5773502691896971184, 0.5773502691894866201 ) ) ;
#1142 = ORIENTED_EDGE ( 'NONE', *, *, #977, .T. ) ;
#1143 = ORIENTED_EDGE ( 'NONE', *, *, #2426, .T. ) ;
#1144 = EDGE_CURVE ( 'NONE', #2261, #2070, #1666, .T. ) ;
#1145 = DIRECTION ( 'NONE',  ( 0.000000000000000000, 0.000000000000000000, -1.000000000000000000 ) ) ;
#1146 = VECTOR ( 'NONE', #313, 1000.000000000000000 ) ;
#1147 = DIRECTION ( 'NONE',  ( 0.000000000000000000, -1.000000000000000000, 1.224646799147602931E-16 ) ) ;
#1148 = DIRECTION ( 'NONE',  ( 0.000000000000000000, 0.5000000000000063283, 0.8660254037844349329 ) ) ;
#1149 = CARTESIAN_POINT ( 'NONE',  ( 15.49079295892136976, 56.29034320653369150, 1015.503282926499423 ) ) ;
#1150 = ORIENTED_EDGE ( 'NONE', *, *, #1695, .F. ) ;
#1151 = CARTESIAN_POINT ( 'NONE',  ( 15.19079295892129267, 55.09034320653378103, 1013.753282926499196 ) ) ;
#1152 = VERTEX_POINT ( 'NONE', #2422 ) ;
#1153 = CLOSED_SHELL ( 'NONE', ( #2309, #345, #278, #1458, #514, #382, #1691, #2319, #1713, #2283, #460, #1612, #1564, #368, #1741, #2166, #1616, #721, #1746, #920, #323, #2260, #1526, #528, #468, #286, #69, #2273, #1602, #2386, #665, #1527, #104, #255, #2312, #395, #178, #316, #1914, #556, #524, #724, #2295, #2379, #1358, #1383, #2211, #1495, #1040, #1598, #1421, #1993, #2161, #147, #1127, #1675, #1011, #507, #1608, #209, #358, #1452, #150, #2073, #2084, #2502, #1376, #2418, #2285, #2402, #2343, #820, #1974, #2066, #1274, #2516, #2396, #1926, #73, #934, #2113, #1966, #1865, #2432, #864, #867 ) ) ;
#1154 = EDGE_CURVE ( 'NONE', #1875, #454, #329, .T. ) ;
#1155 = AXIS2_PLACEMENT_3D ( 'NONE', #1743, #937, #973 ) ;
#1156 = VECTOR ( 'NONE', #1646, 1000.000000000000000 ) ;
#1157 = CARTESIAN_POINT ( 'NONE',  ( 21.80830298529336275, 65.25972189994050154, 1014.753282926499310 ) ) ;
#1158 = DIRECTION ( 'NONE',  ( 0.000000000000000000, -1.000000000000000000, 0.000000000000000000 ) ) ;
#1159 = AXIS2_PLACEMENT_3D ( 'NONE', #826, #71, #1222 ) ;
#1160 = CARTESIAN_POINT ( 'NONE',  ( 10.94506741895967394, 60.98356409506329356, 1012.153282926499401 ) ) ;
#1161 = CARTESIAN_POINT ( 'NONE',  ( 26.00765992253915471, 52.52969166723901395, 1012.753282926499310 ) ) ;
#1162 = ORIENTED_EDGE ( 'NONE', *, *, #605, .T. ) ;
#1163 = EDGE_CURVE ( 'NONE', #1909, #1448, #918, .T. ) ;
#1164 = DIRECTION ( 'NONE',  ( -4.996003610813198910E-15, -1.000000000000000000, 1.224646799147602931E-16 ) ) ;
#1165 = ORIENTED_EDGE ( 'NONE', *, *, #2385, .F. ) ;
#1166 = CARTESIAN_POINT ( 'NONE',  ( 4.819600323429970246, 60.98356409506357778, 1015.803282926499378 ) ) ;
#1167 = EDGE_CURVE ( 'NONE', #732, #945, #126, .T. ) ;
#1168 = EDGE_CURVE ( 'NONE', #464, #45, #905, .T. ) ;
#1169 = EDGE_LOOP ( 'NONE', ( #911, #1965, #1294, #2437 ) ) ;
#1170 = LINE ( 'NONE', #1916, #543 ) ;
#1171 = DIRECTION ( 'NONE',  ( -6.118339830512249160E-31, -1.224646799147602684E-16, -1.000000000000000000 ) ) ;
#1172 = LINE ( 'NONE', #1520, #2239 ) ;
#1173 = LINE ( 'NONE', #160, #589 ) ;
#1174 = ORIENTED_EDGE ( 'NONE', *, *, #1163, .T. ) ;
#1175 = DIRECTION ( 'NONE',  ( -0.5773502691897005601, 0.5773502691897005601, -0.5773502691894760730 ) ) ;
#1176 = ORIENTED_EDGE ( 'NONE', *, *, #705, .F. ) ;
#1177 = CARTESIAN_POINT ( 'NONE',  ( 25.39079295892133459, 66.29034320653366308, 1013.553282926499264 ) ) ;
#1178 = ORIENTED_EDGE ( 'NONE', *, *, #1279, .T. ) ;
#1179 = VERTEX_POINT ( 'NONE', #2436 ) ;
#1180 = DIRECTION ( 'NONE',  ( 6.118339830512250036E-31, 1.224646799147602684E-16, 1.000000000000000000 ) ) ;
#1181 = DIRECTION ( 'NONE',  ( 0.000000000000000000, 0.4999999999999962808, -0.8660254037844408170 ) ) ;
#1182 = AXIS2_PLACEMENT_3D ( 'NONE', #1069, #1674, #1841 ) ;
#1183 = PLANE ( 'NONE',  #413 ) ;
#1184 = DIRECTION ( 'NONE',  ( 0.000000000000000000, 1.000000000000000000, 0.000000000000000000 ) ) ;
#1185 = ORIENTED_EDGE ( 'NONE', *, *, #100, .T. ) ;
#1186 = CARTESIAN_POINT ( 'NONE',  ( 16.39079295892130972, 56.29034320653376966, 1014.753282926499310 ) ) ;
#1187 = VERTEX_POINT ( 'NONE', #930 ) ;
#1188 = DIRECTION ( 'NONE',  ( 0.000000000000000000, -0.7071067811864102381, 0.7071067811866850183 ) ) ;
#1189 = ORIENTED_EDGE ( 'NONE', *, *, #1852, .T. ) ;
#1190 = EDGE_LOOP ( 'NONE', ( #1143, #1031, #2099, #267, #440, #1987, #1479, #227 ) ) ;
#1191 = ORIENTED_EDGE ( 'NONE', *, *, #426, .T. ) ;
#1192 = CARTESIAN_POINT ( 'NONE',  ( 4.819600323430010214, 65.84034320653393024, 1015.353282926499332 ) ) ;
#1193 = DIRECTION ( 'NONE',  ( -1.000000000000000000, 4.996003610813198910E-15, 0.000000000000000000 ) ) ;
#1194 = VECTOR ( 'NONE', #1210, 1000.000000000000000 ) ;
#1195 = EDGE_CURVE ( 'NONE', #729, #1549, #882, .T. ) ;
#1196 = VECTOR ( 'NONE', #2196, 1000.000000000000000 ) ;
#1197 = CARTESIAN_POINT ( 'NONE',  ( 31.50000000000004974, 62.03722833633448630, 1013.978282926499560 ) ) ;
#1198 = CARTESIAN_POINT ( 'NONE',  ( 25.99079295892124009, 56.29034320653364176, 1015.153282926499287 ) ) ;
#1199 = ORIENTED_EDGE ( 'NONE', *, *, #593, .T. ) ;
#1200 = VECTOR ( 'NONE', #1907, 999.9999999999998863 ) ;
#1201 = EDGE_CURVE ( 'NONE', #29, #1736, #2044, .T. ) ;
#1202 = FACE_OUTER_BOUND ( 'NONE', #41, .T. ) ;
#1203 = ORIENTED_EDGE ( 'NONE', *, *, #2014, .F. ) ;
#1204 = FACE_OUTER_BOUND ( 'NONE', #1440, .T. ) ;
#1205 = VERTEX_POINT ( 'NONE', #761 ) ;
#1206 = VERTEX_POINT ( 'NONE', #1711 ) ;
#1207 = DIRECTION ( 'NONE',  ( -1.000000000000000000, 4.260475912333060176E-15, 4.224304265610189659E-31 ) ) ;
#1208 = EDGE_CURVE ( 'NONE', #897, #29, #1336, .T. ) ;
#1209 = CARTESIAN_POINT ( 'NONE',  ( 4.819600323429970246, 58.87623561252109994, 1012.153282926499401 ) ) ;
#1210 = DIRECTION ( 'NONE',  ( -5.805843586649048231E-31, -1.224646799147602684E-16, -1.000000000000000000 ) ) ;
#1211 = CARTESIAN_POINT ( 'NONE',  ( 17.39506741895964481, 63.71742762128913995, 1011.603282926499105 ) ) ;
#1212 = VERTEX_POINT ( 'NONE', #789 ) ;
#1213 = PLANE ( 'NONE',  #1873 ) ;
#1214 = EDGE_LOOP ( 'NONE', ( #980, #1471, #1618, #2461 ) ) ;
#1215 = CARTESIAN_POINT ( 'NONE',  ( 31.50000000000004974, 57.82257137125006352, 1013.978282926499332 ) ) ;
#1216 = ORIENTED_EDGE ( 'NONE', *, *, #1537, .T. ) ;
#1217 = PRESENTATION_STYLE_ASSIGNMENT (( #1780 ) ) ;
#1218 = ORIENTED_EDGE ( 'NONE', *, *, #1195, .T. ) ;
#1219 = DIRECTION ( 'NONE',  ( 0.3892816206350443453, -0.8348171294790331931, 0.3892816206349080654 ) ) ;
#1220 = DIRECTION ( 'NONE',  ( 0.7071067811865211494, -3.778531783198820679E-15, -0.7071067811865738850 ) ) ;
#1221 = CARTESIAN_POINT ( 'NONE',  ( 10.64506741895965369, 59.13604323365658644, 1015.653282926499287 ) ) ;
#1222 = DIRECTION ( 'NONE',  ( 0.000000000000000000, 1.000000000000000000, -1.224646799147602931E-16 ) ) ;
#1223 = ORIENTED_EDGE ( 'NONE', *, *, #916, .F. ) ;
#1224 = EDGE_CURVE ( 'NONE', #1738, #449, #752, .T. ) ;
#1225 = CARTESIAN_POINT ( 'NONE',  ( 3.078229491581788172E-13, 52.52969166723901395, 1015.353282926499332 ) ) ;
#1226 = ORIENTED_EDGE ( 'NONE', *, *, #289, .T. ) ;
#1227 = LINE ( 'NONE', #1430, #1196 ) ;
#1228 = VECTOR ( 'NONE', #932, 1000.000000000000000 ) ;
#1229 = EDGE_LOOP ( 'NONE', ( #1717, #835, #422, #1093 ) ) ;
#1230 = EDGE_CURVE ( 'NONE', #869, #670, #2313, .T. ) ;
#1231 = DIRECTION ( 'NONE',  ( 0.000000000000000000, 0.4999999999999977240, -0.8660254037844399289 ) ) ;
#1232 = ORIENTED_EDGE ( 'NONE', *, *, #447, .T. ) ;
#1233 = FACE_OUTER_BOUND ( 'NONE', #1367, .T. ) ;
#1234 = CARTESIAN_POINT ( 'NONE',  ( 15.49915543427635001, 54.32151563660578830, 1013.649194911182576 ) ) ;
#1235 = VECTOR ( 'NONE', #400, 1000.000000000000000 ) ;
#1236 = FACE_OUTER_BOUND ( 'NONE', #307, .T. ) ;
#1237 = FACE_OUTER_BOUND ( 'NONE', #518, .T. ) ;
#1238 = ORIENTED_EDGE ( 'NONE', *, *, #2029, .F. ) ;
#1239 = AXIS2_PLACEMENT_3D ( 'NONE', #1708, #1893, #2467 ) ;
#1240 = CARTESIAN_POINT ( 'NONE',  ( 16.19079295892109371, 52.52969166723893579, 1012.753282926499310 ) ) ;
#1241 = ORIENTED_EDGE ( 'NONE', *, *, #1168, .T. ) ;
#1242 = CARTESIAN_POINT ( 'NONE',  ( 3.765712139356384679E-13, 66.29034320653379098, 1014.903282926499173 ) ) ;
#1243 = AXIS2_PLACEMENT_3D ( 'NONE', #1242, #1444, #868 ) ;
#1244 = EDGE_LOOP ( 'NONE', ( #590, #223, #2235 ) ) ;
#1245 = PLANE ( 'NONE',  #2509 ) ;
#1246 = EDGE_CURVE ( 'NONE', #756, #1544, #1898, .T. ) ;
#1247 = ORIENTED_EDGE ( 'NONE', *, *, #52, .F. ) ;
#1248 = DIRECTION ( 'NONE',  ( 4.996003610813198910E-15, 1.000000000000000000, -1.224646799147602684E-16 ) ) ;
#1249 = DIRECTION ( 'NONE',  ( 0.000000000000000000, 0.000000000000000000, -1.000000000000000000 ) ) ;
#1250 = LINE ( 'NONE', #220, #1194 ) ;
#1251 = CARTESIAN_POINT ( 'NONE',  ( 26.89079295892131682, 58.87623561252100757, 1015.803282926499378 ) ) ;
#1252 = DIRECTION ( 'NONE',  ( 4.996003610813198910E-15, 1.000000000000000000, -1.224646799147602684E-16 ) ) ;
#1253 = ORIENTED_EDGE ( 'NONE', *, *, #1491, .T. ) ;
#1254 = CARTESIAN_POINT ( 'NONE',  ( 19.57767680535334165, 61.30345936010334640, 1019.890166772929888 ) ) ;
#1255 = EDGE_LOOP ( 'NONE', ( #2413, #931, #1637, #802 ) ) ;
#1256 = PLANE ( 'NONE',  #2146 ) ;
#1257 = VERTEX_POINT ( 'NONE', #387 ) ;
#1258 = FACE_OUTER_BOUND ( 'NONE', #821, .T. ) ;
#1259 = CARTESIAN_POINT ( 'NONE',  ( 10.94506741895967394, 60.98356409506357778, 1015.803282926499378 ) ) ;
#1260 = DIRECTION ( 'NONE',  ( -2.498001805406631404E-15, -0.5000000000000063283, -0.8660254037844349329 ) ) ;
#1261 = DIRECTION ( 'NONE',  ( 0.7071067811865733299, -3.619303637662182700E-15, -0.7071067811865218156 ) ) ;
#1262 = DIRECTION ( 'NONE',  ( 1.000000000000000000, -0.000000000000000000, -0.000000000000000000 ) ) ;
#1263 = LINE ( 'NONE', #1605, #1801 ) ;
#1264 = VERTEX_POINT ( 'NONE', #1347 ) ;
#1265 = VECTOR ( 'NONE', #619, 1000.000000000000000 ) ;
#1266 = LINE ( 'NONE', #893, #1785 ) ;
#1267 = AXIS2_PLACEMENT_3D ( 'NONE', #1098, #1645, #1692 ) ;
#1268 = ORIENTED_EDGE ( 'NONE', *, *, #560, .F. ) ;
#1269 = DIRECTION ( 'NONE',  ( -5.221186213742997318E-15, -1.000000000000000000, 1.224646799147602684E-16 ) ) ;
#1270 = CARTESIAN_POINT ( 'NONE',  ( 2.881495796743917811E-13, 67.49034320653379382, 0.000000000000000000 ) ) ;
#1271 = EDGE_CURVE ( 'NONE', #2261, #1697, #1748, .T. ) ;
#1272 = DIRECTION ( 'NONE',  ( -1.000000000000000000, 4.996003610813199699E-15, 4.996003610813198910E-15 ) ) ;
#1273 = FACE_OUTER_BOUND ( 'NONE', #1042, .T. ) ;
#1274 = ADVANCED_FACE ( 'NONE', ( #2139 ), #14, .F. ) ;
#1275 = CARTESIAN_POINT ( 'NONE',  ( 15.19079295892130155, 57.82257137125004931, 1013.978282926499332 ) ) ;
#1276 = DIRECTION ( 'NONE',  ( 0.000000000000000000, -0.4999999999999976685, 0.8660254037844399289 ) ) ;
#1277 = ORIENTED_EDGE ( 'NONE', *, *, #120, .T. ) ;
#1278 = VECTOR ( 'NONE', #2503, 999.9999999999998863 ) ;
#1279 = EDGE_CURVE ( 'NONE', #2140, #1544, #598, .T. ) ;
#1280 = PLANE ( 'NONE',  #1423 ) ;
#1281 = AXIS2_PLACEMENT_3D ( 'NONE', #308, #1652, #94 ) ;
#1282 = VECTOR ( 'NONE', #773, 1000.000000000000000 ) ;
#1283 = ORIENTED_EDGE ( 'NONE', *, *, #289, .F. ) ;
#1284 = LINE ( 'NONE', #1863, #1077 ) ;
#1285 = CARTESIAN_POINT ( 'NONE',  ( 26.19079295892128911, 55.09034320653371708, 1012.753282926499310 ) ) ;
#1286 = CARTESIAN_POINT ( 'NONE',  ( 14.91041933814580034, 57.67266348189765068, 1014.237931007313023 ) ) ;
#1287 = LINE ( 'NONE', #123, #1483 ) ;
#1288 = PLANE ( 'NONE',  #1267 ) ;
#1289 = DIRECTION ( 'NONE',  ( -4.996003610813198910E-15, -1.000000000000000000, 1.224646799147602684E-16 ) ) ;
#1290 = ORIENTED_EDGE ( 'NONE', *, *, #293, .T. ) ;
#1291 = CARTESIAN_POINT ( 'NONE',  ( 16.19079295892112214, 58.52982545100736189, 1012.753282926499310 ) ) ;
#1292 = EDGE_CURVE ( 'NONE', #190, #1264, #374, .T. ) ;
#1293 = EDGE_LOOP ( 'NONE', ( #606, #2078, #1704, #1404 ) ) ;
#1294 = ORIENTED_EDGE ( 'NONE', *, *, #480, .F. ) ;
#1295 = EDGE_CURVE ( 'NONE', #375, #2353, #2495, .T. ) ;
#1296 = CARTESIAN_POINT ( 'NONE',  ( -493.2812449837899180, 55.09034320653636740, 493.2812449838277757 ) ) ;
#1297 = CARTESIAN_POINT ( 'NONE',  ( 15.19079295892134951, 67.49034320653372276, 1013.853282926499446 ) ) ;
#1298 = CARTESIAN_POINT ( 'NONE',  ( 3.078229491581788172E-13, 52.52969166723901395, 1015.353282926499332 ) ) ;
#1299 = LINE ( 'NONE', #2230, #34 ) ;
#1300 = LINE ( 'NONE', #2090, #8 ) ;
#1301 = ORIENTED_EDGE ( 'NONE', *, *, #2218, .F. ) ;
#1302 = EDGE_CURVE ( 'NONE', #318, #1205, #2521, .T. ) ;
#1303 = DIRECTION ( 'NONE',  ( 0.000000000000000000, -1.000000000000000000, 0.000000000000000000 ) ) ;
#1304 = VECTOR ( 'NONE', #1486, 1000.000000000000000 ) ;
#1305 = VERTEX_POINT ( 'NONE', #2098 ) ;
#1306 = EDGE_CURVE ( 'NONE', #1152, #1522, #584, .T. ) ;
#1307 = VECTOR ( 'NONE', #1252, 1000.000000000000000 ) ;
#1308 = CARTESIAN_POINT ( 'NONE',  ( 15.19079295892130510, 57.82257137125006352, 1013.978282926499332 ) ) ;
#1309 = EDGE_CURVE ( 'NONE', #276, #1749, #415, .T. ) ;
#1310 = EDGE_CURVE ( 'NONE', #1205, #897, #1360, .T. ) ;
#1311 = PLANE ( 'NONE',  #1397 ) ;
#1312 = PLANE ( 'NONE',  #2121 ) ;
#1313 = PLANE ( 'NONE',  #860 ) ;
#1314 = DIRECTION ( 'NONE',  ( 4.996003610813198910E-15, 1.000000000000000000, -1.224646799147602931E-16 ) ) ;
#1315 = ORIENTED_EDGE ( 'NONE', *, *, #2009, .T. ) ;
#1316 = FACE_OUTER_BOUND ( 'NONE', #599, .T. ) ;
#1317 = EDGE_CURVE ( 'NONE', #2423, #103, #206, .T. ) ;
#1318 = VECTOR ( 'NONE', #1395, 1000.000000000000000 ) ;
#1319 = ORIENTED_EDGE ( 'NONE', *, *, #1718, .T. ) ;
#1320 = ORIENTED_EDGE ( 'NONE', *, *, #409, .T. ) ;
#1321 = VECTOR ( 'NONE', #2342, 1000.000000000000114 ) ;
#1322 = EDGE_CURVE ( 'NONE', #1950, #2129, #1724, .T. ) ;
#1323 = VECTOR ( 'NONE', #682, 1000.000000000000000 ) ;
#1324 = DIRECTION ( 'NONE',  ( -0.4226182617407029385, -0.9063077870366482713, 1.109906930436980880E-16 ) ) ;
#1325 = EDGE_CURVE ( 'NONE', #1413, #469, #2152, .T. ) ;
#1326 = DIRECTION ( 'NONE',  ( 1.000000000000000000, -4.996003610813198910E-15, 0.000000000000000000 ) ) ;
#1327 = LINE ( 'NONE', #2481, #2112 ) ;
#1328 = DIRECTION ( 'NONE',  ( 1.000000000000000000, -5.680634549777415935E-15, 0.000000000000000000 ) ) ;
#1329 = EDGE_LOOP ( 'NONE', ( #1339, #1890, #618, #1536 ) ) ;
#1330 = DIRECTION ( 'NONE',  ( -2.498001805406631404E-15, -0.5000000000000063283, -0.8660254037844349329 ) ) ;
#1331 = VERTEX_POINT ( 'NONE', #2327 ) ;
#1332 = EDGE_CURVE ( 'NONE', #161, #2118, #1173, .T. ) ;
#1333 = DIRECTION ( 'NONE',  ( 4.996003610813198910E-15, 1.000000000000000000, -1.224646799147602931E-16 ) ) ;
#1334 = LINE ( 'NONE', #1134, #571 ) ;
#1335 = DIRECTION ( 'NONE',  ( -0.6546536707078903783, -0.7559289460185295573, 9.714103830125320697E-13 ) ) ;
#1336 = LINE ( 'NONE', #2482, #377 ) ;
#1337 = ORIENTED_EDGE ( 'NONE', *, *, #1378, .F. ) ;
#1338 = CARTESIAN_POINT ( 'NONE',  ( 15.19079295892127490, 52.52969166723893579, 1.685193786178288190E-15 ) ) ;
#1339 = ORIENTED_EDGE ( 'NONE', *, *, #354, .T. ) ;
#1340 = VERTEX_POINT ( 'NONE', #192 ) ;
#1341 = APPLICATION_CONTEXT ( 'automotive_design' ) ;
#1342 = AXIS2_PLACEMENT_3D ( 'NONE', #65, #1621, #2387 ) ;
#1343 = DIRECTION ( 'NONE',  ( 0.000000000000000000, 0.5000000000000027756, 0.8660254037844371533 ) ) ;
#1344 = PLANE ( 'NONE',  #1758 ) ;
#1345 = PLANE ( 'NONE',  #2488 ) ;
#1346 = EDGE_CURVE ( 'NONE', #449, #1305, #979, .T. ) ;
#1347 = CARTESIAN_POINT ( 'NONE',  ( 26.00765992253915471, 64.71742762128909021, 1012.753282926499310 ) ) ;
#1348 = ORIENTED_EDGE ( 'NONE', *, *, #600, .T. ) ;
#1349 = CARTESIAN_POINT ( 'NONE',  ( 27.19079295892124293, 52.52969166723899264, 1013.753282926499196 ) ) ;
#1350 = ORIENTED_EDGE ( 'NONE', *, *, #873, .F. ) ;
#1351 = CARTESIAN_POINT ( 'NONE',  ( 15.49079295892138042, 58.87623561252111415, 1015.803282926499378 ) ) ;
#1352 = ORIENTED_EDGE ( 'NONE', *, *, #1107, .T. ) ;
#1353 = AXIS2_PLACEMENT_3D ( 'NONE', #2296, #145, #1343 ) ;
#1354 = VECTOR ( 'NONE', #2049, 1000.000000000000114 ) ;
#1355 = CARTESIAN_POINT ( 'NONE',  ( 24.99079295892122587, 52.52969166723887895, 1.685193786178288190E-15 ) ) ;
#1356 = DIRECTION ( 'NONE',  ( 1.000000000000000000, 0.000000000000000000, 0.000000000000000000 ) ) ;
#1357 = AXIS2_PLACEMENT_3D ( 'NONE', #2087, #2324, #398 ) ;
#1358 = ADVANCED_FACE ( 'NONE', ( #1986 ), #2366, .F. ) ;
#1359 = LINE ( 'NONE', #2124, #1476 ) ;
#1360 = LINE ( 'NONE', #963, #174 ) ;
#1361 = EDGE_LOOP ( 'NONE', ( #2454, #46, #694, #419, #380, #184, #633 ) ) ;
#1362 = CARTESIAN_POINT ( 'NONE',  ( 2.824284104517287247E-13, 66.29034320653379098, 1014.753282926499310 ) ) ;
#1363 = ORIENTED_EDGE ( 'NONE', *, *, #179, .T. ) ;
#1364 = PLANE ( 'NONE',  #171 ) ;
#1365 = EDGE_LOOP ( 'NONE', ( #1952, #355, #630, #793, #214, #130, #451, #1892, #282 ) ) ;
#1366 = ORIENTED_EDGE ( 'NONE', *, *, #2483, .F. ) ;
#1367 = EDGE_LOOP ( 'NONE', ( #972, #1570, #7, #1493, #1742, #1561, #1681, #648, #997, #741 ) ) ;
#1368 = CARTESIAN_POINT ( 'NONE',  ( 15.19079295892129444, 56.29034320653378387, 1014.453282926499355 ) ) ;
#1369 = LINE ( 'NONE', #974, #1739 ) ;
#1370 = ORIENTED_EDGE ( 'NONE', *, *, #1114, .F. ) ;
#1371 = CARTESIAN_POINT ( 'NONE',  ( 10.64506741895965369, 58.87623561252109994, 1012.453282926499355 ) ) ;
#1372 = ORIENTED_EDGE ( 'NONE', *, *, #1576, .F. ) ;
#1373 = CARTESIAN_POINT ( 'NONE',  ( 17.39506741895964481, 56.21742762128913995, 1022.839796138279780 ) ) ;
#1374 = ORIENTED_EDGE ( 'NONE', *, *, #485, .F. ) ;
#1375 = CARTESIAN_POINT ( 'NONE',  ( 25.39079295892133459, 66.29034320653364887, 0.000000000000000000 ) ) ;
#1376 = ADVANCED_FACE ( 'NONE', ( #1030 ), #1642, .T. ) ;
#1377 = EDGE_LOOP ( 'NONE', ( #1459, #2197, #2155, #1728 ) ) ;
#1378 = EDGE_CURVE ( 'NONE', #2355, #1448, #1787, .T. ) ;
#1379 = ORIENTED_EDGE ( 'NONE', *, *, #2218, .T. ) ;
#1380 = FACE_OUTER_BOUND ( 'NONE', #153, .T. ) ;
#1381 = CARTESIAN_POINT ( 'NONE',  ( 27.19079295892131398, 66.29034320653367729, 1014.753282926499310 ) ) ;
#1382 = VECTOR ( 'NONE', #819, 1000.000000000000000 ) ;
#1383 = ADVANCED_FACE ( 'NONE', ( #1961 ), #262, .F. ) ;
#1384 = VECTOR ( 'NONE', #248, 1000.000000000000000 ) ;
#1385 = CARTESIAN_POINT ( 'NONE',  ( 15.19079295892134418, 66.29034320653370571, 1015.503282926499423 ) ) ;
#1386 = DIRECTION ( 'NONE',  ( 4.996003610813198910E-15, 1.000000000000000000, -1.224646799147602931E-16 ) ) ;
#1387 = ORIENTED_EDGE ( 'NONE', *, *, #2085, .F. ) ;
#1388 = DIRECTION ( 'NONE',  ( -0.7071067811864303332, -0.7071067811866647013, 8.659560562358175816E-17 ) ) ;
#1389 = ORIENTED_EDGE ( 'NONE', *, *, #661, .T. ) ;
#1390 = DIRECTION ( 'NONE',  ( 1.743152798421095201E-32, 1.000000000000000000, -1.224646799147602931E-16 ) ) ;
#1391 = EDGE_LOOP ( 'NONE', ( #437, #1049, #1061, #2517 ) ) ;
#1392 = FACE_OUTER_BOUND ( 'NONE', #519, .T. ) ;
#1393 = EDGE_CURVE ( 'NONE', #1563, #1948, #851, .T. ) ;
#1394 = VERTEX_POINT ( 'NONE', #2220 ) ;
#1395 = DIRECTION ( 'NONE',  ( 4.996003610813198910E-15, 1.000000000000000000, -1.224646799147602684E-16 ) ) ;
#1396 = DIRECTION ( 'NONE',  ( 4.996003610813198910E-15, 1.000000000000000000, -1.224646799147602931E-16 ) ) ;
#1397 = AXIS2_PLACEMENT_3D ( 'NONE', #1108, #914, #1272 ) ;
#1398 = VECTOR ( 'NONE', #805, 1000.000000000000000 ) ;
#1399 = DIRECTION ( 'NONE',  ( -1.000000000000000000, 4.260475912333060176E-15, 0.000000000000000000 ) ) ;
#1400 = CARTESIAN_POINT ( 'NONE',  ( 3.078229491581798270E-13, 64.71742762128909021, 1012.753282926499310 ) ) ;
#1401 = EDGE_LOOP ( 'NONE', ( #662, #923, #1350, #2058, #2384, #2453, #687 ) ) ;
#1402 = VECTOR ( 'NONE', #1386, 1000.000000000000000 ) ;
#1403 = PLANE ( 'NONE',  #1106 ) ;
#1404 = ORIENTED_EDGE ( 'NONE', *, *, #1750, .F. ) ;
#1405 = DIRECTION ( 'NONE',  ( 0.000000000000000000, 0.5000000000000027756, 0.8660254037844371533 ) ) ;
#1406 = ORIENTED_EDGE ( 'NONE', *, *, #1894, .F. ) ;
#1407 = LINE ( 'NONE', #2358, #2431 ) ;
#1408 = ORIENTED_EDGE ( 'NONE', *, *, #50, .T. ) ;
#1409 = DIRECTION ( 'NONE',  ( -0.7071067811863676056, 0.6123724356959513448, 0.3535533905933620491 ) ) ;
#1410 = CARTESIAN_POINT ( 'NONE',  ( 31.50000000000004974, 62.03722833633448630, 1013.978282926499560 ) ) ;
#1411 = DIRECTION ( 'NONE',  ( 1.224646799147668258E-16, -1.000000000000000000, 0.000000000000000000 ) ) ;
#1412 = DIRECTION ( 'NONE',  ( 0.000000000000000000, -1.000000000000000000, 0.000000000000000000 ) ) ;
#1413 = VERTEX_POINT ( 'NONE', #2001 ) ;
#1414 = FACE_OUTER_BOUND ( 'NONE', #2083, .T. ) ;
#1415 = ORIENTED_EDGE ( 'NONE', *, *, #2447, .F. ) ;
#1416 = CARTESIAN_POINT ( 'NONE',  ( 2.824284104517287247E-13, 66.29034320653379098, 1014.753282926499310 ) ) ;
#1417 = ORIENTED_EDGE ( 'NONE', *, *, #1144, .F. ) ;
#1418 = ORIENTED_EDGE ( 'NONE', *, *, #2134, .F. ) ;
#1419 = CARTESIAN_POINT ( 'NONE',  ( 31.50000000000004974, 58.87623561252109994, 1012.153282926499401 ) ) ;
#1420 = DIRECTION ( 'NONE',  ( 0.7071067811864102381, 0.000000000000000000, 0.7071067811866850183 ) ) ;
#1421 = ADVANCED_FACE ( 'NONE', ( #1237 ), #445, .F. ) ;
#1422 = DIRECTION ( 'NONE',  ( -0.5773502691896064132, 0.5773502691896206240, 0.5773502691896502670 ) ) ;
#1423 = AXIS2_PLACEMENT_3D ( 'NONE', #306, #722, #1494 ) ;
#1424 = FACE_OUTER_BOUND ( 'NONE', #356, .T. ) ;
#1425 = ORIENTED_EDGE ( 'NONE', *, *, #926, .F. ) ;
#1426 = VECTOR ( 'NONE', #1798, 1000.000000000000000 ) ;
#1427 = EDGE_CURVE ( 'NONE', #1823, #697, #1016, .T. ) ;
#1428 = FACE_OUTER_BOUND ( 'NONE', #530, .T. ) ;
#1429 = ORIENTED_EDGE ( 'NONE', *, *, #767, .F. ) ;
#1430 = CARTESIAN_POINT ( 'NONE',  ( 10.94506741895967394, 60.98356409506334330, 1012.153282926499401 ) ) ;
#1431 = VECTOR ( 'NONE', #1330, 1000.000000000000114 ) ;
#1432 = ORIENTED_EDGE ( 'NONE', *, *, #746, .F. ) ;
#1433 = CARTESIAN_POINT ( 'NONE',  ( 16.68885325799570296, 64.01577289515992675, 1003.251343225574487 ) ) ;
#1434 = EDGE_LOOP ( 'NONE', ( #1885, #2347, #840, #2248 ) ) ;
#1435 = LINE ( 'NONE', #397, #708 ) ;
#1436 = DIRECTION ( 'NONE',  ( 0.000000000000000000, 0.4999999999999962808, -0.8660254037844408170 ) ) ;
#1437 = VECTOR ( 'NONE', #232, 1000.000000000000000 ) ;
#1438 = DIRECTION ( 'NONE',  ( 0.000000000000000000, 0.5000000000000063283, 0.8660254037844349329 ) ) ;
#1439 = DIRECTION ( 'NONE',  ( -4.996003610813198910E-15, -1.000000000000000000, 0.000000000000000000 ) ) ;
#1440 = EDGE_LOOP ( 'NONE', ( #1174, #1337, #80, #2175 ) ) ;
#1441 = VECTOR ( 'NONE', #1990, 1000.000000000000000 ) ;
#1442 = DIRECTION ( 'NONE',  ( 4.996003610813199699E-15, 1.224646799147353207E-16, 1.000000000000000000 ) ) ;
#1443 = VERTEX_POINT ( 'NONE', #473 ) ;
#1444 = DIRECTION ( 'NONE',  ( 4.016815211590293625E-15, 0.7071067811865637820, 0.7071067811865313635 ) ) ;
#1445 = AXIS2_PLACEMENT_3D ( 'NONE', #2027, #1878, #288 ) ;
#1446 = ORIENTED_EDGE ( 'NONE', *, *, #971, .T. ) ;
#1447 = LINE ( 'NONE', #1433, #1064 ) ;
#1448 = VERTEX_POINT ( 'NONE', #1211 ) ;
#1449 = FACE_OUTER_BOUND ( 'NONE', #1190, .T. ) ;
#1450 = CARTESIAN_POINT ( 'NONE',  ( 15.49079295892136798, 56.29034320653369150, 1014.753282926499310 ) ) ;
#1451 = EDGE_CURVE ( 'NONE', #2135, #732, #1774, .T. ) ;
#1452 = ADVANCED_FACE ( 'NONE', ( #2179 ), #233, .T. ) ;
#1453 = CARTESIAN_POINT ( 'NONE',  ( 15.19079295892129267, 55.09034320653366024, 7.592810154715185306E-16 ) ) ;
#1454 = CARTESIAN_POINT ( 'NONE',  ( 4.819600323429970246, 58.52982545100736189, 1012.753282926499310 ) ) ;
#1455 = LINE ( 'NONE', #237, #509 ) ;
#1456 = EDGE_LOOP ( 'NONE', ( #1379, #2404, #922, #2500 ) ) ;
#1457 = DIRECTION ( 'NONE',  ( 0.7071067811865286989, 8.659560562356929662E-17, 0.7071067811865663355 ) ) ;
#1458 = ADVANCED_FACE ( 'NONE', ( #85 ), #811, .T. ) ;
#1459 = ORIENTED_EDGE ( 'NONE', *, *, #873, .T. ) ;
#1460 = LINE ( 'NONE', #1094, #1913 ) ;
#1461 = DIRECTION ( 'NONE',  ( -0.3131456130149724015, 0.6715429342378195221, 0.6715429342378167465 ) ) ;
#1462 = CARTESIAN_POINT ( 'NONE',  ( 24.99079295892128982, 65.39034320653374266, 1015.803282926499378 ) ) ;
#1463 = EDGE_CURVE ( 'NONE', #2315, #1804, #1816, .T. ) ;
#1464 = CARTESIAN_POINT ( 'NONE',  ( 26.89079295892118893, 56.29034320653363466, 1015.153282926499287 ) ) ;
#1465 = CARTESIAN_POINT ( 'NONE',  ( 15.19079295892130688, 58.87623561252111415, 1015.503282926499423 ) ) ;
#1466 = LINE ( 'NONE', #538, #2446 ) ;
#1467 = ORIENTED_EDGE ( 'NONE', *, *, #1154, .F. ) ;
#1468 = AXIS2_PLACEMENT_3D ( 'NONE', #798, #1917, #1158 ) ;
#1469 = LINE ( 'NONE', #1714, #700 ) ;
#1470 = VECTOR ( 'NONE', #290, 1000.000000000000000 ) ;
#1471 = ORIENTED_EDGE ( 'NONE', *, *, #1811, .F. ) ;
#1472 = DIRECTION ( 'NONE',  ( 1.000000000000000000, 0.000000000000000000, -9.441882454494335091E-31 ) ) ;
#1473 = CARTESIAN_POINT ( 'NONE',  ( 31.80000000000000071, 59.04944069327781619, 1012.453282926499355 ) ) ;
#1474 = CARTESIAN_POINT ( 'NONE',  ( 2.881495796743917811E-13, 67.49034320653379382, 1014.753282926499310 ) ) ;
#1475 = CARTESIAN_POINT ( 'NONE',  ( 10.94506741895967394, 57.82257137125006352, 1013.978282926499332 ) ) ;
#1476 = VECTOR ( 'NONE', #1335, 1000.000000000000227 ) ;
#1477 = DIRECTION ( 'NONE',  ( 1.000000000000000000, 0.000000000000000000, 0.000000000000000000 ) ) ;
#1478 = CARTESIAN_POINT ( 'NONE',  ( 25.40765992253918881, 60.98356409506329356, 1012.153282926499401 ) ) ;
#1479 = ORIENTED_EDGE ( 'NONE', *, *, #1322, .T. ) ;
#1480 = VECTOR ( 'NONE', #1207, 1000.000000000000000 ) ;
#1481 = FACE_OUTER_BOUND ( 'NONE', #2019, .T. ) ;
#1482 = VECTOR ( 'NONE', #2018, 1000.000000000000000 ) ;
#1483 = VECTOR ( 'NONE', #523, 1000.000000000000000 ) ;
#1484 = EDGE_LOOP ( 'NONE', ( #2451, #2094, #1833, #579 ) ) ;
#1485 = CARTESIAN_POINT ( 'NONE',  ( 27.19079295892129267, 61.90732452576658318, 1013.753282926499196 ) ) ;
#1486 = DIRECTION ( 'NONE',  ( 1.000000000000000000, -4.996003610813198910E-15, 0.000000000000000000 ) ) ;
#1487 = LINE ( 'NONE', #701, #1910 ) ;
#1488 = EDGE_CURVE ( 'NONE', #1264, #2268, #274, .T. ) ;
#1489 = DIRECTION ( 'NONE',  ( 6.118339830512249160E-31, 1.224646799147602684E-16, 1.000000000000000000 ) ) ;
#1490 = DIRECTION ( 'NONE',  ( -0.000000000000000000, 0.7071067811864102381, 0.7071067811866850183 ) ) ;
#1491 = EDGE_CURVE ( 'NONE', #765, #1804, #2394, .T. ) ;
#1492 = DIRECTION ( 'NONE',  ( 0.000000000000000000, 0.000000000000000000, -1.000000000000000000 ) ) ;
#1493 = ORIENTED_EDGE ( 'NONE', *, *, #479, .T. ) ;
#1494 = DIRECTION ( 'NONE',  ( 4.996003610813198910E-15, 1.000000000000000000, 0.000000000000000000 ) ) ;
#1495 = ADVANCED_FACE ( 'NONE', ( #1424 ), #222, .F. ) ;
#1496 = FACE_OUTER_BOUND ( 'NONE', #1131, .T. ) ;
#1497 = FACE_OUTER_BOUND ( 'NONE', #516, .T. ) ;
#1498 = DIRECTION ( 'NONE',  ( 0.000000000000000000, -0.4999999999999976685, 0.8660254037844400399 ) ) ;
#1499 = DIRECTION ( 'NONE',  ( 4.996003610813198910E-15, 1.000000000000000000, 0.000000000000000000 ) ) ;
#1500 = CARTESIAN_POINT ( 'NONE',  ( 2.881495796743917811E-13, 67.49034320653379382, 1013.853282926499446 ) ) ;
#1501 = ORIENTED_EDGE ( 'NONE', *, *, #1938, .T. ) ;
#1502 = EDGE_CURVE ( 'NONE', #1264, #2180, #1058, .T. ) ;
#1503 = CARTESIAN_POINT ( 'NONE',  ( 26.90357190722250635, 54.32151563660578120, 1013.649194911182576 ) ) ;
#1504 = VECTOR ( 'NONE', #309, 1000.000000000000000 ) ;
#1505 = ORIENTED_EDGE ( 'NONE', *, *, #1056, .F. ) ;
#1506 = VECTOR ( 'NONE', #2266, 1000.000000000000000 ) ;
#1507 = EDGE_CURVE ( 'NONE', #945, #1081, #2052, .T. ) ;
#1508 = DIRECTION ( 'NONE',  ( 4.996003610813198910E-15, 1.000000000000000000, 0.000000000000000000 ) ) ;
#1509 = DIRECTION ( 'NONE',  ( 0.000000000000000000, -0.000000000000000000, 1.000000000000000000 ) ) ;
#1510 = CARTESIAN_POINT ( 'NONE',  ( 27.19079295892127490, 58.87623561252107152, 1012.153282926499401 ) ) ;
#1511 = DIRECTION ( 'NONE',  ( 0.000000000000000000, 1.000000000000000000, 0.000000000000000000 ) ) ;
#1512 = VERTEX_POINT ( 'NONE', #1085 ) ;
#1513 = VECTOR ( 'NONE', #2138, 1000.000000000000227 ) ;
#1514 = LINE ( 'NONE', #1703, #2307 ) ;
#1515 = VECTOR ( 'NONE', #497, 1000.000000000000000 ) ;
#1516 = VECTOR ( 'NONE', #1936, 1000.000000000000000 ) ;
#1517 = VECTOR ( 'NONE', #2125, 1000.000000000000000 ) ;
#1518 = FACE_OUTER_BOUND ( 'NONE', #383, .T. ) ;
#1519 = LINE ( 'NONE', #570, #2026 ) ;
#1520 = CARTESIAN_POINT ( 'NONE',  ( 16.39079295892130972, 56.29034320653369150, 1015.803282926499378 ) ) ;
#1521 = CARTESIAN_POINT ( 'NONE',  ( 10.48149599038827695, 58.35785754939898595, 1013.978282926499332 ) ) ;
#1522 = VERTEX_POINT ( 'NONE', #326 ) ;
#1523 = LINE ( 'NONE', #1949, #737 ) ;
#1524 = VERTEX_POINT ( 'NONE', #716 ) ;
#1525 = ORIENTED_EDGE ( 'NONE', *, *, #1837, .F. ) ;
#1526 = ADVANCED_FACE ( 'NONE', ( #927 ), #1857, .F. ) ;
#1527 = ADVANCED_FACE ( 'NONE', ( #1700 ), #2229, .T. ) ;
#1528 = CARTESIAN_POINT ( 'NONE',  ( 24.99079295892128982, 65.84034320653381656, 1015.353282926499332 ) ) ;
#1529 = CARTESIAN_POINT ( 'NONE',  ( 4.819600323429970246, 61.32997425657703872, 1012.753282926499310 ) ) ;
#1530 = ORIENTED_EDGE ( 'NONE', *, *, #91, .F. ) ;
#1531 = CARTESIAN_POINT ( 'NONE',  ( 10.94506741895967394, 57.82257137125005642, 1013.978282926499332 ) ) ;
#1532 = VERTEX_POINT ( 'NONE', #1071 ) ;
#1533 = CARTESIAN_POINT ( 'NONE',  ( 16.39506741895970166, 64.71742762128909021, 1012.753282926499310 ) ) ;
#1534 = ORIENTED_EDGE ( 'NONE', *, *, #221, .T. ) ;
#1535 = CARTESIAN_POINT ( 'NONE',  ( 16.31719120558857128, 56.13250373715001018, 1015.345443457115834 ) ) ;
#1536 = ORIENTED_EDGE ( 'NONE', *, *, #1979, .T. ) ;
#1537 = EDGE_CURVE ( 'NONE', #1206, #1592, #903, .T. ) ;
#1538 = AXIS2_PLACEMENT_3D ( 'NONE', #1039, #465, #675 ) ;
#1539 = DIRECTION ( 'NONE',  ( 0.5773502691896356120, -0.5773502691896368333, -0.5773502691896048589 ) ) ;
#1540 = VECTOR ( 'NONE', #564, 1000.000000000000000 ) ;
#1541 = DIRECTION ( 'NONE',  ( 0.5773502691895543437, -0.5773502691897631767, -0.5773502691895597838 ) ) ;
#1542 = DIRECTION ( 'NONE',  ( -4.996003610813198910E-15, -1.000000000000000000, 0.000000000000000000 ) ) ;
#1543 = DIRECTION ( 'NONE',  ( 0.000000000000000000, 1.000000000000000000, -1.224646799147602931E-16 ) ) ;
#1544 = VERTEX_POINT ( 'NONE', #1475 ) ;
#1545 = EDGE_CURVE ( 'NONE', #892, #2140, #889, .T. ) ;
#1546 = PLANE ( 'NONE',  #2473 ) ;
#1547 = ORIENTED_EDGE ( 'NONE', *, *, #354, .F. ) ;
#1548 = LINE ( 'NONE', #1562, #989 ) ;
#1549 = VERTEX_POINT ( 'NONE', #135 ) ;
#1550 = VECTOR ( 'NONE', #25, 1000.000000000000000 ) ;
#1551 = ORIENTED_EDGE ( 'NONE', *, *, #1826, .F. ) ;
#1552 = VECTOR ( 'NONE', #2116, 1000.000000000000000 ) ;
#1553 = DIRECTION ( 'NONE',  ( 0.000000000000000000, 1.000000000000000000, -0.000000000000000000 ) ) ;
#1554 = LINE ( 'NONE', #189, #771 ) ;
#1555 = EDGE_CURVE ( 'NONE', #1102, #1725, #691, .T. ) ;
#1556 = CARTESIAN_POINT ( 'NONE',  ( 16.39079295892130972, 56.29034320653369150, 1015.503282926499423 ) ) ;
#1557 = CARTESIAN_POINT ( 'NONE',  ( 15.49079295892136265, 55.09034320653378103, 1014.753282926499310 ) ) ;
#1558 = EDGE_LOOP ( 'NONE', ( #1320, #539, #527, #296, #410, #62, #1962, #1162 ) ) ;
#1559 = EDGE_CURVE ( 'NONE', #2315, #1100, #498, .T. ) ;
#1560 = PLANE ( 'NONE',  #83 ) ;
#1561 = ORIENTED_EDGE ( 'NONE', *, *, #1649, .T. ) ;
#1562 = CARTESIAN_POINT ( 'NONE',  ( 15.34079295892133032, 56.59034320653372419, 1015.653282926499287 ) ) ;
#1563 = VERTEX_POINT ( 'NONE', #1664 ) ;
#1564 = ADVANCED_FACE ( 'NONE', ( #99 ), #1868, .F. ) ;
#1565 = ORIENTED_EDGE ( 'NONE', *, *, #894, .F. ) ;
#1566 = DIRECTION ( 'NONE',  ( -1.000000000000000000, 5.221186213742997318E-15, -5.882653977649036757E-32 ) ) ;
#1567 = LINE ( 'NONE', #2375, #735 ) ;
#1568 = CARTESIAN_POINT ( 'NONE',  ( 27.19079295892131398, 66.29034320653363466, 1014.903282926499401 ) ) ;
#1569 = DIRECTION ( 'NONE',  ( -1.000000000000000000, 5.680634549777415935E-15, 0.000000000000000000 ) ) ;
#1570 = ORIENTED_EDGE ( 'NONE', *, *, #1002, .T. ) ;
#1571 = EDGE_CURVE ( 'NONE', #1100, #765, #915, .T. ) ;
#1572 = DIRECTION ( 'NONE',  ( -1.000000000000000000, 5.221186213742997318E-15, -5.882653977649036757E-32 ) ) ;
#1573 = ORIENTED_EDGE ( 'NONE', *, *, #1680, .T. ) ;
#1574 = LINE ( 'NONE', #967, #1321 ) ;
#1575 = ORIENTED_EDGE ( 'NONE', *, *, #1041, .T. ) ;
#1576 = EDGE_CURVE ( 'NONE', #454, #43, #512, .T. ) ;
#1577 = EDGE_CURVE ( 'NONE', #276, #729, #1287, .T. ) ;
#1578 = VERTEX_POINT ( 'NONE', #1124 ) ;
#1579 = DIRECTION ( 'NONE',  ( 4.996003610813198910E-15, 1.000000000000000000, -1.224646799147602931E-16 ) ) ;
#1580 = CARTESIAN_POINT ( 'NONE',  ( 25.00765992253921155, 63.71742762128913995, 1011.603282926499105 ) ) ;
#1581 = VECTOR ( 'NONE', #359, 1000.000000000000000 ) ;
#1582 = AXIS2_PLACEMENT_3D ( 'NONE', #1338, #2486, #173 ) ;
#1583 = CARTESIAN_POINT ( 'NONE',  ( 10.64506741895965369, 58.73767154791558909, 1014.963282926499005 ) ) ;
#1584 = CARTESIAN_POINT ( 'NONE',  ( 32.02142857142822407, 59.17728253859799992, 1012.674711497927547 ) ) ;
#1585 = ORIENTED_EDGE ( 'NONE', *, *, #2198, .F. ) ;
#1586 = CARTESIAN_POINT ( 'NONE',  ( 25.00765992253921155, 63.71742762128913995, 1011.603282926499105 ) ) ;
#1587 = VERTEX_POINT ( 'NONE', #1690 ) ;
#1588 = DIRECTION ( 'NONE',  ( 4.996003610813198910E-15, 1.000000000000000000, -1.224646799147602684E-16 ) ) ;
#1589 = ORIENTED_EDGE ( 'NONE', *, *, #1246, .T. ) ;
#1590 = CARTESIAN_POINT ( 'NONE',  ( 10.43649599038793596, 60.68994024387528441, 1015.294711497927551 ) ) ;
#1591 = VECTOR ( 'NONE', #1723, 1000.000000000000000 ) ;
#1592 = VERTEX_POINT ( 'NONE', #738 ) ;
#1593 = LINE ( 'NONE', #23, #49 ) ;
#1594 = LINE ( 'NONE', #2177, #240 ) ;
#1595 = VECTOR ( 'NONE', #607, 999.9999999999998863 ) ;
#1596 = VECTOR ( 'NONE', #1924, 1000.000000000000000 ) ;
#1597 = DIRECTION ( 'NONE',  ( 0.000000000000000000, -0.5000000000000027756, -0.8660254037844371533 ) ) ;
#1598 = ADVANCED_FACE ( 'NONE', ( #1273 ), #2458, .T. ) ;
#1599 = DIRECTION ( 'NONE',  ( 6.676419110739413064E-31, -0.7071067811865279218, 0.7071067811865671127 ) ) ;
#1600 = ORIENTED_EDGE ( 'NONE', *, *, #1920, .F. ) ;
#1601 = VECTOR ( 'NONE', #642, 1000.000000000000000 ) ;
#1602 = ADVANCED_FACE ( 'NONE', ( #1677 ), #2041, .T. ) ;
#1603 = DIRECTION ( 'NONE',  ( 0.000000000000000000, -1.000000000000000000, 1.224646799147602931E-16 ) ) ;
#1604 = ORIENTED_EDGE ( 'NONE', *, *, #2088, .T. ) ;
#1605 = CARTESIAN_POINT ( 'NONE',  ( 10.64506741895965369, 60.98356409506357778, 1015.503282926499423 ) ) ;
#1606 = EDGE_LOOP ( 'NONE', ( #1754, #402, #1241, #2004 ) ) ;
#1607 = CARTESIAN_POINT ( 'NONE',  ( 26.89079295892128840, 55.09034320653371708, 1014.753282926499310 ) ) ;
#1608 = ADVANCED_FACE ( 'NONE', ( #146 ), #1312, .T. ) ;
#1609 = ORIENTED_EDGE ( 'NONE', *, *, #1945, .T. ) ;
#1610 = LINE ( 'NONE', #1782, #1480 ) ;
#1611 = CARTESIAN_POINT ( 'NONE',  ( 17.39506741895964481, 63.71742762128913995, 1011.603282926499105 ) ) ;
#1612 = ADVANCED_FACE ( 'NONE', ( #2288 ), #1344, .F. ) ;
#1613 = DIRECTION ( 'NONE',  ( -0.7071067811867602915, -0.6123724356956078418, 0.3535533905931719789 ) ) ;
#1614 = CARTESIAN_POINT ( 'NONE',  ( 24.99079295892125785, 58.43485012704305603, 9.620204455524309297E-16 ) ) ;
#1615 = ORIENTED_EDGE ( 'NONE', *, *, #2376, .T. ) ;
#1616 = ADVANCED_FACE ( 'NONE', ( #749 ), #1929, .F. ) ;
#1617 = PLANE ( 'NONE',  #775 ) ;
#1618 = ORIENTED_EDGE ( 'NONE', *, *, #1393, .F. ) ;
#1619 = DIRECTION ( 'NONE',  ( -4.996003610813198910E-15, -1.000000000000000000, 1.224646799147602931E-16 ) ) ;
#1620 = ORIENTED_EDGE ( 'NONE', *, *, #91, .T. ) ;
#1621 = DIRECTION ( 'NONE',  ( -0.7071067811864201191, 0.7071067811866749153, -8.659560562358214027E-17 ) ) ;
#1622 = VERTEX_POINT ( 'NONE', #1944 ) ;
#1623 = LINE ( 'NONE', #428, #947 ) ;
#1624 = EDGE_CURVE ( 'NONE', #318, #1790, #157, .T. ) ;
#1625 = LINE ( 'NONE', #2391, #122 ) ;
#1626 = LINE ( 'NONE', #1015, #2200 ) ;
#1627 = VECTOR ( 'NONE', #371, 1000.000000000000000 ) ;
#1628 = CARTESIAN_POINT ( 'NONE',  ( 2.350200998213487780E-13, 56.29034320653385493, 1014.753282926499310 ) ) ;
#1629 = ORIENTED_EDGE ( 'NONE', *, *, #1559, .F. ) ;
#1630 = VECTOR ( 'NONE', #303, 1000.000000000000000 ) ;
#1631 = DIRECTION ( 'NONE',  ( 4.996003610813198910E-15, 1.000000000000000000, 0.000000000000000000 ) ) ;
#1632 = EDGE_LOOP ( 'NONE', ( #541, #1467, #1415, #481 ) ) ;
#1633 = LINE ( 'NONE', #671, #2042 ) ;
#1634 = EDGE_CURVE ( 'NONE', #1697, #869, #1334, .T. ) ;
#1635 = ORIENTED_EDGE ( 'NONE', *, *, #293, .F. ) ;
#1636 = LINE ( 'NONE', #1010, #1828 ) ;
#1637 = ORIENTED_EDGE ( 'NONE', *, *, #132, .F. ) ;
#1638 = CARTESIAN_POINT ( 'NONE',  ( 2.293632744927199949E-13, 55.09034320653372419, 7.592810154715185306E-16 ) ) ;
#1639 = DIRECTION ( 'NONE',  ( 3.532708032038518074E-15, 0.7071067811865531239, -0.7071067811865419106 ) ) ;
#1640 = AXIS2_PLACEMENT_3D ( 'NONE', #70, #850, #1438 ) ;
#1641 = CARTESIAN_POINT ( 'NONE',  ( 31.80000000000000071, 0.000000000000000000, 1015.503282926499423 ) ) ;
#1642 = PLANE ( 'NONE',  #2362 ) ;
#1643 = VECTOR ( 'NONE', #186, 1000.000000000000000 ) ;
#1644 = EDGE_CURVE ( 'NONE', #2135, #1942, #1722, .T. ) ;
#1645 = DIRECTION ( 'NONE',  ( 0.7071067811864224506, -3.446112426414283102E-15, 0.7071067811866725838 ) ) ;
#1646 = DIRECTION ( 'NONE',  ( -1.000000000000000000, 0.000000000000000000, 0.000000000000000000 ) ) ;
#1647 = AXIS2_PLACEMENT_3D ( 'NONE', #626, #431, #839 ) ;
#1648 = ORIENTED_EDGE ( 'NONE', *, *, #2232, .F. ) ;
#1649 = EDGE_CURVE ( 'NONE', #1305, #602, #2504, .T. ) ;
#1650 = DIRECTION ( 'NONE',  ( 1.000000000000000000, 0.000000000000000000, 0.000000000000000000 ) ) ;
#1651 = ORIENTED_EDGE ( 'NONE', *, *, #849, .F. ) ;
#1652 = DIRECTION ( 'NONE',  ( -9.441882454494335091E-31, -1.224646799147602931E-16, -1.000000000000000000 ) ) ;
#1653 = CARTESIAN_POINT ( 'NONE',  ( 24.99079295892122587, 52.52969166723887895, 1015.353282926499332 ) ) ;
#1654 = PLANE ( 'NONE',  #1715 ) ;
#1655 = CARTESIAN_POINT ( 'NONE',  ( 25.40765992253918881, 52.52969166723901395, 1012.153282926499401 ) ) ;
#1656 = LINE ( 'NONE', #1465, #198 ) ;
#1657 = CARTESIAN_POINT ( 'NONE',  ( 24.99079295892125785, 58.43485012704317683, 1015.353282926499332 ) ) ;
#1658 = ORIENTED_EDGE ( 'NONE', *, *, #1230, .T. ) ;
#1659 = CARTESIAN_POINT ( 'NONE',  ( 31.50000000000004974, 60.98356409506357778, 1015.803282926499378 ) ) ;
#1660 = ORIENTED_EDGE ( 'NONE', *, *, #491, .T. ) ;
#1661 = CARTESIAN_POINT ( 'NONE',  ( 27.19079295892129267, 62.03722833633440814, 1013.978282926499560 ) ) ;
#1662 = CARTESIAN_POINT ( 'NONE',  ( 17.39506741895964481, 63.71742762128913995, 1011.603282926499105 ) ) ;
#1663 = DIRECTION ( 'NONE',  ( -1.000000000000000000, 4.996003610813199699E-15, 4.996003610813198910E-15 ) ) ;
#1664 = CARTESIAN_POINT ( 'NONE',  ( 31.50000000000004974, 58.87623561252109994, 1012.153282926499401 ) ) ;
#1665 = CARTESIAN_POINT ( 'NONE',  ( 16.39506741895970166, 52.52969166723901395, 1012.753282926499310 ) ) ;
#1666 = LINE ( 'NONE', #350, #1118 ) ;
#1667 = VERTEX_POINT ( 'NONE', #1895 ) ;
#1668 = VECTOR ( 'NONE', #759, 1000.000000000000000 ) ;
#1669 = LINE ( 'NONE', #1503, #2434 ) ;
#1670 = PRODUCT_DEFINITION_FORMATION_WITH_SPECIFIED_SOURCE ( 'ANY', '', #2279, .NOT_KNOWN. ) ;
#1671 = EDGE_CURVE ( 'NONE', #685, #2017, #1554, .T. ) ;
#1672 = ORIENTED_EDGE ( 'NONE', *, *, #2457, .T. ) ;
#1673 = CARTESIAN_POINT ( 'NONE',  ( 26.89079295892129196, 55.39034320653378529, 1014.753282926499310 ) ) ;
#1674 = DIRECTION ( 'NONE',  ( 0.7071067811864198971, -3.619303637661434860E-15, -0.7071067811866751374 ) ) ;
#1675 = ADVANCED_FACE ( 'NONE', ( #987 ), #596, .F. ) ;
#1676 = FACE_OUTER_BOUND ( 'NONE', #645, .T. ) ;
#1677 = FACE_OUTER_BOUND ( 'NONE', #1734, .T. ) ;
#1678 = PLANE ( 'NONE',  #325 ) ;
#1679 = DIRECTION ( 'NONE',  ( 2.498001805406580917E-15, 0.4999999999999963363, -0.8660254037844408170 ) ) ;
#1680 = EDGE_CURVE ( 'NONE', #943, #1532, #1369, .T. ) ;
#1681 = ORIENTED_EDGE ( 'NONE', *, *, #2385, .T. ) ;
#1682 = VECTOR ( 'NONE', #1333, 1000.000000000000000 ) ;
#1683 = DIRECTION ( 'NONE',  ( 0.000000000000000000, -0.4999999999999962808, 0.8660254037844408170 ) ) ;
#1684 = VECTOR ( 'NONE', #1820, 1000.000000000000000 ) ;
#1685 = ORIENTED_EDGE ( 'NONE', *, *, #393, .F. ) ;
#1686 = VECTOR ( 'NONE', #942, 999.9999999999998863 ) ;
#1687 = VERTEX_POINT ( 'NONE', #960 ) ;
#1688 = LINE ( 'NONE', #506, #1846 ) ;
#1689 = DIRECTION ( 'NONE',  ( -4.996003610813198910E-15, -1.000000000000000000, 0.000000000000000000 ) ) ;
#1690 = CARTESIAN_POINT ( 'NONE',  ( 16.69079295892120385, 56.93369528268632251, 1014.753282926499310 ) ) ;
#1691 = ADVANCED_FACE ( 'NONE', ( #2310 ), #558, .F. ) ;
#1692 = DIRECTION ( 'NONE',  ( 4.996003610813198910E-15, 1.000000000000000000, -1.224646799147602684E-16 ) ) ;
#1693 = DIRECTION ( 'NONE',  ( -0.5773502691897005601, 0.5773502691897005601, 0.5773502691894760730 ) ) ;
#1694 = EDGE_LOOP ( 'NONE', ( #1218, #1766, #1927, #115 ) ) ;
#1695 = EDGE_CURVE ( 'NONE', #2017, #64, #2137, .T. ) ;
#1696 = LINE ( 'NONE', #1113, #453 ) ;
#1697 = VERTEX_POINT ( 'NONE', #2492 ) ;
#1698 = DIRECTION ( 'NONE',  ( 1.000000000000000000, -0.000000000000000000, -0.000000000000000000 ) ) ;
#1699 = CARTESIAN_POINT ( 'NONE',  ( 15.49079295892136798, 56.29034320653369150, 1015.503282926499423 ) ) ;
#1700 = FACE_OUTER_BOUND ( 'NONE', #790, .T. ) ;
#1701 = CARTESIAN_POINT ( 'NONE',  ( 15.19079295892134951, 67.49034320653372276, 1014.753282926499310 ) ) ;
#1702 = ORIENTED_EDGE ( 'NONE', *, *, #1836, .F. ) ;
#1703 = CARTESIAN_POINT ( 'NONE',  ( 11.12719530594626427, 50.42674555355872457, 1020.316880579472240 ) ) ;
#1704 = ORIENTED_EDGE ( 'NONE', *, *, #531, .F. ) ;
#1705 = VECTOR ( 'NONE', #429, 1000.000000000000114 ) ;
#1706 = AXIS2_PLACEMENT_3D ( 'NONE', #28, #2016, #854 ) ;
#1707 = EDGE_CURVE ( 'NONE', #161, #1835, #2275, .T. ) ;
#1708 = CARTESIAN_POINT ( 'NONE',  ( 4.819600323429970246, 60.98356409506329356, 1012.153282926499401 ) ) ;
#1709 = PLANE ( 'NONE',  #2189 ) ;
#1710 = LINE ( 'NONE', #1510, #1235 ) ;
#1711 = CARTESIAN_POINT ( 'NONE',  ( 16.99079295892127561, 57.57704735883935143, 1015.353282926499332 ) ) ;
#1712 = ORIENTED_EDGE ( 'NONE', *, *, #1649, .F. ) ;
#1713 = ADVANCED_FACE ( 'NONE', ( #769 ), #1709, .F. ) ;
#1714 = CARTESIAN_POINT ( 'NONE',  ( 15.19079295892127490, 52.52969166723905659, 1013.753282926499196 ) ) ;
#1715 = AXIS2_PLACEMENT_3D ( 'NONE', #1827, #2419, #865 ) ;
#1716 = EDGE_LOOP ( 'NONE', ( #966, #919, #2172, #20 ) ) ;
#1717 = ORIENTED_EDGE ( 'NONE', *, *, #1793, .T. ) ;
#1718 = EDGE_CURVE ( 'NONE', #1522, #64, #1519, .T. ) ;
#1719 = AXIS2_PLACEMENT_3D ( 'NONE', #2183, #1050, #1073 ) ;
#1720 = VECTOR ( 'NONE', #667, 1000.000000000000000 ) ;
#1721 = FACE_OUTER_BOUND ( 'NONE', #1229, .T. ) ;
#1722 = LINE ( 'NONE', #1731, #1668 ) ;
#1723 = DIRECTION ( 'NONE',  ( -1.000000000000000000, 5.680634549777415935E-15, 0.000000000000000000 ) ) ;
#1724 = LINE ( 'NONE', #2338, #1402 ) ;
#1725 = VERTEX_POINT ( 'NONE', #950 ) ;
#1726 = ORIENTED_EDGE ( 'NONE', *, *, #1271, .T. ) ;
#1727 = EDGE_CURVE ( 'NONE', #2180, #2415, #2123, .T. ) ;
#1728 = ORIENTED_EDGE ( 'NONE', *, *, #1119, .F. ) ;
#1729 = CARTESIAN_POINT ( 'NONE',  ( 16.54434347201965849, 55.23679269343575271, 1015.806833439597312 ) ) ;
#1730 = EDGE_CURVE ( 'NONE', #729, #592, #1905, .T. ) ;
#1731 = CARTESIAN_POINT ( 'NONE',  ( 26.19079295892128911, 55.09034320653370287, 1012.753282926499310 ) ) ;
#1732 = DIRECTION ( 'NONE',  ( 4.016815211590168985E-15, 0.7071067811865419106, 0.7071067811865531239 ) ) ;
#1733 = CARTESIAN_POINT ( 'NONE',  ( 10.91742468656600451, 63.62399949821026723, 1011.229914654145659 ) ) ;
#1734 = EDGE_LOOP ( 'NONE', ( #1216, #655, #2132, #2209 ) ) ;
#1735 = LINE ( 'NONE', #654, #1384 ) ;
#1736 = VERTEX_POINT ( 'NONE', #1410 ) ;
#1737 = DIRECTION ( 'NONE',  ( 0.6546536707079477768, -0.3779644730092446836, -0.6546536707079962936 ) ) ;
#1738 = VERTEX_POINT ( 'NONE', #471 ) ;
#1739 = VECTOR ( 'NONE', #181, 1000.000000000000000 ) ;
#1740 = VECTOR ( 'NONE', #433, 1000.000000000000227 ) ;
#1741 = ADVANCED_FACE ( 'NONE', ( #809 ), #1814, .F. ) ;
#1742 = ORIENTED_EDGE ( 'NONE', *, *, #1086, .T. ) ;
#1743 = CARTESIAN_POINT ( 'NONE',  ( 17.39506741895964481, 63.71742762128913995, 1022.839796138279780 ) ) ;
#1744 = AXIS2_PLACEMENT_3D ( 'NONE', #829, #2368, #1631 ) ;
#1745 = CARTESIAN_POINT ( 'NONE',  ( 4.819600323429970246, 62.03722833633448630, 1013.978282926499560 ) ) ;
#1746 = ADVANCED_FACE ( 'NONE', ( #823 ), #2150, .F. ) ;
#1747 = FACE_OUTER_BOUND ( 'NONE', #1361, .T. ) ;
#1748 = LINE ( 'NONE', #2290, #1805 ) ;
#1749 = VERTEX_POINT ( 'NONE', #24 ) ;
#1750 = EDGE_CURVE ( 'NONE', #18, #375, #1055, .T. ) ;
#1751 = DIRECTION ( 'NONE',  ( 0.000000000000000000, -0.000000000000000000, 1.000000000000000000 ) ) ;
#1752 = ORIENTED_EDGE ( 'NONE', *, *, #2376, .F. ) ;
#1753 = DIRECTION ( 'NONE',  ( 0.000000000000000000, 1.000000000000000000, -0.000000000000000000 ) ) ;
#1754 = ORIENTED_EDGE ( 'NONE', *, *, #1555, .T. ) ;
#1755 = AXIS2_PLACEMENT_3D ( 'NONE', #1583, #825, #1597 ) ;
#1756 = VECTOR ( 'NONE', #1289, 1000.000000000000000 ) ;
#1757 = VERTEX_POINT ( 'NONE', #260 ) ;
#1758 = AXIS2_PLACEMENT_3D ( 'NONE', #783, #1760, #1181 ) ;
#1759 = CARTESIAN_POINT ( 'NONE',  ( 27.03107738805648808, 54.05944604895476147, 1016.093567355633922 ) ) ;
#1760 = DIRECTION ( 'NONE',  ( 0.000000000000000000, -0.8660254037844408170, -0.4999999999999962808 ) ) ;
#1761 = EDGE_LOOP ( 'NONE', ( #1980, #1775, #2440, #594 ) ) ;
#1762 = EDGE_CURVE ( 'NONE', #611, #1823, #442, .T. ) ;
#1763 = CARTESIAN_POINT ( 'NONE',  ( 27.19079295892124293, 52.52969166723886474, 1015.803282926499378 ) ) ;
#1764 = ORIENTED_EDGE ( 'NONE', *, *, #2505, .T. ) ;
#1765 = DIRECTION ( 'NONE',  ( -3.691936177574705219E-15, -0.7071067811864166774, -0.7071067811866783570 ) ) ;
#1766 = ORIENTED_EDGE ( 'NONE', *, *, #970, .F. ) ;
#1767 = FACE_OUTER_BOUND ( 'NONE', #842, .T. ) ;
#1768 = VERTEX_POINT ( 'NONE', #1825 ) ;
#1769 = ORIENTED_EDGE ( 'NONE', *, *, #1925, .T. ) ;
#1770 = LINE ( 'NONE', #1797, #335 ) ;
#1771 = CARTESIAN_POINT ( 'NONE',  ( 4.819600323429970246, 58.87623561252111415, 1015.803282926499378 ) ) ;
#1772 = EDGE_CURVE ( 'NONE', #1622, #2355, #2349, .T. ) ;
#1773 = DIRECTION ( 'NONE',  ( 6.118339830512249160E-31, 1.224646799147602684E-16, 1.000000000000000000 ) ) ;
#1774 = LINE ( 'NONE', #1454, #1601 ) ;
#1775 = ORIENTED_EDGE ( 'NONE', *, *, #1730, .T. ) ;
#1776 = CARTESIAN_POINT ( 'NONE',  ( 11.66028182942526215, 55.91413363082616428, 1017.283794055995600 ) ) ;
#1777 = ORIENTED_EDGE ( 'NONE', *, *, #2134, .T. ) ;
#1778 = CARTESIAN_POINT ( 'NONE',  ( 10.64506741895965369, 60.81035901430620783, 1012.453282926499355 ) ) ;
#1779 = ORIENTED_EDGE ( 'NONE', *, *, #139, .T. ) ;
#1780 = SURFACE_STYLE_USAGE ( .BOTH. , #268 ) ;
#1781 = ORIENTED_EDGE ( 'NONE', *, *, #1874, .T. ) ;
#1782 = CARTESIAN_POINT ( 'NONE',  ( 2.881495796743922354E-13, 67.49034320653379382, 1013.753282926499196 ) ) ;
#1783 = DIRECTION ( 'NONE',  ( -1.000000000000000000, 0.000000000000000000, -0.000000000000000000 ) ) ;
#1784 = COLOUR_RGB ( '',0.7921568627450980005, 0.8196078431372548767, 0.9333333333333333481 ) ;
#1785 = VECTOR ( 'NONE', #1303, 1000.000000000000000 ) ;
#1786 = DIRECTION ( 'NONE',  ( 0.6546536707081109796, 0.3779644730091712979, 0.6546536707078756123 ) ) ;
#1787 = LINE ( 'NONE', #652, #1323 ) ;
#1788 = ORIENTED_EDGE ( 'NONE', *, *, #1920, .T. ) ;
#1789 = CARTESIAN_POINT ( 'NONE',  ( 16.69079295892120740, 57.57704735883935143, 1014.753282926499310 ) ) ;
#1790 = VERTEX_POINT ( 'NONE', #2012 ) ;
#1791 = PLANE ( 'NONE',  #948 ) ;
#1792 = ORIENTED_EDGE ( 'NONE', *, *, #1762, .F. ) ;
#1793 = EDGE_CURVE ( 'NONE', #1749, #1448, #1594, .T. ) ;
#1794 = ORIENTED_EDGE ( 'NONE', *, *, #1122, .F. ) ;
#1795 = EDGE_CURVE ( 'NONE', #2373, #43, #848, .T. ) ;
#1796 = ORIENTED_EDGE ( 'NONE', *, *, #880, .F. ) ;
#1797 = CARTESIAN_POINT ( 'NONE',  ( 27.19079295892127490, 58.52982545100735479, 1013.753282926499196 ) ) ;
#1798 = DIRECTION ( 'NONE',  ( 1.000000000000000000, -0.000000000000000000, -0.000000000000000000 ) ) ;
#1799 = VECTOR ( 'NONE', #649, 1000.000000000000000 ) ;
#1800 = EDGE_CURVE ( 'NONE', #2258, #1950, #1625, .T. ) ;
#1801 = VECTOR ( 'NONE', #2031, 1000.000000000000000 ) ;
#1802 = CARTESIAN_POINT ( 'NONE',  ( 16.39506741895970166, 61.32997425657703872, 1012.753282926499310 ) ) ;
#1803 = CARTESIAN_POINT ( 'NONE',  ( 10.64506741895965369, 59.96742762128913284, 1015.503282926499423 ) ) ;
#1804 = VERTEX_POINT ( 'NONE', #1970 ) ;
#1805 = VECTOR ( 'NONE', #2110, 1000.000000000000227 ) ;
#1806 = CARTESIAN_POINT ( 'NONE',  ( 26.19079295892149517, 66.49034320653385066, 1012.753282926499310 ) ) ;
#1807 = ORIENTED_EDGE ( 'NONE', *, *, #2249, .T. ) ;
#1808 = LINE ( 'NONE', #1834, #2120 ) ;
#1809 = EDGE_LOOP ( 'NONE', ( #2093, #2496, #2357, #1635 ) ) ;
#1810 = LINE ( 'NONE', #1822, #696 ) ;
#1811 = EDGE_CURVE ( 'NONE', #1948, #1908, #1567, .T. ) ;
#1812 = ORIENTED_EDGE ( 'NONE', *, *, #2439, .T. ) ;
#1813 = CARTESIAN_POINT ( 'NONE',  ( 25.00765992253921155, 63.71742762128913995, 1022.839796138279780 ) ) ;
#1814 = PLANE ( 'NONE',  #2265 ) ;
#1815 = PLANE ( 'NONE',  #1640 ) ;
#1816 = LINE ( 'NONE', #1628, #1849 ) ;
#1817 = EDGE_LOOP ( 'NONE', ( #657, #1425, #563, #554 ) ) ;
#1818 = PLANE ( 'NONE',  #1744 ) ;
#1819 = ORIENTED_EDGE ( 'NONE', *, *, #2287, .F. ) ;
#1820 = DIRECTION ( 'NONE',  ( 1.000000000000000000, -5.451273376759200039E-31, -9.441882454494335091E-31 ) ) ;
#1821 = ORIENTED_EDGE ( 'NONE', *, *, #587, .T. ) ;
#1822 = CARTESIAN_POINT ( 'NONE',  ( 31.80000000000000071, 482.6922120996082413, 278.6824785914431004 ) ) ;
#1823 = VERTEX_POINT ( 'NONE', #1014 ) ;
#1824 = DIRECTION ( 'NONE',  ( -1.000000000000000000, 4.246950144900554704E-15, 6.048296855571369928E-32 ) ) ;
#1825 = CARTESIAN_POINT ( 'NONE',  ( 16.99079295892126495, 56.29034320653376255, 1013.553282926499264 ) ) ;
#1826 = EDGE_CURVE ( 'NONE', #757, #1736, #622, .T. ) ;
#1827 = CARTESIAN_POINT ( 'NONE',  ( 0.000000000000000000, 0.000000000000000000, 1011.353282926499332 ) ) ;
#1828 = VECTOR ( 'NONE', #2020, 1000.000000000000000 ) ;
#1829 = CARTESIAN_POINT ( 'NONE',  ( 15.19079295892127490, 52.52969166723893579, 1015.503282926499423 ) ) ;
#1830 = EDGE_CURVE ( 'NONE', #1942, #1950, #2203, .T. ) ;
#1831 = AXIS2_PLACEMENT_3D ( 'NONE', #1659, #490, #2080 ) ;
#1832 = FACE_OUTER_BOUND ( 'NONE', #2303, .T. ) ;
#1833 = ORIENTED_EDGE ( 'NONE', *, *, #1795, .F. ) ;
#1834 = CARTESIAN_POINT ( 'NONE',  ( 17.39079295892135590, 66.29034320653369150, 1014.903282926499173 ) ) ;
#1835 = VERTEX_POINT ( 'NONE', #1027 ) ;
#1836 = EDGE_CURVE ( 'NONE', #945, #1563, #1996, .T. ) ;
#1837 = EDGE_CURVE ( 'NONE', #764, #43, #608, .T. ) ;
#1838 = DIRECTION ( 'NONE',  ( -3.532708032038409212E-15, -0.7071067811865313635, 0.7071067811865637820 ) ) ;
#1839 = VERTEX_POINT ( 'NONE', #1381 ) ;
#1840 = CARTESIAN_POINT ( 'NONE',  ( 26.00765992253915471, 58.52982545100736189, 1012.753282926499310 ) ) ;
#1841 = DIRECTION ( 'NONE',  ( 4.996003610813198910E-15, 1.000000000000000000, -1.224646799147602684E-16 ) ) ;
#1842 = VECTOR ( 'NONE', #941, 1000.000000000000114 ) ;
#1843 = VECTOR ( 'NONE', #1133, 1000.000000000000114 ) ;
#1844 = DIRECTION ( 'NONE',  ( -0.6546536707079073647, 0.3779644730096659022, 0.6546536707077937889 ) ) ;
#1845 = DIRECTION ( 'NONE',  ( 4.996003610813198910E-15, 1.000000000000000000, -1.224646799147602931E-16 ) ) ;
#1846 = VECTOR ( 'NONE', #2416, 1000.000000000000000 ) ;
#1847 = DIRECTION ( 'NONE',  ( 0.000000000000000000, 0.5000000000000063283, 0.8660254037844349329 ) ) ;
#1848 = LINE ( 'NONE', #816, #51 ) ;
#1849 = VECTOR ( 'NONE', #26, 1000.000000000000000 ) ;
#1850 = ORIENTED_EDGE ( 'NONE', *, *, #1144, .T. ) ;
#1851 = LINE ( 'NONE', #105, #1228 ) ;
#1852 = EDGE_CURVE ( 'NONE', #72, #2118, #650, .T. ) ;
#1853 = ORIENTED_EDGE ( 'NONE', *, *, #799, .T. ) ;
#1854 = CARTESIAN_POINT ( 'NONE',  ( 10.94506741895967394, 60.98356409506358489, 1015.803282926499378 ) ) ;
#1855 = CARTESIAN_POINT ( 'NONE',  ( 4.819600323429970246, 58.52982545100736189, 1012.753282926499310 ) ) ;
#1856 = LINE ( 'NONE', #310, #2443 ) ;
#1857 = PLANE ( 'NONE',  #1445 ) ;
#1858 = LINE ( 'NONE', #2256, #976 ) ;
#1859 = CARTESIAN_POINT ( 'NONE',  ( 25.69079295892135306, 55.09034320653372419, 1014.753282926499310 ) ) ;
#1860 = ORIENTED_EDGE ( 'NONE', *, *, #1309, .F. ) ;
#1861 = CARTESIAN_POINT ( 'NONE',  ( 16.99506741895966755, 60.98356409506329356, 1012.153282926499401 ) ) ;
#1862 = ORIENTED_EDGE ( 'NONE', *, *, #447, .F. ) ;
#1863 = CARTESIAN_POINT ( 'NONE',  ( 2.996025431890984494E-13, 56.29034320653384071, 1013.553282926499264 ) ) ;
#1864 = LINE ( 'NONE', #2217, #1304 ) ;
#1865 = ADVANCED_FACE ( 'NONE', ( #219 ), #1001, .F. ) ;
#1866 = EDGE_CURVE ( 'NONE', #276, #875, #456, .T. ) ;
#1867 = DIRECTION ( 'NONE',  ( 0.000000000000000000, -1.000000000000000000, 0.000000000000000000 ) ) ;
#1868 = PLANE ( 'NONE',  #2045 ) ;
#1869 = DIRECTION ( 'NONE',  ( 1.000000000000000000, -0.000000000000000000, -0.000000000000000000 ) ) ;
#1870 = ORIENTED_EDGE ( 'NONE', *, *, #172, .T. ) ;
#1871 = AXIS2_PLACEMENT_3D ( 'NONE', #921, #2452, #1683 ) ;
#1872 = DIRECTION ( 'NONE',  ( -4.996003610813198910E-15, -1.000000000000000000, 0.000000000000000000 ) ) ;
#1873 = AXIS2_PLACEMENT_3D ( 'NONE', #42, #1442, #448 ) ;
#1874 = EDGE_CURVE ( 'NONE', #765, #2514, #2237, .T. ) ;
#1875 = VERTEX_POINT ( 'NONE', #1297 ) ;
#1876 = DIRECTION ( 'NONE',  ( 0.000000000000000000, 0.5000000000000027756, 0.8660254037844371533 ) ) ;
#1877 = FACE_OUTER_BOUND ( 'NONE', #1716, .T. ) ;
#1878 = DIRECTION ( 'NONE',  ( -1.000000000000000000, 0.000000000000000000, 0.000000000000000000 ) ) ;
#1879 = FACE_OUTER_BOUND ( 'NONE', #1255, .T. ) ;
#1880 = DIRECTION ( 'NONE',  ( -0.7071067811865638930, 0.000000000000000000, -0.7071067811865312525 ) ) ;
#1881 = ORIENTED_EDGE ( 'NONE', *, *, #1945, .F. ) ;
#1882 = AXIS2_PLACEMENT_3D ( 'NONE', #2444, #878, #1553 ) ;
#1883 = LINE ( 'NONE', #1076, #1940 ) ;
#1884 = VECTOR ( 'NONE', #1472, 1000.000000000000000 ) ;
#1885 = ORIENTED_EDGE ( 'NONE', *, *, #615, .F. ) ;
#1886 = CARTESIAN_POINT ( 'NONE',  ( 25.00765992253921155, 63.71742762128913995, 1011.603282926499105 ) ) ;
#1887 = DIRECTION ( 'NONE',  ( 4.996003610813198910E-15, 1.000000000000000000, -1.224646799147602684E-16 ) ) ;
#1888 = DIRECTION ( 'NONE',  ( -4.996003610813198910E-15, -1.000000000000000000, 1.224646799147602931E-16 ) ) ;
#1889 = CARTESIAN_POINT ( 'NONE',  ( 16.99079295892132180, 66.29034320653369150, 0.000000000000000000 ) ) ;
#1890 = ORIENTED_EDGE ( 'NONE', *, *, #1378, .T. ) ;
#1891 = LINE ( 'NONE', #529, #1066 ) ;
#1892 = ORIENTED_EDGE ( 'NONE', *, *, #2238, .F. ) ;
#1893 = DIRECTION ( 'NONE',  ( 0.000000000000000000, 0.000000000000000000, 1.000000000000000000 ) ) ;
#1894 = EDGE_CURVE ( 'NONE', #2514, #318, #1864, .T. ) ;
#1895 = CARTESIAN_POINT ( 'NONE',  ( 25.39079295892128840, 57.57704735883928038, 1015.353282926499332 ) ) ;
#1896 = CARTESIAN_POINT ( 'NONE',  ( 4.819600323430007549, 65.39034320653384214, 1015.803282926499378 ) ) ;
#1897 = EDGE_CURVE ( 'NONE', #1448, #729, #95, .T. ) ;
#1898 = LINE ( 'NONE', #1521, #1686 ) ;
#1899 = EDGE_LOOP ( 'NONE', ( #164, #2115, #1685, #1921 ) ) ;
#1900 = CARTESIAN_POINT ( 'NONE',  ( 4.819600323429970246, 58.87623561252109994, 1012.153282926499401 ) ) ;
#1901 = EDGE_CURVE ( 'NONE', #375, #1152, #2226, .T. ) ;
#1902 = EDGE_LOOP ( 'NONE', ( #777, #2006, #1104, #2162, #364, #344, #1372, #351, #1788 ) ) ;
#1903 = VECTOR ( 'NONE', #1175, 1000.000000000000114 ) ;
#1904 = CARTESIAN_POINT ( 'NONE',  ( 27.19079295892127135, 57.82257137125008484, 1013.978282926499332 ) ) ;
#1905 = LINE ( 'NONE', #581, #403 ) ;
#1906 = VERTEX_POINT ( 'NONE', #1259 ) ;
#1907 = DIRECTION ( 'NONE',  ( 0.000000000000000000, 0.4999999999999963363, -0.8660254037844408170 ) ) ;
#1908 = VERTEX_POINT ( 'NONE', #119 ) ;
#1909 = VERTEX_POINT ( 'NONE', #2417 ) ;
#1910 = VECTOR ( 'NONE', #1844, 1000.000000000000114 ) ;
#1911 = ORIENTED_EDGE ( 'NONE', *, *, #1427, .F. ) ;
#1912 = ORIENTED_EDGE ( 'NONE', *, *, #1195, .F. ) ;
#1913 = VECTOR ( 'NONE', #2022, 1000.000000000000000 ) ;
#1914 = ADVANCED_FACE ( 'NONE', ( #483 ), #877, .T. ) ;
#1915 = VECTOR ( 'NONE', #562, 1000.000000000000227 ) ;
#1916 = CARTESIAN_POINT ( 'NONE',  ( 10.93004494597304976, 70.18245009427575098, 1018.218305399485757 ) ) ;
#1917 = DIRECTION ( 'NONE',  ( -0.7071067811865638930, 0.000000000000000000, 0.7071067811865312525 ) ) ;
#1918 = DIRECTION ( 'NONE',  ( 1.000000000000000000, -5.680634549777415935E-15, 0.000000000000000000 ) ) ;
#1919 = DIRECTION ( 'NONE',  ( 0.000000000000000000, 1.000000000000000000, -1.224646799147602931E-16 ) ) ;
#1920 = EDGE_CURVE ( 'NONE', #1512, #1839, #2023, .T. ) ;
#1921 = ORIENTED_EDGE ( 'NONE', *, *, #1488, .F. ) ;
#1922 = FACE_OUTER_BOUND ( 'NONE', #1761, .T. ) ;
#1923 = ORIENTED_EDGE ( 'NONE', *, *, #491, .F. ) ;
#1924 = DIRECTION ( 'NONE',  ( 0.000000000000000000, -0.000000000000000000, 1.000000000000000000 ) ) ;
#1925 = EDGE_CURVE ( 'NONE', #1130, #427, #284, .T. ) ;
#1926 = ADVANCED_FACE ( 'NONE', ( #863 ), #2050, .F. ) ;
#1927 = ORIENTED_EDGE ( 'NONE', *, *, #2249, .F. ) ;
#1928 = LINE ( 'NONE', #1729, #673 ) ;
#1929 = PLANE ( 'NONE',  #1357 ) ;
#1930 = EDGE_CURVE ( 'NONE', #315, #427, #495, .T. ) ;
#1931 = CARTESIAN_POINT ( 'NONE',  ( 27.19079295892124293, 52.52969166723886474, 1.685193786178288190E-15 ) ) ;
#1932 = DIRECTION ( 'NONE',  ( 0.6546536707079955164, -0.3779644730092240890, -0.6546536707079605444 ) ) ;
#1933 = ORIENTED_EDGE ( 'NONE', *, *, #1727, .F. ) ;
#1934 = LINE ( 'NONE', #2497, #1903 ) ;
#1935 = ORIENTED_EDGE ( 'NONE', *, *, #1624, .F. ) ;
#1936 = DIRECTION ( 'NONE',  ( -4.996003610813198910E-15, -1.000000000000000000, 1.224646799147602931E-16 ) ) ;
#1937 = ORIENTED_EDGE ( 'NONE', *, *, #1707, .T. ) ;
#1938 = EDGE_CURVE ( 'NONE', #1823, #29, #689, .T. ) ;
#1939 = VECTOR ( 'NONE', #298, 1000.000000000000000 ) ;
#1940 = VECTOR ( 'NONE', #1872, 1000.000000000000000 ) ;
#1941 = EDGE_CURVE ( 'NONE', #2129, #1340, #1083, .T. ) ;
#1942 = VERTEX_POINT ( 'NONE', #1285 ) ;
#1943 = DIRECTION ( 'NONE',  ( -2.498001805406587622E-15, -0.4999999999999976685, 0.8660254037844399289 ) ) ;
#1944 = CARTESIAN_POINT ( 'NONE',  ( 24.75765992253925418, 63.46742762128918258, 1011.353282926499332 ) ) ;
#1945 = EDGE_CURVE ( 'NONE', #1544, #2314, #887, .T. ) ;
#1946 = PLANE ( 'NONE',  #47 ) ;
#1947 = DIRECTION ( 'NONE',  ( 4.996003610813198910E-15, 1.000000000000000000, -1.224646799147602931E-16 ) ) ;
#1948 = VERTEX_POINT ( 'NONE', #1473 ) ;
#1949 = CARTESIAN_POINT ( 'NONE',  ( 16.99079295892126851, 56.29034320653356360, 1.224646799147619300E-15 ) ) ;
#1950 = VERTEX_POINT ( 'NONE', #508 ) ;
#1951 = DIRECTION ( 'NONE',  ( -3.691936177574747818E-15, -0.7071067811864248931, 0.7071067811866702524 ) ) ;
#1952 = ORIENTED_EDGE ( 'NONE', *, *, #132, .T. ) ;
#1953 = ORIENTED_EDGE ( 'NONE', *, *, #1874, .F. ) ;
#1954 = AXIS2_PLACEMENT_3D ( 'NONE', #681, #2263, #1663 ) ;
#1955 = VECTOR ( 'NONE', #728, 1000.000000000000114 ) ;
#1956 = ORIENTED_EDGE ( 'NONE', *, *, #2465, .T. ) ;
#1957 = AXIS2_PLACEMENT_3D ( 'NONE', #2420, #2445, #726 ) ;
#1958 = PLANE ( 'NONE',  #133 ) ;
#1959 = CARTESIAN_POINT ( 'NONE',  ( 4.819600323429970246, 60.98356409506329356, 1012.153282926499401 ) ) ;
#1960 = CARTESIAN_POINT ( 'NONE',  ( 31.50000000000004974, 60.98356409506329356, 1012.153282926499401 ) ) ;
#1961 = FACE_OUTER_BOUND ( 'NONE', #1899, .T. ) ;
#1962 = ORIENTED_EDGE ( 'NONE', *, *, #12, .T. ) ;
#1963 = DIRECTION ( 'NONE',  ( 0.000000000000000000, -0.5000000000000063283, -0.8660254037844349329 ) ) ;
#1964 = ORIENTED_EDGE ( 'NONE', *, *, #2008, .F. ) ;
#1965 = ORIENTED_EDGE ( 'NONE', *, *, #1086, .F. ) ;
#1966 = ADVANCED_FACE ( 'NONE', ( #1095 ), #845, .F. ) ;
#1967 = DIRECTION ( 'NONE',  ( 4.996003610813198910E-15, 1.000000000000000000, -1.224646799147602684E-16 ) ) ;
#1968 = ORIENTED_EDGE ( 'NONE', *, *, #200, .T. ) ;
#1969 = CARTESIAN_POINT ( 'NONE',  ( 25.00765992253921155, 56.21742762128913995, 1011.603282926499105 ) ) ;
#1970 = CARTESIAN_POINT ( 'NONE',  ( 25.99079295892124009, 56.29034320653371282, 1014.753282926499310 ) ) ;
#1971 = DIRECTION ( 'NONE',  ( 2.498001805406580917E-15, 0.4999999999999963363, -0.8660254037844408170 ) ) ;
#1972 = DIRECTION ( 'NONE',  ( 6.118339830512249160E-31, 1.224646799147602684E-16, 1.000000000000000000 ) ) ;
#1973 = ORIENTED_EDGE ( 'NONE', *, *, #717, .F. ) ;
#1974 = ADVANCED_FACE ( 'NONE', ( #2007 ), #1245, .F. ) ;
#1975 = FACE_OUTER_BOUND ( 'NONE', #1391, .T. ) ;
#1976 = ORIENTED_EDGE ( 'NONE', *, *, #443, .F. ) ;
#1977 = LINE ( 'NONE', #250, #1156 ) ;
#1978 = ORIENTED_EDGE ( 'NONE', *, *, #1167, .F. ) ;
#1979 = EDGE_CURVE ( 'NONE', #1749, #2180, #1636, .T. ) ;
#1980 = ORIENTED_EDGE ( 'NONE', *, *, #1577, .T. ) ;
#1981 = CARTESIAN_POINT ( 'NONE',  ( 25.39079295892130617, 61.29034320653364887, 1013.553282926499264 ) ) ;
#1982 = DIRECTION ( 'NONE',  ( -0.000000000000000000, -0.000000000000000000, -1.000000000000000000 ) ) ;
#1983 = AXIS2_PLACEMENT_3D ( 'NONE', #1745, #11, #385 ) ;
#1984 = AXIS2_PLACEMENT_3D ( 'NONE', #686, #1457, #2223 ) ;
#1985 = FACE_OUTER_BOUND ( 'NONE', #249, .T. ) ;
#1986 = FACE_OUTER_BOUND ( 'NONE', #2306, .T. ) ;
#1987 = ORIENTED_EDGE ( 'NONE', *, *, #1830, .T. ) ;
#1988 = DIRECTION ( 'NONE',  ( 1.000000000000000000, -5.221186213742997318E-15, 5.882653977649036757E-32 ) ) ;
#1989 = ORIENTED_EDGE ( 'NONE', *, *, #1901, .F. ) ;
#1990 = DIRECTION ( 'NONE',  ( -1.000000000000000000, 4.260475912333060176E-15, 0.000000000000000000 ) ) ;
#1991 = VERTEX_POINT ( 'NONE', #439 ) ;
#1992 = PLANE ( 'NONE',  #1342 ) ;
#1993 = ADVANCED_FACE ( 'NONE', ( #2213 ), #1256, .T. ) ;
#1994 = ORIENTED_EDGE ( 'NONE', *, *, #362, .F. ) ;
#1995 = PLANE ( 'NONE',  #2159 ) ;
#1996 = LINE ( 'NONE', #1209, #1426 ) ;
#1997 = VECTOR ( 'NONE', #1029, 1000.000000000000000 ) ;
#1998 = EDGE_CURVE ( 'NONE', #4, #2135, #1447, .T. ) ;
#1999 = VECTOR ( 'NONE', #379, 1000.000000000000000 ) ;
#2000 = LINE ( 'NONE', #2377, #1028 ) ;
#2001 = CARTESIAN_POINT ( 'NONE',  ( 15.49079295892139463, 60.98356409506357778, 1015.803282926499378 ) ) ;
#2002 = ORIENTED_EDGE ( 'NONE', *, *, #1041, .F. ) ;
#2003 = FACE_OUTER_BOUND ( 'NONE', #2472, .T. ) ;
#2004 = ORIENTED_EDGE ( 'NONE', *, *, #1059, .T. ) ;
#2005 = CARTESIAN_POINT ( 'NONE',  ( 25.39079295892133104, 65.84034320653380234, 1015.353282926499332 ) ) ;
#2006 = ORIENTED_EDGE ( 'NONE', *, *, #1006, .T. ) ;
#2007 = FACE_OUTER_BOUND ( 'NONE', #1817, .T. ) ;
#2008 = EDGE_CURVE ( 'NONE', #958, #1025, #228, .T. ) ;
#2009 = EDGE_CURVE ( 'NONE', #1524, #1906, #635, .T. ) ;
#2010 = ORIENTED_EDGE ( 'NONE', *, *, #2335, .F. ) ;
#2011 = DIRECTION ( 'NONE',  ( 4.996003610813198910E-15, 1.000000000000000000, -1.224646799147602931E-16 ) ) ;
#2012 = CARTESIAN_POINT ( 'NONE',  ( 27.19079295892126424, 56.59034320653360339, 1014.453282926499355 ) ) ;
#2013 = CARTESIAN_POINT ( 'NONE',  ( 16.39506741895970166, 52.52969166723901395, 1012.753282926499310 ) ) ;
#2014 = EDGE_CURVE ( 'NONE', #464, #1592, #1407, .T. ) ;
#2015 = CARTESIAN_POINT ( 'NONE',  ( 16.99079295892125430, 52.52969166723892158, 1.685193786178288190E-15 ) ) ;
#2016 = DIRECTION ( 'NONE',  ( 0.7071067811865738850, -3.446112426415058158E-15, 0.7071067811865211494 ) ) ;
#2017 = VERTEX_POINT ( 'NONE', #89 ) ;
#2018 = DIRECTION ( 'NONE',  ( -0.5773502691897735017, 0.5773502691895403549, -0.5773502691895635586 ) ) ;
#2019 = EDGE_LOOP ( 'NONE', ( #1315, #1053, #1726, #2489 ) ) ;
#2020 = DIRECTION ( 'NONE',  ( 1.000000000000000000, 0.000000000000000000, -9.441882454494335091E-31 ) ) ;
#2021 = ORIENTED_EDGE ( 'NONE', *, *, #1122, .T. ) ;
#2022 = DIRECTION ( 'NONE',  ( 0.4226182617407029385, 0.9063077870366482713, 0.000000000000000000 ) ) ;
#2023 = LINE ( 'NONE', #2253, #2470 ) ;
#2024 = EDGE_CURVE ( 'NONE', #1909, #1622, #871, .T. ) ;
#2025 = CARTESIAN_POINT ( 'NONE',  ( 27.19079295892126069, 55.39034320653378529, 1014.753282926499310 ) ) ;
#2026 = VECTOR ( 'NONE', #2096, 1000.000000000000114 ) ;
#2027 = CARTESIAN_POINT ( 'NONE',  ( 25.00765992253921155, 56.21742762128913995, 1022.839796138279780 ) ) ;
#2028 = AXIS2_PLACEMENT_3D ( 'NONE', #141, #343, #2057 ) ;
#2029 = EDGE_CURVE ( 'NONE', #844, #129, #32, .T. ) ;
#2030 = DIRECTION ( 'NONE',  ( -1.000000000000000000, 4.996003610813198910E-15, 0.000000000000000000 ) ) ;
#2031 = DIRECTION ( 'NONE',  ( 0.000000000000000000, 1.000000000000000000, 0.000000000000000000 ) ) ;
#2032 = ORIENTED_EDGE ( 'NONE', *, *, #319, .F. ) ;
#2033 = LINE ( 'NONE', #2234, #660 ) ;
#2034 = APPLICATION_CONTEXT ( 'automotive_design' ) ;
#2035 = ORIENTED_EDGE ( 'NONE', *, *, #2009, .F. ) ;
#2036 = CARTESIAN_POINT ( 'NONE',  ( 17.39506741895964481, 56.21742762128913995, 1011.603282926499105 ) ) ;
#2037 = CARTESIAN_POINT ( 'NONE',  ( 4.819600323429970246, 60.98356409506357778, 1015.803282926499378 ) ) ;
#2038 = MANIFOLD_SOLID_BREP ( 'Chamfer6', #1153 ) ;
#2039 = VECTOR ( 'NONE', #1867, 1000.000000000000000 ) ;
#2040 = CARTESIAN_POINT ( 'NONE',  ( 10.64506741895965369, 59.96742762128913284, 1014.253282926499196 ) ) ;
#2041 = PLANE ( 'NONE',  #340 ) ;
#2042 = VECTOR ( 'NONE', #2173, 1000.000000000000000 ) ;
#2043 = DIRECTION ( 'NONE',  ( 3.532708032038517680E-15, 0.7071067811865530128, -0.7071067811865421326 ) ) ;
#2044 = LINE ( 'NONE', #573, #1200 ) ;
#2045 = AXIS2_PLACEMENT_3D ( 'NONE', #2255, #879, #1498 ) ;
#2046 = ORIENTED_EDGE ( 'NONE', *, *, #204, .F. ) ;
#2047 = PLANE ( 'NONE',  #817 ) ;
#2048 = EDGE_LOOP ( 'NONE', ( #1501, #2169, #1551, #2145, #2318 ) ) ;
#2049 = DIRECTION ( 'NONE',  ( -0.6546536707079130268, -0.3779644730096459737, 0.6546536707077994510 ) ) ;
#2050 = PLANE ( 'NONE',  #1182 ) ;
#2051 = PLANE ( 'NONE',  #2 ) ;
#2052 = LINE ( 'NONE', #1655, #54 ) ;
#2053 = LINE ( 'NONE', #917, #1630 ) ;
#2054 = CARTESIAN_POINT ( 'NONE',  ( 31.50000000000004974, 58.87623561252109994, 1012.153282926499401 ) ) ;
#2055 = ORIENTED_EDGE ( 'NONE', *, *, #2474, .T. ) ;
#2056 = EDGE_CURVE ( 'NONE', #1687, #1948, #1810, .T. ) ;
#2057 = DIRECTION ( 'NONE',  ( -1.000000000000000000, 0.000000000000000000, -0.000000000000000000 ) ) ;
#2058 = ORIENTED_EDGE ( 'NONE', *, *, #35, .F. ) ;
#2059 = CARTESIAN_POINT ( 'NONE',  ( 27.19079295892128556, 61.15676917582042194, 1015.503282926499423 ) ) ;
#2060 = CARTESIAN_POINT ( 'NONE',  ( 238.9926832672306602, -400.4936846412560953, 558.7192550787116261 ) ) ;
#2061 = CARTESIAN_POINT ( 'NONE',  ( 17.39506741895964481, 56.21742762128913995, 1011.753282926499423 ) ) ;
#2062 = DIRECTION ( 'NONE',  ( 0.000000000000000000, 1.000000000000000000, -1.224646799147602931E-16 ) ) ;
#2063 = VECTOR ( 'NONE', #1147, 1000.000000000000000 ) ;
#2064 = DIRECTION ( 'NONE',  ( 2.498001805406612471E-15, 0.5000000000000026645, 0.8660254037844370423 ) ) ;
#2065 = DIRECTION ( 'NONE',  ( -1.000000000000000000, 4.260475912333060176E-15, 0.000000000000000000 ) ) ;
#2066 = ADVANCED_FACE ( 'NONE', ( #1392 ), #1992, .F. ) ;
#2067 = ORIENTED_EDGE ( 'NONE', *, *, #2426, .F. ) ;
#2068 = VECTOR ( 'NONE', #718, 1000.000000000000000 ) ;
#2069 = CARTESIAN_POINT ( 'NONE',  ( 2.843151513532923940E-13, 66.59034320653388761, 1014.753282926499310 ) ) ;
#2070 = VERTEX_POINT ( 'NONE', #659 ) ;
#2071 = ORIENTED_EDGE ( 'NONE', *, *, #568, .T. ) ;
#2072 = LINE ( 'NONE', #1120, #1552 ) ;
#2073 = ADVANCED_FACE ( 'NONE', ( #1481 ), #707, .T. ) ;
#2074 = DIRECTION ( 'NONE',  ( 6.118339830512249160E-31, 1.224646799147602684E-16, 1.000000000000000000 ) ) ;
#2075 = CARTESIAN_POINT ( 'NONE',  ( 10.64506741895965369, 58.49951456187503140, 1013.405782926499569 ) ) ;
#2076 = VECTOR ( 'NONE', #808, 1000.000000000000000 ) ;
#2077 = LINE ( 'NONE', #2460, #2360 ) ;
#2078 = ORIENTED_EDGE ( 'NONE', *, *, #640, .F. ) ;
#2079 = VECTOR ( 'NONE', #1082, 999.9999999999998863 ) ;
#2080 = DIRECTION ( 'NONE',  ( 0.000000000000000000, 0.4999999999999962808, -0.8660254037844408170 ) ) ;
#2081 = VECTOR ( 'NONE', #183, 1000.000000000000000 ) ;
#2082 = ORIENTED_EDGE ( 'NONE', *, *, #1114, .T. ) ;
#2083 = EDGE_LOOP ( 'NONE', ( #247, #265, #369, #2055 ) ) ;
#2084 = ADVANCED_FACE ( 'NONE', ( #1316 ), #1280, .F. ) ;
#2085 = EDGE_CURVE ( 'NONE', #1736, #2333, #1696, .T. ) ;
#2086 = LINE ( 'NONE', #1368, #167 ) ;
#2087 = CARTESIAN_POINT ( 'NONE',  ( 4.819600323429970246, 60.98356409506329356, 1012.153282926499401 ) ) ;
#2088 = EDGE_CURVE ( 'NONE', #1524, #1697, #2259, .T. ) ;
#2089 = ORIENTED_EDGE ( 'NONE', *, *, #1695, .T. ) ;
#2090 = CARTESIAN_POINT ( 'NONE',  ( 2.843151513532923435E-13, 66.59034320653388761, 1014.753282926499310 ) ) ;
#2091 = EDGE_LOOP ( 'NONE', ( #999, #1794, #1964, #1923, #177, #378, #908 ) ) ;
#2092 = CARTESIAN_POINT ( 'NONE',  ( 10.94506741895967394, 62.03722833633448630, 1013.978282926499560 ) ) ;
#2093 = ORIENTED_EDGE ( 'NONE', *, *, #880, .T. ) ;
#2094 = ORIENTED_EDGE ( 'NONE', *, *, #587, .F. ) ;
#2095 = LINE ( 'NONE', #180, #2403 ) ;
#2096 = DIRECTION ( 'NONE',  ( -0.5773502691896985617, -0.5773502691896879035, -0.5773502691894907279 ) ) ;
#2097 = ORIENTED_EDGE ( 'NONE', *, *, #2493, .T. ) ;
#2098 = CARTESIAN_POINT ( 'NONE',  ( 25.69079295892136017, 55.99034320653363750, 1014.753282926499310 ) ) ;
#2099 = ORIENTED_EDGE ( 'NONE', *, *, #770, .T. ) ;
#2100 = FACE_OUTER_BOUND ( 'NONE', #1244, .T. ) ;
#2101 = ORIENTED_EDGE ( 'NONE', *, *, #734, .F. ) ;
#2102 = ORIENTED_EDGE ( 'NONE', *, *, #120, .F. ) ;
#2103 = VECTOR ( 'NONE', #478, 999.9999999999998863 ) ;
#2104 = ORIENTED_EDGE ( 'NONE', *, *, #1154, .T. ) ;
#2105 = AXIS2_PLACEMENT_3D ( 'NONE', #137, #101, #703 ) ;
#2106 = EDGE_CURVE ( 'NONE', #1906, #2140, #1266, .T. ) ;
#2107 = CARTESIAN_POINT ( 'NONE',  ( 15.19079295892131753, 61.15676917582043615, 1015.503282926499423 ) ) ;
#2108 = DIRECTION ( 'NONE',  ( 0.000000000000000000, -0.5000000000000063283, -0.8660254037844349329 ) ) ;
#2109 = LINE ( 'NONE', #2277, #1080 ) ;
#2110 = DIRECTION ( 'NONE',  ( -0.6546536707078178807, -0.7559289460185922849, 1.297446571469551425E-13 ) ) ;
#2111 = ORIENTED_EDGE ( 'NONE', *, *, #1930, .T. ) ;
#2112 = VECTOR ( 'NONE', #444, 1000.000000000000114 ) ;
#2113 = ADVANCED_FACE ( 'NONE', ( #730 ), #2047, .F. ) ;
#2114 = DIRECTION ( 'NONE',  ( 0.7071067811865205943, -3.619303637661925531E-15, -0.7071067811865745512 ) ) ;
#2115 = ORIENTED_EDGE ( 'NONE', *, *, #1979, .F. ) ;
#2116 = DIRECTION ( 'NONE',  ( -1.000000000000000000, 5.221186213742997318E-15, -5.882653977649036757E-32 ) ) ;
#2117 = VECTOR ( 'NONE', #1248, 1000.000000000000000 ) ;
#2118 = VERTEX_POINT ( 'NONE', #1861 ) ;
#2119 = EDGE_LOOP ( 'NONE', ( #1117, #216, #163, #501 ) ) ;
#2120 = VECTOR ( 'NONE', #831, 1000.000000000000000 ) ;
#2121 = AXIS2_PLACEMENT_3D ( 'NONE', #2075, #339, #347 ) ;
#2122 = FACE_OUTER_BOUND ( 'NONE', #1606, .T. ) ;
#2123 = LINE ( 'NONE', #166, #2063 ) ;
#2124 = CARTESIAN_POINT ( 'NONE',  ( 31.50000000000004974, 57.82257137125006352, 1013.978282926499332 ) ) ;
#2125 = DIRECTION ( 'NONE',  ( -0.6546536707081148654, 0.3779644730091648031, -0.6546536707078755013 ) ) ;
#2126 = ORIENTED_EDGE ( 'NONE', *, *, #734, .T. ) ;
#2127 = EDGE_CURVE ( 'NONE', #1667, #1130, #1891, .T. ) ;
#2128 = PLANE ( 'NONE',  #1582 ) ;
#2129 = VERTEX_POINT ( 'NONE', #1291 ) ;
#2130 = CARTESIAN_POINT ( 'NONE',  ( 26.19079295892147030, 61.32997425657703872, 1012.753282926499310 ) ) ;
#2131 = ORIENTED_EDGE ( 'NONE', *, *, #114, .T. ) ;
#2132 = ORIENTED_EDGE ( 'NONE', *, *, #674, .F. ) ;
#2133 = EDGE_CURVE ( 'NONE', #2332, #2415, #1669, .T. ) ;
#2134 = EDGE_CURVE ( 'NONE', #2140, #844, #2033, .T. ) ;
#2135 = VERTEX_POINT ( 'NONE', #151 ) ;
#2136 = FACE_OUTER_BOUND ( 'NONE', #780, .T. ) ;
#2137 = LINE ( 'NONE', #939, #1627 ) ;
#2138 = DIRECTION ( 'NONE',  ( 0.000000000000000000, 0.5000000000000026645, 0.8660254037844370423 ) ) ;
#2139 = FACE_OUTER_BOUND ( 'NONE', #2463, .T. ) ;
#2140 = VERTEX_POINT ( 'NONE', #294 ) ;
#2141 = DIRECTION ( 'NONE',  ( 0.000000000000000000, 0.8660254037844400399, 0.4999999999999976685 ) ) ;
#2142 = ORIENTED_EDGE ( 'NONE', *, *, #977, .F. ) ;
#2143 = LINE ( 'NONE', #30, #632 ) ;
#2144 = VERTEX_POINT ( 'NONE', #540 ) ;
#2145 = ORIENTED_EDGE ( 'NONE', *, *, #1092, .F. ) ;
#2146 = AXIS2_PLACEMENT_3D ( 'NONE', #859, #280, #1065 ) ;
#2147 = VECTOR ( 'NONE', #792, 1000.000000000000114 ) ;
#2148 = ORIENTED_EDGE ( 'NONE', *, *, #438, .F. ) ;
#2149 = LINE ( 'NONE', #2374, #1799 ) ;
#2150 = PLANE ( 'NONE',  #452 ) ;
#2151 = CARTESIAN_POINT ( 'NONE',  ( 24.75765992253925418, 0.000000000000000000, 1011.353282926499332 ) ) ;
#2152 = LINE ( 'NONE', #1733, #1517 ) ;
#2153 = ORIENTED_EDGE ( 'NONE', *, *, #221, .F. ) ;
#2154 = FACE_OUTER_BOUND ( 'NONE', #176, .T. ) ;
#2155 = ORIENTED_EDGE ( 'NONE', *, *, #1310, .F. ) ;
#2156 = CARTESIAN_POINT ( 'NONE',  ( 16.39506741895970166, 55.21742762128906179, 1012.753282926499310 ) ) ;
#2157 = VERTEX_POINT ( 'NONE', #517 ) ;
#2158 = SURFACE_STYLE_FILL_AREA ( #78 ) ;
#2159 = AXIS2_PLACEMENT_3D ( 'NONE', #1419, #1409, #37 ) ;
#2160 = VECTOR ( 'NONE', #1328, 1000.000000000000000 ) ;
#2161 = ADVANCED_FACE ( 'NONE', ( #502 ), #1101, .F. ) ;
#2162 = ORIENTED_EDGE ( 'NONE', *, *, #1092, .T. ) ;
#2163 = VECTOR ( 'NONE', #363, 1000.000000000000000 ) ;
#2164 = LINE ( 'NONE', #2334, #2359 ) ;
#2165 = CARTESIAN_POINT ( 'NONE',  ( 17.43171040085390189, 55.52236023387634845, 1025.262365484567226 ) ) ;
#2166 = ADVANCED_FACE ( 'NONE', ( #331 ), #1129, .F. ) ;
#2167 = LINE ( 'NONE', #1960, #1550 ) ;
#2168 = DIRECTION ( 'NONE',  ( 1.000000000000000000, -4.996003610813198910E-15, 0.000000000000000000 ) ) ;
#2169 = ORIENTED_EDGE ( 'NONE', *, *, #1201, .T. ) ;
#2170 = EDGE_CURVE ( 'NONE', #578, #611, #1883, .T. ) ;
#2171 = CARTESIAN_POINT ( 'NONE',  ( 4.819600323429970246, 62.03722833633448630, 1013.978282926499560 ) ) ;
#2172 = ORIENTED_EDGE ( 'NONE', *, *, #970, .T. ) ;
#2173 = DIRECTION ( 'NONE',  ( -4.996003610813198910E-15, -1.000000000000000000, 1.224646799147602684E-16 ) ) ;
#2174 = ORIENTED_EDGE ( 'NONE', *, *, #2127, .T. ) ;
#2175 = ORIENTED_EDGE ( 'NONE', *, *, #2024, .F. ) ;
#2176 = DIRECTION ( 'NONE',  ( 0.000000000000000000, -1.000000000000000000, 0.000000000000000000 ) ) ;
#2177 = CARTESIAN_POINT ( 'NONE',  ( 17.39506741895964481, 63.71742762128913995, 1022.839796138279780 ) ) ;
#2178 = LINE ( 'NONE', #1221, #417 ) ;
#2179 = FACE_OUTER_BOUND ( 'NONE', #576, .T. ) ;
#2180 = VERTEX_POINT ( 'NONE', #128 ) ;
#2181 = PLANE ( 'NONE',  #327 ) ;
#2182 = ORIENTED_EDGE ( 'NONE', *, *, #1727, .T. ) ;
#2183 = CARTESIAN_POINT ( 'NONE',  ( 31.80000000000000071, 0.000000000000000000, 0.000000000000000000 ) ) ;
#2184 = VERTEX_POINT ( 'NONE', #907 ) ;
#2185 =( NAMED_UNIT ( * ) PLANE_ANGLE_UNIT ( ) SI_UNIT ( $, .RADIAN. ) );
#2186 = ORIENTED_EDGE ( 'NONE', *, *, #1488, .T. ) ;
#2187 = DIRECTION ( 'NONE',  ( -5.805843586649049107E-31, -1.224646799147602684E-16, -1.000000000000000000 ) ) ;
#2188 = DIRECTION ( 'NONE',  ( 0.000000000000000000, -1.000000000000000000, 0.000000000000000000 ) ) ;
#2189 = AXIS2_PLACEMENT_3D ( 'NONE', #2297, #1326, #2479 ) ;
#2190 = VECTOR ( 'NONE', #353, 1000.000000000000000 ) ;
#2191 = PLANE ( 'NONE',  #2317 ) ;
#2192 = CARTESIAN_POINT ( 'NONE',  ( 26.64434347201981979, 55.03679269343516012, 1015.706833439597517 ) ) ;
#2193 = ORIENTED_EDGE ( 'NONE', *, *, #2425, .F. ) ;
#2194 = CARTESIAN_POINT ( 'NONE',  ( 15.19079295892127490, 52.52969166723905659, 1014.453282926499355 ) ) ;
#2195 = ORIENTED_EDGE ( 'NONE', *, *, #929, .F. ) ;
#2196 = DIRECTION ( 'NONE',  ( 0.000000000000000000, 1.000000000000000000, 0.000000000000000000 ) ) ;
#2197 = ORIENTED_EDGE ( 'NONE', *, *, #52, .T. ) ;
#2198 = EDGE_CURVE ( 'NONE', #1549, #1909, #1851, .T. ) ;
#2199 = CARTESIAN_POINT ( 'NONE',  ( 15.49079295892136976, 56.29034320653369861, 1015.803282926499378 ) ) ;
#2200 = VECTOR ( 'NONE', #1971, 999.9999999999998863 ) ;
#2201 = ORIENTED_EDGE ( 'NONE', *, *, #399, .T. ) ;
#2202 = LINE ( 'NONE', #1054, #2117 ) ;
#2203 = LINE ( 'NONE', #2336, #975 ) ;
#2204 = VECTOR ( 'NONE', #1324, 1000.000000000000000 ) ;
#2205 = VECTOR ( 'NONE', #520, 1000.000000000000000 ) ;
#2206 = CARTESIAN_POINT ( 'NONE',  ( 26.00765992253915471, 61.32997425657703872, 1012.753282926499310 ) ) ;
#2207 = DIRECTION ( 'NONE',  ( 4.996003610813198910E-15, 1.000000000000000000, 0.000000000000000000 ) ) ;
#2208 = LINE ( 'NONE', #1240, #2392 ) ;
#2209 = ORIENTED_EDGE ( 'NONE', *, *, #2483, .T. ) ;
#2210 = DIRECTION ( 'NONE',  ( -3.012611408692733235E-15, -0.7071067811865672237, 0.7071067811865278108 ) ) ;
#2211 = ADVANCED_FACE ( 'NONE', ( #2414 ), #884, .F. ) ;
#2212 = VERTEX_POINT ( 'NONE', #695 ) ;
#2213 = FACE_OUTER_BOUND ( 'NONE', #774, .T. ) ;
#2214 = EDGE_CURVE ( 'NONE', #1443, #1187, #1469, .T. ) ;
#2215 = ORIENTED_EDGE ( 'NONE', *, *, #1750, .T. ) ;
#2216 = CARTESIAN_POINT ( 'NONE',  ( 10.36363884753144227, 60.64787615283426447, 1012.734711497927492 ) ) ;
#2217 = CARTESIAN_POINT ( 'NONE',  ( 4.819600323429959587, 56.59034320653371708, 1015.803282926499378 ) ) ;
#2218 = EDGE_CURVE ( 'NONE', #1768, #1532, #1523, .T. ) ;
#2219 = LINE ( 'NONE', #1096, #208 ) ;
#2220 = CARTESIAN_POINT ( 'NONE',  ( 26.19079295892147030, 61.32997425657703872, 1012.753282926499310 ) ) ;
#2221 = CARTESIAN_POINT ( 'NONE',  ( 25.40765992253918881, 58.87623561252109994, 1012.153282926499401 ) ) ;
#2222 = ORIENTED_EDGE ( 'NONE', *, *, #1317, .F. ) ;
#2223 = DIRECTION ( 'NONE',  ( 0.000000000000000000, -1.000000000000000000, 1.224646799147602931E-16 ) ) ;
#2224 = EDGE_LOOP ( 'NONE', ( #2508, #1968, #1702, #982 ) ) ;
#2225 = DIRECTION ( 'NONE',  ( 0.7071067811865745512, -3.605340571951964744E-15, 0.7071067811865204833 ) ) ;
#2226 = LINE ( 'NONE', #1450, #612 ) ;
#2227 = LINE ( 'NONE', #1641, #2039 ) ;
#2228 = VECTOR ( 'NONE', #1639, 1000.000000000000000 ) ;
#2229 = PLANE ( 'NONE',  #1957 ) ;
#2230 = CARTESIAN_POINT ( 'NONE',  ( 17.39079295892129196, 52.52969166723892158, 1015.803282926499378 ) ) ;
#2231 = LINE ( 'NONE', #1701, #2407 ) ;
#2232 = EDGE_CURVE ( 'NONE', #567, #2423, #552, .T. ) ;
#2233 = ORIENTED_EDGE ( 'NONE', *, *, #106, .F. ) ;
#2234 = CARTESIAN_POINT ( 'NONE',  ( 4.819600323429970246, 58.87623561252111415, 1015.803282926499378 ) ) ;
#2235 = ORIENTED_EDGE ( 'NONE', *, *, #1295, .F. ) ;
#2236 = LINE ( 'NONE', #131, #676 ) ;
#2237 = LINE ( 'NONE', #2060, #2345 ) ;
#2238 = EDGE_CURVE ( 'NONE', #2070, #1187, #601, .T. ) ;
#2239 = VECTOR ( 'NONE', #386, 1000.000000000000000 ) ;
#2240 = VECTOR ( 'NONE', #2274, 999.9999999999998863 ) ;
#2241 = DIRECTION ( 'NONE',  ( 0.000000000000000000, -0.000000000000000000, 1.000000000000000000 ) ) ;
#2242 = DIRECTION ( 'NONE',  ( 1.224646799147667272E-16, 1.000000000000000000, -0.000000000000000000 ) ) ;
#2243 = EDGE_CURVE ( 'NONE', #804, #320, #2510, .T. ) ;
#2244 = VECTOR ( 'NONE', #577, 1000.000000000000000 ) ;
#2245 = CARTESIAN_POINT ( 'NONE',  ( 25.85090066147475696, 56.59034320653361050, 1015.803282926499378 ) ) ;
#2246 = PLANE ( 'NONE',  #213 ) ;
#2247 = VECTOR ( 'NONE', #169, 1000.000000000000000 ) ;
#2248 = ORIENTED_EDGE ( 'NONE', *, *, #2243, .T. ) ;
#2249 = EDGE_CURVE ( 'NONE', #592, #1331, #1934, .T. ) ;
#2250 = DIRECTION ( 'NONE',  ( -1.000000000000000000, 4.260475912333060176E-15, 0.000000000000000000 ) ) ;
#2251 = ORIENTED_EDGE ( 'NONE', *, *, #1140, .T. ) ;
#2252 = CARTESIAN_POINT ( 'NONE',  ( 15.35050852978604574, 54.05944604895481120, 1016.093567355633922 ) ) ;
#2253 = CARTESIAN_POINT ( 'NONE',  ( 27.19079295892131753, 67.49034320653368013, 1014.753282926499310 ) ) ;
#2254 = FACE_OUTER_BOUND ( 'NONE', #627, .T. ) ;
#2255 = CARTESIAN_POINT ( 'NONE',  ( 4.819600323429970246, 58.87623561252109994, 1012.153282926499401 ) ) ;
#2256 = CARTESIAN_POINT ( 'NONE',  ( 15.19079295892384529, 566.9366589001358534, 514.4069672329047762 ) ) ;
#2257 = LINE ( 'NONE', #2054, #2321 ) ;
#2258 = VERTEX_POINT ( 'NONE', #1151 ) ;
#2259 = LINE ( 'NONE', #2270, #407 ) ;
#2260 = ADVANCED_FACE ( 'NONE', ( #1922 ), #981, .F. ) ;
#2261 = VERTEX_POINT ( 'NONE', #2092 ) ;
#2262 = LINE ( 'NONE', #2130, #1516 ) ;
#2263 = DIRECTION ( 'NONE',  ( 4.996003610813198910E-15, 1.000000000000000000, -1.224646799147602684E-16 ) ) ;
#2264 = DIRECTION ( 'NONE',  ( 0.000000000000000000, 0.000000000000000000, -1.000000000000000000 ) ) ;
#2265 = AXIS2_PLACEMENT_3D ( 'NONE', #1771, #1249, #1783 ) ;
#2266 = DIRECTION ( 'NONE',  ( -6.118339830512249160E-31, -1.224646799147602684E-16, -1.000000000000000000 ) ) ;
#2267 = CARTESIAN_POINT ( 'NONE',  ( 17.39506741895964481, 63.71742762128913995, 1011.603282926499105 ) ) ;
#2268 = VERTEX_POINT ( 'NONE', #1533 ) ;
#2269 = EDGE_CURVE ( 'NONE', #1839, #2212, #776, .T. ) ;
#2270 = CARTESIAN_POINT ( 'NONE',  ( 10.64506741895965369, 61.77742071519907086, 1013.828282926499469 ) ) ;
#2271 = ORIENTED_EDGE ( 'NONE', *, *, #625, .F. ) ;
#2272 = EDGE_CURVE ( 'NONE', #1736, #1757, #3, .T. ) ;
#2273 = ADVANCED_FACE ( 'NONE', ( #965 ), #2128, .T. ) ;
#2274 = DIRECTION ( 'NONE',  ( 0.000000000000000000, -0.5000000000000027756, -0.8660254037844371533 ) ) ;
#2275 = LINE ( 'NONE', #1529, #194 ) ;
#2276 = VECTOR ( 'NONE', #1773, 1000.000000000000000 ) ;
#2277 = CARTESIAN_POINT ( 'NONE',  ( 31.50000000000004974, 58.87623561252111415, 1015.803282926499378 ) ) ;
#2278 = LINE ( 'NONE', #148, #467 ) ;
#2279 = PRODUCT ( 'Wiper Holder rev5', 'Wiper Holder rev5', '', ( #786 ) ) ;
#2280 = ORIENTED_EDGE ( 'NONE', *, *, #443, .T. ) ;
#2281 = VECTOR ( 'NONE', #500, 1000.000000000000114 ) ;
#2282 = VECTOR ( 'NONE', #1947, 1000.000000000000000 ) ;
#2283 = ADVANCED_FACE ( 'NONE', ( #944 ), #1560, .F. ) ;
#2284 = VERTEX_POINT ( 'NONE', #1186 ) ;
#2285 = ADVANCED_FACE ( 'NONE', ( #2100 ), #1546, .T. ) ;
#2286 = CARTESIAN_POINT ( 'NONE',  ( 15.19079295892384529, 566.8616589001362627, 514.3319672328738079 ) ) ;
#2287 = EDGE_CURVE ( 'NONE', #1532, #602, #1514, .T. ) ;
#2288 = FACE_OUTER_BOUND ( 'NONE', #2048, .T. ) ;
#2289 = ORIENTED_EDGE ( 'NONE', *, *, #1830, .F. ) ;
#2290 = CARTESIAN_POINT ( 'NONE',  ( 10.49078170467385362, 61.51266437747042204, 1013.978282926499560 ) ) ;
#2291 = ORIENTED_EDGE ( 'NONE', *, *, #896, .F. ) ;
#2292 = CARTESIAN_POINT ( 'NONE',  ( 3.470108538194785981E-13, 66.29034320653380519, 1013.553282926499264 ) ) ;
#2293 = ORIENTED_EDGE ( 'NONE', *, *, #1826, .T. ) ;
#2294 = VERTEX_POINT ( 'NONE', #162 ) ;
#2295 = ADVANCED_FACE ( 'NONE', ( #754 ), #389, .T. ) ;
#2296 = CARTESIAN_POINT ( 'NONE',  ( 4.819600323429970246, 57.82257137125006352, 1013.978282926499332 ) ) ;
#2297 = CARTESIAN_POINT ( 'NONE',  ( 25.39079295892126353, 52.52969166723887895, 1.685193786178288190E-15 ) ) ;
#2298 = CARTESIAN_POINT ( 'NONE',  ( 27.19079295892127135, 57.95247518181778190, 1013.753282926499196 ) ) ;
#2299 = CARTESIAN_POINT ( 'NONE',  ( 25.39079295892128130, 56.29034320653352097, 1.224646799147619300E-15 ) ) ;
#2300 = ORIENTED_EDGE ( 'NONE', *, *, #332, .F. ) ;
#2301 = EDGE_CURVE ( 'NONE', #2415, #276, #1735, .T. ) ;
#2302 = DIRECTION ( 'NONE',  ( 0.000000000000000000, -0.4999999999999976685, 0.8660254037844400399 ) ) ;
#2303 = EDGE_LOOP ( 'NONE', ( #2271, #1165, #1819, #585 ) ) ;
#2304 = LINE ( 'NONE', #2466, #712 ) ;
#2305 = AXIS2_PLACEMENT_3D ( 'NONE', #1270, #899, #699 ) ;
#2306 = EDGE_LOOP ( 'NONE', ( #493, #990, #1933, #236, #1, #1862, #22, #1978 ) ) ;
#2307 = VECTOR ( 'NONE', #1141, 999.9999999999998863 ) ;
#2308 = LINE ( 'NONE', #959, #1682 ) ;
#2309 = ADVANCED_FACE ( 'NONE', ( #841 ), #1213, .T. ) ;
#2310 = FACE_OUTER_BOUND ( 'NONE', #436, .T. ) ;
#2311 = LINE ( 'NONE', #182, #1842 ) ;
#2312 = ADVANCED_FACE ( 'NONE', ( #2354 ), #1617, .F. ) ;
#2313 = LINE ( 'NONE', #1371, #2247 ) ;
#2314 = VERTEX_POINT ( 'NONE', #2381 ) ;
#2315 = VERTEX_POINT ( 'NONE', #814 ) ;
#2316 = DIRECTION ( 'NONE',  ( -1.000000000000000000, 0.000000000000000000, 0.000000000000000000 ) ) ;
#2317 = AXIS2_PLACEMENT_3D ( 'NONE', #457, #324, #1689 ) ;
#2318 = ORIENTED_EDGE ( 'NONE', *, *, #1762, .T. ) ;
#2319 = ADVANCED_FACE ( 'NONE', ( #2003 ), #1403, .F. ) ;
#2320 = ORIENTED_EDGE ( 'NONE', *, *, #1317, .T. ) ;
#2321 = VECTOR ( 'NONE', #1276, 1000.000000000000000 ) ;
#2322 = ORIENTED_EDGE ( 'NONE', *, *, #1393, .T. ) ;
#2323 = LINE ( 'NONE', #2478, #2204 ) ;
#2324 = DIRECTION ( 'NONE',  ( 0.000000000000000000, 0.000000000000000000, 1.000000000000000000 ) ) ;
#2325 = APPLICATION_PROTOCOL_DEFINITION ( 'draft international standard', 'automotive_design', 1998, #2034 ) ;
#2326 = CARTESIAN_POINT ( 'NONE',  ( 31.80000000000000071, -392.7973623189254795, 226.7816628718104539 ) ) ;
#2327 = CARTESIAN_POINT ( 'NONE',  ( 24.75765992253925418, 56.46742762128909732, 1011.353282926499332 ) ) ;
#2328 = ORIENTED_EDGE ( 'NONE', *, *, #705, .T. ) ;
#2329 = DIRECTION ( 'NONE',  ( 0.000000000000000000, 1.000000000000000000, 0.000000000000000000 ) ) ;
#2330 = EDGE_LOOP ( 'NONE', ( #1417, #1051, #2490, #2344, #1870 ) ) ;
#2331 = PLANE ( 'NONE',  #6 ) ;
#2332 = VERTEX_POINT ( 'NONE', #74 ) ;
#2333 = VERTEX_POINT ( 'NONE', #1033 ) ;
#2334 = CARTESIAN_POINT ( 'NONE',  ( 15.19079295892130688, 58.87623561252108573, 1012.153282926499401 ) ) ;
#2335 = EDGE_CURVE ( 'NONE', #1532, #449, #644, .T. ) ;
#2336 = CARTESIAN_POINT ( 'NONE',  ( 2.293632744927208027E-13, 55.09034320653385208, 1012.753282926499310 ) ) ;
#2337 = CARTESIAN_POINT ( 'NONE',  ( 2.824284104517287247E-13, 66.29034320653379098, 0.000000000000000000 ) ) ;
#2338 = CARTESIAN_POINT ( 'NONE',  ( 16.19079295892109016, 52.52969166723893579, 1012.753282926499310 ) ) ;
#2339 = ORIENTED_EDGE ( 'NONE', *, *, #332, .T. ) ;
#2340 = CARTESIAN_POINT ( 'NONE',  ( 15.19079295892129622, 56.59034320653366734, 1015.503282926499423 ) ) ;
#2341 = ORIENTED_EDGE ( 'NONE', *, *, #381, .F. ) ;
#2342 = DIRECTION ( 'NONE',  ( -0.6546536707080978790, 0.3779644730087566851, 0.6546536707081279660 ) ) ;
#2343 = ADVANCED_FACE ( 'NONE', ( #1428 ), #17, .T. ) ;
#2344 = ORIENTED_EDGE ( 'NONE', *, *, #1325, .T. ) ;
#2345 = VECTOR ( 'NONE', #1461, 1000.000000000000114 ) ;
#2346 = VECTOR ( 'NONE', #1262, 1000.000000000000000 ) ;
#2347 = ORIENTED_EDGE ( 'NONE', *, *, #713, .F. ) ;
#2348 = CARTESIAN_POINT ( 'NONE',  ( 2.350200998213482227E-13, 56.29034320653372703, 6.123233995738061986E-16 ) ) ;
#2349 = LINE ( 'NONE', #1580, #1705 ) ;
#2350 = EDGE_CURVE ( 'NONE', #2129, #2184, #461, .T. ) ;
#2351 = LINE ( 'NONE', #273, #92 ) ;
#2352 = DIRECTION ( 'NONE',  ( -6.118339830512249160E-31, -1.224646799147602684E-16, -1.000000000000000000 ) ) ;
#2353 = VERTEX_POINT ( 'NONE', #2340 ) ;
#2354 = FACE_OUTER_BOUND ( 'NONE', #2389, .T. ) ;
#2355 = VERTEX_POINT ( 'NONE', #1586 ) ;
#2356 = DIRECTION ( 'NONE',  ( -3.532708032038518074E-15, -0.7071067811865531239, 0.7071067811865419106 ) ) ;
#2357 = ORIENTED_EDGE ( 'NONE', *, *, #60, .F. ) ;
#2358 = CARTESIAN_POINT ( 'NONE',  ( 16.99079295892382291, 566.8616589001362627, 514.3319672328738079 ) ) ;
#2359 = VECTOR ( 'NONE', #1943, 1000.000000000000000 ) ;
#2360 = VECTOR ( 'NONE', #102, 1000.000000000000227 ) ;
#2361 = VERTEX_POINT ( 'NONE', #61 ) ;
#2362 = AXIS2_PLACEMENT_3D ( 'NONE', #1829, #2410, #1439 ) ;
#2363 = CARTESIAN_POINT ( 'NONE',  ( 27.19079295892131043, 65.69034320653369718, 1015.503282926499423 ) ) ;
#2364 = DIRECTION ( 'NONE',  ( 0.000000000000000000, 1.000000000000000000, 0.000000000000000000 ) ) ;
#2365 = LINE ( 'NONE', #641, #785 ) ;
#2366 = PLANE ( 'NONE',  #1159 ) ;
#2367 = ORIENTED_EDGE ( 'NONE', *, *, #1866, .T. ) ;
#2368 = DIRECTION ( 'NONE',  ( 1.000000000000000000, -4.996003610813198910E-15, 0.000000000000000000 ) ) ;
#2369 = ORIENTED_EDGE ( 'NONE', *, *, #788, .T. ) ;
#2370 = CARTESIAN_POINT ( 'NONE',  ( 31.50000000000004974, 57.82257137125006352, 1013.978282926499332 ) ) ;
#2371 = ORIENTED_EDGE ( 'NONE', *, *, #1707, .F. ) ;
#2372 = FILL_AREA_STYLE_COLOUR ( '', #1784 ) ;
#2373 = VERTEX_POINT ( 'NONE', #1806 ) ;
#2374 = CARTESIAN_POINT ( 'NONE',  ( 15.49079295892139463, 60.98356409506357778, 1015.803282926499378 ) ) ;
#2375 = CARTESIAN_POINT ( 'NONE',  ( 31.80000000000000071, -0.000000000000000000, 1012.453282926499355 ) ) ;
#2376 = EDGE_CURVE ( 'NONE', #1835, #1020, #2208, .T. ) ;
#2377 = CARTESIAN_POINT ( 'NONE',  ( 2.824284104517287247E-13, 66.29034320653379098, 1014.753282926499310 ) ) ;
#2378 = DIRECTION ( 'NONE',  ( 0.9063077870366507138, 0.4226182617406978315, -5.175581015020749008E-17 ) ) ;
#2379 = ADVANCED_FACE ( 'NONE', ( #1975 ), #1019, .F. ) ;
#2380 = ORIENTED_EDGE ( 'NONE', *, *, #312, .F. ) ;
#2381 = CARTESIAN_POINT ( 'NONE',  ( 10.94506741895967394, 58.87623561252109994, 1012.153282926499401 ) ) ;
#2382 = EDGE_LOOP ( 'NONE', ( #1853, #2104, #906, #1821 ) ) ;
#2383 = CARTESIAN_POINT ( 'NONE',  ( 27.19079295892131043, 65.39034320653372845, 1015.803282926499378 ) ) ;
#2384 = ORIENTED_EDGE ( 'NONE', *, *, #1998, .T. ) ;
#2385 = EDGE_CURVE ( 'NONE', #602, #1587, #235, .T. ) ;
#2386 = ADVANCED_FACE ( 'NONE', ( #1414 ), #1818, .T. ) ;
#2387 = DIRECTION ( 'NONE',  ( -6.118339830512249160E-31, -1.224646799147602684E-16, -1.000000000000000000 ) ) ;
#2388 = AXIS2_PLACEMENT_3D ( 'NONE', #1611, #1420, #2188 ) ;
#2389 = EDGE_LOOP ( 'NONE', ( #1769, #1660, #1063, #2174 ) ) ;
#2390 = DIRECTION ( 'NONE',  ( 2.304779666099535248E-14, 0.7071067811866791342, 0.7071067811864160113 ) ) ;
#2391 = CARTESIAN_POINT ( 'NONE',  ( 514.4720379427109265, 55.09034320653110228, 514.4720379426722729 ) ) ;
#2392 = VECTOR ( 'NONE', #474, 1000.000000000000000 ) ;
#2393 = LINE ( 'NONE', #414, #2276 ) ;
#2394 = LINE ( 'NONE', #1198, #1038 ) ;
#2395 = ORIENTED_EDGE ( 'NONE', *, *, #2501, .F. ) ;
#2396 = ADVANCED_FACE ( 'NONE', ( #1202 ), #2397, .F. ) ;
#2397 = PLANE ( 'NONE',  #617 ) ;
#2398 = ORIENTED_EDGE ( 'NONE', *, *, #2127, .F. ) ;
#2399 = CARTESIAN_POINT ( 'NONE',  ( 16.99079295892127561, 57.57704735883935143, 1014.453282926499355 ) ) ;
#2400 = ORIENTED_EDGE ( 'NONE', *, *, #1634, .T. ) ;
#2401 = DIRECTION ( 'NONE',  ( -0.7071067811865492381, 3.446112426414931546E-15, -0.7071067811865459074 ) ) ;
#2402 = ADVANCED_FACE ( 'NONE', ( #2154 ), #2181, .T. ) ;
#2403 = VECTOR ( 'NONE', #1145, 1000.000000000000000 ) ;
#2404 = ORIENTED_EDGE ( 'NONE', *, *, #2335, .T. ) ;
#2405 = DIRECTION ( 'NONE',  ( 0.3892816206350492303, 0.8348171294790311947, -0.3892816206349073993 ) ) ;
#2406 = DIRECTION ( 'NONE',  ( -6.118339830512249160E-31, -1.224646799147602684E-16, -1.000000000000000000 ) ) ;
#2407 = VECTOR ( 'NONE', #515, 1000.000000000000000 ) ;
#2408 = AXIS2_PLACEMENT_3D ( 'NONE', #1803, #1046, #1412 ) ;
#2409 = DIRECTION ( 'NONE',  ( 1.000000000000000000, 0.000000000000000000, -0.000000000000000000 ) ) ;
#2410 = DIRECTION ( 'NONE',  ( -0.7071067811864213404, 3.532708032037859376E-15, 0.7071067811866738051 ) ) ;
#2411 = DIRECTION ( 'NONE',  ( -0.4226182617407029385, -0.9063077870366482713, 1.109906930436978661E-16 ) ) ;
#2412 = LINE ( 'NONE', #1035, #1684 ) ;
#2413 = ORIENTED_EDGE ( 'NONE', *, *, #600, .F. ) ;
#2414 = FACE_OUTER_BOUND ( 'NONE', #207, .T. ) ;
#2415 = VERTEX_POINT ( 'NONE', #224 ) ;
#2416 = DIRECTION ( 'NONE',  ( 0.000000000000000000, 0.000000000000000000, -1.000000000000000000 ) ) ;
#2417 = CARTESIAN_POINT ( 'NONE',  ( 17.64506741895960218, 63.46742762128918258, 1011.353282926499332 ) ) ;
#2418 = ADVANCED_FACE ( 'NONE', ( #1072 ), #1678, .F. ) ;
#2419 = DIRECTION ( 'NONE',  ( 0.000000000000000000, 0.000000000000000000, 1.000000000000000000 ) ) ;
#2420 = CARTESIAN_POINT ( 'NONE',  ( 3.078229491581798270E-13, 52.52969166723901395, 1012.753282926499310 ) ) ;
#2421 = CARTESIAN_POINT ( 'NONE',  ( 4.819600323429970246, 57.82257137125006352, 1013.978282926499332 ) ) ;
#2422 = CARTESIAN_POINT ( 'NONE',  ( 15.49079295892136798, 56.29034320653376966, 1014.753282926499310 ) ) ;
#2423 = VERTEX_POINT ( 'NONE', #499 ) ;
#2424 = DIRECTION ( 'NONE',  ( -0.5773502691896525985, 0.5773502691896023054, -0.5773502691896225114 ) ) ;
#2425 = EDGE_CURVE ( 'NONE', #2353, #2361, #1656, .T. ) ;
#2426 = EDGE_CURVE ( 'NONE', #1340, #875, #2448, .T. ) ;
#2427 = ORIENTED_EDGE ( 'NONE', *, *, #60, .T. ) ;
#2428 = DIRECTION ( 'NONE',  ( 0.000000000000000000, -0.4999999999999963363, 0.8660254037844408170 ) ) ;
#2429 = CARTESIAN_POINT ( 'NONE',  ( 10.94506741895967394, 58.87623561252109283, 1012.153282926499401 ) ) ;
#2430 = LINE ( 'NONE', #1453, #504 ) ;
#2431 = VECTOR ( 'NONE', #1838, 1000.000000000000114 ) ;
#2432 = ADVANCED_FACE ( 'NONE', ( #513 ), #1313, .F. ) ;
#2433 = CARTESIAN_POINT ( 'NONE',  ( 17.19079295892128556, 56.29034320653368439, 1015.503282926499423 ) ) ;
#2434 = VECTOR ( 'NONE', #2424, 1000.000000000000000 ) ;
#2435 = CARTESIAN_POINT ( 'NONE',  ( 10.94506741895967394, 62.03722833633449341, 1013.978282926499560 ) ) ;
#2436 = CARTESIAN_POINT ( 'NONE',  ( 31.80000000000000071, 59.04944069327824252, 1015.503282926499423 ) ) ;
#2437 = ORIENTED_EDGE ( 'NONE', *, *, #12, .F. ) ;
#2438 = DIRECTION ( 'NONE',  ( -3.012611408692626345E-15, -0.7071067811865420216, -0.7071067811865530128 ) ) ;
#2439 = EDGE_CURVE ( 'NONE', #2415, #592, #1110, .T. ) ;
#2440 = ORIENTED_EDGE ( 'NONE', *, *, #2439, .F. ) ;
#2441 = CARTESIAN_POINT ( 'NONE',  ( 3.078229491581798270E-13, 55.21742762128906179, 1012.753282926499310 ) ) ;
#2442 = CARTESIAN_POINT ( 'NONE',  ( 24.99079295892128982, 65.39034320653374266, 1015.803282926499378 ) ) ;
#2443 = VECTOR ( 'NONE', #110, 1000.000000000000114 ) ;
#2444 = CARTESIAN_POINT ( 'NONE',  ( 10.64506741895965369, 59.96742762128913284, 1012.453282926499355 ) ) ;
#2445 = DIRECTION ( 'NONE',  ( -9.441882454494335091E-31, -1.224646799147602931E-16, -1.000000000000000000 ) ) ;
#2446 = VECTOR ( 'NONE', #1138, 1000.000000000000114 ) ;
#2447 = EDGE_CURVE ( 'NONE', #1257, #1875, #1858, .T. ) ;
#2448 = LINE ( 'NONE', #1665, #1470 ) ;
#2449 = LINE ( 'NONE', #526, #586 ) ;
#2450 = VECTOR ( 'NONE', #2264, 1000.000000000000000 ) ;
#2451 = ORIENTED_EDGE ( 'NONE', *, *, #155, .T. ) ;
#2452 = DIRECTION ( 'NONE',  ( -0.7071067811866639241, 0.6123724356956953274, 0.3535533905932130017 ) ) ;
#2453 = ORIENTED_EDGE ( 'NONE', *, *, #1451, .T. ) ;
#2454 = ORIENTED_EDGE ( 'NONE', *, *, #1302, .F. ) ;
#2455 = LINE ( 'NONE', #1296, #832 ) ;
#2456 = LINE ( 'NONE', #1286, #1115 ) ;
#2457 = EDGE_CURVE ( 'NONE', #1020, #2373, #692, .T. ) ;
#2458 = PLANE ( 'NONE',  #714 ) ;
#2459 = CARTESIAN_POINT ( 'NONE',  ( 17.19079295892128556, 56.29034320653368439, 1015.503282926499423 ) ) ;
#2460 = CARTESIAN_POINT ( 'NONE',  ( 27.19079295892127135, 57.82257137125003510, 1013.978282926499332 ) ) ;
#2461 = ORIENTED_EDGE ( 'NONE', *, *, #200, .F. ) ;
#2462 = DIRECTION ( 'NONE',  ( 0.000000000000000000, 0.4999999999999963363, -0.8660254037844408170 ) ) ;
#2463 = EDGE_LOOP ( 'NONE', ( #1953, #388, #1199, #1406 ) ) ;
#2464 = ORIENTED_EDGE ( 'NONE', *, *, #2474, .F. ) ;
#2465 = EDGE_CURVE ( 'NONE', #72, #2261, #525, .T. ) ;
#2466 = CARTESIAN_POINT ( 'NONE',  ( 4.819600323429970246, 57.82257137125006352, 1013.978282926499332 ) ) ;
#2467 = DIRECTION ( 'NONE',  ( 1.000000000000000000, 0.000000000000000000, -0.000000000000000000 ) ) ;
#2468 = CARTESIAN_POINT ( 'NONE',  ( 15.19079295892134418, 66.29034320653370571, 0.000000000000000000 ) ) ;
#2469 = EDGE_CURVE ( 'NONE', #454, #1512, #2053, .T. ) ;
#2470 = VECTOR ( 'NONE', #711, 1000.000000000000000 ) ;
#2471 = LINE ( 'NONE', #1111, #2160 ) ;
#2472 = EDGE_LOOP ( 'NONE', ( #957, #1956, #1850, #653, #2369, #2371, #762 ) ) ;
#2473 = AXIS2_PLACEMENT_3D ( 'NONE', #575, #366, #743 ) ;
#2474 = EDGE_CURVE ( 'NONE', #1991, #731, #487, .T. ) ;
#2475 = DIRECTION ( 'NONE',  ( -4.996003610813198910E-15, -1.000000000000000000, 1.224646799147602931E-16 ) ) ;
#2476 = ORIENTED_EDGE ( 'NONE', *, *, #1310, .T. ) ;
#2477 = ORIENTED_EDGE ( 'NONE', *, *, #218, .T. ) ;
#2478 = CARTESIAN_POINT ( 'NONE',  ( 13.00366912705530886, 49.02663270847428123, 1014.753282926499310 ) ) ;
#2479 = DIRECTION ( 'NONE',  ( 4.996003610813198910E-15, 1.000000000000000000, 0.000000000000000000 ) ) ;
#2480 = AXIS2_PLACEMENT_3D ( 'NONE', #2337, #800, #1399 ) ;
#2481 = CARTESIAN_POINT ( 'NONE',  ( 24.71942376091710969, 63.21897400852940763, 1017.974652124503677 ) ) ;
#2482 = CARTESIAN_POINT ( 'NONE',  ( 31.50000000000004974, 58.87623561252111415, 1015.803282926499378 ) ) ;
#2483 = EDGE_CURVE ( 'NONE', #731, #1206, #537, .T. ) ;
#2484 = ORIENTED_EDGE ( 'NONE', *, *, #2106, .T. ) ;
#2485 = AXIS2_PLACEMENT_3D ( 'NONE', #1638, #1269, #723 ) ;
#2486 = DIRECTION ( 'NONE',  ( -1.000000000000000000, 4.996003610813198910E-15, 0.000000000000000000 ) ) ;
#2487 = AXIS2_PLACEMENT_3D ( 'NONE', #1614, #2378, #1972 ) ;
#2488 = AXIS2_PLACEMENT_3D ( 'NONE', #373, #2506, #1542 ) ;
#2489 = ORIENTED_EDGE ( 'NONE', *, *, #2088, .F. ) ;
#2490 = ORIENTED_EDGE ( 'NONE', *, *, #902, .T. ) ;
#2491 = CARTESIAN_POINT ( 'NONE',  ( 3.765712139356384679E-13, 66.29034320653379098, 0.000000000000000000 ) ) ;
#2492 = CARTESIAN_POINT ( 'NONE',  ( 10.64506741895965369, 61.69081817482054220, 1013.978282926499560 ) ) ;
#2493 = EDGE_CURVE ( 'NONE', #1991, #2423, #1299, .T. ) ;
#2494 = CARTESIAN_POINT ( 'NONE',  ( 31.50000000000004974, 60.98356409506357778, 1015.803282926499378 ) ) ;
#2495 = LINE ( 'NONE', #1149, #2081 ) ;
#2496 = ORIENTED_EDGE ( 'NONE', *, *, #1208, .F. ) ;
#2497 = CARTESIAN_POINT ( 'NONE',  ( 22.47012908801203324, 58.75495845581631471, 1009.065752091972968 ) ) ;
#2498 = ORIENTED_EDGE ( 'NONE', *, *, #661, .F. ) ;
#2499 = ORIENTED_EDGE ( 'NONE', *, *, #393, .T. ) ;
#2500 = ORIENTED_EDGE ( 'NONE', *, *, #713, .T. ) ;
#2501 = EDGE_CURVE ( 'NONE', #855, #2361, #1060, .T. ) ;
#2502 = ADVANCED_FACE ( 'NONE', ( #1879 ), #890, .T. ) ;
#2503 = DIRECTION ( 'NONE',  ( 0.6546536707079951833, 0.3779644730092242555, 0.6546536707079607664 ) ) ;
#2504 = LINE ( 'NONE', #2519, #1581 ) ;
#2505 = EDGE_CURVE ( 'NONE', #1544, #855, #683, .T. ) ;
#2506 = DIRECTION ( 'NONE',  ( -1.000000000000000000, 4.996003610813198910E-15, 0.000000000000000000 ) ) ;
#2507 = CARTESIAN_POINT ( 'NONE',  ( 17.39506741895964481, 63.71742762128913995, 1011.753282926499423 ) ) ;
#2508 = ORIENTED_EDGE ( 'NONE', *, *, #849, .T. ) ;
#2509 = AXIS2_PLACEMENT_3D ( 'NONE', #1607, #2401, #1967 ) ;
#2510 = LINE ( 'NONE', #2292, #1540 ) ;
#2511 = ORIENTED_EDGE ( 'NONE', *, *, #1306, .F. ) ;
#2512 = PLANE ( 'NONE',  #136 ) ;
#2513 = STYLED_ITEM ( 'NONE', ( #1217 ), #2038 ) ;
#2514 = VERTEX_POINT ( 'NONE', #2245 ) ;
#2515 = VECTOR ( 'NONE', #1988, 1000.000000000000000 ) ;
#2516 = ADVANCED_FACE ( 'NONE', ( #1832 ), #1288, .T. ) ;
#2517 = ORIENTED_EDGE ( 'NONE', *, *, #1322, .F. ) ;
#2518 = DIRECTION ( 'NONE',  ( -0.5773502691897570704, 0.5773502691895653349, -0.5773502691895548988 ) ) ;
#2519 = CARTESIAN_POINT ( 'NONE',  ( 2.340623420850888437E-13, 55.99034320653377250, 1014.753282926499310 ) ) ;
#2520 = LINE ( 'NONE', #168, #90 ) ;
#2521 = LINE ( 'NONE', #1763, #2282 ) ;
ENDSEC;
END-ISO-10303-21;
