ISO-10303-21;
HEADER;
FILE_DESCRIPTION (( 'STEP AP214' ),
    '1' );
FILE_NAME ('[a]_cable_cover rev2.STEP',
    '2026-08-08T14:10:45',
    ( '' ),
    ( '' ),
    'SwSTEP 2.0',
    'SolidWorks 2026',
    '' );
FILE_SCHEMA (( 'AUTOMOTIVE_DESIGN' ));
ENDSEC;

DATA;
#1 = AXIS2_PLACEMENT_3D ( 'NONE', #3956, #5845, #1609 ) ;
#2 = CARTESIAN_POINT ( 'NONE',  ( 269.3734359413190305, 358.6298387846179594, 71.00000046773470785 ) ) ;
#3 = CARTESIAN_POINT ( 'NONE',  ( 235.6987859940570047, 347.5051680436919810, 68.00000046773470785 ) ) ;
#4 = DIRECTION ( 'NONE',  ( -1.000000000000000000, 0.000000000000000000, -4.625929269271481378E-15 ) ) ;
#5 = ORIENTED_EDGE ( 'NONE', *, *, #2223, .T. ) ;
#6 = FACE_OUTER_BOUND ( 'NONE', #4847, .T. ) ;
#7 = VECTOR ( 'NONE', #2619, 1000.000000000000000 ) ;
#8 = EDGE_LOOP ( 'NONE', ( #1603, #5776, #4080, #3936 ) ) ;
#9 = FACE_OUTER_BOUND ( 'NONE', #235, .T. ) ;
#10 = CARTESIAN_POINT ( 'NONE',  ( 281.8716764056430293, 366.4298387846179708, 69.40000046773469933 ) ) ;
#11 = CARTESIAN_POINT ( 'NONE',  ( 300.3336016406530007, 341.6247677991000273, 69.14827263550434111 ) ) ;
#12 = EDGE_CURVE ( 'NONE', #999, #5494, #4500, .T. ) ;
#13 = CARTESIAN_POINT ( 'NONE',  ( 238.9006830486140132, 344.8308239977350240, 67.80000046773470501 ) ) ;
#14 = VERTEX_POINT ( 'NONE', #3541 ) ;
#15 = VECTOR ( 'NONE', #5477, 1000.000000000000000 ) ;
#16 = VERTEX_POINT ( 'NONE', #4942 ) ;
#17 = CARTESIAN_POINT ( 'NONE',  ( 243.5225372770658225, 351.2893961303446417, 69.97233092230658258 ) ) ;
#18 = CARTESIAN_POINT ( 'NONE',  ( 292.0233227656070198, 349.1600307904702731, 68.00000046773472206 ) ) ;
#19 = VERTEX_POINT ( 'NONE', #5866 ) ;
#20 = CARTESIAN_POINT ( 'NONE',  ( 297.5348545788920092, 341.7302123571909647, 70.20450773062620442 ) ) ;
#21 = CARTESIAN_POINT ( 'NONE',  ( 264.9734359413189964, 355.6298387846179594, 65.00000046773459417 ) ) ;
#22 = EDGE_LOOP ( 'NONE', ( #5659, #1208, #1657 ) ) ;
#23 = DIRECTION ( 'NONE',  ( 0.7071067811865489050, -0.7071067811865460184, 2.806546270563589545E-15 ) ) ;
#24 = CARTESIAN_POINT ( 'NONE',  ( 292.5677357070979951, 349.0302555817150392, 71.96118018803669258 ) ) ;
#25 = ORIENTED_EDGE ( 'NONE', *, *, #3843, .T. ) ;
#26 = AXIS2_PLACEMENT_3D ( 'NONE', #2487, #4344, #141 ) ;
#27 = AXIS2_PLACEMENT_3D ( 'NONE', #306, #818, #3182 ) ;
#28 = ORIENTED_EDGE ( 'NONE', *, *, #1989, .F. ) ;
#29 = ADVANCED_FACE ( 'NONE', ( #5040 ), #4529, .F. ) ;
#30 = VERTEX_POINT ( 'NONE', #776 ) ;
#31 = PLANE ( 'NONE',  #5823 ) ;
#32 = VERTEX_POINT ( 'NONE', #805 ) ;
#33 = FACE_OUTER_BOUND ( 'NONE', #3455, .T. ) ;
#34 = ORIENTED_EDGE ( 'NONE', *, *, #895, .F. ) ;
#35 = ADVANCED_FACE ( 'NONE', ( #4037 ), #233, .F. ) ;
#36 = EDGE_CURVE ( 'NONE', #4719, #5029, #512, .T. ) ;
#37 = DIRECTION ( 'NONE',  ( 1.000000000000000000, 5.325766498111130543E-15, 4.135580799816641012E-15 ) ) ;
#38 = CARTESIAN_POINT ( 'NONE',  ( 238.0933184961089921, 347.7201426854809938, 68.00000046773439522 ) ) ;
#39 = FACE_OUTER_BOUND ( 'NONE', #5690, .T. ) ;
#40 = DIRECTION ( 'NONE',  ( -5.921189464667460002E-15, -5.081578997491380000E-29, 1.000000000000000000 ) ) ;
#41 = DIRECTION ( 'NONE',  ( -5.075305255429250078E-15, -4.442864618204790078E-29, 1.000000000000000000 ) ) ;
#42 = ORIENTED_EDGE ( 'NONE', *, *, #3385, .F. ) ;
#43 = VERTEX_POINT ( 'NONE', #5895 ) ;
#44 = CARTESIAN_POINT ( 'NONE',  ( 263.4385522203879759, 356.4488832589319713, 71.00000046773470785 ) ) ;
#45 = CARTESIAN_POINT ( 'NONE',  ( 259.0068022001669874, 325.3012932369450141, 59.00000046773460838 ) ) ;
#46 = EDGE_CURVE ( 'NONE', #4936, #6070, #5427, .T. ) ;
#47 = CIRCLE ( 'NONE', #3989, 1.999999999999992895 ) ;
#48 = ORIENTED_EDGE ( 'NONE', *, *, #2742, .F. ) ;
#49 = CARTESIAN_POINT ( 'NONE',  ( 258.3903682308929888, 355.5636638197939874, 71.00000046773470785 ) ) ;
#50 = DIRECTION ( 'NONE',  ( -3.865418436758450516E-29, 5.048709793107170241E-29, -1.000000000000000000 ) ) ;
#51 = ORIENTED_EDGE ( 'NONE', *, *, #3534, .T. ) ;
#52 = DIRECTION ( 'NONE',  ( -0.5254480155638028283, 0.8508257065580834277, -2.478176394252575816E-15 ) ) ;
#53 = AXIS2_PLACEMENT_3D ( 'NONE', #3123, #5567, #5534 ) ;
#54 = CARTESIAN_POINT ( 'NONE',  ( 292.4143736581269764, 349.8334689373919559, 70.70999240432290378 ) ) ;
#55 = VERTEX_POINT ( 'NONE', #5987 ) ;
#56 = ORIENTED_EDGE ( 'NONE', *, *, #3695, .F. ) ;
#57 = CIRCLE ( 'NONE', #3122, 3.788780975845895682 ) ;
#58 = ORIENTED_EDGE ( 'NONE', *, *, #5778, .F. ) ;
#59 = CARTESIAN_POINT ( 'NONE',  ( 240.4168555041090087, 350.7305642775960450, 69.97835951983789471 ) ) ;
#60 = AXIS2_PLACEMENT_3D ( 'NONE', #2743, #1402, #972 ) ;
#61 = VERTEX_POINT ( 'NONE', #1749 ) ;
#62 = ORIENTED_EDGE ( 'NONE', *, *, #2610, .T. ) ;
#63 = DIRECTION ( 'NONE',  ( 1.947500853827400110E-15, 2.468076526918295445E-15, -1.000000000000000000 ) ) ;
#64 = DIRECTION ( 'NONE',  ( 7.394218386977240190E-16, 1.785122231299059947E-15, -1.000000000000000000 ) ) ;
#65 = DIRECTION ( 'NONE',  ( 5.075305255429250078E-15, 4.462243504280484979E-29, -1.000000000000000000 ) ) ;
#66 = ADVANCED_FACE ( 'NONE', ( #3636 ), #5522, .T. ) ;
#67 = FACE_BOUND ( 'NONE', #4853, .T. ) ;
#68 = AXIS2_PLACEMENT_3D ( 'NONE', #2766, #3197, #4097 ) ;
#69 = ADVANCED_FACE ( 'NONE', ( #3294 ), #5585, .F. ) ;
#70 = DIRECTION ( 'NONE',  ( 5.075305255429250078E-15, 4.997997306342960417E-29, -1.000000000000000000 ) ) ;
#71 = EDGE_CURVE ( 'NONE', #4915, #1817, #5616, .T. ) ;
#72 = PLANE ( 'NONE',  #798 ) ;
#73 = VERTEX_POINT ( 'NONE', #5100 ) ;
#74 = DIRECTION ( 'NONE',  ( 5.324788136289880501E-15, 4.981366715950999752E-16, -1.000000000000000000 ) ) ;
#75 = EDGE_CURVE ( 'NONE', #2677, #30, #1782, .T. ) ;
#76 = VECTOR ( 'NONE', #3118, 1000.000000000000000 ) ;
#77 = EDGE_LOOP ( 'NONE', ( #267, #6015, #5402, #875 ) ) ;
#78 = DIRECTION ( 'NONE',  ( 0.000000000000000000, -1.000000000000000000, 0.000000000000000000 ) ) ;
#79 = CARTESIAN_POINT ( 'NONE',  ( 292.0378541340381275, 349.0735988324041728, 68.75735978061544529 ) ) ;
#80 = EDGE_CURVE ( 'NONE', #3524, #5336, #4696, .T. ) ;
#81 = CARTESIAN_POINT ( 'NONE',  ( 251.3381690811461908, 331.7368095851693965, 68.75724743019775076 ) ) ;
#82 = EDGE_LOOP ( 'NONE', ( #1950, #2492, #5532, #1916 ) ) ;
#83 = ORIENTED_EDGE ( 'NONE', *, *, #3193, .T. ) ;
#84 = CARTESIAN_POINT ( 'NONE',  ( 293.0120922499683616, 343.5881317488784248, 59.00000046773476470 ) ) ;
#85 = VERTEX_POINT ( 'NONE', #454 ) ;
#86 = VERTEX_POINT ( 'NONE', #3543 ) ;
#87 = CARTESIAN_POINT ( 'NONE',  ( 297.1224166790609615, 344.0890237321630138, 68.00000046773470785 ) ) ;
#88 = CIRCLE ( 'NONE', #5913, 17.39999999999998792 ) ;
#89 = CYLINDRICAL_SURFACE ( 'NONE', #5475, 2.999999999999984901 ) ;
#90 = PLANE ( 'NONE',  #5582 ) ;
#91 = AXIS2_PLACEMENT_3D ( 'NONE', #5641, #478, #2362 ) ;
#92 = DIRECTION ( 'NONE',  ( 0.3826834323650897818, 0.9238795325112867385, 2.275047181608919164E-15 ) ) ;
#93 = CARTESIAN_POINT ( 'NONE',  ( 289.4798339689160116, 356.1554907330070137, 69.40000046773479880 ) ) ;
#94 = DIRECTION ( 'NONE',  ( -0.7071067811865441310, -0.7071067811865510144, -3.588782762705759977E-15 ) ) ;
#95 = ORIENTED_EDGE ( 'NONE', *, *, #1407, .F. ) ;
#96 = DIRECTION ( 'NONE',  ( 3.865418436758450516E-29, -5.048709793107170241E-29, 1.000000000000000000 ) ) ;
#97 = EDGE_CURVE ( 'NONE', #1945, #2419, #5337, .T. ) ;
#98 = EDGE_CURVE ( 'NONE', #3363, #2241, #1882, .T. ) ;
#99 = CIRCLE ( 'NONE', #4347, 2.896073575096337560 ) ;
#100 =( BOUNDED_CURVE ( )  B_SPLINE_CURVE ( 3, ( #1937, #3789, #2481, #2397 ),
 .UNSPECIFIED., .F., .F. ) 
 B_SPLINE_CURVE_WITH_KNOTS ( ( 4, 4 ),
 ( 5.869896835597719686, 6.043269324427000377 ),
 .UNSPECIFIED. ) 
 CURVE ( )  GEOMETRIC_REPRESENTATION_ITEM ( )  RATIONAL_B_SPLINE_CURVE ( ( 1.000000000000000000, 0.9974967331665007819, 0.9974967331665007819, 1.000000000000000000 ) ) 
 REPRESENTATION_ITEM ( '' )  );
#101 = ORIENTED_EDGE ( 'NONE', *, *, #2594, .T. ) ;
#102 = PLANE ( 'NONE',  #1430 ) ;
#103 = EDGE_CURVE ( 'NONE', #519, #476, #2178, .T. ) ;
#104 = AXIS2_PLACEMENT_3D ( 'NONE', #5124, #4728, #3666 ) ;
#105 = LINE ( 'NONE', #3880, #3719 ) ;
#106 = CARTESIAN_POINT ( 'NONE',  ( 239.9115796498549571, 341.2503365270654285, 67.00000046773500628 ) ) ;
#107 = CARTESIAN_POINT ( 'NONE',  ( 262.7645540782655189, 353.3647111979903457, 59.25427829230072518 ) ) ;
#108 = CARTESIAN_POINT ( 'NONE',  ( 292.3821322817350392, 348.6370615365210028, 71.36814774858729038 ) ) ;
#109 = ORIENTED_EDGE ( 'NONE', *, *, #2900, .F. ) ;
#110 = DIRECTION ( 'NONE',  ( -4.781299772258060553E-15, 1.000000000000000000, 2.650227810672670186E-29 ) ) ;
#111 = VERTEX_POINT ( 'NONE', #1304 ) ;
#112 = DIRECTION ( 'NONE',  ( 4.135580799816630757E-15, 1.665250005579849882E-16, -1.000000000000000000 ) ) ;
#113 = EDGE_CURVE ( 'NONE', #2419, #3887, #2616, .T. ) ;
#114 = ADVANCED_FACE ( 'NONE', ( #4977 ), #1332, .F. ) ;
#115 = AXIS2_PLACEMENT_3D ( 'NONE', #1422, #5643, #2264 ) ;
#116 = AXIS2_PLACEMENT_3D ( 'NONE', #5235, #2878, #3398 ) ;
#117 = CIRCLE ( 'NONE', #930, 19.12132034355968813 ) ;
#118 = ORIENTED_EDGE ( 'NONE', *, *, #3787, .F. ) ;
#119 = ORIENTED_EDGE ( 'NONE', *, *, #1381, .T. ) ;
#120 = FACE_OUTER_BOUND ( 'NONE', #1805, .T. ) ;
#121 = CARTESIAN_POINT ( 'NONE',  ( 264.9734359413189964, 350.0298387846179367, 59.00000046773460838 ) ) ;
#122 = DIRECTION ( 'NONE',  ( 0.6410464294893086779, 0.7675021011300287022, -1.669672392170619200E-16 ) ) ;
#123 = CARTESIAN_POINT ( 'NONE',  ( 294.1724793217489946, 343.5432494308849982, 67.60000046773470217 ) ) ;
#124 = VECTOR ( 'NONE', #1860, 1000.000000000000000 ) ;
#125 = CARTESIAN_POINT ( 'NONE',  ( 241.0335376160439864, 350.2154883378640307, 70.76728148834381216 ) ) ;
#126 = CARTESIAN_POINT ( 'NONE',  ( 286.2716764056430065, 355.6298387846179594, 68.40000046773479880 ) ) ;
#127 = CARTESIAN_POINT ( 'NONE',  ( 289.2520438570800252, 349.0382564443789875, 71.64892459330579300 ) ) ;
#128 = CARTESIAN_POINT ( 'NONE',  ( 240.8938739830376221, 350.3321406221350571, 70.35935734005973075 ) ) ;
#129 = ORIENTED_EDGE ( 'NONE', *, *, #6040, .F. ) ;
#130 = DIRECTION ( 'NONE',  ( -5.251782877184730349E-15, -4.260546678974805227E-16, 1.000000000000000000 ) ) ;
#131 = VECTOR ( 'NONE', #3131, 1000.000000000000227 ) ;
#132 = CIRCLE ( 'NONE', #4470, 6.599999999999983658 ) ;
#133 = ORIENTED_EDGE ( 'NONE', *, *, #1884, .T. ) ;
#134 = CARTESIAN_POINT ( 'NONE',  ( 297.4734088217039698, 341.6316468147389855, 69.47729159247249697 ) ) ;
#135 = DIRECTION ( 'NONE',  ( -0.5499953507477821635, 0.4593766653061512328, 0.6974798875437373535 ) ) ;
#136 = ADVANCED_FACE ( 'NONE', ( #3171 ), #743, .T. ) ;
#137 = CARTESIAN_POINT ( 'NONE',  ( 250.7570845463520470, 342.0940186604939868, 71.00000046773459417 ) ) ;
#138 = CARTESIAN_POINT ( 'NONE',  ( 283.8716764056430293, 366.4298387846179708, 71.00000046773470785 ) ) ;
#139 = ADVANCED_FACE ( 'NONE', ( #3153 ), #5444, .F. ) ;
#140 = ADVANCED_FACE ( 'NONE', ( #790 ), #3185, .F. ) ;
#141 = DIRECTION ( 'NONE',  ( 0.8260678134614107826, -0.4137213532757925694, 0.3826834323650954994 ) ) ;
#142 = ORIENTED_EDGE ( 'NONE', *, *, #2305, .F. ) ;
#143 = LINE ( 'NONE', #2433, #1298 ) ;
#144 = ORIENTED_EDGE ( 'NONE', *, *, #2352, .F. ) ;
#145 = CARTESIAN_POINT ( 'NONE',  ( 293.6267050204709790, 340.5933120735729744, 67.80000046773470501 ) ) ;
#146 = CARTESIAN_POINT ( 'NONE',  ( 300.3336016406529438, 341.6247677991000273, 66.00000046773479312 ) ) ;
#147 = ORIENTED_EDGE ( 'NONE', *, *, #4221, .T. ) ;
#148 = AXIS2_PLACEMENT_3D ( 'NONE', #438, #949, #3243 ) ;
#149 = ORIENTED_EDGE ( 'NONE', *, *, #4139, .T. ) ;
#150 = CARTESIAN_POINT ( 'NONE',  ( 251.0867430111570116, 331.9164225727259918, 70.07561663805289243 ) ) ;
#151 = ORIENTED_EDGE ( 'NONE', *, *, #1478, .T. ) ;
#152 = CARTESIAN_POINT ( 'NONE',  ( 291.7106968873670212, 350.3705599799209836, 69.58770676521260157 ) ) ;
#153 = CARTESIAN_POINT ( 'NONE',  ( 281.8716764056430293, 366.4298387846179708, 71.00000046773470785 ) ) ;
#154 = CARTESIAN_POINT ( 'NONE',  ( 241.7494220232260034, 350.0636195199820122, 70.16224411831061047 ) ) ;
#155 = CIRCLE ( 'NONE', #4814, 2.000000000000031974 ) ;
#156 = DIRECTION ( 'NONE',  ( 5.921189464667460002E-15, 5.081578997491380000E-29, -1.000000000000000000 ) ) ;
#157 = CARTESIAN_POINT ( 'NONE',  ( 262.0309270541616229, 354.7944627413432386, 68.40000046773457143 ) ) ;
#158 = LINE ( 'NONE', #1587, #3310 ) ;
#159 = EDGE_CURVE ( 'NONE', #2055, #4587, #1079, .T. ) ;
#160 = VERTEX_POINT ( 'NONE', #4022 ) ;
#161 = CIRCLE ( 'NONE', #2034, 2.999999999999981792 ) ;
#162 = CARTESIAN_POINT ( 'NONE',  ( 235.6573420640499705, 344.8036347011865814, 67.00000046773500628 ) ) ;
#163 = CARTESIAN_POINT ( 'NONE',  ( 242.2525821274812188, 350.4938842877544403, 68.75735978061517528 ) ) ;
#164 = VECTOR ( 'NONE', #5602, 1000.000000000000000 ) ;
#165 = VERTEX_POINT ( 'NONE', #1735 ) ;
#166 = CARTESIAN_POINT ( 'NONE',  ( 240.7557229417649296, 350.4769366296570183, 68.75735978061518949 ) ) ;
#167 = FACE_OUTER_BOUND ( 'NONE', #4154, .T. ) ;
#168 = AXIS2_PLACEMENT_3D ( 'NONE', #2557, #3868, #3434 ) ;
#169 = CARTESIAN_POINT ( 'NONE',  ( 300.1987750339109766, 342.9217841815850534, 70.82172962376029091 ) ) ;
#170 = DIRECTION ( 'NONE',  ( 0.7675021011300291462, -0.6410464294893080117, 3.067316696223870478E-15 ) ) ;
#171 = TOROIDAL_SURFACE ( 'NONE', #3332, 17.00000000000000000, 3.000000000000000000 ) ;
#172 = VERTEX_POINT ( 'NONE', #1254 ) ;
#173 = CARTESIAN_POINT ( 'NONE',  ( 264.4726037499009408, 349.0298387846179367, 65.00000046773459417 ) ) ;
#174 = ORIENTED_EDGE ( 'NONE', *, *, #5731, .F. ) ;
#175 = EDGE_CURVE ( 'NONE', #2620, #4883, #3125, .T. ) ;
#177 = EDGE_CURVE ( 'NONE', #5780, #5368, #729, .T. ) ;
#176 = CARTESIAN_POINT ( 'NONE',  ( 243.4812606540889988, 351.3353287846949797, 69.83075970084489370 ) ) ;
#178 = ORIENTED_EDGE ( 'NONE', *, *, #3608, .T. ) ;
#179 = ORIENTED_EDGE ( 'NONE', *, *, #748, .F. ) ;
#180 = DIRECTION ( 'NONE',  ( -5.067835103561290491E-15, 1.803454195256879681E-17, 1.000000000000000000 ) ) ;
#181 = FACE_OUTER_BOUND ( 'NONE', #6002, .T. ) ;
#182 = CARTESIAN_POINT ( 'NONE',  ( 238.9006830486140132, 344.8308239977350240, 67.60000046773470217 ) ) ;
#183 = DIRECTION ( 'NONE',  ( -1.000000000000000000, -4.781299772258060553E-15, -4.135580799816641012E-15 ) ) ;
#184 = DIRECTION ( 'NONE',  ( 0.7071067811865489050, -0.7071067811865460184, 3.588782762705719745E-15 ) ) ;
#185 = LINE ( 'NONE', #1985, #3670 ) ;
#186 = AXIS2_PLACEMENT_3D ( 'NONE', #5406, #3050, #1726 ) ;
#187 = CARTESIAN_POINT ( 'NONE',  ( 293.5111314905717563, 367.5074294348436865, 68.75735978061554476 ) ) ;
#188 = ORIENTED_EDGE ( 'NONE', *, *, #5576, .F. ) ;
#189 = CARTESIAN_POINT ( 'NONE',  ( 286.2716764056430065, 350.0298387846179367, 70.50000046773480733 ) ) ;
#190 = DIRECTION ( 'NONE',  ( -0.7071067811865490160, 0.7071067811865460184, -4.786294817272900591E-15 ) ) ;
#191 = EDGE_CURVE ( 'NONE', #1606, #73, #3011, .T. ) ;
#192 = CIRCLE ( 'NONE', #5241, 4.999999999999976907 ) ;
#193 = ORIENTED_EDGE ( 'NONE', *, *, #356, .T. ) ;
#194 = VECTOR ( 'NONE', #4660, 1000.000000000000000 ) ;
#195 = CARTESIAN_POINT ( 'NONE',  ( 291.1885809147930217, 350.7697885249590399, 68.75735978061540266 ) ) ;
#196 = ORIENTED_EDGE ( 'NONE', *, *, #1523, .F. ) ;
#197 = AXIS2_PLACEMENT_3D ( 'NONE', #4033, #4969, #2515 ) ;
#198 = DIRECTION ( 'NONE',  ( -0.5254480155638047156, 0.8508257065580820955, -2.846725704167067405E-15 ) ) ;
#199 = CARTESIAN_POINT ( 'NONE',  ( 300.3336016406530007, 341.6247677991000273, 68.75735978061540266 ) ) ;
#200 = ORIENTED_EDGE ( 'NONE', *, *, #2032, .T. ) ;
#201 = CARTESIAN_POINT ( 'NONE',  ( 251.7803392365030106, 363.6599089745429865, 68.90000046773458564 ) ) ;
#202 = CIRCLE ( 'NONE', #5279, 2.000000000000007105 ) ;
#203 = ORIENTED_EDGE ( 'NONE', *, *, #1684, .F. ) ;
#204 = CARTESIAN_POINT ( 'NONE',  ( 306.0582154192610460, 352.8707167689689754, 68.75735978061560161 ) ) ;
#205 = ORIENTED_EDGE ( 'NONE', *, *, #1655, .T. ) ;
#206 = ORIENTED_EDGE ( 'NONE', *, *, #766, .T. ) ;
#207 = EDGE_CURVE ( 'NONE', #1383, #386, #47, .T. ) ;
#208 = ORIENTED_EDGE ( 'NONE', *, *, #5446, .F. ) ;
#209 = CARTESIAN_POINT ( 'NONE',  ( 288.5852106345219568, 366.2146981668559533, 69.40000046773479880 ) ) ;
#210 = ORIENTED_EDGE ( 'NONE', *, *, #989, .F. ) ;
#211 = CARTESIAN_POINT ( 'NONE',  ( 235.0933184961089921, 347.7201426854809938, 71.00000046773448048 ) ) ;
#212 = AXIS2_PLACEMENT_3D ( 'NONE', #3522, #686, #4447 ) ;
#213 = DIRECTION ( 'NONE',  ( 0.7675021011300291462, -0.6410464294893080117, -1.158385151365230254E-16 ) ) ;
#214 = DIRECTION ( 'NONE',  ( -5.045325939066829835E-15, -4.854366611099339771E-17, 1.000000000000000000 ) ) ;
#215 = CARTESIAN_POINT ( 'NONE',  ( 253.9636434386248141, 366.0463529157796074, 65.00000046773453732 ) ) ;
#216 = ADVANCED_FACE ( 'NONE', ( #3557 ), #4208, .F. ) ;
#217 = EDGE_CURVE ( 'NONE', #741, #3914, #1620, .T. ) ;
#218 = DIRECTION ( 'NONE',  ( 4.135580799816630757E-15, 1.665250005579849882E-16, -1.000000000000000000 ) ) ;
#219 = ORIENTED_EDGE ( 'NONE', *, *, #4414, .F. ) ;
#220 = CIRCLE ( 'NONE', #4270, 1.999999999999989786 ) ;
#221 = LINE ( 'NONE', #5332, #413 ) ;
#222 = CIRCLE ( 'NONE', #4365, 2.000000000000001776 ) ;
#223 = AXIS2_PLACEMENT_3D ( 'NONE', #2729, #927, #2792 ) ;
#224 = ORIENTED_EDGE ( 'NONE', *, *, #5962, .F. ) ;
#225 = ADVANCED_FACE ( 'NONE', ( #3528 ), #3778, .F. ) ;
#226 = CARTESIAN_POINT ( 'NONE',  ( 297.2825229898210182, 341.3597594760909715, 68.75735978061540266 ) ) ;
#227 = CARTESIAN_POINT ( 'NONE',  ( 293.1748753436958168, 366.6956352846245295, 70.87868012417514763 ) ) ;
#228 = ORIENTED_EDGE ( 'NONE', *, *, #521, .T. ) ;
#229 = LINE ( 'NONE', #4496, #2870 ) ;
#230 = DIRECTION ( 'NONE',  ( -0.5254480155638028283, 0.8508257065580834277, -2.478176394252575816E-15 ) ) ;
#231 = CARTESIAN_POINT ( 'NONE',  ( 294.1724793217489946, 343.5432494308849982, 71.00000046773480733 ) ) ;
#232 = LINE ( 'NONE', #996, #3116 ) ;
#233 = PLANE ( 'NONE',  #5827 ) ;
#234 = ORIENTED_EDGE ( 'NONE', *, *, #759, .T. ) ;
#235 = EDGE_LOOP ( 'NONE', ( #4143, #5460, #1225, #2628, #5714 ) ) ;
#236 = FACE_OUTER_BOUND ( 'NONE', #2852, .T. ) ;
#237 = VERTEX_POINT ( 'NONE', #3717 ) ;
#238 = DIRECTION ( 'NONE',  ( -0.3715478549661803132, 0.6016246267150511251, 0.7071067811865514585 ) ) ;
#239 = CYLINDRICAL_SURFACE ( 'NONE', #186, 6.599999999999994316 ) ;
#240 = B_SPLINE_CURVE_WITH_KNOTS ( 'NONE', 3,
 ( #5424, #3071, #1629, #5925 ),
 .UNSPECIFIED., .F., .F.,
 ( 4, 4 ),
 ( 0.000000000000000000, 1.000000000000000000 ),
 .UNSPECIFIED. ) ;
#241 = PLANE ( 'NONE',  #1953 ) ;
#242 = EDGE_LOOP ( 'NONE', ( #3891, #4930, #3889, #1909 ) ) ;
#243 = FACE_OUTER_BOUND ( 'NONE', #2540, .T. ) ;
#244 = VERTEX_POINT ( 'NONE', #4303 ) ;
#245 = EDGE_CURVE ( 'NONE', #999, #2028, #5240, .T. ) ;
#246 = AXIS2_PLACEMENT_3D ( 'NONE', #778, #5026, #1764 ) ;
#247 = FACE_OUTER_BOUND ( 'NONE', #3220, .T. ) ;
#248 = CARTESIAN_POINT ( 'NONE',  ( 288.2716764056430065, 364.2394269734959948, 71.00000046773470785 ) ) ;
#249 = DIRECTION ( 'NONE',  ( 0.3826834323650860625, 0.9238795325112882928, 2.081668171172170485E-15 ) ) ;
#250 = EDGE_CURVE ( 'NONE', #1273, #4993, #202, .T. ) ;
#251 = ADVANCED_FACE ( 'NONE', ( #5605 ), #3341, .F. ) ;
#252 = CARTESIAN_POINT ( 'NONE',  ( 242.5037650331549912, 349.8715235988425434, 71.00023001750543017 ) ) ;
#253 = CARTESIAN_POINT ( 'NONE',  ( 298.1550225846179956, 342.6675939815199854, 71.22618644945839605 ) ) ;
#254 = AXIS2_PLACEMENT_3D ( 'NONE', #4629, #2346, #1823 ) ;
#255 = EDGE_CURVE ( 'NONE', #1519, #619, #5799, .T. ) ;
#256 = ORIENTED_EDGE ( 'NONE', *, *, #5292, .F. ) ;
#257 = DIRECTION ( 'NONE',  ( 0.2023250242856306780, -0.9793184285756185714, 0.000000000000000000 ) ) ;
#258 = AXIS2_PLACEMENT_3D ( 'NONE', #4791, #2453, #4760 ) ;
#259 = CARTESIAN_POINT ( 'NONE',  ( 299.6610014699689941, 343.2104208712179911, 70.98621266606990332 ) ) ;
#260 = PLANE ( 'NONE',  #622 ) ;
#261 = FACE_OUTER_BOUND ( 'NONE', #3640, .T. ) ;
#262 = CIRCLE ( 'NONE', #1854, 2.999999999999891642 ) ;
#263 = EDGE_LOOP ( 'NONE', ( #4420, #731, #6127, #4750 ) ) ;
#264 = PLANE ( 'NONE',  #4489 ) ;
#265 = DIRECTION ( 'NONE',  ( -1.000000000000000000, -4.781299772258060553E-15, -5.075305255429250078E-15 ) ) ;
#266 = EDGE_CURVE ( 'NONE', #4976, #5400, #5952, .T. ) ;
#267 = ORIENTED_EDGE ( 'NONE', *, *, #4384, .F. ) ;
#268 = VERTEX_POINT ( 'NONE', #6110 ) ;
#269 = ORIENTED_EDGE ( 'NONE', *, *, #759, .F. ) ;
#270 = CYLINDRICAL_SURFACE ( 'NONE', #4410, 1.999999999999990896 ) ;
#271 = ORIENTED_EDGE ( 'NONE', *, *, #5618, .F. ) ;
#272 = DIRECTION ( 'NONE',  ( 0.3826834323650836756, 0.9238795325112892920, 1.734723475976810447E-15 ) ) ;
#273 = CARTESIAN_POINT ( 'NONE',  ( 292.1429195149691509, 350.6812869879988739, 70.99995272419606351 ) ) ;
#274 = CARTESIAN_POINT ( 'NONE',  ( 283.8716764056430293, 364.4298387846179708, 71.00000046773470785 ) ) ;
#275 = ORIENTED_EDGE ( 'NONE', *, *, #5703, .T. ) ;
#276 = DIRECTION ( 'NONE',  ( -1.000000000000000000, 1.046804509799369939E-15, -2.661225418876200284E-15 ) ) ;
#277 = EDGE_LOOP ( 'NONE', ( #3948, #946, #2802, #3784 ) ) ;
#278 = CARTESIAN_POINT ( 'NONE',  ( 290.0625997929240043, 368.8014773821518020, 69.90541007771064130 ) ) ;
#279 = DIRECTION ( 'NONE',  ( -0.6532814824381851793, -0.6532814824381851793, 0.3826834323651001069 ) ) ;
#280 = CARTESIAN_POINT ( 'NONE',  ( 285.9834654951159791, 367.4298387846179708, 68.40000046773479880 ) ) ;
#281 = EDGE_CURVE ( 'NONE', #881, #6059, #5635, .T. ) ;
#282 = ADVANCED_FACE ( 'NONE', ( #4746 ), #4242, .F. ) ;
#283 = ORIENTED_EDGE ( 'NONE', *, *, #4517, .F. ) ;
#284 = CARTESIAN_POINT ( 'NONE',  ( 287.2415133257280218, 352.8783784829400361, 67.80000046773470501 ) ) ;
#285 = VECTOR ( 'NONE', #4893, 1000.000000000000114 ) ;
#286 = VECTOR ( 'NONE', #862, 1000.000000000000114 ) ;
#287 = CARTESIAN_POINT ( 'NONE',  ( 300.6779346412379823, 342.7168259579569849, 71.01568239701269647 ) ) ;
#288 = LINE ( 'NONE', #1356, #286 ) ;
#289 = ADVANCED_FACE ( 'NONE', ( #5177 ), #923, .F. ) ;
#290 = CARTESIAN_POINT ( 'NONE',  ( 243.4881442865300301, 351.3276686737948467, 69.85577527232021566 ) ) ;
#291 = FACE_OUTER_BOUND ( 'NONE', #3967, .T. ) ;
#292 = DIRECTION ( 'NONE',  ( -0.5254480155638129313, 0.8508257065580769885, -3.469446951953620894E-15 ) ) ;
#293 = ORIENTED_EDGE ( 'NONE', *, *, #1442, .F. ) ;
#294 = ORIENTED_EDGE ( 'NONE', *, *, #4405, .F. ) ;
#295 = VECTOR ( 'NONE', #355, 1000.000000000000114 ) ;
#296 = ORIENTED_EDGE ( 'NONE', *, *, #4526, .T. ) ;
#297 = DIRECTION ( 'NONE',  ( 0.000000000000000000, 0.000000000000000000, 1.000000000000000000 ) ) ;
#298 = ORIENTED_EDGE ( 'NONE', *, *, #2306, .T. ) ;
#299 = EDGE_CURVE ( 'NONE', #5170, #4842, #889, .T. ) ;
#300 = ADVANCED_FACE ( 'NONE', ( #1926 ), #951, .F. ) ;
#301 = CARTESIAN_POINT ( 'NONE',  ( 256.1455842469959521, 341.3358567405049939, 59.00000046773460838 ) ) ;
#302 = CARTESIAN_POINT ( 'NONE',  ( 292.3327133559873801, 349.5462493932294024, 71.00057227430319529 ) ) ;
#303 = CARTESIAN_POINT ( 'NONE',  ( 270.1641679957360225, 356.6298387846179594, 69.40000046773469933 ) ) ;
#304 = ORIENTED_EDGE ( 'NONE', *, *, #4457, .T. ) ;
#305 = ORIENTED_EDGE ( 'NONE', *, *, #1618, .T. ) ;
#306 = CARTESIAN_POINT ( 'NONE',  ( 294.1724793217489946, 343.5432494308849982, 68.00000046773479312 ) ) ;
#307 = CIRCLE ( 'NONE', #3884, 2.000000000000223821 ) ;
#308 = AXIS2_PLACEMENT_3D ( 'NONE', #4954, #130, #2075 ) ;
#309 = CARTESIAN_POINT ( 'NONE',  ( 297.6249265696910129, 341.9264493042250024, 70.84096091121440963 ) ) ;
#310 = VERTEX_POINT ( 'NONE', #1348 ) ;
#311 = CARTESIAN_POINT ( 'NONE',  ( 289.7214238739489929, 353.4795862529240367, 70.87868012417510499 ) ) ;
#312 = LINE ( 'NONE', #5978, #4900 ) ;
#313 = VECTOR ( 'NONE', #5996, 1000.000000000000000 ) ;
#314 = CARTESIAN_POINT ( 'NONE',  ( 286.2716764056430065, 354.2582001870841850, 69.90541007771059867 ) ) ;
#315 = DIRECTION ( 'NONE',  ( 0.7071067811865480168, -0.7071067811865470176, -6.303240519704420494E-29 ) ) ;
#316 = ORIENTED_EDGE ( 'NONE', *, *, #5575, .F. ) ;
#317 = PLANE ( 'NONE',  #5748 ) ;
#318 = EDGE_CURVE ( 'NONE', #4587, #2103, #439, .T. ) ;
#319 = DIRECTION ( 'NONE',  ( -1.000000000000000000, -5.325766498111130543E-15, -5.075305255429250078E-15 ) ) ;
#320 = DIRECTION ( 'NONE',  ( 0.3826834323650855074, 0.9238795325112886259, 1.595148023886721878E-15 ) ) ;
#321 = EDGE_CURVE ( 'NONE', #583, #6060, #2235, .T. ) ;
#322 = EDGE_CURVE ( 'NONE', #14, #570, #2928, .T. ) ;
#323 = EDGE_LOOP ( 'NONE', ( #2525, #1034, #2155 ) ) ;
#324 = ORIENTED_EDGE ( 'NONE', *, *, #2902, .F. ) ;
#325 = VERTEX_POINT ( 'NONE', #1410 ) ;
#326 = EDGE_CURVE ( 'NONE', #2241, #4770, #2817, .T. ) ;
#327 = CARTESIAN_POINT ( 'NONE',  ( 286.2716764056430065, 350.0298387846179367, 70.87868012417510499 ) ) ;
#328 = ORIENTED_EDGE ( 'NONE', *, *, #4904, .F. ) ;
#329 = CARTESIAN_POINT ( 'NONE',  ( 255.0670842713088007, 364.2596189320075837, 68.90000046773454301 ) ) ;
#330 = CARTESIAN_POINT ( 'NONE',  ( 262.6411472520910593, 353.2795202259439975, 59.00000046773410389 ) ) ;
#331 = ORIENTED_EDGE ( 'NONE', *, *, #2742, .T. ) ;
#332 = CARTESIAN_POINT ( 'NONE',  ( 298.6696828433459245, 342.8068469535231202, 71.00111028396591450 ) ) ;
#333 = ORIENTED_EDGE ( 'NONE', *, *, #6126, .F. ) ;
#334 = DIRECTION ( 'NONE',  ( -0.7675021011300318108, 0.6410464294893049031, 1.923567737863849253E-16 ) ) ;
#335 = DIRECTION ( 'NONE',  ( 0.7071067811865489050, -0.7071067811865460184, 3.588782762705719745E-15 ) ) ;
#336 = AXIS2_PLACEMENT_3D ( 'NONE', #3274, #5172, #948 ) ;
#337 = CARTESIAN_POINT ( 'NONE',  ( 241.4325577670862515, 350.0668117572330971, 71.00145773702260499 ) ) ;
#338 = EDGE_CURVE ( 'NONE', #4657, #5738, #4388, .T. ) ;
#339 = CARTESIAN_POINT ( 'NONE',  ( 298.1197316016410355, 342.4957480618809882, 70.89361864537549707 ) ) ;
#340 = VERTEX_POINT ( 'NONE', #126 ) ;
#341 = VECTOR ( 'NONE', #5143, 1000.000000000000000 ) ;
#342 = CARTESIAN_POINT ( 'NONE',  ( 285.8574628432700138, 349.0298387846179367, 68.90000046773469933 ) ) ;
#343 = ORIENTED_EDGE ( 'NONE', *, *, #423, .F. ) ;
#344 = CARTESIAN_POINT ( 'NONE',  ( 298.8682276171019794, 362.0406035584500160, 68.40000046773479880 ) ) ;
#345 = AXIS2_PLACEMENT_3D ( 'NONE', #2415, #1954, #3837 ) ;
#346 = CARTESIAN_POINT ( 'NONE',  ( 291.6676043602079744, 347.1303363727276974, 66.00000046773475049 ) ) ;
#347 = FACE_OUTER_BOUND ( 'NONE', #1853, .T. ) ;
#348 = DIRECTION ( 'NONE',  ( -2.537652627714604923E-15, 2.537652627714595062E-15, 1.000000000000000000 ) ) ;
#349 = CARTESIAN_POINT ( 'NONE',  ( 243.6706700543959982, 351.1245538741620180, 70.38920071374049314 ) ) ;
#350 = DIRECTION ( 'NONE',  ( 0.7071067811865590080, -0.7071067811865360264, 1.875388214538940044E-14 ) ) ;
#351 = CIRCLE ( 'NONE', #2826, 2.000000000000031974 ) ;
#352 = DIRECTION ( 'NONE',  ( 0.8260678134614107826, -0.4137213532757925694, 0.3826834323650954994 ) ) ;
#353 = ORIENTED_EDGE ( 'NONE', *, *, #4641, .F. ) ;
#354 = ORIENTED_EDGE ( 'NONE', *, *, #2448, .F. ) ;
#355 = DIRECTION ( 'NONE',  ( -0.4478087658801228055, -0.8941293582032306952, -2.272766182898719438E-15 ) ) ;
#356 = EDGE_CURVE ( 'NONE', #4910, #5110, #2834, .T. ) ;
#357 = ORIENTED_EDGE ( 'NONE', *, *, #5514, .T. ) ;
#358 = EDGE_CURVE ( 'NONE', #2391, #1235, #4810, .T. ) ;
#359 = CARTESIAN_POINT ( 'NONE',  ( 241.4039310796800066, 352.5119779370909896, 70.64271766676360187 ) ) ;
#360 = CONICAL_SURFACE ( 'NONE', #770, 17.89999999999998082, 0.7853981633974419507 ) ;
#361 = CARTESIAN_POINT ( 'NONE',  ( 285.8574628432700138, 349.0298387846179367, 69.40000046773469933 ) ) ;
#362 = FACE_OUTER_BOUND ( 'NONE', #826, .T. ) ;
#363 = EDGE_LOOP ( 'NONE', ( #995, #2046, #2567, #2675 ) ) ;
#364 = VERTEX_POINT ( 'NONE', #2042 ) ;
#365 = CARTESIAN_POINT ( 'NONE',  ( 238.9006830486140132, 344.8308239977350240, 67.80000046773470501 ) ) ;
#366 = FACE_OUTER_BOUND ( 'NONE', #5242, .T. ) ;
#367 = CARTESIAN_POINT ( 'NONE',  ( 270.1641679957360225, 356.6298387846179594, 69.40000046773469933 ) ) ;
#368 = CARTESIAN_POINT ( 'NONE',  ( 237.8783438543200077, 350.1146751875339760, 67.80000046773470501 ) ) ;
#369 = CARTESIAN_POINT ( 'NONE',  ( 264.4726037499009408, 349.0298387846179367, 68.90000046773458564 ) ) ;
#370 = DIRECTION ( 'NONE',  ( 0.000000000000000000, 8.914128229865651025E-29, -1.000000000000000000 ) ) ;
#371 = ORIENTED_EDGE ( 'NONE', *, *, #3245, .F. ) ;
#372 = CARTESIAN_POINT ( 'NONE',  ( 286.2716764056430065, 364.2394269734959948, 69.40000046773469933 ) ) ;
#373 = CARTESIAN_POINT ( 'NONE',  ( 298.1510656914749688, 358.5151155207549891, 71.00000046773480733 ) ) ;
#374 = EDGE_CURVE ( 'NONE', #86, #2332, #5847, .T. ) ;
#375 = B_SPLINE_CURVE_WITH_KNOTS ( 'NONE', 3,
 ( #603, #2482, #4370, #3444 ),
 .UNSPECIFIED., .F., .F.,
 ( 4, 4 ),
 ( 0.000000000000000000, 1.000000000000000000 ),
 .UNSPECIFIED. ) ;
#376 = ADVANCED_FACE ( 'NONE', ( #1500 ), #360, .F. ) ;
#377 = CARTESIAN_POINT ( 'NONE',  ( 254.2263674464067549, 365.6209400625005514, 70.50000046773453732 ) ) ;
#378 = PLANE ( 'NONE',  #5521 ) ;
#379 = COLOUR_RGB ( '',0.7921568627450980005, 0.8196078431372548767, 0.9333333333333333481 ) ;
#380 = EDGE_LOOP ( 'NONE', ( #3637, #2217, #3026, #5812, #2764 ) ) ;
#381 = DIRECTION ( 'NONE',  ( 0.9853540647909951877, 0.1705208696900857579, 4.625929269271464023E-15 ) ) ;
#382 = CARTESIAN_POINT ( 'NONE',  ( 238.9006830486140132, 344.8308239977350240, 67.80000046773470501 ) ) ;
#383 = ORIENTED_EDGE ( 'NONE', *, *, #795, .T. ) ;
#384 = DIRECTION ( 'NONE',  ( -1.000000000000000000, -4.781299772258060553E-15, -4.135580799816641012E-15 ) ) ;
#385 = VERTEX_POINT ( 'NONE', #1558 ) ;
#386 = VERTEX_POINT ( 'NONE', #4864 ) ;
#387 = DIRECTION ( 'NONE',  ( 0.4283641579721091386, 0.9036061908623943539, 1.922007608476630985E-15 ) ) ;
#388 = CARTESIAN_POINT ( 'NONE',  ( 291.8448226138904147, 347.5041666948520742, 70.28500298076419028 ) ) ;
#389 = DIRECTION ( 'NONE',  ( -3.865418436758450516E-29, 5.048709793107170241E-29, -1.000000000000000000 ) ) ;
#390 = VECTOR ( 'NONE', #5653, 1000.000000000000114 ) ;
#391 = CARTESIAN_POINT ( 'NONE',  ( 262.6723484700580684, 353.3019132663291657, 59.07382863835440645 ) ) ;
#392 = VERTEX_POINT ( 'NONE', #3492 ) ;
#393 = B_SPLINE_CURVE_WITH_KNOTS ( 'NONE', 3,
 ( #1608, #1666, #2123, #5377 ),
 .UNSPECIFIED., .F., .F.,
 ( 4, 4 ),
 ( 0.000000000000000000, 0.4999813647650699355 ),
 .UNSPECIFIED. ) ;
#394 = DIRECTION ( 'NONE',  ( 1.000000000000000000, 0.000000000000000000, 0.000000000000000000 ) ) ;
#395 = ORIENTED_EDGE ( 'NONE', *, *, #4725, .F. ) ;
#396 = LINE ( 'NONE', #2749, #3376 ) ;
#397 = CIRCLE ( 'NONE', #3860, 1.700000000000007061 ) ;
#398 = DIRECTION ( 'NONE',  ( -3.925231146706619588E-17, 0.7071067811865320296, 0.7071067811865631159 ) ) ;
#399 = EDGE_CURVE ( 'NONE', #4290, #3704, #3839, .T. ) ;
#400 = PLANE ( 'NONE',  #1147 ) ;
#401 = FACE_OUTER_BOUND ( 'NONE', #3740, .T. ) ;
#402 = EDGE_CURVE ( 'NONE', #1883, #967, #262, .T. ) ;
#403 = CARTESIAN_POINT ( 'NONE',  ( 240.3553174762540152, 350.7735605431969930, 71.00000046773449469 ) ) ;
#404 = EDGE_CURVE ( 'NONE', #5316, #3764, #2855, .T. ) ;
#405 = DIRECTION ( 'NONE',  ( 0.8941293582032308063, -0.4478087658801228610, 4.537979430722408581E-15 ) ) ;
#406 = EDGE_LOOP ( 'NONE', ( #4472, #4771, #2969, #5033 ) ) ;
#407 = DIRECTION ( 'NONE',  ( -5.045325939066829835E-15, -4.854366611099339771E-17, 1.000000000000000000 ) ) ;
#408 = ORIENTED_EDGE ( 'NONE', *, *, #98, .T. ) ;
#409 = LINE ( 'NONE', #3721, #5560 ) ;
#410 = VECTOR ( 'NONE', #2797, 999.9999999999998863 ) ;
#411 = CIRCLE ( 'NONE', #2574, 2.000000000000009326 ) ;
#412 = CARTESIAN_POINT ( 'NONE',  ( 294.1724793217489946, 343.5432494308849982, 67.60000046773470217 ) ) ;
#413 = VECTOR ( 'NONE', #2502, 1000.000000000000000 ) ;
#414 = CARTESIAN_POINT ( 'NONE',  ( 285.8574628432700138, 349.0298387846179367, 59.00000046773470075 ) ) ;
#415 = EDGE_CURVE ( 'NONE', #2404, #4531, #2911, .T. ) ;
#416 = ORIENTED_EDGE ( 'NONE', *, *, #5038, .F. ) ;
#417 = CARTESIAN_POINT ( 'NONE',  ( 281.8716764056430293, 364.4298387846179708, 71.00000046773470785 ) ) ;
#418 = AXIS2_PLACEMENT_3D ( 'NONE', #4782, #3404, #5850 ) ;
#419 = CARTESIAN_POINT ( 'NONE',  ( 241.4223684389450000, 349.8905467217120417, 71.59376857397829497 ) ) ;
#420 = VERTEX_POINT ( 'NONE', #3024 ) ;
#421 = VECTOR ( 'NONE', #1680, 1000.000000000000000 ) ;
#422 = DIRECTION ( 'NONE',  ( 2.935473107612204995E-15, 2.506276067140520119E-15, -1.000000000000000000 ) ) ;
#423 = EDGE_CURVE ( 'NONE', #2410, #85, #5724, .T. ) ;
#424 = ORIENTED_EDGE ( 'NONE', *, *, #2865, .T. ) ;
#425 = ORIENTED_EDGE ( 'NONE', *, *, #3533, .F. ) ;
#426 = CARTESIAN_POINT ( 'NONE',  ( 252.2274039156050094, 363.4360045916029662, 69.40000046773458564 ) ) ;
#427 = ORIENTED_EDGE ( 'NONE', *, *, #4526, .F. ) ;
#428 = VECTOR ( 'NONE', #5858, 1000.000000000000000 ) ;
#429 = AXIS2_PLACEMENT_3D ( 'NONE', #5480, #3905, #1449 ) ;
#430 = CARTESIAN_POINT ( 'NONE',  ( 287.8065601265729470, 356.4488832589319713, 71.00000046773470785 ) ) ;
#431 = CYLINDRICAL_SURFACE ( 'NONE', #1102, 2.000000000000015543 ) ;
#432 = CARTESIAN_POINT ( 'NONE',  ( 287.9949097284240338, 354.6705664925149790, 70.50000046773480733 ) ) ;
#433 = ORIENTED_EDGE ( 'NONE', *, *, #521, .F. ) ;
#434 = CARTESIAN_POINT ( 'NONE',  ( 300.4389199806907982, 341.8425259576402482, 69.90537257202947785 ) ) ;
#435 = ORIENTED_EDGE ( 'NONE', *, *, #2331, .F. ) ;
#436 = DIRECTION ( 'NONE',  ( -5.551115123125779621E-17, 1.000000000000000000, 5.048709793107170241E-29 ) ) ;
#437 = DIRECTION ( 'NONE',  ( 0.000000000000000000, -1.000000000000000000, -5.048709793107170241E-29 ) ) ;
#438 = CARTESIAN_POINT ( 'NONE',  ( 223.3618389909658219, 337.2302490401660862, 67.00000046773499207 ) ) ;
#439 = LINE ( 'NONE', #403, #3128 ) ;
#440 = DIRECTION ( 'NONE',  ( -0.7071067811865753283, 0.7071067811865198172, 0.000000000000000000 ) ) ;
#441 = EDGE_LOOP ( 'NONE', ( #4856, #1681, #5084, #4684 ) ) ;
#442 = ORIENTED_EDGE ( 'NONE', *, *, #4636, .T. ) ;
#443 = DIRECTION ( 'NONE',  ( -0.7071067811865336949, -0.7071067811865614505, 0.000000000000000000 ) ) ;
#444 = EDGE_CURVE ( 'NONE', #4577, #2090, #3421, .T. ) ;
#445 = EDGE_CURVE ( 'NONE', #3039, #2905, #1164, .T. ) ;
#446 = ADVANCED_FACE ( 'NONE', ( #5789 ), #5379, .F. ) ;
#447 = VECTOR ( 'NONE', #503, 1000.000000000000000 ) ;
#448 = ORIENTED_EDGE ( 'NONE', *, *, #159, .F. ) ;
#449 = CARTESIAN_POINT ( 'NONE',  ( 292.6356374363220425, 353.8281143903469683, 71.00000046773480733 ) ) ;
#450 = CARTESIAN_POINT ( 'NONE',  ( 241.8250793265900143, 349.9969692471269695, 70.38182420579369136 ) ) ;
#451 = VERTEX_POINT ( 'NONE', #5302 ) ;
#452 = LINE ( 'NONE', #547, #1738 ) ;
#453 = AXIS2_PLACEMENT_3D ( 'NONE', #5405, #3049, #3144 ) ;
#454 = CARTESIAN_POINT ( 'NONE',  ( 307.0603030380589757, 338.5750216638639927, 69.40000046773479880 ) ) ;
#455 = AXIS2_PLACEMENT_3D ( 'NONE', #2494, #4382, #5351 ) ;
#456 = ORIENTED_EDGE ( 'NONE', *, *, #3651, .T. ) ;
#457 = VECTOR ( 'NONE', #870, 1000.000000000000000 ) ;
#458 = VERTEX_POINT ( 'NONE', #5354 ) ;
#459 = CARTESIAN_POINT ( 'NONE',  ( 269.3734359413190305, 366.4298387846179708, 69.40000046773469933 ) ) ;
#460 = ORIENTED_EDGE ( 'NONE', *, *, #650, .T. ) ;
#461 = CARTESIAN_POINT ( 'NONE',  ( 299.9995984670009648, 363.1719744083490014, 65.00000046773469364 ) ) ;
#462 = EDGE_CURVE ( 'NONE', #5048, #4637, #1075, .T. ) ;
#463 = DIRECTION ( 'NONE',  ( 2.537652627714604923E-15, 2.537652627714694853E-15, -1.000000000000000000 ) ) ;
#464 = AXIS2_PLACEMENT_3D ( 'NONE', #5049, #1702, #4018 ) ;
#465 = CARTESIAN_POINT ( 'NONE',  ( 262.8716075878309084, 353.4317274586177291, 59.43119957958613497 ) ) ;
#466 = ORIENTED_EDGE ( 'NONE', *, *, #5624, .T. ) ;
#467 = CARTESIAN_POINT ( 'NONE',  ( 247.4841459440389997, 357.5382053363400132, 71.00000046773449469 ) ) ;
#468 = ORIENTED_EDGE ( 'NONE', *, *, #404, .F. ) ;
#469 = CARTESIAN_POINT ( 'NONE',  ( 262.9734359413189964, 358.3940482511480354, 71.00000046773459417 ) ) ;
#470 = AXIS2_PLACEMENT_3D ( 'NONE', #5760, #4839, #5817 ) ;
#471 = CARTESIAN_POINT ( 'NONE',  ( 291.2214238739489929, 354.4139008279740324, 71.00000046773480733 ) ) ;
#472 = AXIS2_PLACEMENT_3D ( 'NONE', #3894, #1552, #1094 ) ;
#473 = CARTESIAN_POINT ( 'NONE',  ( 286.2716764056430065, 350.0298387846179367, 59.00000046773470075 ) ) ;
#474 = DIRECTION ( 'NONE',  ( 2.775557561562888827E-14, -1.000000000000000000, 0.000000000000000000 ) ) ;
#475 = ORIENTED_EDGE ( 'NONE', *, *, #4722, .T. ) ;
#476 = VERTEX_POINT ( 'NONE', #592 ) ;
#477 = LINE ( 'NONE', #509, #1213 ) ;
#478 = DIRECTION ( 'NONE',  ( -4.263256414560600169E-15, -5.076883396865070006E-29, 1.000000000000000000 ) ) ;
#479 = EDGE_CURVE ( 'NONE', #3488, #5243, #3957, .T. ) ;
#480 = ORIENTED_EDGE ( 'NONE', *, *, #5576, .T. ) ;
#481 = CARTESIAN_POINT ( 'NONE',  ( 299.9812450862270339, 341.9771243535259941, 69.20655617190330133 ) ) ;
#482 = CARTESIAN_POINT ( 'NONE',  ( 299.3308991289991923, 342.1892288250294882, 68.75735978061540266 ) ) ;
#483 = ORIENTED_EDGE ( 'NONE', *, *, #2245, .T. ) ;
#484 = CARTESIAN_POINT ( 'NONE',  ( 238.0933184961089921, 347.7201426854809938, 68.00000046773439522 ) ) ;
#485 = AXIS2_PLACEMENT_3D ( 'NONE', #4314, #3852, #2024 ) ;
#486 = EDGE_CURVE ( 'NONE', #1723, #3962, #1101, .T. ) ;
#487 = CARTESIAN_POINT ( 'NONE',  ( 288.2716764056430065, 364.2394269734959948, 71.00000046773470785 ) ) ;
#488 = FACE_OUTER_BOUND ( 'NONE', #1693, .T. ) ;
#489 = VERTEX_POINT ( 'NONE', #624 ) ;
#490 = ORIENTED_EDGE ( 'NONE', *, *, #3270, .F. ) ;
#491 = CARTESIAN_POINT ( 'NONE',  ( 248.0206235589609776, 357.2695200768120003, 68.40000046773448616 ) ) ;
#492 = ORIENTED_EDGE ( 'NONE', *, *, #4552, .F. ) ;
#493 = CYLINDRICAL_SURFACE ( 'NONE', #5306, 3.000000000000017764 ) ;
#494 = CARTESIAN_POINT ( 'NONE',  ( 258.3903682308929888, 355.5636638197939874, 71.00000046773459417 ) ) ;
#495 = AXIS2_PLACEMENT_3D ( 'NONE', #414, #5031, #896 ) ;
#496 = VERTEX_POINT ( 'NONE', #2498 ) ;
#497 = DIRECTION ( 'NONE',  ( -3.812827708568219989E-29, 5.049531523524069939E-29, -1.000000000000000000 ) ) ;
#498 = AXIS2_PLACEMENT_3D ( 'NONE', #4471, #2146, #840 ) ;
#499 = EDGE_CURVE ( 'NONE', #5243, #3261, #5798, .T. ) ;
#500 = ORIENTED_EDGE ( 'NONE', *, *, #3318, .T. ) ;
#501 = LINE ( 'NONE', #4806, #3306 ) ;
#502 = CARTESIAN_POINT ( 'NONE',  ( 258.7950182794642728, 353.6050269626427394, 71.00000046773459417 ) ) ;
#503 = DIRECTION ( 'NONE',  ( -3.865418436758450516E-29, 5.048709793107170241E-29, -1.000000000000000000 ) ) ;
#504 = VECTOR ( 'NONE', #5195, 1000.000000000000114 ) ;
#505 = DIRECTION ( 'NONE',  ( 4.135580799816630757E-15, 1.665250005579850128E-16, -1.000000000000000000 ) ) ;
#506 = CARTESIAN_POINT ( 'NONE',  ( 286.2716764056430065, 350.0298387846179367, 71.00000046773470785 ) ) ;
#507 = ORIENTED_EDGE ( 'NONE', *, *, #4123, .F. ) ;
#508 = AXIS2_PLACEMENT_3D ( 'NONE', #3351, #5341, #1452 ) ;
#509 = CARTESIAN_POINT ( 'NONE',  ( 286.2716764056430065, 355.0298387846179935, 71.00000046773470785 ) ) ;
#510 = ORIENTED_EDGE ( 'NONE', *, *, #2644, .F. ) ;
#511 = CARTESIAN_POINT ( 'NONE',  ( 297.9927945960980082, 342.0770111611399784, 68.75735978061540266 ) ) ;
#512 = B_SPLINE_CURVE_WITH_KNOTS ( 'NONE', 3,
 ( #1691, #4098, #3514, #4008 ),
 .UNSPECIFIED., .F., .F.,
 ( 4, 4 ),
 ( 0.1368335018890757537, 1.000000000000000000 ),
 .UNSPECIFIED. ) ;
#513 = LINE ( 'NONE', #5251, #1683 ) ;
#514 = ORIENTED_EDGE ( 'NONE', *, *, #4236, .T. ) ;
#515 = AXIS2_PLACEMENT_3D ( 'NONE', #2882, #1411, #474 ) ;
#516 = DIRECTION ( 'NONE',  ( 4.439502732829720546E-15, -3.255971232964550038E-16, -1.000000000000000000 ) ) ;
#517 = LINE ( 'NONE', #3912, #3043 ) ;
#518 = DIRECTION ( 'NONE',  ( 0.2705980500730927329, 0.6532814824381797392, 0.7071067811865574537 ) ) ;
#519 = VERTEX_POINT ( 'NONE', #5904 ) ;
#520 = AXIS2_PLACEMENT_3D ( 'NONE', #3354, #2922, #670 ) ;
#521 = EDGE_CURVE ( 'NONE', #5202, #1065, #1470, .T. ) ;
#522 = VERTEX_POINT ( 'NONE', #330 ) ;
#523 = DIRECTION ( 'NONE',  ( 1.000000000000000000, 4.781299772258060553E-15, 0.000000000000000000 ) ) ;
#524 = ORIENTED_EDGE ( 'NONE', *, *, #2223, .F. ) ;
#525 = EDGE_CURVE ( 'NONE', #172, #2754, #1244, .T. ) ;
#527 = ADVANCED_FACE ( 'NONE', ( #1278 ), #4506, .T. ) ;
#526 = CARTESIAN_POINT ( 'NONE',  ( 241.6135755521430042, 350.2477718407349698, 68.75735978061510423 ) ) ;
#528 = SHAPE_DEFINITION_REPRESENTATION ( #4826, #3468 ) ;
#529 = ORIENTED_EDGE ( 'NONE', *, *, #1862, .F. ) ;
#530 = AXIS2_PLACEMENT_3D ( 'NONE', #1566, #2136, #5828 ) ;
#531 = EDGE_LOOP ( 'NONE', ( #5637, #2233, #689, #2959, #6124, #3296, #5478, #1671, #3907, #551 ) ) ;
#532 = DIRECTION ( 'NONE',  ( 0.3826834323650872283, 0.9238795325112878487, 2.135044278125300948E-15 ) ) ;
#533 = CARTESIAN_POINT ( 'NONE',  ( 288.7973870592526282, 356.1274436991924972, 69.40000046773471354 ) ) ;
#534 = LINE ( 'NONE', #502, #5766 ) ;
#535 = LINE ( 'NONE', #3459, #757 ) ;
#536 = CARTESIAN_POINT ( 'NONE',  ( 240.6286406016830028, 350.5536734516049933, 70.85222024528719942 ) ) ;
#537 = DIRECTION ( 'NONE',  ( 4.390802403307355982E-15, 7.826844571159010770E-16, -1.000000000000000000 ) ) ;
#538 = CYLINDRICAL_SURFACE ( 'NONE', #1416, 19.99999999999998224 ) ;
#539 = ORIENTED_EDGE ( 'NONE', *, *, #2063, .T. ) ;
#540 = CARTESIAN_POINT ( 'NONE',  ( 264.9734359413189964, 350.0298387846179367, 69.40000046773458564 ) ) ;
#541 = CYLINDRICAL_SURFACE ( 'NONE', #2282, 2.000000000000001776 ) ;
#542 = EDGE_CURVE ( 'NONE', #2208, #3039, #4983, .T. ) ;
#543 = DIRECTION ( 'NONE',  ( -0.5254480155638053818, 0.8508257065580817624, -2.262682794752357834E-15 ) ) ;
#544 = ORIENTED_EDGE ( 'NONE', *, *, #3384, .T. ) ;
#545 = CARTESIAN_POINT ( 'NONE',  ( 300.0340238757419797, 342.0761212727559837, 69.66072483623419487 ) ) ;
#546 = DIRECTION ( 'NONE',  ( -5.075305255429220101E-15, 0.000000000000000000, 1.000000000000000000 ) ) ;
#547 = CARTESIAN_POINT ( 'NONE',  ( 253.8208479156679971, 342.5001595317939973, 69.40000046773458564 ) ) ;
#548 = DIRECTION ( 'NONE',  ( -3.865418436758450516E-29, 5.048709793107170241E-29, -1.000000000000000000 ) ) ;
#549 = AXIS2_PLACEMENT_3D ( 'NONE', #5755, #64, #4773 ) ;
#550 = DIRECTION ( 'NONE',  ( -5.067835103561290491E-15, 1.803454195256859651E-17, 1.000000000000000000 ) ) ;
#551 = ORIENTED_EDGE ( 'NONE', *, *, #5466, .F. ) ;
#552 = LINE ( 'NONE', #4854, #3657 ) ;
#553 = AXIS2_PLACEMENT_3D ( 'NONE', #2496, #5786, #1555 ) ;
#554 = VERTEX_POINT ( 'NONE', #274 ) ;
#555 = CARTESIAN_POINT ( 'NONE',  ( 240.8938739631780095, 350.3321406387079833, 70.35935727330000589 ) ) ;
#556 = ORIENTED_EDGE ( 'NONE', *, *, #3988, .T. ) ;
#557 = ADVANCED_FACE ( 'NONE', ( #2651 ), #241, .F. ) ;
#558 = ADVANCED_FACE ( 'NONE', ( #2684 ), #1182, .T. ) ;
#559 = VERTEX_POINT ( 'NONE', #3051 ) ;
#560 = LINE ( 'NONE', #1122, #2536 ) ;
#561 = DIRECTION ( 'NONE',  ( 0.000000000000000000, 5.048709793107170241E-29, -1.000000000000000000 ) ) ;
#562 = FACE_OUTER_BOUND ( 'NONE', #2091, .T. ) ;
#563 = AXIS2_PLACEMENT_3D ( 'NONE', #231, #3041, #4404 ) ;
#564 = CARTESIAN_POINT ( 'NONE',  ( 292.8988379987875987, 366.0292221828256629, 65.00000046773473628 ) ) ;
#565 = FACE_OUTER_BOUND ( 'NONE', #1271, .T. ) ;
#566 = EDGE_CURVE ( 'NONE', #3951, #4661, #1264, .T. ) ;
#567 = VERTEX_POINT ( 'NONE', #1668 ) ;
#568 = CARTESIAN_POINT ( 'NONE',  ( 290.7387757964719981, 345.1710332311790239, 71.00000046773480733 ) ) ;
#569 = B_SPLINE_CURVE_WITH_KNOTS ( 'NONE', 3,
 ( #2745, #391, #4704, #107, #4823, #3302, #1826, #1998, #465 ),
 .UNSPECIFIED., .F., .F.,
 ( 4, 2, 1, 2, 4 ),
 ( 0.000000000000000000, 0.08166834562582357682, 0.1225025184387445037, 0.1429196048451814027, 0.1633366912516183156 ),
 .UNSPECIFIED. ) ;
#570 = VERTEX_POINT ( 'NONE', #4951 ) ;
#571 = ADVANCED_FACE ( 'NONE', ( #2625 ), #4538, .F. ) ;
#572 = DIRECTION ( 'NONE',  ( 0.6322449324434689100, -0.3166486150286309531, -0.7071067811865499042 ) ) ;
#573 = EDGE_CURVE ( 'NONE', #310, #3573, #5437, .T. ) ;
#574 = FACE_OUTER_BOUND ( 'NONE', #3208, .T. ) ;
#575 = CYLINDRICAL_SURFACE ( 'NONE', #4007, 3.000000000000002665 ) ;
#576 = LINE ( 'NONE', #2454, #2361 ) ;
#577 = CARTESIAN_POINT ( 'NONE',  ( 299.1043002490169442, 343.0066643985180121, 71.00000046773480733 ) ) ;
#578 = CARTESIAN_POINT ( 'NONE',  ( 238.9006830486140132, 344.8308239977350240, 68.00000046773470785 ) ) ;
#579 = EDGE_LOOP ( 'NONE', ( #2315, #2424, #4047, #1480 ) ) ;
#580 = CARTESIAN_POINT ( 'NONE',  ( 297.2825229898210182, 341.3597594760909715, 68.75735978061540266 ) ) ;
#581 = ORIENTED_EDGE ( 'NONE', *, *, #2759, .T. ) ;
#582 = FACE_OUTER_BOUND ( 'NONE', #5868, .T. ) ;
#583 = VERTEX_POINT ( 'NONE', #4111 ) ;
#584 = ORIENTED_EDGE ( 'NONE', *, *, #1401, .T. ) ;
#585 = LINE ( 'NONE', #4832, #5999 ) ;
#586 = AXIS2_PLACEMENT_3D ( 'NONE', #3998, #5886, #198 ) ;
#587 = DIRECTION ( 'NONE',  ( 0.000000000000000000, -1.000000000000000000, -5.048709793107170241E-29 ) ) ;
#588 = CARTESIAN_POINT ( 'NONE',  ( 291.2036194940040446, 350.8597652109739897, 69.52337129510651437 ) ) ;
#589 = DIRECTION ( 'NONE',  ( -5.075305255429250078E-15, -5.076883396865070006E-29, 1.000000000000000000 ) ) ;
#590 = VECTOR ( 'NONE', #5513, 1000.000000000000000 ) ;
#591 = CARTESIAN_POINT ( 'NONE',  ( 241.7852154034680154, 350.0320826187320336, 70.27314873935048922 ) ) ;
#592 = CARTESIAN_POINT ( 'NONE',  ( 239.7933184961089808, 347.7201426854809938, 67.60000046773470217 ) ) ;
#593 = DIRECTION ( 'NONE',  ( 0.8921470410748340019, 0.04553250400013397065, -0.4494445996793111076 ) ) ;
#594 = CARTESIAN_POINT ( 'NONE',  ( 264.4726037499009408, 369.0298387846179935, 59.00000046773460838 ) ) ;
#595 = EDGE_LOOP ( 'NONE', ( #2861, #4165, #2060, #5617 ) ) ;
#596 = EDGE_CURVE ( 'NONE', #1235, #1703, #5947, .T. ) ;
#597 = LINE ( 'NONE', #1533, #2590 ) ;
#598 = EDGE_CURVE ( 'NONE', #2717, #4976, #784, .T. ) ;
#599 = EDGE_CURVE ( 'NONE', #5671, #5988, #5499, .T. ) ;
#600 = CIRCLE ( 'NONE', #6029, 2.000000000000001776 ) ;
#601 = EDGE_LOOP ( 'NONE', ( #1435, #2670, #3871, #5840 ) ) ;
#602 = CARTESIAN_POINT ( 'NONE',  ( 297.4735121930480091, 341.6609152462619932, 71.00000046773470785 ) ) ;
#603 = CARTESIAN_POINT ( 'NONE',  ( 243.9696615322960156, 350.7918359525469896, 70.87868012417479235 ) ) ;
#604 = DIRECTION ( 'NONE',  ( -0.7850344385868762709, -0.6194521210171033410, 0.000000000000000000 ) ) ;
#605 = EDGE_CURVE ( 'NONE', #340, #3876, #3179, .T. ) ;
#606 = DIRECTION ( 'NONE',  ( -5.045325939066829835E-15, -4.854366611098520095E-17, 1.000000000000000000 ) ) ;
#607 = CARTESIAN_POINT ( 'NONE',  ( 292.3256203608460169, 349.6138692855340082, 70.22711779947199773 ) ) ;
#608 = EDGE_LOOP ( 'NONE', ( #193, #5896, #4539, #5700, #3350, #1120, #234, #5286 ) ) ;
#609 = ORIENTED_EDGE ( 'NONE', *, *, #2974, .T. ) ;
#610 = CARTESIAN_POINT ( 'NONE',  ( 264.4726037499009408, 368.8014773821518020, 69.90541007771059867 ) ) ;
#611 = CARTESIAN_POINT ( 'NONE',  ( 0.000000000000000000, 0.000000000000000000, 0.000000000000000000 ) ) ;
#612 = VECTOR ( 'NONE', #864, 1000.000000000000000 ) ;
#613 = EDGE_CURVE ( 'NONE', #3138, #1695, #222, .T. ) ;
#614 = AXIS2_PLACEMENT_3D ( 'NONE', #3742, #3836, #3276 ) ;
#615 = VECTOR ( 'NONE', #74, 1000.000000000000000 ) ;
#616 = ORIENTED_EDGE ( 'NONE', *, *, #5438, .T. ) ;
#617 = ORIENTED_EDGE ( 'NONE', *, *, #374, .T. ) ;
#618 = CARTESIAN_POINT ( 'NONE',  ( 263.4119016817138572, 353.7135842499389469, 60.03120277864098853 ) ) ;
#619 = VERTEX_POINT ( 'NONE', #2589 ) ;
#620 = CARTESIAN_POINT ( 'NONE',  ( 292.1874942005369462, 348.2270100078699784, 70.78862188933440791 ) ) ;
#621 = DIRECTION ( 'NONE',  ( -1.000000000000000000, 0.000000000000000000, -4.625929269271481378E-15 ) ) ;
#622 = AXIS2_PLACEMENT_3D ( 'NONE', #6083, #2232, #4058 ) ;
#623 = CARTESIAN_POINT ( 'NONE',  ( 243.3202420064919806, 351.0366855531760280, 69.80404429169630021 ) ) ;
#624 = CARTESIAN_POINT ( 'NONE',  ( 236.3933184961089751, 347.7201426854809938, 67.00000046773500628 ) ) ;
#625 = CARTESIAN_POINT ( 'NONE',  ( 264.9734359413189964, 355.6298387846179594, 59.41579725814460033 ) ) ;
#626 = ORIENTED_EDGE ( 'NONE', *, *, #713, .T. ) ;
#627 = DIRECTION ( 'NONE',  ( -0.6410464294893021275, -0.7675021011300341423, -3.795757364654781506E-15 ) ) ;
#628 = DIRECTION ( 'NONE',  ( 0.000000000000000000, -1.000000000000000000, -5.048709793107170241E-29 ) ) ;
#629 = AXIS2_PLACEMENT_3D ( 'NONE', #3005, #2505, #2165 ) ;
#630 = CARTESIAN_POINT ( 'NONE',  ( 297.5548675671460046, 341.8035874488639934, 71.48179995632850137 ) ) ;
#631 = ADVANCED_FACE ( 'NONE', ( #4478 ), #1215, .F. ) ;
#632 = ADVANCED_FACE ( 'NONE', ( #362 ), #2247, .F. ) ;
#633 = DIRECTION ( 'NONE',  ( 0.9853540647909951877, 0.1705208696900857579, 4.625929269271464023E-15 ) ) ;
#634 = EDGE_LOOP ( 'NONE', ( #708, #1718, #5867, #2617 ) ) ;
#635 = CARTESIAN_POINT ( 'NONE',  ( 291.1885809147930217, 350.7697885249600631, 69.14043380255249360 ) ) ;
#636 = DIRECTION ( 'NONE',  ( 0.6532814824381875107, 0.6532814824381875107, 0.3826834323650922243 ) ) ;
#637 = EDGE_LOOP ( 'NONE', ( #1959, #3150, #556, #2833, #5350 ) ) ;
#639 = EDGE_CURVE ( 'NONE', #4411, #2128, #4966, .T. ) ;
#638 = DIRECTION ( 'NONE',  ( 0.3826834323650846192, 0.9238795325112888479, 2.262682794752355862E-15 ) ) ;
#640 = CARTESIAN_POINT ( 'NONE',  ( 286.2716764056430065, 350.0298387846179367, 68.40000046773479880 ) ) ;
#641 = ORIENTED_EDGE ( 'NONE', *, *, #356, .F. ) ;
#642 = DIRECTION ( 'NONE',  ( -3.865418436758450516E-29, 5.048709793107170241E-29, -1.000000000000000000 ) ) ;
#643 = ORIENTED_EDGE ( 'NONE', *, *, #5025, .F. ) ;
#644 = CYLINDRICAL_SURFACE ( 'NONE', #563, 3.000000000000002665 ) ;
#645 = ORIENTED_EDGE ( 'NONE', *, *, #667, .F. ) ;
#646 = AXIS2_PLACEMENT_3D ( 'NONE', #6011, #1773, #1932 ) ;
#647 = ORIENTED_EDGE ( 'NONE', *, *, #4025, .F. ) ;
#648 = DIRECTION ( 'NONE',  ( 0.7850344385869003627, -0.6194521210170726988, 0.000000000000000000 ) ) ;
#649 = ORIENTED_EDGE ( 'NONE', *, *, #914, .F. ) ;
#650 = EDGE_CURVE ( 'NONE', #16, #5808, #3267, .T. ) ;
#651 = CARTESIAN_POINT ( 'NONE',  ( 292.0035357331939849, 347.8389616456090039, 68.75735978061540266 ) ) ;
#652 = ADVANCED_FACE ( 'NONE', ( #4604 ), #1893, .T. ) ;
#653 = CARTESIAN_POINT ( 'NONE',  ( 264.4726037499009408, 367.4298387846179708, 59.00000046773460838 ) ) ;
#654 = LINE ( 'NONE', #2528, #5133 ) ;
#655 = AXIS2_PLACEMENT_3D ( 'NONE', #1234, #4065, #2546 ) ;
#656 = DIRECTION ( 'NONE',  ( 5.921189464667460002E-15, 1.665250005579849882E-16, -1.000000000000000000 ) ) ;
#657 = DIRECTION ( 'NONE',  ( 1.000000000000000000, 0.000000000000000000, 0.000000000000000000 ) ) ;
#658 = ORIENTED_EDGE ( 'NONE', *, *, #4904, .T. ) ;
#659 = VECTOR ( 'NONE', #3605, 1000.000000000000114 ) ;
#660 = CIRCLE ( 'NONE', #3911, 2.000000000000001776 ) ;
#661 = CARTESIAN_POINT ( 'NONE',  ( 238.9006830486140132, 344.8308239977350240, 67.60000046773470217 ) ) ;
#662 = DIRECTION ( 'NONE',  ( -5.251782877184730349E-15, -4.260546678974805227E-16, 1.000000000000000000 ) ) ;
#663 = ORIENTED_EDGE ( 'NONE', *, *, #175, .T. ) ;
#664 = DIRECTION ( 'NONE',  ( -4.867545526251600400E-15, -1.005624154589594129E-15, 1.000000000000000000 ) ) ;
#665 = ORIENTED_EDGE ( 'NONE', *, *, #1968, .T. ) ;
#666 = VECTOR ( 'NONE', #1155, 1000.000000000000000 ) ;
#667 = EDGE_CURVE ( 'NONE', #3524, #5243, #5594, .T. ) ;
#668 = CARTESIAN_POINT ( 'NONE',  ( 292.4724793217490060, 343.5432494308849982, 65.00000046773469364 ) ) ;
#669 = CIRCLE ( 'NONE', #2033, 2.000000000000031974 ) ;
#670 = DIRECTION ( 'NONE',  ( -0.5254480155638053818, 0.8508257065580815404, -2.392722035830080451E-15 ) ) ;
#671 = ORIENTED_EDGE ( 'NONE', *, *, #2941, .T. ) ;
#672 = DIRECTION ( 'NONE',  ( 3.661509027171719862E-15, 8.448430690734559740E-17, -1.000000000000000000 ) ) ;
#673 = VERTEX_POINT ( 'NONE', #6030 ) ;
#674 = CARTESIAN_POINT ( 'NONE',  ( 269.3734359413190305, 358.6298387846179594, 71.00000046773470785 ) ) ;
#675 = EDGE_CURVE ( 'NONE', #1367, #6077, #5168, .T. ) ;
#676 = EDGE_CURVE ( 'NONE', #3603, #14, #3782, .T. ) ;
#677 = ORIENTED_EDGE ( 'NONE', *, *, #4840, .T. ) ;
#678 = EDGE_LOOP ( 'NONE', ( #4112, #4507, #4229, #2516, #1302 ) ) ;
#679 = CARTESIAN_POINT ( 'NONE',  ( 281.8716764056430293, 364.4298387846179708, 69.40000046773469933 ) ) ;
#680 = ORIENTED_EDGE ( 'NONE', *, *, #75, .T. ) ;
#681 = DIRECTION ( 'NONE',  ( -0.7071067811865530128, 0.7071067811865420216, 1.537382199127880017E-14 ) ) ;
#682 = LINE ( 'NONE', #5434, #4498 ) ;
#683 = CARTESIAN_POINT ( 'NONE',  ( 291.7841920709213355, 351.4845035063805767, 71.00036001811426445 ) ) ;
#684 = CARTESIAN_POINT ( 'NONE',  ( 243.3874813668069805, 351.4396864398830189, 69.48995962414879557 ) ) ;
#685 = EDGE_CURVE ( 'NONE', #5394, #2028, #2931, .T. ) ;
#686 = DIRECTION ( 'NONE',  ( 7.479616927696616682E-16, -2.070759876205155989E-30, -1.000000000000000000 ) ) ;
#687 = VECTOR ( 'NONE', #2508, 1000.000000000000000 ) ;
#688 = CARTESIAN_POINT ( 'NONE',  ( 298.6395224093573120, 342.7896469929178238, 71.00054940812744064 ) ) ;
#689 = ORIENTED_EDGE ( 'NONE', *, *, #2297, .F. ) ;
#690 = CARTESIAN_POINT ( 'NONE',  ( 286.2716764056430065, 358.3940482511480354, 71.00000046773480733 ) ) ;
#691 = DIRECTION ( 'NONE',  ( 1.000000000000000000, -5.918296482563803663E-45, 4.973799150320700986E-15 ) ) ;
#692 = DIRECTION ( 'NONE',  ( -3.865418436758455560E-29, 5.048709793107170241E-29, -1.000000000000000000 ) ) ;
#693 = CIRCLE ( 'NONE', #2162, 1.699999999999979305 ) ;
#694 = CARTESIAN_POINT ( 'NONE',  ( 297.6568162783750040, 342.0040118459349969, 71.92771157762130940 ) ) ;
#695 = VERTEX_POINT ( 'NONE', #1373 ) ;
#696 = CARTESIAN_POINT ( 'NONE',  ( 267.3734359413190305, 364.4298387846179708, 71.00000046773470785 ) ) ;
#697 = VECTOR ( 'NONE', #3639, 1000.000000000000114 ) ;
#698 = DIRECTION ( 'NONE',  ( -0.5254480155638071581, 0.8508257065580806522, -2.102695122396137509E-15 ) ) ;
#699 = DIRECTION ( 'NONE',  ( -5.075305255429250078E-15, -4.802577686957880628E-29, 1.000000000000000000 ) ) ;
#700 = DIRECTION ( 'NONE',  ( 0.7071067811865425767, -0.7071067811865525687, 7.327471962526026856E-15 ) ) ;
#701 = EDGE_LOOP ( 'NONE', ( #5743, #2300, #2251, #645 ) ) ;
#702 = DIRECTION ( 'NONE',  ( 0.000000000000000000, -0.9126683807972765239, 0.4087009012626197091 ) ) ;
#703 = VECTOR ( 'NONE', #1390, 999.9999999999998863 ) ;
#704 = DIRECTION ( 'NONE',  ( 1.000000000000000000, 0.000000000000000000, 0.000000000000000000 ) ) ;
#705 = FACE_OUTER_BOUND ( 'NONE', #4361, .T. ) ;
#706 = ADVANCED_FACE ( 'NONE', ( #3238 ), #4234, .T. ) ;
#707 = ORIENTED_EDGE ( 'NONE', *, *, #2448, .T. ) ;
#708 = ORIENTED_EDGE ( 'NONE', *, *, #5863, .F. ) ;
#709 = ORIENTED_EDGE ( 'NONE', *, *, #2633, .T. ) ;
#710 = FACE_OUTER_BOUND ( 'NONE', #77, .T. ) ;
#711 = EDGE_CURVE ( 'NONE', #522, #1060, #569, .T. ) ;
#712 = EDGE_LOOP ( 'NONE', ( #2923, #5219, #6025, #2018 ) ) ;
#713 = EDGE_CURVE ( 'NONE', #5119, #2382, #1030, .T. ) ;
#714 = DIRECTION ( 'NONE',  ( -5.075305255429250078E-15, -4.935982622706720408E-29, 1.000000000000000000 ) ) ;
#715 = VECTOR ( 'NONE', #4390, 1000.000000000000000 ) ;
#716 = VECTOR ( 'NONE', #2049, 1000.000000000000114 ) ;
#717 = AXIS2_PLACEMENT_3D ( 'NONE', #4331, #1505, #5307 ) ;
#718 = DIRECTION ( 'NONE',  ( -0.3715478549661785368, 0.6016246267150493487, -0.7071067811865540120 ) ) ;
#719 = EDGE_CURVE ( 'NONE', #2901, #3803, #5627, .T. ) ;
#720 = DIRECTION ( 'NONE',  ( 2.775557561562888827E-14, -1.000000000000000000, 0.000000000000000000 ) ) ;
#721 = ORIENTED_EDGE ( 'NONE', *, *, #3422, .T. ) ;
#722 = CARTESIAN_POINT ( 'NONE',  ( 280.8484366525719906, 356.6298387846179594, 71.00000046773470785 ) ) ;
#723 = ORIENTED_EDGE ( 'NONE', *, *, #2759, .F. ) ;
#724 = VECTOR ( 'NONE', #315, 1000.000000000000000 ) ;
#725 = DIRECTION ( 'NONE',  ( 2.537652627714604923E-15, 2.537652627714694853E-15, -1.000000000000000000 ) ) ;
#726 = LINE ( 'NONE', #2599, #716 ) ;
#727 = VECTOR ( 'NONE', #4030, 1000.000000000000114 ) ;
#728 = CARTESIAN_POINT ( 'NONE',  ( 237.0035386072020174, 346.4153899143649937, 67.60000046773470217 ) ) ;
#729 = LINE ( 'NONE', #280, #773 ) ;
#730 = VECTOR ( 'NONE', #572, 1000.000000000000000 ) ;
#731 = ORIENTED_EDGE ( 'NONE', *, *, #113, .T. ) ;
#732 = FACE_OUTER_BOUND ( 'NONE', #817, .T. ) ;
#733 = CARTESIAN_POINT ( 'NONE',  ( 253.6942816183270111, 365.4716467861139790, 68.75735978061520370 ) ) ;
#734 = VECTOR ( 'NONE', #1496, 1000.000000000000000 ) ;
#735 = EDGE_CURVE ( 'NONE', #2504, #3648, #4562, .T. ) ;
#736 = CARTESIAN_POINT ( 'NONE',  ( 250.5388240335820171, 332.3740649735840407, 71.00000046773459417 ) ) ;
#737 = VERTEX_POINT ( 'NONE', #3561 ) ;
#738 = CARTESIAN_POINT ( 'NONE',  ( 304.4197316973960028, 358.0447343967670122, 70.50000046773480733 ) ) ;
#739 = DIRECTION ( 'NONE',  ( 3.865418436758450516E-29, -5.048709793107170241E-29, 1.000000000000000000 ) ) ;
#740 = VERTEX_POINT ( 'NONE', #4425 ) ;
#741 = VERTEX_POINT ( 'NONE', #199 ) ;
#742 =( BOUNDED_CURVE ( )  B_SPLINE_CURVE ( 3, ( #4106, #6065, #388, #3642 ),
 .UNSPECIFIED., .F., .F. ) 
 B_SPLINE_CURVE_WITH_KNOTS ( ( 4, 4 ),
 ( 4.533410683886000127E-15, 0.3830740219370614708 ),
 .UNSPECIFIED. ) 
 CURVE ( )  GEOMETRIC_REPRESENTATION_ITEM ( )  RATIONAL_B_SPLINE_CURVE ( ( 1.000000000000000000, 0.9878085313959807934, 0.9878085313959807934, 1.000000000000000000 ) ) 
 REPRESENTATION_ITEM ( '' )  );
#743 = PLANE ( 'NONE',  #246 ) ;
#744 = CARTESIAN_POINT ( 'NONE',  ( 281.8716764056430293, 356.6298387846179594, 69.40000046773469933 ) ) ;
#745 = ORIENTED_EDGE ( 'NONE', *, *, #5422, .F. ) ;
#746 = CARTESIAN_POINT ( 'NONE',  ( 261.7682030463797673, 355.2198755946222377, 68.90000046773457143 ) ) ;
#747 = DIRECTION ( 'NONE',  ( 5.325766498111130543E-15, -1.000000000000000000, -2.373894327159819883E-29 ) ) ;
#748 = EDGE_CURVE ( 'NONE', #4009, #3603, #2083, .T. ) ;
#749 = DIRECTION ( 'NONE',  ( 5.921189464667460002E-15, 5.081578997491380000E-29, -1.000000000000000000 ) ) ;
#750 = VECTOR ( 'NONE', #3054, 1000.000000000000000 ) ;
#751 = EDGE_CURVE ( 'NONE', #1148, #2901, #2985, .T. ) ;
#752 = ORIENTED_EDGE ( 'NONE', *, *, #735, .T. ) ;
#753 = CARTESIAN_POINT ( 'NONE',  ( 262.8716438790637540, 353.4331416108502708, 65.00000046773457996 ) ) ;
#754 = VERTEX_POINT ( 'NONE', #4493 ) ;
#755 = DIRECTION ( 'NONE',  ( -0.5254480155638063810, 0.8508257065580810963, -2.775557561562891351E-15 ) ) ;
#756 = CARTESIAN_POINT ( 'NONE',  ( 243.1853376850770019, 351.1879708472150128, 68.75735978061514686 ) ) ;
#757 = VECTOR ( 'NONE', #4892, 1000.000000000000000 ) ;
#758 = CARTESIAN_POINT ( 'NONE',  ( 241.8769505121660188, 349.9356109356025399, 71.00054102798506506 ) ) ;
#759 = EDGE_CURVE ( 'NONE', #30, #4133, #5364, .T. ) ;
#760 = VECTOR ( 'NONE', #265, 1000.000000000000000 ) ;
#761 = EDGE_LOOP ( 'NONE', ( #2480, #806, #2992, #2117 ) ) ;
#762 = DIRECTION ( 'NONE',  ( 0.000000000000000000, -1.000000000000000000, -1.665250005579849882E-16 ) ) ;
#763 = VECTOR ( 'NONE', #1742, 1000.000000000000000 ) ;
#764 = CARTESIAN_POINT ( 'NONE',  ( 299.6457938848479898, 343.1443128845170349, 70.92548816340760709 ) ) ;
#765 = DIRECTION ( 'NONE',  ( -0.7071067811865500152, 0.7071067811865450192, -2.806546270563589939E-15 ) ) ;
#766 = EDGE_CURVE ( 'NONE', #111, #1507, #2486, .T. ) ;
#767 = EDGE_CURVE ( 'NONE', #160, #3210, #5800, .T. ) ;
#768 = EDGE_LOOP ( 'NONE', ( #1105, #2273, #3689, #1626, #3796 ) ) ;
#769 = CARTESIAN_POINT ( 'NONE',  ( 287.9464193927283873, 354.3349018395144299, 69.90541007771071236 ) ) ;
#770 = AXIS2_PLACEMENT_3D ( 'NONE', #1043, #4358, #2472 ) ;
#771 = VERTEX_POINT ( 'NONE', #2951 ) ;
#772 = CARTESIAN_POINT ( 'NONE',  ( 259.0721821771769555, 352.9853766394260219, 71.00000046773459417 ) ) ;
#773 = VECTOR ( 'NONE', #1189, 1000.000000000000000 ) ;
#774 = CYLINDRICAL_SURFACE ( 'NONE', #5488, 3.999999999999992450 ) ;
#775 = AXIS2_PLACEMENT_3D ( 'NONE', #1297, #350, #2237 ) ;
#776 = CARTESIAN_POINT ( 'NONE',  ( 261.3969185085060190, 351.8210738481379849, 68.75735978061531739 ) ) ;
#777 = EDGE_LOOP ( 'NONE', ( #6095, #2106 ) ) ;
#778 = CARTESIAN_POINT ( 'NONE',  ( 305.2218254069740055, 336.7365440327790225, 65.00000046773479312 ) ) ;
#779 = VERTEX_POINT ( 'NONE', #736 ) ;
#780 = DIRECTION ( 'NONE',  ( 1.000000000000000000, 0.000000000000000000, 0.000000000000000000 ) ) ;
#781 = ORIENTED_EDGE ( 'NONE', *, *, #1811, .T. ) ;
#782 = DIRECTION ( 'NONE',  ( 5.075305255429250078E-15, 4.950812373597580346E-29, -1.000000000000000000 ) ) ;
#783 = CARTESIAN_POINT ( 'NONE',  ( 292.3111467816048616, 349.8921779554672185, 71.00015149727967412 ) ) ;
#784 = LINE ( 'NONE', #303, #313 ) ;
#785 = ORIENTED_EDGE ( 'NONE', *, *, #2098, .T. ) ;
#786 = FACE_OUTER_BOUND ( 'NONE', #5370, .T. ) ;
#787 = VERTEX_POINT ( 'NONE', #4400 ) ;
#788 = LINE ( 'NONE', #3713, #1931 ) ;
#789 = FACE_OUTER_BOUND ( 'NONE', #2437, .T. ) ;
#790 = FACE_OUTER_BOUND ( 'NONE', #1837, .T. ) ;
#791 = EDGE_CURVE ( 'NONE', #2718, #1257, #2027, .T. ) ;
#792 = CARTESIAN_POINT ( 'NONE',  ( 300.4748777484369384, 341.9341928774800294, 70.10294419288699430 ) ) ;
#793 = ORIENTED_EDGE ( 'NONE', *, *, #791, .T. ) ;
#794 = CYLINDRICAL_SURFACE ( 'NONE', #5955, 2.000000000000031974 ) ;
#795 = EDGE_CURVE ( 'NONE', #1861, #2905, #3972, .T. ) ;
#796 = AXIS2_PLACEMENT_3D ( 'NONE', #4642, #1379, #3311 ) ;
#797 = EDGE_CURVE ( 'NONE', #695, #3770, #3532, .T. ) ;
#798 = AXIS2_PLACEMENT_3D ( 'NONE', #3280, #405, #5146 ) ;
#799 = CARTESIAN_POINT ( 'NONE',  ( 304.0661783068019872, 357.6911810061740198, 71.00000046773480733 ) ) ;
#800 = AXIS2_PLACEMENT_3D ( 'NONE', #487, #4131, #1457 ) ;
#801 = ORIENTED_EDGE ( 'NONE', *, *, #5464, .T. ) ;
#802 = DIRECTION ( 'NONE',  ( -0.7071067811865530128, 0.7071067811865420216, 1.537382199127880017E-14 ) ) ;
#803 = CYLINDRICAL_SURFACE ( 'NONE', #3804, 1.999999999999992895 ) ;
#804 = CARTESIAN_POINT ( 'NONE',  ( 285.9834654951159791, 368.0298387846179935, 71.00000046773470785 ) ) ;
#805 = CARTESIAN_POINT ( 'NONE',  ( 250.8148636617720229, 359.8106613731370089, 71.00000046773459417 ) ) ;
#806 = ORIENTED_EDGE ( 'NONE', *, *, #358, .T. ) ;
#807 = CIRCLE ( 'NONE', #2964, 4.878679656440321644 ) ;
#808 = DIRECTION ( 'NONE',  ( 0.7850344385869003627, -0.6194521210170726988, 0.000000000000000000 ) ) ;
#809 = ORIENTED_EDGE ( 'NONE', *, *, #1222, .F. ) ;
#810 = CARTESIAN_POINT ( 'NONE',  ( 250.7967969424799719, 364.1524986170119860, 71.00000046773459417 ) ) ;
#811 = CARTESIAN_POINT ( 'NONE',  ( 281.8716764056430293, 356.6298387846179594, 71.00000046773470785 ) ) ;
#812 = ADVANCED_FACE ( 'NONE', ( #4881 ), #1139, .T. ) ;
#813 = FACE_OUTER_BOUND ( 'NONE', #1872, .T. ) ;
#814 = DIRECTION ( 'NONE',  ( -3.812827708568219989E-29, 5.049531523524069939E-29, -1.000000000000000000 ) ) ;
#815 = ORIENTED_EDGE ( 'NONE', *, *, #4158, .T. ) ;
#816 = CARTESIAN_POINT ( 'NONE',  ( 314.6970562748729776, 346.2117749006790177, 59.00000046773480022 ) ) ;
#817 = EDGE_LOOP ( 'NONE', ( #5188, #2796, #4783 ) ) ;
#818 = DIRECTION ( 'NONE',  ( 5.921189464667460002E-15, 1.665250005579849882E-16, -1.000000000000000000 ) ) ;
#819 = DIRECTION ( 'NONE',  ( 1.000000000000000000, 0.000000000000000000, 0.000000000000000000 ) ) ;
#820 = CARTESIAN_POINT ( 'NONE',  ( 241.8586381539635397, 349.9396250413459484, 71.00055550762408529 ) ) ;
#821 = CARTESIAN_POINT ( 'NONE',  ( 300.5939669327240154, 342.2971758994560219, 70.65957085881900923 ) ) ;
#822 = AXIS2_PLACEMENT_3D ( 'NONE', #3886, #550, #1089 ) ;
#823 = CIRCLE ( 'NONE', #2782, 6.599999999999975664 ) ;
#824 = ORIENTED_EDGE ( 'NONE', *, *, #3588, .F. ) ;
#825 = FACE_OUTER_BOUND ( 'NONE', #4735, .T. ) ;
#826 = EDGE_LOOP ( 'NONE', ( #3442, #5767, #4970, #3186 ) ) ;
#827 = CARTESIAN_POINT ( 'NONE',  ( 288.1850935674684138, 354.6492364471743031, 71.00000046773472206 ) ) ;
#828 = B_SPLINE_SURFACE_WITH_KNOTS ( 'NONE', 3, 3, ( 
 ( #3420, #1061, #5318, #2872 ),
 ( #4768, #5746, #4291, #2927 ),
 ( #2958, #3799, #1975, #3359 ),
 ( #526, #5688, #5260, #1465 ),
 ( #3333, #4857, #2408, #555 ),
 ( #4829, #4798, #59, #2464 ) ),
 .UNSPECIFIED., .F., .F., .F.,
 ( 4, 1, 1, 4 ),
 ( 4, 4 ),
 ( 0.000000000000000000, 0.2857142857142860315, 0.5714285714285709528, 1.000000000000000000 ),
 ( -0.1831287542089440057, 2.350746992347860223E-15 ),
 .UNSPECIFIED. ) ;
#829 = DIRECTION ( 'NONE',  ( -5.075305255429250078E-15, -5.076883396865070006E-29, 1.000000000000000000 ) ) ;
#830 = CARTESIAN_POINT ( 'NONE',  ( 303.6419142380909761, 357.2669169374619855, 59.00000046773480022 ) ) ;
#831 = ADVANCED_FACE ( 'NONE', ( #3476 ), #3940, .F. ) ;
#832 = ADVANCED_FACE ( 'NONE', ( #3505 ), #1166, .F. ) ;
#833 = CIRCLE ( 'NONE', #3484, 18.40000000000000924 ) ;
#834 = B_SPLINE_CURVE_WITH_KNOTS ( 'NONE', 3,
 ( #792, #1804, #2663, #4547, #309, #4088 ),
 .UNSPECIFIED., .F., .F.,
 ( 4, 1, 1, 4 ),
 ( 0.000000000000000000, 0.4285714285714290472, 0.7142857142857139685, 1.000000000000000000 ),
 .UNSPECIFIED. ) ;
#835 = CARTESIAN_POINT ( 'NONE',  ( 290.4167292880799778, 350.7807791173599981, 71.00000046773480733 ) ) ;
#836 = FACE_OUTER_BOUND ( 'NONE', #2646, .T. ) ;
#837 = DIRECTION ( 'NONE',  ( 1.000000000000000000, 0.000000000000000000, 0.000000000000000000 ) ) ;
#838 = EDGE_CURVE ( 'NONE', #3261, #5684, #5344, .T. ) ;
#839 = DIRECTION ( 'NONE',  ( -0.4478087658801200854, -0.8941293582032322496, 9.267906874175051991E-15 ) ) ;
#840 = DIRECTION ( 'NONE',  ( 0.9853540647909951877, 0.1705208696900857579, 4.625929269271464023E-15 ) ) ;
#841 = ORIENTED_EDGE ( 'NONE', *, *, #1824, .T. ) ;
#842 = ORIENTED_EDGE ( 'NONE', *, *, #3192, .T. ) ;
#843 = CARTESIAN_POINT ( 'NONE',  ( 251.2536529626679851, 331.8032597054370285, 69.66694158031110362 ) ) ;
#844 = EDGE_LOOP ( 'NONE', ( #2459, #3374, #3053, #1453 ) ) ;
#845 = CARTESIAN_POINT ( 'NONE',  ( 240.4878509981620027, 347.9351173272700066, 67.60000046773470217 ) ) ;
#846 = DIRECTION ( 'NONE',  ( 0.000000000000000000, -1.000000000000000000, -5.048709793107170241E-29 ) ) ;
#847 = DIRECTION ( 'NONE',  ( 0.3826834323650846192, 0.9238795325112888479, 2.262682794752355862E-15 ) ) ;
#848 = ORIENTED_EDGE ( 'NONE', *, *, #5665, .F. ) ;
#849 = CARTESIAN_POINT ( 'NONE',  ( 293.5111314905717563, 367.5074294348436865, 59.00000046773474338 ) ) ;
#850 = EDGE_CURVE ( 'NONE', #3264, #3362, #2583, .T. ) ;
#851 = VERTEX_POINT ( 'NONE', #4461 ) ;
#852 = CARTESIAN_POINT ( 'NONE',  ( 287.6413563378309846, 354.3170131019220435, 59.00000046773470075 ) ) ;
#853 = CARTESIAN_POINT ( 'NONE',  ( 297.4735121930480091, 341.6609152462619932, 71.00000046773470785 ) ) ;
#854 = AXIS2_PLACEMENT_3D ( 'NONE', #3136, #3040, #3537 ) ;
#855 = CARTESIAN_POINT ( 'NONE',  ( 241.3267258299193827, 350.1105871737635766, 71.00157068326791432 ) ) ;
#856 = ORIENTED_EDGE ( 'NONE', *, *, #1531, .F. ) ;
#857 = VECTOR ( 'NONE', #886, 1000.000000000000000 ) ;
#858 = CARTESIAN_POINT ( 'NONE',  ( 285.9834654951159791, 366.9298387846179708, 68.90000046773469933 ) ) ;
#859 = ORIENTED_EDGE ( 'NONE', *, *, #3126, .F. ) ;
#860 = DIRECTION ( 'NONE',  ( -5.075305255429250078E-15, -5.076883396865070006E-29, 1.000000000000000000 ) ) ;
#861 = AXIS2_PLACEMENT_3D ( 'NONE', #2151, #782, #4441 ) ;
#862 = DIRECTION ( 'NONE',  ( 0.4283641579721552684, 0.9036061908623724825, 0.000000000000000000 ) ) ;
#863 = VERTEX_POINT ( 'NONE', #227 ) ;
#864 = DIRECTION ( 'NONE',  ( -3.865418436758450516E-29, 5.048709793107170241E-29, -1.000000000000000000 ) ) ;
#865 = CARTESIAN_POINT ( 'NONE',  ( 240.8759181148139987, 350.3471380341089798, 71.47709466915739540 ) ) ;
#866 = ORIENTED_EDGE ( 'NONE', *, *, #5191, .T. ) ;
#867 = CIRCLE ( 'NONE', #2129, 3.000000000000002665 ) ;
#869 = EDGE_CURVE ( 'NONE', #5319, #779, #5418, .T. ) ;
#868 = AXIS2_PLACEMENT_3D ( 'NONE', #473, #537, #4213 ) ;
#870 = DIRECTION ( 'NONE',  ( 1.000000000000000000, 4.781299772258060553E-15, 5.075305255429250078E-15 ) ) ;
#871 = CARTESIAN_POINT ( 'NONE',  ( 253.2232336721709771, 335.5008672472159788, 68.75735978061520370 ) ) ;
#872 = ORIENTED_EDGE ( 'NONE', *, *, #1325, .F. ) ;
#873 = ORIENTED_EDGE ( 'NONE', *, *, #850, .F. ) ;
#874 = DIRECTION ( 'NONE',  ( -4.135580799816630757E-15, -1.665250005579849882E-16, 1.000000000000000000 ) ) ;
#875 = ORIENTED_EDGE ( 'NONE', *, *, #3763, .T. ) ;
#876 = ADVANCED_FACE ( 'NONE', ( #2608 ), #260, .T. ) ;
#878 = EDGE_CURVE ( 'NONE', #5117, #1140, #5121, .T. ) ;
#877 = CYLINDRICAL_SURFACE ( 'NONE', #6092, 1.999999999999983791 ) ;
#879 = CARTESIAN_POINT ( 'NONE',  ( 286.2716764056430065, 350.0298387846179367, 65.00000046773469364 ) ) ;
#880 = DIRECTION ( 'NONE',  ( -0.4478087658801251925, -0.8941293582032294740, 0.000000000000000000 ) ) ;
#881 = VERTEX_POINT ( 'NONE', #346 ) ;
#882 = DIRECTION ( 'NONE',  ( -5.045325939066829835E-15, -4.854366611098520095E-17, 1.000000000000000000 ) ) ;
#883 = ORIENTED_EDGE ( 'NONE', *, *, #1506, .T. ) ;
#884 = CARTESIAN_POINT ( 'NONE',  ( 243.1791454160241415, 349.9943488449930555, 70.97679509748091675 ) ) ;
#885 = LINE ( 'NONE', #6037, #1417 ) ;
#886 = DIRECTION ( 'NONE',  ( -5.551115123125779621E-17, 1.000000000000000000, 5.048709793107170241E-29 ) ) ;
#887 = CARTESIAN_POINT ( 'NONE',  ( 291.3102957777011284, 351.4980155635410597, 70.60100014989224348 ) ) ;
#888 = EDGE_CURVE ( 'NONE', #3862, #1447, #3379, .T. ) ;
#889 = LINE ( 'NONE', #2387, #2533 ) ;
#890 = CARTESIAN_POINT ( 'NONE',  ( 300.5306643749619866, 342.0835683475120277, 70.39202388604360294 ) ) ;
#891 = ORIENTED_EDGE ( 'NONE', *, *, #5754, .F. ) ;
#892 = LINE ( 'NONE', #2755, #5253 ) ;
#893 = VERTEX_POINT ( 'NONE', #5059 ) ;
#894 = LINE ( 'NONE', #2296, #1611 ) ;
#895 = EDGE_CURVE ( 'NONE', #4637, #2407, #6051, .T. ) ;
#896 = DIRECTION ( 'NONE',  ( 0.3826834323650860625, 0.9238795325112882928, 2.081668171172170485E-15 ) ) ;
#897 = AXIS2_PLACEMENT_3D ( 'NONE', #2416, #2471, #1956 ) ;
#898 = ORIENTED_EDGE ( 'NONE', *, *, #4103, .F. ) ;
#899 = LINE ( 'NONE', #2201, #3870 ) ;
#900 = CARTESIAN_POINT ( 'NONE',  ( 238.0933184961089921, 347.7201426854809938, 67.60000046773470217 ) ) ;
#901 = ORIENTED_EDGE ( 'NONE', *, *, #1586, .T. ) ;
#902 = DIRECTION ( 'NONE',  ( 0.8941293582032345810, -0.4478087658801153115, 4.625929269271513721E-15 ) ) ;
#903 = DIRECTION ( 'NONE',  ( -0.7071067811865489050, 0.7071067811865460184, -3.532708032038349653E-15 ) ) ;
#904 = ORIENTED_EDGE ( 'NONE', *, *, #358, .F. ) ;
#905 = ORIENTED_EDGE ( 'NONE', *, *, #1724, .F. ) ;
#906 = DIRECTION ( 'NONE',  ( 0.6322449324434786799, -0.3166486150286228485, 0.7071067811865446862 ) ) ;
#907 = ORIENTED_EDGE ( 'NONE', *, *, #2245, .F. ) ;
#908 = CARTESIAN_POINT ( 'NONE',  ( 235.6573420640499705, 344.8036347011870362, 71.00000046773449469 ) ) ;
#909 = ADVANCED_FACE ( 'NONE', ( #2731 ), #1810, .F. ) ;
#910 = DIRECTION ( 'NONE',  ( 0.4478087658801200854, 0.8941293582032322496, 5.773159728050851876E-15 ) ) ;
#911 = CIRCLE ( 'NONE', #1108, 2.849999999999741629 ) ;
#912 = DIRECTION ( 'NONE',  ( -0.5254480155638050487, 0.8508257065580817624, -2.921639538487247950E-15 ) ) ;
#913 = ORIENTED_EDGE ( 'NONE', *, *, #4630, .F. ) ;
#914 = EDGE_CURVE ( 'NONE', #2891, #3571, #3191, .T. ) ;
#915 = ADVANCED_FACE ( 'NONE', ( #1843, #2261, #1261, #4092, #5574, #3162 ), #378, .T. ) ;
#916 = ORIENTED_EDGE ( 'NONE', *, *, #2917, .F. ) ;
#917 = CARTESIAN_POINT ( 'NONE',  ( 240.7878931027423448, 341.1698708058639227, 80.47149331572498454 ) ) ;
#918 = AXIS2_PLACEMENT_3D ( 'NONE', #2023, #4339, #546 ) ;
#919 = DIRECTION ( 'NONE',  ( -3.865418436758450516E-29, 5.048709793107170241E-29, -1.000000000000000000 ) ) ;
#920 = LINE ( 'NONE', #981, #447 ) ;
#921 = EDGE_CURVE ( 'NONE', #2381, #881, #288, .T. ) ;
#922 = CYLINDRICAL_SURFACE ( 'NONE', #5233, 3.000000000000010658 ) ;
#923 = CYLINDRICAL_SURFACE ( 'NONE', #5496, 2.000000000000007105 ) ;
#924 = CARTESIAN_POINT ( 'NONE',  ( 240.7608469605939945, 340.5409967396829529, 69.40000046773450038 ) ) ;
#925 = ORIENTED_EDGE ( 'NONE', *, *, #5998, .T. ) ;
#926 = ORIENTED_EDGE ( 'NONE', *, *, #326, .F. ) ;
#927 = DIRECTION ( 'NONE',  ( 0.4478087658801240822, 0.8941293582032302512, -1.548285618979870399E-14 ) ) ;
#928 = VECTOR ( 'NONE', #2940, 1000.000000000000000 ) ;
#929 = CIRCLE ( 'NONE', #1212, 2.000000000000009326 ) ;
#930 = AXIS2_PLACEMENT_3D ( 'NONE', #3152, #2630, #1704 ) ;
#931 = ORIENTED_EDGE ( 'NONE', *, *, #2823, .F. ) ;
#932 = EDGE_CURVE ( 'NONE', #967, #5110, #1229, .T. ) ;
#933 = DIRECTION ( 'NONE',  ( -5.649151519266280101E-15, 5.738462638369789441E-16, 1.000000000000000000 ) ) ;
#934 = CARTESIAN_POINT ( 'NONE',  ( 298.4567361231772793, 342.1778995647511010, 68.75735978061541687 ) ) ;
#935 = ORIENTED_EDGE ( 'NONE', *, *, #4601, .F. ) ;
#936 = AXIS2_PLACEMENT_3D ( 'NONE', #5469, #5016, #847 ) ;
#937 = CARTESIAN_POINT ( 'NONE',  ( 258.7145304338959590, 353.1645001457779927, 68.75735978061531739 ) ) ;
#938 = VERTEX_POINT ( 'NONE', #3663 ) ;
#939 = ORIENTED_EDGE ( 'NONE', *, *, #250, .F. ) ;
#940 = DIRECTION ( 'NONE',  ( -0.7071067811865489050, 0.7071067811865460184, -2.806546270563589545E-15 ) ) ;
#941 = ORIENTED_EDGE ( 'NONE', *, *, #1063, .F. ) ;
#942 = AXIS2_PLACEMENT_3D ( 'NONE', #4187, #3624, #3593 ) ;
#943 = FACE_OUTER_BOUND ( 'NONE', #4223, .T. ) ;
#944 = CARTESIAN_POINT ( 'NONE',  ( 241.6730918218903241, 350.3846747279900455, 67.00000046773500628 ) ) ;
#945 = DIRECTION ( 'NONE',  ( 5.075305255429250078E-15, 5.708194612618561243E-29, -1.000000000000000000 ) ) ;
#946 = ORIENTED_EDGE ( 'NONE', *, *, #4351, .T. ) ;
#947 = ORIENTED_EDGE ( 'NONE', *, *, #6085, .F. ) ;
#948 = DIRECTION ( 'NONE',  ( -0.5254480155638063810, 0.8508257065580810963, -2.775557561562891351E-15 ) ) ;
#949 = DIRECTION ( 'NONE',  ( -7.479616923332907353E-16, -3.350523860511953277E-18, 1.000000000000000000 ) ) ;
#950 = EDGE_CURVE ( 'NONE', #4381, #3330, #3223, .T. ) ;
#951 = PLANE ( 'NONE',  #2047 ) ;
#952 = CARTESIAN_POINT ( 'NONE',  ( 291.7683162657150433, 343.5432494308849982, 68.00000046773470785 ) ) ;
#953 = ORIENTED_EDGE ( 'NONE', *, *, #1890, .T. ) ;
#954 = B_SPLINE_CURVE_WITH_KNOTS ( 'NONE', 3,
 ( #2568, #4455, #4995, #226 ),
 .UNSPECIFIED., .F., .F.,
 ( 4, 4 ),
 ( 0.000000000000000000, 1.000000000000000000 ),
 .UNSPECIFIED. ) ;
#955 = ORIENTED_EDGE ( 'NONE', *, *, #3052, .T. ) ;
#956 = CARTESIAN_POINT ( 'NONE',  ( 285.8574628432700138, 349.0298387846179367, 71.00000046773470785 ) ) ;
#957 = AXIS2_PLACEMENT_3D ( 'NONE', #3835, #1865, #3741 ) ;
#958 = EDGE_CURVE ( 'NONE', #4436, #1729, #2862, .T. ) ;
#959 = ORIENTED_EDGE ( 'NONE', *, *, #3117, .T. ) ;
#960 = DIRECTION ( 'NONE',  ( 5.075305255429250078E-15, 4.462243504280484979E-29, -1.000000000000000000 ) ) ;
#961 = CARTESIAN_POINT ( 'NONE',  ( 243.0312284479409755, 350.3267481053899814, 70.37413349051929856 ) ) ;
#962 = ORIENTED_EDGE ( 'NONE', *, *, #1137, .T. ) ;
#963 = ADVANCED_FACE ( 'NONE', ( #4521 ), #4617, .T. ) ;
#964 = EDGE_CURVE ( 'NONE', #4842, #3887, #2169, .T. ) ;
#966 = AXIS2_PLACEMENT_3D ( 'NONE', #2149, #2676, #2551 ) ;
#965 = CARTESIAN_POINT ( 'NONE',  ( 242.0104500619017642, 350.4353358298688477, 59.00000046773440232 ) ) ;
#967 = VERTEX_POINT ( 'NONE', #314 ) ;
#968 = AXIS2_PLACEMENT_3D ( 'NONE', #6091, #1851, #3728 ) ;
#969 = ORIENTED_EDGE ( 'NONE', *, *, #402, .F. ) ;
#970 = DIRECTION ( 'NONE',  ( 3.865418436758450516E-29, -5.048709793107170241E-29, 1.000000000000000000 ) ) ;
#971 = ORIENTED_EDGE ( 'NONE', *, *, #4551, .T. ) ;
#972 = DIRECTION ( 'NONE',  ( 0.7071067811865443531, 0.7071067811865506814, 0.000000000000000000 ) ) ;
#973 = DIRECTION ( 'NONE',  ( 5.585274492434210298E-15, -1.762105895872814836E-16, -1.000000000000000000 ) ) ;
#974 = CARTESIAN_POINT ( 'NONE',  ( 300.2054441473366637, 343.0159852066006465, 71.00141943132042854 ) ) ;
#975 = EDGE_LOOP ( 'NONE', ( #529, #3975, #4733, #5138, #3229 ) ) ;
#976 = ORIENTED_EDGE ( 'NONE', *, *, #2213, .F. ) ;
#977 = DIRECTION ( 'NONE',  ( 4.135580799816630757E-15, 1.665250005579850128E-16, -1.000000000000000000 ) ) ;
#978 = VECTOR ( 'NONE', #184, 1000.000000000000114 ) ;
#979 = DIRECTION ( 'NONE',  ( -1.000000000000000000, 0.000000000000000000, -4.625929269271481378E-15 ) ) ;
#980 = PRODUCT ( '[a]_cable_cover rev2', '[a]_cable_cover rev2', '', ( #1033 ) ) ;
#981 = CARTESIAN_POINT ( 'NONE',  ( 287.8065601265729470, 356.4488832589319713, 71.00000046773480733 ) ) ;
#982 = AXIS2_PLACEMENT_3D ( 'NONE', #1694, #3018, #1149 ) ;
#983 = DIRECTION ( 'NONE',  ( -0.7850344385868762709, -0.6194521210171033410, 0.000000000000000000 ) ) ;
#984 = FACE_OUTER_BOUND ( 'NONE', #2674, .T. ) ;
#985 = ORIENTED_EDGE ( 'NONE', *, *, #3567, .T. ) ;
#986 = ORIENTED_EDGE ( 'NONE', *, *, #1976, .T. ) ;
#987 = DIRECTION ( 'NONE',  ( -0.7071067811865480168, 0.7071067811865470176, 0.000000000000000000 ) ) ;
#988 = CARTESIAN_POINT ( 'NONE',  ( 286.2716764056430065, 350.0298387846179367, 71.00000046773470785 ) ) ;
#989 = EDGE_CURVE ( 'NONE', #3264, #5170, #2460, .T. ) ;
#990 = EDGE_CURVE ( 'NONE', #673, #893, #5483, .T. ) ;
#991 = ADVANCED_FACE ( 'NONE', ( #2200 ), #2555, .F. ) ;
#992 = ORIENTED_EDGE ( 'NONE', *, *, #4438, .T. ) ;
#993 = CARTESIAN_POINT ( 'NONE',  ( 300.3949863280379873, 341.7202738933619912, 69.68895631203719176 ) ) ;
#994 = LINE ( 'NONE', #1084, #3955 ) ;
#995 = ORIENTED_EDGE ( 'NONE', *, *, #4188, .F. ) ;
#996 = CARTESIAN_POINT ( 'NONE',  ( 294.1724793217489946, 345.9474124869190064, 67.60000046773470217 ) ) ;
#997 = CIRCLE ( 'NONE', #1485, 6.599999999999975664 ) ;
#998 = CARTESIAN_POINT ( 'NONE',  ( 292.5473661078199257, 350.1625876083190292, 71.14203656889709748 ) ) ;
#999 = VERTEX_POINT ( 'NONE', #4336 ) ;
#1000 = ORIENTED_EDGE ( 'NONE', *, *, #685, .T. ) ;
#1001 = CARTESIAN_POINT ( 'NONE',  ( 239.9115796498549287, 341.2503365270654285, 80.47149331572498454 ) ) ;
#1002 = VERTEX_POINT ( 'NONE', #1420 ) ;
#1003 = CARTESIAN_POINT ( 'NONE',  ( 264.5435048184928064, 357.1551440091138829, 71.00000046773459417 ) ) ;
#1004 = CIRCLE ( 'NONE', #5416, 2.000000000000015543 ) ;
#1005 = ORIENTED_EDGE ( 'NONE', *, *, #869, .F. ) ;
#1006 = ORIENTED_EDGE ( 'NONE', *, *, #5061, .T. ) ;
#1007 = DIRECTION ( 'NONE',  ( 7.394303992499289572E-16, 1.785142898300294975E-15, -1.000000000000000000 ) ) ;
#1008 = EDGE_CURVE ( 'NONE', #6070, #3795, #2159, .T. ) ;
#1009 = LINE ( 'NONE', #3337, #5089 ) ;
#1010 = DIRECTION ( 'NONE',  ( 5.921189464667460002E-15, 1.665250005579849882E-16, -1.000000000000000000 ) ) ;
#1011 = CIRCLE ( 'NONE', #4543, 19.12132034355968813 ) ;
#1012 = DIRECTION ( 'NONE',  ( -0.7675021011300318108, 0.6410464294893049031, 0.000000000000000000 ) ) ;
#1013 = FACE_OUTER_BOUND ( 'NONE', #4207, .T. ) ;
#1014 = CARTESIAN_POINT ( 'NONE',  ( 286.0394317977110177, 349.2721338988890238, 67.80000046773470501 ) ) ;
#1015 = ORIENTED_EDGE ( 'NONE', *, *, #3345, .F. ) ;
#1016 = VECTOR ( 'NONE', #1051, 1000.000000000000000 ) ;
#1017 = EDGE_LOOP ( 'NONE', ( #2803, #3633, #1919, #4075 ) ) ;
#1018 = CARTESIAN_POINT ( 'NONE',  ( 243.5441710574816909, 351.2653220446644582, 70.03820441356154447 ) ) ;
#1019 = CARTESIAN_POINT ( 'NONE',  ( 286.2716764056430065, 350.0298387846179367, 65.00000046773469364 ) ) ;
#1020 = ORIENTED_EDGE ( 'NONE', *, *, #3318, .F. ) ;
#1021 = CARTESIAN_POINT ( 'NONE',  ( 299.1664939225449871, 342.3301226250770242, 68.75735978061540266 ) ) ;
#1022 = FACE_OUTER_BOUND ( 'NONE', #8, .T. ) ;
#1023 = CIRCLE ( 'NONE', #4059, 2.999999999999989342 ) ;
#1024 = VECTOR ( 'NONE', #2944, 1000.000000000000000 ) ;
#1025 = CARTESIAN_POINT ( 'NONE',  ( 289.1001035303889921, 352.8582659093639791, 59.00000046773470075 ) ) ;
#1026 = EDGE_CURVE ( 'NONE', #2230, #4531, #1582, .T. ) ;
#1027 = EDGE_CURVE ( 'NONE', #1257, #5780, #1099, .T. ) ;
#1028 = CARTESIAN_POINT ( 'NONE',  ( 291.8273604317780041, 351.5131797545539598, 70.97734277539800019 ) ) ;
#1029 = ORIENTED_EDGE ( 'NONE', *, *, #3073, .T. ) ;
#1030 = CIRCLE ( 'NONE', #2293, 3.799999999999973621 ) ;
#1031 = ORIENTED_EDGE ( 'NONE', *, *, #4486, .T. ) ;
#1032 = DIRECTION ( 'NONE',  ( -3.865418436758455560E-29, 5.048709793107170241E-29, -1.000000000000000000 ) ) ;
#1033 = PRODUCT_CONTEXT ( 'NONE', #5801, 'mechanical' ) ;
#1034 = ORIENTED_EDGE ( 'NONE', *, *, #5545, .F. ) ;
#1035 = VECTOR ( 'NONE', #1049, 1000.000000000000000 ) ;
#1036 = ORIENTED_EDGE ( 'NONE', *, *, #1648, .T. ) ;
#1037 = FACE_OUTER_BOUND ( 'NONE', #3616, .T. ) ;
#1038 = AXIS2_PLACEMENT_3D ( 'NONE', #38, #1527, #3775 ) ;
#1039 = DIRECTION ( 'NONE',  ( 0.7850344385869003627, -0.6194521210170726988, 0.000000000000000000 ) ) ;
#1040 = CARTESIAN_POINT ( 'NONE',  ( 291.1885809147930217, 350.7697885249600631, 69.14043380255249360 ) ) ;
#1041 = DIRECTION ( 'NONE',  ( -3.865418436758450516E-29, 5.048709793107170241E-29, -1.000000000000000000 ) ) ;
#1042 = DIRECTION ( 'NONE',  ( 3.865418436758450516E-29, -5.048709793107170241E-29, 1.000000000000000000 ) ) ;
#1043 = CARTESIAN_POINT ( 'NONE',  ( 264.4726037499009408, 349.0298387846179367, 68.90000046773458564 ) ) ;
#1044 = ADVANCED_FACE ( 'NONE', ( #1875 ), #5247, .F. ) ;
#1045 = FACE_OUTER_BOUND ( 'NONE', #3575, .T. ) ;
#1046 = ADVANCED_FACE ( 'NONE', ( #4723 ), #2068, .T. ) ;
#1047 = CARTESIAN_POINT ( 'NONE',  ( 243.4812606540889988, 351.3353287846949797, 69.83075970084489370 ) ) ;
#1048 = VERTEX_POINT ( 'NONE', #3286 ) ;
#1049 = DIRECTION ( 'NONE',  ( -0.7071067811865819897, 0.7071067811865130448, -3.588782762705879884E-15 ) ) ;
#1050 = LINE ( 'NONE', #4820, #730 ) ;
#1051 = DIRECTION ( 'NONE',  ( 0.7071067811865470176, 0.7071067811865480168, 8.748234485413390616E-30 ) ) ;
#1052 = DIRECTION ( 'NONE',  ( 7.479616927696616682E-16, -2.070759876205155989E-30, -1.000000000000000000 ) ) ;
#1053 = DIRECTION ( 'NONE',  ( -2.398365081719690306E-16, 1.076903867444512017E-15, 1.000000000000000000 ) ) ;
#1054 = VECTOR ( 'NONE', #1409, 1000.000000000000000 ) ;
#1055 = CIRCLE ( 'NONE', #854, 2.000000000000016431 ) ;
#1056 = CARTESIAN_POINT ( 'NONE',  ( 251.3595895153130186, 331.7797722601289365, 68.75735978061520370 ) ) ;
#1057 = ORIENTED_EDGE ( 'NONE', *, *, #71, .T. ) ;
#1058 = AXIS2_PLACEMENT_3D ( 'NONE', #4148, #2195, #2132 ) ;
#1059 = DIRECTION ( 'NONE',  ( -0.7850344385868762709, -0.6194521210171033410, 0.000000000000000000 ) ) ;
#1060 = VERTEX_POINT ( 'NONE', #4249 ) ;
#1061 = CARTESIAN_POINT ( 'NONE',  ( 243.3341019716850155, 351.4850050418140199, 69.12361751900039053 ) ) ;
#1062 = B_SPLINE_CURVE_WITH_KNOTS ( 'NONE', 3,
 ( #434, #4707, #2810, #2350 ),
 .UNSPECIFIED., .F., .F.,
 ( 4, 4 ),
 ( 0.8439091903232001091, 1.000000000000000000 ),
 .UNSPECIFIED. ) ;
#1063 = EDGE_CURVE ( 'NONE', #4663, #4141, #5673, .T. ) ;
#1064 = VECTOR ( 'NONE', #4736, 1000.000000000000000 ) ;
#1065 = VERTEX_POINT ( 'NONE', #3441 ) ;
#1066 = ORIENTED_EDGE ( 'NONE', *, *, #3729, .T. ) ;
#1067 = DIRECTION ( 'NONE',  ( -8.242673678232370000E-16, -1.989957458420594918E-15, 1.000000000000000000 ) ) ;
#1068 = ADVANCED_FACE ( 'NONE', ( #4929 ), #1269, .T. ) ;
#1069 = EDGE_CURVE ( 'NONE', #3571, #4151, #1772, .T. ) ;
#1070 = PLANE ( 'NONE',  #1630 ) ;
#1071 = FACE_OUTER_BOUND ( 'NONE', #4645, .T. ) ;
#1072 = DIRECTION ( 'NONE',  ( -0.7071067811865819897, 0.7071067811865130448, 0.000000000000000000 ) ) ;
#1073 = VECTOR ( 'NONE', #1484, 999.9999999999998863 ) ;
#1074 = CARTESIAN_POINT ( 'NONE',  ( 240.9817368196890186, 350.2587168600670680, 70.63423669537309024 ) ) ;
#1075 = LINE ( 'NONE', #1610, #1562 ) ;
#1076 = CARTESIAN_POINT ( 'NONE',  ( 297.1559291985969935, 358.7075988703879830, 71.00000046773480733 ) ) ;
#1077 = ORIENTED_EDGE ( 'NONE', *, *, #1936, .T. ) ;
#1078 = VECTOR ( 'NONE', #2939, 999.9999999999998863 ) ;
#1079 = CIRCLE ( 'NONE', #5603, 3.799999999999998046 ) ;
#1080 = LINE ( 'NONE', #4785, #1024 ) ;
#1081 = ADVANCED_FACE ( 'NONE', ( #5911 ), #5083, .F. ) ;
#1082 = ORIENTED_EDGE ( 'NONE', *, *, #4486, .F. ) ;
#1083 = CARTESIAN_POINT ( 'NONE',  ( 240.6871207130470225, 350.5048286777199564, 71.00000046773449469 ) ) ;
#1084 = CARTESIAN_POINT ( 'NONE',  ( 305.6460894756859830, 337.1608081014909430, 67.40000046773491249 ) ) ;
#1085 = ADVANCED_FACE ( 'NONE', ( #2256 ), #1349, .T. ) ;
#1086 = CARTESIAN_POINT ( 'NONE',  ( 240.7878931027424017, 341.1698708058639227, 67.00000046773500628 ) ) ;
#1087 = DIRECTION ( 'NONE',  ( -0.9760862754457416690, -0.2173834926724194094, 0.000000000000000000 ) ) ;
#1088 = DIRECTION ( 'NONE',  ( -0.7071067811865441310, -0.7071067811865510144, -3.042048184826860543E-15 ) ) ;
#1089 = DIRECTION ( 'NONE',  ( 0.3826834323650846192, 0.9238795325112888479, 2.262682794752355862E-15 ) ) ;
#1090 = EDGE_LOOP ( 'NONE', ( #4383, #4764, #2187, #3467 ) ) ;
#1091 = CARTESIAN_POINT ( 'NONE',  ( 239.9723004224499903, 341.1996202692069460, 68.40000046773448616 ) ) ;
#1092 = ORIENTED_EDGE ( 'NONE', *, *, #1360, .F. ) ;
#1093 = ORIENTED_EDGE ( 'NONE', *, *, #5214, .T. ) ;
#1094 = DIRECTION ( 'NONE',  ( 0.7071067811865475727, 0.7071067811865475727, 0.000000000000000000 ) ) ;
#1095 = VECTOR ( 'NONE', #3023, 1000.000000000000000 ) ;
#1096 = DIRECTION ( 'NONE',  ( -3.812827708568219989E-29, 5.049531523524069939E-29, -1.000000000000000000 ) ) ;
#1097 = CARTESIAN_POINT ( 'NONE',  ( 291.6848000941750456, 350.2735693455780392, 69.17198777949489852 ) ) ;
#1098 = DIRECTION ( 'NONE',  ( -1.000000000000000000, -5.551115123125779621E-17, 3.865418436758450516E-29 ) ) ;
#1099 = CIRCLE ( 'NONE', #4748, 18.39999999999999503 ) ;
#1100 = EDGE_CURVE ( 'NONE', #559, #3488, #3779, .T. ) ;
#1101 = LINE ( 'NONE', #4922, #5014 ) ;
#1102 = AXIS2_PLACEMENT_3D ( 'NONE', #494, #389, #5529 ) ;
#1103 = ADVANCED_FACE ( 'NONE', ( #4244 ), #3371, .T. ) ;
#1104 = LINE ( 'NONE', #5303, #2572 ) ;
#1105 = ORIENTED_EDGE ( 'NONE', *, *, #4939, .F. ) ;
#1106 = CARTESIAN_POINT ( 'NONE',  ( 251.7975468209959899, 366.4215926311999851, 70.87868012417489183 ) ) ;
#1107 = CARTESIAN_POINT ( 'NONE',  ( 307.3431457505329831, 338.8578643763390232, 68.75735978061550213 ) ) ;
#1108 = AXIS2_PLACEMENT_3D ( 'NONE', #5608, #1288, #3591 ) ;
#1109 = VERTEX_POINT ( 'NONE', #6076 ) ;
#1110 = DIRECTION ( 'NONE',  ( -0.7071067811865480168, 0.7071067811865470176, 6.303240519704420494E-29 ) ) ;
#1111 = DIRECTION ( 'NONE',  ( 5.921189464667460002E-15, 5.081578997491380000E-29, -1.000000000000000000 ) ) ;
#1112 = DIRECTION ( 'NONE',  ( 0.7071067811865480168, -0.7071067811865470176, -6.266976104990621554E-29 ) ) ;
#1113 = CARTESIAN_POINT ( 'NONE',  ( 293.6267050204709790, 340.5933120735729744, 67.80000046773470501 ) ) ;
#1114 = ADVANCED_FACE ( 'NONE', ( #1835 ), #5210, .T. ) ;
#1115 = EDGE_LOOP ( 'NONE', ( #4978, #5002, #1551, #109 ) ) ;
#1116 = EDGE_CURVE ( 'NONE', #1819, #6055, #192, .T. ) ;
#1117 = CARTESIAN_POINT ( 'NONE',  ( 240.6871207130470225, 350.5048286777199564, 71.00000046773449469 ) ) ;
#1118 = CIRCLE ( 'NONE', #2299, 1.700000000000007061 ) ;
#1119 = VECTOR ( 'NONE', #3554, 1000.000000000000114 ) ;
#1120 = ORIENTED_EDGE ( 'NONE', *, *, #5340, .F. ) ;
#1121 = ORIENTED_EDGE ( 'NONE', *, *, #5287, .F. ) ;
#1122 = CARTESIAN_POINT ( 'NONE',  ( 293.6267050204709790, 340.5933120735729744, 67.60000046773470217 ) ) ;
#1123 = LINE ( 'NONE', #2458, #3378 ) ;
#1124 = LINE ( 'NONE', #2963, #5095 ) ;
#1125 = AXIS2_PLACEMENT_3D ( 'NONE', #2125, #5200, #4 ) ;
#1126 = LINE ( 'NONE', #2995, #285 ) ;
#1127 = CARTESIAN_POINT ( 'NONE',  ( 286.2716764056430065, 357.0298387846179935, 68.75735978061540266 ) ) ;
#1128 = LINE ( 'NONE', #2997, #715 ) ;
#1129 = DIRECTION ( 'NONE',  ( 0.7675021011300291462, -0.6410464294893080117, -1.158385151365230254E-16 ) ) ;
#1130 = ORIENTED_EDGE ( 'NONE', *, *, #2443, .T. ) ;
#1131 = LINE ( 'NONE', #1106, #1119 ) ;
#1132 = ADVANCED_FACE ( 'NONE', ( #2290 ), #2818, .F. ) ;
#1133 = DIRECTION ( 'NONE',  ( -4.973799150320700986E-15, -5.076883396865070006E-29, 1.000000000000000000 ) ) ;
#1134 = B_SPLINE_CURVE_WITH_KNOTS ( 'NONE', 3,
 ( #1613, #3494, #5382, #5906, #3551, #3523, #332, #5440, #688, #4081, #1759, #5966, #4924, #3120, #1280, #4113, #2595, #1730, #1217, #4508, #3615 ),
 .UNSPECIFIED., .F., .F.,
 ( 4, 2, 1, 1, 2, 2, 2, 2, 1, 2, 2, 4 ),
 ( 0.000000000000000000, 0.1250000000007219503, 0.1875000000011189938, 0.2187500000012641277, 0.2343750000013557488, 0.2500000000014473422, 0.3750000000016479040, 0.4375000000017162938, 0.4687500000017504886, 0.4843750000017468804, 0.5000000000017432722, 1.000000000000000000 ),
 .UNSPECIFIED. ) ;
#1135 = ORIENTED_EDGE ( 'NONE', *, *, #878, .T. ) ;
#1136 = CARTESIAN_POINT ( 'NONE',  ( 294.0498509986950353, 354.4139008279740324, 71.00000046773480733 ) ) ;
#1137 = EDGE_CURVE ( 'NONE', #4430, #1142, #1382, .T. ) ;
#1138 = ADVANCED_FACE ( 'NONE', ( #4780 ), #72, .F. ) ;
#1139 = CYLINDRICAL_SURFACE ( 'NONE', #5272, 2.999999999999987566 ) ;
#1140 = VERTEX_POINT ( 'NONE', #924 ) ;
#1141 = DIRECTION ( 'NONE',  ( -5.251782877184730349E-15, -4.260546678974800297E-16, 1.000000000000000000 ) ) ;
#1142 = VERTEX_POINT ( 'NONE', #4716 ) ;
#1143 = DIRECTION ( 'NONE',  ( -0.7071067811865336949, -0.7071067811865614505, 0.000000000000000000 ) ) ;
#1144 = ADVANCED_FACE ( 'NONE', ( #984 ), #2850, .F. ) ;
#1145 = CIRCLE ( 'NONE', #4093, 2.000000000000015543 ) ;
#1146 = VERTEX_POINT ( 'NONE', #13 ) ;
#1147 = AXIS2_PLACEMENT_3D ( 'NONE', #4712, #3777, #2847 ) ;
#1148 = VERTEX_POINT ( 'NONE', #5180 ) ;
#1149 = DIRECTION ( 'NONE',  ( 0.000000000000000000, 8.914128229865941374E-29, -1.000000000000000000 ) ) ;
#1150 = VERTEX_POINT ( 'NONE', #3840 ) ;
#1151 = CARTESIAN_POINT ( 'NONE',  ( 292.0035357331939849, 347.8389616456090039, 69.45221447060420417 ) ) ;
#1152 = LINE ( 'NONE', #301, #3408 ) ;
#1153 = CARTESIAN_POINT ( 'NONE',  ( 292.3348675105843881, 349.4204985024134089, 71.00081882937810462 ) ) ;
#1154 = CIRCLE ( 'NONE', #3110, 17.39999999999997016 ) ;
#1155 = DIRECTION ( 'NONE',  ( 1.000000000000000000, 5.325766498111130543E-15, 4.135580799816641012E-15 ) ) ;
#1156 = LINE ( 'NONE', #215, #928 ) ;
#1157 = EDGE_LOOP ( 'NONE', ( #5226, #856, #3768, #5194, #3546, #1550, #2307 ) ) ;
#1158 = AXIS2_PLACEMENT_3D ( 'NONE', #6020, #5555, #352 ) ;
#1159 = DIRECTION ( 'NONE',  ( -0.4478087658801228055, -0.8941293582032306952, -2.000844226037119392E-15 ) ) ;
#1160 = CARTESIAN_POINT ( 'NONE',  ( 248.0206235589609776, 357.2695200768120003, 68.40000046773448616 ) ) ;
#1161 = B_SPLINE_CURVE_WITH_KNOTS ( 'NONE', 3,
 ( #3692, #4090, #3189, #5945, #5087, #1353 ),
 .UNSPECIFIED., .F., .F.,
 ( 4, 2, 4 ),
 ( 0.000000000000000000, 0.5000000000000000000, 1.000000000000000000 ),
 .UNSPECIFIED. ) ;
#1162 = ORIENTED_EDGE ( 'NONE', *, *, #1921, .T. ) ;
#1163 = CARTESIAN_POINT ( 'NONE',  ( 251.2160781779427907, 366.7128108459413056, 69.90541007771048498 ) ) ;
#1164 = CIRCLE ( 'NONE', #4611, 3.000000000000002665 ) ;
#1165 = ADVANCED_FACE ( 'NONE', ( #1013 ), #4276, .F. ) ;
#1166 = PLANE ( 'NONE',  #2001 ) ;
#1167 = EDGE_CURVE ( 'NONE', #4430, #1176, #1004, .T. ) ;
#1168 = ADVANCED_FACE ( 'NONE', ( #1045 ), #3540, .T. ) ;
#1169 = CARTESIAN_POINT ( 'NONE',  ( 262.3461958634999860, 354.2839673174083828, 71.00000046773457996 ) ) ;
#1170 = ORIENTED_EDGE ( 'NONE', *, *, #4873, .T. ) ;
#1171 = DIRECTION ( 'NONE',  ( 3.865418436758450516E-29, -5.048709793107170241E-29, 1.000000000000000000 ) ) ;
#1172 = ORIENTED_EDGE ( 'NONE', *, *, #3002, .T. ) ;
#1173 = ADVANCED_FACE ( 'NONE', ( #1927 ), #1870, .F. ) ;
#1174 = CARTESIAN_POINT ( 'NONE',  ( 267.9592223789459240, 357.2156252222447961, 71.00000046773470785 ) ) ;
#1175 = EDGE_LOOP ( 'NONE', ( #219, #5374, #5459, #5619, #2571 ) ) ;
#1176 = VERTEX_POINT ( 'NONE', #3814 ) ;
#1177 = VERTEX_POINT ( 'NONE', #3342 ) ;
#1178 = DIRECTION ( 'NONE',  ( -4.135580799816630757E-15, -1.665250005579849882E-16, 1.000000000000000000 ) ) ;
#1179 = ORIENTED_EDGE ( 'NONE', *, *, #1990, .T. ) ;
#1180 = CARTESIAN_POINT ( 'NONE',  ( 285.8574628432700138, 349.0298387846179367, 69.40000046773469933 ) ) ;
#1181 = CARTESIAN_POINT ( 'NONE',  ( 305.2218254069740055, 336.7365440327790225, 65.00000046773479312 ) ) ;
#1182 = CYLINDRICAL_SURFACE ( 'NONE', #5399, 5.600000000000012967 ) ;
#1183 = ORIENTED_EDGE ( 'NONE', *, *, #2059, .T. ) ;
#1184 = CARTESIAN_POINT ( 'NONE',  ( 283.2858899680161358, 357.2156252222448529, 71.00000046773470785 ) ) ;
#1185 = ADVANCED_FACE ( 'NONE', ( #5239 ), #538, .T. ) ;
#1186 = VERTEX_POINT ( 'NONE', #157 ) ;
#1187 = DIRECTION ( 'NONE',  ( 5.551115123125779621E-17, -1.000000000000000000, -5.048709793107170241E-29 ) ) ;
#1188 = CYLINDRICAL_SURFACE ( 'NONE', #1227, 1.699999999999979305 ) ;
#1189 = DIRECTION ( 'NONE',  ( 1.000000000000000000, 4.781299772258060553E-15, 5.075305255429250078E-15 ) ) ;
#1190 = ORIENTED_EDGE ( 'NONE', *, *, #479, .F. ) ;
#1191 = CARTESIAN_POINT ( 'NONE',  ( 264.9734359413189964, 357.0298387846179935, 68.75735978061540266 ) ) ;
#1192 = CARTESIAN_POINT ( 'NONE',  ( 266.1328989089290076, 345.6316960581830244, 67.60000046773470217 ) ) ;
#1193 = VECTOR ( 'NONE', #5715, 1000.000000000000000 ) ;
#1194 = CARTESIAN_POINT ( 'NONE',  ( 300.6534540798799640, 342.6446530513979951, 70.94733807442310081 ) ) ;
#1195 = CARTESIAN_POINT ( 'NONE',  ( 294.1724793217489946, 343.5432494308849982, 66.00000046773476470 ) ) ;
#1196 = ORIENTED_EDGE ( 'NONE', *, *, #2917, .T. ) ;
#1197 = B_SPLINE_CURVE_WITH_KNOTS ( 'NONE', 3,
 ( #5744, #2925, #3331, #4766 ),
 .UNSPECIFIED., .F., .F.,
 ( 4, 4 ),
 ( 0.000000000000000000, 1.000000000000000000 ),
 .UNSPECIFIED. ) ;
#1198 = DIRECTION ( 'NONE',  ( -5.324788136289880501E-15, -4.981366715950999752E-16, 1.000000000000000000 ) ) ;
#1199 = CIRCLE ( 'NONE', #4352, 3.000000000000000000 ) ;
#1200 = CARTESIAN_POINT ( 'NONE',  ( 281.8716764056430293, 364.4298387846179708, 71.00000046773470785 ) ) ;
#1201 = ADVANCED_FACE ( 'NONE', ( #565 ), #3025, .F. ) ;
#1203 = EDGE_CURVE ( 'NONE', #6046, #741, #1104, .T. ) ;
#1202 = CARTESIAN_POINT ( 'NONE',  ( 291.2225419644369708, 342.9974751296069826, 67.80000046773470501 ) ) ;
#1204 = ORIENTED_EDGE ( 'NONE', *, *, #1890, .F. ) ;
#1205 = ORIENTED_EDGE ( 'NONE', *, *, #3552, .F. ) ;
#1206 = ORIENTED_EDGE ( 'NONE', *, *, #3097, .F. ) ;
#1207 = CYLINDRICAL_SURFACE ( 'NONE', #5982, 3.000000000000010658 ) ;
#1208 = ORIENTED_EDGE ( 'NONE', *, *, #3705, .T. ) ;
#1210 = EDGE_CURVE ( 'NONE', #3272, #3951, #5849, .T. ) ;
#1209 = CARTESIAN_POINT ( 'NONE',  ( 285.8574628432700138, 369.0298387846179935, 68.75735978061550213 ) ) ;
#1211 = CIRCLE ( 'NONE', #4659, 2.000000000000001776 ) ;
#1212 = AXIS2_PLACEMENT_3D ( 'NONE', #3997, #2539, #4456 ) ;
#1213 = VECTOR ( 'NONE', #1414, 1000.000000000000114 ) ;
#1214 = FACE_OUTER_BOUND ( 'NONE', #2292, .T. ) ;
#1215 = CYLINDRICAL_SURFACE ( 'NONE', #1125, 3.000000000000002665 ) ;
#1216 = ORIENTED_EDGE ( 'NONE', *, *, #932, .F. ) ;
#1217 = CARTESIAN_POINT ( 'NONE',  ( 297.9065540183846110, 342.2583336342658527, 70.99999675364074392 ) ) ;
#1218 = ORIENTED_EDGE ( 'NONE', *, *, #1615, .T. ) ;
#1219 = LINE ( 'NONE', #3027, #4363 ) ;
#1220 = CYLINDRICAL_SURFACE ( 'NONE', #5458, 5.600000000000017408 ) ;
#1221 = AXIS2_PLACEMENT_3D ( 'NONE', #2982, #699, #2570 ) ;
#1222 = EDGE_CURVE ( 'NONE', #5165, #3795, #1156, .T. ) ;
#1223 = DIRECTION ( 'NONE',  ( -0.6410464294893108983, -0.7675021011300268148, 2.023276804839069266E-16 ) ) ;
#1224 = VECTOR ( 'NONE', #1226, 1000.000000000000000 ) ;
#1225 = ORIENTED_EDGE ( 'NONE', *, *, #3230, .T. ) ;
#1226 = DIRECTION ( 'NONE',  ( -3.865418436758450516E-29, 5.048709793107170241E-29, -1.000000000000000000 ) ) ;
#1227 = AXIS2_PLACEMENT_3D ( 'NONE', #3058, #3001, #4955 ) ;
#1228 = LINE ( 'NONE', #4520, #4243 ) ;
#1229 = LINE ( 'NONE', #4998, #4528 ) ;
#1230 = ORIENTED_EDGE ( 'NONE', *, *, #685, .F. ) ;
#1231 = PLANE ( 'NONE',  #2666 ) ;
#1232 = ORIENTED_EDGE ( 'NONE', *, *, #5426, .T. ) ;
#1233 = DIRECTION ( 'NONE',  ( 3.865418436758450516E-29, -5.048709793107170241E-29, 1.000000000000000000 ) ) ;
#1234 = CARTESIAN_POINT ( 'NONE',  ( 262.9734359413189964, 364.3566941659969984, 71.00000046773470785 ) ) ;
#1235 = VERTEX_POINT ( 'NONE', #1559 ) ;
#1236 = ORIENTED_EDGE ( 'NONE', *, *, #1137, .F. ) ;
#1237 = EDGE_LOOP ( 'NONE', ( #4391, #721, #5086, #101, #228, #5094 ) ) ;
#1238 = CARTESIAN_POINT ( 'NONE',  ( 240.7878931027424301, 341.1698708058639227, 59.00000046773455153 ) ) ;
#1239 = EDGE_LOOP ( 'NONE', ( #4686, #4614, #4749, #1992 ) ) ;
#1240 = AXIS2_PLACEMENT_3D ( 'NONE', #917, #977, #2414 ) ;
#1241 = FACE_OUTER_BOUND ( 'NONE', #263, .T. ) ;
#1242 = ADVANCED_FACE ( 'NONE', ( #2473 ), #2446, .F. ) ;
#1243 = PLANE ( 'NONE',  #4527 ) ;
#1244 = LINE ( 'NONE', #3086, #76 ) ;
#1245 = CIRCLE ( 'NONE', #646, 5.000000000000002665 ) ;
#1246 = ORIENTED_EDGE ( 'NONE', *, *, #1920, .T. ) ;
#1247 = ADVANCED_FACE ( 'NONE', ( #3930 ), #5818, .T. ) ;
#1248 = ADVANCED_FACE ( 'NONE', ( #4811 ), #4923, .T. ) ;
#1249 = DIRECTION ( 'NONE',  ( -3.950030766346860754E-15, -9.434142222763600133E-16, 1.000000000000000000 ) ) ;
#1250 = ORIENTED_EDGE ( 'NONE', *, *, #4228, .T. ) ;
#1251 = CARTESIAN_POINT ( 'NONE',  ( 264.4726037499009408, 349.0298387846179367, 69.40000046773458564 ) ) ;
#1252 = DIRECTION ( 'NONE',  ( 5.921189464667510489E-15, 0.000000000000000000, -1.000000000000000000 ) ) ;
#1253 = AXIS2_PLACEMENT_3D ( 'NONE', #3607, #1276, #5045 ) ;
#1254 = CARTESIAN_POINT ( 'NONE',  ( 283.8716764056430293, 358.6298387846179594, 69.40000046773469933 ) ) ;
#1255 = CARTESIAN_POINT ( 'NONE',  ( 297.7640861093649960, 342.2518922444650116, 71.69336314872509774 ) ) ;
#1256 = AXIS2_PLACEMENT_3D ( 'NONE', #3952, #1067, #3834 ) ;
#1257 = VERTEX_POINT ( 'NONE', #2558 ) ;
#1258 = CARTESIAN_POINT ( 'NONE',  ( 250.8148636617720229, 359.8106613731359857, 69.40000046773458564 ) ) ;
#1259 = AXIS2_PLACEMENT_3D ( 'NONE', #3647, #276, #6001 ) ;
#1260 = DIRECTION ( 'NONE',  ( 5.067835103561290491E-15, -1.803454195256859651E-17, -1.000000000000000000 ) ) ;
#1261 = FACE_BOUND ( 'NONE', #4049, .T. ) ;
#1262 = ADVANCED_FACE ( 'NONE', ( #2967 ), #4841, .F. ) ;
#1263 = CARTESIAN_POINT ( 'NONE',  ( 264.4726037499009408, 349.0298387846179367, 70.87868012417499131 ) ) ;
#1264 = CIRCLE ( 'NONE', #4721, 3.800000000000000266 ) ;
#1265 = EDGE_LOOP ( 'NONE', ( #3841, #3761, #2506, #5050, #2835, #4082 ) ) ;
#1266 = LINE ( 'NONE', #5297, #3596 ) ;
#1267 = DIRECTION ( 'NONE',  ( -0.6493199848919243289, 0.7605153234616321978, 0.000000000000000000 ) ) ;
#1268 = CONICAL_SURFACE ( 'NONE', #2345, 19.50000000000000000, 0.7853981633974320697 ) ;
#1269 = B_SPLINE_SURFACE_WITH_KNOTS ( 'NONE', 3, 3, ( 
 ( #3060, #630, #694, #5414 ),
 ( #2603, #1287, #1255, #4513 ),
 ( #1767, #339, #253, #1676 ),
 ( #1709, #4546, #3620, #5974 ),
 ( #5027, #4023, #2225, #3590 ),
 ( #2133, #890, #821, #1800 ) ),
 .UNSPECIFIED., .F., .F., .F.,
 ( 4, 1, 1, 4 ),
 ( 4, 4 ),
 ( 0.000000000000000000, 0.2857142857142860315, 0.5714285714285709528, 1.000000000000000000 ),
 ( 1.448899234057130059, 1.611832816246479894 ),
 .UNSPECIFIED. ) ;
#1270 = DIRECTION ( 'NONE',  ( 8.082289480673339971E-29, 0.000000000000000000, 1.000000000000000000 ) ) ;
#1271 = EDGE_LOOP ( 'NONE', ( #5662, #4403, #2907, #3507 ) ) ;
#1272 = CARTESIAN_POINT ( 'NONE',  ( 239.7933184961089808, 347.7201426854809938, 65.00000046773449469 ) ) ;
#1273 = VERTEX_POINT ( 'NONE', #5791 ) ;
#1274 = DIRECTION ( 'NONE',  ( 1.000000000000000000, -5.918296482563803663E-45, 4.973799150320700986E-15 ) ) ;
#1275 = ORIENTED_EDGE ( 'NONE', *, *, #98, .F. ) ;
#1276 = DIRECTION ( 'NONE',  ( -4.263256414560600169E-15, -5.076883396865070006E-29, 1.000000000000000000 ) ) ;
#1277 = CARTESIAN_POINT ( 'NONE',  ( 287.9949097284240338, 354.6705664925149790, 70.50000046773480733 ) ) ;
#1278 = FACE_OUTER_BOUND ( 'NONE', #1239, .T. ) ;
#1279 = VERTEX_POINT ( 'NONE', #3465 ) ;
#1280 = CARTESIAN_POINT ( 'NONE',  ( 298.2532560611955432, 342.5359022476112614, 70.99988359188760967 ) ) ;
#1281 = ORIENTED_EDGE ( 'NONE', *, *, #1300, .F. ) ;
#1282 = LINE ( 'NONE', #852, #2575 ) ;
#1283 = EDGE_CURVE ( 'NONE', #3074, #1146, #1510, .T. ) ;
#1284 = EDGE_CURVE ( 'NONE', #6062, #2853, #2280, .T. ) ;
#1285 = CARTESIAN_POINT ( 'NONE',  ( 238.3082931378989997, 345.3256101834280116, 67.60000046773470217 ) ) ;
#1286 = VECTOR ( 'NONE', #1868, 1000.000000000000000 ) ;
#1287 = CARTESIAN_POINT ( 'NONE',  ( 297.6878225461480270, 342.0634778751809790, 71.28538090418450679 ) ) ;
#1288 = DIRECTION ( 'NONE',  ( -4.135580799816630757E-15, -1.665250005579849882E-16, 1.000000000000000000 ) ) ;
#1289 = CARTESIAN_POINT ( 'NONE',  ( 291.1885809147930217, 350.7697885249590399, 68.75735978061540266 ) ) ;
#1290 = AXIS2_PLACEMENT_3D ( 'NONE', #1019, #2889, #4787 ) ;
#1291 = LINE ( 'NONE', #2698, #5294 ) ;
#1292 = CARTESIAN_POINT ( 'NONE',  ( 302.9348074569039682, 356.5598101562749775, 69.40000046773479880 ) ) ;
#1293 = LINE ( 'NONE', #4584, #4172 ) ;
#1294 = LINE ( 'NONE', #5156, #3966 ) ;
#1295 = LINE ( 'NONE', #2265, #4650 ) ;
#1296 = VERTEX_POINT ( 'NONE', #5355 ) ;
#1297 = CARTESIAN_POINT ( 'NONE',  ( 297.8782781234409640, 361.0506540647890574, 68.75735978061550213 ) ) ;
#1298 = VECTOR ( 'NONE', #2029, 1000.000000000000000 ) ;
#1299 = DIRECTION ( 'NONE',  ( 3.865418436758450516E-29, -5.048709793107170241E-29, 1.000000000000000000 ) ) ;
#1300 = EDGE_CURVE ( 'NONE', #2090, #1779, #4360, .T. ) ;
#1301 = CARTESIAN_POINT ( 'NONE',  ( 270.1641679957360225, 356.1298387846179594, 68.90000046773469933 ) ) ;
#1302 = ORIENTED_EDGE ( 'NONE', *, *, #4851, .T. ) ;
#1303 = VECTOR ( 'NONE', #50, 1000.000000000000000 ) ;
#1304 = CARTESIAN_POINT ( 'NONE',  ( 238.3082931378989997, 345.3256101834280116, 67.80000046773470501 ) ) ;
#1305 = ORIENTED_EDGE ( 'NONE', *, *, #3734, .F. ) ;
#1306 = CARTESIAN_POINT ( 'NONE',  ( 251.0618494213470058, 331.8664830929349705, 70.07550638521641417 ) ) ;
#1307 = ORIENTED_EDGE ( 'NONE', *, *, #5854, .F. ) ;
#1308 = CARTESIAN_POINT ( 'NONE',  ( 264.4726037499009408, 349.0298387846179367, 59.00000046773460838 ) ) ;
#1309 = DIRECTION ( 'NONE',  ( 1.000000000000000000, 0.000000000000000000, 0.000000000000000000 ) ) ;
#1310 = DIRECTION ( 'NONE',  ( -3.865418436758450516E-29, 5.048709793107170241E-29, -1.000000000000000000 ) ) ;
#1311 = ORIENTED_EDGE ( 'NONE', *, *, #4589, .F. ) ;
#1312 = ORIENTED_EDGE ( 'NONE', *, *, #5675, .F. ) ;
#1313 = VECTOR ( 'NONE', #3630, 999.9999999999998863 ) ;
#1314 = DIRECTION ( 'NONE',  ( -1.000000000000000000, -4.781299772258060553E-15, -5.075305255429250078E-15 ) ) ;
#1315 = CARTESIAN_POINT ( 'NONE',  ( 286.2716764056430065, 350.8525205414079551, 71.00000046773470785 ) ) ;
#1316 = CIRCLE ( 'NONE', #5357, 1.999999999999992895 ) ;
#1317 = ORIENTED_EDGE ( 'NONE', *, *, #573, .F. ) ;
#1318 = EDGE_CURVE ( 'NONE', #1109, #4672, #1128, .T. ) ;
#1319 = DIRECTION ( 'NONE',  ( 0.3826834323650869507, 0.9238795325112879597, 1.550590816515584094E-15 ) ) ;
#1320 = PLANE ( 'NONE',  #942 ) ;
#1321 = DIRECTION ( 'NONE',  ( -1.000000000000000000, -2.504612426818345138E-16, 0.000000000000000000 ) ) ;
#1322 = DIRECTION ( 'NONE',  ( -5.045325939066829835E-15, -4.854366611099339771E-17, 1.000000000000000000 ) ) ;
#1323 = AXIS2_PLACEMENT_3D ( 'NONE', #1594, #3472, #3996 ) ;
#1324 = EDGE_CURVE ( 'NONE', #1565, #4072, #5948, .T. ) ;
#1325 = EDGE_CURVE ( 'NONE', #4637, #85, #2499, .T. ) ;
#1326 = EDGE_LOOP ( 'NONE', ( #4068, #3142, #3482, #5383, #133, #178, #939, #2664, #1849, #3155, #2271, #2685 ) ) ;
#1327 = DIRECTION ( 'NONE',  ( 0.000000000000000000, -1.000000000000000000, -5.048709793107170241E-29 ) ) ;
#1328 = CARTESIAN_POINT ( 'NONE',  ( 243.1629969544449921, 350.1898031725570490, 70.64369485205580190 ) ) ;
#1329 = ORIENTED_EDGE ( 'NONE', *, *, #4817, .T. ) ;
#1330 = LINE ( 'NONE', #804, #457 ) ;
#1331 = ORIENTED_EDGE ( 'NONE', *, *, #838, .T. ) ;
#1332 = CYLINDRICAL_SURFACE ( 'NONE', #2322, 1.999999999999992895 ) ;
#1333 = ORIENTED_EDGE ( 'NONE', *, *, #1399, .T. ) ;
#1334 = LINE ( 'NONE', #3298, #504 ) ;
#1335 = ORIENTED_EDGE ( 'NONE', *, *, #5702, .T. ) ;
#1336 = EDGE_CURVE ( 'NONE', #3031, #451, #185, .T. ) ;
#1337 = DIRECTION ( 'NONE',  ( -5.075305255429250078E-15, -5.076883396865070006E-29, 1.000000000000000000 ) ) ;
#1338 = DIRECTION ( 'NONE',  ( 3.865418436758450516E-29, -5.048709793107170241E-29, 1.000000000000000000 ) ) ;
#1339 = CARTESIAN_POINT ( 'NONE',  ( 300.0722948509405228, 343.0609079175958982, 71.00169871704896707 ) ) ;
#1340 = ORIENTED_EDGE ( 'NONE', *, *, #4599, .T. ) ;
#1341 = CARTESIAN_POINT ( 'NONE',  ( 266.1328989089290076, 345.6316960581830244, 67.60000046773470217 ) ) ;
#1342 = VERTEX_POINT ( 'NONE', #2912 ) ;
#1343 = DIRECTION ( 'NONE',  ( -1.000000000000000000, 1.046804509799369939E-15, -2.661225418876200284E-15 ) ) ;
#1344 = DIRECTION ( 'NONE',  ( 0.000000000000000000, 1.000000000000000000, 0.000000000000000000 ) ) ;
#1345 = LINE ( 'NONE', #5207, #2614 ) ;
#1346 = CARTESIAN_POINT ( 'NONE',  ( 298.1510656914749688, 358.5151155207549891, 71.00000046773470785 ) ) ;
#1347 = VECTOR ( 'NONE', #319, 1000.000000000000000 ) ;
#1348 = CARTESIAN_POINT ( 'NONE',  ( 250.0656961106950007, 332.7692390912980045, 59.00000046773460838 ) ) ;
#1349 = PLANE ( 'NONE',  #3151 ) ;
#1350 = ORIENTED_EDGE ( 'NONE', *, *, #639, .T. ) ;
#1351 = CIRCLE ( 'NONE', #553, 2.000000000000007105 ) ;
#1352 = ORIENTED_EDGE ( 'NONE', *, *, #1365, .F. ) ;
#1353 = CARTESIAN_POINT ( 'NONE',  ( 251.3275750174570078, 331.7152706833470006, 68.75702273081900273 ) ) ;
#1354 = CARTESIAN_POINT ( 'NONE',  ( 286.7016075284692533, 357.1551440091138261, 71.00000046773480733 ) ) ;
#1355 = AXIS2_PLACEMENT_3D ( 'NONE', #5495, #2587, #1638 ) ;
#1356 = CARTESIAN_POINT ( 'NONE',  ( 290.7387757964719412, 345.1710332311790239, 66.00000046773475049 ) ) ;
#1357 = EDGE_LOOP ( 'NONE', ( #3454, #5155, #1476, #4563 ) ) ;
#1358 = CARTESIAN_POINT ( 'NONE',  ( 264.9734359413189964, 355.6298387846179594, 68.40000046773458564 ) ) ;
#1359 = DIRECTION ( 'NONE',  ( -0.7675021011300318108, 0.6410464294893049031, 1.923567737863849253E-16 ) ) ;
#1360 = EDGE_CURVE ( 'NONE', #4151, #5992, #3869, .T. ) ;
#1361 = ORIENTED_EDGE ( 'NONE', *, *, #281, .F. ) ;
#1362 = AXIS2_PLACEMENT_3D ( 'NONE', #3538, #739, #2615 ) ;
#1363 = CARTESIAN_POINT ( 'NONE',  ( 286.2716764056430065, 350.0298387846179367, 68.75735978061550213 ) ) ;
#1364 = ADVANCED_FACE ( 'NONE', ( #3725 ), #317, .T. ) ;
#1365 = EDGE_CURVE ( 'NONE', #2126, #2197, #5941, .T. ) ;
#1366 = ORIENTED_EDGE ( 'NONE', *, *, #639, .F. ) ;
#1367 = VERTEX_POINT ( 'NONE', #5579 ) ;
#1368 = CARTESIAN_POINT ( 'NONE',  ( 251.3488406497690448, 331.7583102500410064, 68.75735978061520370 ) ) ;
#1369 = EDGE_CURVE ( 'NONE', #1779, #1695, #4619, .T. ) ;
#1370 = ORIENTED_EDGE ( 'NONE', *, *, #4840, .F. ) ;
#1371 = CARTESIAN_POINT ( 'NONE',  ( 253.0190490379452513, 335.6031294850286031, 69.90541007771048498 ) ) ;
#1372 = FACE_OUTER_BOUND ( 'NONE', #5470, .T. ) ;
#1373 = CARTESIAN_POINT ( 'NONE',  ( 306.3531962568720246, 337.8679148826779510, 59.00000046773480022 ) ) ;
#1374 = ORIENTED_EDGE ( 'NONE', *, *, #4311, .F. ) ;
#1375 = EDGE_LOOP ( 'NONE', ( #3321, #4378, #4175, #4501 ) ) ;
#1376 = CARTESIAN_POINT ( 'NONE',  ( 291.2326169915300511, 351.0332589096470315, 69.87868012417511920 ) ) ;
#1377 = LINE ( 'NONE', #3242, #5278 ) ;
#1378 = CARTESIAN_POINT ( 'NONE',  ( 269.3734359413190305, 358.6298387846179594, 69.40000046773469933 ) ) ;
#1379 = DIRECTION ( 'NONE',  ( -4.135580799816630757E-15, -1.665250005579849882E-16, 1.000000000000000000 ) ) ;
#1380 = DIRECTION ( 'NONE',  ( -3.865418436758455560E-29, 5.048709793107170241E-29, -1.000000000000000000 ) ) ;
#1381 = EDGE_CURVE ( 'NONE', #2514, #1817, #1023, .T. ) ;
#1382 = LINE ( 'NONE', #4183, #1392 ) ;
#1383 = VERTEX_POINT ( 'NONE', #3195 ) ;
#1384 = DIRECTION ( 'NONE',  ( 5.075305255429250078E-15, 5.037440351604009887E-29, -1.000000000000000000 ) ) ;
#1385 = ORIENTED_EDGE ( 'NONE', *, *, #5883, .T. ) ;
#1386 = DIRECTION ( 'NONE',  ( -5.075305255429250078E-15, -5.041557514023260552E-29, 1.000000000000000000 ) ) ;
#1387 =( GEOMETRIC_REPRESENTATION_CONTEXT ( 3 ) GLOBAL_UNCERTAINTY_ASSIGNED_CONTEXT ( ( #2926 ) ) GLOBAL_UNIT_ASSIGNED_CONTEXT ( ( #5144, #1499, #2880 ) ) REPRESENTATION_CONTEXT ( 'NONE', 'WORKASPACE' ) );
#1388 = ORIENTED_EDGE ( 'NONE', *, *, #2705, .T. ) ;
#1389 = CARTESIAN_POINT ( 'NONE',  ( 291.2214238739489929, 354.9795862529240367, 68.75735978061550213 ) ) ;
#1390 = DIRECTION ( 'NONE',  ( 0.7071067811865510144, -0.7071067811865441310, 3.552713678800430721E-15 ) ) ;
#1391 = ORIENTED_EDGE ( 'NONE', *, *, #4366, .F. ) ;
#1392 = VECTOR ( 'NONE', #5698, 1000.000000000000114 ) ;
#1393 = LINE ( 'NONE', #5159, #6101 ) ;
#1394 = AXIS2_PLACEMENT_3D ( 'NONE', #611, #3800, #4350 ) ;
#1395 = DIRECTION ( 'NONE',  ( 0.4478087658801228055, 0.8941293582032306952, 2.276634065091469345E-15 ) ) ;
#1396 = ORIENTED_EDGE ( 'NONE', *, *, #5540, .T. ) ;
#1397 = ORIENTED_EDGE ( 'NONE', *, *, #3402, .T. ) ;
#1398 = CARTESIAN_POINT ( 'NONE',  ( 251.3595895153140134, 331.7797722601289365, 68.75735978061520370 ) ) ;
#1399 = EDGE_CURVE ( 'NONE', #32, #5751, #2183, .T. ) ;
#1400 = ORIENTED_EDGE ( 'NONE', *, *, #321, .F. ) ;
#1401 = EDGE_CURVE ( 'NONE', #3648, #340, #1794, .T. ) ;
#1402 = DIRECTION ( 'NONE',  ( -3.865418436758455560E-29, 5.048709793107170241E-29, -1.000000000000000000 ) ) ;
#1403 = DIRECTION ( 'NONE',  ( -0.9731724816812371559, 0.2300767717488711450, -5.551115123125770869E-15 ) ) ;
#1404 = CARTESIAN_POINT ( 'NONE',  ( 269.3734359413190305, 364.4298387846179708, 71.00000046773470785 ) ) ;
#1405 = EDGE_LOOP ( 'NONE', ( #2409, #343, #5105, #723, #3562, #3471, #5072, #34 ) ) ;
#1406 = ORIENTED_EDGE ( 'NONE', *, *, #2565, .T. ) ;
#1407 = EDGE_CURVE ( 'NONE', #5571, #4141, #5262, .T. ) ;
#1408 = DIRECTION ( 'NONE',  ( 0.8260678134614107826, -0.4137213532757925694, 0.3826834323650954994 ) ) ;
#1409 = DIRECTION ( 'NONE',  ( -3.865418436758450516E-29, 5.048709793107170241E-29, -1.000000000000000000 ) ) ;
#1410 = CARTESIAN_POINT ( 'NONE',  ( 295.6911649704186402, 346.2672044693305793, 66.00000046773477891 ) ) ;
#1411 = DIRECTION ( 'NONE',  ( -3.865418436758450516E-29, 5.048709793107170241E-29, -1.000000000000000000 ) ) ;
#1412 = ORIENTED_EDGE ( 'NONE', *, *, #3020, .F. ) ;
#1413 = EDGE_LOOP ( 'NONE', ( #3180, #205, #328, #3791 ) ) ;
#1414 = DIRECTION ( 'NONE',  ( 3.925231146706456885E-17, -0.7071067811865034969, -0.7071067811865914265 ) ) ;
#1415 = EDGE_CURVE ( 'NONE', #3210, #863, #2085, .T. ) ;
#1416 = AXIS2_PLACEMENT_3D ( 'NONE', #2418, #1501, #4644 ) ;
#1417 = VECTOR ( 'NONE', #6072, 999.9999999999998863 ) ;
#1418 = DIRECTION ( 'NONE',  ( 3.865418436758450516E-29, -5.048709793107170241E-29, 1.000000000000000000 ) ) ;
#1419 = VECTOR ( 'NONE', #3000, 1000.000000000000000 ) ;
#1420 = CARTESIAN_POINT ( 'NONE',  ( 237.2859539436049943, 350.6094613732270204, 67.80000046773470501 ) ) ;
#1421 = ORIENTED_EDGE ( 'NONE', *, *, #1903, .T. ) ;
#1422 = CARTESIAN_POINT ( 'NONE',  ( 285.8574628432700138, 349.0298387846179367, 70.87868012417510499 ) ) ;
#1423 = LINE ( 'NONE', #382, #2566 ) ;
#1424 = VERTEX_POINT ( 'NONE', #1358 ) ;
#1425 = VECTOR ( 'NONE', #1713, 1000.000000000000000 ) ;
#1426 = CYLINDRICAL_SURFACE ( 'NONE', #822, 18.40000000000000924 ) ;
#1427 = ORIENTED_EDGE ( 'NONE', *, *, #4742, .F. ) ;
#1428 = ORIENTED_EDGE ( 'NONE', *, *, #4956, .T. ) ;
#1429 = DIRECTION ( 'NONE',  ( 3.865418436758450516E-29, -5.048709793107170241E-29, 1.000000000000000000 ) ) ;
#1430 = AXIS2_PLACEMENT_3D ( 'NONE', #5186, #3877, #3410 ) ;
#1431 = FACE_OUTER_BOUND ( 'NONE', #2873, .T. ) ;
#1432 = CYLINDRICAL_SURFACE ( 'NONE', #4533, 3.799999999999973621 ) ;
#1433 = DIRECTION ( 'NONE',  ( -0.5254480155638071581, 0.8508257065580806522, -2.102695122396137509E-15 ) ) ;
#1434 = ORIENTED_EDGE ( 'NONE', *, *, #4221, .F. ) ;
#1435 = ORIENTED_EDGE ( 'NONE', *, *, #4087, .F. ) ;
#1436 = DIRECTION ( 'NONE',  ( -3.865418436758455560E-29, 5.048709793107170241E-29, -1.000000000000000000 ) ) ;
#1437 = EDGE_CURVE ( 'NONE', #5674, #740, #5034, .T. ) ;
#1438 = CYLINDRICAL_SURFACE ( 'NONE', #1934, 1.999999999999989786 ) ;
#1439 = LINE ( 'NONE', #1346, #4333 ) ;
#1440 = EDGE_CURVE ( 'NONE', #268, #3764, #1294, .T. ) ;
#1441 = CARTESIAN_POINT ( 'NONE',  ( 300.6276937031859688, 342.5733164236169728, 70.87868012412639018 ) ) ;
#1442 = EDGE_CURVE ( 'NONE', #4132, #5319, #4769, .T. ) ;
#1443 = DIRECTION ( 'NONE',  ( -6.969672254555121792E-15, 0.7071067811865130448, 0.7071067811865819897 ) ) ;
#1444 = DIRECTION ( 'NONE',  ( 1.000000000000000000, 4.781299772258060553E-15, 5.075305255429250078E-15 ) ) ;
#1445 = ORIENTED_EDGE ( 'NONE', *, *, #2633, .F. ) ;
#1446 = CARTESIAN_POINT ( 'NONE',  ( 299.8771352399103876, 341.9902212970638402, 68.75735978061540266 ) ) ;
#1447 = VERTEX_POINT ( 'NONE', #6017 ) ;
#1448 = PLANE ( 'NONE',  #5651 ) ;
#1449 = DIRECTION ( 'NONE',  ( 1.000000000000000000, 0.000000000000000000, 0.000000000000000000 ) ) ;
#1450 = ORIENTED_EDGE ( 'NONE', *, *, #2531, .T. ) ;
#1451 = CARTESIAN_POINT ( 'NONE',  ( 286.2716764056430065, 354.0298387846179935, 59.00000046773470075 ) ) ;
#1452 = DIRECTION ( 'NONE',  ( -0.5254480155638028283, 0.8508257065580834277, -2.478176394252575816E-15 ) ) ;
#1453 = ORIENTED_EDGE ( 'NONE', *, *, #3211, .F. ) ;
#1454 = CARTESIAN_POINT ( 'NONE',  ( 292.6356374363219857, 355.8281143903469683, 69.40000046773469933 ) ) ;
#1455 = AXIS2_PLACEMENT_3D ( 'NONE', #3890, #2490, #3453 ) ;
#1456 = EDGE_CURVE ( 'NONE', #451, #2381, #3372, .T. ) ;
#1457 = DIRECTION ( 'NONE',  ( -0.6493199848919243289, 0.7605153234616321978, 0.000000000000000000 ) ) ;
#1459 = AXIS2_PLACEMENT_3D ( 'NONE', #5841, #3079, #780 ) ;
#1458 = FACE_OUTER_BOUND ( 'NONE', #761, .T. ) ;
#1460 = ORIENTED_EDGE ( 'NONE', *, *, #4985, .F. ) ;
#1461 = CONICAL_SURFACE ( 'NONE', #5593, 4.499999999999996447, 0.7853981633974362886 ) ;
#1462 = ORIENTED_EDGE ( 'NONE', *, *, #175, .F. ) ;
#1463 = LINE ( 'NONE', #1001, #1193 ) ;
#1464 = EDGE_LOOP ( 'NONE', ( #4039, #416, #435, #4618 ) ) ;
#1465 = CARTESIAN_POINT ( 'NONE',  ( 241.7178403029169829, 350.0914596607589715, 70.04966163598398055 ) ) ;
#1466 = ORIENTED_EDGE ( 'NONE', *, *, #2946, .T. ) ;
#1467 = ORIENTED_EDGE ( 'NONE', *, *, #4724, .F. ) ;
#1468 = CARTESIAN_POINT ( 'NONE',  ( 264.9734359413189964, 354.0298387846179935, 60.72714484899740484 ) ) ;
#1469 = DIRECTION ( 'NONE',  ( 5.551115123125779621E-17, -1.000000000000000000, -5.048709793107170241E-29 ) ) ;
#1470 = CIRCLE ( 'NONE', #4118, 1.700000000000007061 ) ;
#1471 = FACE_OUTER_BOUND ( 'NONE', #3925, .T. ) ;
#1472 = CIRCLE ( 'NONE', #775, 2.999999999999989342 ) ;
#1473 = CARTESIAN_POINT ( 'NONE',  ( 238.0933184961089069, 347.7201426854809938, 80.47149331572495612 ) ) ;
#1474 = DIRECTION ( 'NONE',  ( -1.000000000000000000, 0.000000000000000000, 0.000000000000000000 ) ) ;
#1475 = ORIENTED_EDGE ( 'NONE', *, *, #6016, .F. ) ;
#1476 = ORIENTED_EDGE ( 'NONE', *, *, #1991, .F. ) ;
#1477 = DIRECTION ( 'NONE',  ( 5.075305255429250078E-15, 5.076883396865070006E-29, -1.000000000000000000 ) ) ;
#1478 = EDGE_CURVE ( 'NONE', #4434, #893, #1777, .T. ) ;
#1479 = EDGE_CURVE ( 'NONE', #4670, #268, #899, .T. ) ;
#1480 = ORIENTED_EDGE ( 'NONE', *, *, #3234, .F. ) ;
#1481 = CARTESIAN_POINT ( 'NONE',  ( 241.0335376035499735, 350.2154883482905348, 70.76728145625415323 ) ) ;
#1482 = DIRECTION ( 'NONE',  ( -1.000000000000000000, 0.000000000000000000, -3.662863569123590396E-15 ) ) ;
#1483 = VERTEX_POINT ( 'NONE', #2762 ) ;
#1484 = DIRECTION ( 'NONE',  ( -0.7071067811865441310, -0.7071067811865510144, -3.042048184826860543E-15 ) ) ;
#1485 = AXIS2_PLACEMENT_3D ( 'NONE', #3033, #3475, #698 ) ;
#1486 = DIRECTION ( 'NONE',  ( -2.537652627714604923E-15, -2.537652627714694853E-15, 1.000000000000000000 ) ) ;
#1487 = EDGE_LOOP ( 'NONE', ( #3553, #3457, #5525, #5934 ) ) ;
#1488 = EDGE_LOOP ( 'NONE', ( #1000, #5956, #1170 ) ) ;
#1489 = FACE_OUTER_BOUND ( 'NONE', #1692, .T. ) ;
#1490 = EDGE_CURVE ( 'NONE', #6019, #3138, #1211, .T. ) ;
#1491 = ADVANCED_FACE ( 'NONE', ( #4192 ), #2333, .F. ) ;
#1492 = ORIENTED_EDGE ( 'NONE', *, *, #1976, .F. ) ;
#1493 = ORIENTED_EDGE ( 'NONE', *, *, #895, .T. ) ;
#1494 = FACE_OUTER_BOUND ( 'NONE', #242, .T. ) ;
#1495 = CYLINDRICAL_SURFACE ( 'NONE', #1240, 0.8799999999999918998 ) ;
#1496 = DIRECTION ( 'NONE',  ( 3.865418436758450516E-29, -5.048709793107170241E-29, 1.000000000000000000 ) ) ;
#1497 = CARTESIAN_POINT ( 'NONE',  ( 238.0933184961089921, 347.7201426854809938, 71.00000046773449469 ) ) ;
#1498 = AXIS2_PLACEMENT_3D ( 'NONE', #5396, #5453, #3102 ) ;
#1499 =( NAMED_UNIT ( * ) PLANE_ANGLE_UNIT ( ) SI_UNIT ( $, .RADIAN. ) );
#1500 = FACE_OUTER_BOUND ( 'NONE', #2837, .T. ) ;
#1501 = DIRECTION ( 'NONE',  ( -5.067835103561290491E-15, 1.803454195256879681E-17, 1.000000000000000000 ) ) ;
#1502 = LINE ( 'NONE', #2968, #4199 ) ;
#1503 = ORIENTED_EDGE ( 'NONE', *, *, #5972, .T. ) ;
#1504 = CIRCLE ( 'NONE', #3662, 3.000000000000002665 ) ;
#1505 = DIRECTION ( 'NONE',  ( 5.075305255429250078E-15, 6.113153879914019727E-29, -1.000000000000000000 ) ) ;
#1506 = EDGE_CURVE ( 'NONE', #3138, #1342, #5612, .T. ) ;
#1507 = VERTEX_POINT ( 'NONE', #6117 ) ;
#1508 = CARTESIAN_POINT ( 'NONE',  ( 297.2825229898210182, 341.3597594760919947, 68.75735978061540266 ) ) ;
#1509 = DIRECTION ( 'NONE',  ( 5.649151519266280101E-15, -5.738462638369789441E-16, -1.000000000000000000 ) ) ;
#1510 = CIRCLE ( 'NONE', #5547, 3.000000000000002665 ) ;
#1511 = VECTOR ( 'NONE', #2563, 1000.000000000000000 ) ;
#1512 = CARTESIAN_POINT ( 'NONE',  ( 264.9734359413189964, 350.0298387846179367, 70.87868012417499131 ) ) ;
#1513 = EDGE_CURVE ( 'NONE', #5988, #385, #1744, .T. ) ;
#1514 = ADVANCED_FACE ( 'NONE', ( #4251 ), #5504, .T. ) ;
#1515 = CARTESIAN_POINT ( 'NONE',  ( 285.8574628432700138, 367.4298387846179708, 59.00000046773470075 ) ) ;
#1516 = ORIENTED_EDGE ( 'NONE', *, *, #6082, .T. ) ;
#1517 = AXIS2_PLACEMENT_3D ( 'NONE', #3748, #2172, #5060 ) ;
#1518 = AXIS2_PLACEMENT_3D ( 'NONE', #4343, #2775, #880 ) ;
#1519 = VERTEX_POINT ( 'NONE', #1451 ) ;
#1520 = PLANE ( 'NONE',  #1455 ) ;
#1521 = ORIENTED_EDGE ( 'NONE', *, *, #5771, .F. ) ;
#1522 = VECTOR ( 'NONE', #2107, 1000.000000000000000 ) ;
#1523 = EDGE_CURVE ( 'NONE', #4072, #522, #1812, .T. ) ;
#1524 = ORIENTED_EDGE ( 'NONE', *, *, #3347, .F. ) ;
#1525 = FACE_OUTER_BOUND ( 'NONE', #3284, .T. ) ;
#1526 = CARTESIAN_POINT ( 'NONE',  ( 250.5408455975610025, 336.8442935448559865, 68.75735978061520370 ) ) ;
#1527 = DIRECTION ( 'NONE',  ( 5.921189464667460002E-15, 1.665250005579849882E-16, -1.000000000000000000 ) ) ;
#1528 = CARTESIAN_POINT ( 'NONE',  ( 240.9351150812729827, 350.2977249127649770, 70.49799282963570590 ) ) ;
#1529 = DIRECTION ( 'NONE',  ( -1.000000000000000000, 0.000000000000000000, -4.625929269271481378E-15 ) ) ;
#1530 = DIRECTION ( 'NONE',  ( -5.778467957340550871E-15, -5.019018773945730668E-16, 1.000000000000000000 ) ) ;
#1531 = EDGE_CURVE ( 'NONE', #5252, #4910, #5796, .T. ) ;
#1532 = ORIENTED_EDGE ( 'NONE', *, *, #3845, .T. ) ;
#1533 = CARTESIAN_POINT ( 'NONE',  ( 286.2716764056430065, 354.0298387846179935, 65.00000046773469364 ) ) ;
#1534 = EDGE_LOOP ( 'NONE', ( #1216, #3682, #2262, #3903 ) ) ;
#1535 = CARTESIAN_POINT ( 'NONE',  ( 299.2051454304149729, 342.4349414698140208, 69.71479224516949103 ) ) ;
#1536 = CARTESIAN_POINT ( 'NONE',  ( 292.0035357331939849, 347.8389616456090039, 68.75735978061544529 ) ) ;
#1537 = FACE_OUTER_BOUND ( 'NONE', #3423, .T. ) ;
#1538 = CARTESIAN_POINT ( 'NONE',  ( 291.2225419644369708, 342.9974751296069826, 68.00000046773470785 ) ) ;
#1539 = CIRCLE ( 'NONE', #4394, 3.000000000000002665 ) ;
#1540 = DIRECTION ( 'NONE',  ( 0.6410464294893042370, 0.7675021011300324769, 3.652049423109093267E-15 ) ) ;
#1541 = CARTESIAN_POINT ( 'NONE',  ( 252.3847188443150173, 358.5714863629619913, 69.40000046773469933 ) ) ;
#1542 = ORIENTED_EDGE ( 'NONE', *, *, #46, .T. ) ;
#1543 = AXIS2_PLACEMENT_3D ( 'NONE', #3077, #4071, #5009 ) ;
#1544 = AXIS2_PLACEMENT_3D ( 'NONE', #1308, #3265, #3676 ) ;
#1545 = EDGE_CURVE ( 'NONE', #4368, #2869, #100, .T. ) ;
#1547 = EDGE_CURVE ( 'NONE', #496, #3704, #5282, .T. ) ;
#1546 = CARTESIAN_POINT ( 'NONE',  ( 240.6286166070898673, 350.5536934927853849, 70.85215961054898060 ) ) ;
#1548 = AXIS2_PLACEMENT_3D ( 'NONE', #5865, #5398, #5005 ) ;
#1549 = ORIENTED_EDGE ( 'NONE', *, *, #2352, .T. ) ;
#1550 = ORIENTED_EDGE ( 'NONE', *, *, #2137, .F. ) ;
#1551 = ORIENTED_EDGE ( 'NONE', *, *, #1808, .F. ) ;
#1552 = DIRECTION ( 'NONE',  ( -3.865418436758450516E-29, 5.048709793107170241E-29, -1.000000000000000000 ) ) ;
#1553 = CARTESIAN_POINT ( 'NONE',  ( 262.6089198712818984, 353.8585544641293268, 70.50000046773457996 ) ) ;
#1554 = FACE_OUTER_BOUND ( 'NONE', #2537, .T. ) ;
#1555 = DIRECTION ( 'NONE',  ( -0.7850344385868762709, -0.6194521210171033410, 0.000000000000000000 ) ) ;
#1556 = VECTOR ( 'NONE', #4987, 1000.000000000000000 ) ;
#1557 = CARTESIAN_POINT ( 'NONE',  ( 264.4726037499009408, 349.0298387846179367, 71.00000046773459417 ) ) ;
#1558 = CARTESIAN_POINT ( 'NONE',  ( 292.9703977937319905, 344.7453309589020023, 67.60000046773470217 ) ) ;
#1559 = CARTESIAN_POINT ( 'NONE',  ( 292.8988379987875987, 366.0292221828256629, 68.40000046773484144 ) ) ;
#1560 = CARTESIAN_POINT ( 'NONE',  ( 250.6344907705019693, 332.2941605407049792, 70.87868012417489183 ) ) ;
#1561 = EDGE_LOOP ( 'NONE', ( #448, #5572, #3010, #4828, #1977, #3088 ) ) ;
#1562 = VECTOR ( 'NONE', #4413, 1000.000000000000114 ) ;
#1563 = LINE ( 'NONE', #661, #4062 ) ;
#1564 = EDGE_CURVE ( 'NONE', #5319, #2308, #1050, .T. ) ;
#1565 = VERTEX_POINT ( 'NONE', #5250 ) ;
#1566 = CARTESIAN_POINT ( 'NONE',  ( 238.0933184961089921, 347.7201426854809938, 65.00000046773449469 ) ) ;
#1567 = LINE ( 'NONE', #5283, #1016 ) ;
#1568 = DIRECTION ( 'NONE',  ( -1.000000000000000000, 0.000000000000000000, -8.163404592832132968E-15 ) ) ;
#1569 = ORIENTED_EDGE ( 'NONE', *, *, #4589, .T. ) ;
#1570 = DIRECTION ( 'NONE',  ( -8.410780489584526369E-15, 1.000000000000000000, 0.000000000000000000 ) ) ;
#1571 = ORIENTED_EDGE ( 'NONE', *, *, #921, .T. ) ;
#1572 = CARTESIAN_POINT ( 'NONE',  ( 264.9734359413190532, 354.2582001870840145, 69.90541007771065551 ) ) ;
#1573 = VECTOR ( 'NONE', #213, 1000.000000000000114 ) ;
#1574 = ORIENTED_EDGE ( 'NONE', *, *, #3502, .T. ) ;
#1575 = EDGE_CURVE ( 'NONE', #2377, #6077, #3580, .T. ) ;
#1576 = VERTEX_POINT ( 'NONE', #1993 ) ;
#1577 = CARTESIAN_POINT ( 'NONE',  ( 285.8574628432700138, 349.0298387846179367, 70.50000046773480733 ) ) ;
#1578 = AXIS2_PLACEMENT_3D ( 'NONE', #2288, #2752, #5633 ) ;
#1579 = EDGE_LOOP ( 'NONE', ( #5193, #4462, #3147, #581 ) ) ;
#1580 = DIRECTION ( 'NONE',  ( 7.394303992499289572E-16, 1.785142898300294975E-15, -1.000000000000000000 ) ) ;
#1581 = DIRECTION ( 'NONE',  ( -5.551115123125779621E-17, 1.000000000000000000, 0.000000000000000000 ) ) ;
#1582 = CIRCLE ( 'NONE', #3943, 1.999999999999992895 ) ;
#1583 = DIRECTION ( 'NONE',  ( -3.190296047773433502E-15, 1.000000000000000000, 0.000000000000000000 ) ) ;
#1584 = DIRECTION ( 'NONE',  ( -3.865418436758450516E-29, 5.048709793107170241E-29, -1.000000000000000000 ) ) ;
#1585 = DIRECTION ( 'NONE',  ( -0.3118306729710949576, -0.6577864215610079723, -0.6856228226979890206 ) ) ;
#1586 = EDGE_CURVE ( 'NONE', #1606, #4185, #4255, .T. ) ;
#1587 = CARTESIAN_POINT ( 'NONE',  ( 237.2859539436049943, 350.6094613732270204, 67.60000046773470217 ) ) ;
#1588 = ORIENTED_EDGE ( 'NONE', *, *, #4228, .F. ) ;
#1589 = CARTESIAN_POINT ( 'NONE',  ( 283.8716764056430293, 355.7525205414079892, 71.00000046773470785 ) ) ;
#1590 = FACE_OUTER_BOUND ( 'NONE', #1090, .T. ) ;
#1591 = AXIS2_PLACEMENT_3D ( 'NONE', #5509, #3219, #2258 ) ;
#1592 = EDGE_LOOP ( 'NONE', ( #1644, #898, #905, #224 ) ) ;
#1593 = ADVANCED_FACE ( 'NONE', ( #4369 ), #102, .F. ) ;
#1594 = CARTESIAN_POINT ( 'NONE',  ( 281.8716764056430293, 364.4298387846179708, 69.40000046773469933 ) ) ;
#1595 = CARTESIAN_POINT ( 'NONE',  ( 299.6293103005479566, 343.0787601642520031, 70.86409954597459659 ) ) ;
#1596 = DIRECTION ( 'NONE',  ( -1.000000000000000000, 1.046804509799369939E-15, -2.661225418876200284E-15 ) ) ;
#1597 = EDGE_LOOP ( 'NONE', ( #859, #2450, #5609, #3701 ) ) ;
#1598 = CARTESIAN_POINT ( 'NONE',  ( 286.7016075284692533, 357.1551440091138261, 69.40000046773469933 ) ) ;
#1599 = ORIENTED_EDGE ( 'NONE', *, *, #3073, .F. ) ;
#1600 = CARTESIAN_POINT ( 'NONE',  ( 288.2716764056430065, 364.2394269734959948, 71.00000046773470785 ) ) ;
#1601 = AXIS2_PLACEMENT_3D ( 'NONE', #2962, #1580, #3896 ) ;
#1602 = VECTOR ( 'NONE', #3241, 1000.000000000000000 ) ;
#1603 = ORIENTED_EDGE ( 'NONE', *, *, #5176, .T. ) ;
#1604 = ORIENTED_EDGE ( 'NONE', *, *, #1700, .F. ) ;
#1605 = DIRECTION ( 'NONE',  ( -1.000000000000000000, 0.000000000000000000, -7.885106708985558651E-15 ) ) ;
#1606 = VERTEX_POINT ( 'NONE', #1083 ) ;
#1607 = CARTESIAN_POINT ( 'NONE',  ( 235.6987859940570047, 347.5051680436919810, 67.60000046773470217 ) ) ;
#1608 = CARTESIAN_POINT ( 'NONE',  ( 291.1885809147930217, 350.7697885249590399, 68.75735978061540266 ) ) ;
#1609 = DIRECTION ( 'NONE',  ( 0.3826834323650855074, 0.9238795325112886259, 1.595148023886721878E-15 ) ) ;
#1610 = CARTESIAN_POINT ( 'NONE',  ( 312.7525126266099846, 344.2672312524159679, 71.15000046773489828 ) ) ;
#1611 = VECTOR ( 'NONE', #1806, 1000.000000000000000 ) ;
#1612 = DIRECTION ( 'NONE',  ( 5.778467957340550871E-15, 5.019018773945730668E-16, -1.000000000000000000 ) ) ;
#1613 = CARTESIAN_POINT ( 'NONE',  ( 299.1043002490169442, 343.0066643985180121, 71.00000046773480733 ) ) ;
#1614 = VERTEX_POINT ( 'NONE', #4282 ) ;
#1615 = EDGE_CURVE ( 'NONE', #1176, #771, #3287, .T. ) ;
#1616 = CARTESIAN_POINT ( 'NONE',  ( 267.3734359413190305, 350.8525205414079551, 69.40000046773458564 ) ) ;
#1617 = FACE_OUTER_BOUND ( 'NONE', #2074, .T. ) ;
#1618 = EDGE_CURVE ( 'NONE', #5439, #2434, #2080, .T. ) ;
#1619 = EDGE_CURVE ( 'NONE', #244, #1829, #6031, .T. ) ;
#1620 = B_SPLINE_CURVE_WITH_KNOTS ( 'NONE', 3,
 ( #3279, #11, #2417, #1799 ),
 .UNSPECIFIED., .F., .F.,
 ( 4, 4 ),
 ( 0.000000000000000000, 0.8439091903232001091 ),
 .UNSPECIFIED. ) ;
#1621 = ADVANCED_FACE ( 'NONE', ( #4397 ), #5339, .F. ) ;
#1622 = ORIENTED_EDGE ( 'NONE', *, *, #3176, .T. ) ;
#1623 = CARTESIAN_POINT ( 'NONE',  ( 242.0103883833082818, 350.4355925177727613, 68.75735978061509002 ) ) ;
#1624 = CARTESIAN_POINT ( 'NONE',  ( 300.7010792644929893, 342.7898006369100017, 71.08364900740710368 ) ) ;
#1625 = DIRECTION ( 'NONE',  ( 0.000000000000000000, -1.000000000000000000, -1.665250005579849882E-16 ) ) ;
#1626 = ORIENTED_EDGE ( 'NONE', *, *, #676, .T. ) ;
#1627 = CARTESIAN_POINT ( 'NONE',  ( 289.0672605712339873, 348.6484681814000055, 59.00000046773470075 ) ) ;
#1628 = ORIENTED_EDGE ( 'NONE', *, *, #5754, .T. ) ;
#1629 = CARTESIAN_POINT ( 'NONE',  ( 300.5939669327240154, 342.2971758994560219, 70.65957085881900923 ) ) ;
#1630 = AXIS2_PLACEMENT_3D ( 'NONE', #772, #2468, #4833 ) ;
#1631 = EDGE_CURVE ( 'NONE', #5684, #3524, #2052, .T. ) ;
#1632 = DIRECTION ( 'NONE',  ( -1.000000000000000000, -4.781299772258060553E-15, -5.075305255429250078E-15 ) ) ;
#1633 = ORIENTED_EDGE ( 'NONE', *, *, #5622, .T. ) ;
#1634 = VECTOR ( 'NONE', #5723, 1000.000000000000000 ) ;
#1635 = ORIENTED_EDGE ( 'NONE', *, *, #4110, .F. ) ;
#1636 = CARTESIAN_POINT ( 'NONE',  ( 296.5766423777830028, 343.5432494308849982, 67.60000046773470217 ) ) ;
#1637 = ORIENTED_EDGE ( 'NONE', *, *, #5265, .F. ) ;
#1638 = DIRECTION ( 'NONE',  ( 0.000000000000000000, -1.000000000000000000, -1.665250005579849882E-16 ) ) ;
#1639 = CARTESIAN_POINT ( 'NONE',  ( 292.2933062689953090, 350.0390455898614164, 71.00028254101445668 ) ) ;
#1640 = AXIS2_PLACEMENT_3D ( 'NONE', #123, #2014, #2039 ) ;
#1641 = CARTESIAN_POINT ( 'NONE',  ( 238.0933184961089921, 347.7201426854809938, 67.60000046773470217 ) ) ;
#1642 = DIRECTION ( 'NONE',  ( 5.325766498111130543E-15, -1.000000000000000000, -2.373894327159819883E-29 ) ) ;
#1643 = CYLINDRICAL_SURFACE ( 'NONE', #1259, 2.999999999999987566 ) ;
#1644 = ORIENTED_EDGE ( 'NONE', *, *, #6082, .F. ) ;
#1645 = AXIS2_PLACEMENT_3D ( 'NONE', #5096, #1299, #3668 ) ;
#1646 = CARTESIAN_POINT ( 'NONE',  ( 281.8716764056430293, 358.6298387846179594, 69.40000046773469933 ) ) ;
#1647 = DIRECTION ( 'NONE',  ( -1.000000000000000000, 0.000000000000000000, -4.625929269271481378E-15 ) ) ;
#1648 = EDGE_CURVE ( 'NONE', #4661, #3031, #954, .T. ) ;
#1649 = EDGE_CURVE ( 'NONE', #237, #3363, #3443, .T. ) ;
#1650 = DIRECTION ( 'NONE',  ( 1.850371707708558472E-14, -1.000000000000000000, 0.000000000000000000 ) ) ;
#1651 = CYLINDRICAL_SURFACE ( 'NONE', #4374, 2.999999999999987566 ) ;
#1652 = FACE_OUTER_BOUND ( 'NONE', #1488, .T. ) ;
#1653 = CARTESIAN_POINT ( 'NONE',  ( 254.8043602635269167, 364.6850317852866397, 65.00000046773455153 ) ) ;
#1654 = ORIENTED_EDGE ( 'NONE', *, *, #5179, .T. ) ;
#1655 = EDGE_CURVE ( 'NONE', #4653, #754, #2606, .T. ) ;
#1656 = DIRECTION ( 'NONE',  ( -0.7454663070629242716, 0.000000000000000000, 0.6665433106962862508 ) ) ;
#1657 = ORIENTED_EDGE ( 'NONE', *, *, #2306, .F. ) ;
#1658 = DIRECTION ( 'NONE',  ( 0.7071067811865382469, 0.7071067811865567876, 4.625929269271501888E-15 ) ) ;
#1659 = PLANE ( 'NONE',  #1362 ) ;
#1660 = VERTEX_POINT ( 'NONE', #3969 ) ;
#1661 = ORIENTED_EDGE ( 'NONE', *, *, #3850, .T. ) ;
#1662 = ORIENTED_EDGE ( 'NONE', *, *, #1203, .F. ) ;
#1663 = DIRECTION ( 'NONE',  ( -5.601653237913451099E-15, -1.337883081299480113E-15, 1.000000000000000000 ) ) ;
#1664 = EDGE_LOOP ( 'NONE', ( #3731, #584, #1532, #3303, #4897 ) ) ;
#1665 = EDGE_CURVE ( 'NONE', #1695, #2404, #1678, .T. ) ;
#1666 = CARTESIAN_POINT ( 'NONE',  ( 291.6227565142206117, 350.3356129255325868, 68.75735978061544529 ) ) ;
#1667 = CARTESIAN_POINT ( 'NONE',  ( 292.1529345342115107, 350.6491923558799613, 70.99993748263048587 ) ) ;
#1668 = CARTESIAN_POINT ( 'NONE',  ( 243.9696615322960156, 350.7918359525469896, 70.87868012417479235 ) ) ;
#1669 = ORIENTED_EDGE ( 'NONE', *, *, #1545, .T. ) ;
#1670 = AXIS2_PLACEMENT_3D ( 'NONE', #1557, #3433, #1583 ) ;
#1671 = ORIENTED_EDGE ( 'NONE', *, *, #322, .F. ) ;
#1672 = AXIS2_PLACEMENT_3D ( 'NONE', #3127, #2725, #370 ) ;
#1673 = DIRECTION ( 'NONE',  ( -5.067835103561290491E-15, 1.803454195256859651E-17, 1.000000000000000000 ) ) ;
#1674 = CARTESIAN_POINT ( 'NONE',  ( 243.3341019716850155, 351.4850050418140199, 68.75735978061510423 ) ) ;
#1675 = CARTESIAN_POINT ( 'NONE',  ( 242.4337710714283105, 349.8712899242922276, 71.00029306236321247 ) ) ;
#1676 = CARTESIAN_POINT ( 'NONE',  ( 298.1749846627729994, 342.8611658447830450, 71.49985366200100145 ) ) ;
#1677 = EDGE_LOOP ( 'NONE', ( #2983, #5322, #1232, #4200 ) ) ;
#1678 = LINE ( 'NONE', #1136, #428 ) ;
#1679 = VECTOR ( 'NONE', #387, 1000.000000000000114 ) ;
#1680 = DIRECTION ( 'NONE',  ( -0.6322449324434790130, 0.3166486150285860446, 0.7071067811865610064 ) ) ;
#1681 = ORIENTED_EDGE ( 'NONE', *, *, #2783, .T. ) ;
#1682 = CARTESIAN_POINT ( 'NONE',  ( 241.0933184961089921, 347.7201426854809938, 68.00000046773440943 ) ) ;
#1683 = VECTOR ( 'NONE', #3849, 1000.000000000000000 ) ;
#1684 = EDGE_CURVE ( 'NONE', #165, #2103, #4623, .T. ) ;
#1685 = ORIENTED_EDGE ( 'NONE', *, *, #5140, .T. ) ;
#1686 = DIRECTION ( 'NONE',  ( 0.7071067811865590080, -0.7071067811865360264, 1.875388214538940044E-14 ) ) ;
#1687 = UNCERTAINTY_MEASURE_WITH_UNIT (LENGTH_MEASURE( 1.000000000000000082E-05 ), #5806, 'distance_accuracy_value', 'NONE');
#1688 = LINE ( 'NONE', #3568, #2624 ) ;
#1689 = ADVANCED_FACE ( 'NONE', ( #5415 ), #3501, .F. ) ;
#1690 = EDGE_CURVE ( 'NONE', #4672, #2738, #5765, .T. ) ;
#1691 = CARTESIAN_POINT ( 'NONE',  ( 251.1553743916631447, 331.8820497680272297, 69.90539600651599983 ) ) ;
#1692 = EDGE_LOOP ( 'NONE', ( #4293, #2438, #3827, #5900, #3108 ) ) ;
#1693 = EDGE_LOOP ( 'NONE', ( #6007, #5870, #1250, #1388 ) ) ;
#1694 = CARTESIAN_POINT ( 'NONE',  ( 299.5652838919500027, 359.9293337212300230, 71.00000046773480733 ) ) ;
#1695 = VERTEX_POINT ( 'NONE', #4903 ) ;
#1696 = VECTOR ( 'NONE', #5909, 1000.000000000000000 ) ;
#1697 = CIRCLE ( 'NONE', #5162, 3.000000000000011102 ) ;
#1698 = CARTESIAN_POINT ( 'NONE',  ( 292.3223066529870948, 349.7467481629664690, 71.00027543791286178 ) ) ;
#1699 = DIRECTION ( 'NONE',  ( -0.9036061908623972405, 0.4283641579721029768, -3.652049423109067235E-15 ) ) ;
#1700 = EDGE_CURVE ( 'NONE', #3330, #2391, #833, .T. ) ;
#1701 = ORIENTED_EDGE ( 'NONE', *, *, #3236, .F. ) ;
#1702 = DIRECTION ( 'NONE',  ( -5.045325939066840090E-15, -4.854366611097640022E-17, 1.000000000000000000 ) ) ;
#1703 = VERTEX_POINT ( 'NONE', #5390 ) ;
#1704 = DIRECTION ( 'NONE',  ( -0.5254480155638070471, 0.8508257065580806522, -2.903102413111064811E-15 ) ) ;
#1705 = CARTESIAN_POINT ( 'NONE',  ( 286.2716764056430065, 355.6298387846179594, 68.40000046773479880 ) ) ;
#1706 = AXIS2_PLACEMENT_3D ( 'NONE', #432, #4204, #5314 ) ;
#1707 = DIRECTION ( 'NONE',  ( 1.385861172548273936E-15, -2.244039898142160085E-15, -1.000000000000000000 ) ) ;
#1708 = EDGE_CURVE ( 'NONE', #392, #2584, #4931, .T. ) ;
#1709 = CARTESIAN_POINT ( 'NONE',  ( 299.2356369251380670, 342.6214702128229419, 70.11169891114390396 ) ) ;
#1710 = AXIS2_PLACEMENT_3D ( 'NONE', #4516, #3096, #762 ) ;
#1711 = LINE ( 'NONE', #6045, #3757 ) ;
#1712 = CARTESIAN_POINT ( 'NONE',  ( 313.7071067812120191, 345.2218254070179455, 68.75735978061560161 ) ) ;
#1713 = DIRECTION ( 'NONE',  ( -0.7071067811865500152, 0.7071067811865450192, -3.588782762705720534E-15 ) ) ;
#1714 = CARTESIAN_POINT ( 'NONE',  ( 238.0933184961089921, 347.7201426854809938, 67.60000046773470217 ) ) ;
#1715 = ORIENTED_EDGE ( 'NONE', *, *, #719, .T. ) ;
#1716 = FACE_OUTER_BOUND ( 'NONE', #2314, .T. ) ;
#1717 = LINE ( 'NONE', #4913, #5208 ) ;
#1718 = ORIENTED_EDGE ( 'NONE', *, *, #1564, .F. ) ;
#1719 = ORIENTED_EDGE ( 'NONE', *, *, #5338, .F. ) ;
#1720 = EDGE_LOOP ( 'NONE', ( #5775, #2341, #1758, #3316, #2821, #203 ) ) ;
#1721 = FACE_OUTER_BOUND ( 'NONE', #2248, .T. ) ;
#1722 = EDGE_CURVE ( 'NONE', #5110, #4732, #4679, .T. ) ;
#1723 = VERTEX_POINT ( 'NONE', #5912 ) ;
#1724 = EDGE_CURVE ( 'NONE', #3335, #2828, #3063, .T. ) ;
#1725 = CARTESIAN_POINT ( 'NONE',  ( 240.5292949281690085, 350.6366506697750083, 70.54635964766458756 ) ) ;
#1726 = DIRECTION ( 'NONE',  ( -8.410780489584526369E-15, 1.000000000000000000, 0.000000000000000000 ) ) ;
#1727 = ADVANCED_FACE ( 'NONE', ( #732 ), #5449, .F. ) ;
#1728 = DIRECTION ( 'NONE',  ( 5.075305255429250078E-15, 5.076883396865070006E-29, -1.000000000000000000 ) ) ;
#1729 = VERTEX_POINT ( 'NONE', #5057 ) ;
#1730 = CARTESIAN_POINT ( 'NONE',  ( 298.1904234089555530, 342.4868302075814768, 71.00004399026060753 ) ) ;
#1731 = ORIENTED_EDGE ( 'NONE', *, *, #3885, .T. ) ;
#1732 = CARTESIAN_POINT ( 'NONE',  ( 243.7894519200589798, 350.5177709491479732, 70.84027813018650477 ) ) ;
#1733 = LINE ( 'NONE', #4575, #4992 ) ;
#1734 = VECTOR ( 'NONE', #4475, 1000.000000000000000 ) ;
#1735 = CARTESIAN_POINT ( 'NONE',  ( 242.0103883833082818, 350.4355925177727613, 68.75735978061509002 ) ) ;
#1736 = CARTESIAN_POINT ( 'NONE',  ( 269.3734359413190305, 364.4298387846179708, 71.00000046773470785 ) ) ;
#1737 = AXIS2_PLACEMENT_3D ( 'NONE', #3396, #180, #3456 ) ;
#1738 = VECTOR ( 'NONE', #5711, 1000.000000000000114 ) ;
#1739 = LINE ( 'NONE', #5028, #2267 ) ;
#1740 = DIRECTION ( 'NONE',  ( 1.000000000000000000, 0.000000000000000000, 5.075305255429250078E-15 ) ) ;
#1741 = ADVANCED_FACE ( 'NONE', ( #4155 ), #4580, .F. ) ;
#1742 = DIRECTION ( 'NONE',  ( 5.921189464667460002E-15, 5.081578997491380000E-29, -1.000000000000000000 ) ) ;
#1743 = DIRECTION ( 'NONE',  ( -1.387945395659760113E-15, 2.247414752645225251E-15, 1.000000000000000000 ) ) ;
#1744 = LINE ( 'NONE', #2022, #4669 ) ;
#1745 = CARTESIAN_POINT ( 'NONE',  ( 238.0933184961089921, 347.7201426854809938, 67.00000046773500628 ) ) ;
#1746 = ORIENTED_EDGE ( 'NONE', *, *, #5953, .F. ) ;
#1747 = FACE_OUTER_BOUND ( 'NONE', #1413, .T. ) ;
#1748 = CARTESIAN_POINT ( 'NONE',  ( 294.1724793217489946, 345.9474124869190064, 67.60000046773470217 ) ) ;
#1749 = CARTESIAN_POINT ( 'NONE',  ( 299.3782781234409640, 362.5506540647890574, 70.87868012417519026 ) ) ;
#1750 = ORIENTED_EDGE ( 'NONE', *, *, #71, .F. ) ;
#1751 = ORIENTED_EDGE ( 'NONE', *, *, #3968, .T. ) ;
#1752 = CARTESIAN_POINT ( 'NONE',  ( 268.1520060942689838, 348.4379085293400067, 69.40000046773458564 ) ) ;
#1753 = ORIENTED_EDGE ( 'NONE', *, *, #462, .F. ) ;
#1754 = CARTESIAN_POINT ( 'NONE',  ( 286.2716764056430065, 356.6298387846179594, 69.40000046773469933 ) ) ;
#1755 = CARTESIAN_POINT ( 'NONE',  ( 292.3306963755220522, 349.6090741988570585, 71.00045461291355764 ) ) ;
#1756 = EDGE_CURVE ( 'NONE', #5780, #55, #4687, .T. ) ;
#1757 = DIRECTION ( 'NONE',  ( 0.4478087658801228055, 0.8941293582032306952, 2.000844226037119392E-15 ) ) ;
#1758 = ORIENTED_EDGE ( 'NONE', *, *, #3211, .T. ) ;
#1759 = CARTESIAN_POINT ( 'NONE',  ( 298.4945876243390899, 342.7034434129337228, 70.99862377712921102 ) ) ;
#1760 = ORIENTED_EDGE ( 'NONE', *, *, #5665, .T. ) ;
#1761 = CARTESIAN_POINT ( 'NONE',  ( 294.1724793217489946, 343.5432494308849982, 68.00000046773479312 ) ) ;
#1762 = PLANE ( 'NONE',  #4362 ) ;
#1763 = EDGE_CURVE ( 'NONE', #4534, #4598, #894, .T. ) ;
#1764 = DIRECTION ( 'NONE',  ( 0.000000000000000000, -5.075305255429250078E-15, -1.000000000000000000 ) ) ;
#1765 = AXIS2_PLACEMENT_3D ( 'NONE', #5946, #2082, #4965 ) ;
#1766 = EDGE_CURVE ( 'NONE', #1703, #2407, #5544, .T. ) ;
#1767 = CARTESIAN_POINT ( 'NONE',  ( 298.0852216750220123, 342.3657377689160057, 70.52378045324249456 ) ) ;
#1768 = ORIENTED_EDGE ( 'NONE', *, *, #3530, .T. ) ;
#1769 = DIRECTION ( 'NONE',  ( 0.7071067811865489050, -0.7071067811865460184, 3.532708032038349653E-15 ) ) ;
#1770 = ORIENTED_EDGE ( 'NONE', *, *, #1655, .F. ) ;
#1771 = SPHERICAL_SURFACE ( 'NONE', #6063, 3.063726656943550175 ) ;
#1772 = CIRCLE ( 'NONE', #2368, 2.000000000000031974 ) ;
#1773 = DIRECTION ( 'NONE',  ( -5.075305255429250078E-15, -5.705042066558399438E-29, 1.000000000000000000 ) ) ;
#1774 = CARTESIAN_POINT ( 'NONE',  ( 269.3734359413190305, 366.4298387846179708, 71.00000046773470785 ) ) ;
#1775 = ADVANCED_FACE ( 'NONE', ( #5120 ), #1320, .F. ) ;
#1776 = ORIENTED_EDGE ( 'NONE', *, *, #675, .T. ) ;
#1777 = LINE ( 'NONE', #5063, #410 ) ;
#1778 = DIRECTION ( 'NONE',  ( 3.865418436758450516E-29, -5.048709793107170241E-29, 1.000000000000000000 ) ) ;
#1779 = VERTEX_POINT ( 'NONE', #373 ) ;
#1780 = AXIS2_PLACEMENT_3D ( 'NONE', #1627, #672, #633 ) ;
#1781 = CARTESIAN_POINT ( 'NONE',  ( 286.2716764056430065, 350.0298387846179367, 70.50000046773480733 ) ) ;
#1782 = LINE ( 'NONE', #871, #2071 ) ;
#1783 = ORIENTED_EDGE ( 'NONE', *, *, #4149, .F. ) ;
#1784 = CIRCLE ( 'NONE', #2476, 6.599999999999975664 ) ;
#1785 = ORIENTED_EDGE ( 'NONE', *, *, #5660, .T. ) ;
#1786 = CARTESIAN_POINT ( 'NONE',  ( 251.0495441309329863, 331.8414433571660425, 70.07528588250079338 ) ) ;
#1787 = VERTEX_POINT ( 'NONE', #2260 ) ;
#1788 = CYLINDRICAL_SURFACE ( 'NONE', #254, 1.999999999999992895 ) ;
#1789 = CARTESIAN_POINT ( 'NONE',  ( 238.0933184961089921, 347.7201426854809938, 71.00000046773449469 ) ) ;
#1790 = CARTESIAN_POINT ( 'NONE',  ( 300.6719899717809881, 342.7005930397280054, 71.00000047436950013 ) ) ;
#1791 = ORIENTED_EDGE ( 'NONE', *, *, #4438, .F. ) ;
#1792 = PLANE ( 'NONE',  #3008 ) ;
#1793 = VERTEX_POINT ( 'NONE', #1258 ) ;
#1794 = CIRCLE ( 'NONE', #5647, 5.600000000000017408 ) ;
#1795 = CARTESIAN_POINT ( 'NONE',  ( 264.4726037499009408, 349.0298387846179367, 65.00000046773459417 ) ) ;
#1796 = DIRECTION ( 'NONE',  ( 0.6410464294893021275, 0.7675021011300341423, 3.795757364654779928E-15 ) ) ;
#1797 = VECTOR ( 'NONE', #1187, 1000.000000000000000 ) ;
#1798 = FACE_OUTER_BOUND ( 'NONE', #1534, .T. ) ;
#1799 = CARTESIAN_POINT ( 'NONE',  ( 300.4389199806907982, 341.8425259576402482, 69.90537257202947785 ) ) ;
#1800 = CARTESIAN_POINT ( 'NONE',  ( 300.6276937031579450, 342.5733164236360153, 70.87868012411979635 ) ) ;
#1801 = CIRCLE ( 'NONE', #2888, 1.999999999999990896 ) ;
#1802 = EDGE_CURVE ( 'NONE', #5252, #3363, #4372, .T. ) ;
#1803 = ORIENTED_EDGE ( 'NONE', *, *, #3850, .F. ) ;
#1804 = CARTESIAN_POINT ( 'NONE',  ( 300.0921558007020167, 342.2769670425989830, 70.04665654066100444 ) ) ;
#1805 = EDGE_LOOP ( 'NONE', ( #665, #514, #4348, #4253 ) ) ;
#1806 = DIRECTION ( 'NONE',  ( -3.865418436758450516E-29, 5.048709793107170241E-29, -1.000000000000000000 ) ) ;
#1807 = ADVANCED_FACE ( 'NONE', ( #5573 ), #794, .F. ) ;
#1808 = EDGE_CURVE ( 'NONE', #5556, #6060, #5511, .T. ) ;
#1809 = CARTESIAN_POINT ( 'NONE',  ( 235.0933184961089921, 347.7201426854809938, 71.00000046773448048 ) ) ;
#1810 = CYLINDRICAL_SURFACE ( 'NONE', #2956, 3.999999999999992450 ) ;
#1811 = EDGE_CURVE ( 'NONE', #19, #5197, #409, .T. ) ;
#1812 = CIRCLE ( 'NONE', #3184, 2.849999999999797140 ) ;
#1813 = AXIS2_PLACEMENT_3D ( 'NONE', #2131, #4393, #1647 ) ;
#1814 = ORIENTED_EDGE ( 'NONE', *, *, #599, .F. ) ;
#1815 = CARTESIAN_POINT ( 'NONE',  ( 286.2716764056430065, 350.0298387846179367, 68.40000046773479880 ) ) ;
#1816 = CARTESIAN_POINT ( 'NONE',  ( 243.5675032611000006, 351.2393579524799634, 70.10294419288679535 ) ) ;
#1817 = VERTEX_POINT ( 'NONE', #311 ) ;
#1818 = CARTESIAN_POINT ( 'NONE',  ( 253.2232336721709771, 335.5008672472159788, 68.75735978061520370 ) ) ;
#1819 = VERTEX_POINT ( 'NONE', #827 ) ;
#1820 = ORIENTED_EDGE ( 'NONE', *, *, #5024, .F. ) ;
#1821 = CARTESIAN_POINT ( 'NONE',  ( 244.0653282692170194, 350.7119315196689513, 71.00000046773449469 ) ) ;
#1822 = EDGE_LOOP ( 'NONE', ( #5565, #1196, #5683, #2061 ) ) ;
#1823 = DIRECTION ( 'NONE',  ( 0.7071067811865475727, -0.7071067811865475727, 0.000000000000000000 ) ) ;
#1824 = EDGE_CURVE ( 'NONE', #6079, #938, #1161, .T. ) ;
#1825 = DIRECTION ( 'NONE',  ( -1.000000000000000000, -5.325766498111130543E-15, -5.075305255429250078E-15 ) ) ;
#1826 = CARTESIAN_POINT ( 'NONE',  ( 262.8489462805615062, 353.4190441086863075, 59.39568908756255894 ) ) ;
#1827 = ORIENTED_EDGE ( 'NONE', *, *, #445, .F. ) ;
#1828 = CARTESIAN_POINT ( 'NONE',  ( 257.4947506991319415, 353.7754051033870155, 71.00000046773459417 ) ) ;
#1829 = VERTEX_POINT ( 'NONE', #1289 ) ;
#1830 = DIRECTION ( 'NONE',  ( 4.135580799816630757E-15, 1.665250005579850128E-16, -1.000000000000000000 ) ) ;
#1831 = PLANE ( 'NONE',  #148 ) ;
#1832 = AXIS2_PLACEMENT_3D ( 'NONE', #3222, #829, #3190 ) ;
#1833 = AXIS2_PLACEMENT_3D ( 'NONE', #4497, #4467, #5951 ) ;
#1834 = CARTESIAN_POINT ( 'NONE',  ( 258.3903682308929888, 355.5636638197939874, 69.40000046773469933 ) ) ;
#1835 = FACE_OUTER_BOUND ( 'NONE', #363, .T. ) ;
#1836 = AXIS2_PLACEMENT_3D ( 'NONE', #3312, #1898, #5570 ) ;
#1837 = EDGE_LOOP ( 'NONE', ( #1406, #442, #3140, #1029, #1895, #5150 ) ) ;
#1838 = AXIS2_PLACEMENT_3D ( 'NONE', #2903, #2435, #4319 ) ;
#1839 = ORIENTED_EDGE ( 'NONE', *, *, #4981, .F. ) ;
#1840 = DIRECTION ( 'NONE',  ( 0.000000000000000000, 0.000000000000000000, 1.000000000000000000 ) ) ;
#1841 = LINE ( 'NONE', #1354, #4096 ) ;
#1842 = VECTOR ( 'NONE', #4137, 1000.000000000000000 ) ;
#1843 = FACE_BOUND ( 'NONE', #2732, .T. ) ;
#1844 = EDGE_CURVE ( 'NONE', #4206, #5165, #4079, .T. ) ;
#1845 = ADVANCED_FACE ( 'NONE', ( #5610 ), #1771, .F. ) ;
#1846 = ORIENTED_EDGE ( 'NONE', *, *, #3497, .T. ) ;
#1847 = DIRECTION ( 'NONE',  ( -5.601653237913451099E-15, -1.337883081299480113E-15, 1.000000000000000000 ) ) ;
#1848 = DIRECTION ( 'NONE',  ( 0.2705980500730956195, 0.6532814824381866226, 0.7071067811865501263 ) ) ;
#1849 = ORIENTED_EDGE ( 'NONE', *, *, #4571, .T. ) ;
#1850 = AXIS2_PLACEMENT_3D ( 'NONE', #1600, #4499, #4885 ) ;
#1851 = DIRECTION ( 'NONE',  ( -5.045325939066829835E-15, -4.854366611099339771E-17, 1.000000000000000000 ) ) ;
#1852 = EDGE_CURVE ( 'NONE', #2772, #5029, #4649, .T. ) ;
#1853 = EDGE_LOOP ( 'NONE', ( #5958, #5295, #4216, #4466, #2819, #324, #1361 ) ) ;
#1854 = AXIS2_PLACEMENT_3D ( 'NONE', #1127, #1957, #3929 ) ;
#1855 = ORIENTED_EDGE ( 'NONE', *, *, #5132, .T. ) ;
#1856 = CARTESIAN_POINT ( 'NONE',  ( 251.2419027153390232, 331.7795734480259853, 69.66683135406559302 ) ) ;
#1857 = ORIENTED_EDGE ( 'NONE', *, *, #2547, .F. ) ;
#1858 = CARTESIAN_POINT ( 'NONE',  ( 243.1177219380430188, 349.9560418311409649, 71.00000046773449469 ) ) ;
#1859 = DIRECTION ( 'NONE',  ( 0.7071067811865475727, -0.7071067811865475727, 0.000000000000000000 ) ) ;
#1860 = DIRECTION ( 'NONE',  ( 0.5499953507477849390, -0.4593766653061530092, -0.6974798875437339118 ) ) ;
#1861 = VERTEX_POINT ( 'NONE', #5151 ) ;
#1862 = EDGE_CURVE ( 'NONE', #392, #4794, #2401, .T. ) ;
#1863 = ORIENTED_EDGE ( 'NONE', *, *, #3254, .T. ) ;
#1864 = EDGE_CURVE ( 'NONE', #4876, #1576, #5856, .T. ) ;
#1865 = DIRECTION ( 'NONE',  ( -1.387508538590724058E-15, 2.246707376818470184E-15, 1.000000000000000000 ) ) ;
#1866 = CARTESIAN_POINT ( 'NONE',  ( 291.2326169915300511, 351.0332589096470315, 69.87868012417511920 ) ) ;
#1867 = CARTESIAN_POINT ( 'NONE',  ( 292.0229850644194585, 349.1599702336809514, 68.75735978061541687 ) ) ;
#1868 = DIRECTION ( 'NONE',  ( -5.075305255429250078E-15, -5.076883396865070006E-29, 1.000000000000000000 ) ) ;
#1869 = DIRECTION ( 'NONE',  ( -0.9760862754457416690, -0.2173834926724194094, 0.000000000000000000 ) ) ;
#1870 = CYLINDRICAL_SURFACE ( 'NONE', #515, 2.000000000000001776 ) ;
#1871 = ORIENTED_EDGE ( 'NONE', *, *, #3080, .F. ) ;
#1872 = EDGE_LOOP ( 'NONE', ( #5017, #6090, #3194, #6113 ) ) ;
#1873 = CARTESIAN_POINT ( 'NONE',  ( 291.7598246889945131, 350.5561148867219572, 69.96652624700485035 ) ) ;
#1874 = PLANE ( 'NONE',  #2509 ) ;
#1875 = FACE_OUTER_BOUND ( 'NONE', #2227, .T. ) ;
#1876 = B_SPLINE_CURVE_WITH_KNOTS ( 'NONE', 3,
 ( #1047, #2474, #2045, #2500, #128, #4328 ),
 .UNSPECIFIED., .F., .F.,
 ( 4, 1, 1, 4 ),
 ( 0.000000000000000000, 0.2857142857142860315, 0.5714285714285709528, 1.000000000000000000 ),
 .UNSPECIFIED. ) ;
#1877 = VECTOR ( 'NONE', #5680, 1000.000000000000000 ) ;
#1878 = EDGE_LOOP ( 'NONE', ( #283, #1162, #2392, #524 ) ) ;
#1879 = DIRECTION ( 'NONE',  ( 0.2323034033118742125, -0.9726433718530758110, 0.000000000000000000 ) ) ;
#1880 = ORIENTED_EDGE ( 'NONE', *, *, #5359, .T. ) ;
#1881 = DIRECTION ( 'NONE',  ( -4.206854629683915336E-15, -3.385952472658510333E-16, 1.000000000000000000 ) ) ;
#1882 = CIRCLE ( 'NONE', #2659, 2.849999999999797140 ) ;
#1883 = VERTEX_POINT ( 'NONE', #5244 ) ;
#1884 = EDGE_CURVE ( 'NONE', #6019, #1367, #2822, .T. ) ;
#1885 = ORIENTED_EDGE ( 'NONE', *, *, #4295, .T. ) ;
#1886 = LINE ( 'NONE', #2309, #5732 ) ;
#1887 = EDGE_LOOP ( 'NONE', ( #2708, #4606, #475, #2358 ) ) ;
#1888 = EDGE_CURVE ( 'NONE', #4185, #2584, #2662, .T. ) ;
#1890 = EDGE_CURVE ( 'NONE', #496, #4436, #4469, .T. ) ;
#1889 = LINE ( 'NONE', #461, #4595 ) ;
#1891 = DIRECTION ( 'NONE',  ( -4.135580799816630757E-15, -1.665250005579849882E-16, 1.000000000000000000 ) ) ;
#1892 = AXIS2_PLACEMENT_3D ( 'NONE', #4699, #874, #3263 ) ;
#1893 = PLANE ( 'NONE',  #1706 ) ;
#1894 = ORIENTED_EDGE ( 'NONE', *, *, #5703, .F. ) ;
#1895 = ORIENTED_EDGE ( 'NONE', *, *, #3807, .T. ) ;
#1896 = CARTESIAN_POINT ( 'NONE',  ( 243.9696615322960156, 350.7918359525469896, 70.87868012417479235 ) ) ;
#1897 = DIRECTION ( 'NONE',  ( -3.865418436758450516E-29, 5.048709793107170241E-29, -1.000000000000000000 ) ) ;
#1898 = DIRECTION ( 'NONE',  ( 5.075305255429250078E-15, 4.462243504280484979E-29, -1.000000000000000000 ) ) ;
#1899 = CARTESIAN_POINT ( 'NONE',  ( 264.4726037499009408, 349.0298387846179367, 70.50000046773459417 ) ) ;
#1900 = EDGE_LOOP ( 'NONE', ( #5588, #883, #4801, #1340 ) ) ;
#1901 = CARTESIAN_POINT ( 'NONE',  ( 285.8574628432700138, 349.0298387846179367, 59.00000046773470075 ) ) ;
#1902 = DIRECTION ( 'NONE',  ( 2.775557561562888827E-14, -1.000000000000000000, 0.000000000000000000 ) ) ;
#1903 = EDGE_CURVE ( 'NONE', #1883, #1519, #597, .T. ) ;
#1904 = AXIS2_PLACEMENT_3D ( 'NONE', #5224, #3416, #3327 ) ;
#1905 = AXIS2_PLACEMENT_3D ( 'NONE', #1646, #725, #2597 ) ;
#1906 = ORIENTED_EDGE ( 'NONE', *, *, #36, .T. ) ;
#1907 = CARTESIAN_POINT ( 'NONE',  ( 304.7732850879889952, 358.3982877873600046, 59.00000046773480022 ) ) ;
#1908 = LINE ( 'NONE', #21, #2078 ) ;
#1909 = ORIENTED_EDGE ( 'NONE', *, *, #1369, .F. ) ;
#1910 = AXIS2_PLACEMENT_3D ( 'NONE', #1195, #4000, #1568 ) ;
#1911 = DIRECTION ( 'NONE',  ( 2.775557561562888827E-14, -1.000000000000000000, 0.000000000000000000 ) ) ;
#1912 = CARTESIAN_POINT ( 'NONE',  ( 264.1990229172930071, 355.5760342795689439, 59.00000046773410389 ) ) ;
#1913 = ORIENTED_EDGE ( 'NONE', *, *, #5466, .T. ) ;
#1914 = EDGE_LOOP ( 'NONE', ( #1669, #1450, #1412 ) ) ;
#1915 = DIRECTION ( 'NONE',  ( -5.075305255429250078E-15, -7.808869215812310466E-29, 1.000000000000000000 ) ) ;
#1916 = ORIENTED_EDGE ( 'NONE', *, *, #4676, .F. ) ;
#1917 = CARTESIAN_POINT ( 'NONE',  ( 261.1927338742801226, 351.9233360859507229, 69.90541007771054183 ) ) ;
#1918 = CARTESIAN_POINT ( 'NONE',  ( 251.3332745574020066, 363.8838133574830067, 68.40000046773458564 ) ) ;
#1919 = ORIENTED_EDGE ( 'NONE', *, *, #2331, .T. ) ;
#1920 = EDGE_CURVE ( 'NONE', #3272, #244, #4882, .T. ) ;
#1921 = EDGE_CURVE ( 'NONE', #2128, #2899, #3565, .T. ) ;
#1922 = VERTEX_POINT ( 'NONE', #2887 ) ;
#1923 = CARTESIAN_POINT ( 'NONE',  ( 294.1724793217489946, 341.1390863748509901, 67.60000046773470217 ) ) ;
#1924 = CARTESIAN_POINT ( 'NONE',  ( 242.0834310484575553, 345.7217658718836901, 59.00000046773455153 ) ) ;
#1925 = ADVANCED_FACE ( 'NONE', ( #5672 ), #1448, .F. ) ;
#1926 = FACE_OUTER_BOUND ( 'NONE', #3945, .T. ) ;
#1927 = FACE_OUTER_BOUND ( 'NONE', #1579, .T. ) ;
#1928 = ORIENTED_EDGE ( 'NONE', *, *, #3497, .F. ) ;
#1929 = LINE ( 'NONE', #2915, #4167 ) ;
#1930 = DIRECTION ( 'NONE',  ( 0.7675021011300342533, -0.6410464294893021275, 3.067316696223900850E-15 ) ) ;
#1931 = VECTOR ( 'NONE', #3585, 1000.000000000000000 ) ;
#1932 = DIRECTION ( 'NONE',  ( -0.5254480155638115990, 0.8508257065580777656, -2.775557561562889773E-15 ) ) ;
#1933 = CARTESIAN_POINT ( 'NONE',  ( 296.7368521291019761, 359.9293290831280387, 69.40000046773469933 ) ) ;
#1934 = AXIS2_PLACEMENT_3D ( 'NONE', #3685, #5664, #2784 ) ;
#1935 = ORIENTED_EDGE ( 'NONE', *, *, #1936, .F. ) ;
#1936 = EDGE_CURVE ( 'NONE', #4813, #3264, #1080, .T. ) ;
#1937 = CARTESIAN_POINT ( 'NONE',  ( 291.7621645626369968, 351.5204700247939513, 71.00000046773480733 ) ) ;
#1938 = LINE ( 'NONE', #3822, #4759 ) ;
#1939 = ORIENTED_EDGE ( 'NONE', *, *, #3477, .T. ) ;
#1940 = FACE_OUTER_BOUND ( 'NONE', #3751, .T. ) ;
#1941 = AXIS2_PLACEMENT_3D ( 'NONE', #4014, #5467, #272 ) ;
#1942 = CARTESIAN_POINT ( 'NONE',  ( 293.6267050204709790, 340.5933120735729744, 67.60000046773470217 ) ) ;
#1943 = EDGE_LOOP ( 'NONE', ( #5967, #3262, #331, #1396 ) ) ;
#1944 = CIRCLE ( 'NONE', #5004, 5.600000000000012967 ) ;
#1945 = VERTEX_POINT ( 'NONE', #44 ) ;
#1946 = CYLINDRICAL_SURFACE ( 'NONE', #3855, 2.000000000000015543 ) ;
#1947 = ORIENTED_EDGE ( 'NONE', *, *, #1437, .T. ) ;
#1948 = CARTESIAN_POINT ( 'NONE',  ( 269.3734359413190305, 356.6298387846179594, 71.00000046773470785 ) ) ;
#1949 = ORIENTED_EDGE ( 'NONE', *, *, #1167, .F. ) ;
#1950 = ORIENTED_EDGE ( 'NONE', *, *, #5320, .F. ) ;
#1951 = CYLINDRICAL_SURFACE ( 'NONE', #472, 1.999999999999992895 ) ;
#1952 = CARTESIAN_POINT ( 'NONE',  ( 251.4891013125549648, 356.7832276465549626, 69.40000046773458564 ) ) ;
#1953 = AXIS2_PLACEMENT_3D ( 'NONE', #3146, #5047, #5407 ) ;
#1954 = DIRECTION ( 'NONE',  ( -1.387508538590724058E-15, 2.246707376818470184E-15, 1.000000000000000000 ) ) ;
#1955 = ADVANCED_FACE ( 'NONE', ( #6114 ), #2449, .F. ) ;
#1956 = DIRECTION ( 'NONE',  ( 0.3826834323650847303, 0.9238795325112889589, 2.775557561562904367E-15 ) ) ;
#1957 = DIRECTION ( 'NONE',  ( -1.000000000000000000, 0.000000000000000000, 0.000000000000000000 ) ) ;
#1958 = DIRECTION ( 'NONE',  ( 3.865418436758450516E-29, -5.048709793107170241E-29, 1.000000000000000000 ) ) ;
#1959 = ORIENTED_EDGE ( 'NONE', *, *, #5807, .T. ) ;
#1960 = DIRECTION ( 'NONE',  ( 1.000000000000000000, 0.000000000000000000, 5.075305255429250078E-15 ) ) ;
#1961 = EDGE_CURVE ( 'NONE', #6055, #2761, #477, .T. ) ;
#1962 = EDGE_CURVE ( 'NONE', #14, #1048, #823, .T. ) ;
#1963 = EDGE_LOOP ( 'NONE', ( #2858, #1574, #4101, #1246, #5352 ) ) ;
#1964 = CARTESIAN_POINT ( 'NONE',  ( 299.9812450862270339, 341.9771243535259941, 68.75735978061550213 ) ) ;
#1965 = DIRECTION ( 'NONE',  ( -0.5254480155638071581, 0.8508257065580806522, -2.102695122396137509E-15 ) ) ;
#1966 = DIRECTION ( 'NONE',  ( 5.921189464667460002E-15, 1.665250005579849882E-16, -1.000000000000000000 ) ) ;
#1967 = LINE ( 'NONE', #1538, #2156 ) ;
#1968 = EDGE_CURVE ( 'NONE', #160, #2596, #4272, .T. ) ;
#1969 = CIRCLE ( 'NONE', #897, 4.999999999999976907 ) ;
#1970 = CARTESIAN_POINT ( 'NONE',  ( 251.3488406265453250, 331.7583102036711011, 68.75735978061530318 ) ) ;
#1971 = ORIENTED_EDGE ( 'NONE', *, *, #990, .T. ) ;
#1972 = CARTESIAN_POINT ( 'NONE',  ( 288.2716764056430065, 358.3940482511480354, 69.40000046773469933 ) ) ;
#1973 = ORIENTED_EDGE ( 'NONE', *, *, #4835, .F. ) ;
#1974 = VECTOR ( 'NONE', #4799, 1000.000000000000000 ) ;
#1975 = CARTESIAN_POINT ( 'NONE',  ( 242.7816551424199929, 350.6193998258589772, 69.48787119487860764 ) ) ;
#1976 = EDGE_CURVE ( 'NONE', #32, #4813, #4453, .T. ) ;
#1977 = ORIENTED_EDGE ( 'NONE', *, *, #3007, .F. ) ;
#1978 = ORIENTED_EDGE ( 'NONE', *, *, #3712, .F. ) ;
#1979 = CARTESIAN_POINT ( 'NONE',  ( 239.3980759901769773, 346.6303684511960341, 67.60000046773470217 ) ) ;
#1980 = CYLINDRICAL_SURFACE ( 'NONE', #4389, 2.000000000000016431 ) ;
#1981 = DIRECTION ( 'NONE',  ( 1.000000000000000000, 5.551115123125779621E-17, -1.674765289262570396E-14 ) ) ;
#1982 = VECTOR ( 'NONE', #642, 1000.000000000000000 ) ;
#1983 = CARTESIAN_POINT ( 'NONE',  ( 243.5067525842889893, 351.3069613472899277, 69.92339904604830281 ) ) ;
#1984 = CARTESIAN_POINT ( 'NONE',  ( 243.3341019716850155, 351.4850050418140199, 69.12361751900039053 ) ) ;
#1985 = CARTESIAN_POINT ( 'NONE',  ( 297.2825229898210182, 341.3597594760909715, 71.00000046773480733 ) ) ;
#1986 = ORIENTED_EDGE ( 'NONE', *, *, #5229, .T. ) ;
#1987 = AXIS2_PLACEMENT_3D ( 'NONE', #342, #4120, #1319 ) ;
#1988 = DIRECTION ( 'NONE',  ( 5.921189464667460002E-15, 5.081578997491380000E-29, -1.000000000000000000 ) ) ;
#1989 = EDGE_CURVE ( 'NONE', #5808, #310, #2360, .T. ) ;
#1990 = EDGE_CURVE ( 'NONE', #1150, #2677, #1697, .T. ) ;
#1991 = EDGE_CURVE ( 'NONE', #2711, #851, #1929, .T. ) ;
#1992 = ORIENTED_EDGE ( 'NONE', *, *, #3349, .T. ) ;
#1993 = CARTESIAN_POINT ( 'NONE',  ( 315.6669512285266137, 347.1816698543326538, 69.90541007771093973 ) ) ;
#1994 = CIRCLE ( 'NONE', #5650, 2.000000000000007105 ) ;
#1995 = VECTOR ( 'NONE', #2971, 1000.000000000000000 ) ;
#1996 = DIRECTION ( 'NONE',  ( 0.7071067811865510144, -0.7071067811865441310, 3.552713678800430721E-15 ) ) ;
#1997 = CARTESIAN_POINT ( 'NONE',  ( 296.5766423777830028, 343.5432494308849982, 67.80000046773470501 ) ) ;
#1998 = CARTESIAN_POINT ( 'NONE',  ( 262.8609874059093272, 353.4265604926902711, 59.41440734365858845 ) ) ;
#1999 = CARTESIAN_POINT ( 'NONE',  ( 285.8574628432700138, 367.4298387846179708, 65.00000046773469364 ) ) ;
#2000 = ORIENTED_EDGE ( 'NONE', *, *, #5733, .F. ) ;
#2001 = AXIS2_PLACEMENT_3D ( 'NONE', #138, #3035, #4934 ) ;
#2002 = B_SPLINE_CURVE_WITH_KNOTS ( 'NONE', 3,
 ( #5903, #5872, #2683, #5015, #4108, #3609, #1153, #302, #1755, #3115, #5497, #4982, #1698, #783, #1639, #2185, #4045, #3145, #5046, #4950, #1667, #3578, #4505, #273, #4567, #3548, #4921, #5436, #683, #2214 ),
 .UNSPECIFIED., .F., .F.,
 ( 4, 2, 2, 2, 1, 1, 2, 2, 2, 2, 1, 1, 1, 1, 2, 2, 2, 4 ),
 ( 0.000000000000000000, 0.2499999999996746491, 0.3749999999995153876, 0.4374999999994357291, 0.4687499999993752775, 0.4843749999993243183, 0.4921874999992988386, 0.4999999999992733590, 0.6249999999991024957, 0.6874999999990130117, 0.7187499999989682697, 0.7343749999989214183, 0.7421874999988978816, 0.7460937499988804511, 0.7480468749988774535, 0.7499999999988745669, 0.8749999999994372279, 1.000000000000000000 ),
 .UNSPECIFIED. ) ;
#2003 = ORIENTED_EDGE ( 'NONE', *, *, #4821, .F. ) ;
#2004 = DIRECTION ( 'NONE',  ( 1.000000000000000000, 0.000000000000000000, 3.662863569123590396E-15 ) ) ;
#2005 = LINE ( 'NONE', #1918, #5419 ) ;
#2006 = ORIENTED_EDGE ( 'NONE', *, *, #4399, .F. ) ;
#2007 = VECTOR ( 'NONE', #3559, 1000.000000000000000 ) ;
#2008 = ORIENTED_EDGE ( 'NONE', *, *, #4494, .T. ) ;
#2009 = DIRECTION ( 'NONE',  ( -0.7071067811865460184, -0.7071067811865489050, -8.748234485402590809E-30 ) ) ;
#2010 = CIRCLE ( 'NONE', #1813, 3.000000000000002665 ) ;
#2011 = EDGE_CURVE ( 'NONE', #3951, #2381, #4815, .T. ) ;
#2012 = DIRECTION ( 'NONE',  ( -2.537652627714604923E-15, 2.537652627714595062E-15, 1.000000000000000000 ) ) ;
#2013 = CARTESIAN_POINT ( 'NONE',  ( 291.2214238739489929, 354.9795862529240367, 68.75735978061550213 ) ) ;
#2014 = DIRECTION ( 'NONE',  ( 3.865418436758450516E-29, -5.048709793107170241E-29, 1.000000000000000000 ) ) ;
#2015 = DIRECTION ( 'NONE',  ( -8.242673678232370000E-16, -1.989957458420594918E-15, 1.000000000000000000 ) ) ;
#2016 = CARTESIAN_POINT ( 'NONE',  ( 290.4167292880799778, 350.7807791173599981, 69.40000046773479880 ) ) ;
#2017 = DIRECTION ( 'NONE',  ( -0.7071067811865753283, 0.7071067811865198172, 0.000000000000000000 ) ) ;
#2018 = ORIENTED_EDGE ( 'NONE', *, *, #2081, .F. ) ;
#2019 = DIRECTION ( 'NONE',  ( 0.3826834323650846192, 0.9238795325112888479, 2.262682794752355862E-15 ) ) ;
#2020 = ORIENTED_EDGE ( 'NONE', *, *, #5074, .F. ) ;
#2021 = AXIS2_PLACEMENT_3D ( 'NONE', #1251, #5112, #5022 ) ;
#2022 = CARTESIAN_POINT ( 'NONE',  ( 291.2225419644369708, 342.9974751296069826, 67.60000046773470217 ) ) ;
#2023 = CARTESIAN_POINT ( 'NONE',  ( 252.1211195031580132, 369.0298387846179935, 65.00000046773449469 ) ) ;
#2024 = DIRECTION ( 'NONE',  ( -0.9760862754457416690, -0.2173834926724194094, 0.000000000000000000 ) ) ;
#2025 = ADVANCED_FACE ( 'NONE', ( #3874 ), #5442, .T. ) ;
#2026 = VECTOR ( 'NONE', #2318, 1000.000000000000000 ) ;
#2027 = LINE ( 'NONE', #1653, #5554 ) ;
#2028 = VERTEX_POINT ( 'NONE', #5384 ) ;
#2029 = DIRECTION ( 'NONE',  ( 0.7071067811865425767, -0.7071067811865525687, 7.327471962526026856E-15 ) ) ;
#2030 = EDGE_LOOP ( 'NONE', ( #4126, #2914, #3516, #2269 ) ) ;
#2031 = LINE ( 'NONE', #2378, #1064 ) ;
#2032 = EDGE_CURVE ( 'NONE', #5889, #1660, #1219, .T. ) ;
#2033 = AXIS2_PLACEMENT_3D ( 'NONE', #5929, #5375, #2121 ) ;
#2034 = AXIS2_PLACEMENT_3D ( 'NONE', #937, #839, #902 ) ;
#2035 = ORIENTED_EDGE ( 'NONE', *, *, #4796, .F. ) ;
#2036 = ORIENTED_EDGE ( 'NONE', *, *, #80, .T. ) ;
#2037 = CARTESIAN_POINT ( 'NONE',  ( 263.1089621972059831, 353.5725630397191708, 59.75046640931203257 ) ) ;
#2038 = LINE ( 'NONE', #1607, #3473 ) ;
#2039 = DIRECTION ( 'NONE',  ( 1.000000000000000000, 0.000000000000000000, 0.000000000000000000 ) ) ;
#2040 = CIRCLE ( 'NONE', #5795, 20.00000000000000000 ) ;
#2041 = CARTESIAN_POINT ( 'NONE',  ( 242.9326592633339885, 350.4294815312720175, 70.08648405403721426 ) ) ;
#2042 = CARTESIAN_POINT ( 'NONE',  ( 286.2716764056430065, 364.2394269734959948, 71.00000046773470785 ) ) ;
#2043 = EDGE_CURVE ( 'NONE', #567, #4794, #1131, .T. ) ;
#2044 = DIRECTION ( 'NONE',  ( -0.6493199848919243289, 0.7605153234616321978, 0.000000000000000000 ) ) ;
#2045 = CARTESIAN_POINT ( 'NONE',  ( 242.8506056228720240, 350.5151372620430266, 69.81432322488143427 ) ) ;
#2046 = ORIENTED_EDGE ( 'NONE', *, *, #4189, .F. ) ;
#2047 = AXIS2_PLACEMENT_3D ( 'NONE', #4680, #4643, #1012 ) ;
#2048 = LINE ( 'NONE', #5794, #1995 ) ;
#2049 = DIRECTION ( 'NONE',  ( 0.5000000000000149880, 0.5000000000000239808, 0.7071067811865199282 ) ) ;
#2050 = AXIS2_PLACEMENT_3D ( 'NONE', #3112, #4040, #5899 ) ;
#2051 = ORIENTED_EDGE ( 'NONE', *, *, #4781, .T. ) ;
#2052 = LINE ( 'NONE', #284, #2793 ) ;
#2053 = CARTESIAN_POINT ( 'NONE',  ( 285.8574628432700138, 349.0298387846179367, 68.75735978061550213 ) ) ;
#2054 = DIRECTION ( 'NONE',  ( 0.000000000000000000, 0.9238795325112774126, 0.3826834323651123193 ) ) ;
#2055 = VERTEX_POINT ( 'NONE', #162 ) ;
#2056 = DIRECTION ( 'NONE',  ( -5.045325939066829835E-15, -4.854366611098520095E-17, 1.000000000000000000 ) ) ;
#2057 = ORIENTED_EDGE ( 'NONE', *, *, #950, .T. ) ;
#2058 = CARTESIAN_POINT ( 'NONE',  ( 297.1724793217489946, 343.5432494308849982, 68.00000046773480733 ) ) ;
#2059 = EDGE_CURVE ( 'NONE', #4548, #4726, #1563, .T. ) ;
#2060 = ORIENTED_EDGE ( 'NONE', *, *, #5879, .F. ) ;
#2061 = ORIENTED_EDGE ( 'NONE', *, *, #12, .T. ) ;
#2062 = FACE_OUTER_BOUND ( 'NONE', #1943, .T. ) ;
#2063 = EDGE_CURVE ( 'NONE', #5044, #2620, #2048, .T. ) ;
#2064 = ORIENTED_EDGE ( 'NONE', *, *, #3020, .T. ) ;
#2065 = EDGE_CURVE ( 'NONE', #6070, #4206, #4392, .T. ) ;
#2066 = CARTESIAN_POINT ( 'NONE',  ( 291.7598246957159631, 350.5561149121089670, 69.96652629883359964 ) ) ;
#2067 = FACE_OUTER_BOUND ( 'NONE', #608, .T. ) ;
#2068 = TOROIDAL_SURFACE ( 'NONE', #91, 7.000000000000000000, 3.000000000000000000 ) ;
#2069 = LINE ( 'NONE', #2965, #4845 ) ;
#2070 = CARTESIAN_POINT ( 'NONE',  ( 238.0933184961089921, 347.7201426854809938, 68.00000046773439522 ) ) ;
#2071 = VECTOR ( 'NONE', #1395, 1000.000000000000114 ) ;
#2072 = CARTESIAN_POINT ( 'NONE',  ( 238.0933184961089921, 347.7201426854809938, 67.80000046773470501 ) ) ;
#2073 = DIRECTION ( 'NONE',  ( -0.5254480155638063810, 0.8508257065580810963, -2.775557561562891351E-15 ) ) ;
#2074 = EDGE_LOOP ( 'NONE', ( #174, #142, #2084 ) ) ;
#2075 = DIRECTION ( 'NONE',  ( 0.3826834323650857295, 0.9238795325112885148, 2.478176394252573844E-15 ) ) ;
#2076 = VECTOR ( 'NONE', #1198, 1000.000000000000000 ) ;
#2077 = DIRECTION ( 'NONE',  ( 3.865418436758450516E-29, -5.048709793107170241E-29, 1.000000000000000000 ) ) ;
#2078 = VECTOR ( 'NONE', #5311, 1000.000000000000000 ) ;
#2079 = ORIENTED_EDGE ( 'NONE', *, *, #1203, .T. ) ;
#2080 = LINE ( 'NONE', #696, #1224 ) ;
#2081 = EDGE_CURVE ( 'NONE', #554, #2158, #5853, .T. ) ;
#2082 = DIRECTION ( 'NONE',  ( 3.865418436758450516E-29, -5.048709793107170241E-29, 1.000000000000000000 ) ) ;
#2083 = LINE ( 'NONE', #2510, #421 ) ;
#2084 = ORIENTED_EDGE ( 'NONE', *, *, #2605, .F. ) ;
#2085 = CIRCLE ( 'NONE', #115, 19.12132034355972365 ) ;
#2086 = CARTESIAN_POINT ( 'NONE',  ( 243.4812606540889988, 351.3353287846949797, 69.83075970084489370 ) ) ;
#2087 = ORIENTED_EDGE ( 'NONE', *, *, #3569, .F. ) ;
#2088 = DIRECTION ( 'NONE',  ( 0.6532814824381875107, 0.6532814824381875107, 0.3826834323650922243 ) ) ;
#2089 = CIRCLE ( 'NONE', #4458, 2.000000000000031974 ) ;
#2090 = VERTEX_POINT ( 'NONE', #3904 ) ;
#2091 = EDGE_LOOP ( 'NONE', ( #5428, #3486, #3675, #144 ) ) ;
#2092 = VECTOR ( 'NONE', #5917, 1000.000000000000000 ) ;
#2093 = ORIENTED_EDGE ( 'NONE', *, *, #3567, .F. ) ;
#2094 = PLANE ( 'NONE',  #5835 ) ;
#2095 = ORIENTED_EDGE ( 'NONE', *, *, #80, .F. ) ;
#2096 = CARTESIAN_POINT ( 'NONE',  ( 300.6429094901309895, 342.6154525672039881, 70.91923406311970268 ) ) ;
#2097 = FACE_OUTER_BOUND ( 'NONE', #5716, .T. ) ;
#2098 = EDGE_CURVE ( 'NONE', #2434, #2711, #3932, .T. ) ;
#2099 = DIRECTION ( 'NONE',  ( 0.6532814824381875107, 0.6532814824381875107, 0.3826834323650922243 ) ) ;
#2100 = EDGE_CURVE ( 'NONE', #5745, #5652, #2561, .T. ) ;
#2101 = VECTOR ( 'NONE', #3322, 1000.000000000000000 ) ;
#2102 = CARTESIAN_POINT ( 'NONE',  ( 296.7368521291019761, 359.9293290831280387, 71.00000046773470785 ) ) ;
#2103 = VERTEX_POINT ( 'NONE', #4364 ) ;
#2104 = PLANE ( 'NONE',  #3776 ) ;
#2105 = DIRECTION ( 'NONE',  ( -0.5499953507477827186, 0.4593766653061588379, -0.6974798875437316914 ) ) ;
#2106 = ORIENTED_EDGE ( 'NONE', *, *, #3422, .F. ) ;
#2107 = DIRECTION ( 'NONE',  ( -1.000000000000000000, -5.325766498111130543E-15, -4.135580799816641012E-15 ) ) ;
#2108 = DIRECTION ( 'NONE',  ( -5.251782877184730349E-15, -4.260546678974805227E-16, 1.000000000000000000 ) ) ;
#2109 = ADVANCED_FACE ( 'NONE', ( #2534 ), #3496, .T. ) ;
#2110 = ORIENTED_EDGE ( 'NONE', *, *, #3503, .F. ) ;
#2111 = ADVANCED_FACE ( 'NONE', ( #4483 ), #3069, .F. ) ;
#2112 = DIRECTION ( 'NONE',  ( 0.3826834323650904479, 0.9238795325112864054, 2.844578612472424993E-15 ) ) ;
#2113 = ORIENTED_EDGE ( 'NONE', *, *, #5695, .F. ) ;
#2114 = FACE_OUTER_BOUND ( 'NONE', #3135, .T. ) ;
#2115 = LINE ( 'NONE', #2987, #4100 ) ;
#2116 = CIRCLE ( 'NONE', #336, 20.00000000000000000 ) ;
#2117 = ORIENTED_EDGE ( 'NONE', *, *, #4043, .F. ) ;
#2118 = ORIENTED_EDGE ( 'NONE', *, *, #3787, .T. ) ;
#2119 = CIRCLE ( 'NONE', #5881, 3.000000000000002665 ) ;
#2120 = ORIENTED_EDGE ( 'NONE', *, *, #3883, .F. ) ;
#2121 = DIRECTION ( 'NONE',  ( -0.7071067811865336949, -0.7071067811865614505, 0.000000000000000000 ) ) ;
#2122 = ORIENTED_EDGE ( 'NONE', *, *, #5624, .F. ) ;
#2123 = CARTESIAN_POINT ( 'NONE',  ( 291.9162288545028332, 349.7639219234812913, 68.75735978061544529 ) ) ;
#2124 = DIRECTION ( 'NONE',  ( 0.000000000000000000, 0.000000000000000000, -1.000000000000000000 ) ) ;
#2125 = CARTESIAN_POINT ( 'NONE',  ( 238.0933184961089921, 347.7201426854809938, 71.00000046773449469 ) ) ;
#2126 = VERTEX_POINT ( 'NONE', #5360 ) ;
#2127 = LINE ( 'NONE', #3149, #5006 ) ;
#2128 = VERTEX_POINT ( 'NONE', #4989 ) ;
#2129 = AXIS2_PLACEMENT_3D ( 'NONE', #4658, #2704, #4591 ) ;
#2130 = CARTESIAN_POINT ( 'NONE',  ( 264.4726037499009408, 369.0298387846179935, 65.00000046773459417 ) ) ;
#2131 = CARTESIAN_POINT ( 'NONE',  ( 294.1724793217489946, 343.5432494308849982, 68.00000046773479312 ) ) ;
#2132 = DIRECTION ( 'NONE',  ( 0.000000000000000000, 9.676637873639950281E-29, -1.000000000000000000 ) ) ;
#2133 = CARTESIAN_POINT ( 'NONE',  ( 300.4748777484369384, 341.9341928774800294, 70.10294419288699430 ) ) ;
#2134 = ADVANCED_FACE ( 'NONE', ( #3056 ), #3438, .T. ) ;
#2135 = ORIENTED_EDGE ( 'NONE', *, *, #751, .F. ) ;
#2136 = DIRECTION ( 'NONE',  ( 3.865418436758450516E-29, -5.048709793107170241E-29, 1.000000000000000000 ) ) ;
#2137 = EDGE_CURVE ( 'NONE', #1519, #2323, #221, .T. ) ;
#2138 = DIRECTION ( 'NONE',  ( -0.4478087658801208626, -0.8941293582032318055, -3.157967714489334379E-15 ) ) ;
#2139 = ADVANCED_FACE ( 'NONE', ( #3963 ), #2104, .F. ) ;
#2140 = CARTESIAN_POINT ( 'NONE',  ( 291.1724793217489946, 343.5432494308849982, 68.00000046773479312 ) ) ;
#2141 = CARTESIAN_POINT ( 'NONE',  ( 290.0625997929240043, 366.0298387846179935, 68.75735978061531739 ) ) ;
#2142 = CARTESIAN_POINT ( 'NONE',  ( 262.8716438790638108, 353.4331416108503277, 68.75735978061540266 ) ) ;
#2143 = PLANE ( 'NONE',  #1833 ) ;
#2144 = CARTESIAN_POINT ( 'NONE',  ( 260.5027891503029878, 352.2688826140180254, 71.00000046773459417 ) ) ;
#2145 = EDGE_CURVE ( 'NONE', #737, #2717, #4556, .T. ) ;
#2146 = DIRECTION ( 'NONE',  ( 3.829919399319065354E-15, -8.886742574956209590E-16, -1.000000000000000000 ) ) ;
#2147 = EDGE_LOOP ( 'NONE', ( #490, #4267, #5851, #3174, #5957, #2279, #5, #2768 ) ) ;
#2148 = ORIENTED_EDGE ( 'NONE', *, *, #1852, .T. ) ;
#2149 = CARTESIAN_POINT ( 'NONE',  ( 267.3734359413190305, 366.4298387846179708, 71.00000046773470785 ) ) ;
#2150 = ORIENTED_EDGE ( 'NONE', *, *, #3918, .T. ) ;
#2151 = CARTESIAN_POINT ( 'NONE',  ( 285.8574628432700138, 349.0298387846179367, 71.00000046773470785 ) ) ;
#2152 = ADVANCED_FACE ( 'NONE', ( #247 ), #4020, .F. ) ;
#2153 = CARTESIAN_POINT ( 'NONE',  ( 237.2859539436049943, 350.6094613732270204, 67.60000046773470217 ) ) ;
#2154 = DIRECTION ( 'NONE',  ( -0.5254480155638028283, 0.8508257065580834277, -2.478176394252575816E-15 ) ) ;
#2155 = ORIENTED_EDGE ( 'NONE', *, *, #3950, .F. ) ;
#2156 = VECTOR ( 'NONE', #548, 1000.000000000000000 ) ;
#2157 = DIRECTION ( 'NONE',  ( -3.865418436758450516E-29, 5.048709793107170241E-29, -1.000000000000000000 ) ) ;
#2158 = VERTEX_POINT ( 'NONE', #2689 ) ;
#2159 = CIRCLE ( 'NONE', #4428, 20.00000000000000000 ) ;
#2160 = CARTESIAN_POINT ( 'NONE',  ( 298.1497598285610025, 361.3448473037140047, 69.40000046773479880 ) ) ;
#2161 = CARTESIAN_POINT ( 'NONE',  ( 290.2314743802870112, 353.9896367592619981, 68.40000046773479880 ) ) ;
#2162 = AXIS2_PLACEMENT_3D ( 'NONE', #2623, #4077, #5963 ) ;
#2163 = CARTESIAN_POINT ( 'NONE',  ( 241.8999525879813461, 349.9306761646511745, 71.00052757655724633 ) ) ;
#2164 = EDGE_LOOP ( 'NONE', ( #5139, #1005, #293, #427, #947, #2612, #1307, #354, #4947, #4099, #2375, #2560, #2955, #1230, #916, #151, #3055, #1370, #3604, #745, #5541, #1366, #3572, #5431, #4697, #466, #626 ) ) ;
#2165 = DIRECTION ( 'NONE',  ( 1.000000000000000000, 0.000000000000000000, 5.075305255429250078E-15 ) ) ;
#2166 = CARTESIAN_POINT ( 'NONE',  ( 253.0190490379452513, 335.6031294850286031, 69.90541007771048498 ) ) ;
#2167 = AXIS2_PLACEMENT_3D ( 'NONE', #5526, #4134, #4377 ) ;
#2168 = DIRECTION ( 'NONE',  ( -5.075555935137530725E-15, -6.051943516005099992E-19, 1.000000000000000000 ) ) ;
#2169 = LINE ( 'NONE', #3595, #4335 ) ;
#2170 = EDGE_CURVE ( 'NONE', #2604, #5197, #2682, .T. ) ;
#2171 = EDGE_CURVE ( 'NONE', #4381, #5048, #3617, .T. ) ;
#2172 = DIRECTION ( 'NONE',  ( -0.9036061908623943539, 0.4283641579721091941, -5.350423457542685703E-15 ) ) ;
#2173 = CARTESIAN_POINT ( 'NONE',  ( 292.6356374363220425, 353.8281143903469683, 71.00000046773470785 ) ) ;
#2174 = DIRECTION ( 'NONE',  ( 0.7071067811865525687, -0.7071067811865424657, 0.000000000000000000 ) ) ;
#2175 = FACE_OUTER_BOUND ( 'NONE', #3165, .T. ) ;
#2176 = ORIENTED_EDGE ( 'NONE', *, *, #3133, .F. ) ;
#2177 = ORIENTED_EDGE ( 'NONE', *, *, #2170, .T. ) ;
#2178 = LINE ( 'NONE', #1272, #7 ) ;
#2179 = EDGE_LOOP ( 'NONE', ( #3756, #4054, #1179, #680 ) ) ;
#2180 = DIRECTION ( 'NONE',  ( 0.7071067811865490160, -0.7071067811865460184, 3.824101529264425542E-15 ) ) ;
#2181 = VERTEX_POINT ( 'NONE', #5505 ) ;
#2182 = DIRECTION ( 'NONE',  ( 3.865418436758450516E-29, -5.048709793107170241E-29, 1.000000000000000000 ) ) ;
#2183 = CIRCLE ( 'NONE', #4452, 1.999999999999989786 ) ;
#2184 = AXIS2_PLACEMENT_3D ( 'NONE', #5474, #2750, #437 ) ;
#2185 = CARTESIAN_POINT ( 'NONE',  ( 292.2500295041524510, 350.2725919698704615, 71.00017293309130650 ) ) ;
#2186 = DIRECTION ( 'NONE',  ( 3.865418436758450516E-29, -5.048709793107170241E-29, 1.000000000000000000 ) ) ;
#2187 = ORIENTED_EDGE ( 'NONE', *, *, #605, .F. ) ;
#2188 = LINE ( 'NONE', #2686, #4590 ) ;
#2189 = EDGE_CURVE ( 'NONE', #3770, #2181, #1282, .T. ) ;
#2190 = ORIENTED_EDGE ( 'NONE', *, *, #5695, .T. ) ;
#2191 = EDGE_CURVE ( 'NONE', #559, #5738, #3672, .T. ) ;
#2192 = CARTESIAN_POINT ( 'NONE',  ( 243.1177219380430188, 349.9560418311409649, 71.00000046773449469 ) ) ;
#2193 = LINE ( 'NONE', #5969, #5178 ) ;
#2194 = VECTOR ( 'NONE', #4967, 1000.000000000000114 ) ;
#2195 = DIRECTION ( 'NONE',  ( 0.7675021011300269258, -0.6410464294893107873, -6.203174158357926782E-29 ) ) ;
#2196 = DIRECTION ( 'NONE',  ( -4.135580799816630757E-15, -1.665250005579850128E-16, 1.000000000000000000 ) ) ;
#2197 = VERTEX_POINT ( 'NONE', #5599 ) ;
#2198 = DIRECTION ( 'NONE',  ( -5.075305255429250078E-15, -5.076883396865070006E-29, 1.000000000000000000 ) ) ;
#2199 = DIRECTION ( 'NONE',  ( 4.135580799816630757E-15, 1.665250005579849882E-16, -1.000000000000000000 ) ) ;
#2200 = FACE_OUTER_BOUND ( 'NONE', #4231, .T. ) ;
#2201 = CARTESIAN_POINT ( 'NONE',  ( 246.5900165858359969, 357.9860141022200537, 65.00000046773449469 ) ) ;
#2202 = DIRECTION ( 'NONE',  ( 0.7071067811865475727, -0.7071067811865475727, 0.000000000000000000 ) ) ;
#2203 = EDGE_CURVE ( 'NONE', #2891, #55, #396, .T. ) ;
#2204 = DIRECTION ( 'NONE',  ( 0.3826834323650894487, 0.9238795325112868495, 3.083952846180992844E-15 ) ) ;
#2205 = ADVANCED_FACE ( 'NONE', ( #2252 ), #4638, .T. ) ;
#2206 = ORIENTED_EDGE ( 'NONE', *, *, #596, .F. ) ;
#2207 = VERTEX_POINT ( 'NONE', #2281 ) ;
#2208 = VERTEX_POINT ( 'NONE', #2719 ) ;
#2209 = DIRECTION ( 'NONE',  ( 2.537652627714604923E-15, -2.537652627714595062E-15, -1.000000000000000000 ) ) ;
#2210 = ORIENTED_EDGE ( 'NONE', *, *, #5363, .F. ) ;
#2211 = VECTOR ( 'NONE', #5968, 1000.000000000000000 ) ;
#2213 = EDGE_CURVE ( 'NONE', #1146, #111, #3683, .T. ) ;
#2212 = CARTESIAN_POINT ( 'NONE',  ( 259.0068022001669874, 325.3012932369450141, 69.40000046773458564 ) ) ;
#2214 = CARTESIAN_POINT ( 'NONE',  ( 291.7621645626369968, 351.5204700247939513, 71.00000046773480733 ) ) ;
#2215 = CARTESIAN_POINT ( 'NONE',  ( 267.3734359413190305, 356.6298387846179594, 71.00000046773470785 ) ) ;
#2216 = CIRCLE ( 'NONE', #2319, 19.99999999999998224 ) ;
#2217 = ORIENTED_EDGE ( 'NONE', *, *, #1336, .F. ) ;
#2218 = CARTESIAN_POINT ( 'NONE',  ( 290.6595220766710099, 337.6261291297730054, 68.00000046773470785 ) ) ;
#2219 = ORIENTED_EDGE ( 'NONE', *, *, #5879, .T. ) ;
#2220 = DIRECTION ( 'NONE',  ( -5.045325939066840090E-15, -4.854366611097640022E-17, 1.000000000000000000 ) ) ;
#2221 = FACE_OUTER_BOUND ( 'NONE', #4260, .T. ) ;
#2222 = VECTOR ( 'NONE', #5134, 1000.000000000000000 ) ;
#2223 = EDGE_CURVE ( 'NONE', #4984, #3282, #117, .T. ) ;
#2224 = DIRECTION ( 'NONE',  ( 1.000000000000000000, 0.000000000000000000, 0.000000000000000000 ) ) ;
#2225 = CARTESIAN_POINT ( 'NONE',  ( 300.1736496800580198, 342.6111122931930026, 70.55982199769250940 ) ) ;
#2226 = CIRCLE ( 'NONE', #4603, 3.000000000000002665 ) ;
#2227 = EDGE_LOOP ( 'NONE', ( #4417, #1622, #3760, #1421 ) ) ;
#2228 =( BOUNDED_CURVE ( )  B_SPLINE_CURVE ( 3, ( #1560, #5762, #3466, #5727 ),
 .UNSPECIFIED., .F., .F. ) 
 B_SPLINE_CURVE_WITH_KNOTS ( ( 4, 4 ),
 ( 5.497787143782249863, 5.828233579133220488 ),
 .UNSPECIFIED. ) 
 CURVE ( )  GEOMETRIC_REPRESENTATION_ITEM ( )  RATIONAL_B_SPLINE_CURVE ( ( 1.000000000000000000, 0.9909211111656204274, 0.9909211111656204274, 1.000000000000000000 ) ) 
 REPRESENTATION_ITEM ( '' )  );
#2229 = CARTESIAN_POINT ( 'NONE',  ( 285.8574628432700138, 368.1511591281770279, 70.87868012417510499 ) ) ;
#2230 = VERTEX_POINT ( 'NONE', #2160 ) ;
#2231 = CARTESIAN_POINT ( 'NONE',  ( 264.4726037499009408, 349.0298387846179367, 59.00000046773460838 ) ) ;
#2232 = DIRECTION ( 'NONE',  ( -0.4999999999999839573, -0.4999999999999896749, -0.7071067811865661135 ) ) ;
#2233 = ORIENTED_EDGE ( 'NONE', *, *, #2874, .F. ) ;
#2234 = CARTESIAN_POINT ( 'NONE',  ( 252.3847188443150173, 358.5714863629619913, 71.00000046773470785 ) ) ;
#2235 = CIRCLE ( 'NONE', #3828, 4.000000000000013323 ) ;
#2236 = CARTESIAN_POINT ( 'NONE',  ( 299.0359141699567544, 342.2282053813050879, 68.75735978061540266 ) ) ;
#2237 = DIRECTION ( 'NONE',  ( 0.7071067811865382469, 0.7071067811865567876, 4.625929269271501888E-15 ) ) ;
#2238 = CARTESIAN_POINT ( 'NONE',  ( 285.8574628432700138, 349.0298387846179367, 69.40000046773469933 ) ) ;
#2239 = CIRCLE ( 'NONE', #5706, 1.700000000000007061 ) ;
#2240 = ORIENTED_EDGE ( 'NONE', *, *, #3480, .F. ) ;
#2241 = VERTEX_POINT ( 'NONE', #4144 ) ;
#2242 = CARTESIAN_POINT ( 'NONE',  ( 251.3483519530940100, 331.7573344807440208, 69.21231150866169912 ) ) ;
#2243 = ORIENTED_EDGE ( 'NONE', *, *, #5387, .F. ) ;
#2244 = CARTESIAN_POINT ( 'NONE',  ( 251.3595895153130186, 331.7797722601289365, 68.75735978061520370 ) ) ;
#2245 = EDGE_CURVE ( 'NONE', #6052, #5158, #4510, .T. ) ;
#2246 = DIRECTION ( 'NONE',  ( 0.3826834323650855074, 0.9238795325112886259, 1.595148023886721878E-15 ) ) ;
#2247 = CYLINDRICAL_SURFACE ( 'NONE', #5450, 2.000000000000031974 ) ;
#2248 = EDGE_LOOP ( 'NONE', ( #408, #6097, #5735, #5053 ) ) ;
#2249 = EDGE_CURVE ( 'NONE', #2853, #4653, #4115, .T. ) ;
#2250 = EDGE_CURVE ( 'NONE', #2523, #1235, #788, .T. ) ;
#2251 = ORIENTED_EDGE ( 'NONE', *, *, #499, .F. ) ;
#2252 = FACE_OUTER_BOUND ( 'NONE', #3973, .T. ) ;
#2253 = FACE_OUTER_BOUND ( 'NONE', #3801, .T. ) ;
#2254 = DIRECTION ( 'NONE',  ( 3.865418436758450516E-29, -5.048709793107170241E-29, 1.000000000000000000 ) ) ;
#2255 = DIRECTION ( 'NONE',  ( 1.000000000000000000, -1.460819769243627841E-14, 0.000000000000000000 ) ) ;
#2256 = FACE_OUTER_BOUND ( 'NONE', #1592, .T. ) ;
#2257 = EDGE_LOOP ( 'NONE', ( #3833, #2064, #2647, #2811, #4890 ) ) ;
#2258 = DIRECTION ( 'NONE',  ( 0.000000000000000000, 1.000000000000000000, 0.000000000000000000 ) ) ;
#2259 = ORIENTED_EDGE ( 'NONE', *, *, #4514, .F. ) ;
#2260 = CARTESIAN_POINT ( 'NONE',  ( 240.0010592675235443, 341.5639425198384060, 67.00000046773500628 ) ) ;
#2261 = FACE_BOUND ( 'NONE', #3921, .T. ) ;
#2262 = ORIENTED_EDGE ( 'NONE', *, *, #2457, .T. ) ;
#2263 = EDGE_CURVE ( 'NONE', #2522, #244, #4292, .T. ) ;
#2264 = DIRECTION ( 'NONE',  ( 0.3826834323650859515, 0.9238795325112884038, 2.177326809833294762E-15 ) ) ;
#2265 = CARTESIAN_POINT ( 'NONE',  ( 238.9006830486140132, 344.8308239977350240, 68.00000046773470785 ) ) ;
#2266 = ORIENTED_EDGE ( 'NONE', *, *, #2941, .F. ) ;
#2267 = VECTOR ( 'NONE', #1769, 1000.000000000000114 ) ;
#2268 = PLANE ( 'NONE',  #68 ) ;
#2269 = ORIENTED_EDGE ( 'NONE', *, *, #2874, .T. ) ;
#2270 = AXIS2_PLACEMENT_3D ( 'NONE', #1745, #3257, #5157 ) ;
#2271 = ORIENTED_EDGE ( 'NONE', *, *, #5215, .F. ) ;
#2272 = CARTESIAN_POINT ( 'NONE',  ( 241.0802409088780109, 347.4403311415769622, 68.00000046773470785 ) ) ;
#2273 = ORIENTED_EDGE ( 'NONE', *, *, #3097, .T. ) ;
#2274 = CARTESIAN_POINT ( 'NONE',  ( 243.5521751159752739, 350.0780449836025241, 71.00000046773449469 ) ) ;
#2275 = CARTESIAN_POINT ( 'NONE',  ( 291.2214238739480265, 354.4139008279740324, 71.00000046773480733 ) ) ;
#2276 = CARTESIAN_POINT ( 'NONE',  ( 300.3640630813479220, 342.9368636132386428, 71.00087135157677665 ) ) ;
#2277 = EDGE_LOOP ( 'NONE', ( #28, #1467, #275, #1317 ) ) ;
#2278 = DIRECTION ( 'NONE',  ( 3.865418436758450516E-29, -5.048709793107170241E-29, 1.000000000000000000 ) ) ;
#2279 = ORIENTED_EDGE ( 'NONE', *, *, #3133, .T. ) ;
#2280 = CIRCLE ( 'NONE', #212, 4.462567430250557798 ) ;
#2281 = CARTESIAN_POINT ( 'NONE',  ( 292.9703977937319905, 342.3411679028679941, 67.60000046773470217 ) ) ;
#2282 = AXIS2_PLACEMENT_3D ( 'NONE', #4752, #4786, #1902 ) ;
#2283 = FACE_OUTER_BOUND ( 'NONE', #1464, .T. ) ;
#2284 = VECTOR ( 'NONE', #5411, 1000.000000000000000 ) ;
#2285 = CYLINDRICAL_SURFACE ( 'NONE', #3999, 3.000000000000017764 ) ;
#2286 = ADVANCED_FACE ( 'NONE', ( #4050 ), #5938, .T. ) ;
#2287 = EDGE_CURVE ( 'NONE', #570, #5041, #1145, .T. ) ;
#2288 = CARTESIAN_POINT ( 'NONE',  ( 264.9734359413189964, 350.0298387846179367, 68.75735978061540266 ) ) ;
#2289 = CARTESIAN_POINT ( 'NONE',  ( 291.6676043602079744, 347.1303363727276974, 66.00000046773475049 ) ) ;
#2290 = FACE_OUTER_BOUND ( 'NONE', #5281, .T. ) ;
#2291 = CIRCLE ( 'NONE', #418, 3.000000000000002665 ) ;
#2292 = EDGE_LOOP ( 'NONE', ( #2975, #707, #5590, #1750 ) ) ;
#2293 = AXIS2_PLACEMENT_3D ( 'NONE', #3709, #4668, #1540 ) ;
#2294 = LINE ( 'NONE', #4685, #5248 ) ;
#2295 = ORIENTED_EDGE ( 'NONE', *, *, #2545, .F. ) ;
#2296 = CARTESIAN_POINT ( 'NONE',  ( 235.1063960833409965, 347.9999542293850254, 68.00000046773470785 ) ) ;
#2297 = EDGE_CURVE ( 'NONE', #1793, #3820, #3900, .T. ) ;
#2298 = DIRECTION ( 'NONE',  ( 5.551115123125779621E-17, -1.000000000000000000, -5.048709793107170241E-29 ) ) ;
#2299 = AXIS2_PLACEMENT_3D ( 'NONE', #4116, #5142, #819 ) ;
#2300 = ORIENTED_EDGE ( 'NONE', *, *, #838, .F. ) ;
#2301 = DIRECTION ( 'NONE',  ( 2.775557561562888827E-14, -1.000000000000000000, 0.000000000000000000 ) ) ;
#2302 = CARTESIAN_POINT ( 'NONE',  ( 241.4230788084310007, 349.8901289803450254, 72.29289368654789882 ) ) ;
#2303 = ORIENTED_EDGE ( 'NONE', *, *, #542, .T. ) ;
#2304 = DIRECTION ( 'NONE',  ( 0.4478087658801228055, 0.8941293582032306952, 2.276634065091469345E-15 ) ) ;
#2305 = EDGE_CURVE ( 'NONE', #2332, #2207, #2657, .T. ) ;
#2306 = EDGE_CURVE ( 'NONE', #73, #567, #5395, .T. ) ;
#2307 = ORIENTED_EDGE ( 'NONE', *, *, #1903, .F. ) ;
#2308 = VERTEX_POINT ( 'NONE', #2813 ) ;
#2309 = CARTESIAN_POINT ( 'NONE',  ( 287.6413563378309846, 354.3170131019220435, 59.00000046773470075 ) ) ;
#2310 = ORIENTED_EDGE ( 'NONE', *, *, #4601, .T. ) ;
#2311 = FACE_OUTER_BOUND ( 'NONE', #22, .T. ) ;
#2312 = CARTESIAN_POINT ( 'NONE',  ( 264.9734359413189964, 350.0298387846179367, 70.87868012417499131 ) ) ;
#2313 = CARTESIAN_POINT ( 'NONE',  ( 290.9385811614739623, 354.6967435404490061, 71.00000046773480733 ) ) ;
#2314 = EDGE_LOOP ( 'NONE', ( #3645, #976, #5492, #5020 ) ) ;
#2315 = ORIENTED_EDGE ( 'NONE', *, *, #2827, .F. ) ;
#2316 = FACE_OUTER_BOUND ( 'NONE', #82, .T. ) ;
#2317 = CARTESIAN_POINT ( 'NONE',  ( 259.0068022001669874, 325.3012932369450141, 59.00000046773460838 ) ) ;
#2318 = DIRECTION ( 'NONE',  ( 1.000000000000000000, 5.325766498111130543E-15, 5.075305255429250078E-15 ) ) ;
#2319 = AXIS2_PLACEMENT_3D ( 'NONE', #3992, #4484, #249 ) ;
#2320 = DIRECTION ( 'NONE',  ( 0.2023250242856306780, -0.9793184285756185714, 0.000000000000000000 ) ) ;
#2321 = DIRECTION ( 'NONE',  ( 3.865418436758455560E-29, -5.048709793107179770E-29, 1.000000000000000000 ) ) ;
#2322 = AXIS2_PLACEMENT_3D ( 'NONE', #5989, #6024, #3109 ) ;
#2323 = VERTEX_POINT ( 'NONE', #4709 ) ;
#2324 = CIRCLE ( 'NONE', #4705, 3.788780975845895682 ) ;
#2325 = DIRECTION ( 'NONE',  ( -3.865418436758450516E-29, 5.048709793107170241E-29, -1.000000000000000000 ) ) ;
#2326 = CARTESIAN_POINT ( 'NONE',  ( 250.4325462934235418, 358.1367193776171689, 69.40000046773469933 ) ) ;
#2327 = ADVANCED_FACE ( 'NONE', ( #9 ), #89, .T. ) ;
#2328 = AXIS2_PLACEMENT_3D ( 'NONE', #1086, #1052, #4340 ) ;
#2329 = DIRECTION ( 'NONE',  ( -5.074110483458020531E-15, -1.934620888291634981E-18, 1.000000000000000000 ) ) ;
#2330 = EDGE_CURVE ( 'NONE', #851, #5439, #1009, .T. ) ;
#2331 = EDGE_CURVE ( 'NONE', #4290, #4310, #501, .T. ) ;
#2332 = VERTEX_POINT ( 'NONE', #1923 ) ;
#2333 = CYLINDRICAL_SURFACE ( 'NONE', #2778, 1.999999999999990896 ) ;
#2334 = CARTESIAN_POINT ( 'NONE',  ( 241.9537761308920096, 349.8836090042179876, 70.73267244797079911 ) ) ;
#2335 = ORIENTED_EDGE ( 'NONE', *, *, #5863, .T. ) ;
#2336 = AXIS2_PLACEMENT_3D ( 'NONE', #5471, #1249, #4540 ) ;
#2337 = CYLINDRICAL_SURFACE ( 'NONE', #1158, 3.000000000000010658 ) ;
#2338 = EDGE_CURVE ( 'NONE', #458, #3876, #5234, .T. ) ;
#2339 = VERTEX_POINT ( 'NONE', #3805 ) ;
#2340 = AXIS2_PLACEMENT_3D ( 'NONE', #2529, #1584, #3463 ) ;
#2341 = ORIENTED_EDGE ( 'NONE', *, *, #4139, .F. ) ;
#2342 = CARTESIAN_POINT ( 'NONE',  ( 286.2716764056430065, 350.0298387846179367, 71.00000046773480733 ) ) ;
#2343 = EDGE_LOOP ( 'NONE', ( #4135, #4943, #4296, #2895 ) ) ;
#2344 = ADVANCED_FACE ( 'NONE', ( #6106 ), #1495, .T. ) ;
#2345 = AXIS2_PLACEMENT_3D ( 'NONE', #1577, #1007, #532 ) ;
#2346 = DIRECTION ( 'NONE',  ( -3.865418436758450516E-29, 5.048709793107170241E-29, -1.000000000000000000 ) ) ;
#2347 = CARTESIAN_POINT ( 'NONE',  ( 294.1724793217489946, 343.5432494308849982, 67.60000046773470217 ) ) ;
#2348 = CARTESIAN_POINT ( 'NONE',  ( 300.3507740085014461, 342.9443597503895376, 71.00092406723294403 ) ) ;
#2349 = ORIENTED_EDGE ( 'NONE', *, *, #2065, .T. ) ;
#2350 = CARTESIAN_POINT ( 'NONE',  ( 300.4748777484369384, 341.9341928774800294, 70.10294419288699430 ) ) ;
#2351 = EDGE_LOOP ( 'NONE', ( #4633, #1913, #179, #5171 ) ) ;
#2352 = EDGE_CURVE ( 'NONE', #3200, #5745, #3366, .T. ) ;
#2353 = CARTESIAN_POINT ( 'NONE',  ( 294.0498509986950353, 354.4139008279740324, 69.40000046773479880 ) ) ;
#2354 = DIRECTION ( 'NONE',  ( 0.7071067811865500152, -0.7071067811865450192, 3.588782762705720534E-15 ) ) ;
#2355 = DIRECTION ( 'NONE',  ( 4.135580799816630757E-15, 1.665250005579849882E-16, -1.000000000000000000 ) ) ;
#2356 = CARTESIAN_POINT ( 'NONE',  ( 287.9824718699980508, 339.7574050351689721, 68.00000046773470785 ) ) ;
#2357 = CARTESIAN_POINT ( 'NONE',  ( 243.5675032611000006, 351.2393579524799634, 70.10294419288679535 ) ) ;
#2358 = ORIENTED_EDGE ( 'NONE', *, *, #1690, .T. ) ;
#2359 = ORIENTED_EDGE ( 'NONE', *, *, #6121, .F. ) ;
#2360 = LINE ( 'NONE', #3377, #615 ) ;
#2361 = VECTOR ( 'NONE', #23, 1000.000000000000114 ) ;
#2362 = DIRECTION ( 'NONE',  ( 1.000000000000000000, -5.072825556483224633E-45, 4.263256414560600169E-15 ) ) ;
#2363 = AXIS2_PLACEMENT_3D ( 'NONE', #361, #6028, #2246 ) ;
#2364 = EDGE_LOOP ( 'NONE', ( #2466, #3169, #5131, #468, #2918 ) ) ;
#2365 = CARTESIAN_POINT ( 'NONE',  ( 300.3336016406530007, 341.6247677991000273, 69.22057650982200983 ) ) ;
#2366 = CARTESIAN_POINT ( 'NONE',  ( 243.7894519200589798, 350.5177709491479732, 70.84027813018650477 ) ) ;
#2367 = ORIENTED_EDGE ( 'NONE', *, *, #2970, .T. ) ;
#2368 = AXIS2_PLACEMENT_3D ( 'NONE', #1736, #3655, #5539 ) ;
#2369 = CARTESIAN_POINT ( 'NONE',  ( 264.4726037499009408, 349.0298387846179367, 69.40000046773458564 ) ) ;
#2370 = ADVANCED_FACE ( 'NONE', ( #2316 ), #3864, .F. ) ;
#2371 = AXIS2_PLACEMENT_3D ( 'NONE', #879, #3301, #3205 ) ;
#2372 = EDGE_CURVE ( 'NONE', #2158, #172, #2383, .T. ) ;
#2373 = CARTESIAN_POINT ( 'NONE',  ( 291.3089173907040390, 351.4897685947079822, 70.59419399551340746 ) ) ;
#2374 = ORIENTED_EDGE ( 'NONE', *, *, #4259, .T. ) ;
#2375 = ORIENTED_EDGE ( 'NONE', *, *, #1210, .T. ) ;
#2376 = DIRECTION ( 'NONE',  ( -1.000000000000000000, -5.325766498111130543E-15, -5.075305255429250078E-15 ) ) ;
#2377 = VERTEX_POINT ( 'NONE', #533 ) ;
#2378 = CARTESIAN_POINT ( 'NONE',  ( 242.0104500619017358, 350.4353358298688477, 71.00000046773449469 ) ) ;
#2379 = CARTESIAN_POINT ( 'NONE',  ( 290.9385811614739623, 354.6967435404490061, 69.40000046773479880 ) ) ;
#2380 = CIRCLE ( 'NONE', #4152, 2.000000000000007105 ) ;
#2381 = VERTEX_POINT ( 'NONE', #4269 ) ;
#2382 = VERTEX_POINT ( 'NONE', #2877 ) ;
#2383 = LINE ( 'NONE', #5663, #4695 ) ;
#2384 = CYLINDRICAL_SURFACE ( 'NONE', #614, 3.000000000000002665 ) ;
#2385 = CARTESIAN_POINT ( 'NONE',  ( 235.1063960833409965, 347.9999542293850254, 67.80000046773470501 ) ) ;
#2386 = CARTESIAN_POINT ( 'NONE',  ( 243.3341019716850155, 351.4850050418140199, 59.00000046773450180 ) ) ;
#2387 = CARTESIAN_POINT ( 'NONE',  ( 264.9734359413189964, 364.3566941659969984, 71.00000046773459417 ) ) ;
#2388 = ADVANCED_FACE ( 'NONE', ( #3307 ), #1980, .F. ) ;
#2389 = CARTESIAN_POINT ( 'NONE',  ( 258.3903682308929888, 355.5636638197939874, 71.00000046773470785 ) ) ;
#2390 = ADVANCED_FACE ( 'NONE', ( #2779 ), #4297, .F. ) ;
#2391 = VERTEX_POINT ( 'NONE', #5205 ) ;
#2392 = ORIENTED_EDGE ( 'NONE', *, *, #4189, .T. ) ;
#2393 = DIRECTION ( 'NONE',  ( -0.5254480155638071581, 0.8508257065580806522, -2.102695122396137509E-15 ) ) ;
#2394 = LINE ( 'NONE', #45, #3582 ) ;
#2395 = CARTESIAN_POINT ( 'NONE',  ( 264.4726037499009408, 349.0298387846179367, 68.75735978061531739 ) ) ;
#2396 = ORIENTED_EDGE ( 'NONE', *, *, #4552, .T. ) ;
#2397 = CARTESIAN_POINT ( 'NONE',  ( 291.4217098721769617, 351.9508731299490023, 71.00000046773480733 ) ) ;
#2398 = CARTESIAN_POINT ( 'NONE',  ( 292.0229850644194585, 349.1599702336809514, 68.75735978061541687 ) ) ;
#2399 = VERTEX_POINT ( 'NONE', #1952 ) ;
#2400 = CYLINDRICAL_SURFACE ( 'NONE', #4713, 2.000000000000007105 ) ;
#2401 = CIRCLE ( 'NONE', #223, 2.999999999999932054 ) ;
#2402 = CARTESIAN_POINT ( 'NONE',  ( 292.3185738925610622, 348.5035140500610282, 72.43102821041149753 ) ) ;
#2403 = ORIENTED_EDGE ( 'NONE', *, *, #2191, .F. ) ;
#2404 = VERTEX_POINT ( 'NONE', #2353 ) ;
#2405 = CARTESIAN_POINT ( 'NONE',  ( 291.6388898728895924, 351.6315210119594212, 70.94952510955805280 ) ) ;
#2406 = ADVANCED_FACE ( 'NONE', ( #4299 ), #3995, .T. ) ;
#2407 = VERTEX_POINT ( 'NONE', #4743 ) ;
#2408 = CARTESIAN_POINT ( 'NONE',  ( 240.8064544679260166, 350.4293459223209766, 69.85461452625520451 ) ) ;
#2409 = ORIENTED_EDGE ( 'NONE', *, *, #1325, .T. ) ;
#2410 = VERTEX_POINT ( 'NONE', #5722 ) ;
#2411 = CARTESIAN_POINT ( 'NONE',  ( 262.9809322268630467, 353.5006348163927896, 59.59655528087573373 ) ) ;
#2412 = ADVANCED_FACE ( 'NONE', ( #5268 ), #5631, .T. ) ;
#2413 = EDGE_CURVE ( 'NONE', #5165, #4670, #2116, .T. ) ;
#2414 = DIRECTION ( 'NONE',  ( -1.000000000000000000, 0.000000000000000000, 0.000000000000000000 ) ) ;
#2415 = CARTESIAN_POINT ( 'NONE',  ( 264.9734359413189964, 350.0298387846179367, 68.90000046773458564 ) ) ;
#2416 = CARTESIAN_POINT ( 'NONE',  ( 286.2716764056430065, 350.0298387846179367, 71.00000046773470785 ) ) ;
#2417 = CARTESIAN_POINT ( 'NONE',  ( 300.3773187543740164, 341.6927855892324715, 69.54286254177985427 ) ) ;
#2418 = CARTESIAN_POINT ( 'NONE',  ( 285.8574628432700138, 349.0298387846179367, 65.00000046773469364 ) ) ;
#2419 = VERTEX_POINT ( 'NONE', #3104 ) ;
#2420 = DIRECTION ( 'NONE',  ( 0.6322449324434760154, -0.3166486150286129120, 0.7071067811865516806 ) ) ;
#2421 = EDGE_CURVE ( 'NONE', #1148, #5275, #4355, .T. ) ;
#2422 = VECTOR ( 'NONE', #2909, 1000.000000000000000 ) ;
#2423 = AXIS2_PLACEMENT_3D ( 'NONE', #4301, #4324, #1072 ) ;
#2424 = ORIENTED_EDGE ( 'NONE', *, *, #5811, .F. ) ;
#2425 = CARTESIAN_POINT ( 'NONE',  ( 297.2825229898210182, 341.3597594760919947, 69.52938766262570880 ) ) ;
#2426 = CARTESIAN_POINT ( 'NONE',  ( 264.9734359413189964, 350.0298387846179367, 69.40000046773458564 ) ) ;
#2427 = CARTESIAN_POINT ( 'NONE',  ( 283.8716764056430293, 364.4298387846179708, 71.00000046773470785 ) ) ;
#2428 = VECTOR ( 'NONE', #1041, 1000.000000000000000 ) ;
#2429 = DIRECTION ( 'NONE',  ( 0.3826834323650857295, 0.9238795325112885148, 2.478176394252573844E-15 ) ) ;
#2430 = CARTESIAN_POINT ( 'NONE',  ( 292.2580361169589764, 348.3758135695319424, 70.71816236320080407 ) ) ;
#2431 = ORIENTED_EDGE ( 'NONE', *, *, #1962, .F. ) ;
#2432 = VECTOR ( 'NONE', #1996, 999.9999999999998863 ) ;
#2433 = CARTESIAN_POINT ( 'NONE',  ( 287.9464193927283873, 354.3349018395144867, 69.90541007771074078 ) ) ;
#2434 = VERTEX_POINT ( 'NONE', #2936 ) ;
#2435 = DIRECTION ( 'NONE',  ( 2.537652627714694853E-15, 2.537652627714694853E-15, -1.000000000000000000 ) ) ;
#2436 = DIRECTION ( 'NONE',  ( 0.4478087658801228055, 0.8941293582032306952, 2.272766182898719438E-15 ) ) ;
#2437 = EDGE_LOOP ( 'NONE', ( #3103, #2006, #5898, #931 ) ) ;
#2438 = ORIENTED_EDGE ( 'NONE', *, *, #5438, .F. ) ;
#2439 = CARTESIAN_POINT ( 'NONE',  ( 263.7460915718914407, 353.8369593472119732, 60.26822019532260555 ) ) ;
#2440 = CARTESIAN_POINT ( 'NONE',  ( 286.2716764056430065, 350.8525205414079551, 69.40000046773469933 ) ) ;
#2441 = ADVANCED_FACE ( 'NONE', ( #1716 ), #5003, .T. ) ;
#2442 = CARTESIAN_POINT ( 'NONE',  ( 281.6325573489000362, 355.6298387846179594, 59.00000046773410389 ) ) ;
#2443 = EDGE_CURVE ( 'NONE', #3334, #1945, #4034, .T. ) ;
#2444 = DIRECTION ( 'NONE',  ( -3.865418436758450516E-29, 5.048709793107170241E-29, -1.000000000000000000 ) ) ;
#2445 = EDGE_CURVE ( 'NONE', #4310, #5259, #5681, .T. ) ;
#2446 = PLANE ( 'NONE',  #2883 ) ;
#2447 = ORIENTED_EDGE ( 'NONE', *, *, #1844, .F. ) ;
#2448 = EDGE_CURVE ( 'NONE', #2869, #3288, #3397, .T. ) ;
#2449 = PLANE ( 'NONE',  #3474 ) ;
#2450 = ORIENTED_EDGE ( 'NONE', *, *, #217, .F. ) ;
#2451 = CARTESIAN_POINT ( 'NONE',  ( 242.9326592559698668, 350.4294815389473570, 70.08648403254690606 ) ) ;
#2452 = CARTESIAN_POINT ( 'NONE',  ( 294.1724793217489946, 345.9474124869190064, 67.80000046773470501 ) ) ;
#2453 = DIRECTION ( 'NONE',  ( 4.135580799816630757E-15, 1.665250005579849882E-16, -1.000000000000000000 ) ) ;
#2454 = CARTESIAN_POINT ( 'NONE',  ( 288.7727271877300268, 355.4483839518200057, 59.00000046773470075 ) ) ;
#2455 = CARTESIAN_POINT ( 'NONE',  ( 300.3931559800898299, 342.9198097325227081, 71.00075500752325297 ) ) ;
#2456 = VECTOR ( 'NONE', #4880, 1000.000000000000000 ) ;
#2457 = EDGE_CURVE ( 'NONE', #2761, #4732, #3566, .T. ) ;
#2458 = CARTESIAN_POINT ( 'NONE',  ( 237.2859539436049943, 350.6094613732270204, 67.80000046773470501 ) ) ;
#2459 = ORIENTED_EDGE ( 'NONE', *, *, #3892, .T. ) ;
#2460 = CIRCLE ( 'NONE', #3749, 2.000000000000001776 ) ;
#2461 = FACE_OUTER_BOUND ( 'NONE', #595, .T. ) ;
#2462 = ORIENTED_EDGE ( 'NONE', *, *, #791, .F. ) ;
#2463 = CIRCLE ( 'NONE', #4041, 1.999999999999992895 ) ;
#2464 = CARTESIAN_POINT ( 'NONE',  ( 240.5292949281690085, 350.6366506697750083, 70.54635964766458756 ) ) ;
#2465 = ORIENTED_EDGE ( 'NONE', *, *, #3503, .T. ) ;
#2466 = ORIENTED_EDGE ( 'NONE', *, *, #1708, .F. ) ;
#2467 = CARTESIAN_POINT ( 'NONE',  ( 307.3431457505329831, 338.8578643763390232, 68.75735978061550213 ) ) ;
#2468 = DIRECTION ( 'NONE',  ( -0.4478087658801231941, -0.8941293582032305842, -2.783231387290203235E-29 ) ) ;
#2469 = CARTESIAN_POINT ( 'NONE',  ( 286.2716764056430065, 356.6298387846179594, 71.00000046773480733 ) ) ;
#2470 = AXIS2_PLACEMENT_3D ( 'NONE', #4261, #1915, #1570 ) ;
#2471 = DIRECTION ( 'NONE',  ( -5.075305255429250078E-15, -4.442864618204790078E-29, 1.000000000000000000 ) ) ;
#2472 = DIRECTION ( 'NONE',  ( -0.5254480155638072691, 0.8508257065580805412, -2.325886224773375155E-15 ) ) ;
#2473 = FACE_OUTER_BOUND ( 'NONE', #3823, .T. ) ;
#2474 = CARTESIAN_POINT ( 'NONE',  ( 243.3202420181713137, 351.0366855402105557, 69.80404433538038234 ) ) ;
#2475 = ORIENTED_EDGE ( 'NONE', *, *, #2081, .T. ) ;
#2476 = AXIS2_PLACEMENT_3D ( 'NONE', #2426, #3909, #1965 ) ;
#2477 = DIRECTION ( 'NONE',  ( -4.135580799816630757E-15, -1.665250005579849882E-16, 1.000000000000000000 ) ) ;
#2478 = EDGE_CURVE ( 'NONE', #43, #1279, #1055, .T. ) ;
#2479 = ADVANCED_FACE ( 'NONE', ( #291 ), #264, .T. ) ;
#2480 = ORIENTED_EDGE ( 'NONE', *, *, #5359, .F. ) ;
#2481 = CARTESIAN_POINT ( 'NONE',  ( 291.5483027829918115, 351.8242802191333567, 71.00000046773482154 ) ) ;
#2482 = CARTESIAN_POINT ( 'NONE',  ( 243.8070185829549814, 350.9728251380919914, 70.65220774444799190 ) ) ;
#2483 = ADVANCED_FACE ( 'NONE', ( #4524 ), #803, .F. ) ;
#2484 = VECTOR ( 'NONE', #4865, 1000.000000000000114 ) ;
#2485 = AXIS2_PLACEMENT_3D ( 'NONE', #956, #5183, #5276 ) ;
#2486 = LINE ( 'NONE', #5392, #2092 ) ;
#2487 = CARTESIAN_POINT ( 'NONE',  ( 250.5408455975610025, 336.8442935448559865, 68.75735978061520370 ) ) ;
#2488 = EDGE_LOOP ( 'NONE', ( #56, #4197, #3448, #4738, #2843, #872, #1753, #2809, #5628, #2741, #2240, #5227, #4968, #3509, #1305, #4502 ) ) ;
#2489 = VECTOR ( 'NONE', #3767, 1000.000000000000000 ) ;
#2490 = DIRECTION ( 'NONE',  ( 0.8941293582032308063, -0.4478087658801228610, 4.537979430722408581E-15 ) ) ;
#2491 = ADVANCED_FACE ( 'NONE', ( #4064 ), #2143, .F. ) ;
#2492 = ORIENTED_EDGE ( 'NONE', *, *, #4295, .F. ) ;
#2493 = VECTOR ( 'NONE', #5030, 999.9999999999998863 ) ;
#2494 = CARTESIAN_POINT ( 'NONE',  ( 287.9285306551350345, 354.0298387846179935, 65.00000046773469364 ) ) ;
#2495 = DIRECTION ( 'NONE',  ( 0.000000000000000000, 1.000000000000000000, 0.000000000000000000 ) ) ;
#2496 = CARTESIAN_POINT ( 'NONE',  ( 288.2716764056430065, 358.3940482511480354, 69.40000046773469933 ) ) ;
#2497 = CARTESIAN_POINT ( 'NONE',  ( 243.5355472833979888, 351.2749185863780212, 70.01427605941840682 ) ) ;
#2498 = CARTESIAN_POINT ( 'NONE',  ( 299.9995984670009648, 363.1719744083490014, 59.00000046773480022 ) ) ;
#2499 = LINE ( 'NONE', #2530, #3273 ) ;
#2500 = CARTESIAN_POINT ( 'NONE',  ( 241.7178403211381692, 350.0914596597727382, 70.04966169242167950 ) ) ;
#2501 = ORIENTED_EDGE ( 'NONE', *, *, #4110, .T. ) ;
#2502 = DIRECTION ( 'NONE',  ( -1.000000000000000000, -5.325766498111130543E-15, -4.135580799816641012E-15 ) ) ;
#2503 = LINE ( 'NONE', #3439, #5447 ) ;
#2504 = VERTEX_POINT ( 'NONE', #5423 ) ;
#2505 = DIRECTION ( 'NONE',  ( -5.075305255429250078E-15, -5.076883396865070006E-29, 1.000000000000000000 ) ) ;
#2506 = ORIENTED_EDGE ( 'NONE', *, *, #5292, .T. ) ;
#2507 = ADVANCED_FACE ( 'NONE', ( #2114 ), #1070, .F. ) ;
#2508 = DIRECTION ( 'NONE',  ( 5.075305255429250078E-15, 5.076883396865070006E-29, -1.000000000000000000 ) ) ;
#2509 = AXIS2_PLACEMENT_3D ( 'NONE', #5058, #4091, #1321 ) ;
#2510 = CARTESIAN_POINT ( 'NONE',  ( 259.9663115353810099, 352.5375678735459815, 68.40000046773458564 ) ) ;
#2511 = EDGE_CURVE ( 'NONE', #5305, #4072, #5577, .T. ) ;
#2512 = EDGE_CURVE ( 'NONE', #554, #2126, #3706, .T. ) ;
#2513 = DIRECTION ( 'NONE',  ( 2.537652627714694853E-15, 2.537652627714694853E-15, -1.000000000000000000 ) ) ;
#2514 = VERTEX_POINT ( 'NONE', #4095 ) ;
#2515 = DIRECTION ( 'NONE',  ( -0.5254480155638028283, 0.8508257065580834277, -2.478176394252575816E-15 ) ) ;
#2516 = ORIENTED_EDGE ( 'NONE', *, *, #1766, .T. ) ;
#2517 = CIRCLE ( 'NONE', #655, 2.000000000000001776 ) ;
#2518 = LINE ( 'NONE', #3014, #760 ) ;
#2519 =( NAMED_UNIT ( * ) PLANE_ANGLE_UNIT ( ) SI_UNIT ( $, .RADIAN. ) );
#2520 = AXIS2_PLACEMENT_3D ( 'NONE', #679, #2209, #4564 ) ;
#2521 = AXIS2_PLACEMENT_3D ( 'NONE', #204, #5893, #2088 ) ;
#2522 = VERTEX_POINT ( 'NONE', #5487 ) ;
#2523 = VERTEX_POINT ( 'NONE', #5985 ) ;
#2524 = CARTESIAN_POINT ( 'NONE',  ( 264.1231902035037820, 353.9561123466547770, 60.49981296585055901 ) ) ;
#2525 = ORIENTED_EDGE ( 'NONE', *, *, #3082, .T. ) ;
#2526 = CARTESIAN_POINT ( 'NONE',  ( 292.2315522343569683, 349.0908414302900269, 68.75735978061540266 ) ) ;
#2527 = LINE ( 'NONE', #182, #3510 ) ;
#2528 = CARTESIAN_POINT ( 'NONE',  ( 285.9834654951159791, 367.4298387846179708, 59.00000046773470075 ) ) ;
#2529 = CARTESIAN_POINT ( 'NONE',  ( 269.3734359413190305, 364.4298387846179708, 71.00000046773470785 ) ) ;
#2530 = CARTESIAN_POINT ( 'NONE',  ( 300.4573328464600195, 331.9720514722660027, 69.40000046773479880 ) ) ;
#2531 = EDGE_CURVE ( 'NONE', #2869, #4915, #1266, .T. ) ;
#2532 = ORIENTED_EDGE ( 'NONE', *, *, #3608, .F. ) ;
#2533 = VECTOR ( 'NONE', #4275, 1000.000000000000000 ) ;
#2534 = FACE_OUTER_BOUND ( 'NONE', #4579, .T. ) ;
#2535 = CARTESIAN_POINT ( 'NONE',  ( 266.1328989089290076, 345.6316960581830244, 67.60000046773470217 ) ) ;
#2536 = VECTOR ( 'NONE', #2009, 1000.000000000000114 ) ;
#2537 = EDGE_LOOP ( 'NONE', ( #6103, #196, #3942, #1746, #1275, #3437, #3815 ) ) ;
#2538 = CARTESIAN_POINT ( 'NONE',  ( 285.8574628432700138, 349.0298387846179367, 59.00000046773470075 ) ) ;
#2539 = DIRECTION ( 'NONE',  ( 2.935473107612204995E-15, 2.506276067140520119E-15, -1.000000000000000000 ) ) ;
#2540 = EDGE_LOOP ( 'NONE', ( #5763, #483, #2051, #3081 ) ) ;
#2541 = DIRECTION ( 'NONE',  ( 3.865418436758450516E-29, -5.048709793107170241E-29, 1.000000000000000000 ) ) ;
#2542 = DIRECTION ( 'NONE',  ( -3.950030766346860754E-15, -9.434142222763600133E-16, 1.000000000000000000 ) ) ;
#2543 = ORIENTED_EDGE ( 'NONE', *, *, #207, .F. ) ;
#2544 = DIRECTION ( 'NONE',  ( -0.5254480155638053818, 0.8508257065580817624, -2.262682794752357834E-15 ) ) ;
#2545 = EDGE_CURVE ( 'NONE', #5433, #4132, #5784, .T. ) ;
#2547 = EDGE_CURVE ( 'NONE', #420, #2868, #5501, .T. ) ;
#2546 = DIRECTION ( 'NONE',  ( -1.000000000000000000, 0.000000000000000000, 0.000000000000000000 ) ) ;
#2548 = VECTOR ( 'NONE', #4678, 1000.000000000000000 ) ;
#2549 = ORIENTED_EDGE ( 'NONE', *, *, #2605, .T. ) ;
#2550 = ORIENTED_EDGE ( 'NONE', *, *, #4414, .T. ) ;
#2551 = DIRECTION ( 'NONE',  ( 1.000000000000000000, 3.378155142747810141E-15, 0.000000000000000000 ) ) ;
#2552 = EDGE_LOOP ( 'NONE', ( #4624, #1715, #1329, #5960, #1516, #2709 ) ) ;
#2553 = LINE ( 'NONE', #4412, #5852 ) ;
#2554 = PLANE ( 'NONE',  #1355 ) ;
#2555 = CONICAL_SURFACE ( 'NONE', #4245, 4.500000000000006217, 0.7853981633974440602 ) ;
#2556 = CARTESIAN_POINT ( 'NONE',  ( 289.0599015050340199, 355.1612096345159557, 65.00000046773469364 ) ) ;
#2557 = CARTESIAN_POINT ( 'NONE',  ( 264.9734359413189964, 357.0298387846179935, 68.75735978061540266 ) ) ;
#2558 = CARTESIAN_POINT ( 'NONE',  ( 254.8043602635269167, 364.6850317852865828, 68.40000046773454301 ) ) ;
#2559 = DIRECTION ( 'NONE',  ( -1.000000000000000000, -5.551115123125779621E-17, -5.075305255429250078E-15 ) ) ;
#2560 = ORIENTED_EDGE ( 'NONE', *, *, #566, .T. ) ;
#2561 = LINE ( 'NONE', #690, #2981 ) ;
#2562 = VECTOR ( 'NONE', #906, 1000.000000000000000 ) ;
#2563 = DIRECTION ( 'NONE',  ( 0.5000000000000109912, 0.5000000000000109912, 0.7071067811865320296 ) ) ;
#2564 = ADVANCED_FACE ( 'NONE', ( #1747 ), #5519, .F. ) ;
#2565 = EDGE_CURVE ( 'NONE', #519, #489, #4710, .T. ) ;
#2566 = VECTOR ( 'NONE', #1359, 1000.000000000000114 ) ;
#2567 = ORIENTED_EDGE ( 'NONE', *, *, #5422, .T. ) ;
#2568 = CARTESIAN_POINT ( 'NONE',  ( 297.4735121930480091, 341.6609152462619932, 71.00000046773470785 ) ) ;
#2569 = CARTESIAN_POINT ( 'NONE',  ( 285.8574628432700138, 349.0298387846179367, 68.40000046773479880 ) ) ;
#2570 = DIRECTION ( 'NONE',  ( -0.5254480155638053818, 0.8508257065580815404, -2.392722035830080451E-15 ) ) ;
#2571 = ORIENTED_EDGE ( 'NONE', *, *, #5256, .F. ) ;
#2572 = VECTOR ( 'NONE', #1530, 1000.000000000000000 ) ;
#2573 = DIRECTION ( 'NONE',  ( 0.7071067811865489050, -0.7071067811865460184, 3.824101529264425542E-15 ) ) ;
#2574 = AXIS2_PLACEMENT_3D ( 'NONE', #248, #4021, #2631 ) ;
#2575 = VECTOR ( 'NONE', #3212, 1000.000000000000114 ) ;
#2576 = ORIENTED_EDGE ( 'NONE', *, *, #4236, .F. ) ;
#2577 = DIRECTION ( 'NONE',  ( 0.4999999999999905631, 0.4999999999999977240, 0.7071067811865557884 ) ) ;
#2578 = DIRECTION ( 'NONE',  ( -0.7071067811865460184, -0.7071067811865489050, -8.748234485402590809E-30 ) ) ;
#2579 = CIRCLE ( 'NONE', #4555, 2.999999999999989342 ) ;
#2580 = ORIENTED_EDGE ( 'NONE', *, *, #4457, .F. ) ;
#2581 = ORIENTED_EDGE ( 'NONE', *, *, #1811, .F. ) ;
#2582 = EDGE_CURVE ( 'NONE', #5259, #61, #1472, .T. ) ;
#2583 = CIRCLE ( 'NONE', #1221, 17.39999999999998792 ) ;
#2584 = VERTEX_POINT ( 'NONE', #4129 ) ;
#2585 = FACE_OUTER_BOUND ( 'NONE', #3495, .T. ) ;
#2586 = ORIENTED_EDGE ( 'NONE', *, *, #3502, .F. ) ;
#2587 = DIRECTION ( 'NONE',  ( 4.135580799816630757E-15, 1.665250005579849882E-16, -1.000000000000000000 ) ) ;
#2588 = DIRECTION ( 'NONE',  ( -0.7071067811865470176, 0.7071067811865480168, 0.000000000000000000 ) ) ;
#2589 = CARTESIAN_POINT ( 'NONE',  ( 287.8024101351033437, 353.7253569146631094, 59.00000046773470785 ) ) ;
#2590 = VECTOR ( 'NONE', #1477, 1000.000000000000000 ) ;
#2591 = EDGE_LOOP ( 'NONE', ( #25, #5527, #3013, #4740, #6009, #2367 ) ) ;
#2592 = EDGE_CURVE ( 'NONE', #4495, #5494, #4222, .T. ) ;
#2593 = TOROIDAL_SURFACE ( 'NONE', #6049, 17.00000000000000000, 3.000000000000000000 ) ;
#2594 = EDGE_CURVE ( 'NONE', #476, #5202, #2239, .T. ) ;
#2595 = CARTESIAN_POINT ( 'NONE',  ( 298.2023602703552569, 342.4963267655782033, 71.00003191271798642 ) ) ;
#2596 = VERTEX_POINT ( 'NONE', #4860 ) ;
#2597 = DIRECTION ( 'NONE',  ( 0.7071067811865475727, -0.7071067811865475727, 0.000000000000000000 ) ) ;
#2598 = B_SPLINE_CURVE_WITH_KNOTS ( 'NONE', 3,
 ( #3527, #756, #4899, #163, #2972 ),
 .UNSPECIFIED., .F., .F.,
 ( 4, 1, 4 ),
 ( 0.000000000000000000, 0.2857142857142904724, 0.5000165651921637533 ),
 .UNSPECIFIED. ) ;
#2599 = CARTESIAN_POINT ( 'NONE',  ( 304.5147186257869976, 336.0294372515930377, 69.00000046773489260 ) ) ;
#2600 = DIRECTION ( 'NONE',  ( -1.387945395659760113E-15, 2.247414752645225251E-15, 1.000000000000000000 ) ) ;
#2601 = APPLICATION_CONTEXT ( 'automotive_design' ) ;
#2602 = DIRECTION ( 'NONE',  ( -2.537652627714604923E-15, -2.537652627714694853E-15, 1.000000000000000000 ) ) ;
#2603 = CARTESIAN_POINT ( 'NONE',  ( 297.6249265696910129, 341.9264493042250024, 70.84096091121440963 ) ) ;
#2604 = VERTEX_POINT ( 'NONE', #87 ) ;
#2605 = EDGE_CURVE ( 'NONE', #4541, #2332, #560, .T. ) ;
#2606 = LINE ( 'NONE', #5365, #3087 ) ;
#2607 = CARTESIAN_POINT ( 'NONE',  ( 299.1192096112800414, 343.0675704424440369, 71.06148744202789658 ) ) ;
#2608 = FACE_OUTER_BOUND ( 'NONE', #4010, .T. ) ;
#2609 = ORIENTED_EDGE ( 'NONE', *, *, #1442, .T. ) ;
#2610 = EDGE_CURVE ( 'NONE', #1060, #5252, #5343, .T. ) ;
#2611 = CARTESIAN_POINT ( 'NONE',  ( 243.5026302812268852, 351.3115486489637647, 69.90541007771044235 ) ) ;
#2612 = ORIENTED_EDGE ( 'NONE', *, *, #1116, .F. ) ;
#2613 = CARTESIAN_POINT ( 'NONE',  ( 281.8716764056430293, 358.6298387846179594, 71.00000046773470785 ) ) ;
#2614 = VECTOR ( 'NONE', #2354, 1000.000000000000000 ) ;
#2615 = DIRECTION ( 'NONE',  ( 0.000000000000000000, -1.000000000000000000, -5.048709793107170241E-29 ) ) ;
#2616 = CIRCLE ( 'NONE', #1543, 2.000000000000016431 ) ;
#2617 = ORIENTED_EDGE ( 'NONE', *, *, #3429, .F. ) ;
#2618 = ORIENTED_EDGE ( 'NONE', *, *, #245, .T. ) ;
#2619 = DIRECTION ( 'NONE',  ( 3.865418436758450516E-29, -5.048709793107170241E-29, 1.000000000000000000 ) ) ;
#2620 = VERTEX_POINT ( 'NONE', #1979 ) ;
#2621 = ORIENTED_EDGE ( 'NONE', *, *, #2511, .F. ) ;
#2622 = FACE_OUTER_BOUND ( 'NONE', #2552, .T. ) ;
#2623 = CARTESIAN_POINT ( 'NONE',  ( 294.1724793217489946, 343.5432494308849982, 67.60000046773470217 ) ) ;
#2624 = VECTOR ( 'NONE', #5456, 1000.000000000000000 ) ;
#2625 = FACE_OUTER_BOUND ( 'NONE', #1357, .T. ) ;
#2626 = ORIENTED_EDGE ( 'NONE', *, *, #4265, .F. ) ;
#2627 = DIRECTION ( 'NONE',  ( -5.045325939066829835E-15, -4.854366611099339771E-17, 1.000000000000000000 ) ) ;
#2628 = ORIENTED_EDGE ( 'NONE', *, *, #1619, .F. ) ;
#2629 = AXIS2_PLACEMENT_3D ( 'NONE', #1363, #4558, #3758 ) ;
#2630 = DIRECTION ( 'NONE',  ( 3.440439555346305235E-15, -1.150889273813653959E-15, -1.000000000000000000 ) ) ;
#2631 = DIRECTION ( 'NONE',  ( -0.6493199848919243289, 0.7605153234616321978, 0.000000000000000000 ) ) ;
#2632 = ADVANCED_FACE ( 'NONE', ( #4354 ), #4889, .F. ) ;
#2633 = EDGE_CURVE ( 'NONE', #1279, #3334, #3030, .T. ) ;
#2634 = CARTESIAN_POINT ( 'NONE',  ( 241.8840429409859496, 349.9340830635734960, 71.00053659569324793 ) ) ;
#2635 = AXIS2_PLACEMENT_3D ( 'NONE', #1834, #3246, #2320 ) ;
#2636 = ORIENTED_EDGE ( 'NONE', *, *, #5640, .F. ) ;
#2637 = CARTESIAN_POINT ( 'NONE',  ( 291.2326169915300511, 351.0332589096470315, 69.87868012417511920 ) ) ;
#2638 = CARTESIAN_POINT ( 'NONE',  ( 300.6276937031429384, 342.5733164236400512, 70.87868012411229302 ) ) ;
#2639 = DIRECTION ( 'NONE',  ( -0.5254480155638129313, 0.8508257065580769885, -3.469446951953620894E-15 ) ) ;
#2640 = LINE ( 'NONE', #769, #5148 ) ;
#2641 = ORIENTED_EDGE ( 'NONE', *, *, #1336, .T. ) ;
#2642 = CARTESIAN_POINT ( 'NONE',  ( 288.3484631190179925, 355.0241198831080283, 71.00000046773480733 ) ) ;
#2643 = CARTESIAN_POINT ( 'NONE',  ( 264.9734359413189964, 350.0298387846179367, 65.00000046773459417 ) ) ;
#2644 = EDGE_CURVE ( 'NONE', #5289, #2504, #585, .T. ) ;
#2645 = CARTESIAN_POINT ( 'NONE',  ( 235.6987859940570047, 347.5051680436919810, 68.00000046773470785 ) ) ;
#2646 = EDGE_LOOP ( 'NONE', ( #2978, #298, #51, #5877 ) ) ;
#2647 = ORIENTED_EDGE ( 'NONE', *, *, #5771, .T. ) ;
#2648 = CARTESIAN_POINT ( 'NONE',  ( 289.9062638400429819, 356.2947462868290245, 68.75735978061540266 ) ) ;
#2649 = ORIENTED_EDGE ( 'NONE', *, *, #5733, .T. ) ;
#2650 = CARTESIAN_POINT ( 'NONE',  ( 298.1497598285610025, 361.3448473037140047, 71.00000046773470785 ) ) ;
#2651 = FACE_OUTER_BOUND ( 'NONE', #5500, .T. ) ;
#2652 = ORIENTED_EDGE ( 'NONE', *, *, #2421, .T. ) ;
#2653 = VECTOR ( 'NONE', #718, 1000.000000000000000 ) ;
#2654 = LINE ( 'NONE', #1184, #750 ) ;
#2655 = ORIENTED_EDGE ( 'NONE', *, *, #6058, .F. ) ;
#2656 = VECTOR ( 'NONE', #5606, 1000.000000000000000 ) ;
#2657 = LINE ( 'NONE', #4542, #2211 ) ;
#2658 = DIRECTION ( 'NONE',  ( 3.829919399319065354E-15, -8.886742574956209590E-16, -1.000000000000000000 ) ) ;
#2659 = AXIS2_PLACEMENT_3D ( 'NONE', #4594, #5524, #5430 ) ;
#2660 = CARTESIAN_POINT ( 'NONE',  ( 241.0243557881656784, 350.2569467068753966, 71.00125879392930983 ) ) ;
#2661 = ADVANCED_FACE ( 'NONE', ( #120 ), #1268, .T. ) ;
#2662 =( BOUNDED_CURVE ( )  B_SPLINE_CURVE ( 3, ( #4307, #1018, #17, #4843 ),
 .UNSPECIFIED., .F., .F. ) 
 B_SPLINE_CURVE_WITH_KNOTS ( ( 4, 4 ),
 ( 5.818067454694670460, 5.890486225480831450 ),
 .UNSPECIFIED. ) 
 CURVE ( )  GEOMETRIC_REPRESENTATION_ITEM ( )  RATIONAL_B_SPLINE_CURVE ( ( 1.000000000000000000, 0.9995630078853589007, 0.9995630078853589007, 1.000000000000000000 ) ) 
 REPRESENTATION_ITEM ( '' )  );
#2663 = CARTESIAN_POINT ( 'NONE',  ( 299.2357477219139810, 342.6216761164610034, 70.11157729159170060 ) ) ;
#2664 = ORIENTED_EDGE ( 'NONE', *, *, #3651, .F. ) ;
#2665 = CARTESIAN_POINT ( 'NONE',  ( 269.3734359413190305, 358.6298387846179594, 71.00000046773470785 ) ) ;
#2666 = AXIS2_PLACEMENT_3D ( 'NONE', #5834, #4060, #1656 ) ;
#2667 = CARTESIAN_POINT ( 'NONE',  ( 262.9734359413189964, 364.3566941659969984, 69.40000046773469933 ) ) ;
#2668 = ADVANCED_FACE ( 'NONE', ( #1525 ), #2876, .T. ) ;
#2669 = DIRECTION ( 'NONE',  ( 3.661509027171719862E-15, 8.448430690734559740E-17, -1.000000000000000000 ) ) ;
#2670 = ORIENTED_EDGE ( 'NONE', *, *, #2788, .F. ) ;
#2671 = DIRECTION ( 'NONE',  ( 0.7071067811865475727, 0.7071067811865475727, 0.000000000000000000 ) ) ;
#2672 = FACE_OUTER_BOUND ( 'NONE', #701, .T. ) ;
#2673 = ORIENTED_EDGE ( 'NONE', *, *, #6085, .T. ) ;
#2674 = EDGE_LOOP ( 'NONE', ( #3107, #1077, #4648, #4176 ) ) ;
#2675 = ORIENTED_EDGE ( 'NONE', *, *, #767, .T. ) ;
#2676 = DIRECTION ( 'NONE',  ( -3.378155142747810141E-15, 1.000000000000000000, 5.048709793107189859E-29 ) ) ;
#2677 = VERTEX_POINT ( 'NONE', #4772 ) ;
#2678 = ADVANCED_FACE ( 'NONE', ( #2062 ), #1951, .F. ) ;
#2679 = ADVANCED_FACE ( 'NONE', ( #5323 ), #3910, .T. ) ;
#2680 = CYLINDRICAL_SURFACE ( 'NONE', #5482, 1.699999999999979305 ) ;
#2681 = VECTOR ( 'NONE', #518, 1000.000000000000114 ) ;
#2682 = CIRCLE ( 'NONE', #27, 3.000000000000002665 ) ;
#2683 = CARTESIAN_POINT ( 'NONE',  ( 292.2210001740858161, 348.4170047143842339, 71.00134837130167398 ) ) ;
#2684 = FACE_OUTER_BOUND ( 'NONE', #5719, .T. ) ;
#2685 = ORIENTED_EDGE ( 'NONE', *, *, #444, .T. ) ;
#2686 = CARTESIAN_POINT ( 'NONE',  ( 291.7683162657150433, 343.5432494308849982, 67.60000046773470217 ) ) ;
#2687 = ORIENTED_EDGE ( 'NONE', *, *, #1884, .F. ) ;
#2688 = B_SPLINE_SURFACE_WITH_KNOTS ( 'NONE', 3, 3, ( 
 ( #2832, #2402, #3853, #4793 ),
 ( #3759, #24, #108, #2430 ),
 ( #4852, #998, #54, #607 ),
 ( #1028, #5648, #2867, #4315 ),
 ( #3295, #2373, #4763, #4257 ) ),
 .UNSPECIFIED., .F., .F., .F.,
 ( 4, 1, 4 ),
 ( 4, 4 ),
 ( 0.000000000000000000, 0.5714285714285709528, 1.000000000000000000 ),
 ( -0.7853981633975030130, -0.3830740219370589728 ),
 .UNSPECIFIED. ) ;
#2689 = CARTESIAN_POINT ( 'NONE',  ( 283.8716764056430293, 358.6298387846179594, 71.00000046773470785 ) ) ;
#2690 = CARTESIAN_POINT ( 'NONE',  ( 248.9147529171650035, 356.8217113109319598, 69.40000046773450038 ) ) ;
#2691 = VECTOR ( 'NONE', #170, 1000.000000000000114 ) ;
#2692 = DIRECTION ( 'NONE',  ( -0.5254480155638050487, 0.8508257065580819845, -3.083952846180986139E-15 ) ) ;
#2693 = CARTESIAN_POINT ( 'NONE',  ( 241.9607120572290455, 349.9164585144533817, 71.00116934782715816 ) ) ;
#2694 = ORIENTED_EDGE ( 'NONE', *, *, #2171, .T. ) ;
#2695 = LINE ( 'NONE', #5976, #3460 ) ;
#2696 = ORIENTED_EDGE ( 'NONE', *, *, #4202, .T. ) ;
#2697 = DIRECTION ( 'NONE',  ( 1.000000000000000000, 0.000000000000000000, 0.000000000000000000 ) ) ;
#2698 = CARTESIAN_POINT ( 'NONE',  ( 285.8574628432700138, 367.4298387846179708, 68.40000046773479880 ) ) ;
#2699 = DIRECTION ( 'NONE',  ( -1.000000000000000000, -2.574331827493210107E-15, -6.214986811982760297E-15 ) ) ;
#2700 = DIRECTION ( 'NONE',  ( 0.7071067811865475727, 0.7071067811865475727, 0.000000000000000000 ) ) ;
#2701 = CARTESIAN_POINT ( 'NONE',  ( 241.0335376160439864, 350.2154883378640307, 70.76728148834381216 ) ) ;
#2702 = ADVANCED_FACE ( 'NONE', ( #1037 ), #5720, .T. ) ;
#2703 = DIRECTION ( 'NONE',  ( 0.8941293582032243670, -0.4478087658801355730, 3.623172851349560698E-15 ) ) ;
#2704 = DIRECTION ( 'NONE',  ( 5.921189464667460002E-15, 1.665250005579849882E-16, -1.000000000000000000 ) ) ;
#2705 = EDGE_CURVE ( 'NONE', #6079, #4719, #3631, .T. ) ;
#2706 = ADVANCED_FACE ( 'NONE', ( #1494 ), #3487, .F. ) ;
#2707 = DIRECTION ( 'NONE',  ( -1.000000000000000000, 0.000000000000000000, 2.504612426818324923E-16 ) ) ;
#2708 = ORIENTED_EDGE ( 'NONE', *, *, #3159, .F. ) ;
#2709 = ORIENTED_EDGE ( 'NONE', *, *, #2421, .F. ) ;
#2710 = CYLINDRICAL_SURFACE ( 'NONE', #3949, 6.599999999999983658 ) ;
#2711 = VERTEX_POINT ( 'NONE', #4474 ) ;
#2712 = AXIS2_PLACEMENT_3D ( 'NONE', #4938, #1686, #1658 ) ;
#2713 = CYLINDRICAL_SURFACE ( 'NONE', #60, 17.40000000000000924 ) ;
#2714 = CARTESIAN_POINT ( 'NONE',  ( 291.7683162657150433, 343.5432494308849982, 67.60000046773470217 ) ) ;
#2715 = CARTESIAN_POINT ( 'NONE',  ( 299.9700566129608319, 343.0863153824461733, 71.00180701016245166 ) ) ;
#2716 = CIRCLE ( 'NONE', #5490, 1.699999999999979305 ) ;
#2717 = VERTEX_POINT ( 'NONE', #744 ) ;
#2718 = VERTEX_POINT ( 'NONE', #4946 ) ;
#2719 = CARTESIAN_POINT ( 'NONE',  ( 241.0933184961089921, 347.7201426854809938, 71.00000046773450890 ) ) ;
#2720 = CARTESIAN_POINT ( 'NONE',  ( 253.9636434386248709, 366.0463529157796074, 68.75735978061526055 ) ) ;
#2721 = CARTESIAN_POINT ( 'NONE',  ( 246.5900165858359969, 357.9860141022200537, 59.00000046773450180 ) ) ;
#2722 = CIRCLE ( 'NONE', #1838, 2.000000000000031974 ) ;
#2723 = CARTESIAN_POINT ( 'NONE',  ( 242.9751464461765522, 349.9165343975408859, 71.00043298584613183 ) ) ;
#2724 = ADVANCED_FACE ( 'NONE', ( #236 ), #171, .T. ) ;
#2725 = DIRECTION ( 'NONE',  ( 0.7071067811865490160, -0.7071067811865461294, -6.303240519704424978E-29 ) ) ;
#2726 = VECTOR ( 'NONE', #4035, 1000.000000000000000 ) ;
#2727 = EDGE_LOOP ( 'NONE', ( #1374, #6032, #1331, #5472, #3980, #2549, #6087, #1654, #3922 ) ) ;
#2728 = DIRECTION ( 'NONE',  ( 6.969672254555121003E-15, -0.7071067811865130448, -0.7071067811865819897 ) ) ;
#2729 = CARTESIAN_POINT ( 'NONE',  ( 249.2724046604460000, 356.6425878045800459, 68.75735978061531739 ) ) ;
#2730 = ORIENTED_EDGE ( 'NONE', *, *, #5481, .F. ) ;
#2731 = FACE_OUTER_BOUND ( 'NONE', #4800, .T. ) ;
#2732 = EDGE_LOOP ( 'NONE', ( #866, #2960, #6123, #2999, #609, #5862, #1949, #962, #1312, #5809, #986 ) ) ;
#2733 = DIRECTION ( 'NONE',  ( -0.7071067811865382469, -0.7071067811865567876, 0.000000000000000000 ) ) ;
#2734 = VECTOR ( 'NONE', #2355, 1000.000000000000000 ) ;
#2735 = ORIENTED_EDGE ( 'NONE', *, *, #3988, .F. ) ;
#2736 = LINE ( 'NONE', #4622, #6094 ) ;
#2737 = ORIENTED_EDGE ( 'NONE', *, *, #217, .T. ) ;
#2738 = VERTEX_POINT ( 'NONE', #4917 ) ;
#2739 = CARTESIAN_POINT ( 'NONE',  ( 291.4217098721769617, 351.9508731299490023, 71.00000046773480733 ) ) ;
#2740 = EDGE_CURVE ( 'NONE', #1614, #787, #669, .T. ) ;
#2741 = ORIENTED_EDGE ( 'NONE', *, *, #399, .F. ) ;
#2742 = EDGE_CURVE ( 'NONE', #2738, #2754, #3625, .T. ) ;
#2743 = CARTESIAN_POINT ( 'NONE',  ( 285.8574628432700138, 349.0298387846179367, 71.00000046773470785 ) ) ;
#2744 = CARTESIAN_POINT ( 'NONE',  ( 286.2716764056430065, 355.0298387846179935, 71.00000046773470785 ) ) ;
#2745 = CARTESIAN_POINT ( 'NONE',  ( 262.6411472520910593, 353.2795202259439975, 59.00000046773410389 ) ) ;
#2746 = ORIENTED_EDGE ( 'NONE', *, *, #4494, .F. ) ;
#2747 = ORIENTED_EDGE ( 'NONE', *, *, #2840, .F. ) ;
#2748 = ADVANCED_FACE ( 'NONE', ( #710 ), #270, .F. ) ;
#2749 = CARTESIAN_POINT ( 'NONE',  ( 285.9834654951159791, 366.4298387846179708, 69.40000046773469933 ) ) ;
#2750 = DIRECTION ( 'NONE',  ( 3.865418436758450516E-29, -5.048709793107170241E-29, 1.000000000000000000 ) ) ;
#2751 = LINE ( 'NONE', #3715, #5781 ) ;
#2752 = DIRECTION ( 'NONE',  ( 5.077756511490070427E-15, -3.969168420285224583E-18, -1.000000000000000000 ) ) ;
#2753 = CARTESIAN_POINT ( 'NONE',  ( 288.2716764056430065, 358.3940482511480354, 71.00000046773480733 ) ) ;
#2754 = VERTEX_POINT ( 'NONE', #5403 ) ;
#2755 = CARTESIAN_POINT ( 'NONE',  ( 262.0309270541616797, 354.7944627413432386, 65.00000046773457996 ) ) ;
#2756 = ORIENTED_EDGE ( 'NONE', *, *, #444, .F. ) ;
#2757 = DIRECTION ( 'NONE',  ( 0.000000000000000000, 1.000000000000000000, 0.000000000000000000 ) ) ;
#2758 =( GEOMETRIC_REPRESENTATION_CONTEXT ( 3 ) GLOBAL_UNCERTAINTY_ASSIGNED_CONTEXT ( ( #1687 ) ) GLOBAL_UNIT_ASSIGNED_CONTEXT ( ( #5806, #2519, #3360 ) ) REPRESENTATION_CONTEXT ( 'NONE', 'WORKASPACE' ) );
#2759 = EDGE_CURVE ( 'NONE', #2404, #1342, #5486, .T. ) ;
#2760 = DIRECTION ( 'NONE',  ( 5.921189464667460002E-15, 5.375617248874490866E-29, -1.000000000000000000 ) ) ;
#2761 = VERTEX_POINT ( 'NONE', #5959 ) ;
#2762 = CARTESIAN_POINT ( 'NONE',  ( 239.9115796498548718, 341.2503365270652580, 59.00000046773453022 ) ) ;
#2763 = CARTESIAN_POINT ( 'NONE',  ( 288.6060453430700363, 355.6655039329368151, 68.90000046773471354 ) ) ;
#2764 = ORIENTED_EDGE ( 'NONE', *, *, #2011, .T. ) ;
#2765 = VECTOR ( 'NONE', #1384, 1000.000000000000000 ) ;
#2766 = CARTESIAN_POINT ( 'NONE',  ( 262.5031390919699561, 355.6298387846179594, 65.00000046773459417 ) ) ;
#2767 = CARTESIAN_POINT ( 'NONE',  ( 294.1724793217489946, 345.9474124869190064, 68.00000046773470785 ) ) ;
#2768 = ORIENTED_EDGE ( 'NONE', *, *, #4781, .F. ) ;
#2769 = VECTOR ( 'NONE', #1848, 1000.000000000000114 ) ;
#2770 = ORIENTED_EDGE ( 'NONE', *, *, #1222, .T. ) ;
#2771 = FACE_OUTER_BOUND ( 'NONE', #5231, .T. ) ;
#2772 = VERTEX_POINT ( 'NONE', #4011 ) ;
#2773 = CARTESIAN_POINT ( 'NONE',  ( 257.4947506991319415, 353.7754051033870155, 69.40000046773458564 ) ) ;
#2774 = LINE ( 'NONE', #5199, #6021 ) ;
#2775 = DIRECTION ( 'NONE',  ( 0.6322449324434742390, -0.3166486150286131340, 0.7071067811865532349 ) ) ;
#2776 = ORIENTED_EDGE ( 'NONE', *, *, #3427, .T. ) ;
#2777 = ORIENTED_EDGE ( 'NONE', *, *, #6126, .T. ) ;
#2778 = AXIS2_PLACEMENT_3D ( 'NONE', #6088, #1847, #1879 ) ;
#2779 = FACE_OUTER_BOUND ( 'NONE', #678, .T. ) ;
#2780 = CIRCLE ( 'NONE', #116, 4.462567430250557798 ) ;
#2781 = CYLINDRICAL_SURFACE ( 'NONE', #3089, 3.000000000000013767 ) ;
#2782 = AXIS2_PLACEMENT_3D ( 'NONE', #540, #5764, #2393 ) ;
#2783 = EDGE_CURVE ( 'NONE', #2885, #4411, #4074, .T. ) ;
#2784 = DIRECTION ( 'NONE',  ( -0.9760862754457416690, -0.2173834926724194094, 0.000000000000000000 ) ) ;
#2785 = FILL_AREA_STYLE ('',( #6074 ) ) ;
#2786 = ADVANCED_FACE ( 'NONE', ( #2585 ), #4979, .F. ) ;
#2787 = CARTESIAN_POINT ( 'NONE',  ( 260.3008830973460022, 327.3016846013279633, 65.00000046773459417 ) ) ;
#2788 = EDGE_CURVE ( 'NONE', #1817, #1177, #4398, .T. ) ;
#2789 = DIRECTION ( 'NONE',  ( 1.385895527874289961E-15, -2.244095527612000437E-15, -1.000000000000000000 ) ) ;
#2790 = ORIENTED_EDGE ( 'NONE', *, *, #321, .T. ) ;
#2791 = ORIENTED_EDGE ( 'NONE', *, *, #1763, .F. ) ;
#2792 = DIRECTION ( 'NONE',  ( -0.8941293582032308063, 0.4478087658801226945, -4.625929269271590241E-15 ) ) ;
#2793 = VECTOR ( 'NONE', #1110, 1000.000000000000000 ) ;
#2794 = ADVANCED_FACE ( 'NONE', ( #5432 ), #1207, .T. ) ;
#2795 = AXIS2_PLACEMENT_3D ( 'NONE', #1107, #190, #279 ) ;
#2796 = ORIENTED_EDGE ( 'NONE', *, *, #3885, .F. ) ;
#2797 = DIRECTION ( 'NONE',  ( 0.7071067811865441310, 0.7071067811865510144, 3.588782762705759977E-15 ) ) ;
#2798 = CARTESIAN_POINT ( 'NONE',  ( 243.6318324918899805, 350.6914969699179778, 70.61332639489440055 ) ) ;
#2799 = ORIENTED_EDGE ( 'NONE', *, *, #4609, .T. ) ;
#2800 = CARTESIAN_POINT ( 'NONE',  ( 300.6719899717809881, 342.7005930397280054, 71.00000047436950013 ) ) ;
#2801 = EDGE_CURVE ( 'NONE', #1483, #754, #5206, .T. ) ;
#2802 = ORIENTED_EDGE ( 'NONE', *, *, #2145, .T. ) ;
#2803 = ORIENTED_EDGE ( 'NONE', *, *, #3269, .F. ) ;
#2804 = CARTESIAN_POINT ( 'NONE',  ( 251.3595895153140134, 331.7797722601289365, 69.21231150866169912 ) ) ;
#2805 = VERTEX_POINT ( 'NONE', #209 ) ;
#2806 = FACE_OUTER_BOUND ( 'NONE', #3389, .T. ) ;
#2807 = CARTESIAN_POINT ( 'NONE',  ( 251.0867430111570116, 331.9164225727259918, 70.07561663805289243 ) ) ;
#2808 = CARTESIAN_POINT ( 'NONE',  ( 299.3889486466124481, 343.1106050400484833, 71.00000046774022167 ) ) ;
#2809 = ORIENTED_EDGE ( 'NONE', *, *, #2171, .F. ) ;
#2810 = CARTESIAN_POINT ( 'NONE',  ( 300.4624074319406191, 341.9008020900437828, 70.03832448936877597 ) ) ;
#2811 = ORIENTED_EDGE ( 'NONE', *, *, #2263, .T. ) ;
#2812 = AXIS2_PLACEMENT_3D ( 'NONE', #1200, #2012, #2671 ) ;
#2813 = CARTESIAN_POINT ( 'NONE',  ( 260.6112652312269802, 352.2145543006930666, 70.87868012417489183 ) ) ;
#2814 = DIRECTION ( 'NONE',  ( 2.537652627714694853E-15, -2.537652627714595062E-15, -1.000000000000000000 ) ) ;
#2815 = VECTOR ( 'NONE', #5935, 1000.000000000000114 ) ;
#2816 = DIRECTION ( 'NONE',  ( 3.865418436758450516E-29, -5.048709793107170241E-29, 1.000000000000000000 ) ) ;
#2817 = LINE ( 'NONE', #4715, #666 ) ;
#2818 = PLANE ( 'NONE',  #3249 ) ;
#2819 = ORIENTED_EDGE ( 'NONE', *, *, #1437, .F. ) ;
#2820 = TOROIDAL_SURFACE ( 'NONE', #1253, 7.000000000000000000, 3.000000000000000000 ) ;
#2821 = ORIENTED_EDGE ( 'NONE', *, *, #318, .T. ) ;
#2822 = LINE ( 'NONE', #4720, #1035 ) ;
#2823 = EDGE_CURVE ( 'NONE', #385, #3803, #4107, .T. ) ;
#2824 = ADVANCED_FACE ( 'NONE', ( #1721 ), #2094, .F. ) ;
#2825 = AXIS2_PLACEMENT_3D ( 'NONE', #5324, #1096, #704 ) ;
#2826 = AXIS2_PLACEMENT_3D ( 'NONE', #674, #3601, #1143 ) ;
#2827 = EDGE_CURVE ( 'NONE', #237, #2323, #99, .T. ) ;
#2828 = VERTEX_POINT ( 'NONE', #1636 ) ;
#2829 = DIRECTION ( 'NONE',  ( 0.7071067811865470176, 0.7071067811865480168, 8.748234485413390616E-30 ) ) ;
#2830 = ORIENTED_EDGE ( 'NONE', *, *, #2512, .F. ) ;
#2831 = CONICAL_SURFACE ( 'NONE', #4487, 4.500000000000006217, 0.7853981633974440602 ) ;
#2832 = CARTESIAN_POINT ( 'NONE',  ( 292.5773502868539708, 349.0493859386889994, 73.00000046773490681 ) ) ;
#2833 = ORIENTED_EDGE ( 'NONE', *, *, #5024, .T. ) ;
#2834 = CIRCLE ( 'NONE', #168, 3.000000000000058176 ) ;
#2835 = ORIENTED_EDGE ( 'NONE', *, *, #1756, .F. ) ;
#2836 = FACE_OUTER_BOUND ( 'NONE', #4464, .T. ) ;
#2837 = EDGE_LOOP ( 'NONE', ( #5225, #4191, #3395, #4962, #1760 ) ) ;
#2838 = AXIS2_PLACEMENT_3D ( 'NONE', #327, #3574, #5463 ) ;
#2839 = DIRECTION ( 'NONE',  ( -5.067835103561290491E-15, 1.803454195256879681E-17, 1.000000000000000000 ) ) ;
#2840 = EDGE_CURVE ( 'NONE', #3696, #3820, #3046, .T. ) ;
#2841 = DIRECTION ( 'NONE',  ( 1.000000000000000000, 3.378155142747810141E-15, 5.075305255429250078E-15 ) ) ;
#2842 = CARTESIAN_POINT ( 'NONE',  ( 300.0050219554050841, 343.0786045755444889, 71.00178309324554959 ) ) ;
#2843 = ORIENTED_EDGE ( 'NONE', *, *, #3464, .F. ) ;
#2844 = CARTESIAN_POINT ( 'NONE',  ( 264.4726037499009408, 349.0298387846179367, 65.00000046773459417 ) ) ;
#2845 = VERTEX_POINT ( 'NONE', #6061 ) ;
#2846 = CARTESIAN_POINT ( 'NONE',  ( 270.1641679957360225, 355.6298387846179594, 59.00000046773460838 ) ) ;
#2847 = DIRECTION ( 'NONE',  ( 5.075305255429299776E-15, 0.000000000000000000, -1.000000000000000000 ) ) ;
#2848 = CARTESIAN_POINT ( 'NONE',  ( 264.4726037499009408, 367.4298387846179708, 68.40000046773458564 ) ) ;
#2849 = CARTESIAN_POINT ( 'NONE',  ( 299.6199557626021601, 343.0099970624405046, 70.80306447940093051 ) ) ;
#2850 = CYLINDRICAL_SURFACE ( 'NONE', #6022, 2.000000000000001776 ) ;
#2851 = LINE ( 'NONE', #5484, #3072 ) ;
#2852 = EDGE_LOOP ( 'NONE', ( #4819, #2396, #1628, #1661, #2696, #3045, #2777, #3409 ) ) ;
#2853 = VERTEX_POINT ( 'NONE', #5129 ) ;
#2854 = CARTESIAN_POINT ( 'NONE',  ( 259.0721821771779787, 352.9853766394260219, 69.40000046773458564 ) ) ;
#2855 = B_SPLINE_CURVE_WITH_KNOTS ( 'NONE', 3,
 ( #3401, #684, #1984, #4894 ),
 .UNSPECIFIED., .F., .F.,
 ( 4, 4 ),
 ( 0.000000000000000000, 1.000000000000000000 ),
 .UNSPECIFIED. ) ;
#2856 = ADVANCED_FACE ( 'NONE', ( #2771 ), #2710, .T. ) ;
#2857 = AXIS2_PLACEMENT_3D ( 'NONE', #3919, #5747, #3393 ) ;
#2858 = ORIENTED_EDGE ( 'NONE', *, *, #4874, .T. ) ;
#2859 = CARTESIAN_POINT ( 'NONE',  ( 286.2716764056430065, 350.0298387846179367, 69.40000046773469933 ) ) ;
#2860 = DIRECTION ( 'NONE',  ( -0.7071067811865530128, 0.7071067811865420216, -4.810966440042350793E-15 ) ) ;
#2861 = ORIENTED_EDGE ( 'NONE', *, *, #177, .F. ) ;
#2862 = CIRCLE ( 'NONE', #495, 19.99999999999998224 ) ;
#2863 = PLANE ( 'NONE',  #258 ) ;
#2864 = VECTOR ( 'NONE', #903, 1000.000000000000114 ) ;
#2865 = EDGE_CURVE ( 'NONE', #2901, #1148, #5530, .T. ) ;
#2866 = ADVANCED_FACE ( 'NONE', ( #6026 ), #4597, .T. ) ;
#2867 = CARTESIAN_POINT ( 'NONE',  ( 291.6742315904730276, 350.8671479180679853, 70.33650684115150398 ) ) ;
#2868 = VERTEX_POINT ( 'NONE', #4664 ) ;
#2869 = VERTEX_POINT ( 'NONE', #2739 ) ;
#2870 = VECTOR ( 'NONE', #4002, 1000.000000000000114 ) ;
#2871 = ORIENTED_EDGE ( 'NONE', *, *, #2904, .F. ) ;
#2872 = CARTESIAN_POINT ( 'NONE',  ( 243.4812606540889988, 351.3353287846949797, 69.83075970084489370 ) ) ;
#2873 = EDGE_LOOP ( 'NONE', ( #4912, #3328, #641, #3170 ) ) ;
#2874 = EDGE_CURVE ( 'NONE', #3820, #1140, #4198, .T. ) ;
#2875 = ORIENTED_EDGE ( 'NONE', *, *, #338, .T. ) ;
#2876 = CYLINDRICAL_SURFACE ( 'NONE', #1737, 19.99999999999998224 ) ;
#2877 = CARTESIAN_POINT ( 'NONE',  ( 235.6573420640499705, 344.8036347011870362, 71.00000046773449469 ) ) ;
#2878 = DIRECTION ( 'NONE',  ( 4.135580799816630757E-15, 1.665250005579849882E-16, -1.000000000000000000 ) ) ;
#2879 = DIRECTION ( 'NONE',  ( -0.7675021011300318108, 0.6410464294893049031, 1.923567737863849253E-16 ) ) ;
#2880 =( NAMED_UNIT ( * ) SI_UNIT ( $, .STERADIAN. ) SOLID_ANGLE_UNIT ( ) );
#2881 = DIRECTION ( 'NONE',  ( -0.9731724816812371559, 0.2300767717488711450, -5.551115123125770869E-15 ) ) ;
#2882 = CARTESIAN_POINT ( 'NONE',  ( 292.6356374363219857, 355.8281143903469683, 71.00000046773480733 ) ) ;
#2883 = AXIS2_PLACEMENT_3D ( 'NONE', #5381, #5408, #5761 ) ;
#2884 = CARTESIAN_POINT ( 'NONE',  ( 267.9592223789459240, 365.8440523469911341, 71.00000046773470785 ) ) ;
#2885 = VERTEX_POINT ( 'NONE', #1821 ) ;
#2886 = ORIENTED_EDGE ( 'NONE', *, *, #4149, .T. ) ;
#2887 = CARTESIAN_POINT ( 'NONE',  ( 235.0933184961089921, 347.7201426854809938, 68.00000046773438100 ) ) ;
#2888 = AXIS2_PLACEMENT_3D ( 'NONE', #4031, #2542, #3506 ) ;
#2889 = DIRECTION ( 'NONE',  ( -5.251782877184730349E-15, -4.260546678974800297E-16, 1.000000000000000000 ) ) ;
#2890 = AXIS2_PLACEMENT_3D ( 'NONE', #5773, #5564, #912 ) ;
#2891 = VERTEX_POINT ( 'NONE', #459 ) ;
#2892 = DIRECTION ( 'NONE',  ( -4.135580799816630757E-15, -1.665250005579849882E-16, 1.000000000000000000 ) ) ;
#2893 = B_SPLINE_CURVE_WITH_KNOTS ( 'NONE', 3,
 ( #2398, #79, #3323, #1536, #4757 ),
 .UNSPECIFIED., .F., .F.,
 ( 4, 1, 4 ),
 ( 0.4999813647650699355, 0.5714285714285511908, 1.000000000000000000 ),
 .UNSPECIFIED. ) ;
#2894 = CARTESIAN_POINT ( 'NONE',  ( 294.7182536230270102, 346.4931867881970220, 68.00000046773470785 ) ) ;
#2895 = ORIENTED_EDGE ( 'NONE', *, *, #2904, .T. ) ;
#2896 = CARTESIAN_POINT ( 'NONE',  ( 305.8431457505329831, 337.3578643763390232, 70.87868012417519026 ) ) ;
#2897 = VECTOR ( 'NONE', #3032, 1000.000000000000114 ) ;
#2898 = CARTESIAN_POINT ( 'NONE',  ( 251.3275750174570078, 331.7152706833470006, 68.75702273081900273 ) ) ;
#2899 = VERTEX_POINT ( 'NONE', #4626 ) ;
#2900 = EDGE_CURVE ( 'NONE', #5571, #5556, #1886, .T. ) ;
#2901 = VERTEX_POINT ( 'NONE', #6096 ) ;
#2902 = EDGE_CURVE ( 'NONE', #6059, #5674, #5071, .T. ) ;
#2904 = EDGE_CURVE ( 'NONE', #5041, #4430, #3232, .T. ) ;
#2903 = CARTESIAN_POINT ( 'NONE',  ( 269.3734359413190305, 364.4298387846179708, 69.40000046773469933 ) ) ;
#2905 = VERTEX_POINT ( 'NONE', #2272 ) ;
#2906 = ADVANCED_FACE ( 'NONE', ( #2836 ), #4559, .F. ) ;
#2907 = ORIENTED_EDGE ( 'NONE', *, *, #3569, .T. ) ;
#2908 = CARTESIAN_POINT ( 'NONE',  ( 263.7206653015151119, 353.8286767262844137, 60.25220646799679258 ) ) ;
#2909 = DIRECTION ( 'NONE',  ( 5.551115123125779621E-17, -1.000000000000000000, -5.048709793107170241E-29 ) ) ;
#2910 = CARTESIAN_POINT ( 'NONE',  ( 251.1553743916631447, 331.8820497680272297, 69.90539600651599983 ) ) ;
#2911 = LINE ( 'NONE', #2016, #1078 ) ;
#2912 = CARTESIAN_POINT ( 'NONE',  ( 292.6356374363220425, 353.8281143903469683, 69.40000046773469933 ) ) ;
#2913 = CARTESIAN_POINT ( 'NONE',  ( 286.2716764056430065, 357.0298387846179935, 68.75735978061540266 ) ) ;
#2914 = ORIENTED_EDGE ( 'NONE', *, *, #6122, .T. ) ;
#2915 = CARTESIAN_POINT ( 'NONE',  ( 267.3734359413190305, 358.6298387846179594, 71.00000046773470785 ) ) ;
#2916 = AXIS2_PLACEMENT_3D ( 'NONE', #121, #3599, #230 ) ;
#2917 = EDGE_CURVE ( 'NONE', #4434, #5394, #5558, .T. ) ;
#2918 = ORIENTED_EDGE ( 'NONE', *, *, #3117, .F. ) ;
#2919 = CARTESIAN_POINT ( 'NONE',  ( 300.3336016406530007, 341.6247677991000273, 68.75735978061550213 ) ) ;
#2920 = CARTESIAN_POINT ( 'NONE',  ( 240.5292949281690085, 350.6366506697750083, 71.00000046773449469 ) ) ;
#2921 = DIRECTION ( 'NONE',  ( -0.5254480155638053818, 0.8508257065580815404, -2.392722035830080451E-15 ) ) ;
#2922 = DIRECTION ( 'NONE',  ( -5.075305255429250078E-15, -4.802577686957880628E-29, 1.000000000000000000 ) ) ;
#2923 = ORIENTED_EDGE ( 'NONE', *, *, #5540, .F. ) ;
#2924 = CIRCLE ( 'NONE', #1548, 2.999999999999932054 ) ;
#2925 = CARTESIAN_POINT ( 'NONE',  ( 240.3553174762540152, 350.7735605431969930, 69.36778934459049140 ) ) ;
#2926 = UNCERTAINTY_MEASURE_WITH_UNIT (LENGTH_MEASURE( 1.000000000000000082E-05 ), #5144, 'distance_accuracy_value', 'NONE');
#2927 = CARTESIAN_POINT ( 'NONE',  ( 243.3202420064919806, 351.0366855531760280, 69.80404429169630021 ) ) ;
#2928 = CIRCLE ( 'NONE', #2635, 2.000000000000015543 ) ;
#2929 = VECTOR ( 'NONE', #1223, 1000.000000000000000 ) ;
#2930 = ORIENTED_EDGE ( 'NONE', *, *, #2788, .T. ) ;
#2931 = B_SPLINE_CURVE_WITH_KNOTS ( 'NONE', 3,
 ( #1790, #4174, #3679, #3415, #6067, #2455, #2276, #2348, #6102, #974, #4632, #1339, #2842, #2715, #3206, #2808, #577 ),
 .UNSPECIFIED., .F., .F.,
 ( 4, 2, 1, 2, 2, 2, 2, 2, 4 ),
 ( 0.000000000000000000, 0.1250000000001826594, 0.1875000000003136102, 0.2187500000003634593, 0.2500000000004132805, 0.3750000000004505285, 0.4375000000004064526, 0.5000000000003622658, 1.000000000000000000 ),
 .UNSPECIFIED. ) ;
#2932 = EDGE_CURVE ( 'NONE', #5836, #4670, #1334, .T. ) ;
#2933 = EDGE_CURVE ( 'NONE', #2399, #5041, #4102, .T. ) ;
#2934 = ORIENTED_EDGE ( 'NONE', *, *, #3002, .F. ) ;
#2935 = DIRECTION ( 'NONE',  ( 3.865418436758450516E-29, -5.048709793107170241E-29, 1.000000000000000000 ) ) ;
#2936 = CARTESIAN_POINT ( 'NONE',  ( 267.3734359413190305, 364.4298387846179708, 69.40000046773458564 ) ) ;
#2937 = CARTESIAN_POINT ( 'NONE',  ( 264.4726037499009408, 366.0298387846179935, 68.75735978061520370 ) ) ;
#2938 = CARTESIAN_POINT ( 'NONE',  ( 240.5292949281690085, 350.6366506697750083, 70.54635964766458756 ) ) ;
#2939 = DIRECTION ( 'NONE',  ( 0.7071067811865191510, 0.7071067811865761055, 3.588782762705630604E-15 ) ) ;
#2940 = DIRECTION ( 'NONE',  ( -5.045325939066840090E-15, -4.854366611097640022E-17, 1.000000000000000000 ) ) ;
#2941 = EDGE_CURVE ( 'NONE', #3696, #1257, #5830, .T. ) ;
#2942 = DIRECTION ( 'NONE',  ( -2.537652627714694853E-15, 2.537652627714595062E-15, 1.000000000000000000 ) ) ;
#2943 = ORIENTED_EDGE ( 'NONE', *, *, #3245, .T. ) ;
#2944 = DIRECTION ( 'NONE',  ( -3.865418436758450516E-29, 5.048709793107170241E-29, -1.000000000000000000 ) ) ;
#2945 = EDGE_LOOP ( 'NONE', ( #1791, #1015, #4170, #2000 ) ) ;
#2946 = EDGE_CURVE ( 'NONE', #673, #61, #2984, .T. ) ;
#2947 = CARTESIAN_POINT ( 'NONE',  ( 297.9927945960980082, 342.0770111611399784, 69.37327099895760796 ) ) ;
#2948 = ADVANCED_FACE ( 'NONE', ( #4827 ), #1946, .F. ) ;
#2949 = DIRECTION ( 'NONE',  ( -1.000000000000000000, 0.000000000000000000, -4.625929269271481378E-15 ) ) ;
#2950 = CARTESIAN_POINT ( 'NONE',  ( 288.2716764056430065, 358.3940482511480354, 71.00000046773480733 ) ) ;
#2951 = CARTESIAN_POINT ( 'NONE',  ( 259.9213142100620644, 354.2767277651020095, 71.00000046773470785 ) ) ;
#2952 = B_SPLINE_CURVE_WITH_KNOTS ( 'NONE', 3,
 ( #3356, #2405, #4289, #3450 ),
 .UNSPECIFIED., .F., .F.,
 ( 4, 4 ),
 ( 0.000000000000000000, 1.000000000000000000 ),
 .UNSPECIFIED. ) ;
#2953 = CIRCLE ( 'NONE', #4036, 1.999999999999989786 ) ;
#2954 = FACE_OUTER_BOUND ( 'NONE', #2257, .T. ) ;
#2955 = ORIENTED_EDGE ( 'NONE', *, *, #4294, .F. ) ;
#2956 = AXIS2_PLACEMENT_3D ( 'NONE', #3099, #1322, #2639 ) ;
#2957 = DIRECTION ( 'NONE',  ( 0.2023250242856306780, -0.9793184285756185714, 0.000000000000000000 ) ) ;
#2958 = CARTESIAN_POINT ( 'NONE',  ( 242.7372027299350066, 350.6709724850130101, 68.75735978061510423 ) ) ;
#2959 = ORIENTED_EDGE ( 'NONE', *, *, #4067, .F. ) ;
#2960 = ORIENTED_EDGE ( 'NONE', *, *, #964, .T. ) ;
#2961 = CARTESIAN_POINT ( 'NONE',  ( 263.6740813963809842, 353.8129964273217070, 60.22200492930383575 ) ) ;
#2962 = CARTESIAN_POINT ( 'NONE',  ( 285.8574628432700138, 349.0298387846179367, 70.50000046773480733 ) ) ;
#2963 = CARTESIAN_POINT ( 'NONE',  ( 254.7149772738709999, 342.0523507659129905, 68.40000046773458564 ) ) ;
#2964 = AXIS2_PLACEMENT_3D ( 'NONE', #3536, #5950, #2112 ) ;
#2965 = CARTESIAN_POINT ( 'NONE',  ( 250.8148636617720229, 359.8106613731370089, 71.00000046773459417 ) ) ;
#2966 = DIRECTION ( 'NONE',  ( -3.865418436758450516E-29, 5.048709793107170241E-29, -1.000000000000000000 ) ) ;
#2967 = FACE_OUTER_BOUND ( 'NONE', #1914, .T. ) ;
#2968 = CARTESIAN_POINT ( 'NONE',  ( 293.3197897743892213, 367.0454896685880612, 70.50000046773484996 ) ) ;
#2969 = ORIENTED_EDGE ( 'NONE', *, *, #1440, .F. ) ;
#2970 = EDGE_CURVE ( 'NONE', #340, #1424, #552, .T. ) ;
#2971 = DIRECTION ( 'NONE',  ( -0.6410464294893108983, -0.7675021011300268148, 2.023276804839069266E-16 ) ) ;
#2972 = CARTESIAN_POINT ( 'NONE',  ( 242.0103883833082818, 350.4355925177727613, 68.75735978061509002 ) ) ;
#2973 = EDGE_CURVE ( 'NONE', #2514, #2522, #143, .T. ) ;
#2974 = EDGE_CURVE ( 'NONE', #1945, #771, #4754, .T. ) ;
#2975 = ORIENTED_EDGE ( 'NONE', *, *, #2531, .F. ) ;
#2976 = CARTESIAN_POINT ( 'NONE',  ( 291.2036194940040446, 350.8597652109739897, 69.52337129510651437 ) ) ;
#2977 = FACE_OUTER_BOUND ( 'NONE', #406, .T. ) ;
#2978 = ORIENTED_EDGE ( 'NONE', *, *, #191, .T. ) ;
#2979 = AXIS2_PLACEMENT_3D ( 'NONE', #3256, #2669, #381 ) ;
#2980 = AXIS2_PLACEMENT_3D ( 'NONE', #4300, #65, #5298 ) ;
#2981 = VECTOR ( 'NONE', #4870, 1000.000000000000000 ) ;
#2982 = CARTESIAN_POINT ( 'NONE',  ( 264.4726037499009408, 349.0298387846179367, 69.40000046773458564 ) ) ;
#2983 = ORIENTED_EDGE ( 'NONE', *, *, #46, .F. ) ;
#2984 = LINE ( 'NONE', #5803, #3357 ) ;
#2985 = CIRCLE ( 'NONE', #1910, 1.699999999999979305 ) ;
#2986 = ORIENTED_EDGE ( 'NONE', *, *, #3512, .T. ) ;
#2987 = CARTESIAN_POINT ( 'NONE',  ( 264.9734359413189964, 355.7525205414079892, 69.40000046773458564 ) ) ;
#2988 = EDGE_CURVE ( 'NONE', #6062, #4587, #600, .T. ) ;
#2989 = ORIENTED_EDGE ( 'NONE', *, *, #1407, .T. ) ;
#2990 = ORIENTED_EDGE ( 'NONE', *, *, #3690, .T. ) ;
#2991 = DIRECTION ( 'NONE',  ( -0.7071067811865490160, 0.7071067811865460184, -4.786294817272900591E-15 ) ) ;
#2992 = ORIENTED_EDGE ( 'NONE', *, *, #5702, .F. ) ;
#2993 = CARTESIAN_POINT ( 'NONE',  ( 291.6848000941750456, 350.2735693455780392, 68.75735978061540266 ) ) ;
#2994 = CARTESIAN_POINT ( 'NONE',  ( 258.7145304338959590, 353.1645001457779927, 68.75735978061531739 ) ) ;
#2995 = CARTESIAN_POINT ( 'NONE',  ( 252.4375803948919952, 335.8943476997710036, 70.87868012417489183 ) ) ;
#2996 = DIRECTION ( 'NONE',  ( -5.067835103561290491E-15, 1.803454195256859651E-17, 1.000000000000000000 ) ) ;
#2997 = CARTESIAN_POINT ( 'NONE',  ( 285.9834654951159791, 366.4298387846179708, 69.40000046773469933 ) ) ;
#2998 = DIRECTION ( 'NONE',  ( -5.074110483458020531E-15, -1.934620888291634981E-18, 1.000000000000000000 ) ) ;
#2999 = ORIENTED_EDGE ( 'NONE', *, *, #97, .F. ) ;
#3000 = DIRECTION ( 'NONE',  ( 5.551115123125779621E-17, -1.000000000000000000, -5.048709793107170241E-29 ) ) ;
#3001 = DIRECTION ( 'NONE',  ( 3.865418436758450516E-29, -5.048709793107170241E-29, 1.000000000000000000 ) ) ;
#3002 = EDGE_CURVE ( 'NONE', #5400, #3062, #2380, .T. ) ;
#3003 = EDGE_CURVE ( 'NONE', #5678, #1483, #1463, .T. ) ;
#3004 = EDGE_LOOP ( 'NONE', ( #1863, #5342, #5410, #510 ) ) ;
#3005 = CARTESIAN_POINT ( 'NONE',  ( 277.8251968995009520, 345.0752022981990308, 69.40000046773469933 ) ) ;
#3006 = DIRECTION ( 'NONE',  ( -0.5254480155638053818, 0.8508257065580817624, -2.639796593877750544E-15 ) ) ;
#3007 = EDGE_CURVE ( 'NONE', #2103, #4953, #1197, .T. ) ;
#3008 = AXIS2_PLACEMENT_3D ( 'NONE', #1341, #2278, #5154 ) ;
#3009 = CARTESIAN_POINT ( 'NONE',  ( 272.9395524668809685, 348.3201842494089533, 68.00000046773459417 ) ) ;
#3010 = ORIENTED_EDGE ( 'NONE', *, *, #713, .F. ) ;
#3011 = B_SPLINE_CURVE_WITH_KNOTS ( 'NONE', 3,
 ( #5413, #5476, #2660, #855, #337, #3619, #5507, #5052, #4991, #3094, #820, #5910, #758, #5973, #2634, #2163, #2693, #4117, #6006, #4512, #3589, #3654, #1675, #5538, #4053, #252, #5940, #5082, #2723, #4545 ),
 .UNSPECIFIED., .F., .F.,
 ( 4, 2, 2, 2, 1, 1, 1, 1, 2, 2, 2, 2, 2, 1, 1, 2, 2, 4 ),
 ( 0.000000000000000000, 0.2499999999932062122, 0.3749999999897958292, 0.4374999999880668788, 0.4687499999871944656, 0.4843749999867652534, 0.4921874999865506473, 0.4960937499864495615, 0.4980468749864193634, 0.4999999999863891653, 0.6249999999901406644, 0.6874999999920164973, 0.7187499999929676253, 0.7343749999934331418, 0.7421874999936564077, 0.7460937499937588813, 0.7499999999938613549, 1.000000000000000000 ),
 .UNSPECIFIED. ) ;
#3012 = CARTESIAN_POINT ( 'NONE',  ( 250.6344907705019693, 332.2941605407049792, 70.87868012417489183 ) ) ;
#3013 = ORIENTED_EDGE ( 'NONE', *, *, #4676, .T. ) ;
#3014 = CARTESIAN_POINT ( 'NONE',  ( 285.9834654951159791, 366.4298387846179708, 69.40000046773469933 ) ) ;
#3015 = AXIS2_PLACEMENT_3D ( 'NONE', #3137, #6057, #4130 ) ;
#3016 = ORIENTED_EDGE ( 'NONE', *, *, #2547, .T. ) ;
#3017 = ORIENTED_EDGE ( 'NONE', *, *, #1888, .T. ) ;
#3018 = DIRECTION ( 'NONE',  ( 0.7071067811865761055, -0.7071067811865191510, -6.303240519704389105E-29 ) ) ;
#3019 = ORIENTED_EDGE ( 'NONE', *, *, #3771, .F. ) ;
#3020 = EDGE_CURVE ( 'NONE', #4368, #4915, #2952, .T. ) ;
#3021 = CARTESIAN_POINT ( 'NONE',  ( 292.0664170069260308, 347.9717280738739760, 70.14658359500769791 ) ) ;
#3022 = CYLINDRICAL_SURFACE ( 'NONE', #5102, 2.999999999999987566 ) ;
#3023 = DIRECTION ( 'NONE',  ( -5.075305255429250078E-15, -5.037440351604009887E-29, 1.000000000000000000 ) ) ;
#3024 = CARTESIAN_POINT ( 'NONE',  ( 293.6267050204709790, 340.5933120735729744, 67.80000046773470501 ) ) ;
#3025 = CYLINDRICAL_SURFACE ( 'NONE', #5844, 2.000000000000009326 ) ;
#3026 = ORIENTED_EDGE ( 'NONE', *, *, #1648, .F. ) ;
#3027 = CARTESIAN_POINT ( 'NONE',  ( 251.3332745574020066, 363.8838133574839730, 59.00000046773460838 ) ) ;
#3028 = CARTESIAN_POINT ( 'NONE',  ( 264.4726037499009408, 349.0298387846179367, 68.75735978061531739 ) ) ;
#3029 = CARTESIAN_POINT ( 'NONE',  ( 264.9734359413189964, 350.0298387846179367, 70.50000046773459417 ) ) ;
#3030 = CIRCLE ( 'NONE', #4122, 2.000000000000016431 ) ;
#3031 = VERTEX_POINT ( 'NONE', #580 ) ;
#3032 = DIRECTION ( 'NONE',  ( -0.4478087658801208071, -0.8941293582032316944, -3.157967714489333984E-15 ) ) ;
#3033 = CARTESIAN_POINT ( 'NONE',  ( 264.9734359413189964, 350.0298387846179367, 69.40000046773458564 ) ) ;
#3034 = ADVANCED_FACE ( 'NONE', ( #2461 ), #4346, .F. ) ;
#3035 = DIRECTION ( 'NONE',  ( 1.000000000000000000, 5.551115123125779621E-17, -3.865418436758450516E-29 ) ) ;
#3036 = CYLINDRICAL_SURFACE ( 'NONE', #5269, 2.999999999999984901 ) ;
#3037 = ORIENTED_EDGE ( 'NONE', *, *, #5446, .T. ) ;
#3038 = CARTESIAN_POINT ( 'NONE',  ( 241.0802409088780109, 347.4403311415769622, 67.80000046773470501 ) ) ;
#3039 = VERTEX_POINT ( 'NONE', #1682 ) ;
#3040 = DIRECTION ( 'NONE',  ( 1.947500853827400110E-15, 2.468076526918295445E-15, -1.000000000000000000 ) ) ;
#3041 = DIRECTION ( 'NONE',  ( 5.921189464667460002E-15, 5.081578997491380000E-29, -1.000000000000000000 ) ) ;
#3042 = ADVANCED_FACE ( 'NONE', ( #5421 ), #1231, .T. ) ;
#3043 = VECTOR ( 'NONE', #4822, 999.9999999999998863 ) ;
#3044 = ADVANCED_FACE ( 'NONE', ( #261 ), #3563, .T. ) ;
#3045 = ORIENTED_EDGE ( 'NONE', *, *, #1415, .T. ) ;
#3046 = LINE ( 'NONE', #491, #2562 ) ;
#3047 = CIRCLE ( 'NONE', #3253, 4.878679656440305656 ) ;
#3048 = ORIENTED_EDGE ( 'NONE', *, *, #2137, .T. ) ;
#3049 = DIRECTION ( 'NONE',  ( -3.865418436758455560E-29, 5.048709793107170241E-29, -1.000000000000000000 ) ) ;
#3050 = DIRECTION ( 'NONE',  ( -3.865418436758450516E-29, 5.048709793107170241E-29, -1.000000000000000000 ) ) ;
#3051 = CARTESIAN_POINT ( 'NONE',  ( 291.2225419644369708, 342.9974751296069826, 68.00000046773470785 ) ) ;
#3052 = EDGE_CURVE ( 'NONE', #1660, #5117, #4429, .T. ) ;
#3053 = ORIENTED_EDGE ( 'NONE', *, *, #1284, .F. ) ;
#3054 = DIRECTION ( 'NONE',  ( -3.865418436758450516E-29, 5.048709793107170241E-29, -1.000000000000000000 ) ) ;
#3055 = ORIENTED_EDGE ( 'NONE', *, *, #990, .F. ) ;
#3056 = FACE_OUTER_BOUND ( 'NONE', #3602, .T. ) ;
#3057 = AXIS2_PLACEMENT_3D ( 'NONE', #4734, #970, #5164 ) ;
#3058 = CARTESIAN_POINT ( 'NONE',  ( 294.1724793217489946, 343.5432494308849982, 65.00000046773469364 ) ) ;
#3059 = CARTESIAN_POINT ( 'NONE',  ( 281.8716764056430293, 358.6298387846179594, 71.00000046773470785 ) ) ;
#3060 = CARTESIAN_POINT ( 'NONE',  ( 297.4735121930480091, 341.6609152462619932, 71.00000046773470785 ) ) ;
#3061 = CONICAL_SURFACE ( 'NONE', #1987, 17.89999999999997371, 0.7853981633974377319 ) ;
#3062 = VERTEX_POINT ( 'NONE', #1598 ) ;
#3063 = LINE ( 'NONE', #4963, #2007 ) ;
#3064 = CARTESIAN_POINT ( 'NONE',  ( 269.3734359413190305, 366.4298387846179708, 71.00000046773470785 ) ) ;
#3065 = CARTESIAN_POINT ( 'NONE',  ( 255.2514548887929777, 341.7836655063849776, 71.00000046773459417 ) ) ;
#3066 = AXIS2_PLACEMENT_3D ( 'NONE', #2102, #5875, #2017 ) ;
#3067 = FACE_OUTER_BOUND ( 'NONE', #2030, .T. ) ;
#3068 = CIRCLE ( 'NONE', #3872, 3.000000000000002665 ) ;
#3069 = CONICAL_SURFACE ( 'NONE', #4961, 4.499999999999996447, 0.7853981633974362886 ) ;
#3070 = CARTESIAN_POINT ( 'NONE',  ( 266.1328989089290076, 345.6316960581830244, 67.80000046773470501 ) ) ;
#3071 = CARTESIAN_POINT ( 'NONE',  ( 300.5306643749619866, 342.0835683475120277, 70.39202388604360294 ) ) ;
#3072 = VECTOR ( 'NONE', #4867, 999.9999999999998863 ) ;
#3073 = EDGE_CURVE ( 'NONE', #4548, #2620, #4646, .T. ) ;
#3074 = VERTEX_POINT ( 'NONE', #3038 ) ;
#3075 = EDGE_LOOP ( 'NONE', ( #4104, #2501, #5510, #2747, #671 ) ) ;
#3076 = VECTOR ( 'NONE', #5887, 1000.000000000000000 ) ;
#3077 = CARTESIAN_POINT ( 'NONE',  ( 262.9734359413189964, 358.3940482511480354, 71.00000046773470785 ) ) ;
#3078 = ORIENTED_EDGE ( 'NONE', *, *, #4025, .T. ) ;
#3079 = DIRECTION ( 'NONE',  ( 3.865418436758450516E-29, -5.048709793107170241E-29, 1.000000000000000000 ) ) ;
#3080 = EDGE_CURVE ( 'NONE', #5889, #3696, #4937, .T. ) ;
#3081 = ORIENTED_EDGE ( 'NONE', *, *, #4188, .T. ) ;
#3082 = EDGE_CURVE ( 'NONE', #4042, #4534, #229, .T. ) ;
#3083 = CARTESIAN_POINT ( 'NONE',  ( 264.9734359413189964, 364.3566941659969984, 71.00000046773459417 ) ) ;
#3084 = PLANE ( 'NONE',  #3641 ) ;
#3085 = ADVANCED_FACE ( 'NONE', ( #3067 ), #5485, .T. ) ;
#3086 = CARTESIAN_POINT ( 'NONE',  ( 283.8716764056430293, 355.7525205414079892, 69.40000046773469933 ) ) ;
#3087 = VECTOR ( 'NONE', #4490, 1000.000000000000114 ) ;
#3088 = ORIENTED_EDGE ( 'NONE', *, *, #318, .F. ) ;
#3089 = AXIS2_PLACEMENT_3D ( 'NONE', #3124, #2658, #3650 ) ;
#3090 = LINE ( 'NONE', #3986, #1556 ) ;
#3091 = ORIENTED_EDGE ( 'NONE', *, *, #3892, .F. ) ;
#3092 = DIRECTION ( 'NONE',  ( 0.000000000000000000, -0.8164965809277379138, -0.5773502691896089667 ) ) ;
#3093 = DIRECTION ( 'NONE',  ( -0.7850344385868762709, -0.6194521210171033410, 0.000000000000000000 ) ) ;
#3094 = CARTESIAN_POINT ( 'NONE',  ( 241.8330785016777895, 349.9454031861301360, 71.00058292041435948 ) ) ;
#3095 = ORIENTED_EDGE ( 'NONE', *, *, #4725, .T. ) ;
#3096 = DIRECTION ( 'NONE',  ( 4.135580799816630757E-15, 1.665250005579849882E-16, -1.000000000000000000 ) ) ;
#3097 = EDGE_CURVE ( 'NONE', #1186, #4009, #3259, .T. ) ;
#3098 = CARTESIAN_POINT ( 'NONE',  ( 299.1043002489849982, 343.0066643985130099, 71.00000046774189855 ) ) ;
#3099 = CARTESIAN_POINT ( 'NONE',  ( 264.9734359413189964, 350.0298387846179367, 65.00000046773459417 ) ) ;
#3100 = DIRECTION ( 'NONE',  ( -0.6532814824381908414, -0.6532814824381723007, 0.3826834323651126524 ) ) ;
#3101 = EDGE_LOOP ( 'NONE', ( #3592, #5230, #5331, #4825 ) ) ;
#3102 = DIRECTION ( 'NONE',  ( 0.000000000000000000, -1.000000000000000000, -5.048709793107170241E-29 ) ) ;
#3103 = ORIENTED_EDGE ( 'NONE', *, *, #1513, .F. ) ;
#3104 = CARTESIAN_POINT ( 'NONE',  ( 264.5435048184928064, 357.1551440091138829, 71.00000046773470785 ) ) ;
#3105 = AXIS2_PLACEMENT_3D ( 'NONE', #2844, #882, #3769 ) ;
#3106 = FACE_OUTER_BOUND ( 'NONE', #5621, .T. ) ;
#3107 = ORIENTED_EDGE ( 'NONE', *, *, #5191, .F. ) ;
#3108 = ORIENTED_EDGE ( 'NONE', *, *, #3193, .F. ) ;
#3109 = DIRECTION ( 'NONE',  ( -0.7071067811865475727, -0.7071067811865475727, -6.938893903907252832E-15 ) ) ;
#3110 = AXIS2_PLACEMENT_3D ( 'NONE', #1180, #714, #3490 ) ;
#3111 = ORIENTED_EDGE ( 'NONE', *, *, #5363, .T. ) ;
#3112 = CARTESIAN_POINT ( 'NONE',  ( 292.6356374363219857, 355.8281143903469683, 69.40000046773469933 ) ) ;
#3113 = ORIENTED_EDGE ( 'NONE', *, *, #3883, .T. ) ;
#3114 = CYLINDRICAL_SURFACE ( 'NONE', #453, 2.000000000000016431 ) ;
#3115 = CARTESIAN_POINT ( 'NONE',  ( 292.3267136774377377, 349.6822394011569486, 71.00034703290960181 ) ) ;
#3116 = VECTOR ( 'NONE', #1112, 1000.000000000000000 ) ;
#3117 = EDGE_CURVE ( 'NONE', #2584, #5316, #3299, .T. ) ;
#3118 = DIRECTION ( 'NONE',  ( -5.551115123125779621E-17, 1.000000000000000000, 5.048709793107170241E-29 ) ) ;
#3119 = EDGE_LOOP ( 'NONE', ( #4268, #3518, #1031, #4509, #6112, #992, #2035, #5833 ) ) ;
#3120 = CARTESIAN_POINT ( 'NONE',  ( 298.2833110235911249, 342.5582655358851412, 70.99971251094056868 ) ) ;
#3121 = ORIENTED_EDGE ( 'NONE', *, *, #5618, .T. ) ;
#3122 = AXIS2_PLACEMENT_3D ( 'NONE', #5502, #218, #5019 ) ;
#3123 = CARTESIAN_POINT ( 'NONE',  ( 250.3497322633779731, 364.3764029999520062, 70.50000046773459417 ) ) ;
#3124 = CARTESIAN_POINT ( 'NONE',  ( 289.0672605712339873, 348.6484681814000055, 68.00000046773470785 ) ) ;
#3125 = LINE ( 'NONE', #1285, #2929 ) ;
#3126 = EDGE_CURVE ( 'NONE', #3914, #4495, #2640, .T. ) ;
#3127 = CARTESIAN_POINT ( 'NONE',  ( 296.5766423777830028, 343.5432494308849982, 68.00000046773470785 ) ) ;
#3128 = VECTOR ( 'NONE', #40, 1000.000000000000000 ) ;
#3129 = AXIS2_PLACEMENT_3D ( 'NONE', #2787, #4182, #2881 ) ;
#3130 = DIRECTION ( 'NONE',  ( 5.075305255429250078E-15, 5.076883396865070006E-29, -1.000000000000000000 ) ) ;
#3131 = DIRECTION ( 'NONE',  ( -0.4999999999999940048, -0.5000000000000190958, 0.7071067811865381358 ) ) ;
#3132 = DIRECTION ( 'NONE',  ( -1.000000000000000000, 0.000000000000000000, 0.000000000000000000 ) ) ;
#3133 = EDGE_CURVE ( 'NONE', #4794, #4984, #1011, .T. ) ;
#3134 = LINE ( 'NONE', #5922, #1982 ) ;
#3135 = EDGE_LOOP ( 'NONE', ( #1391, #1236, #2871, #5204 ) ) ;
#3136 = CARTESIAN_POINT ( 'NONE',  ( 262.9734359413189964, 358.3940482511480354, 69.40000046773469933 ) ) ;
#3137 = CARTESIAN_POINT ( 'NONE',  ( 264.9734359413189964, 366.4298387846179708, 71.00000046773459417 ) ) ;
#3138 = VERTEX_POINT ( 'NONE', #2173 ) ;
#3139 = EDGE_LOOP ( 'NONE', ( #2735, #4572, #42, #824 ) ) ;
#3140 = ORIENTED_EDGE ( 'NONE', *, *, #3385, .T. ) ;
#3141 = CARTESIAN_POINT ( 'NONE',  ( 285.8574628432700138, 349.0298387846179367, 68.75735978061550213 ) ) ;
#3142 = ORIENTED_EDGE ( 'NONE', *, *, #1369, .T. ) ;
#3143 = CIRCLE ( 'NONE', #4136, 5.600000000000017408 ) ;
#3144 = DIRECTION ( 'NONE',  ( 0.7850344385869003627, -0.6194521210170726988, 0.000000000000000000 ) ) ;
#3145 = CARTESIAN_POINT ( 'NONE',  ( 292.2022385484208939, 350.4757202298404763, 71.00000165236723149 ) ) ;
#3146 = CARTESIAN_POINT ( 'NONE',  ( 253.5517264762829939, 368.3133447592089738, 65.00000046773459417 ) ) ;
#3147 = ORIENTED_EDGE ( 'NONE', *, *, #1665, .T. ) ;
#3148 = VECTOR ( 'NONE', #1825, 1000.000000000000000 ) ;
#3149 = CARTESIAN_POINT ( 'NONE',  ( 251.4891013125549648, 356.7832276465549626, 71.00000046773459417 ) ) ;
#3150 = ORIENTED_EDGE ( 'NONE', *, *, #6086, .T. ) ;
#3151 = AXIS2_PLACEMENT_3D ( 'NONE', #4150, #6043, #3217 ) ;
#3152 = CARTESIAN_POINT ( 'NONE',  ( 264.4726037499009408, 349.0298387846179367, 70.87868012417499131 ) ) ;
#3153 = FACE_OUTER_BOUND ( 'NONE', #5127, .T. ) ;
#3154 = EDGE_CURVE ( 'NONE', #1177, #2761, #807, .T. ) ;
#3155 = ORIENTED_EDGE ( 'NONE', *, *, #3746, .F. ) ;
#3156 = CARTESIAN_POINT ( 'NONE',  ( 264.4726037499009408, 368.1511591281770279, 70.87868012417499131 ) ) ;
#3157 = ORIENTED_EDGE ( 'NONE', *, *, #950, .F. ) ;
#3158 = DIRECTION ( 'NONE',  ( -0.7071067811865530128, 0.7071067811865420216, -4.810966440042350793E-15 ) ) ;
#3159 = EDGE_CURVE ( 'NONE', #2126, #2738, #3134, .T. ) ;
#3160 = ADVANCED_FACE ( 'NONE', ( #4402 ), #3974, .F. ) ;
#3161 = VECTOR ( 'NONE', #1429, 1000.000000000000000 ) ;
#3162 = FACE_OUTER_BOUND ( 'NONE', #2164, .T. ) ;
#3163 = CARTESIAN_POINT ( 'NONE',  ( 264.9734359413189964, 350.0298387846179367, 71.00000046773459417 ) ) ;
#3164 = CARTESIAN_POINT ( 'NONE',  ( 310.9644660940929839, 350.9644660941369239, 70.87868012417519026 ) ) ;
#3165 = EDGE_LOOP ( 'NONE', ( #4449, #2776, #3598, #5707, #3268, #544, #926 ) ) ;
#3166 = CARTESIAN_POINT ( 'NONE',  ( 242.0834310484574701, 345.7217658718836901, 80.47149331572498454 ) ) ;
#3167 = CARTESIAN_POINT ( 'NONE',  ( 285.8574628432700138, 349.0298387846179367, 59.00000046773470075 ) ) ;
#3168 = AXIS2_PLACEMENT_3D ( 'NONE', #5329, #1642, #3493 ) ;
#3169 = ORIENTED_EDGE ( 'NONE', *, *, #5255, .F. ) ;
#3170 = ORIENTED_EDGE ( 'NONE', *, *, #4654, .T. ) ;
#3171 = FACE_OUTER_BOUND ( 'NONE', #2488, .T. ) ;
#3172 = ORIENTED_EDGE ( 'NONE', *, *, #599, .T. ) ;
#3173 = DIRECTION ( 'NONE',  ( 0.7071067811865558994, 0.7071067811865392461, 0.000000000000000000 ) ) ;
#3174 = ORIENTED_EDGE ( 'NONE', *, *, #5255, .T. ) ;
#3175 = CARTESIAN_POINT ( 'NONE',  ( 243.8780437998750870, 350.3379849712018768, 71.00000046773449469 ) ) ;
#3176 = EDGE_CURVE ( 'NONE', #619, #583, #3944, .T. ) ;
#3177 = CIRCLE ( 'NONE', #520, 17.39999999999998792 ) ;
#3178 = CARTESIAN_POINT ( 'NONE',  ( 285.8574628432700138, 368.8014773821519157, 69.90541007771064130 ) ) ;
#3179 = LINE ( 'NONE', #3984, #3680 ) ;
#3180 = ORIENTED_EDGE ( 'NONE', *, *, #2249, .T. ) ;
#3181 = VERTEX_POINT ( 'NONE', #3012 ) ;
#3182 = DIRECTION ( 'NONE',  ( -1.000000000000000000, 0.000000000000000000, -4.625929269271481378E-15 ) ) ;
#3183 = LINE ( 'NONE', #4240, #164 ) ;
#3184 = AXIS2_PLACEMENT_3D ( 'NONE', #5310, #2892, #78 ) ;
#3185 = CYLINDRICAL_SURFACE ( 'NONE', #5892, 1.700000000000007061 ) ;
#3186 = ORIENTED_EDGE ( 'NONE', *, *, #914, .T. ) ;
#3187 = LINE ( 'NONE', #5542, #2765 ) ;
#3188 = VERTEX_POINT ( 'NONE', #4911 ) ;
#3189 = CARTESIAN_POINT ( 'NONE',  ( 251.2346906620063862, 331.7930618170753405, 69.61867502070106184 ) ) ;
#3190 = DIRECTION ( 'NONE',  ( -1.000000000000000000, 0.000000000000000000, -4.625929269271481378E-15 ) ) ;
#3191 = LINE ( 'NONE', #1774, #590 ) ;
#3192 = EDGE_CURVE ( 'NONE', #4141, #5674, #5429, .T. ) ;
#3193 = EDGE_CURVE ( 'NONE', #30, #4427, #4153, .T. ) ;
#3194 = ORIENTED_EDGE ( 'NONE', *, *, #3807, .F. ) ;
#3195 = CARTESIAN_POINT ( 'NONE',  ( 281.8716764056430293, 356.6298387846179594, 71.00000046773470785 ) ) ;
#3196 = CARTESIAN_POINT ( 'NONE',  ( 241.2007714932209979, 350.0759292213759863, 71.19680377627020107 ) ) ;
#3197 = DIRECTION ( 'NONE',  ( 5.325766498111130543E-15, -1.000000000000000000, -2.373894327159819883E-29 ) ) ;
#3198 = CARTESIAN_POINT ( 'NONE',  ( 288.4062638400429819, 354.7947462868290245, 70.87868012417510499 ) ) ;
#3199 = ORIENTED_EDGE ( 'NONE', *, *, #3879, .T. ) ;
#3200 = VERTEX_POINT ( 'NONE', #372 ) ;
#3201 = CARTESIAN_POINT ( 'NONE',  ( 251.3381690582570229, 331.7368095386319737, 68.75724742971220849 ) ) ;
#3202 = ORIENTED_EDGE ( 'NONE', *, *, #2330, .T. ) ;
#3203 = VECTOR ( 'NONE', #4557, 1000.000000000000114 ) ;
#3204 = DIRECTION ( 'NONE',  ( 0.7675021011300342533, -0.6410464294893021275, 3.895307447418221009E-15 ) ) ;
#3205 = DIRECTION ( 'NONE',  ( 0.3826834323650836756, 0.9238795325112892920, 3.469446951953620894E-15 ) ) ;
#3206 = CARTESIAN_POINT ( 'NONE',  ( 299.6753837178230242, 343.1400321016640191, 71.00177574927347735 ) ) ;
#3207 = CIRCLE ( 'NONE', #4808, 3.000000000000002665 ) ;
#3208 = EDGE_LOOP ( 'NONE', ( #1020, #316, #1894, #1206 ) ) ;
#3209 = EDGE_CURVE ( 'NONE', #5780, #4831, #2294, .T. ) ;
#3210 = VERTEX_POINT ( 'NONE', #2229 ) ;
#3211 = EDGE_CURVE ( 'NONE', #1296, #6062, #1711, .T. ) ;
#3212 = DIRECTION ( 'NONE',  ( -0.7071067811865489050, 0.7071067811865460184, -2.806546270563589545E-15 ) ) ;
#3213 = PLANE ( 'NONE',  #3375 ) ;
#3214 = LINE ( 'NONE', #471, #4215 ) ;
#3215 = CIRCLE ( 'NONE', #861, 19.00000000000000000 ) ;
#3216 = DIRECTION ( 'NONE',  ( -1.947500853827580365E-15, 2.468076526918235491E-15, 1.000000000000000000 ) ) ;
#3217 = DIRECTION ( 'NONE',  ( 0.000000000000000000, -1.000000000000000000, -5.048709793107170241E-29 ) ) ;
#3218 = ORIENTED_EDGE ( 'NONE', *, *, #1684, .T. ) ;
#3219 = DIRECTION ( 'NONE',  ( 1.000000000000000000, 5.551115123125779621E-17, -1.674765289262570396E-14 ) ) ;
#3220 = EDGE_LOOP ( 'NONE', ( #904, #1604, #3297, #2206 ) ) ;
#3221 = DIRECTION ( 'NONE',  ( -4.439502732829730801E-15, 3.255971232964709782E-16, 1.000000000000000000 ) ) ;
#3222 = CARTESIAN_POINT ( 'NONE',  ( 238.0933184961089921, 347.7201426854809938, 71.00000046773449469 ) ) ;
#3223 = LINE ( 'NONE', #830, #5136 ) ;
#3224 = ORIENTED_EDGE ( 'NONE', *, *, #2203, .F. ) ;
#3225 = DIRECTION ( 'NONE',  ( -0.9760862754457416690, -0.2173834926724194094, 0.000000000000000000 ) ) ;
#3226 = CARTESIAN_POINT ( 'NONE',  ( 255.3298082790906847, 363.8342060787285845, 69.40000046773454301 ) ) ;
#3227 = ORIENTED_EDGE ( 'NONE', *, *, #5173, .F. ) ;
#3228 = DIRECTION ( 'NONE',  ( -5.075305255429250078E-15, -4.935982622706720408E-29, 1.000000000000000000 ) ) ;
#3229 = ORIENTED_EDGE ( 'NONE', *, *, #2043, .T. ) ;
#3230 = EDGE_CURVE ( 'NONE', #6060, #1829, #1739, .T. ) ;
#3231 = ORIENTED_EDGE ( 'NONE', *, *, #3080, .T. ) ;
#3232 = LINE ( 'NONE', #5589, #3161 ) ;
#3233 = ORIENTED_EDGE ( 'NONE', *, *, #486, .F. ) ;
#3234 = EDGE_CURVE ( 'NONE', #2323, #458, #911, .T. ) ;
#3236 = EDGE_CURVE ( 'NONE', #2604, #3261, #4613, .T. ) ;
#3235 = DIRECTION ( 'NONE',  ( 5.075305255429250078E-15, 5.076883396865070006E-29, -1.000000000000000000 ) ) ;
#3237 = PLANE ( 'NONE',  #3941 ) ;
#3238 = FACE_OUTER_BOUND ( 'NONE', #634, .T. ) ;
#3239 = ORIENTED_EDGE ( 'NONE', *, *, #5813, .T. ) ;
#3240 = ORIENTED_EDGE ( 'NONE', *, *, #667, .T. ) ;
#3241 = DIRECTION ( 'NONE',  ( -5.075305255429250078E-15, -4.997997306342960417E-29, 1.000000000000000000 ) ) ;
#3242 = CARTESIAN_POINT ( 'NONE',  ( 238.3082931378989997, 345.3256101834280116, 68.00000046773470785 ) ) ;
#3243 = DIRECTION ( 'NONE',  ( 1.302395902513797136E-07, -0.9999999999999914513, -3.350426446287591165E-18 ) ) ;
#3244 = PRESENTATION_STYLE_ASSIGNMENT (( #4274 ) ) ;
#3245 = EDGE_CURVE ( 'NONE', #3987, #4661, #834, .T. ) ;
#3246 = DIRECTION ( 'NONE',  ( 4.867545526251600400E-15, 1.005624154589594129E-15, -1.000000000000000000 ) ) ;
#3247 = AXIS2_PLACEMENT_3D ( 'NONE', #2569, #1260, #638 ) ;
#3248 = DIRECTION ( 'NONE',  ( -0.7071067811865480168, 0.7071067811865470176, 6.303240519704420494E-29 ) ) ;
#3249 = AXIS2_PLACEMENT_3D ( 'NONE', #952, #3248, #5726 ) ;
#3250 = ORIENTED_EDGE ( 'NONE', *, *, #2932, .T. ) ;
#3251 = CARTESIAN_POINT ( 'NONE',  ( 262.7787388233210208, 366.3471948648769967, 69.40000046773458564 ) ) ;
#3252 = DIRECTION ( 'NONE',  ( 5.921189464667460002E-15, 5.081578997491380000E-29, -1.000000000000000000 ) ) ;
#3253 = AXIS2_PLACEMENT_3D ( 'NONE', #2312, #5625, #4138 ) ;
#3254 = EDGE_CURVE ( 'NONE', #5289, #695, #3187, .T. ) ;
#3255 = ORIENTED_EDGE ( 'NONE', *, *, #3746, .T. ) ;
#3256 = CARTESIAN_POINT ( 'NONE',  ( 289.0672605712339873, 348.6484681814000055, 59.00000046773470075 ) ) ;
#3257 = DIRECTION ( 'NONE',  ( 7.479616927696616682E-16, -2.070759876205155989E-30, -1.000000000000000000 ) ) ;
#3258 = EDGE_LOOP ( 'NONE', ( #4038, #2036, #3121, #4605, #4767 ) ) ;
#3259 = CIRCLE ( 'NONE', #197, 5.600000000000012967 ) ;
#3260 = CARTESIAN_POINT ( 'NONE',  ( 285.8574628432700138, 367.4298387846179708, 68.40000046773479880 ) ) ;
#3261 = VERTEX_POINT ( 'NONE', #3659 ) ;
#3262 = ORIENTED_EDGE ( 'NONE', *, *, #3159, .T. ) ;
#3263 = DIRECTION ( 'NONE',  ( -1.000000000000000000, 0.000000000000000000, -8.163404592832132968E-15 ) ) ;
#3264 = VERTEX_POINT ( 'NONE', #3251 ) ;
#3265 = DIRECTION ( 'NONE',  ( -4.439502732829726068E-15, 3.255971232964624980E-16, 1.000000000000000000 ) ) ;
#3266 = DIRECTION ( 'NONE',  ( 0.6322449324434760154, -0.3166486150286129120, 0.7071067811865516806 ) ) ;
#3267 = LINE ( 'NONE', #5109, #124 ) ;
#3268 = ORIENTED_EDGE ( 'NONE', *, *, #2338, .F. ) ;
#3269 = EDGE_CURVE ( 'NONE', #1576, #5259, #2695, .T. ) ;
#3270 = EDGE_CURVE ( 'NONE', #6070, #5158, #4254, .T. ) ;
#3271 = CARTESIAN_POINT ( 'NONE',  ( 261.3969185085060190, 351.8210738481379849, 59.00000046773460838 ) ) ;
#3272 = VERTEX_POINT ( 'NONE', #4647 ) ;
#3273 = VECTOR ( 'NONE', #94, 999.9999999999998863 ) ;
#3274 = CARTESIAN_POINT ( 'NONE',  ( 264.4726037499009408, 349.0298387846179367, 59.00000046773460838 ) ) ;
#3275 = VECTOR ( 'NONE', #4711, 1000.000000000000000 ) ;
#3276 = DIRECTION ( 'NONE',  ( -1.000000000000000000, 0.000000000000000000, -4.625929269271481378E-15 ) ) ;
#3277 = AXIS2_PLACEMENT_3D ( 'NONE', #4218, #3818, #3842 ) ;
#3278 = FACE_OUTER_BOUND ( 'NONE', #1487, .T. ) ;
#3279 = CARTESIAN_POINT ( 'NONE',  ( 300.3336016406530007, 341.6247677991000273, 68.75735978061540266 ) ) ;
#3280 = CARTESIAN_POINT ( 'NONE',  ( 248.8702761242209931, 330.3823717793350170, 65.00000046773449469 ) ) ;
#3281 = DIRECTION ( 'NONE',  ( -3.865418436758450516E-29, 5.048709793107170241E-29, -1.000000000000000000 ) ) ;
#3282 = VERTEX_POINT ( 'NONE', #3156 ) ;
#3283 = AXIS2_PLACEMENT_3D ( 'NONE', #640, #2108, #5832 ) ;
#3284 = EDGE_LOOP ( 'NONE', ( #1839, #4665, #3239, #891 ) ) ;
#3285 = DIRECTION ( 'NONE',  ( -0.7071067811865470176, -0.7071067811865480168, -8.367133421936152260E-30 ) ) ;
#3286 = CARTESIAN_POINT ( 'NONE',  ( 261.5054790385979118, 355.6452884479012937, 69.40000046773457143 ) ) ;
#3287 = CIRCLE ( 'NONE', #4973, 2.000000000000015543 ) ;
#3288 = VERTEX_POINT ( 'NONE', #5055 ) ;
#3289 = ADVANCED_FACE ( 'NONE', ( #825 ), #3061, .F. ) ;
#3290 = CARTESIAN_POINT ( 'NONE',  ( 300.0921558007020167, 342.2769670425989830, 70.04665654066100444 ) ) ;
#3291 = CARTESIAN_POINT ( 'NONE',  ( 243.8070185829549814, 350.9728251380919914, 70.65220774444799190 ) ) ;
#3292 = ORIENTED_EDGE ( 'NONE', *, *, #751, .T. ) ;
#3293 = DIRECTION ( 'NONE',  ( -1.000000000000000000, 0.000000000000000000, -4.625929269271481378E-15 ) ) ;
#3294 = FACE_OUTER_BOUND ( 'NONE', #3343, .T. ) ;
#3295 = CARTESIAN_POINT ( 'NONE',  ( 291.3665317142669551, 351.8344784126049944, 70.87868012417510499 ) ) ;
#3296 = ORIENTED_EDGE ( 'NONE', *, *, #2933, .T. ) ;
#3297 = ORIENTED_EDGE ( 'NONE', *, *, #4405, .T. ) ;
#3298 = CARTESIAN_POINT ( 'NONE',  ( 249.9026675842769691, 364.6003073828920265, 59.00000046773450180 ) ) ;
#3299 =( BOUNDED_CURVE ( )  B_SPLINE_CURVE ( 3, ( #2611, #4522, #290, #2086 ),
 .UNSPECIFIED., .F., .F. ) 
 B_SPLINE_CURVE_WITH_KNOTS ( ( 4, 4 ),
 ( 5.890486225480831450, 5.917274478068550003 ),
 .UNSPECIFIED. ) 
 CURVE ( )  GEOMETRIC_REPRESENTATION_ITEM ( )  RATIONAL_B_SPLINE_CURVE ( ( 1.000000000000000000, 0.9999402000209720587, 0.9999402000209720587, 1.000000000000000000 ) ) 
 REPRESENTATION_ITEM ( '' )  );
#3300 = CARTESIAN_POINT ( 'NONE',  ( 314.6970562748729776, 346.2117749006790177, 68.40000046773489828 ) ) ;
#3301 = DIRECTION ( 'NONE',  ( -5.251782877184730349E-15, -4.260546678974800297E-16, 1.000000000000000000 ) ) ;
#3302 = CARTESIAN_POINT ( 'NONE',  ( 262.8269584841992810, 353.4051615208070984, 59.36057784026692019 ) ) ;
#3303 = ORIENTED_EDGE ( 'NONE', *, *, #266, .T. ) ;
#3304 = CARTESIAN_POINT ( 'NONE',  ( 305.9289321881599903, 337.4436508139659736, 71.00000046773480733 ) ) ;
#3305 = ORIENTED_EDGE ( 'NONE', *, *, #3176, .F. ) ;
#3306 = VECTOR ( 'NONE', #4323, 1000.000000000000000 ) ;
#3307 = FACE_OUTER_BOUND ( 'NONE', #5042, .T. ) ;
#3308 = DIRECTION ( 'NONE',  ( -1.000000000000000000, -2.574331827493210107E-15, -6.214986811982760297E-15 ) ) ;
#3309 = ADVANCED_FACE ( 'NONE', ( #3691 ), #5085, .T. ) ;
#3310 = VECTOR ( 'NONE', #1129, 1000.000000000000114 ) ;
#3311 = DIRECTION ( 'NONE',  ( 0.000000000000000000, -1.000000000000000000, 0.000000000000000000 ) ) ;
#3312 = CARTESIAN_POINT ( 'NONE',  ( 286.2716764056430065, 350.0298387846179367, 69.40000046773469933 ) ) ;
#3313 = DIRECTION ( 'NONE',  ( -4.781299772258060553E-15, 1.000000000000000000, 2.650227810672670186E-29 ) ) ;
#3314 = EDGE_LOOP ( 'NONE', ( #5550, #3710, #2335, #925 ) ) ;
#3315 = CIRCLE ( 'NONE', #4901, 3.000000000000002665 ) ;
#3316 = ORIENTED_EDGE ( 'NONE', *, *, #2988, .T. ) ;
#3317 = DIRECTION ( 'NONE',  ( 0.6532814824381875107, 0.6532814824381875107, 0.3826834323650922243 ) ) ;
#3318 = EDGE_CURVE ( 'NONE', #5305, #1186, #892, .T. ) ;
#3319 = AXIS2_PLACEMENT_3D ( 'NONE', #1238, #5011, #1605 ) ;
#3320 = CIRCLE ( 'NONE', #2629, 4.000000000000013323 ) ;
#3321 = ORIENTED_EDGE ( 'NONE', *, *, #299, .F. ) ;
#3322 = DIRECTION ( 'NONE',  ( 0.7071067811865500152, -0.7071067811865450192, 2.806546270563589939E-15 ) ) ;
#3323 = CARTESIAN_POINT ( 'NONE',  ( 292.1175482329165334, 348.4649248670233419, 68.75735978061544529 ) ) ;
#3324 = ORIENTED_EDGE ( 'NONE', *, *, #2988, .F. ) ;
#3325 = DIRECTION ( 'NONE',  ( -1.000000000000000000, 0.000000000000000000, -4.625929269271481378E-15 ) ) ;
#3326 = EDGE_CURVE ( 'NONE', #741, #3031, #4422, .T. ) ;
#3327 = DIRECTION ( 'NONE',  ( -0.6532814824381851793, -0.6532814824381851793, 0.3826834323651001069 ) ) ;
#3328 = ORIENTED_EDGE ( 'NONE', *, *, #932, .T. ) ;
#3329 = AXIS2_PLACEMENT_3D ( 'NONE', #1473, #505, #5209 ) ;
#3330 = VERTEX_POINT ( 'NONE', #4620 ) ;
#3331 = CARTESIAN_POINT ( 'NONE',  ( 240.4168555041090087, 350.7305642775960450, 69.97835951983789471 ) ) ;
#3332 = AXIS2_PLACEMENT_3D ( 'NONE', #3141, #4503, #1274 ) ;
#3333 = CARTESIAN_POINT ( 'NONE',  ( 240.7557229417650149, 350.4769366296570183, 68.75735978061510423 ) ) ;
#3334 = VERTEX_POINT ( 'NONE', #5065 ) ;
#3335 = VERTEX_POINT ( 'NONE', #3726 ) ;
#3336 = CARTESIAN_POINT ( 'NONE',  ( 262.8716075878309084, 353.4317274586177291, 59.43119957958613497 ) ) ;
#3337 = CARTESIAN_POINT ( 'NONE',  ( 267.3734359413190305, 350.8525205414079551, 71.00000046773470785 ) ) ;
#3338 = LINE ( 'NONE', #4271, #3275 ) ;
#3339 = CARTESIAN_POINT ( 'NONE',  ( 237.8783438543200077, 350.1146751875339760, 67.60000046773470217 ) ) ;
#3340 = CARTESIAN_POINT ( 'NONE',  ( 250.5408455975610025, 336.8442935448559865, 68.75735978061520370 ) ) ;
#3341 = CYLINDRICAL_SURFACE ( 'NONE', #3129, 10.00000000000002132 ) ;
#3342 = CARTESIAN_POINT ( 'NONE',  ( 288.1386662819793401, 354.5371510648823232, 70.87868012417511920 ) ) ;
#3343 = EDGE_LOOP ( 'NONE', ( #3233, #3255, #815, #3111 ) ) ;
#3344 = CARTESIAN_POINT ( 'NONE',  ( 292.3702753768519642, 349.4169602066916127, 70.29506235062709152 ) ) ;
#3345 = EDGE_CURVE ( 'NONE', #3832, #4598, #1423, .T. ) ;
#3346 = DIRECTION ( 'NONE',  ( -0.7071067811865753283, 0.7071067811865198172, 0.000000000000000000 ) ) ;
#3347 = EDGE_CURVE ( 'NONE', #4042, #1146, #1295, .T. ) ;
#3348 = VECTOR ( 'NONE', #5563, 1000.000000000000000 ) ;
#3349 = EDGE_CURVE ( 'NONE', #61, #4876, #5613, .T. ) ;
#3350 = ORIENTED_EDGE ( 'NONE', *, *, #4804, .F. ) ;
#3351 = CARTESIAN_POINT ( 'NONE',  ( 264.9734359413189964, 350.0298387846179367, 65.00000046773459417 ) ) ;
#3352 = ORIENTED_EDGE ( 'NONE', *, *, #1989, .T. ) ;
#3353 = AXIS2_PLACEMENT_3D ( 'NONE', #3718, #2321, #440 ) ;
#3354 = CARTESIAN_POINT ( 'NONE',  ( 264.4726037499009408, 349.0298387846179367, 69.40000046773458564 ) ) ;
#3355 = EDGE_LOOP ( 'NONE', ( #1092, #5670, #305, #4281 ) ) ;
#3356 = CARTESIAN_POINT ( 'NONE',  ( 291.7621645626369968, 351.5204700247939513, 71.00000046773480733 ) ) ;
#3357 = VECTOR ( 'NONE', #3419, 1000.000000000000000 ) ;
#3358 = ORIENTED_EDGE ( 'NONE', *, *, #3843, .F. ) ;
#3359 = CARTESIAN_POINT ( 'NONE',  ( 242.8506056103310016, 350.5151372669020020, 69.81432317891831474 ) ) ;
#3360 =( NAMED_UNIT ( * ) SI_UNIT ( $, .STERADIAN. ) SOLID_ANGLE_UNIT ( ) );
#3361 = AXIS2_PLACEMENT_3D ( 'NONE', #858, #2728, #5118 ) ;
#3362 = VERTEX_POINT ( 'NONE', #3226 ) ;
#3363 = VERTEX_POINT ( 'NONE', #6054 ) ;
#3364 = CARTESIAN_POINT ( 'NONE',  ( 251.1341039809384483, 331.8927026744428304, 69.96292403848777042 ) ) ;
#3365 = ADVANCED_FACE ( 'NONE', ( #836 ), #5021, .T. ) ;
#3366 = LINE ( 'NONE', #2440, #2422 ) ;
#3367 = FACE_OUTER_BOUND ( 'NONE', #1963, .T. ) ;
#3368 = CARTESIAN_POINT ( 'NONE',  ( 237.2859539436049943, 350.6094613732270204, 68.00000046773470785 ) ) ;
#3369 = CARTESIAN_POINT ( 'NONE',  ( 286.2716764056430065, 350.0298387846179367, 68.90000046773469933 ) ) ;
#3370 = CARTESIAN_POINT ( 'NONE',  ( 291.1724793217489946, 343.5432494308849982, 71.00000046773479312 ) ) ;
#3371 = PLANE ( 'NONE',  #5824 ) ;
#3372 = CIRCLE ( 'NONE', #4164, 3.800000000000025580 ) ;
#3373 = DIRECTION ( 'NONE',  ( 0.2705980500730920113, 0.6532814824381798502, -0.7071067811865577868 ) ) ;
#3374 = ORIENTED_EDGE ( 'NONE', *, *, #2249, .F. ) ;
#3375 = AXIS2_PLACEMENT_3D ( 'NONE', #5113, #5023, #4574 ) ;
#3376 = VECTOR ( 'NONE', #1314, 1000.000000000000000 ) ;
#3377 = CARTESIAN_POINT ( 'NONE',  ( 250.0656961106950007, 332.7692390912980045, 59.87484895081149716 ) ) ;
#3378 = VECTOR ( 'NONE', #3388, 1000.000000000000114 ) ;
#3379 = CIRCLE ( 'NONE', #4070, 5.600000000000017408 ) ;
#3380 = ORIENTED_EDGE ( 'NONE', *, *, #3345, .T. ) ;
#3381 = DIRECTION ( 'NONE',  ( -5.075305255429250078E-15, -5.076883396865070006E-29, 1.000000000000000000 ) ) ;
#3382 = CYLINDRICAL_SURFACE ( 'NONE', #508, 5.600000000000012967 ) ;
#3383 = CARTESIAN_POINT ( 'NONE',  ( 291.1885809147930217, 350.7697885249590399, 59.00000046773470075 ) ) ;
#3384 = EDGE_CURVE ( 'NONE', #458, #4770, #4443, .T. ) ;
#3385 = EDGE_CURVE ( 'NONE', #2845, #4548, #397, .T. ) ;
#3386 = AXIS2_PLACEMENT_3D ( 'NONE', #2859, #960, #5768 ) ;
#3387 = VECTOR ( 'NONE', #398, 999.9999999999998863 ) ;
#3388 = DIRECTION ( 'NONE',  ( 0.7675021011300291462, -0.6410464294893080117, -1.158385151365230254E-16 ) ) ;
#3389 = EDGE_LOOP ( 'NONE', ( #5888, #2243, #3856, #3584, #2756 ) ) ;
#3390 = ORIENTED_EDGE ( 'NONE', *, *, #4762, .F. ) ;
#3391 = LINE ( 'NONE', #1003, #4997 ) ;
#3392 = EDGE_CURVE ( 'NONE', #4427, #522, #5435, .T. ) ;
#3393 = DIRECTION ( 'NONE',  ( 0.3826834323650859515, 0.9238795325112884038, 2.177326809833294762E-15 ) ) ;
#3394 = ORIENTED_EDGE ( 'NONE', *, *, #4821, .T. ) ;
#3395 = ORIENTED_EDGE ( 'NONE', *, *, #1027, .T. ) ;
#3396 = CARTESIAN_POINT ( 'NONE',  ( 285.8574628432700138, 349.0298387846179367, 65.00000046773469364 ) ) ;
#3397 = LINE ( 'NONE', #2642, #3203 ) ;
#3398 = DIRECTION ( 'NONE',  ( -1.000000000000000000, 0.000000000000000000, -4.664732138412281725E-15 ) ) ;
#3399 = CARTESIAN_POINT ( 'NONE',  ( 235.6987859940570047, 347.5051680436919810, 67.60000046773470217 ) ) ;
#3400 = CARTESIAN_POINT ( 'NONE',  ( 242.9021273986529934, 350.4613032792149738, 69.99738446574399120 ) ) ;
#3401 = CARTESIAN_POINT ( 'NONE',  ( 243.4812606540889988, 351.3353287846949797, 69.83075970084489370 ) ) ;
#3402 = EDGE_CURVE ( 'NONE', #3648, #2377, #6089, .T. ) ;
#3403 = CARTESIAN_POINT ( 'NONE',  ( 288.2716764056430065, 364.2394269734959948, 71.00000046773470785 ) ) ;
#3404 = DIRECTION ( 'NONE',  ( 1.000000000000000000, 5.551115123125779621E-17, -3.865418436758450516E-29 ) ) ;
#3405 = ORIENTED_EDGE ( 'NONE', *, *, #2191, .T. ) ;
#3406 = CARTESIAN_POINT ( 'NONE',  ( 291.9758684512690365, 347.7805993228830062, 71.00000046773480733 ) ) ;
#3407 = VECTOR ( 'NONE', #2559, 1000.000000000000000 ) ;
#3408 = VECTOR ( 'NONE', #3547, 1000.000000000000114 ) ;
#3409 = ORIENTED_EDGE ( 'NONE', *, *, #2582, .F. ) ;
#3410 = DIRECTION ( 'NONE',  ( 1.000000000000000000, 0.000000000000000000, 5.075305255429250078E-15 ) ) ;
#3411 = DIRECTION ( 'NONE',  ( -5.075305255429250078E-15, -5.076883396865070006E-29, 1.000000000000000000 ) ) ;
#3412 = CARTESIAN_POINT ( 'NONE',  ( 238.0933184961089921, 347.7201426854809938, 71.00000046773449469 ) ) ;
#3413 = CIRCLE ( 'NONE', #968, 5.600000000000012967 ) ;
#3414 = LINE ( 'NONE', #4371, #2456 ) ;
#3415 = CARTESIAN_POINT ( 'NONE',  ( 300.4794764997584480, 342.8637689861381546, 71.00041311927340359 ) ) ;
#3416 = DIRECTION ( 'NONE',  ( 0.7071067811865490160, -0.7071067811865460184, 3.824101529264425542E-15 ) ) ;
#3417 = ORIENTED_EDGE ( 'NONE', *, *, #1063, .T. ) ;
#3418 = CIRCLE ( 'NONE', #1832, 3.000000000000002665 ) ;
#3419 = DIRECTION ( 'NONE',  ( 0.5000000000000067724, 0.4999999999999817368, -0.7071067811865556774 ) ) ;
#3420 = CARTESIAN_POINT ( 'NONE',  ( 243.3341019716850155, 351.4850050418140199, 68.75735978061510423 ) ) ;
#3421 = CIRCLE ( 'NONE', #470, 17.40000000000000924 ) ;
#3422 = EDGE_CURVE ( 'NONE', #489, #519, #5153, .T. ) ;
#3423 = EDGE_LOOP ( 'NONE', ( #2746, #5056, #5857, #1172 ) ) ;
#3424 = ORIENTED_EDGE ( 'NONE', *, *, #4844, .F. ) ;
#3425 = EDGE_LOOP ( 'NONE', ( #3732, #118, #4975, #2687 ) ) ;
#3426 = CARTESIAN_POINT ( 'NONE',  ( 263.6052298396533047, 353.7891037283256992, 60.17613833194052830 ) ) ;
#3427 = EDGE_CURVE ( 'NONE', #1565, #1424, #1908, .T. ) ;
#3428 = VECTOR ( 'NONE', #3430, 1000.000000000000114 ) ;
#3429 = EDGE_CURVE ( 'NONE', #3181, #779, #4790, .T. ) ;
#3430 = DIRECTION ( 'NONE',  ( -0.3715478549661819785, 0.6016246267150535676, 0.7071067811865485719 ) ) ;
#3431 = CARTESIAN_POINT ( 'NONE',  ( 259.9663115353810099, 352.5375678735459815, 68.40000046773458564 ) ) ;
#3432 = CARTESIAN_POINT ( 'NONE',  ( 264.9734359413189964, 354.9085184410580496, 70.87868012417499131 ) ) ;
#3433 = DIRECTION ( 'NONE',  ( -3.865418436758450516E-29, 5.048709793107170241E-29, -1.000000000000000000 ) ) ;
#3434 = DIRECTION ( 'NONE',  ( 1.850371707708558472E-14, -1.000000000000000000, 0.000000000000000000 ) ) ;
#3435 = DIRECTION ( 'NONE',  ( -3.865418436758450516E-29, 5.048709793107170241E-29, -1.000000000000000000 ) ) ;
#3436 = DIRECTION ( 'NONE',  ( -1.000000000000000000, 0.000000000000000000, 0.000000000000000000 ) ) ;
#3437 = ORIENTED_EDGE ( 'NONE', *, *, #1802, .F. ) ;
#3438 = CYLINDRICAL_SURFACE ( 'NONE', #308, 5.600000000000017408 ) ;
#3439 = CARTESIAN_POINT ( 'NONE',  ( 289.8072103115759433, 353.5653726905500207, 71.00000046773480733 ) ) ;
#3440 = ADVANCED_FACE ( 'NONE', ( #1022 ), #5709, .F. ) ;
#3441 = CARTESIAN_POINT ( 'NONE',  ( 236.7885650392559853, 348.8099217533790579, 67.60000046773470217 ) ) ;
#3442 = ORIENTED_EDGE ( 'NONE', *, *, #1069, .T. ) ;
#3443 = LINE ( 'NONE', #4055, #1522 ) ;
#3444 = CARTESIAN_POINT ( 'NONE',  ( 243.5675032611000006, 351.2393579524799634, 70.10294419288679535 ) ) ;
#3445 = ADVANCED_FACE ( 'NONE', ( #574 ), #3382, .T. ) ;
#3446 = CARTESIAN_POINT ( 'NONE',  ( 300.4573328464600195, 331.9720514722660027, 59.00000046773470075 ) ) ;
#3447 = AXIS2_PLACEMENT_3D ( 'NONE', #2053, #2168, #4057 ) ;
#3448 = ORIENTED_EDGE ( 'NONE', *, *, #797, .F. ) ;
#3449 = AXIS2_PLACEMENT_3D ( 'NONE', #4582, #2760, #4652 ) ;
#3450 = CARTESIAN_POINT ( 'NONE',  ( 291.3665317142669551, 351.8344784126049944, 70.87868012417519026 ) ) ;
#3451 = ORIENTED_EDGE ( 'NONE', *, *, #4879, .F. ) ;
#3452 = CIRCLE ( 'NONE', #4846, 10.00000000000002132 ) ;
#3453 = DIRECTION ( 'NONE',  ( 0.000000000000000000, -1.013374408114470159E-14, -1.000000000000000000 ) ) ;
#3454 = ORIENTED_EDGE ( 'NONE', *, *, #1618, .F. ) ;
#3455 = EDGE_LOOP ( 'NONE', ( #271, #425, #2580 ) ) ;
#3456 = DIRECTION ( 'NONE',  ( 0.3826834323650860625, 0.9238795325112882928, 2.081668171172170485E-15 ) ) ;
#3457 = ORIENTED_EDGE ( 'NONE', *, *, #5675, .T. ) ;
#3458 = CARTESIAN_POINT ( 'NONE',  ( 291.8456253556449838, 347.5058600261110087, 70.28938280959749818 ) ) ;
#3459 = CARTESIAN_POINT ( 'NONE',  ( 241.0802409088780109, 347.4403311415769622, 68.00000046773470785 ) ) ;
#3460 = VECTOR ( 'NONE', #3622, 999.9999999999998863 ) ;
#3461 = CARTESIAN_POINT ( 'NONE',  ( 242.8506056112429974, 350.5151372741959790, 69.81432318048349828 ) ) ;
#3462 = ADVANCED_FACE ( 'NONE', ( #2977 ), #3878, .T. ) ;
#3463 = DIRECTION ( 'NONE',  ( -0.7071067811865336949, 0.7071067811865614505, 0.000000000000000000 ) ) ;
#3464 = EDGE_CURVE ( 'NONE', #85, #5289, #994, .T. ) ;
#3465 = CARTESIAN_POINT ( 'NONE',  ( 264.5435048184928064, 357.1551440091138829, 69.40000046773469933 ) ) ;
#3466 = CARTESIAN_POINT ( 'NONE',  ( 250.9717185105314172, 332.0124953330760036, 70.37380937163581507 ) ) ;
#3467 = ORIENTED_EDGE ( 'NONE', *, *, #1401, .F. ) ;
#3468 = ADVANCED_BREP_SHAPE_REPRESENTATION ( '[a]_cable_cover rev2', ( #5825, #1394 ), #2758 ) ;
#3469 = DIRECTION ( 'NONE',  ( 0.3826834323650894487, 0.9238795325112868495, 3.083952846180992844E-15 ) ) ;
#3470 = CARTESIAN_POINT ( 'NONE',  ( 286.2716764056430065, 350.0298387846179367, 65.00000046773469364 ) ) ;
#3471 = ORIENTED_EDGE ( 'NONE', *, *, #1026, .F. ) ;
#3472 = DIRECTION ( 'NONE',  ( 2.537652627714604923E-15, -2.537652627714595062E-15, -1.000000000000000000 ) ) ;
#3473 = VECTOR ( 'NONE', #122, 1000.000000000000000 ) ;
#3474 = AXIS2_PLACEMENT_3D ( 'NONE', #5639, #3285, #987 ) ;
#3475 = DIRECTION ( 'NONE',  ( 5.075305255429250078E-15, 5.708194612618561243E-29, -1.000000000000000000 ) ) ;
#3476 = FACE_OUTER_BOUND ( 'NONE', #4692, .T. ) ;
#3477 = EDGE_CURVE ( 'NONE', #3334, #3979, #1784, .T. ) ;
#3478 = DIRECTION ( 'NONE',  ( -0.7071067811865336949, 0.7071067811865614505, 0.000000000000000000 ) ) ;
#3479 = EDGE_LOOP ( 'NONE', ( #5782, #5965, #2310, #3542 ) ) ;
#3480 = EDGE_CURVE ( 'NONE', #1576, #4290, #1199, .T. ) ;
#3481 = DIRECTION ( 'NONE',  ( 3.440439555346305235E-15, -1.150889273813653959E-15, -1.000000000000000000 ) ) ;
#3482 = ORIENTED_EDGE ( 'NONE', *, *, #613, .F. ) ;
#3483 = LINE ( 'NONE', #1202, #2726 ) ;
#3484 = AXIS2_PLACEMENT_3D ( 'NONE', #2538, #4027, #4421 ) ;
#3485 = ORIENTED_EDGE ( 'NONE', *, *, #2032, .F. ) ;
#3486 = ORIENTED_EDGE ( 'NONE', *, *, #4571, .F. ) ;
#3487 = PLANE ( 'NONE',  #982 ) ;
#3488 = VERTEX_POINT ( 'NONE', #2894 ) ;
#3489 = CARTESIAN_POINT ( 'NONE',  ( 265.4802252839050425, 353.0302494308850214, 57.87575804349160080 ) ) ;
#3490 = DIRECTION ( 'NONE',  ( 0.3826834323650855074, 0.9238795325112886259, 1.595148023886721878E-15 ) ) ;
#3491 = LINE ( 'NONE', #1181, #1095 ) ;
#3492 = CARTESIAN_POINT ( 'NONE',  ( 246.7942012200620354, 357.8837518644072588, 69.90541007771047077 ) ) ;
#3493 = DIRECTION ( 'NONE',  ( 0.000000000000000000, 2.373894327159819883E-29, -1.000000000000000000 ) ) ;
#3494 = CARTESIAN_POINT ( 'NONE',  ( 299.0235754990616215, 342.9765582775652319, 71.00050161809204496 ) ) ;
#3495 = EDGE_LOOP ( 'NONE', ( #649, #256, #5611, #1475 ) ) ;
#3496 = PLANE ( 'NONE',  #5263 ) ;
#3497 = EDGE_CURVE ( 'NONE', #5678, #2055, #513, .T. ) ;
#3498 = CARTESIAN_POINT ( 'NONE',  ( 298.9193880782799511, 340.2105542367260114, 66.00000046773477891 ) ) ;
#3499 = ORIENTED_EDGE ( 'NONE', *, *, #2443, .F. ) ;
#3500 = AXIS2_PLACEMENT_3D ( 'NONE', #5692, #1469, #561 ) ;
#3501 = CYLINDRICAL_SURFACE ( 'NONE', #530, 1.700000000000007061 ) ;
#3502 = EDGE_CURVE ( 'NONE', #4663, #740, #2893, .T. ) ;
#3503 = EDGE_CURVE ( 'NONE', #1507, #5044, #4283, .T. ) ;
#3504 = CARTESIAN_POINT ( 'NONE',  ( 300.1765157689429770, 342.8529718447210257, 70.75739539195920713 ) ) ;
#3505 = FACE_OUTER_BOUND ( 'NONE', #712, .T. ) ;
#3506 = DIRECTION ( 'NONE',  ( 0.2323034033118742125, -0.9726433718530758110, 0.000000000000000000 ) ) ;
#3507 = ORIENTED_EDGE ( 'NONE', *, *, #3959, .T. ) ;
#3508 = CARTESIAN_POINT ( 'NONE',  ( 239.9723004224499903, 341.1996202692069460, 59.87484895081139769 ) ) ;
#3509 = ORIENTED_EDGE ( 'NONE', *, *, #1478, .F. ) ;
#3510 = VECTOR ( 'NONE', #2879, 1000.000000000000114 ) ;
#3511 = FACE_OUTER_BOUND ( 'NONE', #5147, .T. ) ;
#3512 = EDGE_CURVE ( 'NONE', #1829, #5571, #1938, .T. ) ;
#3513 = CIRCLE ( 'NONE', #1850, 2.000000000000009326 ) ;
#3514 = CARTESIAN_POINT ( 'NONE',  ( 251.3595895153133313, 331.7797722601287660, 69.15005887052254252 ) ) ;
#3515 = EDGE_LOOP ( 'NONE', ( #4755, #3753, #1521, #1057 ) ) ;
#3516 = ORIENTED_EDGE ( 'NONE', *, *, #2840, .T. ) ;
#3517 = CARTESIAN_POINT ( 'NONE',  ( 251.1553743916631447, 331.8820497680272297, 69.90539600651599983 ) ) ;
#3518 = ORIENTED_EDGE ( 'NONE', *, *, #4514, .T. ) ;
#3519 = FACE_OUTER_BOUND ( 'NONE', #975, .T. ) ;
#3520 = LINE ( 'NONE', #329, #2653 ) ;
#3521 = DIRECTION ( 'NONE',  ( -0.7071067811865530128, 0.7071067811865420216, -5.205712404353510639E-15 ) ) ;
#3522 = CARTESIAN_POINT ( 'NONE',  ( 238.0933184961089637, 347.7201426854809938, 67.00000046773500628 ) ) ;
#3523 = CARTESIAN_POINT ( 'NONE',  ( 298.6985626201041555, 342.8230073236031217, 71.00154133534293521 ) ) ;
#3524 = VERTEX_POINT ( 'NONE', #2452 ) ;
#3525 = AXIS2_PLACEMENT_3D ( 'NONE', #2215, #5531, #4016 ) ;
#3526 = CARTESIAN_POINT ( 'NONE',  ( 289.1262805783230192, 355.8019373424129981, 68.90000046773479880 ) ) ;
#3527 = CARTESIAN_POINT ( 'NONE',  ( 243.3341019716850155, 351.4850050418140199, 68.75735978061510423 ) ) ;
#3528 = FACE_OUTER_BOUND ( 'NONE', #5921, .T. ) ;
#3529 = CARTESIAN_POINT ( 'NONE',  ( 241.3561998743388983, 350.3165265920338243, 68.75735978061518949 ) ) ;
#3530 = EDGE_CURVE ( 'NONE', #4657, #19, #1504, .T. ) ;
#3531 = CARTESIAN_POINT ( 'NONE',  ( 300.2197785610289884, 342.9912050940060340, 70.88579798378761154 ) ) ;
#3532 = LINE ( 'NONE', #3446, #4460 ) ;
#3533 = EDGE_CURVE ( 'NONE', #385, #5336, #1567, .T. ) ;
#3534 = EDGE_CURVE ( 'NONE', #567, #4185, #375, .T. ) ;
#3535 = ORIENTED_EDGE ( 'NONE', *, *, #1961, .F. ) ;
#3536 = CARTESIAN_POINT ( 'NONE',  ( 286.2716764056430065, 350.0298387846179367, 70.87868012417510499 ) ) ;
#3537 = DIRECTION ( 'NONE',  ( 0.7850344385869003627, -0.6194521210170726988, 0.000000000000000000 ) ) ;
#3538 = CARTESIAN_POINT ( 'NONE',  ( 266.1328989089290076, 345.6316960581830244, 67.80000046773470501 ) ) ;
#3539 = CIRCLE ( 'NONE', #796, 2.849999999999741629 ) ;
#3540 = CONICAL_SURFACE ( 'NONE', #5626, 19.50000000000000355, 0.7853981633974391752 ) ;
#3541 = CARTESIAN_POINT ( 'NONE',  ( 259.9213142100620644, 354.2767277651020095, 69.40000046773458564 ) ) ;
#3542 = ORIENTED_EDGE ( 'NONE', *, *, #1991, .T. ) ;
#3543 = CARTESIAN_POINT ( 'NONE',  ( 294.1724793217489946, 341.1390863748509901, 67.80000046773470501 ) ) ;
#3544 = DIRECTION ( 'NONE',  ( 0.2323034033118742125, -0.9726433718530758110, 0.000000000000000000 ) ) ;
#3545 = PRODUCT_DEFINITION_FORMATION_WITH_SPECIFIED_SOURCE ( 'ANY', '', #980, .NOT_KNOWN. ) ;
#3546 = ORIENTED_EDGE ( 'NONE', *, *, #2827, .T. ) ;
#3547 = DIRECTION ( 'NONE',  ( 0.4478087658801228055, 0.8941293582032306952, 2.000844226037119392E-15 ) ) ;
#3548 = CARTESIAN_POINT ( 'NONE',  ( 292.0619294844227625, 350.9366676999606511, 71.00013038996979731 ) ) ;
#3549 = CARTESIAN_POINT ( 'NONE',  ( 241.0933184961089921, 347.7201426854809938, 71.00000046773450890 ) ) ;
#3550 = ORIENTED_EDGE ( 'NONE', *, *, #3392, .F. ) ;
#3551 = CARTESIAN_POINT ( 'NONE',  ( 298.7663571116279400, 342.8594205357823057, 71.00208329485570857 ) ) ;
#3552 = EDGE_CURVE ( 'NONE', #5119, #4953, #4252, .T. ) ;
#3553 = ORIENTED_EDGE ( 'NONE', *, *, #4551, .F. ) ;
#3554 = DIRECTION ( 'NONE',  ( 0.4478087658801228055, 0.8941293582032306952, 2.158877130690179348E-15 ) ) ;
#3555 = AXIS2_PLACEMENT_3D ( 'NONE', #173, #2056, #2544 ) ;
#3556 = CARTESIAN_POINT ( 'NONE',  ( 305.2218254069740055, 336.7365440327790225, 59.00000046773480022 ) ) ;
#3557 = FACE_OUTER_BOUND ( 'NONE', #3075, .T. ) ;
#3558 = AXIS2_PLACEMENT_3D ( 'NONE', #5221, #4878, #1482 ) ;
#3559 = DIRECTION ( 'NONE',  ( 0.7071067811865480168, -0.7071067811865470176, -6.266976104990621554E-29 ) ) ;
#3560 = FACE_OUTER_BOUND ( 'NONE', #1878, .T. ) ;
#3561 = CARTESIAN_POINT ( 'NONE',  ( 283.2858899680161358, 357.2156252222448529, 69.40000046773469933 ) ) ;
#3562 = ORIENTED_EDGE ( 'NONE', *, *, #415, .T. ) ;
#3563 = PLANE ( 'NONE',  #1498 ) ;
#3564 = VECTOR ( 'NONE', #335, 1000.000000000000114 ) ;
#3565 = CIRCLE ( 'NONE', #3277, 19.00000000000003908 ) ;
#3566 = LINE ( 'NONE', #5891, #1347 ) ;
#3567 = EDGE_CURVE ( 'NONE', #4831, #2718, #6036, .T. ) ;
#3569 = EDGE_CURVE ( 'NONE', #3962, #2805, #929, .T. ) ;
#3568 = CARTESIAN_POINT ( 'NONE',  ( 269.3734359413190305, 356.6298387846179594, 71.00000046773470785 ) ) ;
#3570 = ADVANCED_FACE ( 'NONE', ( #167 ), #4491, .T. ) ;
#3571 = VERTEX_POINT ( 'NONE', #3064 ) ;
#3572 = ORIENTED_EDGE ( 'NONE', *, *, #2783, .F. ) ;
#3573 = VERTEX_POINT ( 'NONE', #4932 ) ;
#3574 = DIRECTION ( 'NONE',  ( -4.757274964141920480E-15, -1.970527810085574935E-15, 1.000000000000000000 ) ) ;
#3575 = EDGE_LOOP ( 'NONE', ( #1350, #5804, #2176, #4765 ) ) ;
#3577 = ADVANCED_FACE ( 'NONE', ( #5884 ), #1651, .T. ) ;
#3576 = CARTESIAN_POINT ( 'NONE',  ( 238.3082931378989997, 345.3256101834280116, 67.60000046773470217 ) ) ;
#3578 = CARTESIAN_POINT ( 'NONE',  ( 292.1471273417532188, 350.6678968773671272, 70.99994512165578442 ) ) ;
#3579 = CARTESIAN_POINT ( 'NONE',  ( 254.7149772738709999, 342.0523507659129905, 59.00000046773460838 ) ) ;
#3580 = CIRCLE ( 'NONE', #3386, 6.600000000000003197 ) ;
#3581 = ORIENTED_EDGE ( 'NONE', *, *, #4280, .F. ) ;
#3582 = VECTOR ( 'NONE', #1930, 1000.000000000000000 ) ;
#3583 = CARTESIAN_POINT ( 'NONE',  ( 291.7621645626369968, 351.5204700247939513, 71.00000046773480733 ) ) ;
#3584 = ORIENTED_EDGE ( 'NONE', *, *, #5918, .F. ) ;
#3585 = DIRECTION ( 'NONE',  ( 0.2705980500730935101, 0.6532814824381835139, -0.7071067811865537900 ) ) ;
#3586 = CARTESIAN_POINT ( 'NONE',  ( 294.1724793217489946, 343.5432494308849982, 68.00000046773479312 ) ) ;
#3587 = EDGE_CURVE ( 'NONE', #5122, #1150, #4028, .T. ) ;
#3588 = EDGE_CURVE ( 'NONE', #1065, #2845, #4869, .T. ) ;
#3589 = CARTESIAN_POINT ( 'NONE',  ( 242.3362042563146588, 349.8739859006317943, 71.00056259246127865 ) ) ;
#3590 = CARTESIAN_POINT ( 'NONE',  ( 300.1835657469910075, 342.8486020286820235, 70.75929055268430545 ) ) ;
#3591 = DIRECTION ( 'NONE',  ( 0.000000000000000000, -1.000000000000000000, 0.000000000000000000 ) ) ;
#3592 = ORIENTED_EDGE ( 'NONE', *, *, #3154, .F. ) ;
#3593 = DIRECTION ( 'NONE',  ( 1.000000000000000000, 0.000000000000000000, 4.135580799816630757E-15 ) ) ;
#3594 = DIRECTION ( 'NONE',  ( -4.439502732829726068E-15, 3.255971232964624980E-16, 1.000000000000000000 ) ) ;
#3595 = CARTESIAN_POINT ( 'NONE',  ( 264.9734359413189964, 355.7525205414079892, 71.00000046773459417 ) ) ;
#3596 = VECTOR ( 'NONE', #4971, 1000.000000000000114 ) ;
#3597 = CARTESIAN_POINT ( 'NONE',  ( 248.0206235589609776, 357.2695200768120003, 65.00000046773449469 ) ) ;
#3598 = ORIENTED_EDGE ( 'NONE', *, *, #2970, .F. ) ;
#3599 = DIRECTION ( 'NONE',  ( 4.439502732829720546E-15, -3.255971232964550038E-16, -1.000000000000000000 ) ) ;
#3600 = VECTOR ( 'NONE', #4124, 1000.000000000000000 ) ;
#3601 = DIRECTION ( 'NONE',  ( -2.537652627714694853E-15, 2.537652627714595062E-15, 1.000000000000000000 ) ) ;
#3602 = EDGE_LOOP ( 'NONE', ( #3681, #1751, #4718, #2636 ) ) ;
#3603 = VERTEX_POINT ( 'NONE', #2854 ) ;
#3604 = ORIENTED_EDGE ( 'NONE', *, *, #1968, .F. ) ;
#3605 = DIRECTION ( 'NONE',  ( 0.4478087658801228055, 0.8941293582032306952, 2.272766182898719438E-15 ) ) ;
#3606 = EDGE_LOOP ( 'NONE', ( #1549, #3390, #2934, #4121, #5645, #4337, #4859, #6044, #48, #4569, #4284, #4625, #2087, #2210 ) ) ;
#3607 = CARTESIAN_POINT ( 'NONE',  ( 264.9734359413189964, 350.0298387846179367, 68.75735978061540266 ) ) ;
#3608 = EDGE_CURVE ( 'NONE', #1367, #4993, #132, .T. ) ;
#3609 = CARTESIAN_POINT ( 'NONE',  ( 292.3337975029742779, 349.3365283665172001, 71.00099681126607720 ) ) ;
#3610 = AXIS2_PLACEMENT_3D ( 'NONE', #3167, #1881, #3635 ) ;
#3611 = CARTESIAN_POINT ( 'NONE',  ( 292.6356374363219857, 355.8281143903469683, 71.00000046773470785 ) ) ;
#3612 = ORIENTED_EDGE ( 'NONE', *, *, #958, .F. ) ;
#3613 = ADVANCED_FACE ( 'NONE', ( #3844 ), #541, .F. ) ;
#3614 = EDGE_CURVE ( 'NONE', #1483, #1660, #2394, .T. ) ;
#3615 = CARTESIAN_POINT ( 'NONE',  ( 297.4735121930480091, 341.6609152462619932, 71.00000046773470785 ) ) ;
#3616 = EDGE_LOOP ( 'NONE', ( #3829, #2730, #1662, #2359, #5012, #4482 ) ) ;
#3617 = LINE ( 'NONE', #4573, #1602 ) ;
#3618 = DIRECTION ( 'NONE',  ( -3.865418436758450516E-29, 5.048709793107170241E-29, -1.000000000000000000 ) ) ;
#3619 = CARTESIAN_POINT ( 'NONE',  ( 241.5975981033729170, 350.0100335712323840, 71.00109667393208213 ) ) ;
#3620 = CARTESIAN_POINT ( 'NONE',  ( 299.2706524413530360, 342.9226988144770303, 70.63067105855050443 ) ) ;
#3621 = VECTOR ( 'NONE', #70, 1000.000000000000000 ) ;
#3622 = DIRECTION ( 'NONE',  ( -0.7071067811865531239, 0.7071067811865420216, -5.205712404353510639E-15 ) ) ;
#3623 = ORIENTED_EDGE ( 'NONE', *, *, #3994, .T. ) ;
#3624 = DIRECTION ( 'NONE',  ( -4.135580799816630757E-15, -1.665250005579849882E-16, 1.000000000000000000 ) ) ;
#3625 = CIRCLE ( 'NONE', #2520, 1.999999999999992895 ) ;
#3626 = B_SPLINE_SURFACE_WITH_KNOTS ( 'NONE', 3, 3, ( 
 ( #5270, #1040, #588, #1866 ),
 ( #2993, #1097, #152, #2066 ),
 ( #2526, #4861, #3926, #4891 ),
 ( #651, #1151, #3021, #620 ),
 ( #5376, #5814, #3458, #4440 ) ),
 .UNSPECIFIED., .F., .F., .F.,
 ( 4, 1, 4 ),
 ( 4, 4 ),
 ( 0.000000000000000000, 0.5714285714285709528, 1.000000000000000000 ),
 ( 1.931227750293420006E-15, 0.3830740219370659672 ),
 .UNSPECIFIED. ) ;
#3627 = DIRECTION ( 'NONE',  ( -3.865418436758455560E-29, 5.048709793107170241E-29, -1.000000000000000000 ) ) ;
#3628 = DIRECTION ( 'NONE',  ( -0.5254480155638050487, 0.8508257065580819845, -3.083952846180986139E-15 ) ) ;
#3629 = ADVANCED_FACE ( 'NONE', ( #4308 ), #2593, .T. ) ;
#3630 = DIRECTION ( 'NONE',  ( -0.7071067811865191510, -0.7071067811865761055, -3.588782762705630604E-15 ) ) ;
#3631 = B_SPLINE_CURVE_WITH_KNOTS ( 'NONE', 3,
 ( #150, #3923, #3364, #3517 ),
 .UNSPECIFIED., .F., .F.,
 ( 4, 4 ),
 ( 0.000000000000000000, 0.1368335018890757537 ),
 .UNSPECIFIED. ) ;
#3632 = CARTESIAN_POINT ( 'NONE',  ( 243.4024614132079876, 350.9454834863939823, 70.07112284274730030 ) ) ;
#3633 = ORIENTED_EDGE ( 'NONE', *, *, #3480, .T. ) ;
#3634 = DIRECTION ( 'NONE',  ( 7.479616927696616682E-16, -2.070759876205155989E-30, -1.000000000000000000 ) ) ;
#3635 = DIRECTION ( 'NONE',  ( 0.3826834323650846192, 0.9238795325112888479, 1.885568995626963153E-15 ) ) ;
#3636 = FACE_OUTER_BOUND ( 'NONE', #2591, .T. ) ;
#3637 = ORIENTED_EDGE ( 'NONE', *, *, #1456, .F. ) ;
#3638 = ORIENTED_EDGE ( 'NONE', *, *, #499, .T. ) ;
#3639 = DIRECTION ( 'NONE',  ( 0.8941293582032304732, -0.4478087658801231941, 4.537979430722407003E-15 ) ) ;
#3640 = EDGE_LOOP ( 'NONE', ( #1599, #1973, #1462 ) ) ;
#3641 = AXIS2_PLACEMENT_3D ( 'NONE', #1277, #5932, #2588 ) ;
#3642 = CARTESIAN_POINT ( 'NONE',  ( 291.9758684512690365, 347.7805993228830062, 71.00000046773480733 ) ) ;
#3643 = CARTESIAN_POINT ( 'NONE',  ( 248.7377559731719998, 333.2441063857909853, 68.75735978061520370 ) ) ;
#3644 = CARTESIAN_POINT ( 'NONE',  ( 294.1724793217489946, 343.5432494308849982, 67.80000046773470501 ) ) ;
#3645 = ORIENTED_EDGE ( 'NONE', *, *, #766, .F. ) ;
#3646 = AXIS2_PLACEMENT_3D ( 'NONE', #2347, #1338, #1309 ) ;
#3647 = CARTESIAN_POINT ( 'NONE',  ( 290.0625997929240043, 366.0298387846179935, 68.75735978061531739 ) ) ;
#3648 = VERTEX_POINT ( 'NONE', #5730 ) ;
#3649 = CARTESIAN_POINT ( 'NONE',  ( 291.2340830192720205, 351.0420302381072020, 69.89651790794515307 ) ) ;
#3650 = DIRECTION ( 'NONE',  ( 0.9853540647909951877, 0.1705208696900857579, 4.625929269271464023E-15 ) ) ;
#3651 = EDGE_CURVE ( 'NONE', #5652, #1273, #1994, .T. ) ;
#3652 = ADVANCED_FACE ( 'NONE', ( #1617 ), #5880, .T. ) ;
#3653 = CLOSED_SHELL ( 'NONE', ( #3825, #2412, #5097, #4147, #5772, #909, #2134, #558, #4838, #5846, #4433, #2390, #376, #5498, #3916, #2661, #1168, #1044, #4342, #527, #2794, #4871, #2748, #3613, #289, #1201, #5000, #2678, #1807, #632, #2388, #6039, #225, #140, #4536, #5404, #4032, #1185, #4367, #4908, #5994, #3730, #114, #1775, #3085, #557, #915, #4006, #1845, #2205, #3462, #2668, #2152, #4694, #2824, #2139, #2441, #5308, #1364, #5425, #139, #1955, #831, #5562, #2491, #1727, #4909, #1132, #3811, #4439, #1081, #1085, #3652, #300, #3044, #5970, #1242, #3570, #35, #2866, #1741, #5936, #2111, #4479, #991, #136, #876, #1621, #2025, #5894, #1689, #1144, #5388, #4683, #2507, #2948, #5924, #4886, #446, #571, #5093, #2370, #2632, #2786, #2483, #832, #69, #4805, #5597, #2856, #1165, #2706, #1173, #4994, #4761, #5861, #1593, #5848, #5152, #1491, #3365, #5054, #3577, #1514, #1068, #5734, #4063, #2702, #652, #5249, #2724, #812, #3629, #1103, #3858, #6000, #2286, #5713, #1114, #3993, #2479, #963, #5290, #631, #3813, #6098, #1925, #216, #3309, #3289, #3034, #3160, #2679, #66, #2406, #3042, #1138, #3445, #5330, #3786, #706, #2109, #251, #5116, #5321, #1247, #2906, #4066, #2327, #1046, #4688, #4941, #5362, #1248, #4184, #1262, #4073, #29, #3960, #282, #4634, #2564, #2344, #4779, #3440 ) ) ;
#3654 = CARTESIAN_POINT ( 'NONE',  ( 242.4005840167840518, 349.8719559497408227, 71.00037565771131653 ) ) ;
#3655 = DIRECTION ( 'NONE',  ( -2.537652627714694853E-15, -2.537652627714694853E-15, 1.000000000000000000 ) ) ;
#3656 = ORIENTED_EDGE ( 'NONE', *, *, #5546, .F. ) ;
#3657 = VECTOR ( 'NONE', #2376, 1000.000000000000000 ) ;
#3658 = PRODUCT_RELATED_PRODUCT_CATEGORY ( 'part', '', ( #980 ) ) ;
#3659 = CARTESIAN_POINT ( 'NONE',  ( 297.1224166790609615, 344.0890237321630138, 67.80000046773470501 ) ) ;
#3660 = ORIENTED_EDGE ( 'NONE', *, *, #4762, .T. ) ;
#3661 = CARTESIAN_POINT ( 'NONE',  ( 251.3595895153140134, 331.7797722601289365, 65.00000046773449469 ) ) ;
#3662 = AXIS2_PLACEMENT_3D ( 'NONE', #5737, #3411, #2949 ) ;
#3663 = CARTESIAN_POINT ( 'NONE',  ( 251.3275750174570078, 331.7152706833470006, 68.75702273081900273 ) ) ;
#3664 = ORIENTED_EDGE ( 'NONE', *, *, #5074, .T. ) ;
#3665 = DIRECTION ( 'NONE',  ( -5.251782877184730349E-15, -4.260546678974805227E-16, 1.000000000000000000 ) ) ;
#3666 = DIRECTION ( 'NONE',  ( 0.000000000000000000, 0.000000000000000000, -1.000000000000000000 ) ) ;
#3667 = ORIENTED_EDGE ( 'NONE', *, *, #4351, .F. ) ;
#3668 = DIRECTION ( 'NONE',  ( 0.000000000000000000, -1.000000000000000000, -5.048709793107170241E-29 ) ) ;
#3669 = EDGE_CURVE ( 'NONE', #2504, #6077, #5333, .T. ) ;
#3670 = VECTOR ( 'NONE', #1612, 1000.000000000000000 ) ;
#3671 = ORIENTED_EDGE ( 'NONE', *, *, #795, .F. ) ;
#3672 = CIRCLE ( 'NONE', #6050, 3.000000000000002665 ) ;
#3673 = EDGE_LOOP ( 'NONE', ( #785, #935, #5937, #1427, #5079, #1445, #3720, #1093, #210, #848, #3224, #3227, #507 ) ) ;
#3674 = CARTESIAN_POINT ( 'NONE',  ( 251.3371976959110157, 331.7348525454870014, 69.21220022537539762 ) ) ;
#3675 = ORIENTED_EDGE ( 'NONE', *, *, #2100, .F. ) ;
#3676 = DIRECTION ( 'NONE',  ( -0.5254480155638053818, 0.8508257065580817624, -2.639796593877750544E-15 ) ) ;
#3677 = VECTOR ( 'NONE', #3826, 1000.000000000000114 ) ;
#3678 = LINE ( 'NONE', #146, #1974 ) ;
#3679 = CARTESIAN_POINT ( 'NONE',  ( 300.5641202312199880, 342.8007829885880824, 71.00012761749390222 ) ) ;
#3680 = VECTOR ( 'NONE', #1728, 1000.000000000000000 ) ;
#3681 = ORIENTED_EDGE ( 'NONE', *, *, #888, .F. ) ;
#3682 = ORIENTED_EDGE ( 'NONE', *, *, #4265, .T. ) ;
#3683 = LINE ( 'NONE', #365, #3873 ) ;
#3684 = CARTESIAN_POINT ( 'NONE',  ( 292.4724793217490060, 343.5432494308849982, 67.60000046773470217 ) ) ;
#3685 = CARTESIAN_POINT ( 'NONE',  ( 252.3847188443150173, 358.5714863629619913, 71.00000046773459417 ) ) ;
#3686 = AXIS2_PLACEMENT_3D ( 'NONE', #1712, #3158, #3317 ) ;
#3687 = CARTESIAN_POINT ( 'NONE',  ( 299.1043002490169442, 343.0066643985180121, 71.00000046773480733 ) ) ;
#3688 = CIRCLE ( 'NONE', #1038, 3.000000000000002665 ) ;
#3689 = ORIENTED_EDGE ( 'NONE', *, *, #748, .T. ) ;
#3690 = EDGE_CURVE ( 'NONE', #6046, #451, #307, .T. ) ;
#3691 = FACE_OUTER_BOUND ( 'NONE', #1265, .T. ) ;
#3692 = CARTESIAN_POINT ( 'NONE',  ( 251.0867430111570116, 331.9164225727259918, 70.07561663805289243 ) ) ;
#3693 = DIRECTION ( 'NONE',  ( 1.000000000000000000, 0.000000000000000000, 5.075305255429250078E-15 ) ) ;
#3694 = EDGE_CURVE ( 'NONE', #3288, #1817, #2503, .T. ) ;
#3695 = EDGE_CURVE ( 'NONE', #3711, #4495, #5749, .T. ) ;
#3696 = VERTEX_POINT ( 'NONE', #1160 ) ;
#3697 = CARTESIAN_POINT ( 'NONE',  ( 291.7780791438210599, 347.3633757074829873, 68.00000046773470785 ) ) ;
#3698 = CARTESIAN_POINT ( 'NONE',  ( 241.6882576922999988, 349.6686416691960062, 71.93791104107039303 ) ) ;
#3699 = ORIENTED_EDGE ( 'NONE', *, *, #2372, .T. ) ;
#3700 = EDGE_LOOP ( 'NONE', ( #752, #1397, #5533, #5728 ) ) ;
#3701 = ORIENTED_EDGE ( 'NONE', *, *, #3695, .T. ) ;
#3702 = CARTESIAN_POINT ( 'NONE',  ( 251.0867430111570116, 331.9164225727259918, 70.07561663805310559 ) ) ;
#3703 = CIRCLE ( 'NONE', #5686, 2.000000000000031974 ) ;
#3704 = VERTEX_POINT ( 'NONE', #4052 ) ;
#3705 = EDGE_CURVE ( 'NONE', #2885, #567, #5939, .T. ) ;
#3706 = CIRCLE ( 'NONE', #2812, 1.999999999999992895 ) ;
#3707 = DIRECTION ( 'NONE',  ( -0.7071067811865336949, 0.7071067811865614505, 0.000000000000000000 ) ) ;
#3708 = CARTESIAN_POINT ( 'NONE',  ( 266.1328989089290076, 345.6316960581830244, 67.60000046773470217 ) ) ;
#3709 = CARTESIAN_POINT ( 'NONE',  ( 238.0933184961089921, 347.7201426854809938, 71.00000046773449469 ) ) ;
#3710 = ORIENTED_EDGE ( 'NONE', *, *, #4804, .T. ) ;
#3711 = VERTEX_POINT ( 'NONE', #3991 ) ;
#3712 = EDGE_CURVE ( 'NONE', #5738, #3488, #2010, .T. ) ;
#3713 = CARTESIAN_POINT ( 'NONE',  ( 292.7074962826050637, 365.5672824165699808, 68.90000046773472775 ) ) ;
#3714 = CARTESIAN_POINT ( 'NONE',  ( 289.4798339689160116, 356.1554907330070137, 69.40000046773479880 ) ) ;
#3715 = CARTESIAN_POINT ( 'NONE',  ( 236.3933184961089751, 347.7201426854809938, 65.00000046773449469 ) ) ;
#3716 = AXIS2_PLACEMENT_3D ( 'NONE', #2, #3765, #5655 ) ;
#3717 = CARTESIAN_POINT ( 'NONE',  ( 280.1317782974199986, 354.0298387846179935, 59.00000046773410389 ) ) ;
#3718 = CARTESIAN_POINT ( 'NONE',  ( 296.7368521291019761, 359.9293290831280387, 71.00000046773470785 ) ) ;
#3719 = VECTOR ( 'NONE', #5770, 999.9999999999998863 ) ;
#3720 = ORIENTED_EDGE ( 'NONE', *, *, #2478, .F. ) ;
#3721 = CARTESIAN_POINT ( 'NONE',  ( 297.1724793217489946, 343.5432494308849982, 71.00000046773482154 ) ) ;
#3722 = VECTOR ( 'NONE', #156, 1000.000000000000000 ) ;
#3723 = DIRECTION ( 'NONE',  ( 5.045325939066829835E-15, 4.854366611098520095E-17, -1.000000000000000000 ) ) ;
#3724 = ORIENTED_EDGE ( 'NONE', *, *, #3614, .F. ) ;
#3725 = FACE_OUTER_BOUND ( 'NONE', #2945, .T. ) ;
#3726 = CARTESIAN_POINT ( 'NONE',  ( 295.3745608497659987, 344.7453309589020023, 67.60000046773470217 ) ) ;
#3727 = ORIENTED_EDGE ( 'NONE', *, *, #1575, .F. ) ;
#3728 = DIRECTION ( 'NONE',  ( -0.5254480155638028283, 0.8508257065580834277, -2.478176394252575816E-15 ) ) ;
#3729 = EDGE_CURVE ( 'NONE', #3764, #165, #2598, .T. ) ;
#3730 = ADVANCED_FACE ( 'NONE', ( #5412 ), #1188, .F. ) ;
#3731 = ORIENTED_EDGE ( 'NONE', *, *, #3402, .F. ) ;
#3732 = ORIENTED_EDGE ( 'NONE', *, *, #4599, .F. ) ;
#3733 = CARTESIAN_POINT ( 'NONE',  ( 251.0742491638860372, 331.8914763981700276, 70.07561663805310559 ) ) ;
#3734 = EDGE_CURVE ( 'NONE', #5494, #4434, #726, .T. ) ;
#3735 = ORIENTED_EDGE ( 'NONE', *, *, #5372, .T. ) ;
#3736 = LINE ( 'NONE', #2212, #3906 ) ;
#3737 = CARTESIAN_POINT ( 'NONE',  ( 277.8251968995009520, 345.0752022981990308, 59.00000046773470075 ) ) ;
#3738 = DIRECTION ( 'NONE',  ( 0.7071067811865470176, 0.7071067811865480168, 8.748234485413390616E-30 ) ) ;
#3739 = ORIENTED_EDGE ( 'NONE', *, *, #4519, .F. ) ;
#3740 = EDGE_LOOP ( 'NONE', ( #4305, #1428, #1906, #616 ) ) ;
#3741 = DIRECTION ( 'NONE',  ( -0.5254480155638083794, 0.8508257065580797640, -2.275047181608923897E-15 ) ) ;
#3742 = CARTESIAN_POINT ( 'NONE',  ( 294.1724793217489946, 343.5432494308849982, 71.00000046773480733 ) ) ;
#3743 = DIRECTION ( 'NONE',  ( -0.7071067811865336949, -0.7071067811865614505, 0.000000000000000000 ) ) ;
#3744 = CARTESIAN_POINT ( 'NONE',  ( 288.2716764056430065, 358.3940482511480354, 71.00000046773470785 ) ) ;
#3745 = CIRCLE ( 'NONE', #1, 17.39999999999997016 ) ;
#3746 = EDGE_CURVE ( 'NONE', #1723, #364, #411, .T. ) ;
#3747 = DIRECTION ( 'NONE',  ( 1.000000000000000000, 9.856605027687800514E-15, 0.000000000000000000 ) ) ;
#3748 = CARTESIAN_POINT ( 'NONE',  ( 290.7387757964719981, 345.1710332311790239, 71.00000046773480733 ) ) ;
#3749 = AXIS2_PLACEMENT_3D ( 'NONE', #2667, #4190, #3132 ) ;
#3750 = ORIENTED_EDGE ( 'NONE', *, *, #4939, .T. ) ;
#3751 = EDGE_LOOP ( 'NONE', ( #3095, #2303, #4689, #3394, #4376, #1524, #3893, #1082 ) ) ;
#3752 = CARTESIAN_POINT ( 'NONE',  ( 291.2326169915300511, 351.0332589096470315, 69.87868012417511920 ) ) ;
#3753 = ORIENTED_EDGE ( 'NONE', *, *, #2973, .T. ) ;
#3754 = DIRECTION ( 'NONE',  ( 0.3826834323650857295, 0.9238795325112885148, 2.478176394252573844E-15 ) ) ;
#3755 = CARTESIAN_POINT ( 'NONE',  ( 297.6691444047834807, 341.7984412692773617, 68.75735978061543108 ) ) ;
#3756 = ORIENTED_EDGE ( 'NONE', *, *, #5340, .T. ) ;
#3757 = VECTOR ( 'NONE', #2196, 1000.000000000000000 ) ;
#3758 = DIRECTION ( 'NONE',  ( 0.3826834323650955549, 0.9238795325112844070, 3.469446951953602750E-15 ) ) ;
#3759 = CARTESIAN_POINT ( 'NONE',  ( 292.8007071766269860, 349.5205426977560137, 72.44638697176330311 ) ) ;
#3760 = ORIENTED_EDGE ( 'NONE', *, *, #5372, .F. ) ;
#3761 = ORIENTED_EDGE ( 'NONE', *, *, #1318, .T. ) ;
#3762 = CARTESIAN_POINT ( 'NONE',  ( 288.3484631190179925, 355.0241198831080283, 71.00000046773480733 ) ) ;
#3763 = EDGE_CURVE ( 'NONE', #3764, #5836, #3933, .T. ) ;
#3764 = VERTEX_POINT ( 'NONE', #1674 ) ;
#3765 = DIRECTION ( 'NONE',  ( -3.865418436758450516E-29, 5.048709793107170241E-29, -1.000000000000000000 ) ) ;
#3766 = FACE_OUTER_BOUND ( 'NONE', #1561, .T. ) ;
#3767 = DIRECTION ( 'NONE',  ( -3.865418436758450516E-29, 5.048709793107170241E-29, -1.000000000000000000 ) ) ;
#3768 = ORIENTED_EDGE ( 'NONE', *, *, #1802, .T. ) ;
#3769 = DIRECTION ( 'NONE',  ( -0.5254480155638053818, 0.8508257065580817624, -2.262682794752357834E-15 ) ) ;
#3770 = VERTEX_POINT ( 'NONE', #3556 ) ;
#3771 = EDGE_CURVE ( 'NONE', #5222, #787, #5361, .T. ) ;
#3772 = VECTOR ( 'NONE', #933, 1000.000000000000000 ) ;
#3773 = CARTESIAN_POINT ( 'NONE',  ( 289.9062638400429819, 356.2947462868290245, 68.75735978061540266 ) ) ;
#3774 = VECTOR ( 'NONE', #2105, 1000.000000000000114 ) ;
#3775 = DIRECTION ( 'NONE',  ( -1.000000000000000000, 0.000000000000000000, -4.625929269271481378E-15 ) ) ;
#3776 = AXIS2_PLACEMENT_3D ( 'NONE', #3990, #2477, #5878 ) ;
#3777 = DIRECTION ( 'NONE',  ( 0.7071067811865450192, 0.7071067811865500152, 3.588782762705767865E-15 ) ) ;
#3778 = CYLINDRICAL_SURFACE ( 'NONE', #4442, 1.999999999999989786 ) ;
#3779 = LINE ( 'NONE', #2356, #2656 ) ;
#3780 = LINE ( 'NONE', #5669, #4964 ) ;
#3781 = ORIENTED_EDGE ( 'NONE', *, *, #3533, .T. ) ;
#3782 = CIRCLE ( 'NONE', #5658, 6.599999999999975664 ) ;
#3783 = CARTESIAN_POINT ( 'NONE',  ( 300.1280603172372707, 341.8303091225148478, 68.75735978061541687 ) ) ;
#3784 = ORIENTED_EDGE ( 'NONE', *, *, #4925, .T. ) ;
#3785 = DIRECTION ( 'NONE',  ( -4.206854629683915336E-15, -3.385952472658505403E-16, 1.000000000000000000 ) ) ;
#3786 = ADVANCED_FACE ( 'NONE', ( #1590 ), #1220, .T. ) ;
#3787 = EDGE_CURVE ( 'NONE', #6077, #2410, #4145, .T. ) ;
#3788 = ORIENTED_EDGE ( 'NONE', *, *, #5387, .T. ) ;
#3789 = CARTESIAN_POINT ( 'NONE',  ( 291.6620724757102607, 351.6804524782013459, 71.00000046773482154 ) ) ;
#3790 = DIRECTION ( 'NONE',  ( -0.5000000000000062172, -0.5000000000000152101, -0.7071067811865323627 ) ) ;
#3791 = ORIENTED_EDGE ( 'NONE', *, *, #5130, .F. ) ;
#3792 = DIRECTION ( 'NONE',  ( 5.923599492978899653E-16, 2.505548028707670136E-15, 1.000000000000000000 ) ) ;
#3793 = LINE ( 'NONE', #137, #1877 ) ;
#3794 = CARTESIAN_POINT ( 'NONE',  ( 287.9937518512858787, 354.1872966809187346, 70.50000046773482154 ) ) ;
#3795 = VERTEX_POINT ( 'NONE', #2720 ) ;
#3796 = ORIENTED_EDGE ( 'NONE', *, *, #1962, .T. ) ;
#3797 = DIRECTION ( 'NONE',  ( 1.947500853827580365E-15, -2.468076526918235491E-15, -1.000000000000000000 ) ) ;
#3798 = EDGE_LOOP ( 'NONE', ( #941, #4902, #2986, #2989 ) ) ;
#3799 = CARTESIAN_POINT ( 'NONE',  ( 242.7372027299350066, 350.6709724850130101, 69.12297551593350420 ) ) ;
#3800 = DIRECTION ( 'NONE',  ( 0.000000000000000000, 0.000000000000000000, 1.000000000000000000 ) ) ;
#3801 = EDGE_LOOP ( 'NONE', ( #2586, #3417, #842, #1947 ) ) ;
#3802 = CARTESIAN_POINT ( 'NONE',  ( 264.9734359413189964, 355.0298387846179935, 71.00000046773459417 ) ) ;
#3803 = VERTEX_POINT ( 'NONE', #3684 ) ;
#3804 = AXIS2_PLACEMENT_3D ( 'NONE', #2613, #5455, #2202 ) ;
#3805 = CARTESIAN_POINT ( 'NONE',  ( 293.6267050204709790, 340.5933120735729744, 68.00000046773470785 ) ) ;
#3806 = CARTESIAN_POINT ( 'NONE',  ( 288.5852106345219568, 366.2146981668559533, 71.00000046773470785 ) ) ;
#3807 = EDGE_CURVE ( 'NONE', #2620, #476, #1118, .T. ) ;
#3808 = LINE ( 'NONE', #4807, #1634 ) ;
#3809 = VECTOR ( 'NONE', #1897, 1000.000000000000000 ) ;
#3810 = SURFACE_SIDE_STYLE ('',( #5604 ) ) ;
#3811 = ADVANCED_FACE ( 'NONE', ( #789 ), #6005, .T. ) ;
#3812 = CARTESIAN_POINT ( 'NONE',  ( 286.2716764056430065, 350.0298387846179367, 68.75735978061550213 ) ) ;
#3813 = ADVANCED_FACE ( 'NONE', ( #366 ), #1762, .T. ) ;
#3814 = CARTESIAN_POINT ( 'NONE',  ( 258.7950182794642728, 353.6050269626427394, 71.00000046773470785 ) ) ;
#3815 = ORIENTED_EDGE ( 'NONE', *, *, #2610, .F. ) ;
#3816 = VECTOR ( 'NONE', #2839, 1000.000000000000000 ) ;
#3817 = EDGE_LOOP ( 'NONE', ( #3667, #3078, #3699, #1503 ) ) ;
#3818 = DIRECTION ( 'NONE',  ( 5.075305255429250078E-15, 4.782988225340030328E-29, -1.000000000000000000 ) ) ;
#3819 = CIRCLE ( 'NONE', #3610, 18.40000000000000924 ) ;
#3820 = VERTEX_POINT ( 'NONE', #2690 ) ;
#3821 = CARTESIAN_POINT ( 'NONE',  ( 298.0358781299120210, 342.1797385701489702, 69.99403979690708866 ) ) ;
#3822 = CARTESIAN_POINT ( 'NONE',  ( 291.1885809147930217, 350.7697885249590399, 68.00000046773470785 ) ) ;
#3823 = EDGE_LOOP ( 'NONE', ( #3671, #4916, #2649, #2799, #5125, #4186, #2110, #5347, #2003 ) ) ;
#3824 = CARTESIAN_POINT ( 'NONE',  ( 286.2716764056430065, 358.3940482511480354, 71.00000046773470785 ) ) ;
#3825 = ADVANCED_FACE ( 'NONE', ( #2253 ), #2781, .F. ) ;
#3826 = DIRECTION ( 'NONE',  ( -0.7071067811865460184, -0.7071067811865489050, -8.748234485402590809E-30 ) ) ;
#3827 = ORIENTED_EDGE ( 'NONE', *, *, #1852, .F. ) ;
#3828 = AXIS2_PLACEMENT_3D ( 'NONE', #3812, #5697, #6075 ) ;
#3829 = ORIENTED_EDGE ( 'NONE', *, *, #5885, .T. ) ;
#3830 = ORIENTED_EDGE ( 'NONE', *, *, #797, .T. ) ;
#3831 = CARTESIAN_POINT ( 'NONE',  ( 253.9636434386248709, 366.0463529157796074, 59.00000046773455153 ) ) ;
#3832 = VERTEX_POINT ( 'NONE', #4544 ) ;
#3833 = ORIENTED_EDGE ( 'NONE', *, *, #5902, .T. ) ;
#3834 = DIRECTION ( 'NONE',  ( 0.3826834323650897818, 0.9238795325112867385, 2.275047181608919164E-15 ) ) ;
#3835 = CARTESIAN_POINT ( 'NONE',  ( 264.9734359413189964, 350.0298387846179367, 68.90000046773458564 ) ) ;
#3836 = DIRECTION ( 'NONE',  ( 5.921189464667460002E-15, 5.081578997491380000E-29, -1.000000000000000000 ) ) ;
#3837 = DIRECTION ( 'NONE',  ( -0.5254480155638083794, 0.8508257065580797640, -2.275047181608923897E-15 ) ) ;
#3838 = CARTESIAN_POINT ( 'NONE',  ( 241.7178403059299967, 350.0914596731790311, 70.04966163820779457 ) ) ;
#3839 = LINE ( 'NONE', #4326, #3621 ) ;
#3840 = CARTESIAN_POINT ( 'NONE',  ( 251.2159594135557938, 332.0029423259638861, 69.90541007771048498 ) ) ;
#3841 = ORIENTED_EDGE ( 'NONE', *, *, #4519, .T. ) ;
#3842 = DIRECTION ( 'NONE',  ( -0.5254480155638050487, 0.8508257065580817624, -2.921639538487247950E-15 ) ) ;
#3843 = EDGE_CURVE ( 'NONE', #1424, #3979, #885, .T. ) ;
#3844 = FACE_OUTER_BOUND ( 'NONE', #1900, .T. ) ;
#3845 = EDGE_CURVE ( 'NONE', #340, #4976, #4639, .T. ) ;
#3846 = PRESENTATION_LAYER_ASSIGNMENT (  '', '', ( #6014 ) ) ;
#3847 = ORIENTED_EDGE ( 'NONE', *, *, #6058, .T. ) ;
#3848 = CARTESIAN_POINT ( 'NONE',  ( 297.4734088217039698, 341.6316468147389855, 68.75735978061540266 ) ) ;
#3849 = DIRECTION ( 'NONE',  ( -0.7675021011300342533, 0.6410464294893021275, -5.740621707654936694E-16 ) ) ;
#3850 = EDGE_CURVE ( 'NONE', #4936, #6052, #4166, .T. ) ;
#3851 = LINE ( 'NONE', #5740, #2432 ) ;
#3852 = DIRECTION ( 'NONE',  ( 2.398365081719690306E-16, -1.076903867444512017E-15, -1.000000000000000000 ) ) ;
#3853 = CARTESIAN_POINT ( 'NONE',  ( 292.1126564834190731, 348.0691447354390107, 71.74632786882300195 ) ) ;
#3854 = ORIENTED_EDGE ( 'NONE', *, *, #1523, .T. ) ;
#3855 = AXIS2_PLACEMENT_3D ( 'NONE', #5317, #4795, #2957 ) ;
#3856 = ORIENTED_EDGE ( 'NONE', *, *, #6105, .F. ) ;
#3857 = DIRECTION ( 'NONE',  ( -1.000000000000000000, -2.574331827493210107E-15, -6.214986811982760297E-15 ) ) ;
#3858 = ADVANCED_FACE ( 'NONE', ( #2283 ), #3213, .T. ) ;
#3859 = EDGE_CURVE ( 'NONE', #5684, #2828, #2193, .T. ) ;
#3860 = AXIS2_PLACEMENT_3D ( 'NONE', #900, #1778, #5983 ) ;
#3861 = ORIENTED_EDGE ( 'NONE', *, *, #479, .T. ) ;
#3862 = VERTEX_POINT ( 'NONE', #4178 ) ;
#3863 = CARTESIAN_POINT ( 'NONE',  ( 281.8716764056430293, 364.4298387846179708, 71.00000046773470785 ) ) ;
#3864 = PLANE ( 'NONE',  #3500 ) ;
#3865 = CARTESIAN_POINT ( 'NONE',  ( 264.9734359413189964, 358.3940482511480354, 71.00000046773459417 ) ) ;
#3866 = DIRECTION ( 'NONE',  ( -0.4478087658801200854, -0.8941293582032322496, 9.267906874175051991E-15 ) ) ;
#3867 = CARTESIAN_POINT ( 'NONE',  ( 243.3444956346239962, 351.0097607840190221, 69.89476020446110738 ) ) ;
#3868 = DIRECTION ( 'NONE',  ( -1.000000000000000000, -1.184237892933480010E-14, 4.905273963292390079E-15 ) ) ;
#3869 = LINE ( 'NONE', #5516, #612 ) ;
#3870 = VECTOR ( 'NONE', #4094, 1000.000000000000000 ) ;
#3871 = ORIENTED_EDGE ( 'NONE', *, *, #3694, .F. ) ;
#3872 = AXIS2_PLACEMENT_3D ( 'NONE', #3586, #1010, #979 ) ;
#3873 = VECTOR ( 'NONE', #334, 1000.000000000000114 ) ;
#3874 = FACE_OUTER_BOUND ( 'NONE', #5452, .T. ) ;
#3875 = AXIS2_PLACEMENT_3D ( 'NONE', #3009, #4907, #1625 ) ;
#3876 = VERTEX_POINT ( 'NONE', #5601 ) ;
#3877 = DIRECTION ( 'NONE',  ( -5.075305255429250078E-15, -5.076883396865070006E-29, 1.000000000000000000 ) ) ;
#3878 = PLANE ( 'NONE',  #918 ) ;
#3879 = EDGE_CURVE ( 'NONE', #111, #4883, #1377, .T. ) ;
#3880 = CARTESIAN_POINT ( 'NONE',  ( 247.4841459440389997, 357.5382053363400132, 71.00000046773449469 ) ) ;
#3881 = AXIS2_PLACEMENT_3D ( 'NONE', #1191, #5882, #1650 ) ;
#3882 = DIRECTION ( 'NONE',  ( -3.865418436758450516E-29, 5.048709793107170241E-29, -1.000000000000000000 ) ) ;
#3883 = EDGE_CURVE ( 'NONE', #310, #3188, #4674, .T. ) ;
#3884 = AXIS2_PLACEMENT_3D ( 'NONE', #3498, #4511, #5855 ) ;
#3885 = EDGE_CURVE ( 'NONE', #5197, #2339, #3068, .T. ) ;
#3886 = CARTESIAN_POINT ( 'NONE',  ( 285.8574628432700138, 349.0298387846179367, 65.00000046773469364 ) ) ;
#3887 = VERTEX_POINT ( 'NONE', #3865 ) ;
#3888 = CARTESIAN_POINT ( 'NONE',  ( 294.1417340907309494, 367.4298387846179708, 65.00000046773469364 ) ) ;
#3889 = ORIENTED_EDGE ( 'NONE', *, *, #1665, .F. ) ;
#3890 = CARTESIAN_POINT ( 'NONE',  ( 250.3008830973460022, 329.6658777539269636, 65.00000046773449469 ) ) ;
#3891 = ORIENTED_EDGE ( 'NONE', *, *, #5790, .F. ) ;
#3892 = EDGE_CURVE ( 'NONE', #1296, #4653, #2780, .T. ) ;
#3893 = ORIENTED_EDGE ( 'NONE', *, *, #3950, .T. ) ;
#3894 = CARTESIAN_POINT ( 'NONE',  ( 281.8716764056430293, 364.4298387846179708, 71.00000046773470785 ) ) ;
#3895 = DIRECTION ( 'NONE',  ( 3.865418436758450516E-29, -5.048709793107170241E-29, 1.000000000000000000 ) ) ;
#3896 = DIRECTION ( 'NONE',  ( 0.3826834323650872283, 0.9238795325112878487, 2.135044278125300948E-15 ) ) ;
#3897 = DIRECTION ( 'NONE',  ( -3.865418436758450516E-29, 5.048709793107170241E-29, -1.000000000000000000 ) ) ;
#3898 = FACE_OUTER_BOUND ( 'NONE', #4621, .T. ) ;
#3899 = CARTESIAN_POINT ( 'NONE',  ( 294.7182536230270102, 346.4931867881970220, 68.00000046773470785 ) ) ;
#3900 = CIRCLE ( 'NONE', #2021, 17.39999999999998792 ) ;
#3901 = CARTESIAN_POINT ( 'NONE',  ( 264.6749672621019727, 355.6298387846179594, 59.31757849573661900 ) ) ;
#3902 = EDGE_CURVE ( 'NONE', #1176, #570, #534, .T. ) ;
#3903 = ORIENTED_EDGE ( 'NONE', *, *, #1722, .F. ) ;
#3904 = CARTESIAN_POINT ( 'NONE',  ( 298.1497598285610025, 361.3448473037140047, 71.00000046773480733 ) ) ;
#3905 = DIRECTION ( 'NONE',  ( 3.865418436758450516E-29, -5.048709793107170241E-29, 1.000000000000000000 ) ) ;
#3906 = VECTOR ( 'NONE', #3204, 1000.000000000000000 ) ;
#3907 = ORIENTED_EDGE ( 'NONE', *, *, #676, .F. ) ;
#3908 = CARTESIAN_POINT ( 'NONE',  ( 297.6249265696910129, 341.9264493042250024, 70.84096091121440963 ) ) ;
#3909 = DIRECTION ( 'NONE',  ( 5.075305255429250078E-15, 5.708194612618561243E-29, -1.000000000000000000 ) ) ;
#3910 = CONICAL_SURFACE ( 'NONE', #1256, 6.100000000000021849, 0.7853981633974469467 ) ;
#3911 = AXIS2_PLACEMENT_3D ( 'NONE', #1454, #4285, #1911 ) ;
#3912 = CARTESIAN_POINT ( 'NONE',  ( 264.9734359413189964, 355.0298387846179935, 71.00000046773459417 ) ) ;
#3913 = CARTESIAN_POINT ( 'NONE',  ( 264.9734359413189964, 350.0298387846179367, 68.75735978061540266 ) ) ;
#3914 = VERTEX_POINT ( 'NONE', #5756 ) ;
#3915 = VECTOR ( 'NONE', #4671, 1000.000000000000000 ) ;
#3916 = ADVANCED_FACE ( 'NONE', ( #1071 ), #2384, .F. ) ;
#3918 = EDGE_CURVE ( 'NONE', #2339, #420, #3338, .T. ) ;
#3917 = CARTESIAN_POINT ( 'NONE',  ( 240.5759648376109112, 350.5976702177756010, 70.70082190674501987 ) ) ;
#3919 = CARTESIAN_POINT ( 'NONE',  ( 285.8574628432700138, 349.0298387846179367, 70.87868012417510499 ) ) ;
#3920 = VECTOR ( 'NONE', #749, 1000.000000000000000 ) ;
#3921 = EDGE_LOOP ( 'NONE', ( #5586, #1352, #2830, #2475, #647, #2543, #1885, #1434, #1121, #3202, #643, #5543 ) ) ;
#3922 = ORIENTED_EDGE ( 'NONE', *, *, #3918, .F. ) ;
#3923 = CARTESIAN_POINT ( 'NONE',  ( 251.1112019099510064, 331.9041727688435230, 70.01969619876726370 ) ) ;
#3924 = AXIS2_PLACEMENT_3D ( 'NONE', #2467, #2991, #4803 ) ;
#3925 = EDGE_LOOP ( 'NONE', ( #2990, #4884, #1571, #5211, #5103 ) ) ;
#3926 = CARTESIAN_POINT ( 'NONE',  ( 292.2793582083459683, 349.2029191603510299, 69.81330397207159422 ) ) ;
#3927 = DIRECTION ( 'NONE',  ( 0.000000000000000000, 1.000000000000000000, 0.000000000000000000 ) ) ;
#3928 = CARTESIAN_POINT ( 'NONE',  ( 243.3719526817179997, 350.9793067989049860, 69.98395062936239697 ) ) ;
#3929 = DIRECTION ( 'NONE',  ( 0.000000000000000000, -1.000000000000000000, 0.000000000000000000 ) ) ;
#3930 = FACE_OUTER_BOUND ( 'NONE', #1157, .T. ) ;
#3931 = ORIENTED_EDGE ( 'NONE', *, *, #3326, .F. ) ;
#3932 = LINE ( 'NONE', #1616, #1419 ) ;
#3933 = LINE ( 'NONE', #5822, #1696 ) ;
#3934 =( BOUNDED_CURVE ( )  B_SPLINE_CURVE ( 3, ( #5228, #3917, #1546, #1117 ),
 .UNSPECIFIED., .F., .F. ) 
 B_SPLINE_CURVE_WITH_KNOTS ( ( 4, 4 ),
 ( 0.3659108291109919864, 0.4651178524849179929 ),
 .UNSPECIFIED. ) 
 CURVE ( )  GEOMETRIC_REPRESENTATION_ITEM ( )  RATIONAL_B_SPLINE_CURVE ( ( 1.000000000000000000, 0.9991799986984661874, 0.9991799986984661874, 1.000000000000000000 ) ) 
 REPRESENTATION_ITEM ( '' )  );
#3935 = EDGE_CURVE ( 'NONE', #5400, #2377, #4061, .T. ) ;
#3936 = ORIENTED_EDGE ( 'NONE', *, *, #281, .T. ) ;
#3937 = CARTESIAN_POINT ( 'NONE',  ( 240.3553174762540152, 350.7735605431969930, 68.75735978061510423 ) ) ;
#3938 = CARTESIAN_POINT ( 'NONE',  ( 264.4726037499009408, 349.0298387846179367, 59.00000046773460838 ) ) ;
#3939 = CIRCLE ( 'NONE', #1765, 1.699999999999979305 ) ;
#3940 = PLANE ( 'NONE',  #3875 ) ;
#3941 = AXIS2_PLACEMENT_3D ( 'NONE', #3708, #5076, #846 ) ;
#3942 = ORIENTED_EDGE ( 'NONE', *, *, #1324, .F. ) ;
#3943 = AXIS2_PLACEMENT_3D ( 'NONE', #1933, #5705, #3346 ) ;
#3944 = LINE ( 'NONE', #5369, #4435 ) ;
#3945 = EDGE_LOOP ( 'NONE', ( #4627, #5839, #5581, #3199, #4408, #1183, #5212, #3380, #2791 ) ) ;
#3946 = DIRECTION ( 'NONE',  ( 0.5000000000000058842, 0.5000000000000078826, -0.7071067811865378028 ) ) ;
#3947 = AXIS2_PLACEMENT_3D ( 'NONE', #1301, #5068, #2707 ) ;
#3948 = ORIENTED_EDGE ( 'NONE', *, *, #207, .T. ) ;
#3949 = AXIS2_PLACEMENT_3D ( 'NONE', #2342, #5991, #3173 ) ;
#3950 = EDGE_CURVE ( 'NONE', #4042, #1922, #3688, .T. ) ;
#3951 = VERTEX_POINT ( 'NONE', #4834 ) ;
#3952 = CARTESIAN_POINT ( 'NONE',  ( 286.2716764056430065, 350.0298387846179367, 68.90000046773469933 ) ) ;
#3953 = DIRECTION ( 'NONE',  ( -5.251782877184730349E-15, -4.260546678974805227E-16, 1.000000000000000000 ) ) ;
#3954 = DIRECTION ( 'NONE',  ( -0.4478087658801208626, -0.8941293582032318055, -3.157967714489334379E-15 ) ) ;
#3955 = VECTOR ( 'NONE', #3790, 1000.000000000000000 ) ;
#3956 = CARTESIAN_POINT ( 'NONE',  ( 285.8574628432700138, 349.0298387846179367, 69.40000046773469933 ) ) ;
#3957 = LINE ( 'NONE', #3899, #5216 ) ;
#3958 = DIRECTION ( 'NONE',  ( -0.7071067811865489050, 0.7071067811865460184, 0.000000000000000000 ) ) ;
#3959 = EDGE_CURVE ( 'NONE', #2805, #4577, #6107, .T. ) ;
#3960 = ADVANCED_FACE ( 'NONE', ( #3367 ), #3626, .T. ) ;
#3961 = CARTESIAN_POINT ( 'NONE',  ( 315.8284271247720767, 347.3431457505780031, 68.75735978061560161 ) ) ;
#3962 = VERTEX_POINT ( 'NONE', #5842 ) ;
#3963 = FACE_OUTER_BOUND ( 'NONE', #5642, .T. ) ;
#3964 = DIRECTION ( 'NONE',  ( -1.947500853827580365E-15, 2.468076526918235491E-15, 1.000000000000000000 ) ) ;
#3965 = CARTESIAN_POINT ( 'NONE',  ( 235.1063960833409965, 347.9999542293850254, 68.00000046773470785 ) ) ;
#3966 = VECTOR ( 'NONE', #4127, 1000.000000000000114 ) ;
#3967 = EDGE_LOOP ( 'NONE', ( #1986, #5802, #4480, #1971 ) ) ;
#3968 = EDGE_CURVE ( 'NONE', #3862, #3648, #2553, .T. ) ;
#3969 = CARTESIAN_POINT ( 'NONE',  ( 239.9723004224499903, 341.1996202692069460, 59.00000046773450180 ) ) ;
#3970 = DIRECTION ( 'NONE',  ( 0.000000000000000000, -1.000000000000000000, -5.048709793107170241E-29 ) ) ;
#3971 = CONICAL_SURFACE ( 'NONE', #1601, 19.50000000000000000, 0.7853981633974320697 ) ;
#3972 = LINE ( 'NONE', #4373, #2691 ) ;
#3973 = EDGE_LOOP ( 'NONE', ( #809, #5397, #4288, #3581 ) ) ;
#3974 = CYLINDRICAL_SURFACE ( 'NONE', #3555, 18.39999999999999503 ) ;
#3975 = ORIENTED_EDGE ( 'NONE', *, *, #1708, .T. ) ;
#3976 = CARTESIAN_POINT ( 'NONE',  ( 264.9734359413189964, 354.0298387846179935, 60.72714484899740484 ) ) ;
#3977 = VECTOR ( 'NONE', #1386, 1000.000000000000000 ) ;
#3978 = ORIENTED_EDGE ( 'NONE', *, *, #4105, .F. ) ;
#3979 = VERTEX_POINT ( 'NONE', #4356 ) ;
#3980 = ORIENTED_EDGE ( 'NONE', *, *, #4103, .T. ) ;
#3981 = CARTESIAN_POINT ( 'NONE',  ( 277.8251968995009520, 345.0752022981990308, 59.00000046773470075 ) ) ;
#3982 = CARTESIAN_POINT ( 'NONE',  ( 294.1724793217489946, 343.5432494308849982, 65.00000046773469364 ) ) ;
#3983 = LINE ( 'NONE', #2650, #5037 ) ;
#3984 = CARTESIAN_POINT ( 'NONE',  ( 286.2716764056430065, 355.6298387846179594, 65.00000046773469364 ) ) ;
#3985 = CARTESIAN_POINT ( 'NONE',  ( 287.9285306551350345, 354.0298387846179935, 65.00000046773469364 ) ) ;
#3986 = CARTESIAN_POINT ( 'NONE',  ( 251.3275750174570078, 331.7152706833470006, 65.00000046773459417 ) ) ;
#3987 = VERTEX_POINT ( 'NONE', #4919 ) ;
#3988 = EDGE_CURVE ( 'NONE', #4726, #1065, #2038, .T. ) ;
#3989 = AXIS2_PLACEMENT_3D ( 'NONE', #3059, #2602, #4610 ) ;
#3990 = CARTESIAN_POINT ( 'NONE',  ( 277.8251968995009520, 345.0752022981990308, 59.00000046773470075 ) ) ;
#3991 = CARTESIAN_POINT ( 'NONE',  ( 305.2218254069740055, 336.7365440327790225, 68.75735978061550213 ) ) ;
#3992 = CARTESIAN_POINT ( 'NONE',  ( 285.8574628432700138, 349.0298387846179367, 68.75735978061550213 ) ) ;
#3993 = ADVANCED_FACE ( 'NONE', ( #181 ), #3971, .T. ) ;
#3994 = EDGE_CURVE ( 'NONE', #6060, #2514, #2579, .T. ) ;
#3995 = CONICAL_SURFACE ( 'NONE', #957, 6.100000000000009415, 0.7853981633974399523 ) ;
#3996 = DIRECTION ( 'NONE',  ( 0.7071067811865475727, 0.7071067811865475727, 0.000000000000000000 ) ) ;
#3997 = CARTESIAN_POINT ( 'NONE',  ( 288.2716764056430065, 364.2394269734959948, 69.40000046773469933 ) ) ;
#3998 = CARTESIAN_POINT ( 'NONE',  ( 264.4726037499009408, 349.0298387846179367, 70.50000046773459417 ) ) ;
#3999 = AXIS2_PLACEMENT_3D ( 'NONE', #5568, #3308, #4640 ) ;
#4000 = DIRECTION ( 'NONE',  ( -4.135580799816630757E-15, -1.665250005579849882E-16, 1.000000000000000000 ) ) ;
#4001 = ORIENTED_EDGE ( 'NONE', *, *, #4981, .T. ) ;
#4002 = DIRECTION ( 'NONE',  ( -0.7675021011300318108, 0.6410464294893049031, -3.067316696223879156E-15 ) ) ;
#4003 = CARTESIAN_POINT ( 'NONE',  ( 263.4385522203879759, 356.4488832589319713, 71.00000046773459417 ) ) ;
#4004 = AXIS2_PLACEMENT_3D ( 'NONE', #2994, #3866, #5236 ) ;
#4005 = CYLINDRICAL_SURFACE ( 'NONE', #2521, 3.000000000000000000 ) ;
#4006 = ADVANCED_FACE ( 'NONE', ( #1554 ), #5325, .F. ) ;
#4007 = AXIS2_PLACEMENT_3D ( 'NONE', #3412, #5646, #3293 ) ;
#4008 = CARTESIAN_POINT ( 'NONE',  ( 251.3595895153130186, 331.7797722601289365, 68.75735978061520370 ) ) ;
#4009 = VERTEX_POINT ( 'NONE', #3431 ) ;
#4010 = EDGE_LOOP ( 'NONE', ( #5598, #1493, #5161, #4321 ) ) ;
#4011 = CARTESIAN_POINT ( 'NONE',  ( 251.3595895153140134, 331.7797722601289365, 59.00000046773460838 ) ) ;
#4012 = B_SPLINE_CURVE_WITH_KNOTS ( 'NONE', 3,
 ( #4504, #2096, #5843, #4920 ),
 .UNSPECIFIED., .F., .F.,
 ( 4, 4 ),
 ( 2.756237477653699752, 2.774366010587669962 ),
 .UNSPECIFIED. ) ;
#4013 = ORIENTED_EDGE ( 'NONE', *, *, #2305, .T. ) ;
#4014 = CARTESIAN_POINT ( 'NONE',  ( 286.2716764056430065, 350.0298387846179367, 59.00000046773470075 ) ) ;
#4015 = CARTESIAN_POINT ( 'NONE',  ( 248.0206235589609776, 357.2695200768120003, 59.00000046773450180 ) ) ;
#4016 = DIRECTION ( 'NONE',  ( -5.551115123125779621E-17, 1.000000000000000000, 0.000000000000000000 ) ) ;
#4017 = ORIENTED_EDGE ( 'NONE', *, *, #5132, .F. ) ;
#4018 = DIRECTION ( 'NONE',  ( -0.5254480155638063810, 0.8508257065580810963, -2.775557561562891351E-15 ) ) ;
#4019 = ORIENTED_EDGE ( 'NONE', *, *, #4844, .T. ) ;
#4020 = CYLINDRICAL_SURFACE ( 'NONE', #5358, 18.40000000000000924 ) ;
#4021 = DIRECTION ( 'NONE',  ( -2.935473107612204995E-15, -2.506276067140520119E-15, 1.000000000000000000 ) ) ;
#4022 = CARTESIAN_POINT ( 'NONE',  ( 285.8574628432700138, 368.0298387846179935, 71.00000046773470785 ) ) ;
#4023 = CARTESIAN_POINT ( 'NONE',  ( 300.1327390676170239, 342.4172156380689671, 70.31611179313949833 ) ) ;
#4024 = EDGE_CURVE ( 'NONE', #1507, #3074, #1123, .T. ) ;
#4025 = EDGE_CURVE ( 'NONE', #386, #2158, #1316, .T. ) ;
#4026 = EDGE_LOOP ( 'NONE', ( #907, #1803, #1542, #5557 ) ) ;
#4027 = DIRECTION ( 'NONE',  ( -4.206854629683915336E-15, -3.385952472658510333E-16, 1.000000000000000000 ) ) ;
#4028 = LINE ( 'NONE', #2166, #5942 ) ;
#4029 = CARTESIAN_POINT ( 'NONE',  ( 286.2716764056430065, 358.3940482511480354, 69.40000046773469933 ) ) ;
#4030 = DIRECTION ( 'NONE',  ( -0.7071067811865460184, -0.7071067811865489050, -8.748234485402590809E-30 ) ) ;
#4031 = CARTESIAN_POINT ( 'NONE',  ( 241.5458432552780152, 352.3806225735750104, 59.00000046773440232 ) ) ;
#4032 = ADVANCED_FACE ( 'NONE', ( #1458 ), #1426, .F. ) ;
#4033 = CARTESIAN_POINT ( 'NONE',  ( 264.9734359413189964, 350.0298387846179367, 68.40000046773458564 ) ) ;
#4034 = LINE ( 'NONE', #4003, #4895 ) ;
#4035 = DIRECTION ( 'NONE',  ( 0.7071067811865470176, 0.7071067811865480168, 8.748234485413390616E-30 ) ) ;
#4036 = AXIS2_PLACEMENT_3D ( 'NONE', #5741, #1053, #1087 ) ;
#4037 = FACE_OUTER_BOUND ( 'NONE', #637, .T. ) ;
#4038 = ORIENTED_EDGE ( 'NONE', *, *, #1631, .T. ) ;
#4039 = ORIENTED_EDGE ( 'NONE', *, *, #1547, .F. ) ;
#4040 = DIRECTION ( 'NONE',  ( 5.075305255429250078E-15, 1.782680100817335193E-28, -1.000000000000000000 ) ) ;
#4041 = AXIS2_PLACEMENT_3D ( 'NONE', #5107, #463, #1859 ) ;
#4042 = VERTEX_POINT ( 'NONE', #578 ) ;
#4043 = EDGE_CURVE ( 'NONE', #4069, #5368, #4731, .T. ) ;
#4044 = DIRECTION ( 'NONE',  ( 4.135580799816630757E-15, 1.665250005579850128E-16, -1.000000000000000000 ) ) ;
#4045 = CARTESIAN_POINT ( 'NONE',  ( 292.2328322314756974, 350.3526388908790068, 71.00010458101073141 ) ) ;
#4046 = DIRECTION ( 'NONE',  ( 1.000000000000000000, 0.000000000000000000, 0.000000000000000000 ) ) ;
#4047 = ORIENTED_EDGE ( 'NONE', *, *, #3384, .F. ) ;
#4048 = CYLINDRICAL_SURFACE ( 'NONE', #464, 20.00000000000000000 ) ;
#4049 = EDGE_LOOP ( 'NONE', ( #395, #2259 ) ) ;
#4050 = FACE_OUTER_BOUND ( 'NONE', #441, .T. ) ;
#4051 = AXIS2_PLACEMENT_3D ( 'NONE', #1714, #1171, #5864 ) ;
#4052 = CARTESIAN_POINT ( 'NONE',  ( 315.8284271247720767, 347.3431457505780031, 59.00000046773480022 ) ) ;
#4053 = CARTESIAN_POINT ( 'NONE',  ( 242.4918915137569684, 349.8713868168768499, 71.00023262451978212 ) ) ;
#4054 = ORIENTED_EDGE ( 'NONE', *, *, #3587, .T. ) ;
#4055 = CARTESIAN_POINT ( 'NONE',  ( 270.1641679957360225, 354.0298387846179935, 59.00000046773460838 ) ) ;
#4056 = DIRECTION ( 'NONE',  ( -0.4478087658801240267, -0.8941293582032301401, -2.886579864025405427E-15 ) ) ;
#4057 = DIRECTION ( 'NONE',  ( 0.3826834323650860625, 0.9238795325112882928, 2.081668171172170485E-15 ) ) ;
#4058 = DIRECTION ( 'NONE',  ( 0.000000000000000000, -0.8164965809277388020, 0.5773502691896077454 ) ) ;
#4059 = AXIS2_PLACEMENT_3D ( 'NONE', #1389, #802, #2733 ) ;
#4060 = DIRECTION ( 'NONE',  ( -0.6322449324434707973, 0.3166486150286109691, -0.7071067811865571207 ) ) ;
#4061 = CIRCLE ( 'NONE', #2980, 6.600000000000003197 ) ;
#4062 = VECTOR ( 'NONE', #4927, 1000.000000000000114 ) ;
#4063 = ADVANCED_FACE ( 'NONE', ( #5742 ), #4375, .T. ) ;
#4064 = FACE_OUTER_BOUND ( 'NONE', #3258, .T. ) ;
#4065 = DIRECTION ( 'NONE',  ( -3.865418436758450516E-29, 5.048709793107179770E-29, -1.000000000000000000 ) ) ;
#4066 = ADVANCED_FACE ( 'NONE', ( #488 ), #4824, .T. ) ;
#4067 = EDGE_CURVE ( 'NONE', #4454, #1793, #220, .T. ) ;
#4068 = ORIENTED_EDGE ( 'NONE', *, *, #1300, .T. ) ;
#4069 = VERTEX_POINT ( 'NONE', #1515 ) ;
#4070 = AXIS2_PLACEMENT_3D ( 'NONE', #4125, #5949, #6012 ) ;
#4071 = DIRECTION ( 'NONE',  ( -1.947500853827400110E-15, -2.468076526918295445E-15, 1.000000000000000000 ) ) ;
#4072 = VERTEX_POINT ( 'NONE', #1912 ) ;
#4073 = ADVANCED_FACE ( 'NONE', ( #2954 ), #2688, .T. ) ;
#4074 = LINE ( 'NONE', #810, #659 ) ;
#4075 = ORIENTED_EDGE ( 'NONE', *, *, #2445, .T. ) ;
#4076 = LINE ( 'NONE', #811, #1734 ) ;
#4077 = DIRECTION ( 'NONE',  ( 3.865418436758450516E-29, -5.048709793107170241E-29, 1.000000000000000000 ) ) ;
#4078 = DIRECTION ( 'NONE',  ( 1.000000000000000000, 0.000000000000000000, 0.000000000000000000 ) ) ;
#4079 = CIRCLE ( 'NONE', #4279, 20.00000000000000000 ) ;
#4080 = ORIENTED_EDGE ( 'NONE', *, *, #4330, .F. ) ;
#4081 = CARTESIAN_POINT ( 'NONE',  ( 298.5656602524238679, 342.7466228520385698, 70.99884992188073340 ) ) ;
#4082 = ORIENTED_EDGE ( 'NONE', *, *, #177, .T. ) ;
#4083 = CARTESIAN_POINT ( 'NONE',  ( 243.5032527093027568, 350.2139222238058096, 70.86583760712206015 ) ) ;
#4084 = DIRECTION ( 'NONE',  ( 1.000000000000000000, 5.551115123125779621E-17, -3.865418436758450516E-29 ) ) ;
#4085 = CARTESIAN_POINT ( 'NONE',  ( 295.3745608497659987, 342.3411679028679941, 67.60000046773470217 ) ) ;
#4086 = DIRECTION ( 'NONE',  ( 3.865418436758450516E-29, -5.048709793107170241E-29, 1.000000000000000000 ) ) ;
#4087 = EDGE_CURVE ( 'NONE', #1177, #1819, #5192, .T. ) ;
#4088 = CARTESIAN_POINT ( 'NONE',  ( 297.4735121930480091, 341.6609152462619932, 71.00000046773470785 ) ) ;
#4089 = VERTEX_POINT ( 'NONE', #965 ) ;
#4090 = CARTESIAN_POINT ( 'NONE',  ( 251.1743995108704439, 331.8432085892343935, 69.84837347573801480 ) ) ;
#4091 = DIRECTION ( 'NONE',  ( 1.771028431247338968E-16, -0.7071067811865441310, 0.7071067811865510144 ) ) ;
#4092 = FACE_BOUND ( 'NONE', #1326, .T. ) ;
#4093 = AXIS2_PLACEMENT_3D ( 'NONE', #5080, #4607, #6035 ) ;
#4094 = DIRECTION ( 'NONE',  ( -5.075305255429250078E-15, -5.041557514023260552E-29, 1.000000000000000000 ) ) ;
#4095 = CARTESIAN_POINT ( 'NONE',  ( 289.2615794266339435, 353.0197418056089305, 69.90541007771075499 ) ) ;
#4096 = VECTOR ( 'NONE', #3627, 1000.000000000000000 ) ;
#4097 = DIRECTION ( 'NONE',  ( 0.000000000000000000, 2.373894327159819883E-29, -1.000000000000000000 ) ) ;
#4098 = CARTESIAN_POINT ( 'NONE',  ( 251.2897741306397847, 331.8147380522295293, 69.54260345009417676 ) ) ;
#4099 = ORIENTED_EDGE ( 'NONE', *, *, #5902, .F. ) ;
#4100 = VECTOR ( 'NONE', #5954, 1000.000000000000000 ) ;
#4101 = ORIENTED_EDGE ( 'NONE', *, *, #4986, .T. ) ;
#4102 = LINE ( 'NONE', #1752, #697 ) ;
#4103 = EDGE_CURVE ( 'NONE', #2828, #4541, #5682, .T. ) ;
#4104 = ORIENTED_EDGE ( 'NONE', *, *, #5914, .F. ) ;
#4105 = EDGE_CURVE ( 'NONE', #938, #5029, #4816, .T. ) ;
#4106 = CARTESIAN_POINT ( 'NONE',  ( 291.7780791438210599, 347.3633757074829873, 68.75735978061540266 ) ) ;
#4107 = CIRCLE ( 'NONE', #1459, 1.699999999999979305 ) ;
#4108 = CARTESIAN_POINT ( 'NONE',  ( 292.3229192886402075, 349.0846340530691236, 71.00144057590233615 ) ) ;
#4109 = CIRCLE ( 'NONE', #4818, 17.39999999999997016 ) ;
#4110 = EDGE_CURVE ( 'NONE', #3362, #1793, #3177, .T. ) ;
#4111 = CARTESIAN_POINT ( 'NONE',  ( 287.8024101351033437, 353.7253569146631094, 68.75735978061551634 ) ) ;
#4112 = ORIENTED_EDGE ( 'NONE', *, *, #6105, .T. ) ;
#4113 = CARTESIAN_POINT ( 'NONE',  ( 298.2227713031585949, 342.5123243729172486, 70.99998558582298358 ) ) ;
#4114 = ORIENTED_EDGE ( 'NONE', *, *, #159, .T. ) ;
#4115 = LINE ( 'NONE', #6071, #5971 ) ;
#4116 = CARTESIAN_POINT ( 'NONE',  ( 238.0933184961089921, 347.7201426854809938, 67.60000046773470217 ) ) ;
#4117 = CARTESIAN_POINT ( 'NONE',  ( 242.1192859848735850, 349.8928875591490169, 71.00125357738440357 ) ) ;
#4118 = AXIS2_PLACEMENT_3D ( 'NONE', #1641, #2186, #4046 ) ;
#4119 = ORIENTED_EDGE ( 'NONE', *, *, #338, .F. ) ;
#4120 = DIRECTION ( 'NONE',  ( 7.394218386977240190E-16, 1.785122231299059947E-15, -1.000000000000000000 ) ) ;
#4121 = ORIENTED_EDGE ( 'NONE', *, *, #266, .F. ) ;
#4122 = AXIS2_PLACEMENT_3D ( 'NONE', #5753, #63, #648 ) ;
#4123 = EDGE_CURVE ( 'NONE', #2434, #5992, #2089, .T. ) ;
#4124 = DIRECTION ( 'NONE',  ( -0.3715478549661767049, 0.6016246267150482385, -0.7071067811865558994 ) ) ;
#4125 = CARTESIAN_POINT ( 'NONE',  ( 286.2716764056430065, 350.0298387846179367, 59.00000046773470075 ) ) ;
#4126 = ORIENTED_EDGE ( 'NONE', *, *, #878, .F. ) ;
#4127 = DIRECTION ( 'NONE',  ( -0.4478087658801228055, -0.8941293582032306952, -2.198129442157269308E-15 ) ) ;
#4128 = CARTESIAN_POINT ( 'NONE',  ( 241.1254387900659992, 350.1387290438029822, 71.91543972033659315 ) ) ;
#4129 = CARTESIAN_POINT ( 'NONE',  ( 243.5026302812268852, 351.3115486489637647, 69.90541007771044235 ) ) ;
#4130 = DIRECTION ( 'NONE',  ( -5.551115123125779621E-17, 1.000000000000000000, 0.000000000000000000 ) ) ;
#4131 = DIRECTION ( 'NONE',  ( -3.865418436758450516E-29, 5.048709793107170241E-29, -1.000000000000000000 ) ) ;
#4132 = VERTEX_POINT ( 'NONE', #1169 ) ;
#4133 = VERTEX_POINT ( 'NONE', #2142 ) ;
#4134 = DIRECTION ( 'NONE',  ( 5.045325939066829835E-15, 4.854366611098520095E-17, -1.000000000000000000 ) ) ;
#4135 = ORIENTED_EDGE ( 'NONE', *, *, #1167, .T. ) ;
#4136 = AXIS2_PLACEMENT_3D ( 'NONE', #5712, #4792, #2429 ) ;
#4137 = DIRECTION ( 'NONE',  ( 0.6410464294893086779, 0.7675021011300287022, -1.669672392170619200E-16 ) ) ;
#4138 = DIRECTION ( 'NONE',  ( -0.5254480155638091565, 0.8508257065580794309, -2.844578612472434065E-15 ) ) ;
#4139 = EDGE_CURVE ( 'NONE', #1296, #4089, #1801, .T. ) ;
#4140 = CARTESIAN_POINT ( 'NONE',  ( 291.2225419644369708, 342.9974751296069826, 67.80000046773470501 ) ) ;
#4141 = VERTEX_POINT ( 'NONE', #4426 ) ;
#4142 = AXIS2_PLACEMENT_3D ( 'NONE', #4476, #747, #2124 ) ;
#4143 = ORIENTED_EDGE ( 'NONE', *, *, #2973, .F. ) ;
#4144 = CARTESIAN_POINT ( 'NONE',  ( 266.6484012945999780, 355.6298387846179594, 59.00000046773410389 ) ) ;
#4145 = LINE ( 'NONE', #3714, #3564 ) ;
#4146 = CARTESIAN_POINT ( 'NONE',  ( 288.5852106345219568, 366.2146981668559533, 71.00000046773470785 ) ) ;
#4147 = ADVANCED_FACE ( 'NONE', ( #5393 ), #3036, .T. ) ;
#4148 = CARTESIAN_POINT ( 'NONE',  ( 240.4878509981620027, 347.9351173272700066, 68.00000046773470785 ) ) ;
#4149 = EDGE_CURVE ( 'NONE', #5671, #86, #4553, .T. ) ;
#4150 = CARTESIAN_POINT ( 'NONE',  ( 266.1328989089290076, 345.6316960581830244, 67.60000046773470217 ) ) ;
#4151 = VERTEX_POINT ( 'NONE', #2884 ) ;
#4152 = AXIS2_PLACEMENT_3D ( 'NONE', #1972, #3797, #1059 ) ;
#4153 = LINE ( 'NONE', #6008, #4855 ) ;
#4154 = EDGE_LOOP ( 'NONE', ( #5559, #1820, #433 ) ) ;
#4155 = FACE_OUTER_BOUND ( 'NONE', #531, .T. ) ;
#4156 = AXIS2_PLACEMENT_3D ( 'NONE', #3938, #3594, #3006 ) ;
#4157 = CARTESIAN_POINT ( 'NONE',  ( 240.9376557792269864, 340.3933194086120011, 69.62422162663808933 ) ) ;
#4158 = EDGE_CURVE ( 'NONE', #364, #3200, #1293, .T. ) ;
#4159 = ORIENTED_EDGE ( 'NONE', *, *, #2900, .T. ) ;
#4160 = DIRECTION ( 'NONE',  ( -0.5254480155638115990, 0.8508257065580777656, -2.775557561562889773E-15 ) ) ;
#4161 = DIRECTION ( 'NONE',  ( -3.865418436758450516E-29, 5.048709793107170241E-29, -1.000000000000000000 ) ) ;
#4162 = ORIENTED_EDGE ( 'NONE', *, *, #1513, .T. ) ;
#4163 = FACE_OUTER_BOUND ( 'NONE', #3101, .T. ) ;
#4164 = AXIS2_PLACEMENT_3D ( 'NONE', #4554, #6053, #5123 ) ;
#4165 = ORIENTED_EDGE ( 'NONE', *, *, #3209, .T. ) ;
#4166 = CIRCLE ( 'NONE', #6064, 3.000000000000002665 ) ;
#4167 = VECTOR ( 'NONE', #96, 1000.000000000000000 ) ;
#4168 = EDGE_LOOP ( 'NONE', ( #4250, #1978, #2403 ) ) ;
#4169 = CARTESIAN_POINT ( 'NONE',  ( 251.2654923558459927, 331.8268991467109572, 69.66694158031110362 ) ) ;
#4170 = ORIENTED_EDGE ( 'NONE', *, *, #5807, .F. ) ;
#4171 = LINE ( 'NONE', #5591, #3816 ) ;
#4172 = VECTOR ( 'NONE', #3281, 1000.000000000000000 ) ;
#4173 = CARTESIAN_POINT ( 'NONE',  ( 289.1001035303889921, 352.8582659093639791, 68.75735978061550213 ) ) ;
#4174 = CARTESIAN_POINT ( 'NONE',  ( 300.6191325745338645, 342.7534495775356049, 71.00000106452782234 ) ) ;
#4175 = ORIENTED_EDGE ( 'NONE', *, *, #4677, .F. ) ;
#4176 = ORIENTED_EDGE ( 'NONE', *, *, #299, .T. ) ;
#4177 = DIRECTION ( 'NONE',  ( 5.921189464667460002E-15, 1.665250005579849882E-16, -1.000000000000000000 ) ) ;
#4178 = CARTESIAN_POINT ( 'NONE',  ( 288.4147036268875013, 355.2035641666811898, 59.00000046773471496 ) ) ;
#4179 = LINE ( 'NONE', #6073, #1054 ) ;
#4180 = CARTESIAN_POINT ( 'NONE',  ( 250.0656961106950007, 332.7692390912980045, 68.40000046773458564 ) ) ;
#4181 = VECTOR ( 'NONE', #3381, 1000.000000000000000 ) ;
#4182 = DIRECTION ( 'NONE',  ( -5.597733430554110612E-15, 1.235121114354547882E-16, 1.000000000000000000 ) ) ;
#4183 = CARTESIAN_POINT ( 'NONE',  ( 268.1520060942689838, 348.4379085293400067, 71.00000046773470785 ) ) ;
#4184 = ADVANCED_FACE ( 'NONE', ( #347 ), #6013, .T. ) ;
#4185 = VERTEX_POINT ( 'NONE', #2357 ) ;
#4186 = ORIENTED_EDGE ( 'NONE', *, *, #4263, .T. ) ;
#4187 = CARTESIAN_POINT ( 'NONE',  ( 277.8251968995009520, 345.0752022981990308, 59.00000046773470075 ) ) ;
#4188 = EDGE_CURVE ( 'NONE', #3282, #3210, #3780, .T. ) ;
#4189 = EDGE_CURVE ( 'NONE', #2899, #3282, #2851, .T. ) ;
#4190 = DIRECTION ( 'NONE',  ( -3.865418436758450516E-29, 5.048709793107179770E-29, -1.000000000000000000 ) ) ;
#4191 = ORIENTED_EDGE ( 'NONE', *, *, #5914, .T. ) ;
#4192 = FACE_OUTER_BOUND ( 'NONE', #1720, .T. ) ;
#4193 = DIRECTION ( 'NONE',  ( -0.5254480155638129313, 0.8508257065580769885, -3.469446951953620894E-15 ) ) ;
#4194 = ORIENTED_EDGE ( 'NONE', *, *, #5320, .T. ) ;
#4195 = CARTESIAN_POINT ( 'NONE',  ( 267.3734359413190305, 364.4298387846179708, 71.00000046773470785 ) ) ;
#4196 = EDGE_LOOP ( 'NONE', ( #3157, #2694, #913, #294 ) ) ;
#4197 = ORIENTED_EDGE ( 'NONE', *, *, #5885, .F. ) ;
#4198 = LINE ( 'NONE', #426, #295 ) ;
#4199 = VECTOR ( 'NONE', #3373, 1000.000000000000000 ) ;
#4200 = ORIENTED_EDGE ( 'NONE', *, *, #2065, .F. ) ;
#4201 = DIRECTION ( 'NONE',  ( 0.5499953507477828296, -0.4593766653061528982, 0.6974798875437357992 ) ) ;
#4202 = EDGE_CURVE ( 'NONE', #6052, #3210, #2291, .T. ) ;
#4203 = CARTESIAN_POINT ( 'NONE',  ( 300.3336016406529438, 341.6247677991000273, 66.00000046773479312 ) ) ;
#4204 = DIRECTION ( 'NONE',  ( -0.4999999999999809042, -0.4999999999999801825, 0.7071067811865752173 ) ) ;
#4205 = CIRCLE ( 'NONE', #1544, 18.39999999999999503 ) ;
#4206 = VERTEX_POINT ( 'NONE', #594 ) ;
#4207 = EDGE_LOOP ( 'NONE', ( #1281, #4565, #4888, #5264 ) ) ;
#4208 = CONICAL_SURFACE ( 'NONE', #5099, 17.89999999999998082, 0.7853981633974419507 ) ;
#4209 = DIRECTION ( 'NONE',  ( -0.6532814824381908414, -0.6532814824381723007, 0.3826834323651126524 ) ) ;
#4210 = DIRECTION ( 'NONE',  ( 0.7675021011300342533, -0.6410464294893021275, 3.067316696223900850E-15 ) ) ;
#4211 = CARTESIAN_POINT ( 'NONE',  ( 313.9899494936869928, 345.5046681194930329, 69.40000046773489828 ) ) ;
#4212 = AXIS2_PLACEMENT_3D ( 'NONE', #1512, #3792, #5679 ) ;
#4213 = DIRECTION ( 'NONE',  ( 0.3826834323650836756, 0.9238795325112892920, 1.734723475976810447E-15 ) ) ;
#4214 = DIRECTION ( 'NONE',  ( -4.867545526251600400E-15, -1.005624154589594129E-15, 1.000000000000000000 ) ) ;
#4215 = VECTOR ( 'NONE', #4273, 1000.000000000000000 ) ;
#4216 = ORIENTED_EDGE ( 'NONE', *, *, #1210, .F. ) ;
#4217 = ORIENTED_EDGE ( 'NONE', *, *, #3003, .T. ) ;
#4218 = CARTESIAN_POINT ( 'NONE',  ( 264.4726037499009408, 349.0298387846179367, 71.00000046773459417 ) ) ;
#4219 = VECTOR ( 'NONE', #2996, 1000.000000000000000 ) ;
#4220 = DIRECTION ( 'NONE',  ( -0.5254480155638063810, 0.8508257065580810963, -2.775557561562891351E-15 ) ) ;
#4221 = EDGE_CURVE ( 'NONE', #5222, #5163, #4700, .T. ) ;
#4222 = CIRCLE ( 'NONE', #3924, 3.000000000000010658 ) ;
#4223 = EDGE_LOOP ( 'NONE', ( #3019, #147, #4194, #4316 ) ) ;
#4224 = DIRECTION ( 'NONE',  ( -3.865418436758450516E-29, 5.048709793107170241E-29, -1.000000000000000000 ) ) ;
#4225 = CARTESIAN_POINT ( 'NONE',  ( 242.9326592662409894, 350.4294815508499710, 70.08648405935809933 ) ) ;
#4226 = EDGE_LOOP ( 'NONE', ( #2943, #1036, #3931, #2737, #2550 ) ) ;
#4227 = FACE_OUTER_BOUND ( 'NONE', #3314, .T. ) ;
#4228 = EDGE_CURVE ( 'NONE', #3181, #6079, #2228, .T. ) ;
#4229 = ORIENTED_EDGE ( 'NONE', *, *, #596, .T. ) ;
#4230 = CARTESIAN_POINT ( 'NONE',  ( 289.5354349568549424, 342.6326643873829880, 59.00000046773470075 ) ) ;
#4231 = EDGE_LOOP ( 'NONE', ( #2295, #3656, #5638, #296 ) ) ;
#4232 = CYLINDRICAL_SURFACE ( 'NONE', #3716, 2.000000000000031974 ) ;
#4233 = LINE ( 'NONE', #3, #3348 ) ;
#4234 = PLANE ( 'NONE',  #1518 ) ;
#4235 = ORIENTED_EDGE ( 'NONE', *, *, #1844, .T. ) ;
#4236 = EDGE_CURVE ( 'NONE', #2596, #863, #1502, .T. ) ;
#4237 = ORIENTED_EDGE ( 'NONE', *, *, #36, .F. ) ;
#4238 = DIRECTION ( 'NONE',  ( 0.7071067811865425767, -0.7071067811865525687, 7.327471962526026856E-15 ) ) ;
#4239 = DIRECTION ( 'NONE',  ( -3.865418436758450516E-29, 5.048709793107170241E-29, -1.000000000000000000 ) ) ;
#4240 = CARTESIAN_POINT ( 'NONE',  ( 259.9213142100620644, 354.2767277651020095, 71.00000046773459417 ) ) ;
#4241 = CARTESIAN_POINT ( 'NONE',  ( 241.4912128535240186, 354.4402348044960718, 67.80000046773470501 ) ) ;
#4242 = CYLINDRICAL_SURFACE ( 'NONE', #3329, 4.462567430250557798 ) ;
#4243 = VECTOR ( 'NONE', #4492, 1000.000000000000114 ) ;
#4244 = FACE_OUTER_BOUND ( 'NONE', #1677, .T. ) ;
#4245 = AXIS2_PLACEMENT_3D ( 'NONE', #5980, #1743, #3628 ) ;
#4246 = VERTEX_POINT ( 'NONE', #187 ) ;
#4247 = ORIENTED_EDGE ( 'NONE', *, *, #5829, .F. ) ;
#4248 = CARTESIAN_POINT ( 'NONE',  ( 248.7377559731719998, 333.2441063857909853, 68.75735978061520370 ) ) ;
#4249 = CARTESIAN_POINT ( 'NONE',  ( 262.8716075878309084, 353.4317274586177291, 59.43119957958613497 ) ) ;
#4250 = ORIENTED_EDGE ( 'NONE', *, *, #1100, .T. ) ;
#4251 = FACE_OUTER_BOUND ( 'NONE', #4226, .T. ) ;
#4252 = LINE ( 'NONE', #2920, #5535 ) ;
#4253 = ORIENTED_EDGE ( 'NONE', *, *, #767, .F. ) ;
#4254 = CIRCLE ( 'NONE', #1591, 3.000000000000002665 ) ;
#4255 = B_SPLINE_CURVE_WITH_KNOTS ( 'NONE', 3,
 ( #4727, #1481, #4848, #2451, #4756, #4338 ),
 .UNSPECIFIED., .F., .F.,
 ( 4, 1, 1, 4 ),
 ( 0.000000000000000000, 0.4285714285714290472, 0.7142857142857139685, 1.000000000000000000 ),
 .UNSPECIFIED. ) ;
#4256 = CARTESIAN_POINT ( 'NONE',  ( 291.7683162657150433, 343.5432494308849982, 67.80000046773470501 ) ) ;
#4257 = CARTESIAN_POINT ( 'NONE',  ( 291.2326169915300511, 351.0332589096470315, 69.87868012417511920 ) ) ;
#4258 = EDGE_LOOP ( 'NONE', ( #2886, #617, #4013, #5944, #1814 ) ) ;
#4259 = EDGE_CURVE ( 'NONE', #5316, #4953, #1876, .T. ) ;
#4260 = EDGE_LOOP ( 'NONE', ( #129, #4999, #2609, #4945 ) ) ;
#4261 = CARTESIAN_POINT ( 'NONE',  ( 264.9734359413189964, 350.0298387846179367, 71.00000046773470785 ) ) ;
#4262 = EDGE_LOOP ( 'NONE', ( #480, #658, #5930, #5090 ) ) ;
#4263 = EDGE_CURVE ( 'NONE', #5202, #5044, #158, .T. ) ;
#4265 = EDGE_CURVE ( 'NONE', #967, #2761, #6084, .T. ) ;
#4264 = LINE ( 'NONE', #5777, #5386 ) ;
#4266 = CYLINDRICAL_SURFACE ( 'NONE', #2371, 3.999999999999992450 ) ;
#4267 = ORIENTED_EDGE ( 'NONE', *, *, #1008, .T. ) ;
#4268 = ORIENTED_EDGE ( 'NONE', *, *, #542, .F. ) ;
#4269 = CARTESIAN_POINT ( 'NONE',  ( 290.7387757964718276, 345.1710332311790808, 66.00000046773475049 ) ) ;
#4270 = AXIS2_PLACEMENT_3D ( 'NONE', #1541, #4286, #5315 ) ;
#4271 = CARTESIAN_POINT ( 'NONE',  ( 293.6267050204709790, 340.5933120735729744, 68.00000046773470785 ) ) ;
#4272 = CIRCLE ( 'NONE', #2485, 19.00000000000000000 ) ;
#4273 = DIRECTION ( 'NONE',  ( 3.865418436758450516E-29, -5.048709793107170241E-29, 1.000000000000000000 ) ) ;
#4274 = SURFACE_STYLE_USAGE ( .BOTH. , #3810 ) ;
#4275 = DIRECTION ( 'NONE',  ( 3.865418436758450516E-29, -5.048709793107170241E-29, 1.000000000000000000 ) ) ;
#4276 = CYLINDRICAL_SURFACE ( 'NONE', #3353, 1.999999999999992895 ) ;
#4277 = ORIENTED_EDGE ( 'NONE', *, *, #3326, .T. ) ;
#4278 = DIRECTION ( 'NONE',  ( 0.4478087658801200854, 0.8941293582032322496, 5.773159728050851876E-15 ) ) ;
#4279 = AXIS2_PLACEMENT_3D ( 'NONE', #2231, #3221, #5479 ) ;
#4280 = EDGE_CURVE ( 'NONE', #3795, #268, #2040, .T. ) ;
#4281 = ORIENTED_EDGE ( 'NONE', *, *, #4123, .T. ) ;
#4282 = CARTESIAN_POINT ( 'NONE',  ( 269.3734359413190305, 356.6298387846179594, 69.40000046773469933 ) ) ;
#4283 = LINE ( 'NONE', #5797, #1303 ) ;
#4284 = ORIENTED_EDGE ( 'NONE', *, *, #1318, .F. ) ;
#4285 = DIRECTION ( 'NONE',  ( 5.075305255429250078E-15, 1.782680100817335193E-28, -1.000000000000000000 ) ) ;
#4286 = DIRECTION ( 'NONE',  ( 2.398365081719690306E-16, -1.076903867444512017E-15, -1.000000000000000000 ) ) ;
#4287 = ORIENTED_EDGE ( 'NONE', *, *, #2413, .F. ) ;
#4288 = ORIENTED_EDGE ( 'NONE', *, *, #1479, .T. ) ;
#4289 = CARTESIAN_POINT ( 'NONE',  ( 291.5065373365866321, 351.7368637476080266, 70.90865505855050799 ) ) ;
#4290 = VERTEX_POINT ( 'NONE', #3961 ) ;
#4291 = CARTESIAN_POINT ( 'NONE',  ( 243.2356137960159970, 351.1405990064540106, 69.47544937147489463 ) ) ;
#4292 = B_SPLINE_CURVE_WITH_KNOTS ( 'NONE', 3,
 ( #5051, #3649, #5473, #1376 ),
 .UNSPECIFIED., .F., .F.,
 ( 4, 4 ),
 ( 0.9760756195360504872, 1.000000000000000000 ),
 .UNSPECIFIED. ) ;
#4293 = ORIENTED_EDGE ( 'NONE', *, *, #75, .F. ) ;
#4294 = EDGE_CURVE ( 'NONE', #2028, #4661, #1134, .T. ) ;
#4295 = EDGE_CURVE ( 'NONE', #1383, #5163, #5409, .T. ) ;
#4296 = ORIENTED_EDGE ( 'NONE', *, *, #2287, .T. ) ;
#4297 = CONICAL_SURFACE ( 'NONE', #549, 17.89999999999997371, 0.7853981633974377319 ) ;
#4298 = DIRECTION ( 'NONE',  ( 0.7071067811865475727, 0.7071067811865475727, 0.000000000000000000 ) ) ;
#4299 = FACE_OUTER_BOUND ( 'NONE', #768, .T. ) ;
#4300 = CARTESIAN_POINT ( 'NONE',  ( 286.2716764056430065, 350.0298387846179367, 69.40000046773469933 ) ) ;
#4301 = CARTESIAN_POINT ( 'NONE',  ( 292.6356374363219857, 352.9996872656009828, 71.00000046773480733 ) ) ;
#4302 = VECTOR ( 'NONE', #3897, 1000.000000000000000 ) ;
#4303 = CARTESIAN_POINT ( 'NONE',  ( 291.2326169915300511, 351.0332589096470315, 69.87868012417511920 ) ) ;
#4304 = DIRECTION ( 'NONE',  ( 1.000000000000000000, 4.781299772258060553E-15, 0.000000000000000000 ) ) ;
#4305 = ORIENTED_EDGE ( 'NONE', *, *, #1990, .F. ) ;
#4306 = VECTOR ( 'NONE', #238, 999.9999999999998863 ) ;
#4307 = CARTESIAN_POINT ( 'NONE',  ( 243.5675032611000006, 351.2393579524799634, 70.10294419288679535 ) ) ;
#4308 = FACE_OUTER_BOUND ( 'NONE', #2147, .T. ) ;
#4309 = CIRCLE ( 'NONE', #5309, 2.000000000000009326 ) ;
#4310 = VERTEX_POINT ( 'NONE', #4481 ) ;
#4311 = EDGE_CURVE ( 'NONE', #2604, #2339, #4448, .T. ) ;
#4312 = CARTESIAN_POINT ( 'NONE',  ( 297.3570040476619738, 341.4565959384389657, 70.31002066631839398 ) ) ;
#4313 = CARTESIAN_POINT ( 'NONE',  ( 313.7071067812120191, 345.2218254070179455, 68.75735978061560161 ) ) ;
#4314 = CARTESIAN_POINT ( 'NONE',  ( 252.3847188443150173, 358.5714863629619913, 69.40000046773469933 ) ) ;
#4315 = CARTESIAN_POINT ( 'NONE',  ( 291.6280227696699967, 350.6754009114930000, 69.94456475516899729 ) ) ;
#4316 = ORIENTED_EDGE ( 'NONE', *, *, #2740, .T. ) ;
#4317 = DIRECTION ( 'NONE',  ( 7.479616927696616682E-16, -2.070759876205155989E-30, -1.000000000000000000 ) ) ;
#4318 = ORIENTED_EDGE ( 'NONE', *, *, #5575, .T. ) ;
#4319 = DIRECTION ( 'NONE',  ( -0.7071067811865336949, 0.7071067811865614505, 0.000000000000000000 ) ) ;
#4320 = ORIENTED_EDGE ( 'NONE', *, *, #1547, .T. ) ;
#4321 = ORIENTED_EDGE ( 'NONE', *, *, #4630, .T. ) ;
#4322 = CARTESIAN_POINT ( 'NONE',  ( 263.3322642664980435, 353.6785844466651270, 59.96327584360407315 ) ) ;
#4323 = DIRECTION ( 'NONE',  ( -0.7071067811865500152, 0.7071067811865450192, -3.454203409104210358E-15 ) ) ;
#4324 = DIRECTION ( 'NONE',  ( -0.7071067811865130448, -0.7071067811865819897, -8.367133421939151039E-30 ) ) ;
#4325 = FACE_OUTER_BOUND ( 'NONE', #3700, .T. ) ;
#4326 = CARTESIAN_POINT ( 'NONE',  ( 315.8284271247720767, 347.3431457505780031, 65.00000046773479312 ) ) ;
#4327 = CARTESIAN_POINT ( 'NONE',  ( 264.4163807944225937, 355.6063838716594887, 59.17897956559975370 ) ) ;
#4328 = CARTESIAN_POINT ( 'NONE',  ( 240.5292949281690085, 350.6366506697750083, 70.54635964766458756 ) ) ;
#4329 = ORIENTED_EDGE ( 'NONE', *, *, #3464, .T. ) ;
#4330 = EDGE_CURVE ( 'NONE', #881, #325, #57, .T. ) ;
#4331 = CARTESIAN_POINT ( 'NONE',  ( 264.4726037499009408, 349.0298387846179367, 71.00000046773470785 ) ) ;
#4332 = EDGE_CURVE ( 'NONE', #3188, #938, #3090, .T. ) ;
#4333 = VECTOR ( 'NONE', #2816, 1000.000000000000000 ) ;
#4334 = EDGE_CURVE ( 'NONE', #1060, #4133, #5876, .T. ) ;
#4335 = VECTOR ( 'NONE', #2298, 1000.000000000000000 ) ;
#4336 = CARTESIAN_POINT ( 'NONE',  ( 300.6276937031859688, 342.5733164236169728, 70.87868012412639018 ) ) ;
#4337 = ORIENTED_EDGE ( 'NONE', *, *, #2145, .F. ) ;
#4338 = CARTESIAN_POINT ( 'NONE',  ( 243.5675032611000006, 351.2393579524799634, 70.10294419288679535 ) ) ;
#4339 = DIRECTION ( 'NONE',  ( -0.8941293582032308063, 0.4478087658801228610, -4.537979430722413314E-15 ) ) ;
#4340 = DIRECTION ( 'NONE',  ( 1.000000000000000000, 0.000000000000000000, 0.000000000000000000 ) ) ;
#4341 = CARTESIAN_POINT ( 'NONE',  ( 291.7780791438210599, 347.3633757074829873, 59.00000046773470075 ) ) ;
#4342 = ADVANCED_FACE ( 'NONE', ( #243 ), #1643, .T. ) ;
#4343 = CARTESIAN_POINT ( 'NONE',  ( 255.6985195678950333, 341.5597611234450142, 70.50000046773459417 ) ) ;
#4344 = DIRECTION ( 'NONE',  ( -0.4478087658801240822, -0.8941293582032302512, -2.886579864025405822E-15 ) ) ;
#4345 = ORIENTED_EDGE ( 'NONE', *, *, #97, .T. ) ;
#4346 = PLANE ( 'NONE',  #5346 ) ;
#4347 = AXIS2_PLACEMENT_3D ( 'NONE', #4532, #5493, #297 ) ;
#4348 = ORIENTED_EDGE ( 'NONE', *, *, #1415, .F. ) ;
#4349 = DIRECTION ( 'NONE',  ( 0.000000000000000000, -0.9238795325112866275, 0.3826834323650899483 ) ) ;
#4350 = DIRECTION ( 'NONE',  ( 1.000000000000000000, 0.000000000000000000, 0.000000000000000000 ) ) ;
#4351 = EDGE_CURVE ( 'NONE', #386, #737, #2654, .T. ) ;
#4352 = AXIS2_PLACEMENT_3D ( 'NONE', #4313, #2860, #636 ) ;
#4353 = ORIENTED_EDGE ( 'NONE', *, *, #1324, .T. ) ;
#4354 = FACE_OUTER_BOUND ( 'NONE', #1887, .T. ) ;
#4355 = LINE ( 'NONE', #5035, #5380 ) ;
#4356 = CARTESIAN_POINT ( 'NONE',  ( 264.9734359413189964, 356.6298387846179594, 69.40000046773458564 ) ) ;
#4357 = PLANE ( 'NONE',  #5689 ) ;
#4358 = DIRECTION ( 'NONE',  ( 1.385861172548273936E-15, -2.244039898142160085E-15, -1.000000000000000000 ) ) ;
#4359 = DIRECTION ( 'NONE',  ( -0.7071067811865461294, -0.7071067811865490160, -3.588782762705770232E-15 ) ) ;
#4360 = CIRCLE ( 'NONE', #3066, 1.999999999999992895 ) ;
#4361 = EDGE_LOOP ( 'NONE', ( #1783, #1637, #1857, #5553 ) ) ;
#4362 = AXIS2_PLACEMENT_3D ( 'NONE', #5506, #1796, #1252 ) ;
#4363 = VECTOR ( 'NONE', #1159, 1000.000000000000114 ) ;
#4364 = CARTESIAN_POINT ( 'NONE',  ( 240.3553174762540152, 350.7735605431969930, 68.75735978061510423 ) ) ;
#4365 = AXIS2_PLACEMENT_3D ( 'NONE', #3611, #5077, #720 ) ;
#4366 = EDGE_CURVE ( 'NONE', #1142, #2399, #2127, .T. ) ;
#4367 = ADVANCED_FACE ( 'NONE', ( #786 ), #4048, .T. ) ;
#4368 = VERTEX_POINT ( 'NONE', #3583 ) ;
#4369 = FACE_OUTER_BOUND ( 'NONE', #3673, .T. ) ;
#4370 = CARTESIAN_POINT ( 'NONE',  ( 243.6706700543959982, 351.1245538741620180, 70.38920071374049314 ) ) ;
#4371 = CARTESIAN_POINT ( 'NONE',  ( 290.2314743802870112, 353.9896367592619981, 65.00000046773469364 ) ) ;
#4372 = CIRCLE ( 'NONE', #5073, 2.896073575096372199 ) ;
#4373 = CARTESIAN_POINT ( 'NONE',  ( 249.9511147913550246, 340.0310458504499707, 68.00000046773449469 ) ) ;
#4374 = AXIS2_PLACEMENT_3D ( 'NONE', #733, #2138, #4518 ) ;
#4375 = CYLINDRICAL_SURFACE ( 'NONE', #1904, 3.000000000000010658 ) ;
#4376 = ORIENTED_EDGE ( 'NONE', *, *, #1283, .T. ) ;
#4377 = DIRECTION ( 'NONE',  ( -0.5254480155638053818, 0.8508257065580817624, -2.262682794752357834E-15 ) ) ;
#4378 = ORIENTED_EDGE ( 'NONE', *, *, #5214, .F. ) ;
#4379 = LINE ( 'NONE', #145, #5201 ) ;
#4380 = ORIENTED_EDGE ( 'NONE', *, *, #5962, .T. ) ;
#4381 = VERTEX_POINT ( 'NONE', #816 ) ;
#4382 = DIRECTION ( 'NONE',  ( -0.7071067811865461294, -0.7071067811865490160, -3.588782762705770232E-15 ) ) ;
#4383 = ORIENTED_EDGE ( 'NONE', *, *, #3968, .F. ) ;
#4384 = EDGE_CURVE ( 'NONE', #4089, #5836, #5196, .T. ) ;
#4385 = DIRECTION ( 'NONE',  ( 1.000000000000000000, 0.000000000000000000, 0.000000000000000000 ) ) ;
#4386 = CARTESIAN_POINT ( 'NONE',  ( 262.7787388233210208, 366.3471948648769967, 71.00000046773470785 ) ) ;
#4387 = CARTESIAN_POINT ( 'NONE',  ( 240.8938739631780095, 350.3321406387079833, 70.35935727330000589 ) ) ;
#4388 = LINE ( 'NONE', #3370, #3722 ) ;
#4389 = AXIS2_PLACEMENT_3D ( 'NONE', #469, #1436, #1039 ) ;
#4390 = DIRECTION ( 'NONE',  ( -1.000000000000000000, -4.781299772258060553E-15, -5.075305255429250078E-15 ) ) ;
#4391 = ORIENTED_EDGE ( 'NONE', *, *, #4636, .F. ) ;
#4392 = LINE ( 'NONE', #2130, #2284 ) ;
#4393 = DIRECTION ( 'NONE',  ( 5.921189464667460002E-15, 1.665250005579849882E-16, -1.000000000000000000 ) ) ;
#4394 = AXIS2_PLACEMENT_3D ( 'NONE', #4739, #497, #394 ) ;
#4395 = CONICAL_SURFACE ( 'NONE', #345, 6.100000000000009415, 0.7853981633974399523 ) ;
#4396 = ORIENTED_EDGE ( 'NONE', *, *, #1008, .F. ) ;
#4397 = FACE_OUTER_BOUND ( 'NONE', #1405, .T. ) ;
#4398 = CIRCLE ( 'NONE', #2838, 4.878679656440321644 ) ;
#4399 = EDGE_CURVE ( 'NONE', #2207, #5988, #2188, .T. ) ;
#4400 = CARTESIAN_POINT ( 'NONE',  ( 267.9592223789459240, 357.2156252222447961, 69.40000046773469933 ) ) ;
#4401 = VERTEX_POINT ( 'NONE', #3802 ) ;
#4402 = FACE_OUTER_BOUND ( 'NONE', #4706, .T. ) ;
#4403 = ORIENTED_EDGE ( 'NONE', *, *, #486, .T. ) ;
#4404 = DIRECTION ( 'NONE',  ( -1.000000000000000000, 0.000000000000000000, -4.625929269271481378E-15 ) ) ;
#4405 = EDGE_CURVE ( 'NONE', #3330, #1703, #6069, .T. ) ;
#4406 = VECTOR ( 'NONE', #2444, 1000.000000000000000 ) ;
#4407 = ORIENTED_EDGE ( 'NONE', *, *, #5677, .T. ) ;
#4408 = ORIENTED_EDGE ( 'NONE', *, *, #4835, .T. ) ;
#4409 = DIRECTION ( 'NONE',  ( -0.7071067811865489050, 0.7071067811865460184, -3.588782762705719745E-15 ) ) ;
#4410 = AXIS2_PLACEMENT_3D ( 'NONE', #5043, #1663, #3544 ) ;
#4411 = VERTEX_POINT ( 'NONE', #467 ) ;
#4412 = CARTESIAN_POINT ( 'NONE',  ( 288.4147036268875013, 355.2035641666811898, 65.00000046773470785 ) ) ;
#4413 = DIRECTION ( 'NONE',  ( -0.5000000000000121014, -0.5000000000000139888, 0.7071067811865290320 ) ) ;
#4414 = EDGE_CURVE ( 'NONE', #3914, #3987, #1062, .T. ) ;
#4415 = CARTESIAN_POINT ( 'NONE',  ( 264.1990229172930071, 355.5760342795689439, 59.00000046773410389 ) ) ;
#4416 = DIRECTION ( 'NONE',  ( -0.7071067811865336949, -0.7071067811865614505, 0.000000000000000000 ) ) ;
#4417 = ORIENTED_EDGE ( 'NONE', *, *, #255, .T. ) ;
#4418 = CARTESIAN_POINT ( 'NONE',  ( 238.7106259614200212, 342.2534179164449597, 71.00000046773449469 ) ) ;
#4419 = DIRECTION ( 'NONE',  ( 0.3826834323650857295, 0.9238795325112885148, 2.478176394252573844E-15 ) ) ;
#4420 = ORIENTED_EDGE ( 'NONE', *, *, #5140, .F. ) ;
#4421 = DIRECTION ( 'NONE',  ( 0.3826834323650846192, 0.9238795325112888479, 1.885568995626963153E-15 ) ) ;
#4422 = B_SPLINE_CURVE_WITH_KNOTS ( 'NONE', 3,
 ( #6078, #3783, #1446, #482, #2236, #934, #4656, #3755, #5644, #5552 ),
 .UNSPECIFIED., .F., .F.,
 ( 4, 2, 2, 2, 4 ),
 ( 0.000000000000000000, 0.2500000000000000000, 0.5000000000000000000, 0.7500000000000000000, 1.000000000000000000 ),
 .UNSPECIFIED. ) ;
#4423 = DIRECTION ( 'NONE',  ( 3.865418436758450516E-29, -5.048709793107170241E-29, 1.000000000000000000 ) ) ;
#4424 = CONICAL_SURFACE ( 'NONE', #4628, 6.100000000000021849, 0.7853981633974469467 ) ;
#4425 = CARTESIAN_POINT ( 'NONE',  ( 291.7780791438210599, 347.3633757074829873, 68.75735978061540266 ) ) ;
#4426 = CARTESIAN_POINT ( 'NONE',  ( 292.0233227656070198, 349.1600307904702731, 59.00000046773471496 ) ) ;
#4427 = VERTEX_POINT ( 'NONE', #3271 ) ;
#4428 = AXIS2_PLACEMENT_3D ( 'NONE', #2395, #2329, #4220 ) ;
#4429 = LINE ( 'NONE', #3508, #2076 ) ;
#4430 = VERTEX_POINT ( 'NONE', #1828 ) ;
#4431 = FACE_OUTER_BOUND ( 'NONE', #1017, .T. ) ;
#4432 = VECTOR ( 'NONE', #1632, 1000.000000000000000 ) ;
#4433 = ADVANCED_FACE ( 'NONE', ( #6 ), #5203, .F. ) ;
#4434 = VERTEX_POINT ( 'NONE', #3304 ) ;
#4435 = VECTOR ( 'NONE', #1141, 1000.000000000000000 ) ;
#4436 = VERTEX_POINT ( 'NONE', #849 ) ;
#4437 = DIRECTION ( 'NONE',  ( -0.6532814824381851793, -0.6532814824381851793, 0.3826834323651001069 ) ) ;
#4438 = EDGE_CURVE ( 'NONE', #4598, #1002, #1539, .T. ) ;
#4439 = ADVANCED_FACE ( 'NONE', ( #33 ), #1792, .T. ) ;
#4440 = CARTESIAN_POINT ( 'NONE',  ( 291.9758684512690365, 347.7805993228830062, 71.00000046773480733 ) ) ;
#4441 = DIRECTION ( 'NONE',  ( 0.3826834323650858960, 0.9238795325112882928, 2.191229653865440499E-15 ) ) ;
#4442 = AXIS2_PLACEMENT_3D ( 'NONE', #5667, #1380, #1869 ) ;
#4443 = CIRCLE ( 'NONE', #104, 1.621282276603228212 ) ;
#4444 = DIRECTION ( 'NONE',  ( -3.865418436758450516E-29, 5.048709793107170241E-29, -1.000000000000000000 ) ) ;
#4445 = PRODUCT_DEFINITION ( 'UNKNOWN', '', #3545, #5837 ) ;
#4446 = DIRECTION ( 'NONE',  ( -5.075305255429239823E-15, -5.397469351512190344E-29, 1.000000000000000000 ) ) ;
#4447 = DIRECTION ( 'NONE',  ( 1.000000000000000000, 0.000000000000000000, 0.000000000000000000 ) ) ;
#4448 = LINE ( 'NONE', #2218, #2815 ) ;
#4449 = ORIENTED_EDGE ( 'NONE', *, *, #5953, .T. ) ;
#4450 = DIRECTION ( 'NONE',  ( -8.216957449196999725E-16, -1.983749011529565127E-15, 1.000000000000000000 ) ) ;
#4451 = CARTESIAN_POINT ( 'NONE',  ( 242.6684209445670035, 351.8786807070339933, 69.22850410439050961 ) ) ;
#4452 = AXIS2_PLACEMENT_3D ( 'NONE', #2234, #4585, #3225 ) ;
#4453 = CIRCLE ( 'NONE', #717, 17.40000000000002700 ) ;
#4454 = VERTEX_POINT ( 'NONE', #2326 ) ;
#4455 = CARTESIAN_POINT ( 'NONE',  ( 297.3570040476619738, 341.4565959384389657, 70.31002066631839398 ) ) ;
#4456 = DIRECTION ( 'NONE',  ( -0.6493199848919243289, 0.7605153234616321978, 0.000000000000000000 ) ) ;
#4457 = EDGE_CURVE ( 'NONE', #3335, #385, #2716, .T. ) ;
#4458 = AXIS2_PLACEMENT_3D ( 'NONE', #5367, #2513, #3478 ) ;
#4459 = LINE ( 'NONE', #4906, #687 ) ;
#4460 = VECTOR ( 'NONE', #1088, 999.9999999999998863 ) ;
#4461 = CARTESIAN_POINT ( 'NONE',  ( 267.3734359413190305, 358.6298387846179594, 71.00000046773470785 ) ) ;
#4462 = ORIENTED_EDGE ( 'NONE', *, *, #613, .T. ) ;
#4463 = B_SPLINE_SURFACE_WITH_KNOTS ( 'NONE', 3, 3, ( 
 ( #4863, #1983, #2497, #4777 ),
 ( #623, #3867, #3928, #5327 ),
 ( #3461, #5759, #3400, #2041 ),
 ( #3838, #154, #591, #5300 ),
 ( #4387, #1528, #1074, #125 ),
 ( #2938, #4837, #536, #5816 ) ),
 .UNSPECIFIED., .F., .F., .F.,
 ( 4, 1, 1, 4 ),
 ( 4, 4 ),
 ( 0.000000000000000000, 0.2857142857142860315, 0.5714285714285709528, 1.000000000000000000 ),
 ( 0.3659108291109710032, 0.4651178524849550189 ),
 .UNSPECIFIED. ) ;
#4464 = EDGE_LOOP ( 'NONE', ( #841, #5070, #4237, #4797 ) ) ;
#4465 = DIRECTION ( 'NONE',  ( -0.5254480155638070471, 0.8508257065580806522, -2.903102413111064811E-15 ) ) ;
#4466 = ORIENTED_EDGE ( 'NONE', *, *, #4986, .F. ) ;
#4467 = DIRECTION ( 'NONE',  ( 0.7071067811865470176, 0.7071067811865480168, 8.367133421936138247E-30 ) ) ;
#4468 = CARTESIAN_POINT ( 'NONE',  ( 239.1830980075410196, 349.0248957718790166, 67.60000046773470217 ) ) ;
#4469 = CIRCLE ( 'NONE', #5277, 19.99999999999998224 ) ;
#4470 = AXIS2_PLACEMENT_3D ( 'NONE', #988, #5184, #5245 ) ;
#4471 = CARTESIAN_POINT ( 'NONE',  ( 289.0672605712339873, 348.6484681814000055, 68.00000046773470785 ) ) ;
#4472 = ORIENTED_EDGE ( 'NONE', *, *, #2932, .F. ) ;
#4473 = ORIENTED_EDGE ( 'NONE', *, *, #1808, .T. ) ;
#4474 = CARTESIAN_POINT ( 'NONE',  ( 267.3734359413190305, 358.6298387846179594, 69.40000046773458564 ) ) ;
#4475 = DIRECTION ( 'NONE',  ( 3.865418436758450516E-29, -5.048709793107170241E-29, 1.000000000000000000 ) ) ;
#4476 = CARTESIAN_POINT ( 'NONE',  ( 265.4802252839050425, 355.6298387846179594, 57.87575804349160080 ) ) ;
#4477 = EDGE_CURVE ( 'NONE', #325, #2181, #312, .T. ) ;
#4478 = FACE_OUTER_BOUND ( 'NONE', #3119, .T. ) ;
#4479 = ADVANCED_FACE ( 'NONE', ( #6081 ), #1874, .T. ) ;
#4480 = ORIENTED_EDGE ( 'NONE', *, *, #2946, .F. ) ;
#4481 = CARTESIAN_POINT ( 'NONE',  ( 299.9995984670009648, 363.1719744083490014, 68.75735978061550213 ) ) ;
#4482 = ORIENTED_EDGE ( 'NONE', *, *, #2189, .F. ) ;
#4483 = FACE_OUTER_BOUND ( 'NONE', #601, .T. ) ;
#4484 = DIRECTION ( 'NONE',  ( -5.075555935137530725E-15, -6.051943516005099992E-19, 1.000000000000000000 ) ) ;
#4485 = DIRECTION ( 'NONE',  ( -0.5254480155638072691, 0.8508257065580805412, -2.325886224773375155E-15 ) ) ;
#4486 = EDGE_CURVE ( 'NONE', #4868, #1922, #4651, .T. ) ;
#4487 = AXIS2_PLACEMENT_3D ( 'NONE', #3029, #2600, #2692 ) ;
#4488 = ORIENTED_EDGE ( 'NONE', *, *, #4384, .T. ) ;
#4489 = AXIS2_PLACEMENT_3D ( 'NONE', #738, #2577, #2174 ) ;
#4490 = DIRECTION ( 'NONE',  ( -0.4478087658801355175, -0.8941293582032243670, -2.984383042578697588E-15 ) ) ;
#4491 = PLANE ( 'NONE',  #4662 ) ;
#4492 = DIRECTION ( 'NONE',  ( 0.7675021011300291462, -0.6410464294893080117, -1.158385151365230254E-16 ) ) ;
#4493 = CARTESIAN_POINT ( 'NONE',  ( 240.0010592675235728, 341.5639425198384060, 59.00000046773454443 ) ) ;
#4494 = EDGE_CURVE ( 'NONE', #1273, #3062, #1841, .T. ) ;
#4495 = VERTEX_POINT ( 'NONE', #5512 ) ;
#4496 = CARTESIAN_POINT ( 'NONE',  ( 247.1191796657429904, 337.9664285720759835, 68.00000046773449469 ) ) ;
#4497 = CARTESIAN_POINT ( 'NONE',  ( 294.1724793217489946, 345.9474124869190064, 68.00000046773470785 ) ) ;
#4498 = VECTOR ( 'NONE', #4044, 1000.000000000000000 ) ;
#4499 = DIRECTION ( 'NONE',  ( -2.935473107612204995E-15, -2.506276067140520119E-15, 1.000000000000000000 ) ) ;
#4500 = LINE ( 'NONE', #5491, #4753 ) ;
#4501 = ORIENTED_EDGE ( 'NONE', *, *, #964, .F. ) ;
#4502 = ORIENTED_EDGE ( 'NONE', *, *, #2592, .F. ) ;
#4503 = DIRECTION ( 'NONE',  ( -4.973799150320700986E-15, -5.076883396865070006E-29, 1.000000000000000000 ) ) ;
#4504 = CARTESIAN_POINT ( 'NONE',  ( 300.6276937031859688, 342.5733164236169728, 70.87868012412639018 ) ) ;
#4505 = CARTESIAN_POINT ( 'NONE',  ( 292.1446068829746991, 350.6759288524577300, 70.99994952563773154 ) ) ;
#4506 = CYLINDRICAL_SURFACE ( 'NONE', #4914, 3.000000000000000000 ) ;
#4507 = ORIENTED_EDGE ( 'NONE', *, *, #2250, .T. ) ;
#4508 = CARTESIAN_POINT ( 'NONE',  ( 297.6569895043945735, 341.9826777902562753, 71.00000046773469364 ) ) ;
#4509 = ORIENTED_EDGE ( 'NONE', *, *, #5545, .T. ) ;
#4510 = LINE ( 'NONE', #278, #4802 ) ;
#4511 = DIRECTION ( 'NONE',  ( -4.135580799816630757E-15, -1.665250005579849882E-16, 1.000000000000000000 ) ) ;
#4512 = CARTESIAN_POINT ( 'NONE',  ( 242.2959455895183396, 349.8762689005500306, 71.00071420230827357 ) ) ;
#4513 = CARTESIAN_POINT ( 'NONE',  ( 297.8280333716289761, 342.4781528172329672, 72.02798556188699308 ) ) ;
#4514 = EDGE_CURVE ( 'NONE', #2208, #4868, #3418, .T. ) ;
#4515 = ORIENTED_EDGE ( 'NONE', *, *, #573, .T. ) ;
#4516 = CARTESIAN_POINT ( 'NONE',  ( 272.9395524668809685, 348.3201842494089533, 68.00000046773459417 ) ) ;
#4517 = EDGE_CURVE ( 'NONE', #2128, #4984, #4616, .T. ) ;
#4518 = DIRECTION ( 'NONE',  ( -0.8260678134614172219, 0.4137213532757772483, 0.3826834323650984415 ) ) ;
#4519 = EDGE_CURVE ( 'NONE', #5368, #1109, #1291, .T. ) ;
#4520 = CARTESIAN_POINT ( 'NONE',  ( 237.2859539436049943, 350.6094613732270204, 67.80000046773470501 ) ) ;
#4521 = FACE_OUTER_BOUND ( 'NONE', #380, .T. ) ;
#4522 = CARTESIAN_POINT ( 'NONE',  ( 243.4952679215692797, 351.3197414878387690, 69.88066021939471284 ) ) ;
#4523 = ORIENTED_EDGE ( 'NONE', *, *, #711, .T. ) ;
#4524 = FACE_OUTER_BOUND ( 'NONE', #3817, .T. ) ;
#4525 = DIRECTION ( 'NONE',  ( -5.045325939066829835E-15, -4.854366611099339771E-17, 1.000000000000000000 ) ) ;
#4526 = EDGE_CURVE ( 'NONE', #4401, #4132, #1245, .T. ) ;
#4527 = AXIS2_PLACEMENT_3D ( 'NONE', #2556, #5995, #5378 ) ;
#4528 = VECTOR ( 'NONE', #2699, 1000.000000000000000 ) ;
#4529 = CYLINDRICAL_SURFACE ( 'NONE', #498, 3.000000000000013767 ) ;
#4530 = ORIENTED_EDGE ( 'NONE', *, *, #3690, .F. ) ;
#4531 = VERTEX_POINT ( 'NONE', #5280 ) ;
#4532 = CARTESIAN_POINT ( 'NONE',  ( 282.8007333595940622, 354.0298387846179935, 57.87575804349160080 ) ) ;
#4533 = AXIS2_PLACEMENT_3D ( 'NONE', #1789, #4602, #4737 ) ;
#4534 = VERTEX_POINT ( 'NONE', #3965 ) ;
#4535 = CARTESIAN_POINT ( 'NONE',  ( 253.6942816183270111, 365.4716467861139790, 68.75735978061520370 ) ) ;
#4536 = ADVANCED_FACE ( 'NONE', ( #2221 ), #2831, .F. ) ;
#4537 = LINE ( 'NONE', #2153, #1573 ) ;
#4538 = PLANE ( 'NONE',  #3525 ) ;
#4539 = ORIENTED_EDGE ( 'NONE', *, *, #5546, .T. ) ;
#4540 = DIRECTION ( 'NONE',  ( 0.2323034033118742125, -0.9726433718530758110, 0.000000000000000000 ) ) ;
#4541 = VERTEX_POINT ( 'NONE', #4085 ) ;
#4542 = CARTESIAN_POINT ( 'NONE',  ( 291.7683162657150433, 343.5432494308849982, 67.60000046773470217 ) ) ;
#4543 = AXIS2_PLACEMENT_3D ( 'NONE', #1263, #3481, #4465 ) ;
#4544 = CARTESIAN_POINT ( 'NONE',  ( 235.6987859940570047, 347.5051680436919810, 67.80000046773470501 ) ) ;
#4545 = CARTESIAN_POINT ( 'NONE',  ( 243.1177219380430188, 349.9560418311409649, 71.00000046773449469 ) ) ;
#4546 = CARTESIAN_POINT ( 'NONE',  ( 299.2570082471429487, 342.7518634869680341, 70.38876254106280328 ) ) ;
#4547 = CARTESIAN_POINT ( 'NONE',  ( 298.0853007828889645, 342.3659251215619861, 70.52367538550331005 ) ) ;
#4548 = VERTEX_POINT ( 'NONE', #728 ) ;
#4549 = DIRECTION ( 'NONE',  ( -5.325766498111130543E-15, 1.000000000000000000, 2.373894327159819883E-29 ) ) ;
#4550 = DIRECTION ( 'NONE',  ( 0.7071067811865500152, -0.7071067811865450192, 3.588782762705720534E-15 ) ) ;
#4551 = EDGE_CURVE ( 'NONE', #5751, #4454, #1733, .T. ) ;
#4552 = EDGE_CURVE ( 'NONE', #4310, #4246, #2216, .T. ) ;
#4553 = LINE ( 'NONE', #1014, #724 ) ;
#4554 = CARTESIAN_POINT ( 'NONE',  ( 294.1724793217489378, 343.5432494308849982, 66.00000046773476470 ) ) ;
#4555 = AXIS2_PLACEMENT_3D ( 'NONE', #2013, #681, #5785 ) ;
#4556 = CIRCLE ( 'NONE', #1905, 1.999999999999992895 ) ;
#4557 = DIRECTION ( 'NONE',  ( -0.7071067811865489050, 0.7071067811865460184, -3.588782762705719745E-15 ) ) ;
#4558 = DIRECTION ( 'NONE',  ( 5.075555935137511004E-15, 6.051943515491389957E-19, -1.000000000000000000 ) ) ;
#4559 = B_SPLINE_SURFACE_WITH_KNOTS ( 'NONE', 3, 3, ( 
 ( #3702, #3733, #1306, #1786 ),
 ( #4169, #843, #1856, #5620 ),
 ( #2804, #2242, #3674, #5104 ),
 ( #1398, #1368, #3201, #6125 ) ),
 .UNSPECIFIED., .F., .F., .F.,
 ( 4, 4 ),
 ( 4, 4 ),
 ( 0.4207374689055710104, 1.000000000000000000 ),
 ( -9.415952139820769918E-16, 0.007200974855796370144 ),
 .UNSPECIFIED. ) ;
#4560 = CARTESIAN_POINT ( 'NONE',  ( 290.0625997929240043, 369.0298387846179935, 68.75735978061531739 ) ) ;
#4561 = EDGE_LOOP ( 'NONE', ( #5752, #1218, #1569, #5345 ) ) ;
#4562 = CIRCLE ( 'NONE', #3283, 5.600000000000017408 ) ;
#4563 = ORIENTED_EDGE ( 'NONE', *, *, #2098, .F. ) ;
#4564 = DIRECTION ( 'NONE',  ( 0.7071067811865475727, 0.7071067811865475727, 0.000000000000000000 ) ) ;
#4565 = ORIENTED_EDGE ( 'NONE', *, *, #5918, .T. ) ;
#4566 = LINE ( 'NONE', #1371, #5587 ) ;
#4567 = CARTESIAN_POINT ( 'NONE',  ( 292.1424604790416879, 350.6827438231258611, 70.99995360258159849 ) ) ;
#4568 = CARTESIAN_POINT ( 'NONE',  ( 264.9734359413189964, 350.0298387846179367, 65.00000046773459417 ) ) ;
#4569 = ORIENTED_EDGE ( 'NONE', *, *, #1690, .F. ) ;
#4570 = DIRECTION ( 'NONE',  ( -0.7071067811865480168, 0.7071067811865470176, 6.266898513436680387E-29 ) ) ;
#4571 = EDGE_CURVE ( 'NONE', #5652, #364, #4744, .T. ) ;
#4572 = ORIENTED_EDGE ( 'NONE', *, *, #2059, .F. ) ;
#4573 = CARTESIAN_POINT ( 'NONE',  ( 314.6970562748729776, 346.2117749006790177, 65.00000046773479312 ) ) ;
#4574 = DIRECTION ( 'NONE',  ( 5.075305255429299776E-15, 0.000000000000000000, -1.000000000000000000 ) ) ;
#4575 = CARTESIAN_POINT ( 'NONE',  ( 250.4325462934235418, 358.1367193776171689, 71.00000046773459417 ) ) ;
#4576 = CARTESIAN_POINT ( 'NONE',  ( 238.0933184961089921, 347.7201426854809938, 65.00000046773449469 ) ) ;
#4577 = VERTEX_POINT ( 'NONE', #4146 ) ;
#4578 = CARTESIAN_POINT ( 'NONE',  ( 297.1224166790609615, 344.0890237321630138, 68.00000046773470785 ) ) ;
#4579 = EDGE_LOOP ( 'NONE', ( #1928, #4217, #5649, #955, #1135, #1006, #460, #3352, #3113, #4701, #5518, #1588, #5607, #1460, #801 ) ) ;
#4580 = PLANE ( 'NONE',  #5457 ) ;
#4581 = DIRECTION ( 'NONE',  ( 3.925231146712359784E-17, -0.7071067811865819897, 0.7071067811865130448 ) ) ;
#4582 = CARTESIAN_POINT ( 'NONE',  ( 294.1724793217489946, 343.5432494308849982, 71.00000046773480733 ) ) ;
#4583 = VECTOR ( 'NONE', #37, 1000.000000000000000 ) ;
#4584 = CARTESIAN_POINT ( 'NONE',  ( 286.2716764056430065, 364.2394269734959948, 71.00000046773470785 ) ) ;
#4585 = DIRECTION ( 'NONE',  ( -2.398365081719690306E-16, 1.076903867444512017E-15, 1.000000000000000000 ) ) ;
#4586 = CARTESIAN_POINT ( 'NONE',  ( 242.1255384675800144, 349.7324985285239904, 71.06073216648368884 ) ) ;
#4587 = VERTEX_POINT ( 'NONE', #4675 ) ;
#4588 = CARTESIAN_POINT ( 'NONE',  ( 238.0933184961089921, 347.7201426854809938, 67.00000046773500628 ) ) ;
#4589 = EDGE_CURVE ( 'NONE', #771, #14, #3183, .T. ) ;
#4590 = VECTOR ( 'NONE', #4570, 1000.000000000000000 ) ;
#4591 = DIRECTION ( 'NONE',  ( -1.000000000000000000, 0.000000000000000000, -4.625929269271481378E-15 ) ) ;
#4592 = ORIENTED_EDGE ( 'NONE', *, *, #1027, .F. ) ;
#4593 = EDGE_LOOP ( 'NONE', ( #3037, #3750, #2190, #1939, #3358 ) ) ;
#4594 = CARTESIAN_POINT ( 'NONE',  ( 265.4802252839050425, 353.0302494308850214, 59.00000046773460838 ) ) ;
#4595 = VECTOR ( 'NONE', #3235, 1000.000000000000000 ) ;
#4596 = EDGE_LOOP ( 'NONE', ( #4530, #2079, #4277, #2641 ) ) ;
#4597 = PLANE ( 'NONE',  #3057 ) ;
#4598 = VERTEX_POINT ( 'NONE', #2385 ) ;
#4599 = EDGE_CURVE ( 'NONE', #2410, #6019, #3214, .T. ) ;
#4601 = EDGE_CURVE ( 'NONE', #787, #2711, #3703, .T. ) ;
#4600 = FACE_OUTER_BOUND ( 'NONE', #277, .T. ) ;
#4602 = DIRECTION ( 'NONE',  ( 5.921189464667460002E-15, 4.894870990844959977E-29, -1.000000000000000000 ) ) ;
#4603 = AXIS2_PLACEMENT_3D ( 'NONE', #484, #1966, #3325 ) ;
#4604 = FACE_OUTER_BOUND ( 'NONE', #1822, .T. ) ;
#4605 = ORIENTED_EDGE ( 'NONE', *, *, #1724, .T. ) ;
#4606 = ORIENTED_EDGE ( 'NONE', *, *, #1365, .T. ) ;
#4607 = DIRECTION ( 'NONE',  ( 4.867545526251600400E-15, 1.005624154589594129E-15, -1.000000000000000000 ) ) ;
#4608 = LINE ( 'NONE', #6038, #3809 ) ;
#4609 = EDGE_CURVE ( 'NONE', #5793, #4729, #4179, .T. ) ;
#4610 = DIRECTION ( 'NONE',  ( 0.7071067811865475727, -0.7071067811865475727, 0.000000000000000000 ) ) ;
#4611 = AXIS2_PLACEMENT_3D ( 'NONE', #2070, #656, #1529 ) ;
#4612 = ORIENTED_EDGE ( 'NONE', *, *, #5634, .T. ) ;
#4613 = LINE ( 'NONE', #4578, #15 ) ;
#4614 = ORIENTED_EDGE ( 'NONE', *, *, #3269, .T. ) ;
#4615 = CARTESIAN_POINT ( 'NONE',  ( 264.4726037499009408, 367.4298387846179708, 68.40000046773458564 ) ) ;
#4616 = LINE ( 'NONE', #377, #3600 ) ;
#4617 = CYLINDRICAL_SURFACE ( 'NONE', #3449, 3.800000000000000266 ) ;
#4618 = ORIENTED_EDGE ( 'NONE', *, *, #399, .T. ) ;
#4619 = LINE ( 'NONE', #835, #1313 ) ;
#4620 = CARTESIAN_POINT ( 'NONE',  ( 298.8682276171019794, 362.0406035584500160, 59.00000046773470075 ) ) ;
#4621 = EDGE_LOOP ( 'NONE', ( #1935, #1492, #4247, #1635, #873 ) ) ;
#4622 = CARTESIAN_POINT ( 'NONE',  ( 285.9834654951159791, 369.0298387846179935, 59.00000046773470075 ) ) ;
#4623 = B_SPLINE_CURVE_WITH_KNOTS ( 'NONE', 3,
 ( #1623, #4877, #3529, #166, #3937 ),
 .UNSPECIFIED., .F., .F.,
 ( 4, 1, 4 ),
 ( 0.5000165651921637533, 0.5714285714285776141, 1.000000000000000000 ),
 .UNSPECIFIED. ) ;
#4624 = ORIENTED_EDGE ( 'NONE', *, *, #2865, .F. ) ;
#4625 = ORIENTED_EDGE ( 'NONE', *, *, #5883, .F. ) ;
#4626 = CARTESIAN_POINT ( 'NONE',  ( 264.4726037499009408, 368.0298387846179935, 71.00000046773459417 ) ) ;
#4627 = ORIENTED_EDGE ( 'NONE', *, *, #3082, .F. ) ;
#4628 = AXIS2_PLACEMENT_3D ( 'NONE', #3369, #2015, #92 ) ;
#4629 = CARTESIAN_POINT ( 'NONE',  ( 281.8716764056430293, 358.6298387846179594, 71.00000046773470785 ) ) ;
#4630 = EDGE_CURVE ( 'NONE', #1703, #5048, #1345, .T. ) ;
#4631 = LINE ( 'NONE', #6066, #3148 ) ;
#4632 = CARTESIAN_POINT ( 'NONE',  ( 300.1057636807850599, 343.0507103423191211, 71.00163838049462584 ) ) ;
#4633 = ORIENTED_EDGE ( 'NONE', *, *, #650, .F. ) ;
#4634 = ADVANCED_FACE ( 'NONE', ( #39, #5114 ), #1831, .F. ) ;
#4635 = CIRCLE ( 'NONE', #2363, 17.39999999999997016 ) ;
#4636 = EDGE_CURVE ( 'NONE', #489, #2845, #2751, .T. ) ;
#4637 = VERTEX_POINT ( 'NONE', #4211 ) ;
#4638 = CYLINDRICAL_SURFACE ( 'NONE', #5448, 20.00000000000000000 ) ;
#4639 = LINE ( 'NONE', #1705, #3387 ) ;
#4640 = DIRECTION ( 'NONE',  ( 0.000000000000000000, -0.9238795325112866275, 0.3826834323650899483 ) ) ;
#4641 = EDGE_CURVE ( 'NONE', #4993, #5400, #920, .T. ) ;
#4642 = CARTESIAN_POINT ( 'NONE',  ( 282.8007333595940622, 353.0302494308850214, 59.00000046773470075 ) ) ;
#4643 = DIRECTION ( 'NONE',  ( -0.6410464294893049031, -0.7675021011300318108, -1.396982686839379712E-29 ) ) ;
#4644 = DIRECTION ( 'NONE',  ( 0.3826834323650860625, 0.9238795325112882928, 2.081668171172170485E-15 ) ) ;
#4645 = EDGE_LOOP ( 'NONE', ( #1768, #781, #1731, #2150, #3016, #5614, #3405, #4119 ) ) ;
#4646 = CIRCLE ( 'NONE', #4051, 1.700000000000007061 ) ;
#4647 = CARTESIAN_POINT ( 'NONE',  ( 291.9758684512690365, 347.7805993228830062, 71.00000046773480733 ) ) ;
#4648 = ORIENTED_EDGE ( 'NONE', *, *, #989, .T. ) ;
#4649 = LINE ( 'NONE', #3661, #3977 ) ;
#4650 = VECTOR ( 'NONE', #4161, 1000.000000000000000 ) ;
#4651 = LINE ( 'NONE', #1809, #763 ) ;
#4652 = DIRECTION ( 'NONE',  ( -0.9036061908623972405, 0.4283641579721029768, -3.652049423109067235E-15 ) ) ;
#4653 = VERTEX_POINT ( 'NONE', #1924 ) ;
#4654 = EDGE_CURVE ( 'NONE', #4910, #1883, #5081, .T. ) ;
#4655 = DIRECTION ( 'NONE',  ( -5.075305255429250078E-15, -1.782680100817335193E-28, 1.000000000000000000 ) ) ;
#4656 = CARTESIAN_POINT ( 'NONE',  ( 298.1728887746041892, 342.0886472218772383, 68.75735978061540266 ) ) ;
#4657 = VERTEX_POINT ( 'NONE', #6108 ) ;
#4658 = CARTESIAN_POINT ( 'NONE',  ( 238.0933184961089921, 347.7201426854809938, 68.00000046773439522 ) ) ;
#4659 = AXIS2_PLACEMENT_3D ( 'NONE', #5981, #4655, #2301 ) ;
#4660 = DIRECTION ( 'NONE',  ( -3.865418436758450516E-29, 5.048709793107170241E-29, -1.000000000000000000 ) ) ;
#4661 = VERTEX_POINT ( 'NONE', #853 ) ;
#4662 = AXIS2_PLACEMENT_3D ( 'NONE', #1192, #4423, #3970 ) ;
#4663 = VERTEX_POINT ( 'NONE', #1867 ) ;
#4664 = CARTESIAN_POINT ( 'NONE',  ( 291.2225419644369708, 342.9974751296069826, 67.80000046773470501 ) ) ;
#4665 = ORIENTED_EDGE ( 'NONE', *, *, #958, .T. ) ;
#4666 = CARTESIAN_POINT ( 'NONE',  ( 244.0653282692170194, 350.7119315196689513, 71.00000046773449469 ) ) ;
#4667 = FACE_OUTER_BOUND ( 'NONE', #2343, .T. ) ;
#4668 = DIRECTION ( 'NONE',  ( -5.075305255429250078E-15, -4.807462580294150294E-29, 1.000000000000000000 ) ) ;
#4669 = VECTOR ( 'NONE', #2829, 1000.000000000000000 ) ;
#4670 = VERTEX_POINT ( 'NONE', #2721 ) ;
#4671 = DIRECTION ( 'NONE',  ( -4.649470104621709816E-15, -4.258351508075850304E-16, 1.000000000000000000 ) ) ;
#4672 = VERTEX_POINT ( 'NONE', #10 ) ;
#4673 = DIRECTION ( 'NONE',  ( -3.865418436758450516E-29, 5.048709793107170241E-29, -1.000000000000000000 ) ) ;
#4674 = LINE ( 'NONE', #2317, #4960 ) ;
#4675 = CARTESIAN_POINT ( 'NONE',  ( 240.3553174762540436, 350.7735605431969930, 67.00000046773500628 ) ) ;
#4676 = EDGE_CURVE ( 'NONE', #1614, #2717, #5632, .T. ) ;
#4677 = EDGE_CURVE ( 'NONE', #3887, #43, #4608, .T. ) ;
#4678 = DIRECTION ( 'NONE',  ( -0.6410464294893086779, -0.7675021011300287022, -1.396982686839359533E-29 ) ) ;
#4679 = CIRCLE ( 'NONE', #3881, 3.000000000000058176 ) ;
#4680 = CARTESIAN_POINT ( 'NONE',  ( 238.3082931378989997, 345.3256101834280116, 68.00000046773470785 ) ) ;
#4681 = VECTOR ( 'NONE', #5443, 1000.000000000000000 ) ;
#4682 = DIRECTION ( 'NONE',  ( -0.5254480155638047156, 0.8508257065580820955, -2.846725704167067405E-15 ) ) ;
#4683 = ADVANCED_FACE ( 'NONE', ( #3278 ), #1438, .F. ) ;
#4684 = ORIENTED_EDGE ( 'NONE', *, *, #2043, .F. ) ;
#4685 = CARTESIAN_POINT ( 'NONE',  ( 264.4726037499009408, 367.4298387846179708, 65.00000046773459417 ) ) ;
#4686 = ORIENTED_EDGE ( 'NONE', *, *, #1864, .T. ) ;
#4687 = LINE ( 'NONE', #4615, #2493 ) ;
#4688 = ADVANCED_FACE ( 'NONE', ( #1798 ), #2285, .T. ) ;
#4689 = ORIENTED_EDGE ( 'NONE', *, *, #445, .T. ) ;
#4690 = DIRECTION ( 'NONE',  ( 3.865418436758450516E-29, -5.048709793107170241E-29, 1.000000000000000000 ) ) ;
#4691 = CARTESIAN_POINT ( 'NONE',  ( 243.3241328407380024, 350.0237562774950675, 70.88183419263739893 ) ) ;
#4692 = EDGE_LOOP ( 'NONE', ( #383, #1827, #1719 ) ) ;
#4693 = DIRECTION ( 'NONE',  ( 5.921189464667460002E-15, 5.081578997491380000E-29, -1.000000000000000000 ) ) ;
#4694 = ADVANCED_FACE ( 'NONE', ( #5174 ), #400, .F. ) ;
#4695 = VECTOR ( 'NONE', #4673, 1000.000000000000000 ) ;
#4696 = LINE ( 'NONE', #2767, #194 ) ;
#4697 = ORIENTED_EDGE ( 'NONE', *, *, #191, .F. ) ;
#4698 = ORIENTED_EDGE ( 'NONE', *, *, #2801, .T. ) ;
#4699 = CARTESIAN_POINT ( 'NONE',  ( 294.1724793217489946, 343.5432494308849982, 66.00000046773476470 ) ) ;
#4700 = CIRCLE ( 'NONE', #4717, 2.000000000000031974 ) ;
#4701 = ORIENTED_EDGE ( 'NONE', *, *, #4332, .T. ) ;
#4702 = DIRECTION ( 'NONE',  ( -0.4478087658801240267, -0.8941293582032301401, -2.886579864025405427E-15 ) ) ;
#4703 = CARTESIAN_POINT ( 'NONE',  ( 264.4726037499009408, 369.0298387846179935, 68.75735978061520370 ) ) ;
#4704 = CARTESIAN_POINT ( 'NONE',  ( 262.7070278247574038, 353.3261286145295230, 59.14662661582362801 ) ) ;
#4705 = AXIS2_PLACEMENT_3D ( 'NONE', #84, #112, #2004 ) ;
#4706 = EDGE_LOOP ( 'NONE', ( #2462, #2093, #5266, #4592 ) ) ;
#4707 = CARTESIAN_POINT ( 'NONE',  ( 300.4503880197958665, 341.8702963546189153, 69.97237956253808022 ) ) ;
#4708 = ORIENTED_EDGE ( 'NONE', *, *, #5256, .T. ) ;
#4709 = CARTESIAN_POINT ( 'NONE',  ( 285.4696884217680122, 354.0298387846179935, 59.00000046773410389 ) ) ;
#4710 = CIRCLE ( 'NONE', #5018, 1.700000000000007061 ) ;
#4711 = DIRECTION ( 'NONE',  ( -3.865418436758450516E-29, 5.048709793107170241E-29, -1.000000000000000000 ) ) ;
#4712 = CARTESIAN_POINT ( 'NONE',  ( 310.4544155877539993, 350.4544155877979961, 65.00000046773479312 ) ) ;
#4713 = AXIS2_PLACEMENT_3D ( 'NONE', #2950, #4849, #604 ) ;
#4714 = LINE ( 'NONE', #4241, #2548 ) ;
#4715 = CARTESIAN_POINT ( 'NONE',  ( 270.1641679957360225, 355.6298387846179594, 59.00000046773460838 ) ) ;
#4716 = CARTESIAN_POINT ( 'NONE',  ( 251.4891013125549648, 356.7832276465549626, 71.00000046773459417 ) ) ;
#4717 = AXIS2_PLACEMENT_3D ( 'NONE', #5792, #2942, #4416 ) ;
#4718 = ORIENTED_EDGE ( 'NONE', *, *, #735, .F. ) ;
#4719 = VERTEX_POINT ( 'NONE', #2910 ) ;
#4720 = CARTESIAN_POINT ( 'NONE',  ( 290.9141485439669736, 354.7211761579559948, 71.00000046773480733 ) ) ;
#4721 = AXIS2_PLACEMENT_3D ( 'NONE', #5933, #4446, #1699 ) ;
#4722 = EDGE_CURVE ( 'NONE', #2197, #4672, #4862, .T. ) ;
#4723 = FACE_OUTER_BOUND ( 'NONE', #5630, .T. ) ;
#4724 = EDGE_CURVE ( 'NONE', #4009, #5808, #1124, .T. ) ;
#4725 = EDGE_CURVE ( 'NONE', #4868, #2208, #3207, .T. ) ;
#4726 = VERTEX_POINT ( 'NONE', #3399 ) ;
#4727 = CARTESIAN_POINT ( 'NONE',  ( 240.6871207130470225, 350.5048286777199564, 71.00000046773449469 ) ) ;
#4728 = DIRECTION ( 'NONE',  ( 5.325766498111130543E-15, -1.000000000000000000, -2.373894327159819883E-29 ) ) ;
#4729 = VERTEX_POINT ( 'NONE', #3339 ) ;
#4730 = CARTESIAN_POINT ( 'NONE',  ( 300.4573328464600195, 331.9720514722660027, 59.00000046773470075 ) ) ;
#4731 = LINE ( 'NONE', #1999, #4774 ) ;
#4732 = VERTEX_POINT ( 'NONE', #3432 ) ;
#4733 = ORIENTED_EDGE ( 'NONE', *, *, #1888, .F. ) ;
#4734 = CARTESIAN_POINT ( 'NONE',  ( 266.1328989089290076, 345.6316960581830244, 67.60000046773470217 ) ) ;
#4735 = EDGE_LOOP ( 'NONE', ( #4858, #3788, #1385, #3739, #1335 ) ) ;
#4736 = DIRECTION ( 'NONE',  ( -5.601653237913451099E-15, -1.337883081299480113E-15, 1.000000000000000000 ) ) ;
#4737 = DIRECTION ( 'NONE',  ( 0.6410464294893042370, 0.7675021011300324769, 3.652049423109093267E-15 ) ) ;
#4738 = ORIENTED_EDGE ( 'NONE', *, *, #3254, .F. ) ;
#4739 = CARTESIAN_POINT ( 'NONE',  ( 238.0933184961089921, 347.7201426854809938, 67.80000046773470501 ) ) ;
#4740 = ORIENTED_EDGE ( 'NONE', *, *, #598, .T. ) ;
#4741 = MECHANICAL_DESIGN_GEOMETRIC_PRESENTATION_REPRESENTATION (  '', ( #6014 ), #1387 ) ;
#4742 = EDGE_CURVE ( 'NONE', #3979, #1614, #3808, .T. ) ;
#4743 = CARTESIAN_POINT ( 'NONE',  ( 298.1611208359159946, 361.3334967772639743, 69.40000046773479880 ) ) ;
#4744 = LINE ( 'NONE', #1315, #857 ) ;
#4745 = CARTESIAN_POINT ( 'NONE',  ( 285.8574628432700138, 369.0298387846179935, 65.00000046773469364 ) ) ;
#4746 = FACE_OUTER_BOUND ( 'NONE', #844, .T. ) ;
#4747 = CARTESIAN_POINT ( 'NONE',  ( 262.9734359413189964, 364.3566941659969984, 71.00000046773459417 ) ) ;
#4748 = AXIS2_PLACEMENT_3D ( 'NONE', #6115, #3723, #543 ) ;
#4749 = ORIENTED_EDGE ( 'NONE', *, *, #2582, .T. ) ;
#4750 = ORIENTED_EDGE ( 'NONE', *, *, #2478, .T. ) ;
#4751 = DIRECTION ( 'NONE',  ( 0.3826834323650860625, 0.9238795325112882928, 2.081668171172170485E-15 ) ) ;
#4752 = CARTESIAN_POINT ( 'NONE',  ( 292.6356374363219857, 355.8281143903469683, 71.00000046773480733 ) ) ;
#4753 = VECTOR ( 'NONE', #5007, 999.9999999999998863 ) ;
#4754 = CIRCLE ( 'NONE', #2470, 6.599999999999994316 ) ;
#4755 = ORIENTED_EDGE ( 'NONE', *, *, #1381, .F. ) ;
#4756 = CARTESIAN_POINT ( 'NONE',  ( 243.4024614058494649, 350.9454834945519792, 70.07112282172185758 ) ) ;
#4757 = CARTESIAN_POINT ( 'NONE',  ( 291.7780791438210599, 347.3633757074829873, 68.75735978061540266 ) ) ;
#4758 = EDGE_LOOP ( 'NONE', ( #953, #4001, #492, #5356 ) ) ;
#4759 = VECTOR ( 'NONE', #1509, 1000.000000000000000 ) ;
#4760 = DIRECTION ( 'NONE',  ( 0.000000000000000000, -1.000000000000000000, -1.665250005579849882E-16 ) ) ;
#4761 = ADVANCED_FACE ( 'NONE', ( #5757 ), #5693, .F. ) ;
#4762 = EDGE_CURVE ( 'NONE', #3062, #5745, #1351, .T. ) ;
#4763 = CARTESIAN_POINT ( 'NONE',  ( 291.2630716625029663, 351.2154709610269379, 70.25184382471920230 ) ) ;
#4764 = ORIENTED_EDGE ( 'NONE', *, *, #5660, .F. ) ;
#4765 = ORIENTED_EDGE ( 'NONE', *, *, #5584, .F. ) ;
#4766 = CARTESIAN_POINT ( 'NONE',  ( 240.5292949281690085, 350.6366506697750083, 70.54635964766458756 ) ) ;
#4767 = ORIENTED_EDGE ( 'NONE', *, *, #3859, .F. ) ;
#4768 = CARTESIAN_POINT ( 'NONE',  ( 243.1853376850770019, 351.1879708472150128, 68.75735978061510423 ) ) ;
#4769 = CIRCLE ( 'NONE', #6048, 5.000000000000002665 ) ;
#4770 = VERTEX_POINT ( 'NONE', #2442 ) ;
#4771 = ORIENTED_EDGE ( 'NONE', *, *, #3763, .F. ) ;
#4772 = CARTESIAN_POINT ( 'NONE',  ( 251.4201440477810081, 331.9006800881509776, 68.75735978061520370 ) ) ;
#4773 = DIRECTION ( 'NONE',  ( 0.3826834323650869507, 0.9238795325112879597, 1.550590816515584094E-15 ) ) ;
#4774 = VECTOR ( 'NONE', #5285, 1000.000000000000000 ) ;
#4775 = FACE_OUTER_BOUND ( 'NONE', #4593, .T. ) ;
#4776 = AXIS2_PLACEMENT_3D ( 'NONE', #3913, #5366, #5860 ) ;
#4777 = CARTESIAN_POINT ( 'NONE',  ( 243.5675032611000006, 351.2393579524799634, 70.10294419288679535 ) ) ;
#4778 = CARTESIAN_POINT ( 'NONE',  ( 300.1835657469910075, 342.8486020286820235, 70.75929055268430545 ) ) ;
#4779 = ADVANCED_FACE ( 'NONE', ( #1471, #67 ), #90, .T. ) ;
#4780 = FACE_OUTER_BOUND ( 'NONE', #2277, .T. ) ;
#4781 = EDGE_CURVE ( 'NONE', #5158, #3282, #2119, .T. ) ;
#4782 = CARTESIAN_POINT ( 'NONE',  ( 285.8574628432700138, 366.0298387846179935, 68.75735978061550213 ) ) ;
#4783 = ORIENTED_EDGE ( 'NONE', *, *, #2170, .F. ) ;
#4784 = ORIENTED_EDGE ( 'NONE', *, *, #3427, .F. ) ;
#4785 = CARTESIAN_POINT ( 'NONE',  ( 262.7787388233210208, 366.3471948648769967, 71.00000046773459417 ) ) ;
#4786 = DIRECTION ( 'NONE',  ( -3.865418436758450516E-29, 5.048709793107170241E-29, -1.000000000000000000 ) ) ;
#4787 = DIRECTION ( 'NONE',  ( 0.3826834323650836756, 0.9238795325112892920, 3.469446951953620894E-15 ) ) ;
#4788 = ORIENTED_EDGE ( 'NONE', *, *, #3530, .F. ) ;
#4789 = CARTESIAN_POINT ( 'NONE',  ( 299.1664939225449871, 342.3301226250770242, 69.23519500410991157 ) ) ;
#4790 = LINE ( 'NONE', #5769, #5739 ) ;
#4791 = CARTESIAN_POINT ( 'NONE',  ( 272.9395524668809685, 348.3201842494089533, 68.00000046773459417 ) ) ;
#4792 = DIRECTION ( 'NONE',  ( 4.390802403307350460E-15, 7.826844571159010770E-16, -1.000000000000000000 ) ) ;
#4793 = CARTESIAN_POINT ( 'NONE',  ( 291.9758684512690365, 347.7805993228830062, 71.00000046773480733 ) ) ;
#4794 = VERTEX_POINT ( 'NONE', #5815 ) ;
#4795 = DIRECTION ( 'NONE',  ( -3.865418436758450516E-29, 5.048709793107170241E-29, -1.000000000000000000 ) ) ;
#4796 = EDGE_CURVE ( 'NONE', #1861, #1002, #5271, .T. ) ;
#4797 = ORIENTED_EDGE ( 'NONE', *, *, #2705, .F. ) ;
#4798 = CARTESIAN_POINT ( 'NONE',  ( 240.3553174762540152, 350.7735605431969930, 69.36778934459049140 ) ) ;
#4799 = DIRECTION ( 'NONE',  ( 0.7071067811868307906, -0.7071067811862643548, 2.113777432807134191E-15 ) ) ;
#4800 = EDGE_LOOP ( 'NONE', ( #4523, #5441, #269, #83, #5373 ) ) ;
#4801 = ORIENTED_EDGE ( 'NONE', *, *, #5508, .T. ) ;
#4802 = VECTOR ( 'NONE', #1343, 1000.000000000000000 ) ;
#4803 = DIRECTION ( 'NONE',  ( -0.6532814824381851793, -0.6532814824381851793, 0.3826834323651001069 ) ) ;
#4804 = EDGE_CURVE ( 'NONE', #5122, #2308, #5788, .T. ) ;
#4805 = ADVANCED_FACE ( 'NONE', ( #562 ), #4357, .F. ) ;
#4806 = CARTESIAN_POINT ( 'NONE',  ( 308.1795357628209899, 354.9920371125289762, 68.75735978061560161 ) ) ;
#4807 = CARTESIAN_POINT ( 'NONE',  ( 270.1641679957360225, 356.6298387846179594, 69.40000046773469933 ) ) ;
#4808 = AXIS2_PLACEMENT_3D ( 'NONE', #1497, #589, #621 ) ;
#4809 = FACE_OUTER_BOUND ( 'NONE', #5349, .T. ) ;
#4810 = LINE ( 'NONE', #564, #4219 ) ;
#4811 = FACE_OUTER_BOUND ( 'NONE', #1115, .T. ) ;
#4812 = CARTESIAN_POINT ( 'NONE',  ( 264.4726037499009408, 349.0298387846179367, 68.75735978061531739 ) ) ;
#4813 = VERTEX_POINT ( 'NONE', #4386 ) ;
#4814 = AXIS2_PLACEMENT_3D ( 'NONE', #5106, #5528, #3707 ) ;
#4815 = LINE ( 'NONE', #568, #5943 ) ;
#4816 =( BOUNDED_CURVE ( )  B_SPLINE_CURVE ( 3, ( #2898, #81, #1970, #1056 ),
 .UNSPECIFIED., .F., .F. ) 
 B_SPLINE_CURVE_WITH_KNOTS ( ( 4, 4 ),
 ( 6.275984332323790049, 6.283185307179586232 ),
 .UNSPECIFIED. ) 
 CURVE ( )  GEOMETRIC_REPRESENTATION_ITEM ( )  RATIONAL_B_SPLINE_CURVE ( ( 1.000000000000000000, 0.9999956788347619252, 0.9999956788347619252, 1.000000000000000000 ) ) 
 REPRESENTATION_ITEM ( '' )  );
#4817 = EDGE_CURVE ( 'NONE', #3803, #2207, #5979, .T. ) ;
#4818 = AXIS2_PLACEMENT_3D ( 'NONE', #2238, #3228, #320 ) ;
#4819 = ORIENTED_EDGE ( 'NONE', *, *, #2445, .F. ) ;
#4820 = CARTESIAN_POINT ( 'NONE',  ( 260.5027891503029878, 352.2688826140180254, 71.00000046773459417 ) ) ;
#4821 = EDGE_CURVE ( 'NONE', #2905, #3074, #535, .T. ) ;
#4822 = DIRECTION ( 'NONE',  ( 3.925231146706859944E-17, -0.7071067811865761055, -0.7071067811865191510 ) ) ;
#4823 = CARTESIAN_POINT ( 'NONE',  ( 262.7946944839437720, 353.3845657833007294, 59.30771780810757576 ) ) ;
#4824 = CYLINDRICAL_SURFACE ( 'NONE', #26, 3.000000000000010658 ) ;
#4825 = ORIENTED_EDGE ( 'NONE', *, *, #1961, .T. ) ;
#4826 = PRODUCT_DEFINITION_SHAPE ( 'NONE', 'NONE',  #4445 ) ;
#4827 = FACE_OUTER_BOUND ( 'NONE', #4561, .T. ) ;
#4828 = ORIENTED_EDGE ( 'NONE', *, *, #3552, .T. ) ;
#4829 = CARTESIAN_POINT ( 'NONE',  ( 240.3553174762540152, 350.7735605431969930, 68.75735978061500475 ) ) ;
#4830 = EDGE_LOOP ( 'NONE', ( #6093, #371, #4708, #2618 ) ) ;
#4831 = VERTEX_POINT ( 'NONE', #653 ) ;
#4832 = CARTESIAN_POINT ( 'NONE',  ( 288.7727271877300268, 355.4483839518200057, 68.40000046773479880 ) ) ;
#4833 = DIRECTION ( 'NONE',  ( -0.8941293582032305842, 0.4478087658801231941, 0.000000000000000000 ) ) ;
#4834 = CARTESIAN_POINT ( 'NONE',  ( 290.7387757964719981, 345.1710332311790239, 71.00000046773480733 ) ) ;
#4835 = EDGE_CURVE ( 'NONE', #4883, #4548, #2527, .T. ) ;
#4836 = CARTESIAN_POINT ( 'NONE',  ( 298.9193880782799511, 340.2105542367260114, 66.00000046773477891 ) ) ;
#4837 = CARTESIAN_POINT ( 'NONE',  ( 240.5759456966389962, 350.5976862050310388, 70.70075855633700712 ) ) ;
#4838 = ADVANCED_FACE ( 'NONE', ( #4775 ), #4395, .T. ) ;
#4839 = DIRECTION ( 'NONE',  ( 2.537652627714630167E-15, -2.537652627714595062E-15, -1.000000000000000000 ) ) ;
#4840 = EDGE_CURVE ( 'NONE', #2596, #673, #3215, .T. ) ;
#4841 = CYLINDRICAL_SURFACE ( 'NONE', #4959, 3.000000000000015099 ) ;
#4842 = VERTEX_POINT ( 'NONE', #3083 ) ;
#4843 = CARTESIAN_POINT ( 'NONE',  ( 243.5026302812268852, 351.3115486489637647, 69.90541007771044235 ) ) ;
#4844 = EDGE_CURVE ( 'NONE', #619, #5556, #5301, .T. ) ;
#4845 = VECTOR ( 'NONE', #1042, 1000.000000000000000 ) ;
#4846 = AXIS2_PLACEMENT_3D ( 'NONE', #6100, #973, #1403 ) ;
#4847 = EDGE_LOOP ( 'NONE', ( #5905, #793, #2266, #1871 ) ) ;
#4848 = CARTESIAN_POINT ( 'NONE',  ( 241.8250793081730023, 349.9969692222102253, 70.38182417203030639 ) ) ;
#4849 = DIRECTION ( 'NONE',  ( -3.865418436758455560E-29, 5.048709793107170241E-29, -1.000000000000000000 ) ) ;
#4850 = CARTESIAN_POINT ( 'NONE',  ( 285.8574628432700138, 368.0298387846179935, 71.00000046773470785 ) ) ;
#4851 = EDGE_CURVE ( 'NONE', #2407, #2230, #1154, .T. ) ;
#4852 = CARTESIAN_POINT ( 'NONE',  ( 292.7091626902439998, 350.5681216878010105, 71.48297555297580175 ) ) ;
#4853 = EDGE_LOOP ( 'NONE', ( #3292, #424 ) ) ;
#4854 = CARTESIAN_POINT ( 'NONE',  ( 270.1641679957360225, 355.6298387846179594, 68.40000046773469933 ) ) ;
#4855 = VECTOR ( 'NONE', #5149, 1000.000000000000000 ) ;
#4856 = ORIENTED_EDGE ( 'NONE', *, *, #3705, .F. ) ;
#4857 = CARTESIAN_POINT ( 'NONE',  ( 240.7557229417650149, 350.4769366296570183, 69.30591590091250964 ) ) ;
#4858 = ORIENTED_EDGE ( 'NONE', *, *, #2250, .F. ) ;
#4859 = ORIENTED_EDGE ( 'NONE', *, *, #5972, .F. ) ;
#4860 = CARTESIAN_POINT ( 'NONE',  ( 293.1284480582066863, 366.5835499023325497, 71.00000046773475049 ) ) ;
#4861 = CARTESIAN_POINT ( 'NONE',  ( 292.2315522343569683, 349.0908414302900269, 69.28563982115350939 ) ) ;
#4862 = LINE ( 'NONE', #153, #4302 ) ;
#4863 = CARTESIAN_POINT ( 'NONE',  ( 243.4812606540889988, 351.3353287846949797, 69.83075970084479422 ) ) ;
#4864 = CARTESIAN_POINT ( 'NONE',  ( 283.2858899680161358, 357.2156252222448529, 71.00000046773470785 ) ) ;
#4865 = DIRECTION ( 'NONE',  ( -0.4283641579721091386, -0.9036061908623943539, -2.174078862193410615E-15 ) ) ;
#4866 = AXIS2_PLACEMENT_3D ( 'NONE', #417, #348, #2700 ) ;
#4867 = DIRECTION ( 'NONE',  ( -2.516073165040730409E-14, 0.7071067811865510144, -0.7071067811865441310 ) ) ;
#4868 = VERTEX_POINT ( 'NONE', #211 ) ;
#4869 = CIRCLE ( 'NONE', #429, 1.700000000000007061 ) ;
#4870 = DIRECTION ( 'NONE',  ( 3.865418436758450516E-29, -5.048709793107170241E-29, 1.000000000000000000 ) ) ;
#4871 = ADVANCED_FACE ( 'NONE', ( #3519 ), #3022, .T. ) ;
#4872 = CARTESIAN_POINT ( 'NONE',  ( 288.2716764056430065, 358.3940482511480354, 71.00000046773470785 ) ) ;
#4873 = EDGE_CURVE ( 'NONE', #999, #5394, #4012, .T. ) ;
#4874 = EDGE_CURVE ( 'NONE', #1829, #4663, #393, .T. ) ;
#4875 = VECTOR ( 'NONE', #2541, 1000.000000000000000 ) ;
#4876 = VERTEX_POINT ( 'NONE', #5961 ) ;
#4877 = CARTESIAN_POINT ( 'NONE',  ( 241.9296003342518588, 350.4165102717344098, 68.75735978061517528 ) ) ;
#4878 = DIRECTION ( 'NONE',  ( 4.135580799816630757E-15, 1.665250005579849882E-16, -1.000000000000000000 ) ) ;
#4879 = EDGE_CURVE ( 'NONE', #2772, #4427, #1152, .T. ) ;
#4880 = DIRECTION ( 'NONE',  ( -5.075305255429250078E-15, -5.076883396865070006E-29, 1.000000000000000000 ) ) ;
#4881 = FACE_OUTER_BOUND ( 'NONE', #4026, .T. ) ;
#4882 = B_SPLINE_CURVE_WITH_KNOTS ( 'NONE', 3,
 ( #3406, #5213, #3344, #1873, #3752 ),
 .UNSPECIFIED., .F., .F.,
 ( 4, 1, 4 ),
 ( 0.000000000000000000, 0.4285714285714290472, 1.000000000000000000 ),
 .UNSPECIFIED. ) ;
#4883 = VERTEX_POINT ( 'NONE', #3576 ) ;
#4884 = ORIENTED_EDGE ( 'NONE', *, *, #1456, .T. ) ;
#4885 = DIRECTION ( 'NONE',  ( -0.6493199848919243289, 0.7605153234616321978, 0.000000000000000000 ) ) ;
#4886 = ADVANCED_FACE ( 'NONE', ( #1241 ), #3114, .F. ) ;
#4887 = ORIENTED_EDGE ( 'NONE', *, *, #5426, .F. ) ;
#4888 = ORIENTED_EDGE ( 'NONE', *, *, #1026, .T. ) ;
#4889 = CYLINDRICAL_SURFACE ( 'NONE', #4918, 1.999999999999992895 ) ;
#4890 = ORIENTED_EDGE ( 'NONE', *, *, #1920, .F. ) ;
#4891 = CARTESIAN_POINT ( 'NONE',  ( 292.3702753892910096, 349.4169602359760347, 70.29506241653959364 ) ) ;
#4892 = DIRECTION ( 'NONE',  ( -3.865418436758450516E-29, 5.048709793107170241E-29, -1.000000000000000000 ) ) ;
#4893 = DIRECTION ( 'NONE',  ( -0.4478087658801228055, -0.8941293582032306952, -2.276634065091459879E-15 ) ) ;
#4894 = CARTESIAN_POINT ( 'NONE',  ( 243.3341019716850155, 351.4850050418140199, 68.75735978061510423 ) ) ;
#4895 = VECTOR ( 'NONE', #3895, 1000.000000000000000 ) ;
#4896 = DIRECTION ( 'NONE',  ( -3.812827708568219989E-29, 5.049531523524069939E-29, -1.000000000000000000 ) ) ;
#4897 = ORIENTED_EDGE ( 'NONE', *, *, #3935, .T. ) ;
#4898 = DIRECTION ( 'NONE',  ( -0.7675021011300341423, 0.6410464294893021275, 0.000000000000000000 ) ) ;
#4899 = CARTESIAN_POINT ( 'NONE',  ( 242.7932066083048994, 350.7355822929781084, 68.75735978061514686 ) ) ;
#4900 = VECTOR ( 'NONE', #2199, 1000.000000000000000 ) ;
#4901 = AXIS2_PLACEMENT_3D ( 'NONE', #5561, #1337, #5623 ) ;
#4902 = ORIENTED_EDGE ( 'NONE', *, *, #4874, .F. ) ;
#4903 = CARTESIAN_POINT ( 'NONE',  ( 294.0498509986950353, 354.4139008279740324, 71.00000046773480733 ) ) ;
#4904 = EDGE_CURVE ( 'NONE', #1787, #754, #682, .T. ) ;
#4905 = VECTOR ( 'NONE', #5189, 1000.000000000000000 ) ;
#4906 = CARTESIAN_POINT ( 'NONE',  ( 259.9663115353810099, 352.5375678735459815, 65.00000046773459417 ) ) ;
#4907 = DIRECTION ( 'NONE',  ( 4.135580799816630757E-15, 1.665250005579849882E-16, -1.000000000000000000 ) ) ;
#4908 = ADVANCED_FACE ( 'NONE', ( #2622 ), #2680, .F. ) ;
#4909 = ADVANCED_FACE ( 'NONE', ( #5871 ), #2554, .F. ) ;
#4910 = VERTEX_POINT ( 'NONE', #4980 ) ;
#4911 = CARTESIAN_POINT ( 'NONE',  ( 251.3275750174570078, 331.7152706833470006, 59.00000046773450180 ) ) ;
#4912 = ORIENTED_EDGE ( 'NONE', *, *, #402, .T. ) ;
#4913 = CARTESIAN_POINT ( 'NONE',  ( 313.8838834765089700, 345.3986021023139870, 72.75000046773490681 ) ) ;
#4914 = AXIS2_PLACEMENT_3D ( 'NONE', #5873, #3521, #2099 ) ;
#4915 = VERTEX_POINT ( 'NONE', #4948 ) ;
#4916 = ORIENTED_EDGE ( 'NONE', *, *, #4796, .T. ) ;
#4917 = CARTESIAN_POINT ( 'NONE',  ( 283.2858899680161358, 365.8440523469910772, 69.40000046773469933 ) ) ;
#4918 = AXIS2_PLACEMENT_3D ( 'NONE', #3863, #5232, #4298 ) ;
#4919 = CARTESIAN_POINT ( 'NONE',  ( 300.4748777484369384, 341.9341928774800294, 70.10294419288699430 ) ) ;
#4920 = CARTESIAN_POINT ( 'NONE',  ( 300.6719899717809881, 342.7005930397280054, 71.00000047436950013 ) ) ;
#4921 = CARTESIAN_POINT ( 'NONE',  ( 291.9744160809443656, 351.1267025383084501, 70.99844344055121326 ) ) ;
#4922 = CARTESIAN_POINT ( 'NONE',  ( 286.9730364358591146, 365.7604576204192313, 71.00000046773470785 ) ) ;
#4923 = PLANE ( 'NONE',  #5160 ) ;
#4924 = CARTESIAN_POINT ( 'NONE',  ( 298.3427642896016891, 342.6014801287111595, 70.99934672513198564 ) ) ;
#4925 = EDGE_CURVE ( 'NONE', #2717, #1383, #4076, .T. ) ;
#4926 = ORIENTED_EDGE ( 'NONE', *, *, #3935, .F. ) ;
#4927 = DIRECTION ( 'NONE',  ( -0.7675021011300318108, 0.6410464294893049031, 1.923567737863849253E-16 ) ) ;
#4928 = DIRECTION ( 'NONE',  ( -0.5000000000000510703, -0.5000000000000002220, -0.7071067811865112684 ) ) ;
#4929 = FACE_OUTER_BOUND ( 'NONE', #4830, .T. ) ;
#4930 = ORIENTED_EDGE ( 'NONE', *, *, #415, .F. ) ;
#4931 = LINE ( 'NONE', #1163, #2897 ) ;
#4932 = CARTESIAN_POINT ( 'NONE',  ( 259.9663115353810099, 352.5375678735459815, 59.00000046773460838 ) ) ;
#4933 = CONICAL_SURFACE ( 'NONE', #586, 19.50000000000000355, 0.7853981633974391752 ) ;
#4934 = DIRECTION ( 'NONE',  ( -5.551115123125779621E-17, 1.000000000000000000, 0.000000000000000000 ) ) ;
#4935 = CARTESIAN_POINT ( 'NONE',  ( 289.9062638400429819, 356.2947462868290245, 68.75735978061540266 ) ) ;
#4936 = VERTEX_POINT ( 'NONE', #1209 ) ;
#4937 = LINE ( 'NONE', #3597, #4944 ) ;
#4938 = CARTESIAN_POINT ( 'NONE',  ( 297.8782781234409640, 361.0506540647890574, 68.75735978061550213 ) ) ;
#4939 = EDGE_CURVE ( 'NONE', #1186, #1048, #5931, .T. ) ;
#4941 = ADVANCED_FACE ( 'NONE', ( #2067 ), #2820, .T. ) ;
#4940 = CARTESIAN_POINT ( 'NONE',  ( 262.0309270541617366, 354.7944627413432386, 59.00000046773459417 ) ) ;
#4942 = CARTESIAN_POINT ( 'NONE',  ( 249.2771495725509965, 333.4278626208219976, 69.40000046773450038 ) ) ;
#4943 = ORIENTED_EDGE ( 'NONE', *, *, #3902, .T. ) ;
#4944 = VECTOR ( 'NONE', #5890, 1000.000000000000000 ) ;
#4945 = ORIENTED_EDGE ( 'NONE', *, *, #1564, .T. ) ;
#4946 = CARTESIAN_POINT ( 'NONE',  ( 254.8043602635269167, 364.6850317852866397, 59.00000046773455864 ) ) ;
#4947 = ORIENTED_EDGE ( 'NONE', *, *, #1545, .F. ) ;
#4948 = CARTESIAN_POINT ( 'NONE',  ( 291.3665317142669551, 351.8344784126049944, 70.87868012417519026 ) ) ;
#4949 = AXIS2_PLACEMENT_3D ( 'NONE', #6018, #5187, #4193 ) ;
#4950 = CARTESIAN_POINT ( 'NONE',  ( 292.1642556055333557, 350.6119315678482735, 70.99993182482708676 ) ) ;
#4951 = CARTESIAN_POINT ( 'NONE',  ( 258.7950182794642728, 353.6050269626427394, 69.40000046773469933 ) ) ;
#4952 = ORIENTED_EDGE ( 'NONE', *, *, #2338, .T. ) ;
#4953 = VERTEX_POINT ( 'NONE', #1725 ) ;
#4954 = CARTESIAN_POINT ( 'NONE',  ( 286.2716764056430065, 350.0298387846179367, 65.00000046773469364 ) ) ;
#4955 = DIRECTION ( 'NONE',  ( 1.000000000000000000, 0.000000000000000000, 0.000000000000000000 ) ) ;
#4956 = EDGE_CURVE ( 'NONE', #1150, #4719, #4566, .T. ) ;
#4957 = EDGE_CURVE ( 'NONE', #73, #2885, #5595, .T. ) ;
#4958 = CARTESIAN_POINT ( 'NONE',  ( 238.0933184961090205, 347.7201426854809938, 67.00000046773500628 ) ) ;
#4959 = AXIS2_PLACEMENT_3D ( 'NONE', #127, #1585, #593 ) ;
#4960 = VECTOR ( 'NONE', #4210, 1000.000000000000000 ) ;
#4961 = AXIS2_PLACEMENT_3D ( 'NONE', #189, #4450, #3469 ) ;
#4962 = ORIENTED_EDGE ( 'NONE', *, *, #1756, .T. ) ;
#4963 = CARTESIAN_POINT ( 'NONE',  ( 294.1724793217489946, 345.9474124869190064, 67.60000046773470217 ) ) ;
#4964 = VECTOR ( 'NONE', #1444, 1000.000000000000000 ) ;
#4965 = DIRECTION ( 'NONE',  ( 1.000000000000000000, 0.000000000000000000, 0.000000000000000000 ) ) ;
#4966 = CIRCLE ( 'NONE', #2890, 19.00000000000003908 ) ;
#4967 = DIRECTION ( 'NONE',  ( -0.4478087658801228055, -0.8941293582032306952, -2.272766182898719438E-15 ) ) ;
#4968 = ORIENTED_EDGE ( 'NONE', *, *, #5229, .F. ) ;
#4969 = DIRECTION ( 'NONE',  ( -5.045325939066829835E-15, -4.854366611099339771E-17, 1.000000000000000000 ) ) ;
#4970 = ORIENTED_EDGE ( 'NONE', *, *, #5173, .T. ) ;
#4971 = DIRECTION ( 'NONE',  ( -0.3118306729710899616, -0.6577864215610079723, -0.6856228226979911300 ) ) ;
#4972 = CARTESIAN_POINT ( 'NONE',  ( 299.8381225707554449, 363.0104985121035952, 69.90541007771082604 ) ) ;
#4973 = AXIS2_PLACEMENT_3D ( 'NONE', #49, #664, #257 ) ;
#4974 = AXIS2_PLACEMENT_3D ( 'NONE', #2535, #2077, #628 ) ;
#4975 = ORIENTED_EDGE ( 'NONE', *, *, #675, .F. ) ;
#4976 = VERTEX_POINT ( 'NONE', #1754 ) ;
#4977 = FACE_OUTER_BOUND ( 'NONE', #4596, .T. ) ;
#4978 = ORIENTED_EDGE ( 'NONE', *, *, #3512, .F. ) ;
#4979 = PLANE ( 'NONE',  #966 ) ;
#4980 = CARTESIAN_POINT ( 'NONE',  ( 264.9734359413189964, 354.0298387846179935, 68.75735978061540266 ) ) ;
#4981 = EDGE_CURVE ( 'NONE', #4436, #4246, #4171, .T. ) ;
#4982 = CARTESIAN_POINT ( 'NONE',  ( 292.3232124525191580, 349.7344391345761210, 71.00028720002875104 ) ) ;
#4983 = LINE ( 'NONE', #3549, #3920 ) ;
#4984 = VERTEX_POINT ( 'NONE', #5993 ) ;
#4985 = EDGE_CURVE ( 'NONE', #2382, #779, #5198, .T. ) ;
#4986 = EDGE_CURVE ( 'NONE', #740, #3272, #742, .T. ) ;
#4987 = DIRECTION ( 'NONE',  ( -5.075305255429250078E-15, -5.076883396865070006E-29, 1.000000000000000000 ) ) ;
#4988 = ORIENTED_EDGE ( 'NONE', *, *, #1700, .T. ) ;
#4989 = CARTESIAN_POINT ( 'NONE',  ( 254.4890914541886389, 365.1955272092215523, 71.00000046773453732 ) ) ;
#4990 = CARTESIAN_POINT ( 'NONE',  ( 267.9592223789459240, 357.2156252222447961, 71.00000046773470785 ) ) ;
#4991 = CARTESIAN_POINT ( 'NONE',  ( 241.7822346003840437, 349.9575060702984501, 71.00065931160965249 ) ) ;
#4992 = VECTOR ( 'NONE', #692, 1000.000000000000000 ) ;
#4993 = VERTEX_POINT ( 'NONE', #430 ) ;
#4994 = ADVANCED_FACE ( 'NONE', ( #2806 ), #2713, .F. ) ;
#4995 = CARTESIAN_POINT ( 'NONE',  ( 297.2825229898210182, 341.3597594760919947, 69.52938766262570880 ) ) ;
#4996 = CARTESIAN_POINT ( 'NONE',  ( 299.1329521850570359, 343.1289206668649854, 71.12250257333950287 ) ) ;
#4997 = VECTOR ( 'NONE', #1032, 1000.000000000000000 ) ;
#4998 = CARTESIAN_POINT ( 'NONE',  ( 266.3336535438530177, 354.2582001870840713, 69.90541007771058446 ) ) ;
#4999 = ORIENTED_EDGE ( 'NONE', *, *, #2545, .T. ) ;
#5000 = ADVANCED_FACE ( 'NONE', ( #4600 ), #1788, .F. ) ;
#5001 = DIRECTION ( 'NONE',  ( 0.6322449324434680218, -0.3166486150286058621, -0.7071067811865618946 ) ) ;
#5002 = ORIENTED_EDGE ( 'NONE', *, *, #3230, .F. ) ;
#5003 = PLANE ( 'NONE',  #5190 ) ;
#5004 = AXIS2_PLACEMENT_3D ( 'NONE', #5284, #516, #52 ) ;
#5005 = DIRECTION ( 'NONE',  ( -0.8941293582032308063, 0.4478087658801226945, -4.625929269271590241E-15 ) ) ;
#5006 = VECTOR ( 'NONE', #2157, 1000.000000000000000 ) ;
#5007 = DIRECTION ( 'NONE',  ( 0.7071067811865510144, -0.7071067811865441310, 3.552713678800430721E-15 ) ) ;
#5008 = ORIENTED_EDGE ( 'NONE', *, *, #2902, .T. ) ;
#5009 = DIRECTION ( 'NONE',  ( 0.7850344385869003627, -0.6194521210170726988, 0.000000000000000000 ) ) ;
#5010 = ORIENTED_EDGE ( 'NONE', *, *, #2511, .T. ) ;
#5011 = DIRECTION ( 'NONE',  ( 4.135580799816630757E-15, 1.665250005579849882E-16, -1.000000000000000000 ) ) ;
#5012 = ORIENTED_EDGE ( 'NONE', *, *, #4477, .T. ) ;
#5013 = DIRECTION ( 'NONE',  ( 1.000000000000000000, 0.000000000000000000, 0.000000000000000000 ) ) ;
#5014 = VECTOR ( 'NONE', #2966, 1000.000000000000000 ) ;
#5015 = CARTESIAN_POINT ( 'NONE',  ( 292.3054480571376530, 348.9167074265196788, 71.00159652354901141 ) ) ;
#5016 = DIRECTION ( 'NONE',  ( 5.067835103561290491E-15, -1.803454195256859651E-17, -1.000000000000000000 ) ) ;
#5017 = ORIENTED_EDGE ( 'NONE', *, *, #4263, .F. ) ;
#5018 = AXIS2_PLACEMENT_3D ( 'NONE', #4588, #3634, #837 ) ;
#5019 = DIRECTION ( 'NONE',  ( 1.000000000000000000, 0.000000000000000000, 3.662863569123590396E-15 ) ) ;
#5020 = ORIENTED_EDGE ( 'NONE', *, *, #4024, .F. ) ;
#5021 = B_SPLINE_SURFACE_WITH_KNOTS ( 'NONE', 3, 3, ( 
 ( #1816, #349, #3291, #5092 ),
 ( #3632, #5517, #2798, #2366 ),
 ( #4225, #961, #1328, #4691 ),
 ( #450, #2334, #4586, #6118 ),
 ( #2701, #3196, #419, #3698 ),
 ( #5580, #865, #4128, #2302 ) ),
 .UNSPECIFIED., .F., .F., .F.,
 ( 4, 1, 1, 4 ),
 ( 4, 4 ),
 ( 0.000000000000000000, 0.2857142857142860315, 0.5714285714285709528, 1.000000000000000000 ),
 ( 0.4651178524849530205, 0.7853981633974790322 ),
 .UNSPECIFIED. ) ;
#5022 = DIRECTION ( 'NONE',  ( -0.5254480155638053818, 0.8508257065580815404, -2.392722035830080451E-15 ) ) ;
#5023 = DIRECTION ( 'NONE',  ( 0.7071067811865450192, 0.7071067811865500152, 3.588782762705767865E-15 ) ) ;
#5024 = EDGE_CURVE ( 'NONE', #1065, #4729, #5166, .T. ) ;
#5025 = EDGE_CURVE ( 'NONE', #4151, #5439, #155, .T. ) ;
#5026 = DIRECTION ( 'NONE',  ( 0.7071067811865510144, -0.7071067811865441310, 3.588782762705728422E-15 ) ) ;
#5027 = CARTESIAN_POINT ( 'NONE',  ( 300.0921558007020167, 342.2769670425989830, 70.04665654066100444 ) ) ;
#5028 = CARTESIAN_POINT ( 'NONE',  ( 287.7849434964830380, 354.1734259432699901, 68.75735978061540266 ) ) ;
#5029 = VERTEX_POINT ( 'NONE', #2244 ) ;
#5030 = DIRECTION ( 'NONE',  ( 3.925231146712190302E-17, -0.7071067811865510144, 0.7071067811865441310 ) ) ;
#5031 = DIRECTION ( 'NONE',  ( -4.206854629683915336E-15, -3.385952472658505403E-16, 1.000000000000000000 ) ) ;
#5032 = CIRCLE ( 'NONE', #4142, 1.621282276603380756 ) ;
#5033 = ORIENTED_EDGE ( 'NONE', *, *, #1479, .F. ) ;
#5034 = LINE ( 'NONE', #3697, #3772 ) ;
#5035 = CARTESIAN_POINT ( 'NONE',  ( 295.8724793217489832, 343.5432494308849982, 65.00000046773469364 ) ) ;
#5036 = CARTESIAN_POINT ( 'NONE',  ( 287.8065601265729470, 356.4488832589319713, 69.40000046773479880 ) ) ;
#5037 = VECTOR ( 'NONE', #4444, 1000.000000000000000 ) ;
#5038 = EDGE_CURVE ( 'NONE', #4310, #496, #1889, .T. ) ;
#5039 = VECTOR ( 'NONE', #5217, 1000.000000000000000 ) ;
#5040 = FACE_OUTER_BOUND ( 'NONE', #3798, .T. ) ;
#5041 = VERTEX_POINT ( 'NONE', #2773 ) ;
#5042 = EDGE_LOOP ( 'NONE', ( #4345, #1685, #709, #1130 ) ) ;
#5043 = CARTESIAN_POINT ( 'NONE',  ( 241.5458432552780152, 352.3806225735750104, 71.00000046773449469 ) ) ;
#5044 = VERTEX_POINT ( 'NONE', #845 ) ;
#5045 = DIRECTION ( 'NONE',  ( 1.000000000000000000, -5.072825556483224633E-45, 4.263256414560600169E-15 ) ) ;
#5046 = CARTESIAN_POINT ( 'NONE',  ( 292.1857421016375156, 350.5380127887078174, 70.99995205506021989 ) ) ;
#5047 = DIRECTION ( 'NONE',  ( -0.8941293582032308063, 0.4478087658801228610, -4.537979430722413314E-15 ) ) ;
#5048 = VERTEX_POINT ( 'NONE', #3300 ) ;
#5049 = CARTESIAN_POINT ( 'NONE',  ( 264.4726037499009408, 349.0298387846179367, 65.00000046773459417 ) ) ;
#5050 = ORIENTED_EDGE ( 'NONE', *, *, #2203, .T. ) ;
#5051 = CARTESIAN_POINT ( 'NONE',  ( 291.2348287886470644, 351.0464939579686643, 69.90541036415697818 ) ) ;
#5052 = CARTESIAN_POINT ( 'NONE',  ( 241.7391433363349620, 349.9688028415451413, 71.00075161891319908 ) ) ;
#5053 = ORIENTED_EDGE ( 'NONE', *, *, #1649, .T. ) ;
#5054 = ADVANCED_FACE ( 'NONE', ( #2311 ), #877, .F. ) ;
#5055 = CARTESIAN_POINT ( 'NONE',  ( 289.8072103115759433, 353.5653726905500207, 71.00000046773480733 ) ) ;
#5056 = ORIENTED_EDGE ( 'NONE', *, *, #250, .T. ) ;
#5057 = CARTESIAN_POINT ( 'NONE',  ( 285.8574628432700138, 369.0298387846179935, 59.00000046773470075 ) ) ;
#5058 = CARTESIAN_POINT ( 'NONE',  ( 270.1641679957360225, 354.5298387846179935, 70.50000046773470785 ) ) ;
#5059 = CARTESIAN_POINT ( 'NONE',  ( 315.1213203435849550, 346.6360389693909951, 71.00000046773490681 ) ) ;
#5060 = DIRECTION ( 'NONE',  ( -5.921189464667440281E-15, 0.000000000000000000, 1.000000000000000000 ) ) ;
#5061 = EDGE_CURVE ( 'NONE', #1140, #16, #3736, .T. ) ;
#5062 = EDGE_CURVE ( 'NONE', #2718, #5889, #4205, .T. ) ;
#5063 = CARTESIAN_POINT ( 'NONE',  ( 300.4573328464600195, 331.9720514722660027, 71.00000046773480733 ) ) ;
#5064 = AXIS2_PLACEMENT_3D ( 'NONE', #3489, #2495, #4385 ) ;
#5065 = CARTESIAN_POINT ( 'NONE',  ( 263.4385522203889991, 356.4488832589319713, 69.40000046773458564 ) ) ;
#5066 = DIRECTION ( 'NONE',  ( 0.4478087658801355730, 0.8941293582032243670, 0.000000000000000000 ) ) ;
#5067 = PLANE ( 'NONE',  #3015 ) ;
#5068 = DIRECTION ( 'NONE',  ( -1.771028431247341680E-16, 0.7071067811865441310, -0.7071067811865510144 ) ) ;
#5069 = EDGE_LOOP ( 'NONE', ( #3305, #4019, #4473, #1400 ) ) ;
#5070 = ORIENTED_EDGE ( 'NONE', *, *, #4105, .T. ) ;
#5071 = LINE ( 'NONE', #4230, #1679 ) ;
#5072 = ORIENTED_EDGE ( 'NONE', *, *, #4851, .F. ) ;
#5073 = AXIS2_PLACEMENT_3D ( 'NONE', #6080, #4549, #1840 ) ;
#5074 = EDGE_CURVE ( 'NONE', #19, #4657, #3315, .T. ) ;
#5075 = CARTESIAN_POINT ( 'NONE',  ( 235.6987859940570047, 347.5051680436919810, 67.60000046773470217 ) ) ;
#5076 = DIRECTION ( 'NONE',  ( 3.865418436758450516E-29, -5.048709793107170241E-29, 1.000000000000000000 ) ) ;
#5077 = DIRECTION ( 'NONE',  ( -5.075305255429250078E-15, -1.782680100817335193E-28, 1.000000000000000000 ) ) ;
#5078 = ORIENTED_EDGE ( 'NONE', *, *, #3052, .F. ) ;
#5079 = ORIENTED_EDGE ( 'NONE', *, *, #3477, .F. ) ;
#5080 = CARTESIAN_POINT ( 'NONE',  ( 258.3903682308929888, 355.5636638197939874, 69.40000046773469933 ) ) ;
#5081 = LINE ( 'NONE', #5537, #2026 ) ;
#5082 = CARTESIAN_POINT ( 'NONE',  ( 242.7763475444257892, 349.8763931230560047, 71.00033043008892264 ) ) ;
#5083 = PLANE ( 'NONE',  #1672 ) ;
#5084 = ORIENTED_EDGE ( 'NONE', *, *, #5584, .T. ) ;
#5085 = PLANE ( 'NONE',  #3361 ) ;
#5086 = ORIENTED_EDGE ( 'NONE', *, *, #103, .T. ) ;
#5087 = CARTESIAN_POINT ( 'NONE',  ( 251.3275750174565530, 331.7152706833467732, 68.95901426838275938 ) ) ;
#5088 = DIRECTION ( 'NONE',  ( 0.5499953507477859382, -0.4593766653061609473, 0.6974798875437279166 ) ) ;
#5089 = VECTOR ( 'NONE', #436, 1000.000000000000000 ) ;
#5090 = ORIENTED_EDGE ( 'NONE', *, *, #3003, .F. ) ;
#5091 = DIRECTION ( 'NONE',  ( -5.075305255429250078E-15, -5.705042066558399438E-29, 1.000000000000000000 ) ) ;
#5092 = CARTESIAN_POINT ( 'NONE',  ( 243.9696615322960156, 350.7918359525469896, 70.87868012417479235 ) ) ;
#5093 = ADVANCED_FACE ( 'NONE', ( #943 ), #4232, .F. ) ;
#5094 = ORIENTED_EDGE ( 'NONE', *, *, #3588, .T. ) ;
#5095 = VECTOR ( 'NONE', #5353, 1000.000000000000114 ) ;
#5096 = CARTESIAN_POINT ( 'NONE',  ( 266.1328989089290076, 345.6316960581830244, 67.80000046773470501 ) ) ;
#5097 = ADVANCED_FACE ( 'NONE', ( #1431 ), #493, .T. ) ;
#5098 = EDGE_CURVE ( 'NONE', #4089, #165, #2031, .T. ) ;
#5099 = AXIS2_PLACEMENT_3D ( 'NONE', #369, #1707, #4485 ) ;
#5100 = CARTESIAN_POINT ( 'NONE',  ( 243.1177219380430188, 349.9560418311409649, 71.00000046773449469 ) ) ;
#5101 = ORIENTED_EDGE ( 'NONE', *, *, #5062, .T. ) ;
#5102 = AXIS2_PLACEMENT_3D ( 'NONE', #4535, #3954, #5901 ) ;
#5103 = ORIENTED_EDGE ( 'NONE', *, *, #6121, .T. ) ;
#5104 = CARTESIAN_POINT ( 'NONE',  ( 251.3261290865589785, 331.7123309460969836, 69.21197768188780231 ) ) ;
#5105 = ORIENTED_EDGE ( 'NONE', *, *, #5508, .F. ) ;
#5106 = CARTESIAN_POINT ( 'NONE',  ( 269.3734359413190305, 364.4298387846179708, 71.00000046773470785 ) ) ;
#5107 = CARTESIAN_POINT ( 'NONE',  ( 281.8716764056430293, 358.6298387846179594, 69.40000046773469933 ) ) ;
#5108 = VECTOR ( 'NONE', #2304, 1000.000000000000114 ) ;
#5109 = CARTESIAN_POINT ( 'NONE',  ( 253.9700525322530211, 329.5081747374569545, 63.44866756258180374 ) ) ;
#5110 = VERTEX_POINT ( 'NONE', #1572 ) ;
#5111 = ORIENTED_EDGE ( 'NONE', *, *, #6122, .F. ) ;
#5112 = DIRECTION ( 'NONE',  ( -5.075305255429250078E-15, -4.802577686957880628E-29, 1.000000000000000000 ) ) ;
#5113 = CARTESIAN_POINT ( 'NONE',  ( 311.5857864376529847, 351.5857864376969815, 65.00000046773479312 ) ) ;
#5114 = FACE_BOUND ( 'NONE', #777, .T. ) ;
#5115 = DIRECTION ( 'NONE',  ( -0.7850344385868762709, -0.6194521210171033410, 0.000000000000000000 ) ) ;
#5116 = ADVANCED_FACE ( 'NONE', ( #1489 ), #1520, .T. ) ;
#5117 = VERTEX_POINT ( 'NONE', #1091 ) ;
#5118 = DIRECTION ( 'NONE',  ( 0.000000000000000000, -0.7071067811865819897, 0.7071067811865130448 ) ) ;
#5119 = VERTEX_POINT ( 'NONE', #5348 ) ;
#5120 = FACE_OUTER_BOUND ( 'NONE', #5503, .T. ) ;
#5121 = LINE ( 'NONE', #4157, #6056 ) ;
#5122 = VERTEX_POINT ( 'NONE', #1917 ) ;
#5123 = DIRECTION ( 'NONE',  ( -1.000000000000000000, 0.000000000000000000, -3.652049423109042780E-15 ) ) ;
#5124 = CARTESIAN_POINT ( 'NONE',  ( 282.8007333595940622, 355.6298387846179594, 57.87575804349160080 ) ) ;
#5125 = ORIENTED_EDGE ( 'NONE', *, *, #5920, .T. ) ;
#5126 = DIRECTION ( 'NONE',  ( -8.216957449196999725E-16, -1.983749011529565127E-15, 1.000000000000000000 ) ) ;
#5127 = EDGE_LOOP ( 'NONE', ( #206, #2465, #539, #663, #5258 ) ) ;
#5128 = ORIENTED_EDGE ( 'NONE', *, *, #2644, .T. ) ;
#5129 = CARTESIAN_POINT ( 'NONE',  ( 242.0834310484575269, 345.7217658718836901, 67.00000046773500628 ) ) ;
#5130 = EDGE_CURVE ( 'NONE', #2853, #1787, #4264, .T. ) ;
#5131 = ORIENTED_EDGE ( 'NONE', *, *, #1440, .T. ) ;
#5132 = EDGE_CURVE ( 'NONE', #4953, #1606, #3934, .T. ) ;
#5133 = VECTOR ( 'NONE', #183, 1000.000000000000000 ) ;
#5134 = DIRECTION ( 'NONE',  ( 0.7675021011300342533, -0.6410464294893021275, 3.895307447418221009E-15 ) ) ;
#5135 = DIRECTION ( 'NONE',  ( 1.000000000000000000, 0.000000000000000000, 4.135580799816630757E-15 ) ) ;
#5136 = VECTOR ( 'NONE', #765, 1000.000000000000000 ) ;
#5137 = DIRECTION ( 'NONE',  ( -0.7071067811865336949, 0.7071067811865614505, 0.000000000000000000 ) ) ;
#5138 = ORIENTED_EDGE ( 'NONE', *, *, #3534, .F. ) ;
#5139 = ORIENTED_EDGE ( 'NONE', *, *, #4985, .T. ) ;
#5140 = EDGE_CURVE ( 'NONE', #2419, #1279, #3391, .T. ) ;
#5141 = DIRECTION ( 'NONE',  ( -0.4478087658801240822, -0.8941293582032302512, -2.886579864025405822E-15 ) ) ;
#5142 = DIRECTION ( 'NONE',  ( 3.865418436758450516E-29, -5.048709793107170241E-29, 1.000000000000000000 ) ) ;
#5143 = DIRECTION ( 'NONE',  ( 1.000000000000000000, 5.325766498111130543E-15, 5.075305255429250078E-15 ) ) ;
#5144 =( LENGTH_UNIT ( ) NAMED_UNIT ( * ) SI_UNIT ( .MILLI., .METRE. ) );
#5145 = CARTESIAN_POINT ( 'NONE',  ( 299.1123441789248432, 343.0061196206535215, 70.99754842760974327 ) ) ;
#5146 = DIRECTION ( 'NONE',  ( 0.000000000000000000, -1.013374408114470159E-14, -1.000000000000000000 ) ) ;
#5147 = EDGE_LOOP ( 'NONE', ( #2581, #3664, #2875, #5389, #3861, #3638, #1701, #2177 ) ) ;
#5148 = VECTOR ( 'NONE', #2573, 1000.000000000000114 ) ;
#5149 = DIRECTION ( 'NONE',  ( 5.075305255429250078E-15, 5.076883396865070006E-29, -1.000000000000000000 ) ) ;
#5150 = ORIENTED_EDGE ( 'NONE', *, *, #103, .F. ) ;
#5151 = CARTESIAN_POINT ( 'NONE',  ( 237.2859539436049943, 350.6094613732270204, 68.00000046773470785 ) ) ;
#5152 = ADVANCED_FACE ( 'NONE', ( #582 ), #828, .T. ) ;
#5153 = CIRCLE ( 'NONE', #2270, 1.700000000000007061 ) ;
#5154 = DIRECTION ( 'NONE',  ( 0.000000000000000000, -1.000000000000000000, -5.048709793107170241E-29 ) ) ;
#5155 = ORIENTED_EDGE ( 'NONE', *, *, #2330, .F. ) ;
#5156 = CARTESIAN_POINT ( 'NONE',  ( 251.0118935437170080, 366.8150730837550100, 68.75735978061520370 ) ) ;
#5157 = DIRECTION ( 'NONE',  ( 1.000000000000000000, 0.000000000000000000, 0.000000000000000000 ) ) ;
#5158 = VERTEX_POINT ( 'NONE', #610 ) ;
#5159 = CARTESIAN_POINT ( 'NONE',  ( 235.6573420640499705, 344.8036347011870362, 71.00000046773449469 ) ) ;
#5160 = AXIS2_PLACEMENT_3D ( 'NONE', #3985, #4359, #3958 ) ;
#5161 = ORIENTED_EDGE ( 'NONE', *, *, #1766, .F. ) ;
#5162 = AXIS2_PLACEMENT_3D ( 'NONE', #4248, #4278, #2420 ) ;
#5163 = VERTEX_POINT ( 'NONE', #1948 ) ;
#5164 = DIRECTION ( 'NONE',  ( 0.000000000000000000, -1.000000000000000000, -5.048709793107170241E-29 ) ) ;
#5165 = VERTEX_POINT ( 'NONE', #3831 ) ;
#5166 = LINE ( 'NONE', #5075, #1842 ) ;
#5167 = CARTESIAN_POINT ( 'NONE',  ( 291.6676043602080313, 347.1303363727276974, 59.00000046773475759 ) ) ;
#5168 = LINE ( 'NONE', #2313, #2489 ) ;
#5169 = VECTOR ( 'NONE', #3738, 1000.000000000000000 ) ;
#5170 = VERTEX_POINT ( 'NONE', #5717 ) ;
#5171 = ORIENTED_EDGE ( 'NONE', *, *, #4724, .T. ) ;
#5172 = DIRECTION ( 'NONE',  ( -4.439502732829730801E-15, 3.255971232964709782E-16, 1.000000000000000000 ) ) ;
#5173 = EDGE_CURVE ( 'NONE', #5992, #2891, #2722, .T. ) ;
#5174 = FACE_OUTER_BOUND ( 'NONE', #4196, .T. ) ;
#5175 = VECTOR ( 'NONE', #2198, 1000.000000000000000 ) ;
#5176 = EDGE_CURVE ( 'NONE', #6059, #2181, #2324, .T. ) ;
#5177 = FACE_OUTER_BOUND ( 'NONE', #6027, .T. ) ;
#5178 = VECTOR ( 'NONE', #3618, 1000.000000000000000 ) ;
#5179 = EDGE_CURVE ( 'NONE', #86, #420, #4379, .T. ) ;
#5180 = CARTESIAN_POINT ( 'NONE',  ( 295.8724793217489832, 343.5432494308849982, 66.00000046773477891 ) ) ;
#5181 = ORIENTED_EDGE ( 'NONE', *, *, #5265, .T. ) ;
#5182 = ORIENTED_EDGE ( 'NONE', *, *, #255, .F. ) ;
#5183 = DIRECTION ( 'NONE',  ( 5.075305255429250078E-15, 4.950812373597580346E-29, -1.000000000000000000 ) ) ;
#5184 = DIRECTION ( 'NONE',  ( -2.537652627714544970E-15, 2.537652627714595062E-15, 1.000000000000000000 ) ) ;
#5185 = ORIENTED_EDGE ( 'NONE', *, *, #404, .T. ) ;
#5186 = CARTESIAN_POINT ( 'NONE',  ( 277.8251968995009520, 345.0752022981990308, 69.40000046773469933 ) ) ;
#5187 = DIRECTION ( 'NONE',  ( 4.439502732829720546E-15, -3.255971232964550038E-16, -1.000000000000000000 ) ) ;
#5188 = ORIENTED_EDGE ( 'NONE', *, *, #4311, .T. ) ;
#5189 = DIRECTION ( 'NONE',  ( 3.865418436758450516E-29, -5.048709793107170241E-29, 1.000000000000000000 ) ) ;
#5190 = AXIS2_PLACEMENT_3D ( 'NONE', #3070, #1233, #587 ) ;
#5191 = EDGE_CURVE ( 'NONE', #4813, #4842, #2517, .T. ) ;
#5192 = LINE ( 'NONE', #3794, #2681 ) ;
#5193 = ORIENTED_EDGE ( 'NONE', *, *, #1506, .F. ) ;
#5194 = ORIENTED_EDGE ( 'NONE', *, *, #1649, .F. ) ;
#5195 = DIRECTION ( 'NONE',  ( 0.4478087658801228055, 0.8941293582032306952, 2.000844226037119392E-15 ) ) ;
#5196 = CIRCLE ( 'NONE', #2336, 1.999999999999990896 ) ;
#5197 = VERTEX_POINT ( 'NONE', #2058 ) ;
#5198 = LINE ( 'NONE', #908, #2222 ) ;
#5199 = CARTESIAN_POINT ( 'NONE',  ( 272.5993164204099912, 366.4298387846179708, 71.00000046773470785 ) ) ;
#5200 = DIRECTION ( 'NONE',  ( 5.921189464667460002E-15, 5.081578997491380000E-29, -1.000000000000000000 ) ) ;
#5201 = VECTOR ( 'NONE', #2578, 1000.000000000000114 ) ;
#5202 = VERTEX_POINT ( 'NONE', #4468 ) ;
#5203 = CYLINDRICAL_SURFACE ( 'NONE', #3105, 18.39999999999999503 ) ;
#5204 = ORIENTED_EDGE ( 'NONE', *, *, #2933, .F. ) ;
#5205 = CARTESIAN_POINT ( 'NONE',  ( 292.8988379987875987, 366.0292221828256629, 59.00000046773473628 ) ) ;
#5206 = CIRCLE ( 'NONE', #3319, 0.8799999999999918998 ) ;
#5207 = CARTESIAN_POINT ( 'NONE',  ( 303.6419142380909761, 357.2669169374619855, 68.40000046773479880 ) ) ;
#5208 = VECTOR ( 'NONE', #3946, 1000.000000000000114 ) ;
#5209 = DIRECTION ( 'NONE',  ( -1.000000000000000000, 0.000000000000000000, -3.109821425608187948E-15 ) ) ;
#5210 = PLANE ( 'NONE',  #5915 ) ;
#5211 = ORIENTED_EDGE ( 'NONE', *, *, #4330, .T. ) ;
#5212 = ORIENTED_EDGE ( 'NONE', *, *, #6086, .F. ) ;
#5213 = CARTESIAN_POINT ( 'NONE',  ( 292.1874941839715802, 348.2270099729432786, 70.78862180149297956 ) ) ;
#5214 = EDGE_CURVE ( 'NONE', #43, #5170, #2115, .T. ) ;
#5215 = EDGE_CURVE ( 'NONE', #4577, #1723, #3513, .T. ) ;
#5216 = VECTOR ( 'NONE', #5328, 1000.000000000000000 ) ;
#5217 = DIRECTION ( 'NONE',  ( 3.829919399319065354E-15, -8.886742574956209590E-16, -1.000000000000000000 ) ) ;
#5218 = AXIS2_PLACEMENT_3D ( 'NONE', #3166, #2703, #5066 ) ;
#5219 = ORIENTED_EDGE ( 'NONE', *, *, #525, .F. ) ;
#5220 = CARTESIAN_POINT ( 'NONE',  ( 300.4748777484369384, 341.9341928774800294, 70.10294419288699430 ) ) ;
#5221 = CARTESIAN_POINT ( 'NONE',  ( 293.0120922499683047, 343.5881317488784248, 66.00000046773476470 ) ) ;
#5222 = VERTEX_POINT ( 'NONE', #1174 ) ;
#5223 = FACE_OUTER_BOUND ( 'NONE', #323, .T. ) ;
#5224 = CARTESIAN_POINT ( 'NONE',  ( 289.9062638400429819, 356.2947462868290245, 68.75735978061540266 ) ) ;
#5225 = ORIENTED_EDGE ( 'NONE', *, *, #850, .T. ) ;
#5226 = ORIENTED_EDGE ( 'NONE', *, *, #4654, .F. ) ;
#5227 = ORIENTED_EDGE ( 'NONE', *, *, #1864, .F. ) ;
#5228 = CARTESIAN_POINT ( 'NONE',  ( 240.5292949281690085, 350.6366506697750083, 70.54635964766458756 ) ) ;
#5229 = EDGE_CURVE ( 'NONE', #893, #4876, #1717, .T. ) ;
#5230 = ORIENTED_EDGE ( 'NONE', *, *, #4087, .T. ) ;
#5231 = EDGE_LOOP ( 'NONE', ( #353, #2532, #1776, #3727, #4926 ) ) ;
#5232 = DIRECTION ( 'NONE',  ( -3.865418436758450516E-29, 5.048709793107170241E-29, -1.000000000000000000 ) ) ;
#5233 = AXIS2_PLACEMENT_3D ( 'NONE', #3340, #5696, #5666 ) ;
#5234 = LINE ( 'NONE', #2846, #4583 ) ;
#5235 = CARTESIAN_POINT ( 'NONE',  ( 238.0933184961089921, 347.7201426854809938, 59.00000046773453732 ) ) ;
#5236 = DIRECTION ( 'NONE',  ( 0.8941293582032345810, -0.4478087658801153115, 4.625929269271513721E-15 ) ) ;
#5237 = LINE ( 'NONE', #4745, #1286 ) ;
#5238 = DIRECTION ( 'NONE',  ( -3.865418436758455560E-29, 5.048709793107170241E-29, -1.000000000000000000 ) ) ;
#5239 = FACE_OUTER_BOUND ( 'NONE', #4758, .T. ) ;
#5240 = B_SPLINE_CURVE_WITH_KNOTS ( 'NONE', 3,
 ( #1441, #4778, #2849, #5145, #3687 ),
 .UNSPECIFIED., .F., .F.,
 ( 4, 1, 4 ),
 ( 0.000000000000000000, 0.9845865046155468647, 1.000000000000000000 ),
 .UNSPECIFIED. ) ;
#5241 = AXIS2_PLACEMENT_3D ( 'NONE', #506, #41, #6111 ) ;
#5242 = EDGE_LOOP ( 'NONE', ( #4017, #1205, #2122 ) ) ;
#5243 = VERTEX_POINT ( 'NONE', #5838 ) ;
#5244 = CARTESIAN_POINT ( 'NONE',  ( 286.2716764056430065, 354.0298387846179935, 68.75735978061540266 ) ) ;
#5245 = DIRECTION ( 'NONE',  ( 0.7071067811865558994, 0.7071067811865392461, 0.000000000000000000 ) ) ;
#5246 = AXIS2_PLACEMENT_3D ( 'NONE', #5897, #5461, #808 ) ;
#5247 = CYLINDRICAL_SURFACE ( 'NONE', #1290, 3.999999999999992450 ) ;
#5248 = VECTOR ( 'NONE', #3130, 1000.000000000000000 ) ;
#5249 = ADVANCED_FACE ( 'NONE', ( #4431 ), #4005, .T. ) ;
#5250 = CARTESIAN_POINT ( 'NONE',  ( 264.9734359413189964, 355.6298387846179594, 59.41579725814460033 ) ) ;
#5251 = CARTESIAN_POINT ( 'NONE',  ( 238.7106259614200212, 342.2534179164449597, 67.00000046773500628 ) ) ;
#5252 = VERTEX_POINT ( 'NONE', #3976 ) ;
#5253 = VECTOR ( 'NONE', #407, 1000.000000000000000 ) ;
#5254 = LINE ( 'NONE', #2427, #4905 ) ;
#5255 = EDGE_CURVE ( 'NONE', #268, #392, #2924, .T. ) ;
#5256 = EDGE_CURVE ( 'NONE', #3987, #999, #240, .T. ) ;
#5257 = DIRECTION ( 'NONE',  ( 0.7071067811865475727, -0.7071067811865475727, 0.000000000000000000 ) ) ;
#5258 = ORIENTED_EDGE ( 'NONE', *, *, #3879, .F. ) ;
#5259 = VERTEX_POINT ( 'NONE', #4972 ) ;
#5260 = CARTESIAN_POINT ( 'NONE',  ( 241.6546008329879953, 350.1941898105479822, 69.64923506459091129 ) ) ;
#5261 = APPLICATION_PROTOCOL_DEFINITION ( 'draft international standard', 'automotive_design', 1998, #2601 ) ;
#5262 = CIRCLE ( 'NONE', #2979, 3.000000000000013767 ) ;
#5263 = AXIS2_PLACEMENT_3D ( 'NONE', #4418, #627, #4898 ) ;
#5264 = ORIENTED_EDGE ( 'NONE', *, *, #5790, .T. ) ;
#5265 = EDGE_CURVE ( 'NONE', #2868, #5671, #3483, .T. ) ;
#5266 = ORIENTED_EDGE ( 'NONE', *, *, #3209, .F. ) ;
#5267 = CARTESIAN_POINT ( 'NONE',  ( 264.5295260319330168, 354.0298387846180503, 60.64824681569260179 ) ) ;
#5268 = FACE_OUTER_BOUND ( 'NONE', #2179, .T. ) ;
#5269 = AXIS2_PLACEMENT_3D ( 'NONE', #4935, #700, #3100 ) ;
#5270 = CARTESIAN_POINT ( 'NONE',  ( 291.1885809147930217, 350.7697885249600631, 68.75735978061540266 ) ) ;
#5271 = LINE ( 'NONE', #3368, #2428 ) ;
#5272 = AXIS2_PLACEMENT_3D ( 'NONE', #2141, #1596, #2054 ) ;
#5273 = CARTESIAN_POINT ( 'NONE',  ( 294.1724793217489946, 341.1390863748509901, 68.00000046773470785 ) ) ;
#5274 = DIRECTION ( 'NONE',  ( 0.2023250242856306780, -0.9793184285756185714, 0.000000000000000000 ) ) ;
#5275 = VERTEX_POINT ( 'NONE', #5371 ) ;
#5276 = DIRECTION ( 'NONE',  ( 0.3826834323650858960, 0.9238795325112882928, 2.191229653865440499E-15 ) ) ;
#5277 = AXIS2_PLACEMENT_3D ( 'NONE', #1901, #3785, #4751 ) ;
#5278 = VECTOR ( 'NONE', #919, 1000.000000000000000 ) ;
#5279 = AXIS2_PLACEMENT_3D ( 'NONE', #3744, #3216, #5115 ) ;
#5280 = CARTESIAN_POINT ( 'NONE',  ( 298.1510656914749688, 358.5151155207549891, 69.40000046773479880 ) ) ;
#5281 = EDGE_LOOP ( 'NONE', ( #5907, #1633, #5181, #3172, #4162, #3781, #2095, #3240, #1190 ) ) ;
#5282 = LINE ( 'NONE', #1907, #2101 ) ;
#5283 = CARTESIAN_POINT ( 'NONE',  ( 291.2225419644369708, 342.9974751296069826, 67.60000046773470217 ) ) ;
#5284 = CARTESIAN_POINT ( 'NONE',  ( 264.9734359413189964, 350.0298387846179367, 59.00000046773460838 ) ) ;
#5285 = DIRECTION ( 'NONE',  ( -5.075305255429250078E-15, -5.076883396865070006E-29, 1.000000000000000000 ) ) ;
#5286 = ORIENTED_EDGE ( 'NONE', *, *, #5778, .T. ) ;
#5287 = EDGE_CURVE ( 'NONE', #851, #5222, #351, .T. ) ;
#5288 = DIRECTION ( 'NONE',  ( 1.000000000000000000, 0.000000000000000000, 0.000000000000000000 ) ) ;
#5289 = VERTEX_POINT ( 'NONE', #5489 ) ;
#5290 = ADVANCED_FACE ( 'NONE', ( #3511 ), #644, .F. ) ;
#5292 = EDGE_CURVE ( 'NONE', #4672, #2891, #2518, .T. ) ;
#5291 = CARTESIAN_POINT ( 'NONE',  ( 266.3336535438530177, 357.0298387846179935, 68.75735978061531739 ) ) ;
#5293 = ORIENTED_EDGE ( 'NONE', *, *, #2189, .T. ) ;
#5294 = VECTOR ( 'NONE', #4581, 1000.000000000000000 ) ;
#5295 = ORIENTED_EDGE ( 'NONE', *, *, #2011, .F. ) ;
#5296 = CARTESIAN_POINT ( 'NONE',  ( 238.0933184961089921, 347.7201426854809938, 67.60000046773470217 ) ) ;
#5297 = CARTESIAN_POINT ( 'NONE',  ( 290.7520438570800252, 350.5382564443789875, 69.52760424974609066 ) ) ;
#5298 = DIRECTION ( 'NONE',  ( 0.3826834323650861180, 0.9238795325112882928, 2.102695122396128831E-15 ) ) ;
#5299 = DIRECTION ( 'NONE',  ( -1.000000000000000000, 0.000000000000000000, -4.135580799816630757E-15 ) ) ;
#5300 = CARTESIAN_POINT ( 'NONE',  ( 241.8250793177879814, 349.9969692137410107, 70.38182419824221370 ) ) ;
#5301 = CIRCLE ( 'NONE', #1941, 3.999999999999992450 ) ;
#5302 = CARTESIAN_POINT ( 'NONE',  ( 297.2825229898208477, 341.3597594760910283, 66.00000046773477891 ) ) ;
#5303 = CARTESIAN_POINT ( 'NONE',  ( 300.3336016406530007, 341.6247677991000273, 71.00000046773480733 ) ) ;
#5304 = DIRECTION ( 'NONE',  ( 0.000000000000000000, -1.000000000000000000, 0.000000000000000000 ) ) ;
#5305 = VERTEX_POINT ( 'NONE', #4940 ) ;
#5306 = AXIS2_PLACEMENT_3D ( 'NONE', #5291, #3857, #4349 ) ;
#5307 = DIRECTION ( 'NONE',  ( -3.190296047773433502E-15, 1.000000000000000000, 0.000000000000000000 ) ) ;
#5308 = ADVANCED_FACE ( 'NONE', ( #705 ), #1659, .T. ) ;
#5309 = AXIS2_PLACEMENT_3D ( 'NONE', #5986, #422, #1267 ) ;
#5310 = CARTESIAN_POINT ( 'NONE',  ( 265.4802252839050425, 353.0302494308850214, 59.00000046773460838 ) ) ;
#5311 = DIRECTION ( 'NONE',  ( -5.075305255429250078E-15, -5.076883396865070006E-29, 1.000000000000000000 ) ) ;
#5312 = LINE ( 'NONE', #4730, #1073 ) ;
#5313 = DIRECTION ( 'NONE',  ( -5.075305255429250078E-15, -4.802577686957880628E-29, 1.000000000000000000 ) ) ;
#5314 = DIRECTION ( 'NONE',  ( -0.7071067811865470176, 0.7071067811865480168, 0.000000000000000000 ) ) ;
#5315 = DIRECTION ( 'NONE',  ( -0.9760862754457416690, -0.2173834926724194094, 0.000000000000000000 ) ) ;
#5316 = VERTEX_POINT ( 'NONE', #176 ) ;
#5317 = CARTESIAN_POINT ( 'NONE',  ( 258.3903682308929888, 355.5636638197939874, 71.00000046773459417 ) ) ;
#5318 = CARTESIAN_POINT ( 'NONE',  ( 243.3874813668069805, 351.4396864398830189, 69.48995962414879557 ) ) ;
#5319 = VERTEX_POINT ( 'NONE', #2144 ) ;
#5320 = EDGE_CURVE ( 'NONE', #5163, #1614, #1688, .T. ) ;
#5321 = ADVANCED_FACE ( 'NONE', ( #3106 ), #774, .F. ) ;
#5322 = ORIENTED_EDGE ( 'NONE', *, *, #5813, .F. ) ;
#5323 = FACE_OUTER_BOUND ( 'NONE', #1664, .T. ) ;
#5324 = CARTESIAN_POINT ( 'NONE',  ( 294.1724793217489946, 343.5432494308849982, 67.80000046773470501 ) ) ;
#5325 = SPHERICAL_SURFACE ( 'NONE', #5064, 3.063726656943550175 ) ;
#5326 = DIRECTION ( 'NONE',  ( 4.135580799816630757E-15, 1.665250005579849882E-16, -1.000000000000000000 ) ) ;
#5327 = CARTESIAN_POINT ( 'NONE',  ( 243.4024614132079876, 350.9454834863939823, 70.07112284274730030 ) ) ;
#5328 = DIRECTION ( 'NONE',  ( -3.865418436758450516E-29, 5.048709793107170241E-29, -1.000000000000000000 ) ) ;
#5329 = CARTESIAN_POINT ( 'NONE',  ( 262.5031390919699561, 354.0298387846179935, 65.00000046773459417 ) ) ;
#5330 = ADVANCED_FACE ( 'NONE', ( #2175 ), #2268, .F. ) ;
#5331 = ORIENTED_EDGE ( 'NONE', *, *, #1116, .T. ) ;
#5332 = CARTESIAN_POINT ( 'NONE',  ( 270.1641679957360225, 354.0298387846179935, 59.00000046773460838 ) ) ;
#5333 = LINE ( 'NONE', #2161, #1511 ) ;
#5334 = CIRCLE ( 'NONE', #485, 1.999999999999989786 ) ;
#5335 = VECTOR ( 'NONE', #4550, 1000.000000000000000 ) ;
#5336 = VERTEX_POINT ( 'NONE', #1748 ) ;
#5337 = CIRCLE ( 'NONE', #5246, 2.000000000000016431 ) ;
#5338 = EDGE_CURVE ( 'NONE', #1861, #3039, #867, .T. ) ;
#5339 = PLANE ( 'NONE',  #629 ) ;
#5340 = EDGE_CURVE ( 'NONE', #30, #5122, #161, .T. ) ;
#5341 = DIRECTION ( 'NONE',  ( -5.045325939066829835E-15, -4.854366611099339771E-17, 1.000000000000000000 ) ) ;
#5342 = ORIENTED_EDGE ( 'NONE', *, *, #5677, .F. ) ;
#5343 = B_SPLINE_CURVE_WITH_KNOTS ( 'NONE', 3,
 ( #3336, #2411, #2037, #4322, #618, #5783, #3426, #2961, #2908, #2439, #2524, #5267, #1468 ),
 .UNSPECIFIED., .F., .F.,
 ( 4, 2, 2, 1, 2, 2, 4 ),
 ( 0.1633366912516183156, 0.3725025184387544264, 0.4770854320323224540, 0.5293768888291261465, 0.5555226172275078422, 0.5816683456258895379, 1.000000000000000000 ),
 .UNSPECIFIED. ) ;
#5344 = LINE ( 'NONE', #1113, #727 ) ;
#5345 = ORIENTED_EDGE ( 'NONE', *, *, #322, .T. ) ;
#5346 = AXIS2_PLACEMENT_3D ( 'NONE', #3888, #110, #523 ) ;
#5347 = ORIENTED_EDGE ( 'NONE', *, *, #4024, .T. ) ;
#5348 = CARTESIAN_POINT ( 'NONE',  ( 240.5292949281690085, 350.6366506697750083, 71.00000046773449469 ) ) ;
#5349 = EDGE_LOOP ( 'NONE', ( #901, #3017, #959, #2374, #1855 ) ) ;
#5350 = ORIENTED_EDGE ( 'NONE', *, *, #4609, .F. ) ;
#5351 = DIRECTION ( 'NONE',  ( -0.7071067811865489050, 0.7071067811865460184, 0.000000000000000000 ) ) ;
#5352 = ORIENTED_EDGE ( 'NONE', *, *, #1619, .T. ) ;
#5353 = DIRECTION ( 'NONE',  ( -0.4478087658801228055, -0.8941293582032306952, -2.272766182898719438E-15 ) ) ;
#5354 = CARTESIAN_POINT ( 'NONE',  ( 283.9689093702880314, 355.6298387846179594, 59.00000046773410389 ) ) ;
#5355 = CARTESIAN_POINT ( 'NONE',  ( 241.6730918218903525, 350.3846747279900455, 59.00000046773455153 ) ) ;
#5356 = ORIENTED_EDGE ( 'NONE', *, *, #5038, .T. ) ;
#5357 = AXIS2_PLACEMENT_3D ( 'NONE', #5774, #1486, #5257 ) ;
#5358 = AXIS2_PLACEMENT_3D ( 'NONE', #5908, #1673, #2019 ) ;
#5359 = EDGE_CURVE ( 'NONE', #2391, #4069, #3819, .T. ) ;
#5360 = CARTESIAN_POINT ( 'NONE',  ( 283.2858899680161358, 365.8440523469910772, 71.00000046773470785 ) ) ;
#5361 = LINE ( 'NONE', #4990, #4681 ) ;
#5362 = ADVANCED_FACE ( 'NONE', ( #4227 ), #2337, .T. ) ;
#5363 = EDGE_CURVE ( 'NONE', #3200, #3962, #4309, .T. ) ;
#5364 = CIRCLE ( 'NONE', #4776, 4.000000000000010658 ) ;
#5365 = CARTESIAN_POINT ( 'NONE',  ( 242.0834310484575553, 345.7217658718836901, 59.00000046773455864 ) ) ;
#5366 = DIRECTION ( 'NONE',  ( 5.077756511490070427E-15, -3.969168420285224583E-18, -1.000000000000000000 ) ) ;
#5367 = CARTESIAN_POINT ( 'NONE',  ( 269.3734359413190305, 364.4298387846179708, 69.40000046773469933 ) ) ;
#5368 = VERTEX_POINT ( 'NONE', #3260 ) ;
#5369 = CARTESIAN_POINT ( 'NONE',  ( 287.8024101351033437, 353.7253569146631094, 65.00000046773470785 ) ) ;
#5370 = EDGE_LOOP ( 'NONE', ( #4235, #2770, #4396, #2349 ) ) ;
#5371 = CARTESIAN_POINT ( 'NONE',  ( 295.8724793217489832, 343.5432494308849982, 67.60000046773470217 ) ) ;
#5372 = EDGE_CURVE ( 'NONE', #1883, #583, #3320, .T. ) ;
#5373 = ORIENTED_EDGE ( 'NONE', *, *, #3392, .T. ) ;
#5374 = ORIENTED_EDGE ( 'NONE', *, *, #3126, .T. ) ;
#5375 = DIRECTION ( 'NONE',  ( 2.537652627714694853E-15, -2.537652627714595062E-15, -1.000000000000000000 ) ) ;
#5376 = CARTESIAN_POINT ( 'NONE',  ( 291.7780791438210599, 347.3633757074829873, 68.75735978061540266 ) ) ;
#5377 = CARTESIAN_POINT ( 'NONE',  ( 292.0229850644194585, 349.1599702336809514, 68.75735978061541687 ) ) ;
#5378 = DIRECTION ( 'NONE',  ( -0.7071067811865489050, 0.7071067811865460184, 0.000000000000000000 ) ) ;
#5379 = CYLINDRICAL_SURFACE ( 'NONE', #2340, 2.000000000000031974 ) ;
#5380 = VECTOR ( 'NONE', #5923, 1000.000000000000000 ) ;
#5381 = CARTESIAN_POINT ( 'NONE',  ( 237.8783438543200077, 350.1146751875339760, 68.00000046773470785 ) ) ;
#5382 = CARTESIAN_POINT ( 'NONE',  ( 298.9435375615338444, 342.9435985498278683, 71.00132838714178263 ) ) ;
#5383 = ORIENTED_EDGE ( 'NONE', *, *, #1490, .F. ) ;
#5384 = CARTESIAN_POINT ( 'NONE',  ( 299.1043002490169442, 343.0066643985180121, 71.00000046773480733 ) ) ;
#5385 = AXIS2_PLACEMENT_3D ( 'NONE', #2913, #3436, #5304 ) ;
#5386 = VECTOR ( 'NONE', #5805, 1000.000000000000114 ) ;
#5387 = EDGE_CURVE ( 'NONE', #2523, #2805, #4109, .T. ) ;
#5388 = ADVANCED_FACE ( 'NONE', ( #6120 ), #5067, .F. ) ;
#5389 = ORIENTED_EDGE ( 'NONE', *, *, #3712, .T. ) ;
#5390 = CARTESIAN_POINT ( 'NONE',  ( 298.8682276171019794, 362.0406035584500160, 68.40000046773479880 ) ) ;
#5391 = CIRCLE ( 'NONE', #2328, 0.8799999999999918998 ) ;
#5392 = CARTESIAN_POINT ( 'NONE',  ( 245.1904989274979982, 353.5654305161530147, 67.80000046773470501 ) ) ;
#5393 = FACE_OUTER_BOUND ( 'NONE', #3515, .T. ) ;
#5394 = VERTEX_POINT ( 'NONE', #2800 ) ;
#5395 = B_SPLINE_CURVE_WITH_KNOTS ( 'NONE', 3,
 ( #2192, #884, #4083, #1732, #1896 ),
 .UNSPECIFIED., .F., .F.,
 ( 4, 1, 4 ),
 ( 0.000000000000000000, 0.1870713443068878490, 1.000000000000000000 ),
 .UNSPECIFIED. ) ;
#5396 = CARTESIAN_POINT ( 'NONE',  ( 266.1328989089290076, 345.6316960581830244, 67.60000046773470217 ) ) ;
#5397 = ORIENTED_EDGE ( 'NONE', *, *, #2413, .T. ) ;
#5398 = DIRECTION ( 'NONE',  ( 0.4478087658801240822, 0.8941293582032302512, -1.548285618979870399E-14 ) ) ;
#5399 = AXIS2_PLACEMENT_3D ( 'NONE', #4568, #214, #2154 ) ;
#5400 = VERTEX_POINT ( 'NONE', #5036 ) ;
#5401 = ORIENTED_EDGE ( 'NONE', *, *, #3669, .T. ) ;
#5402 = ORIENTED_EDGE ( 'NONE', *, *, #3729, .F. ) ;
#5403 = CARTESIAN_POINT ( 'NONE',  ( 283.8716764056430293, 364.4298387846179708, 69.40000046773469933 ) ) ;
#5404 = ADVANCED_FACE ( 'NONE', ( #4163 ), #1461, .F. ) ;
#5405 = CARTESIAN_POINT ( 'NONE',  ( 262.9734359413189964, 358.3940482511480354, 71.00000046773459417 ) ) ;
#5406 = CARTESIAN_POINT ( 'NONE',  ( 264.9734359413189964, 350.0298387846179367, 71.00000046773459417 ) ) ;
#5407 = DIRECTION ( 'NONE',  ( -5.075305255429220101E-15, 0.000000000000000000, 1.000000000000000000 ) ) ;
#5408 = DIRECTION ( 'NONE',  ( 0.6410464294893081227, 0.7675021011300291462, 1.396982686839359533E-29 ) ) ;
#5409 = LINE ( 'NONE', #722, #3407 ) ;
#5410 = ORIENTED_EDGE ( 'NONE', *, *, #5640, .T. ) ;
#5411 = DIRECTION ( 'NONE',  ( 5.075305255429250078E-15, 5.076883396865070006E-29, -1.000000000000000000 ) ) ;
#5412 = FACE_OUTER_BOUND ( 'NONE', #6034, .T. ) ;
#5413 = CARTESIAN_POINT ( 'NONE',  ( 240.6871207130470225, 350.5048286777199564, 71.00000046773449469 ) ) ;
#5414 = CARTESIAN_POINT ( 'NONE',  ( 297.7465852957579955, 342.2526036674979650, 72.29289368645599723 ) ) ;
#5415 = FACE_OUTER_BOUND ( 'NONE', #1237, .T. ) ;
#5416 = AXIS2_PLACEMENT_3D ( 'NONE', #2389, #4214, #5274 ) ;
#5417 = CARTESIAN_POINT ( 'NONE',  ( 300.2394966235489733, 343.0613488578939609, 70.94927438039449896 ) ) ;
#5418 = LINE ( 'NONE', #3065, #2194 ) ;
#5419 = VECTOR ( 'NONE', #2436, 1000.000000000000114 ) ;
#5420 = ORIENTED_EDGE ( 'NONE', *, *, #1531, .T. ) ;
#5421 = FACE_OUTER_BOUND ( 'NONE', #2351, .T. ) ;
#5422 = EDGE_CURVE ( 'NONE', #2899, #160, #1330, .T. ) ;
#5423 = CARTESIAN_POINT ( 'NONE',  ( 290.2314743802870112, 353.9896367592619981, 68.40000046773479880 ) ) ;
#5424 = CARTESIAN_POINT ( 'NONE',  ( 300.4748777484369384, 341.9341928774800294, 70.10294419288699430 ) ) ;
#5425 = ADVANCED_FACE ( 'NONE', ( #2672 ), #5520, .T. ) ;
#5426 = EDGE_CURVE ( 'NONE', #1729, #4206, #2736, .T. ) ;
#5427 = LINE ( 'NONE', #4560, #4432 ) ;
#5428 = ORIENTED_EDGE ( 'NONE', *, *, #4158, .F. ) ;
#5429 = CIRCLE ( 'NONE', #1780, 3.000000000000013767 ) ;
#5430 = DIRECTION ( 'NONE',  ( 0.000000000000000000, -1.000000000000000000, 0.000000000000000000 ) ) ;
#5431 = ORIENTED_EDGE ( 'NONE', *, *, #4957, .F. ) ;
#5432 = FACE_OUTER_BOUND ( 'NONE', #1175, .T. ) ;
#5433 = VERTEX_POINT ( 'NONE', #5615 ) ;
#5434 = CARTESIAN_POINT ( 'NONE',  ( 240.0010592675234875, 341.5639425198384060, 80.47149331572497033 ) ) ;
#5435 = CIRCLE ( 'NONE', #4949, 3.999999999999992450 ) ;
#5436 = CARTESIAN_POINT ( 'NONE',  ( 291.8356411351576867, 351.4004522544113911, 70.99900279371188105 ) ) ;
#5437 = LINE ( 'NONE', #3579, #5600 ) ;
#5438 = EDGE_CURVE ( 'NONE', #5029, #2677, #5583, .T. ) ;
#5439 = VERTEX_POINT ( 'NONE', #4195 ) ;
#5440 = CARTESIAN_POINT ( 'NONE',  ( 298.6504692770137126, 342.7959496451060204, 71.00077364989671480 ) ) ;
#5441 = ORIENTED_EDGE ( 'NONE', *, *, #4334, .T. ) ;
#5442 = PLANE ( 'NONE',  #5750 ) ;
#5443 = DIRECTION ( 'NONE',  ( -3.865418436758450516E-29, 5.048709793107170241E-29, -1.000000000000000000 ) ) ;
#5444 = PLANE ( 'NONE',  #1058 ) ;
#5445 = VECTOR ( 'NONE', #4224, 1000.000000000000000 ) ;
#5446 = EDGE_CURVE ( 'NONE', #1424, #1186, #3413, .T. ) ;
#5447 = VECTOR ( 'NONE', #4928, 1000.000000000000114 ) ;
#5448 = AXIS2_PLACEMENT_3D ( 'NONE', #1795, #2220, #755 ) ;
#5449 = PLANE ( 'NONE',  #1710 ) ;
#5450 = AXIS2_PLACEMENT_3D ( 'NONE', #1404, #3882, #5137 ) ;
#5451 = CARTESIAN_POINT ( 'NONE',  ( 277.8251968995009520, 345.0752022981990308, 71.00000046773470785 ) ) ;
#5452 = EDGE_LOOP ( 'NONE', ( #4329, #5128, #5401, #2118, #5687 ) ) ;
#5453 = DIRECTION ( 'NONE',  ( 3.865418436758450516E-29, -5.048709793107170241E-29, 1.000000000000000000 ) ) ;
#5454 = B_SPLINE_CURVE_WITH_KNOTS ( 'NONE', 3,
 ( #6041, #887, #5569, #6109 ),
 .UNSPECIFIED., .F., .F.,
 ( 4, 4 ),
 ( 0.000000000000000000, 0.9760756195360504872 ),
 .UNSPECIFIED. ) ;
#5455 = DIRECTION ( 'NONE',  ( -3.865418436758450516E-29, 5.048709793107170241E-29, -1.000000000000000000 ) ) ;
#5456 = DIRECTION ( 'NONE',  ( -3.865418436758450516E-29, 5.048709793107170241E-29, -1.000000000000000000 ) ) ;
#5457 = AXIS2_PLACEMENT_3D ( 'NONE', #6047, #860, #1740 ) ;
#5458 = AXIS2_PLACEMENT_3D ( 'NONE', #3470, #662, #4419 ) ;
#5459 = ORIENTED_EDGE ( 'NONE', *, *, #2592, .T. ) ;
#5460 = ORIENTED_EDGE ( 'NONE', *, *, #3994, .F. ) ;
#5461 = DIRECTION ( 'NONE',  ( -1.947500853827400110E-15, -2.468076526918295445E-15, 1.000000000000000000 ) ) ;
#5462 = ORIENTED_EDGE ( 'NONE', *, *, #4334, .F. ) ;
#5463 = DIRECTION ( 'NONE',  ( 0.3826834323650904479, 0.9238795325112864054, 2.844578612472424993E-15 ) ) ;
#5464 = EDGE_CURVE ( 'NONE', #2382, #2055, #1393, .T. ) ;
#5465 = ORIENTED_EDGE ( 'NONE', *, *, #2100, .T. ) ;
#5466 = EDGE_CURVE ( 'NONE', #16, #3603, #452, .T. ) ;
#5467 = DIRECTION ( 'NONE',  ( 4.390802403307355982E-15, 7.826844571159010770E-16, -1.000000000000000000 ) ) ;
#5468 = FACE_OUTER_BOUND ( 'NONE', #3004, .T. ) ;
#5469 = CARTESIAN_POINT ( 'NONE',  ( 285.8574628432700138, 349.0298387846179367, 68.40000046773479880 ) ) ;
#5470 = EDGE_LOOP ( 'NONE', ( #5997, #5008, #6104, #95, #4159, #3424, #5182, #3048, #5566, #4952, #1785, #6119, #4407, #3830, #5293 ) ) ;
#5471 = CARTESIAN_POINT ( 'NONE',  ( 241.5458432552780152, 352.3806225735750104, 59.00000046773440232 ) ) ;
#5472 = ORIENTED_EDGE ( 'NONE', *, *, #3859, .T. ) ;
#5473 = CARTESIAN_POINT ( 'NONE',  ( 291.2333456006652455, 351.0376182200893709, 69.88760783452228509 ) ) ;
#5474 = CARTESIAN_POINT ( 'NONE',  ( 266.1328989089290076, 345.6316960581830244, 67.60000046773470217 ) ) ;
#5475 = AXIS2_PLACEMENT_3D ( 'NONE', #3773, #4238, #4209 ) ;
#5476 = CARTESIAN_POINT ( 'NONE',  ( 240.8431271572215451, 350.3745262669926888, 71.00000046773449469 ) ) ;
#5477 = DIRECTION ( 'NONE',  ( -3.865418436758450516E-29, 5.048709793107170241E-29, -1.000000000000000000 ) ) ;
#5478 = ORIENTED_EDGE ( 'NONE', *, *, #2287, .F. ) ;
#5479 = DIRECTION ( 'NONE',  ( -0.5254480155638063810, 0.8508257065580810963, -2.775557561562891351E-15 ) ) ;
#5480 = CARTESIAN_POINT ( 'NONE',  ( 238.0933184961089921, 347.7201426854809938, 67.60000046773470217 ) ) ;
#5481 = EDGE_CURVE ( 'NONE', #741, #3711, #3851, .T. ) ;
#5482 = AXIS2_PLACEMENT_3D ( 'NONE', #3982, #2182, #5013 ) ;
#5483 = LINE ( 'NONE', #799, #5335 ) ;
#5484 = CARTESIAN_POINT ( 'NONE',  ( 264.4726037499009408, 368.0298387846179935, 71.00000046773459417 ) ) ;
#5485 = PLANE ( 'NONE',  #5928 ) ;
#5486 = CIRCLE ( 'NONE', #2050, 2.000000000000001776 ) ;
#5487 = CARTESIAN_POINT ( 'NONE',  ( 291.2348287886470644, 351.0464939579686643, 69.90541036415697818 ) ) ;
#5488 = AXIS2_PLACEMENT_3D ( 'NONE', #2643, #4525, #292 ) ;
#5489 = CARTESIAN_POINT ( 'NONE',  ( 306.3531962568720246, 337.8679148826779510, 68.40000046773479880 ) ) ;
#5490 = AXIS2_PLACEMENT_3D ( 'NONE', #412, #1418, #5548 ) ;
#5491 = CARTESIAN_POINT ( 'NONE',  ( 301.6005050634140048, 341.6005050634580016, 70.87868012417519026 ) ) ;
#5492 = ORIENTED_EDGE ( 'NONE', *, *, #1283, .F. ) ;
#5493 = DIRECTION ( 'NONE',  ( -5.325766498111130543E-15, 1.000000000000000000, 2.373894327159819883E-29 ) ) ;
#5494 = VERTEX_POINT ( 'NONE', #2896 ) ;
#5495 = CARTESIAN_POINT ( 'NONE',  ( 272.9395524668809685, 348.3201842494089533, 68.00000046773459417 ) ) ;
#5496 = AXIS2_PLACEMENT_3D ( 'NONE', #2753, #5238, #983 ) ;
#5497 = CARTESIAN_POINT ( 'NONE',  ( 292.3246591878256027, 349.7135637971530855, 71.00030978056929598 ) ) ;
#5498 = ADVANCED_FACE ( 'NONE', ( #1940 ), #575, .F. ) ;
#5499 = LINE ( 'NONE', #5964, #5758 ) ;
#5500 = EDGE_LOOP ( 'NONE', ( #5078, #3485, #3231, #5111 ) ) ;
#5501 = CIRCLE ( 'NONE', #2825, 3.000000000000002665 ) ;
#5502 = CARTESIAN_POINT ( 'NONE',  ( 293.0120922499683047, 343.5881317488784248, 66.00000046773476470 ) ) ;
#5503 = EDGE_LOOP ( 'NONE', ( #3091, #149, #4488, #3250, #4287, #2447, #4887, #3612, #1204, #4320, #357, #2057, #4988, #1880, #2219, #985, #5101, #200, #3724, #4698, #1770 ) ) ;
#5504 = B_SPLINE_SURFACE_WITH_KNOTS ( 'NONE', 3, 3, ( 
 ( #1508, #2425, #4312, #602 ),
 ( #3848, #134, #20, #3908 ),
 ( #511, #2947, #3821, #5676 ),
 ( #1021, #4789, #1535, #5708 ),
 ( #1964, #481, #545, #3290 ),
 ( #2919, #2365, #993, #5220 ) ),
 .UNSPECIFIED., .F., .F., .F.,
 ( 4, 1, 1, 4 ),
 ( 4, 4 ),
 ( 0.000000000000000000, 0.2857142857142860315, 0.5714285714285709528, 1.000000000000000000 ),
 ( 1.049912976617240146, 1.281521341220319909 ),
 .UNSPECIFIED. ) ;
#5505 = CARTESIAN_POINT ( 'NONE',  ( 295.6911649704186971, 346.2672044693305793, 59.00000046773477891 ) ) ;
#5506 = CARTESIAN_POINT ( 'NONE',  ( 240.5292949281690085, 350.6366506697750083, 71.00000046773449469 ) ) ;
#5507 = CARTESIAN_POINT ( 'NONE',  ( 241.6536581253912743, 349.9925878872388125, 71.00094916386308341 ) ) ;
#5508 = EDGE_CURVE ( 'NONE', #1342, #2410, #660, .T. ) ;
#5509 = CARTESIAN_POINT ( 'NONE',  ( 264.4726037499009408, 366.0298387846179935, 68.75735978061520370 ) ) ;
#5510 = ORIENTED_EDGE ( 'NONE', *, *, #2297, .T. ) ;
#5511 = LINE ( 'NONE', #6010, #5175 ) ;
#5512 = CARTESIAN_POINT ( 'NONE',  ( 305.3833013032184454, 336.8980199290244855, 69.90541007771081183 ) ) ;
#5513 = DIRECTION ( 'NONE',  ( 3.865418436758450516E-29, -5.048709793107170241E-29, 1.000000000000000000 ) ) ;
#5514 = EDGE_CURVE ( 'NONE', #3704, #4381, #5312, .T. ) ;
#5515 = CIRCLE ( 'NONE', #1578, 4.000000000000010658 ) ;
#5516 = CARTESIAN_POINT ( 'NONE',  ( 267.9592223789459240, 365.8440523469911341, 71.00000046773470785 ) ) ;
#5517 = CARTESIAN_POINT ( 'NONE',  ( 243.5009559116319906, 350.8362881826909643, 70.35254992982579836 ) ) ;
#5518 = ORIENTED_EDGE ( 'NONE', *, *, #1824, .F. ) ;
#5519 = PLANE ( 'NONE',  #5218 ) ;
#5520 = PLANE ( 'NONE',  #1645 ) ;
#5521 = AXIS2_PLACEMENT_3D ( 'NONE', #5451, #5549, #3693 ) ;
#5522 = PLANE ( 'NONE',  #3947 ) ;
#5523 = ORIENTED_EDGE ( 'NONE', *, *, #2974, .F. ) ;
#5524 = DIRECTION ( 'NONE',  ( -4.135580799816630757E-15, -1.665250005579849882E-16, 1.000000000000000000 ) ) ;
#5525 = ORIENTED_EDGE ( 'NONE', *, *, #4366, .T. ) ;
#5526 = CARTESIAN_POINT ( 'NONE',  ( 264.4726037499009408, 349.0298387846179367, 68.40000046773458564 ) ) ;
#5527 = ORIENTED_EDGE ( 'NONE', *, *, #4742, .T. ) ;
#5528 = DIRECTION ( 'NONE',  ( -2.537652627714694853E-15, -2.537652627714694853E-15, 1.000000000000000000 ) ) ;
#5529 = DIRECTION ( 'NONE',  ( 0.2023250242856306780, -0.9793184285756185714, 0.000000000000000000 ) ) ;
#5530 = CIRCLE ( 'NONE', #1892, 1.699999999999979305 ) ;
#5531 = DIRECTION ( 'NONE',  ( -1.000000000000000000, -5.551115123125779621E-17, 3.865418436758450516E-29 ) ) ;
#5532 = ORIENTED_EDGE ( 'NONE', *, *, #4925, .F. ) ;
#5533 = ORIENTED_EDGE ( 'NONE', *, *, #1575, .T. ) ;
#5534 = DIRECTION ( 'NONE',  ( 0.4478087658801212512, 0.8941293582032315834, 0.000000000000000000 ) ) ;
#5535 = VECTOR ( 'NONE', #1111, 1000.000000000000000 ) ;
#5536 = CARTESIAN_POINT ( 'NONE',  ( 285.8574628432700138, 366.0298387846179935, 68.75735978061550213 ) ) ;
#5537 = CARTESIAN_POINT ( 'NONE',  ( 266.3336535438530177, 354.0298387846179935, 68.75735978061531739 ) ) ;
#5538 = CARTESIAN_POINT ( 'NONE',  ( 242.4742014434777104, 349.8712398746425265, 71.00024154900610540 ) ) ;
#5539 = DIRECTION ( 'NONE',  ( -0.7071067811865336949, 0.7071067811865614505, 0.000000000000000000 ) ) ;
#5540 = EDGE_CURVE ( 'NONE', #2754, #554, #5254, .T. ) ;
#5541 = ORIENTED_EDGE ( 'NONE', *, *, #1921, .F. ) ;
#5542 = CARTESIAN_POINT ( 'NONE',  ( 306.3531962568720246, 337.8679148826779510, 65.00000046773479312 ) ) ;
#5543 = ORIENTED_EDGE ( 'NONE', *, *, #1069, .F. ) ;
#5544 = LINE ( 'NONE', #344, #131 ) ;
#5545 = EDGE_CURVE ( 'NONE', #1922, #4534, #2226, .T. ) ;
#5546 = EDGE_CURVE ( 'NONE', #4732, #5433, #5694, .T. ) ;
#5547 = AXIS2_PLACEMENT_3D ( 'NONE', #2072, #4896, #657 ) ;
#5548 = DIRECTION ( 'NONE',  ( 1.000000000000000000, 0.000000000000000000, 0.000000000000000000 ) ) ;
#5549 = DIRECTION ( 'NONE',  ( -5.075305255429250078E-15, -5.076883396865070006E-29, 1.000000000000000000 ) ) ;
#5550 = ORIENTED_EDGE ( 'NONE', *, *, #3587, .F. ) ;
#5551 = CARTESIAN_POINT ( 'NONE',  ( 266.1328989089290076, 345.6316960581830244, 67.80000046773470501 ) ) ;
#5552 = CARTESIAN_POINT ( 'NONE',  ( 297.2825229898210182, 341.3597594760909715, 68.75735978061540266 ) ) ;
#5553 = ORIENTED_EDGE ( 'NONE', *, *, #5179, .F. ) ;
#5554 = VECTOR ( 'NONE', #606, 1000.000000000000000 ) ;
#5555 = DIRECTION ( 'NONE',  ( -0.4478087658801240822, -0.8941293582032302512, -2.886579864025405822E-15 ) ) ;
#5556 = VERTEX_POINT ( 'NONE', #1025 ) ;
#5557 = ORIENTED_EDGE ( 'NONE', *, *, #3270, .T. ) ;
#5558 = LINE ( 'NONE', #3762, #390 ) ;
#5559 = ORIENTED_EDGE ( 'NONE', *, *, #5920, .F. ) ;
#5560 = VECTOR ( 'NONE', #3252, 1000.000000000000000 ) ;
#5561 = CARTESIAN_POINT ( 'NONE',  ( 294.1724793217489946, 343.5432494308849982, 71.00000046773480733 ) ) ;
#5562 = ADVANCED_FACE ( 'NONE', ( #5223 ), #2863, .F. ) ;
#5563 = DIRECTION ( 'NONE',  ( -3.865418436758450516E-29, 5.048709793107170241E-29, -1.000000000000000000 ) ) ;
#5564 = DIRECTION ( 'NONE',  ( 5.075305255429250078E-15, 4.782988225340030328E-29, -1.000000000000000000 ) ) ;
#5565 = ORIENTED_EDGE ( 'NONE', *, *, #3734, .T. ) ;
#5566 = ORIENTED_EDGE ( 'NONE', *, *, #3234, .T. ) ;
#5567 = DIRECTION ( 'NONE',  ( -0.6322449324434706863, 0.3166486150286078050, 0.7071067811865587860 ) ) ;
#5568 = CARTESIAN_POINT ( 'NONE',  ( 266.3336535438530177, 357.0298387846179935, 68.75735978061531739 ) ) ;
#5569 = CARTESIAN_POINT ( 'NONE',  ( 291.2652720598525207, 351.2286360651669952, 70.26819173620732784 ) ) ;
#5570 = DIRECTION ( 'NONE',  ( 0.3826834323650861180, 0.9238795325112882928, 2.102695122396128831E-15 ) ) ;
#5571 = VERTEX_POINT ( 'NONE', #3383 ) ;
#5572 = ORIENTED_EDGE ( 'NONE', *, *, #5464, .F. ) ;
#5573 = FACE_OUTER_BOUND ( 'NONE', #3479, .T. ) ;
#5574 = FACE_BOUND ( 'NONE', #5578, .T. ) ;
#5575 = EDGE_CURVE ( 'NONE', #3573, #5305, #1944, .T. ) ;
#5576 = EDGE_CURVE ( 'NONE', #5678, #1787, #5391, .T. ) ;
#5577 = CIRCLE ( 'NONE', #2916, 5.600000000000012967 ) ;
#5578 = EDGE_LOOP ( 'NONE', ( #4788, #2020 ) ) ;
#5579 = CARTESIAN_POINT ( 'NONE',  ( 290.9385811614739623, 354.6967435404490061, 71.00000046773480733 ) ) ;
#5580 = CARTESIAN_POINT ( 'NONE',  ( 240.6871207130470225, 350.5048286777199564, 71.00000046773449469 ) ) ;
#5581 = ORIENTED_EDGE ( 'NONE', *, *, #2213, .T. ) ;
#5582 = AXIS2_PLACEMENT_3D ( 'NONE', #4836, #5326, #5299 ) ;
#5583 = LINE ( 'NONE', #1818, #5108 ) ;
#5584 = EDGE_CURVE ( 'NONE', #4411, #4794, #105, .T. ) ;
#5585 = CYLINDRICAL_SURFACE ( 'NONE', #800, 2.000000000000009326 ) ;
#5586 = ORIENTED_EDGE ( 'NONE', *, *, #6016, .T. ) ;
#5587 = VECTOR ( 'NONE', #4702, 1000.000000000000114 ) ;
#5588 = ORIENTED_EDGE ( 'NONE', *, *, #1490, .T. ) ;
#5589 = CARTESIAN_POINT ( 'NONE',  ( 257.4947506991319415, 353.7754051033879819, 71.00000046773459417 ) ) ;
#5590 = ORIENTED_EDGE ( 'NONE', *, *, #3694, .T. ) ;
#5591 = CARTESIAN_POINT ( 'NONE',  ( 293.5111314905717563, 367.5074294348436865, 65.00000046773473628 ) ) ;
#5592 = CARTESIAN_POINT ( 'NONE',  ( 267.9592223789459240, 365.8440523469911341, 69.40000046773469933 ) ) ;
#5593 = AXIS2_PLACEMENT_3D ( 'NONE', #1781, #5126, #2204 ) ;
#5594 = LINE ( 'NONE', #4140, #5169 ) ;
#5595 =( BOUNDED_CURVE ( )  B_SPLINE_CURVE ( 3, ( #1858, #2274, #3175, #4666 ),
 .UNSPECIFIED., .F., .F. ) 
 B_SPLINE_CURVE_WITH_KNOTS ( ( 4, 4 ),
 ( 5.836993391023569622, 6.446175894481360302 ),
 .UNSPECIFIED. ) 
 CURVE ( )  GEOMETRIC_REPRESENTATION_ITEM ( )  RATIONAL_B_SPLINE_CURVE ( ( 1.000000000000000000, 0.9693130781322937262, 0.9693130781322937262, 1.000000000000000000 ) ) 
 REPRESENTATION_ITEM ( '' )  );
#5596 = ORIENTED_EDGE ( 'NONE', *, *, #4067, .T. ) ;
#5597 = ADVANCED_FACE ( 'NONE', ( #1537 ), #2400, .F. ) ;
#5598 = ORIENTED_EDGE ( 'NONE', *, *, #462, .T. ) ;
#5599 = CARTESIAN_POINT ( 'NONE',  ( 281.8716764056430293, 366.4298387846179708, 71.00000046773470785 ) ) ;
#5600 = VECTOR ( 'NONE', #1757, 1000.000000000000114 ) ;
#5601 = CARTESIAN_POINT ( 'NONE',  ( 286.2716764056430065, 355.6298387846179594, 59.00000046773470075 ) ) ;
#5602 = DIRECTION ( 'NONE',  ( -3.865418436758450516E-29, 5.048709793107170241E-29, -1.000000000000000000 ) ) ;
#5603 = AXIS2_PLACEMENT_3D ( 'NONE', #4958, #6042, #2255 ) ;
#5604 = SURFACE_STYLE_FILL_AREA ( #2785 ) ;
#5605 = FACE_OUTER_BOUND ( 'NONE', #5927, .T. ) ;
#5606 = DIRECTION ( 'NONE',  ( 0.7071067811865470176, 0.7071067811865480168, 3.042048184826870009E-15 ) ) ;
#5607 = ORIENTED_EDGE ( 'NONE', *, *, #3429, .T. ) ;
#5608 = CARTESIAN_POINT ( 'NONE',  ( 282.8007333595940622, 353.0302494308850214, 59.00000046773470075 ) ) ;
#5609 = ORIENTED_EDGE ( 'NONE', *, *, #5481, .T. ) ;
#5610 = FACE_OUTER_BOUND ( 'NONE', #579, .T. ) ;
#5611 = ORIENTED_EDGE ( 'NONE', *, *, #4722, .F. ) ;
#5612 = LINE ( 'NONE', #449, #5445 ) ;
#5613 = LINE ( 'NONE', #3164, #703 ) ;
#5614 = ORIENTED_EDGE ( 'NONE', *, *, #5622, .F. ) ;
#5615 = CARTESIAN_POINT ( 'NONE',  ( 262.4099433972708653, 354.1807448503794262, 70.87868012417497710 ) ) ;
#5616 = LINE ( 'NONE', #3198, #2864 ) ;
#5617 = ORIENTED_EDGE ( 'NONE', *, *, #4043, .T. ) ;
#5618 = EDGE_CURVE ( 'NONE', #5336, #3335, #232, .T. ) ;
#5619 = ORIENTED_EDGE ( 'NONE', *, *, #12, .F. ) ;
#5620 = CARTESIAN_POINT ( 'NONE',  ( 251.2302437654720393, 331.7558444833620115, 69.66661093201540211 ) ) ;
#5621 = EDGE_LOOP ( 'NONE', ( #5462, #62, #5420, #58 ) ) ;
#5622 = EDGE_CURVE ( 'NONE', #559, #2868, #1967, .T. ) ;
#5624 = EDGE_CURVE ( 'NONE', #1606, #5119, #3793, .T. ) ;
#5623 = DIRECTION ( 'NONE',  ( -1.000000000000000000, 0.000000000000000000, -4.625929269271481378E-15 ) ) ;
#5625 = DIRECTION ( 'NONE',  ( 5.923599492978899653E-16, 2.505548028707670136E-15, 1.000000000000000000 ) ) ;
#5626 = AXIS2_PLACEMENT_3D ( 'NONE', #1899, #2789, #4682 ) ;
#5627 = LINE ( 'NONE', #668, #4875 ) ;
#5628 = ORIENTED_EDGE ( 'NONE', *, *, #5514, .F. ) ;
#5629 = CIRCLE ( 'NONE', #3646, 1.699999999999979305 ) ;
#5630 = EDGE_LOOP ( 'NONE', ( #3623, #119, #2930, #5710, #2626, #969, #3735, #2790 ) ) ;
#5631 = CYLINDRICAL_SURFACE ( 'NONE', #5874, 3.000000000000010658 ) ;
#5632 = LINE ( 'NONE', #367, #341 ) ;
#5633 = DIRECTION ( 'NONE',  ( -0.5254480155637966110, 0.8508257065580870915, -3.469446951953605117E-15 ) ) ;
#5634 = EDGE_CURVE ( 'NONE', #4401, #4732, #517, .T. ) ;
#5635 = LINE ( 'NONE', #2289, #2734 ) ;
#5636 = CARTESIAN_POINT ( 'NONE',  ( 285.9834654951159791, 368.5298387846179935, 70.50000046773480733 ) ) ;
#5637 = ORIENTED_EDGE ( 'NONE', *, *, #5061, .F. ) ;
#5638 = ORIENTED_EDGE ( 'NONE', *, *, #5634, .F. ) ;
#5639 = CARTESIAN_POINT ( 'NONE',  ( 294.1724793217489946, 341.1390863748509901, 68.00000046773470785 ) ) ;
#5640 = EDGE_CURVE ( 'NONE', #1447, #2504, #3414, .T. ) ;
#5641 = CARTESIAN_POINT ( 'NONE',  ( 286.2716764056430065, 350.0298387846179367, 68.75735978061550213 ) ) ;
#5642 = EDGE_LOOP ( 'NONE', ( #2120, #4515, #4318, #5010, #3854, #3550, #3451, #2655 ) ) ;
#5643 = DIRECTION ( 'NONE',  ( 1.569297693494640106E-15, 1.361044673458664074E-15, -1.000000000000000000 ) ) ;
#5644 = CARTESIAN_POINT ( 'NONE',  ( 297.4495480927188851, 341.5976608974079340, 68.75735978061540266 ) ) ;
#5645 = ORIENTED_EDGE ( 'NONE', *, *, #598, .F. ) ;
#5646 = DIRECTION ( 'NONE',  ( 5.921189464667460002E-15, 5.081578997491380000E-29, -1.000000000000000000 ) ) ;
#5647 = AXIS2_PLACEMENT_3D ( 'NONE', #1815, #3665, #3754 ) ;
#5648 = CARTESIAN_POINT ( 'NONE',  ( 291.7434707197810440, 351.1550830296479830, 70.69141129213180363 ) ) ;
#5649 = ORIENTED_EDGE ( 'NONE', *, *, #3614, .T. ) ;
#5650 = AXIS2_PLACEMENT_3D ( 'NONE', #4872, #3964, #3093 ) ;
#5651 = AXIS2_PLACEMENT_3D ( 'NONE', #5729, #5701, #1960 ) ;
#5652 = VERTEX_POINT ( 'NONE', #3824 ) ;
#5653 = DIRECTION ( 'NONE',  ( -0.7071067811865489050, 0.7071067811865460184, -3.588782762705719745E-15 ) ) ;
#5654 = ORIENTED_EDGE ( 'NONE', *, *, #719, .F. ) ;
#5655 = DIRECTION ( 'NONE',  ( -0.7071067811865336949, -0.7071067811865614505, 0.000000000000000000 ) ) ;
#5656 = FACE_OUTER_BOUND ( 'NONE', #5069, .T. ) ;
#5657 = CARTESIAN_POINT ( 'NONE',  ( 264.9734359413189964, 350.0298387846179367, 69.40000046773458564 ) ) ;
#5658 = AXIS2_PLACEMENT_3D ( 'NONE', #5657, #945, #1433 ) ;
#5659 = ORIENTED_EDGE ( 'NONE', *, *, #4957, .T. ) ;
#5660 = EDGE_CURVE ( 'NONE', #3876, #3862, #3143, .T. ) ;
#5661 = EDGE_CURVE ( 'NONE', #2399, #4454, #5334, .T. ) ;
#5662 = ORIENTED_EDGE ( 'NONE', *, *, #5215, .T. ) ;
#5663 = CARTESIAN_POINT ( 'NONE',  ( 283.8716764056430293, 358.6298387846179594, 71.00000046773470785 ) ) ;
#5664 = DIRECTION ( 'NONE',  ( -3.865418436758455560E-29, 5.048709793107170241E-29, -1.000000000000000000 ) ) ;
#5665 = EDGE_CURVE ( 'NONE', #55, #3264, #88, .T. ) ;
#5666 = DIRECTION ( 'NONE',  ( 0.8260678134614107826, -0.4137213532757925694, 0.3826834323650954994 ) ) ;
#5667 = CARTESIAN_POINT ( 'NONE',  ( 252.3847188443150173, 358.5714863629619913, 71.00000046773459417 ) ) ;
#5668 = CARTESIAN_POINT ( 'NONE',  ( 294.1417340907309494, 369.0298387846179935, 65.00000046773469364 ) ) ;
#5669 = CARTESIAN_POINT ( 'NONE',  ( 290.0625997929240043, 368.1511591281770279, 70.87868012417499131 ) ) ;
#5670 = ORIENTED_EDGE ( 'NONE', *, *, #5025, .T. ) ;
#5671 = VERTEX_POINT ( 'NONE', #4256 ) ;
#5672 = FACE_OUTER_BOUND ( 'NONE', #3606, .T. ) ;
#5673 = LINE ( 'NONE', #18, #5039 ) ;
#5674 = VERTEX_POINT ( 'NONE', #4341 ) ;
#5675 = EDGE_CURVE ( 'NONE', #5751, #1142, #2953, .T. ) ;
#5676 = CARTESIAN_POINT ( 'NONE',  ( 298.0853007828889645, 342.3659251215619861, 70.52367538550331005 ) ) ;
#5677 = EDGE_CURVE ( 'NONE', #1447, #695, #576, .T. ) ;
#5678 = VERTEX_POINT ( 'NONE', #106 ) ;
#5679 = DIRECTION ( 'NONE',  ( -0.5254480155638091565, 0.8508257065580794309, -2.844578612472434065E-15 ) ) ;
#5680 = DIRECTION ( 'NONE',  ( -0.7675021011300342533, 0.6410464294893021275, -3.895307447418221009E-15 ) ) ;
#5681 = CIRCLE ( 'NONE', #2712, 2.999999999999989342 ) ;
#5682 = LINE ( 'NONE', #1942, #3677 ) ;
#5683 = ORIENTED_EDGE ( 'NONE', *, *, #4873, .F. ) ;
#5684 = VERTEX_POINT ( 'NONE', #1997 ) ;
#5685 = CARTESIAN_POINT ( 'NONE',  ( 241.5458432552780437, 352.3806225735750104, 67.00000046773500628 ) ) ;
#5686 = AXIS2_PLACEMENT_3D ( 'NONE', #1378, #2814, #3743 ) ;
#5687 = ORIENTED_EDGE ( 'NONE', *, *, #423, .T. ) ;
#5688 = CARTESIAN_POINT ( 'NONE',  ( 241.6135755521430042, 350.2477718407349698, 69.20363679788239608 ) ) ;
#5689 = AXIS2_PLACEMENT_3D ( 'NONE', #2469, #1098, #1581 ) ;
#5690 = EDGE_LOOP ( 'NONE', ( #6116, #5718, #188, #1846, #4114, #3324 ) ) ;
#5691 = ORIENTED_EDGE ( 'NONE', *, *, #5829, .T. ) ;
#5692 = CARTESIAN_POINT ( 'NONE',  ( 283.8716764056430293, 356.6298387846179594, 71.00000046773470785 ) ) ;
#5693 = PLANE ( 'NONE',  #2423 ) ;
#5694 = CIRCLE ( 'NONE', #4212, 4.878679656440305656 ) ;
#5695 = EDGE_CURVE ( 'NONE', #1048, #3334, #997, .T. ) ;
#5696 = DIRECTION ( 'NONE',  ( -0.4478087658801240822, -0.8941293582032302512, -2.886579864025405822E-15 ) ) ;
#5697 = DIRECTION ( 'NONE',  ( 5.075555935137511004E-15, 6.051943515491389957E-19, -1.000000000000000000 ) ) ;
#5698 = DIRECTION ( 'NONE',  ( -0.8941293582032304732, 0.4478087658801231941, -4.537979430722407003E-15 ) ) ;
#5699 = ORIENTED_EDGE ( 'NONE', *, *, #4259, .F. ) ;
#5700 = ORIENTED_EDGE ( 'NONE', *, *, #6040, .T. ) ;
#5701 = DIRECTION ( 'NONE',  ( -5.075305255429250078E-15, -5.076883396865070006E-29, 1.000000000000000000 ) ) ;
#5702 = EDGE_CURVE ( 'NONE', #5368, #1235, #5819, .T. ) ;
#5703 = EDGE_CURVE ( 'NONE', #4009, #3573, #4459, .T. ) ;
#5704 = AXIS2_PLACEMENT_3D ( 'NONE', #3644, #814, #4078 ) ;
#5705 = DIRECTION ( 'NONE',  ( 2.537652627714350121E-15, 2.537652627714694853E-15, -1.000000000000000000 ) ) ;
#5706 = AXIS2_PLACEMENT_3D ( 'NONE', #5296, #2935, #5810 ) ;
#5707 = ORIENTED_EDGE ( 'NONE', *, *, #605, .T. ) ;
#5708 = CARTESIAN_POINT ( 'NONE',  ( 299.2357477219139810, 342.6216761164610034, 70.11157729159170060 ) ) ;
#5709 = CYLINDRICAL_SURFACE ( 'NONE', #3558, 3.788780975845895682 ) ;
#5710 = ORIENTED_EDGE ( 'NONE', *, *, #3154, .T. ) ;
#5711 = DIRECTION ( 'NONE',  ( 0.4478087658801228055, 0.8941293582032306952, 2.272766182898719438E-15 ) ) ;
#5712 = CARTESIAN_POINT ( 'NONE',  ( 286.2716764056430065, 350.0298387846179367, 59.00000046773470075 ) ) ;
#5713 = ADVANCED_FACE ( 'NONE', ( #3560 ), #4933, .T. ) ;
#5714 = ORIENTED_EDGE ( 'NONE', *, *, #2263, .F. ) ;
#5715 = DIRECTION ( 'NONE',  ( 4.135580799816630757E-15, 1.665250005579850128E-16, -1.000000000000000000 ) ) ;
#5716 = EDGE_LOOP ( 'NONE', ( #1311, #5523, #3499, #2113, #2431 ) ) ;
#5717 = CARTESIAN_POINT ( 'NONE',  ( 264.9734359413189964, 364.3566941659969984, 69.40000046773458564 ) ) ;
#5718 = ORIENTED_EDGE ( 'NONE', *, *, #5130, .T. ) ;
#5719 = EDGE_LOOP ( 'NONE', ( #2621, #500, #208, #4784, #4353 ) ) ;
#5720 = PLANE ( 'NONE',  #455 ) ;
#5721 = CIRCLE ( 'NONE', #3447, 19.99999999999998224 ) ;
#5722 = CARTESIAN_POINT ( 'NONE',  ( 291.2214238739489929, 354.4139008279740324, 69.40000046773479880 ) ) ;
#5723 = DIRECTION ( 'NONE',  ( 1.000000000000000000, 5.325766498111130543E-15, 5.075305255429250078E-15 ) ) ;
#5724 = LINE ( 'NONE', #93, #978 ) ;
#5725 = CIRCLE ( 'NONE', #2857, 19.12132034355972365 ) ;
#5726 = DIRECTION ( 'NONE',  ( 8.914128229865620757E-29, 0.000000000000000000, 1.000000000000000000 ) ) ;
#5727 = CARTESIAN_POINT ( 'NONE',  ( 251.0867430111570116, 331.9164225727259918, 70.07561663805289243 ) ) ;
#5728 = ORIENTED_EDGE ( 'NONE', *, *, #3669, .F. ) ;
#5729 = CARTESIAN_POINT ( 'NONE',  ( 277.8251968995009520, 345.0752022981990308, 69.40000046773469933 ) ) ;
#5730 = CARTESIAN_POINT ( 'NONE',  ( 288.4147036268875581, 355.2035641666813035, 68.40000046773481301 ) ) ;
#5731 = EDGE_CURVE ( 'NONE', #2207, #4541, #3939, .T. ) ;
#5732 = VECTOR ( 'NONE', #940, 1000.000000000000114 ) ;
#5733 = EDGE_CURVE ( 'NONE', #1002, #5793, #1228, .T. ) ;
#5734 = ADVANCED_FACE ( 'NONE', ( #1652 ), #6003, .T. ) ;
#5735 = ORIENTED_EDGE ( 'NONE', *, *, #5811, .T. ) ;
#5736 = CARTESIAN_POINT ( 'NONE',  ( 264.9734359413189964, 354.0298387846179935, 65.00000046773459417 ) ) ;
#5737 = CARTESIAN_POINT ( 'NONE',  ( 294.1724793217489946, 343.5432494308849982, 71.00000046773480733 ) ) ;
#5738 = VERTEX_POINT ( 'NONE', #2140 ) ;
#5739 = VECTOR ( 'NONE', #135, 1000.000000000000000 ) ;
#5740 = CARTESIAN_POINT ( 'NONE',  ( 300.9791847198540040, 340.9791847198989672, 68.75735978061540266 ) ) ;
#5741 = CARTESIAN_POINT ( 'NONE',  ( 252.3847188443150173, 358.5714863629619913, 71.00000046773470785 ) ) ;
#5742 = FACE_OUTER_BOUND ( 'NONE', #1597, .T. ) ;
#5743 = ORIENTED_EDGE ( 'NONE', *, *, #1631, .F. ) ;
#5744 = CARTESIAN_POINT ( 'NONE',  ( 240.3553174762540152, 350.7735605431969930, 68.75735978061510423 ) ) ;
#5745 = VERTEX_POINT ( 'NONE', #4029 ) ;
#5746 = CARTESIAN_POINT ( 'NONE',  ( 243.1853376850770019, 351.1879708472150128, 69.11646385995689457 ) ) ;
#5747 = DIRECTION ( 'NONE',  ( 1.569297693494640106E-15, 1.361044673458664074E-15, -1.000000000000000000 ) ) ;
#5748 = AXIS2_PLACEMENT_3D ( 'NONE', #5551, #4690, #1327 ) ;
#5749 = CIRCLE ( 'NONE', #2795, 3.000000000000010658 ) ;
#5750 = AXIS2_PLACEMENT_3D ( 'NONE', #3526, #5821, #3092 ) ;
#5751 = VERTEX_POINT ( 'NONE', #5831 ) ;
#5752 = ORIENTED_EDGE ( 'NONE', *, *, #3902, .F. ) ;
#5753 = CARTESIAN_POINT ( 'NONE',  ( 262.9734359413189964, 358.3940482511480354, 69.40000046773469933 ) ) ;
#5754 = EDGE_CURVE ( 'NONE', #4246, #4936, #5721, .T. ) ;
#5755 = CARTESIAN_POINT ( 'NONE',  ( 285.8574628432700138, 349.0298387846179367, 68.90000046773469933 ) ) ;
#5756 = CARTESIAN_POINT ( 'NONE',  ( 300.4389199806907982, 341.8425259576402482, 69.90537257202947785 ) ) ;
#5757 = FACE_OUTER_BOUND ( 'NONE', #3425, .T. ) ;
#5758 = VECTOR ( 'NONE', #1310, 1000.000000000000000 ) ;
#5759 = CARTESIAN_POINT ( 'NONE',  ( 242.8747548398829963, 350.4899001010139727, 69.90652145392981254 ) ) ;
#5760 = CARTESIAN_POINT ( 'NONE',  ( 285.8574628432700138, 349.0298387846179367, 71.00000046773470785 ) ) ;
#5761 = DIRECTION ( 'NONE',  ( 2.179222319282350096E-29, 0.000000000000000000, -1.000000000000000000 ) ) ;
#5762 = CARTESIAN_POINT ( 'NONE',  ( 250.8195865747129858, 332.1395616096687604, 70.64394977503526718 ) ) ;
#5763 = ORIENTED_EDGE ( 'NONE', *, *, #4202, .F. ) ;
#5764 = DIRECTION ( 'NONE',  ( 5.075305255429250078E-15, 5.708194612618561243E-29, -1.000000000000000000 ) ) ;
#5765 = CIRCLE ( 'NONE', #1323, 1.999999999999992895 ) ;
#5766 = VECTOR ( 'NONE', #4239, 1000.000000000000000 ) ;
#5767 = ORIENTED_EDGE ( 'NONE', *, *, #1360, .T. ) ;
#5768 = DIRECTION ( 'NONE',  ( 0.3826834323650861180, 0.9238795325112882928, 2.102695122396128831E-15 ) ) ;
#5769 = CARTESIAN_POINT ( 'NONE',  ( 255.1976067574980220, 328.4828755859119838, 65.09193734329210201 ) ) ;
#5770 = DIRECTION ( 'NONE',  ( -0.6322449324434907814, 0.3166486150286169088, -0.7071067811865366926 ) ) ;
#5771 = EDGE_CURVE ( 'NONE', #4915, #2522, #5454, .T. ) ;
#5772 = ADVANCED_FACE ( 'NONE', ( #401 ), #922, .T. ) ;
#5773 = CARTESIAN_POINT ( 'NONE',  ( 264.4726037499009408, 349.0298387846179367, 71.00000046773459417 ) ) ;
#5774 = CARTESIAN_POINT ( 'NONE',  ( 281.8716764056430293, 358.6298387846179594, 71.00000046773470785 ) ) ;
#5775 = ORIENTED_EDGE ( 'NONE', *, *, #5098, .F. ) ;
#5776 = ORIENTED_EDGE ( 'NONE', *, *, #4477, .F. ) ;
#5777 = CARTESIAN_POINT ( 'NONE',  ( 242.0834310484575269, 345.7217658718836901, 67.00000046773500628 ) ) ;
#5778 = EDGE_CURVE ( 'NONE', #4133, #4910, #5515, .T. ) ;
#5779 = APPLICATION_PROTOCOL_DEFINITION ( 'draft international standard', 'automotive_design', 1998, #5801 ) ;
#5780 = VERTEX_POINT ( 'NONE', #2848 ) ;
#5781 = VECTOR ( 'NONE', #2254, 1000.000000000000000 ) ;
#5782 = ORIENTED_EDGE ( 'NONE', *, *, #5287, .T. ) ;
#5783 = CARTESIAN_POINT ( 'NONE',  ( 263.5394410193728163, 353.7642398126452008, 60.12857886660579254 ) ) ;
#5784 = LINE ( 'NONE', #1553, #3428 ) ;
#5785 = DIRECTION ( 'NONE',  ( -0.7071067811865382469, -0.7071067811865567876, 0.000000000000000000 ) ) ;
#5786 = DIRECTION ( 'NONE',  ( 1.947500853827580365E-15, -2.468076526918235491E-15, -1.000000000000000000 ) ) ;
#5787 = CYLINDRICAL_SURFACE ( 'NONE', #1670, 17.40000000000002700 ) ;
#5788 = CIRCLE ( 'NONE', #4004, 2.999999999999981792 ) ;
#5789 = FACE_OUTER_BOUND ( 'NONE', #3355, .T. ) ;
#5790 = EDGE_CURVE ( 'NONE', #4531, #1779, #1439, .T. ) ;
#5791 = CARTESIAN_POINT ( 'NONE',  ( 286.7016075284692533, 357.1551440091138261, 71.00000046773470785 ) ) ;
#5792 = CARTESIAN_POINT ( 'NONE',  ( 269.3734359413190305, 358.6298387846179594, 71.00000046773470785 ) ) ;
#5793 = VERTEX_POINT ( 'NONE', #368 ) ;
#5794 = CARTESIAN_POINT ( 'NONE',  ( 238.3082931378989997, 345.3256101834280116, 67.60000046773470217 ) ) ;
#5795 = AXIS2_PLACEMENT_3D ( 'NONE', #4812, #2998, #2073 ) ;
#5796 = LINE ( 'NONE', #5736, #4181 ) ;
#5797 = CARTESIAN_POINT ( 'NONE',  ( 240.4878509981620027, 347.9351173272700066, 68.00000046773470785 ) ) ;
#5798 = CIRCLE ( 'NONE', #5704, 3.000000000000002665 ) ;
#5799 = CIRCLE ( 'NONE', #868, 3.999999999999992450 ) ;
#5800 = LINE ( 'NONE', #4850, #3076 ) ;
#5801 = APPLICATION_CONTEXT ( 'automotive_design' ) ;
#5802 = ORIENTED_EDGE ( 'NONE', *, *, #3349, .F. ) ;
#5803 = CARTESIAN_POINT ( 'NONE',  ( 299.2924916858140136, 362.4648676271619934, 71.00000046773480733 ) ) ;
#5804 = ORIENTED_EDGE ( 'NONE', *, *, #4517, .T. ) ;
#5805 = DIRECTION ( 'NONE',  ( -0.4478087658801355730, -0.8941293582032243670, -3.349438025647974106E-16 ) ) ;
#5806 =( LENGTH_UNIT ( ) NAMED_UNIT ( * ) SI_UNIT ( .MILLI., .METRE. ) );
#5807 = EDGE_CURVE ( 'NONE', #5793, #3832, #4714, .T. ) ;
#5808 = VERTEX_POINT ( 'NONE', #4180 ) ;
#5809 = ORIENTED_EDGE ( 'NONE', *, *, #1399, .F. ) ;
#5810 = DIRECTION ( 'NONE',  ( 1.000000000000000000, 0.000000000000000000, 0.000000000000000000 ) ) ;
#5811 = EDGE_CURVE ( 'NONE', #4770, #237, #3539, .T. ) ;
#5812 = ORIENTED_EDGE ( 'NONE', *, *, #566, .F. ) ;
#5813 = EDGE_CURVE ( 'NONE', #1729, #4936, #5237, .T. ) ;
#5814 = CARTESIAN_POINT ( 'NONE',  ( 291.7780791438210599, 347.3633757074829873, 69.52350782448948507 ) ) ;
#5815 = CARTESIAN_POINT ( 'NONE',  ( 247.3756698631149789, 357.5925336496659952, 70.87868012417489183 ) ) ;
#5816 = CARTESIAN_POINT ( 'NONE',  ( 240.6871207130470225, 350.5048286777199564, 71.00000046773449469 ) ) ;
#5817 = DIRECTION ( 'NONE',  ( 0.7071067811865443531, 0.7071067811865506814, 0.000000000000000000 ) ) ;
#5818 = PLANE ( 'NONE',  #3168 ) ;
#5819 = CIRCLE ( 'NONE', #3247, 18.40000000000000924 ) ;
#5820 = ORIENTED_EDGE ( 'NONE', *, *, #4332, .F. ) ;
#5821 = DIRECTION ( 'NONE',  ( 0.4999999999999896749, 0.4999999999999888978, -0.7071067811865626718 ) ) ;
#5822 = CARTESIAN_POINT ( 'NONE',  ( 243.3341019716850155, 351.4850050418140199, 71.00000046773449469 ) ) ;
#5823 = AXIS2_PLACEMENT_3D ( 'NONE', #3737, #1891, #5135 ) ;
#5824 = AXIS2_PLACEMENT_3D ( 'NONE', #5668, #3313, #4304 ) ;
#5825 = MANIFOLD_SOLID_BREP ( '[a]_cable_cover[1]', #3653 ) ;
#5826 = CIRCLE ( 'NONE', #5919, 3.000000000000011102 ) ;
#5827 = AXIS2_PLACEMENT_3D ( 'NONE', #2645, #5926, #1270 ) ;
#5828 = DIRECTION ( 'NONE',  ( 1.000000000000000000, 0.000000000000000000, 0.000000000000000000 ) ) ;
#5829 = EDGE_CURVE ( 'NONE', #1793, #32, #2069, .T. ) ;
#5830 = CIRCLE ( 'NONE', #2167, 18.39999999999999503 ) ;
#5831 = CARTESIAN_POINT ( 'NONE',  ( 250.4325462934235418, 358.1367193776171689, 71.00000046773470785 ) ) ;
#5832 = DIRECTION ( 'NONE',  ( 0.3826834323650857295, 0.9238795325112885148, 2.478176394252573844E-15 ) ) ;
#5833 = ORIENTED_EDGE ( 'NONE', *, *, #5338, .T. ) ;
#5834 = CARTESIAN_POINT ( 'NONE',  ( 254.2679125947690011, 342.2762551488539771, 68.90000046773458564 ) ) ;
#5835 = AXIS2_PLACEMENT_3D ( 'NONE', #3981, #1178, #5869 ) ;
#5836 = VERTEX_POINT ( 'NONE', #2386 ) ;
#5837 = PRODUCT_DEFINITION_CONTEXT ( 'detailed design', #2601, 'design' ) ;
#5838 = CARTESIAN_POINT ( 'NONE',  ( 294.7182536230270102, 346.4931867881970220, 67.80000046773470501 ) ) ;
#5839 = ORIENTED_EDGE ( 'NONE', *, *, #3347, .T. ) ;
#5840 = ORIENTED_EDGE ( 'NONE', *, *, #5854, .T. ) ;
#5841 = CARTESIAN_POINT ( 'NONE',  ( 294.1724793217489946, 343.5432494308849982, 67.60000046773470217 ) ) ;
#5842 = CARTESIAN_POINT ( 'NONE',  ( 286.9730364358591146, 365.7604576204192313, 69.40000046773469933 ) ) ;
#5843 = CARTESIAN_POINT ( 'NONE',  ( 300.6576787665499637, 342.6578804773220668, 70.95967858158499553 ) ) ;
#5844 = AXIS2_PLACEMENT_3D ( 'NONE', #3403, #3435, #2044 ) ;
#5845 = DIRECTION ( 'NONE',  ( -5.075305255429250078E-15, -4.935982622706720408E-29, 1.000000000000000000 ) ) ;
#5846 = ADVANCED_FACE ( 'NONE', ( #4325 ), #4424, .T. ) ;
#5847 = LINE ( 'NONE', #5273, #4406 ) ;
#5848 = ADVANCED_FACE ( 'NONE', ( #4809 ), #4463, .T. ) ;
#5849 = LINE ( 'NONE', #1076, #2484 ) ;
#5850 = DIRECTION ( 'NONE',  ( 0.000000000000000000, 1.000000000000000000, 0.000000000000000000 ) ) ;
#5851 = ORIENTED_EDGE ( 'NONE', *, *, #4280, .T. ) ;
#5852 = VECTOR ( 'NONE', #3953, 1000.000000000000000 ) ;
#5853 = LINE ( 'NONE', #1589, #1797 ) ;
#5854 = EDGE_CURVE ( 'NONE', #3288, #1819, #1969, .T. ) ;
#5855 = DIRECTION ( 'NONE',  ( -1.000000000000000000, 0.000000000000000000, -6.938893903906452139E-15 ) ) ;
#5856 = CIRCLE ( 'NONE', #3686, 3.000000000000000000 ) ;
#5857 = ORIENTED_EDGE ( 'NONE', *, *, #4641, .T. ) ;
#5858 = DIRECTION ( 'NONE',  ( -3.865418436758450516E-29, 5.048709793107170241E-29, -1.000000000000000000 ) ) ;
#5859 = CARTESIAN_POINT ( 'NONE',  ( 299.1454950779959745, 343.1906580427850031, 71.18297674199119740 ) ) ;
#5860 = DIRECTION ( 'NONE',  ( -0.5254480155637966110, 0.8508257065580870915, -3.469446951953605117E-15 ) ) ;
#5861 = ADVANCED_FACE ( 'NONE', ( #3898 ), #5787, .F. ) ;
#5862 = ORIENTED_EDGE ( 'NONE', *, *, #1615, .F. ) ;
#5863 = EDGE_CURVE ( 'NONE', #2308, #3181, #1126, .T. ) ;
#5864 = DIRECTION ( 'NONE',  ( 1.000000000000000000, 0.000000000000000000, 0.000000000000000000 ) ) ;
#5865 = CARTESIAN_POINT ( 'NONE',  ( 249.2724046604460000, 356.6425878045800459, 68.75735978061531739 ) ) ;
#5866 = CARTESIAN_POINT ( 'NONE',  ( 297.1724793217489946, 343.5432494308849982, 71.00000046773482154 ) ) ;
#5867 = ORIENTED_EDGE ( 'NONE', *, *, #869, .T. ) ;
#5868 = EDGE_LOOP ( 'NONE', ( #1066, #3218, #6023, #5699, #5185 ) ) ;
#5869 = DIRECTION ( 'NONE',  ( 1.000000000000000000, 0.000000000000000000, 4.135580799816630757E-15 ) ) ;
#5870 = ORIENTED_EDGE ( 'NONE', *, *, #5998, .F. ) ;
#5871 = FACE_OUTER_BOUND ( 'NONE', #4168, .T. ) ;
#5872 = CARTESIAN_POINT ( 'NONE',  ( 292.1220646396482721, 348.0889906260334214, 71.00000046773480733 ) ) ;
#5873 = CARTESIAN_POINT ( 'NONE',  ( 306.0582154192610460, 352.8707167689689754, 68.75735978061560161 ) ) ;
#5874 = AXIS2_PLACEMENT_3D ( 'NONE', #1526, #5141, #1408 ) ;
#5875 = DIRECTION ( 'NONE',  ( 2.537652627714350121E-15, 2.537652627714694853E-15, -1.000000000000000000 ) ) ;
#5876 = LINE ( 'NONE', #753, #5975 ) ;
#5877 = ORIENTED_EDGE ( 'NONE', *, *, #1586, .F. ) ;
#5878 = DIRECTION ( 'NONE',  ( 1.000000000000000000, 0.000000000000000000, 4.135580799816630757E-15 ) ) ;
#5879 = EDGE_CURVE ( 'NONE', #4069, #4831, #654, .T. ) ;
#5880 = PLANE ( 'NONE',  #4974 ) ;
#5881 = AXIS2_PLACEMENT_3D ( 'NONE', #2937, #1981, #3927 ) ;
#5882 = DIRECTION ( 'NONE',  ( -1.000000000000000000, -1.184237892933480010E-14, 4.905273963292390079E-15 ) ) ;
#5883 = EDGE_CURVE ( 'NONE', #2805, #1109, #3745, .T. ) ;
#5884 = FACE_OUTER_BOUND ( 'NONE', #2364, .T. ) ;
#5885 = EDGE_CURVE ( 'NONE', #3770, #3711, #3491, .T. ) ;
#5886 = DIRECTION ( 'NONE',  ( 1.385895527874289961E-15, -2.244095527612000437E-15, -1.000000000000000000 ) ) ;
#5887 = DIRECTION ( 'NONE',  ( -3.925231146712359784E-17, 0.7071067811865819897, -0.7071067811865130448 ) ) ;
#5888 = ORIENTED_EDGE ( 'NONE', *, *, #3959, .F. ) ;
#5889 = VERTEX_POINT ( 'NONE', #4015 ) ;
#5890 = DIRECTION ( 'NONE',  ( -5.075305255429250078E-15, -5.041557514023260552E-29, 1.000000000000000000 ) ) ;
#5891 = CARTESIAN_POINT ( 'NONE',  ( 266.3336535438530177, 354.9085184410580496, 70.87868012417489183 ) ) ;
#5892 = AXIS2_PLACEMENT_3D ( 'NONE', #4576, #4086, #2224 ) ;
#5893 = DIRECTION ( 'NONE',  ( -0.7071067811865530128, 0.7071067811865420216, -5.205712404353510639E-15 ) ) ;
#5894 = ADVANCED_FACE ( 'NONE', ( #5468 ), #1243, .F. ) ;
#5895 = CARTESIAN_POINT ( 'NONE',  ( 264.9734359413189964, 358.3940482511480354, 69.40000046773458564 ) ) ;
#5896 = ORIENTED_EDGE ( 'NONE', *, *, #1722, .T. ) ;
#5897 = CARTESIAN_POINT ( 'NONE',  ( 262.9734359413189964, 358.3940482511480354, 71.00000046773470785 ) ) ;
#5898 = ORIENTED_EDGE ( 'NONE', *, *, #4817, .F. ) ;
#5899 = DIRECTION ( 'NONE',  ( 2.775557561562888827E-14, -1.000000000000000000, 0.000000000000000000 ) ) ;
#5900 = ORIENTED_EDGE ( 'NONE', *, *, #4879, .T. ) ;
#5901 = DIRECTION ( 'NONE',  ( -0.8260678134614172219, 0.4137213532757772483, 0.3826834323650984415 ) ) ;
#5902 = EDGE_CURVE ( 'NONE', #3272, #4368, #2002, .T. ) ;
#5903 = CARTESIAN_POINT ( 'NONE',  ( 291.9758684512690365, 347.7805993228830062, 71.00000046773480733 ) ) ;
#5904 = CARTESIAN_POINT ( 'NONE',  ( 239.7933184961089808, 347.7201426854809938, 67.00000046773500628 ) ) ;
#5905 = ORIENTED_EDGE ( 'NONE', *, *, #5062, .F. ) ;
#5906 = CARTESIAN_POINT ( 'NONE',  ( 298.8251406907111800, 342.8884319992556584, 71.00193724312478594 ) ) ;
#5907 = ORIENTED_EDGE ( 'NONE', *, *, #1100, .F. ) ;
#5908 = CARTESIAN_POINT ( 'NONE',  ( 285.8574628432700138, 349.0298387846179367, 65.00000046773469364 ) ) ;
#5909 = DIRECTION ( 'NONE',  ( 5.244932692012239927E-15, 3.386911614102519901E-16, -1.000000000000000000 ) ) ;
#5910 = CARTESIAN_POINT ( 'NONE',  ( 241.8714517814164537, 349.9368048040609551, 71.00054488030795596 ) ) ;
#5911 = FACE_OUTER_BOUND ( 'NONE', #2727, .T. ) ;
#5912 = CARTESIAN_POINT ( 'NONE',  ( 286.9730364358591146, 365.7604576204192313, 71.00000046773470785 ) ) ;
#5913 = AXIS2_PLACEMENT_3D ( 'NONE', #2369, #5313, #2921 ) ;
#5914 = EDGE_CURVE ( 'NONE', #3362, #1257, #3520, .T. ) ;
#5915 = AXIS2_PLACEMENT_3D ( 'NONE', #5636, #1443, #3747 ) ;
#5916 = CARTESIAN_POINT ( 'NONE',  ( 299.6116234215929808, 343.0136624096409719, 70.80238241320910220 ) ) ;
#5917 = DIRECTION ( 'NONE',  ( 0.6410464294893108983, 0.7675021011300268148, 1.396982686839339635E-29 ) ) ;
#5918 = EDGE_CURVE ( 'NONE', #2090, #2230, #3983, .T. ) ;
#5919 = AXIS2_PLACEMENT_3D ( 'NONE', #3643, #910, #3266 ) ;
#5920 = EDGE_CURVE ( 'NONE', #4729, #5202, #4537, .T. ) ;
#5921 = EDGE_LOOP ( 'NONE', ( #1333, #971, #5596, #5691 ) ) ;
#5922 = CARTESIAN_POINT ( 'NONE',  ( 283.2858899680161358, 365.8440523469910772, 71.00000046773470785 ) ) ;
#5923 = DIRECTION ( 'NONE',  ( 3.865418436758450516E-29, -5.048709793107170241E-29, 1.000000000000000000 ) ) ;
#5924 = ADVANCED_FACE ( 'NONE', ( #2097 ), #239, .T. ) ;
#5925 = CARTESIAN_POINT ( 'NONE',  ( 300.6276937031859688, 342.5733164236169728, 70.87868012412639018 ) ) ;
#5926 = DIRECTION ( 'NONE',  ( -0.7675021011300287022, 0.6410464294893087889, 6.203174158357916692E-29 ) ) ;
#5927 = EDGE_LOOP ( 'NONE', ( #3978, #5820, #3847, #2148 ) ) ;
#5928 = AXIS2_PLACEMENT_3D ( 'NONE', #201, #5001, #702 ) ;
#5929 = CARTESIAN_POINT ( 'NONE',  ( 269.3734359413190305, 358.6298387846179594, 69.40000046773469933 ) ) ;
#5930 = ORIENTED_EDGE ( 'NONE', *, *, #2801, .F. ) ;
#5931 = LINE ( 'NONE', #746, #4306 ) ;
#5932 = DIRECTION ( 'NONE',  ( -0.4999999999999809042, -0.4999999999999801825, 0.7071067811865752173 ) ) ;
#5933 = CARTESIAN_POINT ( 'NONE',  ( 294.1724793217489946, 343.5432494308849982, 71.00000046773480733 ) ) ;
#5934 = ORIENTED_EDGE ( 'NONE', *, *, #5661, .T. ) ;
#5935 = DIRECTION ( 'NONE',  ( -0.7071067811865460184, -0.7071067811865489050, -3.042048184826869615E-15 ) ) ;
#5936 = ADVANCED_FACE ( 'NONE', ( #1214 ), #3084, .T. ) ;
#5937 = ORIENTED_EDGE ( 'NONE', *, *, #2740, .F. ) ;
#5938 = PLANE ( 'NONE',  #53 ) ;
#5939 = LINE ( 'NONE', #4451, #3774 ) ;
#5940 = CARTESIAN_POINT ( 'NONE',  ( 242.5116868151255574, 349.8716462836264895, 71.00023111303652001 ) ) ;
#5941 = CIRCLE ( 'NONE', #4866, 1.999999999999992895 ) ;
#5942 = VECTOR ( 'NONE', #4056, 1000.000000000000114 ) ;
#5943 = VECTOR ( 'NONE', #1988, 1000.000000000000000 ) ;
#5944 = ORIENTED_EDGE ( 'NONE', *, *, #4399, .T. ) ;
#5945 = CARTESIAN_POINT ( 'NONE',  ( 251.3112716611469182, 331.7290992723321210, 69.17403127959116205 ) ) ;
#5946 = CARTESIAN_POINT ( 'NONE',  ( 294.1724793217489946, 343.5432494308849982, 67.60000046773470217 ) ) ;
#5947 = CIRCLE ( 'NONE', #936, 18.40000000000000924 ) ;
#5948 = B_SPLINE_CURVE_WITH_KNOTS ( 'NONE', 3,
 ( #625, #3901, #4327, #4415 ),
 .UNSPECIFIED., .F., .F.,
 ( 4, 4 ),
 ( 0.000000000000000000, 1.000000000000000000 ),
 .UNSPECIFIED. ) ;
#5949 = DIRECTION ( 'NONE',  ( 4.390802403307350460E-15, 7.826844571159010770E-16, -1.000000000000000000 ) ) ;
#5950 = DIRECTION ( 'NONE',  ( -4.757274964141920480E-15, -1.970527810085574935E-15, 1.000000000000000000 ) ) ;
#5951 = DIRECTION ( 'NONE',  ( 1.183291356348729955E-29, 0.000000000000000000, -1.000000000000000000 ) ) ;
#5952 = CIRCLE ( 'NONE', #1836, 6.600000000000003197 ) ;
#5953 = EDGE_CURVE ( 'NONE', #2241, #1565, #5032, .T. ) ;
#5954 = DIRECTION ( 'NONE',  ( -5.551115123125779621E-17, 1.000000000000000000, 5.048709793107170241E-29 ) ) ;
#5955 = AXIS2_PLACEMENT_3D ( 'NONE', #2665, #2325, #443 ) ;
#5956 = ORIENTED_EDGE ( 'NONE', *, *, #245, .F. ) ;
#5957 = ORIENTED_EDGE ( 'NONE', *, *, #1862, .T. ) ;
#5958 = ORIENTED_EDGE ( 'NONE', *, *, #921, .F. ) ;
#5959 = CARTESIAN_POINT ( 'NONE',  ( 286.2716764056430065, 354.9085184410580496, 70.87868012417510499 ) ) ;
#5960 = ORIENTED_EDGE ( 'NONE', *, *, #5731, .T. ) ;
#5962 = EDGE_CURVE ( 'NONE', #5275, #3335, #693, .T. ) ;
#5961 = CARTESIAN_POINT ( 'NONE',  ( 315.2071067812120191, 346.7218254070179455, 70.87868012417519026 ) ) ;
#5963 = DIRECTION ( 'NONE',  ( 1.000000000000000000, 0.000000000000000000, 0.000000000000000000 ) ) ;
#5964 = CARTESIAN_POINT ( 'NONE',  ( 291.7683162657150433, 343.5432494308849982, 68.00000046773470785 ) ) ;
#5965 = ORIENTED_EDGE ( 'NONE', *, *, #3771, .T. ) ;
#5966 = CARTESIAN_POINT ( 'NONE',  ( 298.3815218162675365, 342.6282748382590171, 70.99907388609564407 ) ) ;
#5967 = ORIENTED_EDGE ( 'NONE', *, *, #2512, .T. ) ;
#5968 = DIRECTION ( 'NONE',  ( -0.7071067811865480168, 0.7071067811865470176, 6.266898513436680387E-29 ) ) ;
#5969 = CARTESIAN_POINT ( 'NONE',  ( 296.5766423777830028, 343.5432494308849982, 68.00000046773470785 ) ) ;
#5970 = ADVANCED_FACE ( 'NONE', ( #813 ), #3237, .T. ) ;
#5971 = VECTOR ( 'NONE', #1830, 1000.000000000000000 ) ;
#5972 = EDGE_CURVE ( 'NONE', #172, #737, #2463, .T. ) ;
#5973 = CARTESIAN_POINT ( 'NONE',  ( 241.8806179199078770, 349.9348183192268493, 71.00053862061918153 ) ) ;
#5974 = CARTESIAN_POINT ( 'NONE',  ( 299.2586944394979582, 343.1134476489330609, 70.83112258184968368 ) ) ;
#5975 = VECTOR ( 'NONE', #2627, 1000.000000000000000 ) ;
#5976 = CARTESIAN_POINT ( 'NONE',  ( 308.0180598665755838, 354.8305612162835132, 69.90541007771088289 ) ) ;
#5977 = CARTESIAN_POINT ( 'NONE',  ( 282.8007333595940622, 353.0302494308850214, 57.87575804349160080 ) ) ;
#5978 = CARTESIAN_POINT ( 'NONE',  ( 295.6911649704186402, 346.2672044693305793, 66.00000046773477891 ) ) ;
#5979 = CIRCLE ( 'NONE', #1640, 1.699999999999979305 ) ;
#5980 = CARTESIAN_POINT ( 'NONE',  ( 264.9734359413189964, 350.0298387846179367, 70.50000046773459417 ) ) ;
#5981 = CARTESIAN_POINT ( 'NONE',  ( 292.6356374363219857, 355.8281143903469683, 71.00000046773470785 ) ) ;
#5982 = AXIS2_PLACEMENT_3D ( 'NONE', #2648, #2180, #4437 ) ;
#5983 = DIRECTION ( 'NONE',  ( 1.000000000000000000, 0.000000000000000000, 0.000000000000000000 ) ) ;
#5984 = ORIENTED_EDGE ( 'NONE', *, *, #2457, .F. ) ;
#5985 = CARTESIAN_POINT ( 'NONE',  ( 292.5161545664224718, 365.1053426503143555, 69.40000046773472775 ) ) ;
#5986 = CARTESIAN_POINT ( 'NONE',  ( 288.2716764056430065, 364.2394269734959948, 69.40000046773469933 ) ) ;
#5987 = CARTESIAN_POINT ( 'NONE',  ( 264.4726037499009408, 366.4298387846179708, 69.40000046773458564 ) ) ;
#5988 = VERTEX_POINT ( 'NONE', #2714 ) ;
#5989 = CARTESIAN_POINT ( 'NONE',  ( 298.9193880782800079, 340.2105542367260114, 71.00000046773480733 ) ) ;
#5990 = ORIENTED_EDGE ( 'NONE', *, *, #2823, .T. ) ;
#5991 = DIRECTION ( 'NONE',  ( -3.865418436758450516E-29, 5.048709793107170241E-29, -1.000000000000000000 ) ) ;
#5992 = VERTEX_POINT ( 'NONE', #5592 ) ;
#5993 = CARTESIAN_POINT ( 'NONE',  ( 254.4253439204177027, 365.2987496762504520, 70.87868012417493446 ) ) ;
#5994 = ADVANCED_FACE ( 'NONE', ( #1372 ), #31, .F. ) ;
#5995 = DIRECTION ( 'NONE',  ( -0.7071067811865461294, -0.7071067811865490160, -3.588782762705770232E-15 ) ) ;
#5996 = DIRECTION ( 'NONE',  ( 1.000000000000000000, 5.325766498111130543E-15, 5.075305255429250078E-15 ) ) ;
#5997 = ORIENTED_EDGE ( 'NONE', *, *, #5176, .F. ) ;
#5998 = EDGE_CURVE ( 'NONE', #3181, #1150, #5826, .T. ) ;
#5999 = VECTOR ( 'NONE', #4409, 1000.000000000000114 ) ;
#6000 = ADVANCED_FACE ( 'NONE', ( #5656 ), #4266, .F. ) ;
#6001 = DIRECTION ( 'NONE',  ( 0.000000000000000000, 0.9238795325112774126, 0.3826834323651123193 ) ) ;
#6002 = EDGE_LOOP ( 'NONE', ( #2576, #677, #1466, #333 ) ) ;
#6003 = B_SPLINE_SURFACE_WITH_KNOTS ( 'NONE', 3, 3, ( 
 ( #3098, #2607, #4996, #5859 ),
 ( #5916, #1595, #764, #259 ),
 ( #3504, #169, #3531, #5417 ),
 ( #2638, #1194, #287, #1624 ) ),
 .UNSPECIFIED., .F., .F., .F.,
 ( 4, 4 ),
 ( 4, 4 ),
 ( 0.5646255338940600055, 1.000000000000000000 ),
 ( 2.756237477653699752, 2.786929142726279895 ),
 .UNSPECIFIED. ) ;
#6004 = DIRECTION ( 'NONE',  ( -1.000000000000000000, 0.000000000000000000, -4.625929269271481378E-15 ) ) ;
#6005 = PLANE ( 'NONE',  #2184 ) ;
#6006 = CARTESIAN_POINT ( 'NONE',  ( 242.1833758787007866, 349.8848754043220310, 71.00110618480107405 ) ) ;
#6007 = ORIENTED_EDGE ( 'NONE', *, *, #4956, .F. ) ;
#6008 = CARTESIAN_POINT ( 'NONE',  ( 261.3969185085060190, 351.8210738481379849, 65.00000046773459417 ) ) ;
#6009 = ORIENTED_EDGE ( 'NONE', *, *, #3845, .F. ) ;
#6010 = CARTESIAN_POINT ( 'NONE',  ( 289.1001035303889921, 352.8582659093639791, 65.00000046773469364 ) ) ;
#6011 = CARTESIAN_POINT ( 'NONE',  ( 264.9734359413189964, 350.0298387846179367, 71.00000046773459417 ) ) ;
#6012 = DIRECTION ( 'NONE',  ( 0.3826834323650857295, 0.9238795325112885148, 2.478176394252573844E-15 ) ) ;
#6013 = PLANE ( 'NONE',  #1517 ) ;
#6014 = STYLED_ITEM ( 'NONE', ( #3244 ), #5825 ) ;
#6015 = ORIENTED_EDGE ( 'NONE', *, *, #5098, .T. ) ;
#6016 = EDGE_CURVE ( 'NONE', #3571, #2197, #2774, .T. ) ;
#6017 = CARTESIAN_POINT ( 'NONE',  ( 290.2314743802870112, 353.9896367592619981, 59.00000046773470075 ) ) ;
#6018 = CARTESIAN_POINT ( 'NONE',  ( 264.9734359413189964, 350.0298387846179367, 59.00000046773460838 ) ) ;
#6019 = VERTEX_POINT ( 'NONE', #2275 ) ;
#6020 = CARTESIAN_POINT ( 'NONE',  ( 250.5408455975610025, 336.8442935448559865, 68.75735978061520370 ) ) ;
#6021 = VECTOR ( 'NONE', #2841, 1000.000000000000000 ) ;
#6022 = AXIS2_PLACEMENT_3D ( 'NONE', #4747, #1958, #1474 ) ;
#6023 = ORIENTED_EDGE ( 'NONE', *, *, #3007, .T. ) ;
#6024 = DIRECTION ( 'NONE',  ( -5.778467957340550871E-15, -5.019018773945690239E-16, 1.000000000000000000 ) ) ;
#6025 = ORIENTED_EDGE ( 'NONE', *, *, #2372, .F. ) ;
#6026 = FACE_OUTER_BOUND ( 'NONE', #3139, .T. ) ;
#6027 = EDGE_LOOP ( 'NONE', ( #456, #2008, #3660, #5465 ) ) ;
#6028 = DIRECTION ( 'NONE',  ( -5.075305255429250078E-15, -4.935982622706720408E-29, 1.000000000000000000 ) ) ;
#6029 = AXIS2_PLACEMENT_3D ( 'NONE', #5685, #4317, #5288 ) ;
#6030 = CARTESIAN_POINT ( 'NONE',  ( 299.2924916858140136, 362.4648676271619934, 71.00000046773480733 ) ) ;
#6031 = B_SPLINE_CURVE_WITH_KNOTS ( 'NONE', 3,
 ( #2637, #2976, #635, #195 ),
 .UNSPECIFIED., .F., .F.,
 ( 4, 4 ),
 ( 0.000000000000000000, 1.000000000000000000 ),
 .UNSPECIFIED. ) ;
#6032 = ORIENTED_EDGE ( 'NONE', *, *, #3236, .T. ) ;
#6033 = CARTESIAN_POINT ( 'NONE',  ( 298.8682276171019794, 362.0406035584500160, 65.00000046773469364 ) ) ;
#6034 = EDGE_LOOP ( 'NONE', ( #5654, #2135, #2652, #4380, #304, #5990 ) ) ;
#6035 = DIRECTION ( 'NONE',  ( 0.2023250242856306780, -0.9793184285756185714, 0.000000000000000000 ) ) ;
#6036 = CIRCLE ( 'NONE', #4156, 18.39999999999999503 ) ;
#6037 = CARTESIAN_POINT ( 'NONE',  ( 264.9734359413189964, 355.6298387846179594, 68.40000046773458564 ) ) ;
#6038 = CARTESIAN_POINT ( 'NONE',  ( 264.9734359413189964, 358.3940482511480354, 71.00000046773459417 ) ) ;
#6039 = ADVANCED_FACE ( 'NONE', ( #4667 ), #431, .F. ) ;
#6040 = EDGE_CURVE ( 'NONE', #5433, #2308, #3047, .T. ) ;
#6041 = CARTESIAN_POINT ( 'NONE',  ( 291.3665317142669551, 351.8344784126049944, 70.87868012417519026 ) ) ;
#6042 = DIRECTION ( 'NONE',  ( 7.479616927696616682E-16, -2.070759876205155989E-30, -1.000000000000000000 ) ) ;
#6043 = DIRECTION ( 'NONE',  ( 3.865418436758450516E-29, -5.048709793107170241E-29, 1.000000000000000000 ) ) ;
#6044 = ORIENTED_EDGE ( 'NONE', *, *, #525, .T. ) ;
#6045 = CARTESIAN_POINT ( 'NONE',  ( 241.6730918218903525, 350.3846747279900455, 63.00000046773477891 ) ) ;
#6046 = VERTEX_POINT ( 'NONE', #4203 ) ;
#6047 = CARTESIAN_POINT ( 'NONE',  ( 277.8251968995009520, 345.0752022981990308, 69.40000046773469933 ) ) ;
#6048 = AXIS2_PLACEMENT_3D ( 'NONE', #3163, #5091, #4160 ) ;
#6049 = AXIS2_PLACEMENT_3D ( 'NONE', #3028, #1133, #691 ) ;
#6050 = AXIS2_PLACEMENT_3D ( 'NONE', #1761, #4177, #6004 ) ;
#6051 = LINE ( 'NONE', #1292, #1425 ) ;
#6052 = VERTEX_POINT ( 'NONE', #3178 ) ;
#6053 = DIRECTION ( 'NONE',  ( 4.135580799816630757E-15, 1.665250005579849882E-16, -1.000000000000000000 ) ) ;
#6054 = CARTESIAN_POINT ( 'NONE',  ( 268.1491803460789924, 354.0298387846179935, 59.00000046773410389 ) ) ;
#6055 = VERTEX_POINT ( 'NONE', #2744 ) ;
#6056 = VECTOR ( 'NONE', #5088, 1000.000000000000114 ) ;
#6057 = DIRECTION ( 'NONE',  ( 1.000000000000000000, 5.551115123125779621E-17, -3.865418436758450516E-29 ) ) ;
#6058 = EDGE_CURVE ( 'NONE', #3188, #2772, #3452, .T. ) ;
#6059 = VERTEX_POINT ( 'NONE', #5167 ) ;
#6060 = VERTEX_POINT ( 'NONE', #4173 ) ;
#6061 = CARTESIAN_POINT ( 'NONE',  ( 236.3933184961089751, 347.7201426854809938, 67.60000046773470217 ) ) ;
#6062 = VERTEX_POINT ( 'NONE', #944 ) ;
#6063 = AXIS2_PLACEMENT_3D ( 'NONE', #5977, #2757, #2697 ) ;
#6064 = AXIS2_PLACEMENT_3D ( 'NONE', #5536, #4084, #1344 ) ;
#6065 = CARTESIAN_POINT ( 'NONE',  ( 291.7780791438211168, 347.3633757074833284, 69.52822990992423513 ) ) ;
#6066 = CARTESIAN_POINT ( 'NONE',  ( 270.1641679957360225, 355.0298387846179935, 71.00000046773470785 ) ) ;
#6067 = CARTESIAN_POINT ( 'NONE',  ( 300.4366214338442660, 342.8932598926672881, 71.00057900606023509 ) ) ;
#6068 = EDGE_LOOP ( 'NONE', ( #5984, #3535, #2673, #4612 ) ) ;
#6069 = LINE ( 'NONE', #6033, #3915 ) ;
#6070 = VERTEX_POINT ( 'NONE', #4703 ) ;
#6071 = CARTESIAN_POINT ( 'NONE',  ( 242.0834310484574701, 345.7217658718836901, 80.47149331572498454 ) ) ;
#6072 = DIRECTION ( 'NONE',  ( -3.925231146706859944E-17, 0.7071067811865761055, 0.7071067811865191510 ) ) ;
#6073 = CARTESIAN_POINT ( 'NONE',  ( 237.8783438543200077, 350.1146751875339760, 68.00000046773470785 ) ) ;
#6074 = FILL_AREA_STYLE_COLOUR ( '', #379 ) ;
#6075 = DIRECTION ( 'NONE',  ( 0.3826834323650955549, 0.9238795325112844070, 3.469446951953602750E-15 ) ) ;
#6076 = CARTESIAN_POINT ( 'NONE',  ( 285.8574628432700138, 366.4298387846179708, 69.40000046773469933 ) ) ;
#6077 = VERTEX_POINT ( 'NONE', #2379 ) ;
#6078 = CARTESIAN_POINT ( 'NONE',  ( 300.3336016406530007, 341.6247677991000273, 68.75735978061540266 ) ) ;
#6079 = VERTEX_POINT ( 'NONE', #2807 ) ;
#6080 = CARTESIAN_POINT ( 'NONE',  ( 265.4802252839050425, 354.0298387846179935, 57.87575804349160080 ) ) ;
#6081 = FACE_OUTER_BOUND ( 'NONE', #6068, .T. ) ;
#6082 = EDGE_CURVE ( 'NONE', #4541, #5275, #5629, .T. ) ;
#6083 = CARTESIAN_POINT ( 'NONE',  ( 303.2883608474970174, 356.9133635468679699, 68.90000046773479880 ) ) ;
#6084 = CIRCLE ( 'NONE', #5385, 2.999999999999891642 ) ;
#6085 = EDGE_CURVE ( 'NONE', #6055, #4401, #4631, .T. ) ;
#6086 = EDGE_CURVE ( 'NONE', #3832, #4726, #4233, .T. ) ;
#6087 = ORIENTED_EDGE ( 'NONE', *, *, #374, .F. ) ;
#6088 = CARTESIAN_POINT ( 'NONE',  ( 241.5458432552780152, 352.3806225735750104, 71.00000046773449469 ) ) ;
#6089 = LINE ( 'NONE', #2763, #2769 ) ;
#6090 = ORIENTED_EDGE ( 'NONE', *, *, #2594, .F. ) ;
#6091 = CARTESIAN_POINT ( 'NONE',  ( 264.9734359413189964, 350.0298387846179367, 68.40000046773458564 ) ) ;
#6092 = AXIS2_PLACEMENT_3D ( 'NONE', #359, #4201, #6099 ) ;
#6093 = ORIENTED_EDGE ( 'NONE', *, *, #4294, .T. ) ;
#6094 = VECTOR ( 'NONE', #384, 1000.000000000000000 ) ;
#6095 = ORIENTED_EDGE ( 'NONE', *, *, #2565, .F. ) ;
#6096 = CARTESIAN_POINT ( 'NONE',  ( 292.4724793217490060, 343.5432494308849982, 66.00000046773475049 ) ) ;
#6097 = ORIENTED_EDGE ( 'NONE', *, *, #326, .T. ) ;
#6098 = ADVANCED_FACE ( 'NONE', ( #3766 ), #1432, .T. ) ;
#6099 = DIRECTION ( 'NONE',  ( -0.006799695804235506014, -0.8375728625988966281, -0.5462833184116642204 ) ) ;
#6100 = CARTESIAN_POINT ( 'NONE',  ( 260.3008830973460022, 327.3016846013279633, 59.00000046773460838 ) ) ;
#6101 = VECTOR ( 'NONE', #4693, 1000.000000000000000 ) ;
#6102 = CARTESIAN_POINT ( 'NONE',  ( 300.2709344149743060, 342.9873222388991394, 71.00122657631176537 ) ) ;
#6103 = ORIENTED_EDGE ( 'NONE', *, *, #711, .F. ) ;
#6104 = ORIENTED_EDGE ( 'NONE', *, *, #3192, .F. ) ;
#6105 = EDGE_CURVE ( 'NONE', #2230, #2523, #4635, .T. ) ;
#6106 = FACE_OUTER_BOUND ( 'NONE', #4262, .T. ) ;
#6107 = LINE ( 'NONE', #3806, #734 ) ;
#6108 = CARTESIAN_POINT ( 'NONE',  ( 291.1724793217489946, 343.5432494308849982, 71.00000046773479312 ) ) ;
#6109 = CARTESIAN_POINT ( 'NONE',  ( 291.2348287886470644, 351.0464939579686643, 69.90541036415697818 ) ) ;
#6110 = CARTESIAN_POINT ( 'NONE',  ( 246.5900165858359969, 357.9860141022200537, 68.75735978061531739 ) ) ;
#6111 = DIRECTION ( 'NONE',  ( 0.3826834323650847303, 0.9238795325112889589, 2.775557561562904367E-15 ) ) ;
#6112 = ORIENTED_EDGE ( 'NONE', *, *, #1763, .T. ) ;
#6113 = ORIENTED_EDGE ( 'NONE', *, *, #2063, .F. ) ;
#6114 = FACE_OUTER_BOUND ( 'NONE', #4258, .T. ) ;
#6115 = CARTESIAN_POINT ( 'NONE',  ( 264.4726037499009408, 349.0298387846179367, 68.40000046773458564 ) ) ;
#6116 = ORIENTED_EDGE ( 'NONE', *, *, #1284, .T. ) ;
#6117 = CARTESIAN_POINT ( 'NONE',  ( 240.4878509981620027, 347.9351173272700066, 67.80000046773470501 ) ) ;
#6118 = CARTESIAN_POINT ( 'NONE',  ( 242.3344627617119897, 349.5490859107179631, 71.34960603503010645 ) ) ;
#6119 = ORIENTED_EDGE ( 'NONE', *, *, #888, .T. ) ;
#6120 = FACE_OUTER_BOUND ( 'NONE', #1375, .T. ) ;
#6121 = EDGE_CURVE ( 'NONE', #325, #6046, #3678, .T. ) ;
#6122 = EDGE_CURVE ( 'NONE', #5117, #3696, #2005, .T. ) ;
#6123 = ORIENTED_EDGE ( 'NONE', *, *, #113, .F. ) ;
#6124 = ORIENTED_EDGE ( 'NONE', *, *, #5661, .F. ) ;
#6125 = CARTESIAN_POINT ( 'NONE',  ( 251.3275750174560130, 331.7152706833470006, 68.75702273081900273 ) ) ;
#6126 = EDGE_CURVE ( 'NONE', #863, #61, #5725, .T. ) ;
#6127 = ORIENTED_EDGE ( 'NONE', *, *, #4677, .T. ) ;
ENDSEC;
END-ISO-10303-21;
