ISO-10303-21;
HEADER;
FILE_DESCRIPTION (( 'STEP AP214' ),
    '1' );
FILE_NAME ('Static Frame for X_Y Switches.STEP',
    '2026-08-08T16:47:46',
    ( '' ),
    ( '' ),
    'SwSTEP 2.0',
    'SolidWorks 2026',
    '' );
FILE_SCHEMA (( 'AUTOMOTIVE_DESIGN' ));
ENDSEC;

DATA;
#1 = AXIS2_PLACEMENT_3D ( 'NONE', #1605, #1979, #1720 ) ;
#2 = CARTESIAN_POINT ( 'NONE',  ( 33.07106781186554656, 8.700000000000100542, 36.69999999999955520 ) ) ;
#3 = ORIENTED_EDGE ( 'NONE', *, *, #1655, .T. ) ;
#4 = AXIS2_PLACEMENT_3D ( 'NONE', #255, #1216, #190 ) ;
#5 = ORIENTED_EDGE ( 'NONE', *, *, #231, .F. ) ;
#6 = CYLINDRICAL_SURFACE ( 'NONE', #579, 0.9499999999999995115 ) ;
#7 = CARTESIAN_POINT ( 'NONE',  ( 82.91890875653098192, -3.099999999999946354, 37.19999999999977547 ) ) ;
#8 = ORIENTED_EDGE ( 'NONE', *, *, #1520, .F. ) ;
#9 = ADVANCED_FACE ( 'NONE', ( #3065 ), #1146, .T. ) ;
#10 = EDGE_CURVE ( 'NONE', #2232, #2723, #2561, .T. ) ;
#11 = ORIENTED_EDGE ( 'NONE', *, *, #924, .T. ) ;
#12 = CARTESIAN_POINT ( 'NONE',  ( 33.57985010691056260, 5.123163510212803473, 36.69999999999955520 ) ) ;
#13 = EDGE_CURVE ( 'NONE', #564, #3081, #2504, .T. ) ;
#14 = DIRECTION ( 'NONE',  ( -1.000000000000000000, 0.000000000000000000, -4.492965968237345579E-15 ) ) ;
#15 = FACE_OUTER_BOUND ( 'NONE', #2492, .T. ) ;
#16 = LINE ( 'NONE', #544, #262 ) ;
#17 = EDGE_CURVE ( 'NONE', #1084, #1277, #1795, .T. ) ;
#18 = DIRECTION ( 'NONE',  ( -0.4999999999999001354, -0.5000000000000963674, 0.7071067811865500152 ) ) ;
#19 = EDGE_LOOP ( 'NONE', ( #446, #1370, #1703, #2280 ) ) ;
#20 = CARTESIAN_POINT ( 'NONE',  ( 41.85220674431636212, 24.50000000000000711, 30.00000000000000000 ) ) ;
#21 = DIRECTION ( 'NONE',  ( 0.5000000000000058842, 0.5000000000000058842, 0.7071067811865392461 ) ) ;
#22 = DIRECTION ( 'NONE',  ( -0.000000000000000000, -0.000000000000000000, -1.000000000000000000 ) ) ;
#23 = DIRECTION ( 'NONE',  ( -6.928533639175094789E-16, 1.000000000000000000, 0.000000000000000000 ) ) ;
#24 = EDGE_LOOP ( 'NONE', ( #717, #1024, #1769, #1886 ) ) ;
#25 = ORIENTED_EDGE ( 'NONE', *, *, #2811, .F. ) ;
#26 = CARTESIAN_POINT ( 'NONE',  ( 78.18272428341430214, 15.16598561813023949, 36.69999999999973994 ) ) ;
#27 = DIRECTION ( 'NONE',  ( 5.337610695313253357E-16, 3.793635681479083559E-31, -1.000000000000000000 ) ) ;
#28 = DIRECTION ( 'NONE',  ( 1.000000000000000000, 0.000000000000000000, 0.000000000000000000 ) ) ;
#29 = EDGE_CURVE ( 'NONE', #2981, #1590, #2004, .T. ) ;
#30 = CARTESIAN_POINT ( 'NONE',  ( 77.69475465417148996, 15.27500690475182310, 30.00000000000000000 ) ) ;
#31 = CARTESIAN_POINT ( 'NONE',  ( 58.14000000000000057, 24.59234527346169585, 37.19999999999967599 ) ) ;
#32 = DIRECTION ( 'NONE',  ( 4.135580799816630757E-15, 1.665250005579849882E-16, -1.000000000000000000 ) ) ;
#33 = ADVANCED_FACE ( 'NONE', ( #272 ), #1268, .T. ) ;
#34 = ORIENTED_EDGE ( 'NONE', *, *, #1809, .F. ) ;
#35 = PLANE ( 'NONE',  #1060 ) ;
#36 = CARTESIAN_POINT ( 'NONE',  ( 49.97974596215600229, 8.700000000000009948, 11.45886918214689132 ) ) ;
#37 = EDGE_LOOP ( 'NONE', ( #1920, #2535, #34, #536 ) ) ;
#38 = CARTESIAN_POINT ( 'NONE',  ( 51.24142864431270539, 2.466566298419555103, 21.09999999999971365 ) ) ;
#39 = CIRCLE ( 'NONE', #3216, 1.000000000000000888 ) ;
#40 = EDGE_LOOP ( 'NONE', ( #2913, #1184, #8, #566 ) ) ;
#41 = PLANE ( 'NONE',  #2521 ) ;
#42 = VECTOR ( 'NONE', #533, 1000.000000000000000 ) ;
#43 = CIRCLE ( 'NONE', #1893, 1.949999999999993516 ) ;
#44 = ORIENTED_EDGE ( 'NONE', *, *, #1316, .T. ) ;
#45 = EDGE_CURVE ( 'NONE', #1543, #329, #3043, .T. ) ;
#46 = VERTEX_POINT ( 'NONE', #899 ) ;
#47 = CARTESIAN_POINT ( 'NONE',  ( 78.17200000000002547, 26.51299999999995194, 30.00000000000000000 ) ) ;
#48 = CIRCLE ( 'NONE', #1518, 0.9499999999999995115 ) ;
#49 = CIRCLE ( 'NONE', #576, 0.4999999999999865663 ) ;
#50 = DIRECTION ( 'NONE',  ( -6.730369402342476562E-16, 0.7071067811865469066, -0.7071067811865482389 ) ) ;
#51 = AXIS2_PLACEMENT_3D ( 'NONE', #2570, #2861, #1857 ) ;
#52 = LINE ( 'NONE', #2812, #523 ) ;
#53 = VECTOR ( 'NONE', #1454, 1000.000000000000000 ) ;
#54 = VERTEX_POINT ( 'NONE', #133 ) ;
#55 = VECTOR ( 'NONE', #3079, 1000.000000000000000 ) ;
#56 = VERTEX_POINT ( 'NONE', #3137 ) ;
#57 = FACE_OUTER_BOUND ( 'NONE', #2460, .T. ) ;
#58 = EDGE_CURVE ( 'NONE', #1590, #1945, #401, .T. ) ;
#59 = CARTESIAN_POINT ( 'NONE',  ( 2.338687298065825313E-15, -3.600000000000024958, 24.69999999999970086 ) ) ;
#60 = VERTEX_POINT ( 'NONE', #3157 ) ;
#61 = EDGE_LOOP ( 'NONE', ( #1829, #1724, #2555, #3038 ) ) ;
#62 = EDGE_LOOP ( 'NONE', ( #818, #1108, #1496, #3076 ) ) ;
#63 = DIRECTION ( 'NONE',  ( 1.000000000000000000, 0.000000000000000000, 0.000000000000000000 ) ) ;
#64 = LINE ( 'NONE', #2293, #1062 ) ;
#65 = ORIENTED_EDGE ( 'NONE', *, *, #2310, .T. ) ;
#66 = VERTEX_POINT ( 'NONE', #2146 ) ;
#67 = CARTESIAN_POINT ( 'NONE',  ( 50.24945949786517474, 24.06649555461126155, 36.69999999999964757 ) ) ;
#68 = CARTESIAN_POINT ( 'NONE',  ( 82.60975104155600945, 26.03504693308581608, 92.54930690145332051 ) ) ;
#69 = CARTESIAN_POINT ( 'NONE',  ( 82.80490392929935695, 24.89674705151018941, 36.69999999999975415 ) ) ;
#70 = ORIENTED_EDGE ( 'NONE', *, *, #1271, .T. ) ;
#71 = DIRECTION ( 'NONE',  ( -6.928533639175096761E-16, 1.000000000000000000, 0.000000000000000000 ) ) ;
#72 = ORIENTED_EDGE ( 'NONE', *, *, #396, .T. ) ;
#73 = LINE ( 'NONE', #85, #306 ) ;
#74 = EDGE_CURVE ( 'NONE', #871, #459, #73, .T. ) ;
#75 = ORIENTED_EDGE ( 'NONE', *, *, #807, .F. ) ;
#76 = DIRECTION ( 'NONE',  ( 0.000000000000000000, 0.7071067811865524577, 0.7071067811865426878 ) ) ;
#77 = EDGE_CURVE ( 'NONE', #66, #1084, #2380, .T. ) ;
#78 = CARTESIAN_POINT ( 'NONE',  ( 41.85220674431636212, 25.00000000000000355, 30.49999999999998579 ) ) ;
#79 = ORIENTED_EDGE ( 'NONE', *, *, #1121, .T. ) ;
#80 = FACE_OUTER_BOUND ( 'NONE', #2188, .T. ) ;
#81 = EDGE_LOOP ( 'NONE', ( #652, #384, #2166, #2499 ) ) ;
#82 = DIRECTION ( 'NONE',  ( 0.7071067811865477948, 0.000000000000000000, 0.7071067811865473507 ) ) ;
#83 = CARTESIAN_POINT ( 'NONE',  ( 41.40514206521473284, 24.22390438294006287, 30.00000000000000000 ) ) ;
#84 = EDGE_CURVE ( 'NONE', #1997, #1084, #516, .T. ) ;
#85 = CARTESIAN_POINT ( 'NONE',  ( 59.24142864431271249, -3.100000000000003642, 11.19999999999972218 ) ) ;
#86 = DIRECTION ( 'NONE',  ( -0.000000000000000000, -0.000000000000000000, -1.000000000000000000 ) ) ;
#87 = CARTESIAN_POINT ( 'NONE',  ( 49.97974596215600229, 8.700000000000009948, -13.50000000000002487 ) ) ;
#88 = DIRECTION ( 'NONE',  ( -1.000000000000000000, 6.221416680311846020E-16, 0.000000000000000000 ) ) ;
#89 = CARTESIAN_POINT ( 'NONE',  ( 54.47974596215600940, 30.14766329383928678, -10.90000000000000213 ) ) ;
#90 = ORIENTED_EDGE ( 'NONE', *, *, #3165, .F. ) ;
#91 = AXIS2_PLACEMENT_3D ( 'NONE', #3152, #828, #347 ) ;
#92 = DIRECTION ( 'NONE',  ( 0.000000000000000000, 0.000000000000000000, 1.000000000000000000 ) ) ;
#93 = ADVANCED_FACE ( 'NONE', ( #1336 ), #1095, .F. ) ;
#94 = AXIS2_PLACEMENT_3D ( 'NONE', #2276, #1838, #1860 ) ;
#95 = CIRCLE ( 'NONE', #575, 3.088780975845875520 ) ;
#96 = AXIS2_PLACEMENT_3D ( 'NONE', #2909, #1450, #1902 ) ;
#97 = VECTOR ( 'NONE', #439, 1000.000000000000000 ) ;
#98 = VECTOR ( 'NONE', #402, 1000.000000000000000 ) ;
#99 = ORIENTED_EDGE ( 'NONE', *, *, #1499, .F. ) ;
#100 = DIRECTION ( 'NONE',  ( 1.000000000000000000, 0.000000000000000000, 0.000000000000000000 ) ) ;
#101 = ORIENTED_EDGE ( 'NONE', *, *, #1182, .F. ) ;
#102 = AXIS2_PLACEMENT_3D ( 'NONE', #2152, #901, #2330 ) ;
#103 = CARTESIAN_POINT ( 'NONE',  ( 49.47974596215602361, 4.400000000000037659, 11.45886918214689132 ) ) ;
#104 = VECTOR ( 'NONE', #854, 1000.000000000000000 ) ;
#105 = DIRECTION ( 'NONE',  ( 1.000000000000000000, -6.221416680311846020E-16, 0.000000000000000000 ) ) ;
#106 = DIRECTION ( 'NONE',  ( 0.4567365915403499010, 0.8896019817581926059, 0.000000000000000000 ) ) ;
#107 = DIRECTION ( 'NONE',  ( 0.000000000000000000, 0.000000000000000000, 1.000000000000000000 ) ) ;
#108 = ORIENTED_EDGE ( 'NONE', *, *, #857, .F. ) ;
#109 = PLANE ( 'NONE',  #2164 ) ;
#110 = LINE ( 'NONE', #1362, #889 ) ;
#111 = EDGE_CURVE ( 'NONE', #1453, #2387, #2339, .T. ) ;
#112 = LINE ( 'NONE', #1437, #2363 ) ;
#113 = VERTEX_POINT ( 'NONE', #2618 ) ;
#114 = LINE ( 'NONE', #2613, #3002 ) ;
#115 = EDGE_CURVE ( 'NONE', #2275, #3030, #657, .T. ) ;
#116 = CARTESIAN_POINT ( 'NONE',  ( 41.85220674431636212, 25.00000000000000000, 36.69999999999959073 ) ) ;
#117 = ORIENTED_EDGE ( 'NONE', *, *, #577, .F. ) ;
#118 = DIRECTION ( 'NONE',  ( -0.4311931003885311475, -0.9022596689298075789, 0.000000000000000000 ) ) ;
#119 = DIRECTION ( 'NONE',  ( -1.000000000000000000, 0.000000000000000000, 0.000000000000000000 ) ) ;
#120 = FACE_OUTER_BOUND ( 'NONE', #2281, .T. ) ;
#121 = CARTESIAN_POINT ( 'NONE',  ( 41.40514206521475415, 24.22390438294005222, 37.19999999999960494 ) ) ;
#122 = DIRECTION ( 'NONE',  ( -0.000000000000000000, -0.000000000000000000, -1.000000000000000000 ) ) ;
#123 = PLANE ( 'NONE',  #957 ) ;
#124 = LINE ( 'NONE', #1431, #376 ) ;
#125 = VERTEX_POINT ( 'NONE', #2121 ) ;
#126 = CARTESIAN_POINT ( 'NONE',  ( 76.21274099264529411, 30.05661816443070222, 30.49999999999998579 ) ) ;
#127 = EDGE_CURVE ( 'NONE', #405, #1543, #2007, .T. ) ;
#128 = ORIENTED_EDGE ( 'NONE', *, *, #2472, .F. ) ;
#129 = DIRECTION ( 'NONE',  ( -0.000000000000000000, -0.000000000000000000, 1.000000000000000000 ) ) ;
#130 = EDGE_LOOP ( 'NONE', ( #2054, #3142, #489, #2429 ) ) ;
#131 = CARTESIAN_POINT ( 'NONE',  ( 66.86799246511436934, -3.267516286014247484, 24.19999999999972218 ) ) ;
#132 = ADVANCED_FACE ( 'NONE', ( #2044 ), #3270, .F. ) ;
#133 = CARTESIAN_POINT ( 'NONE',  ( 33.07106781186550393, 5.630279372289557216, 30.00000000000000000 ) ) ;
#134 = CARTESIAN_POINT ( 'NONE',  ( 49.47974596215602361, 8.200000000000027711, -13.50000000000002309 ) ) ;
#135 = DIRECTION ( 'NONE',  ( 7.107366756459264042E-16, -1.000000000000000000, -0.000000000000000000 ) ) ;
#136 = CARTESIAN_POINT ( 'NONE',  ( 75.99054259048668314, 29.31007718878382207, 30.00000000000000000 ) ) ;
#137 = VERTEX_POINT ( 'NONE', #1344 ) ;
#138 = CARTESIAN_POINT ( 'NONE',  ( 80.12200000000001410, 26.51299999999995194, 37.19999999999976126 ) ) ;
#139 = CARTESIAN_POINT ( 'NONE',  ( 33.07106781186550393, 5.630279372289557216, 30.00000000000000000 ) ) ;
#140 = DIRECTION ( 'NONE',  ( -0.000000000000000000, -0.000000000000000000, -1.000000000000000000 ) ) ;
#141 = ADVANCED_FACE ( 'NONE', ( #80 ), #311, .F. ) ;
#142 = VECTOR ( 'NONE', #2733, 999.9999999999998863 ) ;
#143 = VECTOR ( 'NONE', #2759, 1000.000000000000114 ) ;
#144 = ORIENTED_EDGE ( 'NONE', *, *, #1332, .F. ) ;
#145 = VECTOR ( 'NONE', #2925, 1000.000000000000000 ) ;
#146 = AXIS2_PLACEMENT_3D ( 'NONE', #273, #2279, #1987 ) ;
#147 = CARTESIAN_POINT ( 'NONE',  ( 33.57985010691056260, 5.123163510212803473, 36.69999999999955520 ) ) ;
#148 = ORIENTED_EDGE ( 'NONE', *, *, #2024, .F. ) ;
#149 = FACE_OUTER_BOUND ( 'NONE', #959, .T. ) ;
#150 = VECTOR ( 'NONE', #1694, 1000.000000000000000 ) ;
#151 = VECTOR ( 'NONE', #664, 1000.000000000000114 ) ;
#152 = VECTOR ( 'NONE', #2725, 1000.000000000000114 ) ;
#153 = ADVANCED_FACE ( 'NONE', ( #887 ), #3199, .F. ) ;
#154 = DIRECTION ( 'NONE',  ( 0.5295226213958512673, 0.7071067811865466846, 0.4686211619528798389 ) ) ;
#155 = CARTESIAN_POINT ( 'NONE',  ( 78.18272428341428792, 15.16598561813024304, 92.54930690145332051 ) ) ;
#156 = AXIS2_PLACEMENT_3D ( 'NONE', #647, #3243, #2489 ) ;
#157 = FACE_BOUND ( 'NONE', #2889, .T. ) ;
#158 = ORIENTED_EDGE ( 'NONE', *, *, #2088, .T. ) ;
#159 = DIRECTION ( 'NONE',  ( -1.000000000000000000, 0.000000000000000000, 0.000000000000000000 ) ) ;
#160 = VECTOR ( 'NONE', #3093, 1000.000000000000114 ) ;
#161 = DIRECTION ( 'NONE',  ( -0.000000000000000000, -0.000000000000000000, -1.000000000000000000 ) ) ;
#162 = LINE ( 'NONE', #1150, #2565 ) ;
#163 = LINE ( 'NONE', #197, #2111 ) ;
#164 = EDGE_LOOP ( 'NONE', ( #1657, #2834, #3249, #1993 ) ) ;
#165 = EDGE_LOOP ( 'NONE', ( #2143, #2269, #2181, #2968 ) ) ;
#166 = CARTESIAN_POINT ( 'NONE',  ( 79.54926429243244002, 29.09553368220815628, 36.69999999999974705 ) ) ;
#167 = CARTESIAN_POINT ( 'NONE',  ( 75.99054259048668314, 29.31007718878382207, 30.00000000000000000 ) ) ;
#168 = DIRECTION ( 'NONE',  ( 1.000000000000000000, 0.000000000000000000, 0.000000000000000000 ) ) ;
#169 = LINE ( 'NONE', #1180, #433 ) ;
#170 = EDGE_CURVE ( 'NONE', #3185, #2176, #196, .T. ) ;
#171 = VERTEX_POINT ( 'NONE', #1223 ) ;
#172 = CARTESIAN_POINT ( 'NONE',  ( 33.57190000328350976, 9.699999999999969091, 30.49999999999998224 ) ) ;
#173 = VERTEX_POINT ( 'NONE', #1188 ) ;
#174 = FACE_OUTER_BOUND ( 'NONE', #1007, .T. ) ;
#175 = EDGE_CURVE ( 'NONE', #282, #1898, #993, .T. ) ;
#176 = FACE_OUTER_BOUND ( 'NONE', #769, .T. ) ;
#177 = CARTESIAN_POINT ( 'NONE',  ( 82.80490392929955590, 24.89674705151021428, 36.69999999999976126 ) ) ;
#178 = EDGE_LOOP ( 'NONE', ( #2821, #2860, #1021, #3246 ) ) ;
#180 = EDGE_CURVE ( 'NONE', #2658, #1498, #923, .T. ) ;
#179 = CARTESIAN_POINT ( 'NONE',  ( 78.25640387297016787, 15.37913614527568207, 92.54930690145332051 ) ) ;
#181 = ORIENTED_EDGE ( 'NONE', *, *, #2346, .F. ) ;
#182 = DIRECTION ( 'NONE',  ( -0.7070761793278280694, 0.009303400147933344258, -0.7070761793278349527 ) ) ;
#183 = LINE ( 'NONE', #2198, #2780 ) ;
#184 = EDGE_CURVE ( 'NONE', #1532, #1949, #673, .T. ) ;
#185 = FACE_OUTER_BOUND ( 'NONE', #3071, .T. ) ;
#186 = DIRECTION ( 'NONE',  ( 0.000000000000000000, 0.7071067811865573427, 0.7071067811865378028 ) ) ;
#187 = LINE ( 'NONE', #1178, #2833 ) ;
#188 = DIRECTION ( 'NONE',  ( 0.000000000000000000, 0.000000000000000000, 1.000000000000000000 ) ) ;
#189 = CARTESIAN_POINT ( 'NONE',  ( 79.15866354190033860, 14.94794304488698167, 30.49999999999998579 ) ) ;
#190 = DIRECTION ( 'NONE',  ( 1.000000000000000000, 0.000000000000000000, 0.000000000000000000 ) ) ;
#191 = ORIENTED_EDGE ( 'NONE', *, *, #943, .F. ) ;
#192 = ORIENTED_EDGE ( 'NONE', *, *, #2791, .F. ) ;
#193 = ORIENTED_EDGE ( 'NONE', *, *, #699, .T. ) ;
#194 = DIRECTION ( 'NONE',  ( -0.000000000000000000, -0.000000000000000000, 1.000000000000000000 ) ) ;
#195 = DIRECTION ( 'NONE',  ( -0.000000000000000000, -0.000000000000000000, 1.000000000000000000 ) ) ;
#196 = LINE ( 'NONE', #1201, #1840 ) ;
#197 = CARTESIAN_POINT ( 'NONE',  ( 67.83801183608255769, -2.929934855942872840, 24.19999999999972218 ) ) ;
#198 = ADVANCED_FACE ( 'NONE', ( #434 ), #2359, .T. ) ;
#199 = CARTESIAN_POINT ( 'NONE',  ( 82.80490392929955590, 24.89674705151021428, 36.69999999999975415 ) ) ;
#200 = ORIENTED_EDGE ( 'NONE', *, *, #1981, .T. ) ;
#201 = FACE_OUTER_BOUND ( 'NONE', #855, .T. ) ;
#202 = AXIS2_PLACEMENT_3D ( 'NONE', #2655, #3220, #1185 ) ;
#203 = AXIS2_PLACEMENT_3D ( 'NONE', #693, #2971, #2698 ) ;
#204 = AXIS2_PLACEMENT_3D ( 'NONE', #2709, #1179, #1233 ) ;
#205 = VECTOR ( 'NONE', #1983, 1000.000000000000000 ) ;
#206 = CARTESIAN_POINT ( 'NONE',  ( 67.24142864431259170, -11.00000000001559997, 29.49999999999998579 ) ) ;
#207 = PLANE ( 'NONE',  #844 ) ;
#208 = DIRECTION ( 'NONE',  ( 0.4478087658801134796, 0.8941293582032354692, 2.000844226037082710E-15 ) ) ;
#209 = DIRECTION ( 'NONE',  ( 0.000000000000000000, 0.7071067811865364705, 0.7071067811865584529 ) ) ;
#210 = VECTOR ( 'NONE', #186, 1000.000000000000000 ) ;
#211 = VECTOR ( 'NONE', #1147, 1000.000000000000114 ) ;
#212 = ORIENTED_EDGE ( 'NONE', *, *, #821, .T. ) ;
#213 = CARTESIAN_POINT ( 'NONE',  ( 66.34426711928915665, -1.599999999999977884, 24.69999999999970086 ) ) ;
#214 = EDGE_LOOP ( 'NONE', ( #291, #920, #1816, #2141 ) ) ;
#215 = ORIENTED_EDGE ( 'NONE', *, *, #417, .F. ) ;
#216 = FACE_OUTER_BOUND ( 'NONE', #2601, .T. ) ;
#217 = DIRECTION ( 'NONE',  ( 0.000000000000000000, 0.000000000000000000, -1.000000000000000000 ) ) ;
#218 = DIRECTION ( 'NONE',  ( -0.000000000000000000, -0.000000000000000000, 1.000000000000000000 ) ) ;
#219 = VECTOR ( 'NONE', #2626, 1000.000000000000000 ) ;
#220 = ADVANCED_FACE ( 'NONE', ( #1953 ), #1438, .F. ) ;
#221 = ORIENTED_EDGE ( 'NONE', *, *, #3158, .F. ) ;
#222 = PLANE ( 'NONE',  #1685 ) ;
#223 = CARTESIAN_POINT ( 'NONE',  ( 59.24142864431270539, 8.200000000000038369, 11.19999999999972395 ) ) ;
#224 = EDGE_CURVE ( 'NONE', #976, #841, #2468, .T. ) ;
#225 = CARTESIAN_POINT ( 'NONE',  ( 66.34426711928915665, -3.599999999999977884, 36.69999999999969020 ) ) ;
#226 = DIRECTION ( 'NONE',  ( -0.7056182179683568867, 0.7056182179683581079, 0.06485260937170615747 ) ) ;
#227 = VERTEX_POINT ( 'NONE', #1666 ) ;
#228 = DIRECTION ( 'NONE',  ( 0.000000000000000000, 0.000000000000000000, 1.000000000000000000 ) ) ;
#229 = ORIENTED_EDGE ( 'NONE', *, *, #2088, .F. ) ;
#230 = ORIENTED_EDGE ( 'NONE', *, *, #224, .F. ) ;
#231 = EDGE_CURVE ( 'NONE', #475, #2949, #162, .T. ) ;
#232 = CARTESIAN_POINT ( 'NONE',  ( 39.42546658827939154, -3.599999999999996980, 34.89106454872726459 ) ) ;
#233 = DIRECTION ( 'NONE',  ( 7.107366756459264042E-16, -1.000000000000000000, -0.000000000000000000 ) ) ;
#234 = DIRECTION ( 'NONE',  ( 1.000000000000000000, 0.000000000000000000, 0.000000000000000000 ) ) ;
#235 = VERTEX_POINT ( 'NONE', #2419 ) ;
#236 = EDGE_LOOP ( 'NONE', ( #2549, #1451, #541, #72 ) ) ;
#237 = CARTESIAN_POINT ( 'NONE',  ( 78.17200000000002547, 26.51299999999995194, 30.00000000000000000 ) ) ;
#238 = EDGE_CURVE ( 'NONE', #813, #1382, #409, .T. ) ;
#239 = PLANE ( 'NONE',  #1211 ) ;
#240 = DIRECTION ( 'NONE',  ( -0.7071067811866894592, 0.7071067811864056862, 0.000000000000000000 ) ) ;
#241 = SHAPE_DEFINITION_REPRESENTATION ( #1861, #1771 ) ;
#242 = ORIENTED_EDGE ( 'NONE', *, *, #924, .F. ) ;
#243 = ORIENTED_EDGE ( 'NONE', *, *, #336, .T. ) ;
#244 = DIRECTION ( 'NONE',  ( -1.000000000000000000, -7.107366756459264042E-16, 0.000000000000000000 ) ) ;
#245 = EDGE_LOOP ( 'NONE', ( #1906, #1576, #324, #675 ) ) ;
#246 = CARTESIAN_POINT ( 'NONE',  ( 79.15866354190033860, 14.94794304488698167, 37.19999999999976836 ) ) ;
#247 = DIRECTION ( 'NONE',  ( -1.000000000000000000, 0.000000000000000000, 0.000000000000000000 ) ) ;
#248 = DIRECTION ( 'NONE',  ( 0.4478087658801134796, 0.8941293582032354692, 0.000000000000000000 ) ) ;
#249 = EDGE_CURVE ( 'NONE', #1155, #1034, #2231, .T. ) ;
#250 = VERTEX_POINT ( 'NONE', #1171 ) ;
#251 = FACE_OUTER_BOUND ( 'NONE', #2506, .T. ) ;
#252 = DIRECTION ( 'NONE',  ( -0.000000000000000000, -0.000000000000000000, 1.000000000000000000 ) ) ;
#253 = VECTOR ( 'NONE', #3108, 1000.000000000000000 ) ;
#254 = DIRECTION ( 'NONE',  ( 0.7071067811865487940, 0.7071067811865463515, 0.000000000000000000 ) ) ;
#255 = CARTESIAN_POINT ( 'NONE',  ( 0.000000000000000000, 0.000000000000000000, 0.000000000000000000 ) ) ;
#256 = DIRECTION ( 'NONE',  ( -1.000000000000000000, 0.000000000000000000, 0.000000000000000000 ) ) ;
#257 = ADVANCED_FACE ( 'NONE', ( #1682 ), #3224, .T. ) ;
#258 = CIRCLE ( 'NONE', #1842, 0.9499999999999995115 ) ;
#259 = AXIS2_PLACEMENT_3D ( 'NONE', #2278, #22, #2040 ) ;
#260 = ORIENTED_EDGE ( 'NONE', *, *, #2505, .T. ) ;
#261 = CARTESIAN_POINT ( 'NONE',  ( 51.24142864431270539, 2.246173370879386511, 21.53184560483393639 ) ) ;
#262 = VECTOR ( 'NONE', #1289, 1000.000000000000000 ) ;
#263 = CIRCLE ( 'NONE', #792, 0.4999999999999865663 ) ;
#264 = VECTOR ( 'NONE', #710, 1000.000000000000114 ) ;
#265 = VECTOR ( 'NONE', #240, 1000.000000000000000 ) ;
#266 = VECTOR ( 'NONE', #1802, 1000.000000000000114 ) ;
#267 = CARTESIAN_POINT ( 'NONE',  ( 82.60975104155600945, 26.03504693308581608, 36.69999999999976126 ) ) ;
#268 = ORIENTED_EDGE ( 'NONE', *, *, #1257, .F. ) ;
#269 =( GEOMETRIC_REPRESENTATION_CONTEXT ( 3 ) GLOBAL_UNCERTAINTY_ASSIGNED_CONTEXT ( ( #1374 ) ) GLOBAL_UNIT_ASSIGNED_CONTEXT ( ( #2410, #2171, #1895 ) ) REPRESENTATION_CONTEXT ( 'NONE', 'WORKASPACE' ) );
#270 = CARTESIAN_POINT ( 'NONE',  ( 51.24142864431270539, 2.466566298419555103, 21.09999999999971365 ) ) ;
#271 = CARTESIAN_POINT ( 'NONE',  ( 82.25619765096273284, 25.68149354249254657, 30.00000000000000000 ) ) ;
#272 = FACE_OUTER_BOUND ( 'NONE', #1285, .T. ) ;
#273 = CARTESIAN_POINT ( 'NONE',  ( 5.461189554824085577E-15, -3.600000000000024958, -13.50000000000003197 ) ) ;
#274 = EDGE_CURVE ( 'NONE', #369, #2792, #2436, .T. ) ;
#275 = B_SPLINE_CURVE_WITH_KNOTS ( 'NONE', 3,
 ( #1913, #442, #1880, #1377, #2368, #932, #2868 ),
 .UNSPECIFIED., .F., .F.,
 ( 4, 3, 4 ),
 ( 0.000000000000000000, 0.0007187242906175138986, 0.001436856631453004929 ),
 .UNSPECIFIED. ) ;
#276 = VERTEX_POINT ( 'NONE', #2193 ) ;
#277 = ORIENTED_EDGE ( 'NONE', *, *, #1182, .T. ) ;
#278 = EDGE_CURVE ( 'NONE', #1883, #125, #838, .T. ) ;
#279 = CARTESIAN_POINT ( 'NONE',  ( 59.24142864431270539, -3.100000000000003642, 24.19999999999972218 ) ) ;
#280 = LINE ( 'NONE', #3053, #266 ) ;
#281 = LINE ( 'NONE', #509, #2466 ) ;
#282 = VERTEX_POINT ( 'NONE', #448 ) ;
#283 = ORIENTED_EDGE ( 'NONE', *, *, #943, .T. ) ;
#284 = LINE ( 'NONE', #68, #1153 ) ;
#285 = FACE_OUTER_BOUND ( 'NONE', #1217, .T. ) ;
#286 = LINE ( 'NONE', #3013, #1742 ) ;
#287 = ORIENTED_EDGE ( 'NONE', *, *, #520, .T. ) ;
#288 = DIRECTION ( 'NONE',  ( -1.000000000000000000, -8.673617379884188314E-16, -4.625929269271567364E-15 ) ) ;
#289 = CARTESIAN_POINT ( 'NONE',  ( 76.47200000000003683, 26.51299999999995194, 36.94999999999973994 ) ) ;
#290 = ORIENTED_EDGE ( 'NONE', *, *, #1449, .T. ) ;
#291 = ORIENTED_EDGE ( 'NONE', *, *, #1520, .T. ) ;
#292 = LINE ( 'NONE', #1553, #1421 ) ;
#293 = EDGE_CURVE ( 'NONE', #1985, #294, #711, .T. ) ;
#294 = VERTEX_POINT ( 'NONE', #1468 ) ;
#295 = CARTESIAN_POINT ( 'NONE',  ( 59.24142864431269828, 8.200000000000038369, 24.19999999999972218 ) ) ;
#296 = ORIENTED_EDGE ( 'NONE', *, *, #1071, .F. ) ;
#297 = DIRECTION ( 'NONE',  ( -1.000000000000000000, -7.107366756459264042E-16, -2.312964634635742957E-16 ) ) ;
#298 = FACE_OUTER_BOUND ( 'NONE', #62, .T. ) ;
#299 = PLANE ( 'NONE',  #3207 ) ;
#300 = VERTEX_POINT ( 'NONE', #462 ) ;
#301 = VECTOR ( 'NONE', #2337, 1000.000000000000000 ) ;
#302 = VERTEX_POINT ( 'NONE', #1022 ) ;
#303 = ORIENTED_EDGE ( 'NONE', *, *, #423, .F. ) ;
#304 = CARTESIAN_POINT ( 'NONE',  ( 50.24945949786517474, 24.06649555461126155, 92.54930690145332051 ) ) ;
#305 = VECTOR ( 'NONE', #2057, 1000.000000000000000 ) ;
#306 = VECTOR ( 'NONE', #2840, 1000.000000000000000 ) ;
#307 = VERTEX_POINT ( 'NONE', #1546 ) ;
#308 = ORIENTED_EDGE ( 'NONE', *, *, #2791, .T. ) ;
#309 = CIRCLE ( 'NONE', #733, 0.9499999999999995115 ) ;
#310 = AXIS2_PLACEMENT_3D ( 'NONE', #2234, #1705, #2976 ) ;
#311 = CYLINDRICAL_SURFACE ( 'NONE', #2940, 7.908043205663781272 ) ;
#312 = AXIS2_PLACEMENT_3D ( 'NONE', #382, #3085, #2835 ) ;
#313 = CIRCLE ( 'NONE', #2574, 15.26418654052527657 ) ;
#314 = EDGE_CURVE ( 'NONE', #300, #598, #1775, .T. ) ;
#315 = ORIENTED_EDGE ( 'NONE', *, *, #2829, .F. ) ;
#316 = CARTESIAN_POINT ( 'NONE',  ( 71.60655229370202335, -11.97524798267628476, 30.00000000000000000 ) ) ;
#317 = AXIS2_PLACEMENT_3D ( 'NONE', #1139, #646, #3273 ) ;
#318 = VERTEX_POINT ( 'NONE', #289 ) ;
#319 = DIRECTION ( 'NONE',  ( 6.928533639175093803E-16, -1.000000000000000000, -0.000000000000000000 ) ) ;
#320 = CARTESIAN_POINT ( 'NONE',  ( 82.91890875653096771, 24.49999999999996803, 37.19999999999978257 ) ) ;
#321 = EDGE_CURVE ( 'NONE', #3094, #2250, #1734, .T. ) ;
#322 = VECTOR ( 'NONE', #1695, 1000.000000000000000 ) ;
#323 = VERTEX_POINT ( 'NONE', #2005 ) ;
#324 = ORIENTED_EDGE ( 'NONE', *, *, #3069, .T. ) ;
#325 = LINE ( 'NONE', #2822, #631 ) ;
#326 = CARTESIAN_POINT ( 'NONE',  ( 41.85220674431658949, 25.00000000000000355, 36.69999999999959073 ) ) ;
#327 = CARTESIAN_POINT ( 'NONE',  ( 56.47974596215604492, -3.599999999999984990, -13.50000000000001954 ) ) ;
#328 = VERTEX_POINT ( 'NONE', #3268 ) ;
#329 = VERTEX_POINT ( 'NONE', #1989 ) ;
#330 = CARTESIAN_POINT ( 'NONE',  ( 41.85220674431636212, 24.00000000000000000, 36.69999999999959073 ) ) ;
#331 = ORIENTED_EDGE ( 'NONE', *, *, #1504, .F. ) ;
#332 = CARTESIAN_POINT ( 'NONE',  ( 41.85220674431636212, 24.00000000000000000, 37.19999999999961204 ) ) ;
#333 = ORIENTED_EDGE ( 'NONE', *, *, #618, .T. ) ;
#334 = DIRECTION ( 'NONE',  ( 1.000000000000000000, 0.000000000000000000, 0.000000000000000000 ) ) ;
#335 = LINE ( 'NONE', #271, #2724 ) ;
#336 = EDGE_CURVE ( 'NONE', #1521, #3185, #525, .T. ) ;
#337 = ORIENTED_EDGE ( 'NONE', *, *, #184, .F. ) ;
#338 = FACE_OUTER_BOUND ( 'NONE', #1209, .T. ) ;
#339 = FACE_BOUND ( 'NONE', #2692, .T. ) ;
#340 = ORIENTED_EDGE ( 'NONE', *, *, #656, .F. ) ;
#341 = ORIENTED_EDGE ( 'NONE', *, *, #1492, .T. ) ;
#342 = DIRECTION ( 'NONE',  ( -0.7056182179683577749, 0.7056182179683577749, 0.06485260937169905204 ) ) ;
#343 = EDGE_CURVE ( 'NONE', #2931, #46, #1529, .T. ) ;
#344 = DIRECTION ( 'NONE',  ( -4.135580799816630757E-15, -1.665250005579849882E-16, 1.000000000000000000 ) ) ;
#345 = ORIENTED_EDGE ( 'NONE', *, *, #2338, .F. ) ;
#346 = LINE ( 'NONE', #316, #2160 ) ;
#347 = DIRECTION ( 'NONE',  ( 0.000000000000000000, 0.000000000000000000, 1.000000000000000000 ) ) ;
#348 = EDGE_LOOP ( 'NONE', ( #2544, #1432, #108, #1441 ) ) ;
#349 = DIRECTION ( 'NONE',  ( -0.7055417568142103857, 0.04701945758437776901, 0.7071067811865393571 ) ) ;
#350 = ADVANCED_FACE ( 'NONE', ( #2022 ), #2729, .F. ) ;
#351 = EDGE_CURVE ( 'NONE', #56, #2271, #1751, .T. ) ;
#352 = PLANE ( 'NONE',  #2946 ) ;
#353 = LINE ( 'NONE', #2793, #160 ) ;
#354 = ADVANCED_FACE ( 'NONE', ( #742 ), #2746, .T. ) ;
#355 = VERTEX_POINT ( 'NONE', #506 ) ;
#356 = DIRECTION ( 'NONE',  ( 6.928533639175094789E-16, -1.000000000000000000, -1.665250005579821285E-16 ) ) ;
#357 = ORIENTED_EDGE ( 'NONE', *, *, #45, .F. ) ;
#358 = VECTOR ( 'NONE', #1414, 1000.000000000000114 ) ;
#359 = VECTOR ( 'NONE', #1418, 999.9999999999998863 ) ;
#360 = EDGE_CURVE ( 'NONE', #1016, #2250, #1512, .T. ) ;
#361 = FACE_OUTER_BOUND ( 'NONE', #24, .T. ) ;
#362 = AXIS2_PLACEMENT_3D ( 'NONE', #866, #603, #1613 ) ;
#363 = VECTOR ( 'NONE', #1978, 1000.000000000000000 ) ;
#364 = CONICAL_SURFACE ( 'NONE', #1267, 1.949999999999993516, 0.7853981633974526089 ) ;
#365 = AXIS2_PLACEMENT_3D ( 'NONE', #2196, #2957, #2985 ) ;
#366 = ORIENTED_EDGE ( 'NONE', *, *, #1154, .F. ) ;
#367 = CARTESIAN_POINT ( 'NONE',  ( 67.24142864431270539, 8.200000000000043698, 24.19999999999972218 ) ) ;
#368 = DIRECTION ( 'NONE',  ( -1.000000000000000000, 0.000000000000000000, 0.000000000000000000 ) ) ;
#369 = VERTEX_POINT ( 'NONE', #172 ) ;
#370 = CIRCLE ( 'NONE', #102, 1.000000000000000888 ) ;
#371 = DIRECTION ( 'NONE',  ( -0.6379939302913962829, 0.3048995652855820415, 0.7071067811865475727 ) ) ;
#372 = VECTOR ( 'NONE', #1707, 1000.000000000000000 ) ;
#373 = DIRECTION ( 'NONE',  ( -0.000000000000000000, -0.000000000000000000, -1.000000000000000000 ) ) ;
#374 = DIRECTION ( 'NONE',  ( 1.000000000000000000, 0.000000000000000000, 0.000000000000000000 ) ) ;
#375 = EDGE_LOOP ( 'NONE', ( #991, #2569, #913, #2291 ) ) ;
#376 = VECTOR ( 'NONE', #3125, 1000.000000000000000 ) ;
#377 = ORIENTED_EDGE ( 'NONE', *, *, #45, .T. ) ;
#378 = FACE_BOUND ( 'NONE', #1465, .T. ) ;
#379 = EDGE_CURVE ( 'NONE', #2085, #2594, #1927, .T. ) ;
#380 = EDGE_CURVE ( 'NONE', #1173, #2303, #3264, .T. ) ;
#381 = ORIENTED_EDGE ( 'NONE', *, *, #699, .F. ) ;
#382 = CARTESIAN_POINT ( 'NONE',  ( 51.24142864431271960, 1.400000000000013456, 14.59999999999971365 ) ) ;
#383 = LINE ( 'NONE', #2377, #3147 ) ;
#384 = ORIENTED_EDGE ( 'NONE', *, *, #2818, .F. ) ;
#385 = DIRECTION ( 'NONE',  ( 0.000000000000000000, 0.000000000000000000, 1.000000000000000000 ) ) ;
#386 = UNCERTAINTY_MEASURE_WITH_UNIT (LENGTH_MEASURE( 1.000000000000000082E-05 ), #2696, 'distance_accuracy_value', 'NONE');
#387 = DIRECTION ( 'NONE',  ( -1.000000000000000000, 4.688780159049614113E-16, -4.135580799816630757E-15 ) ) ;
#388 = DIRECTION ( 'NONE',  ( 1.000000000000000000, 0.000000000000000000, 0.000000000000000000 ) ) ;
#389 = CARTESIAN_POINT ( 'NONE',  ( 76.32404228700553972, 29.56916352872215725, 37.19999999999975415 ) ) ;
#390 = DIRECTION ( 'NONE',  ( 6.928533639175093803E-16, -1.000000000000000000, 0.000000000000000000 ) ) ;
#391 = EDGE_CURVE ( 'NONE', #250, #1988, #1946, .T. ) ;
#392 = CARTESIAN_POINT ( 'NONE',  ( 46.35425575223982264, -2.783074329592613250, 36.85712407978729033 ) ) ;
#393 = ORIENTED_EDGE ( 'NONE', *, *, #731, .F. ) ;
#394 = LINE ( 'NONE', #2110, #2560 ) ;
#395 = CARTESIAN_POINT ( 'NONE',  ( 79.54926429243244002, 29.09553368220815628, 36.69999999999973994 ) ) ;
#396 = EDGE_CURVE ( 'NONE', #1513, #1112, #2461, .T. ) ;
#397 = ORIENTED_EDGE ( 'NONE', *, *, #3226, .T. ) ;
#398 = LINE ( 'NONE', #610, #996 ) ;
#399 = EDGE_LOOP ( 'NONE', ( #2869, #79, #3045, #3173 ) ) ;
#400 = CARTESIAN_POINT ( 'NONE',  ( 66.52943386278840876, 24.03324777730562900, 30.00000000000000000 ) ) ;
#401 = LINE ( 'NONE', #2325, #1355 ) ;
#402 = DIRECTION ( 'NONE',  ( -0.3034492862109318678, -0.6737649926710533865, -0.6737649926710731485 ) ) ;
#403 = CARTESIAN_POINT ( 'NONE',  ( 82.80490392929935695, 24.89674705151018941, 30.49999999999998579 ) ) ;
#404 = DIRECTION ( 'NONE',  ( -0.6379939302914012789, 0.3048995652855843175, 0.7071067811865421326 ) ) ;
#405 = VERTEX_POINT ( 'NONE', #922 ) ;
#406 = ORIENTED_EDGE ( 'NONE', *, *, #3032, .T. ) ;
#407 = CARTESIAN_POINT ( 'NONE',  ( 49.97974596215600229, 8.200000000000027711, -14.00000000000000178 ) ) ;
#408 = CARTESIAN_POINT ( 'NONE',  ( 82.80490392929951327, 24.89674705151011480, 92.54930690145332051 ) ) ;
#409 = LINE ( 'NONE', #2179, #359 ) ;
#410 = CONICAL_SURFACE ( 'NONE', #2258, 1.000000000000000888, 0.7853981633974415066 ) ;
#411 = VERTEX_POINT ( 'NONE', #1952 ) ;
#412 = VECTOR ( 'NONE', #2087, 1000.000000000000000 ) ;
#413 = CIRCLE ( 'NONE', #1628, 1.699999999999979305 ) ;
#414 = LINE ( 'NONE', #1452, #1200 ) ;
#415 = ORIENTED_EDGE ( 'NONE', *, *, #2848, .T. ) ;
#416 = CARTESIAN_POINT ( 'NONE',  ( 77.01161292821939242, 26.55788231799338561, 36.69999999999973994 ) ) ;
#417 = EDGE_CURVE ( 'NONE', #2794, #1883, #2704, .T. ) ;
#418 = AXIS2_PLACEMENT_3D ( 'NONE', #189, #1195, #1481 ) ;
#419 = AXIS2_PLACEMENT_3D ( 'NONE', #31, #799, #1803 ) ;
#420 = CIRCLE ( 'NONE', #3271, 0.4999999999999865663 ) ;
#421 = CARTESIAN_POINT ( 'NONE',  ( 75.54574159960758095, 29.53844548455398922, 30.49999999999998579 ) ) ;
#422 = DIRECTION ( 'NONE',  ( 0.1574037999939237875, -0.6893649568606370348, 0.7071067811865510144 ) ) ;
#423 = EDGE_CURVE ( 'NONE', #2826, #318, #413, .T. ) ;
#424 = CARTESIAN_POINT ( 'NONE',  ( 72.60494607125674804, 26.00000000000000355, 30.00000000000000000 ) ) ;
#425 = DIRECTION ( 'NONE',  ( -1.000000000000000000, 4.688780159049614113E-16, 0.000000000000000000 ) ) ;
#426 = AXIS2_PLACEMENT_3D ( 'NONE', #732, #3190, #2706 ) ;
#427 = ORIENTED_EDGE ( 'NONE', *, *, #2045, .T. ) ;
#428 = EDGE_LOOP ( 'NONE', ( #820, #2988, #2531 ) ) ;
#429 = CONICAL_SURFACE ( 'NONE', #2842, 1.000000000000403233, 0.7853981633974485010 ) ;
#430 = EDGE_LOOP ( 'NONE', ( #990, #881, #1484, #840 ) ) ;
#431 = CARTESIAN_POINT ( 'NONE',  ( 72.60494607125674804, 26.00000000000000355, 92.54930690145332051 ) ) ;
#432 = CARTESIAN_POINT ( 'NONE',  ( 67.02832722344200533, 24.99999999999999645, 92.54930690145332051 ) ) ;
#433 = VECTOR ( 'NONE', #880, 1000.000000000000000 ) ;
#434 = FACE_OUTER_BOUND ( 'NONE', #1260, .T. ) ;
#435 = ORIENTED_EDGE ( 'NONE', *, *, #2749, .F. ) ;
#436 = ORIENTED_EDGE ( 'NONE', *, *, #1381, .F. ) ;
#437 = FACE_OUTER_BOUND ( 'NONE', #2062, .T. ) ;
#438 = DIRECTION ( 'NONE',  ( -0.000000000000000000, -0.000000000000000000, -1.000000000000000000 ) ) ;
#439 = DIRECTION ( 'NONE',  ( -1.000000000000000000, -7.107366756459264042E-16, -2.312964634635742957E-16 ) ) ;
#440 = DIRECTION ( 'NONE',  ( 1.000000000000000000, -8.854317741957736904E-15, 0.000000000000000000 ) ) ;
#441 = CARTESIAN_POINT ( 'NONE',  ( 58.64653326979170345, 8.794895374521038534, 11.25467619224987459 ) ) ;
#442 = CARTESIAN_POINT ( 'NONE',  ( 76.28840122676649571, 6.687163286606465640, 29.66659430532807207 ) ) ;
#443 = ORIENTED_EDGE ( 'NONE', *, *, #1299, .T. ) ;
#444 = EDGE_CURVE ( 'NONE', #2786, #2699, #2049, .T. ) ;
#445 = VERTEX_POINT ( 'NONE', #2641 ) ;
#446 = ORIENTED_EDGE ( 'NONE', *, *, #1154, .T. ) ;
#447 =( NAMED_UNIT ( * ) SI_UNIT ( $, .STERADIAN. ) SOLID_ANGLE_UNIT ( ) );
#448 = CARTESIAN_POINT ( 'NONE',  ( 75.90168431535970228, 7.249382776197065503, 30.00000000000000000 ) ) ;
#449 = CARTESIAN_POINT ( 'NONE',  ( 54.47974596215600229, 30.14766329383928678, -4.400000000000003020 ) ) ;
#450 = ORIENTED_EDGE ( 'NONE', *, *, #1489, .T. ) ;
#451 = CARTESIAN_POINT ( 'NONE',  ( 40.95807738611313198, 24.44780876588011154, 92.54930690145332051 ) ) ;
#452 = ORIENTED_EDGE ( 'NONE', *, *, #170, .F. ) ;
#453 = LINE ( 'NONE', #2011, #2782 ) ;
#454 = LINE ( 'NONE', #2892, #1690 ) ;
#455 = EDGE_CURVE ( 'NONE', #1554, #125, #1398, .T. ) ;
#456 = DIRECTION ( 'NONE',  ( 0.000000000000000000, 0.7071067811865521247, 0.7071067811865430208 ) ) ;
#457 = LINE ( 'NONE', #167, #2512 ) ;
#458 = LINE ( 'NONE', #2444, #2210 ) ;
#459 = VERTEX_POINT ( 'NONE', #1025 ) ;
#460 = ORIENTED_EDGE ( 'NONE', *, *, #2848, .F. ) ;
#461 = ADVANCED_FACE ( 'NONE', ( #2827 ), #1090, .F. ) ;
#462 = CARTESIAN_POINT ( 'NONE',  ( 59.24142864431270539, 2.466566298419560876, 21.09999999999971720 ) ) ;
#463 = EDGE_CURVE ( 'NONE', #125, #1930, #1778, .T. ) ;
#464 = DIRECTION ( 'NONE',  ( 1.000000000000000000, 0.000000000000000000, 0.000000000000000000 ) ) ;
#465 = EDGE_LOOP ( 'NONE', ( #3061, #2997, #65 ) ) ;
#466 = CARTESIAN_POINT ( 'NONE',  ( 56.97974596215601650, 8.200000000000036593, -1.000000000000000888 ) ) ;
#467 = AXIS2_PLACEMENT_3D ( 'NONE', #1018, #548, #561 ) ;
#468 = AXIS2_PLACEMENT_3D ( 'NONE', #1287, #2797, #2047 ) ;
#469 = AXIS2_PLACEMENT_3D ( 'NONE', #2969, #1436, #2192 ) ;
#470 = VECTOR ( 'NONE', #969, 1000.000000000000000 ) ;
#471 = CARTESIAN_POINT ( 'NONE',  ( 81.90264426036928569, 25.32794015189909942, 36.69999999999975415 ) ) ;
#472 = DIRECTION ( 'NONE',  ( 0.000000000000000000, 0.7071067811865465735, -0.7071067811865485719 ) ) ;
#473 = DIRECTION ( 'NONE',  ( -0.000000000000000000, -0.000000000000000000, -1.000000000000000000 ) ) ;
#474 = AXIS2_PLACEMENT_3D ( 'NONE', #1067, #815, #2537 ) ;
#475 = VERTEX_POINT ( 'NONE', #26 ) ;
#476 = ORIENTED_EDGE ( 'NONE', *, *, #2472, .T. ) ;
#477 = VECTOR ( 'NONE', #2899, 1000.000000000000000 ) ;
#478 = LINE ( 'NONE', #432, #1472 ) ;
#479 = DIRECTION ( 'NONE',  ( -4.399205923235575513E-16, -0.7071067811865426878, 0.7071067811865523467 ) ) ;
#480 = CONICAL_SURFACE ( 'NONE', #2955, 1.500000000000015099, 0.7853981633974485010 ) ;
#481 = EDGE_CURVE ( 'NONE', #1061, #3256, #527, .T. ) ;
#482 = LINE ( 'NONE', #232, #2008 ) ;
#483 = EDGE_CURVE ( 'NONE', #3134, #1967, #43, .T. ) ;
#484 = DIRECTION ( 'NONE',  ( -6.928533639175094789E-16, 1.000000000000000000, -0.000000000000000000 ) ) ;
#485 = ORIENTED_EDGE ( 'NONE', *, *, #1064, .F. ) ;
#486 = CARTESIAN_POINT ( 'NONE',  ( 49.25167277655799580, 24.49999999999997513, 37.19999999999964047 ) ) ;
#487 = CARTESIAN_POINT ( 'NONE',  ( 78.25640387297016787, 15.37913614527568207, 36.69999999999974705 ) ) ;
#488 = FACE_OUTER_BOUND ( 'NONE', #1675, .T. ) ;
#489 = ORIENTED_EDGE ( 'NONE', *, *, #2222, .T. ) ;
#490 = ORIENTED_EDGE ( 'NONE', *, *, #84, .T. ) ;
#491 = ADVANCED_FACE ( 'NONE', ( #1318 ), #2532, .T. ) ;
#492 = CARTESIAN_POINT ( 'NONE',  ( 67.83801183608255769, -2.929934855942872840, 36.69999999999969020 ) ) ;
#493 = ADVANCED_FACE ( 'NONE', ( #1549 ), #1731, .T. ) ;
#494 = LINE ( 'NONE', #1765, #1951 ) ;
#495 = CARTESIAN_POINT ( 'NONE',  ( 59.24142864431271249, -3.599999999999981881, 11.19999999999972218 ) ) ;
#496 = EDGE_CURVE ( 'NONE', #2826, #2786, #760, .T. ) ;
#497 = ORIENTED_EDGE ( 'NONE', *, *, #2643, .F. ) ;
#498 = VERTEX_POINT ( 'NONE', #2443 ) ;
#499 = DIRECTION ( 'NONE',  ( -1.000000000000000000, 0.000000000000000000, 0.000000000000000000 ) ) ;
#500 = LINE ( 'NONE', #2028, #205 ) ;
#501 = FACE_OUTER_BOUND ( 'NONE', #40, .T. ) ;
#502 = FACE_OUTER_BOUND ( 'NONE', #1308, .T. ) ;
#503 = CARTESIAN_POINT ( 'NONE',  ( 75.99054259048669735, 29.31007718878380430, 37.19999999999975415 ) ) ;
#504 = DIRECTION ( 'NONE',  ( 0.000000000000000000, 0.000000000000000000, -1.000000000000000000 ) ) ;
#505 = ORIENTED_EDGE ( 'NONE', *, *, #2310, .F. ) ;
#506 = CARTESIAN_POINT ( 'NONE',  ( 33.07106781186550393, 8.699999999999999289, 30.00000000000000000 ) ) ;
#507 = EDGE_LOOP ( 'NONE', ( #443, #2808, #1833, #2540, #944, #1192, #2841, #2433, #1280, #1410 ) ) ;
#508 = DIRECTION ( 'NONE',  ( -0.6830111344383698047, 0.6830111344383643646, -0.2588273178519407969 ) ) ;
#509 = CARTESIAN_POINT ( 'NONE',  ( 49.97974596215600229, 8.200000000000029488, -14.00000000000000178 ) ) ;
#510 = ORIENTED_EDGE ( 'NONE', *, *, #127, .F. ) ;
#511 = CIRCLE ( 'NONE', #725, 0.9499999999999995115 ) ;
#512 = EDGE_CURVE ( 'NONE', #1856, #976, #1213, .T. ) ;
#513 = ORIENTED_EDGE ( 'NONE', *, *, #1121, .F. ) ;
#514 = CARTESIAN_POINT ( 'NONE',  ( 72.60494607125674804, 24.50000000000000355, 30.00000000000000000 ) ) ;
#515 = VECTOR ( 'NONE', #1594, 1000.000000000000000 ) ;
#516 = CIRCLE ( 'NONE', #1149, 1.000000000000000888 ) ;
#517 = DIRECTION ( 'NONE',  ( -0.000000000000000000, -0.000000000000000000, -1.000000000000000000 ) ) ;
#518 = AXIS2_PLACEMENT_3D ( 'NONE', #408, #2677, #1917 ) ;
#519 = VECTOR ( 'NONE', #3170, 1000.000000000000227 ) ;
#520 = EDGE_CURVE ( 'NONE', #2809, #2996, #2688, .T. ) ;
#521 = ORIENTED_EDGE ( 'NONE', *, *, #876, .T. ) ;
#522 = AXIS2_PLACEMENT_3D ( 'NONE', #2237, #2961, #1494 ) ;
#523 = VECTOR ( 'NONE', #557, 999.9999999999998863 ) ;
#524 = DIRECTION ( 'NONE',  ( 0.000000000000000000, 0.000000000000000000, 1.000000000000000000 ) ) ;
#525 = LINE ( 'NONE', #2775, #1417 ) ;
#526 = VERTEX_POINT ( 'NONE', #1709 ) ;
#527 = LINE ( 'NONE', #1533, #1048 ) ;
#528 = CIRCLE ( 'NONE', #898, 1.499999999999973577 ) ;
#529 = PLANE ( 'NONE',  #1105 ) ;
#530 = EDGE_CURVE ( 'NONE', #60, #2931, #1965, .T. ) ;
#531 = ORIENTED_EDGE ( 'NONE', *, *, #582, .T. ) ;
#532 = CARTESIAN_POINT ( 'NONE',  ( 72.60494607125674804, 24.99999999999999645, 30.49999999999998579 ) ) ;
#533 = DIRECTION ( 'NONE',  ( 0.6649674279714439251, 0.7468723583966958568, 2.874399447520905236E-15 ) ) ;
#534 = DIRECTION ( 'NONE',  ( 0.7071067811865474617, 1.239037099348068085E-16, 0.7071067811865474617 ) ) ;
#535 = ADVANCED_FACE ( 'NONE', ( #1163 ), #1578, .F. ) ;
#536 = ORIENTED_EDGE ( 'NONE', *, *, #754, .F. ) ;
#537 = FACE_OUTER_BOUND ( 'NONE', #37, .T. ) ;
#538 = LINE ( 'NONE', #327, #55 ) ;
#539 = PRODUCT_DEFINITION ( 'UNKNOWN', '', #3009, #1177 ) ;
#540 = EDGE_CURVE ( 'NONE', #3256, #2809, #457, .T. ) ;
#541 = ORIENTED_EDGE ( 'NONE', *, *, #3260, .F. ) ;
#542 = ORIENTED_EDGE ( 'NONE', *, *, #1229, .T. ) ;
#543 = DIRECTION ( 'NONE',  ( 0.4567365915403499010, 0.8896019817581926059, 0.000000000000000000 ) ) ;
#544 = CARTESIAN_POINT ( 'NONE',  ( 75.54574159960758095, 29.53844548455398922, 92.54930690145332051 ) ) ;
#545 = ORIENTED_EDGE ( 'NONE', *, *, #1544, .T. ) ;
#546 = ORIENTED_EDGE ( 'NONE', *, *, #2893, .F. ) ;
#547 = CARTESIAN_POINT ( 'NONE',  ( 67.24142864431257749, 9.200000000000022382, 30.00000000000000000 ) ) ;
#548 = DIRECTION ( 'NONE',  ( -0.7071067811865485719, 0.7071067811865464625, -3.774260717989847408E-16 ) ) ;
#549 = DIRECTION ( 'NONE',  ( -4.135580799816630757E-15, -1.665250005579849882E-16, 1.000000000000000000 ) ) ;
#550 = EDGE_CURVE ( 'NONE', #2981, #1118, #2901, .T. ) ;
#551 = ORIENTED_EDGE ( 'NONE', *, *, #2050, .F. ) ;
#552 = CARTESIAN_POINT ( 'NONE',  ( 66.34426711928915665, -1.599999999999977884, 37.19999999999971152 ) ) ;
#553 = ORIENTED_EDGE ( 'NONE', *, *, #463, .F. ) ;
#554 = ORIENTED_EDGE ( 'NONE', *, *, #2374, .T. ) ;
#555 = EDGE_CURVE ( 'NONE', #2208, #1277, #187, .T. ) ;
#556 = ADVANCED_FACE ( 'NONE', ( #2649 ), #649, .F. ) ;
#557 = DIRECTION ( 'NONE',  ( 0.5773502691896250649, 0.5773502691896263972, -0.5773502691896258421 ) ) ;
#558 = VERTEX_POINT ( 'NONE', #2393 ) ;
#559 = CARTESIAN_POINT ( 'NONE',  ( 67.02832722344200533, 25.00000000000000000, 92.54930690145332051 ) ) ;
#560 = DIRECTION ( 'NONE',  ( 0.000000000000000000, 1.000000000000000000, 0.000000000000000000 ) ) ;
#561 = DIRECTION ( 'NONE',  ( -5.337610695313253357E-16, -3.793635681479083559E-31, 1.000000000000000000 ) ) ;
#562 = VERTEX_POINT ( 'NONE', #134 ) ;
#563 = AXIS2_PLACEMENT_3D ( 'NONE', #2639, #870, #159 ) ;
#564 = VERTEX_POINT ( 'NONE', #1140 ) ;
#565 = AXIS2_PLACEMENT_3D ( 'NONE', #1525, #504, #256 ) ;
#566 = ORIENTED_EDGE ( 'NONE', *, *, #1996, .F. ) ;
#567 = DIRECTION ( 'NONE',  ( 1.000000000000000000, 0.000000000000000000, 0.000000000000000000 ) ) ;
#568 = DIRECTION ( 'NONE',  ( 0.8896019817581926059, -0.4567365915403499010, 0.000000000000000000 ) ) ;
#569 = ADVANCED_FACE ( 'NONE', ( #1194 ), #1736, .F. ) ;
#570 = CARTESIAN_POINT ( 'NONE',  ( 33.57106781186551814, 5.623700590243204012, 37.19999999999957652 ) ) ;
#571 = AXIS2_PLACEMENT_3D ( 'NONE', #131, #2615, #2144 ) ;
#572 = VECTOR ( 'NONE', #244, 1000.000000000000000 ) ;
#573 = FACE_OUTER_BOUND ( 'NONE', #2766, .T. ) ;
#574 = ORIENTED_EDGE ( 'NONE', *, *, #2645, .F. ) ;
#575 = AXIS2_PLACEMENT_3D ( 'NONE', #2798, #1288, #14 ) ;
#576 = AXIS2_PLACEMENT_3D ( 'NONE', #1818, #344, #2114 ) ;
#577 = EDGE_CURVE ( 'NONE', #1554, #2794, #1359, .T. ) ;
#578 = PLANE ( 'NONE',  #849 ) ;
#579 = AXIS2_PLACEMENT_3D ( 'NONE', #1821, #319, #1030 ) ;
#580 = AXIS2_PLACEMENT_3D ( 'NONE', #2975, #2719, #2440 ) ;
#581 = DIRECTION ( 'NONE',  ( -0.6900932677013572603, 0.1541793821276072063, 0.7071067811865561215 ) ) ;
#582 = EDGE_CURVE ( 'NONE', #1926, #1063, #955, .T. ) ;
#583 = ORIENTED_EDGE ( 'NONE', *, *, #2235, .F. ) ;
#584 = DIRECTION ( 'NONE',  ( 1.000000000000000000, 0.000000000000000000, 0.000000000000000000 ) ) ;
#585 = VECTOR ( 'NONE', #3092, 1000.000000000000000 ) ;
#586 = CARTESIAN_POINT ( 'NONE',  ( 49.97974596215600940, -3.599999999999989431, 22.96516334164250139 ) ) ;
#587 = EDGE_LOOP ( 'NONE', ( #1527, #1311, #2292, #340 ) ) ;
#588 = CARTESIAN_POINT ( 'NONE',  ( 56.97974596215602361, -3.100000000000004530, -14.00000000000000000 ) ) ;
#589 = CARTESIAN_POINT ( 'NONE',  ( 59.24142864431271249, -3.599999999999981881, 11.19999999999972218 ) ) ;
#590 = CARTESIAN_POINT ( 'NONE',  ( 58.14000000000000057, 24.59234527346169585, 30.49999999999998579 ) ) ;
#591 = LINE ( 'NONE', #2133, #2666 ) ;
#592 = CARTESIAN_POINT ( 'NONE',  ( 45.91991983444015091, 0.4598261277158630644, 21.42669075371609821 ) ) ;
#593 = ORIENTED_EDGE ( 'NONE', *, *, #224, .T. ) ;
#594 = CARTESIAN_POINT ( 'NONE',  ( -1.494371280552020925E-13, -3.600000000000024958, 36.69999999999941309 ) ) ;
#595 = EDGE_LOOP ( 'NONE', ( #948, #200, #2744, #485 ) ) ;
#596 = DIRECTION ( 'NONE',  ( -0.2180425732431687802, -0.9759392584856382280, 0.000000000000000000 ) ) ;
#597 = DIRECTION ( 'NONE',  ( -0.5792498813912819733, -0.5811533538941687782, 0.5716033188897216011 ) ) ;
#598 = VERTEX_POINT ( 'NONE', #2185 ) ;
#599 = CARTESIAN_POINT ( 'NONE',  ( 55.42974596215602645, 8.700000000000013500, -10.90000000000000213 ) ) ;
#600 = EDGE_CURVE ( 'NONE', #1797, #1999, #1458, .T. ) ;
#601 = CARTESIAN_POINT ( 'NONE',  ( 37.68376910337467223, 4.400000000000032330, 24.78783743052225930 ) ) ;
#602 = EDGE_CURVE ( 'NONE', #2845, #1008, #1672, .T. ) ;
#603 = DIRECTION ( 'NONE',  ( -0.000000000000000000, -0.000000000000000000, -1.000000000000000000 ) ) ;
#604 = CARTESIAN_POINT ( 'NONE',  ( 47.07057035290875291, -3.599999999999991207, 26.25241201878264619 ) ) ;
#605 = DIRECTION ( 'NONE',  ( 0.000000000000000000, 0.4545743208781321543, 0.8907088114519721156 ) ) ;
#606 = ORIENTED_EDGE ( 'NONE', *, *, #2662, .F. ) ;
#607 = DIRECTION ( 'NONE',  ( 0.7071067811865509034, 6.076722691256263332E-16, -0.7071067811865442421 ) ) ;
#608 = ORIENTED_EDGE ( 'NONE', *, *, #249, .F. ) ;
#609 = FACE_OUTER_BOUND ( 'NONE', #1786, .T. ) ;
#610 = CARTESIAN_POINT ( 'NONE',  ( 54.77417748391562924, -3.599999999999985878, -10.15424661022553288 ) ) ;
#611 = EDGE_LOOP ( 'NONE', ( #749, #1143, #1622, #331 ) ) ;
#612 = CARTESIAN_POINT ( 'NONE',  ( 41.40514206521473284, 24.22390438294006287, 30.00000000000000000 ) ) ;
#613 = ADVANCED_FACE ( 'NONE', ( #900 ), #207, .F. ) ;
#614 = LINE ( 'NONE', #2634, #1052 ) ;
#615 = DIRECTION ( 'NONE',  ( 0.6627304028488001375, 0.000000000000000000, -0.7488580727613658450 ) ) ;
#616 = DIRECTION ( 'NONE',  ( -0.000000000000000000, -0.000000000000000000, -1.000000000000000000 ) ) ;
#617 = ORIENTED_EDGE ( 'NONE', *, *, #897, .T. ) ;
#618 = EDGE_CURVE ( 'NONE', #1333, #2596, #916, .T. ) ;
#619 = CONICAL_SURFACE ( 'NONE', #1144, 3.588780975845890175, 0.7853981633974526089 ) ;
#620 = DIRECTION ( 'NONE',  ( -1.000000000000000000, 0.000000000000000000, -4.625929269270197901E-15 ) ) ;
#621 = DIRECTION ( 'NONE',  ( 0.000000000000000000, 1.000000000000000000, 0.000000000000000000 ) ) ;
#622 = ORIENTED_EDGE ( 'NONE', *, *, #1400, .F. ) ;
#623 = VECTOR ( 'NONE', #1124, 1000.000000000000000 ) ;
#624 = AXIS2_PLACEMENT_3D ( 'NONE', #1972, #886, #1653 ) ;
#625 = VECTOR ( 'NONE', #1328, 1000.000000000000000 ) ;
#626 = AXIS2_PLACEMENT_3D ( 'NONE', #3022, #1027, #1766 ) ;
#627 = AXIS2_PLACEMENT_3D ( 'NONE', #2687, #715, #2500 ) ;
#628 = EDGE_LOOP ( 'NONE', ( #333, #2256, #337, #1670 ) ) ;
#629 = FACE_OUTER_BOUND ( 'NONE', #3197, .T. ) ;
#630 = ORIENTED_EDGE ( 'NONE', *, *, #380, .F. ) ;
#631 = VECTOR ( 'NONE', #2089, 1000.000000000000000 ) ;
#632 = EDGE_CURVE ( 'NONE', #2173, #856, #1635, .T. ) ;
#633 = DIRECTION ( 'NONE',  ( 0.4311931003885310920, 0.9022596689298076900, -0.000000000000000000 ) ) ;
#634 = AXIS2_PLACEMENT_3D ( 'NONE', #89, #809, #1086 ) ;
#635 = EDGE_CURVE ( 'NONE', #1532, #1547, #784, .T. ) ;
#636 = CARTESIAN_POINT ( 'NONE',  ( 34.18124506929797946, 8.699999999999999289, 29.49999999999998579 ) ) ;
#637 = LINE ( 'NONE', #1391, #2220 ) ;
#638 = CARTESIAN_POINT ( 'NONE',  ( 73.93934904389404039, 25.31489511268948078, 30.00000000000000000 ) ) ;
#639 = FACE_OUTER_BOUND ( 'NONE', #2356, .T. ) ;
#640 = EDGE_CURVE ( 'NONE', #459, #1856, #500, .T. ) ;
#641 = CARTESIAN_POINT ( 'NONE',  ( 66.03054050213481219, 24.06649555461125800, 92.54930690145332051 ) ) ;
#642 = VERTEX_POINT ( 'NONE', #532 ) ;
#643 = DIRECTION ( 'NONE',  ( 2.592750403099548982E-15, -0.7071067811865442421, -0.7071067811865509034 ) ) ;
#644 = ORIENTED_EDGE ( 'NONE', *, *, #380, .T. ) ;
#645 = DIRECTION ( 'NONE',  ( 2.484376635371677896E-15, -0.7071067811865447972, -0.7071067811865502373 ) ) ;
#646 = DIRECTION ( 'NONE',  ( -3.390154252076563624E-16, 0.7071067811865453523, -0.7071067811865496822 ) ) ;
#647 = CARTESIAN_POINT ( 'NONE',  ( 79.15866354190033860, 14.94794304488698167, 36.69999999999974705 ) ) ;
#648 = CARTESIAN_POINT ( 'NONE',  ( 78.18272428341430214, 15.16598561813029988, 36.69999999999973994 ) ) ;
#649 = PLANE ( 'NONE',  #1522 ) ;
#650 = CARTESIAN_POINT ( 'NONE',  ( 54.47974596215601650, 8.700000000000013500, -4.400000000000003020 ) ) ;
#651 = FACE_OUTER_BOUND ( 'NONE', #1874, .T. ) ;
#652 = ORIENTED_EDGE ( 'NONE', *, *, #2960, .T. ) ;
#653 = CARTESIAN_POINT ( 'NONE',  ( 78.18272428341430214, 15.16598561813023949, 36.69999999999974705 ) ) ;
#654 = DIRECTION ( 'NONE',  ( -1.000000000000000000, 0.000000000000000000, 0.000000000000000000 ) ) ;
#655 = DIRECTION ( 'NONE',  ( 1.000000000000000000, 0.000000000000000000, 0.000000000000000000 ) ) ;
#656 = EDGE_CURVE ( 'NONE', #307, #713, #2053, .T. ) ;
#657 =( BOUNDED_CURVE ( )  B_SPLINE_CURVE ( 3, ( #601, #1611, #1877, #2864 ),
 .UNSPECIFIED., .F., .T. ) 
 B_SPLINE_CURVE_WITH_KNOTS ( ( 4, 4 ),
 ( 2.814841249947458213, 3.574137812781071233 ),
 .UNSPECIFIED. ) 
 CURVE ( )  GEOMETRIC_REPRESENTATION_ITEM ( )  RATIONAL_B_SPLINE_CURVE ( ( 1.000000000000000000, 0.9525300251700828946, 0.9525300251700828946, 1.000000000000000000 ) ) 
 REPRESENTATION_ITEM ( '' )  );
#658 = ORIENTED_EDGE ( 'NONE', *, *, #360, .T. ) ;
#659 = ADVANCED_FACE ( 'NONE', ( #2501 ), #1770, .F. ) ;
#660 = DIRECTION ( 'NONE',  ( 0.7071067811865475727, 0.7071067811865475727, 0.000000000000000000 ) ) ;
#661 = EDGE_LOOP ( 'NONE', ( #2021, #2066, #3070, #1819, #2587, #1806 ) ) ;
#662 = LINE ( 'NONE', #3135, #3149 ) ;
#663 = DIRECTION ( 'NONE',  ( 1.000000000000000000, 0.000000000000000000, 0.000000000000000000 ) ) ;
#664 = DIRECTION ( 'NONE',  ( -0.5281185093030976718, 0.4702029775867861972, 0.7071067811865433539 ) ) ;
#665 = CARTESIAN_POINT ( 'NONE',  ( 53.52974596215601366, 30.14766329383928678, -10.90000000000000213 ) ) ;
#666 = CARTESIAN_POINT ( 'NONE',  ( 46.62307568910673439, -2.944669420369468327, 37.02457687912715301 ) ) ;
#667 = VERTEX_POINT ( 'NONE', #3055 ) ;
#668 = DIRECTION ( 'NONE',  ( -6.928533639175094789E-16, 1.000000000000000000, 1.665250005579821285E-16 ) ) ;
#669 = ORIENTED_EDGE ( 'NONE', *, *, #2927, .T. ) ;
#670 = CARTESIAN_POINT ( 'NONE',  ( 56.47974596215603782, 8.700000000000015277, -0.9540455392730574635 ) ) ;
#671 = EDGE_CURVE ( 'NONE', #113, #1548, #2009, .T. ) ;
#672 = DIRECTION ( 'NONE',  ( 0.6379939302913981702, -0.3048995652855840399, 0.7071067811865451302 ) ) ;
#673 = LINE ( 'NONE', #395, #519 ) ;
#674 = AXIS2_PLACEMENT_3D ( 'NONE', #1246, #789, #254 ) ;
#675 = ORIENTED_EDGE ( 'NONE', *, *, #2327, .T. ) ;
#676 = CIRCLE ( 'NONE', #362, 3.088780975845889287 ) ;
#677 = ORIENTED_EDGE ( 'NONE', *, *, #111, .F. ) ;
#678 = PLANE ( 'NONE',  #3000 ) ;
#679 = CIRCLE ( 'NONE', #2514, 0.5000000000000073275 ) ;
#680 = VECTOR ( 'NONE', #2755, 1000.000000000000000 ) ;
#681 = EDGE_CURVE ( 'NONE', #2596, #1713, #49, .T. ) ;
#682 = AXIS2_PLACEMENT_3D ( 'NONE', #2309, #736, #1745 ) ;
#683 = LINE ( 'NONE', #3192, #210 ) ;
#684 = DIRECTION ( 'NONE',  ( 1.000000000000000000, 0.000000000000000000, -0.000000000000000000 ) ) ;
#685 = CARTESIAN_POINT ( 'NONE',  ( 49.75056613721159948, 24.03324777730563255, 37.19999999999964047 ) ) ;
#686 = VECTOR ( 'NONE', #2107, 1000.000000000000000 ) ;
#687 = DIRECTION ( 'NONE',  ( 0.000000000000000000, 0.000000000000000000, 1.000000000000000000 ) ) ;
#688 = EDGE_LOOP ( 'NONE', ( #3106, #553, #770, #1572 ) ) ;
#689 = ORIENTED_EDGE ( 'NONE', *, *, #2147, .F. ) ;
#690 = CARTESIAN_POINT ( 'NONE',  ( 41.85220674431636212, 25.00000000000000000, 30.49999999999998579 ) ) ;
#691 = CARTESIAN_POINT ( 'NONE',  ( 76.47583146365155926, 7.526084437107593672, 30.49999999999998579 ) ) ;
#692 = CARTESIAN_POINT ( 'NONE',  ( 75.71115448526137470, 6.416292556337243269, 24.36529581480541751 ) ) ;
#693 = CARTESIAN_POINT ( 'NONE',  ( 67.24142864431259170, -11.00000000001559997, 24.69999999999970086 ) ) ;
#694 = ORIENTED_EDGE ( 'NONE', *, *, #10, .T. ) ;
#695 = DIRECTION ( 'NONE',  ( -0.000000000000000000, -0.000000000000000000, -1.000000000000000000 ) ) ;
#696 = ORIENTED_EDGE ( 'NONE', *, *, #2452, .T. ) ;
#697 = PLANE ( 'NONE',  #310 ) ;
#698 = LINE ( 'NONE', #927, #2367 ) ;
#699 = EDGE_CURVE ( 'NONE', #977, #2787, #1783, .T. ) ;
#700 = CARTESIAN_POINT ( 'NONE',  ( 51.24142864431271960, 2.466566298419555547, 14.59999999999971365 ) ) ;
#701 = DIRECTION ( 'NONE',  ( 0.000000000000000000, 0.000000000000000000, 1.000000000000000000 ) ) ;
#702 = DIRECTION ( 'NONE',  ( -0.000000000000000000, -0.000000000000000000, -1.000000000000000000 ) ) ;
#703 = CARTESIAN_POINT ( 'NONE',  ( 56.47974596215604492, -3.599999999999984546, -13.50000000000001954 ) ) ;
#704 = ORIENTED_EDGE ( 'NONE', *, *, #845, .F. ) ;
#705 = DIRECTION ( 'NONE',  ( -0.6394278400316233402, 0.3277323952718567690, 0.6955023468557559596 ) ) ;
#706 = EDGE_LOOP ( 'NONE', ( #708, #2752, #644, #2813 ) ) ;
#707 = EDGE_CURVE ( 'NONE', #3028, #46, #52, .T. ) ;
#708 = ORIENTED_EDGE ( 'NONE', *, *, #1753, .F. ) ;
#709 = FILL_AREA_STYLE_COLOUR ( '', #2779 ) ;
#710 = DIRECTION ( 'NONE',  ( -0.2464794981691106335, 0.6852911268148401680, 0.6852911268148378365 ) ) ;
#711 = LINE ( 'NONE', #1715, #2352 ) ;
#712 = DIRECTION ( 'NONE',  ( 6.928533639175093803E-16, -1.000000000000000000, -0.000000000000000000 ) ) ;
#713 = VERTEX_POINT ( 'NONE', #69 ) ;
#714 = CARTESIAN_POINT ( 'NONE',  ( 59.24142864431271249, -3.100000000000003642, 11.19999999999972218 ) ) ;
#715 = DIRECTION ( 'NONE',  ( 0.7059459257314145697, 0.7082657339891690329, 0.000000000000000000 ) ) ;
#716 = EDGE_CURVE ( 'NONE', #976, #294, #1078, .T. ) ;
#717 = ORIENTED_EDGE ( 'NONE', *, *, #1767, .F. ) ;
#718 = ORIENTED_EDGE ( 'NONE', *, *, #1103, .F. ) ;
#719 = FACE_OUTER_BOUND ( 'NONE', #3017, .T. ) ;
#720 = EDGE_CURVE ( 'NONE', #1196, #369, #112, .T. ) ;
#721 = ADVANCED_FACE ( 'NONE', ( #176 ), #1187, .F. ) ;
#722 = DIRECTION ( 'NONE',  ( 1.000000000000000000, 0.000000000000000000, 0.000000000000000000 ) ) ;
#723 = CARTESIAN_POINT ( 'NONE',  ( 33.57106781186551814, 5.623700590243204012, 37.19999999999957652 ) ) ;
#724 = DIRECTION ( 'NONE',  ( -0.000000000000000000, -0.000000000000000000, 1.000000000000000000 ) ) ;
#725 = AXIS2_PLACEMENT_3D ( 'NONE', #2218, #233, #966 ) ;
#726 = FACE_OUTER_BOUND ( 'NONE', #2850, .T. ) ;
#727 = PLANE ( 'NONE',  #1420 ) ;
#728 = AXIS2_PLACEMENT_3D ( 'NONE', #2597, #1350, #2863 ) ;
#729 = VECTOR ( 'NONE', #2635, 1000.000000000000000 ) ;
#730 = ORIENTED_EDGE ( 'NONE', *, *, #2255, .T. ) ;
#731 = EDGE_CURVE ( 'NONE', #2778, #276, #2264, .T. ) ;
#732 = CARTESIAN_POINT ( 'NONE',  ( 67.24142864431259170, -11.00000000001559997, 24.19999999999972218 ) ) ;
#733 = AXIS2_PLACEMENT_3D ( 'NONE', #650, #135, #2650 ) ;
#734 = AXIS2_PLACEMENT_3D ( 'NONE', #2849, #581, #1589 ) ;
#735 = DIRECTION ( 'NONE',  ( -1.000000000000000000, 0.000000000000000000, 0.000000000000000000 ) ) ;
#736 = DIRECTION ( 'NONE',  ( -0.000000000000000000, -0.000000000000000000, -1.000000000000000000 ) ) ;
#737 = VECTOR ( 'NONE', #456, 999.9999999999998863 ) ;
#738 = ORIENTED_EDGE ( 'NONE', *, *, #278, .F. ) ;
#739 = ORIENTED_EDGE ( 'NONE', *, *, #2505, .F. ) ;
#740 = ORIENTED_EDGE ( 'NONE', *, *, #1281, .F. ) ;
#741 = VECTOR ( 'NONE', #182, 1000.000000000000114 ) ;
#742 = FACE_OUTER_BOUND ( 'NONE', #2190, .T. ) ;
#743 = CARTESIAN_POINT ( 'NONE',  ( 72.60494607125674804, 24.49999999999997868, 37.19999999999973994 ) ) ;
#744 = AXIS2_PLACEMENT_3D ( 'NONE', #2048, #776, #28 ) ;
#745 = DIRECTION ( 'NONE',  ( 0.000000000000000000, 0.000000000000000000, -1.000000000000000000 ) ) ;
#746 = DIRECTION ( 'NONE',  ( 1.000000000000000000, 0.000000000000000000, 0.000000000000000000 ) ) ;
#747 = ADVANCED_FACE ( 'NONE', ( #2959 ), #697, .F. ) ;
#748 = FACE_OUTER_BOUND ( 'NONE', #2610, .T. ) ;
#749 = ORIENTED_EDGE ( 'NONE', *, *, #3244, .T. ) ;
#750 = FACE_OUTER_BOUND ( 'NONE', #1701, .T. ) ;
#751 = DIRECTION ( 'NONE',  ( 0.000000000000000000, 0.000000000000000000, -1.000000000000000000 ) ) ;
#752 = DIRECTION ( 'NONE',  ( 1.000000000000000000, 3.989863994745047672E-14, 0.000000000000000000 ) ) ;
#753 = CARTESIAN_POINT ( 'NONE',  ( 51.24142864431270539, 2.466566298419555103, 21.09999999999971365 ) ) ;
#754 = EDGE_CURVE ( 'NONE', #841, #56, #2705, .T. ) ;
#755 = ORIENTED_EDGE ( 'NONE', *, *, #2930, .F. ) ;
#756 = ORIENTED_EDGE ( 'NONE', *, *, #2147, .T. ) ;
#757 = FACE_OUTER_BOUND ( 'NONE', #1538, .T. ) ;
#758 = DIRECTION ( 'NONE',  ( 0.000000000000000000, -0.4545743208781328204, 0.8907088114519717825 ) ) ;
#759 = ORIENTED_EDGE ( 'NONE', *, *, #1614, .T. ) ;
#760 = LINE ( 'NONE', #2559, #3150 ) ;
#761 = DIRECTION ( 'NONE',  ( 0.6627304028488001375, 4.710268033702416380E-16, -0.7488580727613657340 ) ) ;
#762 = EDGE_CURVE ( 'NONE', #2271, #1554, #1719, .T. ) ;
#763 = CYLINDRICAL_SURFACE ( 'NONE', #2302, 0.9499999999999995115 ) ;
#764 = ADVANCED_FACE ( 'NONE', ( #2496 ), #1961, .T. ) ;
#765 = EDGE_LOOP ( 'NONE', ( #308, #1356, #2092, #2197, #542 ) ) ;
#766 = ORIENTED_EDGE ( 'NONE', *, *, #3200, .F. ) ;
#767 = CARTESIAN_POINT ( 'NONE',  ( 66.34426711928915665, -3.599999999999977884, 37.19999999999971152 ) ) ;
#768 = DIRECTION ( 'NONE',  ( -1.000000000000000000, -6.938893903907607031E-15, 0.000000000000000000 ) ) ;
#769 = EDGE_LOOP ( 'NONE', ( #1434, #773, #1004, #1711 ) ) ;
#770 = ORIENTED_EDGE ( 'NONE', *, *, #455, .F. ) ;
#771 = ORIENTED_EDGE ( 'NONE', *, *, #2629, .T. ) ;
#772 = ADVANCED_FACE ( 'NONE', ( #2486 ), #678, .F. ) ;
#773 = ORIENTED_EDGE ( 'NONE', *, *, #2273, .F. ) ;
#774 = CARTESIAN_POINT ( 'NONE',  ( 54.77417748391562924, -3.599999999999985878, -10.15424661022553110 ) ) ;
#775 = PRODUCT ( 'Static Frame for X_Y Switches', 'Static Frame for X_Y Switches', '', ( #3026 ) ) ;
#776 = DIRECTION ( 'NONE',  ( -0.000000000000000000, -0.000000000000000000, 1.000000000000000000 ) ) ;
#777 = CARTESIAN_POINT ( 'NONE',  ( 81.90264426036928569, 25.32794015189909942, 30.49999999999998579 ) ) ;
#778 = DIRECTION ( 'NONE',  ( -1.000000000000000000, 0.000000000000000000, 0.000000000000000000 ) ) ;
#779 = ORIENTED_EDGE ( 'NONE', *, *, #1603, .F. ) ;
#780 = AXIS2_PLACEMENT_3D ( 'NONE', #2137, #3143, #883 ) ;
#781 = DIRECTION ( 'NONE',  ( -0.7071067811866894592, 0.7071067811864056862, -2.806546270564191445E-15 ) ) ;
#782 = ORIENTED_EDGE ( 'NONE', *, *, #1364, .T. ) ;
#783 = CARTESIAN_POINT ( 'NONE',  ( 67.24142864431270539, 8.700000000000024158, 37.19999999999971152 ) ) ;
#784 = LINE ( 'NONE', #1791, #680 ) ;
#785 = CARTESIAN_POINT ( 'NONE',  ( 75.87742472367816049, 6.851619833624071454, 37.19999999999974705 ) ) ;
#786 = EDGE_CURVE ( 'NONE', #2594, #1433, #2736, .T. ) ;
#787 = CARTESIAN_POINT ( 'NONE',  ( 51.24142864431271960, 2.246173370879388287, 14.16815439516549091 ) ) ;
#788 = AXIS2_PLACEMENT_3D ( 'NONE', #3018, #2259, #2762 ) ;
#789 = DIRECTION ( 'NONE',  ( 0.5773502691896251759, -0.5773502691896270633, -0.5773502691896251759 ) ) ;
#790 = CARTESIAN_POINT ( 'NONE',  ( 49.75056613721159238, 24.03324777730562900, 30.00000000000000000 ) ) ;
#791 = CARTESIAN_POINT ( 'NONE',  ( 67.46457565688419322, -2.597451141957148213, 24.19999999999972218 ) ) ;
#792 = AXIS2_PLACEMENT_3D ( 'NONE', #1804, #2765, #778 ) ;
#793 = ORIENTED_EDGE ( 'NONE', *, *, #681, .F. ) ;
#794 = AXIS2_PLACEMENT_3D ( 'NONE', #2224, #701, #2754 ) ;
#795 = FACE_OUTER_BOUND ( 'NONE', #2652, .T. ) ;
#796 = VECTOR ( 'NONE', #912, 999.9999999999998863 ) ;
#797 = ORIENTED_EDGE ( 'NONE', *, *, #1996, .T. ) ;
#798 = AXIS2_PLACEMENT_3D ( 'NONE', #2123, #1099, #2105 ) ;
#799 = DIRECTION ( 'NONE',  ( 4.135580799816630757E-15, 1.665250005579849882E-16, -1.000000000000000000 ) ) ;
#800 = DIRECTION ( 'NONE',  ( -1.000000000000000000, 0.000000000000000000, -3.558407130208846878E-15 ) ) ;
#801 = ORIENTED_EDGE ( 'NONE', *, *, #2425, .F. ) ;
#802 = ORIENTED_EDGE ( 'NONE', *, *, #1071, .T. ) ;
#803 = DIRECTION ( 'NONE',  ( 0.000000000000000000, 0.7071067811865474617, -0.7071067811865474617 ) ) ;
#804 = CARTESIAN_POINT ( 'NONE',  ( 49.97974596215600940, -3.599999999999988098, -14.00000000000000178 ) ) ;
#805 = FACE_OUTER_BOUND ( 'NONE', #2046, .T. ) ;
#806 = ORIENTED_EDGE ( 'NONE', *, *, #3226, .F. ) ;
#807 = EDGE_CURVE ( 'NONE', #318, #2699, #453, .T. ) ;
#808 = ORIENTED_EDGE ( 'NONE', *, *, #2866, .T. ) ;
#809 = DIRECTION ( 'NONE',  ( 6.928533639175093803E-16, -1.000000000000000000, -0.000000000000000000 ) ) ;
#810 = ORIENTED_EDGE ( 'NONE', *, *, #3184, .T. ) ;
#811 = ADVANCED_FACE ( 'NONE', ( #983 ), #2936, .T. ) ;
#812 = ORIENTED_EDGE ( 'NONE', *, *, #3036, .F. ) ;
#813 = VERTEX_POINT ( 'NONE', #1193 ) ;
#814 = EDGE_LOOP ( 'NONE', ( #1602, #460, #2041, #2481, #812 ) ) ;
#815 = DIRECTION ( 'NONE',  ( -0.000000000000000000, -0.000000000000000000, 1.000000000000000000 ) ) ;
#816 = LINE ( 'NONE', #320, #412 ) ;
#817 = DIRECTION ( 'NONE',  ( -0.000000000000000000, -0.000000000000000000, -1.000000000000000000 ) ) ;
#818 = ORIENTED_EDGE ( 'NONE', *, *, #1853, .T. ) ;
#819 = ORIENTED_EDGE ( 'NONE', *, *, #3165, .T. ) ;
#820 = ORIENTED_EDGE ( 'NONE', *, *, #2428, .T. ) ;
#821 = EDGE_CURVE ( 'NONE', #1532, #307, #1476, .T. ) ;
#822 = ADVANCED_FACE ( 'NONE', ( #201 ), #727, .F. ) ;
#823 = DIRECTION ( 'NONE',  ( -3.744965205920780306E-16, 0.8907088114519722266, -0.4545743208781322098 ) ) ;
#824 = ORIENTED_EDGE ( 'NONE', *, *, #127, .T. ) ;
#825 = EDGE_CURVE ( 'NONE', #2260, #54, #1938, .T. ) ;
#826 = ORIENTED_EDGE ( 'NONE', *, *, #555, .T. ) ;
#827 = DIRECTION ( 'NONE',  ( 0.000000000000000000, -0.4545743208781292677, 0.8907088114519735589 ) ) ;
#828 = DIRECTION ( 'NONE',  ( -0.7071067811865479058, 0.7071067811865472397, 0.000000000000000000 ) ) ;
#829 = ORIENTED_EDGE ( 'NONE', *, *, #496, .F. ) ;
#830 = PLANE ( 'NONE',  #94 ) ;
#831 = DIRECTION ( 'NONE',  ( 0.000000000000000000, 0.7071067811865500152, -0.7071067811865451302 ) ) ;
#832 = AXIS2_PLACEMENT_3D ( 'NONE', #2758, #2503, #2297 ) ;
#833 = EDGE_LOOP ( 'NONE', ( #3050, #1461, #1824, #1483 ) ) ;
#834 = VECTOR ( 'NONE', #517, 1000.000000000000000 ) ;
#835 = CARTESIAN_POINT ( 'NONE',  ( 67.24142864431270539, 9.200000000000022382, 30.00000000000000000 ) ) ;
#836 = CARTESIAN_POINT ( 'NONE',  ( 54.47974596215602361, -3.599999999999987210, -4.400000000000003020 ) ) ;
#837 = DIRECTION ( 'NONE',  ( -0.000000000000000000, -0.4545743208781292122, 0.8907088114519735589 ) ) ;
#838 = CIRCLE ( 'NONE', #203, 19.70000000001562057 ) ;
#839 = CARTESIAN_POINT ( 'NONE',  ( 33.23098411301877064, 9.019301162931430582, 29.81930116293142419 ) ) ;
#840 = ORIENTED_EDGE ( 'NONE', *, *, #1332, .T. ) ;
#841 = VERTEX_POINT ( 'NONE', #466 ) ;
#842 = CARTESIAN_POINT ( 'NONE',  ( 67.83801183608255769, -2.929934855942874172, 36.69999999999969020 ) ) ;
#843 = AXIS2_PLACEMENT_3D ( 'NONE', #987, #473, #1460 ) ;
#844 = AXIS2_PLACEMENT_3D ( 'NONE', #1911, #1940, #684 ) ;
#845 = EDGE_CURVE ( 'NONE', #2345, #3028, #183, .T. ) ;
#846 = VECTOR ( 'NONE', #672, 1000.000000000000114 ) ;
#847 = ORIENTED_EDGE ( 'NONE', *, *, #632, .T. ) ;
#848 = DIRECTION ( 'NONE',  ( 1.000000000000000000, 6.928533639175096761E-16, 5.337610695313253357E-16 ) ) ;
#849 = AXIS2_PLACEMENT_3D ( 'NONE', #2562, #1202, #218 ) ;
#850 = CARTESIAN_POINT ( 'NONE',  ( 67.46457565688417901, -2.597451141957134890, 37.19999999999971152 ) ) ;
#851 = FACE_OUTER_BOUND ( 'NONE', #3087, .T. ) ;
#852 = CARTESIAN_POINT ( 'NONE',  ( 73.49454805301495242, 25.54326340845965149, 92.54930690145332051 ) ) ;
#853 = LINE ( 'NONE', #1863, #1854 ) ;
#854 = DIRECTION ( 'NONE',  ( -0.000000000000000000, -0.000000000000000000, 1.000000000000000000 ) ) ;
#855 = EDGE_LOOP ( 'NONE', ( #3228, #3023, #2726, #2241 ) ) ;
#856 = VERTEX_POINT ( 'NONE', #1992 ) ;
#857 = EDGE_CURVE ( 'NONE', #2557, #235, #2211, .T. ) ;
#858 = EDGE_LOOP ( 'NONE', ( #988, #144, #1367, #393 ) ) ;
#859 = DIRECTION ( 'NONE',  ( -8.597646719788530834E-16, 0.8907088114519736699, 0.4545743208781293232 ) ) ;
#860 = CARTESIAN_POINT ( 'NONE',  ( 41.85220674431658949, 25.00000000000000355, 36.69999999999959073 ) ) ;
#861 = ORIENTED_EDGE ( 'NONE', *, *, #293, .F. ) ;
#862 = CARTESIAN_POINT ( 'NONE',  ( 82.80490392929951327, 24.89674705151011480, 30.49999999999998579 ) ) ;
#863 = EDGE_CURVE ( 'NONE', #871, #56, #2221, .T. ) ;
#864 = CARTESIAN_POINT ( 'NONE',  ( 59.24142864431270539, 8.200000000000036593, 11.19999999999972218 ) ) ;
#865 = ORIENTED_EDGE ( 'NONE', *, *, #2235, .T. ) ;
#866 = CARTESIAN_POINT ( 'NONE',  ( 77.01161292821939242, 26.55788231799338561, 30.00000000000000000 ) ) ;
#867 = FACE_OUTER_BOUND ( 'NONE', #428, .T. ) ;
#868 = DIRECTION ( 'NONE',  ( -0.2180425732431687524, -0.9759392584856382280, -1.064250965010940427E-15 ) ) ;
#869 = ORIENTED_EDGE ( 'NONE', *, *, #2751, .F. ) ;
#870 = DIRECTION ( 'NONE',  ( -0.000000000000000000, -0.000000000000000000, -1.000000000000000000 ) ) ;
#871 = VERTEX_POINT ( 'NONE', #714 ) ;
#872 = LINE ( 'NONE', #2851, #3215 ) ;
#873 = ORIENTED_EDGE ( 'NONE', *, *, #1504, .T. ) ;
#874 = CARTESIAN_POINT ( 'NONE',  ( 51.24142864431271960, 2.246173370879388287, 15.03184560483393994 ) ) ;
#875 = CARTESIAN_POINT ( 'NONE',  ( 41.85220674431636212, 24.49999999999997868, 37.19999999999961204 ) ) ;
#876 = EDGE_CURVE ( 'NONE', #459, #841, #2265, .T. ) ;
#877 = ORIENTED_EDGE ( 'NONE', *, *, #3136, .F. ) ;
#878 = CARTESIAN_POINT ( 'NONE',  ( 49.47974596215602361, -3.599999999999988542, 11.45886918214689132 ) ) ;
#879 = LINE ( 'NONE', #3124, #2476 ) ;
#880 = DIRECTION ( 'NONE',  ( -6.928533639175094789E-16, 1.000000000000000000, -0.000000000000000000 ) ) ;
#881 = ORIENTED_EDGE ( 'NONE', *, *, #2430, .T. ) ;
#882 = VECTOR ( 'NONE', #1017, 1000.000000000000114 ) ;
#883 = DIRECTION ( 'NONE',  ( -1.000000000000000000, 0.000000000000000000, 0.000000000000000000 ) ) ;
#884 = CLOSED_SHELL ( 'NONE', ( #1275, #2075, #2245, #2217, #3041, #2541, #2172, #3100, #1933, #3202, #1805, #980, #1876, #1301, #904, #1652, #2277, #1935, #1384, #2323, #33, #141, #1186, #1445, #1855, #772, #2442, #1043, #153, #3033, #1224, #1343, #93, #2731, #613, #764, #2806, #3021, #970, #2326, #2272, #3130, #2487, #1026, #659, #1624, #2321, #2178, #556, #747, #2069, #1889, #2764, #2355, #1290, #2482, #1814, #1588, #1013, #1712, #220, #2409, #569, #2693, #3222, #1120, #811, #493, #9, #822, #2747, #2963, #2093, #989, #257, #1138, #1526, #1349, #198, #1787, #2938, #2589, #2194, #350, #1242, #1463, #1962, #1286, #1899, #2979, #1531, #1859, #721, #491, #2519, #2686, #2701, #2469, #2911, #2935, #3059, #132, #354, #1633, #1189, #1087, #2406, #461, #1405, #1661, #2347, #938, #2450, #2998, #1507, #1049, #535 ) ) ;
#885 = VECTOR ( 'NONE', #2790, 1000.000000000000114 ) ;
#886 = DIRECTION ( 'NONE',  ( -0.000000000000000000, -0.000000000000000000, -1.000000000000000000 ) ) ;
#887 = FACE_OUTER_BOUND ( 'NONE', #1811, .T. ) ;
#888 = AXIS2_PLACEMENT_3D ( 'NONE', #155, #1673, #1710 ) ;
#889 = VECTOR ( 'NONE', #919, 1000.000000000000114 ) ;
#890 = AXIS2_PLACEMENT_3D ( 'NONE', #559, #1093, #2388 ) ;
#891 = ORIENTED_EDGE ( 'NONE', *, *, #1065, .F. ) ;
#892 = CARTESIAN_POINT ( 'NONE',  ( 58.74142864431273381, -3.599999999999983213, 11.24595446072666505 ) ) ;
#893 = PLANE ( 'NONE',  #1941 ) ;
#894 = ORIENTED_EDGE ( 'NONE', *, *, #2859, .T. ) ;
#895 = CIRCLE ( 'NONE', #156, 1.000000000000403233 ) ;
#896 = CARTESIAN_POINT ( 'NONE',  ( 49.75056613721159948, 24.03324777730563255, 37.19999999999964047 ) ) ;
#897 = EDGE_CURVE ( 'NONE', #2699, #1967, #1240, .T. ) ;
#898 = AXIS2_PLACEMENT_3D ( 'NONE', #552, #2543, #288 ) ;
#899 = CARTESIAN_POINT ( 'NONE',  ( 59.24142864431270539, -3.100000000000003642, 24.19999999999972218 ) ) ;
#900 = FACE_OUTER_BOUND ( 'NONE', #1167, .T. ) ;
#901 = DIRECTION ( 'NONE',  ( -0.000000000000000000, -0.000000000000000000, 1.000000000000000000 ) ) ;
#902 = DIRECTION ( 'NONE',  ( -0.000000000000000000, -0.000000000000000000, -1.000000000000000000 ) ) ;
#903 = CARTESIAN_POINT ( 'NONE',  ( 46.89073474106103134, -3.099999999999969447, 37.19999999999962625 ) ) ;
#904 = ADVANCED_FACE ( 'NONE', ( #748 ), #2750, .F. ) ;
#905 = ORIENTED_EDGE ( 'NONE', *, *, #2452, .F. ) ;
#906 = CARTESIAN_POINT ( 'NONE',  ( 56.97974596215602361, -3.599999999999983213, -1.000000000000000888 ) ) ;
#907 = DIRECTION ( 'NONE',  ( 0.000000000000000000, 0.7071067811865474617, 0.7071067811865474617 ) ) ;
#908 = EDGE_CURVE ( 'NONE', #2345, #871, #1535, .T. ) ;
#909 = DIRECTION ( 'NONE',  ( -0.6379939302913931742, 0.3048995652855820415, -0.7071067811865504593 ) ) ;
#910 = B_SPLINE_CURVE_WITH_KNOTS ( 'NONE', 3,
 ( #1674, #392, #666, #903 ),
 .UNSPECIFIED., .F., .F.,
 ( 4, 4 ),
 ( 0.000000000000000000, 0.001066653191238180979 ),
 .UNSPECIFIED. ) ;
#911 = ORIENTED_EDGE ( 'NONE', *, *, #13, .T. ) ;
#912 = DIRECTION ( 'NONE',  ( 0.4478087658801135351, 0.8941293582032354692, 0.000000000000000000 ) ) ;
#913 = ORIENTED_EDGE ( 'NONE', *, *, #1168, .F. ) ;
#914 = FACE_OUTER_BOUND ( 'NONE', #611, .T. ) ;
#915 = EDGE_CURVE ( 'NONE', #1521, #113, #263, .T. ) ;
#916 = LINE ( 'NONE', #1924, #2567 ) ;
#917 = CARTESIAN_POINT ( 'NONE',  ( 41.85220674431636212, 25.00000000000000355, 30.49999999999998579 ) ) ;
#918 = EDGE_LOOP ( 'NONE', ( #3037, #2314, #1342, #2340 ) ) ;
#919 = DIRECTION ( 'NONE',  ( -0.5773502691896248429, 0.5773502691896255090, 0.5773502691896268413 ) ) ;
#920 = ORIENTED_EDGE ( 'NONE', *, *, #3003, .F. ) ;
#921 = DIRECTION ( 'NONE',  ( 6.928533639175094789E-16, -1.000000000000000000, 0.000000000000000000 ) ) ;
#922 = CARTESIAN_POINT ( 'NONE',  ( 49.25167277655799580, 24.50000000000000000, 30.00000000000000000 ) ) ;
#923 = LINE ( 'NONE', #641, #3208 ) ;
#924 = EDGE_CURVE ( 'NONE', #2260, #2275, #2051, .T. ) ;
#925 = ORIENTED_EDGE ( 'NONE', *, *, #2606, .F. ) ;
#926 = CARTESIAN_POINT ( 'NONE',  ( 67.24142864431270539, 8.200000000000043698, 24.19999999999972218 ) ) ;
#927 = CARTESIAN_POINT ( 'NONE',  ( 79.62534253466135681, 23.91614737792643197, 37.19999999999976836 ) ) ;
#928 = LINE ( 'NONE', #225, #737 ) ;
#929 = DIRECTION ( 'NONE',  ( 0.000000000000000000, 0.000000000000000000, 1.000000000000000000 ) ) ;
#930 = DIRECTION ( 'NONE',  ( 6.928533639175094789E-16, -1.000000000000000000, -0.000000000000000000 ) ) ;
#931 = EDGE_CURVE ( 'NONE', #307, #2723, #3035, .T. ) ;
#932 = CARTESIAN_POINT ( 'NONE',  ( 76.43838011211619232, 7.358455502523585601, 30.33326818057410179 ) ) ;
#933 = ORIENTED_EDGE ( 'NONE', *, *, #2785, .T. ) ;
#934 = DIRECTION ( 'NONE',  ( 6.928533639175093803E-16, -1.000000000000000000, 0.000000000000000000 ) ) ;
#935 = ORIENTED_EDGE ( 'NONE', *, *, #496, .T. ) ;
#936 = DIRECTION ( 'NONE',  ( 0.000000000000000000, -0.000000000000000000, 1.000000000000000000 ) ) ;
#937 = PLANE ( 'NONE',  #518 ) ;
#938 = ADVANCED_FACE ( 'NONE', ( #2036 ), #529, .F. ) ;
#939 = AXIS2_PLACEMENT_3D ( 'NONE', #2454, #1975, #464 ) ;
#940 = CARTESIAN_POINT ( 'NONE',  ( 75.90168431535970228, 7.249382776197065503, 30.00000000000000000 ) ) ;
#941 = AXIS2_PLACEMENT_3D ( 'NONE', #3073, #1822, #560 ) ;
#942 = AXIS2_PLACEMENT_3D ( 'NONE', #3253, #479, #1283 ) ;
#943 = EDGE_CURVE ( 'NONE', #2125, #1937, #281, .T. ) ;
#944 = ORIENTED_EDGE ( 'NONE', *, *, #249, .T. ) ;
#945 = AXIS2_PLACEMENT_3D ( 'NONE', #2230, #1415, #962 ) ;
#946 = VECTOR ( 'NONE', #484, 1000.000000000000000 ) ;
#947 = FACE_OUTER_BOUND ( 'NONE', #1254, .T. ) ;
#948 = ORIENTED_EDGE ( 'NONE', *, *, #2080, .F. ) ;
#949 = DIRECTION ( 'NONE',  ( 1.000000000000000000, 7.107366756459264042E-16, 0.000000000000000000 ) ) ;
#950 = VECTOR ( 'NONE', #3258, 1000.000000000000114 ) ;
#951 = VECTOR ( 'NONE', #949, 1000.000000000000000 ) ;
#952 = EDGE_CURVE ( 'NONE', #856, #2173, #2947, .T. ) ;
#953 = DIRECTION ( 'NONE',  ( 1.000000000000000000, 9.130123557772674004E-16, 0.000000000000000000 ) ) ;
#954 = FACE_OUTER_BOUND ( 'NONE', #399, .T. ) ;
#955 = LINE ( 'NONE', #2708, #98 ) ;
#956 = FACE_OUTER_BOUND ( 'NONE', #833, .T. ) ;
#957 = AXIS2_PLACEMENT_3D ( 'NONE', #1128, #3141, #472 ) ;
#958 = ORIENTED_EDGE ( 'NONE', *, *, #3139, .T. ) ;
#959 = EDGE_LOOP ( 'NONE', ( #2083, #452, #2240, #1235 ) ) ;
#960 = VERTEX_POINT ( 'NONE', #2800 ) ;
#961 = DIRECTION ( 'NONE',  ( -1.000000000000000000, 0.000000000000000000, 0.000000000000000000 ) ) ;
#962 = DIRECTION ( 'NONE',  ( -0.7071067811866894592, 0.7071067811864056862, 0.000000000000000000 ) ) ;
#963 = CARTESIAN_POINT ( 'NONE',  ( 46.89073474106103134, -3.099999999999968558, 37.19999999999962625 ) ) ;
#964 = DIRECTION ( 'NONE',  ( -0.000000000000000000, -0.000000000000000000, -1.000000000000000000 ) ) ;
#965 = FACE_OUTER_BOUND ( 'NONE', #2307, .T. ) ;
#966 = DIRECTION ( 'NONE',  ( -1.000000000000000000, 0.000000000000000000, 0.000000000000000000 ) ) ;
#967 = ORIENTED_EDGE ( 'NONE', *, *, #2972, .T. ) ;
#968 = DIRECTION ( 'NONE',  ( 1.000000000000000000, 6.928533639175096761E-16, 5.337610695313253357E-16 ) ) ;
#969 = DIRECTION ( 'NONE',  ( -6.928533639175094789E-16, 1.000000000000000000, -0.000000000000000000 ) ) ;
#970 = ADVANCED_FACE ( 'NONE', ( #2026 ), #763, .F. ) ;
#971 = FACE_OUTER_BOUND ( 'NONE', #3247, .T. ) ;
#972 = DIRECTION ( 'NONE',  ( -1.000000000000000000, -7.107366756459264042E-16, 0.000000000000000000 ) ) ;
#973 = EDGE_CURVE ( 'NONE', #2271, #1930, #110, .T. ) ;
#974 = ORIENTED_EDGE ( 'NONE', *, *, #455, .T. ) ;
#975 = CARTESIAN_POINT ( 'NONE',  ( 51.24142864431271960, 2.246173370879388287, 15.03184560483393994 ) ) ;
#976 = VERTEX_POINT ( 'NONE', #1915 ) ;
#977 = VERTEX_POINT ( 'NONE', #2907 ) ;
#978 = CARTESIAN_POINT ( 'NONE',  ( 76.43534358136577112, 29.08170889301364426, 30.00000000000000000 ) ) ;
#979 = EDGE_CURVE ( 'NONE', #1959, #3094, #1664, .T. ) ;
#980 = ADVANCED_FACE ( 'NONE', ( #2890 ), #2371, .F. ) ;
#981 = EDGE_LOOP ( 'NONE', ( #2877, #345, #3144, #1317 ) ) ;
#982 = LINE ( 'NONE', #2986, #1584 ) ;
#983 = FACE_OUTER_BOUND ( 'NONE', #164, .T. ) ;
#984 = EDGE_LOOP ( 'NONE', ( #283, #689, #861, #2924 ) ) ;
#985 = DIRECTION ( 'NONE',  ( -0.000000000000000000, -0.000000000000000000, -1.000000000000000000 ) ) ;
#986 = CARTESIAN_POINT ( 'NONE',  ( 41.40514206521475415, 24.22390438294005222, 37.19999999999960494 ) ) ;
#987 = CARTESIAN_POINT ( 'NONE',  ( 41.85220674431636212, 24.00000000000000000, 92.54930690145332051 ) ) ;
#988 = ORIENTED_EDGE ( 'NONE', *, *, #2770, .T. ) ;
#989 = ADVANCED_FACE ( 'NONE', ( #3166 ), #1394, .F. ) ;
#990 = ORIENTED_EDGE ( 'NONE', *, *, #1250, .F. ) ;
#991 = ORIENTED_EDGE ( 'NONE', *, *, #1364, .F. ) ;
#992 = CARTESIAN_POINT ( 'NONE',  ( 59.24142864431271249, 2.246173370879393616, 15.03184560483394350 ) ) ;
#993 = B_SPLINE_CURVE_WITH_KNOTS ( 'NONE', 3,
 ( #940, #2894, #2642, #2678 ),
 .UNSPECIFIED., .F., .F.,
 ( 4, 4 ),
 ( 0.000000000000000000, 0.0008100671311948730345 ),
 .UNSPECIFIED. ) ;
#994 = CARTESIAN_POINT ( 'NONE',  ( 66.34426711928915665, -3.099999999999955680, 37.19999999999970441 ) ) ;
#995 = LINE ( 'NONE', #1534, #1896 ) ;
#996 = VECTOR ( 'NONE', #2097, 999.9999999999998863 ) ;
#997 = PLANE ( 'NONE',  #1903 ) ;
#998 = DIRECTION ( 'NONE',  ( -0.7071067811865505703, 0.000000000000000000, -0.7071067811865444641 ) ) ;
#999 = CIRCLE ( 'NONE', #1047, 8.408043205663782160 ) ;
#1000 = ORIENTED_EDGE ( 'NONE', *, *, #2386, .F. ) ;
#1001 = FACE_OUTER_BOUND ( 'NONE', #2138, .T. ) ;
#1002 = CONICAL_SURFACE ( 'NONE', #418, 1.000000000000403233, 0.7853981633974560506 ) ;
#1003 = VECTOR ( 'NONE', #1455, 1000.000000000000000 ) ;
#1004 = ORIENTED_EDGE ( 'NONE', *, *, #2246, .T. ) ;
#1005 = LINE ( 'NONE', #986, #3101 ) ;
#1006 = CIRCLE ( 'NONE', #2102, 2.000000000000001776 ) ;
#1007 = EDGE_LOOP ( 'NONE', ( #1929, #1568, #2915, #593 ) ) ;
#1008 = VERTEX_POINT ( 'NONE', #126 ) ;
#1009 = AXIS2_PLACEMENT_3D ( 'NONE', #590, #1389, #2576 ) ;
#1010 = EDGE_CURVE ( 'NONE', #235, #2528, #394, .T. ) ;
#1011 = ORIENTED_EDGE ( 'NONE', *, *, #2273, .T. ) ;
#1012 = AXIS2_PLACEMENT_3D ( 'NONE', #1508, #1037, #2984 ) ;
#1013 = ADVANCED_FACE ( 'NONE', ( #1169 ), #3203, .T. ) ;
#1014 = DIRECTION ( 'NONE',  ( -5.025667229872183412E-16, 0.7071067811865475727, 0.7071067811865474617 ) ) ;
#1015 = ORIENTED_EDGE ( 'NONE', *, *, #1550, .F. ) ;
#1016 = VERTEX_POINT ( 'NONE', #3128 ) ;
#1017 = DIRECTION ( 'NONE',  ( -0.4567365915403499010, -0.8896019817581926059, -2.037012049056629610E-15 ) ) ;
#1018 = CARTESIAN_POINT ( 'NONE',  ( 58.74142864431274091, -3.599999999999983213, 3.135388777898639969E-14 ) ) ;
#1019 = EDGE_CURVE ( 'NONE', #2794, #2397, #2673, .T. ) ;
#1020 = ORIENTED_EDGE ( 'NONE', *, *, #1655, .F. ) ;
#1021 = ORIENTED_EDGE ( 'NONE', *, *, #530, .F. ) ;
#1022 = CARTESIAN_POINT ( 'NONE',  ( 82.25619765096273284, 25.68149354249254657, 30.00000000000000000 ) ) ;
#1023 = DIRECTION ( 'NONE',  ( -0.6974284037913922596, 0.1648855456672054798, -0.6974284037913989209 ) ) ;
#1024 = ORIENTED_EDGE ( 'NONE', *, *, #1160, .F. ) ;
#1025 = CARTESIAN_POINT ( 'NONE',  ( 56.97974596215602361, -3.100000000000004974, -1.000000000000000888 ) ) ;
#1026 = ADVANCED_FACE ( 'NONE', ( #3179 ), #2922, .F. ) ;
#1027 = DIRECTION ( 'NONE',  ( -0.7071067811864056862, -0.7071067811866894592, 0.000000000000000000 ) ) ;
#1028 = ORIENTED_EDGE ( 'NONE', *, *, #1595, .T. ) ;
#1029 = ORIENTED_EDGE ( 'NONE', *, *, #2888, .F. ) ;
#1030 = DIRECTION ( 'NONE',  ( 1.000000000000000000, 0.000000000000000000, 0.000000000000000000 ) ) ;
#1031 = LINE ( 'NONE', #588, #1947 ) ;
#1032 = DIRECTION ( 'NONE',  ( -0.000000000000000000, -0.000000000000000000, -1.000000000000000000 ) ) ;
#1033 = CARTESIAN_POINT ( 'NONE',  ( 66.34426711928915665, -1.599999999999977884, 37.19999999999971152 ) ) ;
#1034 = VERTEX_POINT ( 'NONE', #2126 ) ;
#1035 = FACE_OUTER_BOUND ( 'NONE', #706, .T. ) ;
#1036 = ORIENTED_EDGE ( 'NONE', *, *, #1693, .F. ) ;
#1037 = DIRECTION ( 'NONE',  ( -0.000000000000000000, -0.000000000000000000, 1.000000000000000000 ) ) ;
#1038 = ORIENTED_EDGE ( 'NONE', *, *, #3248, .T. ) ;
#1039 = FACE_OUTER_BOUND ( 'NONE', #3058, .T. ) ;
#1040 = CARTESIAN_POINT ( 'NONE',  ( 78.18272428341430214, 15.16598561813023949, 30.49999999999998579 ) ) ;
#1041 = DIRECTION ( 'NONE',  ( 0.6900932677013723593, -0.1541793821276100929, 0.7071067811865408004 ) ) ;
#1042 = CARTESIAN_POINT ( 'NONE',  ( 34.97747584521189879, 5.077268402940267933, 27.84583740294424459 ) ) ;
#1043 = ADVANCED_FACE ( 'NONE', ( #1638, #378, #1928 ), #1866, .T. ) ;
#1044 = ORIENTED_EDGE ( 'NONE', *, *, #2928, .F. ) ;
#1045 = VECTOR ( 'NONE', #2270, 1000.000000000000000 ) ;
#1046 = LINE ( 'NONE', #547, #305 ) ;
#1047 = AXIS2_PLACEMENT_3D ( 'NONE', #1875, #2648, #1610 ) ;
#1048 = VECTOR ( 'NONE', #543, 1000.000000000000114 ) ;
#1049 = ADVANCED_FACE ( 'NONE', ( #1131 ), #2991, .F. ) ;
#1050 = CARTESIAN_POINT ( 'NONE',  ( 49.25167277655799580, 24.00000000000000000, 37.19999999999964047 ) ) ;
#1051 = ORIENTED_EDGE ( 'NONE', *, *, #2002, .T. ) ;
#1052 = VECTOR ( 'NONE', #387, 1000.000000000000000 ) ;
#1053 = AXIS2_PLACEMENT_3D ( 'NONE', #2456, #1256, #1228 ) ;
#1054 = ORIENTED_EDGE ( 'NONE', *, *, #3096, .T. ) ;
#1055 = CONICAL_SURFACE ( 'NONE', #1788, 1.000000000000403233, 0.7853981633974485010 ) ;
#1056 = CARTESIAN_POINT ( 'NONE',  ( 67.24142864431259170, -11.00000000001559997, 29.49999999999998579 ) ) ;
#1057 = FACE_OUTER_BOUND ( 'NONE', #2038, .T. ) ;
#1058 = VERTEX_POINT ( 'NONE', #1900 ) ;
#1059 = CARTESIAN_POINT ( 'NONE',  ( 78.17200000000002547, 26.51299999999995194, 92.54930690145332051 ) ) ;
#1060 = AXIS2_PLACEMENT_3D ( 'NONE', #804, #2739, #1556 ) ;
#1061 = VERTEX_POINT ( 'NONE', #638 ) ;
#1062 = VECTOR ( 'NONE', #1074, 1000.000000000000000 ) ;
#1063 = VERTEX_POINT ( 'NONE', #1651 ) ;
#1064 = EDGE_CURVE ( 'NONE', #2826, #856, #2398, .T. ) ;
#1065 = EDGE_CURVE ( 'NONE', #475, #171, #2158, .T. ) ;
#1066 = ORIENTED_EDGE ( 'NONE', *, *, #2893, .T. ) ;
#1067 = CARTESIAN_POINT ( 'NONE',  ( 67.02832722344200533, 24.00000000000000000, 30.49999999999998579 ) ) ;
#1068 = LINE ( 'NONE', #1792, #515 ) ;
#1069 = DIRECTION ( 'NONE',  ( 1.000000000000000000, 7.107366756459264042E-16, 0.000000000000000000 ) ) ;
#1070 = EDGE_LOOP ( 'NONE', ( #268, #490, #1609, #1523 ) ) ;
#1071 = EDGE_CURVE ( 'NONE', #1530, #977, #1411, .T. ) ;
#1072 = ORIENTED_EDGE ( 'NONE', *, *, #952, .T. ) ;
#1073 = DIRECTION ( 'NONE',  ( 0.7056182179683576638, 0.7056182179683583300, -0.06485260937169608220 ) ) ;
#1074 = DIRECTION ( 'NONE',  ( -0.000000000000000000, -0.000000000000000000, -1.000000000000000000 ) ) ;
#1075 = CARTESIAN_POINT ( 'NONE',  ( 78.18272428341428792, 15.16598561813024304, 30.49999999999998579 ) ) ;
#1076 = ORIENTED_EDGE ( 'NONE', *, *, #1558, .T. ) ;
#1077 = ORIENTED_EDGE ( 'NONE', *, *, #2663, .F. ) ;
#1078 = LINE ( 'NONE', #3083, #1152 ) ;
#1079 = ORIENTED_EDGE ( 'NONE', *, *, #1891, .F. ) ;
#1080 = CARTESIAN_POINT ( 'NONE',  ( 51.24142864431270539, 1.400000000000013012, 21.09999999999971365 ) ) ;
#1081 = ORIENTED_EDGE ( 'NONE', *, *, #3096, .F. ) ;
#1082 = DIRECTION ( 'NONE',  ( 0.000000000000000000, 0.7071067811865500152, 0.7071067811865451302 ) ) ;
#1083 = CARTESIAN_POINT ( 'NONE',  ( 56.97974596215601650, 8.200000000000038369, -13.50000000000002132 ) ) ;
#1084 = VERTEX_POINT ( 'NONE', #116 ) ;
#1085 = CARTESIAN_POINT ( 'NONE',  ( 76.21274099264529411, 30.05661816443070222, 92.54930690145332051 ) ) ;
#1086 = DIRECTION ( 'NONE',  ( 1.000000000000000000, 0.000000000000000000, 0.000000000000000000 ) ) ;
#1087 = ADVANCED_FACE ( 'NONE', ( #2876 ), #1858, .F. ) ;
#1088 = CARTESIAN_POINT ( 'NONE',  ( 59.24142864431270539, -3.599999999999981881, 24.19999999999972218 ) ) ;
#1089 = ORIENTED_EDGE ( 'NONE', *, *, #2058, .F. ) ;
#1090 = PLANE ( 'NONE',  #2463 ) ;
#1091 = CARTESIAN_POINT ( 'NONE',  ( 55.42974596215602645, -3.599999999999986322, -4.400000000000003020 ) ) ;
#1092 = ORIENTED_EDGE ( 'NONE', *, *, #1767, .T. ) ;
#1093 = DIRECTION ( 'NONE',  ( -6.221416680311846020E-16, -1.000000000000000000, 0.000000000000000000 ) ) ;
#1094 = CARTESIAN_POINT ( 'NONE',  ( 73.93934904389405460, 25.31489511268946302, 37.19999999999974705 ) ) ;
#1095 = PLANE ( 'NONE',  #1101 ) ;
#1096 = CIRCLE ( 'NONE', #2148, 3.588780975845890175 ) ;
#1097 = ORIENTED_EDGE ( 'NONE', *, *, #3158, .T. ) ;
#1098 = DIRECTION ( 'NONE',  ( -0.7071067811865310304, 8.659560562354729480E-17, 0.7071067811865641151 ) ) ;
#1099 = DIRECTION ( 'NONE',  ( -0.000000000000000000, -0.000000000000000000, 1.000000000000000000 ) ) ;
#1100 = DIRECTION ( 'NONE',  ( -6.928533639175094789E-16, 1.000000000000000000, -2.189528850507526673E-47 ) ) ;
#1101 = AXIS2_PLACEMENT_3D ( 'NONE', #589, #2590, #2360 ) ;
#1102 = EDGE_LOOP ( 'NONE', ( #1717, #782, #2956, #755, #718, #531, #90 ) ) ;
#1103 = EDGE_CURVE ( 'NONE', #1926, #1298, #383, .T. ) ;
#1104 = AXIS2_PLACEMENT_3D ( 'NONE', #367, #3104, #1109 ) ;
#1105 = AXIS2_PLACEMENT_3D ( 'NONE', #2534, #1014, #1784 ) ;
#1106 = EDGE_CURVE ( 'NONE', #1999, #2345, #398, .T. ) ;
#1107 = DIRECTION ( 'NONE',  ( 1.000000000000000000, 0.000000000000000000, 0.000000000000000000 ) ) ;
#1108 = ORIENTED_EDGE ( 'NONE', *, *, #1612, .F. ) ;
#1109 = DIRECTION ( 'NONE',  ( -1.000000000000000000, -7.107366756459264042E-16, 0.000000000000000000 ) ) ;
#1110 = AXIS2_PLACEMENT_3D ( 'NONE', #2124, #107, #3163 ) ;
#1111 = CARTESIAN_POINT ( 'NONE',  ( 47.07057035290875291, -3.599999999999991651, 0.000000000000000000 ) ) ;
#1112 = VERTEX_POINT ( 'NONE', #1385 ) ;
#1113 = LINE ( 'NONE', #400, #2773 ) ;
#1114 = LINE ( 'NONE', #1085, #2839 ) ;
#1115 = CARTESIAN_POINT ( 'NONE',  ( 33.57106781186551814, 8.581790342370009483, 37.19999999999957652 ) ) ;
#1116 = CARTESIAN_POINT ( 'NONE',  ( 67.02832722344200533, 25.00000000000000000, 30.49999999999998579 ) ) ;
#1117 = LINE ( 'NONE', #1392, #1320 ) ;
#1118 = VERTEX_POINT ( 'NONE', #850 ) ;
#1119 = CARTESIAN_POINT ( 'NONE',  ( 33.07106781186551103, -3.600000000000001865, 36.69999999999955520 ) ) ;
#1120 = ADVANCED_FACE ( 'NONE', ( #2130 ), #893, .F. ) ;
#1121 = EDGE_CURVE ( 'NONE', #2786, #3134, #3133, .T. ) ;
#1122 = VERTEX_POINT ( 'NONE', #1094 ) ;
#1123 = DIRECTION ( 'NONE',  ( -0.4478087658801135351, -0.8941293582032354692, -2.000844226037083105E-15 ) ) ;
#1124 = DIRECTION ( 'NONE',  ( 0.4999999999999101830, 0.5000000000000965894, 0.7071067811865427988 ) ) ;
#1125 = LINE ( 'NONE', #1910, #477 ) ;
#1126 = CARTESIAN_POINT ( 'NONE',  ( 49.47974596215602361, 8.200000000000027711, 11.45886918214689132 ) ) ;
#1127 = CARTESIAN_POINT ( 'NONE',  ( 79.19571090183927708, 28.74198029161474821, 37.19999999999976836 ) ) ;
#1128 = CARTESIAN_POINT ( 'NONE',  ( 49.47974596215602361, -3.100000000000009859, -13.50000000000002309 ) ) ;
#1129 = LINE ( 'NONE', #2396, #2577 ) ;
#1130 = ORIENTED_EDGE ( 'NONE', *, *, #1396, .T. ) ;
#1131 = FACE_OUTER_BOUND ( 'NONE', #3095, .T. ) ;
#1132 = ORIENTED_EDGE ( 'NONE', *, *, #3231, .T. ) ;
#1133 = LINE ( 'NONE', #2304, #219 ) ;
#1134 = ORIENTED_EDGE ( 'NONE', *, *, #1853, .F. ) ;
#1135 = FACE_OUTER_BOUND ( 'NONE', #465, .T. ) ;
#1136 = EDGE_LOOP ( 'NONE', ( #243, #3187, #546, #1403 ) ) ;
#1137 = DIRECTION ( 'NONE',  ( 0.000000000000000000, 0.000000000000000000, 1.000000000000000000 ) ) ;
#1138 = ADVANCED_FACE ( 'NONE', ( #1873 ), #2403, .T. ) ;
#1139 = CARTESIAN_POINT ( 'NONE',  ( 56.97974596215601650, 8.200000000000034817, -14.00000000000000000 ) ) ;
#1140 = CARTESIAN_POINT ( 'NONE',  ( 73.49454805301495242, 25.54326340845965149, 36.69999999999972573 ) ) ;
#1141 = EDGE_CURVE ( 'NONE', #2996, #642, #39, .T. ) ;
#1142 = DIRECTION ( 'NONE',  ( 1.000000000000000000, 0.000000000000000000, 0.000000000000000000 ) ) ;
#1143 = ORIENTED_EDGE ( 'NONE', *, *, #2546, .F. ) ;
#1144 = AXIS2_PLACEMENT_3D ( 'NONE', #1506, #252, #2908 ) ;
#1145 = DIRECTION ( 'NONE',  ( 0.7071067811865310304, 0.000000000000000000, 0.7071067811865641151 ) ) ;
#1146 = CONICAL_SURFACE ( 'NONE', #2992, 1.499999999999973577, 0.7853981633974473908 ) ;
#1147 = DIRECTION ( 'NONE',  ( -0.6290435938582185083, 0.3229615410942122122, 0.7071067811865390240 ) ) ;
#1148 = VECTOR ( 'NONE', #817, 1000.000000000000000 ) ;
#1149 = AXIS2_PLACEMENT_3D ( 'NONE', #1352, #2598, #1841 ) ;
#1150 = CARTESIAN_POINT ( 'NONE',  ( 78.18272428341430214, 15.16598561813023949, 92.54930690145332051 ) ) ;
#1151 = VECTOR ( 'NONE', #2748, 999.9999999999998863 ) ;
#1152 = VECTOR ( 'NONE', #2349, 1000.000000000000114 ) ;
#1153 = VECTOR ( 'NONE', #1500, 1000.000000000000000 ) ;
#1154 = EDGE_CURVE ( 'NONE', #667, #2043, #1836, .T. ) ;
#1155 = VERTEX_POINT ( 'NONE', #586 ) ;
#1156 = DIRECTION ( 'NONE',  ( 0.7082657339891689219, -0.7059459257314145697, 0.000000000000000000 ) ) ;
#1157 = ORIENTED_EDGE ( 'NONE', *, *, #1486, .T. ) ;
#1158 = AXIS2_PLACEMENT_3D ( 'NONE', #1294, #1032, #2289 ) ;
#1159 = CARTESIAN_POINT ( 'NONE',  ( 65.49453338609693276, -10.16515255156709863, 30.00000000000000000 ) ) ;
#1160 = EDGE_CURVE ( 'NONE', #1945, #2897, #1592, .T. ) ;
#1161 = VECTOR ( 'NONE', #1925, 1000.000000000000114 ) ;
#1162 = CARTESIAN_POINT ( 'NONE',  ( 58.14000000000000057, 24.59234527346169585, 36.69999999999964757 ) ) ;
#1163 = FACE_OUTER_BOUND ( 'NONE', #1934, .T. ) ;
#1164 = CIRCLE ( 'NONE', #2223, 0.9500000000000005107 ) ;
#1165 = LINE ( 'NONE', #441, #2566 ) ;
#1166 = FACE_OUTER_BOUND ( 'NONE', #1378, .T. ) ;
#1167 = EDGE_LOOP ( 'NONE', ( #933, #1251, #397, #2488, #1849, #1503 ) ) ;
#1168 = EDGE_CURVE ( 'NONE', #1616, #1196, #2354, .T. ) ;
#1169 = FACE_OUTER_BOUND ( 'NONE', #587, .T. ) ;
#1170 = DIRECTION ( 'NONE',  ( 1.000000000000000000, 0.000000000000000000, 0.000000000000000000 ) ) ;
#1171 = CARTESIAN_POINT ( 'NONE',  ( 76.25086090287652496, 6.519136119638330840, 36.69999999999972573 ) ) ;
#1172 = CARTESIAN_POINT ( 'NONE',  ( 33.07106781186551103, 8.699999999999992184, 36.69999999999956941 ) ) ;
#1173 = VERTEX_POINT ( 'NONE', #1208 ) ;
#1174 = FACE_OUTER_BOUND ( 'NONE', #918, .T. ) ;
#1175 = ORIENTED_EDGE ( 'NONE', *, *, #520, .F. ) ;
#1176 = DIRECTION ( 'NONE',  ( -1.000000000000000000, 0.000000000000000000, 0.000000000000000000 ) ) ;
#1177 = PRODUCT_DEFINITION_CONTEXT ( 'detailed design', #1515, 'design' ) ;
#1178 = CARTESIAN_POINT ( 'NONE',  ( 41.85220674431636212, 24.50000000000000711, 30.00000000000000000 ) ) ;
#1179 = DIRECTION ( 'NONE',  ( -0.4999999999998978040, -0.5000000000001012523, -0.7071067811865482389 ) ) ;
#1180 = CARTESIAN_POINT ( 'NONE',  ( 59.24142864431270539, -3.599999999999981881, 24.19999999999972218 ) ) ;
#1181 = LINE ( 'NONE', #1247, #2372 ) ;
#1182 = EDGE_CURVE ( 'NONE', #2836, #1926, #1716, .T. ) ;
#1183 = ORIENTED_EDGE ( 'NONE', *, *, #1337, .T. ) ;
#1184 = ORIENTED_EDGE ( 'NONE', *, *, #3004, .F. ) ;
#1185 = DIRECTION ( 'NONE',  ( -0.4478087658801134796, -0.8941293582032354692, 0.000000000000000000 ) ) ;
#1186 = ADVANCED_FACE ( 'NONE', ( #3239 ), #2973, .T. ) ;
#1187 = PLANE ( 'NONE',  #734 ) ;
#1188 = CARTESIAN_POINT ( 'NONE',  ( 46.08393142754541572, -2.613361074636667336, 36.69999999999955520 ) ) ;
#1189 = ADVANCED_FACE ( 'NONE', ( #2167 ), #2914, .T. ) ;
#1190 = EDGE_CURVE ( 'NONE', #1561, #2448, #511, .T. ) ;
#1191 = ORIENTED_EDGE ( 'NONE', *, *, #2547, .F. ) ;
#1192 = ORIENTED_EDGE ( 'NONE', *, *, #1207, .T. ) ;
#1193 = CARTESIAN_POINT ( 'NONE',  ( 58.74142864431272670, 8.700000000000017053, 11.24595446072666327 ) ) ;
#1194 = FACE_OUTER_BOUND ( 'NONE', #2554, .T. ) ;
#1195 = DIRECTION ( 'NONE',  ( 0.000000000000000000, 0.000000000000000000, -1.000000000000000000 ) ) ;
#1196 = VERTEX_POINT ( 'NONE', #3227 ) ;
#1197 = ORIENTED_EDGE ( 'NONE', *, *, #3260, .T. ) ;
#1198 = DIRECTION ( 'NONE',  ( -1.000000000000000000, -6.928533639175094789E-16, 0.000000000000000000 ) ) ;
#1199 = DIRECTION ( 'NONE',  ( -0.000000000000000000, -0.000000000000000000, -1.000000000000000000 ) ) ;
#1200 = VECTOR ( 'NONE', #1423, 1000.000000000000000 ) ;
#1201 = CARTESIAN_POINT ( 'NONE',  ( 67.02832722344223271, 25.00000000000000000, 36.69999999999969731 ) ) ;
#1202 = DIRECTION ( 'NONE',  ( 0.7071067811865446862, 0.7071067811865504593, 0.000000000000000000 ) ) ;
#1203 = EDGE_CURVE ( 'NONE', #713, #2694, #1440, .T. ) ;
#1204 = VECTOR ( 'NONE', #1069, 1000.000000000000000 ) ;
#1205 = VECTOR ( 'NONE', #2906, 1000.000000000000000 ) ;
#1206 = AXIS2_PLACEMENT_3D ( 'NONE', #1429, #2942, #1692 ) ;
#1207 = EDGE_CURVE ( 'NONE', #1034, #1797, #2484, .T. ) ;
#1208 = CARTESIAN_POINT ( 'NONE',  ( 53.52974596215603498, -3.599999999999988098, -10.90000000000000213 ) ) ;
#1209 = EDGE_LOOP ( 'NONE', ( #3205, #2553, #2135, #2219 ) ) ;
#1210 = DIRECTION ( 'NONE',  ( 1.000000000000000000, 6.928533639175096761E-16, 5.337610695313253357E-16 ) ) ;
#1211 = AXIS2_PLACEMENT_3D ( 'NONE', #1244, #2757, #745 ) ;
#1212 = LINE ( 'NONE', #1721, #1954 ) ;
#1213 = LINE ( 'NONE', #2426, #729 ) ;
#1214 = CARTESIAN_POINT ( 'NONE',  ( 56.97974596215602361, -3.100000000000004974, -13.50000000000002132 ) ) ;
#1215 = CONICAL_SURFACE ( 'NONE', #744, 1.000000000000000888, 0.7853981633974551624 ) ;
#1216 = DIRECTION ( 'NONE',  ( 0.000000000000000000, 0.000000000000000000, 1.000000000000000000 ) ) ;
#1217 = EDGE_LOOP ( 'NONE', ( #2369, #1585, #1668, #2771 ) ) ;
#1218 = ORIENTED_EDGE ( 'NONE', *, *, #3066, .T. ) ;
#1219 = CIRCLE ( 'NONE', #2581, 1.000000000000000888 ) ;
#1220 = EDGE_LOOP ( 'NONE', ( #3, #2416, #1348, #2175 ) ) ;
#1221 = EDGE_CURVE ( 'NONE', #227, #1616, #2438, .T. ) ;
#1222 = PLANE ( 'NONE',  #945 ) ;
#1223 = CARTESIAN_POINT ( 'NONE',  ( 77.69475465417144733, 15.27500690475183198, 37.19999999999976126 ) ) ;
#1224 = ADVANCED_FACE ( 'NONE', ( #947 ), #1669, .F. ) ;
#1225 = DIRECTION ( 'NONE',  ( -0.000000000000000000, -0.000000000000000000, -1.000000000000000000 ) ) ;
#1226 = EDGE_LOOP ( 'NONE', ( #2414, #2802, #2294, #366 ) ) ;
#1227 = DIRECTION ( 'NONE',  ( -0.7071067811865475727, 0.7071067811865475727, 0.000000000000000000 ) ) ;
#1228 = DIRECTION ( 'NONE',  ( -0.6649674279714439251, -0.7468723583966958568, -2.874399447520905236E-15 ) ) ;
#1229 = EDGE_CURVE ( 'NONE', #2796, #562, #414, .T. ) ;
#1230 = LINE ( 'NONE', #2631, #846 ) ;
#1231 = LINE ( 'NONE', #1995, #97 ) ;
#1232 = DIRECTION ( 'NONE',  ( -0.000000000000000000, -0.000000000000000000, -1.000000000000000000 ) ) ;
#1233 = DIRECTION ( 'NONE',  ( 0.7071067811866894592, -0.7071067811864056862, 2.806546270564191840E-15 ) ) ;
#1234 = ORIENTED_EDGE ( 'NONE', *, *, #2920, .T. ) ;
#1235 = ORIENTED_EDGE ( 'NONE', *, *, #1427, .F. ) ;
#1236 = SURFACE_STYLE_FILL_AREA ( #3236 ) ;
#1237 = CARTESIAN_POINT ( 'NONE',  ( 58.74142864431272670, -3.599999999999983213, 24.69999999999970086 ) ) ;
#1238 = EDGE_CURVE ( 'NONE', #1967, #3134, #2620, .T. ) ;
#1239 = DIRECTION ( 'NONE',  ( 1.000000000000000000, 6.928533639175096761E-16, 5.337610695313253357E-16 ) ) ;
#1240 = LINE ( 'NONE', #3254, #1473 ) ;
#1241 = ORIENTED_EDGE ( 'NONE', *, *, #314, .T. ) ;
#1242 = ADVANCED_FACE ( 'NONE', ( #1174 ), #2202, .F. ) ;
#1243 = CARTESIAN_POINT ( 'NONE',  ( 2.338687298065825313E-15, -3.600000000000024958, 0.000000000000000000 ) ) ;
#1244 = CARTESIAN_POINT ( 'NONE',  ( 49.97974596215600940, -3.599999999999989431, 0.000000000000000000 ) ) ;
#1245 = LINE ( 'NONE', #2740, #265 ) ;
#1246 = CARTESIAN_POINT ( 'NONE',  ( 56.47974596215604492, -3.599999999999984546, -13.50000000000001954 ) ) ;
#1247 = CARTESIAN_POINT ( 'NONE',  ( 67.24142864431270539, 8.700000000000024158, 29.49999999999998579 ) ) ;
#1248 = EDGE_LOOP ( 'NONE', ( #2585, #2763, #1081, #793 ) ) ;
#1249 = CARTESIAN_POINT ( 'NONE',  ( 49.47974596215602361, 4.400000000000035882, 11.45886918214689132 ) ) ;
#1250 = EDGE_CURVE ( 'NONE', #2694, #960, #1474, .T. ) ;
#1251 = ORIENTED_EDGE ( 'NONE', *, *, #343, .T. ) ;
#1252 = DIRECTION ( 'NONE',  ( 4.135580799816630757E-15, 1.665250005579849882E-16, -1.000000000000000000 ) ) ;
#1253 = CARTESIAN_POINT ( 'NONE',  ( 56.97974596215601650, 8.200000000000034817, -14.00000000000000000 ) ) ;
#1254 = EDGE_LOOP ( 'NONE', ( #1157, #1447, #2527, #808 ) ) ;
#1255 = AXIS2_PLACEMENT_3D ( 'NONE', #1304, #3088, #2288 ) ;
#1256 = DIRECTION ( 'NONE',  ( 0.5281185093030863476, -0.4702029775867817563, 0.7071067811865549002 ) ) ;
#1257 = EDGE_CURVE ( 'NONE', #1997, #1196, #2700, .T. ) ;
#1258 = VECTOR ( 'NONE', #2186, 1000.000000000000227 ) ;
#1259 = VECTOR ( 'NONE', #2917, 1000.000000000000114 ) ;
#1260 = EDGE_LOOP ( 'NONE', ( #2315, #574, #1313, #1000 ) ) ;
#1261 = AXIS2_PLACEMENT_3D ( 'NONE', #1621, #1368, #2376 ) ;
#1262 = AXIS2_PLACEMENT_3D ( 'NONE', #3213, #702, #440 ) ;
#1263 = ORIENTED_EDGE ( 'NONE', *, *, #908, .F. ) ;
#1264 = FACE_OUTER_BOUND ( 'NONE', #814, .T. ) ;
#1265 = FACE_OUTER_BOUND ( 'NONE', #1984, .T. ) ;
#1266 = FACE_OUTER_BOUND ( 'NONE', #2318, .T. ) ;
#1267 = AXIS2_PLACEMENT_3D ( 'NONE', #237, #2017, #499 ) ;
#1268 = CYLINDRICAL_SURFACE ( 'NONE', #259, 1.000000000000000888 ) ;
#1269 = ORIENTED_EDGE ( 'NONE', *, *, #1796, .T. ) ;
#1270 = VECTOR ( 'NONE', #3161, 1000.000000000000000 ) ;
#1271 = EDGE_CURVE ( 'NONE', #1061, #2996, #2502, .T. ) ;
#1272 = CARTESIAN_POINT ( 'NONE',  ( 66.34426711928915665, -1.599999999999977884, 24.19999999999972218 ) ) ;
#1273 = CARTESIAN_POINT ( 'NONE',  ( 33.57985010691056260, 5.123163510212804361, 36.69999999999955520 ) ) ;
#1274 = AXIS2_PLACEMENT_3D ( 'NONE', #2229, #2982, #3237 ) ;
#1275 = ADVANCED_FACE ( 'NONE', ( #2417 ), #1625, .F. ) ;
#1276 = DIRECTION ( 'NONE',  ( 0.7056182179683566646, 0.7056182179683585520, -0.06485260937170317375 ) ) ;
#1277 = VERTEX_POINT ( 'NONE', #690 ) ;
#1278 = DIRECTION ( 'NONE',  ( -8.597646719788537737E-16, 0.8907088114519718935, 0.4545743208781328759 ) ) ;
#1279 = CARTESIAN_POINT ( 'NONE',  ( 67.02832722344200533, 24.50000000000000711, 30.00000000000000000 ) ) ;
#1280 = ORIENTED_EDGE ( 'NONE', *, *, #845, .T. ) ;
#1281 = EDGE_CURVE ( 'NONE', #498, #2974, #1950, .T. ) ;
#1282 = ORIENTED_EDGE ( 'NONE', *, *, #3080, .T. ) ;
#1283 = DIRECTION ( 'NONE',  ( -1.000000000000000000, 6.221416680311846020E-16, 0.000000000000000000 ) ) ;
#1284 = DIRECTION ( 'NONE',  ( -0.000000000000000000, -0.000000000000000000, -1.000000000000000000 ) ) ;
#1285 = EDGE_LOOP ( 'NONE', ( #2183, #1696, #2921, #1560 ) ) ;
#1286 = ADVANCED_FACE ( 'NONE', ( #501 ), #619, .T. ) ;
#1287 = CARTESIAN_POINT ( 'NONE',  ( 49.47974596215602361, 8.200000000000029488, 11.45886918214689132 ) ) ;
#1288 = DIRECTION ( 'NONE',  ( -4.135580799816630757E-15, -1.665250005579849882E-16, 1.000000000000000000 ) ) ;
#1289 = DIRECTION ( 'NONE',  ( -0.000000000000000000, -0.000000000000000000, -1.000000000000000000 ) ) ;
#1290 = ADVANCED_FACE ( 'NONE', ( #3198 ), #2871, .T. ) ;
#1291 = DIRECTION ( 'NONE',  ( 1.922962686383558590E-15, 0.7071067811865496822, 0.7071067811865454633 ) ) ;
#1292 = ORIENTED_EDGE ( 'NONE', *, *, #180, .T. ) ;
#1293 = PLANE ( 'NONE',  #1255 ) ;
#1294 = CARTESIAN_POINT ( 'NONE',  ( 78.17200000000002547, 26.51299999999995194, 30.25000000000000711 ) ) ;
#1295 = ORIENTED_EDGE ( 'NONE', *, *, #3020, .T. ) ;
#1296 = ORIENTED_EDGE ( 'NONE', *, *, #1550, .T. ) ;
#1297 = DIRECTION ( 'NONE',  ( -0.000000000000000000, -0.000000000000000000, -1.000000000000000000 ) ) ;
#1298 = VERTEX_POINT ( 'NONE', #2449 ) ;
#1299 = EDGE_CURVE ( 'NONE', #60, #1590, #2209, .T. ) ;
#1300 = DIRECTION ( 'NONE',  ( -0.000000000000000000, -0.000000000000000000, -1.000000000000000000 ) ) ;
#1301 = ADVANCED_FACE ( 'NONE', ( #1265 ), #2399, .T. ) ;
#1302 = ORIENTED_EDGE ( 'NONE', *, *, #1762, .F. ) ;
#1303 = VECTOR ( 'NONE', #2431, 1000.000000000000000 ) ;
#1304 = CARTESIAN_POINT ( 'NONE',  ( 41.85220674431636212, 25.00000000000000355, 92.54930690145332051 ) ) ;
#1305 = VECTOR ( 'NONE', #1922, 1000.000000000000000 ) ;
#1306 = VECTOR ( 'NONE', #705, 1000.000000000000000 ) ;
#1307 = CARTESIAN_POINT ( 'NONE',  ( 82.80490392929935695, 24.89674705151018941, 36.69999999999975415 ) ) ;
#1308 = EDGE_LOOP ( 'NONE', ( #2967, #192, #436, #2079 ) ) ;
#1309 = AXIS2_PLACEMENT_3D ( 'NONE', #1862, #2622, #63 ) ;
#1310 = VECTOR ( 'NONE', #356, 1000.000000000000000 ) ;
#1311 = ORIENTED_EDGE ( 'NONE', *, *, #10, .F. ) ;
#1312 = PLANE ( 'NONE',  #1643 ) ;
#1313 = ORIENTED_EDGE ( 'NONE', *, *, #555, .F. ) ;
#1314 = CARTESIAN_POINT ( 'NONE',  ( 82.40264426036971201, 25.32794015189909942, 30.00000000000000000 ) ) ;
#1315 = AXIS2_PLACEMENT_3D ( 'NONE', #1088, #3127, #1361 ) ;
#1316 = EDGE_CURVE ( 'NONE', #54, #1016, #1435, .T. ) ;
#1317 = ORIENTED_EDGE ( 'NONE', *, *, #1203, .F. ) ;
#1318 = FACE_OUTER_BOUND ( 'NONE', #2023, .T. ) ;
#1319 = VECTOR ( 'NONE', #1601, 1000.000000000000000 ) ;
#1320 = VECTOR ( 'NONE', #687, 1000.000000000000000 ) ;
#1321 = ORIENTED_EDGE ( 'NONE', *, *, #2606, .T. ) ;
#1322 = CARTESIAN_POINT ( 'NONE',  ( 55.42974596215603356, -3.599999999999986322, -10.90000000000000213 ) ) ;
#1323 = CARTESIAN_POINT ( 'NONE',  ( 49.25167277655799580, 25.00000000000000000, 30.49999999999998579 ) ) ;
#1324 = EDGE_CURVE ( 'NONE', #1713, #1122, #2159, .T. ) ;
#1325 = ORIENTED_EDGE ( 'NONE', *, *, #2080, .T. ) ;
#1326 = ORIENTED_EDGE ( 'NONE', *, *, #2374, .F. ) ;
#1327 = LINE ( 'NONE', #1630, #1270 ) ;
#1328 = DIRECTION ( 'NONE',  ( 1.000000000000000000, -4.688780159049614113E-16, 4.135580799816630757E-15 ) ) ;
#1329 = FACE_OUTER_BOUND ( 'NONE', #81, .T. ) ;
#1330 = ORIENTED_EDGE ( 'NONE', *, *, #1203, .T. ) ;
#1331 = ORIENTED_EDGE ( 'NONE', *, *, #2127, .T. ) ;
#1332 = EDGE_CURVE ( 'NONE', #2949, #960, #2721, .T. ) ;
#1333 = VERTEX_POINT ( 'NONE', #2769 ) ;
#1334 = DIRECTION ( 'NONE',  ( -4.135580799816630757E-15, -1.665250005579849882E-16, 1.000000000000000000 ) ) ;
#1335 = DIRECTION ( 'NONE',  ( -1.000000000000000000, 0.000000000000000000, 0.000000000000000000 ) ) ;
#1336 = FACE_OUTER_BOUND ( 'NONE', #2592, .T. ) ;
#1337 = EDGE_CURVE ( 'NONE', #2043, #3217, #1627, .T. ) ;
#1338 = ORIENTED_EDGE ( 'NONE', *, *, #444, .T. ) ;
#1339 = CARTESIAN_POINT ( 'NONE',  ( 49.25167277655799580, 25.00000000000000000, 36.69999999999961915 ) ) ;
#1340 = LINE ( 'NONE', #2382, #1798 ) ;
#1341 = CARTESIAN_POINT ( 'NONE',  ( 51.24142864431271960, 2.466566298419555547, 14.59999999999971365 ) ) ;
#1342 = ORIENTED_EDGE ( 'NONE', *, *, #1271, .F. ) ;
#1343 = ADVANCED_FACE ( 'NONE', ( #174 ), #3168, .F. ) ;
#1344 = CARTESIAN_POINT ( 'NONE',  ( 67.83801183608255769, -2.929934855942872840, 24.69999999999970086 ) ) ;
#1345 = VERTEX_POINT ( 'NONE', #1916 ) ;
#1346 = CYLINDRICAL_SURFACE ( 'NONE', #51, 1.000000000000000888 ) ;
#1347 = DIRECTION ( 'NONE',  ( 0.6379939302913986143, -0.3048995652855818195, 0.7071067811865456854 ) ) ;
#1348 = ORIENTED_EDGE ( 'NONE', *, *, #1456, .F. ) ;
#1349 = ADVANCED_FACE ( 'NONE', ( #2177 ), #1665, .F. ) ;
#1350 = DIRECTION ( 'NONE',  ( -0.000000000000000000, -0.000000000000000000, -1.000000000000000000 ) ) ;
#1351 = VECTOR ( 'NONE', #2473, 1000.000000000000000 ) ;
#1352 = CARTESIAN_POINT ( 'NONE',  ( 41.85220674431636212, 24.00000000000000000, 36.69999999999959073 ) ) ;
#1353 = DIRECTION ( 'NONE',  ( -0.7071067811865474617, -2.403703357979459183E-15, -0.7071067811865474617 ) ) ;
#1354 = CIRCLE ( 'NONE', #728, 1.000000000000000888 ) ;
#1355 = VECTOR ( 'NONE', #3089, 1000.000000000000000 ) ;
#1356 = ORIENTED_EDGE ( 'NONE', *, *, #1563, .T. ) ;
#1357 = DIRECTION ( 'NONE',  ( 0.6830111344383661409, -0.6830111344383656968, 0.2588273178519469031 ) ) ;
#1358 = CIRCLE ( 'NONE', #3051, 0.5000000000000004441 ) ;
#1359 = CIRCLE ( 'NONE', #1262, 19.20000000001564899 ) ;
#1360 = ORIENTED_EDGE ( 'NONE', *, *, #2425, .T. ) ;
#1361 = DIRECTION ( 'NONE',  ( 6.928533639175094789E-16, -1.000000000000000000, 0.000000000000000000 ) ) ;
#1362 = CARTESIAN_POINT ( 'NONE',  ( 61.90809531097935547, 5.533333333333375847, 21.53333333333305433 ) ) ;
#1363 = VECTOR ( 'NONE', #1369, 1000.000000000000114 ) ;
#1364 = EDGE_CURVE ( 'NONE', #369, #227, #1931, .T. ) ;
#1365 = CONICAL_SURFACE ( 'NONE', #426, 19.20000000001564899, 0.7853981633974482790 ) ;
#1366 = VECTOR ( 'NONE', #1828, 1000.000000000000000 ) ;
#1367 = ORIENTED_EDGE ( 'NONE', *, *, #2246, .F. ) ;
#1368 = DIRECTION ( 'NONE',  ( 0.6290435938582170650, -0.3229615410942140996, -0.7071067811865396902 ) ) ;
#1369 = DIRECTION ( 'NONE',  ( -0.6900932677013629224, 0.1541793821276084830, 0.7071067811865503483 ) ) ;
#1370 = ORIENTED_EDGE ( 'NONE', *, *, #2113, .F. ) ;
#1371 = CARTESIAN_POINT ( 'NONE',  ( 33.09528627700179015, -9.633069142404519170, 36.69999999999955520 ) ) ;
#1372 = DIRECTION ( 'NONE',  ( 1.000000000000000000, 6.928533639175096761E-16, 5.337610695313253357E-16 ) ) ;
#1373 = CARTESIAN_POINT ( 'NONE',  ( 67.83801183608255769, -2.929934855942869287, 24.69999999999970086 ) ) ;
#1374 = UNCERTAINTY_MEASURE_WITH_UNIT (LENGTH_MEASURE( 1.000000000000000082E-05 ), #2410, 'distance_accuracy_value', 'NONE');
#1375 = ORIENTED_EDGE ( 'NONE', *, *, #3231, .F. ) ;
#1376 = DIRECTION ( 'NONE',  ( 1.000000000000000000, 6.928533639175096761E-16, 5.337610695313253357E-16 ) ) ;
#1377 = CARTESIAN_POINT ( 'NONE',  ( 76.36343605452948680, 7.023012534202405455, 30.00000000000000000 ) ) ;
#1378 = EDGE_LOOP ( 'NONE', ( #3180, #1011, #415, #290, #1757, #1761, #2625, #824, #3240, #1269, #1321, #2494, #2497, #2742, #797, #2375, #2711, #427, #545 ) ) ;
#1379 = PLANE ( 'NONE',  #1315 ) ;
#1380 = DIRECTION ( 'NONE',  ( -7.107366756459264042E-16, 1.000000000000000000, 0.000000000000000000 ) ) ;
#1381 = EDGE_CURVE ( 'NONE', #2125, #562, #1759, .T. ) ;
#1382 = VERTEX_POINT ( 'NONE', #670 ) ;
#1383 = CARTESIAN_POINT ( 'NONE',  ( 49.25167277655799580, 24.00000000000000000, 30.49999999999998579 ) ) ;
#1384 = ADVANCED_FACE ( 'NONE', ( #2756 ), #2675, .F. ) ;
#1385 = CARTESIAN_POINT ( 'NONE',  ( 59.24142864431271249, 2.246173370879393616, 15.03184560483394350 ) ) ;
#1386 = ORIENTED_EDGE ( 'NONE', *, *, #1825, .T. ) ;
#1387 = DIRECTION ( 'NONE',  ( -1.000000000000000000, 0.000000000000000000, 0.000000000000000000 ) ) ;
#1388 = DIRECTION ( 'NONE',  ( -0.4567365915403499010, -0.8896019817581926059, 0.000000000000000000 ) ) ;
#1389 = DIRECTION ( 'NONE',  ( 0.000000000000000000, 0.000000000000000000, -1.000000000000000000 ) ) ;
#1390 = CARTESIAN_POINT ( 'NONE',  ( 56.47974596215603782, 8.200000000000034817, -14.00000000000000000 ) ) ;
#1391 = CARTESIAN_POINT ( 'NONE',  ( 51.24142864431271960, 2.246173370879388287, 14.16815439516549091 ) ) ;
#1392 = CARTESIAN_POINT ( 'NONE',  ( 76.25086090287652496, 6.519136119638330840, 8.953365301757276740 ) ) ;
#1393 = ORIENTED_EDGE ( 'NONE', *, *, #1324, .T. ) ;
#1394 = PLANE ( 'NONE',  #2459 ) ;
#1395 = CARTESIAN_POINT ( 'NONE',  ( 81.90264426036928569, 25.32794015189909942, 30.49999999999998579 ) ) ;
#1396 = EDGE_CURVE ( 'NONE', #1058, #2016, #1540, .T. ) ;
#1397 = CARTESIAN_POINT ( 'NONE',  ( 49.97974596215600229, 8.700000000000009948, 11.64834436403010187 ) ) ;
#1398 = LINE ( 'NONE', #2162, #1471 ) ;
#1399 = DIRECTION ( 'NONE',  ( -0.4311931003885310920, -0.9022596689298076900, -1.933482698852197838E-15 ) ) ;
#1400 = EDGE_CURVE ( 'NONE', #2387, #2796, #1573, .T. ) ;
#1401 = ORIENTED_EDGE ( 'NONE', *, *, #1064, .T. ) ;
#1402 = DIRECTION ( 'NONE',  ( 0.7071067811865505703, 8.659560562354969836E-17, -0.7071067811865444641 ) ) ;
#1403 = ORIENTED_EDGE ( 'NONE', *, *, #915, .F. ) ;
#1404 = CARTESIAN_POINT ( 'NONE',  ( 66.34426711928915665, -3.599999999999977884, 36.69999999999969020 ) ) ;
#1405 = ADVANCED_FACE ( 'NONE', ( #285 ), #2551, .T. ) ;
#1406 = DIRECTION ( 'NONE',  ( 0.7468723583966958568, -0.6649674279714439251, 0.000000000000000000 ) ) ;
#1407 = DIRECTION ( 'NONE',  ( -0.1574037999939329469, 0.6893649568606429190, 0.7071067811865432429 ) ) ;
#1408 = PLANE ( 'NONE',  #1110 ) ;
#1409 = LINE ( 'NONE', #2411, #1161 ) ;
#1410 = ORIENTED_EDGE ( 'NONE', *, *, #1689, .T. ) ;
#1411 = CIRCLE ( 'NONE', #3259, 0.9499999999999995115 ) ;
#1412 = DIRECTION ( 'NONE',  ( 1.000000000000000000, 0.000000000000000000, 0.000000000000000000 ) ) ;
#1413 = EDGE_LOOP ( 'NONE', ( #296, #1296, #1559, #381 ) ) ;
#1414 = DIRECTION ( 'NONE',  ( -0.7071067811865474617, -2.472095916683010704E-15, 0.7071067811865474617 ) ) ;
#1415 = DIRECTION ( 'NONE',  ( -0.4999999999998975264, -0.5000000000000981437, 0.7071067811865505703 ) ) ;
#1416 = AXIS2_PLACEMENT_3D ( 'NONE', #431, #1808, #1335 ) ;
#1417 = VECTOR ( 'NONE', #2983, 1000.000000000000114 ) ;
#1418 = DIRECTION ( 'NONE',  ( -0.1822780943043557922, -1.295517267889525212E-16, -0.9832470169478128019 ) ) ;
#1419 = PRESENTATION_LAYER_ASSIGNMENT (  '', '', ( #2999 ) ) ;
#1420 = AXIS2_PLACEMENT_3D ( 'NONE', #2, #1755, #3230 ) ;
#1421 = VECTOR ( 'NONE', #781, 1000.000000000000000 ) ;
#1422 = VERTEX_POINT ( 'NONE', #2816 ) ;
#1423 = DIRECTION ( 'NONE',  ( 0.000000000000000000, -0.000000000000000000, -1.000000000000000000 ) ) ;
#1424 = ORIENTED_EDGE ( 'NONE', *, *, #1207, .F. ) ;
#1425 = CARTESIAN_POINT ( 'NONE',  ( 67.02832722344200533, 24.49999999999997868, 37.19999999999971863 ) ) ;
#1426 = CIRCLE ( 'NONE', #1, 1.500000000000029088 ) ;
#1427 = EDGE_CURVE ( 'NONE', #2980, #1521, #816, .T. ) ;
#1428 = CARTESIAN_POINT ( 'NONE',  ( 54.47974596215602361, -3.599999999999987210, -4.400000000000003020 ) ) ;
#1429 = CARTESIAN_POINT ( 'NONE',  ( 78.17200000000002547, 26.51299999999995194, 37.19999999999976126 ) ) ;
#1430 = CARTESIAN_POINT ( 'NONE',  ( 67.02832722344200533, 24.00000000000000000, 30.00000000000000000 ) ) ;
#1431 = CARTESIAN_POINT ( 'NONE',  ( 82.80490392929935695, 24.89674705151018941, 92.54930690145332051 ) ) ;
#1432 = ORIENTED_EDGE ( 'NONE', *, *, #1010, .F. ) ;
#1433 = VERTEX_POINT ( 'NONE', #1323 ) ;
#1434 = ORIENTED_EDGE ( 'NONE', *, *, #175, .F. ) ;
#1435 = LINE ( 'NONE', #139, #1045 ) ;
#1436 = DIRECTION ( 'NONE',  ( 0.000000000000000000, 0.000000000000000000, -1.000000000000000000 ) ) ;
#1437 = CARTESIAN_POINT ( 'NONE',  ( 33.07106781186550393, 8.699999999999999289, 30.49999999999998579 ) ) ;
#1438 = PLANE ( 'NONE',  #1782 ) ;
#1439 = ORIENTED_EDGE ( 'NONE', *, *, #417, .T. ) ;
#1440 = LINE ( 'NONE', #199, #142 ) ;
#1441 = ORIENTED_EDGE ( 'NONE', *, *, #2498, .T. ) ;
#1442 = CARTESIAN_POINT ( 'NONE',  ( 82.60975104155610893, 26.03504693308570594, 36.69999999999976126 ) ) ;
#1443 = FACE_OUTER_BOUND ( 'NONE', #507, .T. ) ;
#1444 = CARTESIAN_POINT ( 'NONE',  ( 73.49454805301495242, 25.54326340845965149, 30.49999999999998579 ) ) ;
#1445 = ADVANCED_FACE ( 'NONE', ( #851 ), #1293, .F. ) ;
#1446 = ORIENTED_EDGE ( 'NONE', *, *, #3003, .T. ) ;
#1447 = ORIENTED_EDGE ( 'NONE', *, *, #2568, .T. ) ;
#1448 = CARTESIAN_POINT ( 'NONE',  ( 73.93934904389404039, 25.31489511268948078, 30.00000000000000000 ) ) ;
#1449 = EDGE_CURVE ( 'NONE', #2582, #227, #1046, .T. ) ;
#1450 = DIRECTION ( 'NONE',  ( 1.000000000000000000, 6.928533639175094789E-16, -0.000000000000000000 ) ) ;
#1451 = ORIENTED_EDGE ( 'NONE', *, *, #2853, .F. ) ;
#1452 = CARTESIAN_POINT ( 'NONE',  ( 49.47974596215602361, 8.200000000000027711, -14.00000000000000178 ) ) ;
#1453 = VERTEX_POINT ( 'NONE', #2523 ) ;
#1454 = DIRECTION ( 'NONE',  ( -6.928533639175094789E-16, 1.000000000000000000, 1.665250005579821285E-16 ) ) ;
#1455 = DIRECTION ( 'NONE',  ( 0.7071067811866894592, -0.7071067811864056862, 2.806546270564191445E-15 ) ) ;
#1456 = EDGE_CURVE ( 'NONE', #2980, #2176, #2588, .T. ) ;
#1457 = FACE_BOUND ( 'NONE', #3008, .T. ) ;
#1458 = LINE ( 'NONE', #3176, #3156 ) ;
#1459 = DIRECTION ( 'NONE',  ( 5.337610695313253357E-16, 3.793635681479083559E-31, -1.000000000000000000 ) ) ;
#1460 = DIRECTION ( 'NONE',  ( -1.000000000000000000, 0.000000000000000000, 0.000000000000000000 ) ) ;
#1461 = ORIENTED_EDGE ( 'NONE', *, *, #2255, .F. ) ;
#1462 = CARTESIAN_POINT ( 'NONE',  ( 49.25167277655799580, 24.49999999999997513, 37.19999999999964047 ) ) ;
#1463 = ADVANCED_FACE ( 'NONE', ( #1555 ), #830, .F. ) ;
#1464 = VERTEX_POINT ( 'NONE', #514 ) ;
#1465 = EDGE_LOOP ( 'NONE', ( #2872, #802 ) ) ;
#1466 = CARTESIAN_POINT ( 'NONE',  ( 76.25086090287652496, 6.519136119638330840, 24.69999999999969376 ) ) ;
#1467 = AXIS2_PLACEMENT_3D ( 'NONE', #3181, #3024, #654 ) ;
#1468 = CARTESIAN_POINT ( 'NONE',  ( 56.47974596215603782, 8.700000000000015277, -13.50000000000002309 ) ) ;
#1469 = EDGE_CURVE ( 'NONE', #2176, #564, #1574, .T. ) ;
#1470 = VECTOR ( 'NONE', #2290, 1000.000000000000000 ) ;
#1471 = VECTOR ( 'NONE', #907, 1000.000000000000114 ) ;
#1472 = VECTOR ( 'NONE', #1199, 1000.000000000000000 ) ;
#1473 = VECTOR ( 'NONE', #998, 1000.000000000000000 ) ;
#1474 = LINE ( 'NONE', #179, #1639 ) ;
#1475 = ORIENTED_EDGE ( 'NONE', *, *, #3129, .T. ) ;
#1476 = LINE ( 'NONE', #1442, #1003 ) ;
#1477 = CIRCLE ( 'NONE', #794, 7.908043205663781272 ) ;
#1478 = VECTOR ( 'NONE', #1145, 1000.000000000000114 ) ;
#1479 = VECTOR ( 'NONE', #968, 1000.000000000000000 ) ;
#1480 = PLANE ( 'NONE',  #627 ) ;
#1481 = DIRECTION ( 'NONE',  ( -1.000000000000000000, 0.000000000000000000, 0.000000000000000000 ) ) ;
#1482 = AXIS2_PLACEMENT_3D ( 'NONE', #424, #188, #168 ) ;
#1483 = ORIENTED_EDGE ( 'NONE', *, *, #821, .F. ) ;
#1484 = ORIENTED_EDGE ( 'NONE', *, *, #231, .T. ) ;
#1485 = CARTESIAN_POINT ( 'NONE',  ( 72.60494607125674804, 24.99999999999999645, 92.54930690145332051 ) ) ;
#1486 = EDGE_CURVE ( 'NONE', #2295, #1422, #1031, .T. ) ;
#1487 = CARTESIAN_POINT ( 'NONE',  ( 59.24142864431269828, 8.200000000000038369, 24.19999999999972218 ) ) ;
#1488 = EDGE_CURVE ( 'NONE', #2250, #2260, #1068, .T. ) ;
#1489 = EDGE_CURVE ( 'NONE', #302, #2464, #335, .T. ) ;
#1490 = DIRECTION ( 'NONE',  ( -0.5773502691896278405, 0.5773502691896237327, -0.5773502691896257311 ) ) ;
#1491 = DIRECTION ( 'NONE',  ( 0.000000000000000000, 0.000000000000000000, 1.000000000000000000 ) ) ;
#1492 = EDGE_CURVE ( 'NONE', #1118, #1988, #3040, .T. ) ;
#1493 = ORIENTED_EDGE ( 'NONE', *, *, #77, .F. ) ;
#1494 = DIRECTION ( 'NONE',  ( 1.000000000000000000, 9.130123557772674004E-16, 0.000000000000000000 ) ) ;
#1495 = CARTESIAN_POINT ( 'NONE',  ( 76.47200000000003683, 26.51299999999995194, 30.25000000000000711 ) ) ;
#1496 = ORIENTED_EDGE ( 'NONE', *, *, #379, .F. ) ;
#1497 = CARTESIAN_POINT ( 'NONE',  ( 41.85220674431636212, 24.00000000000000000, 30.00000000000000000 ) ) ;
#1498 = VERTEX_POINT ( 'NONE', #2072 ) ;
#1499 = EDGE_CURVE ( 'NONE', #1112, #1345, #1892, .T. ) ;
#1500 = DIRECTION ( 'NONE',  ( -0.000000000000000000, -0.000000000000000000, -1.000000000000000000 ) ) ;
#1501 = DIRECTION ( 'NONE',  ( 0.8941293582032354692, -0.4478087658801134796, 0.000000000000000000 ) ) ;
#1502 = ORIENTED_EDGE ( 'NONE', *, *, #2785, .F. ) ;
#1503 = ORIENTED_EDGE ( 'NONE', *, *, #1019, .T. ) ;
#1504 = EDGE_CURVE ( 'NONE', #173, #2250, #2206, .T. ) ;
#1505 = DIRECTION ( 'NONE',  ( -1.000000000000000000, 0.000000000000000000, 0.000000000000000000 ) ) ;
#1506 = CARTESIAN_POINT ( 'NONE',  ( 77.01161292821939242, 26.55788231799338561, 30.49999999999998579 ) ) ;
#1507 = ADVANCED_FACE ( 'NONE', ( #2916 ), #2169, .T. ) ;
#1508 = CARTESIAN_POINT ( 'NONE',  ( 77.01161292821939242, 26.55788231799338561, 30.49999999999998579 ) ) ;
#1509 = DIRECTION ( 'NONE',  ( 0.000000000000000000, 0.4545743208781293232, 0.8907088114519735589 ) ) ;
#1510 = CARTESIAN_POINT ( 'NONE',  ( 41.85220674431636212, 25.00000000000000000, 92.54930690145332051 ) ) ;
#1511 = ORIENTED_EDGE ( 'NONE', *, *, #1693, .T. ) ;
#1512 = LINE ( 'NONE', #1273, #1205 ) ;
#1513 = VERTEX_POINT ( 'NONE', #874 ) ;
#1514 = CARTESIAN_POINT ( 'NONE',  ( 54.47974596215602361, 8.700000000000013500, -10.90000000000000213 ) ) ;
#1515 = APPLICATION_CONTEXT ( 'automotive_design' ) ;
#1516 = AXIS2_PLACEMENT_3D ( 'NONE', #2838, #2538, #2573 ) ;
#1517 = CARTESIAN_POINT ( 'NONE',  ( 57.74544442753752804, -4.595984216775195641, 11.33749429587560620 ) ) ;
#1518 = AXIS2_PLACEMENT_3D ( 'NONE', #1514, #1733, #247 ) ;
#1519 = AXIS2_PLACEMENT_3D ( 'NONE', #1626, #373, #746 ) ;
#1520 = EDGE_CURVE ( 'NONE', #558, #1547, #3154, .T. ) ;
#1521 = VERTEX_POINT ( 'NONE', #1425 ) ;
#1522 = AXIS2_PLACEMENT_3D ( 'NONE', #2668, #154, #3160 ) ;
#1523 = ORIENTED_EDGE ( 'NONE', *, *, #2645, .T. ) ;
#1524 = AXIS2_PLACEMENT_3D ( 'NONE', #2900, #1406, #1923 ) ;
#1525 = CARTESIAN_POINT ( 'NONE',  ( 66.34426711928915665, -1.599999999999977884, 36.69999999999969020 ) ) ;
#1526 = ADVANCED_FACE ( 'NONE', ( #914 ), #1839, .F. ) ;
#1527 = ORIENTED_EDGE ( 'NONE', *, *, #931, .T. ) ;
#1528 = AXIS2_PLACEMENT_3D ( 'NONE', #2579, #2091, #1100 ) ;
#1529 = LINE ( 'NONE', #3001, #572 ) ;
#1530 = VERTEX_POINT ( 'NONE', #2131 ) ;
#1531 = ADVANCED_FACE ( 'NONE', ( #3174 ), #2424, .F. ) ;
#1532 = VERTEX_POINT ( 'NONE', #166 ) ;
#1533 = CARTESIAN_POINT ( 'NONE',  ( 57.78686496796115790, -6.145868291019787044, 30.00000000000000000 ) ) ;
#1534 = CARTESIAN_POINT ( 'NONE',  ( 45.03125501574572809, -1.560684662836985037, 25.47961272993027393 ) ) ;
#1535 = LINE ( 'NONE', #1517, #1684 ) ;
#1536 = DIRECTION ( 'NONE',  ( 1.000000000000000000, 3.614007241618312089E-15, 0.000000000000000000 ) ) ;
#1537 = ORIENTED_EDGE ( 'NONE', *, *, #2238, .F. ) ;
#1538 = EDGE_LOOP ( 'NONE', ( #1552, #1502, #801, #1326 ) ) ;
#1539 = CARTESIAN_POINT ( 'NONE',  ( 82.35377409483463396, 25.11234360170450230, 37.19999999999978257 ) ) ;
#1540 = LINE ( 'NONE', #1279, #1676 ) ;
#1541 = CYLINDRICAL_SURFACE ( 'NONE', #2611, 3.588780975845890175 ) ;
#1542 = EDGE_LOOP ( 'NONE', ( #1197, #2480, #1282 ) ) ;
#1543 = VERTEX_POINT ( 'NONE', #1647 ) ;
#1544 = EDGE_CURVE ( 'NONE', #667, #2778, #2633, .T. ) ;
#1545 = DIRECTION ( 'NONE',  ( 4.135580799816630757E-15, 1.665250005579849882E-16, -1.000000000000000000 ) ) ;
#1546 = CARTESIAN_POINT ( 'NONE',  ( 82.60975104155600945, 26.03504693308581608, 36.69999999999975415 ) ) ;
#1547 = VERTEX_POINT ( 'NONE', #2852 ) ;
#1548 = VERTEX_POINT ( 'NONE', #896 ) ;
#1549 = FACE_OUTER_BOUND ( 'NONE', #1851, .T. ) ;
#1550 = EDGE_CURVE ( 'NONE', #1530, #1826, #2184, .T. ) ;
#1551 = CARTESIAN_POINT ( 'NONE',  ( 33.57985010691056260, 5.123163510212803473, 36.69999999999955520 ) ) ;
#1552 = ORIENTED_EDGE ( 'NONE', *, *, #530, .T. ) ;
#1553 = CARTESIAN_POINT ( 'NONE',  ( 83.83814757207274226, 24.09954362138314110, 37.19999999999978968 ) ) ;
#1554 = VERTEX_POINT ( 'NONE', #926 ) ;
#1555 = FACE_OUTER_BOUND ( 'NONE', #2168, .T. ) ;
#1556 = DIRECTION ( 'NONE',  ( -6.928533639175094789E-16, 1.000000000000000000, -2.189528850507526673E-47 ) ) ;
#1557 = LINE ( 'NONE', #1307, #3047 ) ;
#1558 = EDGE_CURVE ( 'NONE', #323, #1498, #1113, .T. ) ;
#1559 = ORIENTED_EDGE ( 'NONE', *, *, #2811, .T. ) ;
#1560 = ORIENTED_EDGE ( 'NONE', *, *, #1726, .T. ) ;
#1561 = VERTEX_POINT ( 'NONE', #599 ) ;
#1562 = LINE ( 'NONE', #2556, #2735 ) ;
#1563 = EDGE_CURVE ( 'NONE', #2070, #1453, #662, .T. ) ;
#1564 = ORIENTED_EDGE ( 'NONE', *, *, #1486, .F. ) ;
#1565 = ORIENTED_EDGE ( 'NONE', *, *, #2795, .T. ) ;
#1566 = DIRECTION ( 'NONE',  ( -1.000000000000000000, 0.000000000000000000, 0.000000000000000000 ) ) ;
#1567 = EDGE_CURVE ( 'NONE', #2658, #3185, #2298, .T. ) ;
#1568 = ORIENTED_EDGE ( 'NONE', *, *, #640, .T. ) ;
#1569 = VECTOR ( 'NONE', #3105, 1000.000000000000114 ) ;
#1570 = AXIS2_PLACEMENT_3D ( 'NONE', #2804, #549, #3262 ) ;
#1571 = FACE_OUTER_BOUND ( 'NONE', #236, .T. ) ;
#1572 = ORIENTED_EDGE ( 'NONE', *, *, #762, .F. ) ;
#1573 = LINE ( 'NONE', #2098, #253 ) ;
#1574 = CIRCLE ( 'NONE', #2351, 1.000000000000000888 ) ;
#1575 = VECTOR ( 'NONE', #2483, 1000.000000000000000 ) ;
#1576 = ORIENTED_EDGE ( 'NONE', *, *, #1612, .T. ) ;
#1577 = VECTOR ( 'NONE', #3011, 1000.000000000000000 ) ;
#1578 = CONICAL_SURFACE ( 'NONE', #1843, 1.949999999999993516, 0.7853981633974249643 ) ;
#1579 = ORIENTED_EDGE ( 'NONE', *, *, #635, .T. ) ;
#1580 = ORIENTED_EDGE ( 'NONE', *, *, #2117, .F. ) ;
#1581 = CARTESIAN_POINT ( 'NONE',  ( 40.95807738611313198, 24.44780876588011154, 36.69999999999959073 ) ) ;
#1582 = CIRCLE ( 'NONE', #2676, 0.9500000000000000666 ) ;
#1583 = FACE_OUTER_BOUND ( 'NONE', #2319, .T. ) ;
#1584 = VECTOR ( 'NONE', #1738, 1000.000000000000114 ) ;
#1585 = ORIENTED_EDGE ( 'NONE', *, *, #2920, .F. ) ;
#1586 = DIRECTION ( 'NONE',  ( -1.000000000000000000, -7.107366756459264042E-16, 0.000000000000000000 ) ) ;
#1587 = CIRCLE ( 'NONE', #1482, 1.500000000000001332 ) ;
#1588 = ADVANCED_FACE ( 'NONE', ( #149 ), #2391, .F. ) ;
#1589 = DIRECTION ( 'NONE',  ( 0.2180425732431687524, 0.9759392584856382280, -0.000000000000000000 ) ) ;
#1590 = VERTEX_POINT ( 'NONE', #1404 ) ;
#1591 = CARTESIAN_POINT ( 'NONE',  ( 59.24142864431270539, 1.400000000000018563, 21.09999999999971720 ) ) ;
#1592 = LINE ( 'NONE', #1111, #301 ) ;
#1593 = ORIENTED_EDGE ( 'NONE', *, *, #1281, .T. ) ;
#1594 = DIRECTION ( 'NONE',  ( 0.000000000000000000, 0.000000000000000000, -1.000000000000000000 ) ) ;
#1595 = EDGE_CURVE ( 'NONE', #1333, #1532, #1096, .T. ) ;
#1596 = DIRECTION ( 'NONE',  ( 0.7071067811865503483, -0.7071067811865445751, 3.944070150661982119E-14 ) ) ;
#1597 = ORIENTED_EDGE ( 'NONE', *, *, #2086, .F. ) ;
#1598 = DIRECTION ( 'NONE',  ( 0.6830111344383664740, 0.6830111344383664740, 0.2588273178519438500 ) ) ;
#1599 = DIRECTION ( 'NONE',  ( 1.000000000000000000, -4.688780159049614113E-16, 0.000000000000000000 ) ) ;
#1600 = LINE ( 'NONE', #1827, #3006 ) ;
#1601 = DIRECTION ( 'NONE',  ( 0.2180425732431687524, 0.9759392584856382280, 0.000000000000000000 ) ) ;
#1602 = ORIENTED_EDGE ( 'NONE', *, *, #2930, .T. ) ;
#1603 = EDGE_CURVE ( 'NONE', #1543, #323, #999, .T. ) ;
#1604 = CARTESIAN_POINT ( 'NONE',  ( 79.15866354190033860, 14.94794304488698167, 30.00000000000000000 ) ) ;
#1605 = CARTESIAN_POINT ( 'NONE',  ( 72.60494607125674804, 26.00000000000000355, 37.19999999999973994 ) ) ;
#1606 = ORIENTED_EDGE ( 'NONE', *, *, #635, .F. ) ;
#1607 = CARTESIAN_POINT ( 'NONE',  ( 49.31215321507482230, 40.01164983011813092, 37.19999999999964047 ) ) ;
#1608 = CARTESIAN_POINT ( 'NONE',  ( 82.35377409483446343, 25.11234360170444901, 30.00000000000000000 ) ) ;
#1609 = ORIENTED_EDGE ( 'NONE', *, *, #17, .T. ) ;
#1610 = DIRECTION ( 'NONE',  ( 1.000000000000000000, 0.000000000000000000, 0.000000000000000000 ) ) ;
#1611 = CARTESIAN_POINT ( 'NONE',  ( 41.32359744295960269, 3.209861929870847064, 22.47079152643548738 ) ) ;
#1612 = EDGE_CURVE ( 'NONE', #2594, #2805, #1354, .T. ) ;
#1613 = DIRECTION ( 'NONE',  ( 1.000000000000000000, 2.246482984118662535E-15, 0.000000000000000000 ) ) ;
#1614 = EDGE_CURVE ( 'NONE', #2387, #2275, #2357, .T. ) ;
#1615 = LINE ( 'NONE', #2042, #2891 ) ;
#1616 = VERTEX_POINT ( 'NONE', #612 ) ;
#1617 = CARTESIAN_POINT ( 'NONE',  ( 82.25619765096290337, 25.68149354249257144, 37.19999999999978257 ) ) ;
#1618 = CARTESIAN_POINT ( 'NONE',  ( 81.90264426036928569, 25.32794015189909942, 36.69999999999975415 ) ) ;
#1619 = EDGE_CURVE ( 'NONE', #1937, #2836, #1623, .T. ) ;
#1620 = ORIENTED_EDGE ( 'NONE', *, *, #29, .T. ) ;
#1621 = CARTESIAN_POINT ( 'NONE',  ( 73.49454805301499505, 25.54326340845975096, 36.69999999999972573 ) ) ;
#1622 = ORIENTED_EDGE ( 'NONE', *, *, #321, .T. ) ;
#1623 = LINE ( 'NONE', #36, #1470 ) ;
#1624 = ADVANCED_FACE ( 'NONE', ( #1823 ), #299, .F. ) ;
#1625 = CONICAL_SURFACE ( 'NONE', #2145, 1.949999999999993516, 0.7853981633974249643 ) ;
#1626 = CARTESIAN_POINT ( 'NONE',  ( 49.25167277655799580, 24.00000000000000000, 30.00000000000000000 ) ) ;
#1627 = CIRCLE ( 'NONE', #2664, 1.000000000000403233 ) ;
#1628 = AXIS2_PLACEMENT_3D ( 'NONE', #2970, #195, #2212 ) ;
#1629 = ORIENTED_EDGE ( 'NONE', *, *, #1974, .F. ) ;
#1630 = CARTESIAN_POINT ( 'NONE',  ( 33.07106781186550393, 8.699999999999999289, 92.54930690145332051 ) ) ;
#1631 = FACE_OUTER_BOUND ( 'NONE', #2439, .T. ) ;
#1632 = LINE ( 'NONE', #2624, #2526 ) ;
#1633 = ADVANCED_FACE ( 'NONE', ( #1266 ), #2252, .T. ) ;
#1634 = VECTOR ( 'NONE', #1073, 1000.000000000000000 ) ;
#1635 = CIRCLE ( 'NONE', #1206, 1.949999999999993516 ) ;
#1636 = ORIENTED_EDGE ( 'NONE', *, *, #3267, .T. ) ;
#1637 = DIRECTION ( 'NONE',  ( 2.421730504708010943E-15, 0.7071067811865466846, -0.7071067811865483499 ) ) ;
#1638 = FACE_OUTER_BOUND ( 'NONE', #2978, .T. ) ;
#1639 = VECTOR ( 'NONE', #695, 1000.000000000000000 ) ;
#1640 = EDGE_CURVE ( 'NONE', #1548, #2085, #1781, .T. ) ;
#1641 = CARTESIAN_POINT ( 'NONE',  ( 58.14000000000000057, 24.59234527346169585, 92.54930690145332051 ) ) ;
#1642 = CIRCLE ( 'NONE', #1158, 1.699999999999979305 ) ;
#1643 = AXIS2_PLACEMENT_3D ( 'NONE', #1799, #3067, #23 ) ;
#1644 = ORIENTED_EDGE ( 'NONE', *, *, #512, .F. ) ;
#1645 = LINE ( 'NONE', #1607, #2418 ) ;
#1646 = ORIENTED_EDGE ( 'NONE', *, *, #979, .F. ) ;
#1647 = CARTESIAN_POINT ( 'NONE',  ( 49.75056613721159238, 24.03324777730562900, 30.00000000000000000 ) ) ;
#1648 = DIRECTION ( 'NONE',  ( -0.5281185093031024458, 0.4702029775867805350, -0.7071067811865434649 ) ) ;
#1649 = FACE_OUTER_BOUND ( 'NONE', #2801, .T. ) ;
#1650 = ORIENTED_EDGE ( 'NONE', *, *, #786, .T. ) ;
#1651 = CARTESIAN_POINT ( 'NONE',  ( 33.95605580485733554, 8.200000000000017053, 28.99999999999998579 ) ) ;
#1652 = ADVANCED_FACE ( 'NONE', ( #805 ), #1541, .T. ) ;
#1653 = DIRECTION ( 'NONE',  ( 1.000000000000000000, 0.000000000000000000, 0.000000000000000000 ) ) ;
#1654 = DIRECTION ( 'NONE',  ( -1.000000000000000000, 0.000000000000000000, 0.000000000000000000 ) ) ;
#1655 = EDGE_CURVE ( 'NONE', #1122, #564, #2803, .T. ) ;
#1656 = CARTESIAN_POINT ( 'NONE',  ( 79.87199999999999989, 26.51299999999995194, 30.25000000000000711 ) ) ;
#1657 = ORIENTED_EDGE ( 'NONE', *, *, #391, .T. ) ;
#1658 = DIRECTION ( 'NONE',  ( 1.000000000000000000, -4.688780159049614113E-16, 4.135580799816630757E-15 ) ) ;
#1659 = ORIENTED_EDGE ( 'NONE', *, *, #1986, .F. ) ;
#1660 = DIRECTION ( 'NONE',  ( 1.000000000000000000, -6.221416680311846020E-16, 4.135580799816630757E-15 ) ) ;
#1661 = ADVANCED_FACE ( 'NONE', ( #2539 ), #3064, .F. ) ;
#1662 = PLANE ( 'NONE',  #3169 ) ;
#1663 = ORIENTED_EDGE ( 'NONE', *, *, #1106, .F. ) ;
#1664 = LINE ( 'NONE', #2415, #1310 ) ;
#1665 = PLANE ( 'NONE',  #202 ) ;
#1666 = CARTESIAN_POINT ( 'NONE',  ( 33.88068710945207584, 9.199999999999997513, 30.00000000000000000 ) ) ;
#1667 = EDGE_CURVE ( 'NONE', #713, #2232, #1557, .T. ) ;
#1668 = ORIENTED_EDGE ( 'NONE', *, *, #973, .F. ) ;
#1669 = PLANE ( 'NONE',  #2470 ) ;
#1670 = ORIENTED_EDGE ( 'NONE', *, *, #1595, .F. ) ;
#1671 = CARTESIAN_POINT ( 'NONE',  ( 67.02832722344200533, 24.00000000000000000, 36.69999999999969731 ) ) ;
#1672 = LINE ( 'NONE', #2151, #1955 ) ;
#1673 = DIRECTION ( 'NONE',  ( -0.9759392584856382280, 0.2180425732431687524, 0.000000000000000000 ) ) ;
#1674 = CARTESIAN_POINT ( 'NONE',  ( 46.08393142754541572, -2.613361074636667336, 36.69999999999955520 ) ) ;
#1675 = EDGE_LOOP ( 'NONE', ( #5, #2071, #1511, #2204, #669 ) ) ;
#1676 = VECTOR ( 'NONE', #1082, 1000.000000000000114 ) ;
#1677 = ORIENTED_EDGE ( 'NONE', *, *, #3200, .T. ) ;
#1678 = ORIENTED_EDGE ( 'NONE', *, *, #314, .F. ) ;
#1679 = DIRECTION ( 'NONE',  ( 0.000000000000000000, 0.000000000000000000, -1.000000000000000000 ) ) ;
#1680 = AXIS2_PLACEMENT_3D ( 'NONE', #1430, #3214, #2741 ) ;
#1681 = VECTOR ( 'NONE', #1973, 1000.000000000000227 ) ;
#1682 = FACE_OUTER_BOUND ( 'NONE', #2847, .T. ) ;
#1683 = VECTOR ( 'NONE', #2788, 1000.000000000000000 ) ;
#1684 = VECTOR ( 'NONE', #1276, 1000.000000000000114 ) ;
#1685 = AXIS2_PLACEMENT_3D ( 'NONE', #2703, #1239, #2247 ) ;
#1686 = ORIENTED_EDGE ( 'NONE', *, *, #2037, .T. ) ;
#1687 = CONICAL_SURFACE ( 'NONE', #2784, 7.908043205663781272, 0.7853981633974396193 ) ;
#1688 = CARTESIAN_POINT ( 'NONE',  ( 33.07106781186550393, 8.699999999999999289, 92.54930690145332051 ) ) ;
#1689 = EDGE_CURVE ( 'NONE', #3028, #60, #2311, .T. ) ;
#1690 = VECTOR ( 'NONE', #342, 999.9999999999998863 ) ;
#1691 = LINE ( 'NONE', #2490, #2670 ) ;
#1692 = DIRECTION ( 'NONE',  ( -1.000000000000000000, 0.000000000000000000, -3.558407130208846878E-15 ) ) ;
#1693 = EDGE_CURVE ( 'NONE', #250, #445, #2073, .T. ) ;
#1694 = DIRECTION ( 'NONE',  ( 0.7055417568141956197, 0.04701945758437809514, -0.7071067811865540120 ) ) ;
#1695 = DIRECTION ( 'NONE',  ( -6.928533639175094789E-16, 1.000000000000000000, -0.000000000000000000 ) ) ;
#1696 = ORIENTED_EDGE ( 'NONE', *, *, #1567, .T. ) ;
#1697 = ORIENTED_EDGE ( 'NONE', *, *, #1981, .F. ) ;
#1698 = DIRECTION ( 'NONE',  ( 1.000000000000000000, 7.107366756459264042E-16, 4.135580799816630757E-15 ) ) ;
#1699 = CARTESIAN_POINT ( 'NONE',  ( 75.98119760880821616, 6.468901066619125118, 24.53200061358606376 ) ) ;
#1700 = DIRECTION ( 'NONE',  ( 0.000000000000000000, 0.000000000000000000, 1.000000000000000000 ) ) ;
#1701 = EDGE_LOOP ( 'NONE', ( #2115, #2520, #2727, #3153 ) ) ;
#1702 = CARTESIAN_POINT ( 'NONE',  ( 5.461189554824085577E-15, -3.600000000000024958, -13.50000000000003197 ) ) ;
#1703 = ORIENTED_EDGE ( 'NONE', *, *, #2770, .F. ) ;
#1704 = LINE ( 'NONE', #3229, #741 ) ;
#1705 = DIRECTION ( 'NONE',  ( 5.025667229872257368E-16, -0.7071067811865580088, 0.7071067811865370256 ) ) ;
#1706 = CARTESIAN_POINT ( 'NONE',  ( 76.43534358136577112, 29.08170889301364426, 36.69999999999973284 ) ) ;
#1707 = DIRECTION ( 'NONE',  ( 1.000000000000000000, 6.928533639175096761E-16, 5.337610695313253357E-16 ) ) ;
#1708 = FACE_BOUND ( 'NONE', #3111, .T. ) ;
#1709 = CARTESIAN_POINT ( 'NONE',  ( 77.80527403850524593, 15.59473269546995589, 37.19999999999976126 ) ) ;
#1710 = DIRECTION ( 'NONE',  ( -0.2180425732431687524, -0.9759392584856382280, 0.000000000000000000 ) ) ;
#1711 = ORIENTED_EDGE ( 'NONE', *, *, #2927, .F. ) ;
#1712 = ADVANCED_FACE ( 'NONE', ( #3261 ), #410, .T. ) ;
#1713 = VERTEX_POINT ( 'NONE', #503 ) ;
#1714 = ORIENTED_EDGE ( 'NONE', *, *, #379, .T. ) ;
#1715 = CARTESIAN_POINT ( 'NONE',  ( 56.47974596215603782, 8.450000000000025935, -13.75000000000001243 ) ) ;
#1716 = LINE ( 'NONE', #1958, #1789 ) ;
#1717 = ORIENTED_EDGE ( 'NONE', *, *, #274, .F. ) ;
#1718 = CARTESIAN_POINT ( 'NONE',  ( 49.97974596215600229, 8.200000000000029488, -14.00000000000000178 ) ) ;
#1719 = LINE ( 'NONE', #2684, #951 ) ;
#1720 = DIRECTION ( 'NONE',  ( -1.000000000000000000, 0.000000000000000000, -4.625929269271396181E-15 ) ) ;
#1721 = CARTESIAN_POINT ( 'NONE',  ( 82.80490392929951327, 24.89674705151011480, 30.49999999999998579 ) ) ;
#1722 = DIRECTION ( 'NONE',  ( -3.315468245956879929E-16, -0.7071067811865388020, 0.7071067811865562325 ) ) ;
#1723 = ORIENTED_EDGE ( 'NONE', *, *, #1381, .T. ) ;
#1724 = ORIENTED_EDGE ( 'NONE', *, *, #1488, .F. ) ;
#1725 = SURFACE_STYLE_USAGE ( .BOTH. , #2243 ) ;
#1726 = EDGE_CURVE ( 'NONE', #2016, #1498, #2407, .T. ) ;
#1727 = VECTOR ( 'NONE', #1347, 1000.000000000000114 ) ;
#1728 = CARTESIAN_POINT ( 'NONE',  ( 33.57691553894287040, 5.290012725332341681, 36.86666301553128733 ) ) ;
#1729 = DIRECTION ( 'NONE',  ( 1.000000000000000000, 0.000000000000000000, 0.000000000000000000 ) ) ;
#1730 = AXIS2_PLACEMENT_3D ( 'NONE', #1671, #1909, #1387 ) ;
#1731 = CONICAL_SURFACE ( 'NONE', #2149, 1.000000000000000888, 0.7853981633974477239 ) ;
#1732 = EDGE_CURVE ( 'NONE', #1949, #2596, #95, .T. ) ;
#1733 = DIRECTION ( 'NONE',  ( 7.107366756459264042E-16, -1.000000000000000000, -0.000000000000000000 ) ) ;
#1734 = B_SPLINE_CURVE_WITH_KNOTS ( 'NONE', 3,
 ( #723, #1763, #1728, #12 ),
 .UNSPECIFIED., .F., .F.,
 ( 4, 4 ),
 ( 0.000000000000000000, 0.0007075411628955877597 ),
 .UNSPECIFIED. ) ;
#1735 = CIRCLE ( 'NONE', #2155, 0.5000000000004167777 ) ;
#1736 = CONICAL_SURFACE ( 'NONE', #2617, 1.000000000000403233, 0.7853981633974496113 ) ;
#1737 = CARTESIAN_POINT ( 'NONE',  ( 56.97974596215601650, 8.200000000000034817, -1.000000000000000888 ) ) ;
#1738 = DIRECTION ( 'NONE',  ( 0.7071067811865474617, 5.491332302994392946E-16, -0.7071067811865474617 ) ) ;
#1739 = DIRECTION ( 'NONE',  ( 0.000000000000000000, 1.000000000000000000, 0.000000000000000000 ) ) ;
#1740 = VECTOR ( 'NONE', #1648, 1000.000000000000114 ) ;
#1741 = ORIENTED_EDGE ( 'NONE', *, *, #908, .T. ) ;
#1742 = VECTOR ( 'NONE', #534, 1000.000000000000114 ) ;
#1743 = DIRECTION ( 'NONE',  ( 0.2180425732431687802, 0.9759392584856382280, 1.064250965010940625E-15 ) ) ;
#1744 = FACE_OUTER_BOUND ( 'NONE', #61, .T. ) ;
#1745 = DIRECTION ( 'NONE',  ( -1.000000000000000000, 0.000000000000000000, 0.000000000000000000 ) ) ;
#1746 = CIRCLE ( 'NONE', #798, 1.000000000000000888 ) ;
#1747 = EDGE_CURVE ( 'NONE', #1034, #1422, #494, .T. ) ;
#1748 = ORIENTED_EDGE ( 'NONE', *, *, #2715, .F. ) ;
#1749 = ORIENTED_EDGE ( 'NONE', *, *, #1619, .T. ) ;
#1750 = ORIENTED_EDGE ( 'NONE', *, *, #716, .F. ) ;
#1751 = LINE ( 'NONE', #1487, #1575 ) ;
#1752 = EDGE_CURVE ( 'NONE', #1797, #1856, #3034, .T. ) ;
#1753 = EDGE_CURVE ( 'NONE', #2448, #1561, #48, .T. ) ;
#1754 = CARTESIAN_POINT ( 'NONE',  ( 59.24142864431270539, 2.246173370879389175, 20.66815439516548736 ) ) ;
#1755 = DIRECTION ( 'NONE',  ( 0.6322449324434811224, -0.3166486150286045298, -0.7071067811865507924 ) ) ;
#1756 = ORIENTED_EDGE ( 'NONE', *, *, #391, .F. ) ;
#1757 = ORIENTED_EDGE ( 'NONE', *, *, #1221, .T. ) ;
#1758 = DIRECTION ( 'NONE',  ( 1.000000000000000000, 0.000000000000000000, 0.000000000000000000 ) ) ;
#1759 = LINE ( 'NONE', #407, #358 ) ;
#1760 = DIRECTION ( 'NONE',  ( -4.135580799816630757E-15, -1.665250005579849882E-16, 1.000000000000000000 ) ) ;
#1761 = ORIENTED_EDGE ( 'NONE', *, *, #2386, .T. ) ;
#1762 = EDGE_CURVE ( 'NONE', #2897, #1155, #482, .T. ) ;
#1763 = CARTESIAN_POINT ( 'NONE',  ( 33.57398835290088357, 5.456858297668286006, 37.03332980809442176 ) ) ;
#1764 = ORIENTED_EDGE ( 'NONE', *, *, #115, .T. ) ;
#1765 = CARTESIAN_POINT ( 'NONE',  ( 49.97974596215600940, -3.349999999999999201, -13.75000000000001243 ) ) ;
#1766 = DIRECTION ( 'NONE',  ( 0.7071067811866894592, -0.7071067811864056862, 0.000000000000000000 ) ) ;
#1767 = EDGE_CURVE ( 'NONE', #2897, #3030, #995, .T. ) ;
#1768 = ORIENTED_EDGE ( 'NONE', *, *, #17, .F. ) ;
#1769 = ORIENTED_EDGE ( 'NONE', *, *, #2795, .F. ) ;
#1770 = PLANE ( 'NONE',  #2515 ) ;
#1771 = ADVANCED_BREP_SHAPE_REPRESENTATION ( 'Static Frame for X_Y Switches', ( #1905, #4 ), #269 ) ;
#1772 = EDGE_CURVE ( 'NONE', #46, #871, #2513, .T. ) ;
#1773 = ORIENTED_EDGE ( 'NONE', *, *, #481, .F. ) ;
#1774 = ORIENTED_EDGE ( 'NONE', *, *, #13, .F. ) ;
#1775 = LINE ( 'NONE', #2530, #2207 ) ;
#1776 = ORIENTED_EDGE ( 'NONE', *, *, #2346, .T. ) ;
#1777 = ORIENTED_EDGE ( 'NONE', *, *, #29, .F. ) ;
#1778 = LINE ( 'NONE', #2067, #2667 ) ;
#1779 = AXIS2_PLACEMENT_3D ( 'NONE', #2627, #1380, #2384 ) ;
#1780 = DIRECTION ( 'NONE',  ( -0.000000000000000000, -0.000000000000000000, 1.000000000000000000 ) ) ;
#1781 = CIRCLE ( 'NONE', #1834, 0.4999999999999726885 ) ;
#1782 = AXIS2_PLACEMENT_3D ( 'NONE', #177, #909, #1399 ) ;
#1783 = LINE ( 'NONE', #2799, #2671 ) ;
#1784 = DIRECTION ( 'NONE',  ( 1.000000000000000000, 7.107366756459264042E-16, -0.000000000000000000 ) ) ;
#1785 = VECTOR ( 'NONE', #1098, 1000.000000000000114 ) ;
#1786 = EDGE_LOOP ( 'NONE', ( #1054, #1774, #1020, #2313 ) ) ;
#1787 = ADVANCED_FACE ( 'NONE', ( #1039 ), #2993, .F. ) ;
#1788 = AXIS2_PLACEMENT_3D ( 'NONE', #777, #1780, #2783 ) ;
#1789 = VECTOR ( 'NONE', #3186, 1000.000000000000114 ) ;
#1790 = ORIENTED_EDGE ( 'NONE', *, *, #2621, .T. ) ;
#1791 = CARTESIAN_POINT ( 'NONE',  ( 79.54926429243244002, 29.09553368220815628, 92.54930690145332051 ) ) ;
#1792 = CARTESIAN_POINT ( 'NONE',  ( 33.57985010691056260, 5.123163510212802585, 2.205229378573772436 ) ) ;
#1793 = DIRECTION ( 'NONE',  ( -1.000000000000000000, 0.000000000000000000, 0.000000000000000000 ) ) ;
#1794 = VECTOR ( 'NONE', #105, 1000.000000000000000 ) ;
#1795 = LINE ( 'NONE', #1510, #834 ) ;
#1796 = EDGE_CURVE ( 'NONE', #323, #1058, #2939, .T. ) ;
#1797 = VERTEX_POINT ( 'NONE', #703 ) ;
#1798 = VECTOR ( 'NONE', #1599, 1000.000000000000000 ) ;
#1799 = CARTESIAN_POINT ( 'NONE',  ( 49.47974596215602361, -3.599999999999988542, -14.00000000000000178 ) ) ;
#1800 = ORIENTED_EDGE ( 'NONE', *, *, #2037, .F. ) ;
#1801 = ORIENTED_EDGE ( 'NONE', *, *, #2238, .T. ) ;
#1802 = DIRECTION ( 'NONE',  ( -0.000000000000000000, 0.4545743208781321543, 0.8907088114519721156 ) ) ;
#1803 = DIRECTION ( 'NONE',  ( -1.000000000000000000, 0.000000000000000000, -4.126342916050370840E-15 ) ) ;
#1804 = CARTESIAN_POINT ( 'NONE',  ( 67.02832722344200533, 24.00000000000000000, 37.19999999999971863 ) ) ;
#1805 = ADVANCED_FACE ( 'NONE', ( #488 ), #1943, .F. ) ;
#1806 = ORIENTED_EDGE ( 'NONE', *, *, #1825, .F. ) ;
#1807 = ORIENTED_EDGE ( 'NONE', *, *, #2710, .F. ) ;
#1808 = DIRECTION ( 'NONE',  ( -0.000000000000000000, -0.000000000000000000, -1.000000000000000000 ) ) ;
#1809 = EDGE_CURVE ( 'NONE', #56, #813, #1165, .T. ) ;
#1810 = DIRECTION ( 'NONE',  ( -0.6290435938582035202, 0.3229615410942189846, -0.7071067811865492381 ) ) ;
#1811 = EDGE_LOOP ( 'NONE', ( #44, #260, #2994, #1375 ) ) ;
#1812 = ORIENTED_EDGE ( 'NONE', *, *, #2881, .F. ) ;
#1813 = CARTESIAN_POINT ( 'NONE',  ( 82.91890875653096771, 23.18030480584098996, 37.19999999999978257 ) ) ;
#1814 = ADVANCED_FACE ( 'NONE', ( #956 ), #2722, .F. ) ;
#1815 = ORIENTED_EDGE ( 'NONE', *, *, #2283, .F. ) ;
#1816 = ORIENTED_EDGE ( 'NONE', *, *, #1489, .F. ) ;
#1817 = DIRECTION ( 'NONE',  ( 0.000000000000000000, 0.000000000000000000, 1.000000000000000000 ) ) ;
#1818 = CARTESIAN_POINT ( 'NONE',  ( 76.43534358136577112, 29.08170889301364426, 37.19999999999975415 ) ) ;
#1819 = ORIENTED_EDGE ( 'NONE', *, *, #720, .T. ) ;
#1820 = CARTESIAN_POINT ( 'NONE',  ( 33.57985010691057681, 5.123163510212806138, 29.42509695151335691 ) ) ;
#1821 = CARTESIAN_POINT ( 'NONE',  ( 54.47974596215600229, 30.14766329383928678, -4.400000000000003020 ) ) ;
#1822 = DIRECTION ( 'NONE',  ( 1.000000000000000000, 6.928533639175096761E-16, 5.337610695313253357E-16 ) ) ;
#1823 = FACE_OUTER_BOUND ( 'NONE', #2335, .T. ) ;
#1824 = ORIENTED_EDGE ( 'NONE', *, *, #931, .F. ) ;
#1825 = EDGE_CURVE ( 'NONE', #355, #2792, #2918, .T. ) ;
#1826 = VERTEX_POINT ( 'NONE', #2239 ) ;
#1827 = CARTESIAN_POINT ( 'NONE',  ( 55.42974596215601224, 30.14766329383928678, -10.90000000000000213 ) ) ;
#1828 = DIRECTION ( 'NONE',  ( 1.000000000000000000, 7.107366756459264042E-16, 2.312964634635742957E-16 ) ) ;
#1829 = ORIENTED_EDGE ( 'NONE', *, *, #825, .F. ) ;
#1830 = ORIENTED_EDGE ( 'NONE', *, *, #1396, .F. ) ;
#1831 = EDGE_CURVE ( 'NONE', #2632, #1997, #458, .T. ) ;
#1832 = EDGE_CURVE ( 'NONE', #2448, #1173, #2964, .T. ) ;
#1833 = ORIENTED_EDGE ( 'NONE', *, *, #1160, .T. ) ;
#1834 = AXIS2_PLACEMENT_3D ( 'NONE', #1050, #1760, #768 ) ;
#1835 = LINE ( 'NONE', #2324, #1901 ) ;
#1836 = LINE ( 'NONE', #1608, #1727 ) ;
#1837 = CYLINDRICAL_SURFACE ( 'NONE', #2012, 14.76418654052520019 ) ;
#1838 = DIRECTION ( 'NONE',  ( 0.6290435938581986353, -0.3229615410942062170, 0.7071067811865596742 ) ) ;
#1839 = CONICAL_SURFACE ( 'NONE', #2006, 14.76418654052520019, 0.7853981633974482790 ) ;
#1840 = VECTOR ( 'NONE', #2451, 1000.000000000000000 ) ;
#1841 = DIRECTION ( 'NONE',  ( -1.000000000000000000, 0.000000000000000000, 0.000000000000000000 ) ) ;
#1842 = AXIS2_PLACEMENT_3D ( 'NONE', #836, #390, #1894 ) ;
#1843 = AXIS2_PLACEMENT_3D ( 'NONE', #2884, #1852, #388 ) ;
#1844 = ORIENTED_EDGE ( 'NONE', *, *, #2888, .T. ) ;
#1845 = FACE_OUTER_BOUND ( 'NONE', #2364, .T. ) ;
#1846 = CARTESIAN_POINT ( 'NONE',  ( 81.90264426036928569, 25.32794015189909942, 30.00000000000000000 ) ) ;
#1847 = AXIS2_PLACEMENT_3D ( 'NONE', #2116, #859, #827 ) ;
#1848 = CARTESIAN_POINT ( 'NONE',  ( 72.60494607125674804, 24.50000000000000355, 30.00000000000000000 ) ) ;
#1849 = ORIENTED_EDGE ( 'NONE', *, *, #577, .T. ) ;
#1850 = CONICAL_SURFACE ( 'NONE', #2106, 1.000000000000000888, 0.7853981633974445042 ) ;
#1851 = EDGE_LOOP ( 'NONE', ( #2082, #2820, #1597, #181 ) ) ;
#1852 = DIRECTION ( 'NONE',  ( -0.000000000000000000, -0.000000000000000000, 1.000000000000000000 ) ) ;
#1853 = EDGE_CURVE ( 'NONE', #1548, #2805, #2944, .T. ) ;
#1854 = VECTOR ( 'NONE', #2856, 1000.000000000000000 ) ;
#1855 = ADVANCED_FACE ( 'NONE', ( #2689 ), #3245, .T. ) ;
#1856 = VERTEX_POINT ( 'NONE', #1214 ) ;
#1857 = DIRECTION ( 'NONE',  ( -1.000000000000000000, 0.000000000000000000, 0.000000000000000000 ) ) ;
#1858 = PLANE ( 'NONE',  #91 ) ;
#1859 = ADVANCED_FACE ( 'NONE', ( #2225 ), #1002, .F. ) ;
#1860 = DIRECTION ( 'NONE',  ( -0.4567365915403499010, -0.8896019817581926059, 0.000000000000000000 ) ) ;
#1861 = PRODUCT_DEFINITION_SHAPE ( 'NONE', 'NONE',  #539 ) ;
#1862 = CARTESIAN_POINT ( 'NONE',  ( 76.43534358136577112, 29.08170889301364426, 30.49999999999998579 ) ) ;
#1863 = CARTESIAN_POINT ( 'NONE',  ( 76.25086090287652496, 6.519136119638329951, 24.69999999999972218 ) ) ;
#1864 = LINE ( 'NONE', #304, #686 ) ;
#1865 = ORIENTED_EDGE ( 'NONE', *, *, #915, .T. ) ;
#1866 = PLANE ( 'NONE',  #1779 ) ;
#1867 = EDGE_LOOP ( 'NONE', ( #1439, #1029, #1360, #2094 ) ) ;
#1868 = DIRECTION ( 'NONE',  ( 1.000000000000000000, 0.000000000000000000, 0.000000000000000000 ) ) ;
#1869 = CARTESIAN_POINT ( 'NONE',  ( 49.47974596215602361, -3.599999999999988542, -13.50000000000002309 ) ) ;
#1870 = EDGE_CURVE ( 'NONE', #558, #302, #2479, .T. ) ;
#1871 = ORIENTED_EDGE ( 'NONE', *, *, #1878, .F. ) ;
#1872 = PLANE ( 'NONE',  #1261 ) ;
#1873 = FACE_OUTER_BOUND ( 'NONE', #1970, .T. ) ;
#1874 = EDGE_LOOP ( 'NONE', ( #3164, #905, #1756, #1089 ) ) ;
#1875 = CARTESIAN_POINT ( 'NONE',  ( 58.14000000000000057, 24.59234527346169585, 30.00000000000000000 ) ) ;
#1876 = ADVANCED_FACE ( 'NONE', ( #639 ), #937, .F. ) ;
#1877 = CARTESIAN_POINT ( 'NONE',  ( 44.26319413184816653, 0.7555697153430540602, 22.85247237630094830 ) ) ;
#1878 = EDGE_CURVE ( 'NONE', #3185, #2016, #478, .T. ) ;
#1879 = LINE ( 'NONE', #1126, #2216 ) ;
#1880 = CARTESIAN_POINT ( 'NONE',  ( 76.32592589367587266, 6.855120374315215592, 29.83326284815314722 ) ) ;
#1881 = ORIENTED_EDGE ( 'NONE', *, *, #2882, .T. ) ;
#1882 = DIRECTION ( 'NONE',  ( -0.000000000000000000, -0.000000000000000000, -1.000000000000000000 ) ) ;
#1883 = VERTEX_POINT ( 'NONE', #1466 ) ;
#1884 = DIRECTION ( 'NONE',  ( 1.000000000000000000, 6.928533639175096761E-16, 5.337610695313253357E-16 ) ) ;
#1885 = CARTESIAN_POINT ( 'NONE',  ( 54.47974596215601650, 8.700000000000013500, -4.400000000000003020 ) ) ;
#1886 = ORIENTED_EDGE ( 'NONE', *, *, #3119, .F. ) ;
#1887 = CARTESIAN_POINT ( 'NONE',  ( 33.09528627700179015, -9.633069142404519170, 36.69999999999955520 ) ) ;
#1888 = VECTOR ( 'NONE', #936, 1000.000000000000000 ) ;
#1889 = ADVANCED_FACE ( 'NONE', ( #719 ), #3250, .T. ) ;
#1890 = PLANE ( 'NONE',  #317 ) ;
#1891 = EDGE_CURVE ( 'NONE', #2176, #642, #2656, .T. ) ;
#1892 = CIRCLE ( 'NONE', #941, 0.9500000000000005107 ) ;
#1893 = AXIS2_PLACEMENT_3D ( 'NONE', #47, #1817, #2583 ) ;
#1894 = DIRECTION ( 'NONE',  ( 1.000000000000000000, 9.130123557772674004E-16, 0.000000000000000000 ) ) ;
#1895 =( NAMED_UNIT ( * ) SI_UNIT ( $, .STERADIAN. ) SOLID_ANGLE_UNIT ( ) );
#1896 = VECTOR ( 'NONE', #508, 1000.000000000000114 ) ;
#1897 = LINE ( 'NONE', #2904, #3109 ) ;
#1898 = VERTEX_POINT ( 'NONE', #691 ) ;
#1899 = ADVANCED_FACE ( 'NONE', ( #3223 ), #1222, .F. ) ;
#1900 = CARTESIAN_POINT ( 'NONE',  ( 67.02832722344200533, 24.50000000000000711, 30.00000000000000000 ) ) ;
#1901 = VECTOR ( 'NONE', #2595, 1000.000000000000114 ) ;
#1902 = DIRECTION ( 'NONE',  ( -6.928533639175094789E-16, 1.000000000000000000, 0.000000000000000000 ) ) ;
#1903 = AXIS2_PLACEMENT_3D ( 'NONE', #2010, #1227, #2233 ) ;
#1904 = AXIS2_PLACEMENT_3D ( 'NONE', #1341, #823, #605 ) ;
#1905 = MANIFOLD_SOLID_BREP ( 'Chamfer3', #884 ) ;
#1906 = ORIENTED_EDGE ( 'NONE', *, *, #786, .F. ) ;
#1907 = EDGE_LOOP ( 'NONE', ( #1015, #2647, #193, #2453 ) ) ;
#1908 = EDGE_CURVE ( 'NONE', #3256, #2845, #1358, .T. ) ;
#1909 = DIRECTION ( 'NONE',  ( -0.000000000000000000, -0.000000000000000000, -1.000000000000000000 ) ) ;
#1910 = CARTESIAN_POINT ( 'NONE',  ( 49.47974596215602361, -3.100000000000009859, -13.50000000000002309 ) ) ;
#1911 = CARTESIAN_POINT ( 'NONE',  ( 67.24142864431271960, -3.599999999999976552, 24.19999999999972218 ) ) ;
#1912 = LINE ( 'NONE', #2603, #585 ) ;
#1913 = CARTESIAN_POINT ( 'NONE',  ( 76.25086090287652496, 6.519136119638330840, 29.49999999999998579 ) ) ;
#1914 = ORIENTED_EDGE ( 'NONE', *, *, #1640, .T. ) ;
#1915 = CARTESIAN_POINT ( 'NONE',  ( 56.97974596215601650, 8.200000000000036593, -13.50000000000002132 ) ) ;
#1916 = CARTESIAN_POINT ( 'NONE',  ( 59.24142864431270539, 2.246173370879389619, 14.16815439516549269 ) ) ;
#1917 = DIRECTION ( 'NONE',  ( -0.4311931003885310920, -0.9022596689298076900, 0.000000000000000000 ) ) ;
#1918 = EDGE_CURVE ( 'NONE', #1999, #459, #2090, .T. ) ;
#1919 = CARTESIAN_POINT ( 'NONE',  ( 41.85220674431636212, 24.00000000000000000, 30.49999999999998579 ) ) ;
#1920 = ORIENTED_EDGE ( 'NONE', *, *, #2829, .T. ) ;
#1921 = ORIENTED_EDGE ( 'NONE', *, *, #2327, .F. ) ;
#1922 = DIRECTION ( 'NONE',  ( 6.928533639175094789E-16, -1.000000000000000000, -0.000000000000000000 ) ) ;
#1923 = DIRECTION ( 'NONE',  ( 0.6649674279714439251, 0.7468723583966958568, 0.000000000000000000 ) ) ;
#1924 = CARTESIAN_POINT ( 'NONE',  ( 76.21274099264529411, 30.05661816443070222, 36.69999999999973284 ) ) ;
#1925 = DIRECTION ( 'NONE',  ( -0.000000000000000000, 0.4545743208781292677, 0.8907088114519735589 ) ) ;
#1926 = VERTEX_POINT ( 'NONE', #636 ) ;
#1927 = LINE ( 'NONE', #1462, #2831 ) ;
#1928 = FACE_BOUND ( 'NONE', #2905, .T. ) ;
#1929 = ORIENTED_EDGE ( 'NONE', *, *, #876, .F. ) ;
#1930 = VERTEX_POINT ( 'NONE', #3114 ) ;
#1931 = LINE ( 'NONE', #3012, #145 ) ;
#1932 = DIRECTION ( 'NONE',  ( 0.7071067811865376918, -0.7071067811865574537, 0.000000000000000000 ) ) ;
#1933 = ADVANCED_FACE ( 'NONE', ( #1649 ), #2341, .F. ) ;
#1934 = EDGE_LOOP ( 'NONE', ( #1697, #303, #1401, #2614 ) ) ;
#1935 = ADVANCED_FACE ( 'NONE', ( #1631 ), #2366, .F. ) ;
#1936 = CARTESIAN_POINT ( 'NONE',  ( 56.97974596215602361, -3.599999999999983213, -14.00000000000000000 ) ) ;
#1937 = VERTEX_POINT ( 'NONE', #87 ) ;
#1938 = LINE ( 'NONE', #3241, #2156 ) ;
#1939 = CARTESIAN_POINT ( 'NONE',  ( 49.97974596215600229, 8.200000000000029488, -14.00000000000000178 ) ) ;
#1940 = DIRECTION ( 'NONE',  ( 0.000000000000000000, 0.000000000000000000, 1.000000000000000000 ) ) ;
#1941 = AXIS2_PLACEMENT_3D ( 'NONE', #860, #643, #1658 ) ;
#1942 = LINE ( 'NONE', #2943, #2112 ) ;
#1943 = PLANE ( 'NONE',  #888 ) ;
#1944 = LINE ( 'NONE', #2651, #322 ) ;
#1945 = VERTEX_POINT ( 'NONE', #2602 ) ;
#1946 = LINE ( 'NONE', #2966, #1306 ) ;
#1947 = VECTOR ( 'NONE', #297, 1000.000000000000000 ) ;
#1948 = ORIENTED_EDGE ( 'NONE', *, *, #2132, .F. ) ;
#1949 = VERTEX_POINT ( 'NONE', #1127 ) ;
#1950 = LINE ( 'NONE', #7, #3044 ) ;
#1951 = VECTOR ( 'NONE', #50, 999.9999999999998863 ) ;
#1952 = CARTESIAN_POINT ( 'NONE',  ( 51.24142864431271960, 2.466566298419555547, 14.59999999999971365 ) ) ;
#1953 = FACE_OUTER_BOUND ( 'NONE', #981, .T. ) ;
#1954 = VECTOR ( 'NONE', #3232, 999.9999999999998863 ) ;
#1955 = VECTOR ( 'NONE', #1407, 1000.000000000000000 ) ;
#1956 = CIRCLE ( 'NONE', #3225, 0.9499999999999995115 ) ;
#1957 = ORIENTED_EDGE ( 'NONE', *, *, #1427, .T. ) ;
#1958 = CARTESIAN_POINT ( 'NONE',  ( 33.88799084474209167, 8.699999999999999289, 29.83136520142436510 ) ) ;
#1959 = VERTEX_POINT ( 'NONE', #1115 ) ;
#1960 = VECTOR ( 'NONE', #1357, 1000.000000000000227 ) ;
#1961 = CYLINDRICAL_SURFACE ( 'NONE', #3102, 19.70000000001562057 ) ;
#1962 = ADVANCED_FACE ( 'NONE', ( #338 ), #2301, .T. ) ;
#1963 = LINE ( 'NONE', #700, #372 ) ;
#1964 = DIRECTION ( 'NONE',  ( -0.000000000000000000, -0.000000000000000000, 1.000000000000000000 ) ) ;
#1965 = LINE ( 'NONE', #2201, #1259 ) ;
#1966 = CARTESIAN_POINT ( 'NONE',  ( 35.11468835092711060, 12.78044964776616332, 27.69079292007918269 ) ) ;
#1967 = VERTEX_POINT ( 'NONE', #2331 ) ;
#1968 = DIRECTION ( 'NONE',  ( 1.000000000000000000, 9.130123557772674004E-16, 0.000000000000000000 ) ) ;
#1969 = EDGE_LOOP ( 'NONE', ( #2630, #740, #2033, #2548 ) ) ;
#1970 = EDGE_LOOP ( 'NONE', ( #476, #658, #2195 ) ) ;
#1971 = CARTESIAN_POINT ( 'NONE',  ( 78.17200000000002547, 26.51299999999995194, 37.19999999999976126 ) ) ;
#1972 = CARTESIAN_POINT ( 'NONE',  ( 78.17200000000002547, 26.51299999999995194, 30.25000000000000711 ) ) ;
#1973 = DIRECTION ( 'NONE',  ( -0.3338263469710444631, -0.6665433106962899146, -0.6665433106963094545 ) ) ;
#1974 = EDGE_CURVE ( 'NONE', #2787, #1826, #258, .T. ) ;
#1975 = DIRECTION ( 'NONE',  ( 0.000000000000000000, 0.000000000000000000, 1.000000000000000000 ) ) ;
#1976 = ORIENTED_EDGE ( 'NONE', *, *, #1229, .F. ) ;
#1977 = CARTESIAN_POINT ( 'NONE',  ( 33.07106781186551103, -3.600000000000001865, 36.69999999999955520 ) ) ;
#1978 = DIRECTION ( 'NONE',  ( 0.1822780943043557644, 1.295517267889525459E-16, 0.9832470169478128019 ) ) ;
#1979 = DIRECTION ( 'NONE',  ( 4.135580799816630757E-15, 1.665250005579849882E-16, -1.000000000000000000 ) ) ;
#1980 = PLANE ( 'NONE',  #3107 ) ;
#1981 = EDGE_CURVE ( 'NONE', #318, #2173, #3123, .T. ) ;
#1982 = CARTESIAN_POINT ( 'NONE',  ( 76.22200000000003683, 26.51299999999995194, 37.19999999999975415 ) ) ;
#1983 = DIRECTION ( 'NONE',  ( 0.000000000000000000, 0.000000000000000000, -1.000000000000000000 ) ) ;
#1984 = EDGE_LOOP ( 'NONE', ( #583, #3027, #1677, #1183, #2819 ) ) ;
#1985 = VERTEX_POINT ( 'NONE', #1390 ) ;
#1986 = EDGE_CURVE ( 'NONE', #302, #2713, #2099, .T. ) ;
#1987 = DIRECTION ( 'NONE',  ( 1.000000000000000000, 7.107366756459264042E-16, 2.312964634635742957E-16 ) ) ;
#1988 = VERTEX_POINT ( 'NONE', #2843 ) ;
#1989 = CARTESIAN_POINT ( 'NONE',  ( 50.24945949786517474, 24.06649555461126155, 30.49999999999998579 ) ) ;
#1990 = ORIENTED_EDGE ( 'NONE', *, *, #1614, .F. ) ;
#1991 = LINE ( 'NONE', #1977, #53 ) ;
#1992 = CARTESIAN_POINT ( 'NONE',  ( 80.12200000000002831, 26.51299999999995194, 37.19999999999976836 ) ) ;
#1993 = ORIENTED_EDGE ( 'NONE', *, *, #3032, .F. ) ;
#1994 = CARTESIAN_POINT ( 'NONE',  ( 78.17200000000002547, 26.51299999999995194, 92.54930690145332051 ) ) ;
#1995 = CARTESIAN_POINT ( 'NONE',  ( 49.47974596215602361, 8.700000000000009948, -13.50000000000002487 ) ) ;
#1996 = EDGE_CURVE ( 'NONE', #2845, #558, #676, .T. ) ;
#1997 = VERTEX_POINT ( 'NONE', #1581 ) ;
#1998 = ORIENTED_EDGE ( 'NONE', *, *, #2373, .T. ) ;
#1999 = VERTEX_POINT ( 'NONE', #2381 ) ;
#2000 = CYLINDRICAL_SURFACE ( 'NONE', #1274, 0.9499999999999995115 ) ;
#2001 = DIRECTION ( 'NONE',  ( -1.000000000000000000, 0.000000000000000000, 0.000000000000000000 ) ) ;
#2002 = EDGE_CURVE ( 'NONE', #2796, #2836, #591, .T. ) ;
#2003 = VECTOR ( 'NONE', #1402, 1000.000000000000000 ) ;
#2004 = CIRCLE ( 'NONE', #565, 2.000000000000001776 ) ;
#2005 = CARTESIAN_POINT ( 'NONE',  ( 66.52943386278840876, 24.03324777730562900, 30.00000000000000000 ) ) ;
#2006 = AXIS2_PLACEMENT_3D ( 'NONE', #1371, #2878, #2379 ) ;
#2007 = CIRCLE ( 'NONE', #1519, 0.5000000000000073275 ) ;
#2008 = VECTOR ( 'NONE', #761, 1000.000000000000114 ) ;
#2009 = CIRCLE ( 'NONE', #419, 8.408043205663767949 ) ;
#2010 = CARTESIAN_POINT ( 'NONE',  ( 49.47974596215602361, 8.200000000000029488, -14.00000000000000178 ) ) ;
#2011 = CARTESIAN_POINT ( 'NONE',  ( 76.47200000000003683, 26.51299999999995194, 92.54930690145332051 ) ) ;
#2012 = AXIS2_PLACEMENT_3D ( 'NONE', #3072, #2550, #334 ) ;
#2013 = ORIENTED_EDGE ( 'NONE', *, *, #681, .T. ) ;
#2014 = AXIS2_PLACEMENT_3D ( 'NONE', #1994, #985, #2015 ) ;
#2015 = DIRECTION ( 'NONE',  ( -1.000000000000000000, 0.000000000000000000, 0.000000000000000000 ) ) ;
#2016 = VERTEX_POINT ( 'NONE', #3140 ) ;
#2017 = DIRECTION ( 'NONE',  ( -0.000000000000000000, -0.000000000000000000, -1.000000000000000000 ) ) ;
#2018 = CARTESIAN_POINT ( 'NONE',  ( 67.02832722344200533, 24.00000000000000000, 36.69999999999969731 ) ) ;
#2019 = VECTOR ( 'NONE', #88, 1000.000000000000000 ) ;
#2020 = DIRECTION ( 'NONE',  ( 0.000000000000000000, 0.000000000000000000, -1.000000000000000000 ) ) ;
#2021 = ORIENTED_EDGE ( 'NONE', *, *, #2599, .F. ) ;
#2022 = FACE_OUTER_BOUND ( 'NONE', #2390, .T. ) ;
#2023 = EDGE_LOOP ( 'NONE', ( #2122, #101, #2542, #3019 ) ) ;
#2024 = EDGE_CURVE ( 'NONE', #1084, #2594, #2578, .T. ) ;
#2025 = CARTESIAN_POINT ( 'NONE',  ( 56.47974596215604492, -3.599999999999984546, -13.50000000000001954 ) ) ;
#2026 = FACE_OUTER_BOUND ( 'NONE', #1907, .T. ) ;
#2027 = ORIENTED_EDGE ( 'NONE', *, *, #3139, .F. ) ;
#2028 = CARTESIAN_POINT ( 'NONE',  ( 56.97974596215602361, -3.100000000000004974, -1.000000000000000888 ) ) ;
#2029 = DIRECTION ( 'NONE',  ( 1.000000000000000000, 0.000000000000000000, 0.000000000000000000 ) ) ;
#2030 = DIRECTION ( 'NONE',  ( -0.6379939302913270049, 0.3048995652857287020, 0.7071067811865467956 ) ) ;
#2031 = ORIENTED_EDGE ( 'NONE', *, *, #351, .T. ) ;
#2032 = ORIENTED_EDGE ( 'NONE', *, *, #74, .F. ) ;
#2033 = ORIENTED_EDGE ( 'NONE', *, *, #2563, .F. ) ;
#2034 = DIRECTION ( 'NONE',  ( 0.1822780943043557644, 1.295517267889524966E-16, 0.9832470169478128019 ) ) ;
#2035 = EDGE_CURVE ( 'NONE', #977, #1530, #309, .T. ) ;
#2036 = FACE_OUTER_BOUND ( 'NONE', #178, .T. ) ;
#2037 = EDGE_CURVE ( 'NONE', #1498, #329, #2511, .T. ) ;
#2038 = EDGE_LOOP ( 'NONE', ( #1815, #1659, #450, #497 ) ) ;
#2039 = CARTESIAN_POINT ( 'NONE',  ( 72.60494607125674804, 26.00000000000000355, 36.69999999999971863 ) ) ;
#2040 = DIRECTION ( 'NONE',  ( -1.000000000000000000, 0.000000000000000000, 0.000000000000000000 ) ) ;
#2041 = ORIENTED_EDGE ( 'NONE', *, *, #175, .T. ) ;
#2042 = CARTESIAN_POINT ( 'NONE',  ( 51.24142864431271960, 2.246173370879388287, 15.03184560483393994 ) ) ;
#2043 = VERTEX_POINT ( 'NONE', #403 ) ;
#2044 = FACE_OUTER_BOUND ( 'NONE', #2682, .T. ) ;
#2045 = EDGE_CURVE ( 'NONE', #2713, #667, #1735, .T. ) ;
#2046 = EDGE_LOOP ( 'NONE', ( #2644, #1028, #1579, #3116 ) ) ;
#2047 = DIRECTION ( 'NONE',  ( -0.6627304028488001375, -4.710268033702417366E-16, 0.7488580727613658450 ) ) ;
#2048 = CARTESIAN_POINT ( 'NONE',  ( 49.25167277655799580, 24.00000000000000000, 30.49999999999998579 ) ) ;
#2049 = CIRCLE ( 'NONE', #624, 1.699999999999979305 ) ;
#2050 = EDGE_CURVE ( 'NONE', #2085, #66, #614, .T. ) ;
#2051 =( BOUNDED_CURVE ( )  B_SPLINE_CURVE ( 3, ( #2274, #1042, #3056, #2517 ),
 .UNSPECIFIED., .F., .F. ) 
 B_SPLINE_CURVE_WITH_KNOTS ( ( 4, 4 ),
 ( 1.603622440407548533, 1.886814797835629776 ),
 .UNSPECIFIED. ) 
 CURVE ( )  GEOMETRIC_REPRESENTATION_ITEM ( )  RATIONAL_B_SPLINE_CURVE ( ( 1.000000000000000000, 0.9933279994191546169, 0.9933279994191546169, 1.000000000000000000 ) ) 
 REPRESENTATION_ITEM ( '' )  );
#2052 = AXIS2_PLACEMENT_3D ( 'NONE', #917, #1722, #425 ) ;
#2053 = CIRCLE ( 'NONE', #3052, 1.000000000000403233 ) ;
#2054 = ORIENTED_EDGE ( 'NONE', *, *, #3184, .F. ) ;
#2055 = AXIS2_PLACEMENT_3D ( 'NONE', #1618, #1882, #3117 ) ;
#2056 = ORIENTED_EDGE ( 'NONE', *, *, #2127, .F. ) ;
#2057 = DIRECTION ( 'NONE',  ( -1.000000000000000000, -7.107366756459264042E-16, 0.000000000000000000 ) ) ;
#2058 = EDGE_CURVE ( 'NONE', #475, #250, #2150, .T. ) ;
#2059 = CARTESIAN_POINT ( 'NONE',  ( 77.01161292821939242, 26.55788231799338561, 92.54930690145332051 ) ) ;
#2060 = VECTOR ( 'NONE', #2257, 1000.000000000000114 ) ;
#2061 = DIRECTION ( 'NONE',  ( -1.000000000000000000, 0.000000000000000000, 0.000000000000000000 ) ) ;
#2062 = EDGE_LOOP ( 'NONE', ( #1051, #3219, #2474, #1976 ) ) ;
#2063 = AXIS2_PLACEMENT_3D ( 'NONE', #1056, #1297, #2064 ) ;
#2064 = DIRECTION ( 'NONE',  ( 1.000000000000000000, 1.761140584746631042E-15, 0.000000000000000000 ) ) ;
#2065 = ORIENTED_EDGE ( 'NONE', *, *, #2113, .T. ) ;
#2066 = ORIENTED_EDGE ( 'NONE', *, *, #1831, .T. ) ;
#2067 = CARTESIAN_POINT ( 'NONE',  ( 59.24142864431269828, 8.700000000000017053, 24.69999999999970086 ) ) ;
#2068 = DIRECTION ( 'NONE',  ( 0.7071067811866894592, -0.7071067811864056862, 0.000000000000000000 ) ) ;
#2069 = ADVANCED_FACE ( 'NONE', ( #1264 ), #2883, .T. ) ;
#2070 = VERTEX_POINT ( 'NONE', #2200 ) ;
#2071 = ORIENTED_EDGE ( 'NONE', *, *, #2058, .T. ) ;
#2072 = CARTESIAN_POINT ( 'NONE',  ( 66.03054050213481219, 24.06649555461125800, 30.49999999999998579 ) ) ;
#2073 = LINE ( 'NONE', #3074, #1148 ) ;
#2074 = EDGE_LOOP ( 'NONE', ( #967, #739, #128, #1646 ) ) ;
#2075 = ADVANCED_FACE ( 'NONE', ( #954 ), #364, .F. ) ;
#2076 = ORIENTED_EDGE ( 'NONE', *, *, #1752, .F. ) ;
#2077 = DIRECTION ( 'NONE',  ( -0.000000000000000000, -0.000000000000000000, -1.000000000000000000 ) ) ;
#2078 = CYLINDRICAL_SURFACE ( 'NONE', #634, 0.9499999999999995115 ) ;
#2079 = ORIENTED_EDGE ( 'NONE', *, *, #2568, .F. ) ;
#2080 = EDGE_CURVE ( 'NONE', #318, #2826, #2361, .T. ) ;
#2081 = DIRECTION ( 'NONE',  ( -1.000000000000000000, -7.107366756459264042E-16, -4.135580799816630757E-15 ) ) ;
#2082 = ORIENTED_EDGE ( 'NONE', *, *, #77, .T. ) ;
#2083 = ORIENTED_EDGE ( 'NONE', *, *, #1456, .T. ) ;
#2084 = CYLINDRICAL_SURFACE ( 'NONE', #312, 0.9500000000000005107 ) ;
#2085 = VERTEX_POINT ( 'NONE', #486 ) ;
#2086 = EDGE_CURVE ( 'NONE', #2571, #1997, #1005, .T. ) ;
#2087 = DIRECTION ( 'NONE',  ( -1.000000000000000000, 6.221416680311846020E-16, -4.135580799816630757E-15 ) ) ;
#2088 = EDGE_CURVE ( 'NONE', #405, #1433, #683, .T. ) ;
#2089 = DIRECTION ( 'NONE',  ( -6.928533639175094789E-16, 1.000000000000000000, -2.189528850507526673E-47 ) ) ;
#2090 = LINE ( 'NONE', #3091, #1634 ) ;
#2091 = DIRECTION ( 'NONE',  ( -0.7071067811865475727, -4.899213119939818608E-16, 0.7071067811865475727 ) ) ;
#2092 = ORIENTED_EDGE ( 'NONE', *, *, #111, .T. ) ;
#2093 = ADVANCED_FACE ( 'NONE', ( #1744 ), #1480, .F. ) ;
#2094 = ORIENTED_EDGE ( 'NONE', *, *, #1019, .F. ) ;
#2095 = AXIS2_PLACEMENT_3D ( 'NONE', #2661, #645, #1660 ) ;
#2096 = FACE_OUTER_BOUND ( 'NONE', #688, .T. ) ;
#2097 = DIRECTION ( 'NONE',  ( 0.1822780943043557922, 1.295517267889525212E-16, 0.9832470169478128019 ) ) ;
#2098 = CARTESIAN_POINT ( 'NONE',  ( 49.47974596215602361, -3.599999999999988542, 11.45886918214689132 ) ) ;
#2099 = CIRCLE ( 'NONE', #2263, 0.5000000000004167777 ) ;
#2100 = VECTOR ( 'NONE', #217, 1000.000000000000000 ) ;
#2101 = CARTESIAN_POINT ( 'NONE',  ( 49.47974596215601650, 13.68193884501871516, -2.546733707232389676 ) ) ;
#2102 = AXIS2_PLACEMENT_3D ( 'NONE', #213, #228, #2743 ) ;
#2103 = VECTOR ( 'NONE', #18, 1000.000000000000114 ) ;
#2104 = DIRECTION ( 'NONE',  ( 1.000000000000000000, 2.775557561562888827E-14, 0.000000000000000000 ) ) ;
#2105 = DIRECTION ( 'NONE',  ( 1.000000000000000000, 0.000000000000000000, 0.000000000000000000 ) ) ;
#2106 = AXIS2_PLACEMENT_3D ( 'NONE', #1706, #2392, #119 ) ;
#2107 = DIRECTION ( 'NONE',  ( -0.000000000000000000, -0.000000000000000000, -1.000000000000000000 ) ) ;
#2108 = ORIENTED_EDGE ( 'NONE', *, *, #2428, .F. ) ;
#2109 = LINE ( 'NONE', #78, #2732 ) ;
#2110 = CARTESIAN_POINT ( 'NONE',  ( 51.24142864431270539, 2.246173370879388731, 20.66815439516548736 ) ) ;
#2111 = VECTOR ( 'NONE', #1300, 1000.000000000000000 ) ;
#2112 = VECTOR ( 'NONE', #1459, 1000.000000000000000 ) ;
#2113 = EDGE_CURVE ( 'NONE', #960, #2043, #1212, .T. ) ;
#2114 = DIRECTION ( 'NONE',  ( -1.000000000000000000, 6.938893903907414549E-15, 0.000000000000000000 ) ) ;
#2115 = ORIENTED_EDGE ( 'NONE', *, *, #2547, .T. ) ;
#2116 = CARTESIAN_POINT ( 'NONE',  ( 51.24142864431271960, 2.246173370879388287, 15.03184560483393994 ) ) ;
#2117 = EDGE_CURVE ( 'NONE', #1590, #2974, #928, .T. ) ;
#2118 = EDGE_LOOP ( 'NONE', ( #1714, #148, #1493, #551 ) ) ;
#2119 = DIRECTION ( 'NONE',  ( -0.6627304028488001375, -4.710268033702416380E-16, 0.7488580727613658450 ) ) ;
#2120 = FACE_OUTER_BOUND ( 'NONE', #984, .T. ) ;
#2121 = CARTESIAN_POINT ( 'NONE',  ( 67.24142864431270539, 8.700000000000024158, 24.69999999999970086 ) ) ;
#2122 = ORIENTED_EDGE ( 'NONE', *, *, #582, .F. ) ;
#2123 = CARTESIAN_POINT ( 'NONE',  ( 76.43534358136577112, 29.08170889301364426, 30.49999999999998579 ) ) ;
#2124 = CARTESIAN_POINT ( 'NONE',  ( 67.24142864431259170, -11.00000000001559997, 30.00000000000000000 ) ) ;
#2125 = VERTEX_POINT ( 'NONE', #1939 ) ;
#2126 = CARTESIAN_POINT ( 'NONE',  ( 49.97974596215600940, -3.599999999999989431, -13.50000000000002132 ) ) ;
#2127 = EDGE_CURVE ( 'NONE', #1382, #294, #1691, .T. ) ;
#2128 = ORIENTED_EDGE ( 'NONE', *, *, #1918, .T. ) ;
#2129 = PLANE ( 'NONE',  #2306 ) ;
#2130 = FACE_OUTER_BOUND ( 'NONE', #2118, .T. ) ;
#2131 = CARTESIAN_POINT ( 'NONE',  ( 53.52974596215602077, 8.700000000000013500, -4.400000000000003020 ) ) ;
#2132 = EDGE_CURVE ( 'NONE', #2303, #1173, #2266, .T. ) ;
#2133 = CARTESIAN_POINT ( 'NONE',  ( 49.47974596215602361, 8.200000000000029488, 11.45886918214689132 ) ) ;
#2134 = DIRECTION ( 'NONE',  ( -0.7055417568142003937, 0.04701945758438560996, -0.7071067811865487940 ) ) ;
#2135 = ORIENTED_EDGE ( 'NONE', *, *, #602, .F. ) ;
#2136 = FACE_BOUND ( 'NONE', #2322, .T. ) ;
#2137 = CARTESIAN_POINT ( 'NONE',  ( 78.17200000000002547, 26.51299999999995194, 30.00000000000000000 ) ) ;
#2138 = EDGE_LOOP ( 'NONE', ( #974, #738, #215, #117 ) ) ;
#2139 = LINE ( 'NONE', #1869, #2679 ) ;
#2140 = EDGE_CURVE ( 'NONE', #562, #1937, #2977, .T. ) ;
#2141 = ORIENTED_EDGE ( 'NONE', *, *, #1870, .F. ) ;
#2142 = DIRECTION ( 'NONE',  ( 0.4311931003885311475, 0.9022596689298075789, 1.933482698852198233E-15 ) ) ;
#2143 = ORIENTED_EDGE ( 'NONE', *, *, #1752, .T. ) ;
#2144 = DIRECTION ( 'NONE',  ( 0.6649674279714439251, 0.7468723583966958568, -0.000000000000000000 ) ) ;
#2145 = AXIS2_PLACEMENT_3D ( 'NONE', #1971, #2951, #2029 ) ;
#2146 = CARTESIAN_POINT ( 'NONE',  ( 41.85220674431636212, 24.49999999999997868, 37.19999999999961204 ) ) ;
#2147 = EDGE_CURVE ( 'NONE', #294, #1937, #1231, .T. ) ;
#2148 = AXIS2_PLACEMENT_3D ( 'NONE', #416, #2405, #1176 ) ;
#2149 = AXIS2_PLACEMENT_3D ( 'NONE', #330, #2810, #1566 ) ;
#2150 = LINE ( 'NONE', #648, #1577 ) ;
#2151 = CARTESIAN_POINT ( 'NONE',  ( 76.32404228700553972, 29.56916352872217857, 30.00000000000000000 ) ) ;
#2152 = CARTESIAN_POINT ( 'NONE',  ( 41.85220674431636212, 24.00000000000000000, 30.49999999999998579 ) ) ;
#2153 = CARTESIAN_POINT ( 'NONE',  ( 81.90264426036928569, 25.32794015189909942, 30.00000000000000000 ) ) ;
#2154 = CARTESIAN_POINT ( 'NONE',  ( 78.18272428341430214, 15.16598561813029988, 36.69999999999973994 ) ) ;
#2155 = AXIS2_PLACEMENT_3D ( 'NONE', #2153, #902, #663 ) ;
#2156 = VECTOR ( 'NONE', #2441, 1000.000000000000000 ) ;
#2157 = ORIENTED_EDGE ( 'NONE', *, *, #2344, .F. ) ;
#2158 = LINE ( 'NONE', #653, #1363 ) ;
#2159 = LINE ( 'NONE', #2434, #882 ) ;
#2160 = VECTOR ( 'NONE', #596, 1000.000000000000114 ) ;
#2161 = CARTESIAN_POINT ( 'NONE',  ( 67.24142864431259170, -11.00000000001559997, 30.00000000000000000 ) ) ;
#2162 = CARTESIAN_POINT ( 'NONE',  ( 67.24142864431270539, 8.200000000000043698, 24.19999999999972218 ) ) ;
#2163 = DIRECTION ( 'NONE',  ( -0.000000000000000000, -0.000000000000000000, 1.000000000000000000 ) ) ;
#2164 = AXIS2_PLACEMENT_3D ( 'NONE', #594, #1637, #2081 ) ;
#2165 = EDGE_CURVE ( 'NONE', #2805, #2658, #1477, .T. ) ;
#2166 = ORIENTED_EDGE ( 'NONE', *, *, #3182, .F. ) ;
#2167 = FACE_OUTER_BOUND ( 'NONE', #2350, .T. ) ;
#2168 = EDGE_LOOP ( 'NONE', ( #70, #1175, #2536, #1773 ) ) ;
#2169 = PLANE ( 'NONE',  #571 ) ;
#2170 = DIRECTION ( 'NONE',  ( 0.000000000000000000, 0.7071067811865524577, 0.7071067811865426878 ) ) ;
#2171 =( NAMED_UNIT ( * ) PLANE_ANGLE_UNIT ( ) SI_UNIT ( $, .RADIAN. ) );
#2172 = ADVANCED_FACE ( 'NONE', ( #1443, #1708, #1457 ), #2458, .F. ) ;
#2173 = VERTEX_POINT ( 'NONE', #1982 ) ;
#2174 = DIRECTION ( 'NONE',  ( 1.000000000000000000, 6.928533639175096761E-16, 5.337610695313253357E-16 ) ) ;
#2175 = ORIENTED_EDGE ( 'NONE', *, *, #3020, .F. ) ;
#2176 = VERTEX_POINT ( 'NONE', #2251 ) ;
#2177 = FACE_OUTER_BOUND ( 'NONE', #375, .T. ) ;
#2178 = ADVANCED_FACE ( 'NONE', ( #251 ), #1837, .F. ) ;
#2179 = CARTESIAN_POINT ( 'NONE',  ( 56.48812245368213780, 8.700000000000015277, -0.9088609528478264199 ) ) ;
#2180 = DIRECTION ( 'NONE',  ( 6.928533639175094789E-16, -1.000000000000000000, 2.189528850507526673E-47 ) ) ;
#2181 = ORIENTED_EDGE ( 'NONE', *, *, #1918, .F. ) ;
#2182 = DIRECTION ( 'NONE',  ( 0.000000000000000000, 0.000000000000000000, -1.000000000000000000 ) ) ;
#2183 = ORIENTED_EDGE ( 'NONE', *, *, #180, .F. ) ;
#2184 = LINE ( 'NONE', #3189, #1305 ) ;
#2185 = CARTESIAN_POINT ( 'NONE',  ( 59.24142864431270539, 2.246173370879391840, 21.53184560483393994 ) ) ;
#2186 = DIRECTION ( 'NONE',  ( 0.3995678989190136754, 0.7978079399962425544, -0.4514952768661004145 ) ) ;
#2187 = CARTESIAN_POINT ( 'NONE',  ( 51.24142864431271960, 1.400000000000013456, 14.59999999999971365 ) ) ;
#2188 = EDGE_LOOP ( 'NONE', ( #2287, #2933, #1292, #1686 ) ) ;
#2189 = ORIENTED_EDGE ( 'NONE', *, *, #2338, .T. ) ;
#2190 = EDGE_LOOP ( 'NONE', ( #2965, #3082, #1750 ) ) ;
#2191 = CARTESIAN_POINT ( 'NONE',  ( 81.90264426036928569, 25.32794015189909942, 92.54930690145332051 ) ) ;
#2192 = DIRECTION ( 'NONE',  ( -1.000000000000000000, 0.000000000000000000, 0.000000000000000000 ) ) ;
#2193 = CARTESIAN_POINT ( 'NONE',  ( 77.69475465417148996, 15.27500690475182310, 30.00000000000000000 ) ) ;
#2194 = ADVANCED_FACE ( 'NONE', ( #57 ), #2781, .T. ) ;
#2195 = ORIENTED_EDGE ( 'NONE', *, *, #321, .F. ) ;
#2196 = CARTESIAN_POINT ( 'NONE',  ( 49.25167277655799580, 24.00000000000000000, 92.54930690145332051 ) ) ;
#2197 = ORIENTED_EDGE ( 'NONE', *, *, #1400, .T. ) ;
#2198 = CARTESIAN_POINT ( 'NONE',  ( 58.74142864431274091, -3.599999999999983213, 3.135388777898639969E-14 ) ) ;
#2199 = FACE_OUTER_BOUND ( 'NONE', #1248, .T. ) ;
#2200 = CARTESIAN_POINT ( 'NONE',  ( 49.47974596215602361, -3.100000000000009859, -13.50000000000002309 ) ) ;
#2201 = CARTESIAN_POINT ( 'NONE',  ( 66.34426711928915665, -3.599999999999977884, 24.69999999999970086 ) ) ;
#2202 = CONICAL_SURFACE ( 'NONE', #3054, 1.000000000000000888, 0.7853981633974582710 ) ;
#2203 = APPLICATION_PROTOCOL_DEFINITION ( 'draft international standard', 'automotive_design', 1998, #2524 ) ;
#2204 = ORIENTED_EDGE ( 'NONE', *, *, #3255, .T. ) ;
#2205 = DIRECTION ( 'NONE',  ( 0.000000000000000000, 0.7071067811865474617, -0.7071067811865474617 ) ) ;
#2206 = CIRCLE ( 'NONE', #2873, 14.76418654052520374 ) ;
#2207 = VECTOR ( 'NONE', #758, 1000.000000000000114 ) ;
#2208 = VERTEX_POINT ( 'NONE', #20 ) ;
#2209 = LINE ( 'NONE', #767, #1888 ) ;
#2210 = VECTOR ( 'NONE', #208, 999.9999999999998863 ) ;
#2211 = CIRCLE ( 'NONE', #3266, 0.9500000000000005107 ) ;
#2212 = DIRECTION ( 'NONE',  ( -1.000000000000000000, 0.000000000000000000, 0.000000000000000000 ) ) ;
#2213 = CARTESIAN_POINT ( 'NONE',  ( 49.97974596215600940, -3.599999999999989431, 0.000000000000000000 ) ) ;
#2214 = AXIS2_PLACEMENT_3D ( 'NONE', #206, #3212, #1758 ) ;
#2215 = AXIS2_PLACEMENT_3D ( 'NONE', #1737, #660, #3204 ) ;
#2216 = VECTOR ( 'NONE', #2867, 1000.000000000000114 ) ;
#2217 = ADVANCED_FACE ( 'NONE', ( #2522 ), #6, .F. ) ;
#2218 = CARTESIAN_POINT ( 'NONE',  ( 54.47974596215602361, 8.700000000000013500, -10.90000000000000213 ) ) ;
#2219 = ORIENTED_EDGE ( 'NONE', *, *, #1908, .F. ) ;
#2220 = VECTOR ( 'NONE', #1376, 1000.000000000000000 ) ;
#2221 = LINE ( 'NONE', #495, #470 ) ;
#2222 = EDGE_CURVE ( 'NONE', #125, #1298, #3039, .T. ) ;
#2223 = AXIS2_PLACEMENT_3D ( 'NONE', #2187, #2887, #2669 ) ;
#2224 = CARTESIAN_POINT ( 'NONE',  ( 58.14000000000000057, 24.59234527346169585, 36.69999999999964757 ) ) ;
#2225 = FACE_OUTER_BOUND ( 'NONE', #858, .T. ) ;
#2226 = ORIENTED_EDGE ( 'NONE', *, *, #2140, .T. ) ;
#2227 = ORIENTED_EDGE ( 'NONE', *, *, #979, .T. ) ;
#2228 = ORIENTED_EDGE ( 'NONE', *, *, #1796, .F. ) ;
#2229 = CARTESIAN_POINT ( 'NONE',  ( 54.47974596215600940, 30.14766329383928678, -10.90000000000000213 ) ) ;
#2230 = CARTESIAN_POINT ( 'NONE',  ( 82.60975104155600945, 26.03504693308581608, 30.49999999999998579 ) ) ;
#2231 = LINE ( 'NONE', #2213, #2100 ) ;
#2232 = VERTEX_POINT ( 'NONE', #1539 ) ;
#2233 = DIRECTION ( 'NONE',  ( 0.000000000000000000, 0.000000000000000000, 1.000000000000000000 ) ) ;
#2234 = CARTESIAN_POINT ( 'NONE',  ( -6.183409078119541968E-15, 8.699999999999974420, 29.49999999999998579 ) ) ;
#2235 = EDGE_CURVE ( 'NONE', #307, #2464, #284, .T. ) ;
#2236 = ORIENTED_EDGE ( 'NONE', *, *, #1832, .F. ) ;
#2237 = CARTESIAN_POINT ( 'NONE',  ( 54.47974596215603071, -3.599999999999987210, -10.90000000000000213 ) ) ;
#2238 = EDGE_CURVE ( 'NONE', #3081, #2809, #16, .T. ) ;
#2239 = CARTESIAN_POINT ( 'NONE',  ( 53.52974596215602787, -3.599999999999988098, -4.400000000000003020 ) ) ;
#2240 = ORIENTED_EDGE ( 'NONE', *, *, #336, .F. ) ;
#2241 = ORIENTED_EDGE ( 'NONE', *, *, #2300, .F. ) ;
#2242 = ORIENTED_EDGE ( 'NONE', *, *, #1891, .T. ) ;
#2243 = SURFACE_SIDE_STYLE ('',( #1236 ) ) ;
#2244 = DIRECTION ( 'NONE',  ( -1.000000000000000000, 0.000000000000000000, -4.091278953474843820E-15 ) ) ;
#2245 = ADVANCED_FACE ( 'NONE', ( #2533 ), #1055, .T. ) ;
#2246 = EDGE_CURVE ( 'NONE', #276, #2949, #2282, .T. ) ;
#2247 = DIRECTION ( 'NONE',  ( -6.928533639175096761E-16, 1.000000000000000000, 0.000000000000000000 ) ) ;
#2248 = CARTESIAN_POINT ( 'NONE',  ( 67.24142864431259170, -11.00000000001559997, 8.953365301757276740 ) ) ;
#2249 = ORIENTED_EDGE ( 'NONE', *, *, #2050, .T. ) ;
#2250 = VERTEX_POINT ( 'NONE', #1551 ) ;
#2251 = CARTESIAN_POINT ( 'NONE',  ( 72.60494607125674804, 24.99999999999999645, 36.69999999999971863 ) ) ;
#2252 = PLANE ( 'NONE',  #674 ) ;
#2253 = APPLICATION_PROTOCOL_DEFINITION ( 'draft international standard', 'automotive_design', 1998, #1515 ) ;
#2254 = ORIENTED_EDGE ( 'NONE', *, *, #671, .T. ) ;
#2255 = EDGE_CURVE ( 'NONE', #2723, #1949, #292, .T. ) ;
#2256 = ORIENTED_EDGE ( 'NONE', *, *, #1732, .F. ) ;
#2257 = DIRECTION ( 'NONE',  ( -0.000000000000000000, -0.4545743208781292122, 0.8907088114519735589 ) ) ;
#2258 = AXIS2_PLACEMENT_3D ( 'NONE', #2018, #3025, #3014 ) ;
#2259 = DIRECTION ( 'NONE',  ( 0.5773502691896251759, 0.5773502691896251759, -0.5773502691896271743 ) ) ;
#2260 = VERTEX_POINT ( 'NONE', #1820 ) ;
#2261 = MECHANICAL_DESIGN_GEOMETRIC_PRESENTATION_REPRESENTATION (  '', ( #2999 ), #2879 ) ;
#2262 = AXIS2_PLACEMENT_3D ( 'NONE', #3183, #2954, #1932 ) ;
#2263 = AXIS2_PLACEMENT_3D ( 'NONE', #1846, #2077, #3078 ) ;
#2264 = CIRCLE ( 'NONE', #3211, 1.500000000000403677 ) ;
#2265 = LINE ( 'NONE', #2720, #946 ) ;
#2266 = CIRCLE ( 'NONE', #522, 0.9499999999999995115 ) ;
#2267 = EDGE_LOOP ( 'NONE', ( #1079, #2329, #1218, #2333 ) ) ;
#2268 = AXIS2_PLACEMENT_3D ( 'NONE', #2467, #2685, #1536 ) ;
#2269 = ORIENTED_EDGE ( 'NONE', *, *, #640, .F. ) ;
#2270 = DIRECTION ( 'NONE',  ( 0.000000000000000000, 0.000000000000000000, 1.000000000000000000 ) ) ;
#2271 = VERTEX_POINT ( 'NONE', #295 ) ;
#2272 = ADVANCED_FACE ( 'NONE', ( #750 ), #2767, .F. ) ;
#2273 = EDGE_CURVE ( 'NONE', #276, #282, #346, .T. ) ;
#2274 = CARTESIAN_POINT ( 'NONE',  ( 33.57985010691057681, 5.123163510212806138, 29.42509695151335691 ) ) ;
#2275 = VERTEX_POINT ( 'NONE', #3132 ) ;
#2276 = CARTESIAN_POINT ( 'NONE',  ( 73.49454805301495242, 25.54326340845965149, 30.49999999999998579 ) ) ;
#2277 = ADVANCED_FACE ( 'NONE', ( #3121 ), #1346, .T. ) ;
#2278 = CARTESIAN_POINT ( 'NONE',  ( 67.02832722344200533, 24.00000000000000000, 92.54930690145332051 ) ) ;
#2279 = DIRECTION ( 'NONE',  ( -6.661180207667785451E-16, 0.7071067811865481278, 0.7071067811865469066 ) ) ;
#2280 = ORIENTED_EDGE ( 'NONE', *, *, #1544, .F. ) ;
#2281 = EDGE_LOOP ( 'NONE', ( #1066, #2681, #1134, #3201 ) ) ;
#2282 = LINE ( 'NONE', #30, #2572 ) ;
#2283 = EDGE_CURVE ( 'NONE', #2713, #3217, #872, .T. ) ;
#2284 = DIRECTION ( 'NONE',  ( 0.000000000000000000, -0.4545743208781328204, 0.8907088114519717825 ) ) ;
#2285 = CARTESIAN_POINT ( 'NONE',  ( 78.17200000000002547, 26.51299999999995194, 37.19999999999976126 ) ) ;
#2286 = EDGE_LOOP ( 'NONE', ( #1241, #2815, #505, #2768 ) ) ;
#2287 = ORIENTED_EDGE ( 'NONE', *, *, #3069, .F. ) ;
#2288 = DIRECTION ( 'NONE',  ( 1.000000000000000000, -4.688780159049614113E-16, 0.000000000000000000 ) ) ;
#2289 = DIRECTION ( 'NONE',  ( 1.000000000000000000, 0.000000000000000000, 0.000000000000000000 ) ) ;
#2290 = DIRECTION ( 'NONE',  ( 0.000000000000000000, 0.000000000000000000, 1.000000000000000000 ) ) ;
#2291 = ORIENTED_EDGE ( 'NONE', *, *, #1221, .F. ) ;
#2292 = ORIENTED_EDGE ( 'NONE', *, *, #1667, .F. ) ;
#2293 = CARTESIAN_POINT ( 'NONE',  ( 73.49454805301495242, 25.54326340845965149, 92.54930690145332051 ) ) ;
#2294 = ORIENTED_EDGE ( 'NONE', *, *, #1337, .F. ) ;
#2295 = VERTEX_POINT ( 'NONE', #2586 ) ;
#2296 = AXIS2_PLACEMENT_3D ( 'NONE', #2191, #161, #961 ) ;
#2297 = DIRECTION ( 'NONE',  ( 1.000000000000000000, 0.000000000000000000, 0.000000000000000000 ) ) ;
#2298 = CIRCLE ( 'NONE', #1730, 1.000000000000000888 ) ;
#2299 = VECTOR ( 'NONE', #1700, 1000.000000000000000 ) ;
#2300 = EDGE_CURVE ( 'NONE', #2571, #1959, #1645, .T. ) ;
#2301 = CONICAL_SURFACE ( 'NONE', #1309, 1.000000000000000888, 0.7853981633974541632 ) ;
#2302 = AXIS2_PLACEMENT_3D ( 'NONE', #449, #712, #1412 ) ;
#2303 = VERTEX_POINT ( 'NONE', #1322 ) ;
#2304 = CARTESIAN_POINT ( 'NONE',  ( 67.83801183608255769, -2.929934855942876837, 36.69999999999969020 ) ) ;
#2305 = ORIENTED_EDGE ( 'NONE', *, *, #2430, .F. ) ;
#2306 = AXIS2_PLACEMENT_3D ( 'NONE', #1080, #1884, #71 ) ;
#2307 = EDGE_LOOP ( 'NONE', ( #1036, #406, #3068, #1844, #810 ) ) ;
#2308 = DIRECTION ( 'NONE',  ( 0.000000000000000000, 0.000000000000000000, 1.000000000000000000 ) ) ;
#2309 = CARTESIAN_POINT ( 'NONE',  ( 49.25167277655799580, 24.00000000000000000, 36.69999999999961915 ) ) ;
#2310 = EDGE_CURVE ( 'NONE', #2753, #2557, #1835, .T. ) ;
#2311 = LINE ( 'NONE', #59, #1204 ) ;
#2312 = AXIS2_PLACEMENT_3D ( 'NONE', #2394, #3090, #567 ) ;
#2313 = ORIENTED_EDGE ( 'NONE', *, *, #1324, .F. ) ;
#2314 = ORIENTED_EDGE ( 'NONE', *, *, #1141, .F. ) ;
#2315 = ORIENTED_EDGE ( 'NONE', *, *, #1168, .T. ) ;
#2316 = VECTOR ( 'NONE', #76, 1000.000000000000000 ) ;
#2317 = CARTESIAN_POINT ( 'NONE',  ( 46.08393142754541572, -2.613361074636666448, 2.205229378573772436 ) ) ;
#2318 = EDGE_LOOP ( 'NONE', ( #1475, #2777, #2076 ) ) ;
#2319 = EDGE_LOOP ( 'NONE', ( #606, #3010, #435, #1644 ) ) ;
#2320 = DIRECTION ( 'NONE',  ( -0.000000000000000000, -0.000000000000000000, -1.000000000000000000 ) ) ;
#2321 = ADVANCED_FACE ( 'NONE', ( #1135 ), #2129, .T. ) ;
#2322 = EDGE_LOOP ( 'NONE', ( #3269, #2157, #1678 ) ) ;
#2323 = ADVANCED_FACE ( 'NONE', ( #629 ), #2875, .F. ) ;
#2324 = CARTESIAN_POINT ( 'NONE',  ( 51.24142864431270539, 2.466566298419555103, 21.09999999999971365 ) ) ;
#2325 = CARTESIAN_POINT ( 'NONE',  ( -1.494371280552020925E-13, -3.600000000000024958, 36.69999999999941309 ) ) ;
#2326 = ADVANCED_FACE ( 'NONE', ( #1571 ), #2084, .F. ) ;
#2327 = EDGE_CURVE ( 'NONE', #329, #1433, #3159, .T. ) ;
#2328 = EDGE_LOOP ( 'NONE', ( #2423, #99, #1191 ) ) ;
#2329 = ORIENTED_EDGE ( 'NONE', *, *, #1469, .T. ) ;
#2330 = DIRECTION ( 'NONE',  ( 1.000000000000000000, 0.000000000000000000, 0.000000000000000000 ) ) ;
#2331 = CARTESIAN_POINT ( 'NONE',  ( 76.22200000000002262, 26.51299999999995194, 30.00000000000000000 ) ) ;
#2332 = LINE ( 'NONE', #1848, #2316 ) ;
#2333 = ORIENTED_EDGE ( 'NONE', *, *, #1141, .T. ) ;
#2334 = ORIENTED_EDGE ( 'NONE', *, *, #2710, .T. ) ;
#2335 = EDGE_LOOP ( 'NONE', ( #1998, #869, #1044, #2702 ) ) ;
#2336 = DIRECTION ( 'NONE',  ( -1.000000000000000000, 0.000000000000000000, 0.000000000000000000 ) ) ;
#2337 = DIRECTION ( 'NONE',  ( 0.000000000000000000, 0.000000000000000000, -1.000000000000000000 ) ) ;
#2338 = EDGE_CURVE ( 'NONE', #526, #2232, #114, .T. ) ;
#2339 = LINE ( 'NONE', #2101, #3099 ) ;
#2340 = ORIENTED_EDGE ( 'NONE', *, *, #2912, .F. ) ;
#2341 = PLANE ( 'NONE',  #3155 ) ;
#2342 = LINE ( 'NONE', #1116, #2019 ) ;
#2343 = FACE_OUTER_BOUND ( 'NONE', #765, .T. ) ;
#2344 = EDGE_CURVE ( 'NONE', #598, #2528, #1582, .T. ) ;
#2345 = VERTEX_POINT ( 'NONE', #892 ) ;
#2346 = EDGE_CURVE ( 'NONE', #66, #2571, #420, .T. ) ;
#2347 = ADVANCED_FACE ( 'NONE', ( #2096 ), #2353, .T. ) ;
#2348 = VECTOR ( 'NONE', #1225, 1000.000000000000000 ) ;
#2349 = DIRECTION ( 'NONE',  ( -0.7071067811865474617, 0.7071067811865474617, -0.000000000000000000 ) ) ;
#2350 = EDGE_LOOP ( 'NONE', ( #3049, #2056, #315, #230 ) ) ;
#2351 = AXIS2_PLACEMENT_3D ( 'NONE', #2039, #2308, #2789 ) ;
#2352 = VECTOR ( 'NONE', #2716, 1000.000000000000114 ) ;
#2353 = PLANE ( 'NONE',  #1104 ) ;
#2354 = LINE ( 'NONE', #83, #1569 ) ;
#2355 = ADVANCED_FACE ( 'NONE', ( #609 ), #1872, .F. ) ;
#2356 = EDGE_LOOP ( 'NONE', ( #766, #1330, #2378, #2065 ) ) ;
#2357 = LINE ( 'NONE', #103, #2830 ) ;
#2358 = VECTOR ( 'NONE', #2953, 1000.000000000000000 ) ;
#2359 = CONICAL_SURFACE ( 'NONE', #2874, 1.000000000000000888, 0.7853981633974539411 ) ;
#2360 = DIRECTION ( 'NONE',  ( 0.1822780943043557644, 0.000000000000000000, 0.9832470169478128019 ) ) ;
#2361 = CIRCLE ( 'NONE', #2730, 1.699999999999979305 ) ;
#2362 = LINE ( 'NONE', #2865, #3005 ) ;
#2363 = VECTOR ( 'NONE', #2435, 999.9999999999998863 ) ;
#2364 = EDGE_LOOP ( 'NONE', ( #377, #1800, #3242, #779 ) ) ;
#2365 = CARTESIAN_POINT ( 'NONE',  ( 67.24142864431262012, 24.50000000000000000, 30.00000000000000000 ) ) ;
#2366 = PLANE ( 'NONE',  #3210 ) ;
#2367 = VECTOR ( 'NONE', #1743, 1000.000000000000114 ) ;
#2368 = CARTESIAN_POINT ( 'NONE',  ( 76.40091532188378665, 7.190766417521077258, 30.16659982654698169 ) ) ;
#2369 = ORIENTED_EDGE ( 'NONE', *, *, #1809, .T. ) ;
#2370 = FACE_OUTER_BOUND ( 'NONE', #1969, .T. ) ;
#2371 = CYLINDRICAL_SURFACE ( 'NONE', #563, 1.000000000000403233 ) ;
#2372 = VECTOR ( 'NONE', #209, 1000.000000000000114 ) ;
#2373 = EDGE_CURVE ( 'NONE', #2528, #300, #2814, .T. ) ;
#2374 = EDGE_CURVE ( 'NONE', #60, #137, #1006, .T. ) ;
#2375 = ORIENTED_EDGE ( 'NONE', *, *, #1870, .T. ) ;
#2376 = DIRECTION ( 'NONE',  ( 0.4567365915403499010, 0.8896019817581926059, 2.037012049056629610E-15 ) ) ;
#2377 = CARTESIAN_POINT ( 'NONE',  ( -6.183409078119541968E-15, 8.699999999999974420, 29.49999999999998579 ) ) ;
#2378 = ORIENTED_EDGE ( 'NONE', *, *, #1250, .T. ) ;
#2379 = DIRECTION ( 'NONE',  ( 1.000000000000000000, 0.000000000000000000, 0.000000000000000000 ) ) ;
#2380 = LINE ( 'NONE', #875, #2774 ) ;
#2381 = CARTESIAN_POINT ( 'NONE',  ( 56.47974596215604492, -3.599999999999984546, -0.9540455392730577966 ) ) ;
#2382 = CARTESIAN_POINT ( 'NONE',  ( 67.24142864431260591, 24.49999999999999289, 30.00000000000000000 ) ) ;
#2383 = LINE ( 'NONE', #1083, #3162 ) ;
#2384 = DIRECTION ( 'NONE',  ( -1.000000000000000000, -7.107366756459264042E-16, 0.000000000000000000 ) ) ;
#2385 = LINE ( 'NONE', #1075, #1319 ) ;
#2386 = EDGE_CURVE ( 'NONE', #1616, #2208, #679, .T. ) ;
#2387 = VERTEX_POINT ( 'NONE', #1249 ) ;
#2388 = DIRECTION ( 'NONE',  ( 1.000000000000000000, -6.221416680311846020E-16, 0.000000000000000000 ) ) ;
#2389 = DIRECTION ( 'NONE',  ( 7.107366756459264042E-16, -1.000000000000000000, -0.000000000000000000 ) ) ;
#2390 = EDGE_LOOP ( 'NONE', ( #1130, #2654, #877, #925 ) ) ;
#2391 = PLANE ( 'NONE',  #2095 ) ;
#2392 = DIRECTION ( 'NONE',  ( -0.000000000000000000, -0.000000000000000000, -1.000000000000000000 ) ) ;
#2393 = CARTESIAN_POINT ( 'NONE',  ( 79.19571090183923445, 28.74198029161482282, 30.00000000000000000 ) ) ;
#2394 = CARTESIAN_POINT ( 'NONE',  ( 81.90264426036928569, 25.32794015189909942, 30.49999999999998579 ) ) ;
#2395 = DIRECTION ( 'NONE',  ( 0.000000000000000000, 0.000000000000000000, -1.000000000000000000 ) ) ;
#2396 = CARTESIAN_POINT ( 'NONE',  ( 51.24142864431271960, 2.466566298419555547, 14.59999999999971365 ) ) ;
#2397 = VERTEX_POINT ( 'NONE', #791 ) ;
#2398 = LINE ( 'NONE', #138, #1478 ) ;
#2399 = CYLINDRICAL_SURFACE ( 'NONE', #2296, 1.000000000000403233 ) ;
#2400 = CARTESIAN_POINT ( 'NONE',  ( 76.32404228700553972, 29.56916352872217857, 30.00000000000000000 ) ) ;
#2401 = CARTESIAN_POINT ( 'NONE',  ( 56.97974596215601650, 8.200000000000036593, -1.000000000000000888 ) ) ;
#2402 = ORIENTED_EDGE ( 'NONE', *, *, #1753, .T. ) ;
#2403 = PLANE ( 'NONE',  #2609 ) ;
#2404 = ORIENTED_EDGE ( 'NONE', *, *, #1772, .F. ) ;
#2405 = DIRECTION ( 'NONE',  ( -0.000000000000000000, -0.000000000000000000, -1.000000000000000000 ) ) ;
#2406 = ADVANCED_FACE ( 'NONE', ( #537 ), #352, .T. ) ;
#2407 = CIRCLE ( 'NONE', #832, 1.000000000000000888 ) ;
#2408 = DIRECTION ( 'NONE',  ( 1.000000000000000000, 0.000000000000000000, 0.000000000000000000 ) ) ;
#2409 = ADVANCED_FACE ( 'NONE', ( #120 ), #1687, .F. ) ;
#2410 =( LENGTH_UNIT ( ) NAMED_UNIT ( * ) SI_UNIT ( .MILLI., .METRE. ) );
#2411 = CARTESIAN_POINT ( 'NONE',  ( 51.24142864431270539, 2.466566298419555103, 21.09999999999971365 ) ) ;
#2412 = VECTOR ( 'NONE', #27, 1000.000000000000000 ) ;
#2413 = VECTOR ( 'NONE', #438, 1000.000000000000000 ) ;
#2414 = ORIENTED_EDGE ( 'NONE', *, *, #2045, .F. ) ;
#2415 = CARTESIAN_POINT ( 'NONE',  ( 33.57106781186550393, 23.18030480584095443, 37.19999999999958362 ) ) ;
#2416 = ORIENTED_EDGE ( 'NONE', *, *, #1469, .F. ) ;
#2417 = FACE_OUTER_BOUND ( 'NONE', #595, .T. ) ;
#2418 = VECTOR ( 'NONE', #1123, 999.9999999999998863 ) ;
#2419 = CARTESIAN_POINT ( 'NONE',  ( 51.24142864431270539, 2.246173370879388731, 20.66815439516548736 ) ) ;
#2420 = CIRCLE ( 'NONE', #1012, 3.588780975845890175 ) ;
#2421 = EDGE_LOOP ( 'NONE', ( #1302, #1092, #2558, #1990, #677, #958 ) ) ;
#2422 = CARTESIAN_POINT ( 'NONE',  ( 72.60494607125674804, 26.00000000000000355, 30.49999999999998579 ) ) ;
#2423 = ORIENTED_EDGE ( 'NONE', *, *, #2960, .F. ) ;
#2424 = PLANE ( 'NONE',  #2462 ) ;
#2425 = EDGE_CURVE ( 'NONE', #137, #2397, #3175, .T. ) ;
#2426 = CARTESIAN_POINT ( 'NONE',  ( 56.97974596215602361, -3.599999999999983213, -13.50000000000002132 ) ) ;
#2427 = DIRECTION ( 'NONE',  ( -0.000000000000000000, 0.4545743208781321543, 0.8907088114519721156 ) ) ;
#2428 = EDGE_CURVE ( 'NONE', #1034, #2070, #1125, .T. ) ;
#2429 = ORIENTED_EDGE ( 'NONE', *, *, #3036, .T. ) ;
#2430 = EDGE_CURVE ( 'NONE', #2694, #475, #895, .T. ) ;
#2431 = DIRECTION ( 'NONE',  ( -0.6649674279714439251, -0.7468723583966958568, 0.000000000000000000 ) ) ;
#2432 = ORIENTED_EDGE ( 'NONE', *, *, #1747, .T. ) ;
#2433 = ORIENTED_EDGE ( 'NONE', *, *, #1106, .T. ) ;
#2434 = CARTESIAN_POINT ( 'NONE',  ( 74.94524640660407044, 27.27411691336520150, 37.19999999999974705 ) ) ;
#2435 = DIRECTION ( 'NONE',  ( -0.4478087658801134796, -0.8941293582032354692, 0.000000000000000000 ) ) ;
#2436 = LINE ( 'NONE', #2929, #1681 ) ;
#2437 = EDGE_LOOP ( 'NONE', ( #2128, #2032, #1263, #1663 ) ) ;
#2438 = LINE ( 'NONE', #3172, #796 ) ;
#2439 = EDGE_LOOP ( 'NONE', ( #2718, #911, #1801, #287 ) ) ;
#2440 = DIRECTION ( 'NONE',  ( 1.000000000000000000, 0.000000000000000000, 0.000000000000000000 ) ) ;
#2441 = DIRECTION ( 'NONE',  ( -0.5529786865881747282, 0.5511674955874689141, 0.6248431515084843513 ) ) ;
#2442 = ADVANCED_FACE ( 'NONE', ( #185 ), #3257, .F. ) ;
#2443 = CARTESIAN_POINT ( 'NONE',  ( 46.89073474106103134, -3.099999999999969447, 37.19999999999962625 ) ) ;
#2444 = CARTESIAN_POINT ( 'NONE',  ( 33.07106781186554656, 8.700000000000100542, 36.69999999999955520 ) ) ;
#2445 = CARTESIAN_POINT ( 'NONE',  ( 75.44077305374311493, 6.361185191558770491, 24.19999999999972218 ) ) ;
#2446 = ORIENTED_EDGE ( 'NONE', *, *, #2563, .T. ) ;
#2447 = ORIENTED_EDGE ( 'NONE', *, *, #1299, .F. ) ;
#2448 = VERTEX_POINT ( 'NONE', #3209 ) ;
#2449 = CARTESIAN_POINT ( 'NONE',  ( 67.24142864431270539, 8.700000000000024158, 29.49999999999998579 ) ) ;
#2450 = ADVANCED_FACE ( 'NONE', ( #1001 ), #1365, .T. ) ;
#2451 = DIRECTION ( 'NONE',  ( 1.000000000000000000, -6.221416680311846020E-16, 4.135580799816630757E-15 ) ) ;
#2452 = EDGE_CURVE ( 'NONE', #1988, #171, #698, .T. ) ;
#2453 = ORIENTED_EDGE ( 'NONE', *, *, #1974, .T. ) ;
#2454 = CARTESIAN_POINT ( 'NONE',  ( 78.17200000000002547, 26.51299999999995194, 30.00000000000000000 ) ) ;
#2455 = ORIENTED_EDGE ( 'NONE', *, *, #238, .T. ) ;
#2456 = CARTESIAN_POINT ( 'NONE',  ( 87.10061263192369552, 19.45718285696149863, 37.19999999999979678 ) ) ;
#2457 = CARTESIAN_POINT ( 'NONE',  ( 82.60975104155600945, 26.03504693308581608, 30.49999999999998579 ) ) ;
#2458 = PLANE ( 'NONE',  #2619 ) ;
#2459 = AXIS2_PLACEMENT_3D ( 'NONE', #1119, #607, #668 ) ;
#2460 = EDGE_LOOP ( 'NONE', ( #1076, #2672, #1830, #2228 ) ) ;
#2461 = LINE ( 'NONE', #975, #3048 ) ;
#2462 = AXIS2_PLACEMENT_3D ( 'NONE', #862, #371, #633 ) ;
#2463 = AXIS2_PLACEMENT_3D ( 'NONE', #774, #2510, #2034 ) ;
#2464 = VERTEX_POINT ( 'NONE', #2457 ) ;
#2465 = AXIS2_PLACEMENT_3D ( 'NONE', #2902, #2395, #1142 ) ;
#2466 = VECTOR ( 'NONE', #1291, 1000.000000000000114 ) ;
#2467 = CARTESIAN_POINT ( 'NONE',  ( 66.34426711928915665, -1.599999999999977884, 24.19999999999972218 ) ) ;
#2468 = LINE ( 'NONE', #2401, #2299 ) ;
#2469 = ADVANCED_FACE ( 'NONE', ( #971 ), #1980, .T. ) ;
#2470 = AXIS2_PLACEMENT_3D ( 'NONE', #1936, #2659, #2717 ) ;
#2471 = CIRCLE ( 'NONE', #2312, 1.000000000000403233 ) ;
#2472 = EDGE_CURVE ( 'NONE', #3094, #1016, #1704, .T. ) ;
#2473 = DIRECTION ( 'NONE',  ( 1.000000000000000000, 7.107366756459264042E-16, 2.312964634635742957E-16 ) ) ;
#2474 = ORIENTED_EDGE ( 'NONE', *, *, #2140, .F. ) ;
#2475 = DIRECTION ( 'NONE',  ( -0.7071067811865462405, 0.000000000000000000, 0.7071067811865487940 ) ) ;
#2476 = VECTOR ( 'NONE', #2134, 1000.000000000000114 ) ;
#2477 = DIRECTION ( 'NONE',  ( -5.337610695313253357E-16, -3.793635681479083559E-31, 1.000000000000000000 ) ) ;
#2478 = CARTESIAN_POINT ( 'NONE',  ( 49.72974596215601650, 8.450000000000022382, -13.50000000000002309 ) ) ;
#2479 = LINE ( 'NONE', #2516, #2616 ) ;
#2480 = ORIENTED_EDGE ( 'NONE', *, *, #3182, .T. ) ;
#2481 = ORIENTED_EDGE ( 'NONE', *, *, #3255, .F. ) ;
#2482 = ADVANCED_FACE ( 'NONE', ( #3188 ), #3221, .F. ) ;
#2483 = DIRECTION ( 'NONE',  ( -5.337610695313253357E-16, -3.793635681479083559E-31, 1.000000000000000000 ) ) ;
#2484 = LINE ( 'NONE', #1702, #1351 ) ;
#2485 = FACE_OUTER_BOUND ( 'NONE', #1542, .T. ) ;
#2486 = FACE_OUTER_BOUND ( 'NONE', #661, .T. ) ;
#2487 = ADVANCED_FACE ( 'NONE', ( #2485 ), #222, .T. ) ;
#2488 = ORIENTED_EDGE ( 'NONE', *, *, #762, .T. ) ;
#2489 = DIRECTION ( 'NONE',  ( -1.000000000000000000, 8.153200337087705371E-14, 0.000000000000000000 ) ) ;
#2490 = CARTESIAN_POINT ( 'NONE',  ( 56.47974596215603782, 8.700000000000015277, -14.00000000000000000 ) ) ;
#2491 = FACE_OUTER_BOUND ( 'NONE', #2580, .T. ) ;
#2492 = EDGE_LOOP ( 'NONE', ( #158, #1921, #357, #510 ) ) ;
#2493 = DIRECTION ( 'NONE',  ( 1.000000000000000000, 0.000000000000000000, 0.000000000000000000 ) ) ;
#2494 = ORIENTED_EDGE ( 'NONE', *, *, #2912, .T. ) ;
#2495 = LINE ( 'NONE', #1253, #1366 ) ;
#2496 = FACE_OUTER_BOUND ( 'NONE', #130, .T. ) ;
#2497 = ORIENTED_EDGE ( 'NONE', *, *, #481, .T. ) ;
#2498 = EDGE_CURVE ( 'NONE', #2557, #598, #2934, .T. ) ;
#2499 = ORIENTED_EDGE ( 'NONE', *, *, #2853, .T. ) ;
#2500 = DIRECTION ( 'NONE',  ( -0.000000000000000000, -0.000000000000000000, 1.000000000000000000 ) ) ;
#2501 = FACE_OUTER_BOUND ( 'NONE', #2286, .T. ) ;
#2502 = LINE ( 'NONE', #1448, #211 ) ;
#2503 = DIRECTION ( 'NONE',  ( -0.000000000000000000, -0.000000000000000000, 1.000000000000000000 ) ) ;
#2504 = LINE ( 'NONE', #3016, #143 ) ;
#2505 = EDGE_CURVE ( 'NONE', #1016, #2632, #1991, .T. ) ;
#2506 = EDGE_LOOP ( 'NONE', ( #873, #3218, #11, #1764, #2858 ) ) ;
#2507 = CARTESIAN_POINT ( 'NONE',  ( 33.09528627700179015, -9.633069142404519170, 37.19999999999957652 ) ) ;
#2508 = AXIS2_PLACEMENT_3D ( 'NONE', #906, #1198, #921 ) ;
#2509 = ORIENTED_EDGE ( 'NONE', *, *, #1103, .T. ) ;
#2510 = DIRECTION ( 'NONE',  ( -0.6952606332652434551, 0.7071067811865466846, 0.1288900765443710406 ) ) ;
#2511 = CIRCLE ( 'NONE', #2465, 7.908043205663781272 ) ;
#2512 = VECTOR ( 'NONE', #3097, 1000.000000000000114 ) ;
#2513 = LINE ( 'NONE', #279, #2412 ) ;
#2514 = AXIS2_PLACEMENT_3D ( 'NONE', #1497, #2760, #2493 ) ;
#2515 = AXIS2_PLACEMENT_3D ( 'NONE', #270, #1278, #2284 ) ;
#2516 = CARTESIAN_POINT ( 'NONE',  ( 93.08955991888872461, 14.84813127457090332, 30.00000000000000000 ) ) ;
#2517 = CARTESIAN_POINT ( 'NONE',  ( 37.68376910337467223, 4.400000000000032330, 24.78783743052225930 ) ) ;
#2518 = AXIS2_PLACEMENT_3D ( 'NONE', #1059, #1284, #2001 ) ;
#2519 = ADVANCED_FACE ( 'NONE', ( #437 ), #997, .T. ) ;
#2520 = ORIENTED_EDGE ( 'NONE', *, *, #396, .F. ) ;
#2521 = AXIS2_PLACEMENT_3D ( 'NONE', #1813, #1545, #2807 ) ;
#2522 = FACE_OUTER_BOUND ( 'NONE', #1413, .T. ) ;
#2523 = CARTESIAN_POINT ( 'NONE',  ( 49.47974596215602361, -3.100000000000005418, 22.77568815975929795 ) ) ;
#2524 = APPLICATION_CONTEXT ( 'automotive_design' ) ;
#2525 = CARTESIAN_POINT ( 'NONE',  ( 73.93934904389405460, 25.31489511268946302, 37.19999999999974705 ) ) ;
#2526 = VECTOR ( 'NONE', #404, 1000.000000000000000 ) ;
#2527 = ORIENTED_EDGE ( 'NONE', *, *, #2989, .T. ) ;
#2528 = VERTEX_POINT ( 'NONE', #1754 ) ;
#2529 = EDGE_CURVE ( 'NONE', #2070, #1422, #982, .T. ) ;
#2530 = CARTESIAN_POINT ( 'NONE',  ( 59.24142864431270539, 2.466566298419560876, 21.09999999999971720 ) ) ;
#2531 = ORIENTED_EDGE ( 'NONE', *, *, #1747, .F. ) ;
#2532 = PLANE ( 'NONE',  #468 ) ;
#2533 = FACE_OUTER_BOUND ( 'NONE', #1226, .T. ) ;
#2534 = CARTESIAN_POINT ( 'NONE',  ( 2.338687298065825313E-15, -3.600000000000024958, 24.69999999999970086 ) ) ;
#2535 = ORIENTED_EDGE ( 'NONE', *, *, #238, .F. ) ;
#2536 = ORIENTED_EDGE ( 'NONE', *, *, #540, .F. ) ;
#2537 = DIRECTION ( 'NONE',  ( 1.000000000000000000, 0.000000000000000000, 0.000000000000000000 ) ) ;
#2538 = DIRECTION ( 'NONE',  ( 0.7071067811865483499, 0.7071067811865467956, 3.774260717989851352E-16 ) ) ;
#2539 = FACE_OUTER_BOUND ( 'NONE', #3148, .T. ) ;
#2540 = ORIENTED_EDGE ( 'NONE', *, *, #1762, .T. ) ;
#2541 = ADVANCED_FACE ( 'NONE', ( #726 ), #2734, .F. ) ;
#2542 = ORIENTED_EDGE ( 'NONE', *, *, #2002, .F. ) ;
#2543 = DIRECTION ( 'NONE',  ( -4.135580799816630757E-15, -1.665250005579849882E-16, 1.000000000000000000 ) ) ;
#2544 = ORIENTED_EDGE ( 'NONE', *, *, #2344, .T. ) ;
#2545 = ORIENTED_EDGE ( 'NONE', *, *, #3015, .F. ) ;
#2546 = EDGE_CURVE ( 'NONE', #3094, #498, #313, .T. ) ;
#2547 = EDGE_CURVE ( 'NONE', #328, #1112, #3251, .T. ) ;
#2548 = ORIENTED_EDGE ( 'NONE', *, *, #58, .F. ) ;
#2549 = ORIENTED_EDGE ( 'NONE', *, *, #1499, .T. ) ;
#2550 = DIRECTION ( 'NONE',  ( -0.000000000000000000, -0.000000000000000000, 1.000000000000000000 ) ) ;
#2551 = PLANE ( 'NONE',  #1516 ) ;
#2552 = CARTESIAN_POINT ( 'NONE',  ( 66.34426711928915665, -3.099999999999998312, 24.19999999999972218 ) ) ;
#2553 = ORIENTED_EDGE ( 'NONE', *, *, #2882, .F. ) ;
#2554 = EDGE_LOOP ( 'NONE', ( #1636, #1807, #891, #2305 ) ) ;
#2555 = ORIENTED_EDGE ( 'NONE', *, *, #360, .F. ) ;
#2556 = CARTESIAN_POINT ( 'NONE',  ( 47.65421240424779370, -7.278353048702562056, 13.52164695129693861 ) ) ;
#2557 = VERTEX_POINT ( 'NONE', #261 ) ;
#2558 = ORIENTED_EDGE ( 'NONE', *, *, #115, .F. ) ;
#2559 = CARTESIAN_POINT ( 'NONE',  ( 79.87199999999999989, 26.51299999999995194, 92.54930690145332051 ) ) ;
#2560 = VECTOR ( 'NONE', #2174, 1000.000000000000000 ) ;
#2561 = CIRCLE ( 'NONE', #1570, 0.5000000000003751444 ) ;
#2562 = CARTESIAN_POINT ( 'NONE',  ( 46.08393142754541572, -2.613361074636666892, 2.205229378573772436 ) ) ;
#2563 = EDGE_CURVE ( 'NONE', #1945, #498, #3029, .T. ) ;
#2564 = VECTOR ( 'NONE', #1810, 1000.000000000000114 ) ;
#2565 = VECTOR ( 'NONE', #2657, 1000.000000000000000 ) ;
#2566 = VECTOR ( 'NONE', #226, 1000.000000000000114 ) ;
#2567 = VECTOR ( 'NONE', #422, 999.9999999999998863 ) ;
#2568 = EDGE_CURVE ( 'NONE', #1422, #2125, #325, .T. ) ;
#2569 = ORIENTED_EDGE ( 'NONE', *, *, #720, .F. ) ;
#2570 = CARTESIAN_POINT ( 'NONE',  ( 76.43534358136577112, 29.08170889301364426, 92.54930690145332051 ) ) ;
#2571 = VERTEX_POINT ( 'NONE', #121 ) ;
#2572 = VECTOR ( 'NONE', #1041, 1000.000000000000114 ) ;
#2573 = DIRECTION ( 'NONE',  ( 5.337610695313253357E-16, 3.793635681479083559E-31, -1.000000000000000000 ) ) ;
#2574 = AXIS2_PLACEMENT_3D ( 'NONE', #2507, #1252, #2244 ) ;
#2575 = ORIENTED_EDGE ( 'NONE', *, *, #1238, .T. ) ;
#2576 = DIRECTION ( 'NONE',  ( -1.000000000000000000, 0.000000000000000000, 0.000000000000000000 ) ) ;
#2577 = VECTOR ( 'NONE', #2427, 1000.000000000000114 ) ;
#2578 = LINE ( 'NONE', #326, #625 ) ;
#2579 = CARTESIAN_POINT ( 'NONE',  ( 56.97974596215602361, -3.599999999999983213, -13.50000000000002132 ) ) ;
#2580 = EDGE_LOOP ( 'NONE', ( #2027, #2605, #2108, #608 ) ) ;
#2581 = AXIS2_PLACEMENT_3D ( 'NONE', #2690, #616, #2903 ) ;
#2582 = VERTEX_POINT ( 'NONE', #835 ) ;
#2583 = DIRECTION ( 'NONE',  ( 1.000000000000000000, 0.000000000000000000, 0.000000000000000000 ) ) ;
#2584 = DIRECTION ( 'NONE',  ( 6.928533639175094789E-16, -1.000000000000000000, -0.000000000000000000 ) ) ;
#2585 = ORIENTED_EDGE ( 'NONE', *, *, #618, .F. ) ;
#2586 = CARTESIAN_POINT ( 'NONE',  ( 56.47974596215604492, -3.100000000000004974, -14.00000000000000000 ) ) ;
#2587 = ORIENTED_EDGE ( 'NONE', *, *, #274, .T. ) ;
#2588 = LINE ( 'NONE', #3062, #3263 ) ;
#2589 = ADVANCED_FACE ( 'NONE', ( #1845 ), #3057, .F. ) ;
#2590 = DIRECTION ( 'NONE',  ( -0.9832470169478128019, -6.812460032541485662E-16, 0.1822780943043557644 ) ) ;
#2591 = DIRECTION ( 'NONE',  ( 6.928533639175094789E-16, -1.000000000000000000, -0.000000000000000000 ) ) ;
#2592 = EDGE_LOOP ( 'NONE', ( #3194, #3233, #521, #2895 ) ) ;
#2593 = DIRECTION ( 'NONE',  ( 0.000000000000000000, 0.000000000000000000, 1.000000000000000000 ) ) ;
#2594 = VERTEX_POINT ( 'NONE', #1339 ) ;
#2595 = DIRECTION ( 'NONE',  ( 0.000000000000000000, -0.4545743208781328204, 0.8907088114519717825 ) ) ;
#2596 = VERTEX_POINT ( 'NONE', #389 ) ;
#2597 = CARTESIAN_POINT ( 'NONE',  ( 49.25167277655799580, 24.00000000000000000, 36.69999999999961915 ) ) ;
#2598 = DIRECTION ( 'NONE',  ( -0.000000000000000000, -0.000000000000000000, -1.000000000000000000 ) ) ;
#2599 = EDGE_CURVE ( 'NONE', #2632, #355, #1327, .T. ) ;
#2600 = DIRECTION ( 'NONE',  ( 0.000000000000000000, 0.000000000000000000, 1.000000000000000000 ) ) ;
#2601 = EDGE_LOOP ( 'NONE', ( #2236, #3075, #3131, #2640 ) ) ;
#2602 = CARTESIAN_POINT ( 'NONE',  ( 47.07057035290875291, -3.599999999999991651, 36.69999999999960494 ) ) ;
#2603 = CARTESIAN_POINT ( 'NONE',  ( 56.47974596215604492, -3.599999999999983658, -14.00000000000000000 ) ) ;
#2604 = PLANE ( 'NONE',  #1528 ) ;
#2605 = ORIENTED_EDGE ( 'NONE', *, *, #1563, .F. ) ;
#2606 = EDGE_CURVE ( 'NONE', #1058, #1464, #2855, .T. ) ;
#2607 = FACE_BOUND ( 'NONE', #2328, .T. ) ;
#2608 = CARTESIAN_POINT ( 'NONE',  ( 51.24142864431270539, 1.400000000000013012, 21.09999999999971365 ) ) ;
#2609 = AXIS2_PLACEMENT_3D ( 'NONE', #147, #597, #1156 ) ;
#2610 = EDGE_LOOP ( 'NONE', ( #1606, #212, #865, #1446 ) ) ;
#2611 = AXIS2_PLACEMENT_3D ( 'NONE', #2059, #2817, #1793 ) ;
#2612 = AXIS2_PLACEMENT_3D ( 'NONE', #3195, #934, #1968 ) ;
#2613 = CARTESIAN_POINT ( 'NONE',  ( 81.70719205622627612, 23.75938852063971751, 37.19999999999977547 ) ) ;
#2614 = ORIENTED_EDGE ( 'NONE', *, *, #632, .F. ) ;
#2615 = DIRECTION ( 'NONE',  ( 0.5281185093030890121, -0.4702029775867814232, -0.7071067811865531239 ) ) ;
#2616 = VECTOR ( 'NONE', #2068, 1000.000000000000000 ) ;
#2617 = AXIS2_PLACEMENT_3D ( 'NONE', #2962, #929, #2408 ) ;
#2618 = CARTESIAN_POINT ( 'NONE',  ( 66.52943386278842297, 24.03324777730562190, 37.19999999999971152 ) ) ;
#2619 = AXIS2_PLACEMENT_3D ( 'NONE', #1243, #2990, #972 ) ;
#2620 = CIRCLE ( 'NONE', #939, 1.949999999999993516 ) ;
#2621 = EDGE_CURVE ( 'NONE', #1063, #2796, #1879, .T. ) ;
#2622 = DIRECTION ( 'NONE',  ( -0.000000000000000000, -0.000000000000000000, 1.000000000000000000 ) ) ;
#2623 = CONICAL_SURFACE ( 'NONE', #682, 1.000000000000000888, 0.7853981633974496113 ) ;
#2624 = CARTESIAN_POINT ( 'NONE',  ( 78.25640387297016787, 15.37913614527568207, 36.69999999999973284 ) ) ;
#2625 = ORIENTED_EDGE ( 'NONE', *, *, #2881, .T. ) ;
#2626 = DIRECTION ( 'NONE',  ( -0.6649674279714439251, -0.7468723583966958568, -2.874399447520905236E-15 ) ) ;
#2627 = CARTESIAN_POINT ( 'NONE',  ( -6.183409078119541968E-15, 8.699999999999974420, 0.000000000000000000 ) ) ;
#2628 = CIRCLE ( 'NONE', #3167, 20.20000000001562057 ) ;
#2629 = EDGE_CURVE ( 'NONE', #1333, #1008, #1114, .T. ) ;
#2630 = ORIENTED_EDGE ( 'NONE', *, *, #2117, .T. ) ;
#2631 = CARTESIAN_POINT ( 'NONE',  ( 77.80527403850527435, 15.59473269546994345, 30.00000000000000000 ) ) ;
#2632 = VERTEX_POINT ( 'NONE', #3112 ) ;
#2633 = LINE ( 'NONE', #1159, #3098 ) ;
#2634 = CARTESIAN_POINT ( 'NONE',  ( 82.91890875653096771, 24.49999999999996092, 37.19999999999978257 ) ) ;
#2635 = DIRECTION ( 'NONE',  ( -6.928533639175094789E-16, 1.000000000000000000, -2.189528850507526673E-47 ) ) ;
#2636 = CARTESIAN_POINT ( 'NONE',  ( 82.90264426036969780, 25.32794015189909942, 30.49999999999998579 ) ) ;
#2637 = EDGE_LOOP ( 'NONE', ( #1537, #1038, #771, #1881 ) ) ;
#2638 = DIRECTION ( 'NONE',  ( 1.000000000000000000, 6.928533639175096761E-16, 5.337610695313253357E-16 ) ) ;
#2639 = CARTESIAN_POINT ( 'NONE',  ( 79.15866354190033860, 14.94794304488698167, 92.54930690145332051 ) ) ;
#2640 = ORIENTED_EDGE ( 'NONE', *, *, #2132, .T. ) ;
#2641 = CARTESIAN_POINT ( 'NONE',  ( 76.25086090287652496, 6.519136119638330840, 29.49999999999998579 ) ) ;
#2642 = CARTESIAN_POINT ( 'NONE',  ( 76.28428484097447893, 7.434902370521792037, 30.33294370353108249 ) ) ;
#2643 = EDGE_CURVE ( 'NONE', #3217, #2464, #2471, .T. ) ;
#2644 = ORIENTED_EDGE ( 'NONE', *, *, #2629, .F. ) ;
#2645 = EDGE_CURVE ( 'NONE', #1277, #1196, #370, .T. ) ;
#2646 = CARTESIAN_POINT ( 'NONE',  ( 80.12200000000001410, 26.51299999999995194, 30.00000000000000000 ) ) ;
#2647 = ORIENTED_EDGE ( 'NONE', *, *, #2035, .F. ) ;
#2648 = DIRECTION ( 'NONE',  ( 0.000000000000000000, 0.000000000000000000, 1.000000000000000000 ) ) ;
#2649 = FACE_OUTER_BOUND ( 'NONE', #2421, .T. ) ;
#2650 = DIRECTION ( 'NONE',  ( -1.000000000000000000, 0.000000000000000000, 0.000000000000000000 ) ) ;
#2651 = CARTESIAN_POINT ( 'NONE',  ( 33.07106781186551103, -3.600000000000000977, 30.00000000000000000 ) ) ;
#2652 = EDGE_LOOP ( 'NONE', ( #2227, #3265, #1593, #1097, #341, #696, #2334, #2189, #694, #730, #2737, #2013, #1393, #1295, #1957, #1865, #2254, #1914, #2249, #1776, #2772 ) ) ;
#2653 = DIRECTION ( 'NONE',  ( 1.000000000000000000, 6.928533639175096761E-16, 5.337610695313253357E-16 ) ) ;
#2654 = ORIENTED_EDGE ( 'NONE', *, *, #2859, .F. ) ;
#2655 = CARTESIAN_POINT ( 'NONE',  ( 33.07106781186550393, 8.699999999999999289, 30.49999999999998579 ) ) ;
#2656 = LINE ( 'NONE', #1485, #2358 ) ;
#2657 = DIRECTION ( 'NONE',  ( -0.000000000000000000, -0.000000000000000000, -1.000000000000000000 ) ) ;
#2658 = VERTEX_POINT ( 'NONE', #3063 ) ;
#2659 = DIRECTION ( 'NONE',  ( -2.312964634635742957E-16, -1.602545327729607596E-31, 1.000000000000000000 ) ) ;
#2660 = ORIENTED_EDGE ( 'NONE', *, *, #463, .T. ) ;
#2661 = CARTESIAN_POINT ( 'NONE',  ( 67.02832722344223271, 25.00000000000000000, 36.69999999999969731 ) ) ;
#2662 = EDGE_CURVE ( 'NONE', #2295, #1856, #286, .T. ) ;
#2663 = EDGE_CURVE ( 'NONE', #2699, #2786, #1642, .T. ) ;
#2664 = AXIS2_PLACEMENT_3D ( 'NONE', #1395, #194, #1170 ) ;
#2665 = DIRECTION ( 'NONE',  ( -0.1822780943043557644, -1.295517267889524966E-16, -0.9832470169478128019 ) ) ;
#2666 = VECTOR ( 'NONE', #1598, 1000.000000000000227 ) ;
#2667 = VECTOR ( 'NONE', #1586, 1000.000000000000000 ) ;
#2668 = CARTESIAN_POINT ( 'NONE',  ( 39.42546658827940576, -3.599999999999996980, 34.89106454872726459 ) ) ;
#2669 = DIRECTION ( 'NONE',  ( 0.000000000000000000, 1.000000000000000000, 0.000000000000000000 ) ) ;
#2670 = VECTOR ( 'NONE', #751, 1000.000000000000000 ) ;
#2671 = VECTOR ( 'NONE', #2584, 1000.000000000000000 ) ;
#2672 = ORIENTED_EDGE ( 'NONE', *, *, #1726, .F. ) ;
#2673 = LINE ( 'NONE', #2870, #1303 ) ;
#2674 = VERTEX_POINT ( 'NONE', #787 ) ;
#2675 = CYLINDRICAL_SURFACE ( 'NONE', #1416, 1.000000000000000888 ) ;
#2676 = AXIS2_PLACEMENT_3D ( 'NONE', #1591, #848, #3151 ) ;
#2677 = DIRECTION ( 'NONE',  ( -0.9022596689298076900, 0.4311931003885310920, 0.000000000000000000 ) ) ;
#2678 = CARTESIAN_POINT ( 'NONE',  ( 76.47583146365155926, 7.526084437107593672, 30.49999999999998579 ) ) ;
#2679 = VECTOR ( 'NONE', #2180, 1000.000000000000000 ) ;
#2680 = VECTOR ( 'NONE', #1023, 1000.000000000000114 ) ;
#2681 = ORIENTED_EDGE ( 'NONE', *, *, #2165, .F. ) ;
#2682 = EDGE_LOOP ( 'NONE', ( #2432, #1564, #3234, #1424 ) ) ;
#2683 = CARTESIAN_POINT ( 'NONE',  ( 51.24142864431270539, 2.246173370879386511, 21.53184560483393639 ) ) ;
#2684 = CARTESIAN_POINT ( 'NONE',  ( 67.24142864431270539, 8.200000000000043698, 24.19999999999972218 ) ) ;
#2685 = DIRECTION ( 'NONE',  ( -0.000000000000000000, -0.000000000000000000, -1.000000000000000000 ) ) ;
#2686 = ADVANCED_FACE ( 'NONE', ( #502 ), #35, .F. ) ;
#2687 = CARTESIAN_POINT ( 'NONE',  ( 33.07106781186550393, 5.630279372289557216, 2.205229378573772436 ) ) ;
#2688 = LINE ( 'NONE', #1444, #2995 ) ;
#2689 = FACE_OUTER_BOUND ( 'NONE', #1070, .T. ) ;
#2690 = CARTESIAN_POINT ( 'NONE',  ( 76.43534358136577112, 29.08170889301364426, 36.69999999999973284 ) ) ;
#2691 = ORIENTED_EDGE ( 'NONE', *, *, #1190, .T. ) ;
#2692 = EDGE_LOOP ( 'NONE', ( #1072, #847 ) ) ;
#2693 = ADVANCED_FACE ( 'NONE', ( #298 ), #2623, .T. ) ;
#2694 = VERTEX_POINT ( 'NONE', #487 ) ;
#2695 = CARTESIAN_POINT ( 'NONE',  ( 79.15866354190033860, 14.94794304488698167, 30.49999999999998579 ) ) ;
#2696 =( LENGTH_UNIT ( ) NAMED_UNIT ( * ) SI_UNIT ( .MILLI., .METRE. ) );
#2697 = CARTESIAN_POINT ( 'NONE',  ( 76.25086090287652496, 6.519136119638330840, 24.69999999999969376 ) ) ;
#2698 = DIRECTION ( 'NONE',  ( 1.000000000000000000, 0.000000000000000000, 0.000000000000000000 ) ) ;
#2699 = VERTEX_POINT ( 'NONE', #1495 ) ;
#2700 = LINE ( 'NONE', #451, #2348 ) ;
#2701 = ADVANCED_FACE ( 'NONE', ( #2491 ), #239, .F. ) ;
#2702 = ORIENTED_EDGE ( 'NONE', *, *, #1010, .T. ) ;
#2703 = CARTESIAN_POINT ( 'NONE',  ( 51.24142864431271960, 1.400000000000013456, 14.59999999999971365 ) ) ;
#2704 = B_SPLINE_CURVE_WITH_KNOTS ( 'NONE', 3,
 ( #3145, #692, #1699, #2697 ),
 .UNSPECIFIED., .F., .F.,
 ( 4, 4 ),
 ( 0.000000000000000000, 0.0009649822894720785482 ),
 .UNSPECIFIED. ) ;
#2705 = LINE ( 'NONE', #223, #363 ) ;
#2706 = DIRECTION ( 'NONE',  ( 1.000000000000000000, 0.000000000000000000, 0.000000000000000000 ) ) ;
#2707 = CARTESIAN_POINT ( 'NONE',  ( 79.87199999999999989, 26.51299999999995194, 36.94999999999973994 ) ) ;
#2708 = CARTESIAN_POINT ( 'NONE',  ( 31.03378580074787152, 1.711524602720560839, 22.51152460272033906 ) ) ;
#2709 = CARTESIAN_POINT ( 'NONE',  ( 82.60975104155610893, 26.03504693308570594, 36.69999999999976126 ) ) ;
#2710 = EDGE_CURVE ( 'NONE', #171, #526, #2886, .T. ) ;
#2711 = ORIENTED_EDGE ( 'NONE', *, *, #1986, .T. ) ;
#2712 = CARTESIAN_POINT ( 'NONE',  ( 59.24142864431270539, 2.466566298419560876, 21.09999999999971720 ) ) ;
#2713 = VERTEX_POINT ( 'NONE', #1314 ) ;
#2714 = ORIENTED_EDGE ( 'NONE', *, *, #2715, .T. ) ;
#2715 = EDGE_CURVE ( 'NONE', #1433, #1277, #2109, .T. ) ;
#2716 = DIRECTION ( 'NONE',  ( -1.950718261999193815E-15, 0.7071067811865496822, 0.7071067811865454633 ) ) ;
#2717 = DIRECTION ( 'NONE',  ( 1.000000000000000000, 0.000000000000000000, 2.312964634635742957E-16 ) ) ;
#2718 = ORIENTED_EDGE ( 'NONE', *, *, #3066, .F. ) ;
#2719 = DIRECTION ( 'NONE',  ( 0.000000000000000000, 0.000000000000000000, 1.000000000000000000 ) ) ;
#2720 = CARTESIAN_POINT ( 'NONE',  ( 56.97974596215602361, -3.599999999999983213, -1.000000000000000888 ) ) ;
#2721 = CIRCLE ( 'NONE', #2937, 1.000000000000403233 ) ;
#2722 = PLANE ( 'NONE',  #204 ) ;
#2723 = VERTEX_POINT ( 'NONE', #1617 ) ;
#2724 = VECTOR ( 'NONE', #21, 1000.000000000000114 ) ;
#2725 = DIRECTION ( 'NONE',  ( -0.000000000000000000, 0.4545743208781292677, 0.8907088114519735589 ) ) ;
#2726 = ORIENTED_EDGE ( 'NONE', *, *, #2972, .F. ) ;
#2727 = ORIENTED_EDGE ( 'NONE', *, *, #3080, .F. ) ;
#2728 = PRESENTATION_STYLE_ASSIGNMENT (( #1725 ) ) ;
#2729 = PLANE ( 'NONE',  #942 ) ;
#2730 = AXIS2_PLACEMENT_3D ( 'NONE', #2738, #1964, #735 ) ;
#2731 = ADVANCED_FACE ( 'NONE', ( #2136, #2607, #573 ), #1379, .F. ) ;
#2732 = VECTOR ( 'NONE', #2846, 1000.000000000000000 ) ;
#2733 = DIRECTION ( 'NONE',  ( -0.4311931003885311475, -0.9022596689298076900, -1.933482698852198233E-15 ) ) ;
#2734 = CYLINDRICAL_SURFACE ( 'NONE', #2518, 1.699999999999979305 ) ;
#2735 = VECTOR ( 'NONE', #3177, 1000.000000000000000 ) ;
#2736 = LINE ( 'NONE', #3206, #2413 ) ;
#2737 = ORIENTED_EDGE ( 'NONE', *, *, #1732, .T. ) ;
#2738 = CARTESIAN_POINT ( 'NONE',  ( 78.17200000000002547, 26.51299999999995194, 36.94999999999973994 ) ) ;
#2739 = DIRECTION ( 'NONE',  ( 0.7071067811865475727, 4.899213119939818608E-16, 0.7071067811865475727 ) ) ;
#2740 = CARTESIAN_POINT ( 'NONE',  ( 82.60975104155600945, 26.03504693308581608, 30.49999999999998579 ) ) ;
#2741 = DIRECTION ( 'NONE',  ( 1.000000000000000000, -6.938893903907029585E-15, 0.000000000000000000 ) ) ;
#2742 = ORIENTED_EDGE ( 'NONE', *, *, #1908, .T. ) ;
#2743 = DIRECTION ( 'NONE',  ( 1.000000000000000000, 0.000000000000000000, 0.000000000000000000 ) ) ;
#2744 = ORIENTED_EDGE ( 'NONE', *, *, #952, .F. ) ;
#2745 = CARTESIAN_POINT ( 'NONE',  ( 73.49454805301495242, 25.54326340845965149, 30.49999999999998579 ) ) ;
#2746 = PLANE ( 'NONE',  #788 ) ;
#2747 = ADVANCED_FACE ( 'NONE', ( #2370 ), #109, .F. ) ;
#2748 = DIRECTION ( 'NONE',  ( 0.7071067811865471286, 0.7071067811865479058, -2.894407832930581213E-15 ) ) ;
#2749 = EDGE_CURVE ( 'NONE', #976, #1985, #2383, .T. ) ;
#2750 = PLANE ( 'NONE',  #626 ) ;
#2751 = EDGE_CURVE ( 'NONE', #2753, #300, #2362, .T. ) ;
#2752 = ORIENTED_EDGE ( 'NONE', *, *, #1832, .T. ) ;
#2753 = VERTEX_POINT ( 'NONE', #38 ) ;
#2754 = DIRECTION ( 'NONE',  ( -1.000000000000000000, 0.000000000000000000, 0.000000000000000000 ) ) ;
#2755 = DIRECTION ( 'NONE',  ( -0.000000000000000000, -0.000000000000000000, -1.000000000000000000 ) ) ;
#2756 = FACE_OUTER_BOUND ( 'NONE', #2267, .T. ) ;
#2757 = DIRECTION ( 'NONE',  ( 0.7071067811865472397, 0.7071067811865479058, 0.000000000000000000 ) ) ;
#2758 = CARTESIAN_POINT ( 'NONE',  ( 67.02832722344200533, 24.00000000000000000, 30.49999999999998579 ) ) ;
#2759 = DIRECTION ( 'NONE',  ( 0.4567365915403499010, 0.8896019817581926059, 2.037012049056629610E-15 ) ) ;
#2760 = DIRECTION ( 'NONE',  ( -0.000000000000000000, -0.000000000000000000, -1.000000000000000000 ) ) ;
#2761 = ORIENTED_EDGE ( 'NONE', *, *, #2663, .T. ) ;
#2762 = DIRECTION ( 'NONE',  ( -0.7071067811865487940, 0.000000000000000000, -0.7071067811865462405 ) ) ;
#2763 = ORIENTED_EDGE ( 'NONE', *, *, #3248, .F. ) ;
#2764 = ADVANCED_FACE ( 'NONE', ( #2199 ), #1850, .T. ) ;
#2765 = DIRECTION ( 'NONE',  ( -4.135580799816630757E-15, -1.665250005579849882E-16, 1.000000000000000000 ) ) ;
#2766 = EDGE_LOOP ( 'NONE', ( #806, #3077, #3120, #2031 ) ) ;
#2767 = PLANE ( 'NONE',  #1847 ) ;
#2768 = ORIENTED_EDGE ( 'NONE', *, *, #2751, .T. ) ;
#2769 = CARTESIAN_POINT ( 'NONE',  ( 76.21274099264529411, 30.05661816443070222, 36.69999999999973994 ) ) ;
#2770 = EDGE_CURVE ( 'NONE', #2778, #960, #1230, .T. ) ;
#2771 = ORIENTED_EDGE ( 'NONE', *, *, #351, .F. ) ;
#2772 = ORIENTED_EDGE ( 'NONE', *, *, #2300, .T. ) ;
#2773 = VECTOR ( 'NONE', #349, 1000.000000000000227 ) ;
#2774 = VECTOR ( 'NONE', #831, 1000.000000000000114 ) ;
#2775 = CARTESIAN_POINT ( 'NONE',  ( 67.02832722344200533, 24.49999999999997868, 37.19999999999971863 ) ) ;
#2776 = CARTESIAN_POINT ( 'NONE',  ( 81.90264426036928569, 25.32794015189909942, 30.49999999999998579 ) ) ;
#2777 = ORIENTED_EDGE ( 'NONE', *, *, #2662, .T. ) ;
#2778 = VERTEX_POINT ( 'NONE', #3146 ) ;
#2779 = COLOUR_RGB ( '',0.7921568627450980005, 0.8196078431372548767, 0.9333333333333333481 ) ;
#2780 = VECTOR ( 'NONE', #2477, 1000.000000000000000 ) ;
#2781 = CONICAL_SURFACE ( 'NONE', #474, 1.000000000000000888, 0.7853981633974530530 ) ;
#2782 = VECTOR ( 'NONE', #3007, 1000.000000000000000 ) ;
#2783 = DIRECTION ( 'NONE',  ( 1.000000000000000000, 0.000000000000000000, 0.000000000000000000 ) ) ;
#2784 = AXIS2_PLACEMENT_3D ( 'NONE', #1162, #2600, #374 ) ;
#2785 = EDGE_CURVE ( 'NONE', #2397, #2931, #3272, .T. ) ;
#2786 = VERTEX_POINT ( 'NONE', #1656 ) ;
#2787 = VERTEX_POINT ( 'NONE', #1091 ) ;
#2788 = DIRECTION ( 'NONE',  ( -0.000000000000000000, -0.000000000000000000, 1.000000000000000000 ) ) ;
#2789 = DIRECTION ( 'NONE',  ( -1.000000000000000000, 0.000000000000000000, 0.000000000000000000 ) ) ;
#2790 = DIRECTION ( 'NONE',  ( 0.7055417568142053897, 0.04701945758438298012, 0.7071067811865440200 ) ) ;
#2791 = EDGE_CURVE ( 'NONE', #562, #2070, #2139, .T. ) ;
#2792 = VERTEX_POINT ( 'NONE', #839 ) ;
#2793 = CARTESIAN_POINT ( 'NONE',  ( 75.99054259048669735, 29.31007718878380430, 37.19999999999975415 ) ) ;
#2794 = VERTEX_POINT ( 'NONE', #2445 ) ;
#2795 = EDGE_CURVE ( 'NONE', #173, #1945, #1897, .T. ) ;
#2796 = VERTEX_POINT ( 'NONE', #2854 ) ;
#2797 = DIRECTION ( 'NONE',  ( -0.5295226213958525996, 0.7071067811865455743, -0.4686211619528801720 ) ) ;
#2798 = CARTESIAN_POINT ( 'NONE',  ( 77.01161292821939242, 26.55788231799338561, 37.19999999999976126 ) ) ;
#2799 = CARTESIAN_POINT ( 'NONE',  ( 55.42974596215600513, 30.14766329383928678, -4.400000000000003020 ) ) ;
#2800 = CARTESIAN_POINT ( 'NONE',  ( 78.25640387297016787, 15.37913614527568207, 30.49999999999998579 ) ) ;
#2801 = EDGE_LOOP ( 'NONE', ( #242, #2948, #1132, #1386, #819, #1790, #622, #759 ) ) ;
#2802 = ORIENTED_EDGE ( 'NONE', *, *, #2283, .T. ) ;
#2803 = LINE ( 'NONE', #2525, #2564 ) ;
#2804 = CARTESIAN_POINT ( 'NONE',  ( 81.90264426036928569, 25.32794015189909942, 37.19999999999977547 ) ) ;
#2805 = VERTEX_POINT ( 'NONE', #67 ) ;
#2806 = ADVANCED_FACE ( 'NONE', ( #965 ), #3238, .T. ) ;
#2807 = DIRECTION ( 'NONE',  ( -1.000000000000000000, 0.000000000000000000, -4.135580799816630757E-15 ) ) ;
#2808 = ORIENTED_EDGE ( 'NONE', *, *, #58, .T. ) ;
#2809 = VERTEX_POINT ( 'NONE', #421 ) ;
#2810 = DIRECTION ( 'NONE',  ( -0.000000000000000000, -0.000000000000000000, -1.000000000000000000 ) ) ;
#2811 = EDGE_CURVE ( 'NONE', #1826, #2787, #1956, .T. ) ;
#2812 = CARTESIAN_POINT ( 'NONE',  ( 39.16095242954186517, -23.18047621477090914, 44.28047621477061568 ) ) ;
#2813 = ORIENTED_EDGE ( 'NONE', *, *, #3060, .F. ) ;
#2814 = LINE ( 'NONE', #2712, #152 ) ;
#2815 = ORIENTED_EDGE ( 'NONE', *, *, #2498, .F. ) ;
#2816 = CARTESIAN_POINT ( 'NONE',  ( 49.97974596215600940, -3.100000000000009415, -14.00000000000000178 ) ) ;
#2817 = DIRECTION ( 'NONE',  ( -0.000000000000000000, -0.000000000000000000, -1.000000000000000000 ) ) ;
#2818 = EDGE_CURVE ( 'NONE', #411, #328, #1963, .T. ) ;
#2819 = ORIENTED_EDGE ( 'NONE', *, *, #2643, .T. ) ;
#2820 = ORIENTED_EDGE ( 'NONE', *, *, #84, .F. ) ;
#2821 = ORIENTED_EDGE ( 'NONE', *, *, #707, .T. ) ;
#2822 = CARTESIAN_POINT ( 'NONE',  ( 49.97974596215600940, -3.599999999999988098, -14.00000000000000178 ) ) ;
#2823 = DIRECTION ( 'NONE',  ( 0.7488580727613658450, 5.188488348094953696E-16, 0.6627304028488001375 ) ) ;
#2824 = PLANE ( 'NONE',  #1904 ) ;
#2825 = DIRECTION ( 'NONE',  ( 4.135580799816630757E-15, 1.665250005579849882E-16, -1.000000000000000000 ) ) ;
#2826 = VERTEX_POINT ( 'NONE', #2707 ) ;
#2827 = FACE_OUTER_BOUND ( 'NONE', #2437, .T. ) ;
#2828 = AXIS2_PLACEMENT_3D ( 'NONE', #2608, #2653, #621 ) ;
#2829 = EDGE_CURVE ( 'NONE', #841, #1382, #454, .T. ) ;
#2830 = VECTOR ( 'NONE', #2119, 1000.000000000000114 ) ;
#2831 = VECTOR ( 'NONE', #2205, 1000.000000000000114 ) ;
#2832 = VECTOR ( 'NONE', #930, 1000.000000000000000 ) ;
#2833 = VECTOR ( 'NONE', #2170, 1000.000000000000000 ) ;
#2834 = ORIENTED_EDGE ( 'NONE', *, *, #1492, .F. ) ;
#2835 = DIRECTION ( 'NONE',  ( 0.000000000000000000, 1.000000000000000000, 0.000000000000000000 ) ) ;
#2836 = VERTEX_POINT ( 'NONE', #1397 ) ;
#2837 = AXIS2_PLACEMENT_3D ( 'NONE', #1383, #129, #584 ) ;
#2838 = CARTESIAN_POINT ( 'NONE',  ( 59.24142864431269828, 8.200000000000036593, 24.19999999999972218 ) ) ;
#2839 = VECTOR ( 'NONE', #86, 1000.000000000000000 ) ;
#2840 = DIRECTION ( 'NONE',  ( -0.1822780943043557644, -1.295517267889525459E-16, -0.9832470169478128019 ) ) ;
#2841 = ORIENTED_EDGE ( 'NONE', *, *, #600, .T. ) ;
#2842 = AXIS2_PLACEMENT_3D ( 'NONE', #2776, #724, #1729 ) ;
#2843 = CARTESIAN_POINT ( 'NONE',  ( 75.79117313695999769, 6.754744523228545461, 37.19999999999974705 ) ) ;
#2844 = LINE ( 'NONE', #592, #1960 ) ;
#2845 = VERTEX_POINT ( 'NONE', #2400 ) ;
#2846 = DIRECTION ( 'NONE',  ( -1.000000000000000000, 4.688780159049614113E-16, 0.000000000000000000 ) ) ;
#2847 = EDGE_LOOP ( 'NONE', ( #1565, #2446, #3196 ) ) ;
#2848 = EDGE_CURVE ( 'NONE', #282, #2582, #2628, .T. ) ;
#2849 = CARTESIAN_POINT ( 'NONE',  ( 78.18272428341428792, 15.16598561813024304, 30.49999999999998579 ) ) ;
#2850 = EDGE_LOOP ( 'NONE', ( #1325, #935, #1338, #75 ) ) ;
#2851 = CARTESIAN_POINT ( 'NONE',  ( 82.90264426036969780, 25.32794015189909942, 30.49999999999998579 ) ) ;
#2852 = CARTESIAN_POINT ( 'NONE',  ( 79.54926429243244002, 29.09553368220815628, 30.49999999999998579 ) ) ;
#2853 = EDGE_CURVE ( 'NONE', #2674, #1345, #637, .T. ) ;
#2854 = CARTESIAN_POINT ( 'NONE',  ( 49.47974596215602361, 8.200000000000027711, 11.45886918214689132 ) ) ;
#2855 = LINE ( 'NONE', #2365, #1794 ) ;
#2856 = DIRECTION ( 'NONE',  ( 0.6649674279714439251, 0.7468723583966958568, 0.000000000000000000 ) ) ;
#2857 = LINE ( 'NONE', #2317, #104 ) ;
#2858 = ORIENTED_EDGE ( 'NONE', *, *, #3119, .T. ) ;
#2859 = EDGE_CURVE ( 'NONE', #642, #2016, #2342, .T. ) ;
#2860 = ORIENTED_EDGE ( 'NONE', *, *, #343, .F. ) ;
#2861 = DIRECTION ( 'NONE',  ( -0.000000000000000000, -0.000000000000000000, -1.000000000000000000 ) ) ;
#2862 = DIRECTION ( 'NONE',  ( 0.000000000000000000, 0.000000000000000000, -1.000000000000000000 ) ) ;
#2863 = DIRECTION ( 'NONE',  ( -1.000000000000000000, 0.000000000000000000, 0.000000000000000000 ) ) ;
#2864 = CARTESIAN_POINT ( 'NONE',  ( 46.08393142754542282, -2.613361074636667780, 25.87852483911010637 ) ) ;
#2865 = CARTESIAN_POINT ( 'NONE',  ( 51.24142864431270539, 2.466566298419555103, 21.09999999999971365 ) ) ;
#2866 = EDGE_CURVE ( 'NONE', #1985, #2295, #1912, .T. ) ;
#2867 = DIRECTION ( 'NONE',  ( 0.6627304028488001375, 4.710268033702416380E-16, -0.7488580727613658450 ) ) ;
#2868 = CARTESIAN_POINT ( 'NONE',  ( 76.47583146365155926, 7.526084437107593672, 30.49999999999998579 ) ) ;
#2869 = ORIENTED_EDGE ( 'NONE', *, *, #444, .F. ) ;
#2870 = CARTESIAN_POINT ( 'NONE',  ( 67.46457565688419322, -2.597451141957149545, 24.19999999999972218 ) ) ;
#2871 = CONICAL_SURFACE ( 'NONE', #1467, 3.588780975845890175, 0.7853981633974491672 ) ;
#2872 = ORIENTED_EDGE ( 'NONE', *, *, #2035, .T. ) ;
#2873 = AXIS2_PLACEMENT_3D ( 'NONE', #1887, #1137, #3122 ) ;
#2874 = AXIS2_PLACEMENT_3D ( 'NONE', #1919, #2163, #655 ) ;
#2875 = PLANE ( 'NONE',  #890 ) ;
#2876 = FACE_OUTER_BOUND ( 'NONE', #165, .T. ) ;
#2877 = ORIENTED_EDGE ( 'NONE', *, *, #1667, .T. ) ;
#2878 = DIRECTION ( 'NONE',  ( 0.000000000000000000, 0.000000000000000000, 1.000000000000000000 ) ) ;
#2879 =( GEOMETRIC_REPRESENTATION_CONTEXT ( 3 ) GLOBAL_UNCERTAINTY_ASSIGNED_CONTEXT ( ( #386 ) ) GLOBAL_UNIT_ASSIGNED_CONTEXT ( ( #2696, #2926, #447 ) ) REPRESENTATION_CONTEXT ( 'NONE', 'WORKASPACE' ) );
#2880 = AXIS2_PLACEMENT_3D ( 'NONE', #2285, #32, #800 ) ;
#2881 = EDGE_CURVE ( 'NONE', #2208, #405, #1340, .T. ) ;
#2882 = EDGE_CURVE ( 'NONE', #1008, #2809, #1746, .T. ) ;
#2883 = CONICAL_SURFACE ( 'NONE', #2214, 19.70000000001562057, 0.7853981633974346233 ) ;
#2884 = CARTESIAN_POINT ( 'NONE',  ( 78.17200000000002547, 26.51299999999995194, 37.19999999999976126 ) ) ;
#2885 = CARTESIAN_POINT ( 'NONE',  ( 76.22200000000002262, 26.51299999999995194, 37.19999999999976126 ) ) ;
#2886 = CIRCLE ( 'NONE', #2952, 1.500000000000417666 ) ;
#2887 = DIRECTION ( 'NONE',  ( 1.000000000000000000, 6.928533639175096761E-16, 5.337610695313253357E-16 ) ) ;
#2888 = EDGE_CURVE ( 'NONE', #137, #1883, #853, .T. ) ;
#2889 = EDGE_LOOP ( 'NONE', ( #2575, #2958 ) ) ;
#2890 = FACE_OUTER_BOUND ( 'NONE', #430, .T. ) ;
#2891 = VECTOR ( 'NONE', #837, 1000.000000000000114 ) ;
#2892 = CARTESIAN_POINT ( 'NONE',  ( 56.97974596215601650, 8.200000000000034817, -1.000000000000004219 ) ) ;
#2893 = EDGE_CURVE ( 'NONE', #113, #2658, #879, .T. ) ;
#2894 = CARTESIAN_POINT ( 'NONE',  ( 76.09289650259586324, 7.342682861946155271, 30.16626808944412019 ) ) ;
#2895 = ORIENTED_EDGE ( 'NONE', *, *, #754, .T. ) ;
#2896 = DIRECTION ( 'NONE',  ( 1.000000000000000000, 7.107366756459264042E-16, 0.000000000000000000 ) ) ;
#2897 = VERTEX_POINT ( 'NONE', #604 ) ;
#2898 = CARTESIAN_POINT ( 'NONE',  ( 79.19571090183923445, 28.74198029161482282, 30.00000000000000000 ) ) ;
#2899 = DIRECTION ( 'NONE',  ( -0.7071067811865479058, 0.7071067811865472397, -1.892597787799547083E-15 ) ) ;
#2900 = CARTESIAN_POINT ( 'NONE',  ( 76.25086090287652496, 6.519136119638330840, 8.953365301757276740 ) ) ;
#2901 = LINE ( 'NONE', #842, #151 ) ;
#2902 = CARTESIAN_POINT ( 'NONE',  ( 58.14000000000000057, 24.59234527346169585, 30.49999999999998579 ) ) ;
#2903 = DIRECTION ( 'NONE',  ( -1.000000000000000000, 0.000000000000000000, 0.000000000000000000 ) ) ;
#2904 = CARTESIAN_POINT ( 'NONE',  ( 46.73065254698489213, -3.260082194076134865, 36.69999999999958362 ) ) ;
#2905 = EDGE_LOOP ( 'NONE', ( #2691, #2402 ) ) ;
#2906 = DIRECTION ( 'NONE',  ( 0.7082657339891689219, -0.7059459257314145697, 2.775557561562891967E-17 ) ) ;
#2907 = CARTESIAN_POINT ( 'NONE',  ( 55.42974596215601935, 8.700000000000013500, -4.400000000000003020 ) ) ;
#2908 = DIRECTION ( 'NONE',  ( 1.000000000000000000, 0.000000000000000000, 0.000000000000000000 ) ) ;
#2909 = CARTESIAN_POINT ( 'NONE',  ( 33.07106781186551103, -3.600000000000000977, 30.00000000000000000 ) ) ;
#2910 = LINE ( 'NONE', #1172, #2680 ) ;
#2911 = ADVANCED_FACE ( 'NONE', ( #867 ), #123, .T. ) ;
#2912 = EDGE_CURVE ( 'NONE', #1464, #1061, #1587, .T. ) ;
#2913 = ORIENTED_EDGE ( 'NONE', *, *, #602, .T. ) ;
#2914 = PLANE ( 'NONE',  #2215 ) ;
#2915 = ORIENTED_EDGE ( 'NONE', *, *, #512, .T. ) ;
#2916 = FACE_OUTER_BOUND ( 'NONE', #1867, .T. ) ;
#2917 = DIRECTION ( 'NONE',  ( 0.000000000000000000, 0.7071067811865474617, -0.7071067811865474617 ) ) ;
#2918 = LINE ( 'NONE', #1966, #1258 ) ;
#2919 = CARTESIAN_POINT ( 'NONE',  ( 67.02832722344200533, 24.99999999999999645, 36.69999999999969731 ) ) ;
#2920 = EDGE_CURVE ( 'NONE', #1930, #813, #1942, .T. ) ;
#2921 = ORIENTED_EDGE ( 'NONE', *, *, #1878, .T. ) ;
#2922 = CYLINDRICAL_SURFACE ( 'NONE', #2828, 0.9500000000000005107 ) ;
#2923 = ORIENTED_EDGE ( 'NONE', *, *, #707, .F. ) ;
#2924 = ORIENTED_EDGE ( 'NONE', *, *, #2989, .F. ) ;
#2925 = DIRECTION ( 'NONE',  ( 0.4001963923444090132, -0.6480134441331039108, -0.6480134441331232287 ) ) ;
#2926 =( NAMED_UNIT ( * ) PLANE_ANGLE_UNIT ( ) SI_UNIT ( $, .RADIAN. ) );
#2927 = EDGE_CURVE ( 'NONE', #1898, #2949, #2385, .T. ) ;
#2928 = EDGE_CURVE ( 'NONE', #235, #2753, #1409, .T. ) ;
#2929 = CARTESIAN_POINT ( 'NONE',  ( 47.10015134261567482, 36.71154512658074509, 57.51154512658154516 ) ) ;
#2930 = EDGE_CURVE ( 'NONE', #1298, #2582, #1181, .T. ) ;
#2931 = VERTEX_POINT ( 'NONE', #2552 ) ;
#2932 = DIRECTION ( 'NONE',  ( -1.000000000000000000, 0.000000000000000000, 0.000000000000000000 ) ) ;
#2933 = ORIENTED_EDGE ( 'NONE', *, *, #2165, .T. ) ;
#2934 = LINE ( 'NONE', #2683, #1479 ) ;
#2935 = ADVANCED_FACE ( 'NONE', ( #2120 ), #1890, .T. ) ;
#2936 = PLANE ( 'NONE',  #1053 ) ;
#2937 = AXIS2_PLACEMENT_3D ( 'NONE', #2695, #1679, #752 ) ;
#2938 = ADVANCED_FACE ( 'NONE', ( #15 ), #1215, .T. ) ;
#2939 = CIRCLE ( 'NONE', #1680, 0.5000000000000143219 ) ;
#2940 = AXIS2_PLACEMENT_3D ( 'NONE', #1641, #140, #1654 ) ;
#2941 = DIRECTION ( 'NONE',  ( -0.6322449324434858964, 0.3166486150286051959, -0.7071067811865462405 ) ) ;
#2942 = DIRECTION ( 'NONE',  ( 4.135580799816630757E-15, 1.665250005579849882E-16, -1.000000000000000000 ) ) ;
#2943 = CARTESIAN_POINT ( 'NONE',  ( 58.74142864431272670, 8.700000000000017053, 11.19999999999972218 ) ) ;
#2944 = LINE ( 'NONE', #685, #150 ) ;
#2945 = DIRECTION ( 'NONE',  ( -0.6900932677013641436, 0.1541793821276095100, -0.7071067811865489050 ) ) ;
#2946 = AXIS2_PLACEMENT_3D ( 'NONE', #864, #3138, #2665 ) ;
#2947 = CIRCLE ( 'NONE', #2880, 1.949999999999993516 ) ;
#2948 = ORIENTED_EDGE ( 'NONE', *, *, #825, .T. ) ;
#2949 = VERTEX_POINT ( 'NONE', #1040 ) ;
#2950 = EDGE_LOOP ( 'NONE', ( #3235, #221, #1580, #1777 ) ) ;
#2951 = DIRECTION ( 'NONE',  ( -0.000000000000000000, -0.000000000000000000, 1.000000000000000000 ) ) ;
#2952 = AXIS2_PLACEMENT_3D ( 'NONE', #246, #2825, #620 ) ;
#2953 = DIRECTION ( 'NONE',  ( -0.000000000000000000, -0.000000000000000000, -1.000000000000000000 ) ) ;
#2954 = DIRECTION ( 'NONE',  ( -0.6441538277103965315, -0.6441538277103785459, 0.4124702322496894280 ) ) ;
#2955 = AXIS2_PLACEMENT_3D ( 'NONE', #1272, #524, #722 ) ;
#2956 = ORIENTED_EDGE ( 'NONE', *, *, #1449, .F. ) ;
#2957 = DIRECTION ( 'NONE',  ( -0.000000000000000000, -0.000000000000000000, -1.000000000000000000 ) ) ;
#2958 = ORIENTED_EDGE ( 'NONE', *, *, #483, .T. ) ;
#2959 = FACE_OUTER_BOUND ( 'NONE', #1102, .T. ) ;
#2960 = EDGE_CURVE ( 'NONE', #1345, #328, #280, .T. ) ;
#2961 = DIRECTION ( 'NONE',  ( 6.928533639175093803E-16, -1.000000000000000000, 0.000000000000000000 ) ) ;
#2962 = CARTESIAN_POINT ( 'NONE',  ( 79.15866354190033860, 14.94794304488698167, 36.69999999999974705 ) ) ;
#2963 = ADVANCED_FACE ( 'NONE', ( #361 ), #578, .F. ) ;
#2964 = LINE ( 'NONE', #665, #2832 ) ;
#2965 = ORIENTED_EDGE ( 'NONE', *, *, #2749, .T. ) ;
#2966 = CARTESIAN_POINT ( 'NONE',  ( 77.75330217757580442, 5.749074750886946639, 35.06580241405380605 ) ) ;
#2967 = ORIENTED_EDGE ( 'NONE', *, *, #2529, .F. ) ;
#2968 = ORIENTED_EDGE ( 'NONE', *, *, #600, .F. ) ;
#2969 = CARTESIAN_POINT ( 'NONE',  ( 66.34426711928915665, -1.599999999999977884, 0.000000000000000000 ) ) ;
#2970 = CARTESIAN_POINT ( 'NONE',  ( 78.17200000000002547, 26.51299999999995194, 36.94999999999973994 ) ) ;
#2971 = DIRECTION ( 'NONE',  ( 0.000000000000000000, 0.000000000000000000, 1.000000000000000000 ) ) ;
#2972 = EDGE_CURVE ( 'NONE', #1959, #2632, #2910, .T. ) ;
#2973 = CYLINDRICAL_SURFACE ( 'NONE', #365, 1.000000000000000888 ) ;
#2974 = VERTEX_POINT ( 'NONE', #994 ) ;
#2975 = CARTESIAN_POINT ( 'NONE',  ( 72.60494607125674804, 26.00000000000000355, 36.69999999999971863 ) ) ;
#2976 = DIRECTION ( 'NONE',  ( 1.000000000000000000, 7.107366756459264042E-16, -0.000000000000000000 ) ) ;
#2977 = LINE ( 'NONE', #2478, #950 ) ;
#2978 = EDGE_LOOP ( 'NONE', ( #3126, #2660, #1234, #2455, #1331, #756, #1749, #277, #2509 ) ) ;
#2979 = ADVANCED_FACE ( 'NONE', ( #1057 ), #429, .T. ) ;
#2980 = VERTEX_POINT ( 'NONE', #743 ) ;
#2981 = VERTEX_POINT ( 'NONE', #492 ) ;
#2982 = DIRECTION ( 'NONE',  ( 6.928533639175093803E-16, -1.000000000000000000, -0.000000000000000000 ) ) ;
#2983 = DIRECTION ( 'NONE',  ( 0.000000000000000000, 0.7071067811865474617, -0.7071067811865474617 ) ) ;
#2984 = DIRECTION ( 'NONE',  ( 1.000000000000000000, 0.000000000000000000, 0.000000000000000000 ) ) ;
#2985 = DIRECTION ( 'NONE',  ( -1.000000000000000000, 0.000000000000000000, 0.000000000000000000 ) ) ;
#2986 = CARTESIAN_POINT ( 'NONE',  ( 49.47974596215602361, -3.100000000000009415, -13.50000000000002309 ) ) ;
#2987 = CARTESIAN_POINT ( 'NONE',  ( 51.24142864431270539, 1.400000000000013012, 21.09999999999971365 ) ) ;
#2988 = ORIENTED_EDGE ( 'NONE', *, *, #2529, .T. ) ;
#2989 = EDGE_CURVE ( 'NONE', #2125, #1985, #2495, .T. ) ;
#2990 = DIRECTION ( 'NONE',  ( -7.107366756459264042E-16, 1.000000000000000000, 0.000000000000000000 ) ) ;
#2991 = CONICAL_SURFACE ( 'NONE', #780, 1.949999999999993516, 0.7853981633974526089 ) ;
#2992 = AXIS2_PLACEMENT_3D ( 'NONE', #1033, #2020, #2061 ) ;
#2993 = PLANE ( 'NONE',  #2052 ) ;
#2994 = ORIENTED_EDGE ( 'NONE', *, *, #2599, .T. ) ;
#2995 = VECTOR ( 'NONE', #1388, 1000.000000000000114 ) ;
#2996 = VERTEX_POINT ( 'NONE', #2745 ) ;
#2997 = ORIENTED_EDGE ( 'NONE', *, *, #2928, .T. ) ;
#2998 = ADVANCED_FACE ( 'NONE', ( #757 ), #480, .T. ) ;
#2999 = STYLED_ITEM ( 'NONE', ( #2728 ), #1905 ) ;
#3000 = AXIS2_PLACEMENT_3D ( 'NONE', #1688, #1501, #248 ) ;
#3001 = CARTESIAN_POINT ( 'NONE',  ( 67.24142864431271960, -3.099999999999997868, 24.19999999999972218 ) ) ;
#3002 = VECTOR ( 'NONE', #2142, 1000.000000000000114 ) ;
#3003 = EDGE_CURVE ( 'NONE', #2464, #1547, #1245, .T. ) ;
#3004 = EDGE_CURVE ( 'NONE', #1547, #1008, #2420, .T. ) ;
#3005 = VECTOR ( 'NONE', #1372, 1000.000000000000000 ) ;
#3006 = VECTOR ( 'NONE', #2591, 1000.000000000000000 ) ;
#3007 = DIRECTION ( 'NONE',  ( -0.000000000000000000, -0.000000000000000000, -1.000000000000000000 ) ) ;
#3008 = EDGE_LOOP ( 'NONE', ( #1629, #25 ) ) ;
#3009 = PRODUCT_DEFINITION_FORMATION_WITH_SPECIFIED_SOURCE ( 'ANY', '', #775, .NOT_KNOWN. ) ;
#3010 = ORIENTED_EDGE ( 'NONE', *, *, #2866, .F. ) ;
#3011 = DIRECTION ( 'NONE',  ( -0.2180425732431687524, -0.9759392584856382280, -1.064250965010940427E-15 ) ) ;
#3012 = CARTESIAN_POINT ( 'NONE',  ( 28.71378538163870786, 17.56644669514199464, 38.36644669514225114 ) ) ;
#3013 = CARTESIAN_POINT ( 'NONE',  ( 56.72974596215603782, -3.100000000000005418, -13.75000000000000888 ) ) ;
#3014 = DIRECTION ( 'NONE',  ( -1.000000000000000000, 0.000000000000000000, 0.000000000000000000 ) ) ;
#3015 = EDGE_CURVE ( 'NONE', #2981, #137, #163, .T. ) ;
#3016 = CARTESIAN_POINT ( 'NONE',  ( 73.49454805301499505, 25.54326340845975096, 36.69999999999972573 ) ) ;
#3017 = EDGE_LOOP ( 'NONE', ( #2545, #1620, #2447, #554 ) ) ;
#3018 = CARTESIAN_POINT ( 'NONE',  ( 56.97974596215601650, 8.200000000000036593, -13.50000000000002132 ) ) ;
#3019 = ORIENTED_EDGE ( 'NONE', *, *, #2621, .F. ) ;
#3020 = EDGE_CURVE ( 'NONE', #1122, #2980, #1426, .T. ) ;
#3021 = ADVANCED_FACE ( 'NONE', ( #216 ), #2000, .F. ) ;
#3022 = CARTESIAN_POINT ( 'NONE',  ( 82.60975104155600945, 26.03504693308581608, 92.54930690145332051 ) ) ;
#3023 = ORIENTED_EDGE ( 'NONE', *, *, #1831, .F. ) ;
#3024 = DIRECTION ( 'NONE',  ( -0.000000000000000000, -0.000000000000000000, -1.000000000000000000 ) ) ;
#3025 = DIRECTION ( 'NONE',  ( -0.000000000000000000, -0.000000000000000000, -1.000000000000000000 ) ) ;
#3026 = PRODUCT_CONTEXT ( 'NONE', #2524, 'mechanical' ) ;
#3027 = ORIENTED_EDGE ( 'NONE', *, *, #656, .T. ) ;
#3028 = VERTEX_POINT ( 'NONE', #1237 ) ;
#3029 = LINE ( 'NONE', #963, #264 ) ;
#3030 = VERTEX_POINT ( 'NONE', #3252 ) ;
#3031 = ORIENTED_EDGE ( 'NONE', *, *, #170, .T. ) ;
#3032 = EDGE_CURVE ( 'NONE', #250, #2981, #1133, .T. ) ;
#3033 = ADVANCED_FACE ( 'NONE', ( #2343 ), #1312, .F. ) ;
#3034 = LINE ( 'NONE', #2025, #1151 ) ;
#3035 = LINE ( 'NONE', #267, #2103 ) ;
#3036 = EDGE_CURVE ( 'NONE', #1298, #445, #3113, .T. ) ;
#3037 = ORIENTED_EDGE ( 'NONE', *, *, #3136, .T. ) ;
#3038 = ORIENTED_EDGE ( 'NONE', *, *, #1316, .F. ) ;
#3039 = LINE ( 'NONE', #783, #1683 ) ;
#3040 = LINE ( 'NONE', #785, #42 ) ;
#3041 = ADVANCED_FACE ( 'NONE', ( #1035 ), #2078, .F. ) ;
#3042 = DIRECTION ( 'NONE',  ( -3.744965205920806437E-16, 0.8907088114519736699, -0.4545743208781293787 ) ) ;
#3043 = LINE ( 'NONE', #790, #885 ) ;
#3044 = VECTOR ( 'NONE', #1698, 1000.000000000000000 ) ;
#3045 = ORIENTED_EDGE ( 'NONE', *, *, #1238, .F. ) ;
#3046 = CARTESIAN_POINT ( 'NONE',  ( 80.12200000000001410, 26.51299999999995194, 30.00000000000000000 ) ) ;
#3047 = VECTOR ( 'NONE', #2030, 1000.000000000000114 ) ;
#3048 = VECTOR ( 'NONE', #2638, 1000.000000000000000 ) ;
#3049 = ORIENTED_EDGE ( 'NONE', *, *, #716, .T. ) ;
#3050 = ORIENTED_EDGE ( 'NONE', *, *, #184, .T. ) ;
#3051 = AXIS2_PLACEMENT_3D ( 'NONE', #978, #122, #2104 ) ;
#3052 = AXIS2_PLACEMENT_3D ( 'NONE', #471, #1232, #1505 ) ;
#3053 = CARTESIAN_POINT ( 'NONE',  ( 59.24142864431271249, 2.466566298419560876, 14.59999999999971720 ) ) ;
#3054 = AXIS2_PLACEMENT_3D ( 'NONE', #2422, #2182, #2932 ) ;
#3055 = CARTESIAN_POINT ( 'NONE',  ( 82.35377409483446343, 25.11234360170444901, 30.00000000000000000 ) ) ;
#3056 = CARTESIAN_POINT ( 'NONE',  ( 36.35463726583156330, 4.834594780989400320, 26.28970169090596087 ) ) ;
#3057 = CONICAL_SURFACE ( 'NONE', #1009, 7.908043205663781272, 0.7853981633974604915 ) ;
#3058 = EDGE_LOOP ( 'NONE', ( #826, #1748, #229, #1812 ) ) ;
#3059 = ADVANCED_FACE ( 'NONE', ( #1583 ), #2604, .F. ) ;
#3060 = EDGE_CURVE ( 'NONE', #1561, #2303, #1600, .T. ) ;
#3061 = ORIENTED_EDGE ( 'NONE', *, *, #857, .T. ) ;
#3062 = CARTESIAN_POINT ( 'NONE',  ( 72.60494607125674804, 24.49999999999997868, 37.19999999999973994 ) ) ;
#3063 = CARTESIAN_POINT ( 'NONE',  ( 66.03054050213481219, 24.06649555461125800, 36.69999999999969731 ) ) ;
#3064 = PLANE ( 'NONE',  #467 ) ;
#3065 = FACE_OUTER_BOUND ( 'NONE', #2950, .T. ) ;
#3066 = EDGE_CURVE ( 'NONE', #564, #2996, #64, .T. ) ;
#3067 = DIRECTION ( 'NONE',  ( 1.000000000000000000, 6.928533639175094789E-16, -0.000000000000000000 ) ) ;
#3068 = ORIENTED_EDGE ( 'NONE', *, *, #3015, .T. ) ;
#3069 = EDGE_CURVE ( 'NONE', #2805, #329, #1864, .T. ) ;
#3070 = ORIENTED_EDGE ( 'NONE', *, *, #1257, .T. ) ;
#3071 = EDGE_LOOP ( 'NONE', ( #829, #3084, #3178, #2761 ) ) ;
#3072 = CARTESIAN_POINT ( 'NONE',  ( 33.09528627700179015, -9.633069142404519170, 2.205229378573772436 ) ) ;
#3073 = CARTESIAN_POINT ( 'NONE',  ( 59.24142864431271249, 1.400000000000019007, 14.59999999999971720 ) ) ;
#3074 = CARTESIAN_POINT ( 'NONE',  ( 76.25086090287652496, 6.519136119638330840, 92.54930690145332051 ) ) ;
#3075 = ORIENTED_EDGE ( 'NONE', *, *, #1190, .F. ) ;
#3076 = ORIENTED_EDGE ( 'NONE', *, *, #1640, .F. ) ;
#3077 = ORIENTED_EDGE ( 'NONE', *, *, #1772, .T. ) ;
#3078 = DIRECTION ( 'NONE',  ( 1.000000000000000000, 4.163336342340866670E-14, 0.000000000000000000 ) ) ;
#3079 = DIRECTION ( 'NONE',  ( 1.153777611830140558E-15, 0.7071067811865470176, -0.7071067811865481278 ) ) ;
#3080 = EDGE_CURVE ( 'NONE', #411, #1513, #1615, .T. ) ;
#3081 = VERTEX_POINT ( 'NONE', #3115 ) ;
#3082 = ORIENTED_EDGE ( 'NONE', *, *, #293, .T. ) ;
#3083 = CARTESIAN_POINT ( 'NONE',  ( 56.97974596215601650, 8.200000000000036593, -13.50000000000002309 ) ) ;
#3084 = ORIENTED_EDGE ( 'NONE', *, *, #423, .T. ) ;
#3085 = DIRECTION ( 'NONE',  ( 1.000000000000000000, 6.928533639175096761E-16, 5.337610695313253357E-16 ) ) ;
#3086 = CARTESIAN_POINT ( 'NONE',  ( 72.60494607125674804, 26.00000000000000355, 30.49999999999998579 ) ) ;
#3087 = EDGE_LOOP ( 'NONE', ( #1768, #3171, #1650, #2714 ) ) ;
#3088 = DIRECTION ( 'NONE',  ( -4.688780159049614113E-16, -1.000000000000000000, 0.000000000000000000 ) ) ;
#3089 = DIRECTION ( 'NONE',  ( -1.000000000000000000, -7.107366756459264042E-16, -4.135580799816630757E-15 ) ) ;
#3090 = DIRECTION ( 'NONE',  ( -0.000000000000000000, -0.000000000000000000, 1.000000000000000000 ) ) ;
#3091 = CARTESIAN_POINT ( 'NONE',  ( 56.05156049663413853, -4.028185465521891828, -0.9146914749546992685 ) ) ;
#3092 = DIRECTION ( 'NONE',  ( 6.928533639175094789E-16, -1.000000000000000000, 2.189528850507526673E-47 ) ) ;
#3093 = DIRECTION ( 'NONE',  ( -0.6290435938582045194, 0.3229615410942145992, -0.7071067811865504593 ) ) ;
#3094 = VERTEX_POINT ( 'NONE', #570 ) ;
#3095 = EDGE_LOOP ( 'NONE', ( #513, #1077, #617, #3103 ) ) ;
#3096 = EDGE_CURVE ( 'NONE', #1713, #3081, #353, .T. ) ;
#3097 = DIRECTION ( 'NONE',  ( -0.6290435938582196185, 0.3229615410942077713, 0.7071067811865402453 ) ) ;
#3098 = VECTOR ( 'NONE', #118, 1000.000000000000114 ) ;
#3099 = VECTOR ( 'NONE', #3110, 1000.000000000000227 ) ;
#3100 = ADVANCED_FACE ( 'NONE', ( #339, #795 ), #41, .F. ) ;
#3101 = VECTOR ( 'NONE', #2941, 1000.000000000000114 ) ;
#3102 = AXIS2_PLACEMENT_3D ( 'NONE', #2248, #1491, #234 ) ;
#3103 = ORIENTED_EDGE ( 'NONE', *, *, #483, .F. ) ;
#3104 = DIRECTION ( 'NONE',  ( -5.025667229872186371E-16, 0.7071067811865480168, -0.7071067811865470176 ) ) ;
#3105 = DIRECTION ( 'NONE',  ( -0.6322449324434836759, 0.3166486150286041967, 0.7071067811865485719 ) ) ;
#3106 = ORIENTED_EDGE ( 'NONE', *, *, #973, .T. ) ;
#3107 = AXIS2_PLACEMENT_3D ( 'NONE', #1718, #1490, #2475 ) ;
#3108 = DIRECTION ( 'NONE',  ( -6.928533639175094789E-16, 1.000000000000000000, -0.000000000000000000 ) ) ;
#3109 = VECTOR ( 'NONE', #1596, 1000.000000000000114 ) ;
#3110 = DIRECTION ( 'NONE',  ( -3.827506182274123331E-16, 0.5524265857111176903, -0.8335615558550891757 ) ) ;
#3111 = EDGE_LOOP ( 'NONE', ( #1948, #630 ) ) ;
#3112 = CARTESIAN_POINT ( 'NONE',  ( 33.07106781186550393, 8.699999999999999289, 36.69999999999955520 ) ) ;
#3113 = CIRCLE ( 'NONE', #2063, 19.70000000001562057 ) ;
#3114 = CARTESIAN_POINT ( 'NONE',  ( 58.74142864431271960, 8.700000000000017053, 24.69999999999970086 ) ) ;
#3115 = CARTESIAN_POINT ( 'NONE',  ( 75.54574159960758095, 29.53844548455398922, 36.69999999999973284 ) ) ;
#3116 = ORIENTED_EDGE ( 'NONE', *, *, #3004, .T. ) ;
#3117 = DIRECTION ( 'NONE',  ( -1.000000000000000000, 0.000000000000000000, 0.000000000000000000 ) ) ;
#3118 = PRODUCT_RELATED_PRODUCT_CATEGORY ( 'part', '', ( #775 ) ) ;
#3119 = EDGE_CURVE ( 'NONE', #3030, #173, #2857, .T. ) ;
#3120 = ORIENTED_EDGE ( 'NONE', *, *, #863, .T. ) ;
#3121 = FACE_OUTER_BOUND ( 'NONE', #2637, .T. ) ;
#3122 = DIRECTION ( 'NONE',  ( -1.000000000000000000, 0.000000000000000000, 0.000000000000000000 ) ) ;
#3123 = LINE ( 'NONE', #2885, #1785 ) ;
#3124 = CARTESIAN_POINT ( 'NONE',  ( 66.52943386278842297, 24.03324777730562190, 37.19999999999971152 ) ) ;
#3125 = DIRECTION ( 'NONE',  ( -0.000000000000000000, -0.000000000000000000, -1.000000000000000000 ) ) ;
#3126 = ORIENTED_EDGE ( 'NONE', *, *, #2222, .F. ) ;
#3127 = DIRECTION ( 'NONE',  ( -1.000000000000000000, -6.928533639175094789E-16, -5.337610695313253357E-16 ) ) ;
#3128 = CARTESIAN_POINT ( 'NONE',  ( 33.07106781186550393, 5.630279372289556328, 36.69999999999955520 ) ) ;
#3129 = EDGE_CURVE ( 'NONE', #1797, #2295, #538, .T. ) ;
#3130 = ADVANCED_FACE ( 'NONE', ( #1329 ), #2824, .F. ) ;
#3131 = ORIENTED_EDGE ( 'NONE', *, *, #3060, .T. ) ;
#3132 = CARTESIAN_POINT ( 'NONE',  ( 37.68376910337467223, 4.400000000000032330, 24.78783743052225930 ) ) ;
#3133 = LINE ( 'NONE', #2646, #2003 ) ;
#3134 = VERTEX_POINT ( 'NONE', #3046 ) ;
#3135 = CARTESIAN_POINT ( 'NONE',  ( 49.47974596215602361, -3.100000000000009859, -14.00000000000000178 ) ) ;
#3136 = EDGE_CURVE ( 'NONE', #1464, #642, #2332, .T. ) ;
#3137 = CARTESIAN_POINT ( 'NONE',  ( 59.24142864431270539, 8.200000000000038369, 11.19999999999972218 ) ) ;
#3138 = DIRECTION ( 'NONE',  ( 0.6952606332652429000, 0.7071067811865473507, -0.1288900765443710961 ) ) ;
#3139 = EDGE_CURVE ( 'NONE', #1453, #1155, #2844, .T. ) ;
#3140 = CARTESIAN_POINT ( 'NONE',  ( 67.02832722344200533, 24.99999999999999645, 30.49999999999998579 ) ) ;
#3141 = DIRECTION ( 'NONE',  ( -0.5773502691896250649, -0.5773502691896270633, -0.5773502691896253980 ) ) ;
#3142 = ORIENTED_EDGE ( 'NONE', *, *, #278, .T. ) ;
#3143 = DIRECTION ( 'NONE',  ( -0.000000000000000000, -0.000000000000000000, -1.000000000000000000 ) ) ;
#3144 = ORIENTED_EDGE ( 'NONE', *, *, #3267, .F. ) ;
#3145 = CARTESIAN_POINT ( 'NONE',  ( 75.44077305374311493, 6.361185191558770491, 24.19999999999972218 ) ) ;
#3146 = CARTESIAN_POINT ( 'NONE',  ( 77.80527403850527435, 15.59473269546994345, 30.00000000000000000 ) ) ;
#3147 = VECTOR ( 'NONE', #2896, 1000.000000000000000 ) ;
#3148 = EDGE_LOOP ( 'NONE', ( #1741, #2404, #2923, #704 ) ) ;
#3149 = VECTOR ( 'NONE', #385, 1000.000000000000000 ) ;
#3150 = VECTOR ( 'NONE', #2320, 1000.000000000000000 ) ;
#3151 = DIRECTION ( 'NONE',  ( 0.000000000000000000, 1.000000000000000000, 0.000000000000000000 ) ) ;
#3152 = CARTESIAN_POINT ( 'NONE',  ( 56.47974596215604492, -3.599999999999984546, 0.000000000000000000 ) ) ;
#3153 = ORIENTED_EDGE ( 'NONE', *, *, #2818, .T. ) ;
#3154 = LINE ( 'NONE', #2898, #623 ) ;
#3155 = AXIS2_PLACEMENT_3D ( 'NONE', #878, #2823, #615 ) ;
#3156 = VECTOR ( 'NONE', #3193, 1000.000000000000000 ) ;
#3157 = CARTESIAN_POINT ( 'NONE',  ( 66.34426711928915665, -3.599999999999977884, 24.69999999999970086 ) ) ;
#3158 = EDGE_CURVE ( 'NONE', #2974, #1118, #528, .T. ) ;
#3159 = CIRCLE ( 'NONE', #2837, 1.000000000000000888 ) ;
#3160 = DIRECTION ( 'NONE',  ( 0.6627304028488001375, 4.710268033702417366E-16, -0.7488580727613658450 ) ) ;
#3161 = DIRECTION ( 'NONE',  ( -0.000000000000000000, -0.000000000000000000, -1.000000000000000000 ) ) ;
#3162 = VECTOR ( 'NONE', #1353, 1000.000000000000114 ) ;
#3163 = DIRECTION ( 'NONE',  ( 1.000000000000000000, 0.000000000000000000, -0.000000000000000000 ) ) ;
#3164 = ORIENTED_EDGE ( 'NONE', *, *, #1065, .T. ) ;
#3165 = EDGE_CURVE ( 'NONE', #2792, #1063, #1562, .T. ) ;
#3166 = FACE_OUTER_BOUND ( 'NONE', #2074, .T. ) ;
#3167 = AXIS2_PLACEMENT_3D ( 'NONE', #2161, #92, #1868 ) ;
#3168 = PLANE ( 'NONE',  #2508 ) ;
#3169 = AXIS2_PLACEMENT_3D ( 'NONE', #2154, #2945, #868 ) ;
#3170 = DIRECTION ( 'NONE',  ( -0.4999999999998181455, -0.5000000000001714184, 0.7071067811865547892 ) ) ;
#3171 = ORIENTED_EDGE ( 'NONE', *, *, #2024, .T. ) ;
#3172 = CARTESIAN_POINT ( 'NONE',  ( 32.48254729491350190, 6.408366717442866012, 30.00000000000000000 ) ) ;
#3173 = ORIENTED_EDGE ( 'NONE', *, *, #897, .F. ) ;
#3174 = FACE_OUTER_BOUND ( 'NONE', #19, .T. ) ;
#3175 = LINE ( 'NONE', #1373, #1740 ) ;
#3176 = CARTESIAN_POINT ( 'NONE',  ( 56.47974596215604492, -3.599999999999984546, 0.000000000000000000 ) ) ;
#3177 = DIRECTION ( 'NONE',  ( 0.5304749471533450889, -0.5994148523529567729, -0.5994148523529748696 ) ) ;
#3178 = ORIENTED_EDGE ( 'NONE', *, *, #807, .T. ) ;
#3179 = FACE_OUTER_BOUND ( 'NONE', #348, .T. ) ;
#3180 = ORIENTED_EDGE ( 'NONE', *, *, #731, .T. ) ;
#3181 = CARTESIAN_POINT ( 'NONE',  ( 77.01161292821939242, 26.55788231799338561, 36.69999999999973994 ) ) ;
#3182 = EDGE_CURVE ( 'NONE', #2674, #411, #1129, .T. ) ;
#3183 = CARTESIAN_POINT ( 'NONE',  ( 46.89073474106103134, -3.099999999999968114, 37.19999999999962625 ) ) ;
#3184 = EDGE_CURVE ( 'NONE', #1883, #445, #1117, .T. ) ;
#3185 = VERTEX_POINT ( 'NONE', #2919 ) ;
#3186 = DIRECTION ( 'NONE',  ( -0.6627304028488001375, -4.710268033702416380E-16, 0.7488580727613657340 ) ) ;
#3187 = ORIENTED_EDGE ( 'NONE', *, *, #1567, .F. ) ;
#3188 = FACE_OUTER_BOUND ( 'NONE', #1220, .T. ) ;
#3189 = CARTESIAN_POINT ( 'NONE',  ( 53.52974596215600656, 30.14766329383928678, -4.400000000000003020 ) ) ;
#3190 = DIRECTION ( 'NONE',  ( 0.000000000000000000, 0.000000000000000000, 1.000000000000000000 ) ) ;
#3191 = DIRECTION ( 'NONE',  ( 6.928533639175093803E-16, -1.000000000000000000, 0.000000000000000000 ) ) ;
#3192 = CARTESIAN_POINT ( 'NONE',  ( 49.25167277655799580, 24.50000000000000000, 30.00000000000000000 ) ) ;
#3193 = DIRECTION ( 'NONE',  ( 0.000000000000000000, 0.000000000000000000, 1.000000000000000000 ) ) ;
#3194 = ORIENTED_EDGE ( 'NONE', *, *, #863, .F. ) ;
#3195 = CARTESIAN_POINT ( 'NONE',  ( 54.47974596215603071, -3.599999999999987210, -10.90000000000000213 ) ) ;
#3196 = ORIENTED_EDGE ( 'NONE', *, *, #3244, .F. ) ;
#3197 = EDGE_LOOP ( 'NONE', ( #1871, #3031, #2242, #894 ) ) ;
#3198 = FACE_OUTER_BOUND ( 'NONE', #628, .T. ) ;
#3199 = PLANE ( 'NONE',  #96 ) ;
#3200 = EDGE_CURVE ( 'NONE', #713, #2043, #124, .T. ) ;
#3201 = ORIENTED_EDGE ( 'NONE', *, *, #671, .F. ) ;
#3202 = ADVANCED_FACE ( 'NONE', ( #157, #1166 ), #1408, .F. ) ;
#3203 = CONICAL_SURFACE ( 'NONE', #2055, 1.000000000000403233, 0.7853981633974517207 ) ;
#3204 = DIRECTION ( 'NONE',  ( 0.000000000000000000, 0.000000000000000000, -1.000000000000000000 ) ) ;
#3205 = ORIENTED_EDGE ( 'NONE', *, *, #540, .T. ) ;
#3206 = CARTESIAN_POINT ( 'NONE',  ( 49.25167277655799580, 25.00000000000000000, 92.54930690145332051 ) ) ;
#3207 = AXIS2_PLACEMENT_3D ( 'NONE', #753, #3042, #1509 ) ;
#3208 = VECTOR ( 'NONE', #964, 1000.000000000000000 ) ;
#3209 = CARTESIAN_POINT ( 'NONE',  ( 53.52974596215602787, 8.700000000000013500, -10.90000000000000213 ) ) ;
#3210 = AXIS2_PLACEMENT_3D ( 'NONE', #852, #568, #106 ) ;
#3211 = AXIS2_PLACEMENT_3D ( 'NONE', #1604, #2593, #1107 ) ;
#3212 = DIRECTION ( 'NONE',  ( 0.000000000000000000, 0.000000000000000000, 1.000000000000000000 ) ) ;
#3213 = CARTESIAN_POINT ( 'NONE',  ( 67.24142864431259170, -11.00000000001559997, 24.19999999999972218 ) ) ;
#3214 = DIRECTION ( 'NONE',  ( -0.000000000000000000, -0.000000000000000000, -1.000000000000000000 ) ) ;
#3215 = VECTOR ( 'NONE', #82, 999.9999999999998863 ) ;
#3216 = AXIS2_PLACEMENT_3D ( 'NONE', #3086, #2862, #100 ) ;
#3217 = VERTEX_POINT ( 'NONE', #2636 ) ;
#3218 = ORIENTED_EDGE ( 'NONE', *, *, #1488, .T. ) ;
#3219 = ORIENTED_EDGE ( 'NONE', *, *, #1619, .F. ) ;
#3220 = DIRECTION ( 'NONE',  ( 0.6322449324434831208, -0.3166486150286071388, 0.7071067811865477948 ) ) ;
#3221 = CONICAL_SURFACE ( 'NONE', #580, 1.000000000000000888, 0.7853981633974469467 ) ;
#3222 = ADVANCED_FACE ( 'NONE', ( #651 ), #1662, .F. ) ;
#3223 = FACE_OUTER_BOUND ( 'NONE', #214, .T. ) ;
#3224 = PLANE ( 'NONE',  #2262 ) ;
#3225 = AXIS2_PLACEMENT_3D ( 'NONE', #1428, #3191, #953 ) ;
#3226 = EDGE_CURVE ( 'NONE', #46, #2271, #169, .T. ) ;
#3227 = CARTESIAN_POINT ( 'NONE',  ( 40.95807738611313198, 24.44780876588011154, 30.49999999999998579 ) ) ;
#3228 = ORIENTED_EDGE ( 'NONE', *, *, #2086, .T. ) ;
#3229 = CARTESIAN_POINT ( 'NONE',  ( 33.32877285697581726, 5.626888601641503840, 36.95770504510987564 ) ) ;
#3230 = DIRECTION ( 'NONE',  ( 0.4478087658801134796, 0.8941293582032354692, 2.000844226037082710E-15 ) ) ;
#3231 = EDGE_CURVE ( 'NONE', #54, #355, #1944, .T. ) ;
#3232 = DIRECTION ( 'NONE',  ( 0.4311931003885311475, 0.9022596689298076900, 0.000000000000000000 ) ) ;
#3233 = ORIENTED_EDGE ( 'NONE', *, *, #74, .T. ) ;
#3234 = ORIENTED_EDGE ( 'NONE', *, *, #3129, .F. ) ;
#3235 = ORIENTED_EDGE ( 'NONE', *, *, #550, .T. ) ;
#3236 = FILL_AREA_STYLE ('',( #709 ) ) ;
#3237 = DIRECTION ( 'NONE',  ( 1.000000000000000000, 0.000000000000000000, 0.000000000000000000 ) ) ;
#3238 = PLANE ( 'NONE',  #1524 ) ;
#3239 = FACE_OUTER_BOUND ( 'NONE', #245, .T. ) ;
#3240 = ORIENTED_EDGE ( 'NONE', *, *, #1603, .T. ) ;
#3241 = CARTESIAN_POINT ( 'NONE',  ( 42.67485440892495063, -3.942051596769807542, 19.14811650201873405 ) ) ;
#3242 = ORIENTED_EDGE ( 'NONE', *, *, #1558, .F. ) ;
#3243 = DIRECTION ( 'NONE',  ( 0.000000000000000000, 0.000000000000000000, 1.000000000000000000 ) ) ;
#3244 = EDGE_CURVE ( 'NONE', #173, #498, #910, .T. ) ;
#3245 = CYLINDRICAL_SURFACE ( 'NONE', #843, 1.000000000000000888 ) ;
#3246 = ORIENTED_EDGE ( 'NONE', *, *, #1689, .F. ) ;
#3247 = EDGE_LOOP ( 'NONE', ( #1723, #2226, #191 ) ) ;
#3248 = EDGE_CURVE ( 'NONE', #3081, #1333, #1219, .T. ) ;
#3249 = ORIENTED_EDGE ( 'NONE', *, *, #550, .F. ) ;
#3250 = CYLINDRICAL_SURFACE ( 'NONE', #469, 2.000000000000001776 ) ;
#3251 = LINE ( 'NONE', #992, #2060 ) ;
#3252 = CARTESIAN_POINT ( 'NONE',  ( 46.08393142754542282, -2.613361074636667780, 25.87852483911010637 ) ) ;
#3253 = CARTESIAN_POINT ( 'NONE',  ( 67.02832722344200533, 25.00000000000000000, 30.49999999999998579 ) ) ;
#3254 = CARTESIAN_POINT ( 'NONE',  ( 76.22200000000002262, 26.51299999999995194, 30.00000000000000000 ) ) ;
#3255 = EDGE_CURVE ( 'NONE', #445, #1898, #275, .T. ) ;
#3256 = VERTEX_POINT ( 'NONE', #136 ) ;
#3257 = CYLINDRICAL_SURFACE ( 'NONE', #2014, 1.699999999999979305 ) ;
#3258 = DIRECTION ( 'NONE',  ( 0.7071067811865474617, 0.7071067811865474617, -4.906615528174164927E-15 ) ) ;
#3259 = AXIS2_PLACEMENT_3D ( 'NONE', #1885, #2389, #368 ) ;
#3260 = EDGE_CURVE ( 'NONE', #1513, #2674, #1164, .T. ) ;
#3261 = FACE_OUTER_BOUND ( 'NONE', #1136, .T. ) ;
#3262 = DIRECTION ( 'NONE',  ( -1.000000000000000000, -4.163336342341213137E-14, 0.000000000000000000 ) ) ;
#3263 = VECTOR ( 'NONE', #803, 1000.000000000000114 ) ;
#3264 = CIRCLE ( 'NONE', #2612, 0.9499999999999995115 ) ;
#3265 = ORIENTED_EDGE ( 'NONE', *, *, #2546, .T. ) ;
#3266 = AXIS2_PLACEMENT_3D ( 'NONE', #2987, #1210, #1739 ) ;
#3267 = EDGE_CURVE ( 'NONE', #2694, #526, #1632, .T. ) ;
#3268 = CARTESIAN_POINT ( 'NONE',  ( 59.24142864431271249, 2.466566298419560876, 14.59999999999971720 ) ) ;
#3269 = ORIENTED_EDGE ( 'NONE', *, *, #2373, .F. ) ;
#3270 = PLANE ( 'NONE',  #146 ) ;
#3271 = AXIS2_PLACEMENT_3D ( 'NONE', #332, #1334, #2336 ) ;
#3272 = CIRCLE ( 'NONE', #2268, 1.500000000000015099 ) ;
#3273 = DIRECTION ( 'NONE',  ( -1.000000000000000000, -7.107366756459264042E-16, -2.312964634635742957E-16 ) ) ;
ENDSEC;
END-ISO-10303-21;
