ISO-10303-21;
HEADER;
FILE_DESCRIPTION (( 'STEP AP214' ),
    '1' );
FILE_NAME ('NH36_Umb Support Rev3_full.STEP',
    '2026-05-25T22:18:13',
    ( '' ),
    ( '' ),
    'SwSTEP 2.0',
    'SolidWorks 2026',
    '' );
FILE_SCHEMA (( 'AUTOMOTIVE_DESIGN' ));
ENDSEC;

DATA;
#1 = EDGE_CURVE ( 'NONE', #4866, #10108, #6454, .T. ) ;
#2 = DIRECTION ( 'NONE',  ( 0.000000000000000000, 0.000000000000000000, 1.000000000000000000 ) ) ;
#3 = EDGE_CURVE ( 'NONE', #7738, #8310, #8717, .T. ) ;
#4 = CIRCLE ( 'NONE', #5528, 1.650000000000000355 ) ;
#5 = ORIENTED_EDGE ( 'NONE', *, *, #8799, .T. ) ;
#6 = CARTESIAN_POINT ( 'NONE',  ( -16.95532017397491487, 20.58580143709230725, 995.4329851458346639 ) ) ;
#7 = ADVANCED_FACE ( 'NONE', ( #9657 ), #3071, .F. ) ;
#8 = VERTEX_POINT ( 'NONE', #8743 ) ;
#9 = CARTESIAN_POINT ( 'NONE',  ( -25.01974446075162106, -29.05884555815769943, 1001.921203407546841 ) ) ;
#10 = ADVANCED_FACE ( 'NONE', ( #10500 ), #7060, .T. ) ;
#11 = DIRECTION ( 'NONE',  ( 0.000000000000000000, 0.000000000000000000, -1.000000000000000000 ) ) ;
#12 = DIRECTION ( 'NONE',  ( -0.000000000000000000, -0.000000000000000000, -1.000000000000000000 ) ) ;
#13 = CARTESIAN_POINT ( 'NONE',  ( -10.26771300448391422, 27.08332287099070967, 987.4916601271910395 ) ) ;
#14 = EDGE_CURVE ( 'NONE', #1806, #2400, #10248, .T. ) ;
#15 = DIRECTION ( 'NONE',  ( 0.5773502691896017502, 0.5773502691896019723, 0.5773502691896735817 ) ) ;
#16 = DIRECTION ( 'NONE',  ( -1.000000000000000000, 8.610631171821409859E-18, -6.540423713652249098E-17 ) ) ;
#17 = CARTESIAN_POINT ( 'NONE',  ( -11.79799604194960239, 2.628868686766200558, 997.9916601271909258 ) ) ;
#18 = VERTEX_POINT ( 'NONE', #476 ) ;
#19 = DIRECTION ( 'NONE',  ( 0.000000000000000000, -1.000000000000000000, 0.000000000000000000 ) ) ;
#20 = CONICAL_SURFACE ( 'NONE', #8465, 1.649999999999998579, 0.7853981633975616328 ) ;
#21 = VECTOR ( 'NONE', #5449, 1000.000000000000000 ) ;
#22 = VERTEX_POINT ( 'NONE', #9547 ) ;
#23 = EDGE_LOOP ( 'NONE', ( #8099, #5410, #2462, #9098, #4976 ) ) ;
#24 = PLANE ( 'NONE',  #8216 ) ;
#25 = DIRECTION ( 'NONE',  ( -3.223820023739968636E-14, 1.000000000000000000, 0.000000000000000000 ) ) ;
#26 = VECTOR ( 'NONE', #3890, 1000.000000000000000 ) ;
#27 = CARTESIAN_POINT ( 'NONE',  ( -28.04298166646918133, 5.981206465756798707, 998.8718200309614303 ) ) ;
#28 = VECTOR ( 'NONE', #9210, 1000.000000000000114 ) ;
#29 = DIRECTION ( 'NONE',  ( -0.8449011766408756063, -0.5349224258814208044, 0.000000000000000000 ) ) ;
#30 = DIRECTION ( 'NONE',  ( -0.000000000000000000, -0.000000000000000000, -1.000000000000000000 ) ) ;
#31 = AXIS2_PLACEMENT_3D ( 'NONE', #2553, #1744, #3573 ) ;
#32 = VECTOR ( 'NONE', #4612, 1000.000000000000114 ) ;
#33 = EDGE_LOOP ( 'NONE', ( #516, #3341, #3988, #628 ) ) ;
#34 = CARTESIAN_POINT ( 'NONE',  ( -25.82277295203572720, 27.60339869864173679, 983.4916601271910395 ) ) ;
#35 = CYLINDRICAL_SURFACE ( 'NONE', #3474, 3.598061303281989254 ) ;
#36 = CARTESIAN_POINT ( 'NONE',  ( -19.82702487793422463, 29.48137553622474982, 968.7509723590786734 ) ) ;
#37 = CARTESIAN_POINT ( 'NONE',  ( -14.94736161808400254, 31.49414061630056949, 1013.641658718408507 ) ) ;
#38 = DIRECTION ( 'NONE',  ( -1.000000000000000000, 0.000000000000000000, -0.000000000000000000 ) ) ;
#39 = DIRECTION ( 'NONE',  ( 0.000000000000000000, 0.000000000000000000, -1.000000000000000000 ) ) ;
#40 = ADVANCED_FACE ( 'NONE', ( #7119 ), #10394, .T. ) ;
#41 = VECTOR ( 'NONE', #373, 1000.000000000000000 ) ;
#42 = B_SPLINE_CURVE_WITH_KNOTS ( 'NONE', 3,
 ( #1828, #7382, #4953, #957, #8242, #10670, #5975, #4902, #9923, #5008 ),
 .UNSPECIFIED., .F., .F.,
 ( 4, 2, 2, 2, 4 ),
 ( 0.000000000000000000, 0.0007963308900616338122, 0.001592661780123267624, 0.002388992670184901437, 0.003185323560246535249 ),
 .UNSPECIFIED. ) ;
#43 = DIRECTION ( 'NONE',  ( 1.000000000000000000, 0.000000000000000000, -0.000000000000000000 ) ) ;
#44 = ORIENTED_EDGE ( 'NONE', *, *, #5901, .F. ) ;
#45 = ORIENTED_EDGE ( 'NONE', *, *, #69, .T. ) ;
#46 = ORIENTED_EDGE ( 'NONE', *, *, #858, .F. ) ;
#47 = ORIENTED_EDGE ( 'NONE', *, *, #1483, .T. ) ;
#48 = ORIENTED_EDGE ( 'NONE', *, *, #6594, .F. ) ;
#49 = FACE_OUTER_BOUND ( 'NONE', #6455, .T. ) ;
#50 = EDGE_LOOP ( 'NONE', ( #272, #3441, #6893, #5001 ) ) ;
#51 = CARTESIAN_POINT ( 'NONE',  ( -35.29847014400910155, -25.44013165305140234, 995.9916601271909258 ) ) ;
#52 = CARTESIAN_POINT ( 'NONE',  ( -12.46771300448399344, 38.02206337602792274, 995.9916601271909258 ) ) ;
#53 = ADVANCED_FACE ( 'NONE', ( #3125 ), #5244, .F. ) ;
#54 = CARTESIAN_POINT ( 'NONE',  ( -18.70316501124656128, -28.57678829604689952, 1002.016311237600348 ) ) ;
#55 = DIRECTION ( 'NONE',  ( -1.000000000000000000, 0.000000000000000000, 0.000000000000000000 ) ) ;
#56 = EDGE_CURVE ( 'NONE', #9161, #8860, #2389, .T. ) ;
#57 = CARTESIAN_POINT ( 'NONE',  ( -28.71577430776599016, 26.01981126762374430, 983.4916601271910395 ) ) ;
#58 = ORIENTED_EDGE ( 'NONE', *, *, #9695, .T. ) ;
#59 = EDGE_LOOP ( 'NONE', ( #100, #6105, #880, #1721, #10075, #5827 ) ) ;
#60 = DIRECTION ( 'NONE',  ( 0.000000000000000000, 0.000000000000000000, 1.000000000000000000 ) ) ;
#61 = EDGE_LOOP ( 'NONE', ( #655, #4443, #2590, #4825 ) ) ;
#62 = ORIENTED_EDGE ( 'NONE', *, *, #7086, .T. ) ;
#63 = EDGE_CURVE ( 'NONE', #10664, #2401, #5045, .T. ) ;
#64 = FACE_OUTER_BOUND ( 'NONE', #1793, .T. ) ;
#65 = ADVANCED_FACE ( 'NONE', ( #9056 ), #1680, .F. ) ;
#66 = CARTESIAN_POINT ( 'NONE',  ( -18.58765022554398882, 18.58765022554398172, 983.4916601271910395 ) ) ;
#67 = CARTESIAN_POINT ( 'NONE',  ( -21.08165264574449793, 27.22050958877561655, 988.0916604856245158 ) ) ;
#68 = DIRECTION ( 'NONE',  ( -1.000000000000000000, 0.000000000000000000, 0.000000000000000000 ) ) ;
#69 = EDGE_CURVE ( 'NONE', #2908, #10642, #8055, .T. ) ;
#70 = DIRECTION ( 'NONE',  ( -6.383782391594654052E-16, -0.8660254037844384856, 0.5000000000000003331 ) ) ;
#71 = CARTESIAN_POINT ( 'NONE',  ( -19.36254440924192011, 25.37842139273010744, 988.0916604856247432 ) ) ;
#72 = ORIENTED_EDGE ( 'NONE', *, *, #1654, .F. ) ;
#73 = DIRECTION ( 'NONE',  ( 0.000000000000000000, -1.000000000000000000, 0.000000000000000000 ) ) ;
#74 = ORIENTED_EDGE ( 'NONE', *, *, #2426, .F. ) ;
#75 = ORIENTED_EDGE ( 'NONE', *, *, #3549, .F. ) ;
#76 = CYLINDRICAL_SURFACE ( 'NONE', #809, 3.598061303281992807 ) ;
#77 = EDGE_CURVE ( 'NONE', #7283, #6024, #8120, .T. ) ;
#78 = CARTESIAN_POINT ( 'NONE',  ( -14.33761541874716983, 31.17411369773876828, 1016.641658718408394 ) ) ;
#79 = VECTOR ( 'NONE', #9814, 1000.000000000000000 ) ;
#80 = CYLINDRICAL_SURFACE ( 'NONE', #1951, 1.750000000000010658 ) ;
#81 = CARTESIAN_POINT ( 'NONE',  ( 3.124328923191423524, -7.713133960206510764, 997.9916601271909258 ) ) ;
#82 = AXIS2_PLACEMENT_3D ( 'NONE', #7260, #2414, #10594 ) ;
#83 = EDGE_CURVE ( 'NONE', #9389, #7725, #6689, .T. ) ;
#84 = EDGE_CURVE ( 'NONE', #1421, #9477, #7412, .T. ) ;
#85 = CARTESIAN_POINT ( 'NONE',  ( -19.39525740274604004, 25.60760767309000130, 991.1542045942788945 ) ) ;
#86 = ORIENTED_EDGE ( 'NONE', *, *, #8985, .F. ) ;
#87 = DIRECTION ( 'NONE',  ( -0.5000000000000772715, 0.5000000000000770495, -0.7071067811864384378 ) ) ;
#88 = LINE ( 'NONE', #10015, #1751 ) ;
#89 = AXIS2_PLACEMENT_3D ( 'NONE', #6809, #7496, #6862 ) ;
#90 = DIRECTION ( 'NONE',  ( -0.000000000000000000, -1.000000000000000000, 0.000000000000000000 ) ) ;
#91 = CARTESIAN_POINT ( 'NONE',  ( -25.83907877338560155, -27.78609962193392846, 1002.574655509985519 ) ) ;
#92 = CARTESIAN_POINT ( 'NONE',  ( -25.46244619668694043, -28.36553131374809666, 1003.301061203949416 ) ) ;
#93 = CARTESIAN_POINT ( 'NONE',  ( -34.86771300448391742, 43.92206366277464724, 1016.041658718408485 ) ) ;
#94 = DIRECTION ( 'NONE',  ( 0.000000000000000000, 0.7071067811865024977, 0.7071067811865925368 ) ) ;
#95 = VERTEX_POINT ( 'NONE', #3327 ) ;
#96 = AXIS2_PLACEMENT_3D ( 'NONE', #5924, #6793, #6742 ) ;
#97 = EDGE_LOOP ( 'NONE', ( #535, #270, #7550, #4139, #7537 ) ) ;
#98 = ORIENTED_EDGE ( 'NONE', *, *, #6349, .T. ) ;
#99 = EDGE_LOOP ( 'NONE', ( #45, #1643 ) ) ;
#100 = ORIENTED_EDGE ( 'NONE', *, *, #9781, .F. ) ;
#101 = LINE ( 'NONE', #6688, #10112 ) ;
#102 = ORIENTED_EDGE ( 'NONE', *, *, #8106, .F. ) ;
#103 = CARTESIAN_POINT ( 'NONE',  ( -25.80282165661000349, 2.767698785255751748, 1003.491660127191039 ) ) ;
#104 = DIRECTION ( 'NONE',  ( 0.000000000000000000, 1.000000000000000000, 0.000000000000000000 ) ) ;
#105 = DIRECTION ( 'NONE',  ( -0.7071067811864678587, -0.7071067811866271757, 0.000000000000000000 ) ) ;
#106 = DIRECTION ( 'NONE',  ( -2.312964634635826675E-15, 0.000000000000000000, -1.000000000000000000 ) ) ;
#107 = CIRCLE ( 'NONE', #6130, 3.598061303281992807 ) ;
#108 = PLANE ( 'NONE',  #8574 ) ;
#109 = ORIENTED_EDGE ( 'NONE', *, *, #9837, .F. ) ;
#110 = CARTESIAN_POINT ( 'NONE',  ( -24.99488911883349829, 25.85200835454385881, 988.2167621827328503 ) ) ;
#111 = ORIENTED_EDGE ( 'NONE', *, *, #2049, .F. ) ;
#112 = CARTESIAN_POINT ( 'NONE',  ( -25.19611089899839129, 25.27274695963276230, 989.5567310947936903 ) ) ;
#113 = VECTOR ( 'NONE', #2873, 1000.000000000000000 ) ;
#114 = ORIENTED_EDGE ( 'NONE', *, *, #780, .F. ) ;
#115 = EDGE_CURVE ( 'NONE', #1403, #1089, #2520, .T. ) ;
#116 = EDGE_LOOP ( 'NONE', ( #4645, #1522, #2418 ) ) ;
#117 = CARTESIAN_POINT ( 'NONE',  ( -36.06771300448401263, 26.58626659614303378, 956.7212035758847151 ) ) ;
#118 = CARTESIAN_POINT ( 'NONE',  ( -25.21771336291741150, 26.01981126762374430, 983.4916601271910395 ) ) ;
#119 = CARTESIAN_POINT ( 'NONE',  ( -0.3477130044840029410, -10.47773340385700003, 1003.391660127191017 ) ) ;
#120 = CARTESIAN_POINT ( 'NONE',  ( -21.31771300448400197, 6.316134549268400455, 1000.991660127190926 ) ) ;
#121 = PLANE ( 'NONE',  #4143 ) ;
#122 = CYLINDRICAL_SURFACE ( 'NONE', #6623, 1.000000000000013323 ) ;
#123 = VECTOR ( 'NONE', #3127, 1000.000000000000000 ) ;
#124 = CARTESIAN_POINT ( 'NONE',  ( -18.47271387495076311, -27.29356593300765965, 1001.589870234124191 ) ) ;
#125 = EDGE_LOOP ( 'NONE', ( #2723, #8590, #10326, #492, #875, #3444 ) ) ;
#126 = CARTESIAN_POINT ( 'NONE',  ( -20.37801604251699672, 44.52206366277464866, 989.8703397836313798 ) ) ;
#127 = ORIENTED_EDGE ( 'NONE', *, *, #5003, .F. ) ;
#128 = ORIENTED_EDGE ( 'NONE', *, *, #129, .F. ) ;
#129 = EDGE_CURVE ( 'NONE', #2411, #4432, #3378, .T. ) ;
#130 = FACE_OUTER_BOUND ( 'NONE', #7466, .T. ) ;
#131 = PLANE ( 'NONE',  #774 ) ;
#132 = ADVANCED_FACE ( 'NONE', ( #8501 ), #5150, .T. ) ;
#133 = FACE_BOUND ( 'NONE', #4808, .T. ) ;
#134 = CYLINDRICAL_SURFACE ( 'NONE', #8466, 5.000000000000001776 ) ;
#135 = VECTOR ( 'NONE', #10168, 1000.000000000000114 ) ;
#136 = EDGE_CURVE ( 'NONE', #1118, #2311, #2841, .T. ) ;
#137 = DIRECTION ( 'NONE',  ( -0.000000000000000000, -0.000000000000000000, 1.000000000000000000 ) ) ;
#138 = ORIENTED_EDGE ( 'NONE', *, *, #2754, .F. ) ;
#139 = CARTESIAN_POINT ( 'NONE',  ( -12.46771300448399344, 29.47981022745160828, 1004.592685127191089 ) ) ;
#140 = EDGE_CURVE ( 'NONE', #7482, #2865, #10171, .T. ) ;
#141 = AXIS2_PLACEMENT_3D ( 'NONE', #6939, #4510, #5424 ) ;
#142 = CARTESIAN_POINT ( 'NONE',  ( 3.343758564045586912, -10.25402990904471601, 999.7823056273281281 ) ) ;
#143 = LINE ( 'NONE', #3275, #10276 ) ;
#144 = DIRECTION ( 'NONE',  ( -0.000000000000000000, -0.000000000000000000, -1.000000000000000000 ) ) ;
#145 = DIRECTION ( 'NONE',  ( -1.000000000000000000, 0.000000000000000000, 0.000000000000000000 ) ) ;
#146 = CARTESIAN_POINT ( 'NONE',  ( -24.01771300448400126, 6.316134549268400455, 1003.491660127191039 ) ) ;
#147 = ADVANCED_FACE ( 'NONE', ( #10064 ), #2367, .T. ) ;
#148 = VECTOR ( 'NONE', #6641, 1000.000000000000000 ) ;
#149 = ORIENTED_EDGE ( 'NONE', *, *, #7774, .T. ) ;
#150 = ORIENTED_EDGE ( 'NONE', *, *, #8149, .F. ) ;
#151 = ORIENTED_EDGE ( 'NONE', *, *, #9978, .F. ) ;
#152 = ORIENTED_EDGE ( 'NONE', *, *, #6929, .T. ) ;
#153 = ORIENTED_EDGE ( 'NONE', *, *, #4881, .F. ) ;
#154 = CARTESIAN_POINT ( 'NONE',  ( -32.73742996701840013, 2.628868686766200558, 997.9916601271909258 ) ) ;
#155 = ORIENTED_EDGE ( 'NONE', *, *, #3430, .T. ) ;
#156 = CARTESIAN_POINT ( 'NONE',  ( -25.93444448499482391, 2.875481459816161323, 1003.491660127191153 ) ) ;
#157 = CARTESIAN_POINT ( 'NONE',  ( -11.60021209263799946, 2.491793389713800266, 995.9916601271909258 ) ) ;
#158 = LINE ( 'NONE', #10244, #2631 ) ;
#159 = CARTESIAN_POINT ( 'NONE',  ( 0.000000000000000000, 44.52206366277465577, 995.9916601271909258 ) ) ;
#160 = EDGE_CURVE ( 'NONE', #3337, #913, #8612, .T. ) ;
#161 = CARTESIAN_POINT ( 'NONE',  ( -22.26771300448400126, 22.70910916343019892, 1003.491660127191039 ) ) ;
#162 = LINE ( 'NONE', #2495, #9465 ) ;
#163 = CIRCLE ( 'NONE', #9315, 3.322727272727318049 ) ;
#164 = EDGE_LOOP ( 'NONE', ( #7106, #5936, #2509, #9731, #760 ) ) ;
#165 = CARTESIAN_POINT ( 'NONE',  ( -9.767713004483921324, 44.42206330434124339, 987.2916601271911077 ) ) ;
#166 = ORIENTED_EDGE ( 'NONE', *, *, #7004, .F. ) ;
#167 = CARTESIAN_POINT ( 'NONE',  ( -23.74381765564677949, -29.19795394728929949, 1001.882705679757009 ) ) ;
#168 = CARTESIAN_POINT ( 'NONE',  ( -18.44622886930665473, 18.44622886930664407, 987.2916601271909940 ) ) ;
#169 = DIRECTION ( 'NONE',  ( -0.6785983445458492191, -0.2810846377148192299, 0.6785983445458453334 ) ) ;
#170 = DIRECTION ( 'NONE',  ( 0.4472012402998730152, 4.336808689942019585E-17, -0.8944333684932909145 ) ) ;
#171 = DIRECTION ( 'NONE',  ( -1.000000000000000000, 0.000000000000000000, 0.000000000000000000 ) ) ;
#172 = LINE ( 'NONE', #2613, #5418 ) ;
#173 = CIRCLE ( 'NONE', #5848, 0.7999999999999994893 ) ;
#174 = CARTESIAN_POINT ( 'NONE',  ( -28.71577430776599016, 26.01981126762374430, 983.6916601271909713 ) ) ;
#175 = EDGE_CURVE ( 'NONE', #2076, #1246, #7292, .T. ) ;
#176 = ADVANCED_FACE ( 'NONE', ( #3486 ), #6013, .F. ) ;
#177 = PLANE ( 'NONE',  #10611 ) ;
#178 = ORIENTED_EDGE ( 'NONE', *, *, #3480, .T. ) ;
#179 = CARTESIAN_POINT ( 'NONE',  ( -45.21017538661603652, -6.015438848810635619, 997.9916601271906984 ) ) ;
#180 = VERTEX_POINT ( 'NONE', #7736 ) ;
#181 = VERTEX_POINT ( 'NONE', #8386 ) ;
#182 = DIRECTION ( 'NONE',  ( -0.000000000000000000, -0.000000000000000000, 1.000000000000000000 ) ) ;
#183 = CYLINDRICAL_SURFACE ( 'NONE', #2851, 3.598061303281994583 ) ;
#184 = DIRECTION ( 'NONE',  ( -1.000000000000000000, 0.000000000000000000, 0.000000000000000000 ) ) ;
#185 = DIRECTION ( 'NONE',  ( 0.000000000000000000, 0.000000000000000000, -1.000000000000000000 ) ) ;
#186 = AXIS2_PLACEMENT_3D ( 'NONE', #5129, #12, #9891 ) ;
#187 = VECTOR ( 'NONE', #8232, 1000.000000000000000 ) ;
#188 = ORIENTED_EDGE ( 'NONE', *, *, #4755, .F. ) ;
#189 = CARTESIAN_POINT ( 'NONE',  ( -27.84988968795862974, 6.636688767938198730, 997.8290312787554512 ) ) ;
#190 = ORIENTED_EDGE ( 'NONE', *, *, #9841, .T. ) ;
#191 = CARTESIAN_POINT ( 'NONE',  ( -32.93521391632999951, 2.491793389713800266, 995.9916601271909258 ) ) ;
#192 = AXIS2_PLACEMENT_3D ( 'NONE', #301, #6886, #1218 ) ;
#193 = CIRCLE ( 'NONE', #4508, 3.298060944848569598 ) ;
#194 = EDGE_CURVE ( 'NONE', #5950, #10465, #10300, .T. ) ;
#195 = DIRECTION ( 'NONE',  ( -1.000000000000000000, 0.000000000000000000, 0.000000000000000000 ) ) ;
#196 = DIRECTION ( 'NONE',  ( -5.014428880798372121E-16, 1.000000000000000000, 0.000000000000000000 ) ) ;
#197 = ADVANCED_FACE ( 'NONE', ( #10272 ), #2506, .T. ) ;
#198 = CYLINDRICAL_SURFACE ( 'NONE', #4829, 0.8000000000000008216 ) ;
#199 = EDGE_CURVE ( 'NONE', #3570, #8340, #7627, .T. ) ;
#200 = CARTESIAN_POINT ( 'NONE',  ( -26.01771300448400126, -26.25791218717159836, 1000.991660127190926 ) ) ;
#201 = CARTESIAN_POINT ( 'NONE',  ( -17.75974877915705008, 18.99128709631738232, 995.9916601271910395 ) ) ;
#202 = ADVANCED_FACE ( 'NONE', ( #6882 ), #9059, .F. ) ;
#203 = CIRCLE ( 'NONE', #375, 5.957202764270475015 ) ;
#204 = VECTOR ( 'NONE', #6183, 1000.000000000000000 ) ;
#205 = ORIENTED_EDGE ( 'NONE', *, *, #3817, .F. ) ;
#206 = ORIENTED_EDGE ( 'NONE', *, *, #2515, .F. ) ;
#207 = ORIENTED_EDGE ( 'NONE', *, *, #10574, .F. ) ;
#208 = ORIENTED_EDGE ( 'NONE', *, *, #1630, .T. ) ;
#209 = ORIENTED_EDGE ( 'NONE', *, *, #8148, .T. ) ;
#210 = DIRECTION ( 'NONE',  ( 5.014428880798372121E-16, -1.000000000000000000, 0.000000000000000000 ) ) ;
#211 = EDGE_CURVE ( 'NONE', #8684, #2965, #7370, .T. ) ;
#212 = ORIENTED_EDGE ( 'NONE', *, *, #6349, .F. ) ;
#213 = DIRECTION ( 'NONE',  ( -0.7071067811865474617, 0.7071067811865474617, 0.000000000000000000 ) ) ;
#214 = VECTOR ( 'NONE', #4890, 1000.000000000000000 ) ;
#215 = CARTESIAN_POINT ( 'NONE',  ( -18.77051278051997230, -28.38667228841280377, 1001.827793057253416 ) ) ;
#216 = CARTESIAN_POINT ( 'NONE',  ( -24.33429505326478193, -28.26499943599120002, 1000.764811844528936 ) ) ;
#217 = CARTESIAN_POINT ( 'NONE',  ( -17.26771300448400126, 8.655756606077503079, 997.1916601271909713 ) ) ;
#218 = EDGE_CURVE ( 'NONE', #8764, #9548, #9835, .T. ) ;
#219 = ORIENTED_EDGE ( 'NONE', *, *, #194, .F. ) ;
#220 = PLANE ( 'NONE',  #4643 ) ;
#221 = AXIS2_PLACEMENT_3D ( 'NONE', #7965, #3967, #2365 ) ;
#222 = EDGE_CURVE ( 'NONE', #7696, #10080, #7207, .T. ) ;
#223 = ORIENTED_EDGE ( 'NONE', *, *, #8366, .F. ) ;
#224 = CARTESIAN_POINT ( 'NONE',  ( -25.00683986590845009, 27.67133290545437418, 990.1123809975661061 ) ) ;
#225 = EDGE_LOOP ( 'NONE', ( #5616, #6212, #4935, #7943 ) ) ;
#226 = ORIENTED_EDGE ( 'NONE', *, *, #5254, .F. ) ;
#227 = CARTESIAN_POINT ( 'NONE',  ( -24.76626823397044319, 26.24181398356061479, 988.2163907500296318 ) ) ;
#228 = DIRECTION ( 'NONE',  ( 0.000000000000000000, -0.8660254037844384856, 0.5000000000000003331 ) ) ;
#229 = DIRECTION ( 'NONE',  ( -0.7071067811865474617, 0.7071067811865474617, -1.837086636568075475E-16 ) ) ;
#230 = CARTESIAN_POINT ( 'NONE',  ( -12.11835923672326665, 42.07141707210193005, 985.6410138949515840 ) ) ;
#231 = DIRECTION ( 'NONE',  ( 0.7071067811865575647, 2.735612426455895803E-16, -0.7071067811865374697 ) ) ;
#232 = CARTESIAN_POINT ( 'NONE',  ( -26.06244619668694185, -28.36553131090360225, 1002.802919736632361 ) ) ;
#233 = LINE ( 'NONE', #2915, #889 ) ;
#234 = CARTESIAN_POINT ( 'NONE',  ( -34.86771300448391742, 27.08332287099079139, 1003.491660127191039 ) ) ;
#235 = VERTEX_POINT ( 'NONE', #1275 ) ;
#236 = DIRECTION ( 'NONE',  ( 1.000000000000000000, 0.000000000000000000, 0.000000000000000000 ) ) ;
#237 = ORIENTED_EDGE ( 'NONE', *, *, #3111, .F. ) ;
#238 = ORIENTED_EDGE ( 'NONE', *, *, #1982, .T. ) ;
#239 = CYLINDRICAL_SURFACE ( 'NONE', #8009, 1.650000000000000355 ) ;
#240 = PLANE ( 'NONE',  #8495 ) ;
#241 = DIRECTION ( 'NONE',  ( -1.000000000000000000, 0.000000000000000000, 0.000000000000000000 ) ) ;
#242 = EDGE_LOOP ( 'NONE', ( #3266, #2239, #4767, #2449, #9337, #7576 ) ) ;
#243 = CARTESIAN_POINT ( 'NONE',  ( -17.45983320689034102, 0.6137305765815010972, 1000.991660127190926 ) ) ;
#244 = ORIENTED_EDGE ( 'NONE', *, *, #7366, .F. ) ;
#245 = CARTESIAN_POINT ( 'NONE',  ( -30.41771300448401050, 38.02206337602792274, 1000.391660127190903 ) ) ;
#246 = ADVANCED_FACE ( 'NONE', ( #7846 ), #2087, .T. ) ;
#247 = CARTESIAN_POINT ( 'NONE',  ( -29.76771300448400126, -29.25791218717159481, 995.9916601271909258 ) ) ;
#248 = CARTESIAN_POINT ( 'NONE',  ( -18.01853172470258713, -26.53529139607257648, 1001.151757446153511 ) ) ;
#249 = DIRECTION ( 'NONE',  ( 0.000000000000000000, 0.000000000000000000, -1.000000000000000000 ) ) ;
#250 = CARTESIAN_POINT ( 'NONE',  ( -25.95518535150070250, -27.50439933522649838, 999.7450178194663977 ) ) ;
#251 = CARTESIAN_POINT ( 'NONE',  ( -47.20080973152325754, -13.47502353220715321, 997.9916601271909258 ) ) ;
#252 = DIRECTION ( 'NONE',  ( 0.7999999999999863887, -0.2999999999999954925, -0.5196152422706865615 ) ) ;
#253 = VERTEX_POINT ( 'NONE', #7048 ) ;
#254 = ORIENTED_EDGE ( 'NONE', *, *, #2654, .F. ) ;
#255 = ORIENTED_EDGE ( 'NONE', *, *, #8797, .T. ) ;
#256 = ORIENTED_EDGE ( 'NONE', *, *, #8431, .T. ) ;
#257 = DIRECTION ( 'NONE',  ( 8.742277697854392730E-08, -0.9999999999999961142, 0.000000000000000000 ) ) ;
#258 = VECTOR ( 'NONE', #10635, 1000.000000000000114 ) ;
#259 = EDGE_CURVE ( 'NONE', #7230, #7135, #2901, .T. ) ;
#260 = ORIENTED_EDGE ( 'NONE', *, *, #623, .F. ) ;
#261 = CARTESIAN_POINT ( 'NONE',  ( -19.31755139363924911, 26.05339869864173608, 987.2916601271909940 ) ) ;
#262 = CARTESIAN_POINT ( 'NONE',  ( -47.83578375172029240, -10.14488023348874890, 999.8900524785391326 ) ) ;
#263 = CARTESIAN_POINT ( 'NONE',  ( -47.83578375172029240, -10.14488023348874890, 999.8900524785391326 ) ) ;
#264 = CARTESIAN_POINT ( 'NONE',  ( -18.49134691900025018, -28.43973801004520041, 1002.298165566402986 ) ) ;
#265 = CARTESIAN_POINT ( 'NONE',  ( -10.81771300448399309, 36.37206337602792416, 1016.641658718408394 ) ) ;
#266 = EDGE_CURVE ( 'NONE', #6092, #3141, #5740, .T. ) ;
#267 = CIRCLE ( 'NONE', #6298, 18.37999999999999901 ) ;
#268 =( NAMED_UNIT ( * ) PLANE_ANGLE_UNIT ( ) SI_UNIT ( $, .RADIAN. ) );
#269 = ADVANCED_FACE ( 'NONE', ( #6173 ), #7105, .T. ) ;
#270 = ORIENTED_EDGE ( 'NONE', *, *, #6401, .T. ) ;
#271 = CARTESIAN_POINT ( 'NONE',  ( -16.72725762113667258, 3.385674017669400460, 1000.881937077168914 ) ) ;
#272 = ORIENTED_EDGE ( 'NONE', *, *, #7847, .T. ) ;
#273 = CARTESIAN_POINT ( 'NONE',  ( -31.25998785444159722, 23.47559772094814079, 988.0916604856245158 ) ) ;
#274 = ORIENTED_EDGE ( 'NONE', *, *, #8170, .T. ) ;
#275 = VERTEX_POINT ( 'NONE', #1386 ) ;
#276 = DIRECTION ( 'NONE',  ( 1.000000000000000000, 0.000000000000000000, 0.000000000000000000 ) ) ;
#277 = AXIS2_PLACEMENT_3D ( 'NONE', #2910, #8521, #483 ) ;
#278 = DIRECTION ( 'NONE',  ( -1.000000000000000000, 1.480297366166879989E-16, 0.000000000000000000 ) ) ;
#279 = CARTESIAN_POINT ( 'NONE',  ( -28.61214267413475199, -24.25791218717159836, 998.9916601271909258 ) ) ;
#280 = CARTESIAN_POINT ( 'NONE',  ( -26.07983061959070881, -27.49411485960698087, 1001.731684962464215 ) ) ;
#281 = CARTESIAN_POINT ( 'NONE',  ( -21.22983322740530099, 27.29628621633138863, 989.2737437379248604 ) ) ;
#282 = CARTESIAN_POINT ( 'NONE',  ( -32.06771300448400552, 38.02206337602792274, 1000.391660127190903 ) ) ;
#283 = EDGE_CURVE ( 'NONE', #8643, #3089, #762, .T. ) ;
#284 = VECTOR ( 'NONE', #7854, 1000.000000000000114 ) ;
#285 = ORIENTED_EDGE ( 'NONE', *, *, #8650, .F. ) ;
#286 = CARTESIAN_POINT ( 'NONE',  ( -18.64871853730182139, -27.83364921270699810, 1002.647865623911457 ) ) ;
#287 = ORIENTED_EDGE ( 'NONE', *, *, #5064, .F. ) ;
#288 = ORIENTED_EDGE ( 'NONE', *, *, #9930, .F. ) ;
#289 = CARTESIAN_POINT ( 'NONE',  ( -18.96406845345597603, -28.95556378397230191, 1002.895356525875172 ) ) ;
#290 = DIRECTION ( 'NONE',  ( -0.000000000000000000, -0.000000000000000000, -1.000000000000000000 ) ) ;
#291 = DIRECTION ( 'NONE',  ( 0.7071067811865474617, 0.7071067811865474617, 0.000000000000000000 ) ) ;
#292 = CARTESIAN_POINT ( 'NONE',  ( -20.20229487598383855, -27.75324189042809664, 1000.260605760541921 ) ) ;
#293 =( BOUNDED_SURFACE ( )  B_SPLINE_SURFACE ( 3, 2, ( 
 ( #9442, #2051, #5334 ),
 ( #2107, #8632, #5389 ),
 ( #8689, #3924, #8912 ),
 ( #6506, #10603, #7173 ),
 ( #6300, #4636, #1408 ),
 ( #5696, #3129, #10559 ),
 ( #5603, #10451, #9012 ),
 ( #6458, #9609, #3076 ),
 ( #2373, #9809, #6409 ),
 ( #6354, #741, #3976 ),
 ( #3874, #7221, #4842 ),
 ( #1509, #8125, #10503 ),
 ( #8864, #5557, #9660 ),
 ( #1558, #2325, #4693 ),
 ( #2218, #537, #2270 ),
 ( #2420, #4026, #7124 ) ),
 .UNSPECIFIED., .F., .F., .T. ) 
 B_SPLINE_SURFACE_WITH_KNOTS ( ( 4, 2, 2, 2, 2, 2, 2, 4 ),
 ( 3, 3 ),
 ( 6.283185307179586232, 6.479534848028948524, 6.675884388878310816, 6.872233929727672219, 7.068583470577034511, 7.264933011426396803, 7.461282552275758206, 7.853981633974482790 ),
 ( 0.000000000000000000, 1.000000000000000000 ),
 .UNSPECIFIED. ) 
 GEOMETRIC_REPRESENTATION_ITEM ( )  RATIONAL_B_SPLINE_SURFACE ( (
 ( 1.000000000000000000, 0.7071067811865475727, 1.000000000000000000),
 ( 1.000000000000000000, 0.7070717280167186924, 1.000000000000000000),
 ( 1.000000000000000000, 0.7117460030092962464, 1.000000000000000000),
 ( 1.000000000000000000, 0.7291288935340206612, 1.000000000000000000),
 ( 1.000000000000000000, 0.7418334185359446442, 1.000000000000000000),
 ( 1.000000000000000000, 0.7723968211612781687, 1.000000000000000000),
 ( 1.000000000000000000, 0.7902180092147815804, 1.000000000000000000),
 ( 1.000000000000000000, 0.8275942690285629233, 1.000000000000000000),
 ( 1.000000000000000000, 0.8471316608413724802, 1.000000000000000000),
 ( 1.000000000000000000, 0.8849191467275011602, 1.000000000000000000),
 ( 1.000000000000000000, 0.9031650996809472698, 1.000000000000000000),
 ( 1.000000000000000000, 0.9360421840054495846, 1.000000000000000000),
 ( 1.000000000000000000, 0.9506740355556232425, 1.000000000000000000),
 ( 1.000000000000000000, 0.9867291885322264644, 1.000000000000000000),
 ( 1.000000000000000000, 1.000158581312382333, 1.000000000000000000),
 ( 1.000000000000000000, 1.000000000000000000, 1.000000000000000000) ) ) 
 REPRESENTATION_ITEM ( '' )  SURFACE ( )  );
#294 = ORIENTED_EDGE ( 'NONE', *, *, #5748, .T. ) ;
#295 = PRODUCT_RELATED_PRODUCT_CATEGORY ( 'part', '', ( #689 ) ) ;
#296 = AXIS2_PLACEMENT_3D ( 'NONE', #4180, #5742, #9207 ) ;
#297 = CLOSED_SHELL ( 'NONE', ( #8956, #960, #1717, #6988, #8884, #8770, #7511, #1969, #5207, #9189, #1263, #9791, #8676, #1908, #6410, #1325, #5808, #7562, #532, #4415, #7729, #3894, #1478, #5417, #7337, #7985, #510, #4107, #8158, #8045, #3717, #1895, #335, #6479, #2317, #2188, #10393, #6151, #397, #8863, #8883, #6316, #5862, #53, #1157, #2315, #3261 ) ) ;
#298 = CARTESIAN_POINT ( 'NONE',  ( -27.26771300448400126, 5.296593178239399791, 1003.068687461818399 ) ) ;
#299 = ORIENTED_EDGE ( 'NONE', *, *, #7530, .F. ) ;
#300 = CARTESIAN_POINT ( 'NONE',  ( -19.41771300448343496, 28.43894560144330441, 990.4506407254517626 ) ) ;
#301 = CARTESIAN_POINT ( 'NONE',  ( -23.66271300448400083, -26.70791218717139870, 1003.329928717408848 ) ) ;
#302 = FACE_OUTER_BOUND ( 'NONE', #9308, .T. ) ;
#303 = CARTESIAN_POINT ( 'NONE',  ( -15.81965170120199993, 43.02206366277465577, 990.4916601271910395 ) ) ;
#304 = CARTESIAN_POINT ( 'NONE',  ( -32.06771300448400552, 38.02206337602792274, 1000.391660127190903 ) ) ;
#305 = VECTOR ( 'NONE', #7281, 1000.000000000000114 ) ;
#306 = DIRECTION ( 'NONE',  ( -0.000000000000000000, -0.000000000000000000, 1.000000000000000000 ) ) ;
#307 = VECTOR ( 'NONE', #9475, 999.9999999999998863 ) ;
#308 = LINE ( 'NONE', #7859, #204 ) ;
#309 = EDGE_CURVE ( 'NONE', #1766, #5205, #4673, .T. ) ;
#310 = ORIENTED_EDGE ( 'NONE', *, *, #8373, .T. ) ;
#311 = ORIENTED_EDGE ( 'NONE', *, *, #10018, .F. ) ;
#312 = ORIENTED_EDGE ( 'NONE', *, *, #2884, .T. ) ;
#313 = AXIS2_PLACEMENT_3D ( 'NONE', #9423, #7953, #6224 ) ;
#314 = ORIENTED_EDGE ( 'NONE', *, *, #4331, .T. ) ;
#315 = CARTESIAN_POINT ( 'NONE',  ( -20.79160835332122303, -29.19795394728929949, 1001.882705679757009 ) ) ;
#316 = VERTEX_POINT ( 'NONE', #7955 ) ;
#317 = LINE ( 'NONE', #9493, #4152 ) ;
#318 = DIRECTION ( 'NONE',  ( 1.000000000000000000, 0.000000000000000000, 0.000000000000000000 ) ) ;
#319 = CARTESIAN_POINT ( 'NONE',  ( -18.58243981357345120, 44.37031310361540193, 990.8528951926377886 ) ) ;
#320 = FACE_OUTER_BOUND ( 'NONE', #1524, .T. ) ;
#321 = CARTESIAN_POINT ( 'NONE',  ( -15.94653286150529681, 5.267345561112095176, 998.5545772305242735 ) ) ;
#322 = FACE_OUTER_BOUND ( 'NONE', #593, .T. ) ;
#323 = LINE ( 'NONE', #6909, #4659 ) ;
#324 = ORIENTED_EDGE ( 'NONE', *, *, #1538, .F. ) ;
#325 = CARTESIAN_POINT ( 'NONE',  ( -23.45377336322333406, 27.22050958877569116, 988.9916601271910395 ) ) ;
#326 = ORIENTED_EDGE ( 'NONE', *, *, #9451, .F. ) ;
#327 = ORIENTED_EDGE ( 'NONE', *, *, #3611, .F. ) ;
#328 = CARTESIAN_POINT ( 'NONE',  ( -27.33806087023161524, 14.82819536793159365, 997.2620079929386065 ) ) ;
#329 = DIRECTION ( 'NONE',  ( 0.000000000000000000, 0.000000000000000000, 1.000000000000000000 ) ) ;
#330 = CARTESIAN_POINT ( 'NONE',  ( -32.06771300448400552, 29.52206337602792630, 987.4916601271910395 ) ) ;
#331 = ADVANCED_FACE ( 'NONE', ( #5373 ), #7157, .T. ) ;
#332 = CARTESIAN_POINT ( 'NONE',  ( -10.61771300448396715, 29.47981022745160828, 987.4916601271910395 ) ) ;
#333 = CARTESIAN_POINT ( 'NONE',  ( -21.11130539236768655, 27.23595809200749684, 989.1221235156455123 ) ) ;
#334 = DIRECTION ( 'NONE',  ( -0.000000000000000000, -0.000000000000000000, -1.000000000000000000 ) ) ;
#335 = ADVANCED_FACE ( 'NONE', ( #9535 ), #8948, .F. ) ;
#336 = AXIS2_PLACEMENT_3D ( 'NONE', #3034, #7236, #2288 ) ;
#337 = ORIENTED_EDGE ( 'NONE', *, *, #5158, .T. ) ;
#338 = CARTESIAN_POINT ( 'NONE',  ( -9.767713004483912442, 27.12474473412938636, 987.2916601271909940 ) ) ;
#339 = ORIENTED_EDGE ( 'NONE', *, *, #10229, .T. ) ;
#340 = ORIENTED_EDGE ( 'NONE', *, *, #7843, .T. ) ;
#341 = DIRECTION ( 'NONE',  ( -1.000000000000000000, 0.000000000000000000, 0.000000000000000000 ) ) ;
#342 = EDGE_CURVE ( 'NONE', #5554, #8255, #4836, .T. ) ;
#343 = CARTESIAN_POINT ( 'NONE',  ( -25.11771300449816735, 28.53585382616403621, 990.4705084517261184 ) ) ;
#344 = CARTESIAN_POINT ( 'NONE',  ( -12.46771300448399344, 38.02206337602792274, 1000.991660127190926 ) ) ;
#345 = AXIS2_PLACEMENT_3D ( 'NONE', #4957, #3344, #2699 ) ;
#346 = LINE ( 'NONE', #6008, #7976 ) ;
#347 = DIRECTION ( 'NONE',  ( -0.000000000000000000, -0.000000000000000000, -1.000000000000000000 ) ) ;
#348 = ORIENTED_EDGE ( 'NONE', *, *, #1304, .T. ) ;
#349 = DIRECTION ( 'NONE',  ( -0.6785983445459229380, -0.2810846377148515374, -0.6785983445457581809 ) ) ;
#350 = AXIS2_PLACEMENT_3D ( 'NONE', #2346, #7995, #6371 ) ;
#351 = CARTESIAN_POINT ( 'NONE',  ( -25.57135753361194119, -28.95556378801470032, 1002.895356557458740 ) ) ;
#352 = ORIENTED_EDGE ( 'NONE', *, *, #4128, .T. ) ;
#353 = CARTESIAN_POINT ( 'NONE',  ( -22.05416403575780748, 28.18629870487639977, 990.3054075333353694 ) ) ;
#354 = DIRECTION ( 'NONE',  ( 0.000000000000000000, 0.6888457035041862797, -0.7249079919298879737 ) ) ;
#355 = DIRECTION ( 'NONE',  ( 5.014428880798372121E-16, -1.000000000000000000, 0.000000000000000000 ) ) ;
#356 = DIRECTION ( 'NONE',  ( 0.000000000000000000, 0.000000000000000000, -1.000000000000000000 ) ) ;
#357 = AXIS2_PLACEMENT_3D ( 'NONE', #3793, #7837, #10375 ) ;
#358 = CYLINDRICAL_SURFACE ( 'NONE', #10032, 0.7999999999999989342 ) ;
#359 = VECTOR ( 'NONE', #2744, 1000.000000000000000 ) ;
#360 = CARTESIAN_POINT ( 'NONE',  ( -26.06244619668694185, -28.25791218717139941, 1003.301061203949416 ) ) ;
#361 =( BOUNDED_CURVE ( )  B_SPLINE_CURVE ( 3, ( #7801, #1106, #1981, #4461 ),
 .UNSPECIFIED., .F., .F. ) 
 B_SPLINE_CURVE_WITH_KNOTS ( ( 4, 4 ),
 ( 2.867578449779634830, 3.415606857399942964 ),
 .UNSPECIFIED. ) 
 CURVE ( )  GEOMETRIC_REPRESENTATION_ITEM ( )  RATIONAL_B_SPLINE_CURVE ( ( 1.000000000000000000, 0.9751282799207713348, 0.9751282799207713348, 1.000000000000000000 ) ) 
 REPRESENTATION_ITEM ( '' )  );
#362 = CARTESIAN_POINT ( 'NONE',  ( -34.76771264605072531, 44.42206330434124339, 983.4916601271910395 ) ) ;
#363 = VERTEX_POINT ( 'NONE', #5180 ) ;
#364 = VECTOR ( 'NONE', #1395, 1000.000000000000000 ) ;
#365 = ORIENTED_EDGE ( 'NONE', *, *, #3743, .T. ) ;
#366 = DIRECTION ( 'NONE',  ( 0.000000000000000000, 0.000000000000000000, 1.000000000000000000 ) ) ;
#367 = ORIENTED_EDGE ( 'NONE', *, *, #2303, .T. ) ;
#368 = DIRECTION ( 'NONE',  ( 0.5773502691897522965, 0.5773502691896227335, -0.5773502691895023853 ) ) ;
#369 = ADVANCED_FACE ( 'NONE', ( #2709, #1791, #5935 ), #6752, .T. ) ;
#370 = EDGE_CURVE ( 'NONE', #4040, #5675, #489, .T. ) ;
#371 = LINE ( 'NONE', #6031, #1324 ) ;
#372 = CARTESIAN_POINT ( 'NONE',  ( -14.23443816626565983, 4.055279103799604101, 998.0104813165187352 ) ) ;
#373 = DIRECTION ( 'NONE',  ( 0.000000000000000000, 0.000000000000000000, 1.000000000000000000 ) ) ;
#374 = CARTESIAN_POINT ( 'NONE',  ( -23.14271300448400126, 2.557757825279101116, 1003.491660127191039 ) ) ;
#375 = AXIS2_PLACEMENT_3D ( 'NONE', #6864, #3840, #3621 ) ;
#376 = AXIS2_PLACEMENT_3D ( 'NONE', #1283, #8739, #2366 ) ;
#377 = CARTESIAN_POINT ( 'NONE',  ( -22.16818974859713620, 37.53953660251080038, 1008.284455954136206 ) ) ;
#378 = ORIENTED_EDGE ( 'NONE', *, *, #5556, .T. ) ;
#379 = CARTESIAN_POINT ( 'NONE',  ( -24.81771300448400197, 3.357757825279103159, 995.9916601271909258 ) ) ;
#380 = EDGE_LOOP ( 'NONE', ( #619, #9452, #6391, #5814 ) ) ;
#381 = ORIENTED_EDGE ( 'NONE', *, *, #5871, .F. ) ;
#382 = CARTESIAN_POINT ( 'NONE',  ( -25.76231279278841058, -28.38647986532109968, 1001.824733954718113 ) ) ;
#383 = AXIS2_PLACEMENT_3D ( 'NONE', #6962, #7702, #5280 ) ;
#384 = EDGE_CURVE ( 'NONE', #8320, #1034, #5124, .T. ) ;
#385 = VERTEX_POINT ( 'NONE', #165 ) ;
#386 = VECTOR ( 'NONE', #4873, 1000.000000000000000 ) ;
#387 = CARTESIAN_POINT ( 'NONE',  ( -14.33878081634948920, 20.71519878427751493, 1002.291660127190994 ) ) ;
#388 = EDGE_CURVE ( 'NONE', #1159, #4554, #7375, .T. ) ;
#389 = PLANE ( 'NONE',  #5844 ) ;
#390 = PLANE ( 'NONE',  #6582 ) ;
#391 = DIRECTION ( 'NONE',  ( -0.7071067811865475727, -0.7071067811865475727, 0.000000000000000000 ) ) ;
#392 = CARTESIAN_POINT ( 'NONE',  ( -25.11771300448399558, 28.65078648887822510, 993.1916601271910849 ) ) ;
#393 = AXIS2_PLACEMENT_3D ( 'NONE', #2516, #3269, #1649 ) ;
#394 = ORIENTED_EDGE ( 'NONE', *, *, #7062, .T. ) ;
#395 = DIRECTION ( 'NONE',  ( 1.000000000000000000, 0.000000000000000000, 0.000000000000000000 ) ) ;
#396 = ORIENTED_EDGE ( 'NONE', *, *, #8192, .F. ) ;
#397 = ADVANCED_FACE ( 'NONE', ( #5829 ), #7860, .F. ) ;
#398 = ORIENTED_EDGE ( 'NONE', *, *, #8373, .F. ) ;
#399 = CARTESIAN_POINT ( 'NONE',  ( -22.42858872754525024, 28.72843501516212683, 990.4825308175222744 ) ) ;
#400 = EDGE_CURVE ( 'NONE', #6185, #1373, #3672, .T. ) ;
#401 = CARTESIAN_POINT ( 'NONE',  ( -23.74381765564677949, -29.19795394728929949, 1001.882705679757009 ) ) ;
#402 = CARTESIAN_POINT ( 'NONE',  ( -9.667713004483886152, 26.58626659614303378, 995.9916601271909258 ) ) ;
#403 = DIRECTION ( 'NONE',  ( -0.5773502691895315841, 0.5773502691896739147, 0.5773502691896718053 ) ) ;
#404 = ORIENTED_EDGE ( 'NONE', *, *, #5531, .T. ) ;
#405 = DIRECTION ( 'NONE',  ( -0.000000000000000000, 1.000000000000000000, -0.000000000000000000 ) ) ;
#406 = VERTEX_POINT ( 'NONE', #4431 ) ;
#407 = ADVANCED_FACE ( 'NONE', ( #6259 ), #8350, .F. ) ;
#408 = DIRECTION ( 'NONE',  ( 0.000000000000000000, 1.000000000000000000, 0.000000000000000000 ) ) ;
#409 = ORIENTED_EDGE ( 'NONE', *, *, #9107, .F. ) ;
#410 = CARTESIAN_POINT ( 'NONE',  ( -33.71771300448400410, 29.52206337602792630, 998.5916601271911759 ) ) ;
#411 = FACE_OUTER_BOUND ( 'NONE', #609, .T. ) ;
#412 = DIRECTION ( 'NONE',  ( 0.000000000000000000, 0.7071067811865463515, -0.7071067811865487940 ) ) ;
#413 = DIRECTION ( 'NONE',  ( 0.7071067811865477948, -0.7071067811865472397, 0.000000000000000000 ) ) ;
#414 = DIRECTION ( 'NONE',  ( 0.000000000000000000, -1.000000000000000000, 0.000000000000000000 ) ) ;
#415 = CYLINDRICAL_SURFACE ( 'NONE', #4349, 1.650000000000000355 ) ;
#416 = CARTESIAN_POINT ( 'NONE',  ( -25.57135755551204070, -28.95556378397229835, 1003.301061203949416 ) ) ;
#417 = CARTESIAN_POINT ( 'NONE',  ( -30.11795385680410675, 30.41657034268903459, 1014.241658718408416 ) ) ;
#418 = ADVANCED_FACE ( 'NONE', ( #10144 ), #4591, .T. ) ;
#419 = ORIENTED_EDGE ( 'NONE', *, *, #3372, .F. ) ;
#420 = VERTEX_POINT ( 'NONE', #3725 ) ;
#421 = ORIENTED_EDGE ( 'NONE', *, *, #4629, .F. ) ;
#422 = DIRECTION ( 'NONE',  ( 0.6039809190271701045, -0.7375738000291907071, 0.3019800307331503286 ) ) ;
#423 = EDGE_LOOP ( 'NONE', ( #9435, #3086, #9713, #9455, #2892 ) ) ;
#424 = CARTESIAN_POINT ( 'NONE',  ( -28.25192422796520830, 33.77560510049663378, 1003.491660127191039 ) ) ;
#425 = AXIS2_PLACEMENT_3D ( 'NONE', #7453, #5680, #6711 ) ;
#426 = CARTESIAN_POINT ( 'NONE',  ( -12.46771300448399344, 29.47981022745160828, 983.4916601271910395 ) ) ;
#427 = CARTESIAN_POINT ( 'NONE',  ( -19.77894806993464272, 44.37031310361584957, 989.6563869362794321 ) ) ;
#428 = CARTESIAN_POINT ( 'NONE',  ( 2.665383722555199952, -13.47502353220716387, 995.9916601271909258 ) ) ;
#429 = DIRECTION ( 'NONE',  ( 0.000000000000000000, 0.000000000000000000, -1.000000000000000000 ) ) ;
#430 = CARTESIAN_POINT ( 'NONE',  ( -10.26771300448410429, 43.92206366277464724, 1016.641658718408394 ) ) ;
#431 = SURFACE_STYLE_FILL_AREA ( #10088 ) ;
#432 = ORIENTED_EDGE ( 'NONE', *, *, #669, .F. ) ;
#433 = CARTESIAN_POINT ( 'NONE',  ( -4.597713004484004884, -10.47773340385700358, 997.9916601271909258 ) ) ;
#434 = VERTEX_POINT ( 'NONE', #2818 ) ;
#435 = CARTESIAN_POINT ( 'NONE',  ( -26.06244619668694185, -28.33595698023039944, 1002.620336641251356 ) ) ;
#436 = ORIENTED_EDGE ( 'NONE', *, *, #5504, .T. ) ;
#437 = DIRECTION ( 'NONE',  ( 0.5000000000000769385, -0.5000000000000769385, 0.7071067811864386599 ) ) ;
#438 = LINE ( 'NONE', #9300, #4475 ) ;
#439 = CARTESIAN_POINT ( 'NONE',  ( -12.26771300448400126, 8.655756606077503079, 995.9916601271909258 ) ) ;
#440 = CARTESIAN_POINT ( 'NONE',  ( -30.41771300448400694, 29.52206337602792630, 987.6916601271909713 ) ) ;
#441 = DIRECTION ( 'NONE',  ( -2.312964634635826675E-15, 0.000000000000000000, -1.000000000000000000 ) ) ;
#442 = CIRCLE ( 'NONE', #6983, 2.249999999999998668 ) ;
#443 = CARTESIAN_POINT ( 'NONE',  ( 3.902286995515997337, -10.47773340385700003, 995.9916601271909258 ) ) ;
#444 = ADVANCED_FACE ( 'NONE', ( #6093 ), #3568, .F. ) ;
#445 = ORIENTED_EDGE ( 'NONE', *, *, #9837, .T. ) ;
#446 = CARTESIAN_POINT ( 'NONE',  ( -13.93048126686210963, 3.911044903037284470, 997.1916601271909713 ) ) ;
#447 = VERTEX_POINT ( 'NONE', #1364 ) ;
#448 = VECTOR ( 'NONE', #10252, 1000.000000000000114 ) ;
#449 = ORIENTED_EDGE ( 'NONE', *, *, #1305, .T. ) ;
#450 = CARTESIAN_POINT ( 'NONE',  ( -25.11771300448399558, 26.42525935342060706, 992.3828786583083001 ) ) ;
#451 = CARTESIAN_POINT ( 'NONE',  ( -44.18771300448400297, -10.47773340385700003, 1003.491660127191039 ) ) ;
#452 = DIRECTION ( 'NONE',  ( -1.000000000000000000, 0.000000000000000000, 0.000000000000000000 ) ) ;
#453 = CARTESIAN_POINT ( 'NONE',  ( 0.000000000000000000, 26.05339869864173608, 983.4916601271910395 ) ) ;
#454 = AXIS2_PLACEMENT_3D ( 'NONE', #3098, #1431, #6211 ) ;
#455 = B_SPLINE_CURVE_WITH_KNOTS ( 'NONE', 3,
 ( #1327, #7901, #515, #3798 ),
 .UNSPECIFIED., .F., .F.,
 ( 4, 4 ),
 ( 0.000000000000000000, 0.4284230196815609903 ),
 .UNSPECIFIED. ) ;
#456 = ORIENTED_EDGE ( 'NONE', *, *, #3438, .F. ) ;
#457 = CYLINDRICAL_SURFACE ( 'NONE', #1698, 3.000000000000050182 ) ;
#458 = EDGE_CURVE ( 'NONE', #3301, #8, #10250, .T. ) ;
#459 = VERTEX_POINT ( 'NONE', #2763 ) ;
#460 = CARTESIAN_POINT ( 'NONE',  ( -22.26771300448400126, -11.05791218717159907, 1003.491660127191039 ) ) ;
#461 = ORIENTED_EDGE ( 'NONE', *, *, #175, .F. ) ;
#462 = AXIS2_PLACEMENT_3D ( 'NONE', #9877, #6790, #3395 ) ;
#463 = CARTESIAN_POINT ( 'NONE',  ( -36.06771300448401263, 26.58626659614303378, 997.1916601271908576 ) ) ;
#464 = CIRCLE ( 'NONE', #5282, 16.37999999999999901 ) ;
#465 = CARTESIAN_POINT ( 'NONE',  ( -17.27861767389349268, 32.08149128839088604, 983.7916601271909940 ) ) ;
#466 = EDGE_CURVE ( 'NONE', #3365, #8343, #7022, .T. ) ;
#467 = CARTESIAN_POINT ( 'NONE',  ( -20.37034640838253097, -27.52393759095584258, 1001.877300773246020 ) ) ;
#468 = CARTESIAN_POINT ( 'NONE',  ( -18.96406845345597247, -28.95556378397230191, 1002.895356596181841 ) ) ;
#469 = DIRECTION ( 'NONE',  ( -1.000000000000000000, 0.000000000000000000, 0.000000000000000000 ) ) ;
#470 = DIRECTION ( 'NONE',  ( 0.000000000000000000, 1.000000000000000000, 0.000000000000000000 ) ) ;
#471 = EDGE_CURVE ( 'NONE', #9888, #1145, #9405, .T. ) ;
#472 = LINE ( 'NONE', #3968, #5015 ) ;
#473 = CARTESIAN_POINT ( 'NONE',  ( -12.10876126046648515, 28.09443867192564070, 989.6327083831730533 ) ) ;
#474 = CONICAL_SURFACE ( 'NONE', #9613, 16.87999999999999545, 0.7853981633974476129 ) ;
#475 = EDGE_CURVE ( 'NONE', #6787, #9698, #9349, .T. ) ;
#476 = CARTESIAN_POINT ( 'NONE',  ( 3.412682239243149063, -10.47773340385700358, 999.5756755151326161 ) ) ;
#477 = ORIENTED_EDGE ( 'NONE', *, *, #6121, .F. ) ;
#478 = CARTESIAN_POINT ( 'NONE',  ( -32.06771300448400552, 29.52206337602792630, 997.9916601271910395 ) ) ;
#479 = ORIENTED_EDGE ( 'NONE', *, *, #3674, .F. ) ;
#480 = AXIS2_PLACEMENT_3D ( 'NONE', #161, #7489, #8302 ) ;
#481 = CARTESIAN_POINT ( 'NONE',  ( -33.71771300448400410, 29.52206337602792630, 983.6916601271909713 ) ) ;
#482 = EDGE_CURVE ( 'NONE', #10397, #181, #5309, .T. ) ;
#483 = DIRECTION ( 'NONE',  ( 1.000000000000000000, 0.000000000000000000, 0.000000000000000000 ) ) ;
#484 = CARTESIAN_POINT ( 'NONE',  ( -23.21771300448400055, 6.316134549268400455, 1003.491660127191039 ) ) ;
#485 = DIRECTION ( 'NONE',  ( 0.000000000000000000, 0.7071067811865638930, -0.7071067811865312525 ) ) ;
#486 = DIRECTION ( 'NONE',  ( 1.000000000000000000, 0.000000000000000000, 0.000000000000000000 ) ) ;
#487 = DIRECTION ( 'NONE',  ( -1.000000000000000000, 0.000000000000000000, 0.000000000000000000 ) ) ;
#488 = CARTESIAN_POINT ( 'NONE',  ( -33.71771300448400410, 36.37206337602792416, 1003.491660127191039 ) ) ;
#489 = CIRCLE ( 'NONE', #7038, 2.700000000000035705 ) ;
#490 = VERTEX_POINT ( 'NONE', #7187 ) ;
#491 = DIRECTION ( 'NONE',  ( 1.000000000000000000, 0.000000000000000000, -0.000000000000000000 ) ) ;
#492 = ORIENTED_EDGE ( 'NONE', *, *, #8724, .T. ) ;
#493 = DIRECTION ( 'NONE',  ( -1.000000000000000000, 0.000000000000000000, 0.000000000000000000 ) ) ;
#494 =( BOUNDED_SURFACE ( )  B_SPLINE_SURFACE ( 3, 2, ( 
 ( #1943, #2861, #9340 ),
 ( #6139, #5230, #4536 ),
 ( #3607, #7814, #7701 ),
 ( #319, #2810, #427 ),
 ( #9444, #9398, #1178 ),
 ( #6190, #8024, #5606 ),
 ( #10562, #3978, #8808 ),
 ( #7922, #6356, #2327 ),
 ( #9553, #9765, #7274 ),
 ( #1293, #7869, #8914 ),
 ( #3822, #1463, #10453 ),
 ( #7223, #10344, #539 ),
 ( #3132, #3181, #3876 ),
 ( #7126, #1511, #4743 ),
 ( #4639, #7975, #4795 ),
 ( #8078, #8866, #2220 ) ),
 .UNSPECIFIED., .F., .F., .T. ) 
 B_SPLINE_SURFACE_WITH_KNOTS ( ( 4, 2, 2, 2, 2, 2, 2, 4 ),
 ( 3, 3 ),
 ( 1.570796326794896558, 1.963495408493620697, 2.159844949342982545, 2.356194490192344837, 2.552544031041707129, 2.748893571891068976, 2.945243112740430824, 3.141592653589793116 ),
 ( 0.000000000000000000, 1.000000000000000000 ),
 .UNSPECIFIED. ) 
 GEOMETRIC_REPRESENTATION_ITEM ( )  RATIONAL_B_SPLINE_SURFACE ( (
 ( 1.000000000000000000, 1.000000000000000000, 1.000000000000000000),
 ( 1.000000000000000000, 1.000158581312405426, 1.000000000000000000),
 ( 1.000000000000000000, 0.9867291885321960443, 1.000000000000000000),
 ( 1.000000000000000000, 0.9506740355556385635, 1.000000000000000000),
 ( 1.000000000000000000, 0.9360421840054300446, 1.000000000000000000),
 ( 1.000000000000000000, 0.9031650996809670318, 1.000000000000000000),
 ( 1.000000000000000000, 0.8849191467276702472, 1.000000000000000000),
 ( 1.000000000000000000, 0.8471316608412051696, 1.000000000000000000),
 ( 1.000000000000000000, 0.8275942690285759129, 1.000000000000000000),
 ( 1.000000000000000000, 0.7902180092147694790, 1.000000000000000000),
 ( 1.000000000000000000, 0.7723968211610661161, 1.000000000000000000),
 ( 1.000000000000000000, 0.7418334185361574740, 1.000000000000000000),
 ( 1.000000000000000000, 0.7291288935340518584, 1.000000000000000000),
 ( 1.000000000000000000, 0.7117460030092652712, 1.000000000000000000),
 ( 1.000000000000000000, 0.7070717280167416741, 1.000000000000000000),
 ( 1.000000000000000000, 0.7071067811865475727, 1.000000000000000000) ) ) 
 REPRESENTATION_ITEM ( '' )  SURFACE ( )  );
#495 = EDGE_LOOP ( 'NONE', ( #8107, #3394, #2817, #7506 ) ) ;
#496 = CARTESIAN_POINT ( 'NONE',  ( -27.35525965960830774, 5.532639381576802684, 1001.404353193094948 ) ) ;
#497 = CARTESIAN_POINT ( 'NONE',  ( -26.03662500851381267, -27.72594477066885688, 1001.995072239189767 ) ) ;
#498 = CARTESIAN_POINT ( 'NONE',  ( -22.26771300448400126, -12.47773340385700003, 995.9916601271909258 ) ) ;
#499 = CARTESIAN_POINT ( 'NONE',  ( -18.77051278051997230, -28.38667228841280377, 1001.827793057253416 ) ) ;
#500 = CARTESIAN_POINT ( 'NONE',  ( -20.28339842943324101, 2.792072400329865367, 1000.991660127190926 ) ) ;
#501 = EDGE_CURVE ( 'NONE', #5550, #10477, #703, .T. ) ;
#502 = CARTESIAN_POINT ( 'NONE',  ( -18.53370026961260919, -27.99488651150514684, 1002.895356524056183 ) ) ;
#503 = ORIENTED_EDGE ( 'NONE', *, *, #7584, .T. ) ;
#504 = CARTESIAN_POINT ( 'NONE',  ( -12.64154098400105042, 3.180605087466190639, 996.7048873167270813 ) ) ;
#505 = CIRCLE ( 'NONE', #5320, 13.37999999999999901 ) ;
#506 = ORIENTED_EDGE ( 'NONE', *, *, #3162, .F. ) ;
#507 = VERTEX_POINT ( 'NONE', #1474 ) ;
#508 = DIRECTION ( 'NONE',  ( 0.000000000000000000, 0.000000000000000000, -1.000000000000000000 ) ) ;
#509 = DIRECTION ( 'NONE',  ( 0.7071067811865485719, 0.7071067811865465735, 0.000000000000000000 ) ) ;
#510 = ADVANCED_FACE ( 'NONE', ( #4708 ), #10466, .T. ) ;
#511 = ADVANCED_FACE ( 'NONE', ( #2229 ), #8586, .T. ) ;
#512 = LINE ( 'NONE', #6330, #2639 ) ;
#513 = FACE_OUTER_BOUND ( 'NONE', #9149, .T. ) ;
#514 = ORIENTED_EDGE ( 'NONE', *, *, #1337, .T. ) ;
#515 = CARTESIAN_POINT ( 'NONE',  ( -14.98068970462072080, -28.25947234004030051, 998.9900999743223338 ) ) ;
#516 = ORIENTED_EDGE ( 'NONE', *, *, #3259, .F. ) ;
#517 = DIRECTION ( 'NONE',  ( 1.000000000000000000, 0.000000000000000000, 0.000000000000000000 ) ) ;
#518 = CIRCLE ( 'NONE', #10499, 2.250000000000003553 ) ;
#519 = ORIENTED_EDGE ( 'NONE', *, *, #8729, .T. ) ;
#520 = CARTESIAN_POINT ( 'NONE',  ( -22.74021507607900361, -28.92803625644169685, 1001.147620888860729 ) ) ;
#521 = CARTESIAN_POINT ( 'NONE',  ( -20.26771282526732421, 31.55192719449871674, 986.5916604856245158 ) ) ;
#522 = EDGE_CURVE ( 'NONE', #7671, #5921, #8401, .T. ) ;
#523 = CARTESIAN_POINT ( 'NONE',  ( -18.73260435235800614, 2.767698785255751748, 1003.491660127191039 ) ) ;
#524 = CARTESIAN_POINT ( 'NONE',  ( -19.19974152659732169, -28.52507529783619589, 1001.307663583272756 ) ) ;
#525 = CARTESIAN_POINT ( 'NONE',  ( -27.35388643095169314, -26.25791218717159836, 1000.991660127190926 ) ) ;
#526 = FACE_BOUND ( 'NONE', #6069, .T. ) ;
#527 = FACE_OUTER_BOUND ( 'NONE', #10423, .T. ) ;
#528 = CARTESIAN_POINT ( 'NONE',  ( -26.06771300448399842, 43.92206330434124339, 987.4916601271910395 ) ) ;
#529 = VECTOR ( 'NONE', #7352, 1000.000000000000000 ) ;
#530 = ORIENTED_EDGE ( 'NONE', *, *, #8572, .F. ) ;
#531 = ORIENTED_EDGE ( 'NONE', *, *, #2849, .F. ) ;
#532 = ADVANCED_FACE ( 'NONE', ( #3887 ), #9024, .F. ) ;
#533 = FACE_OUTER_BOUND ( 'NONE', #10631, .T. ) ;
#534 = ADVANCED_FACE ( 'NONE', ( #5618 ), #3241, .T. ) ;
#535 = ORIENTED_EDGE ( 'NONE', *, *, #3058, .F. ) ;
#536 = AXIS2_PLACEMENT_3D ( 'NONE', #10472, #2235, #2441 ) ;
#537 = CARTESIAN_POINT ( 'NONE',  ( -26.24459517865794567, 44.52206366277735583, 989.3647779531062270 ) ) ;
#538 = DIRECTION ( 'NONE',  ( 0.000000000000000000, -0.8660254037844626884, -0.4999999999999584221 ) ) ;
#539 = CARTESIAN_POINT ( 'NONE',  ( -21.90320264289380958, 43.50538715106173981, 990.4150492837676438 ) ) ;
#540 = EDGE_CURVE ( 'NONE', #4040, #7918, #8141, .T. ) ;
#541 = DIRECTION ( 'NONE',  ( -1.000000000000000000, 0.000000000000000000, 0.000000000000000000 ) ) ;
#542 = CARTESIAN_POINT ( 'NONE',  ( -27.02932570931053036, 5.339237565612673819, 995.9916601271909258 ) ) ;
#543 = EDGE_CURVE ( 'NONE', #95, #1580, #6507, .T. ) ;
#544 = CARTESIAN_POINT ( 'NONE',  ( -36.06771300448401263, 26.58626659614303378, 956.7212035758847151 ) ) ;
#545 = CIRCLE ( 'NONE', #2094, 1.000000000000013323 ) ;
#546 = AXIS2_PLACEMENT_3D ( 'NONE', #2758, #10192, #486 ) ;
#547 = ORIENTED_EDGE ( 'NONE', *, *, #2582, .T. ) ;
#548 = ORIENTED_EDGE ( 'NONE', *, *, #8230, .T. ) ;
#549 = CARTESIAN_POINT ( 'NONE',  ( -0.3477130044840029410, -10.47773340385700003, 1003.491660127191039 ) ) ;
#550 = VERTEX_POINT ( 'NONE', #2388 ) ;
#551 = ORIENTED_EDGE ( 'NONE', *, *, #2470, .F. ) ;
#552 = CARTESIAN_POINT ( 'NONE',  ( -26.06771293891691244, 43.02206294590788360, 997.4916601271909258 ) ) ;
#553 = ORIENTED_EDGE ( 'NONE', *, *, #3420, .F. ) ;
#554 = DIRECTION ( 'NONE',  ( 0.8449011766408759394, -0.5349224258814199162, 0.000000000000000000 ) ) ;
#555 = CARTESIAN_POINT ( 'NONE',  ( -29.81771300448400552, 38.02206337602792274, 999.7916601271908803 ) ) ;
#556 = AXIS2_PLACEMENT_3D ( 'NONE', #2635, #6674, #9060 ) ;
#557 = VECTOR ( 'NONE', #4019, 1000.000000000000000 ) ;
#558 = CARTESIAN_POINT ( 'NONE',  ( -26.06771300448399487, 44.52206294590788360, 1003.491660127191039 ) ) ;
#559 = CARTESIAN_POINT ( 'NONE',  ( -19.09549816965862234, -27.25791218717159836, 995.9916601271909258 ) ) ;
#560 = DIRECTION ( 'NONE',  ( -1.000000000000000000, 0.000000000000000000, 0.000000000000000000 ) ) ;
#561 = EDGE_CURVE ( 'NONE', #9388, #459, #6312, .T. ) ;
#562 = CARTESIAN_POINT ( 'NONE',  ( -18.77212349248702949, -28.38914100974223587, 1001.827394327589218 ) ) ;
#563 = ADVANCED_FACE ( 'NONE', ( #9621 ), #5514, .F. ) ;
#564 =( BOUNDED_CURVE ( )  B_SPLINE_CURVE ( 3, ( #7507, #8372, #126, #1804 ),
 .UNSPECIFIED., .F., .F. ) 
 B_SPLINE_CURVE_WITH_KNOTS ( ( 4, 4 ),
 ( 3.141592653589793116, 4.712388980384689674 ),
 .UNSPECIFIED. ) 
 CURVE ( )  GEOMETRIC_REPRESENTATION_ITEM ( )  RATIONAL_B_SPLINE_CURVE ( ( 1.000000000000000000, 0.8047378541243649375, 0.8047378541243649375, 1.000000000000000000 ) ) 
 REPRESENTATION_ITEM ( '' )  );
#565 = ORIENTED_EDGE ( 'NONE', *, *, #7366, .T. ) ;
#566 = VECTOR ( 'NONE', #974, 1000.000000000000114 ) ;
#567 = VECTOR ( 'NONE', #2210, 1000.000000000000000 ) ;
#568 = ORIENTED_EDGE ( 'NONE', *, *, #4576, .T. ) ;
#569 = ORIENTED_EDGE ( 'NONE', *, *, #4376, .F. ) ;
#570 = CARTESIAN_POINT ( 'NONE',  ( -20.51771300448400126, 3.357757825279103159, 995.9916601271909258 ) ) ;
#571 = DIRECTION ( 'NONE',  ( 1.000000000000000000, 0.000000000000000000, 0.000000000000000000 ) ) ;
#572 = VECTOR ( 'NONE', #9446, 1000.000000000000227 ) ;
#573 = DIRECTION ( 'NONE',  ( 0.7071067811866277308, 8.659560562355914004E-17, -0.7071067811864673036 ) ) ;
#574 = LINE ( 'NONE', #3852, #8297 ) ;
#575 = ORIENTED_EDGE ( 'NONE', *, *, #9622, .T. ) ;
#576 = FACE_OUTER_BOUND ( 'NONE', #5141, .T. ) ;
#577 = ORIENTED_EDGE ( 'NONE', *, *, #3480, .F. ) ;
#578 = DIRECTION ( 'NONE',  ( 0.8778659758202219665, 0.4789063880313245147, 0.000000000000000000 ) ) ;
#579 = EDGE_CURVE ( 'NONE', #3734, #749, #8878, .T. ) ;
#580 = ORIENTED_EDGE ( 'NONE', *, *, #7351, .F. ) ;
#581 = CARTESIAN_POINT ( 'NONE',  ( -32.06771300448400552, 38.02206337602792274, 1003.491660127191039 ) ) ;
#582 = LINE ( 'NONE', #9479, #4042 ) ;
#583 = PLANE ( 'NONE',  #9001 ) ;
#584 = CARTESIAN_POINT ( 'NONE',  ( -20.28448013117683146, -29.06636548199779924, 1001.343518005926967 ) ) ;
#585 = CARTESIAN_POINT ( 'NONE',  ( -25.28760285569395805, 26.72573877037309842, 983.7571459699911429 ) ) ;
#586 = DIRECTION ( 'NONE',  ( 0.000000000000000000, -1.000000000000000000, 0.000000000000000000 ) ) ;
#587 = DIRECTION ( 'NONE',  ( 0.000000000000000000, 1.000000000000000000, 0.000000000000000000 ) ) ;
#588 = LINE ( 'NONE', #7913, #8454 ) ;
#589 = EDGE_CURVE ( 'NONE', #929, #2390, #1480, .T. ) ;
#590 = EDGE_LOOP ( 'NONE', ( #86, #7286, #4815, #10117 ) ) ;
#591 = ORIENTED_EDGE ( 'NONE', *, *, #466, .T. ) ;
#592 = CARTESIAN_POINT ( 'NONE',  ( -17.66771300448388970, 44.52206368025920824, 997.4916601271909258 ) ) ;
#593 = EDGE_LOOP ( 'NONE', ( #704, #2643, #2804, #9590, #3948, #7952, #5312, #1645, #9875, #5498 ) ) ;
#594 = CARTESIAN_POINT ( 'NONE',  ( -1.632701854745769232, -13.54193316621400278, 1000.991660127190926 ) ) ;
#595 = DIRECTION ( 'NONE',  ( -0.9419090047030210799, 0.3358681688689243439, 0.000000000000000000 ) ) ;
#596 = DIRECTION ( 'NONE',  ( 1.000000000000000000, 0.000000000000000000, 0.000000000000000000 ) ) ;
#597 = CARTESIAN_POINT ( 'NONE',  ( -15.42828392810900340, 1.728801602467416210, 1000.993057123313633 ) ) ;
#598 = CARTESIAN_POINT ( 'NONE',  ( -9.667713004483893258, 43.92206330434124339, 987.4916601271910395 ) ) ;
#599 = CARTESIAN_POINT ( 'NONE',  ( -26.06255604221813371, -28.47679592001840021, 1002.693446631859388 ) ) ;
#600 = CARTESIAN_POINT ( 'NONE',  ( -19.33428324876304671, 25.24948002259737478, 988.0916604856245158 ) ) ;
#601 = ORIENTED_EDGE ( 'NONE', *, *, #6900, .F. ) ;
#602 = ORIENTED_EDGE ( 'NONE', *, *, #9853, .T. ) ;
#603 = CARTESIAN_POINT ( 'NONE',  ( -17.19736513873636241, 14.82819536793178905, 1002.221312261443131 ) ) ;
#604 = ADVANCED_FACE ( 'NONE', ( #8344, #4145, #848, #8292, #49 ), #5110, .T. ) ;
#605 = ORIENTED_EDGE ( 'NONE', *, *, #4691, .F. ) ;
#606 = DIRECTION ( 'NONE',  ( -0.000000000000000000, -0.000000000000000000, 1.000000000000000000 ) ) ;
#607 = EDGE_CURVE ( 'NONE', #3142, #5828, #5104, .T. ) ;
#608 = VECTOR ( 'NONE', #10376, 1000.000000000000000 ) ;
#609 = EDGE_LOOP ( 'NONE', ( #1622, #9986, #8371, #4543, #3747 ) ) ;
#610 = CARTESIAN_POINT ( 'NONE',  ( -22.26771300448400126, -12.47773340385700003, 997.9916601271909258 ) ) ;
#611 = DIRECTION ( 'NONE',  ( 0.000000000000000000, 0.000000000000000000, 1.000000000000000000 ) ) ;
#612 = ADVANCED_FACE ( 'NONE', ( #3446 ), #6578, .F. ) ;
#613 = DIRECTION ( 'NONE',  ( 0.000000000000000000, 0.000000000000000000, 1.000000000000000000 ) ) ;
#614 = CARTESIAN_POINT ( 'NONE',  ( -25.06244619668693829, -26.07218576757430029, 1001.313347722241360 ) ) ;
#615 = EDGE_CURVE ( 'NONE', #6701, #1245, #7758, .T. ) ;
#616 = CARTESIAN_POINT ( 'NONE',  ( -18.58870389085505437, -27.89884382815175456, 1002.748235952446407 ) ) ;
#617 = ORIENTED_EDGE ( 'NONE', *, *, #7068, .F. ) ;
#618 = ORIENTED_EDGE ( 'NONE', *, *, #8793, .T. ) ;
#619 = ORIENTED_EDGE ( 'NONE', *, *, #9418, .T. ) ;
#620 = DIRECTION ( 'NONE',  ( -1.000000000000000000, 0.000000000000000000, 0.000000000000000000 ) ) ;
#621 = CIRCLE ( 'NONE', #1993, 18.37999999999999545 ) ;
#622 = DIRECTION ( 'NONE',  ( -0.000000000000000000, -0.000000000000000000, 1.000000000000000000 ) ) ;
#623 = EDGE_CURVE ( 'NONE', #8909, #7283, #10079, .T. ) ;
#624 = CARTESIAN_POINT ( 'NONE',  ( -32.26771300448400126, 8.655756606077503079, 997.1916601271909713 ) ) ;
#625 = CARTESIAN_POINT ( 'NONE',  ( -26.00174718494416126, -27.99488232026857659, 1002.895356525875172 ) ) ;
#626 = ORIENTED_EDGE ( 'NONE', *, *, #5933, .T. ) ;
#627 = DIRECTION ( 'NONE',  ( 0.000000000000000000, 1.000000000000000000, 0.000000000000000000 ) ) ;
#628 = ORIENTED_EDGE ( 'NONE', *, *, #9583, .T. ) ;
#629 = VERTEX_POINT ( 'NONE', #9281 ) ;
#630 = DIRECTION ( 'NONE',  ( 0.000000000000000000, 0.000000000000000000, -1.000000000000000000 ) ) ;
#631 = FACE_OUTER_BOUND ( 'NONE', #10567, .T. ) ;
#632 = AXIS2_PLACEMENT_3D ( 'NONE', #5036, #7504, #8555 ) ;
#633 = CARTESIAN_POINT ( 'NONE',  ( -18.34405045315639171, -26.87968939658699341, 1001.350418881057749 ) ) ;
#634 = DIRECTION ( 'NONE',  ( 0.000000000000000000, 0.000000000000000000, -1.000000000000000000 ) ) ;
#635 = CARTESIAN_POINT ( 'NONE',  ( -19.59733469509566817, 25.95691536355900908, 988.2718057273981458 ) ) ;
#636 = VECTOR ( 'NONE', #5215, 1000.000000000000000 ) ;
#637 = EDGE_LOOP ( 'NONE', ( #1199, #9836, #8018, #7183 ) ) ;
#638 = ORIENTED_EDGE ( 'NONE', *, *, #9715, .T. ) ;
#639 = CARTESIAN_POINT ( 'NONE',  ( -18.15481985826431810, 18.59621601721052997, 1003.491660127191039 ) ) ;
#640 = CARTESIAN_POINT ( 'NONE',  ( -25.11771300448391386, 26.01981126762377983, 988.0916604856246295 ) ) ;
#641 = LINE ( 'NONE', #6459, #5097 ) ;
#642 = DIRECTION ( 'NONE',  ( -0.8449011766408753843, -0.5349224258814210264, 0.000000000000000000 ) ) ;
#643 = CARTESIAN_POINT ( 'NONE',  ( -18.96406845345597603, -28.95556378397230191, 1002.895356525875172 ) ) ;
#644 = VECTOR ( 'NONE', #7971, 1000.000000000000000 ) ;
#645 = DIRECTION ( 'NONE',  ( 1.000000000000000000, 0.000000000000000000, 0.000000000000000000 ) ) ;
#646 = EDGE_CURVE ( 'NONE', #6787, #2803, #1778, .T. ) ;
#647 = CARTESIAN_POINT ( 'NONE',  ( -26.61771300448399202, 44.52206366277465577, 988.9916601271910395 ) ) ;
#648 =( BOUNDED_CURVE ( )  B_SPLINE_CURVE ( 3, ( #8311, #6204, #7882, #328 ),
 .UNSPECIFIED., .F., .F. ) 
 B_SPLINE_CURVE_WITH_KNOTS ( ( 4, 4 ),
 ( 0.000000000000000000, 0.1186848778885466749 ),
 .UNSPECIFIED. ) 
 CURVE ( )  GEOMETRIC_REPRESENTATION_ITEM ( )  RATIONAL_B_SPLINE_CURVE ( ( 1.000000000000000000, 0.9988265027490245140, 0.9988265027490245140, 1.000000000000000000 ) ) 
 REPRESENTATION_ITEM ( '' )  );
#649 = VERTEX_POINT ( 'NONE', #9124 ) ;
#650 = CARTESIAN_POINT ( 'NONE',  ( -17.26771300448399415, 14.03997960477443208, 1002.291660127190767 ) ) ;
#651 = ORIENTED_EDGE ( 'NONE', *, *, #10555, .T. ) ;
#652 = VECTOR ( 'NONE', #6697, 1000.000000000000000 ) ;
#653 = ORIENTED_EDGE ( 'NONE', *, *, #1396, .T. ) ;
#654 = DIRECTION ( 'NONE',  ( 0.000000000000000000, 0.7071067811865638930, -0.7071067811865312525 ) ) ;
#655 = ORIENTED_EDGE ( 'NONE', *, *, #1304, .F. ) ;
#656 = DIRECTION ( 'NONE',  ( -6.383782391594653066E-16, -0.8660254037844383745, 0.5000000000000003331 ) ) ;
#657 = DIRECTION ( 'NONE',  ( -1.000000000000000000, 0.000000000000000000, 0.000000000000000000 ) ) ;
#658 = CARTESIAN_POINT ( 'NONE',  ( -44.18771300448400297, -10.47773340385700003, 1003.391660127191017 ) ) ;
#659 = DIRECTION ( 'NONE',  ( 1.060879779086264814E-15, -0.8660254037844384856, 0.5000000000000003331 ) ) ;
#660 = CIRCLE ( 'NONE', #1690, 1.750000000000015543 ) ;
#661 = CARTESIAN_POINT ( 'NONE',  ( -22.54459900273282713, 27.87763974395369715, 990.0778207250943979 ) ) ;
#662 = EDGE_LOOP ( 'NONE', ( #8435, #8773, #9440, #1989 ) ) ;
#663 = ORIENTED_EDGE ( 'NONE', *, *, #9777, .F. ) ;
#664 = EDGE_CURVE ( 'NONE', #4955, #3777, #42, .T. ) ;
#665 = CARTESIAN_POINT ( 'NONE',  ( -22.26771300448399771, 23.82355419201191538, 988.9916601271910395 ) ) ;
#666 = EDGE_CURVE ( 'NONE', #9085, #5640, #3288, .T. ) ;
#667 = DIRECTION ( 'NONE',  ( 0.000000000000000000, 0.000000000000000000, -1.000000000000000000 ) ) ;
#668 = ADVANCED_FACE ( 'NONE', ( #2645 ), #5817, .F. ) ;
#669 = EDGE_CURVE ( 'NONE', #4279, #2241, #101, .T. ) ;
#670 = DIRECTION ( 'NONE',  ( 0.000000000000000000, -1.000000000000000000, 0.000000000000000000 ) ) ;
#671 = LINE ( 'NONE', #3904, #885 ) ;
#672 = CIRCLE ( 'NONE', #3773, 5.357202764272983586 ) ;
#673 = EDGE_LOOP ( 'NONE', ( #152, #10222, #953, #2062 ) ) ;
#674 = DIRECTION ( 'NONE',  ( -0.000000000000000000, -0.000000000000000000, -1.000000000000000000 ) ) ;
#675 = ORIENTED_EDGE ( 'NONE', *, *, #1328, .F. ) ;
#676 = EDGE_CURVE ( 'NONE', #9537, #7425, #10028, .T. ) ;
#677 = EDGE_LOOP ( 'NONE', ( #7535, #8771, #1526, #4362, #4555, #1567, #7762, #5454 ) ) ;
#678 = ORIENTED_EDGE ( 'NONE', *, *, #4195, .F. ) ;
#679 = DIRECTION ( 'NONE',  ( -0.8449011766408753843, -0.5349224258814210264, 0.000000000000000000 ) ) ;
#680 = DIRECTION ( 'NONE',  ( -0.000000000000000000, -1.000000000000000000, 0.000000000000000000 ) ) ;
#681 = DIRECTION ( 'NONE',  ( 0.000000000000000000, -0.000000000000000000, -1.000000000000000000 ) ) ;
#682 = FACE_OUTER_BOUND ( 'NONE', #164, .T. ) ;
#683 = CARTESIAN_POINT ( 'NONE',  ( -18.47271387495076311, -27.29356593300765965, 1001.589870234124191 ) ) ;
#684 = DIRECTION ( 'NONE',  ( -0.000000000000000000, -0.000000000000000000, -1.000000000000000000 ) ) ;
#685 = EDGE_CURVE ( 'NONE', #4432, #4279, #5922, .T. ) ;
#686 = CARTESIAN_POINT ( 'NONE',  ( -25.76491322853053134, -28.38667228841870127, 1001.827793057350732 ) ) ;
#687 = EDGE_LOOP ( 'NONE', ( #4528, #1045, #10288, #3338, #2776 ) ) ;
#688 = DIRECTION ( 'NONE',  ( -0.5537204951811559583, -0.8327025958986410403, 0.000000000000000000 ) ) ;
#689 = PRODUCT ( 'NH36_Umb Support Rev3_full', 'NH36_Umb Support Rev3_full', '', ( #2929 ) ) ;
#690 = CARTESIAN_POINT ( 'NONE',  ( -9.667713004484090433, 30.57414358537394250, 1016.641658718408394 ) ) ;
#691 = CARTESIAN_POINT ( 'NONE',  ( -19.31571506065739641, 26.14333870098363732, 984.5036098845970400 ) ) ;
#692 = LINE ( 'NONE', #10400, #7574 ) ;
#693 = DIRECTION ( 'NONE',  ( -1.000000000000000000, 0.000000000000000000, 0.000000000000000000 ) ) ;
#694 = VECTOR ( 'NONE', #9325, 1000.000000000000000 ) ;
#695 = CARTESIAN_POINT ( 'NONE',  ( -18.47297981228106778, -28.19899896937251427, 1003.105828522055731 ) ) ;
#696 = FACE_OUTER_BOUND ( 'NONE', #7831, .T. ) ;
#697 = CARTESIAN_POINT ( 'NONE',  ( -18.52015926530464185, -27.57395293466639785, 1001.829902141322577 ) ) ;
#698 = EDGE_LOOP ( 'NONE', ( #2385, #1707, #1620, #9632 ) ) ;
#699 = DIRECTION ( 'NONE',  ( -0.000000000000000000, -0.000000000000000000, -1.000000000000000000 ) ) ;
#700 = ORIENTED_EDGE ( 'NONE', *, *, #8028, .T. ) ;
#701 = VECTOR ( 'NONE', #5893, 1000.000000000000000 ) ;
#702 = ORIENTED_EDGE ( 'NONE', *, *, #7001, .T. ) ;
#703 = LINE ( 'NONE', #6473, #3733 ) ;
#704 = ORIENTED_EDGE ( 'NONE', *, *, #1290, .T. ) ;
#705 = CARTESIAN_POINT ( 'NONE',  ( -32.06771300448400552, 29.52206337602792630, 997.9916601271910395 ) ) ;
#706 = CARTESIAN_POINT ( 'NONE',  ( -23.26139116540354479, 7.114941295771398444, 1000.991660127190926 ) ) ;
#707 = CARTESIAN_POINT ( 'NONE',  ( -32.06771300448400552, 38.02206337602792274, 1000.991660127190926 ) ) ;
#708 = LINE ( 'NONE', #4761, #4492 ) ;
#709 = AXIS2_PLACEMENT_3D ( 'NONE', #8940, #9740, #2355 ) ;
#710 = VECTOR ( 'NONE', #7225, 1000.000000000000000 ) ;
#711 =( BOUNDED_CURVE ( )  B_SPLINE_CURVE ( 3, ( #4574, #7856, #1502, #3067 ),
 .UNSPECIFIED., .F., .F. ) 
 B_SPLINE_CURVE_WITH_KNOTS ( ( 4, 4 ),
 ( 0.8294703209069549388, 1.570796326794895004 ),
 .UNSPECIFIED. ) 
 CURVE ( )  GEOMETRIC_REPRESENTATION_ITEM ( )  RATIONAL_B_SPLINE_CURVE ( ( 1.000000000000000000, 0.9547249257431399405, 0.9547249257431399405, 1.000000000000000000 ) ) 
 REPRESENTATION_ITEM ( '' )  );
#712 = ORIENTED_EDGE ( 'NONE', *, *, #400, .T. ) ;
#713 = EDGE_LOOP ( 'NONE', ( #4204, #8426, #4578, #254, #6699, #1363 ) ) ;
#714 = ADVANCED_FACE ( 'NONE', ( #5058 ), #4099, .F. ) ;
#715 = CIRCLE ( 'NONE', #192, 3.000000000000050182 ) ;
#716 = AXIS2_PLACEMENT_3D ( 'NONE', #2731, #10166, #6010 ) ;
#717 = CARTESIAN_POINT ( 'NONE',  ( -24.01771300448400126, 2.557757825279101116, 995.9916601271909258 ) ) ;
#718 = CARTESIAN_POINT ( 'NONE',  ( -19.71771300448400055, 2.557757825279101116, 1003.491660127191039 ) ) ;
#719 = LINE ( 'NONE', #2139, #9742 ) ;
#720 = CARTESIAN_POINT ( 'NONE',  ( -22.26771300448400126, -12.47773340385700003, 1000.991660127190926 ) ) ;
#721 = AXIS2_PLACEMENT_3D ( 'NONE', #9681, #3198, #6525 ) ;
#722 = VECTOR ( 'NONE', #9386, 1000.000000000000000 ) ;
#723 = ORIENTED_EDGE ( 'NONE', *, *, #7693, .F. ) ;
#724 = B_SPLINE_CURVE_WITH_KNOTS ( 'NONE', 3,
 ( #9782, #4758, #2392, #10360 ),
 .UNSPECIFIED., .F., .F.,
 ( 4, 4 ),
 ( 0.000000000000000000, 0.0004749250657431865132 ),
 .UNSPECIFIED. ) ;
#725 = ORIENTED_EDGE ( 'NONE', *, *, #5315, .F. ) ;
#726 = ORIENTED_EDGE ( 'NONE', *, *, #1762, .T. ) ;
#727 = EDGE_CURVE ( 'NONE', #5840, #3299, #1009, .T. ) ;
#728 = LINE ( 'NONE', #7304, #1155 ) ;
#729 = LINE ( 'NONE', #5644, #4903 ) ;
#730 = AXIS2_PLACEMENT_3D ( 'NONE', #9432, #10333, #1164 ) ;
#731 = AXIS2_PLACEMENT_3D ( 'NONE', #1343, #8740, #2155 ) ;
#732 = DIRECTION ( 'NONE',  ( 1.000000000000000000, 0.000000000000000000, 0.000000000000000000 ) ) ;
#733 = ADVANCED_FACE ( 'NONE', ( #6186 ), #1938, .T. ) ;
#734 = FACE_OUTER_BOUND ( 'NONE', #7209, .T. ) ;
#735 = CARTESIAN_POINT ( 'NONE',  ( 3.768501019818081943, -8.817954100001355044, 998.5327797521496223 ) ) ;
#736 = EDGE_CURVE ( 'NONE', #5193, #6897, #1231, .T. ) ;
#737 = AXIS2_PLACEMENT_3D ( 'NONE', #2244, #5479, #8891 ) ;
#738 = CARTESIAN_POINT ( 'NONE',  ( -34.26771300448390178, 30.41657034268903814, 1016.641658718408394 ) ) ;
#739 = ORIENTED_EDGE ( 'NONE', *, *, #7640, .T. ) ;
#740 = PLANE ( 'NONE',  #5800 ) ;
#741 = CARTESIAN_POINT ( 'NONE',  ( -24.97500702626071600, 43.58220346864270311, 990.6343661053763299 ) ) ;
#742 = DIRECTION ( 'NONE',  ( 0.000000000000000000, 0.000000000000000000, -1.000000000000000000 ) ) ;
#743 = CARTESIAN_POINT ( 'NONE',  ( -19.07297981228107275, -27.55019483477169828, 1001.829498419228003 ) ) ;
#744 = LINE ( 'NONE', #4697, #7441 ) ;
#745 = CARTESIAN_POINT ( 'NONE',  ( -19.59733469509566817, 25.95691536355900908, 988.2718057273981458 ) ) ;
#746 = EDGE_CURVE ( 'NONE', #9046, #6701, #2879, .T. ) ;
#747 = LINE ( 'NONE', #9722, #9173 ) ;
#748 = FACE_OUTER_BOUND ( 'NONE', #10461, .T. ) ;
#749 = VERTEX_POINT ( 'NONE', #6845 ) ;
#750 = CARTESIAN_POINT ( 'NONE',  ( -24.46771282526730218, 26.05339869864173608, 983.4916601271910395 ) ) ;
#751 = VERTEX_POINT ( 'NONE', #6956 ) ;
#752 = EDGE_LOOP ( 'NONE', ( #9918, #1091 ) ) ;
#753 = CARTESIAN_POINT ( 'NONE',  ( -31.55271612270245996, 3.384585603685552613, 996.8725347757896316 ) ) ;
#754 = ORIENTED_EDGE ( 'NONE', *, *, #3952, .T. ) ;
#755 = CYLINDRICAL_SURFACE ( 'NONE', #2690, 5.000000000000001776 ) ;
#756 = CARTESIAN_POINT ( 'NONE',  ( -26.01225393325705326, -28.64286150515524909, 1002.895356522112820 ) ) ;
#757 = DIRECTION ( 'NONE',  ( 0.000000000000000000, 0.000000000000000000, -1.000000000000000000 ) ) ;
#758 = DIRECTION ( 'NONE',  ( -0.9219182708085965627, -0.1936922184480197595, -0.3354847633827384157 ) ) ;
#759 = VECTOR ( 'NONE', #2457, 1000.000000000000000 ) ;
#760 = ORIENTED_EDGE ( 'NONE', *, *, #615, .T. ) ;
#761 = ORIENTED_EDGE ( 'NONE', *, *, #3509, .F. ) ;
#762 = LINE ( 'NONE', #2199, #5306 ) ;
#763 = ORIENTED_EDGE ( 'NONE', *, *, #1128, .T. ) ;
#764 = DIRECTION ( 'NONE',  ( 1.000000000000000000, 0.000000000000000000, 0.000000000000000000 ) ) ;
#765 = DIRECTION ( 'NONE',  ( -0.7071067811866308395, 0.000000000000000000, -0.7071067811864643060 ) ) ;
#766 = CARTESIAN_POINT ( 'NONE',  ( -25.21787461532875341, 26.05339869864174318, 984.7652643814981275 ) ) ;
#767 = COLOUR_RGB ( '',0.7921568627450980005, 0.8196078431372548767, 0.9333333333333333481 ) ;
#768 = FACE_OUTER_BOUND ( 'NONE', #5092, .T. ) ;
#769 = CARTESIAN_POINT ( 'NONE',  ( -24.14271300448400126, -28.76499943599120002, 999.8987864407445159 ) ) ;
#770 = ADVANCED_FACE ( 'NONE', ( #2806 ), #7864, .T. ) ;
#771 = EDGE_LOOP ( 'NONE', ( #8829, #5763, #3722 ) ) ;
#772 = DIRECTION ( 'NONE',  ( -0.5754197599888606351, -0.5811920505554150074, -0.5754197599887875825 ) ) ;
#773 = VERTEX_POINT ( 'NONE', #3603 ) ;
#774 = AXIS2_PLACEMENT_3D ( 'NONE', #4393, #2781, #4341 ) ;
#775 = CYLINDRICAL_SURFACE ( 'NONE', #7886, 1.650000000000000355 ) ;
#776 = CARTESIAN_POINT ( 'NONE',  ( -33.71771300448400410, 29.52206337602792630, 995.9916601271909258 ) ) ;
#777 = CARTESIAN_POINT ( 'NONE',  ( -29.48083052624189548, 31.34992323136086867, 1003.491660127191039 ) ) ;
#778 = DIRECTION ( 'NONE',  ( 0.000000000000000000, 0.000000000000000000, 1.000000000000000000 ) ) ;
#779 = VECTOR ( 'NONE', #865, 999.9999999999998863 ) ;
#780 = EDGE_CURVE ( 'NONE', #1917, #316, #8516, .T. ) ;
#781 = DIRECTION ( 'NONE',  ( -1.000000000000000000, 0.000000000000000000, 0.000000000000000000 ) ) ;
#782 = ORIENTED_EDGE ( 'NONE', *, *, #9051, .F. ) ;
#783 = CARTESIAN_POINT ( 'NONE',  ( -25.49564391872996794, 27.07445577579002105, 983.5787746764409576 ) ) ;
#784 = ADVANCED_FACE ( 'NONE', ( #6896 ), #3710, .T. ) ;
#785 = PLANE ( 'NONE',  #9855 ) ;
#786 = CARTESIAN_POINT ( 'NONE',  ( -20.06771276321577702, 26.05339863659027699, 985.3099940018448706 ) ) ;
#787 = ADVANCED_FACE ( 'NONE', ( #2964 ), #1174, .T. ) ;
#788 = LINE ( 'NONE', #1560, #8981 ) ;
#789 = DIRECTION ( 'NONE',  ( -0.8778659758202218555, -0.4789063880313244592, 0.000000000000000000 ) ) ;
#790 = CARTESIAN_POINT ( 'NONE',  ( -30.19664519261851154, 20.71519878427751493, 997.1916601271908576 ) ) ;
#791 = EDGE_CURVE ( 'NONE', #9206, #6041, #6243, .T. ) ;
#792 = DIRECTION ( 'NONE',  ( 0.7071067811865474617, -0.7071067811865474617, 0.000000000000000000 ) ) ;
#793 = AXIS2_PLACEMENT_3D ( 'NONE', #1313, #2990, #7997 ) ;
#794 = CARTESIAN_POINT ( 'NONE',  ( -15.81965170120199993, 26.01981126762380825, 990.4916601271910395 ) ) ;
#795 = VERTEX_POINT ( 'NONE', #4579 ) ;
#796 = ORIENTED_EDGE ( 'NONE', *, *, #400, .F. ) ;
#797 = VERTEX_POINT ( 'NONE', #2105 ) ;
#798 = ORIENTED_EDGE ( 'NONE', *, *, #160, .T. ) ;
#799 = ORIENTED_EDGE ( 'NONE', *, *, #6791, .T. ) ;
#800 = CARTESIAN_POINT ( 'NONE',  ( -30.11795385680410675, 30.41657034268903459, 1016.641658718408394 ) ) ;
#801 = ADVANCED_FACE ( 'NONE', ( #6082 ), #9392, .F. ) ;
#802 = ORIENTED_EDGE ( 'NONE', *, *, #7682, .F. ) ;
#803 = FACE_OUTER_BOUND ( 'NONE', #4157, .T. ) ;
#804 = CONICAL_SURFACE ( 'NONE', #1335, 14.88000000000000078, 0.7853981633974476129 ) ;
#805 = CARTESIAN_POINT ( 'NONE',  ( -26.10035167247650278, -27.58225733130899826, 1001.815518504411557 ) ) ;
#806 = FACE_OUTER_BOUND ( 'NONE', #4080, .T. ) ;
#807 = LINE ( 'NONE', #159, #3810 ) ;
#808 = LINE ( 'NONE', #9188, #6505 ) ;
#809 = AXIS2_PLACEMENT_3D ( 'NONE', #5686, #1755, #6608 ) ;
#810 = VERTEX_POINT ( 'NONE', #1883 ) ;
#811 = DIRECTION ( 'NONE',  ( -0.7089639357739412340, -0.7052447360823922429, 0.000000000000000000 ) ) ;
#812 = ORIENTED_EDGE ( 'NONE', *, *, #1982, .F. ) ;
#813 = DIRECTION ( 'NONE',  ( -1.000000000000000000, 0.000000000000000000, 0.000000000000000000 ) ) ;
#814 = ORIENTED_EDGE ( 'NONE', *, *, #10220, .F. ) ;
#815 = DIRECTION ( 'NONE',  ( 0.000000000000000000, 1.000000000000000000, 0.000000000000000000 ) ) ;
#816 = DIRECTION ( 'NONE',  ( -0.7071067811865473507, -0.7071067811865477948, 0.000000000000000000 ) ) ;
#817 = EDGE_CURVE ( 'NONE', #7494, #9348, #7692, .T. ) ;
#818 = CARTESIAN_POINT ( 'NONE',  ( -17.26771300448400126, 2.842353825779700305, 997.1916601271909713 ) ) ;
#819 = AXIS2_PLACEMENT_3D ( 'NONE', #3971, #10336, #1345 ) ;
#820 = FACE_OUTER_BOUND ( 'NONE', #6751, .T. ) ;
#821 = FACE_OUTER_BOUND ( 'NONE', #1037, .T. ) ;
#822 = ORIENTED_EDGE ( 'NONE', *, *, #3101, .T. ) ;
#823 = CARTESIAN_POINT ( 'NONE',  ( -15.12629732687106099, 19.82819536793157766, 997.2620079929384929 ) ) ;
#824 = ORIENTED_EDGE ( 'NONE', *, *, #6861, .T. ) ;
#825 = ORIENTED_EDGE ( 'NONE', *, *, #2052, .T. ) ;
#826 = FACE_OUTER_BOUND ( 'NONE', #3736, .T. ) ;
#827 = CARTESIAN_POINT ( 'NONE',  ( -20.87271300448400169, -27.93447923985580061, 999.3150930745068763 ) ) ;
#828 =( BOUNDED_CURVE ( )  B_SPLINE_CURVE ( 3, ( #9412, #1259, #2936, #4604 ),
 .UNSPECIFIED., .F., .T. ) 
 B_SPLINE_CURVE_WITH_KNOTS ( ( 4, 4 ),
 ( 4.712388980384689674, 5.453714986272630405 ),
 .UNSPECIFIED. ) 
 CURVE ( )  GEOMETRIC_REPRESENTATION_ITEM ( )  RATIONAL_B_SPLINE_CURVE ( ( 1.000000000000000000, 0.9547249257431389413, 0.9547249257431389413, 1.000000000000000000 ) ) 
 REPRESENTATION_ITEM ( '' )  );
#829 = ADVANCED_FACE ( 'NONE', ( #5386 ), #4469, .T. ) ;
#830 = PLANE ( 'NONE',  #7452 ) ;
#831 = CARTESIAN_POINT ( 'NONE',  ( -34.62629128981339477, 27.26616573193332016, 983.4916601271910395 ) ) ;
#832 = CARTESIAN_POINT ( 'NONE',  ( -19.33428324876305737, 25.24948002259738544, 988.9916601271910395 ) ) ;
#833 = EDGE_CURVE ( 'NONE', #6787, #7696, #4476, .T. ) ;
#834 = ORIENTED_EDGE ( 'NONE', *, *, #4233, .T. ) ;
#835 = LINE ( 'NONE', #6725, #8934 ) ;
#836 = CARTESIAN_POINT ( 'NONE',  ( -22.26771300448399771, 23.82355419201191538, 987.4916601271910395 ) ) ;
#837 = LINE ( 'NONE', #4993, #8753 ) ;
#838 = CARTESIAN_POINT ( 'NONE',  ( 0.000000000000000000, 44.42206330434124339, 987.2916601271911077 ) ) ;
#839 = CARTESIAN_POINT ( 'NONE',  ( -26.41637775859728166, -26.65622594658920264, 1001.924689976861487 ) ) ;
#840 = CARTESIAN_POINT ( 'NONE',  ( -12.46771300448399344, 29.47981022745160828, 997.9916601271910395 ) ) ;
#841 = PLANE ( 'NONE',  #1533 ) ;
#842 = ADVANCED_FACE ( 'NONE', ( #7063 ), #5166, .T. ) ;
#843 = ORIENTED_EDGE ( 'NONE', *, *, #458, .F. ) ;
#844 = ORIENTED_EDGE ( 'NONE', *, *, #6012, .T. ) ;
#845 = ADVANCED_FACE ( 'NONE', ( #3555 ), #474, .T. ) ;
#846 = EDGE_LOOP ( 'NONE', ( #626, #2412, #6480 ) ) ;
#847 = VERTEX_POINT ( 'NONE', #8020 ) ;
#848 = FACE_BOUND ( 'NONE', #5923, .T. ) ;
#849 = ADVANCED_FACE ( 'NONE', ( #5651 ), #8960, .T. ) ;
#850 = EDGE_LOOP ( 'NONE', ( #10487, #5111, #9126, #761 ) ) ;
#851 = VECTOR ( 'NONE', #5433, 1000.000000000000000 ) ;
#852 = CARTESIAN_POINT ( 'NONE',  ( -16.97831326410196695, 16.66518068959691234, 997.4810598675729807 ) ) ;
#853 = DIRECTION ( 'NONE',  ( 0.000000000000000000, 0.000000000000000000, -1.000000000000000000 ) ) ;
#854 = CARTESIAN_POINT ( 'NONE',  ( -18.77181198530691120, -28.38657655506229816, 1001.826262004304112 ) ) ;
#855 = FACE_OUTER_BOUND ( 'NONE', #3513, .T. ) ;
#856 = CARTESIAN_POINT ( 'NONE',  ( -14.33162674035339457, 30.57414358537394250, 1003.491660127191039 ) ) ;
#857 = CIRCLE ( 'NONE', #9832, 2.700000000000035705 ) ;
#858 = EDGE_CURVE ( 'NONE', #8920, #5620, #5441, .T. ) ;
#859 = ORIENTED_EDGE ( 'NONE', *, *, #3758, .T. ) ;
#860 = CARTESIAN_POINT ( 'NONE',  ( -33.91771300448403537, 29.52206337602792630, 987.4916601271910395 ) ) ;
#861 = ORIENTED_EDGE ( 'NONE', *, *, #1467, .T. ) ;
#862 = CARTESIAN_POINT ( 'NONE',  ( -23.37790438784838898, 27.25964124724424664, 989.1934711868389059 ) ) ;
#863 = ORIENTED_EDGE ( 'NONE', *, *, #199, .F. ) ;
#864 = ORIENTED_EDGE ( 'NONE', *, *, #7208, .F. ) ;
#865 = DIRECTION ( 'NONE',  ( 0.7071067811865462405, -0.7071067811865489050, 0.000000000000000000 ) ) ;
#866 = CARTESIAN_POINT ( 'NONE',  ( -29.65392402543774963, 20.13927635356381174, 997.2151369657789246 ) ) ;
#867 = AXIS2_PLACEMENT_3D ( 'NONE', #6760, #5189, #6813 ) ;
#868 = FACE_OUTER_BOUND ( 'NONE', #8957, .T. ) ;
#869 = DIRECTION ( 'NONE',  ( -0.7071067811865475727, 0.000000000000000000, -0.7071067811865475727 ) ) ;
#870 = EDGE_CURVE ( 'NONE', #10143, #4955, #4840, .T. ) ;
#871 = CARTESIAN_POINT ( 'NONE',  ( -9.667713004483893258, 44.52206366277465577, 995.9916601271909258 ) ) ;
#872 = CARTESIAN_POINT ( 'NONE',  ( -18.52354784666454535, -28.01682842008649033, 1002.895356525875172 ) ) ;
#873 = ADVANCED_FACE ( 'NONE', ( #6456 ), #2022, .F. ) ;
#874 = CARTESIAN_POINT ( 'NONE',  ( -20.51771300448400126, 7.057757825279101560, 995.9916601271909258 ) ) ;
#875 = ORIENTED_EDGE ( 'NONE', *, *, #2853, .T. ) ;
#876 = CARTESIAN_POINT ( 'NONE',  ( -46.60862144250199890, -6.984639884534449727, 997.9916601271909258 ) ) ;
#877 = AXIS2_PLACEMENT_3D ( 'NONE', #7009, #1176, #7752 ) ;
#878 = AXIS2_PLACEMENT_3D ( 'NONE', #2275, #5561, #3929 ) ;
#879 = VERTEX_POINT ( 'NONE', #9714 ) ;
#880 = ORIENTED_EDGE ( 'NONE', *, *, #5487, .F. ) ;
#881 = CARTESIAN_POINT ( 'NONE',  ( -14.76771300448400126, -29.25791218717159481, 997.9916601271909258 ) ) ;
#882 = DIRECTION ( 'NONE',  ( -0.000000000000000000, 0.000000000000000000, 1.000000000000000000 ) ) ;
#883 = AXIS2_PLACEMENT_3D ( 'NONE', #119, #2715, #1025 ) ;
#884 = DIRECTION ( 'NONE',  ( -0.000000000000000000, -0.000000000000000000, -1.000000000000000000 ) ) ;
#885 = VECTOR ( 'NONE', #4724, 1000.000000000000000 ) ;
#886 = LINE ( 'NONE', #3374, #8648 ) ;
#887 =( BOUNDED_CURVE ( )  B_SPLINE_CURVE ( 3, ( #4487, #2927, #5350, #1193 ),
 .UNSPECIFIED., .F., .F. ) 
 B_SPLINE_CURVE_WITH_KNOTS ( ( 4, 4 ),
 ( 3.022907775701225042, 3.141592653589793116 ),
 .UNSPECIFIED. ) 
 CURVE ( )  GEOMETRIC_REPRESENTATION_ITEM ( )  RATIONAL_B_SPLINE_CURVE ( ( 1.000000000000000000, 0.9988265027490240699, 0.9988265027490240699, 1.000000000000000000 ) ) 
 REPRESENTATION_ITEM ( '' )  );
#888 = CARTESIAN_POINT ( 'NONE',  ( -13.27543815452638221, 23.47559772094820119, 990.4916601271910395 ) ) ;
#889 = VECTOR ( 'NONE', #1030, 1000.000000000000000 ) ;
#890 = ORIENTED_EDGE ( 'NONE', *, *, #6696, .T. ) ;
#891 = CARTESIAN_POINT ( 'NONE',  ( -26.96613591547981414, -26.31400313532350665, 1001.024044251205510 ) ) ;
#892 = CARTESIAN_POINT ( 'NONE',  ( -32.06771300448400552, 39.67206337602792132, 1013.641658718408507 ) ) ;
#893 = DIRECTION ( 'NONE',  ( -0.5773502691896791328, 0.5773502691896791328, 0.5773502691895189276 ) ) ;
#894 = CARTESIAN_POINT ( 'NONE',  ( -19.07297981228107275, -27.15791218717140154, 1001.511275369461487 ) ) ;
#895 = CARTESIAN_POINT ( 'NONE',  ( -17.66771287334972484, 43.02206368025922956, 995.9916601271909258 ) ) ;
#896 = CARTESIAN_POINT ( 'NONE',  ( -33.71771300448400410, 29.52206337602792630, 987.6916601271909713 ) ) ;
#897 = EDGE_CURVE ( 'NONE', #2411, #5959, #1460, .T. ) ;
#898 = DIRECTION ( 'NONE',  ( 1.060879779086264814E-15, -0.8660254037844383745, 0.5000000000000003331 ) ) ;
#899 = ORIENTED_EDGE ( 'NONE', *, *, #5739, .F. ) ;
#900 = ORIENTED_EDGE ( 'NONE', *, *, #4502, .T. ) ;
#901 = EDGE_LOOP ( 'NONE', ( #2321, #4562, #9644, #9786 ) ) ;
#902 = VERTEX_POINT ( 'NONE', #9761 ) ;
#903 = ORIENTED_EDGE ( 'NONE', *, *, #3913, .F. ) ;
#904 = CARTESIAN_POINT ( 'NONE',  ( -28.61214267413475199, -24.25791218717159836, 995.9916601271909258 ) ) ;
#905 = EDGE_LOOP ( 'NONE', ( #3791, #190, #378, #4738 ) ) ;
#906 = CARTESIAN_POINT ( 'NONE',  ( -18.84806216658997968, -28.91640662049459820, 1002.634249767752522 ) ) ;
#907 = DIRECTION ( 'NONE',  ( -1.000000000000000000, 0.000000000000000000, 0.000000000000000000 ) ) ;
#908 = DIRECTION ( 'NONE',  ( -1.000000000000000000, 1.998734807799173645E-14, 0.000000000000000000 ) ) ;
#909 = CARTESIAN_POINT ( 'NONE',  ( -23.66271300448400083, -28.26499943599120002, 1000.764811844528936 ) ) ;
#910 = EDGE_CURVE ( 'NONE', #1722, #1537, #9091, .T. ) ;
#911 = FACE_BOUND ( 'NONE', #8375, .T. ) ;
#912 = ADVANCED_FACE ( 'NONE', ( #533 ), #740, .T. ) ;
#913 = VERTEX_POINT ( 'NONE', #3816 ) ;
#914 = CARTESIAN_POINT ( 'NONE',  ( -27.51795447798598460, 37.53953660251080038, 1013.641658718408507 ) ) ;
#915 = ORIENTED_EDGE ( 'NONE', *, *, #6528, .F. ) ;
#916 = CARTESIAN_POINT ( 'NONE',  ( -25.14016860622203708, 25.60760767308919839, 991.1542045942769619 ) ) ;
#917 = EDGE_LOOP ( 'NONE', ( #3472, #5360, #2938 ) ) ;
#919 = ADVANCED_FACE ( 'NONE', ( #6297 ), #5555, .F. ) ;
#918 = VERTEX_POINT ( 'NONE', #5501 ) ;
#920 = CARTESIAN_POINT ( 'NONE',  ( -24.18984759304163035, 26.83327285267053242, 988.1224487172053159 ) ) ;
#921 = DIRECTION ( 'NONE',  ( 0.000000000000000000, 0.000000000000000000, -1.000000000000000000 ) ) ;
#922 = CARTESIAN_POINT ( 'NONE',  ( -26.06233344078498604, -27.57867514054694880, 1001.821885795751314 ) ) ;
#923 = EDGE_CURVE ( 'NONE', #1189, #4966, #9606, .T. ) ;
#924 = DIRECTION ( 'NONE',  ( -0.7071067811865464625, 0.7071067811865486830, 0.000000000000000000 ) ) ;
#925 = DIRECTION ( 'NONE',  ( 0.000000000000000000, 0.000000000000000000, -1.000000000000000000 ) ) ;
#926 = CARTESIAN_POINT ( 'NONE',  ( -34.44344868232150958, 27.50758719315331646, 987.4916601271910395 ) ) ;
#927 = LINE ( 'NONE', #9844, #10022 ) ;
#928 = CARTESIAN_POINT ( 'NONE',  ( -26.06771300448400197, 8.655756606077503079, 995.9916601271909258 ) ) ;
#929 = VERTEX_POINT ( 'NONE', #3973 ) ;
#930 = EDGE_CURVE ( 'NONE', #6767, #8744, #9376, .T. ) ;
#931 = DIRECTION ( 'NONE',  ( 0.000000000000000000, 0.000000000000000000, -1.000000000000000000 ) ) ;
#932 = ORIENTED_EDGE ( 'NONE', *, *, #4991, .T. ) ;
#933 = ORIENTED_EDGE ( 'NONE', *, *, #1921, .F. ) ;
#934 = CARTESIAN_POINT ( 'NONE',  ( -27.82932033136265204, 32.13992645464382747, 983.7916601271909940 ) ) ;
#935 = EDGE_CURVE ( 'NONE', #10108, #9532, #4690, .T. ) ;
#936 = CARTESIAN_POINT ( 'NONE',  ( -10.81771300448399309, 29.47981022745160828, 987.6916601271909713 ) ) ;
#937 = VECTOR ( 'NONE', #2770, 1000.000000000000000 ) ;
#938 = CARTESIAN_POINT ( 'NONE',  ( 0.000000000000000000, 44.42206330434124339, 986.3916604856245840 ) ) ;
#939 = LINE ( 'NONE', #6667, #10533 ) ;
#940 = AXIS2_PLACEMENT_3D ( 'NONE', #7051, #5430, #7958 ) ;
#941 = APPLICATION_CONTEXT ( 'automotive_design' ) ;
#942 = CARTESIAN_POINT ( 'NONE',  ( -21.15752162111956380, 27.25964124724425020, 989.1934711868391332 ) ) ;
#943 = ORIENTED_EDGE ( 'NONE', *, *, #10027, .T. ) ;
#944 = CARTESIAN_POINT ( 'NONE',  ( -25.74639441069284373, 27.46386537113131254, 983.4916601271910395 ) ) ;
#945 = DIRECTION ( 'NONE',  ( 0.7071067811865481278, 6.181723851755233106E-08, 0.7071067811865441310 ) ) ;
#946 = VECTOR ( 'NONE', #5143, 1000.000000000000000 ) ;
#947 = FACE_OUTER_BOUND ( 'NONE', #5179, .T. ) ;
#948 = CARTESIAN_POINT ( 'NONE',  ( -17.68148963109075211, -28.43641745955450517, 1002.249754803452106 ) ) ;
#949 = EDGE_CURVE ( 'NONE', #6419, #847, #7271, .T. ) ;
#950 = CARTESIAN_POINT ( 'NONE',  ( -23.66271300448400083, -27.87277253238140062, 999.3767997819812763 ) ) ;
#951 = CARTESIAN_POINT ( 'NONE',  ( -14.33878081634948920, 20.71519878427751493, 1002.291660127190994 ) ) ;
#952 = VECTOR ( 'NONE', #9086, 1000.000000000000000 ) ;
#953 = ORIENTED_EDGE ( 'NONE', *, *, #7651, .F. ) ;
#954 = ORIENTED_EDGE ( 'NONE', *, *, #5426, .T. ) ;
#955 = EDGE_LOOP ( 'NONE', ( #1383, #4380, #6308, #1616 ) ) ;
#956 = VERTEX_POINT ( 'NONE', #592 ) ;
#957 = CARTESIAN_POINT ( 'NONE',  ( -19.41771300448398918, 27.86445333662461010, 993.0658143280380727 ) ) ;
#958 = ORIENTED_EDGE ( 'NONE', *, *, #4233, .F. ) ;
#959 = CARTESIAN_POINT ( 'NONE',  ( -24.26771282526732421, 27.60339869864172258, 986.5916604856245158 ) ) ;
#960 = ADVANCED_FACE ( 'NONE', ( #3872 ), #10621, .F. ) ;
#961 = DIRECTION ( 'NONE',  ( -1.000000000000000000, 0.000000000000000000, 0.000000000000000000 ) ) ;
#962 = DIRECTION ( 'NONE',  ( 0.8449011766408760504, -0.5349224258814200272, 0.000000000000000000 ) ) ;
#963 = CARTESIAN_POINT ( 'NONE',  ( -46.60862144250199890, -6.984639884534449727, 995.9916601271909258 ) ) ;
#964 = AXIS2_PLACEMENT_3D ( 'NONE', #9251, #4227, #7402 ) ;
#965 = FACE_BOUND ( 'NONE', #3749, .T. ) ;
#966 = VERTEX_POINT ( 'NONE', #9659 ) ;
#967 = VECTOR ( 'NONE', #8531, 1000.000000000000000 ) ;
#968 = ORIENTED_EDGE ( 'NONE', *, *, #2128, .T. ) ;
#969 = CARTESIAN_POINT ( 'NONE',  ( -23.45377336351326392, 27.22050958867446013, 989.0420600262555126 ) ) ;
#970 = AXIS2_PLACEMENT_3D ( 'NONE', #6946, #1928, #413 ) ;
#971 = EDGE_LOOP ( 'NONE', ( #7748, #7019, #10249, #3632, #4427 ) ) ;
#972 = CARTESIAN_POINT ( 'NONE',  ( -13.34614908609573902, 23.54630865251755978, 983.6916601271909713 ) ) ;
#973 = DIRECTION ( 'NONE',  ( 0.000000000000000000, 0.000000000000000000, -1.000000000000000000 ) ) ;
#974 = DIRECTION ( 'NONE',  ( 0.7071067811865602293, 0.000000000000000000, 0.7071067811865348052 ) ) ;
#975 = CARTESIAN_POINT ( 'NONE',  ( -26.06280045117008370, -27.29353957469461633, 1001.589854247018025 ) ) ;
#976 = FACE_OUTER_BOUND ( 'NONE', #23, .T. ) ;
#977 = CARTESIAN_POINT ( 'NONE',  ( -36.82393401621106221, 44.35961988958917601, 1000.247881318138752 ) ) ;
#978 = AXIS2_PLACEMENT_3D ( 'NONE', #8571, #2856, #9336 ) ;
#979 = LINE ( 'NONE', #8421, #7269 ) ;
#980 = ORIENTED_EDGE ( 'NONE', *, *, #3174, .F. ) ;
#981 = DIRECTION ( 'NONE',  ( 0.000000000000000000, 0.000000000000000000, -1.000000000000000000 ) ) ;
#982 = VERTEX_POINT ( 'NONE', #8862 ) ;
#983 = EDGE_CURVE ( 'NONE', #2981, #4390, #7939, .T. ) ;
#984 = ORIENTED_EDGE ( 'NONE', *, *, #9247, .F. ) ;
#985 = AXIS2_PLACEMENT_3D ( 'NONE', #8428, #182, #4282 ) ;
#986 = LINE ( 'NONE', #7674, #9790 ) ;
#987 = DIRECTION ( 'NONE',  ( 0.000000000000000000, -0.7071067811865475727, 0.7071067811865475727 ) ) ;
#988 = ADVANCED_FACE ( 'NONE', ( #5096 ), #4241, .F. ) ;
#989 = DIRECTION ( 'NONE',  ( -1.000000000000000000, 0.000000000000000000, 0.000000000000000000 ) ) ;
#990 = LINE ( 'NONE', #4287, #6053 ) ;
#991 = AXIS2_PLACEMENT_3D ( 'NONE', #8253, #60, #1020 ) ;
#992 = EDGE_CURVE ( 'NONE', #5734, #6926, #5969, .T. ) ;
#993 = ORIENTED_EDGE ( 'NONE', *, *, #1316, .F. ) ;
#994 = CARTESIAN_POINT ( 'NONE',  ( -29.45274598240055752, 2.469806338645200050, 999.8346783293200133 ) ) ;
#995 = VERTEX_POINT ( 'NONE', #7577 ) ;
#996 = CARTESIAN_POINT ( 'NONE',  ( -12.46771300448399344, 38.02206337602792274, 999.7916601271908803 ) ) ;
#997 = CARTESIAN_POINT ( 'NONE',  ( -22.26771300448400126, 0.9022665961430000880, 998.9916601271910395 ) ) ;
#998 = CARTESIAN_POINT ( 'NONE',  ( -25.90259049531582747, -27.84951095560602496, 1002.672286374664850 ) ) ;
#999 = DIRECTION ( 'NONE',  ( 0.8219043574876576663, -0.5696255148277687974, 0.000000000000000000 ) ) ;
#1000 = DIRECTION ( 'NONE',  ( -1.000000000000000000, 0.000000000000000000, 0.000000000000000000 ) ) ;
#1001 = CARTESIAN_POINT ( 'NONE',  ( -14.61868806861636294, 20.43529153201063764, 1002.291660127190994 ) ) ;
#1002 = ADVANCED_FACE ( 'NONE', ( #3433 ), #7414, .F. ) ;
#1003 = EDGE_CURVE ( 'NONE', #2400, #8534, #1268, .T. ) ;
#1004 = ORIENTED_EDGE ( 'NONE', *, *, #2578, .T. ) ;
#1005 = ORIENTED_EDGE ( 'NONE', *, *, #607, .T. ) ;
#1006 = ORIENTED_EDGE ( 'NONE', *, *, #1784, .F. ) ;
#1007 = EDGE_LOOP ( 'NONE', ( #6106, #8611, #2182, #814 ) ) ;
#1008 = ORIENTED_EDGE ( 'NONE', *, *, #9712, .F. ) ;
#1009 = LINE ( 'NONE', #154, #4077 ) ;
#1010 = VERTEX_POINT ( 'NONE', #191 ) ;
#1011 = DIRECTION ( 'NONE',  ( -0.7274044069594383100, -0.6862090269997823677, 0.000000000000000000 ) ) ;
#1012 = CARTESIAN_POINT ( 'NONE',  ( -18.52015926530464185, -27.57395293466639785, 1001.829902141322577 ) ) ;
#1013 = CARTESIAN_POINT ( 'NONE',  ( -18.77311321617960260, -28.38647986532109968, 1001.824733954718113 ) ) ;
#1014 = LINE ( 'NONE', #1626, #7938 ) ;
#1015 = CARTESIAN_POINT ( 'NONE',  ( -18.77311321617959194, -27.77932255777549742, 1001.474191519766464 ) ) ;
#1016 = ORIENTED_EDGE ( 'NONE', *, *, #5955, .T. ) ;
#1017 = CARTESIAN_POINT ( 'NONE',  ( -47.20080973152320070, -13.47502353220716387, 995.9916601271909258 ) ) ;
#1018 = VECTOR ( 'NONE', #1362, 1000.000000000000000 ) ;
#1019 = ORIENTED_EDGE ( 'NONE', *, *, #817, .F. ) ;
#1020 = DIRECTION ( 'NONE',  ( 1.000000000000000000, 0.000000000000000000, -0.000000000000000000 ) ) ;
#1021 = ORIENTED_EDGE ( 'NONE', *, *, #1632, .F. ) ;
#1022 = DIRECTION ( 'NONE',  ( 0.000000000000000000, 0.000000000000000000, 1.000000000000000000 ) ) ;
#1023 = CYLINDRICAL_SURFACE ( 'NONE', #4002, 2.700000000000001066 ) ;
#1024 = B_SPLINE_CURVE_WITH_KNOTS ( 'NONE', 3,
 ( #7595, #5171, #4369, #7646, #2911, #6961 ),
 .UNSPECIFIED., .F., .F.,
 ( 4, 2, 4 ),
 ( 0.000000000000000000, 0.5000000000000000000, 1.000000000000000000 ),
 .UNSPECIFIED. ) ;
#1025 = DIRECTION ( 'NONE',  ( 1.000000000000000000, 0.000000000000000000, 0.000000000000000000 ) ) ;
#1026 = LINE ( 'NONE', #3574, #9084 ) ;
#1027 = FACE_OUTER_BOUND ( 'NONE', #9253, .T. ) ;
#1028 = CARTESIAN_POINT ( 'NONE',  ( -26.00217950696231384, -28.65139638116919585, 1002.541577812370292 ) ) ;
#1029 = CIRCLE ( 'NONE', #4136, 1.650000000000000355 ) ;
#1030 = DIRECTION ( 'NONE',  ( 0.000000000000000000, 0.000000000000000000, 1.000000000000000000 ) ) ;
#1031 = FACE_OUTER_BOUND ( 'NONE', #10026, .T. ) ;
#1032 = PRODUCT_DEFINITION_SHAPE ( 'NONE', 'NONE',  #6027 ) ;
#1033 = EDGE_CURVE ( 'NONE', #4877, #9725, #5289, .T. ) ;
#1034 = VERTEX_POINT ( 'NONE', #9808 ) ;
#1035 = CARTESIAN_POINT ( 'NONE',  ( -20.26771282526731355, 27.80339869864137015, 983.6916601271910849 ) ) ;
#1036 = EDGE_LOOP ( 'NONE', ( #114, #8490, #8781, #2498 ) ) ;
#1037 = EDGE_LOOP ( 'NONE', ( #7023, #5723, #8395, #5387, #1723, #1669 ) ) ;
#1038 = AXIS2_PLACEMENT_3D ( 'NONE', #5719, #8246, #9030 ) ;
#1039 = DIRECTION ( 'NONE',  ( -0.000000000000000000, -0.000000000000000000, -1.000000000000000000 ) ) ;
#1040 = CARTESIAN_POINT ( 'NONE',  ( -12.46771300448399344, 39.67206337602792132, 1016.641658718408394 ) ) ;
#1041 = LINE ( 'NONE', #4344, #4715 ) ;
#1042 = CARTESIAN_POINT ( 'NONE',  ( -26.61771300448399202, 43.02206366277465577, 995.9916601271909258 ) ) ;
#1043 = VECTOR ( 'NONE', #8524, 1000.000000000000114 ) ;
#1044 =( BOUNDED_CURVE ( )  B_SPLINE_CURVE ( 3, ( #2078, #1321, #7785, #7676 ),
 .UNSPECIFIED., .F., .T. ) 
 B_SPLINE_CURVE_WITH_KNOTS ( ( 4, 4 ),
 ( 1.570796326794896558, 3.141592653589793116 ),
 .UNSPECIFIED. ) 
 CURVE ( )  GEOMETRIC_REPRESENTATION_ITEM ( )  RATIONAL_B_SPLINE_CURVE ( ( 1.000000000000000000, 0.8047378541243649375, 0.8047378541243649375, 1.000000000000000000 ) ) 
 REPRESENTATION_ITEM ( '' )  );
#1045 = ORIENTED_EDGE ( 'NONE', *, *, #4418, .F. ) ;
#1046 = EDGE_CURVE ( 'NONE', #1685, #6765, #9162, .T. ) ;
#1047 = CARTESIAN_POINT ( 'NONE',  ( -27.26781639430724979, 6.393085241339200309, 1000.911032692940466 ) ) ;
#1048 = EDGE_LOOP ( 'NONE', ( #3797, #2026, #10422, #8728 ) ) ;
#1049 = CARTESIAN_POINT ( 'NONE',  ( -19.41771300448399629, 28.91940829628347132, 993.1916601271910849 ) ) ;
#1050 = AXIS2_PLACEMENT_3D ( 'NONE', #6342, #2256, #7161 ) ;
#1051 = EDGE_CURVE ( 'NONE', #2445, #9068, #3397, .T. ) ;
#1052 = CONICAL_SURFACE ( 'NONE', #1590, 5.957202764270475015, 0.7853981633974035370 ) ;
#1053 = DIRECTION ( 'NONE',  ( -0.000000000000000000, -0.000000000000000000, 1.000000000000000000 ) ) ;
#1054 = CARTESIAN_POINT ( 'NONE',  ( -17.95980573892230936, -26.49482771928064651, 1001.128018456570771 ) ) ;
#1055 = DIRECTION ( 'NONE',  ( -0.000000000000000000, -0.000000000000000000, -1.000000000000000000 ) ) ;
#1056 = CARTESIAN_POINT ( 'NONE',  ( -26.24712897322712024, -26.80507552378280067, 1001.356308308673874 ) ) ;
#1057 = ADVANCED_FACE ( 'NONE', ( #2476 ), #3273, .F. ) ;
#1058 = CARTESIAN_POINT ( 'NONE',  ( -26.85393637787725751, -28.43641745955450517, 1002.249754803452106 ) ) ;
#1059 = DIRECTION ( 'NONE',  ( -0.7071067811865475727, -0.7071067811865475727, -0.000000000000000000 ) ) ;
#1060 = AXIS2_PLACEMENT_3D ( 'NONE', #2205, #8734, #4169 ) ;
#1061 = AXIS2_PLACEMENT_3D ( 'NONE', #5159, #1059, #7059 ) ;
#1062 = ORIENTED_EDGE ( 'NONE', *, *, #4921, .F. ) ;
#1063 = ORIENTED_EDGE ( 'NONE', *, *, #7439, .F. ) ;
#1064 = EDGE_LOOP ( 'NONE', ( #9045, #5046, #4036, #796 ) ) ;
#1065 = ORIENTED_EDGE ( 'NONE', *, *, #9395, .F. ) ;
#1066 = CARTESIAN_POINT ( 'NONE',  ( -28.61214267413475199, -24.25791218717159836, 998.9916601271909258 ) ) ;
#1067 = ORIENTED_EDGE ( 'NONE', *, *, #9890, .T. ) ;
#1068 = CARTESIAN_POINT ( 'NONE',  ( -22.26771300448400126, -12.47773340385700003, 995.9916601271909258 ) ) ;
#1069 = EDGE_CURVE ( 'NONE', #7137, #10143, #9863, .T. ) ;
#1070 = DIRECTION ( 'NONE',  ( 0.5773502691896262862, -0.5773502691896263972, 0.5773502691896246208 ) ) ;
#1071 = CARTESIAN_POINT ( 'NONE',  ( -18.47297981228091146, -27.84922485834543338, 1002.183166375181031 ) ) ;
#1072 = AXIS2_PLACEMENT_3D ( 'NONE', #8014, #7164, #3170 ) ;
#1073 = CARTESIAN_POINT ( 'NONE',  ( -18.68132468634517096, -28.54314487517629928, 1002.021912692223395 ) ) ;
#1074 = CARTESIAN_POINT ( 'NONE',  ( -16.34638608219491474, 5.750800391688276392, 998.7703946822465468 ) ) ;
#1075 = CARTESIAN_POINT ( 'NONE',  ( 0.000000000000000000, 27.60339869864173679, 985.0416601271911077 ) ) ;
#1076 = CARTESIAN_POINT ( 'NONE',  ( -9.667713004484095762, 44.52206366277465577, 1016.041658718408485 ) ) ;
#1077 = AXIS2_PLACEMENT_3D ( 'NONE', #6220, #8606, #6981 ) ;
#1078 = ORIENTED_EDGE ( 'NONE', *, *, #10675, .T. ) ;
#1079 = CARTESIAN_POINT ( 'NONE',  ( -23.05857045936457794, 27.41894456699440497, 989.4893065586912826 ) ) ;
#1080 = ORIENTED_EDGE ( 'NONE', *, *, #9695, .F. ) ;
#1081 = ORIENTED_EDGE ( 'NONE', *, *, #9286, .T. ) ;
#1082 = LINE ( 'NONE', #2766, #952 ) ;
#1083 = DIRECTION ( 'NONE',  ( 0.6503703809727728880, -0.7596172506949340208, 0.000000000000000000 ) ) ;
#1084 = LINE ( 'NONE', #4382, #9351 ) ;
#1085 = DIRECTION ( 'NONE',  ( 0.000000000000000000, 0.000000000000000000, 1.000000000000000000 ) ) ;
#1086 = CARTESIAN_POINT ( 'NONE',  ( -23.66271300448400083, -28.70124835607409963, 1001.016680275972590 ) ) ;
#1087 = DIRECTION ( 'NONE',  ( -0.000000000000000000, -0.000000000000000000, -1.000000000000000000 ) ) ;
#1088 = DIRECTION ( 'NONE',  ( 0.000000000000000000, 0.000000000000000000, 1.000000000000000000 ) ) ;
#1089 = VERTEX_POINT ( 'NONE', #4936 ) ;
#1090 = DIRECTION ( 'NONE',  ( 1.000000000000000000, -0.000000000000000000, 0.000000000000000000 ) ) ;
#1091 = ORIENTED_EDGE ( 'NONE', *, *, #8938, .T. ) ;
#1092 = VERTEX_POINT ( 'NONE', #8226 ) ;
#1093 = LINE ( 'NONE', #8603, #3232 ) ;
#1094 = CARTESIAN_POINT ( 'NONE',  ( -29.70166212224984648, 31.01657034268787072, 1003.491660127191039 ) ) ;
#1095 = DIRECTION ( 'NONE',  ( -1.000000000000000000, 0.000000000000000000, 0.000000000000000000 ) ) ;
#1096 = EDGE_CURVE ( 'NONE', #8643, #3411, #835, .T. ) ;
#1097 = LINE ( 'NONE', #4449, #9369 ) ;
#1098 = DIRECTION ( 'NONE',  ( 0.2953062708492550925, 3.616458793636815193E-17, -0.9554026409829031730 ) ) ;
#1099 = ORIENTED_EDGE ( 'NONE', *, *, #1051, .T. ) ;
#1100 = CARTESIAN_POINT ( 'NONE',  ( -32.06771300448400552, 29.52206337602792630, 987.6916601271909713 ) ) ;
#1101 = VECTOR ( 'NONE', #1612, 1000.000000000000000 ) ;
#1102 = CARTESIAN_POINT ( 'NONE',  ( -27.26771300448400126, 3.029354668895900105, 1003.880441216045369 ) ) ;
#1103 = ORIENTED_EDGE ( 'NONE', *, *, #9752, .T. ) ;
#1104 = FACE_OUTER_BOUND ( 'NONE', #3459, .T. ) ;
#1105 = CARTESIAN_POINT ( 'NONE',  ( -19.71771300448400055, 2.557757825279101116, 995.9916601271909258 ) ) ;
#1106 = CARTESIAN_POINT ( 'NONE',  ( -26.06771300448397355, 17.28211026185819676, 995.9916601271910395 ) ) ;
#1107 = EDGE_CURVE ( 'NONE', #8471, #7708, #3329, .T. ) ;
#1108 = CARTESIAN_POINT ( 'NONE',  ( -23.45377336322340156, 27.22050958877564852, 987.4916601271910395 ) ) ;
#1109 = CARTESIAN_POINT ( 'NONE',  ( -25.56935082900434253, -27.65791218717139799, 1002.177834573018117 ) ) ;
#1110 = CARTESIAN_POINT ( 'NONE',  ( 2.202286995515998047, -10.47773340385700003, 1003.391660127191017 ) ) ;
#1111 = EDGE_CURVE ( 'NONE', #3498, #1246, #6014, .T. ) ;
#1112 = ORIENTED_EDGE ( 'NONE', *, *, #5116, .F. ) ;
#1113 = ORIENTED_EDGE ( 'NONE', *, *, #9815, .T. ) ;
#1114 = VERTEX_POINT ( 'NONE', #9378 ) ;
#1115 = EDGE_CURVE ( 'NONE', #6223, #8109, #6070, .T. ) ;
#1116 = DIRECTION ( 'NONE',  ( 0.4027860642715930806, -0.5811741446662960220, 0.7071067811865470176 ) ) ;
#1117 = CIRCLE ( 'NONE', #7166, 4.250000000000000000 ) ;
#1118 = VERTEX_POINT ( 'NONE', #245 ) ;
#1119 = CARTESIAN_POINT ( 'NONE',  ( -19.24953772737720570, 26.12076242146456551, 987.3590238500138412 ) ) ;
#1120 = CARTESIAN_POINT ( 'NONE',  ( -34.26771300448390178, 44.52206366277465577, 1003.491660127191039 ) ) ;
#1121 = CARTESIAN_POINT ( 'NONE',  ( -18.47297981228107133, -27.94390743350649942, 1002.393986729916719 ) ) ;
#1122 = ADVANCED_FACE ( 'NONE', ( #2089 ), #2033, .T. ) ;
#1123 = CARTESIAN_POINT ( 'NONE',  ( -26.61771300448399202, 44.52206366277465577, 988.9916601271910395 ) ) ;
#1124 = LINE ( 'NONE', #3668, #10010 ) ;
#1125 = ADVANCED_FACE ( 'NONE', ( #6944 ), #1216, .F. ) ;
#1126 = VECTOR ( 'NONE', #4922, 1000.000000000000000 ) ;
#1127 = DIRECTION ( 'NONE',  ( 0.7261534621377979670, 0.6875326533520350614, 0.000000000000000000 ) ) ;
#1128 = EDGE_CURVE ( 'NONE', #6765, #4264, #6119, .T. ) ;
#1129 = ORIENTED_EDGE ( 'NONE', *, *, #4677, .T. ) ;
#1130 = CARTESIAN_POINT ( 'NONE',  ( -26.06244619668694185, -27.94390743350649942, 1002.393986729916719 ) ) ;
#1131 = ORIENTED_EDGE ( 'NONE', *, *, #6986, .F. ) ;
#1132 = CARTESIAN_POINT ( 'NONE',  ( -25.88351874256425234, -28.69355924802589897, 1002.247850806705401 ) ) ;
#1133 = VERTEX_POINT ( 'NONE', #410 ) ;
#1134 = VERTEX_POINT ( 'NONE', #2893 ) ;
#1135 = CYLINDRICAL_SURFACE ( 'NONE', #3211, 13.37999999999999901 ) ;
#1136 = VECTOR ( 'NONE', #2237, 1000.000000000000000 ) ;
#1137 = CARTESIAN_POINT ( 'NONE',  ( -16.81842501921067878, 43.92206366277465435, 1003.491660127191039 ) ) ;
#1138 = CARTESIAN_POINT ( 'NONE',  ( -23.21771300448400055, 6.316134549268400455, 1000.991660127190926 ) ) ;
#1139 = DIRECTION ( 'NONE',  ( -1.000000000000000000, 0.000000000000000000, 0.000000000000000000 ) ) ;
#1140 = DIRECTION ( 'NONE',  ( 0.7071067811865462405, -0.7071067811865489050, -0.000000000000000000 ) ) ;
#1141 = LINE ( 'NONE', #5509, #5925 ) ;
#1142 = VECTOR ( 'NONE', #2846, 1000.000000000000114 ) ;
#1143 = ORIENTED_EDGE ( 'NONE', *, *, #7042, .T. ) ;
#1144 = CARTESIAN_POINT ( 'NONE',  ( -18.47297985716257074, -27.57862184325660238, 1001.821815354428509 ) ) ;
#1145 = VERTEX_POINT ( 'NONE', #8442 ) ;
#1146 = ORIENTED_EDGE ( 'NONE', *, *, #8718, .T. ) ;
#1147 = DIRECTION ( 'NONE',  ( 1.000000000000000000, 0.000000000000000000, 0.000000000000000000 ) ) ;
#1148 = DIRECTION ( 'NONE',  ( -0.000000000000000000, 1.000000000000000000, -0.000000000000000000 ) ) ;
#1149 = CARTESIAN_POINT ( 'NONE',  ( -18.55078271381364630, -28.38325941037859934, 1002.200173655912977 ) ) ;
#1150 = VECTOR ( 'NONE', #5872, 1000.000000000000000 ) ;
#1151 = CARTESIAN_POINT ( 'NONE',  ( -26.06244619668694185, -26.07218576757430029, 1001.313347722241360 ) ) ;
#1152 = CARTESIAN_POINT ( 'NONE',  ( -18.52524457890068987, -27.55555365308039839, 999.6940000744356212 ) ) ;
#1153 = EDGE_LOOP ( 'NONE', ( #9787, #2671, #5750, #2132 ) ) ;
#1154 = CARTESIAN_POINT ( 'NONE',  ( -8.457459760783825331, 14.13694021466050543, 991.8597777471601376 ) ) ;
#1155 = VECTOR ( 'NONE', #7360, 1000.000000000000000 ) ;
#1156 = CLOSED_SHELL ( 'NONE', ( #7073, #7623, #1702, #6427, #10111, #7325, #801, #4343, #4281, #8925, #5878, #988, #9954, #7118, #7316, #9830, #4171, #4786, #10287, #1125, #1961, #784, #9311, #9462, #6713, #2722, #1986, #3999, #5145, #10021, #4892, #2788, #7594, #9505, #770, #7088, #8653, #733, #6536, #8042, #5126, #5218, #9437, #3178, #7052, #8527, #7142, #6374, #9581, #3366, #4666, #6517, #3627, #10138, #3511, #1266, #4000, #8190, #1475, #3868, #5285, #8806, #5095, #2238, #8338, #407, #1256, #7149, #10419, #1170, #202, #6177, #5009, #7471, #6726, #4196, #246, #2652, #6913, #511, #197, #3690, #8704, #9723, #6950, #8532, #2255, #132, #2147, #912, #2716, #5283, #7196, #6540, #845, #849, #534, #7720, #10357, #5819, #2512, #9037, #5943, #8219, #40, #2625, #919, #7573, #3525, #714, #5956, #5408, #331, #7775, #4021, #8274, #10158, #2035, #10498, #8610, #9296, #4763, #65, #7460, #6102, #4237, #3135, #612, #7790, #9384, #5929, #6816, #7779, #1650, #9710, #6568, #8434, #8101, #269, #4714, #8352, #7642, #3869, #4514, #9445, #8908, #1057, #9631, #10, #10152, #7672, #4155, #2859, #4736, #7867, #3506, #8582, #5799, #6111, #8092, #8657, #1995, #2271, #10235, #668, #842, #9578, #4423, #4626, #1122 ) ) ;
#1157 = ADVANCED_FACE ( 'NONE', ( #3541 ), #7503, .F. ) ;
#1158 = CARTESIAN_POINT ( 'NONE',  ( -24.92397580629307186, -29.07151458534729827, 1002.075514760211377 ) ) ;
#1159 = VERTEX_POINT ( 'NONE', #10173 ) ;
#1160 = CARTESIAN_POINT ( 'NONE',  ( -19.41771300449603643, 28.15699823037463645, 990.3603930580495671 ) ) ;
#1161 = CARTESIAN_POINT ( 'NONE',  ( -26.06244619668694185, -27.94390743350649942, 1002.393986729916719 ) ) ;
#1162 = FACE_OUTER_BOUND ( 'NONE', #2265, .T. ) ;
#1163 = CARTESIAN_POINT ( 'NONE',  ( -47.20080973152320070, -13.47502353220716387, 995.9916601271909258 ) ) ;
#1164 = DIRECTION ( 'NONE',  ( -1.000000000000000000, 0.000000000000000000, 0.000000000000000000 ) ) ;
#1165 = VECTOR ( 'NONE', #9724, 1000.000000000000000 ) ;
#1166 = DIRECTION ( 'NONE',  ( 0.7071067811865486830, 0.7071067811865464625, 0.000000000000000000 ) ) ;
#1167 = AXIS2_PLACEMENT_3D ( 'NONE', #2979, #5457, #8762 ) ;
#1168 = DIRECTION ( 'NONE',  ( 0.7261534621377979670, 0.6875326533520350614, 0.000000000000000000 ) ) ;
#1169 = EDGE_CURVE ( 'NONE', #8, #6704, #3577, .T. ) ;
#1170 = ADVANCED_FACE ( 'NONE', ( #1104 ), #7486, .F. ) ;
#1171 = ORIENTED_EDGE ( 'NONE', *, *, #9959, .F. ) ;
#1172 = EDGE_LOOP ( 'NONE', ( #3830, #5019, #6817, #6474, #8900, #4442 ) ) ;
#1173 = ORIENTED_EDGE ( 'NONE', *, *, #6238, .F. ) ;
#1174 = PLANE ( 'NONE',  #4429 ) ;
#1175 = ORIENTED_EDGE ( 'NONE', *, *, #10469, .T. ) ;
#1176 = DIRECTION ( 'NONE',  ( 0.000000000000000000, 0.000000000000000000, -1.000000000000000000 ) ) ;
#1177 = DIRECTION ( 'NONE',  ( 1.000000000000000000, 0.000000000000000000, 0.000000000000000000 ) ) ;
#1178 = CARTESIAN_POINT ( 'NONE',  ( -20.02254583719533443, 44.32381106100516632, 989.7433861388738023 ) ) ;
#1179 = CARTESIAN_POINT ( 'NONE',  ( -25.11771300448398847, 43.02206366277465577, 993.1916601271910849 ) ) ;
#1180 = DIRECTION ( 'NONE',  ( -1.000000000000000000, 0.000000000000000000, 0.000000000000000000 ) ) ;
#1181 = VECTOR ( 'NONE', #491, 1000.000000000000000 ) ;
#1182 = EDGE_CURVE ( 'NONE', #6704, #6767, #4620, .T. ) ;
#1183 = EDGE_CURVE ( 'NONE', #406, #275, #2211, .T. ) ;
#1184 = PRESENTATION_STYLE_ASSIGNMENT (( #2704 ) ) ;
#1185 = EDGE_LOOP ( 'NONE', ( #5257, #7590, #10358, #1824 ) ) ;
#1186 = DIRECTION ( 'NONE',  ( -0.9219182708085965627, -0.1936922184480197595, -0.3354847633827384157 ) ) ;
#1187 = EDGE_CURVE ( 'NONE', #810, #7942, #9441, .T. ) ;
#1188 = ORIENTED_EDGE ( 'NONE', *, *, #1096, .F. ) ;
#1189 = VERTEX_POINT ( 'NONE', #3062 ) ;
#1190 = CARTESIAN_POINT ( 'NONE',  ( -25.99300406155532883, -28.66609185768159662, 1002.537908649556243 ) ) ;
#1191 = ORIENTED_EDGE ( 'NONE', *, *, #540, .F. ) ;
#1192 = FACE_OUTER_BOUND ( 'NONE', #1007, .T. ) ;
#1193 = CARTESIAN_POINT ( 'NONE',  ( -27.26771300448400126, 13.64413097241205186, 1002.291660127190994 ) ) ;
#1194 = LINE ( 'NONE', #3679, #5023 ) ;
#1195 =( LENGTH_UNIT ( ) NAMED_UNIT ( * ) SI_UNIT ( .MILLI., .METRE. ) );
#1196 = DIRECTION ( 'NONE',  ( 0.7071067811865465735, -0.7071067811865485719, 0.000000000000000000 ) ) ;
#1197 = ADVANCED_FACE ( 'NONE', ( #3912 ), #10492, .F. ) ;
#1198 = VECTOR ( 'NONE', #7659, 1000.000000000000000 ) ;
#1199 = ORIENTED_EDGE ( 'NONE', *, *, #9556, .F. ) ;
#1200 = CARTESIAN_POINT ( 'NONE',  ( -13.45284194450481152, 3.660013244892653006, 997.0843947128217906 ) ) ;
#1201 = ORIENTED_EDGE ( 'NONE', *, *, #10380, .F. ) ;
#1202 = ORIENTED_EDGE ( 'NONE', *, *, #2654, .T. ) ;
#1203 = DIRECTION ( 'NONE',  ( -1.000000000000000000, 0.000000000000000000, 0.000000000000000000 ) ) ;
#1204 = ADVANCED_FACE ( 'NONE', ( #7905 ), #6446, .F. ) ;
#1205 = DIRECTION ( 'NONE',  ( -0.000000000000000000, -0.000000000000000000, 1.000000000000000000 ) ) ;
#1206 = VECTOR ( 'NONE', #1055, 1000.000000000000000 ) ;
#1207 = ADVANCED_FACE ( 'NONE', ( #9538 ), #2202, .F. ) ;
#1208 = DIRECTION ( 'NONE',  ( 0.000000000000000000, 0.000000000000000000, 1.000000000000000000 ) ) ;
#1209 = CARTESIAN_POINT ( 'NONE',  ( -18.02555424491319158, -26.33779992217379728, 1001.552938846733014 ) ) ;
#1210 = EDGE_LOOP ( 'NONE', ( #7427, #5005, #6203, #8542 ) ) ;
#1211 = FACE_OUTER_BOUND ( 'NONE', #7987, .T. ) ;
#1212 = VECTOR ( 'NONE', #8767, 1000.000000000000000 ) ;
#1213 = ORIENTED_EDGE ( 'NONE', *, *, #2840, .F. ) ;
#1214 = DIRECTION ( 'NONE',  ( 1.000000000000000000, 0.000000000000000000, 0.000000000000000000 ) ) ;
#1215 = ORIENTED_EDGE ( 'NONE', *, *, #6596, .F. ) ;
#1216 = CYLINDRICAL_SURFACE ( 'NONE', #9950, 13.37999999999999901 ) ;
#1217 = DIRECTION ( 'NONE',  ( 0.000000000000000000, 0.000000000000000000, 1.000000000000000000 ) ) ;
#1218 = DIRECTION ( 'NONE',  ( -0.7999999999999863887, -0.2999999999999954925, -0.5196152422706865615 ) ) ;
#1219 = LINE ( 'NONE', #4520, #636 ) ;
#1220 = CARTESIAN_POINT ( 'NONE',  ( -22.11771300448399558, 28.91940829628347132, 993.1916601271910849 ) ) ;
#1221 = AXIS2_PLACEMENT_3D ( 'NONE', #7350, #5632, #8987 ) ;
#1222 = CARTESIAN_POINT ( 'NONE',  ( -13.27543815452638931, 23.47559772094820829, 988.0916604856245158 ) ) ;
#1223 = CIRCLE ( 'NONE', #7945, 1.649999999999998579 ) ;
#1224 = CARTESIAN_POINT ( 'NONE',  ( -25.78321844029299470, -27.71505208629759665, 1002.238263493959721 ) ) ;
#1225 = LINE ( 'NONE', #1110, #1240 ) ;
#1226 = B_SPLINE_CURVE_WITH_KNOTS ( 'NONE', 3,
 ( #1625, #10471, #5576, #7237, #6430 ),
 .UNSPECIFIED., .F., .F.,
 ( 4, 1, 4 ),
 ( 0.000000000000000000, 0.8570867410018155885, 1.000000000000000000 ),
 .UNSPECIFIED. ) ;
#1227 = EDGE_LOOP ( 'NONE', ( #166, #9108, #8959, #4255 ) ) ;
#1228 = VECTOR ( 'NONE', #1768, 1000.000000000000000 ) ;
#1229 = VECTOR ( 'NONE', #4346, 1000.000000000000000 ) ;
#1230 = ORIENTED_EDGE ( 'NONE', *, *, #2777, .F. ) ;
#1231 = LINE ( 'NONE', #8458, #1851 ) ;
#1232 = EDGE_LOOP ( 'NONE', ( #352, #7628, #4989, #4965 ) ) ;
#1233 = DIRECTION ( 'NONE',  ( -3.731144428023029386E-16, 1.000000000000000000, 0.000000000000000000 ) ) ;
#1234 = CARTESIAN_POINT ( 'NONE',  ( -27.26771300448400126, 8.027928028817473916, 999.7839280122375385 ) ) ;
#1235 = CARTESIAN_POINT ( 'NONE',  ( -31.04785556663491519, 23.68773000875481927, 987.4916601271910395 ) ) ;
#1236 = PLANE ( 'NONE',  #4001 ) ;
#1237 = PLANE ( 'NONE',  #2096 ) ;
#1238 = EDGE_CURVE ( 'NONE', #2311, #1839, #1525, .T. ) ;
#1239 = VECTOR ( 'NONE', #169, 999.9999999999998863 ) ;
#1240 = VECTOR ( 'NONE', #8566, 1000.000000000000000 ) ;
#1241 = CARTESIAN_POINT ( 'NONE',  ( -19.33428324876304671, 25.24948002259737478, 990.4916601271910395 ) ) ;
#1242 = B_SPLINE_CURVE_WITH_KNOTS ( 'NONE', 3,
 ( #1130, #6856, #7709, #3723, #10142, #4428 ),
 .UNSPECIFIED., .F., .F.,
 ( 4, 2, 4 ),
 ( 0.000000000000000000, 0.5000000000000000000, 1.000000000000000000 ),
 .UNSPECIFIED. ) ;
#1243 = ORIENTED_EDGE ( 'NONE', *, *, #14, .F. ) ;
#1244 = CARTESIAN_POINT ( 'NONE',  ( -47.91666343776260817, -10.36509169292302524, 999.6774087254071901 ) ) ;
#1245 = VERTEX_POINT ( 'NONE', #1548 ) ;
#1246 = VERTEX_POINT ( 'NONE', #4830 ) ;
#1247 = CARTESIAN_POINT ( 'NONE',  ( -25.76280865895349947, -28.38781045005869785, 1001.826063196156611 ) ) ;
#1248 = CONICAL_SURFACE ( 'NONE', #730, 1.049999999999983169, 0.7853981633974659315 ) ;
#1249 = VERTEX_POINT ( 'NONE', #463 ) ;
#1250 = AXIS2_PLACEMENT_3D ( 'NONE', #2883, #7040, #5200 ) ;
#1251 = LINE ( 'NONE', #4546, #7343 ) ;
#1252 = CARTESIAN_POINT ( 'NONE',  ( -19.07297981228107275, -28.36553131374809666, 1004.591660127191176 ) ) ;
#1253 = FACE_OUTER_BOUND ( 'NONE', #1468, .T. ) ;
#1254 = LINE ( 'NONE', #4655, #4610 ) ;
#1255 = DIRECTION ( 'NONE',  ( -3.868740194890244000E-16, 1.000000000000000000, 0.000000000000000000 ) ) ;
#1256 = ADVANCED_FACE ( 'NONE', ( #6229 ), #1642, .F. ) ;
#1257 = AXIS2_PLACEMENT_3D ( 'NONE', #3795, #8837, #2306 ) ;
#1258 = VERTEX_POINT ( 'NONE', #7512 ) ;
#1259 = CARTESIAN_POINT ( 'NONE',  ( -25.42508474614083980, 2.557757825279101560, 1003.491660127191039 ) ) ;
#1260 = EDGE_CURVE ( 'NONE', #9931, #9550, #4928, .T. ) ;
#1261 = VERTEX_POINT ( 'NONE', #9852 ) ;
#1262 = ORIENTED_EDGE ( 'NONE', *, *, #10433, .F. ) ;
#1263 = ADVANCED_FACE ( 'NONE', ( #4232 ), #775, .F. ) ;
#1264 = CARTESIAN_POINT ( 'NONE',  ( -25.11771300448408439, 28.15699823038332639, 990.3603930580345605 ) ) ;
#1265 = CYLINDRICAL_SURFACE ( 'NONE', #6559, 18.37999999999999901 ) ;
#1266 = ADVANCED_FACE ( 'NONE', ( #4879 ), #24, .T. ) ;
#1267 = DIRECTION ( 'NONE',  ( 1.000000000000000000, -1.460893844964073754E-15, 0.000000000000000000 ) ) ;
#1268 = B_SPLINE_CURVE_WITH_KNOTS ( 'NONE', 3,
 ( #4131, #9213, #1817, #9963 ),
 .UNSPECIFIED., .F., .F.,
 ( 4, 4 ),
 ( 0.000000000000000000, 1.000000000000000000 ),
 .UNSPECIFIED. ) ;
#1269 = DIRECTION ( 'NONE',  ( 1.000000000000000000, 0.000000000000000000, 0.000000000000000000 ) ) ;
#1270 = EDGE_CURVE ( 'NONE', #7876, #1377, #4438, .T. ) ;
#1271 = ORIENTED_EDGE ( 'NONE', *, *, #7840, .F. ) ;
#1272 = DIRECTION ( 'NONE',  ( 1.000000000000000000, 0.000000000000000000, 0.000000000000000000 ) ) ;
#1273 = ORIENTED_EDGE ( 'NONE', *, *, #4557, .T. ) ;
#1274 = ADVANCED_FACE ( 'NONE', ( #8270 ), #5041, .T. ) ;
#1275 = CARTESIAN_POINT ( 'NONE',  ( -25.74294864934424965, -28.85055402455519769, 1002.491852182949287 ) ) ;
#1276 = VERTEX_POINT ( 'NONE', #9801 ) ;
#1277 = CARTESIAN_POINT ( 'NONE',  ( -22.26771300448400126, -12.47773340385700003, 995.9916601271909258 ) ) ;
#1278 = CARTESIAN_POINT ( 'NONE',  ( 3.096273452560417194, -7.693689955856882534, 997.9916601271908121 ) ) ;
#1279 = PLANE ( 'NONE',  #3983 ) ;
#1280 = CARTESIAN_POINT ( 'NONE',  ( -18.32328865837033050, -26.84741035589886593, 1001.332224128992152 ) ) ;
#1281 = LINE ( 'NONE', #5493, #851 ) ;
#1282 = CARTESIAN_POINT ( 'NONE',  ( -34.86771300448413768, 27.08332287099069191, 987.4916601271910395 ) ) ;
#1283 = CARTESIAN_POINT ( 'NONE',  ( -26.38060615070368797, 18.59621601721052997, 1003.491660127191039 ) ) ;
#1284 = LINE ( 'NONE', #473, #1934 ) ;
#1285 = AXIS2_PLACEMENT_3D ( 'NONE', #544, #1413, #4699 ) ;
#1286 = EDGE_LOOP ( 'NONE', ( #4303, #782, #212 ) ) ;
#1287 = EDGE_LOOP ( 'NONE', ( #5580, #7667 ) ) ;
#1288 = DIRECTION ( 'NONE',  ( 0.007057725170972979634, -0.7070715582707152169, 0.7071067811865712205 ) ) ;
#1289 = VERTEX_POINT ( 'NONE', #881 ) ;
#1290 = EDGE_CURVE ( 'NONE', #10568, #6897, #3746, .T. ) ;
#1291 = CARTESIAN_POINT ( 'NONE',  ( -17.26771300448400126, 8.655756606077503079, 997.1916601271909713 ) ) ;
#1292 = LINE ( 'NONE', #4582, #8370 ) ;
#1293 = CARTESIAN_POINT ( 'NONE',  ( -19.21946040262541189, 43.77378967459064540, 992.6365528419941029 ) ) ;
#1294 = FACE_OUTER_BOUND ( 'NONE', #4054, .T. ) ;
#1295 = CARTESIAN_POINT ( 'NONE',  ( -42.36103630937380160, -14.08647767225027891, 1000.991660127190926 ) ) ;
#1296 = CARTESIAN_POINT ( 'NONE',  ( -15.92328333483325054, -24.25791218717159836, 995.9916601271909258 ) ) ;
#1297 = CARTESIAN_POINT ( 'NONE',  ( -20.26771282526732065, 26.25339869864175313, 988.0916604856245158 ) ) ;
#1298 =( GEOMETRIC_REPRESENTATION_CONTEXT ( 3 ) GLOBAL_UNCERTAINTY_ASSIGNED_CONTEXT ( ( #8627 ) ) GLOBAL_UNIT_ASSIGNED_CONTEXT ( ( #7108, #7211, #6992 ) ) REPRESENTATION_CONTEXT ( 'NONE', 'WORKASPACE' ) );
#1299 = ORIENTED_EDGE ( 'NONE', *, *, #56, .T. ) ;
#1300 = B_SPLINE_CURVE_WITH_KNOTS ( 'NONE', 3,
 ( #10365, #7662, #5241, #9461, #3785, #7029, #6157, #7773, #392, #3681 ),
 .UNSPECIFIED., .F., .F.,
 ( 4, 2, 2, 2, 4 ),
 ( 1.731559925178508269E-15, 0.0008045103674757231706, 0.001609020734949714653, 0.002413531102423706245, 0.003218041469897698053 ),
 .UNSPECIFIED. ) ;
#1301 = CARTESIAN_POINT ( 'NONE',  ( -14.99842107788165180, 4.088406877587999588, 998.3237147788076982 ) ) ;
#1302 = ORIENTED_EDGE ( 'NONE', *, *, #3376, .F. ) ;
#1303 = CARTESIAN_POINT ( 'NONE',  ( -26.06244619668690277, -28.45618954413160040, 1002.590317005473253 ) ) ;
#1304 = EDGE_CURVE ( 'NONE', #6419, #6787, #6678, .T. ) ;
#1305 = EDGE_CURVE ( 'NONE', #9508, #10589, #8112, .T. ) ;
#1306 = ORIENTED_EDGE ( 'NONE', *, *, #4878, .T. ) ;
#1307 = B_SPLINE_CURVE_WITH_KNOTS ( 'NONE', 3,
 ( #8126, #4638, #6355, #2967, #2272, #7222, #6411, #7066, #2163, #7125, #5605, #1510 ),
 .UNSPECIFIED., .F., .F.,
 ( 4, 1, 1, 1, 1, 2, 2, 4 ),
 ( 0.000000000000000000, 0.2499999999999953371, 0.3749999999999934497, 0.4374999999999926170, 0.4687499999999922839, 0.4843749999999922284, 0.4999999999999922284, 1.000000000000000000 ),
 .UNSPECIFIED. ) ;
#1308 = CARTESIAN_POINT ( 'NONE',  ( -25.11771300448399558, 26.01981126762380825, 990.4916601271910395 ) ) ;
#1309 = CARTESIAN_POINT ( 'NONE',  ( -20.87271300448400169, -28.05789265480460060, 999.1916796595579626 ) ) ;
#1310 = CARTESIAN_POINT ( 'NONE',  ( -18.61181454077038211, -28.74936277722193978, 1002.895356525875172 ) ) ;
#1311 = DIRECTION ( 'NONE',  ( -0.7071067811865600072, 0.000000000000000000, -0.7071067811865350272 ) ) ;
#1312 = VECTOR ( 'NONE', #3584, 1000.000000000000000 ) ;
#1313 = CARTESIAN_POINT ( 'NONE',  ( -44.18771300448400297, -10.47773340385700003, 995.9916601271909258 ) ) ;
#1314 = VERTEX_POINT ( 'NONE', #8324 ) ;
#1315 = DIRECTION ( 'NONE',  ( -0.000000000000000000, -0.000000000000000000, -1.000000000000000000 ) ) ;
#1316 = EDGE_CURVE ( 'NONE', #810, #10432, #728, .T. ) ;
#1317 = ORIENTED_EDGE ( 'NONE', *, *, #7361, .F. ) ;
#1318 = VECTOR ( 'NONE', #6095, 1000.000000000000000 ) ;
#1319 = ORIENTED_EDGE ( 'NONE', *, *, #8650, .T. ) ;
#1320 = CARTESIAN_POINT ( 'NONE',  ( -25.11771300446957511, 28.72760401793239993, 990.4934107486495805 ) ) ;
#1321 = CARTESIAN_POINT ( 'NONE',  ( -18.79639266092435079, 44.52206366277464866, 991.4519631652242424 ) ) ;
#1322 = LINE ( 'NONE', #7201, #10210 ) ;
#1323 = LINE ( 'NONE', #9638, #32 ) ;
#1324 = VECTOR ( 'NONE', #4535, 1000.000000000000000 ) ;
#1325 = ADVANCED_FACE ( 'NONE', ( #826 ), #76, .T. ) ;
#1326 = ORIENTED_EDGE ( 'NONE', *, *, #1541, .T. ) ;
#1327 = CARTESIAN_POINT ( 'NONE',  ( -15.43755395070740200, -26.25791218717159836, 1000.991660127190926 ) ) ;
#1328 = EDGE_CURVE ( 'NONE', #3617, #6792, #3369, .T. ) ;
#1329 = ORIENTED_EDGE ( 'NONE', *, *, #7010, .T. ) ;
#1330 = CARTESIAN_POINT ( 'NONE',  ( -26.04888787097258174, -28.75131225236179944, 1002.619973844485457 ) ) ;
#1331 = ADVANCED_FACE ( 'NONE', ( #1807 ), #9951, .F. ) ;
#1332 = VERTEX_POINT ( 'NONE', #2566 ) ;
#1333 = AXIS2_PLACEMENT_3D ( 'NONE', #5751, #5693, #1606 ) ;
#1334 = CARTESIAN_POINT ( 'NONE',  ( -23.73566608210262174, -29.19861726305130034, 1001.708047301517809 ) ) ;
#1335 = AXIS2_PLACEMENT_3D ( 'NONE', #6996, #4295, #1874 ) ;
#1336 = CARTESIAN_POINT ( 'NONE',  ( -32.06771300448400552, 29.52206337602792630, 997.9916601271910395 ) ) ;
#1337 = EDGE_CURVE ( 'NONE', #6041, #3285, #5842, .T. ) ;
#1338 = CARTESIAN_POINT ( 'NONE',  ( -34.26771300448390178, 44.22206366277460887, 1016.341658718408439 ) ) ;
#1339 = CARTESIAN_POINT ( 'NONE',  ( -14.11771300448399380, 36.37206337602792416, 1016.641658718408394 ) ) ;
#1340 = DIRECTION ( 'NONE',  ( 0.000000000000000000, 0.000000000000000000, -1.000000000000000000 ) ) ;
#1341 = DIRECTION ( 'NONE',  ( 0.000000000000000000, 0.000000000000000000, -1.000000000000000000 ) ) ;
#1342 = ADVANCED_FACE ( 'NONE', ( #130 ), #5902, .F. ) ;
#1343 = CARTESIAN_POINT ( 'NONE',  ( -28.71577430776599016, 26.01981126762374430, 983.4916601271910395 ) ) ;
#1344 = CIRCLE ( 'NONE', #985, 1.850000000000025180 ) ;
#1345 = DIRECTION ( 'NONE',  ( -3.868740194890244000E-16, 1.000000000000000000, 0.000000000000000000 ) ) ;
#1346 = VERTEX_POINT ( 'NONE', #5086 ) ;
#1347 = DIRECTION ( 'NONE',  ( 0.7071067811865462405, 0.7071067811865489050, 0.000000000000000000 ) ) ;
#1348 = ORIENTED_EDGE ( 'NONE', *, *, #3611, .T. ) ;
#1349 = MECHANICAL_DESIGN_GEOMETRIC_PRESENTATION_REPRESENTATION (  '', ( #4271 ), #8584 ) ;
#1350 = CARTESIAN_POINT ( 'NONE',  ( -27.72424947096543235, 35.62769052135655556, 1003.491660127191039 ) ) ;
#1351 = EDGE_CURVE ( 'NONE', #4966, #629, #1093, .T. ) ;
#1352 = CARTESIAN_POINT ( 'NONE',  ( -19.30415486933765834, 26.33515817063615927, 984.1401915552511355 ) ) ;
#1353 = DIRECTION ( 'NONE',  ( 0.000000000000000000, 0.000000000000000000, 1.000000000000000000 ) ) ;
#1354 = FACE_OUTER_BOUND ( 'NONE', #10257, .T. ) ;
#1355 = EDGE_CURVE ( 'NONE', #3032, #7230, #6769, .T. ) ;
#1356 = FACE_OUTER_BOUND ( 'NONE', #6714, .T. ) ;
#1357 = CARTESIAN_POINT ( 'NONE',  ( -25.83880253488506185, -28.80137096133749708, 1002.504132197583885 ) ) ;
#1358 = DIRECTION ( 'NONE',  ( 0.000000000000000000, 0.000000000000000000, -1.000000000000000000 ) ) ;
#1359 = LINE ( 'NONE', #3828, #1165 ) ;
#1360 = VECTOR ( 'NONE', #8088, 1000.000000000000000 ) ;
#1361 = ORIENTED_EDGE ( 'NONE', *, *, #10667, .T. ) ;
#1362 = DIRECTION ( 'NONE',  ( 0.000000000000000000, 0.000000000000000000, 1.000000000000000000 ) ) ;
#1363 = ORIENTED_EDGE ( 'NONE', *, *, #3804, .F. ) ;
#1364 = CARTESIAN_POINT ( 'NONE',  ( -2.097713004484015098, -10.47773340385700003, 995.9916601271909258 ) ) ;
#1365 = EDGE_LOOP ( 'NONE', ( #2240, #8843, #802, #6390, #421, #5300, #8926, #9022, #4231, #9321, #456, #9406, #3195, #4003, #1884, #8322, #2538, #5710, #3272, #6646, #208, #1175, #3103, #824, #2141, #798, #5020, #9899, #4606, #1473, #6407, #8970, #9457, #3379, #188, #285 ) ) ;
#1366 = DIRECTION ( 'NONE',  ( 0.000000000000000000, 1.000000000000000000, 0.000000000000000000 ) ) ;
#1367 = LINE ( 'NONE', #4654, #10370 ) ;
#1368 = CIRCLE ( 'NONE', #2225, 1.000000000000013323 ) ;
#1369 = B_SPLINE_CURVE_WITH_KNOTS ( 'NONE', 3,
 ( #6160, #9520, #7034, #8600, #504, #10314, #2183, #7832, #6104, #3789, #7668, #1200, #446, #7090 ),
 .UNSPECIFIED., .F., .F.,
 ( 4, 2, 1, 1, 1, 1, 2, 2, 4 ),
 ( 0.000000000000000000, 0.2500000000007523426, 0.3750000000011521895, 0.4375000000013757884, 0.4687500000014882540, 0.4843750000015226709, 0.4921875000015190071, 0.5000000000015154544, 1.000000000000000000 ),
 .UNSPECIFIED. ) ;
#1370 = CARTESIAN_POINT ( 'NONE',  ( -20.28339842943324101, 2.792072400329865367, 1003.491660127191039 ) ) ;
#1371 = DIRECTION ( 'NONE',  ( -0.7071067811865474617, 0.000000000000000000, 0.7071067811865474617 ) ) ;
#1372 = LINE ( 'NONE', #7940, #5462 ) ;
#1373 = VERTEX_POINT ( 'NONE', #2780 ) ;
#1374 = CARTESIAN_POINT ( 'NONE',  ( 3.902286995516002666, -10.47773340385700358, 997.9916601271909258 ) ) ;
#1375 = VECTOR ( 'NONE', #2829, 999.9999999999998863 ) ;
#1376 = ORIENTED_EDGE ( 'NONE', *, *, #4828, .T. ) ;
#1377 = VERTEX_POINT ( 'NONE', #4445 ) ;
#1378 = CARTESIAN_POINT ( 'NONE',  ( -25.11771300452443967, 27.88201353115168857, 990.2232872691373586 ) ) ;
#1379 = FACE_OUTER_BOUND ( 'NONE', #4470, .T. ) ;
#1380 = CYLINDRICAL_SURFACE ( 'NONE', #4007, 1.650000000000000355 ) ;
#1381 = LINE ( 'NONE', #4668, #7607 ) ;
#1382 = EDGE_CURVE ( 'NONE', #4187, #8643, #6005, .T. ) ;
#1383 = ORIENTED_EDGE ( 'NONE', *, *, #8835, .F. ) ;
#1384 = PLANE ( 'NONE',  #141 ) ;
#1385 = ORIENTED_EDGE ( 'NONE', *, *, #8385, .F. ) ;
#1386 = CARTESIAN_POINT ( 'NONE',  ( -22.16818974859713620, 44.52206366277465577, 1014.241658718406711 ) ) ;
#1387 = AXIS2_PLACEMENT_3D ( 'NONE', #2173, #5455, #4750 ) ;
#1388 = ORIENTED_EDGE ( 'NONE', *, *, #5329, .T. ) ;
#1389 = CARTESIAN_POINT ( 'NONE',  ( -23.71175706501727376, -29.10630766603550157, 1001.359019285479576 ) ) ;
#1390 = CARTESIAN_POINT ( 'NONE',  ( -42.43771300448398165, -10.47773340385700003, 1004.591660127191176 ) ) ;
#1391 = CARTESIAN_POINT ( 'NONE',  ( -34.86771300448391742, 31.01657034268905022, 1003.491660127191039 ) ) ;
#1392 = CARTESIAN_POINT ( 'NONE',  ( -19.07297981228107275, -27.15791218717140154, 1001.511275369461487 ) ) ;
#1393 = CARTESIAN_POINT ( 'NONE',  ( -41.63771300448400581, -10.47773340385699647, 1003.491660127191039 ) ) ;
#1394 = DIRECTION ( 'NONE',  ( -0.7052447360823916878, -0.7089639357739416781, 0.000000000000000000 ) ) ;
#1395 = DIRECTION ( 'NONE',  ( -0.000000000000000000, -0.000000000000000000, -1.000000000000000000 ) ) ;
#1396 = EDGE_CURVE ( 'NONE', #3906, #10615, #986, .T. ) ;
#1397 = CARTESIAN_POINT ( 'NONE',  ( -16.67245643209702877, 6.265831121977245566, 999.0006374341202218 ) ) ;
#1398 = AXIS2_PLACEMENT_3D ( 'NONE', #8404, #2054, #9288 ) ;
#1399 = EDGE_CURVE ( 'NONE', #9508, #10477, #6056, .T. ) ;
#1400 = ORIENTED_EDGE ( 'NONE', *, *, #1857, .T. ) ;
#1401 = CARTESIAN_POINT ( 'NONE',  ( -27.22496445628571138, 3.357757825279103159, 999.4392894330983381 ) ) ;
#1402 = EDGE_CURVE ( 'NONE', #2488, #3958, #1344, .T. ) ;
#1403 = VERTEX_POINT ( 'NONE', #9366 ) ;
#1404 = DIRECTION ( 'NONE',  ( 0.8219043574876573333, -0.5696255148277693525, 0.000000000000000000 ) ) ;
#1405 = ORIENTED_EDGE ( 'NONE', *, *, #6210, .T. ) ;
#1406 = AXIS2_PLACEMENT_3D ( 'NONE', #614, #5624, #758 ) ;
#1407 = EDGE_CURVE ( 'NONE', #3445, #9931, #7726, .T. ) ;
#1408 = CARTESIAN_POINT ( 'NONE',  ( -22.63222336607365648, 43.50538715105944476, 990.4150492837686670 ) ) ;
#1409 = CARTESIAN_POINT ( 'NONE',  ( -33.71771300448400410, 29.52206337602792630, 987.4916601271910395 ) ) ;
#1410 = DIRECTION ( 'NONE',  ( 1.000000000000000000, 0.000000000000000000, -0.000000000000000000 ) ) ;
#1411 = FACE_OUTER_BOUND ( 'NONE', #5736, .T. ) ;
#1412 = DIRECTION ( 'NONE',  ( -3.750297019834905183E-16, -1.000000000000000000, 0.000000000000000000 ) ) ;
#1413 = DIRECTION ( 'NONE',  ( -0.7071067811865489050, -0.7071067811865462405, 0.000000000000000000 ) ) ;
#1414 = CIRCLE ( 'NONE', #7770, 2.250000000000001776 ) ;
#1415 = CARTESIAN_POINT ( 'NONE',  ( -34.26771300448390178, 44.52206366277465577, 1016.041658718408485 ) ) ;
#1416 = VECTOR ( 'NONE', #8915, 1000.000000000000000 ) ;
#1417 = ORIENTED_EDGE ( 'NONE', *, *, #9916, .T. ) ;
#1418 = ORIENTED_EDGE ( 'NONE', *, *, #8992, .F. ) ;
#1419 = DIRECTION ( 'NONE',  ( 1.000000000000000000, 0.000000000000000000, 0.000000000000000000 ) ) ;
#1420 = EDGE_LOOP ( 'NONE', ( #5873, #9874, #10384, #1734 ) ) ;
#1421 = VERTEX_POINT ( 'NONE', #5250 ) ;
#1422 = CARTESIAN_POINT ( 'NONE',  ( -18.46771300448400055, 3.167884070370703409, 1003.491660127191039 ) ) ;
#1423 = EDGE_CURVE ( 'NONE', #4927, #7358, #9265, .T. ) ;
#1424 = ORIENTED_EDGE ( 'NONE', *, *, #5481, .T. ) ;
#1425 = CYLINDRICAL_SURFACE ( 'NONE', #2000, 1.550000000000051337 ) ;
#1426 = LINE ( 'NONE', #7993, #6368 ) ;
#1427 = VECTOR ( 'NONE', #10547, 1000.000000000000000 ) ;
#1428 = VECTOR ( 'NONE', #2261, 1000.000000000000000 ) ;
#1429 = DIRECTION ( 'NONE',  ( -0.7071067811865462405, -0.7071067811865489050, 0.000000000000000000 ) ) ;
#1430 = DIRECTION ( 'NONE',  ( -1.000000000000000000, 0.000000000000000000, -0.000000000000000000 ) ) ;
#1431 = DIRECTION ( 'NONE',  ( 0.000000000000000000, 0.000000000000000000, -1.000000000000000000 ) ) ;
#1432 = ORIENTED_EDGE ( 'NONE', *, *, #7932, .T. ) ;
#1433 = VECTOR ( 'NONE', #4297, 1000.000000000000227 ) ;
#1434 = VECTOR ( 'NONE', #6891, 1000.000000000000114 ) ;
#1435 = VERTEX_POINT ( 'NONE', #8547 ) ;
#1436 = ORIENTED_EDGE ( 'NONE', *, *, #6076, .F. ) ;
#1437 = B_SPLINE_CURVE_WITH_KNOTS ( 'NONE', 3,
 ( #9114, #91, #3384, #8127, #4029 ),
 .UNSPECIFIED., .F., .F.,
 ( 4, 1, 4 ),
 ( 0.000000000000000000, 0.4285314622143471808, 1.000000000000000000 ),
 .UNSPECIFIED. ) ;
#1438 = CARTESIAN_POINT ( 'NONE',  ( -31.04785556663491519, 23.68773000875481927, 987.4916601271910395 ) ) ;
#1439 = CARTESIAN_POINT ( 'NONE',  ( -30.41771300448401050, 36.37206337602792416, 1016.641658718408394 ) ) ;
#1440 = CARTESIAN_POINT ( 'NONE',  ( -8.467713004483993444, 26.58626659614303378, 956.7212035758847151 ) ) ;
#1441 = DIRECTION ( 'NONE',  ( 0.000000000000000000, 0.9914448613738193750, 0.1305261922199830726 ) ) ;
#1442 = ORIENTED_EDGE ( 'NONE', *, *, #2136, .F. ) ;
#1443 = CARTESIAN_POINT ( 'NONE',  ( -27.51795447798598460, 37.53953660251080038, 1013.641658718408507 ) ) ;
#1444 = ORIENTED_EDGE ( 'NONE', *, *, #8938, .F. ) ;
#1445 = ORIENTED_EDGE ( 'NONE', *, *, #4881, .T. ) ;
#1446 = DIRECTION ( 'NONE',  ( 0.000000000000000000, 0.000000000000000000, -1.000000000000000000 ) ) ;
#1447 = MANIFOLD_SOLID_BREP ( 'Loop Clearance', #1156 ) ;
#1448 = VECTOR ( 'NONE', #3482, 1000.000000000000000 ) ;
#1449 = EDGE_LOOP ( 'NONE', ( #8111, #6311, #3604, #6422 ) ) ;
#1450 = CARTESIAN_POINT ( 'NONE',  ( -18.47319520521572045, -28.49465795676729840, 1002.795339181516283 ) ) ;
#1451 = DIRECTION ( 'NONE',  ( 0.000000000000000000, 0.000000000000000000, -1.000000000000000000 ) ) ;
#1452 = EDGE_CURVE ( 'NONE', #4710, #8686, #4392, .T. ) ;
#1453 = LINE ( 'NONE', #9705, #3313 ) ;
#1454 = CARTESIAN_POINT ( 'NONE',  ( -18.30304175889047613, -26.81791117809333613, 1001.315659744262689 ) ) ;
#1455 = CARTESIAN_POINT ( 'NONE',  ( -26.71255176502254258, -27.38235340401562112, 999.8672189103469918 ) ) ;
#1456 = DIRECTION ( 'NONE',  ( 1.000000000000000000, 0.000000000000000000, 0.000000000000000000 ) ) ;
#1457 = DIRECTION ( 'NONE',  ( 0.8219043574876576663, 0.5696255148277687974, 0.000000000000000000 ) ) ;
#1458 = ORIENTED_EDGE ( 'NONE', *, *, #2875, .T. ) ;
#1459 = ORIENTED_EDGE ( 'NONE', *, *, #6267, .T. ) ;
#1460 = LINE ( 'NONE', #2215, #7878 ) ;
#1461 = CARTESIAN_POINT ( 'NONE',  ( -23.66271300448399728, -27.94990593724442363, 999.2996663771181147 ) ) ;
#1462 = CARTESIAN_POINT ( 'NONE',  ( -26.61771300448399202, 44.52206366277465577, 988.9916601271910395 ) ) ;
#1463 = CARTESIAN_POINT ( 'NONE',  ( -19.66297803437913672, 42.86790036322182829, 990.7369251570770530 ) ) ;
#1464 = CARTESIAN_POINT ( 'NONE',  ( -20.26771282526732421, 44.22206330434126897, 986.5916604856245158 ) ) ;
#1465 = PLANE ( 'NONE',  #2156 ) ;
#1466 = CARTESIAN_POINT ( 'NONE',  ( -44.18771300448400297, -10.47773340385700003, 1004.591660127191176 ) ) ;
#1467 = EDGE_CURVE ( 'NONE', #5524, #1633, #6930, .T. ) ;
#1468 = EDGE_LOOP ( 'NONE', ( #9672, #7367, #5341, #10012 ) ) ;
#1469 = ORIENTED_EDGE ( 'NONE', *, *, #10555, .F. ) ;
#1470 = CARTESIAN_POINT ( 'NONE',  ( -16.27034903877492056, 18.37435752405636080, 1002.002260386808643 ) ) ;
#1471 = EDGE_CURVE ( 'NONE', #8528, #9010, #4051, .T. ) ;
#1472 = ORIENTED_EDGE ( 'NONE', *, *, #10162, .T. ) ;
#1473 = ORIENTED_EDGE ( 'NONE', *, *, #7666, .F. ) ;
#1474 = CARTESIAN_POINT ( 'NONE',  ( -18.47297981228106778, -28.36553131374809666, 1002.895356525875172 ) ) ;
#1475 = ADVANCED_FACE ( 'NONE', ( #911, #965, #5930, #7390, #2545 ), #3250, .T. ) ;
#1476 = VERTEX_POINT ( 'NONE', #10035 ) ;
#1477 = CARTESIAN_POINT ( 'NONE',  ( -32.26771300448400126, 8.655756606077503079, 995.9916601271909258 ) ) ;
#1478 = ADVANCED_FACE ( 'NONE', ( #4911 ), #108, .T. ) ;
#1479 = LINE ( 'NONE', #7935, #5338 ) ;
#1480 = B_SPLINE_CURVE_WITH_KNOTS ( 'NONE', 3,
 ( #8036, #3146, #3938, #6424, #9729, #8924, #10572, #3193, #8974, #1572, #753, #4041, #7336, #6520 ),
 .UNSPECIFIED., .F., .F.,
 ( 4, 2, 1, 1, 1, 1, 2, 2, 4 ),
 ( 0.000000000000000000, 0.2500000000001598166, 0.3750000000002298162, 0.4375000000002498557, 0.4687500000002599032, 0.4843750000002811640, 0.4921875000003109180, 0.5000000000003406164, 1.000000000000000000 ),
 .UNSPECIFIED. ) ;
#1481 = DIRECTION ( 'NONE',  ( 0.000000000000000000, 1.000000000000000000, 0.000000000000000000 ) ) ;
#1482 = CARTESIAN_POINT ( 'NONE',  ( -10.26771300448409896, 31.17414358537387642, 1016.641658718408394 ) ) ;
#1483 = EDGE_CURVE ( 'NONE', #9727, #3617, #3455, .T. ) ;
#1484 =( BOUNDED_CURVE ( )  B_SPLINE_CURVE ( 3, ( #8853, #6450, #3916, #1392 ),
 .UNSPECIFIED., .F., .F. ) 
 B_SPLINE_CURVE_WITH_KNOTS ( ( 4, 4 ),
 ( 5.898608607115289892, 6.283185307179590673 ),
 .UNSPECIFIED. ) 
 CURVE ( )  GEOMETRIC_REPRESENTATION_ITEM ( )  RATIONAL_B_SPLINE_CURVE ( ( 1.000000000000000000, 0.9877129927213829097, 0.9877129927213829097, 1.000000000000000000 ) ) 
 REPRESENTATION_ITEM ( '' )  );
#1485 = EDGE_LOOP ( 'NONE', ( #10580, #5917, #3888, #151 ) ) ;
#1486 = ORIENTED_EDGE ( 'NONE', *, *, #63, .F. ) ;
#1487 = ORIENTED_EDGE ( 'NONE', *, *, #5076, .F. ) ;
#1488 = CARTESIAN_POINT ( 'NONE',  ( -36.06771300448401263, 26.58626659614303378, 1002.291660127190994 ) ) ;
#1489 = AXIS2_PLACEMENT_3D ( 'NONE', #1040, #8548, #6823 ) ;
#1490 = DIRECTION ( 'NONE',  ( -0.7071067811865477948, -0.7071067811865472397, 0.000000000000000000 ) ) ;
#1491 = FACE_OUTER_BOUND ( 'NONE', #6131, .T. ) ;
#1492 = PLANE ( 'NONE',  #10362 ) ;
#1493 = ORIENTED_EDGE ( 'NONE', *, *, #9773, .T. ) ;
#1494 = CARTESIAN_POINT ( 'NONE',  ( 0.000000000000000000, 44.22206330434122634, 987.4916601271910395 ) ) ;
#1495 = ORIENTED_EDGE ( 'NONE', *, *, #9916, .F. ) ;
#1496 = ORIENTED_EDGE ( 'NONE', *, *, #2369, .F. ) ;
#1497 = CARTESIAN_POINT ( 'NONE',  ( -18.73758592767229203, -28.87089676472130151, 1002.639564837490639 ) ) ;
#1498 = PRESENTATION_STYLE_ASSIGNMENT (( #2514 ) ) ;
#1499 = PLANE ( 'NONE',  #1060 ) ;
#1500 = VECTOR ( 'NONE', #6372, 1000.000000000000000 ) ;
#1501 = CARTESIAN_POINT ( 'NONE',  ( -18.33617747269965292, -26.86717405482988141, 1001.343321305171230 ) ) ;
#1502 = CARTESIAN_POINT ( 'NONE',  ( -26.67504157929544917, 2.557757825279104225, 1000.991660127191153 ) ) ;
#1503 = CYLINDRICAL_SURFACE ( 'NONE', #3305, 2.250000000000001776 ) ;
#1504 = EDGE_CURVE ( 'NONE', #1133, #1421, #10292, .T. ) ;
#1505 = VECTOR ( 'NONE', #3841, 999.9999999999998863 ) ;
#1506 = ORIENTED_EDGE ( 'NONE', *, *, #4284, .F. ) ;
#1507 = ORIENTED_EDGE ( 'NONE', *, *, #1613, .T. ) ;
#1508 = DIRECTION ( 'NONE',  ( 0.000000000000000000, 0.000000000000000000, 1.000000000000000000 ) ) ;
#1509 = CARTESIAN_POINT ( 'NONE',  ( -25.86598699280112612, 44.32381106100502421, 991.0964929598999333 ) ) ;
#1510 = CARTESIAN_POINT ( 'NONE',  ( -30.39859637075878140, 0.5772708352942014232, 1000.991660127176715 ) ) ;
#1511 = CARTESIAN_POINT ( 'NONE',  ( -19.44434648268670429, 42.86690203579903624, 990.5182936054230822 ) ) ;
#1512 = CARTESIAN_POINT ( 'NONE',  ( -16.12221758834763108, 2.811225030807988912, 1000.992472560864371 ) ) ;
#1513 = AXIS2_PLACEMENT_3D ( 'NONE', #3922, #7170, #4025 ) ;
#1514 = DIRECTION ( 'NONE',  ( -1.000000000000000000, 0.000000000000000000, 0.000000000000000000 ) ) ;
#1515 = VECTOR ( 'NONE', #7827, 1000.000000000000000 ) ;
#1516 = LINE ( 'NONE', #4799, #79 ) ;
#1517 = EDGE_CURVE ( 'NONE', #7845, #316, #5131, .T. ) ;
#1518 = CARTESIAN_POINT ( 'NONE',  ( -34.26771300448390178, 0.000000000000000000, 1016.641658718408394 ) ) ;
#1519 = EDGE_CURVE ( 'NONE', #5515, #902, #6747, .T. ) ;
#1520 = DIRECTION ( 'NONE',  ( 0.000000000000000000, 1.000000000000000000, 0.000000000000000000 ) ) ;
#1521 = ORIENTED_EDGE ( 'NONE', *, *, #5660, .F. ) ;
#1522 = ORIENTED_EDGE ( 'NONE', *, *, #4932, .T. ) ;
#1523 = CARTESIAN_POINT ( 'NONE',  ( -19.71771300448400055, 3.357757825279103159, 995.9916601271909258 ) ) ;
#1524 = EDGE_LOOP ( 'NONE', ( #9821, #8172, #2351, #6254 ) ) ;
#1525 = CIRCLE ( 'NONE', #7359, 1.649999999999998579 ) ;
#1526 = ORIENTED_EDGE ( 'NONE', *, *, #3692, .F. ) ;
#1527 = DIRECTION ( 'NONE',  ( 0.000000000000000000, 0.000000000000000000, 1.000000000000000000 ) ) ;
#1528 = CLOSED_SHELL ( 'NONE', ( #9741, #7, #829, #1549, #2688, #6263, #2008, #10550, #3368, #3309, #6448, #1853, #3836, #5857, #369, #6803, #7650, #6332, #8054, #4290, #6325, #1274, #7811, #1602, #563, #1972, #8930, #8348, #5192, #3208, #1862, #5727, #7915, #6251, #8316, #10618, #5552, #9005, #444, #787, #9945, #8836, #3780 ) ) ;
#1529 = VERTEX_POINT ( 'NONE', #9831 ) ;
#1530 = DIRECTION ( 'NONE',  ( 0.4027860642715939132, 0.5811741446662946897, 0.7071067811865476838 ) ) ;
#1531 = LINE ( 'NONE', #3943, #4164 ) ;
#1532 = CARTESIAN_POINT ( 'NONE',  ( -27.71795265862082402, 44.12206184340948312, 1008.571930773416625 ) ) ;
#1533 = AXIS2_PLACEMENT_3D ( 'NONE', #9019, #2585, #7329 ) ;
#1534 = VECTOR ( 'NONE', #7683, 1000.000000000000000 ) ;
#1535 = EDGE_CURVE ( 'NONE', #8320, #1816, #8768, .T. ) ;
#1536 = ORIENTED_EDGE ( 'NONE', *, *, #10036, .F. ) ;
#1537 = VERTEX_POINT ( 'NONE', #8354 ) ;
#1538 = EDGE_CURVE ( 'NONE', #9550, #6792, #8407, .T. ) ;
#1539 = CARTESIAN_POINT ( 'NONE',  ( -9.667713004484095762, 43.92206366277464724, 1016.041658718408485 ) ) ;
#1540 = LINE ( 'NONE', #5476, #9157 ) ;
#1541 = EDGE_CURVE ( 'NONE', #2047, #8267, #808, .T. ) ;
#1542 = DIRECTION ( 'NONE',  ( -3.868740194890244000E-16, 1.000000000000000000, 0.000000000000000000 ) ) ;
#1543 = CARTESIAN_POINT ( 'NONE',  ( -18.70045624518010285, -28.85586464417758989, 1002.895356546633593 ) ) ;
#1544 = AXIS2_PLACEMENT_3D ( 'NONE', #379, #2117, #3613 ) ;
#1545 = VERTEX_POINT ( 'NONE', #8247 ) ;
#1546 = CARTESIAN_POINT ( 'NONE',  ( 0.000000000000000000, 43.02206366277465577, 988.9916601271910395 ) ) ;
#1547 = EDGE_LOOP ( 'NONE', ( #4789, #9862, #1779, #6627 ) ) ;
#1548 = CARTESIAN_POINT ( 'NONE',  ( -18.77311321617959194, -28.38647986532109968, 1001.824733954718113 ) ) ;
#1549 = ADVANCED_FACE ( 'NONE', ( #1786 ), #2682, .F. ) ;
#1550 = CARTESIAN_POINT ( 'NONE',  ( -25.11771300448399558, 26.01981126762380825, 992.0329098013203293 ) ) ;
#1551 = FACE_OUTER_BOUND ( 'NONE', #10351, .T. ) ;
#1552 = CARTESIAN_POINT ( 'NONE',  ( -2.166027711490896568, -7.696681776287242371, 1000.991660127190926 ) ) ;
#1553 = CARTESIAN_POINT ( 'NONE',  ( -34.31771300448401263, 29.52206337602792630, 999.1916601271910849 ) ) ;
#1554 = AXIS2_PLACEMENT_3D ( 'NONE', #549, #7984, #6421 ) ;
#1555 = CARTESIAN_POINT ( 'NONE',  ( -19.41771300448399273, 25.90063754220861370, 991.8346850343090182 ) ) ;
#1556 = ORIENTED_EDGE ( 'NONE', *, *, #2264, .T. ) ;
#1557 = DIRECTION ( 'NONE',  ( -0.7052447360823921318, -0.7089639357739411230, 0.000000000000000000 ) ) ;
#1558 = CARTESIAN_POINT ( 'NONE',  ( -26.22509117702022863, 44.48302267739404670, 990.0910012440970149 ) ) ;
#1559 = CARTESIAN_POINT ( 'NONE',  ( -25.21771336291741150, 26.01981126762374430, 983.6916601271909713 ) ) ;
#1560 = CARTESIAN_POINT ( 'NONE',  ( -17.66771300448388970, 44.52206368025920824, 1008.891658718408507 ) ) ;
#1561 = CARTESIAN_POINT ( 'NONE',  ( -16.62077353176869821, 35.68645382482968387, 1003.491660127191039 ) ) ;
#1562 = VECTOR ( 'NONE', #8618, 1000.000000000000000 ) ;
#1563 = CARTESIAN_POINT ( 'NONE',  ( -25.21787461532874630, 26.05339869864173608, 983.4916601271910395 ) ) ;
#1564 = CARTESIAN_POINT ( 'NONE',  ( -24.26771282526732421, 0.000000000000000000, 987.4916601271910395 ) ) ;
#1565 = DIRECTION ( 'NONE',  ( -0.4999999999999311662, -0.4999999999999295563, -0.7071067811866460495 ) ) ;
#1566 = PLANE ( 'NONE',  #2396 ) ;
#1567 = ORIENTED_EDGE ( 'NONE', *, *, #4988, .T. ) ;
#1568 = ORIENTED_EDGE ( 'NONE', *, *, #2603, .F. ) ;
#1569 = ORIENTED_EDGE ( 'NONE', *, *, #9715, .F. ) ;
#1570 = AXIS2_PLACEMENT_3D ( 'NONE', #3401, #9078, #4209 ) ;
#1571 = ORIENTED_EDGE ( 'NONE', *, *, #9117, .F. ) ;
#1572 = CARTESIAN_POINT ( 'NONE',  ( -31.54376413782049937, 3.389823106596329350, 996.8765417846359469 ) ) ;
#1573 = ORIENTED_EDGE ( 'NONE', *, *, #7208, .T. ) ;
#1574 = DIRECTION ( 'NONE',  ( 0.8219043574876573333, -0.5696255148277693525, 0.000000000000000000 ) ) ;
#1575 = ADVANCED_FACE ( 'NONE', ( #4156 ), #2899, .T. ) ;
#1576 = DIRECTION ( 'NONE',  ( -2.312964634635826675E-15, 0.000000000000000000, -1.000000000000000000 ) ) ;
#1577 = PLANE ( 'NONE',  #2269 ) ;
#1578 = CIRCLE ( 'NONE', #357, 3.298060944848555387 ) ;
#1579 = VECTOR ( 'NONE', #8336, 1000.000000000000000 ) ;
#1580 = VERTEX_POINT ( 'NONE', #5017 ) ;
#1581 = ORIENTED_EDGE ( 'NONE', *, *, #7932, .F. ) ;
#1582 = AXIS2_PLACEMENT_3D ( 'NONE', #4243, #4294, #7579 ) ;
#1583 = AXIS2_PLACEMENT_3D ( 'NONE', #7099, #8892, #1441 ) ;
#1584 = CARTESIAN_POINT ( 'NONE',  ( -34.26771300448390178, 44.52206366277465577, 1013.641658718408507 ) ) ;
#1585 = EDGE_CURVE ( 'NONE', #6339, #7445, #5999, .T. ) ;
#1586 = CARTESIAN_POINT ( 'NONE',  ( -18.47297981228107133, -28.33595698023039944, 1002.620336641251583 ) ) ;
#1587 = CARTESIAN_POINT ( 'NONE',  ( -11.21639305868349368, 33.50496801225766319, 983.7916601271909940 ) ) ;
#1588 = CARTESIAN_POINT ( 'NONE',  ( -34.86771300448413768, 0.000000000000000000, 995.9916601271909258 ) ) ;
#1589 = AXIS2_PLACEMENT_3D ( 'NONE', #5405, #7883, #5464 ) ;
#1590 = AXIS2_PLACEMENT_3D ( 'NONE', #2886, #3742, #9471 ) ;
#1591 = ORIENTED_EDGE ( 'NONE', *, *, #2459, .T. ) ;
#1592 = CARTESIAN_POINT ( 'NONE',  ( -22.50592197558157892, 28.01676547630498249, 990.2075151606244390 ) ) ;
#1593 = ORIENTED_EDGE ( 'NONE', *, *, #10437, .F. ) ;
#1594 = ADVANCED_FACE ( 'NONE', ( #6802 ), #1890, .T. ) ;
#1595 = ORIENTED_EDGE ( 'NONE', *, *, #4717, .T. ) ;
#1596 = CARTESIAN_POINT ( 'NONE',  ( 0.000000000000000000, 26.05339869864173608, 987.2916601271909940 ) ) ;
#1597 =( LENGTH_UNIT ( ) NAMED_UNIT ( * ) SI_UNIT ( .MILLI., .METRE. ) );
#1598 = EDGE_CURVE ( 'NONE', #9565, #10143, #10637, .T. ) ;
#1599 = AXIS2_PLACEMENT_3D ( 'NONE', #6235, #5380, #9543 ) ;
#1600 = FACE_OUTER_BOUND ( 'NONE', #9474, .T. ) ;
#1601 = CARTESIAN_POINT ( 'NONE',  ( -25.62826478105058214, -28.94505953594340397, 1002.770736032188438 ) ) ;
#1602 = ADVANCED_FACE ( 'NONE', ( #5340 ), #7818, .F. ) ;
#1603 = VECTOR ( 'NONE', #1394, 1000.000000000000000 ) ;
#1604 = CARTESIAN_POINT ( 'NONE',  ( -19.66830959875050411, 26.97938174605556227, 989.6113323325063220 ) ) ;
#1605 = ORIENTED_EDGE ( 'NONE', *, *, #5786, .T. ) ;
#1606 = DIRECTION ( 'NONE',  ( -1.000000000000000000, -1.983640083265496037E-15, 0.000000000000000000 ) ) ;
#1607 = DIRECTION ( 'NONE',  ( 0.000000000000000000, 0.000000000000000000, 1.000000000000000000 ) ) ;
#1608 = CARTESIAN_POINT ( 'NONE',  ( -18.15481985826431810, 18.59621601721052997, 1003.491660127191039 ) ) ;
#1609 = CARTESIAN_POINT ( 'NONE',  ( -20.37034640838253097, -27.15791218717140154, 1001.511275369461487 ) ) ;
#1610 = CARTESIAN_POINT ( 'NONE',  ( -20.26771282526731355, 30.70339905707479033, 986.5916604856245158 ) ) ;
#1611 = DIRECTION ( 'NONE',  ( 1.000000000000000000, 0.000000000000000000, 0.000000000000000000 ) ) ;
#1612 = DIRECTION ( 'NONE',  ( -0.000000000000000000, -0.000000000000000000, -1.000000000000000000 ) ) ;
#1613 = EDGE_CURVE ( 'NONE', #1245, #1615, #5397, .T. ) ;
#1614 = LINE ( 'NONE', #8286, #9291 ) ;
#1615 = VERTEX_POINT ( 'NONE', #1015 ) ;
#1616 = ORIENTED_EDGE ( 'NONE', *, *, #6680, .F. ) ;
#1617 = VERTEX_POINT ( 'NONE', #217 ) ;
#1618 = ORIENTED_EDGE ( 'NONE', *, *, #10200, .F. ) ;
#1619 = EDGE_CURVE ( 'NONE', #2708, #10076, #2115, .T. ) ;
#1620 = ORIENTED_EDGE ( 'NONE', *, *, #2703, .F. ) ;
#1621 = DIRECTION ( 'NONE',  ( 1.000000000000000000, 0.000000000000000000, 0.000000000000000000 ) ) ;
#1622 = ORIENTED_EDGE ( 'NONE', *, *, #5072, .F. ) ;
#1623 = DIRECTION ( 'NONE',  ( 0.000000000000000000, 0.7071067811865312525, 0.7071067811865638930 ) ) ;
#1624 = DIRECTION ( 'NONE',  ( 0.000000000000000000, 0.000000000000000000, -1.000000000000000000 ) ) ;
#1625 = CARTESIAN_POINT ( 'NONE',  ( -20.87271300448400169, -28.26499943599120002, 1000.764811844528936 ) ) ;
#1626 = CARTESIAN_POINT ( 'NONE',  ( -9.667713004484090433, 31.17414358537395103, 1016.641658718408394 ) ) ;
#1627 = MANIFOLD_SOLID_BREP ( 'Chamfer3', #1528 ) ;
#1628 = CARTESIAN_POINT ( 'NONE',  ( -34.56771264605070115, -0.000000000000000000, 987.4916601271910395 ) ) ;
#1629 = AXIS2_PLACEMENT_3D ( 'NONE', #1960, #2223, #4385 ) ;
#1630 = EDGE_CURVE ( 'NONE', #8109, #2018, #4616, .T. ) ;
#1631 = ORIENTED_EDGE ( 'NONE', *, *, #3438, .T. ) ;
#1632 = EDGE_CURVE ( 'NONE', #3691, #1683, #4478, .T. ) ;
#1633 = VERTEX_POINT ( 'NONE', #7760 ) ;
#1634 = DIRECTION ( 'NONE',  ( -1.000000000000000000, 0.000000000000000000, 0.000000000000000000 ) ) ;
#1635 = EDGE_LOOP ( 'NONE', ( #8089, #6333, #6660, #6481 ) ) ;
#1636 = CARTESIAN_POINT ( 'NONE',  ( -14.33162674035339457, 30.57414358537394250, 1003.491660127191039 ) ) ;
#1637 = CARTESIAN_POINT ( 'NONE',  ( -18.46771300448399344, 16.58626659614299470, 1002.291660127190994 ) ) ;
#1638 = FACE_BOUND ( 'NONE', #5002, .T. ) ;
#1639 = CARTESIAN_POINT ( 'NONE',  ( -27.53035297124544201, 5.216395095191098896, 1000.991660126497891 ) ) ;
#1640 = DIRECTION ( 'NONE',  ( 0.000000000000000000, 0.9914448613738193750, 0.1305261922199830726 ) ) ;
#1641 = EDGE_CURVE ( 'NONE', #7445, #7492, #3451, .T. ) ;
#1642 = B_SPLINE_SURFACE_WITH_KNOTS ( 'NONE', 3, 3, ( 
 ( #10327, #5489, #8899, #10385 ),
 ( #3005, #7159, #1497, #6285 ),
 ( #9594, #4781, #8787, #9648 ),
 ( #8847, #1450, #4014, #6662 ),
 ( #6549, #3425, #5793, #6718 ) ),
 .UNSPECIFIED., .F., .F., .F.,
 ( 4, 1, 4 ),
 ( 4, 4 ),
 ( 0.000000000000000000, 0.5000000000000000000, 1.000000000000000000 ),
 ( 1.109582040974720088E-15, 0.02773104743879990092 ),
 .UNSPECIFIED. ) ;
#1643 = ORIENTED_EDGE ( 'NONE', *, *, #4073, .T. ) ;
#1644 = LINE ( 'NONE', #3113, #2046 ) ;
#1645 = ORIENTED_EDGE ( 'NONE', *, *, #5487, .T. ) ;
#1646 = ORIENTED_EDGE ( 'NONE', *, *, #4751, .F. ) ;
#1647 = DIRECTION ( 'NONE',  ( 0.000000000000000000, 0.000000000000000000, 1.000000000000000000 ) ) ;
#1648 = LINE ( 'NONE', #4929, #10418 ) ;
#1649 = DIRECTION ( 'NONE',  ( -1.000000000000000000, 0.000000000000000000, -0.000000000000000000 ) ) ;
#1650 = ADVANCED_FACE ( 'NONE', ( #322 ), #4540, .T. ) ;
#1651 = LINE ( 'NONE', #8955, #1752 ) ;
#1652 = VECTOR ( 'NONE', #4118, 1000.000000000000000 ) ;
#1653 = EDGE_CURVE ( 'NONE', #749, #10519, #2917, .T. ) ;
#1654 = EDGE_CURVE ( 'NONE', #6642, #7782, #8199, .T. ) ;
#1655 =( BOUNDED_CURVE ( )  B_SPLINE_CURVE ( 3, ( #6818, #10107, #179, #876 ),
 .UNSPECIFIED., .F., .T. ) 
 B_SPLINE_CURVE_WITH_KNOTS ( ( 4, 4 ),
 ( 4.788397976774013465, 6.283185307179575574 ),
 .UNSPECIFIED. ) 
 CURVE ( )  GEOMETRIC_REPRESENTATION_ITEM ( )  RATIONAL_B_SPLINE_CURVE ( ( 1.000000000000000000, 0.8223086403392729782, 0.8223086403392729782, 1.000000000000000000 ) ) 
 REPRESENTATION_ITEM ( '' )  );
#1656 = CARTESIAN_POINT ( 'NONE',  ( -9.767713004483912442, 27.12474473412938636, 983.4916601271910395 ) ) ;
#1657 = ORIENTED_EDGE ( 'NONE', *, *, #6778, .T. ) ;
#1658 = DIRECTION ( 'NONE',  ( -0.000000000000000000, -0.000000000000000000, -1.000000000000000000 ) ) ;
#1659 = AXIS2_PLACEMENT_3D ( 'NONE', #9518, #3732, #8769 ) ;
#1660 = CARTESIAN_POINT ( 'NONE',  ( -25.51972155265043796, 26.15044543667208643, 987.6915725301353177 ) ) ;
#1661 = FACE_OUTER_BOUND ( 'NONE', #3790, .T. ) ;
#1662 = CARTESIAN_POINT ( 'NONE',  ( -18.22081895750974212, -28.03349976787639619, 1002.151258119143677 ) ) ;
#1663 = CARTESIAN_POINT ( 'NONE',  ( -26.23702504997878293, -27.14857982803859926, 1001.712943257861525 ) ) ;
#1664 = DIRECTION ( 'NONE',  ( -0.7071067811865462405, -0.7071067811865489050, 0.000000000000000000 ) ) ;
#1665 = AXIS2_PLACEMENT_3D ( 'NONE', #9197, #4383, #732 ) ;
#1666 = FACE_OUTER_BOUND ( 'NONE', #1210, .T. ) ;
#1667 = EDGE_LOOP ( 'NONE', ( #4509, #8784, #10321, #4950, #9701 ) ) ;
#1668 = EDGE_LOOP ( 'NONE', ( #7334, #2436, #1319, #3497, #4986, #6115, #1063 ) ) ;
#1669 = ORIENTED_EDGE ( 'NONE', *, *, #7446, .T. ) ;
#1670 = ORIENTED_EDGE ( 'NONE', *, *, #10170, .F. ) ;
#1671 = DIRECTION ( 'NONE',  ( 0.000000000000000000, 0.000000000000000000, 1.000000000000000000 ) ) ;
#1672 = EDGE_CURVE ( 'NONE', #8686, #4350, #3186, .T. ) ;
#1673 = VERTEX_POINT ( 'NONE', #9770 ) ;
#1674 = CARTESIAN_POINT ( 'NONE',  ( -17.00507303839652096, 5.216395102160301889, 1000.991660126949114 ) ) ;
#1675 = PLANE ( 'NONE',  #345 ) ;
#1676 = FACE_OUTER_BOUND ( 'NONE', #6717, .T. ) ;
#1677 = DIRECTION ( 'NONE',  ( 1.000000000000000000, 0.000000000000000000, 0.000000000000000000 ) ) ;
#1678 = B_SPLINE_CURVE_WITH_KNOTS ( 'NONE', 3,
 ( #909, #216, #7597, #7487, #1833 ),
 .UNSPECIFIED., .F., .F.,
 ( 4, 1, 4 ),
 ( 0.000000000000000000, 0.7240916255496796516, 1.000000000000000000 ),
 .UNSPECIFIED. ) ;
#1679 = CARTESIAN_POINT ( 'NONE',  ( -14.69852495467010023, 31.08079492819511813, 1014.306158709955753 ) ) ;
#1680 = CONICAL_SURFACE ( 'NONE', #3404, 14.88000000000000078, 0.7853981633974476129 ) ;
#1681 = VERTEX_POINT ( 'NONE', #2380 ) ;
#1682 = CARTESIAN_POINT ( 'NONE',  ( -30.41771300448400694, 29.52206337602792630, 987.4916601271910395 ) ) ;
#1683 = VERTEX_POINT ( 'NONE', #600 ) ;
#1684 = CARTESIAN_POINT ( 'NONE',  ( -23.33407740401586850, 27.28193095851273497, 989.2443183997761480 ) ) ;
#1685 = VERTEX_POINT ( 'NONE', #1415 ) ;
#1686 = EDGE_LOOP ( 'NONE', ( #4729, #10592, #1436, #618 ) ) ;
#1687 = CARTESIAN_POINT ( 'NONE',  ( -23.76422532889280603, 27.09555010361779992, 988.0955576671480003 ) ) ;
#1688 = DIRECTION ( 'NONE',  ( 0.4999999999999232281, -0.4999999999999228950, -0.7071067811866564856 ) ) ;
#1689 = CYLINDRICAL_SURFACE ( 'NONE', #5886, 1.000000000000013323 ) ;
#1690 = AXIS2_PLACEMENT_3D ( 'NONE', #1466, #2333, #8031 ) ;
#1691 = CARTESIAN_POINT ( 'NONE',  ( -26.86771287334993374, 43.02206287596968792, 995.9916601271909258 ) ) ;
#1692 = AXIS2_PLACEMENT_3D ( 'NONE', #2679, #1815, #9375 ) ;
#1693 = LINE ( 'NONE', #7501, #7474 ) ;
#1694 = DIRECTION ( 'NONE',  ( -1.000000000000000000, 0.000000000000000000, 0.000000000000000000 ) ) ;
#1695 = CARTESIAN_POINT ( 'NONE',  ( -29.83337991036203718, 30.81759991696075929, 1013.843489490253546 ) ) ;
#1696 = ORIENTED_EDGE ( 'NONE', *, *, #10606, .T. ) ;
#1697 = CARTESIAN_POINT ( 'NONE',  ( -3.670440277211319380, -10.47773340385700358, 1000.991660127190926 ) ) ;
#1698 = AXIS2_PLACEMENT_3D ( 'NONE', #8782, #3854, #2787 ) ;
#1699 = ORIENTED_EDGE ( 'NONE', *, *, #7398, .F. ) ;
#1700 = VERTEX_POINT ( 'NONE', #8694 ) ;
#1701 = CARTESIAN_POINT ( 'NONE',  ( -12.46771300448399344, 29.47981022745160828, 990.4916601271910395 ) ) ;
#1702 = ADVANCED_FACE ( 'NONE', ( #7875 ), #4096, .F. ) ;
#1703 = DIRECTION ( 'NONE',  ( 0.000000000000000000, 0.000000000000000000, -1.000000000000000000 ) ) ;
#1704 = AXIS2_PLACEMENT_3D ( 'NONE', #4229, #3423, #5138 ) ;
#1705 = CARTESIAN_POINT ( 'NONE',  ( -25.74294864934424965, -28.85055402455519769, 1002.491852182949287 ) ) ;
#1706 = CARTESIAN_POINT ( 'NONE',  ( -19.60953537556081727, 27.47461582883451570, 990.0063072504427737 ) ) ;
#1707 = ORIENTED_EDGE ( 'NONE', *, *, #9709, .T. ) ;
#1708 = CARTESIAN_POINT ( 'NONE',  ( -26.92581310555324947, -26.32653848368343574, 1001.031281537955124 ) ) ;
#1709 = CARTESIAN_POINT ( 'NONE',  ( -11.79799604194960239, 2.628868686766200558, 995.9916601271909258 ) ) ;
#1710 = CARTESIAN_POINT ( 'NONE',  ( -32.26771300448400126, 8.655756606077503079, 995.9916601271909258 ) ) ;
#1711 = CARTESIAN_POINT ( 'NONE',  ( -18.47855575809924034, -27.98631085781799754, 1002.531292310117919 ) ) ;
#1712 = EDGE_CURVE ( 'NONE', #7230, #1964, #10299, .T. ) ;
#1713 = CARTESIAN_POINT ( 'NONE',  ( -26.12009761536209140, -27.65767166153860046, 999.5919006528240516 ) ) ;
#1714 = DIRECTION ( 'NONE',  ( -1.000000000000000000, 0.000000000000000000, 0.000000000000000000 ) ) ;
#1715 = EDGE_CURVE ( 'NONE', #7403, #6094, #4800, .T. ) ;
#1716 = AXIS2_PLACEMENT_3D ( 'NONE', #7340, #3245, #961 ) ;
#1717 = ADVANCED_FACE ( 'NONE', ( #5611 ), #9627, .T. ) ;
#1718 = LINE ( 'NONE', #4896, #135 ) ;
#1719 = VERTEX_POINT ( 'NONE', #3083 ) ;
#1720 = EDGE_LOOP ( 'NONE', ( #5331, #398, #1696, #4199 ) ) ;
#1721 = ORIENTED_EDGE ( 'NONE', *, *, #5415, .T. ) ;
#1722 = VERTEX_POINT ( 'NONE', #8756 ) ;
#1723 = ORIENTED_EDGE ( 'NONE', *, *, #7068, .T. ) ;
#1724 = EDGE_CURVE ( 'NONE', #7430, #3617, #7227, .T. ) ;
#1725 = DIRECTION ( 'NONE',  ( -0.6785983445458464436, -0.2810846377148234487, 0.6785983445458464436 ) ) ;
#1726 = AXIS2_PLACEMENT_3D ( 'NONE', #5506, #1410, #4695 ) ;
#1727 = CARTESIAN_POINT ( 'NONE',  ( -33.69820614637730927, 33.56340317851060462, 983.7916601271909940 ) ) ;
#1728 = CARTESIAN_POINT ( 'NONE',  ( -15.20720911784412976, -27.25791218717154507, 995.9916601271909258 ) ) ;
#1729 = DIRECTION ( 'NONE',  ( 1.000000000000000000, 0.000000000000000000, 0.000000000000000000 ) ) ;
#1730 = CARTESIAN_POINT ( 'NONE',  ( -20.06771282526723965, 26.05339869864173608, 983.4916601271910395 ) ) ;
#1731 = CARTESIAN_POINT ( 'NONE',  ( -14.69852495467010023, 31.08079492819511813, 1003.491660127191039 ) ) ;
#1732 = VECTOR ( 'NONE', #2152, 1000.000000000000227 ) ;
#1733 = EDGE_CURVE ( 'NONE', #10397, #22, #6350, .T. ) ;
#1734 = ORIENTED_EDGE ( 'NONE', *, *, #2737, .T. ) ;
#1735 = LINE ( 'NONE', #8304, #6178 ) ;
#1736 = ORIENTED_EDGE ( 'NONE', *, *, #2560, .F. ) ;
#1737 = CARTESIAN_POINT ( 'NONE',  ( -25.11771300448405597, 25.90063754222565962, 991.8346850342963990 ) ) ;
#1738 = ORIENTED_EDGE ( 'NONE', *, *, #5933, .F. ) ;
#1739 = EDGE_LOOP ( 'NONE', ( #7036, #1442, #7008, #903 ) ) ;
#1740 = B_SPLINE_CURVE_WITH_KNOTS ( 'NONE', 3,
 ( #3236, #2429, #8134, #4946, #6681 ),
 .UNSPECIFIED., .F., .F.,
 ( 4, 1, 4 ),
 ( 0.000000000000000000, 0.5000000000000000000, 1.000000000000000000 ),
 .UNSPECIFIED. ) ;
#1741 = LINE ( 'NONE', #9566, #2358 ) ;
#1742 = DIRECTION ( 'NONE',  ( -0.000000000000000000, -0.000000000000000000, -1.000000000000000000 ) ) ;
#1743 = AXIS2_PLACEMENT_3D ( 'NONE', #9328, #1166, #2850 ) ;
#1744 = DIRECTION ( 'NONE',  ( 0.000000000000000000, 0.000000000000000000, -1.000000000000000000 ) ) ;
#1745 = CARTESIAN_POINT ( 'NONE',  ( -25.46244619668694043, -27.15791218717140154, 1001.511275369461487 ) ) ;
#1746 = CARTESIAN_POINT ( 'NONE',  ( -10.26771300448391422, 26.01981126762381180, 987.4916601271910395 ) ) ;
#1747 = DIRECTION ( 'NONE',  ( 0.8778659758202219665, 0.4789063880313245147, 0.000000000000000000 ) ) ;
#1748 = CARTESIAN_POINT ( 'NONE',  ( -19.48828635363916462, 25.73855091517518545, 988.1709573035705034 ) ) ;
#1749 = VERTEX_POINT ( 'NONE', #10566 ) ;
#1750 = CARTESIAN_POINT ( 'NONE',  ( -32.73742996701840013, 2.628868686766200558, 995.9916601271909258 ) ) ;
#1751 = VECTOR ( 'NONE', #1818, 1000.000000000000000 ) ;
#1752 = VECTOR ( 'NONE', #8328, 1000.000000000000000 ) ;
#1753 = VERTEX_POINT ( 'NONE', #8918 ) ;
#1754 = EDGE_CURVE ( 'NONE', #7219, #6734, #3984, .T. ) ;
#1755 = DIRECTION ( 'NONE',  ( -0.000000000000000000, -0.000000000000000000, 1.000000000000000000 ) ) ;
#1756 = DIRECTION ( 'NONE',  ( -0.000000000000000000, -0.000000000000000000, 1.000000000000000000 ) ) ;
#1757 = AXIS2_PLACEMENT_3D ( 'NONE', #330, #4488, #6155 ) ;
#1758 = PLANE ( 'NONE',  #393 ) ;
#1759 = VECTOR ( 'NONE', #6815, 1000.000000000000000 ) ;
#1760 = CARTESIAN_POINT ( 'NONE',  ( -28.18905988234177329, 31.59893860869147275, 983.7916601271909940 ) ) ;
#1761 = B_SPLINE_CURVE_WITH_KNOTS ( 'NONE', 3,
 ( #4184, #777, #8165, #8220, #7363, #2675, #8327 ),
 .UNSPECIFIED., .F., .F.,
 ( 4, 1, 1, 1, 4 ),
 ( 0.09903775868148755046, 0.2578969697495968605, 0.5135189553729428980, 0.7691409409962891575, 1.024762926619634973 ),
 .UNSPECIFIED. ) ;
#1762 = EDGE_CURVE ( 'NONE', #5840, #5554, #1359, .T. ) ;
#1763 = CARTESIAN_POINT ( 'NONE',  ( -21.08165264574457964, 27.22050958877566273, 988.9916601271910395 ) ) ;
#1764 = AXIS2_PLACEMENT_3D ( 'NONE', #1282, #10233, #8619 ) ;
#1765 = AXIS2_PLACEMENT_3D ( 'NONE', #9998, #1088, #1801 ) ;
#1766 = VERTEX_POINT ( 'NONE', #7926 ) ;
#1767 = CARTESIAN_POINT ( 'NONE',  ( -27.35388643095169314, -26.25791218717159836, 1000.991660127190926 ) ) ;
#1768 = DIRECTION ( 'NONE',  ( 0.000000000000000000, 0.000000000000000000, 1.000000000000000000 ) ) ;
#1769 = CYLINDRICAL_SURFACE ( 'NONE', #6664, 5.000000000000001776 ) ;
#1770 = CARTESIAN_POINT ( 'NONE',  ( -17.47297981228107133, -28.39887302676109826, 1002.227744444252494 ) ) ;
#1771 = DIRECTION ( 'NONE',  ( 0.000000000000000000, 0.000000000000000000, -1.000000000000000000 ) ) ;
#1772 = CARTESIAN_POINT ( 'NONE',  ( -13.69970247668900321, 23.89986204311082574, 987.4916601271910395 ) ) ;
#1773 = AXIS2_PLACEMENT_3D ( 'NONE', #3323, #884, #9953 ) ;
#1774 = VERTEX_POINT ( 'NONE', #488 ) ;
#1775 = VERTEX_POINT ( 'NONE', #3774 ) ;
#1776 = ORIENTED_EDGE ( 'NONE', *, *, #2049, .T. ) ;
#1777 = ORIENTED_EDGE ( 'NONE', *, *, #10018, .T. ) ;
#1778 = LINE ( 'NONE', #904, #6838 ) ;
#1779 = ORIENTED_EDGE ( 'NONE', *, *, #1535, .T. ) ;
#1780 = CARTESIAN_POINT ( 'NONE',  ( -16.27034903877505556, 18.37435752405615474, 997.4810598675729807 ) ) ;
#1781 = CARTESIAN_POINT ( 'NONE',  ( -34.76771264605072531, 44.42206330434124339, 987.2916601271911077 ) ) ;
#1782 = CARTESIAN_POINT ( 'NONE',  ( -32.26771300448400126, 8.655756606077503079, 995.9916601271909258 ) ) ;
#1783 = DIRECTION ( 'NONE',  ( 0.5773502691896504890, -0.5773502691896504890, 0.5773502691895762151 ) ) ;
#1784 = EDGE_CURVE ( 'NONE', #5734, #5828, #8083, .T. ) ;
#1785 = EDGE_CURVE ( 'NONE', #1134, #9466, #2525, .T. ) ;
#1786 = FACE_OUTER_BOUND ( 'NONE', #8893, .T. ) ;
#1787 = ORIENTED_EDGE ( 'NONE', *, *, #6040, .F. ) ;
#1788 = CARTESIAN_POINT ( 'NONE',  ( -31.18927692287224573, 23.54630865251749228, 987.2916601271911077 ) ) ;
#1789 = EDGE_CURVE ( 'NONE', #4200, #6367, #8982, .T. ) ;
#1790 = ORIENTED_EDGE ( 'NONE', *, *, #2190, .T. ) ;
#1791 = FACE_BOUND ( 'NONE', #8123, .T. ) ;
#1792 = EDGE_LOOP ( 'NONE', ( #506, #6377, #6335, #2696, #3016 ) ) ;
#1793 = EDGE_LOOP ( 'NONE', ( #5024, #8608, #9026, #4589 ) ) ;
#1794 = LINE ( 'NONE', #5128, #8540 ) ;
#1795 = CYLINDRICAL_SURFACE ( 'NONE', #186, 0.6000000000000033085 ) ;
#1796 = DIRECTION ( 'NONE',  ( -0.7261534621377974119, 0.6875326533520357275, 0.000000000000000000 ) ) ;
#1797 = PLANE ( 'NONE',  #8380 ) ;
#1798 = PLANE ( 'NONE',  #5534 ) ;
#1799 = EDGE_CURVE ( 'NONE', #4753, #8628, #660, .T. ) ;
#1800 = CARTESIAN_POINT ( 'NONE',  ( -27.51795447798598460, 37.53953660251080038, 1008.566659422781527 ) ) ;
#1801 = DIRECTION ( 'NONE',  ( 1.000000000000000000, 0.000000000000000000, 0.000000000000000000 ) ) ;
#1802 = LINE ( 'NONE', #17, #3381 ) ;
#1803 = ORIENTED_EDGE ( 'NONE', *, *, #10229, .F. ) ;
#1804 = CARTESIAN_POINT ( 'NONE',  ( -17.91771300448399629, 44.52206366277465577, 988.9916601271910395 ) ) ;
#1805 = ORIENTED_EDGE ( 'NONE', *, *, #2853, .F. ) ;
#1806 = VERTEX_POINT ( 'NONE', #6307 ) ;
#1807 = FACE_OUTER_BOUND ( 'NONE', #1048, .T. ) ;
#1808 = DIRECTION ( 'NONE',  ( 0.7071067811865473507, 0.7071067811865477948, 0.000000000000000000 ) ) ;
#1809 = CONICAL_SURFACE ( 'NONE', #10579, 3.498060944848582210, 0.7853981633975610777 ) ;
#1810 = EDGE_CURVE ( 'NONE', #982, #1246, #9387, .T. ) ;
#1811 = DIRECTION ( 'NONE',  ( -0.000000000000000000, -0.000000000000000000, 1.000000000000000000 ) ) ;
#1812 = CARTESIAN_POINT ( 'NONE',  ( -20.87271300448400169, -27.75324189042809664, 1000.260605760541921 ) ) ;
#1813 = CIRCLE ( 'NONE', #6109, 0.8000000000000008216 ) ;
#1814 = ORIENTED_EDGE ( 'NONE', *, *, #5213, .T. ) ;
#1815 = DIRECTION ( 'NONE',  ( 0.7071067811864183428, 0.7071067811866768027, -1.635512977795359464E-15 ) ) ;
#1816 = VERTEX_POINT ( 'NONE', #7681 ) ;
#1817 = CARTESIAN_POINT ( 'NONE',  ( -19.07297981228107275, -27.65791218717139799, 1002.202772129904702 ) ) ;
#1818 = DIRECTION ( 'NONE',  ( 0.7071067811865600072, 8.659560562355085700E-17, -0.7071067811865350272 ) ) ;
#1819 = CYLINDRICAL_SURFACE ( 'NONE', #9933, 10.00000000000000178 ) ;
#1820 = CARTESIAN_POINT ( 'NONE',  ( -20.06771282526723965, 26.05339869864173608, 985.0416601271911077 ) ) ;
#1821 = CARTESIAN_POINT ( 'NONE',  ( -24.33429505326478193, -28.26499943599120002, 1000.764811844528936 ) ) ;
#1822 = CARTESIAN_POINT ( 'NONE',  ( -26.06771300448400197, 15.35439068285623421, 1003.491660127191039 ) ) ;
#1823 = CIRCLE ( 'NONE', #5780, 1.649999999999998579 ) ;
#1824 = ORIENTED_EDGE ( 'NONE', *, *, #4547, .F. ) ;
#1825 = ORIENTED_EDGE ( 'NONE', *, *, #2286, .F. ) ;
#1826 = ORIENTED_EDGE ( 'NONE', *, *, #10329, .T. ) ;
#1827 = ORIENTED_EDGE ( 'NONE', *, *, #3430, .F. ) ;
#1828 = CARTESIAN_POINT ( 'NONE',  ( -19.41771300448399629, 28.91940829628347132, 993.1916601271910849 ) ) ;
#1829 = ORIENTED_EDGE ( 'NONE', *, *, #9646, .F. ) ;
#1830 = DIRECTION ( 'NONE',  ( 1.000000000000000000, 0.000000000000000000, 0.000000000000000000 ) ) ;
#1831 = LINE ( 'NONE', #2542, #4821 ) ;
#1832 = CARTESIAN_POINT ( 'NONE',  ( -18.77261735003138199, -28.38781045001530146, 1001.826063196112727 ) ) ;
#1833 = CARTESIAN_POINT ( 'NONE',  ( -26.06280045117008370, -27.29353957469461633, 1001.589854247018025 ) ) ;
#1834 = VECTOR ( 'NONE', #9662, 1000.000000000000000 ) ;
#1835 = EDGE_CURVE ( 'NONE', #2076, #1775, #9816, .T. ) ;
#1836 = CARTESIAN_POINT ( 'NONE',  ( -16.62077353176869821, 35.68645382482968387, 1003.491660127191039 ) ) ;
#1837 = CARTESIAN_POINT ( 'NONE',  ( -9.667713004484095762, 43.92206366277464724, 1003.491660127191039 ) ) ;
#1838 = AXIS2_PLACEMENT_3D ( 'NONE', #4739, #8124, #7917 ) ;
#1839 = VERTEX_POINT ( 'NONE', #4138 ) ;
#1840 = CARTESIAN_POINT ( 'NONE',  ( -25.20114276022437139, 25.24948002250863510, 989.1327798450078035 ) ) ;
#1841 = CIRCLE ( 'NONE', #4249, 3.000000000000050182 ) ;
#1842 = VERTEX_POINT ( 'NONE', #4399 ) ;
#1843 = EDGE_LOOP ( 'NONE', ( #2765, #678, #6533, #8074 ) ) ;
#1844 = CARTESIAN_POINT ( 'NONE',  ( -24.55864237233648240, 26.49833787084350689, 988.1717543432864659 ) ) ;
#1845 = CARTESIAN_POINT ( 'NONE',  ( -15.81965170120199993, 26.01981126762380825, 987.4916601271910395 ) ) ;
#1846 = CARTESIAN_POINT ( 'NONE',  ( -25.88671026539886810, -27.83364811845947173, 1004.591660127191176 ) ) ;
#1847 = CARTESIAN_POINT ( 'NONE',  ( -26.86771300448409860, 44.52206287596965950, 1008.891658718408507 ) ) ;
#1848 = DIRECTION ( 'NONE',  ( -0.000000000000000000, -0.000000000000000000, 1.000000000000000000 ) ) ;
#1849 = EDGE_CURVE ( 'NONE', #9161, #7879, #7422, .T. ) ;
#1850 = CARTESIAN_POINT ( 'NONE',  ( -34.86771300448413768, 44.52206366277465577, 995.9916601271909258 ) ) ;
#1851 = VECTOR ( 'NONE', #5225, 1000.000000000000000 ) ;
#1852 = LINE ( 'NONE', #6252, #2628 ) ;
#1853 = ADVANCED_FACE ( 'NONE', ( #5206 ), #8182, .F. ) ;
#1854 = CARTESIAN_POINT ( 'NONE',  ( -20.26771282526732065, 44.22206330434122634, 987.4916601271910395 ) ) ;
#1855 = ORIENTED_EDGE ( 'NONE', *, *, #1799, .T. ) ;
#1856 = CARTESIAN_POINT ( 'NONE',  ( -16.81817633651091626, 37.54806902988372030, 1008.566659422783800 ) ) ;
#1857 = EDGE_CURVE ( 'NONE', #9620, #4457, #9067, .T. ) ;
#1858 = ORIENTED_EDGE ( 'NONE', *, *, #9395, .T. ) ;
#1859 = ORIENTED_EDGE ( 'NONE', *, *, #9881, .F. ) ;
#1860 = AXIS2_PLACEMENT_3D ( 'NONE', #8011, #10436, #630 ) ;
#1861 = FILL_AREA_STYLE ('',( #4340 ) ) ;
#1862 = ADVANCED_FACE ( 'NONE', ( #8500 ), #1566, .T. ) ;
#1863 = CARTESIAN_POINT ( 'NONE',  ( -10.81771300448399309, 29.47981022745160828, 983.4916601271910395 ) ) ;
#1864 = CARTESIAN_POINT ( 'NONE',  ( -16.21842501921068447, 44.52206366277465577, 1008.582053735681598 ) ) ;
#1865 = CARTESIAN_POINT ( 'NONE',  ( -19.07064949626684225, -27.72404996593479964, 1000.901398044155712 ) ) ;
#1866 = AXIS2_PLACEMENT_3D ( 'NONE', #552, #4807, #10409 ) ;
#1867 = ORIENTED_EDGE ( 'NONE', *, *, #7647, .F. ) ;
#1868 = EDGE_CURVE ( 'NONE', #1615, #3896, #9104, .T. ) ;
#1869 = CARTESIAN_POINT ( 'NONE',  ( -26.06266914154691960, -27.27486185344758240, 1001.578796290767627 ) ) ;
#1870 = ORIENTED_EDGE ( 'NONE', *, *, #6750, .F. ) ;
#1871 = DIRECTION ( 'NONE',  ( 0.000000000000000000, 1.000000000000000000, 0.000000000000000000 ) ) ;
#1872 = CONICAL_SURFACE ( 'NONE', #7899, 5.600000000000001421, 0.7853981633974490562 ) ;
#1873 = DIRECTION ( 'NONE',  ( 0.000000000000000000, -0.8660254037844383745, 0.5000000000000003331 ) ) ;
#1874 = DIRECTION ( 'NONE',  ( 0.000000000000000000, 1.000000000000000000, 0.000000000000000000 ) ) ;
#1875 = LINE ( 'NONE', #3595, #9144 ) ;
#1876 = CARTESIAN_POINT ( 'NONE',  ( -25.68218542984235242, -27.37310026106609584, 1000.121202173418737 ) ) ;
#1877 = CARTESIAN_POINT ( 'NONE',  ( -26.10217962430868255, -27.39003042595530246, 1001.645415406550001 ) ) ;
#1878 = LINE ( 'NONE', #362, #5717 ) ;
#1879 = AXIS2_PLACEMENT_3D ( 'NONE', #5579, #2295, #10475 ) ;
#1880 = ORIENTED_EDGE ( 'NONE', *, *, #2304, .T. ) ;
#1881 = ORIENTED_EDGE ( 'NONE', *, *, #2798, .F. ) ;
#1882 = ORIENTED_EDGE ( 'NONE', *, *, #9655, .F. ) ;
#1883 = CARTESIAN_POINT ( 'NONE',  ( -16.49221888768838085, 5.981144476670398724, 997.1916601271909713 ) ) ;
#1884 = ORIENTED_EDGE ( 'NONE', *, *, #5365, .F. ) ;
#1885 = PLANE ( 'NONE',  #7853 ) ;
#1886 = CARTESIAN_POINT ( 'NONE',  ( -27.68769925605116455, 6.597342624120362764, 999.1435978003358969 ) ) ;
#1887 = DIRECTION ( 'NONE',  ( 4.958996176659044906E-15, -0.8660254037844389297, 0.4999999999999994449 ) ) ;
#1888 = CARTESIAN_POINT ( 'NONE',  ( -18.64273881871858052, -28.48430378347140035, 1002.031692235692844 ) ) ;
#1889 = CARTESIAN_POINT ( 'NONE',  ( -4.415624040357359448, -10.84889316990387442, 1004.863903874311859 ) ) ;
#1890 = CYLINDRICAL_SURFACE ( 'NONE', #9797, 1.550000000000051337 ) ;
#1891 = CARTESIAN_POINT ( 'NONE',  ( -15.18593675859976244, 0.8509011093576004381, 1001.314021846739820 ) ) ;
#1892 = VECTOR ( 'NONE', #5926, 1000.000000000000227 ) ;
#1893 = ORIENTED_EDGE ( 'NONE', *, *, #3832, .F. ) ;
#1894 = CARTESIAN_POINT ( 'NONE',  ( -25.11771300448320687, 27.79425031086736197, 990.1655757421899580 ) ) ;
#1895 = ADVANCED_FACE ( 'NONE', ( #3389 ), #2554, .F. ) ;
#1896 = VERTEX_POINT ( 'NONE', #2482 ) ;
#1897 = DIRECTION ( 'NONE',  ( 0.000000000000000000, -1.000000000000000000, 0.000000000000000000 ) ) ;
#1898 = CARTESIAN_POINT ( 'NONE',  ( -10.26771300448409896, 31.17414358537387642, 1016.641658718408394 ) ) ;
#1899 = CARTESIAN_POINT ( 'NONE',  ( -14.71771300448399522, 29.47981022745160828, 1003.491660127191039 ) ) ;
#1900 = CARTESIAN_POINT ( 'NONE',  ( -26.06244619668694185, -28.33595698023039944, 1002.620336641251356 ) ) ;
#1901 = CARTESIAN_POINT ( 'NONE',  ( -25.62826478105058214, -28.94505953594340397, 1002.770736032188438 ) ) ;
#1902 = VECTOR ( 'NONE', #2596, 1000.000000000000000 ) ;
#1903 = CARTESIAN_POINT ( 'NONE',  ( -10.21771300448399167, 29.47981022745160828, 999.1916601271910849 ) ) ;
#1904 = ORIENTED_EDGE ( 'NONE', *, *, #4149, .T. ) ;
#1905 = DIRECTION ( 'NONE',  ( -0.000000000000000000, -0.000000000000000000, 1.000000000000000000 ) ) ;
#1906 = ORIENTED_EDGE ( 'NONE', *, *, #10102, .F. ) ;
#1907 = VERTEX_POINT ( 'NONE', #6624 ) ;
#1908 = ADVANCED_FACE ( 'NONE', ( #1666 ), #2533, .F. ) ;
#1909 = CIRCLE ( 'NONE', #2600, 1.850000000000025180 ) ;
#1910 = SURFACE_STYLE_USAGE ( .BOTH. , #6107 ) ;
#1911 = PLANE ( 'NONE',  #3367 ) ;
#1912 = DIRECTION ( 'NONE',  ( -0.000000000000000000, -0.000000000000000000, -1.000000000000000000 ) ) ;
#1913 = CARTESIAN_POINT ( 'NONE',  ( -7.994334346795795909, 44.92530531453365938, 999.9650386056594016 ) ) ;
#1914 = AXIS2_PLACEMENT_3D ( 'NONE', #9417, #2996, #1095 ) ;
#1915 = AXIS2_PLACEMENT_3D ( 'NONE', #3454, #6745, #7703 ) ;
#1916 = EDGE_CURVE ( 'NONE', #9081, #8340, #1740, .T. ) ;
#1917 = VERTEX_POINT ( 'NONE', #9118 ) ;
#1918 = EDGE_CURVE ( 'NONE', #6701, #8342, #1718, .T. ) ;
#1919 = CARTESIAN_POINT ( 'NONE',  ( -25.66882794994267059, -27.15791218717140154, 1001.511275369461487 ) ) ;
#1920 = CARTESIAN_POINT ( 'NONE',  ( -30.39859637076115106, 0.5772708352843013424, 1000.991660127190926 ) ) ;
#1921 = EDGE_CURVE ( 'NONE', #5959, #1373, #4091, .T. ) ;
#1922 = VERTEX_POINT ( 'NONE', #5661 ) ;
#1923 = CARTESIAN_POINT ( 'NONE',  ( -22.06540877300074754, 28.27098699525798864, 990.3487342110134932 ) ) ;
#1924 = ADVANCED_FACE ( 'NONE', ( #748 ), #841, .F. ) ;
#1925 = AXIS2_PLACEMENT_3D ( 'NONE', #9763, #3820, #8961 ) ;
#1926 = VECTOR ( 'NONE', #8607, 1000.000000000000227 ) ;
#1927 = CARTESIAN_POINT ( 'NONE',  ( -27.26771300448400126, 6.703910157882798870, 1001.810912256376582 ) ) ;
#1928 = DIRECTION ( 'NONE',  ( 0.000000000000000000, 0.000000000000000000, 1.000000000000000000 ) ) ;
#1929 = CARTESIAN_POINT ( 'NONE',  ( -12.31570159385952934, 34.78893442829722460, 983.4916601271910395 ) ) ;
#1930 = PLANE ( 'NONE',  #1764 ) ;
#1931 = LINE ( 'NONE', #5219, #3975 ) ;
#1932 = EDGE_CURVE ( 'NONE', #2774, #10183, #1614, .T. ) ;
#1933 = CARTESIAN_POINT ( 'NONE',  ( -18.47271300448400311, -27.60791218717150031, 1001.771082990596824 ) ) ;
#1934 = VECTOR ( 'NONE', #10284, 1000.000000000000114 ) ;
#1935 = EDGE_LOOP ( 'NONE', ( #237, #6079, #3057, #9254, #2640 ) ) ;
#1936 = ORIENTED_EDGE ( 'NONE', *, *, #5438, .T. ) ;
#1937 = VERTEX_POINT ( 'NONE', #7475 ) ;
#1938 = CYLINDRICAL_SURFACE ( 'NONE', #2377, 4.249999999999995559 ) ;
#1939 = ORIENTED_EDGE ( 'NONE', *, *, #7693, .T. ) ;
#1940 = DIRECTION ( 'NONE',  ( -0.7071067811865474617, 0.000000000000000000, -0.7071067811865474617 ) ) ;
#1941 =( BOUNDED_CURVE ( )  B_SPLINE_CURVE ( 3, ( #525, #1455, #2093, #8681 ),
 .UNSPECIFIED., .F., .T. ) 
 B_SPLINE_CURVE_WITH_KNOTS ( ( 4, 4 ),
 ( 5.107916721813210437, 6.283185307179590673 ),
 .UNSPECIFIED. ) 
 CURVE ( )  GEOMETRIC_REPRESENTATION_ITEM ( )  RATIONAL_B_SPLINE_CURVE ( ( 1.000000000000000000, 0.8881696933379690240, 0.8881696933379690240, 1.000000000000000000 ) ) 
 REPRESENTATION_ITEM ( '' )  );
#1942 = DIRECTION ( 'NONE',  ( 0.7071067811864800712, 0.000000000000000000, -0.7071067811866149633 ) ) ;
#1943 = CARTESIAN_POINT ( 'NONE',  ( -17.91771300448399629, 44.52206366277465577, 988.9916601271910395 ) ) ;
#1944 = AXIS2_PLACEMENT_3D ( 'NONE', #2969, #7013, #9399 ) ;
#1945 = CYLINDRICAL_SURFACE ( 'NONE', #6934, 1.649999999999998579 ) ;
#1946 = CARTESIAN_POINT ( 'NONE',  ( -15.61705995703352734, 4.943258685431828781, 998.4089880191495467 ) ) ;
#1947 = DIRECTION ( 'NONE',  ( -1.000000000000000000, 0.000000000000000000, 0.000000000000000000 ) ) ;
#1948 = EDGE_LOOP ( 'NONE', ( #754, #7891, #9772, #4146 ) ) ;
#1949 = B_SPLINE_CURVE_WITH_KNOTS ( 'NONE', 3,
 ( #10280, #585, #8155, #5543, #6289, #2455, #766, #6180 ),
 .UNSPECIFIED., .F., .F.,
 ( 4, 2, 2, 4 ),
 ( 0.0008435065202035786159, 0.001252372963574700359, 0.001661239406945822211, 0.002478972293688070684 ),
 .UNSPECIFIED. ) ;
#1950 = CARTESIAN_POINT ( 'NONE',  ( -13.99270899607335039, 2.205765360860600044, 999.5331535558855194 ) ) ;
#1951 = AXIS2_PLACEMENT_3D ( 'NONE', #8381, #5795, #989 ) ;
#1952 = ORIENTED_EDGE ( 'NONE', *, *, #5676, .F. ) ;
#1953 = CARTESIAN_POINT ( 'NONE',  ( -19.09549816965862234, -24.25791218717159836, 998.9916601271910395 ) ) ;
#1954 = ORIENTED_EDGE ( 'NONE', *, *, #4299, .F. ) ;
#1955 = CARTESIAN_POINT ( 'NONE',  ( -32.06771300448400552, 29.52206337602792630, 983.6916601271909713 ) ) ;
#1956 = CARTESIAN_POINT ( 'NONE',  ( -26.06244619668694185, -27.94390743350649942, 1002.393986729916719 ) ) ;
#1957 = CARTESIAN_POINT ( 'NONE',  ( -9.967713004484100026, 44.22206366277464440, 1016.041658718408485 ) ) ;
#1958 = PLANE ( 'NONE',  #8763 ) ;
#1959 = DIRECTION ( 'NONE',  ( 3.868740194890244000E-16, -1.000000000000000000, 0.000000000000000000 ) ) ;
#1960 = CARTESIAN_POINT ( 'NONE',  ( -21.31771300448400197, 6.316134549268400455, 1003.491660127191039 ) ) ;
#1961 = ADVANCED_FACE ( 'NONE', ( #9970 ), #8775, .F. ) ;
#1962 = ORIENTED_EDGE ( 'NONE', *, *, #9006, .T. ) ;
#1963 = CARTESIAN_POINT ( 'NONE',  ( -10.26771300448410607, 44.52206366277465577, 1003.491660127191039 ) ) ;
#1964 = VERTEX_POINT ( 'NONE', #3642 ) ;
#1965 = ORIENTED_EDGE ( 'NONE', *, *, #2260, .F. ) ;
#1966 = DIRECTION ( 'NONE',  ( -0.000000000000000000, -0.000000000000000000, -1.000000000000000000 ) ) ;
#1967 = CARTESIAN_POINT ( 'NONE',  ( -20.26771282526732421, -29.28509524987408952, 986.5916604856245158 ) ) ;
#1968 = DIRECTION ( 'NONE',  ( 0.000000000000000000, 0.000000000000000000, 1.000000000000000000 ) ) ;
#1969 = ADVANCED_FACE ( 'NONE', ( #8609 ), #1384, .F. ) ;
#1970 = CARTESIAN_POINT ( 'NONE',  ( -9.967713004483934824, 27.20758744660402684, 987.4916601271910395 ) ) ;
#1971 = CARTESIAN_POINT ( 'NONE',  ( -27.51795447798598460, 37.53953660251080038, 1013.641658718408507 ) ) ;
#1972 = ADVANCED_FACE ( 'NONE', ( #4563 ), #7046, .F. ) ;
#1973 = VERTEX_POINT ( 'NONE', #3001 ) ;
#1974 = LINE ( 'NONE', #5371, #9110 ) ;
#1975 = CIRCLE ( 'NONE', #6275, 1.750000000000015543 ) ;
#1976 = CARTESIAN_POINT ( 'NONE',  ( -30.75550859647169943, 5.459940931106801010, 996.5271940331236920 ) ) ;
#1977 = EDGE_LOOP ( 'NONE', ( #7303, #2310 ) ) ;
#1978 = CARTESIAN_POINT ( 'NONE',  ( -26.06266914154691960, -27.27486185344758240, 1001.578796290767627 ) ) ;
#1979 = EDGE_CURVE ( 'NONE', #8860, #3526, #10379, .T. ) ;
#1980 = DIRECTION ( 'NONE',  ( 5.533818552327290741E-14, -0.7249079919298891950, -0.6888457035041850585 ) ) ;
#1981 = CARTESIAN_POINT ( 'NONE',  ( -26.77567722981089560, 18.99128709631742495, 995.9916601271910395 ) ) ;
#1982 = EDGE_CURVE ( 'NONE', #3563, #9388, #4453, .T. ) ;
#1983 = CARTESIAN_POINT ( 'NONE',  ( -34.26771300448390178, 30.41657034268903814, 1004.091660127190949 ) ) ;
#1984 = DIRECTION ( 'NONE',  ( -1.000000000000000000, 0.000000000000000000, 0.000000000000000000 ) ) ;
#1985 = MECHANICAL_DESIGN_GEOMETRIC_PRESENTATION_REPRESENTATION (  '', ( #5604 ), #1298 ) ;
#1986 = ADVANCED_FACE ( 'NONE', ( #2196 ), #457, .T. ) ;
#1987 = CARTESIAN_POINT ( 'NONE',  ( -18.71265305693230019, 27.60339869864173679, 983.4916601271910395 ) ) ;
#1988 = EDGE_LOOP ( 'NONE', ( #1736, #8802, #1472, #5068 ) ) ;
#1989 = ORIENTED_EDGE ( 'NONE', *, *, #4373, .T. ) ;
#1990 = ORIENTED_EDGE ( 'NONE', *, *, #5612, .F. ) ;
#1991 = ORIENTED_EDGE ( 'NONE', *, *, #10652, .T. ) ;
#1992 = DIRECTION ( 'NONE',  ( 1.000000000000000000, 0.000000000000000000, 0.000000000000000000 ) ) ;
#1993 = AXIS2_PLACEMENT_3D ( 'NONE', #8477, #5073, #8415 ) ;
#1994 = EDGE_LOOP ( 'NONE', ( #1016, #5708, #4037, #7765 ) ) ;
#1995 = ADVANCED_FACE ( 'NONE', ( #1211 ), #5484, .F. ) ;
#1996 = CARTESIAN_POINT ( 'NONE',  ( -34.76771264605072531, 44.42206330434124339, 983.6916601271909713 ) ) ;
#1997 = CARTESIAN_POINT ( 'NONE',  ( -27.26771300448400126, 8.655756606077503079, 1000.062727939056344 ) ) ;
#1998 = CARTESIAN_POINT ( 'NONE',  ( -24.46771282526734836, 44.42206330434124339, 983.4916601271910395 ) ) ;
#1999 = LINE ( 'NONE', #3608, #10201 ) ;
#2000 = AXIS2_PLACEMENT_3D ( 'NONE', #4757, #9825, #8976 ) ;
#2001 = CARTESIAN_POINT ( 'NONE',  ( 3.902286995516002666, -11.61593942450921979, 998.4258495955093622 ) ) ;
#2002 = EDGE_CURVE ( 'NONE', #2447, #420, #6169, .T. ) ;
#2003 = ORIENTED_EDGE ( 'NONE', *, *, #1046, .F. ) ;
#2004 = DIRECTION ( 'NONE',  ( -1.460893844964073754E-15, -1.000000000000000000, 0.000000000000000000 ) ) ;
#2005 = ORIENTED_EDGE ( 'NONE', *, *, #8366, .T. ) ;
#2006 = VERTEX_POINT ( 'NONE', #4670 ) ;
#2007 = CARTESIAN_POINT ( 'NONE',  ( -25.76361402370363152, -28.38657655506630206, 1001.826262004354589 ) ) ;
#2008 = ADVANCED_FACE ( 'NONE', ( #7844 ), #6171, .T. ) ;
#2009 = ORIENTED_EDGE ( 'NONE', *, *, #9439, .T. ) ;
#2010 = DIRECTION ( 'NONE',  ( 0.000000000000000000, -1.000000000000000000, 0.000000000000000000 ) ) ;
#2011 = CARTESIAN_POINT ( 'NONE',  ( -26.01771300448400126, -26.25791218717159836, 1000.991660127190926 ) ) ;
#2012 = CARTESIAN_POINT ( 'NONE',  ( -30.12913302159264006, 4.136190735689398323, 998.0463697365294138 ) ) ;
#2013 = DIRECTION ( 'NONE',  ( 0.000000000000000000, 0.000000000000000000, 1.000000000000000000 ) ) ;
#2014 = CARTESIAN_POINT ( 'NONE',  ( -18.46771300448400055, 15.35439068285622177, 1003.491660127191039 ) ) ;
#2015 = VECTOR ( 'NONE', #2824, 1000.000000000000000 ) ;
#2016 = EDGE_LOOP ( 'NONE', ( #3447, #6133, #5663, #8402 ) ) ;
#2017 = CARTESIAN_POINT ( 'NONE',  ( -18.82637653512487930, -27.69381664782837404, 1002.432579306646858 ) ) ;
#2018 = VERTEX_POINT ( 'NONE', #9533 ) ;
#2019 = ORIENTED_EDGE ( 'NONE', *, *, #3832, .T. ) ;
#2020 = DIRECTION ( 'NONE',  ( -0.7071067811865454633, 0.7071067811865495711, 0.000000000000000000 ) ) ;
#2021 = CYLINDRICAL_SURFACE ( 'NONE', #5361, 2.250000000000003553 ) ;
#2022 = CONICAL_SURFACE ( 'NONE', #6494, 1.650000000000000355, 0.7853981633975746224 ) ;
#2023 = LINE ( 'NONE', #5202, #2811 ) ;
#2024 = LINE ( 'NONE', #8433, #6572 ) ;
#2025 = B_SPLINE_CURVE_WITH_KNOTS ( 'NONE', 3,
 ( #3157, #9788, #4721, #4113, #10583, #3205, #2403, #7395 ),
 .UNSPECIFIED., .F., .F.,
 ( 4, 2, 2, 4 ),
 ( 3.469446951953614189E-18, 0.0007914931638726441796, 0.001582986327745284890, 0.003165972655490566310 ),
 .UNSPECIFIED. ) ;
#2026 = ORIENTED_EDGE ( 'NONE', *, *, #1351, .F. ) ;
#2027 = CARTESIAN_POINT ( 'NONE',  ( -39.94158321901316100, 24.98165701441190123, 982.1177895542299439 ) ) ;
#2028 = MECHANICAL_DESIGN_GEOMETRIC_PRESENTATION_REPRESENTATION (  '', ( #8941 ), #2546 ) ;
#2029 = EDGE_LOOP ( 'NONE', ( #4179, #968, #3631, #7332, #8323 ) ) ;
#2030 = VECTOR ( 'NONE', #4788, 1000.000000000000114 ) ;
#2031 = CARTESIAN_POINT ( 'NONE',  ( -27.26771300448400126, 6.983705961645698679, 1001.574116544283243 ) ) ;
#2032 = EDGE_LOOP ( 'NONE', ( #102, #5887, #7764, #2593 ) ) ;
#2033 = PLANE ( 'NONE',  #4609 ) ;
#2034 = CARTESIAN_POINT ( 'NONE',  ( -20.73679023477376404, 6.866160671950027883, 995.9916601271909258 ) ) ;
#2035 = ADVANCED_FACE ( 'NONE', ( #576 ), #1872, .F. ) ;
#2036 = CARTESIAN_POINT ( 'NONE',  ( -27.26771300448400126, 8.655756606077503079, 1000.062727939056344 ) ) ;
#2037 = CARTESIAN_POINT ( 'NONE',  ( -17.45534133146733069, -26.27908934959030773, 1001.001514367037430 ) ) ;
#2038 = LINE ( 'NONE', #5323, #1562 ) ;
#2039 = DIRECTION ( 'NONE',  ( -1.000000000000000000, 0.000000000000000000, 0.000000000000000000 ) ) ;
#2040 = VECTOR ( 'NONE', #898, 1000.000000000000114 ) ;
#2041 = FACE_OUTER_BOUND ( 'NONE', #1449, .T. ) ;
#2042 = VECTOR ( 'NONE', #408, 1000.000000000000000 ) ;
#2043 = FACE_OUTER_BOUND ( 'NONE', #8695, .T. ) ;
#2044 = ORIENTED_EDGE ( 'NONE', *, *, #2405, .F. ) ;
#2045 = UNCERTAINTY_MEASURE_WITH_UNIT (LENGTH_MEASURE( 1.000000000000000082E-05 ), #3478, 'distance_accuracy_value', 'NONE');
#2046 = VECTOR ( 'NONE', #9643, 1000.000000000000000 ) ;
#2047 = VERTEX_POINT ( 'NONE', #6279 ) ;
#2048 = DIRECTION ( 'NONE',  ( -1.000000000000000000, 4.980928478104803228E-16, 0.000000000000000000 ) ) ;
#2049 = EDGE_CURVE ( 'NONE', #7348, #8240, #1368, .T. ) ;
#2050 = ORIENTED_EDGE ( 'NONE', *, *, #9571, .T. ) ;
#2051 = CARTESIAN_POINT ( 'NONE',  ( -25.11771300448399202, 43.02206366277466287, 990.4916601271911532 ) ) ;
#2052 = EDGE_CURVE ( 'NONE', #902, #2158, #2888, .T. ) ;
#2053 = FACE_OUTER_BOUND ( 'NONE', #7552, .T. ) ;
#2054 = DIRECTION ( 'NONE',  ( 0.7071067811865475727, -0.7071067811865475727, 0.000000000000000000 ) ) ;
#2055 = CARTESIAN_POINT ( 'NONE',  ( -0.3477130044840029410, -10.47773340385700003, 995.9916601271909258 ) ) ;
#2056 = CARTESIAN_POINT ( 'NONE',  ( -15.74096375810089832, 5.058551740904794869, 998.4607739118310974 ) ) ;
#2057 = EDGE_CURVE ( 'NONE', #1907, #4877, #2732, .T. ) ;
#2058 = DIRECTION ( 'NONE',  ( 0.000000000000000000, 0.000000000000000000, 1.000000000000000000 ) ) ;
#2059 = EDGE_CURVE ( 'NONE', #4304, #773, #1974, .T. ) ;
#2060 = EDGE_LOOP ( 'NONE', ( #712, #933, #10187, #3214 ) ) ;
#2061 = CARTESIAN_POINT ( 'NONE',  ( -17.26771300448400126, 8.655756606077503079, 1000.062727939056344 ) ) ;
#2062 = ORIENTED_EDGE ( 'NONE', *, *, #5625, .F. ) ;
#2063 = CARTESIAN_POINT ( 'NONE',  ( -25.76231279278841058, -28.38647986532109968, 1001.824733954718113 ) ) ;
#2064 = ORIENTED_EDGE ( 'NONE', *, *, #10354, .T. ) ;
#2065 = CARTESIAN_POINT ( 'NONE',  ( -19.09549816965862234, -24.25791218717159836, 1000.991660127190926 ) ) ;
#2066 = EDGE_CURVE ( 'NONE', #1937, #1289, #455, .T. ) ;
#2067 = DIRECTION ( 'NONE',  ( 0.000000000000000000, 0.000000000000000000, 1.000000000000000000 ) ) ;
#2068 = CARTESIAN_POINT ( 'NONE',  ( -46.73771300448400012, -10.47773340385700003, 1003.391660127191017 ) ) ;
#2069 = CARTESIAN_POINT ( 'NONE',  ( -21.36649037947089980, 27.36492008462831649, 989.4030119624601411 ) ) ;
#2070 = B_SPLINE_CURVE_WITH_KNOTS ( 'NONE', 3,
 ( #5825, #4959, #8351, #5877, #3293 ),
 .UNSPECIFIED., .F., .F.,
 ( 4, 1, 4 ),
 ( 0.000000000000000000, 0.4285714285714290472, 1.000000000000000000 ),
 .UNSPECIFIED. ) ;
#2071 = EDGE_CURVE ( 'NONE', #4753, #4317, #2142, .T. ) ;
#2072 = VECTOR ( 'NONE', #8086, 1000.000000000000000 ) ;
#2073 = EDGE_LOOP ( 'NONE', ( #825, #7123, #9745, #9021 ) ) ;
#2074 = DIRECTION ( 'NONE',  ( 0.000000000000000000, 0.000000000000000000, 1.000000000000000000 ) ) ;
#2075 = ORIENTED_EDGE ( 'NONE', *, *, #9487, .F. ) ;
#2076 = VERTEX_POINT ( 'NONE', #7302 ) ;
#2077 = CARTESIAN_POINT ( 'NONE',  ( -25.11771300448408084, 27.97343314925721458, 990.2745164701727845 ) ) ;
#2078 = CARTESIAN_POINT ( 'NONE',  ( -17.91771300448399629, 44.52206366277465577, 988.9916601271910395 ) ) ;
#2079 = CIRCLE ( 'NONE', #4307, 2.250000000000001776 ) ;
#2080 = FACE_OUTER_BOUND ( 'NONE', #10109, .T. ) ;
#2081 = CARTESIAN_POINT ( 'NONE',  ( -34.26771300448390178, 30.41657034268903814, 1016.083078006653636 ) ) ;
#2082 = EDGE_LOOP ( 'NONE', ( #4706, #4277, #6170, #7600, #2135 ) ) ;
#2083 = CARTESIAN_POINT ( 'NONE',  ( -7.021848437303064018E-16, 37.53953660251080038, 0.000000000000000000 ) ) ;
#2084 = EDGE_CURVE ( 'NONE', #4095, #7403, #2463, .T. ) ;
#2085 = VECTOR ( 'NONE', #1783, 1000.000000000000000 ) ;
#2086 = ORIENTED_EDGE ( 'NONE', *, *, #6438, .T. ) ;
#2087 = PLANE ( 'NONE',  #5654 ) ;
#2088 = EDGE_LOOP ( 'NONE', ( #8212, #223, #7941, #6978 ) ) ;
#2089 = FACE_OUTER_BOUND ( 'NONE', #2214, .T. ) ;
#2090 = SURFACE_STYLE_USAGE ( .BOTH. , #6230 ) ;
#2091 = FACE_OUTER_BOUND ( 'NONE', #3529, .T. ) ;
#2092 = CARTESIAN_POINT ( 'NONE',  ( -17.67950401225587242, -26.35087060717566487, 1001.042645518781342 ) ) ;
#2093 = CARTESIAN_POINT ( 'NONE',  ( -25.32724088199548262, -28.05789265480461125, 999.1916796595580763 ) ) ;
#2094 = AXIS2_PLACEMENT_3D ( 'NONE', #10584, #4006, #5678 ) ;
#2095 = FACE_OUTER_BOUND ( 'NONE', #4728, .T. ) ;
#2096 = AXIS2_PLACEMENT_3D ( 'NONE', #265, #5339, #3561 ) ;
#2097 = CARTESIAN_POINT ( 'NONE',  ( -26.31352828774150865, -28.66654040200510067, 1002.593296374451256 ) ) ;
#2098 = PLANE ( 'NONE',  #1061 ) ;
#2099 = EDGE_CURVE ( 'NONE', #2855, #6765, #2410, .T. ) ;
#2100 = EDGE_CURVE ( 'NONE', #8471, #6880, #3213, .T. ) ;
#2101 = EDGE_LOOP ( 'NONE', ( #1859, #2857, #1400, #7563 ) ) ;
#2102 = AXIS2_PLACEMENT_3D ( 'NONE', #10174, #1980, #354 ) ;
#2103 = AXIS2_PLACEMENT_3D ( 'NONE', #4734, #9600, #7266 ) ;
#2104 = ORIENTED_EDGE ( 'NONE', *, *, #4376, .T. ) ;
#2105 = CARTESIAN_POINT ( 'NONE',  ( -14.11771300448399380, 39.67206337602792132, 1016.641658718408394 ) ) ;
#2106 = EDGE_LOOP ( 'NONE', ( #6364, #553, #6004, #1201, #3406, #5788 ) ) ;
#2107 = CARTESIAN_POINT ( 'NONE',  ( -25.11771300448399202, 43.12023954621563604, 993.1916601272215530 ) ) ;
#2108 = CARTESIAN_POINT ( 'NONE',  ( -27.87363709114229948, 6.247199534198729864, 998.9904792141721828 ) ) ;
#2109 = DIRECTION ( 'NONE',  ( -0.7999999999999863887, -0.2999999999999954925, -0.5196152422706865615 ) ) ;
#2110 = DIRECTION ( 'NONE',  ( -3.750297019834904690E-16, -1.000000000000000000, 0.000000000000000000 ) ) ;
#2111 = CARTESIAN_POINT ( 'NONE',  ( -15.86453922848462739, 5.180665863027566154, 998.5156453623300195 ) ) ;
#2112 = VECTOR ( 'NONE', #4907, 1000.000000000000000 ) ;
#2113 = CARTESIAN_POINT ( 'NONE',  ( -26.00831583160134741, -28.00927562631186518, 1002.895355967538421 ) ) ;
#2114 = VECTOR ( 'NONE', #2167, 1000.000000000000000 ) ;
#2115 = LINE ( 'NONE', #4372, #8946 ) ;
#2116 = ORIENTED_EDGE ( 'NONE', *, *, #10350, .T. ) ;
#2117 = DIRECTION ( 'NONE',  ( 0.000000000000000000, 0.000000000000000000, 1.000000000000000000 ) ) ;
#2118 = ORIENTED_EDGE ( 'NONE', *, *, #8234, .T. ) ;
#2119 = CARTESIAN_POINT ( 'NONE',  ( -25.83226099774728013, -28.57678829607359461, 1002.016311237669470 ) ) ;
#2120 = ORIENTED_EDGE ( 'NONE', *, *, #4602, .F. ) ;
#2121 = CIRCLE ( 'NONE', #5694, 2.549999999999996714 ) ;
#2122 = CARTESIAN_POINT ( 'NONE',  ( -9.967713004483943706, 44.22206330434122634, 987.4916601271910395 ) ) ;
#2123 = FACE_OUTER_BOUND ( 'NONE', #10271, .T. ) ;
#2124 = CARTESIAN_POINT ( 'NONE',  ( -10.81771300448399309, 38.02206337602792274, 1000.391660127190903 ) ) ;
#2125 = EDGE_CURVE ( 'NONE', #773, #7295, #3932, .T. ) ;
#2126 = DIRECTION ( 'NONE',  ( 0.000000000000000000, -1.000000000000000000, 0.000000000000000000 ) ) ;
#2127 = CARTESIAN_POINT ( 'NONE',  ( -21.90135486563054812, 27.70268159110212025, 989.8941856567440709 ) ) ;
#2128 = EDGE_CURVE ( 'NONE', #2390, #5840, #1644, .T. ) ;
#2129 = EDGE_CURVE ( 'NONE', #9283, #1276, #2904, .T. ) ;
#2130 = VECTOR ( 'NONE', #670, 1000.000000000000000 ) ;
#2131 = CARTESIAN_POINT ( 'NONE',  ( -18.79247735962376353, -28.85055402455519769, 1002.491852182949287 ) ) ;
#2132 = ORIENTED_EDGE ( 'NONE', *, *, #2778, .F. ) ;
#2133 = CARTESIAN_POINT ( 'NONE',  ( -18.47118035116258028, -27.38632785151543914, 1001.645511188867317 ) ) ;
#2134 = ORIENTED_EDGE ( 'NONE', *, *, #5741, .T. ) ;
#2135 = ORIENTED_EDGE ( 'NONE', *, *, #935, .F. ) ;
#2136 = EDGE_CURVE ( 'NONE', #5675, #879, #8707, .T. ) ;
#2137 = CARTESIAN_POINT ( 'NONE',  ( -25.11771300448399558, 27.60371491733185678, 992.9893761173815392 ) ) ;
#2138 = DIRECTION ( 'NONE',  ( -1.000000000000000000, 0.000000000000000000, 0.000000000000000000 ) ) ;
#2139 = CARTESIAN_POINT ( 'NONE',  ( -7.894630823664901875, -0.07638089826189804754, 997.9916601271909258 ) ) ;
#2140 = FACE_OUTER_BOUND ( 'NONE', #10202, .T. ) ;
#2141 = ORIENTED_EDGE ( 'NONE', *, *, #9054, .T. ) ;
#2142 = LINE ( 'NONE', #3056, #4451 ) ;
#2143 = EDGE_LOOP ( 'NONE', ( #7144, #150, #2547, #1939 ) ) ;
#2144 = EDGE_CURVE ( 'NONE', #9072, #7231, #9746, .T. ) ;
#2145 = DIRECTION ( 'NONE',  ( -0.000000000000000000, -0.000000000000000000, 1.000000000000000000 ) ) ;
#2146 = EDGE_LOOP ( 'NONE', ( #1825, #5094, #9132, #9036, #7653 ) ) ;
#2147 = ADVANCED_FACE ( 'NONE', ( #3264 ), #8160, .T. ) ;
#2148 = CARTESIAN_POINT ( 'NONE',  ( -22.75913357119082292, -29.27763212997860265, 1001.751811051914387 ) ) ;
#2149 = FILL_AREA_STYLE_COLOUR ( '', #7836 ) ;
#2150 = CARTESIAN_POINT ( 'NONE',  ( -13.51771300448397284, 29.47981022745160828, 997.9916601271910395 ) ) ;
#2151 = CARTESIAN_POINT ( 'NONE',  ( -18.15012064653577895, -26.63599680850668605, 1001.210014874439594 ) ) ;
#2152 = DIRECTION ( 'NONE',  ( 0.9999999999999961142, 8.742277697854392730E-08, -0.000000000000000000 ) ) ;
#2153 = CARTESIAN_POINT ( 'NONE',  ( -24.26771282526731710, 52.63773048505904484, 1008.525991913608664 ) ) ;
#2154 = DIRECTION ( 'NONE',  ( 0.000000000000000000, 0.000000000000000000, 1.000000000000000000 ) ) ;
#2155 = DIRECTION ( 'NONE',  ( 1.000000000000000000, 0.000000000000000000, 0.000000000000000000 ) ) ;
#2156 = AXIS2_PLACEMENT_3D ( 'NONE', #10509, #2428, #7180 ) ;
#2157 = CARTESIAN_POINT ( 'NONE',  ( -25.98464961932452155, -28.38325831887664918, 1002.200190384876123 ) ) ;
#2158 = VERTEX_POINT ( 'NONE', #9847 ) ;
#2159 = CARTESIAN_POINT ( 'NONE',  ( -22.26771300448400126, -12.47773340385700003, 999.4916601271909258 ) ) ;
#2160 = ORIENTED_EDGE ( 'NONE', *, *, #6205, .F. ) ;
#2161 = LINE ( 'NONE', #6084, #7950 ) ;
#2162 = VECTOR ( 'NONE', #9000, 1000.000000000000000 ) ;
#2163 = CARTESIAN_POINT ( 'NONE',  ( -28.58451472659896808, 2.507364090273343393, 1000.991660127190926 ) ) ;
#2164 = DIRECTION ( 'NONE',  ( 1.000000000000000000, 0.000000000000000000, 0.000000000000000000 ) ) ;
#2165 = CARTESIAN_POINT ( 'NONE',  ( -25.82277295203572720, 27.60339869864173679, 983.4916601271910395 ) ) ;
#2166 = DIRECTION ( 'NONE',  ( -1.000000000000000000, 0.000000000000000000, 0.000000000000000000 ) ) ;
#2167 = DIRECTION ( 'NONE',  ( -0.7071067811865909825, -9.337257675761931773E-16, 0.7071067811865040520 ) ) ;
#2168 = CARTESIAN_POINT ( 'NONE',  ( -1.043673988415558362, -6.304074144133615221, 999.2077485287275067 ) ) ;
#2169 = EDGE_LOOP ( 'NONE', ( #5402, #3936, #4725, #4214 ) ) ;
#2170 =( BOUNDED_CURVE ( )  B_SPLINE_CURVE ( 3, ( #5322, #8445, #5264, #2896 ),
 .UNSPECIFIED., .F., .F. ) 
 B_SPLINE_CURVE_WITH_KNOTS ( ( 4, 4 ),
 ( 5.326593603151216100E-16, 1.494787330405536574 ),
 .UNSPECIFIED. ) 
 CURVE ( )  GEOMETRIC_REPRESENTATION_ITEM ( )  RATIONAL_B_SPLINE_CURVE ( ( 1.000000000000000000, 0.8223086403392813049, 0.8223086403392813049, 1.000000000000000000 ) ) 
 REPRESENTATION_ITEM ( '' )  );
#2171 = CIRCLE ( 'NONE', #6292, 2.998060944848581766 ) ;
#2172 = ORIENTED_EDGE ( 'NONE', *, *, #9093, .F. ) ;
#2173 = CARTESIAN_POINT ( 'NONE',  ( -32.06771300448400552, 29.52206337602792630, 1003.491660127191039 ) ) ;
#2174 = ORIENTED_EDGE ( 'NONE', *, *, #2136, .T. ) ;
#2175 = CARTESIAN_POINT ( 'NONE',  ( -25.88718450508364199, -28.49274211716069871, 1002.030310278269667 ) ) ;
#2176 = ORIENTED_EDGE ( 'NONE', *, *, #4816, .T. ) ;
#2177 = EDGE_CURVE ( 'NONE', #9255, #9727, #5735, .T. ) ;
#2178 = DIRECTION ( 'NONE',  ( -0.000000000000000000, -0.7071067811865487940, -0.7071067811865463515 ) ) ;
#2179 = CARTESIAN_POINT ( 'NONE',  ( -18.47297981236572539, -28.50435786034472585, 1002.895356556870524 ) ) ;
#2180 = FACE_OUTER_BOUND ( 'NONE', #3853, .T. ) ;
#2181 = DIRECTION ( 'NONE',  ( -0.000000000000000000, -0.000000000000000000, 1.000000000000000000 ) ) ;
#2182 = ORIENTED_EDGE ( 'NONE', *, *, #983, .F. ) ;
#2183 = CARTESIAN_POINT ( 'NONE',  ( -12.89356421686506771, 3.332107690493295138, 996.8314951045641692 ) ) ;
#2184 = EDGE_LOOP ( 'NONE', ( #5233, #4440, #7619, #6738 ) ) ;
#2185 = AXIS2_PLACEMENT_3D ( 'NONE', #8865, #10504, #10399 ) ;
#2186 = VERTEX_POINT ( 'NONE', #8059 ) ;
#2187 = CARTESIAN_POINT ( 'NONE',  ( -22.41771300448399629, 26.01981126762381180, 993.1916601271910849 ) ) ;
#2188 = ADVANCED_FACE ( 'NONE', ( #5639 ), #8213, .T. ) ;
#2189 = CARTESIAN_POINT ( 'NONE',  ( -34.26771300448390178, 30.97517888025747013, 1016.641658718408394 ) ) ;
#2190 = EDGE_CURVE ( 'NONE', #6080, #3956, #5931, .T. ) ;
#2191 = CYLINDRICAL_SURFACE ( 'NONE', #1257, 10.00000000000002309 ) ;
#2192 = CARTESIAN_POINT ( 'NONE',  ( -9.667713004483877270, -3.740186989310990238E-15, 990.4916601271910395 ) ) ;
#2193 = AXIS2_PLACEMENT_3D ( 'NONE', #9215, #4083, #9912 ) ;
#2194 = EDGE_CURVE ( 'NONE', #6024, #1766, #4120, .T. ) ;
#2195 = ORIENTED_EDGE ( 'NONE', *, *, #3280, .F. ) ;
#2196 = FACE_OUTER_BOUND ( 'NONE', #917, .T. ) ;
#2197 = EDGE_LOOP ( 'NONE', ( #3166, #3318, #9023, #8670 ) ) ;
#2198 = EDGE_CURVE ( 'NONE', #9565, #3694, #564, .T. ) ;
#2199 = CARTESIAN_POINT ( 'NONE',  ( -17.27861767389349268, 32.08149128839088604, 983.7916601271909940 ) ) ;
#2200 = ORIENTED_EDGE ( 'NONE', *, *, #1003, .T. ) ;
#2201 = AXIS2_PLACEMENT_3D ( 'NONE', #2591, #1725, #7481 ) ;
#2202 = PLANE ( 'NONE',  #3919 ) ;
#2203 = AXIS2_PLACEMENT_3D ( 'NONE', #9013, #9324, #196 ) ;
#2204 = LINE ( 'NONE', #2034, #2341 ) ;
#2205 = CARTESIAN_POINT ( 'NONE',  ( -22.26771300448400126, -26.25791218717159836, 1000.991660127190926 ) ) ;
#2206 = CARTESIAN_POINT ( 'NONE',  ( -20.33476913053998203, -29.16094468767279579, 1001.690274354878170 ) ) ;
#2207 = CARTESIAN_POINT ( 'NONE',  ( -35.55682324763215973, -11.26522334517562030, 1007.805276562606878 ) ) ;
#2208 = FACE_OUTER_BOUND ( 'NONE', #242, .T. ) ;
#2209 = DIRECTION ( 'NONE',  ( -3.868740194890244000E-16, 1.000000000000000000, 0.000000000000000000 ) ) ;
#2210 = DIRECTION ( 'NONE',  ( 1.000000000000000000, 0.000000000000000000, 0.000000000000000000 ) ) ;
#2211 = CIRCLE ( 'NONE', #1860, 5.957202764270475015 ) ;
#2212 = EDGE_CURVE ( 'NONE', #5271, #5460, #5533, .T. ) ;
#2213 = CARTESIAN_POINT ( 'NONE',  ( -19.07297981228107275, -27.51144732939185289, 1001.855733910408389 ) ) ;
#2214 = EDGE_LOOP ( 'NONE', ( #9948, #1469, #9807 ) ) ;
#2215 = CARTESIAN_POINT ( 'NONE',  ( -26.23570289012128143, 30.65881853090152731, 975.1596503712639787 ) ) ;
#2216 = ORIENTED_EDGE ( 'NONE', *, *, #10339, .T. ) ;
#2217 = VECTOR ( 'NONE', #5881, 1000.000000000000000 ) ;
#2218 = CARTESIAN_POINT ( 'NONE',  ( -26.42132806302286596, 44.52206366277465577, 989.5415379632174790 ) ) ;
#2219 = DIRECTION ( 'NONE',  ( -1.000000000000000000, 0.000000000000000000, 0.000000000000000000 ) ) ;
#2220 = CARTESIAN_POINT ( 'NONE',  ( -22.11771300448399202, 43.02206366277465577, 990.4916601271910395 ) ) ;
#2221 = CARTESIAN_POINT ( 'NONE',  ( -19.11506697987564252, -28.98343590207230136, 1002.628365919222801 ) ) ;
#2222 = DIRECTION ( 'NONE',  ( -0.000000000000000000, -0.000000000000000000, 1.000000000000000000 ) ) ;
#2223 = DIRECTION ( 'NONE',  ( 0.000000000000000000, 0.000000000000000000, 1.000000000000000000 ) ) ;
#2224 = DIRECTION ( 'NONE',  ( 1.000000000000000000, 0.000000000000000000, 0.000000000000000000 ) ) ;
#2225 = AXIS2_PLACEMENT_3D ( 'NONE', #10224, #9373, #7792 ) ;
#2226 = ORIENTED_EDGE ( 'NONE', *, *, #4652, .F. ) ;
#2227 = LINE ( 'NONE', #8816, #2072 ) ;
#2228 = VERTEX_POINT ( 'NONE', #1697 ) ;
#2229 = FACE_OUTER_BOUND ( 'NONE', #2659, .T. ) ;
#2230 = ORIENTED_EDGE ( 'NONE', *, *, #6868, .T. ) ;
#2231 = DIRECTION ( 'NONE',  ( 1.000000000000000000, 0.000000000000000000, 0.000000000000000000 ) ) ;
#2232 = LINE ( 'NONE', #5518, #6192 ) ;
#2233 = CARTESIAN_POINT ( 'NONE',  ( -29.74286372577953941, 4.320964925932729628, 998.1302238329652710 ) ) ;
#2234 = VECTOR ( 'NONE', #10052, 999.9999999999998863 ) ;
#2235 = DIRECTION ( 'NONE',  ( -0.000000000000000000, -0.000000000000000000, -1.000000000000000000 ) ) ;
#2236 =( BOUNDED_CURVE ( )  B_SPLINE_CURVE ( 3, ( #1179, #4474, #2913, #1123 ),
 .UNSPECIFIED., .F., .F. ) 
 B_SPLINE_CURVE_WITH_KNOTS ( ( 4, 4 ),
 ( 0.000000000000000000, 1.570796326794896558 ),
 .UNSPECIFIED. ) 
 CURVE ( )  GEOMETRIC_REPRESENTATION_ITEM ( )  RATIONAL_B_SPLINE_CURVE ( ( 1.000000000000000000, 0.8047378541243649375, 0.8047378541243649375, 1.000000000000000000 ) ) 
 REPRESENTATION_ITEM ( '' )  );
#2237 = DIRECTION ( 'NONE',  ( 0.000000000000000000, -1.000000000000000000, 0.000000000000000000 ) ) ;
#2238 = ADVANCED_FACE ( 'NONE', ( #2508 ), #4977, .T. ) ;
#2239 = ORIENTED_EDGE ( 'NONE', *, *, #5087, .T. ) ;
#2240 = ORIENTED_EDGE ( 'NONE', *, *, #1270, .F. ) ;
#2241 = VERTEX_POINT ( 'NONE', #8266 ) ;
#2242 = CARTESIAN_POINT ( 'NONE',  ( -32.06771300448400552, 29.52206337602792630, 1004.592685127191089 ) ) ;
#2243 = DIRECTION ( 'NONE',  ( 0.000000000000000000, 0.000000000000000000, 1.000000000000000000 ) ) ;
#2244 = CARTESIAN_POINT ( 'NONE',  ( -24.81771300448400197, 3.357757825279103159, 1003.491660127191039 ) ) ;
#2245 = VECTOR ( 'NONE', #278, 1000.000000000000000 ) ;
#2246 = FACE_OUTER_BOUND ( 'NONE', #3516, .T. ) ;
#2247 = ORIENTED_EDGE ( 'NONE', *, *, #4022, .F. ) ;
#2248 = DIRECTION ( 'NONE',  ( -1.000000000000000000, 1.480297366166871854E-16, 0.000000000000000000 ) ) ;
#2249 = ORIENTED_EDGE ( 'NONE', *, *, #388, .T. ) ;
#2250 = DIRECTION ( 'NONE',  ( 1.060879779086264814E-15, -0.8660254037844384856, 0.5000000000000003331 ) ) ;
#2251 = AXIS2_PLACEMENT_3D ( 'NONE', #3505, #8462, #4309 ) ;
#2252 = ORIENTED_EDGE ( 'NONE', *, *, #6940, .F. ) ;
#2253 = CARTESIAN_POINT ( 'NONE',  ( -23.67907003832831236, -28.85200864097689433, 1001.103721767044249 ) ) ;
#2254 = CARTESIAN_POINT ( 'NONE',  ( -25.83496976919761323, -28.85586463958585313, 1002.895356524913723 ) ) ;
#2255 = ADVANCED_FACE ( 'NONE', ( #3316 ), #5898, .T. ) ;
#2256 = DIRECTION ( 'NONE',  ( 0.000000000000000000, 0.000000000000000000, 1.000000000000000000 ) ) ;
#2257 = DIRECTION ( 'NONE',  ( -1.000000000000000000, 0.000000000000000000, 0.000000000000000000 ) ) ;
#2258 = CARTESIAN_POINT ( 'NONE',  ( -16.81817633651091626, 37.54806902988372030, 1008.566659422783800 ) ) ;
#2259 = DIRECTION ( 'NONE',  ( 0.000000000000000000, 0.000000000000000000, -1.000000000000000000 ) ) ;
#2260 = EDGE_CURVE ( 'NONE', #4093, #3445, #3364, .T. ) ;
#2261 = DIRECTION ( 'NONE',  ( 3.731144428023029386E-16, -1.000000000000000000, -0.000000000000000000 ) ) ;
#2262 = VECTOR ( 'NONE', #4273, 1000.000000000000000 ) ;
#2263 = EDGE_CURVE ( 'NONE', #6807, #5554, #1655, .T. ) ;
#2264 = EDGE_CURVE ( 'NONE', #8008, #385, #9947, .T. ) ;
#2265 = EDGE_LOOP ( 'NONE', ( #6162, #1814, #3709, #6257 ) ) ;
#2266 = ORIENTED_EDGE ( 'NONE', *, *, #9956, .T. ) ;
#2267 = B_SPLINE_CURVE_WITH_KNOTS ( 'NONE', 3,
 ( #3683, #2133, #2992, #5411 ),
 .UNSPECIFIED., .F., .F.,
 ( 4, 4 ),
 ( 0.000000000000000000, 1.000000000000000000 ),
 .UNSPECIFIED. ) ;
#2268 = CARTESIAN_POINT ( 'NONE',  ( -8.749069095906602200, -1.309237434493399244, 999.4916601271909258 ) ) ;
#2269 = AXIS2_PLACEMENT_3D ( 'NONE', #3153, #8824, #8043 ) ;
#2270 = CARTESIAN_POINT ( 'NONE',  ( -26.06783516845636584, 44.52206366277465577, 989.1880450686628592 ) ) ;
#2271 = ADVANCED_FACE ( 'NONE', ( #4177 ), #9204, .F. ) ;
#2272 = CARTESIAN_POINT ( 'NONE',  ( -28.39533097139973705, 2.837226847371033145, 1000.991660127190926 ) ) ;
#2273 = CARTESIAN_POINT ( 'NONE',  ( -12.46771300448399344, 36.37206337602792416, 1016.641658718408394 ) ) ;
#2274 = CARTESIAN_POINT ( 'NONE',  ( -16.47625460485696181, 3.540356260854637949, 1000.991056356450372 ) ) ;
#2275 = CARTESIAN_POINT ( 'NONE',  ( -22.26771300448400126, -12.47773340385700003, 997.9916601271909258 ) ) ;
#2276 = DIRECTION ( 'NONE',  ( 0.000000000000000000, 1.000000000000000000, 0.000000000000000000 ) ) ;
#2277 = VECTOR ( 'NONE', #368, 999.9999999999998863 ) ;
#2278 = CARTESIAN_POINT ( 'NONE',  ( -17.26771300448399415, 14.03997960477434503, 997.1916601271910849 ) ) ;
#2279 = VECTOR ( 'NONE', #2638, 1000.000000000000114 ) ;
#2280 = ORIENTED_EDGE ( 'NONE', *, *, #3091, .T. ) ;
#2281 = DIRECTION ( 'NONE',  ( 0.5696255148277687974, 0.8219043574876576663, 0.000000000000000000 ) ) ;
#2282 = ORIENTED_EDGE ( 'NONE', *, *, #2002, .T. ) ;
#2283 = ORIENTED_EDGE ( 'NONE', *, *, #4358, .F. ) ;
#2284 = CARTESIAN_POINT ( 'NONE',  ( -17.26771300448400126, 2.863179944257001175, 1001.051929530088614 ) ) ;
#2285 = VERTEX_POINT ( 'NONE', #2617 ) ;
#2286 = EDGE_CURVE ( 'NONE', #8830, #8972, #6001, .T. ) ;
#2287 = DIRECTION ( 'NONE',  ( -0.7261534621377974119, 0.6875326533520357275, 0.000000000000000000 ) ) ;
#2288 = DIRECTION ( 'NONE',  ( 1.000000000000000000, 0.000000000000000000, 0.000000000000000000 ) ) ;
#2289 = VECTOR ( 'NONE', #7449, 999.9999999999998863 ) ;
#2290 = VECTOR ( 'NONE', #587, 1000.000000000000000 ) ;
#2291 = DIRECTION ( 'NONE',  ( 0.000000000000000000, 0.000000000000000000, 1.000000000000000000 ) ) ;
#2292 = LINE ( 'NONE', #4713, #10518 ) ;
#2293 = CARTESIAN_POINT ( 'NONE',  ( -18.69798230823018770, -28.73860356943556482, 1002.249774035563632 ) ) ;
#2294 = VERTEX_POINT ( 'NONE', #1035 ) ;
#2295 = DIRECTION ( 'NONE',  ( -0.7071067811864678587, -3.545736665389799558E-16, -0.7071067811866271757 ) ) ;
#2296 = AXIS2_PLACEMENT_3D ( 'NONE', #2529, #5915, #4246 ) ;
#2297 = AXIS2_PLACEMENT_3D ( 'NONE', #4034, #7327, #6785 ) ;
#2298 = ORIENTED_EDGE ( 'NONE', *, *, #4561, .T. ) ;
#2299 = ORIENTED_EDGE ( 'NONE', *, *, #8654, .T. ) ;
#2300 = CARTESIAN_POINT ( 'NONE',  ( -30.41771300448401050, 36.37206337602792416, 1003.491660127191039 ) ) ;
#2301 = DIRECTION ( 'NONE',  ( -0.9958633612576837102, 0.09086344537022716938, 0.000000000000000000 ) ) ;
#2302 =( BOUNDED_CURVE ( )  B_SPLINE_CURVE ( 3, ( #5672, #5770, #3346, #9230 ),
 .UNSPECIFIED., .F., .T. ) 
 B_SPLINE_CURVE_WITH_KNOTS ( ( 4, 4 ),
 ( 5.769557472337923265, 6.283185538426937278 ),
 .UNSPECIFIED. ) 
 CURVE ( )  GEOMETRIC_REPRESENTATION_ITEM ( )  RATIONAL_B_SPLINE_CURVE ( ( 1.000000000000000000, 0.9781360815205972781, 0.9781360815205972781, 1.000000000000000000 ) ) 
 REPRESENTATION_ITEM ( '' )  );
#2303 = EDGE_CURVE ( 'NONE', #10615, #7806, #3096, .T. ) ;
#2304 = EDGE_CURVE ( 'NONE', #6774, #10094, #5083, .T. ) ;
#2305 = CIRCLE ( 'NONE', #8674, 2.250000000000001776 ) ;
#2306 = DIRECTION ( 'NONE',  ( 0.7071067811865460184, 0.000000000000000000, 0.7071067811865489050 ) ) ;
#2307 = CYLINDRICAL_SURFACE ( 'NONE', #3475, 3.498060944848578657 ) ;
#2308 = VERTEX_POINT ( 'NONE', #7456 ) ;
#2309 = CARTESIAN_POINT ( 'NONE',  ( -22.42867525813698393, 28.72703897064573297, 990.4823859149075815 ) ) ;
#2310 = ORIENTED_EDGE ( 'NONE', *, *, #5619, .T. ) ;
#2311 = VERTEX_POINT ( 'NONE', #3527 ) ;
#2312 = ORIENTED_EDGE ( 'NONE', *, *, #4696, .T. ) ;
#2313 = DIRECTION ( 'NONE',  ( 1.000000000000000000, 0.000000000000000000, 0.000000000000000000 ) ) ;
#2314 = FACE_OUTER_BOUND ( 'NONE', #3673, .T. ) ;
#2315 = ADVANCED_FACE ( 'NONE', ( #5194 ), #6605, .F. ) ;
#2316 = CARTESIAN_POINT ( 'NONE',  ( -24.26771282526732421, 44.22206330434126897, 987.4916601271910395 ) ) ;
#2317 = ADVANCED_FACE ( 'NONE', ( #2563 ), #4278, .T. ) ;
#2318 = CARTESIAN_POINT ( 'NONE',  ( -19.22942817164620166, -28.67834212362170021, 1001.385801460458424 ) ) ;
#2319 = CYLINDRICAL_SURFACE ( 'NONE', #221, 3.000000000000050182 ) ;
#2320 = FACE_OUTER_BOUND ( 'NONE', #4251, .T. ) ;
#2321 = ORIENTED_EDGE ( 'NONE', *, *, #7584, .F. ) ;
#2322 = VERTEX_POINT ( 'NONE', #6715 ) ;
#2323 = EDGE_CURVE ( 'NONE', #1276, #9389, #10000, .T. ) ;
#2324 = DIRECTION ( 'NONE',  ( -1.000000000000000000, 0.000000000000000000, 0.000000000000000000 ) ) ;
#2325 = CARTESIAN_POINT ( 'NONE',  ( -25.86440956754697851, 44.40481469705127893, 989.7449635641256691 ) ) ;
#2326 = DIRECTION ( 'NONE',  ( 0.000000000000000000, 0.000000000000000000, 1.000000000000000000 ) ) ;
#2327 = CARTESIAN_POINT ( 'NONE',  ( -21.08193761278785772, 44.01330378908557606, 990.1217403444396723 ) ) ;
#2328 = EDGE_CURVE ( 'NONE', #3641, #4756, #5853, .T. ) ;
#2329 = CARTESIAN_POINT ( 'NONE',  ( -17.00507303839652096, 5.216395102160301889, 1000.991660126949114 ) ) ;
#2330 = LINE ( 'NONE', #9720, #710 ) ;
#2331 = CARTESIAN_POINT ( 'NONE',  ( -24.36771282526732918, 28.55192683606519566, 983.5916601271910622 ) ) ;
#2332 = B_SPLINE_CURVE_WITH_KNOTS ( 'NONE', 3,
 ( #3436, #4192, #3276, #10605 ),
 .UNSPECIFIED., .F., .F.,
 ( 4, 4 ),
 ( 0.000000000000000000, 1.000000000000000000 ),
 .UNSPECIFIED. ) ;
#2333 = DIRECTION ( 'NONE',  ( 0.000000000000000000, 0.000000000000000000, 1.000000000000000000 ) ) ;
#2334 = ORIENTED_EDGE ( 'NONE', *, *, #1517, .F. ) ;
#2335 = ORIENTED_EDGE ( 'NONE', *, *, #2997, .T. ) ;
#2336 = CARTESIAN_POINT ( 'NONE',  ( -12.46771300448399344, 29.47981022745160828, 999.1916601271910849 ) ) ;
#2337 = ORIENTED_EDGE ( 'NONE', *, *, #2303, .F. ) ;
#2338 = ORIENTED_EDGE ( 'NONE', *, *, #6901, .T. ) ;
#2339 = EDGE_CURVE ( 'NONE', #1633, #6299, #828, .T. ) ;
#2340 = CARTESIAN_POINT ( 'NONE',  ( -18.43150386029382659, 3.247056048566207220, 1003.455450983000674 ) ) ;
#2341 = VECTOR ( 'NONE', #9595, 1000.000000000000000 ) ;
#2342 = ORIENTED_EDGE ( 'NONE', *, *, #2071, .T. ) ;
#2343 = DIRECTION ( 'NONE',  ( 0.000000000000000000, 0.000000000000000000, 1.000000000000000000 ) ) ;
#2344 = LINE ( 'NONE', #9567, #5516 ) ;
#2345 = CARTESIAN_POINT ( 'NONE',  ( -23.45377336322340156, 27.22050958877564852, 988.9916601271910395 ) ) ;
#2346 = CARTESIAN_POINT ( 'NONE',  ( 0.000000000000000000, 0.000000000000000000, 987.4916601271910395 ) ) ;
#2347 = AXIS2_PLACEMENT_3D ( 'NONE', #1336, #1217, #4570 ) ;
#2348 = EDGE_CURVE ( 'NONE', #8879, #9534, #2569, .T. ) ;
#2349 = EDGE_CURVE ( 'NONE', #1922, #1134, #4961, .T. ) ;
#2350 = EDGE_LOOP ( 'NONE', ( #8589, #109, #326, #2562 ) ) ;
#2351 = ORIENTED_EDGE ( 'NONE', *, *, #9418, .F. ) ;
#2352 = ORIENTED_EDGE ( 'NONE', *, *, #3662, .F. ) ;
#2353 = DIRECTION ( 'NONE',  ( 0.7071067811865040520, 2.638317526641323914E-16, 0.7071067811865910935 ) ) ;
#2354 = CIRCLE ( 'NONE', #3535, 0.7999999999999994893 ) ;
#2355 = DIRECTION ( 'NONE',  ( 8.742277735063196173E-08, -0.9999999999999961142, 0.000000000000000000 ) ) ;
#2356 = DIRECTION ( 'NONE',  ( -0.000000000000000000, -0.000000000000000000, -1.000000000000000000 ) ) ;
#2357 = FACE_OUTER_BOUND ( 'NONE', #2430, .T. ) ;
#2358 = VECTOR ( 'NONE', #2871, 1000.000000000000000 ) ;
#2359 = ORIENTED_EDGE ( 'NONE', *, *, #3405, .F. ) ;
#2360 = DIRECTION ( 'NONE',  ( -1.046728305789180158E-16, -0.7071067811865470176, 0.7071067811865480168 ) ) ;
#2361 = ORIENTED_EDGE ( 'NONE', *, *, #7996, .T. ) ;
#2362 = EDGE_LOOP ( 'NONE', ( #2172, #1867, #7288, #5385, #7776 ) ) ;
#2363 = DIRECTION ( 'NONE',  ( -1.000000000000000000, 0.000000000000000000, 0.000000000000000000 ) ) ;
#2364 = DIRECTION ( 'NONE',  ( 0.6039809190271701045, -0.7375738000291907071, 0.3019800307331503286 ) ) ;
#2365 = DIRECTION ( 'NONE',  ( 0.7999999999999863887, -0.2999999999999954925, -0.5196152422706865615 ) ) ;
#2366 = DIRECTION ( 'NONE',  ( 0.7071067811865462405, -0.7071067811865489050, 0.000000000000000000 ) ) ;
#2367 = CONICAL_SURFACE ( 'NONE', #10274, 3.298060944848551834, 0.7853981633975870569 ) ;
#2368 = VECTOR ( 'NONE', #6759, 1000.000000000000227 ) ;
#2369 = EDGE_CURVE ( 'NONE', #8879, #7494, #4441, .T. ) ;
#2370 = DIRECTION ( 'NONE',  ( 0.000000000000000000, 0.000000000000000000, 1.000000000000000000 ) ) ;
#2371 = EDGE_LOOP ( 'NONE', ( #9962, #2352, #1536, #5235 ) ) ;
#2372 = DIRECTION ( 'NONE',  ( 0.000000000000000000, 0.000000000000000000, -1.000000000000000000 ) ) ;
#2373 = CARTESIAN_POINT ( 'NONE',  ( -25.48763278723264847, 44.01330378908295415, 992.1558847355089483 ) ) ;
#2374 = DIRECTION ( 'NONE',  ( -1.000000000000000000, 0.000000000000000000, 0.000000000000000000 ) ) ;
#2375 = DIRECTION ( 'NONE',  ( 0.7071067811865464625, -0.7071067811865486830, 0.000000000000000000 ) ) ;
#2376 = CARTESIAN_POINT ( 'NONE',  ( -26.06771300448400197, 3.167884070370703409, 1003.491660127191039 ) ) ;
#2377 = AXIS2_PLACEMENT_3D ( 'NONE', #9490, #10338, #4531 ) ;
#2378 = DIRECTION ( 'NONE',  ( 8.742277735063196173E-08, -0.9999999999999961142, 0.000000000000000000 ) ) ;
#2379 = CARTESIAN_POINT ( 'NONE',  ( -14.33162674035339457, 30.57414358537394250, 1014.241658718408416 ) ) ;
#2380 = CARTESIAN_POINT ( 'NONE',  ( -25.72356290479838492, 26.20700194307794817, 987.4916601271910395 ) ) ;
#2381 = ORIENTED_EDGE ( 'NONE', *, *, #3565, .T. ) ;
#2382 = ORIENTED_EDGE ( 'NONE', *, *, #10006, .T. ) ;
#2383 = FACE_OUTER_BOUND ( 'NONE', #97, .T. ) ;
#2384 = EDGE_CURVE ( 'NONE', #5286, #2573, #10157, .T. ) ;
#2385 = ORIENTED_EDGE ( 'NONE', *, *, #3, .F. ) ;
#2386 = PRESENTATION_LAYER_ASSIGNMENT (  '', '', ( #8941 ) ) ;
#2387 = EDGE_LOOP ( 'NONE', ( #7346, #2116, #1486, #6954 ) ) ;
#2388 = CARTESIAN_POINT ( 'NONE',  ( -18.64871853730182139, -27.83364921270699810, 1002.647865623911457 ) ) ;
#2389 = CIRCLE ( 'NONE', #9628, 1.650000000000000355 ) ;
#2390 = VERTEX_POINT ( 'NONE', #5301 ) ;
#2391 = DIRECTION ( 'NONE',  ( -0.000000000000000000, -0.000000000000000000, -1.000000000000000000 ) ) ;
#2392 = CARTESIAN_POINT ( 'NONE',  ( -18.47297981228107133, -28.18360042841842983, 1003.161272186411793 ) ) ;
#2393 = EDGE_CURVE ( 'NONE', #4499, #7942, #1369, .T. ) ;
#2394 = FACE_OUTER_BOUND ( 'NONE', #2475, .T. ) ;
#2395 = CARTESIAN_POINT ( 'NONE',  ( -25.05765447650716737, 25.99935489154177759, 988.1517190136013369 ) ) ;
#2396 = AXIS2_PLACEMENT_3D ( 'NONE', #7376, #94, #4848 ) ;
#2397 = EDGE_CURVE ( 'NONE', #4162, #9390, #3735, .T. ) ;
#2398 = AXIS2_PLACEMENT_3D ( 'NONE', #4512, #4348, #9320 ) ;
#2399 = ORIENTED_EDGE ( 'NONE', *, *, #1033, .F. ) ;
#2400 = VERTEX_POINT ( 'NONE', #9464 ) ;
#2401 = VERTEX_POINT ( 'NONE', #338 ) ;
#2402 = AXIS2_PLACEMENT_3D ( 'NONE', #8894, #2360, #2248 ) ;
#2403 = CARTESIAN_POINT ( 'NONE',  ( -19.33428324876305737, 25.24948002259738900, 989.5222063715981449 ) ) ;
#2404 = CARTESIAN_POINT ( 'NONE',  ( -44.18771300448400297, -10.47773340385700003, 995.9916601271909258 ) ) ;
#2405 = EDGE_CURVE ( 'NONE', #847, #5920, #505, .T. ) ;
#2406 = DIRECTION ( 'NONE',  ( -0.5773502691897526296, 0.5773502691896224004, -0.5773502691895021632 ) ) ;
#2407 = CARTESIAN_POINT ( 'NONE',  ( -17.31578201956730112, 2.904340810528530881, 1000.991660127191153 ) ) ;
#2408 = AXIS2_PLACEMENT_3D ( 'NONE', #7617, #73, #981 ) ;
#2409 = EDGE_LOOP ( 'NONE', ( #8037, #5865, #10273, #5649, #2890, #10078 ) ) ;
#2410 = LINE ( 'NONE', #8994, #10478 ) ;
#2411 = VERTEX_POINT ( 'NONE', #9575 ) ;
#2412 = ORIENTED_EDGE ( 'NONE', *, *, #8518, .F. ) ;
#2413 = CARTESIAN_POINT ( 'NONE',  ( -25.46244619668694043, -28.25791218717139941, 1004.591660127191176 ) ) ;
#2414 = DIRECTION ( 'NONE',  ( 0.000000000000000000, -1.000000000000000000, 0.000000000000000000 ) ) ;
#2415 = DIRECTION ( 'NONE',  ( 1.000000000000000000, 0.000000000000000000, -0.000000000000000000 ) ) ;
#2416 = CARTESIAN_POINT ( 'NONE',  ( -16.81842501921070010, 8.377137213505689176E-15, 1003.491660127191039 ) ) ;
#2417 = EDGE_CURVE ( 'NONE', #7188, #1922, #2267, .T. ) ;
#2418 = ORIENTED_EDGE ( 'NONE', *, *, #5116, .T. ) ;
#2419 = CARTESIAN_POINT ( 'NONE',  ( -34.86771300448391742, 43.92206366277464724, 1016.041658718408485 ) ) ;
#2420 = CARTESIAN_POINT ( 'NONE',  ( -26.61771300448399558, 44.52206366277465577, 988.9916601271910395 ) ) ;
#2421 = FACE_OUTER_BOUND ( 'NONE', #10543, .T. ) ;
#2422 = CARTESIAN_POINT ( 'NONE',  ( -19.07297981228107275, -27.65791218717139799, 1002.377300773245906 ) ) ;
#2423 = DIRECTION ( 'NONE',  ( 0.6785983445458479979, -0.2810846377148231157, -0.6785983445458450003 ) ) ;
#2424 = AXIS2_PLACEMENT_3D ( 'NONE', #4870, #9652, #10388 ) ;
#2425 = LINE ( 'NONE', #4891, #6389 ) ;
#2426 = EDGE_CURVE ( 'NONE', #7983, #8858, #4389, .T. ) ;
#2427 = EDGE_CURVE ( 'NONE', #8534, #550, #9845, .T. ) ;
#2428 = DIRECTION ( 'NONE',  ( 1.000000000000000000, 0.000000000000000000, 0.000000000000000000 ) ) ;
#2429 = CARTESIAN_POINT ( 'NONE',  ( -23.73566608202120776, -29.19861726305788707, 1001.708047301521219 ) ) ;
#2430 = EDGE_LOOP ( 'NONE', ( #3618, #6426, #8399, #726 ) ) ;
#2431 = ORIENTED_EDGE ( 'NONE', *, *, #3766, .T. ) ;
#2432 = ORIENTED_EDGE ( 'NONE', *, *, #3959, .F. ) ;
#2433 = EDGE_LOOP ( 'NONE', ( #10129, #4669, #4110, #6870, #6023, #8699, #7833, #7548, #5500, #591 ) ) ;
#2434 = ORIENTED_EDGE ( 'NONE', *, *, #3891, .F. ) ;
#2435 = DIRECTION ( 'NONE',  ( 0.000000000000000000, 0.000000000000000000, -1.000000000000000000 ) ) ;
#2436 = ORIENTED_EDGE ( 'NONE', *, *, #5034, .T. ) ;
#2437 = CARTESIAN_POINT ( 'NONE',  ( -10.81771300448399309, 29.47981022745160828, 995.9916601271909258 ) ) ;
#2438 = CARTESIAN_POINT ( 'NONE',  ( -21.08165264574449793, 27.22050958877561655, 987.4916601271910395 ) ) ;
#2439 = EDGE_CURVE ( 'NONE', #8276, #5601, #672, .T. ) ;
#2440 = FACE_OUTER_BOUND ( 'NONE', #8517, .T. ) ;
#2441 = DIRECTION ( 'NONE',  ( -1.000000000000000000, 0.000000000000000000, 0.000000000000000000 ) ) ;
#2442 = AXIS2_PLACEMENT_3D ( 'NONE', #3739, #290, #2940 ) ;
#2443 = AXIS2_PLACEMENT_3D ( 'NONE', #10508, #2222, #645 ) ;
#2444 = CARTESIAN_POINT ( 'NONE',  ( -32.06771300448400552, 39.67206337602792132, 1016.641658718408394 ) ) ;
#2445 = VERTEX_POINT ( 'NONE', #3579 ) ;
#2446 = CARTESIAN_POINT ( 'NONE',  ( -10.81771300448399309, 29.47981022745160828, 983.6916601271909713 ) ) ;
#2447 = VERTEX_POINT ( 'NONE', #8543 ) ;
#2448 = CARTESIAN_POINT ( 'NONE',  ( -47.20080973152320070, -13.47502353220716387, 995.9916601271909258 ) ) ;
#2449 = ORIENTED_EDGE ( 'NONE', *, *, #5395, .F. ) ;
#2450 = VECTOR ( 'NONE', #8022, 1000.000000000000000 ) ;
#2451 = AXIS2_PLACEMENT_3D ( 'NONE', #7115, #4575, #7857 ) ;
#2452 = EDGE_CURVE ( 'NONE', #6339, #4289, #3629, .T. ) ;
#2453 = DIRECTION ( 'NONE',  ( 0.000000000000000000, 0.000000000000000000, -1.000000000000000000 ) ) ;
#2454 = CARTESIAN_POINT ( 'NONE',  ( -14.33878081634949275, 20.71519878427751493, 997.1916601271908576 ) ) ;
#2455 = CARTESIAN_POINT ( 'NONE',  ( -25.21663940449512964, 26.12806225532235516, 984.4933439821808179 ) ) ;
#2456 = ADVANCED_FACE ( 'NONE', ( #8658 ), #8828, .F. ) ;
#2457 = DIRECTION ( 'NONE',  ( 0.5773502691895315841, -0.5773502691896739147, -0.5773502691896718053 ) ) ;
#2458 = CARTESIAN_POINT ( 'NONE',  ( -27.33975460982187045, 3.287333648496001626, 1000.991660127190926 ) ) ;
#2459 = EDGE_CURVE ( 'NONE', #9534, #9348, #3100, .T. ) ;
#2460 = CIRCLE ( 'NONE', #7778, 13.37999999999999901 ) ;
#2461 = AXIS2_PLACEMENT_3D ( 'NONE', #4360, #7636, #252 ) ;
#2462 = ORIENTED_EDGE ( 'NONE', *, *, #1754, .T. ) ;
#2463 = LINE ( 'NONE', #4726, #6695 ) ;
#2464 = ORIENTED_EDGE ( 'NONE', *, *, #5584, .F. ) ;
#2465 = DIRECTION ( 'NONE',  ( -0.000000000000000000, -0.000000000000000000, 1.000000000000000000 ) ) ;
#2466 = FACE_OUTER_BOUND ( 'NONE', #7933, .T. ) ;
#2467 = AXIS2_PLACEMENT_3D ( 'NONE', #304, #9326, #2039 ) ;
#2468 = CARTESIAN_POINT ( 'NONE',  ( -10.81771300448399309, 38.02206337602792274, 1003.491660127191039 ) ) ;
#2469 = DIRECTION ( 'NONE',  ( -0.7071067811865464625, 0.7071067811865486830, 0.000000000000000000 ) ) ;
#2470 = EDGE_CURVE ( 'NONE', #4252, #18, #6433, .T. ) ;
#2471 = CIRCLE ( 'NONE', #7622, 1.650000000000000355 ) ;
#2472 = EDGE_CURVE ( 'NONE', #879, #7021, #8414, .T. ) ;
#2473 = ORIENTED_EDGE ( 'NONE', *, *, #9784, .F. ) ;
#2474 = CARTESIAN_POINT ( 'NONE',  ( -19.41189416424668934, 25.79472900941703628, 991.6189646615712263 ) ) ;
#2475 = EDGE_LOOP ( 'NONE', ( #9393, #8374, #75, #10307 ) ) ;
#2476 = FACE_OUTER_BOUND ( 'NONE', #6050, .T. ) ;
#2477 = CARTESIAN_POINT ( 'NONE',  ( -22.16818974859713620, 44.52206366277465577, 1014.241658718406711 ) ) ;
#2478 = CARTESIAN_POINT ( 'NONE',  ( -18.47297981228106778, -28.36553131374809666, 1004.591660127191176 ) ) ;
#2479 = CARTESIAN_POINT ( 'NONE',  ( -18.43324638465933418, -27.39003042595530246, 1001.645415406550001 ) ) ;
#2480 = CARTESIAN_POINT ( 'NONE',  ( -24.49734293565933996, -27.87277253238140062, 999.3767997819812763 ) ) ;
#2481 = CARTESIAN_POINT ( 'NONE',  ( -16.21842501921067381, 44.52206366277465577, 1008.566659422790281 ) ) ;
#2482 = CARTESIAN_POINT ( 'NONE',  ( -17.91771300448399629, 44.52206366277465577, 995.9916601271909258 ) ) ;
#2483 = ORIENTED_EDGE ( 'NONE', *, *, #5593, .F. ) ;
#2484 = ORIENTED_EDGE ( 'NONE', *, *, #9978, .T. ) ;
#2485 = VERTEX_POINT ( 'NONE', #1682 ) ;
#2486 = EDGE_LOOP ( 'NONE', ( #149, #5684, #10340, #6683 ) ) ;
#2487 = CARTESIAN_POINT ( 'NONE',  ( -44.18771300448400297, -10.47773340385700003, 995.9916601271909258 ) ) ;
#2488 = VERTEX_POINT ( 'NONE', #860 ) ;
#2489 = CARTESIAN_POINT ( 'NONE',  ( -10.81771300448399309, 29.47981022745160828, 983.6916601271909713 ) ) ;
#2490 = DIRECTION ( 'NONE',  ( -1.000000000000000000, 0.000000000000000000, 0.000000000000000000 ) ) ;
#2491 = DIRECTION ( 'NONE',  ( 0.8572629619699134729, -0.5148788343237375997, 0.000000000000000000 ) ) ;
#2492 = CARTESIAN_POINT ( 'NONE',  ( -20.26771282526732065, -0.000000000000000000, 987.4916601271910395 ) ) ;
#2493 = AXIS2_PLACEMENT_3D ( 'NONE', #4895, #5562, #9721 ) ;
#2494 = EDGE_LOOP ( 'NONE', ( #6943, #4240, #8185 ) ) ;
#2495 = CARTESIAN_POINT ( 'NONE',  ( -27.26771300448400126, 13.64413097241205186, 997.1916601271909713 ) ) ;
#2496 = ORIENTED_EDGE ( 'NONE', *, *, #9047, .F. ) ;
#2497 = CARTESIAN_POINT ( 'NONE',  ( -23.18274299501175051, 27.35805830902011948, 989.3935514735554762 ) ) ;
#2498 = ORIENTED_EDGE ( 'NONE', *, *, #1517, .T. ) ;
#2499 = EDGE_CURVE ( 'NONE', #10227, #1476, #6705, .T. ) ;
#2500 = DIRECTION ( 'NONE',  ( -0.000000000000000000, 0.000000000000000000, 1.000000000000000000 ) ) ;
#2501 = DIRECTION ( 'NONE',  ( -1.000000000000000000, 0.000000000000000000, 0.000000000000000000 ) ) ;
#2502 = CARTESIAN_POINT ( 'NONE',  ( -19.33657692850491827, 2.557757825279101116, 1003.491660127191039 ) ) ;
#2503 = FACE_OUTER_BOUND ( 'NONE', #6788, .T. ) ;
#2504 = CARTESIAN_POINT ( 'NONE',  ( -17.27861767389349268, 32.08149128839088604, 983.4916601271910395 ) ) ;
#2505 = CARTESIAN_POINT ( 'NONE',  ( -19.33428324876304671, 25.24948002259737478, 988.0916604856245158 ) ) ;
#2506 = B_SPLINE_SURFACE_WITH_KNOTS ( 'NONE', 3, 3, ( 
 ( #1920, #5960, #4400, #1976 ),
 ( #5093, #994, #4291, #5209 ),
 ( #6066, #8439, #9266, #189 ),
 ( #1102, #8556, #1047, #9425 ),
 ( #3538, #298, #2031, #2789 ) ),
 .UNSPECIFIED., .F., .F., .F.,
 ( 4, 1, 4 ),
 ( 4, 4 ),
 ( 0.000000000000000000, 0.5714285714285709528, 1.000000000000000000 ),
 ( 0.6336225263699930554, 1.309785268290299953 ),
 .UNSPECIFIED. ) ;
#2507 = ORIENTED_EDGE ( 'NONE', *, *, #7439, .T. ) ;
#2508 = FACE_OUTER_BOUND ( 'NONE', #4674, .T. ) ;
#2509 = ORIENTED_EDGE ( 'NONE', *, *, #7437, .T. ) ;
#2510 =( BOUNDED_CURVE ( )  B_SPLINE_CURVE ( 3, ( #5325, #201, #8620, #5157 ),
 .UNSPECIFIED., .F., .T. ) 
 B_SPLINE_CURVE_WITH_KNOTS ( ( 4, 4 ),
 ( 6.009171103369455480, 6.557199510989763169 ),
 .UNSPECIFIED. ) 
 CURVE ( )  GEOMETRIC_REPRESENTATION_ITEM ( )  RATIONAL_B_SPLINE_CURVE ( ( 1.000000000000000000, 0.9751282799207713348, 0.9751282799207713348, 1.000000000000000000 ) ) 
 REPRESENTATION_ITEM ( '' )  );
#2511 = VERTEX_POINT ( 'NONE', #1788 ) ;
#2512 = ADVANCED_FACE ( 'NONE', ( #6749 ), #220, .T. ) ;
#2513 = CARTESIAN_POINT ( 'NONE',  ( -19.31755139363924911, 26.05339869864173608, 983.4916601271910395 ) ) ;
#2514 = SURFACE_STYLE_USAGE ( .BOTH. , #6550 ) ;
#2515 = EDGE_CURVE ( 'NONE', #3422, #9658, #7549, .T. ) ;
#2516 = CARTESIAN_POINT ( 'NONE',  ( 0.000000000000000000, 0.000000000000000000, 987.4916601271910395 ) ) ;
#2517 = DIRECTION ( 'NONE',  ( -0.000000000000000000, -0.000000000000000000, 1.000000000000000000 ) ) ;
#2518 = CIRCLE ( 'NONE', #4762, 1.750000000000010658 ) ;
#2519 = EDGE_CURVE ( 'NONE', #4095, #4350, #162, .T. ) ;
#2520 = LINE ( 'NONE', #888, #6164 ) ;
#2521 = ORIENTED_EDGE ( 'NONE', *, *, #3496, .T. ) ;
#2522 = CARTESIAN_POINT ( 'NONE',  ( -24.33437949193398708, 28.51859350273185001, 983.6249934605243652 ) ) ;
#2523 = AXIS2_PLACEMENT_3D ( 'NONE', #8633, #3558, #5277 ) ;
#2524 = B_SPLINE_CURVE_WITH_KNOTS ( 'NONE', 3,
 ( #6998, #3755, #6074, #2743, #3652, #8682 ),
 .UNSPECIFIED., .F., .F.,
 ( 4, 2, 4 ),
 ( 0.000000000000000000, 0.007063636106875320966, 1.000000000000000000 ),
 .UNSPECIFIED. ) ;
#2525 = B_SPLINE_CURVE_WITH_KNOTS ( 'NONE', 3,
 ( #10510, #10405, #3026, #697 ),
 .UNSPECIFIED., .F., .F.,
 ( 4, 4 ),
 ( 0.000000000000000000, 1.000000000000000000 ),
 .UNSPECIFIED. ) ;
#2526 = FACE_OUTER_BOUND ( 'NONE', #3659, .T. ) ;
#2527 = DIRECTION ( 'NONE',  ( 5.279727272661875445E-15, 0.8660254037844389297, -0.4999999999999994449 ) ) ;
#2528 = FACE_OUTER_BOUND ( 'NONE', #637, .T. ) ;
#2529 = CARTESIAN_POINT ( 'NONE',  ( -32.26771300448400126, 8.655756606077503079, 997.1916601271909713 ) ) ;
#2530 = CARTESIAN_POINT ( 'NONE',  ( -26.06771300448378170, 17.28211026185847388, 1003.491660127191267 ) ) ;
#2531 = EDGE_CURVE ( 'NONE', #2158, #3156, #7391, .T. ) ;
#2532 = CIRCLE ( 'NONE', #9261, 13.37999999999999901 ) ;
#2533 = PLANE ( 'NONE',  #6163 ) ;
#2534 = ORIENTED_EDGE ( 'NONE', *, *, #3225, .F. ) ;
#2535 = B_SPLINE_CURVE_WITH_KNOTS ( 'NONE', 3,
 ( #9568, #10414, #10253, #7936, #2233, #2012 ),
 .UNSPECIFIED., .F., .F.,
 ( 4, 2, 4 ),
 ( 0.000000000000000000, 0.5000000000000000000, 1.000000000000000000 ),
 .UNSPECIFIED. ) ;
#2536 = VERTEX_POINT ( 'NONE', #4158 ) ;
#2537 = ORIENTED_EDGE ( 'NONE', *, *, #7437, .F. ) ;
#2538 = ORIENTED_EDGE ( 'NONE', *, *, #3537, .T. ) ;
#2539 = VERTEX_POINT ( 'NONE', #4109 ) ;
#2540 = DIRECTION ( 'NONE',  ( -0.000000000000000000, -0.000000000000000000, -1.000000000000000000 ) ) ;
#2541 = ORIENTED_EDGE ( 'NONE', *, *, #1654, .T. ) ;
#2542 = CARTESIAN_POINT ( 'NONE',  ( -34.86771300448413768, 44.52206366277465577, 995.9916601271909258 ) ) ;
#2543 = CARTESIAN_POINT ( 'NONE',  ( -27.38809280207766150, 3.776568411119300972, 1000.991660127190926 ) ) ;
#2544 = DIRECTION ( 'NONE',  ( 0.000000000000000000, 0.000000000000000000, 1.000000000000000000 ) ) ;
#2545 = FACE_OUTER_BOUND ( 'NONE', #8935, .T. ) ;
#2546 =( GEOMETRIC_REPRESENTATION_CONTEXT ( 3 ) GLOBAL_UNCERTAINTY_ASSIGNED_CONTEXT ( ( #2045 ) ) GLOBAL_UNIT_ASSIGNED_CONTEXT ( ( #3478, #7620, #6822 ) ) REPRESENTATION_CONTEXT ( 'NONE', 'WORKASPACE' ) );
#2547 = ORIENTED_EDGE ( 'NONE', *, *, #2884, .F. ) ;
#2548 = CARTESIAN_POINT ( 'NONE',  ( -22.05530001106119542, 28.17942443005473407, 990.3118476704659088 ) ) ;
#2549 = VERTEX_POINT ( 'NONE', #3458 ) ;
#2550 = EDGE_LOOP ( 'NONE', ( #1273, #2496, #48, #2432 ) ) ;
#2551 = DIRECTION ( 'NONE',  ( -0.9419090047030210799, 0.3358681688689243439, 0.000000000000000000 ) ) ;
#2552 = CARTESIAN_POINT ( 'NONE',  ( -26.06233344078498604, -27.57867514054694880, 1001.821885795751314 ) ) ;
#2553 = CARTESIAN_POINT ( 'NONE',  ( 0.000000000000000000, 0.000000000000000000, 983.7916601271909940 ) ) ;
#2554 = CONICAL_SURFACE ( 'NONE', #8061, 1.649999999999998579, 0.7853981633975702925 ) ;
#2555 = CYLINDRICAL_SURFACE ( 'NONE', #5105, 0.7999999999999871658 ) ;
#2556 = DIRECTION ( 'NONE',  ( 1.000000000000000000, 0.000000000000000000, -0.000000000000000000 ) ) ;
#2557 = AXIS2_PLACEMENT_3D ( 'NONE', #10619, #654, #9776 ) ;
#2558 = DIRECTION ( 'NONE',  ( 1.000000000000000000, -1.460893844964073754E-15, 0.000000000000000000 ) ) ;
#2559 = LINE ( 'NONE', #4117, #7780 ) ;
#2560 = EDGE_CURVE ( 'NONE', #7618, #9174, #7491, .T. ) ;
#2561 = DIRECTION ( 'NONE',  ( 1.000000000000000000, 0.000000000000000000, 0.000000000000000000 ) ) ;
#2562 = ORIENTED_EDGE ( 'NONE', *, *, #160, .F. ) ;
#2563 = FACE_OUTER_BOUND ( 'NONE', #6215, .T. ) ;
#2564 = EDGE_LOOP ( 'NONE', ( #1202, #5223, #10303, #6625, #9859, #6322, #9095, #3871, #461, #9946, #4651, #7986, #1213 ) ) ;
#2565 = ORIENTED_EDGE ( 'NONE', *, *, #8861, .T. ) ;
#2566 = CARTESIAN_POINT ( 'NONE',  ( -18.47297981228107133, -27.94390743350649942, 1002.393986729916719 ) ) ;
#2567 = FACE_OUTER_BOUND ( 'NONE', #2197, .T. ) ;
#2568 = CARTESIAN_POINT ( 'NONE',  ( -32.06771300448400552, 29.52206337602792630, 983.4916601271910395 ) ) ;
#2569 = CIRCLE ( 'NONE', #7388, 1.650000000000000355 ) ;
#2570 = DIRECTION ( 'NONE',  ( -1.000000000000000000, 0.000000000000000000, 0.000000000000000000 ) ) ;
#2571 =( BOUNDED_SURFACE ( )  B_SPLINE_SURFACE ( 3, 2, ( 
 ( #9153, #5251, #2674 ),
 ( #7461, #6663, #9468 ),
 ( #399, #1320, #9525 ),
 ( #3046, #343, #8604 ),
 ( #7946, #10374, #2137 ),
 ( #7835, #5363, #8664 ),
 ( #4607, #1264, #4556 ),
 ( #4663, #2077, #450 ),
 ( #10262, #1378, #3686 ),
 ( #3738, #7894, #6979 ) ),
 .UNSPECIFIED., .F., .F., .T. ) 
 B_SPLINE_SURFACE_WITH_KNOTS ( ( 4, 2, 2, 2, 4 ),
 ( 3, 3 ),
 ( 0.01369296866167046128, 0.01448814338926796355, 0.01528331811686546755, 0.01607849284446297156, 0.01687366757206047382 ),
 ( 0.000000000000000000, 1.000000000000000000 ),
 .UNSPECIFIED. ) 
 GEOMETRIC_REPRESENTATION_ITEM ( )  RATIONAL_B_SPLINE_SURFACE ( (
 ( 1.000000000000000000, 0.7071067811865480168, 1.000000000000000000),
 ( 1.000000000000000000, 0.7077734542372988713, 1.000000000000000000),
 ( 1.000000000000000000, 0.7085300557138951572, 1.000000000000000000),
 ( 1.000000000000000000, 0.7103378797518331567, 1.000000000000000000),
 ( 1.000000000000000000, 0.7114007177911059188, 1.000000000000000000),
 ( 1.000000000000000000, 0.7139240580071255504, 1.000000000000000000),
 ( 1.000000000000000000, 0.7153820485008753893, 1.000000000000000000),
 ( 1.000000000000000000, 0.7189304403451245440, 1.000000000000000000),
 ( 1.000000000000000000, 0.7210442279555594469, 1.000000000000000000),
 ( 1.000000000000000000, 0.7235312067099399780, 1.000000000000000000) ) ) 
 REPRESENTATION_ITEM ( '' )  SURFACE ( )  );
#2572 = CARTESIAN_POINT ( 'NONE',  ( -21.99082700623537079, 27.87763974395447519, 990.0778207250950800 ) ) ;
#2573 = VERTEX_POINT ( 'NONE', #1837 ) ;
#2574 = DIRECTION ( 'NONE',  ( -1.000000000000000000, 0.000000000000000000, 0.000000000000000000 ) ) ;
#2575 = EDGE_CURVE ( 'NONE', #4162, #7457, #1735, .T. ) ;
#2576 = DIRECTION ( 'NONE',  ( -0.7071067811865464625, 0.7071067811865486830, 0.000000000000000000 ) ) ;
#2577 = DIRECTION ( 'NONE',  ( -0.7071067811865473507, -0.7071067811865477948, 0.000000000000000000 ) ) ;
#2578 = EDGE_CURVE ( 'NONE', #3956, #1145, #3407, .T. ) ;
#2579 = CARTESIAN_POINT ( 'NONE',  ( -16.62000928484192386, 35.68369954004215572, 1013.641658718408735 ) ) ;
#2580 = CARTESIAN_POINT ( 'NONE',  ( -25.47851031899819318, -27.79381712501550084, 1000.949724597090153 ) ) ;
#2581 = DIRECTION ( 'NONE',  ( 0.7071067811865461294, 0.7071067811865489050, 0.000000000000000000 ) ) ;
#2582 = EDGE_CURVE ( 'NONE', #8276, #1545, #5122, .T. ) ;
#2583 = B_SPLINE_CURVE_WITH_KNOTS ( 'NONE', 3,
 ( #9481, #2794, #3650, #998, #9381 ),
 .UNSPECIFIED., .F., .F.,
 ( 4, 1, 4 ),
 ( 0.5791207549420576139, 0.8570817399130519210, 1.000000000000000000 ),
 .UNSPECIFIED. ) ;
#2584 = CIRCLE ( 'NONE', #2933, 2.700000000000001066 ) ;
#2585 = DIRECTION ( 'NONE',  ( -0.000000000000000000, -0.7071067811865475727, -0.7071067811865475727 ) ) ;
#2586 = EDGE_LOOP ( 'NONE', ( #3485, #6434, #7195, #10038, #6579, #6735 ) ) ;
#2587 = ORIENTED_EDGE ( 'NONE', *, *, #2452, .T. ) ;
#2588 = ORIENTED_EDGE ( 'NONE', *, *, #83, .T. ) ;
#2589 = ORIENTED_EDGE ( 'NONE', *, *, #2144, .T. ) ;
#2590 = ORIENTED_EDGE ( 'NONE', *, *, #7024, .F. ) ;
#2591 = CARTESIAN_POINT ( 'NONE',  ( -33.69367162530218707, 15.12454738415157962, 989.4754831242782984 ) ) ;
#2592 = EDGE_CURVE ( 'NONE', #4347, #6704, #9758, .T. ) ;
#2593 = ORIENTED_EDGE ( 'NONE', *, *, #10065, .F. ) ;
#2594 = AXIS2_PLACEMENT_3D ( 'NONE', #7526, #144, #4889 ) ;
#2595 = CARTESIAN_POINT ( 'NONE',  ( -18.79247735962376353, -28.85055402455519769, 1002.491852182949287 ) ) ;
#2596 = DIRECTION ( 'NONE',  ( -1.000000000000000000, 0.000000000000000000, 0.000000000000000000 ) ) ;
#2597 = CARTESIAN_POINT ( 'NONE',  ( -27.33806087023161524, 14.82819536793159365, 997.2620079929386065 ) ) ;
#2598 = LINE ( 'NONE', #4313, #4671 ) ;
#2599 = DIRECTION ( 'NONE',  ( -0.000000000000000000, 0.000000000000000000, 1.000000000000000000 ) ) ;
#2600 = AXIS2_PLACEMENT_3D ( 'NONE', #9829, #7291, #560 ) ;
#2601 = ORIENTED_EDGE ( 'NONE', *, *, #5556, .F. ) ;
#2602 = DIRECTION ( 'NONE',  ( -0.7052447360823921318, 0.7089639357739411230, 0.000000000000000000 ) ) ;
#2603 = EDGE_CURVE ( 'NONE', #9876, #4495, #3860, .T. ) ;
#2604 = ORIENTED_EDGE ( 'NONE', *, *, #1407, .F. ) ;
#2605 = CARTESIAN_POINT ( 'NONE',  ( -25.18209299421420155, 25.34120187949691783, 990.1169558992153270 ) ) ;
#2606 = ORIENTED_EDGE ( 'NONE', *, *, #589, .F. ) ;
#2607 = DIRECTION ( 'NONE',  ( 0.5773502691896723604, 0.5773502691896625905, -0.5773502691895422423 ) ) ;
#2608 = AXIS2_PLACEMENT_3D ( 'NONE', #4220, #9139, #2501 ) ;
#2609 = AXIS2_PLACEMENT_3D ( 'NONE', #840, #9016, #1611 ) ;
#2610 = DIRECTION ( 'NONE',  ( -0.000000000000000000, -0.000000000000000000, -1.000000000000000000 ) ) ;
#2611 = LINE ( 'NONE', #1847, #3223 ) ;
#2612 = CARTESIAN_POINT ( 'NONE',  ( -26.06244619668694185, -28.36553130996309591, 1002.802919724466960 ) ) ;
#2613 = CARTESIAN_POINT ( 'NONE',  ( 1.402286995516007773, -10.47773340385700003, 995.9916601271909258 ) ) ;
#2614 = LINE ( 'NONE', #1296, #8660 ) ;
#2615 = LINE ( 'NONE', #5896, #1126 ) ;
#2616 = VERTEX_POINT ( 'NONE', #10247 ) ;
#2617 = CARTESIAN_POINT ( 'NONE',  ( -20.26771282526731355, 31.55192719449870253, 986.5916604856245158 ) ) ;
#2618 = AXIS2_PLACEMENT_3D ( 'NONE', #5854, #8332, #3330 ) ;
#2619 = VECTOR ( 'NONE', #2154, 1000.000000000000000 ) ;
#2620 = ORIENTED_EDGE ( 'NONE', *, *, #6583, .F. ) ;
#2621 = ORIENTED_EDGE ( 'NONE', *, *, #5419, .T. ) ;
#2622 = CARTESIAN_POINT ( 'NONE',  ( -14.33162674035339457, 30.57414358537394250, 1016.041658718408485 ) ) ;
#2623 = DIRECTION ( 'NONE',  ( 1.000000000000000000, 0.000000000000000000, 0.000000000000000000 ) ) ;
#2624 = EDGE_CURVE ( 'NONE', #4413, #2228, #7763, .T. ) ;
#2625 = ADVANCED_FACE ( 'NONE', ( #6199 ), #8641, .T. ) ;
#2626 = VECTOR ( 'NONE', #229, 1000.000000000000114 ) ;
#2627 = PLANE ( 'NONE',  #9878 ) ;
#2628 = VECTOR ( 'NONE', #6195, 1000.000000000000114 ) ;
#2629 = CARTESIAN_POINT ( 'NONE',  ( -17.66771287334972484, 43.02206368025922956, 995.9916601271909258 ) ) ;
#2630 = DIRECTION ( 'NONE',  ( 0.000000000000000000, 0.000000000000000000, -1.000000000000000000 ) ) ;
#2631 = VECTOR ( 'NONE', #2110, 1000.000000000000000 ) ;
#2632 = ORIENTED_EDGE ( 'NONE', *, *, #3549, .T. ) ;
#2633 = DIRECTION ( 'NONE',  ( -0.7071067811865474617, -0.7071067811865474617, -0.000000000000000000 ) ) ;
#2634 = EDGE_CURVE ( 'NONE', #1685, #10301, #2761, .T. ) ;
#2635 = CARTESIAN_POINT ( 'NONE',  ( -12.46771300448399344, 29.47981022745160828, 1003.491660127191039 ) ) ;
#2636 = DIRECTION ( 'NONE',  ( 0.000000000000000000, 0.000000000000000000, 1.000000000000000000 ) ) ;
#2637 = CARTESIAN_POINT ( 'NONE',  ( -17.00507303839652096, 5.216395102160301889, 1000.991660126949114 ) ) ;
#2638 = DIRECTION ( 'NONE',  ( -0.9408958781808770544, -0.3386959498166992044, 0.000000000000000000 ) ) ;
#2639 = VECTOR ( 'NONE', #4820, 1000.000000000000000 ) ;
#2640 = ORIENTED_EDGE ( 'NONE', *, *, #8065, .T. ) ;
#2641 = ORIENTED_EDGE ( 'NONE', *, *, #7516, .T. ) ;
#2642 = ORIENTED_EDGE ( 'NONE', *, *, #1916, .F. ) ;
#2643 = ORIENTED_EDGE ( 'NONE', *, *, #5901, .T. ) ;
#2644 = ORIENTED_EDGE ( 'NONE', *, *, #8933, .T. ) ;
#2645 = FACE_OUTER_BOUND ( 'NONE', #7930, .T. ) ;
#2646 = EDGE_CURVE ( 'NONE', #2228, #6339, #163, .T. ) ;
#2647 = EDGE_LOOP ( 'NONE', ( #10582, #5989, #7203 ) ) ;
#2648 = CARTESIAN_POINT ( 'NONE',  ( -24.14271300448400126, -28.05789265480460060, 999.1916796595579626 ) ) ;
#2649 = DIRECTION ( 'NONE',  ( -0.000000000000000000, -0.000000000000000000, 1.000000000000000000 ) ) ;
#2650 = LINE ( 'NONE', #2543, #9521 ) ;
#2651 = PLANE ( 'NONE',  #1570 ) ;
#2652 = ADVANCED_FACE ( 'NONE', ( #6036 ), #5852, .T. ) ;
#2653 = CARTESIAN_POINT ( 'NONE',  ( -27.58010583499305213, 20.58580143709244581, 1004.050335108547188 ) ) ;
#2654 = EDGE_CURVE ( 'NONE', #6531, #8858, #1242, .T. ) ;
#2655 = CARTESIAN_POINT ( 'NONE',  ( -24.14271300448400126, -27.77355457461738908, 1000.029312632964434 ) ) ;
#2656 = ORIENTED_EDGE ( 'NONE', *, *, #676, .F. ) ;
#2657 = CARTESIAN_POINT ( 'NONE',  ( -24.86887844287801030, 27.10653475788646105, 989.7344270351992463 ) ) ;
#2658 = ORIENTED_EDGE ( 'NONE', *, *, #471, .F. ) ;
#2659 = EDGE_LOOP ( 'NONE', ( #10089, #5106, #1080, #7808 ) ) ;
#2660 = CARTESIAN_POINT ( 'NONE',  ( -34.31771300448401263, 38.02206337602792274, 999.7916601271908803 ) ) ;
#2661 = DIRECTION ( 'NONE',  ( 0.000000000000000000, 0.000000000000000000, -1.000000000000000000 ) ) ;
#2662 = CARTESIAN_POINT ( 'NONE',  ( -29.57952915962703599, 29.27376033985279236, 990.7034762823338951 ) ) ;
#2663 = CARTESIAN_POINT ( 'NONE',  ( -14.33878081634949098, 20.71519878427751493, 997.1916601271909713 ) ) ;
#2664 = CARTESIAN_POINT ( 'NONE',  ( -26.66771300448400339, 15.34235382577969986, 996.5916601271910622 ) ) ;
#2665 = CARTESIAN_POINT ( 'NONE',  ( -26.06244619668694185, -28.36553131374809666, 1002.895356544032211 ) ) ;
#2666 = CARTESIAN_POINT ( 'NONE',  ( -34.56771264605070115, 44.22206330434122634, 987.4916601271910395 ) ) ;
#2667 = EDGE_CURVE ( 'NONE', #550, #6789, #323, .T. ) ;
#2668 = VECTOR ( 'NONE', #5659, 1000.000000000000000 ) ;
#2669 = CARTESIAN_POINT ( 'NONE',  ( -16.81842501921067878, 43.92206366277465435, 1008.566659422781527 ) ) ;
#2670 = VERTEX_POINT ( 'NONE', #7877 ) ;
#2671 = ORIENTED_EDGE ( 'NONE', *, *, #870, .F. ) ;
#2672 = VERTEX_POINT ( 'NONE', #8696 ) ;
#2673 = DIRECTION ( 'NONE',  ( 1.000000000000000000, -0.000000000000000000, 0.000000000000000000 ) ) ;
#2674 = CARTESIAN_POINT ( 'NONE',  ( -25.11771300448399558, 28.91940829628346776, 993.1916601271910849 ) ) ;
#2675 = CARTESIAN_POINT ( 'NONE',  ( -27.55558378999238300, 36.90103791989151460, 1003.491660127191039 ) ) ;
#2676 = CARTESIAN_POINT ( 'NONE',  ( -18.24346364799696474, -26.70423752962179975, 1001.215996401511916 ) ) ;
#2677 = VECTOR ( 'NONE', #11, 1000.000000000000000 ) ;
#2678 = VERTEX_POINT ( 'NONE', #4542 ) ;
#2679 = CARTESIAN_POINT ( 'NONE',  ( -20.06771282526723965, 26.05339869864173608, 983.4916601271910395 ) ) ;
#2680 = VERTEX_POINT ( 'NONE', #10197 ) ;
#2681 = CARTESIAN_POINT ( 'NONE',  ( -22.02668072092934537, 28.02472295599970664, 990.2028096027685251 ) ) ;
#2682 = B_SPLINE_SURFACE_WITH_KNOTS ( 'NONE', 3, 1, ( 
 ( #9233, #3297 ),
 ( #7438, #3348 ),
 ( #9131, #1836 ),
 ( #5720, #6587 ),
 ( #5065, #9885 ),
 ( #1679, #1731 ),
 ( #4962, #856 ) ),
 .UNSPECIFIED., .F., .F., .F.,
 ( 4, 1, 1, 1, 4 ),
 ( 2, 2 ),
 ( 0.000000000000000000, 0.2499995826736977622, 0.4999991653473955244, 0.7499987480210932311, 0.9999983306947910489 ),
 ( 0.000000000000000000, 1.000000000000000000 ),
 .UNSPECIFIED. ) ;
#2683 = CARTESIAN_POINT ( 'NONE',  ( -22.26771300448400126, -12.47773340385700003, 997.9916601271909258 ) ) ;
#2684 = VECTOR ( 'NONE', #9038, 1000.000000000000000 ) ;
#2685 = CARTESIAN_POINT ( 'NONE',  ( 0.000000000000000000, 44.52206366277465577, 988.9916601271910395 ) ) ;
#2686 = PLANE ( 'NONE',  #9665 ) ;
#2687 = CARTESIAN_POINT ( 'NONE',  ( -23.66271300448400083, -28.26499943599120002, 1000.764811844528936 ) ) ;
#2688 = ADVANCED_FACE ( 'NONE', ( #6091 ), #9403, .T. ) ;
#2689 = ORIENTED_EDGE ( 'NONE', *, *, #2470, .T. ) ;
#2690 = AXIS2_PLACEMENT_3D ( 'NONE', #1477, #3033, #6314 ) ;
#2691 = ORIENTED_EDGE ( 'NONE', *, *, #1115, .F. ) ;
#2692 = ORIENTED_EDGE ( 'NONE', *, *, #8989, .T. ) ;
#2693 = VERTEX_POINT ( 'NONE', #7018 ) ;
#2694 = ORIENTED_EDGE ( 'NONE', *, *, #8230, .F. ) ;
#2695 = DIRECTION ( 'NONE',  ( -0.000000000000000000, -0.000000000000000000, -1.000000000000000000 ) ) ;
#2696 = ORIENTED_EDGE ( 'NONE', *, *, #9527, .F. ) ;
#2697 = LINE ( 'NONE', #2648, #9587 ) ;
#2698 = DIRECTION ( 'NONE',  ( 0.000000000000000000, -1.000000000000000000, 0.000000000000000000 ) ) ;
#2699 = DIRECTION ( 'NONE',  ( -0.7052447360823921318, -0.7089639357739411230, 0.000000000000000000 ) ) ;
#2700 = DIRECTION ( 'NONE',  ( -0.000000000000000000, 1.000000000000000000, 0.000000000000000000 ) ) ;
#2701 = CARTESIAN_POINT ( 'NONE',  ( -17.86038442967255691, 2.557757825279104225, 1000.991660127191153 ) ) ;
#2702 = AXIS2_PLACEMENT_3D ( 'NONE', #7974, #4694, #6301 ) ;
#2703 = EDGE_CURVE ( 'NONE', #7540, #7348, #10672, .T. ) ;
#2704 = SURFACE_STYLE_USAGE ( .BOTH. , #3721 ) ;
#2705 = ORIENTED_EDGE ( 'NONE', *, *, #6665, .F. ) ;
#2706 = CARTESIAN_POINT ( 'NONE',  ( -23.45377336322340156, 27.22050958877564852, 988.9916601271910395 ) ) ;
#2707 = AXIS2_PLACEMENT_3D ( 'NONE', #3660, #2048, #3764 ) ;
#2708 = VERTEX_POINT ( 'NONE', #8758 ) ;
#2709 = FACE_OUTER_BOUND ( 'NONE', #9850, .T. ) ;
#2710 = CIRCLE ( 'NONE', #6315, 0.7999999999999989342 ) ;
#2711 = ORIENTED_EDGE ( 'NONE', *, *, #1483, .F. ) ;
#2712 = ORIENTED_EDGE ( 'NONE', *, *, #522, .T. ) ;
#2713 = LINE ( 'NONE', #9299, #8016 ) ;
#2714 = DIRECTION ( 'NONE',  ( -0.7071067811865455743, -0.000000000000000000, -0.7071067811865495711 ) ) ;
#2715 = DIRECTION ( 'NONE',  ( 0.000000000000000000, 0.000000000000000000, 1.000000000000000000 ) ) ;
#2716 = ADVANCED_FACE ( 'NONE', ( #2383 ), #6310, .T. ) ;
#2717 = CARTESIAN_POINT ( 'NONE',  ( -22.26771300448400126, -12.47773340385700003, 995.9916601271909258 ) ) ;
#2718 = DIRECTION ( 'NONE',  ( 0.7071067811865608954, 0.000000000000000000, 0.7071067811865342501 ) ) ;
#2719 = CARTESIAN_POINT ( 'NONE',  ( -25.79784008900061210, -28.87089675164369851, 1002.639564812016147 ) ) ;
#2720 = VECTOR ( 'NONE', #10275, 1000.000000000000000 ) ;
#2721 = DIRECTION ( 'NONE',  ( 0.000000000000000000, 0.000000000000000000, 1.000000000000000000 ) ) ;
#2722 = ADVANCED_FACE ( 'NONE', ( #10407 ), #8971, .T. ) ;
#2723 = ORIENTED_EDGE ( 'NONE', *, *, #7731, .F. ) ;
#2724 = DIRECTION ( 'NONE',  ( -0.7071067811865460184, 0.000000000000000000, 0.7071067811865487940 ) ) ;
#2725 = ORIENTED_EDGE ( 'NONE', *, *, #4090, .F. ) ;
#2726 = ORIENTED_EDGE ( 'NONE', *, *, #6750, .T. ) ;
#2727 = AXIS2_PLACEMENT_3D ( 'NONE', #5453, #7131, #4747 ) ;
#2728 = EDGE_CURVE ( 'NONE', #5348, #8303, #4493, .T. ) ;
#2729 = CARTESIAN_POINT ( 'NONE',  ( -29.97434201353698668, 30.61488854775816293, 1003.893341922121863 ) ) ;
#2730 = CARTESIAN_POINT ( 'NONE',  ( -17.50610029965746506, 5.339237565612667602, 995.9916601271909258 ) ) ;
#2731 = CARTESIAN_POINT ( 'NONE',  ( -22.26771300448400126, -12.47773340385700003, 995.9916601271909258 ) ) ;
#2732 = CIRCLE ( 'NONE', #3084, 5.357202764270541095 ) ;
#2733 = VECTOR ( 'NONE', #6117, 1000.000000000000000 ) ;
#2734 = ORIENTED_EDGE ( 'NONE', *, *, #3371, .T. ) ;
#2735 = CARTESIAN_POINT ( 'NONE',  ( -30.41771300448401050, 38.02206337602792274, 991.3247553713597426 ) ) ;
#2736 = ORIENTED_EDGE ( 'NONE', *, *, #5909, .T. ) ;
#2737 = EDGE_CURVE ( 'NONE', #1258, #9310, #7737, .T. ) ;
#2738 = CARTESIAN_POINT ( 'NONE',  ( -19.41771300448399629, 27.86344604156957772, 993.0655706261128444 ) ) ;
#2739 = DIRECTION ( 'NONE',  ( -0.7052447360823916878, 0.7089639357739416781, 0.000000000000000000 ) ) ;
#2740 = CARTESIAN_POINT ( 'NONE',  ( -29.76771300448400126, -29.25791218717159481, 995.9916601271909258 ) ) ;
#2741 = DIRECTION ( 'NONE',  ( 0.000000000000000000, 0.000000000000000000, 1.000000000000000000 ) ) ;
#2742 = EDGE_CURVE ( 'NONE', #6214, #2774, #5598, .T. ) ;
#2743 = CARTESIAN_POINT ( 'NONE',  ( -25.83226099774728013, -28.57678829607359461, 1002.016311237669470 ) ) ;
#2744 = DIRECTION ( 'NONE',  ( -5.014428880798372121E-16, 1.000000000000000000, 0.000000000000000000 ) ) ;
#2745 = DIRECTION ( 'NONE',  ( 0.000000000000000000, 0.000000000000000000, 1.000000000000000000 ) ) ;
#2746 = AXIS2_PLACEMENT_3D ( 'NONE', #9896, #19, #931 ) ;
#2747 = ORIENTED_EDGE ( 'NONE', *, *, #3203, .T. ) ;
#2748 = EDGE_LOOP ( 'NONE', ( #8152, #10665 ) ) ;
#2749 = EDGE_LOOP ( 'NONE', ( #7442, #10313, #3528, #4067, #9560, #5725, #1432, #9819 ) ) ;
#2750 = ORIENTED_EDGE ( 'NONE', *, *, #7774, .F. ) ;
#2751 = DIRECTION ( 'NONE',  ( 0.4472012402998730152, 4.336808689942019585E-17, -0.8944333684932909145 ) ) ;
#2752 = VERTEX_POINT ( 'NONE', #3143 ) ;
#2753 = CARTESIAN_POINT ( 'NONE',  ( -30.11795385680410675, 30.41657034268903459, 1014.241658718408416 ) ) ;
#2754 = EDGE_CURVE ( 'NONE', #995, #2774, #10410, .T. ) ;
#2755 = DIRECTION ( 'NONE',  ( 0.000000000000000000, 0.000000000000000000, -1.000000000000000000 ) ) ;
#2756 = FACE_OUTER_BOUND ( 'NONE', #4719, .T. ) ;
#2757 = CARTESIAN_POINT ( 'NONE',  ( -32.06771300448400552, 39.67206337602792132, 1003.491660127191039 ) ) ;
#2758 = CARTESIAN_POINT ( 'NONE',  ( -32.06771300448400552, 38.02206337602792274, 991.3247553713597426 ) ) ;
#2759 = CARTESIAN_POINT ( 'NONE',  ( -22.11771300448399558, 43.02206366277465577, 993.1916601271910849 ) ) ;
#2760 = VERTEX_POINT ( 'NONE', #5512 ) ;
#2761 = LINE ( 'NONE', #1076, #1181 ) ;
#2762 = ORIENTED_EDGE ( 'NONE', *, *, #8305, .T. ) ;
#2763 = CARTESIAN_POINT ( 'NONE',  ( -17.26771300448400126, 9.136670230785696845, 1002.291660127190994 ) ) ;
#2764 = EDGE_CURVE ( 'NONE', #4093, #10519, #9618, .T. ) ;
#2765 = ORIENTED_EDGE ( 'NONE', *, *, #4988, .F. ) ;
#2766 = CARTESIAN_POINT ( 'NONE',  ( -18.96406845345597603, -28.95556378397230191, 1003.301061203949416 ) ) ;
#2767 = DIRECTION ( 'NONE',  ( -0.7071067811866271757, 0.7071067811864678587, 0.000000000000000000 ) ) ;
#2768 = CARTESIAN_POINT ( 'NONE',  ( -15.81965170120199993, 26.01981126762380825, 995.9916601271909258 ) ) ;
#2769 = LINE ( 'NONE', #8597, #7247 ) ;
#2770 = DIRECTION ( 'NONE',  ( 0.000000000000000000, 0.000000000000000000, 1.000000000000000000 ) ) ;
#2771 = VECTOR ( 'NONE', #4296, 1000.000000000000000 ) ;
#2772 = ORIENTED_EDGE ( 'NONE', *, *, #3880, .F. ) ;
#2773 = CARTESIAN_POINT ( 'NONE',  ( -12.46771300448399344, 29.47981022745160828, 983.6916601271909713 ) ) ;
#2774 = VERTEX_POINT ( 'NONE', #603 ) ;
#2775 = EDGE_CURVE ( 'NONE', #4413, #4252, #6720, .T. ) ;
#2776 = ORIENTED_EDGE ( 'NONE', *, *, #5018, .F. ) ;
#2777 = EDGE_CURVE ( 'NONE', #8001, #2539, #4300, .T. ) ;
#2778 = EDGE_CURVE ( 'NONE', #4554, #9565, #2227, .T. ) ;
#2779 = CONICAL_SURFACE ( 'NONE', #8273, 16.87999999999999545, 0.7853981633974476129 ) ;
#2780 = CARTESIAN_POINT ( 'NONE',  ( -31.18927692287224573, 23.54630865251749228, 983.6916601271909713 ) ) ;
#2781 = DIRECTION ( 'NONE',  ( -1.000000000000000000, 0.000000000000000000, 0.000000000000000000 ) ) ;
#2782 = EDGE_CURVE ( 'NONE', #3114, #5443, #7400, .T. ) ;
#2783 = DIRECTION ( 'NONE',  ( -0.000000000000000000, -0.000000000000000000, -1.000000000000000000 ) ) ;
#2784 = CARTESIAN_POINT ( 'NONE',  ( -29.40912868209704101, 19.82819536793170556, 1002.221312261443359 ) ) ;
#2785 = CARTESIAN_POINT ( 'NONE',  ( 2.665383722555199952, -13.47502353220716387, 995.9916601271909258 ) ) ;
#2786 = ORIENTED_EDGE ( 'NONE', *, *, #6461, .T. ) ;
#2787 = DIRECTION ( 'NONE',  ( 0.7999999999999863887, -0.2999999999999954925, -0.5196152422706865615 ) ) ;
#2788 = ADVANCED_FACE ( 'NONE', ( #3935 ), #4705, .T. ) ;
#2789 = CARTESIAN_POINT ( 'NONE',  ( -27.26771300448400126, 8.655756606077503079, 1000.062727939056344 ) ) ;
#2790 = ORIENTED_EDGE ( 'NONE', *, *, #4770, .F. ) ;
#2791 = CARTESIAN_POINT ( 'NONE',  ( -26.10960900463898327, -27.01111266150480006, 1001.426520623800911 ) ) ;
#2792 = VECTOR ( 'NONE', #10219, 1000.000000000000000 ) ;
#2793 = FACE_OUTER_BOUND ( 'NONE', #9834, .T. ) ;
#2794 = CARTESIAN_POINT ( 'NONE',  ( -25.98202124639806954, -27.95514287472111903, 1002.834917353161472 ) ) ;
#2795 = CARTESIAN_POINT ( 'NONE',  ( -30.30097182918116872, 4.055288980295173040, 998.0104827448870992 ) ) ;
#2796 = CARTESIAN_POINT ( 'NONE',  ( -21.31771300448400197, 6.316134549268400455, 995.9916601271909258 ) ) ;
#2797 = CARTESIAN_POINT ( 'NONE',  ( -26.06244619668694185, -28.40751183734229457, 1003.041947009058845 ) ) ;
#2798 = EDGE_CURVE ( 'NONE', #6323, #1907, #10569, .T. ) ;
#2799 = CARTESIAN_POINT ( 'NONE',  ( -18.86975126623067212, 27.33076409437855858, 983.5101610188601171 ) ) ;
#2800 = EDGE_CURVE ( 'NONE', #8288, #7671, #9673, .T. ) ;
#2801 = CIRCLE ( 'NONE', #4174, 3.298060944848569598 ) ;
#2802 = VECTOR ( 'NONE', #9601, 999.9999999999998863 ) ;
#2803 = VERTEX_POINT ( 'NONE', #8875 ) ;
#2804 = ORIENTED_EDGE ( 'NONE', *, *, #9257, .T. ) ;
#2805 = ORIENTED_EDGE ( 'NONE', *, *, #3304, .T. ) ;
#2806 = FACE_OUTER_BOUND ( 'NONE', #3336, .T. ) ;
#2807 = ORIENTED_EDGE ( 'NONE', *, *, #5483, .F. ) ;
#2808 = CARTESIAN_POINT ( 'NONE',  ( -27.55558378999238300, 36.90103791989151460, 1003.491660127191039 ) ) ;
#2809 = CARTESIAN_POINT ( 'NONE',  ( -15.81965170120199993, 26.01981126762380825, 983.4916601271910395 ) ) ;
#2810 = CARTESIAN_POINT ( 'NONE',  ( -19.12142955245075626, 44.11011063156093570, 990.1953766751593093 ) ) ;
#2811 = VECTOR ( 'NONE', #8497, 1000.000000000000000 ) ;
#2812 = FACE_OUTER_BOUND ( 'NONE', #3240, .T. ) ;
#2813 = CARTESIAN_POINT ( 'NONE',  ( -34.86771300448391742, 43.92206366277464724, 1003.491660127191039 ) ) ;
#2814 = CARTESIAN_POINT ( 'NONE',  ( -1.632701854745769232, -13.54193316621400278, 1000.991660127190926 ) ) ;
#2815 = ORIENTED_EDGE ( 'NONE', *, *, #9285, .T. ) ;
#2816 = CARTESIAN_POINT ( 'NONE',  ( -13.87767312297720146, 3.834146589081798950, 998.0385826383505901 ) ) ;
#2817 = ORIENTED_EDGE ( 'NONE', *, *, #6875, .T. ) ;
#2818 = CARTESIAN_POINT ( 'NONE',  ( -18.53370026961260919, -27.99488651150514684, 1002.895356524056183 ) ) ;
#2819 = ORIENTED_EDGE ( 'NONE', *, *, #6114, .F. ) ;
#2820 = EDGE_LOOP ( 'NONE', ( #5000, #4592, #1005, #1006 ) ) ;
#2821 = CARTESIAN_POINT ( 'NONE',  ( -32.73742996701840013, 2.628868686766200558, 996.1464957773297328 ) ) ;
#2822 = CARTESIAN_POINT ( 'NONE',  ( -47.94810824821115602, -10.47773340385699647, 999.5756755151326161 ) ) ;
#2823 = DIRECTION ( 'NONE',  ( 1.000000000000000000, 0.000000000000000000, 0.000000000000000000 ) ) ;
#2824 = DIRECTION ( 'NONE',  ( -1.000000000000000000, 0.000000000000000000, 0.000000000000000000 ) ) ;
#2825 = CARTESIAN_POINT ( 'NONE',  ( -20.26771282526732065, -29.28509524987408952, 988.0916604856245158 ) ) ;
#2826 = CARTESIAN_POINT ( 'NONE',  ( -26.06244619668694185, -28.33595698023030351, 1002.620336641251811 ) ) ;
#2827 = EDGE_CURVE ( 'NONE', #5620, #5271, #3987, .T. ) ;
#2828 = ORIENTED_EDGE ( 'NONE', *, *, #4045, .F. ) ;
#2829 = DIRECTION ( 'NONE',  ( -0.7052447360823922429, -0.7089639357739412340, 0.000000000000000000 ) ) ;
#2830 = ORIENTED_EDGE ( 'NONE', *, *, #7783, .T. ) ;
#2831 = ORIENTED_EDGE ( 'NONE', *, *, #1504, .T. ) ;
#2832 = CARTESIAN_POINT ( 'NONE',  ( -32.06771300448400552, 29.52206337602792630, 999.1916601271910849 ) ) ;
#2833 = PLANE ( 'NONE',  #3711 ) ;
#2834 = CARTESIAN_POINT ( 'NONE',  ( -18.50071396304547733, -28.37472596199544483, 1002.331599687004086 ) ) ;
#2835 = CARTESIAN_POINT ( 'NONE',  ( -9.767713004483898231, -4.897950218903390061E-15, 983.4916601271910395 ) ) ;
#2836 = CARTESIAN_POINT ( 'NONE',  ( 0.02095218626736004494, 30.41657034268898840, 1015.740838359354939 ) ) ;
#2837 = ORIENTED_EDGE ( 'NONE', *, *, #8301, .F. ) ;
#2838 = DIRECTION ( 'NONE',  ( -0.7071067811865460184, 0.000000000000000000, 0.7071067811865487940 ) ) ;
#2839 = EDGE_CURVE ( 'NONE', #10185, #4095, #887, .T. ) ;
#2840 = EDGE_CURVE ( 'NONE', #6531, #8240, #8062, .T. ) ;
#2841 = LINE ( 'NONE', #2735, #1534 ) ;
#2842 = ORIENTED_EDGE ( 'NONE', *, *, #4098, .T. ) ;
#2843 = CARTESIAN_POINT ( 'NONE',  ( -22.10683728142266347, 28.72843501516330278, 990.4825308175226155 ) ) ;
#2844 = EDGE_CURVE ( 'NONE', #3592, #6670, #10638, .T. ) ;
#2845 = DIRECTION ( 'NONE',  ( -1.000000000000000000, 0.000000000000000000, 0.000000000000000000 ) ) ;
#2846 = DIRECTION ( 'NONE',  ( 0.000000000000000000, -0.8660254037844383745, 0.5000000000000003331 ) ) ;
#2847 = DIRECTION ( 'NONE',  ( 0.000000000000000000, 0.000000000000000000, 1.000000000000000000 ) ) ;
#2848 = CARTESIAN_POINT ( 'NONE',  ( -21.27403484356446128, 7.114941295771398444, 995.9916601271909258 ) ) ;
#2849 = EDGE_CURVE ( 'NONE', #3457, #10214, #8090, .T. ) ;
#2850 = DIRECTION ( 'NONE',  ( -0.7071067811865464625, 0.7071067811865486830, 0.000000000000000000 ) ) ;
#2851 = AXIS2_PLACEMENT_3D ( 'NONE', #7621, #10005, #8429 ) ;
#2852 = DIRECTION ( 'NONE',  ( 0.000000000000000000, 0.000000000000000000, 1.000000000000000000 ) ) ;
#2853 = EDGE_CURVE ( 'NONE', #1346, #5317, #6059, .T. ) ;
#2854 = ORIENTED_EDGE ( 'NONE', *, *, #7919, .F. ) ;
#2855 = VERTEX_POINT ( 'NONE', #5404 ) ;
#2856 = DIRECTION ( 'NONE',  ( -0.000000000000000000, -0.000000000000000000, 1.000000000000000000 ) ) ;
#2857 = ORIENTED_EDGE ( 'NONE', *, *, #6645, .T. ) ;
#2858 = FACE_OUTER_BOUND ( 'NONE', #846, .T. ) ;
#2859 = ADVANCED_FACE ( 'NONE', ( #2123 ), #389, .T. ) ;
#2860 = LINE ( 'NONE', #3664, #7505 ) ;
#2861 = CARTESIAN_POINT ( 'NONE',  ( -17.91771300448399629, 44.52206366277465577, 988.9916601271910395 ) ) ;
#2862 = PLANE ( 'NONE',  #9359 ) ;
#2863 = CARTESIAN_POINT ( 'NONE',  ( -45.93771300448401718, -10.47773340385700003, 995.9916601271909258 ) ) ;
#2864 = CARTESIAN_POINT ( 'NONE',  ( 3.468097527197509411, -12.66807651208398688, 997.9916601271909258 ) ) ;
#2865 = VERTEX_POINT ( 'NONE', #6154 ) ;
#2866 = CARTESIAN_POINT ( 'NONE',  ( 4.443538039855113682E-14, 30.41657034268898840, 1013.641658718408507 ) ) ;
#2867 = EDGE_LOOP ( 'NONE', ( #8642, #207, #954, #2044 ) ) ;
#2868 = ORIENTED_EDGE ( 'NONE', *, *, #4837, .T. ) ;
#2869 = CARTESIAN_POINT ( 'NONE',  ( -25.92560617909071041, -28.43353873374939411, 1002.039713354177138 ) ) ;
#2870 = EDGE_LOOP ( 'NONE', ( #8307, #8885, #4388, #7495 ) ) ;
#2871 = DIRECTION ( 'NONE',  ( 1.000000000000000000, -1.480297366166879989E-16, 0.000000000000000000 ) ) ;
#2872 = DIRECTION ( 'NONE',  ( 0.000000000000000000, 0.000000000000000000, 1.000000000000000000 ) ) ;
#2873 = DIRECTION ( 'NONE',  ( 0.000000000000000000, 0.000000000000000000, 1.000000000000000000 ) ) ;
#2874 = CARTESIAN_POINT ( 'NONE',  ( -21.18572166119424338, 27.27401256451265610, 989.2283780626968337 ) ) ;
#2875 = EDGE_CURVE ( 'NONE', #8000, #5348, #3620, .T. ) ;
#2876 = CIRCLE ( 'NONE', #7686, 5.357202764270541095 ) ;
#2877 = VERTEX_POINT ( 'NONE', #1137 ) ;
#2878 = DIRECTION ( 'NONE',  ( 0.000000000000000000, 1.000000000000000000, -0.000000000000000000 ) ) ;
#2879 = B_SPLINE_CURVE_WITH_KNOTS ( 'NONE', 3,
 ( #315, #4414, #10131, #7697, #6134 ),
 .UNSPECIFIED., .F., .F.,
 ( 4, 1, 4 ),
 ( 0.000000000000000000, 0.5000000000000000000, 1.000000000000000000 ),
 .UNSPECIFIED. ) ;
#2880 = ORIENTED_EDGE ( 'NONE', *, *, #3050, .T. ) ;
#2881 = ORIENTED_EDGE ( 'NONE', *, *, #2798, .T. ) ;
#2882 = DIRECTION ( 'NONE',  ( -1.000000000000000000, 0.000000000000000000, 0.000000000000000000 ) ) ;
#2883 = CARTESIAN_POINT ( 'NONE',  ( 0.000000000000000000, 0.000000000000000000, 1003.491660127191039 ) ) ;
#2884 = EDGE_CURVE ( 'NONE', #3089, #8252, #438, .T. ) ;
#2885 = CARTESIAN_POINT ( 'NONE',  ( -27.33806087023164011, 14.82819536793180326, 1002.221312261443131 ) ) ;
#2886 = CARTESIAN_POINT ( 'NONE',  ( -22.16818974859713620, 44.52206366277465577, 1008.284455954136206 ) ) ;
#2887 = ORIENTED_EDGE ( 'NONE', *, *, #8877, .F. ) ;
#2888 = LINE ( 'NONE', #2027, #6346 ) ;
#2889 = VECTOR ( 'NONE', #2673, 1000.000000000000000 ) ;
#2890 = ORIENTED_EDGE ( 'NONE', *, *, #4159, .T. ) ;
#2891 = CARTESIAN_POINT ( 'NONE',  ( -15.81965170120199993, 26.01981126762380825, 983.4916601271910395 ) ) ;
#2892 = ORIENTED_EDGE ( 'NONE', *, *, #6401, .F. ) ;
#2893 = CARTESIAN_POINT ( 'NONE',  ( -18.47297985716257074, -27.57862184325660238, 1001.821815354428509 ) ) ;
#2894 = LINE ( 'NONE', #4676, #3012 ) ;
#2895 = DIRECTION ( 'NONE',  ( 0.000000000000000000, 0.000000000000000000, 1.000000000000000000 ) ) ;
#2896 = CARTESIAN_POINT ( 'NONE',  ( -42.90272415422226260, -13.54193316621400811, 1000.991660127190926 ) ) ;
#2897 = LINE ( 'NONE', #818, #529 ) ;
#2898 = DIRECTION ( 'NONE',  ( 0.000000000000000000, 0.000000000000000000, -1.000000000000000000 ) ) ;
#2899 = CONICAL_SURFACE ( 'NONE', #6855, 3.298060944848545173, 0.7853981633975860577 ) ;
#2900 = CARTESIAN_POINT ( 'NONE',  ( -25.46244619668694043, -27.55019483477169828, 1001.829498419228003 ) ) ;
#2901 = CIRCLE ( 'NONE', #7014, 18.19999999999999574 ) ;
#2902 = CARTESIAN_POINT ( 'NONE',  ( -24.17066474718271252, -29.16322023578619849, 1001.863754003701615 ) ) ;
#2903 = ORIENTED_EDGE ( 'NONE', *, *, #6613, .T. ) ;
#2904 = CIRCLE ( 'NONE', #5662, 1.650000000000000355 ) ;
#2905 = VERTEX_POINT ( 'NONE', #9459 ) ;
#2906 = EDGE_CURVE ( 'NONE', #2760, #5578, #4548, .T. ) ;
#2907 = DIRECTION ( 'NONE',  ( -0.000000000000000000, -0.000000000000000000, 1.000000000000000000 ) ) ;
#2908 = VERTEX_POINT ( 'NONE', #5296 ) ;
#2909 = CARTESIAN_POINT ( 'NONE',  ( -13.37847521684193808, 51.11130091276510257, 980.6024225187686625 ) ) ;
#2910 = CARTESIAN_POINT ( 'NONE',  ( -12.46771300448399344, 29.47981022745160828, 983.4916601271910395 ) ) ;
#2911 = CARTESIAN_POINT ( 'NONE',  ( -23.66271300448399728, -27.79348800769044203, 1000.180722292928863 ) ) ;
#2912 = EDGE_CURVE ( 'NONE', #1937, #5317, #10205, .T. ) ;
#2913 = CARTESIAN_POINT ( 'NONE',  ( -25.73903334804363396, 44.52206366277464866, 991.4519631652242424 ) ) ;
#2914 = CARTESIAN_POINT ( 'NONE',  ( -15.55674410049747358, 4.889705828064445647, 998.3849722867865921 ) ) ;
#2915 = CARTESIAN_POINT ( 'NONE',  ( -30.19664519261851154, 20.71519878427751493, 1002.291660127190994 ) ) ;
#2916 = VECTOR ( 'NONE', #8772, 1000.000000000000114 ) ;
#2917 = LINE ( 'NONE', #6196, #8222 ) ;
#2918 = EDGE_CURVE ( 'NONE', #4495, #2186, #7178, .T. ) ;
#2919 =( BOUNDED_CURVE ( )  B_SPLINE_CURVE ( 3, ( #103, #156, #3449, #3398 ),
 .UNSPECIFIED., .F., .T. ) 
 B_SPLINE_CURVE_WITH_KNOTS ( ( 4, 4 ),
 ( 5.453714986272630405, 6.043556358704260667 ),
 .UNSPECIFIED. ) 
 CURVE ( )  GEOMETRIC_REPRESENTATION_ITEM ( )  RATIONAL_B_SPLINE_CURVE ( ( 1.000000000000000000, 0.9712167993261670018, 0.9712167993261670018, 1.000000000000000000 ) ) 
 REPRESENTATION_ITEM ( '' )  );
#2920 = ORIENTED_EDGE ( 'NONE', *, *, #10050, .T. ) ;
#2921 = CARTESIAN_POINT ( 'NONE',  ( -14.13682963820684968, 0.5772708352843013424, 1000.991660127190926 ) ) ;
#2922 = VERTEX_POINT ( 'NONE', #10148 ) ;
#2923 = EDGE_LOOP ( 'NONE', ( #3707, #9331, #3778, #8819 ) ) ;
#2924 = CARTESIAN_POINT ( 'NONE',  ( -31.04785556663491164, 23.68773000875482637, 983.4916601271910395 ) ) ;
#2925 = ORIENTED_EDGE ( 'NONE', *, *, #4944, .F. ) ;
#2926 = LINE ( 'NONE', #6915, #7171 ) ;
#2927 = CARTESIAN_POINT ( 'NONE',  ( -27.29118984307210027, 14.43513144621400279, 1002.268183288602700 ) ) ;
#2928 = CARTESIAN_POINT ( 'NONE',  ( -25.76231279278841058, -28.38647986532109968, 1001.824733954718113 ) ) ;
#2929 = PRODUCT_CONTEXT ( 'NONE', #941, 'mechanical' ) ;
#2930 = CARTESIAN_POINT ( 'NONE',  ( -26.06771300448400552, 16.58626659614299115, 997.1916601271908576 ) ) ;
#2931 = EDGE_CURVE ( 'NONE', #1114, #8339, #1479, .T. ) ;
#2932 = CARTESIAN_POINT ( 'NONE',  ( -20.51771300448400126, 5.720595659816902767, 1003.491660127191039 ) ) ;
#2933 = AXIS2_PLACEMENT_3D ( 'NONE', #5715, #853, #907 ) ;
#2934 = EDGE_CURVE ( 'NONE', #7863, #2006, #5575, .T. ) ;
#2935 = ORIENTED_EDGE ( 'NONE', *, *, #6800, .T. ) ;
#2936 = CARTESIAN_POINT ( 'NONE',  ( -25.63595615697392915, 2.631056759982989934, 1003.491660127191039 ) ) ;
#2937 = ORIENTED_EDGE ( 'NONE', *, *, #3537, .F. ) ;
#2938 = ORIENTED_EDGE ( 'NONE', *, *, #2417, .T. ) ;
#2939 = DIRECTION ( 'NONE',  ( -1.000000000000000000, 0.000000000000000000, 0.000000000000000000 ) ) ;
#2940 = DIRECTION ( 'NONE',  ( 1.000000000000000000, 0.000000000000000000, 0.000000000000000000 ) ) ;
#2941 = DIRECTION ( 'NONE',  ( 0.7071067811865473507, 0.7071067811865477948, 0.000000000000000000 ) ) ;
#2942 = CARTESIAN_POINT ( 'NONE',  ( -8.467713004484000550, 44.52206366277465577, 1003.491660127191039 ) ) ;
#2943 = ORIENTED_EDGE ( 'NONE', *, *, #10586, .T. ) ;
#2944 = DIRECTION ( 'NONE',  ( -0.000000000000000000, -0.000000000000000000, 1.000000000000000000 ) ) ;
#2945 = B_SPLINE_CURVE_WITH_KNOTS ( 'NONE', 3,
 ( #3063, #9649, #2254, #7799 ),
 .UNSPECIFIED., .F., .F.,
 ( 4, 4 ),
 ( 0.000000000000000000, 1.000000000000000000 ),
 .UNSPECIFIED. ) ;
#2946 = ORIENTED_EDGE ( 'NONE', *, *, #8377, .T. ) ;
#2947 = CARTESIAN_POINT ( 'NONE',  ( -18.46771300448399344, 16.58626659614299470, 956.7212035758847151 ) ) ;
#2948 = ORIENTED_EDGE ( 'NONE', *, *, #4425, .F. ) ;
#2949 = DIRECTION ( 'NONE',  ( 1.000000000000000000, 0.000000000000000000, 0.000000000000000000 ) ) ;
#2950 = SURFACE_STYLE_FILL_AREA ( #3699 ) ;
#2951 = CARTESIAN_POINT ( 'NONE',  ( -26.06244619668694185, -27.65791218717139799, 1000.991660127190926 ) ) ;
#2952 = CARTESIAN_POINT ( 'NONE',  ( -20.26683981087657216, -28.81621300283820375, 1001.086898358639814 ) ) ;
#2953 = CARTESIAN_POINT ( 'NONE',  ( -17.91771300448399629, 44.52206366277465577, 988.9916601271910395 ) ) ;
#2954 = AXIS2_PLACEMENT_3D ( 'NONE', #6166, #1205, #9469 ) ;
#2955 = DIRECTION ( 'NONE',  ( 1.000000000000000000, 0.000000000000000000, 0.000000000000000000 ) ) ;
#2956 = CIRCLE ( 'NONE', #1915, 4.250000000000000000 ) ;
#2957 = PLANE ( 'NONE',  #376 ) ;
#2958 = CARTESIAN_POINT ( 'NONE',  ( -23.74381765564677949, -29.19795394728929949, 1001.882705679757009 ) ) ;
#2959 = EDGE_CURVE ( 'NONE', #7193, #9277, #724, .T. ) ;
#2960 = ORIENTED_EDGE ( 'NONE', *, *, #4565, .T. ) ;
#2961 = VECTOR ( 'NONE', #5431, 1000.000000000000000 ) ;
#2962 = AXIS2_PLACEMENT_3D ( 'NONE', #2192, #9585, #8722 ) ;
#2963 = VERTEX_POINT ( 'NONE', #9680 ) ;
#2964 = FACE_OUTER_BOUND ( 'NONE', #6628, .T. ) ;
#2965 = VERTEX_POINT ( 'NONE', #3094 ) ;
#2966 = CARTESIAN_POINT ( 'NONE',  ( -29.74115182449024175, 30.93690836645419395, 1003.491660127191039 ) ) ;
#2967 = CARTESIAN_POINT ( 'NONE',  ( -28.20425936159230673, 3.205549722079051200, 1000.991660127190926 ) ) ;
#2968 = CARTESIAN_POINT ( 'NONE',  ( -34.86771300448413768, 27.08332287099069191, 988.0916604856245158 ) ) ;
#2969 = CARTESIAN_POINT ( 'NONE',  ( -11.21639305868349368, 33.50496801225766319, 983.7916601271909940 ) ) ;
#2970 = CARTESIAN_POINT ( 'NONE',  ( -34.56771264605069405, 44.22206330434121213, 983.4916601271910395 ) ) ;
#2971 = CIRCLE ( 'NONE', #9008, 0.7999999999999994893 ) ;
#2972 = DIRECTION ( 'NONE',  ( -0.9408958781808770544, -0.3386959498166992044, 0.000000000000000000 ) ) ;
#2973 = CARTESIAN_POINT ( 'NONE',  ( 2.073195433533996823, -6.984639884534449727, 997.9916601271909258 ) ) ;
#2974 = ORIENTED_EDGE ( 'NONE', *, *, #2397, .T. ) ;
#2975 = ORIENTED_EDGE ( 'NONE', *, *, #4299, .T. ) ;
#2976 = DIRECTION ( 'NONE',  ( -1.110223024625158907E-15, 0.8660254037844384856, -0.5000000000000003331 ) ) ;
#2977 = EDGE_CURVE ( 'NONE', #6280, #4866, #2344, .T. ) ;
#2978 = ORIENTED_EDGE ( 'NONE', *, *, #4494, .T. ) ;
#2979 = CARTESIAN_POINT ( 'NONE',  ( -9.667713004484090433, 31.17414358537395103, 1016.641658718408394 ) ) ;
#2980 = AXIS2_PLACEMENT_3D ( 'NONE', #5434, #4408, #6889 ) ;
#2981 = VERTEX_POINT ( 'NONE', #5670 ) ;
#2982 = CARTESIAN_POINT ( 'NONE',  ( -32.93521391632999951, 2.491793389713800266, 995.9916601271909258 ) ) ;
#2983 = DIRECTION ( 'NONE',  ( -0.000000000000000000, -0.000000000000000000, -1.000000000000000000 ) ) ;
#2984 = ADVANCED_FACE ( 'NONE', ( #8093 ), #6883, .F. ) ;
#2985 = CARTESIAN_POINT ( 'NONE',  ( -44.18771300448400297, -10.47773340385700003, 1004.591660127191176 ) ) ;
#2986 = LINE ( 'NONE', #2068, #1515 ) ;
#2987 = LINE ( 'NONE', #8652, #6907 ) ;
#2988 = EDGE_CURVE ( 'NONE', #7406, #2294, #8977, .T. ) ;
#2989 = CONICAL_SURFACE ( 'NONE', #1773, 3.498060944848585763, 0.7853981633972705323 ) ;
#2990 = DIRECTION ( 'NONE',  ( -0.000000000000000000, -0.000000000000000000, -1.000000000000000000 ) ) ;
#2991 = ORIENTED_EDGE ( 'NONE', *, *, #8867, .T. ) ;
#2992 = CARTESIAN_POINT ( 'NONE',  ( -18.45835090077325091, -27.48266079480454138, 1001.720549783266620 ) ) ;
#2993 = ORIENTED_EDGE ( 'NONE', *, *, #501, .T. ) ;
#2994 = ORIENTED_EDGE ( 'NONE', *, *, #8598, .T. ) ;
#2995 = FACE_OUTER_BOUND ( 'NONE', #3512, .T. ) ;
#2996 = DIRECTION ( 'NONE',  ( 0.000000000000000000, 0.000000000000000000, -1.000000000000000000 ) ) ;
#2997 = EDGE_CURVE ( 'NONE', #1133, #1673, #3942, .T. ) ;
#2998 = LINE ( 'NONE', #6440, #5066 ) ;
#2999 = PLANE ( 'NONE',  #7101 ) ;
#3000 = ORIENTED_EDGE ( 'NONE', *, *, #4717, .F. ) ;
#3001 = CARTESIAN_POINT ( 'NONE',  ( -19.11771264605057041, 26.01981126762380825, 987.4916601271910395 ) ) ;
#3002 = EDGE_LOOP ( 'NONE', ( #10530, #2881, #7522, #547 ) ) ;
#3003 = DIRECTION ( 'NONE',  ( 0.7071067811865489050, -0.7071067811865461294, 0.000000000000000000 ) ) ;
#3004 = ORIENTED_EDGE ( 'NONE', *, *, #3493, .F. ) ;
#3005 = CARTESIAN_POINT ( 'NONE',  ( -18.82754816600500192, -28.93036413689550201, 1002.895356596181841 ) ) ;
#3006 = DIRECTION ( 'NONE',  ( -1.000000000000000000, 1.460893844964073754E-15, 0.000000000000000000 ) ) ;
#3007 = LINE ( 'NONE', #10387, #8559 ) ;
#3008 = DIRECTION ( 'NONE',  ( 0.000000000000000000, 0.000000000000000000, 1.000000000000000000 ) ) ;
#3009 = LINE ( 'NONE', #8855, #1603 ) ;
#3010 = CARTESIAN_POINT ( 'NONE',  ( -32.06771300448400552, 38.02206337602792274, 1000.991660127190926 ) ) ;
#3011 = CYLINDRICAL_SURFACE ( 'NONE', #731, 3.498060944848578657 ) ;
#3012 = VECTOR ( 'NONE', #6341, 1000.000000000000114 ) ;
#3013 = VERTEX_POINT ( 'NONE', #5463 ) ;
#3014 = CARTESIAN_POINT ( 'NONE',  ( -6.378158300987448293, 45.69295322291778660, 1001.581214651467576 ) ) ;
#3015 = UNCERTAINTY_MEASURE_WITH_UNIT (LENGTH_MEASURE( 1.000000000000000082E-05 ), #1597, 'distance_accuracy_value', 'NONE');
#3016 = ORIENTED_EDGE ( 'NONE', *, *, #561, .T. ) ;
#3017 = CARTESIAN_POINT ( 'NONE',  ( -25.20114276020493804, 25.24948002259734992, 988.9916601271910395 ) ) ;
#3018 = VERTEX_POINT ( 'NONE', #555 ) ;
#3019 = CARTESIAN_POINT ( 'NONE',  ( -23.66271300448400083, -28.05789265480460060, 999.1916796595579626 ) ) ;
#3020 = CARTESIAN_POINT ( 'NONE',  ( -22.26771300448400126, -12.47773340385700003, 1000.991660127190926 ) ) ;
#3021 = CARTESIAN_POINT ( 'NONE',  ( -20.26771282526731355, 53.06199455377097252, 1008.101727844896686 ) ) ;
#3022 = FACE_OUTER_BOUND ( 'NONE', #4855, .T. ) ;
#3023 = DIRECTION ( 'NONE',  ( -0.000000000000000000, 1.000000000000000000, 0.000000000000000000 ) ) ;
#3024 = EDGE_CURVE ( 'NONE', #1476, #8764, #9656, .T. ) ;
#3025 = CARTESIAN_POINT ( 'NONE',  ( -26.06223080381380086, -28.49465794986300082, 1002.795339143397200 ) ) ;
#3026 = CARTESIAN_POINT ( 'NONE',  ( -18.50443279592395385, -27.57550923752978989, 1001.827206545691411 ) ) ;
#3027 = AXIS2_PLACEMENT_3D ( 'NONE', #665, #9739, #4868 ) ;
#3028 = VERTEX_POINT ( 'NONE', #3149 ) ;
#3029 = CARTESIAN_POINT ( 'NONE',  ( -27.33975460982187045, 3.287333648496001626, 1000.991660127190926 ) ) ;
#3030 = VERTEX_POINT ( 'NONE', #4810 ) ;
#3031 = CARTESIAN_POINT ( 'NONE',  ( -22.26771300448400126, -12.47773340385700003, 999.4916601271909258 ) ) ;
#3032 = VERTEX_POINT ( 'NONE', #706 ) ;
#3033 = DIRECTION ( 'NONE',  ( 0.000000000000000000, 0.000000000000000000, 1.000000000000000000 ) ) ;
#3034 = CARTESIAN_POINT ( 'NONE',  ( -44.18771300448400297, -10.47773340385700003, 995.9916601271909258 ) ) ;
#3035 = LINE ( 'NONE', #4549, #10538 ) ;
#3036 = DIRECTION ( 'NONE',  ( -0.000000000000000000, -0.000000000000000000, 1.000000000000000000 ) ) ;
#3037 = VECTOR ( 'NONE', #2391, 1000.000000000000000 ) ;
#3038 = EDGE_CURVE ( 'NONE', #1261, #95, #2232, .T. ) ;
#3039 = CARTESIAN_POINT ( 'NONE',  ( -18.55340391951773782, -27.95514427986742234, 1002.834915889472882 ) ) ;
#3040 = ORIENTED_EDGE ( 'NONE', *, *, #6569, .T. ) ;
#3041 = EDGE_CURVE ( 'NONE', #6442, #3365, #1426, .T. ) ;
#3042 = ORIENTED_EDGE ( 'NONE', *, *, #1328, .T. ) ;
#3043 = CIRCLE ( 'NONE', #7861, 2.250000000000003553 ) ;
#3044 = ORIENTED_EDGE ( 'NONE', *, *, #4073, .F. ) ;
#3045 = EDGE_CURVE ( 'NONE', #7231, #8136, #3994, .T. ) ;
#3046 = CARTESIAN_POINT ( 'NONE',  ( -22.44244007081302072, 28.54146496793606502, 990.4466281626125692 ) ) ;
#3047 = EDGE_CURVE ( 'NONE', #5162, #5525, #9824, .T. ) ;
#3048 = DIRECTION ( 'NONE',  ( 0.003528928509897654667, -0.7071023782535214020, -0.7071023782535214020 ) ) ;
#3049 =( BOUNDED_CURVE ( )  B_SPLINE_CURVE ( 3, ( #1086, #4384, #8539, #6265 ),
 .UNSPECIFIED., .F., .F. ) 
 B_SPLINE_CURVE_WITH_KNOTS ( ( 4, 4 ),
 ( 6.201991474527190462, 6.364379139831989995 ),
 .UNSPECIFIED. ) 
 CURVE ( )  GEOMETRIC_REPRESENTATION_ITEM ( )  RATIONAL_B_SPLINE_CURVE ( ( 1.000000000000000000, 0.9978037274768399856, 0.9978037274768399856, 1.000000000000000000 ) ) 
 REPRESENTATION_ITEM ( '' )  );
#3050 = EDGE_CURVE ( 'NONE', #7457, #9072, #1831, .T. ) ;
#3051 = CARTESIAN_POINT ( 'NONE',  ( -30.41771300448401050, 0.000000000000000000, 1003.491660127191039 ) ) ;
#3052 = DIRECTION ( 'NONE',  ( -0.4027860642715939132, 0.5811741446662946897, 0.7071067811865476838 ) ) ;
#3053 = CIRCLE ( 'NONE', #1665, 0.5999999999999998668 ) ;
#3054 = EDGE_CURVE ( 'NONE', #6682, #6828, #6634, .T. ) ;
#3055 = ORIENTED_EDGE ( 'NONE', *, *, #9329, .T. ) ;
#3056 = CARTESIAN_POINT ( 'NONE',  ( -45.93771300448401718, -10.47773340385700003, 995.9916601271909258 ) ) ;
#3057 = ORIENTED_EDGE ( 'NONE', *, *, #4637, .F. ) ;
#3058 = EDGE_CURVE ( 'NONE', #4499, #6846, #10061, .T. ) ;
#3059 = DIRECTION ( 'NONE',  ( 0.7071067811865461294, 0.7071067811865489050, 0.000000000000000000 ) ) ;
#3060 = ORIENTED_EDGE ( 'NONE', *, *, #4403, .F. ) ;
#3061 = AXIS2_PLACEMENT_3D ( 'NONE', #9549, #8745, #1557 ) ;
#3062 = CARTESIAN_POINT ( 'NONE',  ( -27.82932033136265204, 32.13992645464382747, 983.7916601271909940 ) ) ;
#3063 = CARTESIAN_POINT ( 'NONE',  ( -25.57135755551204070, -28.95556378397229835, 1002.895356525875172 ) ) ;
#3064 = CARTESIAN_POINT ( 'NONE',  ( 3.902286995515997337, -10.47773340385700003, 995.9916601271909258 ) ) ;
#3065 = CARTESIAN_POINT ( 'NONE',  ( -18.34384599382048009, -26.87936589645594410, 1001.350237331275480 ) ) ;
#3066 = FACE_OUTER_BOUND ( 'NONE', #2143, .T. ) ;
#3067 = CARTESIAN_POINT ( 'NONE',  ( -26.44880591361769007, 2.557757825279101116, 1000.991660127190926 ) ) ;
#3068 = PLANE ( 'NONE',  #7951 ) ;
#3069 = CARTESIAN_POINT ( 'NONE',  ( -14.11771300448399380, 39.67206337602792132, 1016.641658718408394 ) ) ;
#3070 = VECTOR ( 'NONE', #10013, 999.9999999999998863 ) ;
#3071 = PLANE ( 'NONE',  #4100 ) ;
#3072 = VERTEX_POINT ( 'NONE', #4047 ) ;
#3073 = DIRECTION ( 'NONE',  ( -0.6785983445459337071, -0.2810846377148566444, 0.6785983445457453023 ) ) ;
#3074 = ORIENTED_EDGE ( 'NONE', *, *, #3172, .T. ) ;
#3075 = AXIS2_PLACEMENT_3D ( 'NONE', #3590, #43, #5758 ) ;
#3076 = CARTESIAN_POINT ( 'NONE',  ( -23.27826097593891319, 43.93704835001662445, 990.1843215659578163 ) ) ;
#3077 = VECTOR ( 'NONE', #7603, 1000.000000000000000 ) ;
#3078 = CARTESIAN_POINT ( 'NONE',  ( -19.29599057932591322, 26.42116259524949484, 984.0301065875986524 ) ) ;
#3079 = CARTESIAN_POINT ( 'NONE',  ( -31.02855342253506876, 0.1631556143032002193, 1000.991660127190926 ) ) ;
#3080 = DIRECTION ( 'NONE',  ( -0.000000000000000000, -0.7071067811865230368, -0.7071067811865721087 ) ) ;
#3081 = CYLINDRICAL_SURFACE ( 'NONE', #2443, 2.250000000000001776 ) ;
#3082 = FACE_OUTER_BOUND ( 'NONE', #901, .T. ) ;
#3083 = CARTESIAN_POINT ( 'NONE',  ( -26.01188696791689026, -28.01682445068755101, 1002.895356525875172 ) ) ;
#3084 = AXIS2_PLACEMENT_3D ( 'NONE', #6116, #405, #9473 ) ;
#3085 = ORIENTED_EDGE ( 'NONE', *, *, #2397, .F. ) ;
#3086 = ORIENTED_EDGE ( 'NONE', *, *, #5774, .F. ) ;
#3087 = CARTESIAN_POINT ( 'NONE',  ( -16.97831326410185682, 16.66518068959713972, 1002.002260386808643 ) ) ;
#3088 = ORIENTED_EDGE ( 'NONE', *, *, #5412, .T. ) ;
#3089 = VERTEX_POINT ( 'NONE', #5117 ) ;
#3090 = CARTESIAN_POINT ( 'NONE',  ( -9.236955864958900975, -25.44013165305140234, 995.9916601271909258 ) ) ;
#3091 = EDGE_CURVE ( 'NONE', #235, #5831, #3819, .T. ) ;
#3092 = ORIENTED_EDGE ( 'NONE', *, *, #3343, .F. ) ;
#3093 = DIRECTION ( 'NONE',  ( 0.000000000000000000, 0.000000000000000000, 1.000000000000000000 ) ) ;
#3094 = CARTESIAN_POINT ( 'NONE',  ( -30.41771300448400694, 29.52206337602792630, 995.9916601271909258 ) ) ;
#3095 = LINE ( 'NONE', #3997, #5716 ) ;
#3096 = CIRCLE ( 'NONE', #4967, 0.8000000000000008216 ) ;
#3097 = LINE ( 'NONE', #1482, #6381 ) ;
#3098 = CARTESIAN_POINT ( 'NONE',  ( -12.46771300448399344, 29.47981022745160828, 987.4916601271910395 ) ) ;
#3099 = ORIENTED_EDGE ( 'NONE', *, *, #2328, .T. ) ;
#3100 = LINE ( 'NONE', #2446, #4812 ) ;
#3101 = EDGE_CURVE ( 'NONE', #5828, #3142, #518, .T. ) ;
#3102 = ORIENTED_EDGE ( 'NONE', *, *, #1724, .F. ) ;
#3103 = ORIENTED_EDGE ( 'NONE', *, *, #4332, .T. ) ;
#3104 = EDGE_CURVE ( 'NONE', #1580, #3813, #8244, .T. ) ;
#3105 = CARTESIAN_POINT ( 'NONE',  ( -12.46771300448399344, 29.47981022745160828, 987.6916601271909713 ) ) ;
#3106 = CARTESIAN_POINT ( 'NONE',  ( -46.73771300448400012, -10.47773340385700003, 1004.591660127191176 ) ) ;
#3107 = B_SPLINE_CURVE_WITH_KNOTS ( 'NONE', 3,
 ( #3701, #6179, #2037, #2092, #6781, #3594, #8390, #1054, #7631, #248, #3544, #6834, #10123, #6018, #2151, #4732, #10441, #1454, #1280, #7162, #1501, #4572, #9541, #3065, #8903, #633, #6343, #5492, #8790 ),
 .UNSPECIFIED., .F., .F.,
 ( 4, 2, 2, 2, 1, 1, 1, 2, 2, 2, 2, 2, 1, 1, 2, 2, 4 ),
 ( 0.000000000000000000, 0.2499999999977572385, 0.3749999999966366904, 0.4374999999960347830, 0.4687499999956891150, 0.4843749999955163088, 0.4921874999953830265, 0.4960937499952660645, 0.4999999999951491580, 0.6249999999912863036, 0.6874999999893547376, 0.7187499999884947588, 0.7343749999880675450, 0.7421874999878538270, 0.7460937499879606305, 0.7499999999880673229, 1.000000000000000000 ),
 .UNSPECIFIED. ) ;
#3108 = CARTESIAN_POINT ( 'NONE',  ( -10.81771300448399309, 36.37206337602792416, 1016.641658718408394 ) ) ;
#3109 = VECTOR ( 'NONE', #8478, 1000.000000000000227 ) ;
#3110 = PLANE ( 'NONE',  #9513 ) ;
#3111 = EDGE_CURVE ( 'NONE', #8923, #1842, #4727, .T. ) ;
#3112 = ORIENTED_EDGE ( 'NONE', *, *, #3829, .F. ) ;
#3113 = CARTESIAN_POINT ( 'NONE',  ( -32.73742996701840013, 2.628868686766200558, 995.9916601271909258 ) ) ;
#3114 = VERTEX_POINT ( 'NONE', #4906 ) ;
#3115 = EDGE_CURVE ( 'NONE', #6767, #7021, #2584, .T. ) ;
#3116 = VECTOR ( 'NONE', #5980, 1000.000000000000000 ) ;
#3117 = ORIENTED_EDGE ( 'NONE', *, *, #3891, .T. ) ;
#3118 = DIRECTION ( 'NONE',  ( -0.000000000000000000, 0.000000000000000000, -1.000000000000000000 ) ) ;
#3119 = CARTESIAN_POINT ( 'NONE',  ( -20.26771282526732065, 44.22206330434126897, 988.0916604856245158 ) ) ;
#3120 = CARTESIAN_POINT ( 'NONE',  ( -12.46771300448399344, 29.47981022745160828, 983.6916601271909713 ) ) ;
#3121 = DIRECTION ( 'NONE',  ( 0.000000000000000000, 0.000000000000000000, 1.000000000000000000 ) ) ;
#3122 = CARTESIAN_POINT ( 'NONE',  ( -14.76771300448400126, -29.25791218717159481, 995.9916601271909258 ) ) ;
#3123 = AXIS2_PLACEMENT_3D ( 'NONE', #3416, #925, #68 ) ;
#3124 = EDGE_CURVE ( 'NONE', #1749, #5550, #6523, .T. ) ;
#3125 = FACE_OUTER_BOUND ( 'NONE', #2550, .T. ) ;
#3126 = ORIENTED_EDGE ( 'NONE', *, *, #5531, .F. ) ;
#3127 = DIRECTION ( 'NONE',  ( 0.000000000000000000, -1.000000000000000000, 0.000000000000000000 ) ) ;
#3128 = AXIS2_PLACEMENT_3D ( 'NONE', #10217, #6326, #1490 ) ;
#3129 = CARTESIAN_POINT ( 'NONE',  ( -24.87244797458735945, 42.86790036321779240, 990.7369251570613642 ) ) ;
#3130 = EDGE_CURVE ( 'NONE', #6912, #3365, #6692, .T. ) ;
#3131 = DIRECTION ( 'NONE',  ( 0.000000000000000000, 0.000000000000000000, -1.000000000000000000 ) ) ;
#3132 = CARTESIAN_POINT ( 'NONE',  ( -19.36973797768719052, 43.41098751466175543, 993.0573300521589317 ) ) ;
#3133 = CARTESIAN_POINT ( 'NONE',  ( -16.73417942334867448, 4.195903620498332209, 1000.990667479845229 ) ) ;
#3134 = LINE ( 'NONE', #3183, #8996 ) ;
#3135 = ADVANCED_FACE ( 'NONE', ( #9183 ), #5685, .T. ) ;
#3136 = DIRECTION ( 'NONE',  ( -1.000000000000000000, 0.000000000000000000, 0.000000000000000000 ) ) ;
#3137 = PLANE ( 'NONE',  #4858 ) ;
#3138 = AXIS2_PLACEMENT_3D ( 'NONE', #892, #9166, #195 ) ;
#3139 = DIRECTION ( 'NONE',  ( 0.000000000000000000, 0.000000000000000000, 1.000000000000000000 ) ) ;
#3140 = VECTOR ( 'NONE', #2517, 1000.000000000000000 ) ;
#3141 = VERTEX_POINT ( 'NONE', #805 ) ;
#3142 = VERTEX_POINT ( 'NONE', #4103 ) ;
#3143 = CARTESIAN_POINT ( 'NONE',  ( -31.25998785444159722, 23.47559772094814434, 995.9916601271909258 ) ) ;
#3144 = ORIENTED_EDGE ( 'NONE', *, *, #3913, .T. ) ;
#3145 = ORIENTED_EDGE ( 'NONE', *, *, #4466, .T. ) ;
#3146 = CARTESIAN_POINT ( 'NONE',  ( -30.36699312824479335, 4.023639469173420302, 997.1916601271909713 ) ) ;
#3147 = ORIENTED_EDGE ( 'NONE', *, *, #1641, .T. ) ;
#3148 = CYLINDRICAL_SURFACE ( 'NONE', #4405, 0.7999999999999994893 ) ;
#3149 = CARTESIAN_POINT ( 'NONE',  ( -8.467713004483993444, 26.58626659614303378, 1002.291660127190994 ) ) ;
#3150 = AXIS2_PLACEMENT_3D ( 'NONE', #6476, #1481, #10577 ) ;
#3151 = AXIS2_PLACEMENT_3D ( 'NONE', #7072, #1358, #487 ) ;
#3152 = DIRECTION ( 'NONE',  ( -1.000000000000000000, 0.000000000000000000, 0.000000000000000000 ) ) ;
#3153 = CARTESIAN_POINT ( 'NONE',  ( -17.26771300448400126, 5.209109163430198031, 995.9916601271909258 ) ) ;
#3154 = AXIS2_PLACEMENT_3D ( 'NONE', #7448, #2661, #8257 ) ;
#3155 = VERTEX_POINT ( 'NONE', #1728 ) ;
#3156 = VERTEX_POINT ( 'NONE', #1781 ) ;
#3157 = CARTESIAN_POINT ( 'NONE',  ( -19.41771300448399629, 26.01981126762380825, 992.0329098013223756 ) ) ;
#3158 = FACE_BOUND ( 'NONE', #9607, .T. ) ;
#3159 = VECTOR ( 'NONE', #8432, 1000.000000000000114 ) ;
#3160 = LINE ( 'NONE', #3051, #2130 ) ;
#3161 = DIRECTION ( 'NONE',  ( -0.5773502691897125505, 0.5773502691895823213, -0.5773502691895823213 ) ) ;
#3162 = EDGE_CURVE ( 'NONE', #181, #459, #5061, .T. ) ;
#3163 = ORIENTED_EDGE ( 'NONE', *, *, #2531, .T. ) ;
#3164 = DIRECTION ( 'NONE',  ( 1.000000000000000000, 0.000000000000000000, 0.000000000000000000 ) ) ;
#3165 = ORIENTED_EDGE ( 'NONE', *, *, #2427, .T. ) ;
#3166 = ORIENTED_EDGE ( 'NONE', *, *, #4088, .F. ) ;
#3167 = CARTESIAN_POINT ( 'NONE',  ( -32.06771300448400552, 29.52206337602792630, 983.4916601271910395 ) ) ;
#3168 = CARTESIAN_POINT ( 'NONE',  ( -20.87271300448400169, -27.77702689734099906, 999.5884122297699150 ) ) ;
#3169 = CARTESIAN_POINT ( 'NONE',  ( -18.53386965968828193, -28.48663977735709807, 1002.135029589459805 ) ) ;
#3170 = DIRECTION ( 'NONE',  ( -3.868740194890244000E-16, 1.000000000000000000, 0.000000000000000000 ) ) ;
#3171 = CARTESIAN_POINT ( 'NONE',  ( -10.81771300448399309, 0.000000000000000000, 1003.491660127191039 ) ) ;
#3172 = EDGE_CURVE ( 'NONE', #316, #7845, #1029, .T. ) ;
#3173 = ORIENTED_EDGE ( 'NONE', *, *, #1260, .F. ) ;
#3174 = EDGE_CURVE ( 'NONE', #6857, #6846, #6581, .T. ) ;
#3175 = ORIENTED_EDGE ( 'NONE', *, *, #8300, .F. ) ;
#3176 = CARTESIAN_POINT ( 'NONE',  ( -25.11771300448399558, 26.01981126762380825, 992.0329098013203293 ) ) ;
#3177 = B_SPLINE_CURVE_WITH_KNOTS ( 'NONE', 3,
 ( #4796, #5657, #1561, #3231, #6566, #3333, #7634 ),
 .UNSPECIFIED., .F., .F.,
 ( 4, 1, 1, 1, 4 ),
 ( 0.000000000000000000, 0.2499995826736977622, 0.4999991653473955244, 0.7499987480210932311, 0.9999983306947910489 ),
 .UNSPECIFIED. ) ;
#3178 = ADVANCED_FACE ( 'NONE', ( #4206 ), #1675, .T. ) ;
#3179 = CARTESIAN_POINT ( 'NONE',  ( -26.06771300448400197, 26.45910916343019537, 1003.491660127191039 ) ) ;
#3180 = FACE_OUTER_BOUND ( 'NONE', #4230, .T. ) ;
#3181 = CARTESIAN_POINT ( 'NONE',  ( -19.52662812160883377, 42.78722155116509640, 990.6005752442870289 ) ) ;
#3182 = CARTESIAN_POINT ( 'NONE',  ( -16.38522071934173141, 3.334035734812141882, 1000.991405494977357 ) ) ;
#3183 = CARTESIAN_POINT ( 'NONE',  ( -20.06771282526728939, 28.45192683606520134, 983.4916601271910395 ) ) ;
#3184 = PLANE ( 'NONE',  #2493 ) ;
#3185 = EDGE_CURVE ( 'NONE', #5554, #9876, #8263, .T. ) ;
#3186 = LINE ( 'NONE', #7981, #5815 ) ;
#3187 = ORIENTED_EDGE ( 'NONE', *, *, #5053, .T. ) ;
#3188 = ORIENTED_EDGE ( 'NONE', *, *, #10490, .F. ) ;
#3190 = CARTESIAN_POINT ( 'NONE',  ( -9.667713004484086881, 22.70910916343020247, 1003.491660127191039 ) ) ;
#3189 = B_SPLINE_CURVE_WITH_KNOTS ( 'NONE', 3,
 ( #1997, #1234, #7753, #1886, #2108, #8461 ),
 .UNSPECIFIED., .F., .F.,
 ( 4, 2, 4 ),
 ( 0.000000000000000000, 0.5000000000000000000, 1.000000000000000000 ),
 .UNSPECIFIED. ) ;
#3191 = ORIENTED_EDGE ( 'NONE', *, *, #5481, .F. ) ;
#3192 = ORIENTED_EDGE ( 'NONE', *, *, #3047, .T. ) ;
#3193 = CARTESIAN_POINT ( 'NONE',  ( -31.50656034971264319, 3.411527710867098495, 996.8929615636421886 ) ) ;
#3194 = EDGE_CURVE ( 'NONE', #2616, #5870, #10296, .T. ) ;
#3195 = ORIENTED_EDGE ( 'NONE', *, *, #7362, .F. ) ;
#3196 = DIRECTION ( 'NONE',  ( 1.000000000000000000, 0.000000000000000000, 0.000000000000000000 ) ) ;
#3197 = CARTESIAN_POINT ( 'NONE',  ( -32.06771300448400552, 29.52206337602792630, 983.6916601271909713 ) ) ;
#3198 = DIRECTION ( 'NONE',  ( 0.4472012402998730152, 0.000000000000000000, 0.8944333684932909145 ) ) ;
#3199 = LINE ( 'NONE', #7141, #5354 ) ;
#3200 = CIRCLE ( 'NONE', #940, 3.322727272727310499 ) ;
#3201 = ORIENTED_EDGE ( 'NONE', *, *, #1452, .F. ) ;
#3202 = ORIENTED_EDGE ( 'NONE', *, *, #2634, .T. ) ;
#3203 = EDGE_CURVE ( 'NONE', #1775, #7540, #9319, .T. ) ;
#3204 = EDGE_LOOP ( 'NONE', ( #6103, #1062 ) ) ;
#3205 = CARTESIAN_POINT ( 'NONE',  ( -19.35027404470940127, 25.31507208709106038, 990.0506392239024080 ) ) ;
#3206 = VECTOR ( 'NONE', #4057, 1000.000000000000000 ) ;
#3207 = CYLINDRICAL_SURFACE ( 'NONE', #4500, 0.9999999999999730216 ) ;
#3208 = ADVANCED_FACE ( 'NONE', ( #10190 ), #10243, .F. ) ;
#3209 = DIRECTION ( 'NONE',  ( 0.8449011766408759394, -0.5349224258814199162, 0.000000000000000000 ) ) ;
#3210 = DIRECTION ( 'NONE',  ( -0.7071067811865475727, 0.000000000000000000, 0.7071067811865475727 ) ) ;
#3211 = AXIS2_PLACEMENT_3D ( 'NONE', #10204, #3727, #1366 ) ;
#3212 = EDGE_LOOP ( 'NONE', ( #7257, #9503, #3265, #327 ) ) ;
#3213 = LINE ( 'NONE', #10541, #7545 ) ;
#3214 = ORIENTED_EDGE ( 'NONE', *, *, #4991, .F. ) ;
#3215 = DIRECTION ( 'NONE',  ( 0.5537204951811559583, 0.8327025958986410403, 0.000000000000000000 ) ) ;
#3216 = CARTESIAN_POINT ( 'NONE',  ( -20.87271300448400169, -28.05789265480460060, 999.1916796595579626 ) ) ;
#3217 = ADVANCED_FACE ( 'NONE', ( #8522 ), #10083, .F. ) ;
#3218 = EDGE_CURVE ( 'NONE', #5578, #7445, #3559, .T. ) ;
#3219 = AXIS2_PLACEMENT_3D ( 'NONE', #7888, #2181, #5467 ) ;
#3220 = DIRECTION ( 'NONE',  ( 1.000000000000000000, 0.000000000000000000, 0.000000000000000000 ) ) ;
#3221 = CARTESIAN_POINT ( 'NONE',  ( 0.000000000000000000, 0.000000000000000000, 995.9916601271909258 ) ) ;
#3222 = CARTESIAN_POINT ( 'NONE',  ( -20.47359444096044356, 26.94272052284673791, 988.1069918970846402 ) ) ;
#3223 = VECTOR ( 'NONE', #8418, 1000.000000000000000 ) ;
#3224 = CARTESIAN_POINT ( 'NONE',  ( -30.41771300448400694, 29.52206337602792630, 1004.592685127191089 ) ) ;
#3225 = EDGE_CURVE ( 'NONE', #9466, #1332, #3347, .T. ) ;
#3226 = EDGE_LOOP ( 'NONE', ( #7711, #8804, #5197, #1173 ) ) ;
#3227 = CARTESIAN_POINT ( 'NONE',  ( -19.41771300448399629, 0.000000000000000000, 993.1916601271910849 ) ) ;
#3228 = CARTESIAN_POINT ( 'NONE',  ( -23.66271300448398662, -27.86715838662666300, 999.4327352499780091 ) ) ;
#3229 = LINE ( 'NONE', #6508, #10114 ) ;
#3230 = CARTESIAN_POINT ( 'NONE',  ( -18.98322002217850013, -27.65791218717139799, 1002.377300773245906 ) ) ;
#3231 = CARTESIAN_POINT ( 'NONE',  ( -16.11734219845074634, 33.87212757196074620, 1003.491660127191039 ) ) ;
#3232 = VECTOR ( 'NONE', #1966, 1000.000000000000000 ) ;
#3233 = CARTESIAN_POINT ( 'NONE',  ( -21.97167721694221498, 24.67142028813032084, 988.9916601271910395 ) ) ;
#3234 = LINE ( 'NONE', #1564, #6100 ) ;
#3235 = DIRECTION ( 'NONE',  ( -0.7071067811865024977, -0.000000000000000000, 0.7071067811865925368 ) ) ;
#3236 = CARTESIAN_POINT ( 'NONE',  ( -23.74381765564677949, -29.19795394728929949, 1001.882705679757009 ) ) ;
#3237 = EDGE_CURVE ( 'NONE', #5971, #10615, #10507, .T. ) ;
#3238 = ORIENTED_EDGE ( 'NONE', *, *, #8922, .F. ) ;
#3239 = ORIENTED_EDGE ( 'NONE', *, *, #1519, .T. ) ;
#3240 = EDGE_LOOP ( 'NONE', ( #6081, #10620, #8453, #6546 ) ) ;
#3241 = PLANE ( 'NONE',  #3757 ) ;
#3242 = EDGE_CURVE ( 'NONE', #9032, #5007, #4768, .T. ) ;
#3243 = VERTEX_POINT ( 'NONE', #1235 ) ;
#3244 = CARTESIAN_POINT ( 'NONE',  ( -17.26771300448400126, 6.703910157882798870, 1001.810912256376582 ) ) ;
#3245 = DIRECTION ( 'NONE',  ( -0.000000000000000000, -0.000000000000000000, -1.000000000000000000 ) ) ;
#3246 = CARTESIAN_POINT ( 'NONE',  ( 1.402286995516008883, -10.47773340385700003, 995.9916601271909258 ) ) ;
#3247 = FACE_OUTER_BOUND ( 'NONE', #10666, .T. ) ;
#3248 = VECTOR ( 'NONE', #10520, 1000.000000000000000 ) ;
#3249 = EDGE_CURVE ( 'NONE', #3570, #9174, #1024, .T. ) ;
#3250 = PLANE ( 'NONE',  #480 ) ;
#3251 = ORIENTED_EDGE ( 'NONE', *, *, #2912, .T. ) ;
#3252 = EDGE_LOOP ( 'NONE', ( #899, #2656, #7881, #7064, #8186, #9175 ) ) ;
#3253 = CARTESIAN_POINT ( 'NONE',  ( -26.21807183447484135, -28.40969492436570221, 1002.495844757116402 ) ) ;
#3254 = ORIENTED_EDGE ( 'NONE', *, *, #9066, .F. ) ;
#3255 = AXIS2_PLACEMENT_3D ( 'NONE', #2083, #10322, #9589 ) ;
#3256 = CARTESIAN_POINT ( 'NONE',  ( 2.665383722555230150, -13.47502353220719407, 997.9916601271909258 ) ) ;
#3257 = CARTESIAN_POINT ( 'NONE',  ( -22.41771300448398918, 43.02206366277465577, 993.1916601271910849 ) ) ;
#3258 = DIRECTION ( 'NONE',  ( -0.8380443659653001864, 0.07646390200413305527, -0.5402174676592015334 ) ) ;
#3259 = EDGE_CURVE ( 'NONE', #3301, #3013, #6903, .T. ) ;
#3260 = CARTESIAN_POINT ( 'NONE',  ( -2.897713004484003818, -10.47773340385700003, 1004.591660127191176 ) ) ;
#3261 = ADVANCED_FACE ( 'NONE', ( #2756 ), #494, .F. ) ;
#3262 = CARTESIAN_POINT ( 'NONE',  ( -19.59733469509566817, 25.95691536355900908, 988.2718057273981458 ) ) ;
#3263 = ORIENTED_EDGE ( 'NONE', *, *, #4937, .F. ) ;
#3264 = FACE_OUTER_BOUND ( 'NONE', #3684, .T. ) ;
#3265 = ORIENTED_EDGE ( 'NONE', *, *, #342, .F. ) ;
#3266 = ORIENTED_EDGE ( 'NONE', *, *, #7241, .F. ) ;
#3267 = DIRECTION ( 'NONE',  ( 0.000000000000000000, 0.000000000000000000, 1.000000000000000000 ) ) ;
#3268 = FACE_BOUND ( 'NONE', #99, .T. ) ;
#3269 = DIRECTION ( 'NONE',  ( 0.000000000000000000, 0.000000000000000000, -1.000000000000000000 ) ) ;
#3270 = DIRECTION ( 'NONE',  ( -0.7071067811865474617, -0.7071067811865474617, -0.000000000000000000 ) ) ;
#3271 = CARTESIAN_POINT ( 'NONE',  ( -21.20134860495275220, 27.28193095851137429, 989.2443183997689857 ) ) ;
#3272 = ORIENTED_EDGE ( 'NONE', *, *, #5909, .F. ) ;
#3273 = CYLINDRICAL_SURFACE ( 'NONE', #4780, 1.650000000000000355 ) ;
#3274 = FACE_OUTER_BOUND ( 'NONE', #7379, .T. ) ;
#3275 = CARTESIAN_POINT ( 'NONE',  ( -24.14271300448400126, -28.26499943599120002, 1000.764811844528936 ) ) ;
#3276 = CARTESIAN_POINT ( 'NONE',  ( -30.49596446365061553, 1.677614684263448730, 1000.006180138906416 ) ) ;
#3277 = CARTESIAN_POINT ( 'NONE',  ( -16.00456423181746857, 2.602429699088085080, 1000.992835869942724 ) ) ;
#3278 = AXIS2_PLACEMENT_3D ( 'NONE', #7964, #9842, #3008 ) ;
#3279 = CARTESIAN_POINT ( 'NONE',  ( -47.94810824821115602, -10.47773340385699647, 999.5756755151326161 ) ) ;
#3280 = EDGE_CURVE ( 'NONE', #1617, #810, #8438, .T. ) ;
#3281 = DIRECTION ( 'NONE',  ( 0.9219182708085965627, -0.1936922184480197595, -0.3354847633827384157 ) ) ;
#3282 = ORIENTED_EDGE ( 'NONE', *, *, #1916, .T. ) ;
#3283 = ORIENTED_EDGE ( 'NONE', *, *, #370, .T. ) ;
#3284 = EDGE_LOOP ( 'NONE', ( #477, #2837 ) ) ;
#3285 = VERTEX_POINT ( 'NONE', #6412 ) ;
#3286 = CONICAL_SURFACE ( 'NONE', #8988, 4.249999999999990230, 0.2997760700999739791 ) ;
#3287 = ORIENTED_EDGE ( 'NONE', *, *, #10517, .T. ) ;
#3288 = LINE ( 'NONE', #800, #10285 ) ;
#3289 = ORIENTED_EDGE ( 'NONE', *, *, #3420, .T. ) ;
#3290 = CARTESIAN_POINT ( 'NONE',  ( -22.11771300448399558, 43.02206366277465577, 990.4916601271910395 ) ) ;
#3291 = DIRECTION ( 'NONE',  ( 1.000000000000000000, 0.000000000000000000, 0.000000000000000000 ) ) ;
#3292 = DIRECTION ( 'NONE',  ( 0.000000000000000000, 0.000000000000000000, 1.000000000000000000 ) ) ;
#3293 = CARTESIAN_POINT ( 'NONE',  ( -18.79247735962376353, -28.85055402455519769, 1002.491852182949287 ) ) ;
#3294 = VECTOR ( 'NONE', #9242, 1000.000000000000000 ) ;
#3295 = AXIS2_PLACEMENT_3D ( 'NONE', #3878, #7177, #1514 ) ;
#3296 = EDGE_CURVE ( 'NONE', #5971, #9620, #692, .T. ) ;
#3297 = CARTESIAN_POINT ( 'NONE',  ( -16.81842501921068234, 37.55660145725664023, 1003.491660127191039 ) ) ;
#3298 = EDGE_CURVE ( 'NONE', #1964, #4580, #173, .T. ) ;
#3299 = VERTEX_POINT ( 'NONE', #3079 ) ;
#3300 = DIRECTION ( 'NONE',  ( 0.000000000000000000, 0.000000000000000000, 1.000000000000000000 ) ) ;
#3301 = VERTEX_POINT ( 'NONE', #2968 ) ;
#3302 = DIRECTION ( 'NONE',  ( -1.000000000000000000, 0.000000000000000000, 0.000000000000000000 ) ) ;
#3303 = ORIENTED_EDGE ( 'NONE', *, *, #3041, .F. ) ;
#3304 = EDGE_CURVE ( 'NONE', #2285, #6362, #8749, .T. ) ;
#3305 = AXIS2_PLACEMENT_3D ( 'NONE', #3010, #684, #3756 ) ;
#3306 = DIRECTION ( 'NONE',  ( 0.000000000000000000, 0.000000000000000000, -1.000000000000000000 ) ) ;
#3307 = CARTESIAN_POINT ( 'NONE',  ( -27.26771300448400126, 6.703910157882798870, 1001.810912256376582 ) ) ;
#3308 = CARTESIAN_POINT ( 'NONE',  ( 3.902286995515997337, -10.34878791619950178, 999.3195015265637267 ) ) ;
#3309 = ADVANCED_FACE ( 'NONE', ( #6460 ), #9663, .T. ) ;
#3310 = LINE ( 'NONE', #13, #2262 ) ;
#3311 = CARTESIAN_POINT ( 'NONE',  ( -0.3477130044840029410, -10.47773340385700003, 995.9916601271909258 ) ) ;
#3312 = CARTESIAN_POINT ( 'NONE',  ( -13.69970247668901386, 23.89986204311082929, 987.4916601271910395 ) ) ;
#3313 = VECTOR ( 'NONE', #8012, 1000.000000000000000 ) ;
#3314 = CIRCLE ( 'NONE', #8122, 0.5999999999999998668 ) ;
#3315 = ORIENTED_EDGE ( 'NONE', *, *, #5548, .F. ) ;
#3316 = FACE_OUTER_BOUND ( 'NONE', #5302, .T. ) ;
#3317 = ORIENTED_EDGE ( 'NONE', *, *, #4027, .F. ) ;
#3318 = ORIENTED_EDGE ( 'NONE', *, *, #2348, .T. ) ;
#3319 = DIRECTION ( 'NONE',  ( 0.5773502691896987837, -0.5773502691894890626, -0.5773502691896894579 ) ) ;
#3320 = EDGE_CURVE ( 'NONE', #10381, #10671, #4, .T. ) ;
#3321 = CARTESIAN_POINT ( 'NONE',  ( -20.87271300448399813, -27.75677639324038992, 999.8995497867080076 ) ) ;
#3322 = CIRCLE ( 'NONE', #8296, 1.650000000000000355 ) ;
#3323 = CARTESIAN_POINT ( 'NONE',  ( -15.81965170120199993, 26.01981126762380825, 987.2916601271909940 ) ) ;
#3324 = DIRECTION ( 'NONE',  ( 0.8449011766408760504, -0.5349224258814200272, 0.000000000000000000 ) ) ;
#3325 =( BOUNDED_CURVE ( )  B_SPLINE_CURVE ( 3, ( #647, #6512, #9017, #4033 ),
 .UNSPECIFIED., .F., .T. ) 
 B_SPLINE_CURVE_WITH_KNOTS ( ( 4, 4 ),
 ( 4.712388980384689674, 6.283185307179586232 ),
 .UNSPECIFIED. ) 
 CURVE ( )  GEOMETRIC_REPRESENTATION_ITEM ( )  RATIONAL_B_SPLINE_CURVE ( ( 1.000000000000000000, 0.8047378541243649375, 0.8047378541243649375, 1.000000000000000000 ) ) 
 REPRESENTATION_ITEM ( '' )  );
#3326 = AXIS2_PLACEMENT_3D ( 'NONE', #6112, #7838, #452 ) ;
#3327 = CARTESIAN_POINT ( 'NONE',  ( -26.06771307005107730, 44.52206294590788360, 997.4916601271909258 ) ) ;
#3328 = VERTEX_POINT ( 'NONE', #5391 ) ;
#3329 = LINE ( 'NONE', #2522, #3070 ) ;
#3330 = DIRECTION ( 'NONE',  ( 1.000000000000000000, 0.000000000000000000, 0.000000000000000000 ) ) ;
#3331 = CARTESIAN_POINT ( 'NONE',  ( -18.46771300448400055, 15.35439068285622177, 1003.491660127191039 ) ) ;
#3332 = CARTESIAN_POINT ( 'NONE',  ( -18.85944989405377115, -27.28746928461670151, 1001.586075194547107 ) ) ;
#3333 = CARTESIAN_POINT ( 'NONE',  ( -14.69852495467010023, 31.08079492819511813, 1003.491660127191039 ) ) ;
#3334 = CARTESIAN_POINT ( 'NONE',  ( -19.47297981228107133, -27.42218576757409920, 1002.092770585647258 ) ) ;
#3335 = ORIENTED_EDGE ( 'NONE', *, *, #5796, .F. ) ;
#3336 = EDGE_LOOP ( 'NONE', ( #7589, #9278, #1417, #5532 ) ) ;
#3337 = VERTEX_POINT ( 'NONE', #5559 ) ;
#3338 = ORIENTED_EDGE ( 'NONE', *, *, #7757, .F. ) ;
#3339 = ORIENTED_EDGE ( 'NONE', *, *, #259, .T. ) ;
#3340 = DIRECTION ( 'NONE',  ( -1.000000000000000000, 0.000000000000000000, -0.000000000000000000 ) ) ;
#3341 = ORIENTED_EDGE ( 'NONE', *, *, #458, .T. ) ;
#3342 = CYLINDRICAL_SURFACE ( 'NONE', #3543, 1.500000000000000222 ) ;
#3343 = EDGE_CURVE ( 'NONE', #1133, #4927, #3769, .T. ) ;
#3344 = DIRECTION ( 'NONE',  ( 0.5013132066024581501, -0.4986833352799768249, 0.7071067811865471286 ) ) ;
#3345 = CARTESIAN_POINT ( 'NONE',  ( -18.77246394722672207, -28.38757542240519882, 1001.826101064339468 ) ) ;
#3346 = CARTESIAN_POINT ( 'NONE',  ( -24.46771288731875416, 26.05339863659028055, 985.3099940018448706 ) ) ;
#3347 = B_SPLINE_CURVE_WITH_KNOTS ( 'NONE', 3,
 ( #1012, #3665, #1071, #1121 ),
 .UNSPECIFIED., .F., .F.,
 ( 4, 4 ),
 ( 0.000000000000000000, 1.000000000000000000 ),
 .UNSPECIFIED. ) ;
#3348 = CARTESIAN_POINT ( 'NONE',  ( -16.78242989951912989, 36.93207555131017727, 1003.491660127191039 ) ) ;
#3349 = AXIS2_PLACEMENT_3D ( 'NONE', #282, #6415, #10458 ) ;
#3350 = ORIENTED_EDGE ( 'NONE', *, *, #9667, .T. ) ;
#3351 = DIRECTION ( 'NONE',  ( 1.000000000000000000, 0.000000000000000000, 0.000000000000000000 ) ) ;
#3352 = ORIENTED_EDGE ( 'NONE', *, *, #2439, .F. ) ;
#3353 = DIRECTION ( 'NONE',  ( -0.000000000000000000, -1.000000000000000000, -1.284980352575395936E-15 ) ) ;
#3354 = ORIENTED_EDGE ( 'NONE', *, *, #1585, .F. ) ;
#3355 = ORIENTED_EDGE ( 'NONE', *, *, #7989, .F. ) ;
#3356 = CARTESIAN_POINT ( 'NONE',  ( -24.85910653174427409, 26.10280229099265270, 988.2424573596641721 ) ) ;
#3357 = PLANE ( 'NONE',  #5185 ) ;
#3358 = CARTESIAN_POINT ( 'NONE',  ( -26.04664452699040922, -27.57705408795178315, 1001.824530786270316 ) ) ;
#3359 = CYLINDRICAL_SURFACE ( 'NONE', #7583, 1.649999999999998579 ) ;
#3360 = VECTOR ( 'NONE', #9751, 1000.000000000000000 ) ;
#3361 = CARTESIAN_POINT ( 'NONE',  ( -10.26771300448392132, 43.92206330434124339, 987.4916601271910395 ) ) ;
#3362 = CARTESIAN_POINT ( 'NONE',  ( -17.18153957801630938, -26.25791218717159836, 1000.991660127190926 ) ) ;
#3363 = ORIENTED_EDGE ( 'NONE', *, *, #7898, .F. ) ;
#3364 = LINE ( 'NONE', #6658, #9298 ) ;
#3365 = VERTEX_POINT ( 'NONE', #10505 ) ;
#3366 = ADVANCED_FACE ( 'NONE', ( #7067 ), #6636, .T. ) ;
#3367 = AXIS2_PLACEMENT_3D ( 'NONE', #6007, #987, #7675 ) ;
#3368 = ADVANCED_FACE ( 'NONE', ( #2528 ), #9168, .F. ) ;
#3369 = LINE ( 'NONE', #4123, #4943 ) ;
#3370 = LINE ( 'NONE', #1863, #1312 ) ;
#3371 = EDGE_CURVE ( 'NONE', #3156, #2616, #7470, .T. ) ;
#3372 = EDGE_CURVE ( 'NONE', #9176, #9297, #2332, .T. ) ;
#3373 = FACE_OUTER_BOUND ( 'NONE', #2184, .T. ) ;
#3374 = CARTESIAN_POINT ( 'NONE',  ( -9.667713004484090433, 31.17414358537395103, 1003.491660127191039 ) ) ;
#3375 = AXIS2_PLACEMENT_3D ( 'NONE', #705, #8193, #2231 ) ;
#3376 = EDGE_CURVE ( 'NONE', #4756, #4304, #6827, .T. ) ;
#3377 = ORIENTED_EDGE ( 'NONE', *, *, #6128, .F. ) ;
#3378 = LINE ( 'NONE', #6775, #2042 ) ;
#3379 = ORIENTED_EDGE ( 'NONE', *, *, #5861, .F. ) ;
#3380 = CARTESIAN_POINT ( 'NONE',  ( -26.34105592894658088, -26.68217804519910530, 1001.236610134530906 ) ) ;
#3381 = VECTOR ( 'NONE', #5787, 1000.000000000000000 ) ;
#3382 = CARTESIAN_POINT ( 'NONE',  ( 3.412682239243149063, -10.47773340385700358, 999.5756755151326161 ) ) ;
#3383 = DIRECTION ( 'NONE',  ( -0.4999999999999991118, 0.4999999999999971689, -0.7071067811865501263 ) ) ;
#3384 = CARTESIAN_POINT ( 'NONE',  ( -25.70905011557962183, -27.69381682613565587, 1002.432577409947612 ) ) ;
#3385 = CARTESIAN_POINT ( 'NONE',  ( -33.71771300448400410, 38.02206337602792274, 1000.391660127190903 ) ) ;
#3386 = LINE ( 'NONE', #5916, #8108 ) ;
#3387 =( BOUNDED_CURVE ( )  B_SPLINE_CURVE ( 3, ( #3771, #2701, #6852, #4585 ),
 .UNSPECIFIED., .F., .F. ) 
 B_SPLINE_CURVE_WITH_KNOTS ( ( 4, 4 ),
 ( 4.712388980384689674, 5.453714986272630405 ),
 .UNSPECIFIED. ) 
 CURVE ( )  GEOMETRIC_REPRESENTATION_ITEM ( )  RATIONAL_B_SPLINE_CURVE ( ( 1.000000000000000000, 0.9547249257431399405, 0.9547249257431399405, 1.000000000000000000 ) ) 
 REPRESENTATION_ITEM ( '' )  );
#3388 = AXIS2_PLACEMENT_3D ( 'NONE', #3120, #8013, #5595 ) ;
#3389 = FACE_OUTER_BOUND ( 'NONE', #850, .T. ) ;
#3390 = ORIENTED_EDGE ( 'NONE', *, *, #669, .T. ) ;
#3391 = ORIENTED_EDGE ( 'NONE', *, *, #9667, .F. ) ;
#3392 = ORIENTED_EDGE ( 'NONE', *, *, #5882, .T. ) ;
#3393 = ORIENTED_EDGE ( 'NONE', *, *, #2515, .T. ) ;
#3394 = ORIENTED_EDGE ( 'NONE', *, *, #5419, .F. ) ;
#3395 = DIRECTION ( 'NONE',  ( -1.000000000000000000, 0.000000000000000000, 0.000000000000000000 ) ) ;
#3396 = ORIENTED_EDGE ( 'NONE', *, *, #5329, .F. ) ;
#3397 = CIRCLE ( 'NONE', #1333, 3.498060944848585763 ) ;
#3398 = CARTESIAN_POINT ( 'NONE',  ( -26.06771300448400197, 3.167884070370703409, 1003.491660127191039 ) ) ;
#3399 = CARTESIAN_POINT ( 'NONE',  ( -25.74294864934424965, -28.85055402455519769, 1002.491852182949287 ) ) ;
#3400 = DIRECTION ( 'NONE',  ( 1.000000000000000000, 0.000000000000000000, 0.000000000000000000 ) ) ;
#3401 = CARTESIAN_POINT ( 'NONE',  ( -15.26385081305339497, 7.479460679559880809, 995.9916601271909258 ) ) ;
#3402 = DIRECTION ( 'NONE',  ( -0.7071067811865638930, -0.000000000000000000, -0.7071067811865312525 ) ) ;
#3403 = AXIS2_PLACEMENT_3D ( 'NONE', #8198, #5772, #9985 ) ;
#3404 = AXIS2_PLACEMENT_3D ( 'NONE', #4186, #2630, #4079 ) ;
#3405 = EDGE_CURVE ( 'NONE', #5193, #6670, #1437, .T. ) ;
#3406 = ORIENTED_EDGE ( 'NONE', *, *, #4629, .T. ) ;
#3407 = LINE ( 'NONE', #6, #4286 ) ;
#3408 = EDGE_LOOP ( 'NONE', ( #9846, #5759, #5614, #1103, #3239, #4924 ) ) ;
#3409 = CARTESIAN_POINT ( 'NONE',  ( -24.87697588372022395, 26.73773342925900209, 989.1552268606255893 ) ) ;
#3410 = ORIENTED_EDGE ( 'NONE', *, *, #9006, .F. ) ;
#3411 = VERTEX_POINT ( 'NONE', #5856 ) ;
#3412 = CARTESIAN_POINT ( 'NONE',  ( -23.66271300448400083, -27.77362365159970281, 1000.029303363198892 ) ) ;
#3413 = CARTESIAN_POINT ( 'NONE',  ( -20.06771282526723610, 26.05339869864173608, 987.2916601271909940 ) ) ;
#3414 = VECTOR ( 'NONE', #5174, 1000.000000000000114 ) ;
#3415 = CARTESIAN_POINT ( 'NONE',  ( -16.49237019068386090, 5.981090094143900693, 998.8717674305812579 ) ) ;
#3416 = CARTESIAN_POINT ( 'NONE',  ( -28.71577430776599016, 26.01981126762374430, 983.4916601271910395 ) ) ;
#3417 = AXIS2_PLACEMENT_3D ( 'NONE', #3031, #2435, #5711 ) ;
#3418 = PLANE ( 'NONE',  #9050 ) ;
#3419 = CARTESIAN_POINT ( 'NONE',  ( -42.43771300448398165, -10.47773340385700003, 995.9916601271909258 ) ) ;
#3420 = EDGE_CURVE ( 'NONE', #1806, #982, #5050, .T. ) ;
#3421 = EDGE_CURVE ( 'NONE', #902, #3243, #7322, .T. ) ;
#3422 = VERTEX_POINT ( 'NONE', #5656 ) ;
#3423 = DIRECTION ( 'NONE',  ( 0.000000000000000000, 0.000000000000000000, -1.000000000000000000 ) ) ;
#3424 = ORIENTED_EDGE ( 'NONE', *, *, #10220, .T. ) ;
#3425 = CARTESIAN_POINT ( 'NONE',  ( -18.47297981228107133, -28.36553131374809666, 1002.802919771385859 ) ) ;
#3426 = CARTESIAN_POINT ( 'NONE',  ( -17.91771300448399629, 43.02206366277465577, 995.9916601271909258 ) ) ;
#3427 = CARTESIAN_POINT ( 'NONE',  ( -12.46771300448399344, 29.47981022745160828, 987.6916601271909713 ) ) ;
#3428 = VECTOR ( 'NONE', #9234, 1000.000000000000000 ) ;
#3429 = CARTESIAN_POINT ( 'NONE',  ( -7.021848437303064018E-16, 37.53953660251080038, 1013.641658718408507 ) ) ;
#3430 = EDGE_CURVE ( 'NONE', #9074, #956, #788, .T. ) ;
#3431 = CARTESIAN_POINT ( 'NONE',  ( -21.96970679917444258, 27.80166791648640157, 990.0069990077643070 ) ) ;
#3432 = VERTEX_POINT ( 'NONE', #7372 ) ;
#3433 = FACE_OUTER_BOUND ( 'NONE', #8291, .T. ) ;
#3434 = LINE ( 'NONE', #5912, #6570 ) ;
#3435 = CARTESIAN_POINT ( 'NONE',  ( -32.33715901253453495, 34.84736959455016603, 983.7916601271909940 ) ) ;
#3436 = CARTESIAN_POINT ( 'NONE',  ( -30.65445825964872029, 3.877293469403299664, 997.9916601271859236 ) ) ;
#3437 = FACE_OUTER_BOUND ( 'NONE', #1935, .T. ) ;
#3438 = EDGE_CURVE ( 'NONE', #6375, #7782, #1875, .T. ) ;
#3439 = LINE ( 'NONE', #7419, #3465 ) ;
#3440 = AXIS2_PLACEMENT_3D ( 'NONE', #1252, #329, #8647 ) ;
#3441 = ORIENTED_EDGE ( 'NONE', *, *, #1849, .T. ) ;
#3442 = EDGE_LOOP ( 'NONE', ( #8761, #1593, #4952 ) ) ;
#3443 = VERTEX_POINT ( 'NONE', #1929 ) ;
#3444 = ORIENTED_EDGE ( 'NONE', *, *, #10380, .T. ) ;
#3445 = VERTEX_POINT ( 'NONE', #1820 ) ;
#3446 = FACE_OUTER_BOUND ( 'NONE', #9391, .T. ) ;
#3447 = ORIENTED_EDGE ( 'NONE', *, *, #63, .T. ) ;
#3448 = VECTOR ( 'NONE', #2375, 999.9999999999998863 ) ;
#3449 = CARTESIAN_POINT ( 'NONE',  ( -26.02535839424687580, 3.012829882053987607, 1003.491660127191153 ) ) ;
#3450 = EDGE_CURVE ( 'NONE', #9565, #6516, #4462, .T. ) ;
#3451 =( BOUNDED_CURVE ( )  B_SPLINE_CURVE ( 3, ( #10195, #2864, #2001, #5284 ),
 .UNSPECIFIED., .F., .T. ) 
 B_SPLINE_CURVE_WITH_KNOTS ( ( 4, 4 ),
 ( 3.141592653589786011, 3.924360942633292826 ),
 .UNSPECIFIED. ) 
 CURVE ( )  GEOMETRIC_REPRESENTATION_ITEM ( )  RATIONAL_B_SPLINE_CURVE ( ( 1.000000000000000000, 0.9495879588780982150, 0.9495879588780982150, 1.000000000000000000 ) ) 
 REPRESENTATION_ITEM ( '' )  );
#3452 = CARTESIAN_POINT ( 'NONE',  ( -26.06244619668694185, -28.33595698023039944, 1002.620336641251356 ) ) ;
#3453 = CARTESIAN_POINT ( 'NONE',  ( -18.52414659494920102, -28.63665675735010296, 1002.545257997872454 ) ) ;
#3454 = CARTESIAN_POINT ( 'NONE',  ( -0.3477130044840029410, -10.47773340385700003, 995.9916601271909258 ) ) ;
#3455 = LINE ( 'NONE', #2492, #652 ) ;
#3456 = AXIS2_PLACEMENT_3D ( 'NONE', #4598, #4551, #1196 ) ;
#3457 = VERTEX_POINT ( 'NONE', #5155 ) ;
#3458 = CARTESIAN_POINT ( 'NONE',  ( -20.73679023477376404, 6.866160671950028771, 1003.491660127191039 ) ) ;
#3459 = EDGE_LOOP ( 'NONE', ( #3282, #5211, #8475, #8502 ) ) ;
#3460 = CARTESIAN_POINT ( 'NONE',  ( -22.11771300448399558, 28.91940829628347132, 990.4916601271910395 ) ) ;
#3461 = ORIENTED_EDGE ( 'NONE', *, *, #8326, .F. ) ;
#3462 = LINE ( 'NONE', #5938, #4910 ) ;
#3463 = CARTESIAN_POINT ( 'NONE',  ( -34.76771264605072531, 27.12474437569598962, 983.6916601271909713 ) ) ;
#3464 = VECTOR ( 'NONE', #9087, 1000.000000000000114 ) ;
#3465 = VECTOR ( 'NONE', #9218, 1000.000000000000114 ) ;
#3466 = CARTESIAN_POINT ( 'NONE',  ( -18.55078271381364630, -28.38325941037859934, 1002.200173655912977 ) ) ;
#3467 = DIRECTION ( 'NONE',  ( 0.000000000000000000, -0.000000000000000000, -1.000000000000000000 ) ) ;
#3468 = CARTESIAN_POINT ( 'NONE',  ( -18.47297981228107133, -28.33595698023039944, 1002.620336641251583 ) ) ;
#3469 = CARTESIAN_POINT ( 'NONE',  ( -27.05277848976460930, 2.767698785255751748, 1000.991660127190926 ) ) ;
#3470 = CARTESIAN_POINT ( 'NONE',  ( -26.44880591361769007, 2.557757825279101116, 1000.991660127190926 ) ) ;
#3471 = DIRECTION ( 'NONE',  ( -1.000000000000000000, 0.000000000000000000, 0.000000000000000000 ) ) ;
#3472 = ORIENTED_EDGE ( 'NONE', *, *, #5737, .T. ) ;
#3473 = CARTESIAN_POINT ( 'NONE',  ( -10.81771300448399309, 29.47981022745160828, 1004.592685127191089 ) ) ;
#3474 = AXIS2_PLACEMENT_3D ( 'NONE', #836, #4190, #5098 ) ;
#3475 = AXIS2_PLACEMENT_3D ( 'NONE', #5367, #7152, #7839 ) ;
#3476 = ORIENTED_EDGE ( 'NONE', *, *, #8139, .F. ) ;
#3477 = ORIENTED_EDGE ( 'NONE', *, *, #8577, .T. ) ;
#3478 =( LENGTH_UNIT ( ) NAMED_UNIT ( * ) SI_UNIT ( .MILLI., .METRE. ) );
#3479 = CARTESIAN_POINT ( 'NONE',  ( -30.19664519261851154, 20.71519878427751493, 1002.291660127190994 ) ) ;
#3480 = EDGE_CURVE ( 'NONE', #5640, #3328, #7802, .T. ) ;
#3481 = AXIS2_PLACEMENT_3D ( 'NONE', #9926, #2700, #3400 ) ;
#3482 = DIRECTION ( 'NONE',  ( 0.000000000000000000, 1.000000000000000000, 0.000000000000000000 ) ) ;
#3483 = VECTOR ( 'NONE', #4386, 1000.000000000000227 ) ;
#3484 = CARTESIAN_POINT ( 'NONE',  ( -20.87271300448400169, -27.93447923985580061, 999.3150930745068763 ) ) ;
#3485 = ORIENTED_EDGE ( 'NONE', *, *, #5737, .F. ) ;
#3486 = FACE_OUTER_BOUND ( 'NONE', #3675, .T. ) ;
#3487 = AXIS2_PLACEMENT_3D ( 'NONE', #7096, #509, #7730 ) ;
#3488 = ORIENTED_EDGE ( 'NONE', *, *, #3225, .T. ) ;
#3489 = CARTESIAN_POINT ( 'NONE',  ( -19.41771300448399629, 28.72760401793335916, 990.4934107486648145 ) ) ;
#3490 = FACE_OUTER_BOUND ( 'NONE', #10120, .T. ) ;
#3491 = DIRECTION ( 'NONE',  ( -1.480297366166879989E-16, -1.000000000000000000, 0.000000000000000000 ) ) ;
#3492 = CARTESIAN_POINT ( 'NONE',  ( -19.71771300448400055, 3.357757825279103159, 995.9916601271909258 ) ) ;
#3493 = EDGE_CURVE ( 'NONE', #4554, #4955, #857, .T. ) ;
#3494 = CARTESIAN_POINT ( 'NONE',  ( -24.32375736412236122, -28.11384948897169878, 1000.677545381929235 ) ) ;
#3495 = CARTESIAN_POINT ( 'NONE',  ( -14.13682963820922112, 0.5772708352942014232, 1000.991660127176715 ) ) ;
#3496 = EDGE_CURVE ( 'NONE', #6467, #4541, #7581, .T. ) ;
#3497 = ORIENTED_EDGE ( 'NONE', *, *, #2263, .T. ) ;
#3498 = VERTEX_POINT ( 'NONE', #9431 ) ;
#3499 = ORIENTED_EDGE ( 'NONE', *, *, #8485, .F. ) ;
#3500 = ORIENTED_EDGE ( 'NONE', *, *, #5622, .T. ) ;
#3501 = ADVANCED_FACE ( 'NONE', ( #10070 ), #5216, .F. ) ;
#3502 = CARTESIAN_POINT ( 'NONE',  ( -9.767713004483921324, 44.22206330434121213, 983.4916601271910395 ) ) ;
#3503 = EDGE_LOOP ( 'NONE', ( #2399, #5867, #8731, #8774 ) ) ;
#3504 = LINE ( 'NONE', #10081, #6995 ) ;
#3505 = CARTESIAN_POINT ( 'NONE',  ( -20.26771282526731355, 52.63773048505904484, 1008.525991913608664 ) ) ;
#3506 = ADVANCED_FACE ( 'NONE', ( #7632 ), #4482, .F. ) ;
#3507 = CARTESIAN_POINT ( 'NONE',  ( -18.77311321617959194, -28.38647986532109968, 1001.824733954718113 ) ) ;
#3508 = FACE_OUTER_BOUND ( 'NONE', #1668, .T. ) ;
#3509 = EDGE_CURVE ( 'NONE', #3958, #2488, #6898, .T. ) ;
#3510 = CARTESIAN_POINT ( 'NONE',  ( -18.77311321617959194, -27.16735930702599688, 1001.120874372212029 ) ) ;
#3511 = ADVANCED_FACE ( 'NONE', ( #3702 ), #2686, .T. ) ;
#3512 = EDGE_LOOP ( 'NONE', ( #9352, #4130, #2335, #943 ) ) ;
#3513 = EDGE_LOOP ( 'NONE', ( #3818, #2747, #7638, #1776, #2230, #3628 ) ) ;
#3514 = CARTESIAN_POINT ( 'NONE',  ( -25.12353184472136292, 25.79472900941603442, 991.6189646615687252 ) ) ;
#3515 = ORIENTED_EDGE ( 'NONE', *, *, #8192, .T. ) ;
#3516 = EDGE_LOOP ( 'NONE', ( #5290, #2726, #2176, #8410 ) ) ;
#3517 = CARTESIAN_POINT ( 'NONE',  ( -14.11771300448399380, 29.47981022745160828, 987.6916601271909713 ) ) ;
#3518 = DIRECTION ( 'NONE',  ( 0.7071067811865473507, 0.7071067811865477948, 0.000000000000000000 ) ) ;
#3519 = PLANE ( 'NONE',  #8285 ) ;
#3520 = CARTESIAN_POINT ( 'NONE',  ( -25.46244619668694043, -27.65791218717139799, 1004.591660127191176 ) ) ;
#3521 = CARTESIAN_POINT ( 'NONE',  ( -25.42599575777121146, 26.25339869864176023, 987.4916601271910395 ) ) ;
#3522 = CARTESIAN_POINT ( 'NONE',  ( -25.96206166803437299, -28.78136515635809545, 1002.895356531235734 ) ) ;
#3523 = CARTESIAN_POINT ( 'NONE',  ( -4.778040648440245342, 25.05795477245783331, 988.6813324832331773 ) ) ;
#3524 = LINE ( 'NONE', #6655, #8197 ) ;
#3525 = ADVANCED_FACE ( 'NONE', ( #5966 ), #198, .T. ) ;
#3526 = VERTEX_POINT ( 'NONE', #6888 ) ;
#3527 = CARTESIAN_POINT ( 'NONE',  ( -30.41771300448401050, 38.02206337602792274, 1003.491660127191039 ) ) ;
#3528 = ORIENTED_EDGE ( 'NONE', *, *, #8861, .F. ) ;
#3529 = EDGE_LOOP ( 'NONE', ( #1568, #7655, #7455, #8408 ) ) ;
#3530 = EDGE_CURVE ( 'NONE', #8764, #2186, #9270, .T. ) ;
#3531 = DIRECTION ( 'NONE',  ( 0.9999501872747571518, 0.009981130656292294331, 0.000000000000000000 ) ) ;
#3532 = AXIS2_PLACEMENT_3D ( 'NONE', #3914, #1451, #3751 ) ;
#3533 = CARTESIAN_POINT ( 'NONE',  ( -26.11188102357528962, 3.287333648496001626, 1003.447492108099823 ) ) ;
#3534 = FACE_OUTER_BOUND ( 'NONE', #2029, .T. ) ;
#3535 = AXIS2_PLACEMENT_3D ( 'NONE', #9889, #5026, #5990 ) ;
#3536 = ORIENTED_EDGE ( 'NONE', *, *, #10612, .T. ) ;
#3537 = EDGE_CURVE ( 'NONE', #4457, #2308, #8563, .T. ) ;
#3538 = CARTESIAN_POINT ( 'NONE',  ( -27.26771300448400126, 3.578337813800501976, 1004.527194033123692 ) ) ;
#3539 = EDGE_CURVE ( 'NONE', #5293, #9176, #4522, .T. ) ;
#3540 = EDGE_LOOP ( 'NONE', ( #7242, #6842, #8698, #4590, #2606 ) ) ;
#3541 = FACE_OUTER_BOUND ( 'NONE', #3847, .T. ) ;
#3542 = CARTESIAN_POINT ( 'NONE',  ( -27.26771300448400126, 7.357555401839901421, 1001.231618767228952 ) ) ;
#3543 = AXIS2_PLACEMENT_3D ( 'NONE', #5060, #9880, #7593 ) ;
#3544 = CARTESIAN_POINT ( 'NONE',  ( -18.03411424786541417, -26.54683876681206556, 1001.158470457660769 ) ) ;
#3545 = DIRECTION ( 'NONE',  ( 1.000000000000000000, -0.000000000000000000, 0.000000000000000000 ) ) ;
#3546 = LINE ( 'NONE', #2153, #5722 ) ;
#3547 = CARTESIAN_POINT ( 'NONE',  ( -32.06771300448400552, 38.02206337602792274, 995.9916601271909258 ) ) ;
#3548 = CARTESIAN_POINT ( 'NONE',  ( -20.26771282526732776, 27.60339869864173679, 985.0416604856244476 ) ) ;
#3549 = EDGE_CURVE ( 'NONE', #9057, #3018, #2079, .T. ) ;
#3550 = EDGE_LOOP ( 'NONE', ( #551, #7819, #10521, #9879, #6172, #2692 ) ) ;
#3551 = VECTOR ( 'NONE', #8264, 1000.000000000000000 ) ;
#3552 = VERTEX_POINT ( 'NONE', #1983 ) ;
#3553 = ORIENTED_EDGE ( 'NONE', *, *, #7311, .T. ) ;
#3554 = EDGE_LOOP ( 'NONE', ( #5692, #1306, #5919, #5070, #4010 ) ) ;
#3555 = FACE_OUTER_BOUND ( 'NONE', #9070, .T. ) ;
#3556 = EDGE_LOOP ( 'NONE', ( #4411, #9823, #5177, #310 ) ) ;
#3557 = CARTESIAN_POINT ( 'NONE',  ( -27.51795447798598460, 37.53953660251080038, 1003.491660127191039 ) ) ;
#3558 = DIRECTION ( 'NONE',  ( 0.000000000000000000, 0.000000000000000000, 1.000000000000000000 ) ) ;
#3559 = LINE ( 'NONE', #8579, #3116 ) ;
#3560 = FACE_OUTER_BOUND ( 'NONE', #5198, .T. ) ;
#3561 = DIRECTION ( 'NONE',  ( 0.000000000000000000, 0.000000000000000000, 1.000000000000000000 ) ) ;
#3562 = EDGE_CURVE ( 'NONE', #1917, #6987, #8096, .T. ) ;
#3563 = VERTEX_POINT ( 'NONE', #9216 ) ;
#3564 = CARTESIAN_POINT ( 'NONE',  ( -17.26771300448400126, 6.983705961645698679, 1001.574116544283243 ) ) ;
#3565 = EDGE_CURVE ( 'NONE', #7231, #1249, #2038, .T. ) ;
#3566 = VECTOR ( 'NONE', #5273, 1000.000000000000000 ) ;
#3567 = ORIENTED_EDGE ( 'NONE', *, *, #283, .F. ) ;
#3568 = PLANE ( 'NONE',  #1167 ) ;
#3569 = AXIS2_PLACEMENT_3D ( 'NONE', #4490, #7772, #6207 ) ;
#3570 = VERTEX_POINT ( 'NONE', #8854 ) ;
#3571 = ORIENTED_EDGE ( 'NONE', *, *, #4311, .F. ) ;
#3572 = CARTESIAN_POINT ( 'NONE',  ( -30.11795385680410675, 30.41657034268903459, 1016.041658718408485 ) ) ;
#3573 = DIRECTION ( 'NONE',  ( -1.000000000000000000, 0.000000000000000000, -0.000000000000000000 ) ) ;
#3574 = CARTESIAN_POINT ( 'NONE',  ( -10.26771300448410607, 44.52206366277465577, 1013.641658718408507 ) ) ;
#3575 = LINE ( 'NONE', #6098, #7085 ) ;
#3576 = CARTESIAN_POINT ( 'NONE',  ( -25.99017397098635129, -28.71330979501069436, 1002.660344732858789 ) ) ;
#3577 = CIRCLE ( 'NONE', #8760, 3.598061303281992807 ) ;
#3578 = ORIENTED_EDGE ( 'NONE', *, *, #4954, .F. ) ;
#3579 = CARTESIAN_POINT ( 'NONE',  ( -19.21975901359439121, 26.84182138805503115, 983.6916601271909713 ) ) ;
#3580 = EDGE_LOOP ( 'NONE', ( #1171, #348, #6054, #10269 ) ) ;
#3581 = ORIENTED_EDGE ( 'NONE', *, *, #1918, .F. ) ;
#3582 = VECTOR ( 'NONE', #8813, 1000.000000000000000 ) ;
#3583 = CARTESIAN_POINT ( 'NONE',  ( -27.26771300448400126, 8.655756606077503079, 995.9916601271909258 ) ) ;
#3584 = DIRECTION ( 'NONE',  ( -0.000000000000000000, -0.000000000000000000, 1.000000000000000000 ) ) ;
#3585 = EDGE_CURVE ( 'NONE', #3498, #6908, #1941, .T. ) ;
#3586 = FACE_OUTER_BOUND ( 'NONE', #9688, .T. ) ;
#3587 = DIRECTION ( 'NONE',  ( 0.000000000000000000, 0.000000000000000000, 1.000000000000000000 ) ) ;
#3588 = LINE ( 'NONE', #1913, #4166 ) ;
#3589 = ORIENTED_EDGE ( 'NONE', *, *, #10223, .F. ) ;
#3590 = CARTESIAN_POINT ( 'NONE',  ( -30.41771300448401050, 0.000000000000000000, 1013.641658718408507 ) ) ;
#3591 = DIRECTION ( 'NONE',  ( 0.000000000000000000, -0.8660254037844383745, 0.5000000000000003331 ) ) ;
#3592 = VERTEX_POINT ( 'NONE', #8208 ) ;
#3593 = CARTESIAN_POINT ( 'NONE',  ( -25.46244619668694043, -28.25791218717139941, 1000.991660127190926 ) ) ;
#3594 = CARTESIAN_POINT ( 'NONE',  ( -17.86759221389501917, -26.43914283654775943, 1001.094995680582770 ) ) ;
#3595 = CARTESIAN_POINT ( 'NONE',  ( -9.603507368148202161, -2.542093970724847996, 1000.991660127190926 ) ) ;
#3596 = LINE ( 'NONE', #1222, #4526 ) ;
#3597 = CARTESIAN_POINT ( 'NONE',  ( -25.92095697591532399, -27.63395237614939859, 1001.884742649978421 ) ) ;
#3598 = LINE ( 'NONE', #528, #567 ) ;
#3599 = VERTEX_POINT ( 'NONE', #1393 ) ;
#3600 = ORIENTED_EDGE ( 'NONE', *, *, #4759, .F. ) ;
#3601 = ORIENTED_EDGE ( 'NONE', *, *, #3630, .F. ) ;
#3602 = EDGE_LOOP ( 'NONE', ( #6860, #8205, #3986, #2642, #4292 ) ) ;
#3603 = CARTESIAN_POINT ( 'NONE',  ( -29.69887214783006968, 31.02078334947720606, 1013.641658718408507 ) ) ;
#3604 = ORIENTED_EDGE ( 'NONE', *, *, #4615, .F. ) ;
#3605 = CARTESIAN_POINT ( 'NONE',  ( -29.03622117259850555, 32.01967122887339201, 1014.306158709955753 ) ) ;
#3606 = CARTESIAN_POINT ( 'NONE',  ( -17.08976231345060270, 2.767698785255760185, 1000.205862579364407 ) ) ;
#3607 = CARTESIAN_POINT ( 'NONE',  ( -18.31033483194798350, 44.48302267739394722, 990.0910012440976971 ) ) ;
#3608 = CARTESIAN_POINT ( 'NONE',  ( -26.06771300448399842, 44.52206366277465577, 988.0916604856245158 ) ) ;
#3609 = VECTOR ( 'NONE', #2178, 1000.000000000000000 ) ;
#3610 = CARTESIAN_POINT ( 'NONE',  ( -15.67902773147505613, 4.999469530426707387, 998.4342197745289695 ) ) ;
#3611 = EDGE_CURVE ( 'NONE', #10227, #5554, #1281, .T. ) ;
#3612 = VERTEX_POINT ( 'NONE', #4624 ) ;
#3613 = DIRECTION ( 'NONE',  ( 0.7071067811865477948, -0.7071067811865472397, 0.000000000000000000 ) ) ;
#3614 = AXIS2_PLACEMENT_3D ( 'NONE', #5336, #3715, #6086 ) ;
#3615 = ORIENTED_EDGE ( 'NONE', *, *, #5635, .F. ) ;
#3616 = CARTESIAN_POINT ( 'NONE',  ( -25.84866490764858327, -28.55156867768710072, 1002.020501200053104 ) ) ;
#3617 = VERTEX_POINT ( 'NONE', #10639 ) ;
#3618 = ORIENTED_EDGE ( 'NONE', *, *, #2263, .F. ) ;
#3619 = LINE ( 'NONE', #9407, #7670 ) ;
#3620 = LINE ( 'NONE', #8536, #3109 ) ;
#3621 = DIRECTION ( 'NONE',  ( 0.000000000000000000, 0.000000000000000000, -1.000000000000000000 ) ) ;
#3622 = CARTESIAN_POINT ( 'NONE',  ( -18.55078271381364630, -28.38325941037859934, 1002.200173655912977 ) ) ;
#3623 = CARTESIAN_POINT ( 'NONE',  ( -18.46771300448416753, 17.28211026185847032, 1003.491660127191267 ) ) ;
#3624 = EDGE_CURVE ( 'NONE', #9876, #8255, #6997, .T. ) ;
#3625 = CARTESIAN_POINT ( 'NONE',  ( -25.57135758761721078, -28.95556377804620141, 1002.895356525875172 ) ) ;
#3626 = VECTOR ( 'NONE', #8315, 1000.000000000000000 ) ;
#3627 = ADVANCED_FACE ( 'NONE', ( #8791, #9040, #1638, #4573, #7113, #6539, #3807, #7855 ), #4680, .F. ) ;
#3628 = ORIENTED_EDGE ( 'NONE', *, *, #266, .T. ) ;
#3629 = LINE ( 'NONE', #6923, #1375 ) ;
#3630 = EDGE_CURVE ( 'NONE', #1617, #3563, #7909, .T. ) ;
#3631 = ORIENTED_EDGE ( 'NONE', *, *, #9160, .F. ) ;
#3632 = ORIENTED_EDGE ( 'NONE', *, *, #4932, .F. ) ;
#3633 = VECTOR ( 'NONE', #2581, 1000.000000000000114 ) ;
#3634 = DIRECTION ( 'NONE',  ( -0.7454150085318022034, 0.6666006788591902765, 0.000000000000000000 ) ) ;
#3635 = EDGE_CURVE ( 'NONE', #6367, #1617, #2897, .T. ) ;
#3636 = DIRECTION ( 'NONE',  ( 0.000000000000000000, 0.000000000000000000, -1.000000000000000000 ) ) ;
#3637 = CARTESIAN_POINT ( 'NONE',  ( -21.77351469664024464, -29.27785434330530023, 1001.926301551215602 ) ) ;
#3638 = PLANE ( 'NONE',  #4182 ) ;
#3639 = CARTESIAN_POINT ( 'NONE',  ( -20.20113095570322415, -28.26499943599120002, 1000.764811844528936 ) ) ;
#3640 = AXIS2_PLACEMENT_3D ( 'NONE', #8752, #10564, #1412 ) ;
#3641 = VERTEX_POINT ( 'NONE', #2258 ) ;
#3642 = CARTESIAN_POINT ( 'NONE',  ( -23.79863577419423848, 6.866160671950028771, 1003.491660127191039 ) ) ;
#3643 = EDGE_CURVE ( 'NONE', #5469, #9537, #7929, .T. ) ;
#3644 = CARTESIAN_POINT ( 'NONE',  ( -32.06771300448400552, 29.52206337602792630, 983.4916601271910395 ) ) ;
#3645 = ORIENTED_EDGE ( 'NONE', *, *, #4314, .T. ) ;
#3646 = CARTESIAN_POINT ( 'NONE',  ( -19.41771300448399629, 27.10926995633250769, 992.7914675625967220 ) ) ;
#3647 = AXIS2_PLACEMENT_3D ( 'NONE', #498, #6971, #2823 ) ;
#3648 = VECTOR ( 'NONE', #10008, 1000.000000000000000 ) ;
#3649 = LINE ( 'NONE', #5321, #7598 ) ;
#3650 = CARTESIAN_POINT ( 'NONE',  ( -25.94672120392939263, -27.89884262040320806, 1002.748237441198853 ) ) ;
#3651 = DIRECTION ( 'NONE',  ( -1.000000000000000000, 0.000000000000000000, 0.000000000000000000 ) ) ;
#3652 = CARTESIAN_POINT ( 'NONE',  ( -25.83744370070334995, -28.73860356947480099, 1002.249774035631276 ) ) ;
#3653 = CARTESIAN_POINT ( 'NONE',  ( -26.31460705145826040, -28.03349976787639619, 1002.151258119143677 ) ) ;
#3654 = CARTESIAN_POINT ( 'NONE',  ( -25.11771300448398847, 43.02206366277465577, 990.4916601271910395 ) ) ;
#3655 = VECTOR ( 'NONE', #2423, 999.9999999999998863 ) ;
#3656 = AXIS2_PLACEMENT_3D ( 'NONE', #7202, #5480, #8780 ) ;
#3657 = ORIENTED_EDGE ( 'NONE', *, *, #4770, .T. ) ;
#3658 = ORIENTED_EDGE ( 'NONE', *, *, #1630, .F. ) ;
#3659 = EDGE_LOOP ( 'NONE', ( #2464, #2174, #9711, #5972, #5665, #2249 ) ) ;
#3660 = CARTESIAN_POINT ( 'NONE',  ( -16.81842501921070010, 8.377137213505689176E-15, 1013.641658718408507 ) ) ;
#3661 = ORIENTED_EDGE ( 'NONE', *, *, #5228, .T. ) ;
#3662 = EDGE_CURVE ( 'NONE', #7842, #4094, #5729, .T. ) ;
#3663 = CARTESIAN_POINT ( 'NONE',  ( -25.80282165661000349, 2.767698785255751748, 1003.491660127191039 ) ) ;
#3664 = CARTESIAN_POINT ( 'NONE',  ( -9.667713004484090433, 31.17414358537387642, 1016.641658718408394 ) ) ;
#3665 = CARTESIAN_POINT ( 'NONE',  ( -18.49880100168963892, -27.72594476530672480, 1001.995072234194822 ) ) ;
#3666 = VECTOR ( 'NONE', #2941, 1000.000000000000000 ) ;
#3667 = CYLINDRICAL_SURFACE ( 'NONE', #9184, 1.750000000000010658 ) ;
#3668 = CARTESIAN_POINT ( 'NONE',  ( -33.71771300448400410, 0.000000000000000000, 1003.491660127191039 ) ) ;
#3669 = CARTESIAN_POINT ( 'NONE',  ( 1.465430576396694606, -14.68130478709559661, 997.9916601271909258 ) ) ;
#3670 = CARTESIAN_POINT ( 'NONE',  ( -14.92693626590835265, 5.703993694923798152, 996.7971898367206904 ) ) ;
#3671 = EDGE_LOOP ( 'NONE', ( #46, #3645, #9120, #6269, #1699 ) ) ;
#3672 = LINE ( 'NONE', #2924, #8776 ) ;
#3673 = EDGE_LOOP ( 'NONE', ( #5472, #10448, #9365, #2937 ) ) ;
#3674 = EDGE_CURVE ( 'NONE', #2981, #4412, #1949, .T. ) ;
#3675 = EDGE_LOOP ( 'NONE', ( #1618, #8944, #675, #3102 ) ) ;
#3676 = LINE ( 'NONE', #2065, #9414 ) ;
#3677 = B_SPLINE_CURVE_WITH_KNOTS ( 'NONE', 3,
 ( #1864, #6772, #6721, #4074 ),
 .UNSPECIFIED., .F., .F.,
 ( 4, 4 ),
 ( 0.000000000000000000, 0.0008486677706085332543 ),
 .UNSPECIFIED. ) ;
#3678 = CARTESIAN_POINT ( 'NONE',  ( -25.46244619668694043, -27.61120402511645722, 1002.028450616517830 ) ) ;
#3679 = CARTESIAN_POINT ( 'NONE',  ( -18.37551793773731745, 18.37551793773724640, 995.9916601271909258 ) ) ;
#3680 = CARTESIAN_POINT ( 'NONE',  ( -34.26771300448390178, 30.41657034268903814, 1013.641658718408507 ) ) ;
#3681 = CARTESIAN_POINT ( 'NONE',  ( -25.11771300448399558, 28.91940829628346776, 993.1916601271910849 ) ) ;
#3682 = ORIENTED_EDGE ( 'NONE', *, *, #8437, .F. ) ;
#3683 = CARTESIAN_POINT ( 'NONE',  ( -18.47271387495076311, -27.29356593300765965, 1001.589870234124191 ) ) ;
#3684 = EDGE_LOOP ( 'NONE', ( #6083, #5249, #9921, #10291, #5109, #3251, #1805, #4874 ) ) ;
#3685 = ORIENTED_EDGE ( 'NONE', *, *, #3296, .T. ) ;
#3686 = CARTESIAN_POINT ( 'NONE',  ( -25.11771300448399558, 26.21154403036777225, 992.2151043586580954 ) ) ;
#3687 = FACE_OUTER_BOUND ( 'NONE', #2088, .T. ) ;
#3688 = DIRECTION ( 'NONE',  ( -1.033007944367719674E-15, -0.7071067811865024977, -0.7071067811865925368 ) ) ;
#3689 = CARTESIAN_POINT ( 'NONE',  ( -39.93771300448402428, -10.47773340385699647, 997.9916601271909258 ) ) ;
#3690 = ADVANCED_FACE ( 'NONE', ( #7163 ), #2779, .T. ) ;
#3691 = VERTEX_POINT ( 'NONE', #3754 ) ;
#3692 = EDGE_CURVE ( 'NONE', #5286, #2322, #7055, .T. ) ;
#3693 = DIRECTION ( 'NONE',  ( 0.000000000000000000, 0.000000000000000000, -1.000000000000000000 ) ) ;
#3694 = VERTEX_POINT ( 'NONE', #2953 ) ;
#3695 = DIRECTION ( 'NONE',  ( 0.000000000000000000, 0.000000000000000000, 1.000000000000000000 ) ) ;
#3696 = EDGE_CURVE ( 'NONE', #3813, #4899, #6234, .T. ) ;
#3697 = ORIENTED_EDGE ( 'NONE', *, *, #8966, .F. ) ;
#3698 = CARTESIAN_POINT ( 'NONE',  ( -19.41771300448435156, 28.24961551341105093, 990.3954559636378008 ) ) ;
#3699 = FILL_AREA_STYLE ('',( #2149 ) ) ;
#3700 = DIRECTION ( 'NONE',  ( 0.000000000000000000, 0.7071067811865487940, 0.7071067811865463515 ) ) ;
#3701 = CARTESIAN_POINT ( 'NONE',  ( -17.18153957801630938, -26.25791218717159836, 1000.991660127190926 ) ) ;
#3702 = FACE_OUTER_BOUND ( 'NONE', #7049, .T. ) ;
#3703 = DIRECTION ( 'NONE',  ( 0.7261534621377979670, 0.6875326533520350614, 0.000000000000000000 ) ) ;
#3704 = DIRECTION ( 'NONE',  ( -0.000000000000000000, -0.000000000000000000, -1.000000000000000000 ) ) ;
#3705 = ADVANCED_FACE ( 'NONE', ( #3066 ), #9598, .F. ) ;
#3706 = CARTESIAN_POINT ( 'NONE',  ( -18.78912363081892423, 27.46369724004575019, 983.4916601271911532 ) ) ;
#3707 = ORIENTED_EDGE ( 'NONE', *, *, #8998, .T. ) ;
#3708 = ORIENTED_EDGE ( 'NONE', *, *, #9285, .F. ) ;
#3709 = ORIENTED_EDGE ( 'NONE', *, *, #522, .F. ) ;
#3710 = CYLINDRICAL_SURFACE ( 'NONE', #3740, 0.7999999999999871658 ) ;
#3711 = AXIS2_PLACEMENT_3D ( 'NONE', #6108, #2020, #5307 ) ;
#3712 = ORIENTED_EDGE ( 'NONE', *, *, #1653, .F. ) ;
#3713 = CARTESIAN_POINT ( 'NONE',  ( -27.72424947096543235, 35.62769052135655556, 1014.306158709955753 ) ) ;
#3714 = DIRECTION ( 'NONE',  ( -0.000000000000000000, -0.000000000000000000, 1.000000000000000000 ) ) ;
#3715 = DIRECTION ( 'NONE',  ( 0.000000000000000000, 0.000000000000000000, -1.000000000000000000 ) ) ;
#3716 = CARTESIAN_POINT ( 'NONE',  ( -32.06771300448400552, 29.52206337602792630, 1004.592685127191089 ) ) ;
#3717 = ADVANCED_FACE ( 'NONE', ( #1027 ), #4328, .T. ) ;
#3718 = CARTESIAN_POINT ( 'NONE',  ( -15.75532017397497597, 20.08874516224480189, 1002.850335108547370 ) ) ;
#3719 = LINE ( 'NONE', #10048, #1759 ) ;
#3720 = AXIS2_PLACEMENT_3D ( 'NONE', #10522, #7991, #8038 ) ;
#3721 = SURFACE_SIDE_STYLE ('',( #431 ) ) ;
#3722 = ORIENTED_EDGE ( 'NONE', *, *, #9374, .T. ) ;
#3723 = CARTESIAN_POINT ( 'NONE',  ( -26.06294105686697904, -28.14760648809807719, 1002.932230895854104 ) ) ;
#3724 = ORIENTED_EDGE ( 'NONE', *, *, #8504, .F. ) ;
#3725 = CARTESIAN_POINT ( 'NONE',  ( -14.11771300448399380, 39.67206337602792132, 1003.491660127191039 ) ) ;
#3726 = EDGE_LOOP ( 'NONE', ( #5022, #1790, #1004, #2658, #5706 ) ) ;
#3727 = DIRECTION ( 'NONE',  ( 0.000000000000000000, 0.000000000000000000, 1.000000000000000000 ) ) ;
#3728 = CIRCLE ( 'NONE', #2185, 2.250000000000001776 ) ;
#3729 = CARTESIAN_POINT ( 'NONE',  ( -9.236955864958900975, -25.44013165305140234, 995.9916601271909258 ) ) ;
#3730 = PLANE ( 'NONE',  #1589 ) ;
#3731 = CARTESIAN_POINT ( 'NONE',  ( -21.08165264574449793, 27.22050958877561655, 988.9916601271910395 ) ) ;
#3732 = DIRECTION ( 'NONE',  ( 0.000000000000000000, 0.000000000000000000, -1.000000000000000000 ) ) ;
#3733 = VECTOR ( 'NONE', #9822, 1000.000000000000114 ) ;
#3734 = VERTEX_POINT ( 'NONE', #3521 ) ;
#3735 = LINE ( 'NONE', #7777, #8958 ) ;
#3736 = EDGE_LOOP ( 'NONE', ( #8714, #7791, #3737, #2815, #2920, #6690 ) ) ;
#3737 = ORIENTED_EDGE ( 'NONE', *, *, #930, .T. ) ;
#3738 = CARTESIAN_POINT ( 'NONE',  ( -22.54459900273288042, 27.87763974395351951, 990.0778207250941705 ) ) ;
#3739 = CARTESIAN_POINT ( 'NONE',  ( -32.06771300448400552, 29.52206337602792630, 999.1916601271910849 ) ) ;
#3740 = AXIS2_PLACEMENT_3D ( 'NONE', #10186, #2751, #422 ) ;
#3741 = CARTESIAN_POINT ( 'NONE',  ( -25.11771300448398847, 43.02206366277465577, 993.1916601271910849 ) ) ;
#3742 = DIRECTION ( 'NONE',  ( -0.000000000000000000, 1.000000000000000000, -0.000000000000000000 ) ) ;
#3743 = EDGE_CURVE ( 'NONE', #7146, #8601, #7751, .T. ) ;
#3744 = VERTEX_POINT ( 'NONE', #3468 ) ;
#3745 = DIRECTION ( 'NONE',  ( -0.9999501872747571518, -0.009981130656292294331, 0.000000000000000000 ) ) ;
#3746 = CIRCLE ( 'NONE', #9619, 0.5999999999999998668 ) ;
#3747 = ORIENTED_EDGE ( 'NONE', *, *, #6916, .T. ) ;
#3748 = CARTESIAN_POINT ( 'NONE',  ( -25.84377523822826817, -28.80270160814329827, 1002.291377327678219 ) ) ;
#3749 = EDGE_LOOP ( 'NONE', ( #6535, #3990 ) ) ;
#3750 = DIRECTION ( 'NONE',  ( -0.000000000000000000, 0.000000000000000000, 1.000000000000000000 ) ) ;
#3751 = DIRECTION ( 'NONE',  ( -0.8449011766408752733, -0.5349224258814210264, 0.000000000000000000 ) ) ;
#3752 = DIRECTION ( 'NONE',  ( 0.000000000000000000, 0.000000000000000000, 1.000000000000000000 ) ) ;
#3753 = CARTESIAN_POINT ( 'NONE',  ( -20.82366503711383032, -29.10637976282109918, 1001.358977568759656 ) ) ;
#3754 = CARTESIAN_POINT ( 'NONE',  ( -19.33428324876304671, 25.24948002259737478, 988.9916601271910395 ) ) ;
#3755 = CARTESIAN_POINT ( 'NONE',  ( -25.76280865895349947, -28.38781045005869785, 1001.826063196156611 ) ) ;
#3756 = DIRECTION ( 'NONE',  ( -1.000000000000000000, 0.000000000000000000, 0.000000000000000000 ) ) ;
#3757 = AXIS2_PLACEMENT_3D ( 'NONE', #3090, #3991, #6366 ) ;
#3758 = EDGE_CURVE ( 'NONE', #4390, #2708, #8825, .T. ) ;
#3759 = CARTESIAN_POINT ( 'NONE',  ( -26.06771300448400197, 15.35439068285623421, 1003.491660127191039 ) ) ;
#3760 = ORIENTED_EDGE ( 'NONE', *, *, #3662, .T. ) ;
#3761 = EDGE_CURVE ( 'NONE', #1421, #7358, #9142, .T. ) ;
#3762 = AXIS2_PLACEMENT_3D ( 'NONE', #6985, #3693, #5313 ) ;
#3763 = ORIENTED_EDGE ( 'NONE', *, *, #1270, .T. ) ;
#3764 = DIRECTION ( 'NONE',  ( -4.980928478104803228E-16, -1.000000000000000000, 0.000000000000000000 ) ) ;
#3765 = ORIENTED_EDGE ( 'NONE', *, *, #7300, .T. ) ;
#3766 = EDGE_CURVE ( 'NONE', #4412, #4093, #7500, .T. ) ;
#3767 = DIRECTION ( 'NONE',  ( 1.000000000000000000, -0.000000000000000000, 0.000000000000000000 ) ) ;
#3768 = DIRECTION ( 'NONE',  ( -1.000000000000000000, 0.000000000000000000, 0.000000000000000000 ) ) ;
#3769 = LINE ( 'NONE', #3927, #6029 ) ;
#3770 = CARTESIAN_POINT ( 'NONE',  ( -34.56771264605069405, 0.000000000000000000, 983.4916601271910395 ) ) ;
#3771 = CARTESIAN_POINT ( 'NONE',  ( -18.08662009535031245, 2.557757825279101116, 1000.991660127190926 ) ) ;
#3772 = DIRECTION ( 'NONE',  ( 0.000000000000000000, 0.000000000000000000, 1.000000000000000000 ) ) ;
#3773 = AXIS2_PLACEMENT_3D ( 'NONE', #5357, #2878, #2074 ) ;
#3774 = CARTESIAN_POINT ( 'NONE',  ( -26.06271300448399941, -27.60791218717147544, 1001.771082990596824 ) ) ;
#3775 = EDGE_LOOP ( 'NONE', ( #6922, #1146, #5374, #7005 ) ) ;
#3776 = CARTESIAN_POINT ( 'NONE',  ( -16.75480383639026272, 1.747137134615500242, 1002.369870609097120 ) ) ;
#3777 = VERTEX_POINT ( 'NONE', #4170 ) ;
#3778 = ORIENTED_EDGE ( 'NONE', *, *, #3989, .T. ) ;
#3779 = CARTESIAN_POINT ( 'NONE',  ( -25.20114276020492738, 25.24948002259736413, 988.9916601271910395 ) ) ;
#3780 = ADVANCED_FACE ( 'NONE', ( #8481 ), #1798, .F. ) ;
#3781 = ORIENTED_EDGE ( 'NONE', *, *, #4557, .F. ) ;
#3782 = DIRECTION ( 'NONE',  ( -1.000000000000000000, 0.000000000000000000, 0.000000000000000000 ) ) ;
#3783 = DIRECTION ( 'NONE',  ( 1.000000000000000000, 0.000000000000000000, 0.000000000000000000 ) ) ;
#3784 = APPLICATION_PROTOCOL_DEFINITION ( 'draft international standard', 'automotive_design', 1998, #8898 ) ;
#3785 = CARTESIAN_POINT ( 'NONE',  ( -25.11771300448399558, 27.11090649865566604, 992.7922280107685538 ) ) ;
#3786 = CARTESIAN_POINT ( 'NONE',  ( -18.63283457995194681, -27.84951197301304049, 1002.672284859730212 ) ) ;
#3787 = VECTOR ( 'NONE', #6469, 1000.000000000000000 ) ;
#3788 = ORIENTED_EDGE ( 'NONE', *, *, #6661, .F. ) ;
#3789 = CARTESIAN_POINT ( 'NONE',  ( -12.96491880138404618, 3.374158200055534795, 996.8645024366295502 ) ) ;
#3790 = EDGE_LOOP ( 'NONE', ( #5626, #9623, #3392, #5400 ) ) ;
#3791 = ORIENTED_EDGE ( 'NONE', *, *, #10630, .F. ) ;
#3792 = FACE_OUTER_BOUND ( 'NONE', #9333, .T. ) ;
#3793 = CARTESIAN_POINT ( 'NONE',  ( -28.71577430776599016, 26.01981126762374430, 987.4916601271910395 ) ) ;
#3794 = VECTOR ( 'NONE', #9826, 1000.000000000000000 ) ;
#3795 = CARTESIAN_POINT ( 'NONE',  ( -10.57790935882018424, 15.01525919649602692, 1009.743992105258030 ) ) ;
#3796 = PLANE ( 'NONE',  #3656 ) ;
#3797 = ORIENTED_EDGE ( 'NONE', *, *, #10306, .T. ) ;
#3798 = CARTESIAN_POINT ( 'NONE',  ( -14.76771300448400126, -29.25791218717159481, 997.9916601271909258 ) ) ;
#3799 = VERTEX_POINT ( 'NONE', #4223 ) ;
#3800 = CARTESIAN_POINT ( 'NONE',  ( -26.08767892857932935, -27.58103977606988622, 1001.817627371946628 ) ) ;
#3801 = ORIENTED_EDGE ( 'NONE', *, *, #5355, .T. ) ;
#3802 = DIRECTION ( 'NONE',  ( 0.000000000000000000, 0.000000000000000000, 1.000000000000000000 ) ) ;
#3803 = DIRECTION ( 'NONE',  ( 1.000000000000000000, 0.000000000000000000, 0.000000000000000000 ) ) ;
#3804 = EDGE_CURVE ( 'NONE', #1842, #5831, #5790, .T. ) ;
#3805 = FACE_OUTER_BOUND ( 'NONE', #9617, .T. ) ;
#3806 = CARTESIAN_POINT ( 'NONE',  ( -20.26762206049559012, -28.66842308960519503, 1000.997728599540437 ) ) ;
#3807 = FACE_BOUND ( 'NONE', #4012, .T. ) ;
#3808 = VECTOR ( 'NONE', #765, 1000.000000000000114 ) ;
#3809 = LINE ( 'NONE', #9002, #6771 ) ;
#3810 = VECTOR ( 'NONE', #9927, 1000.000000000000000 ) ;
#3811 = PLANE ( 'NONE',  #2451 ) ;
#3812 = CARTESIAN_POINT ( 'NONE',  ( -19.07689003925149507, 26.13346927959361921, 987.7515787888310115 ) ) ;
#3813 = VERTEX_POINT ( 'NONE', #9940 ) ;
#3814 = AXIS2_PLACEMENT_3D ( 'NONE', #9112, #4938, #9214 ) ;
#3815 = VERTEX_POINT ( 'NONE', #5030 ) ;
#3816 = CARTESIAN_POINT ( 'NONE',  ( -24.01771300448400126, 3.357757825279103159, 1000.991660127190926 ) ) ;
#3817 = EDGE_CURVE ( 'NONE', #10159, #2485, #6710, .T. ) ;
#3818 = ORIENTED_EDGE ( 'NONE', *, *, #6583, .T. ) ;
#3819 = B_SPLINE_CURVE_WITH_KNOTS ( 'NONE', 3,
 ( #3399, #5768, #8295, #9982, #3452 ),
 .UNSPECIFIED., .F., .F.,
 ( 4, 1, 4 ),
 ( 0.000000000000000000, 0.4285714285714290472, 1.000000000000000000 ),
 .UNSPECIFIED. ) ;
#3820 = DIRECTION ( 'NONE',  ( -0.000000000000000000, -0.000000000000000000, -1.000000000000000000 ) ) ;
#3821 = CARTESIAN_POINT ( 'NONE',  ( -30.11795385680411030, 30.41657034268903459, 1016.041658718408485 ) ) ;
#3822 = CARTESIAN_POINT ( 'NONE',  ( -19.26596244544285952, 43.68679047157893081, 992.7667585618822841 ) ) ;
#3823 = DIRECTION ( 'NONE',  ( 0.000000000000000000, 1.000000000000000000, 0.000000000000000000 ) ) ;
#3824 = DIRECTION ( 'NONE',  ( -0.9999999999999963363, -8.742277697854395377E-08, 0.000000000000000000 ) ) ;
#3825 = CARTESIAN_POINT ( 'NONE',  ( -25.75284664065905460, -28.90821407537130128, 1002.772071039409070 ) ) ;
#3826 = AXIS2_PLACEMENT_3D ( 'NONE', #8069, #9540, #681 ) ;
#3827 = VECTOR ( 'NONE', #4275, 1000.000000000000000 ) ;
#3828 = CARTESIAN_POINT ( 'NONE',  ( -29.70519944756125952, 4.730373387388400630, 997.9916601271909258 ) ) ;
#3829 = EDGE_CURVE ( 'NONE', #8290, #10601, #3310, .T. ) ;
#3830 = ORIENTED_EDGE ( 'NONE', *, *, #2988, .T. ) ;
#3831 = CARTESIAN_POINT ( 'NONE',  ( -12.26771300448400126, 8.655756606077503079, 995.9916601271909258 ) ) ;
#3832 = EDGE_CURVE ( 'NONE', #6987, #1917, #8103, .T. ) ;
#3833 = ORIENTED_EDGE ( 'NONE', *, *, #2190, .F. ) ;
#3834 = VERTEX_POINT ( 'NONE', #9892 ) ;
#3835 = CARTESIAN_POINT ( 'NONE',  ( -18.42354498539271290, 3.287333648496001626, 1003.447492108099595 ) ) ;
#3836 = ADVANCED_FACE ( 'NONE', ( #2503 ), #121, .F. ) ;
#3837 = AXIS2_PLACEMENT_3D ( 'NONE', #6345, #634, #8954 ) ;
#3838 = VERTEX_POINT ( 'NONE', #1691 ) ;
#3839 = CARTESIAN_POINT ( 'NONE',  ( -25.21787461532874630, 27.60339869864173679, 983.4916601271910395 ) ) ;
#3840 = DIRECTION ( 'NONE',  ( 0.000000000000000000, -1.000000000000000000, 0.000000000000000000 ) ) ;
#3841 = DIRECTION ( 'NONE',  ( 0.7071067811866339481, 8.659560562355990425E-17, -0.7071067811864611974 ) ) ;
#3842 = DIRECTION ( 'NONE',  ( 0.6785983445458424468, -0.2810846377148422670, 0.6785983445458424468 ) ) ;
#3843 = EDGE_CURVE ( 'NONE', #9725, #2877, #9198, .T. ) ;
#3844 = AXIS2_PLACEMENT_3D ( 'NONE', #2835, #8667, #6167 ) ;
#3845 = DIRECTION ( 'NONE',  ( -1.000000000000000000, 0.000000000000000000, 0.000000000000000000 ) ) ;
#3846 = ORIENTED_EDGE ( 'NONE', *, *, #4373, .F. ) ;
#3847 = EDGE_LOOP ( 'NONE', ( #5900, #7602, #3004, #9467 ) ) ;
#3848 = ORIENTED_EDGE ( 'NONE', *, *, #9556, .T. ) ;
#3849 = CARTESIAN_POINT ( 'NONE',  ( -14.11771300448399380, 29.47981022745160828, 983.6916601271909713 ) ) ;
#3850 = CARTESIAN_POINT ( 'NONE',  ( -15.92328333483325054, -24.25791218717159836, 1000.991660127190926 ) ) ;
#3851 = CARTESIAN_POINT ( 'NONE',  ( -15.81965170120199993, 43.92206330434124339, 987.4916601271910395 ) ) ;
#3852 = CARTESIAN_POINT ( 'NONE',  ( -26.06771287334983001, 43.02206294590790492, 995.9916601271909258 ) ) ;
#3853 = EDGE_LOOP ( 'NONE', ( #2805, #6687, #6684, #7592, #3873, #10655, #2711, #394, #10669 ) ) ;
#3854 = DIRECTION ( 'NONE',  ( 1.332267629550194948E-15, 0.8660254037844384856, -0.5000000000000003331 ) ) ;
#3855 = EDGE_LOOP ( 'NONE', ( #9136, #226, #9895, #10029 ) ) ;
#3856 = CARTESIAN_POINT ( 'NONE',  ( -23.73566608210262174, -29.19861726305130034, 1001.708047301517809 ) ) ;
#3857 = ORIENTED_EDGE ( 'NONE', *, *, #8623, .T. ) ;
#3858 = CARTESIAN_POINT ( 'NONE',  ( -20.79975992686539144, -29.19861726305130034, 1001.708047301517809 ) ) ;
#3859 = FACE_OUTER_BOUND ( 'NONE', #7734, .T. ) ;
#3860 =( BOUNDED_CURVE ( )  B_SPLINE_CURVE ( 3, ( #7075, #4480, #1244, #9292 ),
 .UNSPECIFIED., .F., .T. ) 
 B_SPLINE_CURVE_WITH_KNOTS ( ( 4, 4 ),
 ( 5.140611579707593748, 5.250004541202343056 ),
 .UNSPECIFIED. ) 
 CURVE ( )  GEOMETRIC_REPRESENTATION_ITEM ( )  RATIONAL_B_SPLINE_CURVE ( ( 1.000000000000000000, 0.9990030135925711541, 0.9990030135925711541, 1.000000000000000000 ) ) 
 REPRESENTATION_ITEM ( '' )  );
#3861 = CARTESIAN_POINT ( 'NONE',  ( -18.89946985199408047, 2.631056759982972171, 1003.491660127191039 ) ) ;
#3862 = FACE_OUTER_BOUND ( 'NONE', #5709, .T. ) ;
#3863 = CARTESIAN_POINT ( 'NONE',  ( -33.69820614637730927, 33.56340317851060462, 983.4916601271910395 ) ) ;
#3864 = FACE_OUTER_BOUND ( 'NONE', #1977, .T. ) ;
#3865 = LINE ( 'NONE', #8794, #364 ) ;
#3866 = CARTESIAN_POINT ( 'NONE',  ( -17.26771300448400126, 8.655756606077503079, 1000.062727939056344 ) ) ;
#3867 = CIRCLE ( 'NONE', #10062, 5.000000000000001776 ) ;
#3868 = ADVANCED_FACE ( 'NONE', ( #976 ), #8259, .T. ) ;
#3869 = ADVANCED_FACE ( 'NONE', ( #7451 ), #3359, .F. ) ;
#3870 = CARTESIAN_POINT ( 'NONE',  ( -19.07297981228107275, -27.28746928461670151, 1001.586075194547107 ) ) ;
#3871 = ORIENTED_EDGE ( 'NONE', *, *, #1810, .T. ) ;
#3872 = FACE_OUTER_BOUND ( 'NONE', #1185, .T. ) ;
#3873 = ORIENTED_EDGE ( 'NONE', *, *, #5739, .T. ) ;
#3874 = CARTESIAN_POINT ( 'NONE',  ( -25.70272831710805050, 44.21472510145191137, 991.5536172518469584 ) ) ;
#3875 = LINE ( 'NONE', #4742, #1834 ) ;
#3876 = CARTESIAN_POINT ( 'NONE',  ( -21.98338292945279449, 43.41098751466203254, 990.4436851003941911 ) ) ;
#3877 = CARTESIAN_POINT ( 'NONE',  ( -20.26771282526732421, 26.25339869864175313, 985.8032377962109649 ) ) ;
#3878 = CARTESIAN_POINT ( 'NONE',  ( -22.26771300448400126, -11.05791218717159907, 1000.991660127190926 ) ) ;
#3879 = DIRECTION ( 'NONE',  ( 0.000000000000000000, 0.000000000000000000, 1.000000000000000000 ) ) ;
#3880 = EDGE_CURVE ( 'NONE', #10183, #8920, #4893, .T. ) ;
#3881 = CARTESIAN_POINT ( 'NONE',  ( -18.60098152397318216, 2.875481459816161323, 1003.491660127191153 ) ) ;
#3882 = ORIENTED_EDGE ( 'NONE', *, *, #3237, .T. ) ;
#3883 = CONICAL_SURFACE ( 'NONE', #9580, 1.650000000000000355, 0.7853981633975659626 ) ;
#3884 = ORIENTED_EDGE ( 'NONE', *, *, #3024, .F. ) ;
#3885 = DIRECTION ( 'NONE',  ( 0.000000000000000000, 0.000000000000000000, 1.000000000000000000 ) ) ;
#3886 = EDGE_LOOP ( 'NONE', ( #6841, #4374, #9404, #4947, #5988, #9203 ) ) ;
#3887 = FACE_OUTER_BOUND ( 'NONE', #9361, .T. ) ;
#3888 = ORIENTED_EDGE ( 'NONE', *, *, #2369, .T. ) ;
#3889 = FACE_OUTER_BOUND ( 'NONE', #4806, .T. ) ;
#3890 = DIRECTION ( 'NONE',  ( 0.000000000000000000, -1.000000000000000000, 0.000000000000000000 ) ) ;
#3891 = EDGE_CURVE ( 'NONE', #5460, #3028, #3575, .T. ) ;
#3892 = CARTESIAN_POINT ( 'NONE',  ( -28.11795447798599312, 44.52206366277465577, 1008.582053735633622 ) ) ;
#3893 = EDGE_CURVE ( 'NONE', #1917, #5734, #2769, .T. ) ;
#3894 = ADVANCED_FACE ( 'NONE', ( #5353 ), #9409, .T. ) ;
#3895 = FACE_BOUND ( 'NONE', #4633, .T. ) ;
#3896 = VERTEX_POINT ( 'NONE', #7885 ) ;
#3897 = ORIENTED_EDGE ( 'NONE', *, *, #6974, .F. ) ;
#3898 = AXIS2_PLACEMENT_3D ( 'NONE', #2809, #7700, #318 ) ;
#3899 = ORIENTED_EDGE ( 'NONE', *, *, #2099, .F. ) ;
#3900 = FACE_OUTER_BOUND ( 'NONE', #5766, .T. ) ;
#3901 = DIRECTION ( 'NONE',  ( -1.000000000000000000, 0.000000000000000000, 0.000000000000000000 ) ) ;
#3902 = EDGE_CURVE ( 'NONE', #7428, #2573, #6047, .T. ) ;
#3903 = CARTESIAN_POINT ( 'NONE',  ( -16.67366710514173178, 31.54050344243852777, 983.7916601271909940 ) ) ;
#3904 = CARTESIAN_POINT ( 'NONE',  ( 2.073195433533996823, -6.984639884534449727, 995.9916601271909258 ) ) ;
#3905 = VECTOR ( 'NONE', #5077, 1000.000000000000114 ) ;
#3906 = VERTEX_POINT ( 'NONE', #500 ) ;
#3907 = CARTESIAN_POINT ( 'NONE',  ( -29.47907568252335153, 31.35280136415453356, 1013.641658718408507 ) ) ;
#3908 = ORIENTED_EDGE ( 'NONE', *, *, #7042, .F. ) ;
#3909 = EDGE_CURVE ( 'NONE', #8570, #4541, #2987, .T. ) ;
#3910 = VERTEX_POINT ( 'NONE', #5298 ) ;
#3911 = AXIS2_PLACEMENT_3D ( 'NONE', #7368, #87, #4293 ) ;
#3912 = FACE_OUTER_BOUND ( 'NONE', #7255, .T. ) ;
#3913 = EDGE_CURVE ( 'NONE', #8744, #4040, #1300, .T. ) ;
#3914 = CARTESIAN_POINT ( 'NONE',  ( -12.26771300448400126, 8.655756606077503079, 996.5916601271910622 ) ) ;
#3915 = LINE ( 'NONE', #8789, #2961 ) ;
#3916 = CARTESIAN_POINT ( 'NONE',  ( -18.86659805902533549, -27.15791218717140154, 1001.511275369461487 ) ) ;
#3917 = DIRECTION ( 'NONE',  ( -0.000000000000000000, -0.000000000000000000, -1.000000000000000000 ) ) ;
#3918 = CARTESIAN_POINT ( 'NONE',  ( -10.26771300448410429, 43.92206366277464724, 1016.641658718408394 ) ) ;
#3919 = AXIS2_PLACEMENT_3D ( 'NONE', #5591, #3750, #5643 ) ;
#3920 = CARTESIAN_POINT ( 'NONE',  ( -25.76361402370363152, -28.38657655506630206, 1001.826262004354589 ) ) ;
#3921 = ORIENTED_EDGE ( 'NONE', *, *, #6197, .F. ) ;
#3922 = CARTESIAN_POINT ( 'NONE',  ( -23.21771300448400055, 6.316134549268400455, 995.9916601271909258 ) ) ;
#3923 = VECTOR ( 'NONE', #4424, 1000.000000000000000 ) ;
#3924 = CARTESIAN_POINT ( 'NONE',  ( -25.09107952628176363, 42.86690203579804859, 990.5182936054233096 ) ) ;
#3925 = VECTOR ( 'NONE', #3591, 1000.000000000000114 ) ;
#3926 = CARTESIAN_POINT ( 'NONE',  ( -19.26810125133323837, 26.61496720008382866, 983.8400254321674083 ) ) ;
#3927 = CARTESIAN_POINT ( 'NONE',  ( -33.11771300448398136, 29.52206337602792630, 997.9916601271910395 ) ) ;
#3928 = CARTESIAN_POINT ( 'NONE',  ( 2.665383722555230150, -13.47502353220719407, 997.9916601271909258 ) ) ;
#3929 = DIRECTION ( 'NONE',  ( -1.000000000000000000, 0.000000000000000000, 0.000000000000000000 ) ) ;
#3930 = LINE ( 'NONE', #6359, #1101 ) ;
#3931 = CARTESIAN_POINT ( 'NONE',  ( -28.71577430776599016, 26.01981126762374430, 987.4916601271910395 ) ) ;
#3932 = B_SPLINE_CURVE_WITH_KNOTS ( 'NONE', 3,
 ( #3957, #3907, #4011, #9044, #4065, #10488, #1443 ),
 .UNSPECIFIED., .F., .F.,
 ( 4, 1, 1, 1, 4 ),
 ( 0.09970692449113444100, 0.2578969697495968605, 0.5135189553729428980, 0.7691409409962890464, 1.024762926619634973 ),
 .UNSPECIFIED. ) ;
#3933 = ORIENTED_EDGE ( 'NONE', *, *, #9244, .T. ) ;
#3934 = ORIENTED_EDGE ( 'NONE', *, *, #6336, .F. ) ;
#3935 = FACE_OUTER_BOUND ( 'NONE', #8387, .T. ) ;
#3936 = ORIENTED_EDGE ( 'NONE', *, *, #6613, .F. ) ;
#3937 = ORIENTED_EDGE ( 'NONE', *, *, #930, .F. ) ;
#3938 = CARTESIAN_POINT ( 'NONE',  ( -30.60532603095903426, 3.904612494178961501, 997.1648437735988182 ) ) ;
#3939 = EDGE_LOOP ( 'NONE', ( #311, #4119 ) ) ;
#3940 = FACE_OUTER_BOUND ( 'NONE', #6493, .T. ) ;
#3941 = ADVANCED_FACE ( 'NONE', ( #2180 ), #9357, .F. ) ;
#3942 = LINE ( 'NONE', #10523, #7569 ) ;
#3943 = CARTESIAN_POINT ( 'NONE',  ( -20.26771282526732065, 44.22206330434126897, 988.0916604856245158 ) ) ;
#3944 = VECTOR ( 'NONE', #4775, 1000.000000000000000 ) ;
#3945 = DIRECTION ( 'NONE',  ( -0.000000000000000000, 0.000000000000000000, 1.000000000000000000 ) ) ;
#3946 = CARTESIAN_POINT ( 'NONE',  ( -23.07203850263217504, 27.41279504004807421, 989.4789327751389010 ) ) ;
#3947 = ORIENTED_EDGE ( 'NONE', *, *, #8877, .T. ) ;
#3948 = ORIENTED_EDGE ( 'NONE', *, *, #9906, .T. ) ;
#3949 = LINE ( 'NONE', #6595, #2684 ) ;
#3950 = EDGE_CURVE ( 'NONE', #8340, #6701, #3049, .T. ) ;
#3951 = CARTESIAN_POINT ( 'NONE',  ( -19.41771300448399629, 26.01981126762380825, 995.9916601271909258 ) ) ;
#3952 = EDGE_CURVE ( 'NONE', #1249, #4529, #9570, .T. ) ;
#3953 = CARTESIAN_POINT ( 'NONE',  ( -30.41771300448400694, 29.52206337602792630, 983.6916601271909713 ) ) ;
#3954 = CARTESIAN_POINT ( 'NONE',  ( -25.21787461532874630, 26.05339869864173608, 987.2916601271911077 ) ) ;
#3955 = EDGE_CURVE ( 'NONE', #9057, #7956, #7828, .T. ) ;
#3956 = VERTEX_POINT ( 'NONE', #7718 ) ;
#3957 = CARTESIAN_POINT ( 'NONE',  ( -29.69887214783006968, 31.02078334947720606, 1013.641658718408507 ) ) ;
#3958 = VERTEX_POINT ( 'NONE', #10254 ) ;
#3959 = EDGE_CURVE ( 'NONE', #6828, #1159, #10290, .T. ) ;
#3960 = VECTOR ( 'NONE', #10135, 1000.000000000000000 ) ;
#3961 = ORIENTED_EDGE ( 'NONE', *, *, #9271, .F. ) ;
#3962 = CARTESIAN_POINT ( 'NONE',  ( -20.85635597063970081, -28.85200864097689433, 1001.103721767044249 ) ) ;
#3963 = FACE_OUTER_BOUND ( 'NONE', #5712, .T. ) ;
#3964 = CARTESIAN_POINT ( 'NONE',  ( 2.073195433533996823, -6.984639884534449727, 997.9916601271909258 ) ) ;
#3965 = EDGE_CURVE ( 'NONE', #3834, #4200, #2292, .T. ) ;
#3966 = CARTESIAN_POINT ( 'NONE',  ( -19.11506697987564252, -28.98343590207230136, 1002.628365919222801 ) ) ;
#3967 = DIRECTION ( 'NONE',  ( 1.332267629550194948E-15, 0.8660254037844384856, -0.5000000000000003331 ) ) ;
#3968 = CARTESIAN_POINT ( 'NONE',  ( -26.48020764334938093, 3.315412665236600276, 1000.991660127190926 ) ) ;
#3969 = AXIS2_PLACEMENT_3D ( 'NONE', #5013, #2544, #1677 ) ;
#3970 = EDGE_CURVE ( 'NONE', #2905, #2047, #4656, .T. ) ;
#3971 = CARTESIAN_POINT ( 'NONE',  ( -9.667713004483877270, 0.4755984881293047195, 995.9916601271909258 ) ) ;
#3972 = ORIENTED_EDGE ( 'NONE', *, *, #5144, .T. ) ;
#3973 = CARTESIAN_POINT ( 'NONE',  ( -30.12913302159264006, 4.136190735689398323, 997.1916601271909713 ) ) ;
#3974 = AXIS2_PLACEMENT_3D ( 'NONE', #4059, #6437, #571 ) ;
#3975 = VECTOR ( 'NONE', #306, 1000.000000000000000 ) ;
#3976 = CARTESIAN_POINT ( 'NONE',  ( -23.84224065082084110, 44.15214388002335255, 989.9829002535019526 ) ) ;
#3977 = CYLINDRICAL_SURFACE ( 'NONE', #4242, 1.650000000000000355 ) ;
#3978 = CARTESIAN_POINT ( 'NONE',  ( -19.56041898270728296, 43.58220346864155914, 990.6343661053765572 ) ) ;
#3979 = CARTESIAN_POINT ( 'NONE',  ( -26.11188102357528962, 3.287333648496001626, 1003.447492108099823 ) ) ;
#3980 = CARTESIAN_POINT ( 'NONE',  ( -18.47189026454266525, -28.04391990927754108, 1002.631637538649670 ) ) ;
#3981 = CARTESIAN_POINT ( 'NONE',  ( -29.40912868209704101, 19.82819536793170556, 1002.221312261443359 ) ) ;
#3982 = CARTESIAN_POINT ( 'NONE',  ( -9.236955864958900975, -25.44013165305140234, 997.9916601271909258 ) ) ;
#3983 = AXIS2_PLACEMENT_3D ( 'NONE', #4571, #7852, #2739 ) ;
#3984 = LINE ( 'NONE', #5510, #305 ) ;
#3985 = AXIS2_PLACEMENT_3D ( 'NONE', #1042, #4397, #241 ) ;
#3986 = ORIENTED_EDGE ( 'NONE', *, *, #6932, .T. ) ;
#3987 = LINE ( 'NONE', #3190, #3787 ) ;
#3988 = ORIENTED_EDGE ( 'NONE', *, *, #8233, .T. ) ;
#3989 = EDGE_CURVE ( 'NONE', #8183, #6682, #6034, .T. ) ;
#3990 = ORIENTED_EDGE ( 'NONE', *, *, #6239, .F. ) ;
#3991 = DIRECTION ( 'NONE',  ( 0.7089639357739416781, -0.7052447360823916878, 0.000000000000000000 ) ) ;
#3992 = ORIENTED_EDGE ( 'NONE', *, *, #1107, .T. ) ;
#3993 = LINE ( 'NONE', #7289, #4587 ) ;
#3994 = LINE ( 'NONE', #6475, #9476 ) ;
#3995 = AXIS2_PLACEMENT_3D ( 'NONE', #707, #757, #10524 ) ;
#3996 = AXIS2_PLACEMENT_3D ( 'NONE', #1518, #3235, #5702 ) ;
#3997 = CARTESIAN_POINT ( 'NONE',  ( -34.26771264605072531, 44.52206366277465577, 987.4916601271910395 ) ) ;
#3998 = DIRECTION ( 'NONE',  ( 8.742277735063196173E-08, -0.9999999999999961142, 0.000000000000000000 ) ) ;
#3999 = ADVANCED_FACE ( 'NONE', ( #8095 ), #7238, .T. ) ;
#4000 = ADVANCED_FACE ( 'NONE', ( #3247 ), #1577, .T. ) ;
#4001 = AXIS2_PLACEMENT_3D ( 'NONE', #6191, #8750, #3823 ) ;
#4002 = AXIS2_PLACEMENT_3D ( 'NONE', #4114, #4917, #4970 ) ;
#4003 = ORIENTED_EDGE ( 'NONE', *, *, #140, .T. ) ;
#4004 = ORIENTED_EDGE ( 'NONE', *, *, #7637, .T. ) ;
#4005 = DIRECTION ( 'NONE',  ( 3.731144428023029386E-16, -1.000000000000000000, 0.000000000000000000 ) ) ;
#4006 = DIRECTION ( 'NONE',  ( -5.218048215738242840E-15, -0.8660254037844432595, 0.4999999999999921729 ) ) ;
#4007 = AXIS2_PLACEMENT_3D ( 'NONE', #4723, #2356, #10427 ) ;
#4008 = PLANE ( 'NONE',  #8890 ) ;
#4009 = CARTESIAN_POINT ( 'NONE',  ( -19.39940037881370216, 25.50171530987971735, 988.1085679469565548 ) ) ;
#4010 = ORIENTED_EDGE ( 'NONE', *, *, #3804, .T. ) ;
#4011 = CARTESIAN_POINT ( 'NONE',  ( -28.93657458840305807, 32.24276633791038194, 1013.641658718408507 ) ) ;
#4012 = EDGE_LOOP ( 'NONE', ( #5398, #1487 ) ) ;
#4013 = ORIENTED_EDGE ( 'NONE', *, *, #5983, .F. ) ;
#4014 = CARTESIAN_POINT ( 'NONE',  ( -18.47286996672921333, -28.47679592672129445, 1002.693446650551891 ) ) ;
#4015 = FACE_OUTER_BOUND ( 'NONE', #5883, .T. ) ;
#4016 = DIRECTION ( 'NONE',  ( 0.5773502691896236216, 0.5773502691896135186, 0.5773502691896401640 ) ) ;
#4017 = CARTESIAN_POINT ( 'NONE',  ( -14.33162674035339457, 30.57414358537394250, 1013.641658718408507 ) ) ;
#4018 = ADVANCED_FACE ( 'NONE', ( #6477 ), #4860, .F. ) ;
#4019 = DIRECTION ( 'NONE',  ( 0.000000000000000000, 1.000000000000000000, 0.000000000000000000 ) ) ;
#4020 = ADVANCED_FACE ( 'NONE', ( #8882, #8147 ), #9735, .F. ) ;
#4021 = ADVANCED_FACE ( 'NONE', ( #8979 ), #7937, .T. ) ;
#4022 = EDGE_CURVE ( 'NONE', #6958, #4649, #3097, .T. ) ;
#4023 = DIRECTION ( 'NONE',  ( 0.000000000000000000, -1.000000000000000000, 0.000000000000000000 ) ) ;
#4024 = ORIENTED_EDGE ( 'NONE', *, *, #5773, .F. ) ;
#4025 = DIRECTION ( 'NONE',  ( -0.7261534621377974119, 0.6875326533520357275, 0.000000000000000000 ) ) ;
#4026 = CARTESIAN_POINT ( 'NONE',  ( -26.61771300448399913, 44.52206366277465577, 988.9916601271910395 ) ) ;
#4027 = EDGE_CURVE ( 'NONE', #1907, #7863, #6957, .T. ) ;
#4028 = FACE_OUTER_BOUND ( 'NONE', #2749, .T. ) ;
#4029 = CARTESIAN_POINT ( 'NONE',  ( -25.46244619668694043, -27.65791218717139799, 1002.377300773245906 ) ) ;
#4030 = CARTESIAN_POINT ( 'NONE',  ( -26.08917128104975092, 3.207163272051192227, 1003.470201850625244 ) ) ;
#4031 = CYLINDRICAL_SURFACE ( 'NONE', #8456, 1.500000000000000222 ) ;
#4032 = AXIS2_PLACEMENT_3D ( 'NONE', #3311, #9996, #8317 ) ;
#4033 = CARTESIAN_POINT ( 'NONE',  ( -22.41771300448398918, 43.02206366277465577, 990.4916601271910395 ) ) ;
#4034 = CARTESIAN_POINT ( 'NONE',  ( -22.26771300448399771, 23.82355419201191538, 990.4916601271910395 ) ) ;
#4035 = DIRECTION ( 'NONE',  ( -5.218048215738242840E-15, -0.8660254037844432595, 0.4999999999999921729 ) ) ;
#4036 = ORIENTED_EDGE ( 'NONE', *, *, #5504, .F. ) ;
#4037 = ORIENTED_EDGE ( 'NONE', *, *, #6794, .T. ) ;
#4038 = CARTESIAN_POINT ( 'NONE',  ( -25.06244619668693829, -26.07218576757430029, 1001.313347722241360 ) ) ;
#4039 = ORIENTED_EDGE ( 'NONE', *, *, #1799, .F. ) ;
#4040 = VERTEX_POINT ( 'NONE', #9682 ) ;
#4041 = CARTESIAN_POINT ( 'NONE',  ( -31.93803594056393536, 3.158845353294189362, 996.6989268148954579 ) ) ;
#4042 = VECTOR ( 'NONE', #7850, 1000.000000000000000 ) ;
#4043 = EDGE_CURVE ( 'NONE', #5502, #3838, #9840, .T. ) ;
#4044 = ORIENTED_EDGE ( 'NONE', *, *, #4128, .F. ) ;
#4045 = EDGE_CURVE ( 'NONE', #9685, #8686, #708, .T. ) ;
#4046 = CARTESIAN_POINT ( 'NONE',  ( -17.26766927332098689, 6.026833342252107428, 1001.677112283303018 ) ) ;
#4047 = CARTESIAN_POINT ( 'NONE',  ( -26.06771300448400197, 3.167884070370703409, 1003.491660127191039 ) ) ;
#4048 = CARTESIAN_POINT ( 'NONE',  ( -24.01771300448400126, 6.316134549268400455, 995.9916601271909258 ) ) ;
#4049 = CARTESIAN_POINT ( 'NONE',  ( -21.99082700623537079, 27.87763974395445388, 990.0778207250950800 ) ) ;
#4050 = VECTOR ( 'NONE', #7245, 1000.000000000000000 ) ;
#4051 = LINE ( 'NONE', #2653, #4262 ) ;
#4052 = ORIENTED_EDGE ( 'NONE', *, *, #2575, .F. ) ;
#4053 = CARTESIAN_POINT ( 'NONE',  ( -22.57188123218610798, 27.77950241458015768, 989.9863360994793311 ) ) ;
#4054 = EDGE_LOOP ( 'NONE', ( #2831, #5428, #10634, #8357 ) ) ;
#4055 = CARTESIAN_POINT ( 'NONE',  ( -23.67907003832831236, -28.85200864097689433, 1001.103721767044249 ) ) ;
#4056 = ORIENTED_EDGE ( 'NONE', *, *, #2194, .T. ) ;
#4057 = DIRECTION ( 'NONE',  ( -1.000000000000000000, 0.000000000000000000, 0.000000000000000000 ) ) ;
#4058 = AXIS2_PLACEMENT_3D ( 'NONE', #5767, #9075, #213 ) ;
#4059 = CARTESIAN_POINT ( 'NONE',  ( -32.06771300448400552, 36.37206337602792416, 1016.641658718408394 ) ) ;
#4060 = DIRECTION ( 'NONE',  ( -1.000000000000000000, 0.000000000000000000, 0.000000000000000000 ) ) ;
#4061 = CARTESIAN_POINT ( 'NONE',  ( -25.76231279278841058, -28.38647986532109968, 1001.824733954718113 ) ) ;
#4062 = CARTESIAN_POINT ( 'NONE',  ( -29.81771300448400552, 38.02206337602792274, 995.9916601271909258 ) ) ;
#4063 = AXIS2_PLACEMENT_3D ( 'NONE', #1955, #8535, #6261 ) ;
#4064 = EDGE_LOOP ( 'NONE', ( #530, #3658, #3661, #10304 ) ) ;
#4065 = CARTESIAN_POINT ( 'NONE',  ( -27.72424947096543235, 35.62769052135655556, 1013.641658718408507 ) ) ;
#4066 = B_SPLINE_CURVE_WITH_KNOTS ( 'NONE', 3,
 ( #7190, #8041, #5671, #7994 ),
 .UNSPECIFIED., .F., .F.,
 ( 4, 4 ),
 ( 0.000000000000000000, 1.000000000000000000 ),
 .UNSPECIFIED. ) ;
#4067 = ORIENTED_EDGE ( 'NONE', *, *, #9232, .F. ) ;
#4068 = VERTEX_POINT ( 'NONE', #6527 ) ;
#4069 = DIRECTION ( 'NONE',  ( -0.000000000000000000, -0.000000000000000000, 1.000000000000000000 ) ) ;
#4070 = ORIENTED_EDGE ( 'NONE', *, *, #2977, .F. ) ;
#4071 = CARTESIAN_POINT ( 'NONE',  ( -7.267713004483998596, 13.64413097241205186, 956.7212035758847151 ) ) ;
#4072 = CIRCLE ( 'NONE', #4766, 15.37999999999999901 ) ;
#4073 = EDGE_CURVE ( 'NONE', #10642, #2908, #1909, .T. ) ;
#4074 = CARTESIAN_POINT ( 'NONE',  ( -16.81842501921067878, 43.92206366277465435, 1008.566659422781527 ) ) ;
#4075 = CARTESIAN_POINT ( 'NONE',  ( -20.87271300448400169, -28.05789265480460060, 999.1916796595579626 ) ) ;
#4076 = B_SPLINE_CURVE_WITH_KNOTS ( 'NONE', 3,
 ( #9514, #2179, #6919, #1310 ),
 .UNSPECIFIED., .F., .F.,
 ( 4, 4 ),
 ( 0.000000000000000000, 1.000000000000000000 ),
 .UNSPECIFIED. ) ;
#4077 = VECTOR ( 'NONE', #1116, 999.9999999999998863 ) ;
#4078 = AXIS2_PLACEMENT_3D ( 'NONE', #9753, #8070, #9651 ) ;
#4079 = DIRECTION ( 'NONE',  ( 0.000000000000000000, 1.000000000000000000, 0.000000000000000000 ) ) ;
#4080 = EDGE_LOOP ( 'NONE', ( #2431, #4646, #1826, #569 ) ) ;
#4081 = CARTESIAN_POINT ( 'NONE',  ( -25.31566699537452436, 26.84182138805840978, 983.6916601271893796 ) ) ;
#4082 = CARTESIAN_POINT ( 'NONE',  ( -25.31779954389029541, 26.08796221365810197, 987.8915739462181591 ) ) ;
#4083 = DIRECTION ( 'NONE',  ( 0.000000000000000000, 0.000000000000000000, 1.000000000000000000 ) ) ;
#4084 = DIRECTION ( 'NONE',  ( -1.061580404918354109E-23, 1.214306433183760036E-16, 1.000000000000000000 ) ) ;
#4085 = EDGE_CURVE ( 'NONE', #4347, #2672, #9545, .T. ) ;
#4086 = DIRECTION ( 'NONE',  ( -0.4789063880313245147, 0.8778659758202219665, 0.000000000000000000 ) ) ;
#4087 = DIRECTION ( 'NONE',  ( 0.000000000000000000, 0.000000000000000000, 1.000000000000000000 ) ) ;
#4088 = EDGE_CURVE ( 'NONE', #8879, #10323, #3199, .T. ) ;
#4089 = LINE ( 'NONE', #7326, #2668 ) ;
#4090 = EDGE_CURVE ( 'NONE', #5469, #4093, #2302, .T. ) ;
#4091 = LINE ( 'NONE', #8235, #7205 ) ;
#4092 = ORIENTED_EDGE ( 'NONE', *, *, #9066, .T. ) ;
#4093 = VERTEX_POINT ( 'NONE', #9626 ) ;
#4094 = VERTEX_POINT ( 'NONE', #4105 ) ;
#4095 = VERTEX_POINT ( 'NONE', #7544 ) ;
#4096 = CONICAL_SURFACE ( 'NONE', #6334, 1.049999999999974509, 0.7853981633974671528 ) ;
#4097 = EDGE_LOOP ( 'NONE', ( #2019, #9818, #3074, #4198 ) ) ;
#4098 = EDGE_CURVE ( 'NONE', #10227, #1010, #8299, .T. ) ;
#4099 = CYLINDRICAL_SURFACE ( 'NONE', #7520, 5.000000000000001776 ) ;
#4100 = AXIS2_PLACEMENT_3D ( 'NONE', #7217, #2370, #4577 ) ;
#4101 = ORIENTED_EDGE ( 'NONE', *, *, #211, .T. ) ;
#4102 = PLANE ( 'NONE',  #5442 ) ;
#4103 = CARTESIAN_POINT ( 'NONE',  ( -10.21771300448398989, 38.02206337602792274, 995.9916601271909258 ) ) ;
#4104 = PLANE ( 'NONE',  #3150 ) ;
#4105 = CARTESIAN_POINT ( 'NONE',  ( -32.33715901253453495, 34.84736959455016603, 983.4916601271910395 ) ) ;
#4106 = DIRECTION ( 'NONE',  ( 0.4472012402998730152, 0.000000000000000000, 0.8944333684932909145 ) ) ;
#4107 = ADVANCED_FACE ( 'NONE', ( #6637 ), #8631, .T. ) ;
#4108 = ORIENTED_EDGE ( 'NONE', *, *, #2084, .F. ) ;
#4109 = CARTESIAN_POINT ( 'NONE',  ( -18.46771300448400055, 8.655756606077503079, 995.9916601271909258 ) ) ;
#4110 = ORIENTED_EDGE ( 'NONE', *, *, #10268, .T. ) ;
#4111 = CARTESIAN_POINT ( 'NONE',  ( -26.06233344078498604, -27.57867514054694880, 1001.821885795751314 ) ) ;
#4112 = ORIENTED_EDGE ( 'NONE', *, *, #2959, .T. ) ;
#4113 = CARTESIAN_POINT ( 'NONE',  ( -19.39197160874076076, 25.57964584674886765, 991.0740270907530203 ) ) ;
#4114 = CARTESIAN_POINT ( 'NONE',  ( -22.56374879202575556, 24.67142028813032439, 987.4916601271910395 ) ) ;
#4115 = DIRECTION ( 'NONE',  ( -0.007057725170972693404, 0.7070715582706865732, 0.7071067811865998642 ) ) ;
#4116 = DIRECTION ( 'NONE',  ( 0.000000000000000000, -1.000000000000000000, 0.000000000000000000 ) ) ;
#4117 = CARTESIAN_POINT ( 'NONE',  ( -29.76771300448400126, -29.25791218717159481, 995.9916601271909258 ) ) ;
#4118 = DIRECTION ( 'NONE',  ( -0.5773502691896791328, 0.5773502691896591488, -0.5773502691895389116 ) ) ;
#4119 = ORIENTED_EDGE ( 'NONE', *, *, #4696, .F. ) ;
#4120 = LINE ( 'NONE', #10431, #7553 ) ;
#4121 = ORIENTED_EDGE ( 'NONE', *, *, #8119, .T. ) ;
#4122 = ORIENTED_EDGE ( 'NONE', *, *, #194, .T. ) ;
#4123 = CARTESIAN_POINT ( 'NONE',  ( -13.37847521684313001, 19.36416109022006538, 980.6024225187669572 ) ) ;
#4124 = CARTESIAN_POINT ( 'NONE',  ( -26.06771300448400197, 15.34235382577969986, 995.9916601271909258 ) ) ;
#4125 = CARTESIAN_POINT ( 'NONE',  ( -42.90272415422226260, -13.54193316621400811, 1000.991660127190926 ) ) ;
#4126 = DIRECTION ( 'NONE',  ( 0.000000000000000000, 0.000000000000000000, -1.000000000000000000 ) ) ;
#4127 = AXIS2_PLACEMENT_3D ( 'NONE', #7229, #2281, #10515 ) ;
#4128 = EDGE_CURVE ( 'NONE', #10181, #1189, #7389, .T. ) ;
#4129 = DIRECTION ( 'NONE',  ( 0.000000000000000000, 0.000000000000000000, -1.000000000000000000 ) ) ;
#4130 = ORIENTED_EDGE ( 'NONE', *, *, #6465, .T. ) ;
#4131 = CARTESIAN_POINT ( 'NONE',  ( -19.07297981228107275, -27.52390230862374665, 1001.877320963259194 ) ) ;
#4132 = CARTESIAN_POINT ( 'NONE',  ( 3.381237428794607425, -10.36509169292303945, 999.6774087254071901 ) ) ;
#4133 = FACE_OUTER_BOUND ( 'NONE', #3671, .T. ) ;
#4134 = CARTESIAN_POINT ( 'NONE',  ( -18.75220756867501137, -27.71505208629759665, 1002.238263493959721 ) ) ;
#4135 = CARTESIAN_POINT ( 'NONE',  ( -26.21700465925327350, -27.02666763832819896, 1001.606466063498715 ) ) ;
#4136 = AXIS2_PLACEMENT_3D ( 'NONE', #7386, #10674, #3291 ) ;
#4137 = CARTESIAN_POINT ( 'NONE',  ( -25.57135755551204070, -28.95556378397229480, 1004.591660127191176 ) ) ;
#4138 = CARTESIAN_POINT ( 'NONE',  ( -33.71771300448400410, 38.02206337602792274, 1003.491660127191039 ) ) ;
#4139 = ORIENTED_EDGE ( 'NONE', *, *, #5161, .F. ) ;
#4140 = EDGE_LOOP ( 'NONE', ( #4202, #9817, #9795, #3765 ) ) ;
#4141 = ORIENTED_EDGE ( 'NONE', *, *, #7710, .T. ) ;
#4142 = ORIENTED_EDGE ( 'NONE', *, *, #4403, .T. ) ;
#4143 = AXIS2_PLACEMENT_3D ( 'NONE', #9995, #2556, #5783 ) ;
#4144 = ORIENTED_EDGE ( 'NONE', *, *, #77, .F. ) ;
#4145 = FACE_BOUND ( 'NONE', #2371, .T. ) ;
#4146 = ORIENTED_EDGE ( 'NONE', *, *, #9111, .F. ) ;
#4147 = DIRECTION ( 'NONE',  ( 0.4999999999999945599, -0.4999999999999925615, -0.7071067811865566766 ) ) ;
#4148 = CARTESIAN_POINT ( 'NONE',  ( -17.58001228350747880, 7.556212493339703684, 1002.603959406214358 ) ) ;
#4149 = EDGE_CURVE ( 'NONE', #7954, #3552, #10034, .T. ) ;
#4150 = DIRECTION ( 'NONE',  ( -0.000000000000000000, 0.000000000000000000, 1.000000000000000000 ) ) ;
#4151 = CARTESIAN_POINT ( 'NONE',  ( -17.19736513873639439, 14.82819536793152793, 997.2620079929386065 ) ) ;
#4152 = VECTOR ( 'NONE', #3767, 1000.000000000000000 ) ;
#4153 = VECTOR ( 'NONE', #10020, 999.9999999999998863 ) ;
#4154 = EDGE_CURVE ( 'NONE', #3744, #180, #2070, .T. ) ;
#4155 = ADVANCED_FACE ( 'NONE', ( #6694 ), #2651, .T. ) ;
#4156 = FACE_OUTER_BOUND ( 'NONE', #1064, .T. ) ;
#4157 = EDGE_LOOP ( 'NONE', ( #4948, #9561, #10512, #7405 ) ) ;
#4158 = CARTESIAN_POINT ( 'NONE',  ( -13.48757044233307667, 23.68773000875489743, 983.4916601271910395 ) ) ;
#4159 = EDGE_CURVE ( 'NONE', #3570, #2076, #1678, .T. ) ;
#4160 = EDGE_LOOP ( 'NONE', ( #3992, #1317, #663, #9975 ) ) ;
#4161 = CARTESIAN_POINT ( 'NONE',  ( -24.87351380884611984, 26.79245897698016776, 989.3144028616840160 ) ) ;
#4162 = VERTEX_POINT ( 'NONE', #5119 ) ;
#4163 = EDGE_CURVE ( 'NONE', #1753, #1774, #2598, .T. ) ;
#4164 = VECTOR ( 'NONE', #1576, 1000.000000000000000 ) ;
#4165 = ORIENTED_EDGE ( 'NONE', *, *, #5343, .T. ) ;
#4166 = VECTOR ( 'NONE', #7678, 1000.000000000000114 ) ;
#4167 = CARTESIAN_POINT ( 'NONE',  ( -34.86771300448413768, 44.52206366277465577, 995.9916601271909258 ) ) ;
#4168 = FACE_OUTER_BOUND ( 'NONE', #7721, .T. ) ;
#4169 = DIRECTION ( 'NONE',  ( 1.000000000000000000, 0.000000000000000000, 0.000000000000000000 ) ) ;
#4170 = CARTESIAN_POINT ( 'NONE',  ( -19.41771300448399629, 26.01981126762380825, 992.0329098013223756 ) ) ;
#4171 = ADVANCED_FACE ( 'NONE', ( #3508 ), #3286, .T. ) ;
#4172 = CARTESIAN_POINT ( 'NONE',  ( -23.45377336322340156, 27.22050958877564852, 988.0916604856245158 ) ) ;
#4173 = CARTESIAN_POINT ( 'NONE',  ( -17.21558697478905131, 3.085766492847714648, 1000.991660127191153 ) ) ;
#4174 = AXIS2_PLACEMENT_3D ( 'NONE', #5012, #8298, #908 ) ;
#4175 = VECTOR ( 'NONE', #4630, 1000.000000000000000 ) ;
#4176 = ORIENTED_EDGE ( 'NONE', *, *, #2323, .T. ) ;
#4177 = FACE_OUTER_BOUND ( 'NONE', #5456, .T. ) ;
#4178 = ORIENTED_EDGE ( 'NONE', *, *, #3320, .F. ) ;
#4179 = ORIENTED_EDGE ( 'NONE', *, *, #589, .T. ) ;
#4180 = CARTESIAN_POINT ( 'NONE',  ( -22.26771300448400126, -12.47773340385700003, 998.9916601271910395 ) ) ;
#4181 = FACE_BOUND ( 'NONE', #2748, .T. ) ;
#4182 = AXIS2_PLACEMENT_3D ( 'NONE', #6276, #5420, #9637 ) ;
#4183 = ADVANCED_FACE ( 'NONE', ( #9187 ), #9884, .F. ) ;
#4184 = CARTESIAN_POINT ( 'NONE',  ( -29.70166212224984648, 31.01657034268787072, 1003.491660127191039 ) ) ;
#4185 = DIRECTION ( 'NONE',  ( 4.980928478104803228E-16, 1.000000000000000000, 0.000000000000000000 ) ) ;
#4186 = CARTESIAN_POINT ( 'NONE',  ( -22.26771300448400126, -12.47773340385700003, 997.4916601271909258 ) ) ;
#4187 = VERTEX_POINT ( 'NONE', #8406 ) ;
#4188 = CARTESIAN_POINT ( 'NONE',  ( -26.74256346229412884, -26.39134116950174302, 1001.068695386056561 ) ) ;
#4189 = B_SPLINE_CURVE_WITH_KNOTS ( 'NONE', 3,
 ( #2928, #7826, #8596, #5351, #7082 ),
 .UNSPECIFIED., .F., .F.,
 ( 4, 1, 4 ),
 ( 0.000000000000000000, 0.2232835829796522564, 1.000000000000000000 ),
 .UNSPECIFIED. ) ;
#4190 = DIRECTION ( 'NONE',  ( -0.000000000000000000, -0.000000000000000000, 1.000000000000000000 ) ) ;
#4191 = DIRECTION ( 'NONE',  ( 0.000000000000000000, 0.000000000000000000, 1.000000000000000000 ) ) ;
#4192 = CARTESIAN_POINT ( 'NONE',  ( -30.58005322724708464, 2.777906599224094109, 999.0042347726197249 ) ) ;
#4193 = LINE ( 'NONE', #200, #7433 ) ;
#4194 = CARTESIAN_POINT ( 'NONE',  ( -24.81771300448400197, 3.357757825279103159, 1000.991660127190926 ) ) ;
#4195 = EDGE_CURVE ( 'NONE', #6958, #7428, #1014, .T. ) ;
#4196 = ADVANCED_FACE ( 'NONE', ( #855 ), #8196, .T. ) ;
#4197 = DIRECTION ( 'NONE',  ( -0.6785983445458457775, 0.2810846377148262798, 0.6785983445458457775 ) ) ;
#4198 = ORIENTED_EDGE ( 'NONE', *, *, #4999, .F. ) ;
#4199 = ORIENTED_EDGE ( 'NONE', *, *, #833, .F. ) ;
#4200 = VERTEX_POINT ( 'NONE', #4151 ) ;
#4201 = ORIENTED_EDGE ( 'NONE', *, *, #482, .T. ) ;
#4202 = ORIENTED_EDGE ( 'NONE', *, *, #3218, .F. ) ;
#4203 = CARTESIAN_POINT ( 'NONE',  ( -19.48198470041468156, -28.56296243448143457, 1001.225747085397757 ) ) ;
#4204 = ORIENTED_EDGE ( 'NONE', *, *, #8065, .F. ) ;
#4205 = CARTESIAN_POINT ( 'NONE',  ( -18.90716125003262249, -28.94505954706239592, 1002.770736083137535 ) ) ;
#4206 = FACE_OUTER_BOUND ( 'NONE', #5356, .T. ) ;
#4207 = EDGE_CURVE ( 'NONE', #1896, #10589, #807, .T. ) ;
#4208 = CARTESIAN_POINT ( 'NONE',  ( -24.26771282526732421, 44.22206330434126897, 988.0916604856245158 ) ) ;
#4209 = DIRECTION ( 'NONE',  ( 0.7071067811865462405, -0.7071067811865489050, 0.000000000000000000 ) ) ;
#4210 = EDGE_CURVE ( 'NONE', #6792, #3445, #9129, .T. ) ;
#4211 = CARTESIAN_POINT ( 'NONE',  ( -27.22496445628571138, 2.557757825279101116, 999.4392894330983381 ) ) ;
#4212 = AXIS2_PLACEMENT_3D ( 'NONE', #7559, #6653, #9941 ) ;
#4213 = CARTESIAN_POINT ( 'NONE',  ( -24.93809131387232014, 25.95691536355901619, 988.2718057273981458 ) ) ;
#4214 = ORIENTED_EDGE ( 'NONE', *, *, #685, .F. ) ;
#4215 = CARTESIAN_POINT ( 'NONE',  ( -24.89762037418830687, 27.35354762848474763, 989.9324236097422727 ) ) ;
#4216 = ORIENTED_EDGE ( 'NONE', *, *, #5679, .F. ) ;
#4217 = ORIENTED_EDGE ( 'NONE', *, *, #83, .F. ) ;
#4218 = EDGE_CURVE ( 'NONE', #5055, #6672, #2956, .T. ) ;
#4219 = CARTESIAN_POINT ( 'NONE',  ( -24.93809131387232014, 25.95691536355901619, 988.2718057273981458 ) ) ;
#4220 = CARTESIAN_POINT ( 'NONE',  ( -32.06771300448400552, 38.02206337602792274, 1000.991660127190926 ) ) ;
#4221 = LINE ( 'NONE', #1898, #5201 ) ;
#4222 = CARTESIAN_POINT ( 'NONE',  ( -30.21771300448398279, 29.52206337602792630, 983.4916601271910395 ) ) ;
#4223 = CARTESIAN_POINT ( 'NONE',  ( -29.76771300448400126, -29.25791218717159481, 995.9916601271909258 ) ) ;
#4224 = EDGE_CURVE ( 'NONE', #4457, #7534, #3387, .T. ) ;
#4225 = DIRECTION ( 'NONE',  ( -0.7071067811865465735, 0.7071067811865485719, 0.000000000000000000 ) ) ;
#4226 = DIRECTION ( 'NONE',  ( 0.9999999999999961142, 8.742277697854392730E-08, -0.000000000000000000 ) ) ;
#4227 = DIRECTION ( 'NONE',  ( -8.742277697854394053E-08, 0.9999999999999962252, -1.144917377370843998E-16 ) ) ;
#4228 = ORIENTED_EDGE ( 'NONE', *, *, #5101, .T. ) ;
#4229 = CARTESIAN_POINT ( 'NONE',  ( -17.91771300448399629, 43.02206366277465577, 990.4916601271910395 ) ) ;
#4230 = EDGE_LOOP ( 'NONE', ( #7153, #7285, #6321, #4864 ) ) ;
#4231 = ORIENTED_EDGE ( 'NONE', *, *, #2646, .F. ) ;
#4232 = FACE_OUTER_BOUND ( 'NONE', #7132, .T. ) ;
#4233 = EDGE_CURVE ( 'NONE', #1529, #1774, #1124, .T. ) ;
#4234 = CARTESIAN_POINT ( 'NONE',  ( 0.000000000000000000, 44.42206330434124339, 987.2916601271911077 ) ) ;
#4235 = CARTESIAN_POINT ( 'NONE',  ( -12.26771300448400126, 8.655756606077503079, 995.9916601271909258 ) ) ;
#4236 = AXIS2_PLACEMENT_3D ( 'NONE', #4968, #9991, #8256 ) ;
#4237 = ADVANCED_FACE ( 'NONE', ( #6141 ), #9849, .T. ) ;
#4238 = EDGE_CURVE ( 'NONE', #10432, #5007, #6563, .T. ) ;
#4239 = CARTESIAN_POINT ( 'NONE',  ( -21.47685554960970578, 27.41894456699659699, 989.4893065586936700 ) ) ;
#4240 = ORIENTED_EDGE ( 'NONE', *, *, #342, .T. ) ;
#4241 = CYLINDRICAL_SURFACE ( 'NONE', #8567, 2.250000000000001776 ) ;
#4242 = AXIS2_PLACEMENT_3D ( 'NONE', #7273, #8228, #7371 ) ;
#4243 = CARTESIAN_POINT ( 'NONE',  ( -12.46771300448399344, 29.47981022745160828, 997.9916601271910395 ) ) ;
#4244 = DIRECTION ( 'NONE',  ( -0.000000000000000000, 1.000000000000000000, 0.000000000000000000 ) ) ;
#4245 = CARTESIAN_POINT ( 'NONE',  ( -18.61446903305268918, -27.63395237614939859, 1001.884742649978421 ) ) ;
#4246 = DIRECTION ( 'NONE',  ( 0.8449011766408759394, -0.5349224258814199162, 0.000000000000000000 ) ) ;
#4247 = DIRECTION ( 'NONE',  ( 0.000000000000000000, 0.000000000000000000, -1.000000000000000000 ) ) ;
#4248 = VECTOR ( 'NONE', #4484, 1000.000000000000000 ) ;
#4249 = AXIS2_PLACEMENT_3D ( 'NONE', #7416, #2527, #8177 ) ;
#4250 = EDGE_LOOP ( 'NONE', ( #993, #2195, #6914, #1605 ) ) ;
#4251 = EDGE_LOOP ( 'NONE', ( #10476, #2689, #9411, #3857, #2541, #9563, #9524 ) ) ;
#4252 = VERTEX_POINT ( 'NONE', #7071 ) ;
#4253 = ORIENTED_EDGE ( 'NONE', *, *, #5279, .T. ) ;
#4254 = CARTESIAN_POINT ( 'NONE',  ( -12.26771300448400126, 8.655756606077503079, 995.9916601271909258 ) ) ;
#4255 = ORIENTED_EDGE ( 'NONE', *, *, #5619, .F. ) ;
#4256 = AXIS2_PLACEMENT_3D ( 'NONE', #7809, #366, #8687 ) ;
#4257 = DIRECTION ( 'NONE',  ( -0.000000000000000000, 0.000000000000000000, 1.000000000000000000 ) ) ;
#4258 = CARTESIAN_POINT ( 'NONE',  ( -11.79799604194960239, 2.628868686766200558, 996.1464957773297328 ) ) ;
#4259 = CARTESIAN_POINT ( 'NONE',  ( -18.77219549231856988, -28.38716412408749790, 1001.826167333736748 ) ) ;
#4260 = DIRECTION ( 'NONE',  ( 0.000000000000000000, -0.8660254037844443697, 0.4999999999999901745 ) ) ;
#4261 = DIRECTION ( 'NONE',  ( 0.000000000000000000, -1.000000000000000000, 0.000000000000000000 ) ) ;
#4262 = VECTOR ( 'NONE', #5120, 999.9999999999998863 ) ;
#4263 = EDGE_LOOP ( 'NONE', ( #4978, #4513, #5181, #9043, #5566, #7172 ) ) ;
#4264 = VERTEX_POINT ( 'NONE', #2813 ) ;
#4265 = CARTESIAN_POINT ( 'NONE',  ( -24.87813804305082144, 26.72318704942453849, 989.0732607226875643 ) ) ;
#4266 = EDGE_CURVE ( 'NONE', #2678, #7876, #5394, .T. ) ;
#4267 = ORIENTED_EDGE ( 'NONE', *, *, #8922, .T. ) ;
#4268 = LINE ( 'NONE', #9138, #779 ) ;
#4269 = DIRECTION ( 'NONE',  ( -1.000000000000000000, 0.000000000000000000, 0.000000000000000000 ) ) ;
#4270 = DIRECTION ( 'NONE',  ( 0.000000000000000000, 0.000000000000000000, 1.000000000000000000 ) ) ;
#4271 = STYLED_ITEM ( 'NONE', ( #1184 ), #1627 ) ;
#4272 = CARTESIAN_POINT ( 'NONE',  ( -24.46771282526730218, 26.05339869864173608, 987.2916601271911077 ) ) ;
#4273 = DIRECTION ( 'NONE',  ( 3.868740194890244000E-16, -1.000000000000000000, 0.000000000000000000 ) ) ;
#4274 = CARTESIAN_POINT ( 'NONE',  ( -19.47297981228107133, -26.81022251682459867, 1001.739453438092823 ) ) ;
#4275 = DIRECTION ( 'NONE',  ( -0.000000000000000000, -0.000000000000000000, -1.000000000000000000 ) ) ;
#4276 = CARTESIAN_POINT ( 'NONE',  ( -30.11795385680410675, 30.41657034268903459, 1014.241658718408416 ) ) ;
#4277 = ORIENTED_EDGE ( 'NONE', *, *, #9163, .F. ) ;
#4278 = CYLINDRICAL_SURFACE ( 'NONE', #1704, 1.500000000000001332 ) ;
#4279 = VERTEX_POINT ( 'NONE', #7872 ) ;
#4280 = ORIENTED_EDGE ( 'NONE', *, *, #736, .T. ) ;
#4281 = ADVANCED_FACE ( 'NONE', ( #6089 ), #8581, .F. ) ;
#4282 = DIRECTION ( 'NONE',  ( -1.000000000000000000, 0.000000000000000000, 0.000000000000000000 ) ) ;
#4283 = FACE_OUTER_BOUND ( 'NONE', #9222, .T. ) ;
#4284 = EDGE_CURVE ( 'NONE', #2965, #8684, #1223, .T. ) ;
#4285 = CARTESIAN_POINT ( 'NONE',  ( 0.000000000000000000, 0.000000000000000000, 1003.491660127191039 ) ) ;
#4286 = VECTOR ( 'NONE', #5884, 1000.000000000000000 ) ;
#4287 = CARTESIAN_POINT ( 'NONE',  ( -16.99915959367290341, 5.660191021141545598, 996.5916601271910622 ) ) ;
#4288 = EDGE_CURVE ( 'NONE', #6805, #649, #9400, .T. ) ;
#4289 = VERTEX_POINT ( 'NONE', #5173 ) ;
#4290 = ADVANCED_FACE ( 'NONE', ( #8464 ), #1237, .T. ) ;
#4291 = CARTESIAN_POINT ( 'NONE',  ( -29.53700493108635072, 4.088406877587999588, 998.3237147788076982 ) ) ;
#4292 = ORIENTED_EDGE ( 'NONE', *, *, #5635, .T. ) ;
#4293 = DIRECTION ( 'NONE',  ( -0.7071067811865473507, -0.7071067811865477948, 0.000000000000000000 ) ) ;
#4294 = DIRECTION ( 'NONE',  ( 0.000000000000000000, 0.000000000000000000, 1.000000000000000000 ) ) ;
#4295 = DIRECTION ( 'NONE',  ( 0.000000000000000000, 0.000000000000000000, -1.000000000000000000 ) ) ;
#4296 = DIRECTION ( 'NONE',  ( -0.000000000000000000, 1.000000000000000000, -0.000000000000000000 ) ) ;
#4297 = DIRECTION ( 'NONE',  ( -8.742277697854392730E-08, 0.9999999999999961142, 0.000000000000000000 ) ) ;
#4298 = CARTESIAN_POINT ( 'NONE',  ( -26.69154051183978282, -27.88924352778689908, 1001.933462588008524 ) ) ;
#4299 = EDGE_CURVE ( 'NONE', #1633, #1114, #4477, .T. ) ;
#4300 = CIRCLE ( 'NONE', #10325, 6.200000000000000178 ) ;
#4301 = ORIENTED_EDGE ( 'NONE', *, *, #4944, .T. ) ;
#4302 = ORIENTED_EDGE ( 'NONE', *, *, #5871, .T. ) ;
#4303 = ORIENTED_EDGE ( 'NONE', *, *, #10086, .F. ) ;
#4304 = VERTEX_POINT ( 'NONE', #6033 ) ;
#4305 = CARTESIAN_POINT ( 'NONE',  ( -20.26771282526732421, 27.60339869864173679, 986.5916604856245158 ) ) ;
#4306 = EDGE_LOOP ( 'NONE', ( #1008, #10261, #6544, #8341 ) ) ;
#4307 = AXIS2_PLACEMENT_3D ( 'NONE', #10017, #5914, #10176 ) ;
#4308 = LINE ( 'NONE', #5169, #4916 ) ;
#4309 = DIRECTION ( 'NONE',  ( 0.000000000000000000, -0.7071067811865487940, -0.7071067811865463515 ) ) ;
#4310 = CARTESIAN_POINT ( 'NONE',  ( -18.77311321617959194, -28.38647986532109968, 1001.824733954718113 ) ) ;
#4311 = EDGE_CURVE ( 'NONE', #9074, #8267, #9342, .T. ) ;
#4312 = B_SPLINE_SURFACE_WITH_KNOTS ( 'NONE', 3, 3, ( 
 ( #9804, #5690, #4883, #8167, #4075 ),
 ( #5311, #6825, #1152, #10116, #3484 ),
 ( #10059, #8382, #4506, #6773, #7625 ),
 ( #1209, #2676, #5958, #292, #1812 ),
 ( #5256, #9263, #1865, #6982, #6937 ),
 ( #5147, #5204, #7789, #3639, #8551 ) ),
 .UNSPECIFIED., .F., .F., .F.,
 ( 4, 1, 1, 4 ),
 ( 4, 1, 4 ),
 ( 0.000000000000000000, 0.2857142857142860315, 0.5714285714285709528, 1.000000000000000000 ),
 ( -1.175268585366380014, -0.6715820487807899752, 1.776356839400250070E-15 ),
 .UNSPECIFIED. ) ;
#4313 = CARTESIAN_POINT ( 'NONE',  ( -33.71771300448400410, 36.37206337602792416, 1013.641658718408507 ) ) ;
#4314 = EDGE_CURVE ( 'NONE', #8920, #6214, #10245, .T. ) ;
#4315 = DIRECTION ( 'NONE',  ( 0.000000000000000000, 0.000000000000000000, -1.000000000000000000 ) ) ;
#4316 = VECTOR ( 'NONE', #10677, 1000.000000000000000 ) ;
#4317 = VERTEX_POINT ( 'NONE', #2863 ) ;
#4318 = ORIENTED_EDGE ( 'NONE', *, *, #3, .T. ) ;
#4319 = CARTESIAN_POINT ( 'NONE',  ( -21.99082700623537079, 27.87763974395445388, 990.0778207250950800 ) ) ;
#4320 = ORIENTED_EDGE ( 'NONE', *, *, #8989, .F. ) ;
#4321 = ORIENTED_EDGE ( 'NONE', *, *, #4358, .T. ) ;
#4322 = CARTESIAN_POINT ( 'NONE',  ( -23.61287600584596547, 27.16495827433534771, 988.0916604856246295 ) ) ;
#4323 = CARTESIAN_POINT ( 'NONE',  ( -22.26771300448400126, -28.65791218717159694, 1000.991660127190926 ) ) ;
#4324 = CIRCLE ( 'NONE', #3128, 0.8000000000000008216 ) ;
#4325 = VECTOR ( 'NONE', #4797, 1000.000000000000000 ) ;
#4326 = CARTESIAN_POINT ( 'NONE',  ( -42.36939829747710462, -7.696681776287260135, 1000.991660127190926 ) ) ;
#4327 = LINE ( 'NONE', #8115, #6142 ) ;
#4328 = PLANE ( 'NONE',  #8269 ) ;
#4329 = CARTESIAN_POINT ( 'NONE',  ( -25.98464961932452155, -28.38325831887664918, 1002.200190384876123 ) ) ;
#4330 = CARTESIAN_POINT ( 'NONE',  ( -8.467713004484000550, 44.52206366277465577, 1002.291660127190994 ) ) ;
#4331 = EDGE_CURVE ( 'NONE', #5550, #8290, #7015, .T. ) ;
#4332 = EDGE_CURVE ( 'NONE', #2963, #3032, #6217, .T. ) ;
#4333 = VERTEX_POINT ( 'NONE', #542 ) ;
#4334 = DIRECTION ( 'NONE',  ( 0.000000000000000000, 0.000000000000000000, 1.000000000000000000 ) ) ;
#4335 = VECTOR ( 'NONE', #9650, 1000.000000000000000 ) ;
#4336 = VECTOR ( 'NONE', #4185, 1000.000000000000000 ) ;
#4337 = ORIENTED_EDGE ( 'NONE', *, *, #2519, .T. ) ;
#4338 = ORIENTED_EDGE ( 'NONE', *, *, #2071, .F. ) ;
#4339 = B_SPLINE_CURVE_WITH_KNOTS ( 'NONE', 3,
 ( #1705, #5747, #1601, #5847 ),
 .UNSPECIFIED., .F., .F.,
 ( 4, 4 ),
 ( 0.000000000000000000, 1.000000000000000000 ),
 .UNSPECIFIED. ) ;
#4340 = FILL_AREA_STYLE_COLOUR ( '', #5477 ) ;
#4341 = DIRECTION ( 'NONE',  ( 0.000000000000000000, 0.000000000000000000, 1.000000000000000000 ) ) ;
#4342 = CIRCLE ( 'NONE', #7960, 2.549999999999996714 ) ;
#4343 = ADVANCED_FACE ( 'NONE', ( #6250 ), #3081, .F. ) ;
#4344 = CARTESIAN_POINT ( 'NONE',  ( -8.467713004484000550, 44.52206366277465577, 956.7212035758847151 ) ) ;
#4345 = CIRCLE ( 'NONE', #10371, 2.550000000000001155 ) ;
#4346 = DIRECTION ( 'NONE',  ( 0.000000000000000000, 0.000000000000000000, 1.000000000000000000 ) ) ;
#4347 = VERTEX_POINT ( 'NONE', #8869 ) ;
#4348 = DIRECTION ( 'NONE',  ( -0.8909610031839561017, -0.08803022097896374965, 0.4454651176016292125 ) ) ;
#4349 = AXIS2_PLACEMENT_3D ( 'NONE', #5217, #5266, #2955 ) ;
#4350 = VERTEX_POINT ( 'NONE', #6414 ) ;
#4351 = CARTESIAN_POINT ( 'NONE',  ( -20.51771300448400126, 3.766678156704202252, 1000.991660127190926 ) ) ;
#4352 = EDGE_CURVE ( 'NONE', #6367, #995, #2330, .T. ) ;
#4353 = DIRECTION ( 'NONE',  ( 0.000000000000000000, 0.000000000000000000, 1.000000000000000000 ) ) ;
#4354 = DIRECTION ( 'NONE',  ( -1.000000000000000000, 1.480297366166879989E-16, 0.000000000000000000 ) ) ;
#4355 = DIRECTION ( 'NONE',  ( -1.000000000000000000, 0.000000000000000000, 0.000000000000000000 ) ) ;
#4356 = DIRECTION ( 'NONE',  ( -1.000000000000000000, 1.480297366166879989E-16, 0.000000000000000000 ) ) ;
#4357 = CARTESIAN_POINT ( 'NONE',  ( -48.10274723039084677, -12.56832954882295716, 997.9916601271909258 ) ) ;
#4358 = EDGE_CURVE ( 'NONE', #6969, #3422, #9767, .T. ) ;
#4359 = VECTOR ( 'NONE', #1811, 1000.000000000000000 ) ;
#4360 = CARTESIAN_POINT ( 'NONE',  ( -20.87271300448400169, -26.70791218717139870, 1003.329928717408848 ) ) ;
#4361 = ORIENTED_EDGE ( 'NONE', *, *, #4439, .T. ) ;
#4362 = ORIENTED_EDGE ( 'NONE', *, *, #2384, .T. ) ;
#4363 = ORIENTED_EDGE ( 'NONE', *, *, #7509, .T. ) ;
#4364 = CARTESIAN_POINT ( 'NONE',  ( -17.66771287334972484, 43.02206368025922956, 997.4916601271909258 ) ) ;
#4365 =( BOUNDED_CURVE ( )  B_SPLINE_CURVE ( 3, ( #5821, #1780, #852, #10673 ),
 .UNSPECIFIED., .F., .T. ) 
 B_SPLINE_CURVE_WITH_KNOTS ( ( 4, 4 ),
 ( 6.009171103369471467, 6.557199510989781821 ),
 .UNSPECIFIED. ) 
 CURVE ( )  GEOMETRIC_REPRESENTATION_ITEM ( )  RATIONAL_B_SPLINE_CURVE ( ( 1.000000000000000000, 0.9751282799207712237, 0.9751282799207712237, 1.000000000000000000 ) ) 
 REPRESENTATION_ITEM ( '' )  );
#4366 = ORIENTED_EDGE ( 'NONE', *, *, #77, .T. ) ;
#4367 = DIRECTION ( 'NONE',  ( 0.000000000000000000, 0.000000000000000000, 1.000000000000000000 ) ) ;
#4368 = DIRECTION ( 'NONE',  ( 0.7071067811865475727, 0.7071067811865474617, 0.000000000000000000 ) ) ;
#4369 = CARTESIAN_POINT ( 'NONE',  ( -23.66271300448400439, -28.01837441607133528, 1000.581335603586240 ) ) ;
#4370 = CARTESIAN_POINT ( 'NONE',  ( -18.77181411480740181, -28.38867130502340075, 1001.827467979724588 ) ) ;
#4371 = CARTESIAN_POINT ( 'NONE',  ( -16.18911430104436988, 5.544038162585956719, 998.6784255386904761 ) ) ;
#4372 = CARTESIAN_POINT ( 'NONE',  ( -25.41771336291744277, 26.01981126762374430, 983.4916601271910395 ) ) ;
#4373 = EDGE_CURVE ( 'NONE', #2573, #8993, #10456, .T. ) ;
#4374 = ORIENTED_EDGE ( 'NONE', *, *, #10086, .T. ) ;
#4375 = CARTESIAN_POINT ( 'NONE',  ( -17.26783392715907084, 4.723772850657002920, 1002.413178228276820 ) ) ;
#4376 = EDGE_CURVE ( 'NONE', #4412, #5162, #4745, .T. ) ;
#4377 = ORIENTED_EDGE ( 'NONE', *, *, #8796, .F. ) ;
#4378 = CARTESIAN_POINT ( 'NONE',  ( -25.17203828170925561, 25.39331980896931285, 990.3850701374215078 ) ) ;
#4379 = ORIENTED_EDGE ( 'NONE', *, *, #5275, .T. ) ;
#4380 = ORIENTED_EDGE ( 'NONE', *, *, #8248, .F. ) ;
#4381 = CARTESIAN_POINT ( 'NONE',  ( -16.67366710514173178, 31.54050344243852777, 983.4916601271910395 ) ) ;
#4382 = CARTESIAN_POINT ( 'NONE',  ( -26.06771191169925572, 44.52206294590797597, 1003.491660127191039 ) ) ;
#4383 = DIRECTION ( 'NONE',  ( 0.000000000000000000, 0.000000000000000000, 1.000000000000000000 ) ) ;
#4384 = CARTESIAN_POINT ( 'NONE',  ( -22.73373651912428528, -28.77684170525125751, 1001.060324116468792 ) ) ;
#4385 = DIRECTION ( 'NONE',  ( 0.7261534621377979670, 0.6875326533520350614, 0.000000000000000000 ) ) ;
#4386 = DIRECTION ( 'NONE',  ( -0.4472012402998730152, 0.000000000000000000, 0.8944333684932909145 ) ) ;
#4387 = CIRCLE ( 'NONE', #4212, 1.750000000000010658 ) ;
#4388 = ORIENTED_EDGE ( 'NONE', *, *, #1407, .T. ) ;
#4389 = LINE ( 'NONE', #8712, #10654 ) ;
#4390 = VERTEX_POINT ( 'NONE', #2165 ) ;
#4391 = VERTEX_POINT ( 'NONE', #745 ) ;
#4392 = LINE ( 'NONE', #3583, #6499 ) ;
#4393 = CARTESIAN_POINT ( 'NONE',  ( -27.26771300448400126, 30.20910916343019892, 995.9916601271909258 ) ) ;
#4394 = CIRCLE ( 'NONE', #8709, 3.322727272727318049 ) ;
#4395 = CARTESIAN_POINT ( 'NONE',  ( -24.46771282526734836, 44.42206330434124339, 986.3916604856245840 ) ) ;
#4396 = FACE_OUTER_BOUND ( 'NONE', #59, .T. ) ;
#4397 = DIRECTION ( 'NONE',  ( -0.000000000000000000, -0.000000000000000000, 1.000000000000000000 ) ) ;
#4398 = EDGE_LOOP ( 'NONE', ( #8019, #4802, #2003, #10644 ) ) ;
#4399 = CARTESIAN_POINT ( 'NONE',  ( -26.06244619668694185, -28.36553131374809666, 1002.895356525875172 ) ) ;
#4400 = CARTESIAN_POINT ( 'NONE',  ( -30.65775288599080284, 3.834146589081798950, 998.0385826383505901 ) ) ;
#4401 = ORIENTED_EDGE ( 'NONE', *, *, #6040, .T. ) ;
#4402 = CARTESIAN_POINT ( 'NONE',  ( -23.66271300448400083, -28.70124835607409963, 1001.016680275972590 ) ) ;
#4403 = EDGE_CURVE ( 'NONE', #459, #995, #9666, .T. ) ;
#4404 = CARTESIAN_POINT ( 'NONE',  ( -36.06771300448401263, 44.52206366277465577, 956.7212035758847151 ) ) ;
#4405 = AXIS2_PLACEMENT_3D ( 'NONE', #6369, #9679, #2287 ) ;
#4406 = CARTESIAN_POINT ( 'NONE',  ( -9.767713004483898231, -4.897950218903390061E-15, 987.2916601271911077 ) ) ;
#4407 = CARTESIAN_POINT ( 'NONE',  ( -32.06771300448400552, 29.52206337602792630, 987.4916601271910395 ) ) ;
#4408 = DIRECTION ( 'NONE',  ( 0.000000000000000000, 0.000000000000000000, 1.000000000000000000 ) ) ;
#4409 = LINE ( 'NONE', #5268, #7434 ) ;
#4410 = AXIS2_PLACEMENT_3D ( 'NONE', #8690, #1070, #4368 ) ;
#4411 = ORIENTED_EDGE ( 'NONE', *, *, #10574, .T. ) ;
#4412 = VERTEX_POINT ( 'NONE', #8129 ) ;
#4413 = VERTEX_POINT ( 'NONE', #7924 ) ;
#4414 = CARTESIAN_POINT ( 'NONE',  ( -20.79975992542098240, -29.19861726293427751, 1001.708047301463239 ) ) ;
#4415 = ADVANCED_FACE ( 'NONE', ( #1356 ), #9555, .F. ) ;
#4416 = ORIENTED_EDGE ( 'NONE', *, *, #10480, .T. ) ;
#4417 = CARTESIAN_POINT ( 'NONE',  ( -20.51771300448400126, 3.357757825279103159, 1000.991660127190926 ) ) ;
#4418 = EDGE_CURVE ( 'NONE', #6280, #2680, #3134, .T. ) ;
#4419 = CYLINDRICAL_SURFACE ( 'NONE', #277, 1.650000000000000355 ) ;
#4420 = CARTESIAN_POINT ( 'NONE',  ( -14.05906476594643983, 3.968630326013459886, 997.9918705381625159 ) ) ;
#4421 = CARTESIAN_POINT ( 'NONE',  ( -24.25202757953476151, 2.792072400329864923, 995.9916601271909258 ) ) ;
#4422 = DIRECTION ( 'NONE',  ( -1.000000000000000000, 0.000000000000000000, 0.000000000000000000 ) ) ;
#4423 = ADVANCED_FACE ( 'NONE', ( #4641 ), #4031, .T. ) ;
#4424 = DIRECTION ( 'NONE',  ( 0.000000000000000000, 0.000000000000000000, -1.000000000000000000 ) ) ;
#4425 = EDGE_CURVE ( 'NONE', #9277, #1332, #5016, .T. ) ;
#4426 =( BOUNDED_CURVE ( )  B_SPLINE_CURVE ( 3, ( #3256, #8002, #10479, #4915 ),
 .UNSPECIFIED., .F., .F. ) 
 B_SPLINE_CURVE_WITH_KNOTS ( ( 4, 4 ),
 ( -9.769962616701377556E-15, 1.033180765977246951 ),
 .UNSPECIFIED. ) 
 CURVE ( )  GEOMETRIC_REPRESENTATION_ITEM ( )  RATIONAL_B_SPLINE_CURVE ( ( 1.000000000000000000, 0.9130055353064988610, 0.9130055353064988610, 1.000000000000000000 ) ) 
 REPRESENTATION_ITEM ( '' )  );
#4427 = ORIENTED_EDGE ( 'NONE', *, *, #7514, .F. ) ;
#4428 = CARTESIAN_POINT ( 'NONE',  ( -26.06244619668694185, -28.25791218717139941, 1003.301061203949416 ) ) ;
#4429 = AXIS2_PLACEMENT_3D ( 'NONE', #9438, #1288, #6026 ) ;
#4430 = EDGE_LOOP ( 'NONE', ( #4433, #7998, #2620 ) ) ;
#4431 = CARTESIAN_POINT ( 'NONE',  ( -16.21842501921068447, 44.52206366277465577, 1008.582053735681598 ) ) ;
#4432 = VERTEX_POINT ( 'NONE', #2970 ) ;
#4433 = ORIENTED_EDGE ( 'NONE', *, *, #10553, .F. ) ;
#4434 = CARTESIAN_POINT ( 'NONE',  ( -34.31771300448401263, 29.52206337602792630, 1003.491660127191039 ) ) ;
#4435 = CARTESIAN_POINT ( 'NONE',  ( -24.46771282526730218, 26.05339869864173608, 983.4916601271910395 ) ) ;
#4436 = LINE ( 'NONE', #7884, #8384 ) ;
#4437 = CARTESIAN_POINT ( 'NONE',  ( -26.06244619668694185, -28.35834916586760102, 1002.710020270674022 ) ) ;
#4438 = CIRCLE ( 'NONE', #5121, 3.322727272727310499 ) ;
#4439 = EDGE_CURVE ( 'NONE', #7458, #9057, #5658, .T. ) ;
#4440 = ORIENTED_EDGE ( 'NONE', *, *, #2264, .F. ) ;
#4441 = LINE ( 'NONE', #10369, #2916 ) ;
#4442 = ORIENTED_EDGE ( 'NONE', *, *, #9286, .F. ) ;
#4443 = ORIENTED_EDGE ( 'NONE', *, *, #949, .T. ) ;
#4444 = AXIS2_PLACEMENT_3D ( 'NONE', #3334, #4035, #3281 ) ;
#4445 = CARTESIAN_POINT ( 'NONE',  ( -40.86498573175669691, -10.47773340385699647, 1000.991660127190926 ) ) ;
#4446 = AXIS2_PLACEMENT_3D ( 'NONE', #2947, #3003, #3059 ) ;
#4447 = FACE_OUTER_BOUND ( 'NONE', #590, .T. ) ;
#4448 = CARTESIAN_POINT ( 'NONE',  ( -22.76191131232776144, -29.27785434330530023, 1001.926301551215602 ) ) ;
#4449 = CARTESIAN_POINT ( 'NONE',  ( -19.07297981228107275, -27.65791218717139799, 1000.991660127190926 ) ) ;
#4450 = CARTESIAN_POINT ( 'NONE',  ( -34.86771300448391742, 31.01657034268904667, 1016.641658718408394 ) ) ;
#4451 = VECTOR ( 'NONE', #674, 1000.000000000000000 ) ;
#4452 = B_SPLINE_CURVE_WITH_KNOTS ( 'NONE', 3,
 ( #5337, #8635, #9554, #4538 ),
 .UNSPECIFIED., .F., .F.,
 ( 4, 4 ),
 ( 0.000000000000000000, 0.4284230196836540383 ),
 .UNSPECIFIED. ) ;
#4453 = B_SPLINE_CURVE_WITH_KNOTS ( 'NONE', 3,
 ( #4614, #8554, #4455, #8727 ),
 .UNSPECIFIED., .F., .F.,
 ( 4, 4 ),
 ( 1.330901417347990057, 1.592934683342480007 ),
 .UNSPECIFIED. ) ;
#4454 = ORIENTED_EDGE ( 'NONE', *, *, #2918, .T. ) ;
#4455 = CARTESIAN_POINT ( 'NONE',  ( -17.26771300448400126, 7.357555401839901421, 1001.231618767228952 ) ) ;
#4456 = CARTESIAN_POINT ( 'NONE',  ( -25.42035900455988084, -28.98343590640960343, 1002.628365889041106 ) ) ;
#4457 = VERTEX_POINT ( 'NONE', #7978 ) ;
#4458 = DIRECTION ( 'NONE',  ( -8.742277697854392730E-08, 0.9999999999999961142, 0.000000000000000000 ) ) ;
#4459 = VECTOR ( 'NONE', #6270, 1000.000000000000114 ) ;
#4460 = FACE_OUTER_BOUND ( 'NONE', #713, .T. ) ;
#4461 = CARTESIAN_POINT ( 'NONE',  ( -28.13878081634942419, 20.35439068285595710, 995.9916601271909258 ) ) ;
#4462 = LINE ( 'NONE', #303, #9486 ) ;
#4463 = FACE_OUTER_BOUND ( 'NONE', #7033, .T. ) ;
#4464 = FACE_OUTER_BOUND ( 'NONE', #2564, .T. ) ;
#4465 = CARTESIAN_POINT ( 'NONE',  ( -22.41771300448399629, 28.91940829628347487, 990.4916601271910395 ) ) ;
#4466 = EDGE_CURVE ( 'NONE', #956, #4899, #7094, .T. ) ;
#4467 = ORIENTED_EDGE ( 'NONE', *, *, #6281, .F. ) ;
#4468 = ORIENTED_EDGE ( 'NONE', *, *, #4314, .F. ) ;
#4469 = PLANE ( 'NONE',  #2707 ) ;
#4470 = EDGE_LOOP ( 'NONE', ( #7243, #8034, #10106, #1444 ) ) ;
#4471 = CARTESIAN_POINT ( 'NONE',  ( -29.74115182449024175, 30.93690836645419395, 1014.306158709955753 ) ) ;
#4472 = DIRECTION ( 'NONE',  ( 3.868740194890244000E-16, -1.000000000000000000, 0.000000000000000000 ) ) ;
#4473 = CARTESIAN_POINT ( 'NONE',  ( -46.60862144250199890, -6.984639884534449727, 997.9916601271909258 ) ) ;
#4474 = CARTESIAN_POINT ( 'NONE',  ( -25.11771300448399202, 43.90074331921501738, 993.1916601271909713 ) ) ;
#4475 = VECTOR ( 'NONE', #1083, 1000.000000000000114 ) ;
#4476 = B_SPLINE_CURVE_WITH_KNOTS ( 'NONE', 3,
 ( #1066, #5332, #8629, #7749 ),
 .UNSPECIFIED., .F., .F.,
 ( 4, 4 ),
 ( -0.4288005199283330127, 0.000000000000000000 ),
 .UNSPECIFIED. ) ;
#4477 = LINE ( 'NONE', #374, #5695 ) ;
#4478 = LINE ( 'NONE', #1241, #3923 ) ;
#4479 = EDGE_LOOP ( 'NONE', ( #3848, #10430, #9922, #834 ) ) ;
#4480 = CARTESIAN_POINT ( 'NONE',  ( -47.87918457301358899, -10.25402990904469824, 999.7823056273281281 ) ) ;
#4481 = ORIENTED_EDGE ( 'NONE', *, *, #1789, .F. ) ;
#4482 = CONICAL_SURFACE ( 'NONE', #9997, 1.049999999999979838, 0.7853981633974661536 ) ;
#4483 = ORIENTED_EDGE ( 'NONE', *, *, #9163, .T. ) ;
#4484 = DIRECTION ( 'NONE',  ( -0.000000000000000000, -0.000000000000000000, 1.000000000000000000 ) ) ;
#4485 = ORIENTED_EDGE ( 'NONE', *, *, #10113, .F. ) ;
#4486 = CARTESIAN_POINT ( 'NONE',  ( -28.71577430776599016, 26.01981126762374430, 983.4916601271910395 ) ) ;
#4487 = CARTESIAN_POINT ( 'NONE',  ( -27.33806087023164011, 14.82819536793180326, 1002.221312261443131 ) ) ;
#4488 = DIRECTION ( 'NONE',  ( -0.000000000000000000, -0.000000000000000000, 1.000000000000000000 ) ) ;
#4489 = EDGE_CURVE ( 'NONE', #490, #9798, #8832, .T. ) ;
#4490 = CARTESIAN_POINT ( 'NONE',  ( 0.000000000000000000, 0.000000000000000000, 0.000000000000000000 ) ) ;
#4491 = CARTESIAN_POINT ( 'NONE',  ( -9.667713004484077999, -3.740186989311067546E-15, 1003.491660127191039 ) ) ;
#4492 = VECTOR ( 'NONE', #1371, 1000.000000000000114 ) ;
#4493 =( BOUNDED_CURVE ( )  B_SPLINE_CURVE ( 3, ( #3029, #9562, #7333, #6256 ),
 .UNSPECIFIED., .F., .F. ) 
 B_SPLINE_CURVE_WITH_KNOTS ( ( 4, 4 ),
 ( 0.08814431501893130183, 0.8294703209069549388 ),
 .UNSPECIFIED. ) 
 CURVE ( )  GEOMETRIC_REPRESENTATION_ITEM ( )  RATIONAL_B_SPLINE_CURVE ( ( 1.000000000000000000, 0.9547249257431299485, 0.9547249257431299485, 1.000000000000000000 ) ) 
 REPRESENTATION_ITEM ( '' )  );
#4494 = EDGE_CURVE ( 'NONE', #6080, #2905, #9116, .T. ) ;
#4495 = VERTEX_POINT ( 'NONE', #3279 ) ;
#4496 = EDGE_CURVE ( 'NONE', #6214, #9372, #6698, .T. ) ;
#4497 = CARTESIAN_POINT ( 'NONE',  ( -16.81842501921067878, 37.54806902988372030, 1013.641658718408507 ) ) ;
#4498 = ORIENTED_EDGE ( 'NONE', *, *, #136, .F. ) ;
#4499 = VERTEX_POINT ( 'NONE', #5860 ) ;
#4500 = AXIS2_PLACEMENT_3D ( 'NONE', #7246, #9636, #8052 ) ;
#4501 = CIRCLE ( 'NONE', #4841, 2.250000000000001776 ) ;
#4502 = EDGE_CURVE ( 'NONE', #10159, #6774, #6044, .T. ) ;
#4503 = CARTESIAN_POINT ( 'NONE',  ( -25.92361146819763462, -28.74936277722193623, 1002.895356525875172 ) ) ;
#4504 = CARTESIAN_POINT ( 'NONE',  ( -25.46244619668694043, -28.25791218717139941, 1004.591660127191176 ) ) ;
#4505 = CARTESIAN_POINT ( 'NONE',  ( -19.07297981228107275, -28.25791218717139941, 1000.991660127190926 ) ) ;
#4506 = CARTESIAN_POINT ( 'NONE',  ( -18.74452341086154306, -27.41528637933360102, 999.9612147146393681 ) ) ;
#4507 = VECTOR ( 'NONE', #1873, 1000.000000000000114 ) ;
#4508 = AXIS2_PLACEMENT_3D ( 'NONE', #9004, #7518, #2570 ) ;
#4509 = ORIENTED_EDGE ( 'NONE', *, *, #7858, .T. ) ;
#4510 = DIRECTION ( 'NONE',  ( 0.000000000000000000, -1.000000000000000000, 0.000000000000000000 ) ) ;
#4511 = ORIENTED_EDGE ( 'NONE', *, *, #5115, .T. ) ;
#4512 = CARTESIAN_POINT ( 'NONE',  ( -27.14165411687291041, 7.607799720753998685, 1002.241660127191039 ) ) ;
#4513 = ORIENTED_EDGE ( 'NONE', *, *, #4159, .F. ) ;
#4514 = ADVANCED_FACE ( 'NONE', ( #5809 ), #6732, .F. ) ;
#4515 = CARTESIAN_POINT ( 'NONE',  ( -21.99082700623536724, 27.87763974395444677, 990.0778207250950800 ) ) ;
#4516 = CARTESIAN_POINT ( 'NONE',  ( -19.07297981228107275, -27.65791218717139799, 1002.377300773245906 ) ) ;
#4517 = AXIS2_PLACEMENT_3D ( 'NONE', #9827, #2291, #3152 ) ;
#4518 = CIRCLE ( 'NONE', #2297, 5.098061303281991030 ) ;
#4519 = DIRECTION ( 'NONE',  ( -1.000000000000000000, 0.000000000000000000, 0.000000000000000000 ) ) ;
#4520 = CARTESIAN_POINT ( 'NONE',  ( 0.000000000000000000, 26.05339869864173608, 987.2916601271911077 ) ) ;
#4521 = DIRECTION ( 'NONE',  ( 0.7071067811865475727, 0.000000000000000000, 0.7071067811865475727 ) ) ;
#4522 = B_SPLINE_CURVE_WITH_KNOTS ( 'NONE', 3,
 ( #10232, #2795, #6073, #9382 ),
 .UNSPECIFIED., .F., .F.,
 ( 4, 4 ),
 ( 0.000000000000000000, 1.000000000000000000 ),
 .UNSPECIFIED. ) ;
#4523 = DIRECTION ( 'NONE',  ( 0.000000000000000000, 0.000000000000000000, 1.000000000000000000 ) ) ;
#4524 = CARTESIAN_POINT ( 'NONE',  ( -30.41771300448401050, 36.37206337602792416, 1013.641658718408507 ) ) ;
#4525 = CARTESIAN_POINT ( 'NONE',  ( -19.03836248032618528, 27.07646519150600994, 983.5780480797828886 ) ) ;
#4526 = VECTOR ( 'NONE', #7910, 999.9999999999998863 ) ;
#4527 = AXIS2_PLACEMENT_3D ( 'NONE', #1845, #921, #9937 ) ;
#4528 = ORIENTED_EDGE ( 'NONE', *, *, #9777, .T. ) ;
#4529 = VERTEX_POINT ( 'NONE', #790 ) ;
#4530 = ORIENTED_EDGE ( 'NONE', *, *, #1849, .F. ) ;
#4531 = DIRECTION ( 'NONE',  ( -0.9958633612576837102, 0.09086344537022716938, 0.000000000000000000 ) ) ;
#4532 = ORIENTED_EDGE ( 'NONE', *, *, #6402, .F. ) ;
#4533 = CARTESIAN_POINT ( 'NONE',  ( -19.18020403930965045, 26.18747195133967764, 987.4257333798889249 ) ) ;
#4534 = EDGE_CURVE ( 'NONE', #10601, #5344, #7473, .T. ) ;
#4535 = DIRECTION ( 'NONE',  ( 4.329780281177465813E-17, 0.7071067811865470176, -0.7071067811865480168 ) ) ;
#4536 = CARTESIAN_POINT ( 'NONE',  ( -18.46759084051078759, 44.52206366277465577, 989.1880450686630866 ) ) ;
#4537 = VECTOR ( 'NONE', #3917, 1000.000000000000000 ) ;
#4538 = CARTESIAN_POINT ( 'NONE',  ( -29.76771300448400126, -29.25791218717159481, 997.9916601271909258 ) ) ;
#4539 = CARTESIAN_POINT ( 'NONE',  ( -8.467713004484000550, 44.52206366277465577, 995.9916601271909258 ) ) ;
#4540 = PLANE ( 'NONE',  #9957 ) ;
#4541 = VERTEX_POINT ( 'NONE', #7324 ) ;
#4542 = CARTESIAN_POINT ( 'NONE',  ( -33.17157833668719746, -23.32439744480420174, 1000.991660127190926 ) ) ;
#4543 = ORIENTED_EDGE ( 'NONE', *, *, #3058, .T. ) ;
#4544 = CARTESIAN_POINT ( 'NONE',  ( -25.76491322853053134, -28.38667228841870127, 1001.827793057350732 ) ) ;
#4545 = ORIENTED_EDGE ( 'NONE', *, *, #2906, .T. ) ;
#4546 = CARTESIAN_POINT ( 'NONE',  ( -13.48757044233307667, 23.68773000875489743, 983.4916601271910395 ) ) ;
#4547 = EDGE_CURVE ( 'NONE', #7146, #2488, #5700, .T. ) ;
#4548 = LINE ( 'NONE', #3729, #1198 ) ;
#4549 = CARTESIAN_POINT ( 'NONE',  ( -30.41771300448400694, 29.52206337602792630, 987.4916601271910395 ) ) ;
#4550 = LINE ( 'NONE', #559, #2015 ) ;
#4551 = DIRECTION ( 'NONE',  ( -0.5000000000000112133, -0.5000000000000097700, -0.7071067811865328068 ) ) ;
#4552 = ORIENTED_EDGE ( 'NONE', *, *, #2057, .T. ) ;
#4553 = CARTESIAN_POINT ( 'NONE',  ( -18.43507433649104144, -27.58225733130979762, 1001.815518504412694 ) ) ;
#4554 = VERTEX_POINT ( 'NONE', #10608 ) ;
#4555 = ORIENTED_EDGE ( 'NONE', *, *, #3902, .F. ) ;
#4556 = CARTESIAN_POINT ( 'NONE',  ( -25.11771300448399558, 26.87358669062095728, 992.6701528648918611 ) ) ;
#4557 = EDGE_CURVE ( 'NONE', #6828, #3691, #10184, .T. ) ;
#4558 = CARTESIAN_POINT ( 'NONE',  ( -20.79160835332122303, -29.19795394728929949, 1001.882705679757009 ) ) ;
#4559 = CARTESIAN_POINT ( 'NONE',  ( -26.06244619668694185, -28.25791218717139941, 1004.591660127191176 ) ) ;
#4560 = DIRECTION ( 'NONE',  ( -1.000000000000000000, 0.000000000000000000, 0.000000000000000000 ) ) ;
#4561 = EDGE_CURVE ( 'NONE', #5934, #913, #5546, .T. ) ;
#4562 = ORIENTED_EDGE ( 'NONE', *, *, #259, .F. ) ;
#4563 = FACE_OUTER_BOUND ( 'NONE', #116, .T. ) ;
#4564 = ORIENTED_EDGE ( 'NONE', *, *, #6465, .F. ) ;
#4565 = EDGE_CURVE ( 'NONE', #7283, #6765, #5052, .T. ) ;
#4566 = VECTOR ( 'NONE', #573, 1000.000000000000000 ) ;
#4567 = CARTESIAN_POINT ( 'NONE',  ( -23.66271300448400083, -28.70124835607409963, 1001.016680275972590 ) ) ;
#4568 = ORIENTED_EDGE ( 'NONE', *, *, #1613, .F. ) ;
#4569 = CARTESIAN_POINT ( 'NONE',  ( -19.41771300448399629, 28.91940829628347132, 990.4916601271911532 ) ) ;
#4570 = DIRECTION ( 'NONE',  ( 1.000000000000000000, 0.000000000000000000, 0.000000000000000000 ) ) ;
#4571 = CARTESIAN_POINT ( 'NONE',  ( -43.42448221303470035, -15.14434477637386856, 999.4916601271909258 ) ) ;
#4572 = CARTESIAN_POINT ( 'NONE',  ( -18.33941398286350122, -26.87226130409107228, 1001.346190587174078 ) ) ;
#4573 = FACE_BOUND ( 'NONE', #3939, .T. ) ;
#4574 = CARTESIAN_POINT ( 'NONE',  ( -27.05277848976460930, 2.767698785255751748, 1000.991660127190926 ) ) ;
#4575 = DIRECTION ( 'NONE',  ( 0.000000000000000000, 0.7071067811864678587, -0.7071067811866271757 ) ) ;
#4576 = EDGE_CURVE ( 'NONE', #9010, #5638, #8493, .T. ) ;
#4577 = DIRECTION ( 'NONE',  ( 1.000000000000000000, 0.000000000000000000, -0.000000000000000000 ) ) ;
#4578 = ORIENTED_EDGE ( 'NONE', *, *, #2426, .T. ) ;
#4579 = CARTESIAN_POINT ( 'NONE',  ( -26.86771300448416611, 44.52206366277465577, 995.9916601271909258 ) ) ;
#4580 = VERTEX_POINT ( 'NONE', #146 ) ;
#4581 = FACE_OUTER_BOUND ( 'NONE', #2647, .T. ) ;
#4582 = CARTESIAN_POINT ( 'NONE',  ( -8.467713004483993444, 26.58626659614303378, 956.7212035758847151 ) ) ;
#4583 = DIRECTION ( 'NONE',  ( -0.7071067811865608954, 8.659560562355098026E-17, 0.7071067811865342501 ) ) ;
#4584 = CARTESIAN_POINT ( 'NONE',  ( -15.81965170120199993, 43.92206330434124339, 987.4916601271910395 ) ) ;
#4585 = CARTESIAN_POINT ( 'NONE',  ( -17.48264751920339322, 2.767698785255751748, 1000.991660127190926 ) ) ;
#4586 = FACE_OUTER_BOUND ( 'NONE', #1286, .T. ) ;
#4587 = VECTOR ( 'NONE', #8927, 1000.000000000000000 ) ;
#4588 = DIRECTION ( 'NONE',  ( 2.312964634635826675E-15, 0.000000000000000000, 1.000000000000000000 ) ) ;
#4589 = ORIENTED_EDGE ( 'NONE', *, *, #6952, .T. ) ;
#4590 = ORIENTED_EDGE ( 'NONE', *, *, #9247, .T. ) ;
#4591 = PLANE ( 'NONE',  #8379 ) ;
#4592 = ORIENTED_EDGE ( 'NONE', *, *, #5673, .T. ) ;
#4593 = DIRECTION ( 'NONE',  ( -0.6785983445458532159, 0.2810846377148260022, -0.6785983445458385610 ) ) ;
#4594 = VECTOR ( 'NONE', #9397, 1000.000000000000000 ) ;
#4595 = CARTESIAN_POINT ( 'NONE',  ( -19.20818512697252345, -28.05789265480461125, 999.1916796595580763 ) ) ;
#4596 = DIRECTION ( 'NONE',  ( -0.000000000000000000, -0.000000000000000000, 1.000000000000000000 ) ) ;
#4597 = CARTESIAN_POINT ( 'NONE',  ( -18.77311321617959194, -28.38647986532109968, 1001.824733954718113 ) ) ;
#4598 = CARTESIAN_POINT ( 'NONE',  ( -24.38766222899702640, 17.45180073982880486, 987.4916601271910395 ) ) ;
#4599 = DIRECTION ( 'NONE',  ( 0.000000000000000000, 1.000000000000000000, 0.000000000000000000 ) ) ;
#4600 = VECTOR ( 'NONE', #9225, 1000.000000000000000 ) ;
#4601 = VECTOR ( 'NONE', #355, 1000.000000000000000 ) ;
#4602 = EDGE_CURVE ( 'NONE', #1092, #9097, #9065, .T. ) ;
#4603 = EDGE_LOOP ( 'NONE', ( #700, #6198, #3578, #10570 ) ) ;
#4604 = CARTESIAN_POINT ( 'NONE',  ( -25.80282165661000349, 2.767698785255751748, 1003.491660127191039 ) ) ;
#4605 = ORIENTED_EDGE ( 'NONE', *, *, #2328, .F. ) ;
#4606 = ORIENTED_EDGE ( 'NONE', *, *, #8992, .T. ) ;
#4607 = CARTESIAN_POINT ( 'NONE',  ( -22.48126197321035136, 28.18629870487155742, 990.3054075333322999 ) ) ;
#4608 = PLANE ( 'NONE',  #3487 ) ;
#4609 = AXIS2_PLACEMENT_3D ( 'NONE', #8677, #10067, #4458 ) ;
#4610 = VECTOR ( 'NONE', #2126, 1000.000000000000000 ) ;
#4611 = LINE ( 'NONE', #8004, #4735 ) ;
#4612 = DIRECTION ( 'NONE',  ( -0.7071067811864217845, 0.000000000000000000, -0.7071067811866732500 ) ) ;
#4613 = ORIENTED_EDGE ( 'NONE', *, *, #10667, .F. ) ;
#4614 = CARTESIAN_POINT ( 'NONE',  ( -17.26771300448400126, 8.655756606077503079, 1000.062727939056344 ) ) ;
#4615 = EDGE_CURVE ( 'NONE', #5959, #2158, #3386, .T. ) ;
#4616 = CIRCLE ( 'NONE', #4951, 0.7999999999999989342 ) ;
#4617 = ORIENTED_EDGE ( 'NONE', *, *, #7851, .F. ) ;
#4618 = CARTESIAN_POINT ( 'NONE',  ( -24.25094586707103161, -29.06636548279350407, 1001.343518006234262 ) ) ;
#4619 = VERTEX_POINT ( 'NONE', #4137 ) ;
#4620 = LINE ( 'NONE', #10544, #8393 ) ;
#4621 = EDGE_CURVE ( 'NONE', #7314, #10181, #3439, .T. ) ;
#4622 = LINE ( 'NONE', #1338, #4335 ) ;
#4623 = CARTESIAN_POINT ( 'NONE',  ( -20.79975992686539144, -29.19861726305130034, 1001.708047301517809 ) ) ;
#4624 = CARTESIAN_POINT ( 'NONE',  ( -25.11771300448399558, 26.01981126762380825, 995.9916601271909258 ) ) ;
#4625 = DIRECTION ( 'NONE',  ( -0.000000000000000000, -0.7071067811865487940, -0.7071067811865463515 ) ) ;
#4626 = ADVANCED_FACE ( 'NONE', ( #5103 ), #5756, .T. ) ;
#4627 = DIRECTION ( 'NONE',  ( -1.000000000000000000, 0.000000000000000000, 0.000000000000000000 ) ) ;
#4628 = AXIS2_PLACEMENT_3D ( 'NONE', #5537, #1446, #3302 ) ;
#4629 = EDGE_CURVE ( 'NONE', #5317, #3498, #2425, .T. ) ;
#4630 = DIRECTION ( 'NONE',  ( -0.000000000000000000, -0.000000000000000000, -1.000000000000000000 ) ) ;
#4631 = EDGE_CURVE ( 'NONE', #2322, #406, #10661, .T. ) ;
#4632 = ORIENTED_EDGE ( 'NONE', *, *, #646, .T. ) ;
#4633 = EDGE_LOOP ( 'NONE', ( #1571, #6724 ) ) ;
#4634 = DIRECTION ( 'NONE',  ( 0.000000000000000000, 0.000000000000000000, -1.000000000000000000 ) ) ;
#4635 = ORIENTED_EDGE ( 'NONE', *, *, #9930, .T. ) ;
#4636 = CARTESIAN_POINT ( 'NONE',  ( -24.95573418036936530, 42.78403933336949194, 990.6536389513332779 ) ) ;
#4637 = EDGE_CURVE ( 'NONE', #4619, #2670, #6622, .T. ) ;
#4638 = CARTESIAN_POINT ( 'NONE',  ( -27.64465676822077711, 4.704619038911732609, 1000.991660127190471 ) ) ;
#4639 = CARTESIAN_POINT ( 'NONE',  ( -19.41771300448399273, 43.12023954621565025, 993.1916601272215530 ) ) ;
#4640 = LINE ( 'NONE', #4421, #8666 ) ;
#4641 = FACE_OUTER_BOUND ( 'NONE', #6258, .T. ) ;
#4642 = CARTESIAN_POINT ( 'NONE',  ( -26.03471446194339123, -28.37472458465229508, 1002.331612020016792 ) ) ;
#4643 = AXIS2_PLACEMENT_3D ( 'NONE', #1017, #811, #2602 ) ;
#4644 = CARTESIAN_POINT ( 'NONE',  ( -18.51006761472113027, 3.012829882053987607, 1003.491660127191153 ) ) ;
#4645 = ORIENTED_EDGE ( 'NONE', *, *, #2439, .T. ) ;
#4646 = ORIENTED_EDGE ( 'NONE', *, *, #2764, .T. ) ;
#4647 = CARTESIAN_POINT ( 'NONE',  ( -17.26771300448400126, 13.64413097241205186, 1002.291660127190994 ) ) ;
#4648 = ORIENTED_EDGE ( 'NONE', *, *, #7912, .T. ) ;
#4649 = VERTEX_POINT ( 'NONE', #7804 ) ;
#4650 = CARTESIAN_POINT ( 'NONE',  ( -25.94776431450668852, -28.39977065732399808, 1002.044955583238902 ) ) ;
#4651 = ORIENTED_EDGE ( 'NONE', *, *, #266, .F. ) ;
#4652 = EDGE_CURVE ( 'NONE', #6055, #8984, #7744, .T. ) ;
#4653 = CARTESIAN_POINT ( 'NONE',  ( -30.39859637075878140, 0.5772708352942014232, 1000.991660127176715 ) ) ;
#4654 = CARTESIAN_POINT ( 'NONE',  ( -9.967713004484132000, 30.87414358537390768, 1016.041658718408485 ) ) ;
#4655 = CARTESIAN_POINT ( 'NONE',  ( -33.71771300448400410, 39.67206337602792132, 1016.641658718408394 ) ) ;
#4656 = LINE ( 'NONE', #10525, #1212 ) ;
#4657 = ADVANCED_FACE ( 'NONE', ( #2041 ), #6949, .F. ) ;
#4658 = CARTESIAN_POINT ( 'NONE',  ( 0.000000000000000000, 44.22206330434122634, 987.4916601271910395 ) ) ;
#4659 = VECTOR ( 'NONE', #9504, 1000.000000000000000 ) ;
#4660 = ORIENTED_EDGE ( 'NONE', *, *, #6449, .F. ) ;
#4661 = ORIENTED_EDGE ( 'NONE', *, *, #2934, .F. ) ;
#4662 = VERTEX_POINT ( 'NONE', #6182 ) ;
#4663 = CARTESIAN_POINT ( 'NONE',  ( -22.50874528803875307, 28.02472295600294316, 990.2028096027705715 ) ) ;
#4664 = FACE_OUTER_BOUND ( 'NONE', #1287, .T. ) ;
#4665 = VECTOR ( 'NONE', #9076, 1000.000000000000000 ) ;
#4666 = ADVANCED_FACE ( 'NONE', ( #4464 ), #8174, .T. ) ;
#4667 = DIRECTION ( 'NONE',  ( -0.000000000000000000, -0.000000000000000000, 1.000000000000000000 ) ) ;
#4668 = CARTESIAN_POINT ( 'NONE',  ( -20.51771300448400126, 6.316134549268400455, 995.9916601271909258 ) ) ;
#4669 = ORIENTED_EDGE ( 'NONE', *, *, #8017, .T. ) ;
#4670 = CARTESIAN_POINT ( 'NONE',  ( -28.11795447798599312, 44.52206366277465577, 1003.491660127191039 ) ) ;
#4671 = VECTOR ( 'NONE', #5928, 1000.000000000000000 ) ;
#4672 = ORIENTED_EDGE ( 'NONE', *, *, #7633, .F. ) ;
#4673 = LINE ( 'NONE', #9645, #307 ) ;
#4674 = EDGE_LOOP ( 'NONE', ( #984, #10571, #1348, #9972, #4897 ) ) ;
#4675 = CARTESIAN_POINT ( 'NONE',  ( -23.74381765564677949, -29.19795394728929949, 1001.882705679757009 ) ) ;
#4676 = CARTESIAN_POINT ( 'NONE',  ( -34.86771300448391742, 43.92206366277464724, 1003.491660127191039 ) ) ;
#4677 = EDGE_CURVE ( 'NONE', #1145, #3834, #2510, .T. ) ;
#4678 = CARTESIAN_POINT ( 'NONE',  ( -25.20114276020493804, 25.24948002259734992, 988.0916604856245158 ) ) ;
#4679 = CARTESIAN_POINT ( 'NONE',  ( -20.79160835332122303, -29.19795394728929949, 1001.882705679757009 ) ) ;
#4680 = PLANE ( 'NONE',  #2424 ) ;
#4681 = VECTOR ( 'NONE', #5276, 1000.000000000000000 ) ;
#4682 = CARTESIAN_POINT ( 'NONE',  ( -18.47275686742108292, -27.27486185344756109, 1001.578796290767627 ) ) ;
#4683 = LINE ( 'NONE', #7966, #2290 ) ;
#4684 = CARTESIAN_POINT ( 'NONE',  ( -19.33878994766156012, 26.04993387771802560, 988.0117483251973454 ) ) ;
#4685 = DIRECTION ( 'NONE',  ( 0.4472012402998730152, 0.000000000000000000, 0.8944333684932909145 ) ) ;
#4686 = AXIS2_PLACEMENT_3D ( 'NONE', #690, #7272, #4740 ) ;
#4687 = AXIS2_PLACEMENT_3D ( 'NONE', #10551, #1341, #4627 ) ;
#4688 = VERTEX_POINT ( 'NONE', #3495 ) ;
#4689 = EDGE_CURVE ( 'NONE', #10664, #3030, #6784, .T. ) ;
#4690 = LINE ( 'NONE', #8911, #644 ) ;
#4691 = EDGE_CURVE ( 'NONE', #8255, #2186, #10628, .T. ) ;
#4692 = EDGE_LOOP ( 'NONE', ( #3354, #2587, #1952, #7824 ) ) ;
#4693 = CARTESIAN_POINT ( 'NONE',  ( -25.51837188758579344, 44.48302267739311588, 989.3842819546571263 ) ) ;
#4694 = DIRECTION ( 'NONE',  ( 0.000000000000000000, 0.000000000000000000, -1.000000000000000000 ) ) ;
#4695 = DIRECTION ( 'NONE',  ( -0.000000000000000000, 0.000000000000000000, -1.000000000000000000 ) ) ;
#4696 = EDGE_CURVE ( 'NONE', #5270, #7956, #4501, .T. ) ;
#4697 = CARTESIAN_POINT ( 'NONE',  ( -48.43771300448400297, -10.47773340385699647, 997.9916601271909258 ) ) ;
#4698 = DIRECTION ( 'NONE',  ( -8.742277735063196173E-08, 0.9999999999999961142, 0.000000000000000000 ) ) ;
#4699 = DIRECTION ( 'NONE',  ( 0.7071067811865462405, -0.7071067811865489050, 0.000000000000000000 ) ) ;
#4700 = AXIS2_PLACEMENT_3D ( 'NONE', #9460, #2872, #6206 ) ;
#4701 = AXIS2_PLACEMENT_3D ( 'NONE', #174, #2721, #5451 ) ;
#4702 = CARTESIAN_POINT ( 'NONE',  ( -32.06771300448400552, 29.52206337602792630, 997.9916601271910395 ) ) ;
#4703 = EDGE_LOOP ( 'NONE', ( #6967, #7747, #10491, #9119 ) ) ;
#4704 = ORIENTED_EDGE ( 'NONE', *, *, #5087, .F. ) ;
#4705 = CYLINDRICAL_SURFACE ( 'NONE', #7070, 0.8000000000000008216 ) ;
#4706 = ORIENTED_EDGE ( 'NONE', *, *, #1, .F. ) ;
#4707 = EDGE_CURVE ( 'NONE', #4927, #9310, #1931, .T. ) ;
#4708 = FACE_OUTER_BOUND ( 'NONE', #380, .T. ) ;
#4709 = VECTOR ( 'NONE', #693, 1000.000000000000000 ) ;
#4710 = VERTEX_POINT ( 'NONE', #10179 ) ;
#4711 = CARTESIAN_POINT ( 'NONE',  ( -30.41771300448400694, 29.52206337602792630, 995.9916601271909258 ) ) ;
#4712 = CARTESIAN_POINT ( 'NONE',  ( -9.667713004484090433, 31.17414358537395103, 1016.041658718408485 ) ) ;
#4713 = CARTESIAN_POINT ( 'NONE',  ( -17.82638798584049056, 15.08874516224460471, 996.6329851458344820 ) ) ;
#4714 = ADVANCED_FACE ( 'NONE', ( #10334 ), #1503, .F. ) ;
#4715 = VECTOR ( 'NONE', #7624, 1000.000000000000000 ) ;
#4716 = FACE_OUTER_BOUND ( 'NONE', #9267, .T. ) ;
#4717 = EDGE_CURVE ( 'NONE', #10301, #8909, #6452, .T. ) ;
#4718 = ORIENTED_EDGE ( 'NONE', *, *, #8110, .T. ) ;
#4719 = EDGE_LOOP ( 'NONE', ( #10130, #3335, #5167 ) ) ;
#4720 = ORIENTED_EDGE ( 'NONE', *, *, #2827, .T. ) ;
#4721 = CARTESIAN_POINT ( 'NONE',  ( -19.41032731402613010, 25.77028418892918538, 991.5664143224561258 ) ) ;
#4722 = FACE_OUTER_BOUND ( 'NONE', #6748, .T. ) ;
#4723 = CARTESIAN_POINT ( 'NONE',  ( -12.46771300448399344, 36.37206337602792416, 1016.641658718408394 ) ) ;
#4724 = DIRECTION ( 'NONE',  ( 0.000000000000000000, 0.000000000000000000, 1.000000000000000000 ) ) ;
#4725 = ORIENTED_EDGE ( 'NONE', *, *, #6461, .F. ) ;
#4726 = CARTESIAN_POINT ( 'NONE',  ( -27.26771300448400126, 26.45910916343019537, 1002.291660127190994 ) ) ;
#4727 = B_SPLINE_CURVE_WITH_KNOTS ( 'NONE', 3,
 ( #9228, #756, #5823, #10624 ),
 .UNSPECIFIED., .F., .F.,
 ( 4, 4 ),
 ( 0.000000000000000000, 1.000000000000000000 ),
 .UNSPECIFIED. ) ;
#4728 = EDGE_LOOP ( 'NONE', ( #9150, #514, #565, #4141, #8150 ) ) ;
#4729 = ORIENTED_EDGE ( 'NONE', *, *, #5773, .T. ) ;
#4730 = CARTESIAN_POINT ( 'NONE',  ( -21.78428821366358648, -29.18361197886779834, 1001.403112830869759 ) ) ;
#4731 = PLANE ( 'NONE',  #3826 ) ;
#4732 = CARTESIAN_POINT ( 'NONE',  ( -18.21684416729785028, -26.70855517707596860, 1001.253226950287171 ) ) ;
#4733 = CARTESIAN_POINT ( 'NONE',  ( -14.11771300448399380, 29.47981022745160828, 995.9916601271909258 ) ) ;
#4734 = CARTESIAN_POINT ( 'NONE',  ( -12.46771300448399344, 36.37206337602792416, 1003.491660127191039 ) ) ;
#4735 = VECTOR ( 'NONE', #4667, 1000.000000000000000 ) ;
#4736 = ADVANCED_FACE ( 'NONE', ( #8856 ), #2957, .F. ) ;
#4737 = ORIENTED_EDGE ( 'NONE', *, *, #6076, .T. ) ;
#4738 = ORIENTED_EDGE ( 'NONE', *, *, #6993, .F. ) ;
#4739 = CARTESIAN_POINT ( 'NONE',  ( -28.71577430776599016, 26.01981126762374430, 987.4916601271910395 ) ) ;
#4740 = DIRECTION ( 'NONE',  ( 3.731144428023029386E-16, -1.000000000000000000, 0.000000000000000000 ) ) ;
#4741 = AXIS2_PLACEMENT_3D ( 'NONE', #4071, #882, #5743 ) ;
#4742 = CARTESIAN_POINT ( 'NONE',  ( -19.41771300448399629, -0.000000000000000000, 995.9916601271909258 ) ) ;
#4743 = CARTESIAN_POINT ( 'NONE',  ( -22.09063943490232518, 43.21841077693565580, 990.4819909951976342 ) ) ;
#4744 = CARTESIAN_POINT ( 'NONE',  ( -27.26771300448400126, 9.136670230785696845, 1002.291660127190994 ) ) ;
#4745 = LINE ( 'NONE', #1563, #4325 ) ;
#4746 = DIRECTION ( 'NONE',  ( -0.000000000000000000, -0.000000000000000000, -1.000000000000000000 ) ) ;
#4747 = DIRECTION ( 'NONE',  ( -0.7261534621377974119, 0.6875326533520357275, 0.000000000000000000 ) ) ;
#4748 = AXIS2_PLACEMENT_3D ( 'NONE', #9691, #6436, #620 ) ;
#4749 = ORIENTED_EDGE ( 'NONE', *, *, #8560, .T. ) ;
#4750 = DIRECTION ( 'NONE',  ( 1.000000000000000000, 0.000000000000000000, 0.000000000000000000 ) ) ;
#4751 = EDGE_CURVE ( 'NONE', #4068, #9508, #7058, .T. ) ;
#4752 = ORIENTED_EDGE ( 'NONE', *, *, #8017, .F. ) ;
#4753 = VERTEX_POINT ( 'NONE', #6236 ) ;
#4754 = CARTESIAN_POINT ( 'NONE',  ( -0.000000000000000000, 26.25339869864176023, 987.4916601271910395 ) ) ;
#4755 = EDGE_CURVE ( 'NONE', #6807, #3299, #472, .T. ) ;
#4756 = VERTEX_POINT ( 'NONE', #9544 ) ;
#4757 = CARTESIAN_POINT ( 'NONE',  ( 0.000000000000000000, 27.60339869864173679, 985.0416604856244476 ) ) ;
#4758 = CARTESIAN_POINT ( 'NONE',  ( -18.48478063289409690, -28.10517248786403854, 1003.022918496501802 ) ) ;
#4759 = EDGE_CURVE ( 'NONE', #1476, #8255, #5597, .T. ) ;
#4760 = CARTESIAN_POINT ( 'NONE',  ( -14.11771300448399380, 39.67206337602792132, 1016.641658718408394 ) ) ;
#4761 = CARTESIAN_POINT ( 'NONE',  ( -26.06771300448400197, 8.655756606077503079, 995.9916601271909258 ) ) ;
#4762 = AXIS2_PLACEMENT_3D ( 'NONE', #9732, #2343, #3196 ) ;
#4763 = ADVANCED_FACE ( 'NONE', ( #9708 ), #3068, .T. ) ;
#4764 = ORIENTED_EDGE ( 'NONE', *, *, #1715, .F. ) ;
#4765 = ORIENTED_EDGE ( 'NONE', *, *, #4884, .T. ) ;
#4766 = AXIS2_PLACEMENT_3D ( 'NONE', #3020, #8913, #9764 ) ;
#4767 = ORIENTED_EDGE ( 'NONE', *, *, #8176, .F. ) ;
#4768 = B_SPLINE_CURVE_WITH_KNOTS ( 'NONE', 3,
 ( #7012, #4420, #372, #6850 ),
 .UNSPECIFIED., .F., .F.,
 ( 4, 4 ),
 ( 0.000000000000000000, 1.000000000000000000 ),
 .UNSPECIFIED. ) ;
#4769 = CYLINDRICAL_SURFACE ( 'NONE', #8133, 4.249999999999995559 ) ;
#4770 = EDGE_CURVE ( 'NONE', #4979, #6228, #9697, .T. ) ;
#4771 = DIRECTION ( 'NONE',  ( 0.7454150085318020924, -0.6666006788591903875, 0.000000000000000000 ) ) ;
#4772 = FACE_OUTER_BOUND ( 'NONE', #2870, .T. ) ;
#4773 = VECTOR ( 'NONE', #1085, 1000.000000000000000 ) ;
#4774 = ORIENTED_EDGE ( 'NONE', *, *, #4689, .F. ) ;
#4775 = DIRECTION ( 'NONE',  ( -1.000000000000000000, 0.000000000000000000, 0.000000000000000000 ) ) ;
#4776 = EDGE_LOOP ( 'NONE', ( #3724, #4900, #449, #2266 ) ) ;
#4777 =( BOUNDED_CURVE ( )  B_SPLINE_CURVE ( 3, ( #3979, #6462, #4030, #2376 ),
 .UNSPECIFIED., .F., .F. ) 
 B_SPLINE_CURVE_WITH_KNOTS ( ( 4, 4 ),
 ( 0.08814431501893170429, 0.2396289484753260091 ),
 .UNSPECIFIED. ) 
 CURVE ( )  GEOMETRIC_REPRESENTATION_ITEM ( )  RATIONAL_B_SPLINE_CURVE ( ( 1.000000000000000000, 0.9980886145330980508, 0.9980886145330980508, 1.000000000000000000 ) ) 
 REPRESENTATION_ITEM ( '' )  );
#4778 = ORIENTED_EDGE ( 'NONE', *, *, #309, .T. ) ;
#4779 = ORIENTED_EDGE ( 'NONE', *, *, #5279, .F. ) ;
#4780 = AXIS2_PLACEMENT_3D ( 'NONE', #139, #6558, #2574 ) ;
#4781 = CARTESIAN_POINT ( 'NONE',  ( -18.55874250999092112, -28.75278690159280259, 1002.780257624907222 ) ) ;
#4782 = DIRECTION ( 'NONE',  ( 0.7071067811864674146, -0.7071067811866277308, -1.635512977795473060E-15 ) ) ;
#4783 = CYLINDRICAL_SURFACE ( 'NONE', #4078, 1.500000000000001332 ) ;
#4784 = CARTESIAN_POINT ( 'NONE',  ( -29.32821689112386565, -27.25791218717154862, 995.9916601271909258 ) ) ;
#4785 = CARTESIAN_POINT ( 'NONE',  ( -48.42013228982914796, -10.09156376103353381, 995.9916601271909258 ) ) ;
#4786 = ADVANCED_FACE ( 'NONE', ( #2320 ), #9344, .T. ) ;
#4787 = AXIS2_PLACEMENT_3D ( 'NONE', #3167, #6340, #2949 ) ;
#4788 = DIRECTION ( 'NONE',  ( 0.5773502691896984507, 0.5773502691895904260, 0.5773502691895883165 ) ) ;
#4789 = ORIENTED_EDGE ( 'NONE', *, *, #7200, .F. ) ;
#4790 = CARTESIAN_POINT ( 'NONE',  ( -25.18515196425860481, 25.31507208709095735, 990.0506392239016122 ) ) ;
#4791 = VECTOR ( 'NONE', #6571, 1000.000000000000227 ) ;
#4792 = FACE_OUTER_BOUND ( 'NONE', #1686, .T. ) ;
#4793 = AXIS2_PLACEMENT_3D ( 'NONE', #5908, #4987, #9860 ) ;
#4794 = CARTESIAN_POINT ( 'NONE',  ( -24.26771282526731710, 27.80339869864125646, 983.6916601271909713 ) ) ;
#4795 = CARTESIAN_POINT ( 'NONE',  ( -22.11771300448256383, 43.12023954621586341, 990.4916601271910395 ) ) ;
#4796 = CARTESIAN_POINT ( 'NONE',  ( -16.81842501921068234, 37.55660145725664023, 1003.491660127191039 ) ) ;
#4797 = DIRECTION ( 'NONE',  ( -0.000000000000000000, -0.000000000000000000, 1.000000000000000000 ) ) ;
#4798 = EDGE_CURVE ( 'NONE', #2447, #6228, #8015, .T. ) ;
#4799 = CARTESIAN_POINT ( 'NONE',  ( -18.46771300448400055, 13.95910916343019892, 1003.491660127191039 ) ) ;
#4800 = LINE ( 'NONE', #6253, #10126 ) ;
#4801 = AXIS2_PLACEMENT_3D ( 'NONE', #1154, #5258, #2838 ) ;
#4802 = ORIENTED_EDGE ( 'NONE', *, *, #1128, .F. ) ;
#4803 = ORIENTED_EDGE ( 'NONE', *, *, #9793, .T. ) ;
#4804 = CARTESIAN_POINT ( 'NONE',  ( -13.48757044233306068, 23.68773000875487966, 987.4916601271910395 ) ) ;
#4805 = VERTEX_POINT ( 'NONE', #3122 ) ;
#4806 = EDGE_LOOP ( 'NONE', ( #72, #209, #58, #1631 ) ) ;
#4807 = DIRECTION ( 'NONE',  ( -0.9999999999999962252, -8.742277735063197497E-08, -8.088231690946147513E-22 ) ) ;
#4808 = EDGE_LOOP ( 'NONE', ( #3657, #7017, #2282, #5010 ) ) ;
#4809 = CARTESIAN_POINT ( 'NONE',  ( -26.06771300269580749, 43.92206330434124339, 987.4916601271910395 ) ) ;
#4810 = CARTESIAN_POINT ( 'NONE',  ( -9.767713004483921324, 44.42206330434124339, 983.6916601271909713 ) ) ;
#4811 = CARTESIAN_POINT ( 'NONE',  ( -10.21771300448399167, 29.47981022745160828, 1003.491660127191039 ) ) ;
#4812 = VECTOR ( 'NONE', #7999, 1000.000000000000114 ) ;
#4813 = CARTESIAN_POINT ( 'NONE',  ( -26.86771287334993374, 43.02206287596966661, 997.4916601271909258 ) ) ;
#4814 = ORIENTED_EDGE ( 'NONE', *, *, #6200, .T. ) ;
#4815 = ORIENTED_EDGE ( 'NONE', *, *, #7823, .F. ) ;
#4816 = EDGE_CURVE ( 'NONE', #490, #2678, #9756, .T. ) ;
#4817 = CARTESIAN_POINT ( 'NONE',  ( -28.13878081634929629, 20.35439068285614894, 1003.491660127191039 ) ) ;
#4818 = CARTESIAN_POINT ( 'NONE',  ( -33.91771300448403537, 29.52206337602792630, 983.4916601271910395 ) ) ;
#4819 = ADVANCED_FACE ( 'NONE', ( #527 ), #3811, .F. ) ;
#4820 = DIRECTION ( 'NONE',  ( 0.7071067811865600072, 8.659560562355085700E-17, -0.7071067811865350272 ) ) ;
#4821 = VECTOR ( 'NONE', #104, 1000.000000000000000 ) ;
#4822 = LINE ( 'NONE', #6602, #6417 ) ;
#4823 = EDGE_CURVE ( 'NONE', #4187, #9097, #10390, .T. ) ;
#4824 = B_SPLINE_SURFACE_WITH_KNOTS ( 'NONE', 3, 3, ( 
 ( #2665, #232, #4437, #2826 ),
 ( #8541, #3025, #599, #10403 ),
 ( #3522, #9358, #3576, #1028 ),
 ( #6921, #3825, #2719, #1357 ),
 ( #3625, #1901, #6814, #5945 ) ),
 .UNSPECIFIED., .F., .F., .F.,
 ( 4, 1, 4 ),
 ( 4, 4 ),
 ( 0.000000000000000000, 0.5000000000000000000, 1.000000000000000000 ),
 ( 1.580904462545590024E-09, 0.02773104380359400073 ),
 .UNSPECIFIED. ) ;
#4825 = ORIENTED_EDGE ( 'NONE', *, *, #646, .F. ) ;
#4826 = DIRECTION ( 'NONE',  ( 1.000000000000000000, 0.000000000000000000, 0.000000000000000000 ) ) ;
#4827 = ORIENTED_EDGE ( 'NONE', *, *, #8793, .F. ) ;
#4828 = EDGE_CURVE ( 'NONE', #3641, #8513, #3865, .T. ) ;
#4829 = AXIS2_PLACEMENT_3D ( 'NONE', #3492, #2741, #6947 ) ;
#4830 = CARTESIAN_POINT ( 'NONE',  ( -26.06266914154691960, -27.27486185344758240, 1001.578796290767627 ) ) ;
#4831 = CARTESIAN_POINT ( 'NONE',  ( -47.20080973152320070, -13.47502353220716387, 995.9916601271909258 ) ) ;
#4832 = DIRECTION ( 'NONE',  ( 0.000000000000000000, 0.000000000000000000, -1.000000000000000000 ) ) ;
#4833 = DIRECTION ( 'NONE',  ( -1.000000000000000000, 0.000000000000000000, 0.000000000000000000 ) ) ;
#4834 = FACE_OUTER_BOUND ( 'NONE', #1635, .T. ) ;
#4835 = AXIS2_PLACEMENT_3D ( 'NONE', #10046, #6599, #171 ) ;
#4836 =( BOUNDED_CURVE ( )  B_SPLINE_CURVE ( 3, ( #5021, #8308, #9083, #6592 ),
 .UNSPECIFIED., .F., .T. ) 
 B_SPLINE_CURVE_WITH_KNOTS ( ( 4, 4 ),
 ( 3.141592653589787787, 4.015349885432565991 ),
 .UNSPECIFIED. ) 
 CURVE ( )  GEOMETRIC_REPRESENTATION_ITEM ( )  RATIONAL_B_SPLINE_CURVE ( ( 1.000000000000000000, 0.9373845161427665218, 0.9373845161427665218, 1.000000000000000000 ) ) 
 REPRESENTATION_ITEM ( '' )  );
#4837 = EDGE_CURVE ( 'NONE', #10671, #9350, #4683, .T. ) ;
#4838 = CARTESIAN_POINT ( 'NONE',  ( -19.33428324874340376, 25.24948002250772561, 989.1327798450088267 ) ) ;
#4839 = EDGE_LOOP ( 'NONE', ( #1657, #1595, #9071 ) ) ;
#4840 = LINE ( 'NONE', #3227, #123 ) ;
#4841 = AXIS2_PLACEMENT_3D ( 'NONE', #3547, #6021, #1984 ) ;
#4842 = CARTESIAN_POINT ( 'NONE',  ( -24.05575587983060259, 44.21472510145191848, 989.9066448145670165 ) ) ;
#4843 = CARTESIAN_POINT ( 'NONE',  ( -15.81965170120199993, 26.01981126762380825, 988.0916604856245158 ) ) ;
#4844 = CARTESIAN_POINT ( 'NONE',  ( -15.45788136897934706, 32.36895238567334587, 1013.641658718408507 ) ) ;
#4845 = CARTESIAN_POINT ( 'NONE',  ( -16.00255469426319266, 2.598980988463379216, 1000.992840817571619 ) ) ;
#4846 = LINE ( 'NONE', #10565, #7150 ) ;
#4847 = AXIS2_PLACEMENT_3D ( 'NONE', #5153, #1053, #6017 ) ;
#4848 = DIRECTION ( 'NONE',  ( 1.000000000000000000, 0.000000000000000000, -0.000000000000000000 ) ) ;
#4849 = AXIS2_PLACEMENT_3D ( 'NONE', #10377, #9531, #5530 ) ;
#4850 = EDGE_LOOP ( 'NONE', ( #7694, #1188, #7902, #10237 ) ) ;
#4851 = ORIENTED_EDGE ( 'NONE', *, *, #8724, .F. ) ;
#4852 = EDGE_LOOP ( 'NONE', ( #2644, #7781, #6626, #6025, #7426 ) ) ;
#4853 = ORIENTED_EDGE ( 'NONE', *, *, #10527, .T. ) ;
#4854 = DIRECTION ( 'NONE',  ( -0.000000000000000000, -0.000000000000000000, -1.000000000000000000 ) ) ;
#4855 = EDGE_LOOP ( 'NONE', ( #9820, #10238, #10211, #8383 ) ) ;
#4856 = FACE_OUTER_BOUND ( 'NONE', #1485, .T. ) ;
#4857 = VECTOR ( 'NONE', #9938, 1000.000000000000000 ) ;
#4858 = AXIS2_PLACEMENT_3D ( 'NONE', #5610, #1565, #8082 ) ;
#4859 = CYLINDRICAL_SURFACE ( 'NONE', #8121, 2.549999999999996714 ) ;
#4860 = PLANE ( 'NONE',  #4996 ) ;
#4861 = VERTEX_POINT ( 'NONE', #10497 ) ;
#4862 = DIRECTION ( 'NONE',  ( 0.2953062708492581456, 3.616458793636853403E-17, -0.9554026409829022848 ) ) ;
#4863 = AXIS2_PLACEMENT_3D ( 'NONE', #4208, #105, #7543 ) ;
#4864 = ORIENTED_EDGE ( 'NONE', *, *, #6114, .T. ) ;
#4865 = CARTESIAN_POINT ( 'NONE',  ( -26.03934854305309798, -28.31173543286229943, 1002.085855685374440 ) ) ;
#4866 = VERTEX_POINT ( 'NONE', #7165 ) ;
#4867 = EDGE_CURVE ( 'NONE', #8993, #6958, #6347, .T. ) ;
#4868 = DIRECTION ( 'NONE',  ( -1.000000000000000000, 2.892763624223640402E-15, 0.000000000000000000 ) ) ;
#4869 = CARTESIAN_POINT ( 'NONE',  ( -18.47297981228107133, -28.36553131374809666, 1002.802919771385859 ) ) ;
#4870 = CARTESIAN_POINT ( 'NONE',  ( -22.26771300448400126, 0.4755984881292998345, 995.9916601271909258 ) ) ;
#4871 = AXIS2_PLACEMENT_3D ( 'NONE', #3221, #7264, #8792 ) ;
#4872 = DIRECTION ( 'NONE',  ( 0.000000000000000000, 0.000000000000000000, -1.000000000000000000 ) ) ;
#4873 = DIRECTION ( 'NONE',  ( 0.000000000000000000, 1.000000000000000000, 0.000000000000000000 ) ) ;
#4874 = ORIENTED_EDGE ( 'NONE', *, *, #9622, .F. ) ;
#4875 = CARTESIAN_POINT ( 'NONE',  ( -22.45085397163288476, 28.44565939002582766, 990.4185234290575863 ) ) ;
#4876 = ORIENTED_EDGE ( 'NONE', *, *, #10417, .F. ) ;
#4877 = VERTEX_POINT ( 'NONE', #6400 ) ;
#4878 = EDGE_CURVE ( 'NONE', #235, #2670, #4339, .T. ) ;
#4879 = FACE_OUTER_BOUND ( 'NONE', #1667, .T. ) ;
#4880 = FILL_AREA_STYLE_COLOUR ( '', #767 ) ;
#4881 = EDGE_CURVE ( 'NONE', #4391, #6682, #7657, .T. ) ;
#4882 = CARTESIAN_POINT ( 'NONE',  ( -24.46771282526734126, 28.65192683606518642, 983.4916601271910395 ) ) ;
#4883 = CARTESIAN_POINT ( 'NONE',  ( -18.41532839360591112, -27.65767166153860046, 999.5919006528240516 ) ) ;
#4884 = EDGE_CURVE ( 'NONE', #6323, #1545, #1651, .T. ) ;
#4885 = CARTESIAN_POINT ( 'NONE',  ( -19.65728796591643146, 26.72318704942179934, 989.0732607226869959 ) ) ;
#4886 = DIRECTION ( 'NONE',  ( -1.000000000000000000, 0.000000000000000000, 0.000000000000000000 ) ) ;
#4887 = CYLINDRICAL_SURFACE ( 'NONE', #3138, 1.649999999999998579 ) ;
#4888 = PLANE ( 'NONE',  #7515 ) ;
#4889 = DIRECTION ( 'NONE',  ( -1.000000000000000000, 0.000000000000000000, 0.000000000000000000 ) ) ;
#4890 = DIRECTION ( 'NONE',  ( 0.5773502691897122174, 0.5773502691895826544, -0.5773502691895825434 ) ) ;
#4891 = CARTESIAN_POINT ( 'NONE',  ( -26.01771300448400126, -26.25791218717159836, 1000.991660127190926 ) ) ;
#4892 = ADVANCED_FACE ( 'NONE', ( #4834 ), #134, .F. ) ;
#4893 =( BOUNDED_CURVE ( )  B_SPLINE_CURVE ( 3, ( #2014, #3623, #5466, #8708 ),
 .UNSPECIFIED., .F., .F. ) 
 B_SPLINE_CURVE_WITH_KNOTS ( ( 4, 4 ),
 ( 6.009171103369427946, 6.557199510989737412 ),
 .UNSPECIFIED. ) 
 CURVE ( )  GEOMETRIC_REPRESENTATION_ITEM ( )  RATIONAL_B_SPLINE_CURVE ( ( 1.000000000000000000, 0.9751282799207713348, 0.9751282799207713348, 1.000000000000000000 ) ) 
 REPRESENTATION_ITEM ( '' )  );
#4894 = VECTOR ( 'NONE', #2558, 1000.000000000000000 ) ;
#4895 = CARTESIAN_POINT ( 'NONE',  ( -32.33715901253453495, 34.84736959455016603, 983.7916601271909940 ) ) ;
#4896 = CARTESIAN_POINT ( 'NONE',  ( -20.87271300448400169, -27.59594893642190172, 1000.378535358501040 ) ) ;
#4897 = ORIENTED_EDGE ( 'NONE', *, *, #2128, .F. ) ;
#4898 = ORIENTED_EDGE ( 'NONE', *, *, #3766, .F. ) ;
#4899 = VERTEX_POINT ( 'NONE', #2629 ) ;
#4900 = ORIENTED_EDGE ( 'NONE', *, *, #4751, .T. ) ;
#4901 = EDGE_LOOP ( 'NONE', ( #4121, #2226, #6404, #8441 ) ) ;
#4902 = CARTESIAN_POINT ( 'NONE',  ( -19.41771300448399984, 26.42737020510319113, 992.3844050158718346 ) ) ;
#4903 = VECTOR ( 'NONE', #25, 1000.000000000000000 ) ;
#4904 = ORIENTED_EDGE ( 'NONE', *, *, #540, .T. ) ;
#4905 = FACE_OUTER_BOUND ( 'NONE', #1420, .T. ) ;
#4906 = CARTESIAN_POINT ( 'NONE',  ( -14.71771300448399522, 29.47981022745160828, 999.1916601271910849 ) ) ;
#4907 = DIRECTION ( 'NONE',  ( 0.000000000000000000, 0.000000000000000000, -1.000000000000000000 ) ) ;
#4908 = B_SPLINE_SURFACE_WITH_KNOTS ( 'NONE', 3, 1, ( 
 ( #8575, #10342 ),
 ( #4471, #2966 ),
 ( #3605, #6137 ),
 ( #8747, #424 ),
 ( #3713, #1350 ),
 ( #7644, #2808 ),
 ( #9338, #3557 ) ),
 .UNSPECIFIED., .F., .F., .F.,
 ( 4, 1, 1, 1, 4 ),
 ( 2, 2 ),
 ( 0.002274984126250823024, 0.2578969697495968605, 0.5135189553729428980, 0.7691409409962890464, 1.024762926619634973 ),
 ( 0.000000000000000000, 1.000000000000000000 ),
 .UNSPECIFIED. ) ;
#4909 = DIRECTION ( 'NONE',  ( 0.000000000000000000, 0.000000000000000000, -1.000000000000000000 ) ) ;
#4910 = VECTOR ( 'NONE', #7658, 1000.000000000000000 ) ;
#4911 = FACE_OUTER_BOUND ( 'NONE', #7121, .T. ) ;
#4912 = ORIENTED_EDGE ( 'NONE', *, *, #2212, .T. ) ;
#4913 = CARTESIAN_POINT ( 'NONE',  ( -25.30599780473308869, -28.67834212884080003, 1001.385801447437075 ) ) ;
#4914 = EDGE_LOOP ( 'NONE', ( #1113, #5802 ) ) ;
#4915 = CARTESIAN_POINT ( 'NONE',  ( 3.412682239243149063, -10.47773340385700358, 999.5756755151326161 ) ) ;
#4916 = VECTOR ( 'NONE', #8460, 1000.000000000000000 ) ;
#4917 = DIRECTION ( 'NONE',  ( -0.000000000000000000, -0.000000000000000000, 1.000000000000000000 ) ) ;
#4918 = CARTESIAN_POINT ( 'NONE',  ( -17.26771300448400126, 8.655756606077503079, 995.9916601271909258 ) ) ;
#4919 = LINE ( 'NONE', #8209, #5932 ) ;
#4920 = DIRECTION ( 'NONE',  ( 1.000000000000000000, 0.000000000000000000, 0.000000000000000000 ) ) ;
#4921 = EDGE_CURVE ( 'NONE', #9477, #1673, #8287, .T. ) ;
#4922 = DIRECTION ( 'NONE',  ( 0.000000000000000000, 0.000000000000000000, 1.000000000000000000 ) ) ;
#4923 = AXIS2_PLACEMENT_3D ( 'NONE', #6085, #2755, #9443 ) ;
#4924 = ORIENTED_EDGE ( 'NONE', *, *, #3421, .T. ) ;
#4925 = CARTESIAN_POINT ( 'NONE',  ( -12.46771300448399344, 29.47981022745160828, 998.5916601271911759 ) ) ;
#4926 = ORIENTED_EDGE ( 'NONE', *, *, #935, .T. ) ;
#4927 = VERTEX_POINT ( 'NONE', #1553 ) ;
#4928 = LINE ( 'NONE', #2513, #10464 ) ;
#4929 = CARTESIAN_POINT ( 'NONE',  ( -34.86771300448413768, 27.08332287099069191, 988.0916604856245158 ) ) ;
#4930 = FACE_OUTER_BOUND ( 'NONE', #9364, .T. ) ;
#4931 = LINE ( 'NONE', #831, #9857 ) ;
#4932 = EDGE_CURVE ( 'NONE', #5601, #7295, #6498, .T. ) ;
#4933 = VECTOR ( 'NONE', #1347, 1000.000000000000000 ) ;
#4934 = CARTESIAN_POINT ( 'NONE',  ( -19.38430078483813190, 25.52601628924619703, 990.9029654275572057 ) ) ;
#4935 = ORIENTED_EDGE ( 'NONE', *, *, #1355, .T. ) ;
#4936 = CARTESIAN_POINT ( 'NONE',  ( -13.27543815452638221, 23.47559772094820119, 995.9916601271909258 ) ) ;
#4937 = EDGE_CURVE ( 'NONE', #7358, #1258, #9858, .T. ) ;
#4938 = DIRECTION ( 'NONE',  ( 0.000000000000000000, 0.000000000000000000, 1.000000000000000000 ) ) ;
#4939 = DIRECTION ( 'NONE',  ( 0.7071067811865461294, 0.7071067811865489050, -0.000000000000000000 ) ) ;
#4940 = EDGE_CURVE ( 'NONE', #6642, #6805, #6630, .T. ) ;
#4941 = CARTESIAN_POINT ( 'NONE',  ( -17.68249663084013079, -27.80253241828749822, 1001.883447033421476 ) ) ;
#4942 = CARTESIAN_POINT ( 'NONE',  ( 3.902286995515997337, -10.47773340385700003, 999.2285634001516428 ) ) ;
#4943 = VECTOR ( 'NONE', #3319, 1000.000000000000000 ) ;
#4944 = EDGE_CURVE ( 'NONE', #9685, #4333, #8118, .T. ) ;
#4945 = LINE ( 'NONE', #9434, #1434 ) ;
#4946 = CARTESIAN_POINT ( 'NONE',  ( -23.67907003825003187, -28.85200864098323237, 1001.103721767048228 ) ) ;
#4947 = ORIENTED_EDGE ( 'NONE', *, *, #2592, .T. ) ;
#4948 = ORIENTED_EDGE ( 'NONE', *, *, #8170, .F. ) ;
#4949 = ORIENTED_EDGE ( 'NONE', *, *, #2840, .T. ) ;
#4950 = ORIENTED_EDGE ( 'NONE', *, *, #3635, .T. ) ;
#4951 = AXIS2_PLACEMENT_3D ( 'NONE', #9345, #8525, #1127 ) ;
#4952 = ORIENTED_EDGE ( 'NONE', *, *, #222, .F. ) ;
#4953 = CARTESIAN_POINT ( 'NONE',  ( -19.41771300448399629, 28.38612447977245168, 993.1661472716741628 ) ) ;
#4954 = EDGE_CURVE ( 'NONE', #8513, #2877, #9103, .T. ) ;
#4955 = VERTEX_POINT ( 'NONE', #7463 ) ;
#4956 = CARTESIAN_POINT ( 'NONE',  ( -19.31755139363924911, 26.05339869864173608, 987.2916601271909940 ) ) ;
#4957 = CARTESIAN_POINT ( 'NONE',  ( -7.062113589690402371, -21.12689883679597003, 999.4916601271909258 ) ) ;
#4958 = CARTESIAN_POINT ( 'NONE',  ( -18.77311321617959194, -28.38647986532109968, 1001.824733954718113 ) ) ;
#4959 = CARTESIAN_POINT ( 'NONE',  ( -18.47297981352778962, -28.42613140407985384, 1002.597821894078038 ) ) ;
#4960 = B_SPLINE_CURVE_WITH_KNOTS ( 'NONE', 3,
 ( #124, #8693, #6712, #9200, #6762 ),
 .UNSPECIFIED., .F., .F.,
 ( 4, 1, 4 ),
 ( 0.000000000000000000, 0.2758939194764096769, 1.000000000000000000 ),
 .UNSPECIFIED. ) ;
#4961 = B_SPLINE_CURVE_WITH_KNOTS ( 'NONE', 3,
 ( #4553, #9362, #7890, #1144 ),
 .UNSPECIFIED., .F., .F.,
 ( 4, 4 ),
 ( 0.000000000000000000, 1.000000000000000000 ),
 .UNSPECIFIED. ) ;
#4962 = CARTESIAN_POINT ( 'NONE',  ( -14.33162674035339457, 30.57414358537394250, 1014.306158709955753 ) ) ;
#4963 = ORIENTED_EDGE ( 'NONE', *, *, #6794, .F. ) ;
#4964 = CARTESIAN_POINT ( 'NONE',  ( -24.87124134883472593, 26.83324113141184597, 989.3925434551235867 ) ) ;
#4965 = ORIENTED_EDGE ( 'NONE', *, *, #4621, .T. ) ;
#4966 = VERTEX_POINT ( 'NONE', #1760 ) ;
#4967 = AXIS2_PLACEMENT_3D ( 'NONE', #7404, #8488, #5949 ) ;
#4968 = CARTESIAN_POINT ( 'NONE',  ( -18.37551793773731745, 18.37551793773724640, 990.4916601271910395 ) ) ;
#4969 = B_SPLINE_CURVE_WITH_KNOTS ( 'NONE', 3,
 ( #6811, #7717, #3358, #922 ),
 .UNSPECIFIED., .F., .F.,
 ( 4, 4 ),
 ( 0.000000000000000000, 1.000000000000000000 ),
 .UNSPECIFIED. ) ;
#4970 = DIRECTION ( 'NONE',  ( 1.000000000000000000, 0.000000000000000000, 0.000000000000000000 ) ) ;
#4971 = CARTESIAN_POINT ( 'NONE',  ( -19.47297981228107133, -26.81022251682459867, 1001.739453438092823 ) ) ;
#4972 = CARTESIAN_POINT ( 'NONE',  ( -16.81842501921067878, 43.92206366277465435, 1003.491660127191039 ) ) ;
#4973 = LINE ( 'NONE', #977, #759 ) ;
#4974 = CARTESIAN_POINT ( 'NONE',  ( -16.86017824612516236, 3.287333648496001626, 1000.320650648859100 ) ) ;
#4975 = DIRECTION ( 'NONE',  ( -1.110223024625158907E-15, 0.8660254037844383745, -0.5000000000000003331 ) ) ;
#4976 = ORIENTED_EDGE ( 'NONE', *, *, #4045, .T. ) ;
#4977 = PLANE ( 'NONE',  #9971 ) ;
#4978 = ORIENTED_EDGE ( 'NONE', *, *, #1835, .F. ) ;
#4979 = VERTEX_POINT ( 'NONE', #5044 ) ;
#4980 = DIRECTION ( 'NONE',  ( 1.000000000000000000, 0.000000000000000000, 0.000000000000000000 ) ) ;
#4981 = EDGE_CURVE ( 'NONE', #1973, #8288, #193, .T. ) ;
#4982 = AXIS2_PLACEMENT_3D ( 'NONE', #5287, #8588, #1186 ) ;
#4983 = DIRECTION ( 'NONE',  ( 1.000000000000000000, 0.000000000000000000, 0.000000000000000000 ) ) ;
#4984 = CARTESIAN_POINT ( 'NONE',  ( -19.75585088679061130, 26.24969885338836662, 988.2129058816268525 ) ) ;
#4985 = VECTOR ( 'NONE', #6565, 1000.000000000000000 ) ;
#4986 = ORIENTED_EDGE ( 'NONE', *, *, #3185, .T. ) ;
#4987 = DIRECTION ( 'NONE',  ( -0.000000000000000000, -0.000000000000000000, 1.000000000000000000 ) ) ;
#4988 = EDGE_CURVE ( 'NONE', #7428, #9206, #886, .T. ) ;
#4989 = ORIENTED_EDGE ( 'NONE', *, *, #9220, .T. ) ;
#4990 = DIRECTION ( 'NONE',  ( -0.000000000000000000, -0.000000000000000000, -1.000000000000000000 ) ) ;
#4991 = EDGE_CURVE ( 'NONE', #6185, #2411, #4931, .T. ) ;
#4992 = DIRECTION ( 'NONE',  ( 0.000000000000000000, 0.7071067811865792141, 0.7071067811865158204 ) ) ;
#4993 = CARTESIAN_POINT ( 'NONE',  ( -13.48757044233307667, 23.68773000875489743, 983.4916601271910395 ) ) ;
#4994 = CARTESIAN_POINT ( 'NONE',  ( -18.55154861924071241, -27.89964477383999863, 1002.749472437205895 ) ) ;
#4995 = LINE ( 'NONE', #5156, #7968 ) ;
#4996 = AXIS2_PLACEMENT_3D ( 'NONE', #6431, #1430, #3945 ) ;
#4997 = CARTESIAN_POINT ( 'NONE',  ( -15.12629732687091888, 19.82819536793175885, 1002.221312261443359 ) ) ;
#4998 = DIRECTION ( 'NONE',  ( 0.7071067811865464625, -0.7071067811865486830, 0.000000000000000000 ) ) ;
#4999 = EDGE_CURVE ( 'NONE', #6987, #7845, #939, .T. ) ;
#5000 = ORIENTED_EDGE ( 'NONE', *, *, #992, .T. ) ;
#5001 = ORIENTED_EDGE ( 'NONE', *, *, #1979, .F. ) ;
#5002 = EDGE_LOOP ( 'NONE', ( #6894, #8820 ) ) ;
#5003 = EDGE_CURVE ( 'NONE', #8972, #8136, #6722, .T. ) ;
#5005 = ORIENTED_EDGE ( 'NONE', *, *, #5679, .T. ) ;
#5004 = AXIS2_PLACEMENT_3D ( 'NONE', #10535, #2243, #7297 ) ;
#5006 = AXIS2_PLACEMENT_3D ( 'NONE', #8284, #39, #1714 ) ;
#5007 = VERTEX_POINT ( 'NONE', #7310 ) ;
#5008 = CARTESIAN_POINT ( 'NONE',  ( -19.41771300448399629, 26.01981126762380825, 992.0329098013223756 ) ) ;
#5009 = ADVANCED_FACE ( 'NONE', ( #6552 ), #4312, .T. ) ;
#5010 = ORIENTED_EDGE ( 'NONE', *, *, #8326, .T. ) ;
#5011 = DIRECTION ( 'NONE',  ( 0.000000000000000000, 0.000000000000000000, -1.000000000000000000 ) ) ;
#5012 = CARTESIAN_POINT ( 'NONE',  ( -15.81965170120199993, 26.01981126762380825, 987.4916601271910395 ) ) ;
#5013 = CARTESIAN_POINT ( 'NONE',  ( -15.81965170120199993, 26.01981126762380825, 987.4916601271910395 ) ) ;
#5014 = VECTOR ( 'NONE', #4353, 1000.000000000000000 ) ;
#5015 = VECTOR ( 'NONE', #1457, 1000.000000000000000 ) ;
#5016 = B_SPLINE_CURVE_WITH_KNOTS ( 'NONE', 3,
 ( #8026, #695, #10346, #3980, #7129, #7276 ),
 .UNSPECIFIED., .F., .F.,
 ( 4, 2, 4 ),
 ( 0.000000000000000000, 0.5000000000000000000, 1.000000000000000000 ),
 .UNSPECIFIED. ) ;
#5017 = CARTESIAN_POINT ( 'NONE',  ( -26.06771293891691244, 43.02206294590789781, 995.9916601271909258 ) ) ;
#5018 = EDGE_CURVE ( 'NONE', #6880, #6362, #2024, .T. ) ;
#5019 = ORIENTED_EDGE ( 'NONE', *, *, #8241, .T. ) ;
#5020 = ORIENTED_EDGE ( 'NONE', *, *, #4561, .F. ) ;
#5021 = CARTESIAN_POINT ( 'NONE',  ( -46.60862144250199890, -6.984639884534449727, 997.9916601271909258 ) ) ;
#5022 = ORIENTED_EDGE ( 'NONE', *, *, #4494, .F. ) ;
#5023 = VECTOR ( 'NONE', #1429, 1000.000000000000000 ) ;
#5024 = ORIENTED_EDGE ( 'NONE', *, *, #115, .F. ) ;
#5025 = VECTOR ( 'NONE', #10444, 1000.000000000000000 ) ;
#5026 = DIRECTION ( 'NONE',  ( 0.000000000000000000, 0.000000000000000000, 1.000000000000000000 ) ) ;
#5027 = LINE ( 'NONE', #5781, #7788 ) ;
#5028 = LINE ( 'NONE', #2662, #1239 ) ;
#5029 = DIRECTION ( 'NONE',  ( 0.000000000000000000, -1.000000000000000000, 0.000000000000000000 ) ) ;
#5030 = CARTESIAN_POINT ( 'NONE',  ( -19.10943025119679461, 26.25339869864175668, 987.4916601271910395 ) ) ;
#5031 = EDGE_CURVE ( 'NONE', #9085, #5205, #5090, .T. ) ;
#5032 = CYLINDRICAL_SURFACE ( 'NONE', #4032, 4.250000000000000000 ) ;
#5033 = CARTESIAN_POINT ( 'NONE',  ( -23.76771282526730644, 43.72206330434136134, 987.0916604856245158 ) ) ;
#5034 = EDGE_CURVE ( 'NONE', #3599, #1377, #6113, .T. ) ;
#5035 = AXIS2_PLACEMENT_3D ( 'NONE', #3770, #6904, #7755 ) ;
#5036 = CARTESIAN_POINT ( 'NONE',  ( -22.16818974859713620, 44.52206366277465577, 1008.284455954136206 ) ) ;
#5037 = ORIENTED_EDGE ( 'NONE', *, *, #1504, .F. ) ;
#5038 = CARTESIAN_POINT ( 'NONE',  ( 0.000000000000000000, 44.42206330434124339, 987.2916601271911077 ) ) ;
#5039 = ORIENTED_EDGE ( 'NONE', *, *, #7514, .T. ) ;
#5040 = EDGE_LOOP ( 'NONE', ( #404, #3355, #10435, #1670 ) ) ;
#5041 = PLANE ( 'NONE',  #6847 ) ;
#5042 = CARTESIAN_POINT ( 'NONE',  ( -29.83532547822841252, 30.81480091009463607, 1003.693429559785272 ) ) ;
#5043 = CARTESIAN_POINT ( 'NONE',  ( -18.46771300448400055, 2.842353825779700305, 995.9916601271909258 ) ) ;
#5044 = CARTESIAN_POINT ( 'NONE',  ( -14.11771300448399380, 36.37206337602792416, 1003.491660127191039 ) ) ;
#5045 = LINE ( 'NONE', #1656, #6328 ) ;
#5046 = ORIENTED_EDGE ( 'NONE', *, *, #1619, .T. ) ;
#5047 = CARTESIAN_POINT ( 'NONE',  ( -26.60859205850465870, -26.46405423305879623, 1001.110676292874928 ) ) ;
#5048 = CYLINDRICAL_SURFACE ( 'NONE', #3814, 0.6000000000000008660 ) ;
#5049 = LINE ( 'NONE', #8333, #10623 ) ;
#5050 = LINE ( 'NONE', #1609, #7746 ) ;
#5051 = CARTESIAN_POINT ( 'NONE',  ( -26.45858517798559006, -26.43932998634759812, 1001.683720653950786 ) ) ;
#5052 = LINE ( 'NONE', #93, #1579 ) ;
#5053 = EDGE_CURVE ( 'NONE', #7954, #2855, #9420, .T. ) ;
#5054 = ORIENTED_EDGE ( 'NONE', *, *, #9730, .T. ) ;
#5055 = VERTEX_POINT ( 'NONE', #2785 ) ;
#5056 = ORIENTED_EDGE ( 'NONE', *, *, #6528, .T. ) ;
#5057 = ORIENTED_EDGE ( 'NONE', *, *, #10063, .F. ) ;
#5058 = FACE_OUTER_BOUND ( 'NONE', #4250, .T. ) ;
#5059 = ORIENTED_EDGE ( 'NONE', *, *, #10226, .F. ) ;
#5060 = CARTESIAN_POINT ( 'NONE',  ( -22.26771672401410385, 43.02206327811412478, 997.4916601271909258 ) ) ;
#5061 = LINE ( 'NONE', #4148, #6373 ) ;
#5062 = FACE_OUTER_BOUND ( 'NONE', #6574, .T. ) ;
#5063 = CARTESIAN_POINT ( 'NONE',  ( -26.06271300448400297, -27.65791218717139799, 1001.684480450218530 ) ) ;
#5064 = EDGE_CURVE ( 'NONE', #5682, #7188, #10266, .T. ) ;
#5065 = CARTESIAN_POINT ( 'NONE',  ( -15.36094339607847026, 32.14799194502003843, 1014.306158709955753 ) ) ;
#5066 = VECTOR ( 'NONE', #8104, 1000.000000000000000 ) ;
#5067 = ORIENTED_EDGE ( 'NONE', *, *, #6916, .F. ) ;
#5068 = ORIENTED_EDGE ( 'NONE', *, *, #3249, .T. ) ;
#5069 = CARTESIAN_POINT ( 'NONE',  ( -22.84079936897081708, 27.54008267191612092, 989.6742691637604139 ) ) ;
#5070 = ORIENTED_EDGE ( 'NONE', *, *, #3111, .T. ) ;
#5072 = EDGE_CURVE ( 'NONE', #810, #8001, #990, .T. ) ;
#5071 = ORIENTED_EDGE ( 'NONE', *, *, #1932, .F. ) ;
#5073 = DIRECTION ( 'NONE',  ( 0.000000000000000000, 0.000000000000000000, 1.000000000000000000 ) ) ;
#5074 = DIRECTION ( 'NONE',  ( 0.000000000000000000, -0.5000000000000003331, -0.8660254037844384856 ) ) ;
#5075 = CARTESIAN_POINT ( 'NONE',  ( 3.884706280861152994, -10.09156376103353558, 999.5133716006431541 ) ) ;
#5076 = EDGE_CURVE ( 'NONE', #7074, #447, #8840, .T. ) ;
#5077 = DIRECTION ( 'NONE',  ( -0.6785983445458318997, -0.2810846377148175090, 0.6785983445458633190 ) ) ;
#5078 = CARTESIAN_POINT ( 'NONE',  ( -32.06771300448400552, 38.02206337602792274, 991.3247553713597426 ) ) ;
#5079 = CARTESIAN_POINT ( 'NONE',  ( -13.48757044233306068, 23.68773000875487966, 987.4916601271910395 ) ) ;
#5080 = DIRECTION ( 'NONE',  ( 0.000000000000000000, 0.000000000000000000, 1.000000000000000000 ) ) ;
#5081 = CARTESIAN_POINT ( 'NONE',  ( -29.69887214783006968, 31.02078334947720606, 1013.641658718408507 ) ) ;
#5082 = ORIENTED_EDGE ( 'NONE', *, *, #4496, .F. ) ;
#5083 = LINE ( 'NONE', #9096, #8413 ) ;
#5084 = ORIENTED_EDGE ( 'NONE', *, *, #1754, .F. ) ;
#5085 = VECTOR ( 'NONE', #6706, 1000.000000000000000 ) ;
#5086 = CARTESIAN_POINT ( 'NONE',  ( -20.87271300448400169, -28.05789265480460060, 999.1916796595579626 ) ) ;
#5087 = EDGE_CURVE ( 'NONE', #751, #7384, #7265, .T. ) ;
#5088 = CARTESIAN_POINT ( 'NONE',  ( -27.53626641529509200, 5.660191021141550927, 996.5916601271910622 ) ) ;
#5089 = LINE ( 'NONE', #402, #5730 ) ;
#5090 = LINE ( 'NONE', #2836, #1926 ) ;
#5091 = AXIS2_PLACEMENT_3D ( 'NONE', #9980, #5874, #9182 ) ;
#5092 = EDGE_LOOP ( 'NONE', ( #10646, #9020, #3488, #2064, #7378 ) ) ;
#5093 = CARTESIAN_POINT ( 'NONE',  ( -29.34948925036824008, 0.8509011093576004381, 1001.314021846739820 ) ) ;
#5094 = ORIENTED_EDGE ( 'NONE', *, *, #6101, .T. ) ;
#5095 = ADVANCED_FACE ( 'NONE', ( #3534 ), #6879, .T. ) ;
#5096 = FACE_OUTER_BOUND ( 'NONE', #7476, .T. ) ;
#5097 = VECTOR ( 'NONE', #595, 1000.000000000000114 ) ;
#5098 = DIRECTION ( 'NONE',  ( 1.000000000000000000, 0.000000000000000000, 0.000000000000000000 ) ) ;
#5099 = CARTESIAN_POINT ( 'NONE',  ( -20.13586960552656535, 26.12155547890103335, 985.5695276473188642 ) ) ;
#5100 = CARTESIAN_POINT ( 'NONE',  ( -34.76771264605072531, 0.000000000000000000, 983.4916601271910395 ) ) ;
#5101 = EDGE_CURVE ( 'NONE', #5443, #7045, #8498, .T. ) ;
#5102 = FACE_OUTER_BOUND ( 'NONE', #5897, .T. ) ;
#5103 = FACE_OUTER_BOUND ( 'NONE', #3855, .T. ) ;
#5104 = CIRCLE ( 'NONE', #462, 2.250000000000003553 ) ;
#5105 = AXIS2_PLACEMENT_3D ( 'NONE', #8953, #170, #2364 ) ;
#5106 = ORIENTED_EDGE ( 'NONE', *, *, #10055, .T. ) ;
#5107 = ORIENTED_EDGE ( 'NONE', *, *, #1785, .F. ) ;
#5108 = EDGE_LOOP ( 'NONE', ( #5372, #8895, #9960, #4377 ) ) ;
#5109 = ORIENTED_EDGE ( 'NONE', *, *, #2066, .F. ) ;
#5110 = PLANE ( 'NONE',  #9282 ) ;
#5111 = ORIENTED_EDGE ( 'NONE', *, *, #3743, .F. ) ;
#5112 = VECTOR ( 'NONE', #7007, 1000.000000000000000 ) ;
#5113 = FACE_OUTER_BOUND ( 'NONE', #9800, .T. ) ;
#5114 = AXIS2_PLACEMENT_3D ( 'NONE', #2768, #6972, #1139 ) ;
#5115 = EDGE_CURVE ( 'NONE', #9532, #8471, #3588, .T. ) ;
#5116 = EDGE_CURVE ( 'NONE', #7295, #8276, #9371, .T. ) ;
#5117 = CARTESIAN_POINT ( 'NONE',  ( -12.31570159385952934, 34.78893442829722460, 983.7916601271909940 ) ) ;
#5118 = FACE_OUTER_BOUND ( 'NONE', #6616, .T. ) ;
#5119 = CARTESIAN_POINT ( 'NONE',  ( -28.13878081634942419, 20.35439068285595710, 995.9916601271909258 ) ) ;
#5120 = DIRECTION ( 'NONE',  ( 0.6785983445458459995, 0.2810846377148253361, 0.6785983445458459995 ) ) ;
#5121 = AXIS2_PLACEMENT_3D ( 'NONE', #9048, #3267, #10004 ) ;
#5122 = LINE ( 'NONE', #914, #10486 ) ;
#5123 = ORIENTED_EDGE ( 'NONE', *, *, #579, .F. ) ;
#5124 = LINE ( 'NONE', #5987, #3077 ) ;
#5125 = ORIENTED_EDGE ( 'NONE', *, *, #1069, .T. ) ;
#5126 = ADVANCED_FACE ( 'NONE', ( #10484 ), #1492, .T. ) ;
#5127 = ORIENTED_EDGE ( 'NONE', *, *, #6791, .F. ) ;
#5128 = CARTESIAN_POINT ( 'NONE',  ( -24.57506743926646919, 29.61470886955894599, 1002.099014561970421 ) ) ;
#5129 = CARTESIAN_POINT ( 'NONE',  ( -19.07297981228107275, -28.36553131374809666, 1003.301061203949416 ) ) ;
#5130 = CYLINDRICAL_SURFACE ( 'NONE', #883, 2.550000000000001155 ) ;
#5131 = CIRCLE ( 'NONE', #10643, 1.650000000000000355 ) ;
#5132 = DIRECTION ( 'NONE',  ( 0.000000000000000000, 0.000000000000000000, -1.000000000000000000 ) ) ;
#5133 = DIRECTION ( 'NONE',  ( 1.000000000000000000, 0.000000000000000000, 0.000000000000000000 ) ) ;
#5134 = AXIS2_PLACEMENT_3D ( 'NONE', #9592, #2145, #1634 ) ;
#5135 = FACE_OUTER_BOUND ( 'NONE', #8759, .T. ) ;
#5136 = LINE ( 'NONE', #7874, #9353 ) ;
#5137 = ORIENTED_EDGE ( 'NONE', *, *, #9981, .F. ) ;
#5138 = DIRECTION ( 'NONE',  ( -1.000000000000000000, 0.000000000000000000, 0.000000000000000000 ) ) ;
#5139 = ORIENTED_EDGE ( 'NONE', *, *, #9314, .T. ) ;
#5140 = ADVANCED_FACE ( 'NONE', ( #513 ), #2307, .T. ) ;
#5141 = EDGE_LOOP ( 'NONE', ( #5328, #274, #2828, #4301 ) ) ;
#5142 = ADVANCED_FACE ( 'NONE', ( #6383 ), #3110, .F. ) ;
#5143 = DIRECTION ( 'NONE',  ( -0.000000000000000000, -0.000000000000000000, -1.000000000000000000 ) ) ;
#5144 = EDGE_CURVE ( 'NONE', #447, #7074, #5705, .T. ) ;
#5145 = ADVANCED_FACE ( 'NONE', ( #2140 ), #8838, .F. ) ;
#5146 = CARTESIAN_POINT ( 'NONE',  ( -19.07297981228107275, -27.65791218717139799, 1004.591660127191176 ) ) ;
#5147 = CARTESIAN_POINT ( 'NONE',  ( -18.10433293463323423, -26.77237134899589677, 1002.032442373070012 ) ) ;
#5148 = ADVANCED_FACE ( 'NONE', ( #4772 ), #2999, .F. ) ;
#5149 = ORIENTED_EDGE ( 'NONE', *, *, #3045, .T. ) ;
#5150 = PLANE ( 'NONE',  #2398 ) ;
#5151 = ORIENTED_EDGE ( 'NONE', *, *, #1712, .F. ) ;
#5152 = DIRECTION ( 'NONE',  ( 0.000000000000000000, 0.000000000000000000, 1.000000000000000000 ) ) ;
#5153 = CARTESIAN_POINT ( 'NONE',  ( -12.46771300448399344, 29.47981022745160828, 995.9916601271909258 ) ) ;
#5154 = DIRECTION ( 'NONE',  ( -0.000000000000000000, -0.000000000000000000, -1.000000000000000000 ) ) ;
#5155 = CARTESIAN_POINT ( 'NONE',  ( -18.96406845345598313, -28.95556378397230191, 1004.591660127191176 ) ) ;
#5156 = CARTESIAN_POINT ( 'NONE',  ( -7.021848437303064018E-16, 37.53953660251080038, 1013.641658718408507 ) ) ;
#5157 = CARTESIAN_POINT ( 'NONE',  ( -18.46771300448400055, 15.35439068285595710, 995.9916601271909258 ) ) ;
#5158 = EDGE_CURVE ( 'NONE', #5271, #4662, #8057, .T. ) ;
#5159 = CARTESIAN_POINT ( 'NONE',  ( -10.26771300448410607, 44.52206366277465577, 1013.641658718408507 ) ) ;
#5160 = VECTOR ( 'NONE', #2649, 1000.000000000000000 ) ;
#5161 = EDGE_CURVE ( 'NONE', #6857, #6642, #671, .T. ) ;
#5162 = VERTEX_POINT ( 'NONE', #3954 ) ;
#5163 = VERTEX_POINT ( 'NONE', #625 ) ;
#5164 = ORIENTED_EDGE ( 'NONE', *, *, #3635, .F. ) ;
#5165 = ORIENTED_EDGE ( 'NONE', *, *, #2323, .F. ) ;
#5166 = PLANE ( 'NONE',  #9785 ) ;
#5167 = ORIENTED_EDGE ( 'NONE', *, *, #2198, .F. ) ;
#5168 = VECTOR ( 'NONE', #5379, 1000.000000000000000 ) ;
#5169 = CARTESIAN_POINT ( 'NONE',  ( -24.12885622358669835, 20.27771356179183115, 1026.780515499304329 ) ) ;
#5170 = DIRECTION ( 'NONE',  ( 0.000000000000000000, 0.000000000000000000, 1.000000000000000000 ) ) ;
#5171 = CARTESIAN_POINT ( 'NONE',  ( -23.66271300448399728, -28.13274320721733091, 1000.688453675243863 ) ) ;
#5172 = CARTESIAN_POINT ( 'NONE',  ( -18.63700088606572081, -28.67823673203769630, 1002.247197530187691 ) ) ;
#5173 = CARTESIAN_POINT ( 'NONE',  ( -11.36384767228080150, -23.32439744480420174, 1000.991660127190926 ) ) ;
#5174 = DIRECTION ( 'NONE',  ( 0.000000000000000000, 0.8660254037844383745, -0.5000000000000003331 ) ) ;
#5175 = VECTOR ( 'NONE', #2718, 1000.000000000000000 ) ;
#5176 =( BOUNDED_CURVE ( )  B_SPLINE_CURVE ( 3, ( #5490, #8678, #1278, #10277 ),
 .UNSPECIFIED., .F., .F. ) 
 B_SPLINE_CURVE_WITH_KNOTS ( ( 4, 4 ),
 ( 5.140611579707548451, 6.283185307179586232 ),
 .UNSPECIFIED. ) 
 CURVE ( )  GEOMETRIC_REPRESENTATION_ITEM ( )  RATIONAL_B_SPLINE_CURVE ( ( 1.000000000000000000, 0.8941372302253471904, 0.8941372302253471904, 1.000000000000000000 ) ) 
 REPRESENTATION_ITEM ( '' )  );
#5177 = ORIENTED_EDGE ( 'NONE', *, *, #10437, .T. ) ;
#5178 = DIRECTION ( 'NONE',  ( 1.000000000000000000, 0.000000000000000000, 0.000000000000000000 ) ) ;
#5179 = EDGE_LOOP ( 'NONE', ( #5820, #6201, #4632, #8827 ) ) ;
#5180 = CARTESIAN_POINT ( 'NONE',  ( -27.82932033136265204, 32.13992645464382747, 983.4916601271910395 ) ) ;
#5181 = ORIENTED_EDGE ( 'NONE', *, *, #199, .T. ) ;
#5182 = EDGE_LOOP ( 'NONE', ( #3476, #10172, #10614, #5866 ) ) ;
#5183 = CARTESIAN_POINT ( 'NONE',  ( -30.65445825964872029, 3.877293469403299664, 997.9916601271859236 ) ) ;
#5184 = CARTESIAN_POINT ( 'NONE',  ( -25.46244619668694043, -27.65791218717140154, 1002.202767796012608 ) ) ;
#5185 = AXIS2_PLACEMENT_3D ( 'NONE', #66, #1688, #3518 ) ;
#5186 = VECTOR ( 'NONE', #8636, 999.9999999999998863 ) ;
#5187 = FACE_OUTER_BOUND ( 'NONE', #1227, .T. ) ;
#5188 = CARTESIAN_POINT ( 'NONE',  ( -18.81186310416961049, 26.20700194307794817, 987.4916601271910395 ) ) ;
#5189 = DIRECTION ( 'NONE',  ( 0.000000000000000000, 0.000000000000000000, -1.000000000000000000 ) ) ;
#5190 = FACE_OUTER_BOUND ( 'NONE', #4852, .T. ) ;
#5191 = CARTESIAN_POINT ( 'NONE',  ( -24.26771282526732421, 26.25339869864176023, 985.8032377962109649 ) ) ;
#5192 = ADVANCED_FACE ( 'NONE', ( #7249 ), #1052, .F. ) ;
#5193 = VERTEX_POINT ( 'NONE', #6168 ) ;
#5194 = FACE_OUTER_BOUND ( 'NONE', #1153, .T. ) ;
#5195 = CONICAL_SURFACE ( 'NONE', #1582, 1.049999999999979838, 0.7853981633974661536 ) ;
#5196 = VECTOR ( 'NONE', #5496, 1000.000000000000000 ) ;
#5197 = ORIENTED_EDGE ( 'NONE', *, *, #2777, .T. ) ;
#5198 = EDGE_LOOP ( 'NONE', ( #6977, #6161, #4379, #6819 ) ) ;
#5199 = LINE ( 'NONE', #6719, #5436 ) ;
#5200 = DIRECTION ( 'NONE',  ( 1.000000000000000000, 0.000000000000000000, 0.000000000000000000 ) ) ;
#5201 = VECTOR ( 'NONE', #5992, 1000.000000000000114 ) ;
#5202 = CARTESIAN_POINT ( 'NONE',  ( -16.81842501921067878, 37.53953660251080038, 1008.566659422781527 ) ) ;
#5203 = AXIS2_PLACEMENT_3D ( 'NONE', #3548, #5221, #8512 ) ;
#5204 = CARTESIAN_POINT ( 'NONE',  ( -18.29840095898923025, -27.14857982803859926, 1001.712943257861525 ) ) ;
#5205 = VERTEX_POINT ( 'NONE', #2081 ) ;
#5206 = FACE_OUTER_BOUND ( 'NONE', #4901, .T. ) ;
#5207 = ADVANCED_FACE ( 'NONE', ( #8005 ), #8669, .F. ) ;
#5208 = EDGE_CURVE ( 'NONE', #8858, #1719, #6266, .T. ) ;
#5209 = CARTESIAN_POINT ( 'NONE',  ( -29.60848974305964987, 5.703993694923798152, 996.7971898367206904 ) ) ;
#5210 = CIRCLE ( 'NONE', #7279, 6.200000000000000178 ) ;
#5211 = ORIENTED_EDGE ( 'NONE', *, *, #3950, .T. ) ;
#5212 = CARTESIAN_POINT ( 'NONE',  ( -19.41771300448399629, 27.79425031086800146, 990.1655757421901853 ) ) ;
#5213 = EDGE_CURVE ( 'NONE', #1973, #5921, #1323, .T. ) ;
#5214 = DIRECTION ( 'NONE',  ( -0.7071067811865474617, 0.7071067811865474617, 0.000000000000000000 ) ) ;
#5215 = DIRECTION ( 'NONE',  ( -1.000000000000000000, 0.000000000000000000, 0.000000000000000000 ) ) ;
#5216 = PLANE ( 'NONE',  #8622 ) ;
#5217 = CARTESIAN_POINT ( 'NONE',  ( -12.46771300448399344, 38.02206337602792274, 991.3247553713597426 ) ) ;
#5218 = ADVANCED_FACE ( 'NONE', ( #2246 ), #3796, .T. ) ;
#5219 = CARTESIAN_POINT ( 'NONE',  ( -34.31771300448401263, 29.52206337602792630, 997.9916601271910395 ) ) ;
#5220 = AXIS2_PLACEMENT_3D ( 'NONE', #5646, #9653, #2415 ) ;
#5221 = DIRECTION ( 'NONE',  ( 1.000000000000000000, 0.000000000000000000, -2.312964634635826675E-15 ) ) ;
#5222 = ORIENTED_EDGE ( 'NONE', *, *, #664, .T. ) ;
#5223 = ORIENTED_EDGE ( 'NONE', *, *, #5208, .T. ) ;
#5224 = EDGE_LOOP ( 'NONE', ( #6147, #1906, #7793, #5056, #9988, #6064, #10053 ) ) ;
#5225 = DIRECTION ( 'NONE',  ( 0.000000000000000000, 0.000000000000000000, 1.000000000000000000 ) ) ;
#5226 = ORIENTED_EDGE ( 'NONE', *, *, #5907, .T. ) ;
#5227 = CARTESIAN_POINT ( 'NONE',  ( -19.10943025119679461, 26.25339869864175668, 987.4916601271910395 ) ) ;
#5228 = EDGE_CURVE ( 'NONE', #8109, #5590, #1381, .T. ) ;
#5229 = LINE ( 'NONE', #3606, #6482 ) ;
#5230 = CARTESIAN_POINT ( 'NONE',  ( -18.29083083030699441, 44.52206366277735583, 989.3647779531085007 ) ) ;
#5231 = DIRECTION ( 'NONE',  ( -1.000000000000000000, 0.000000000000000000, 0.000000000000000000 ) ) ;
#5232 = CARTESIAN_POINT ( 'NONE',  ( 2.665383722555230150, -13.47502353220719407, 997.9916601271909258 ) ) ;
#5233 = ORIENTED_EDGE ( 'NONE', *, *, #9154, .T. ) ;
#5234 = CARTESIAN_POINT ( 'NONE',  ( -16.68553632100937278, 6.636688767938198730, 997.8290312787554512 ) ) ;
#5235 = ORIENTED_EDGE ( 'NONE', *, *, #10306, .F. ) ;
#5236 = CARTESIAN_POINT ( 'NONE',  ( -25.97589601303536355, -28.58229635075609920, 1002.254160210063901 ) ) ;
#5237 = ORIENTED_EDGE ( 'NONE', *, *, #8507, .F. ) ;
#5238 = CARTESIAN_POINT ( 'NONE',  ( -20.26771282526732421, 30.70339905707479389, 986.5916604856245158 ) ) ;
#5239 = CARTESIAN_POINT ( 'NONE',  ( -30.11795385680410675, 30.41657034268903459, 1016.641658718408394 ) ) ;
#5240 = CARTESIAN_POINT ( 'NONE',  ( -17.91771300448399629, 44.52206366277465577, 995.9916601271909258 ) ) ;
#5241 = CARTESIAN_POINT ( 'NONE',  ( -25.11771300448399913, 26.42737020510222834, 992.3844050158713799 ) ) ;
#5242 = B_SPLINE_CURVE_WITH_KNOTS ( 'NONE', 3,
 ( #5081, #1695, #8369, #4276 ),
 .UNSPECIFIED., .F., .F.,
 ( 4, 4 ),
 ( 2.984531117745460134E-17, 0.0009490536530504773511 ),
 .UNSPECIFIED. ) ;
#5243 = CARTESIAN_POINT ( 'NONE',  ( -15.92328333483325054, -24.25791218717159836, 998.9916601271910395 ) ) ;
#5244 =( BOUNDED_SURFACE ( )  B_SPLINE_SURFACE ( 3, 2, ( 
 ( #7312, #7365, #2572 ),
 ( #1555, #5691, #3431 ),
 ( #2474, #9805, #5801 ),
 ( #85, #1706, #6615 ),
 ( #4934, #6671, #5749 ),
 ( #9961, #9007, #4239 ),
 ( #6502, #1604, #5849 ),
 ( #10653, #9908, #3271 ),
 ( #7521, #8329, #942 ),
 ( #10600, #6556, #9159 ),
 ( #4838, #4885, #6723 ),
 ( #832, #10011, #1763 ) ),
 .UNSPECIFIED., .F., .F., .T. ) 
 B_SPLINE_SURFACE_WITH_KNOTS ( ( 4, 2, 2, 2, 2, 4 ),
 ( 3, 3 ),
 ( 0.01388580485422254152, 0.01473439846064782122, 0.01558299206707310265, 0.01643158567349838409, 0.01685588247671102394, 0.01728017927992366379 ),
 ( 0.000000000000000000, 1.000000000000000000 ),
 .UNSPECIFIED. ) 
 GEOMETRIC_REPRESENTATION_ITEM ( )  RATIONAL_B_SPLINE_SURFACE ( (
 ( 1.000000000000000000, 0.7235312067098967903, 1.000000000000000000),
 ( 1.000000000000000000, 0.7340964544613999276, 1.000000000000000000),
 ( 1.000000000000000000, 0.7468202245525248362, 1.000000000000000000),
 ( 1.000000000000000000, 0.7757540973893460867, 1.000000000000000000),
 ( 1.000000000000000000, 0.7922238744700111912, 1.000000000000000000),
 ( 1.000000000000000000, 0.8247049083642248313, 1.000000000000000000),
 ( 1.000000000000000000, 0.8408504725553909154, 1.000000000000000000),
 ( 1.000000000000000000, 0.8592263562359865325, 1.000000000000000000),
 ( 1.000000000000000000, 0.8643176443770945738, 1.000000000000000000),
 ( 1.000000000000000000, 0.8711670838931730998, 1.000000000000000000),
 ( 1.000000000000000000, 0.8729724025028046119, 1.000000000000000000),
 ( 1.000000000000000000, 0.8729619148578596777, 1.000000000000000000) ) ) 
 REPRESENTATION_ITEM ( '' )  SURFACE ( )  );
#5245 = AXIS2_PLACEMENT_3D ( 'NONE', #9668, #3879, #3136 ) ;
#5246 = ORIENTED_EDGE ( 'NONE', *, *, #9051, .T. ) ;
#5247 = CARTESIAN_POINT ( 'NONE',  ( -18.98322002217850013, -27.65791218717139799, 1002.377300773245906 ) ) ;
#5248 = ORIENTED_EDGE ( 'NONE', *, *, #471, .T. ) ;
#5249 = ORIENTED_EDGE ( 'NONE', *, *, #7519, .T. ) ;
#5250 = CARTESIAN_POINT ( 'NONE',  ( -30.41771300448400694, 29.52206337602792630, 998.5916601271911759 ) ) ;
#5251 = CARTESIAN_POINT ( 'NONE',  ( -25.11771300448399913, 28.91940829628347132, 990.4916601271911532 ) ) ;
#5252 = STYLED_ITEM ( 'NONE', ( #1498 ), #8697 ) ;
#5253 = CARTESIAN_POINT ( 'NONE',  ( -12.46771300448399344, 38.02206337602792274, 1000.991660127190926 ) ) ;
#5254 = EDGE_CURVE ( 'NONE', #3838, #1580, #574, .T. ) ;
#5255 = CARTESIAN_POINT ( 'NONE',  ( 4.531191670552959023E-14, 31.01657034268900048, 1003.491660127191039 ) ) ;
#5256 = CARTESIAN_POINT ( 'NONE',  ( -18.12640590823947306, -26.59815324538580228, 1001.870813778757338 ) ) ;
#5257 = ORIENTED_EDGE ( 'NONE', *, *, #7783, .F. ) ;
#5258 = DIRECTION ( 'NONE',  ( -0.6785983445458425578, 0.2810846377148423225, -0.6785983445458425578 ) ) ;
#5259 = CARTESIAN_POINT ( 'NONE',  ( -24.17066474718271252, -29.16322023578619849, 1001.863754003701615 ) ) ;
#5260 = ORIENTED_EDGE ( 'NONE', *, *, #6645, .F. ) ;
#5261 = DIRECTION ( 'NONE',  ( 0.000000000000000000, 0.000000000000000000, 1.000000000000000000 ) ) ;
#5262 = LINE ( 'NONE', #467, #10532 ) ;
#5263 = CONICAL_SURFACE ( 'NONE', #10260, 5.600000000000001421, 0.7853981633974490562 ) ;
#5264 = CARTESIAN_POINT ( 'NONE',  ( -44.25857257890876184, -14.70842746371784315, 999.2077485287276204 ) ) ;
#5265 = DIRECTION ( 'NONE',  ( -1.000000000000000000, -0.000000000000000000, -0.000000000000000000 ) ) ;
#5266 = DIRECTION ( 'NONE',  ( -0.000000000000000000, -0.000000000000000000, 1.000000000000000000 ) ) ;
#5267 = CARTESIAN_POINT ( 'NONE',  ( -26.85292937812788239, -27.80253241828749822, 1001.883447033421476 ) ) ;
#5268 = CARTESIAN_POINT ( 'NONE',  ( -10.21771300448398989, 38.02206337602792274, 1000.991660127190926 ) ) ;
#5269 = VECTOR ( 'NONE', #5655, 1000.000000000000114 ) ;
#5270 = VERTEX_POINT ( 'NONE', #4062 ) ;
#5271 = VERTEX_POINT ( 'NONE', #6441 ) ;
#5272 = EDGE_CURVE ( 'NONE', #8973, #9206, #4822, .T. ) ;
#5273 = DIRECTION ( 'NONE',  ( -0.000000000000000000, -0.000000000000000000, 1.000000000000000000 ) ) ;
#5274 = ORIENTED_EDGE ( 'NONE', *, *, #2144, .F. ) ;
#5275 = EDGE_CURVE ( 'NONE', #4289, #1937, #9704, .T. ) ;
#5276 = DIRECTION ( 'NONE',  ( -0.7071067811866277308, 0.000000000000000000, -0.7071067811864673036 ) ) ;
#5277 = DIRECTION ( 'NONE',  ( 1.000000000000000000, 0.000000000000000000, 0.000000000000000000 ) ) ;
#5278 = CARTESIAN_POINT ( 'NONE',  ( -23.66271300448400083, -26.70791218717139870, 1003.329928717408848 ) ) ;
#5279 = EDGE_CURVE ( 'NONE', #5986, #8846, #7673, .T. ) ;
#5280 = DIRECTION ( 'NONE',  ( 0.000000000000000000, 1.000000000000000000, 0.000000000000000000 ) ) ;
#5281 = CARTESIAN_POINT ( 'NONE',  ( -15.57576098530300257, 4.906412079903549994, 998.3924607115459366 ) ) ;
#5282 = AXIS2_PLACEMENT_3D ( 'NONE', #2717, #5132, #5994 ) ;
#5283 = ADVANCED_FACE ( 'NONE', ( #2357 ), #5837, .T. ) ;
#5284 = CARTESIAN_POINT ( 'NONE',  ( 3.902286995515997337, -10.47773340385700003, 999.2285634001516428 ) ) ;
#5285 = ADVANCED_FACE ( 'NONE', ( #821 ), #10537, .T. ) ;
#5286 = VERTEX_POINT ( 'NONE', #6654 ) ;
#5287 = CARTESIAN_POINT ( 'NONE',  ( -25.06244619668693829, -27.42218576757409920, 1002.092770585647258 ) ) ;
#5288 = VERTEX_POINT ( 'NONE', #7454 ) ;
#5289 = CIRCLE ( 'NONE', #9260, 5.357202764270541095 ) ;
#5290 = ORIENTED_EDGE ( 'NONE', *, *, #10366, .F. ) ;
#5291 = CARTESIAN_POINT ( 'NONE',  ( -25.76460898411846046, -28.38714317358549621, 1001.827714468261888 ) ) ;
#5292 = PRODUCT_DEFINITION_FORMATION_WITH_SPECIFIED_SOURCE ( 'ANY', '', #689, .NOT_KNOWN. ) ;
#5293 = VERTEX_POINT ( 'NONE', #9943 ) ;
#5294 = ORIENTED_EDGE ( 'NONE', *, *, #7179, .T. ) ;
#5295 = CARTESIAN_POINT ( 'NONE',  ( -10.61771300448396360, 29.47981022745160828, 983.4916601271910395 ) ) ;
#5296 = CARTESIAN_POINT ( 'NONE',  ( -14.31771300448401796, 29.47981022745160828, 987.4916601271910395 ) ) ;
#5297 = CARTESIAN_POINT ( 'NONE',  ( -0.3477130044840029410, -10.47773340385700003, 1003.491660127191039 ) ) ;
#5298 = CARTESIAN_POINT ( 'NONE',  ( -42.43771300448398165, -10.47773340385700003, 995.9916601271909258 ) ) ;
#5299 = VECTOR ( 'NONE', #9152, 1000.000000000000000 ) ;
#5300 = ORIENTED_EDGE ( 'NONE', *, *, #2912, .F. ) ;
#5301 = CARTESIAN_POINT ( 'NONE',  ( -32.73742996701840013, 2.628868686766200558, 996.1464957773297328 ) ) ;
#5302 = EDGE_LOOP ( 'NONE', ( #8662, #1954, #5976, #1418 ) ) ;
#5303 = EDGE_LOOP ( 'NONE', ( #287, #10411, #4568, #5961, #5721, #3315 ) ) ;
#5304 = COLOUR_RGB ( '',0.7921568627450980005, 0.8196078431372548767, 0.9333333333333333481 ) ;
#5305 = CARTESIAN_POINT ( 'NONE',  ( -18.46771300448399344, 44.52206366277465577, 988.0916604856245158 ) ) ;
#5306 = VECTOR ( 'NONE', #578, 999.9999999999998863 ) ;
#5307 = DIRECTION ( 'NONE',  ( 0.000000000000000000, 0.000000000000000000, 1.000000000000000000 ) ) ;
#5308 = DIRECTION ( 'NONE',  ( 0.000000000000000000, 0.000000000000000000, -1.000000000000000000 ) ) ;
#5309 =( BOUNDED_CURVE ( )  B_SPLINE_CURVE ( 3, ( #1422, #7988, #2340, #3835 ),
 .UNSPECIFIED., .F., .T. ) 
 B_SPLINE_CURVE_WITH_KNOTS ( ( 4, 4 ),
 ( 6.043556358704260667, 6.195040992160659954 ),
 .UNSPECIFIED. ) 
 CURVE ( )  GEOMETRIC_REPRESENTATION_ITEM ( )  RATIONAL_B_SPLINE_CURVE ( ( 1.000000000000000000, 0.9980886145330980508, 0.9980886145330980508, 1.000000000000000000 ) ) 
 REPRESENTATION_ITEM ( '' )  );
#5310 = FACE_OUTER_BOUND ( 'NONE', #955, .T. ) ;
#5311 = CARTESIAN_POINT ( 'NONE',  ( -17.32910333779597067, -26.21583006088349777, 1001.033742253479204 ) ) ;
#5312 = ORIENTED_EDGE ( 'NONE', *, *, #8663, .T. ) ;
#5313 = DIRECTION ( 'NONE',  ( -0.8449011766408752733, -0.5349224258814210264, 0.000000000000000000 ) ) ;
#5314 = ORIENTED_EDGE ( 'NONE', *, *, #9047, .T. ) ;
#5315 = EDGE_CURVE ( 'NONE', #1683, #4391, #8060, .T. ) ;
#5316 = CARTESIAN_POINT ( 'NONE',  ( -23.74381765564677949, -29.19795394728929949, 1001.882705679757009 ) ) ;
#5317 = VERTEX_POINT ( 'NONE', #3362 ) ;
#5318 = CARTESIAN_POINT ( 'NONE',  ( -19.41771300448399629, 28.65053872178998517, 993.1916601248626648 ) ) ;
#5319 = CARTESIAN_POINT ( 'NONE',  ( -11.79799604194960239, 2.628868686766200558, 997.9916601271909258 ) ) ;
#5320 = AXIS2_PLACEMENT_3D ( 'NONE', #6976, #6871, #395 ) ;
#5321 = CARTESIAN_POINT ( 'NONE',  ( -24.26771282526732065, 53.06199455377097252, 1008.101727844896686 ) ) ;
#5322 = CARTESIAN_POINT ( 'NONE',  ( -47.20080973152325754, -13.47502353220715321, 997.9916601271909258 ) ) ;
#5323 = CARTESIAN_POINT ( 'NONE',  ( -36.06771300448401263, 26.58626659614303378, 997.1916601271908576 ) ) ;
#5324 = FACE_OUTER_BOUND ( 'NONE', #1036, .T. ) ;
#5325 = CARTESIAN_POINT ( 'NONE',  ( -16.39664519261860320, 20.35439068285596775, 995.9916601271909258 ) ) ;
#5326 = CARTESIAN_POINT ( 'NONE',  ( -19.21975901359439121, 26.84182138805503115, 983.6916601271909713 ) ) ;
#5327 = EDGE_CURVE ( 'NONE', #5792, #6280, #927, .T. ) ;
#5328 = ORIENTED_EDGE ( 'NONE', *, *, #8852, .F. ) ;
#5329 = EDGE_CURVE ( 'NONE', #3799, #4805, #2559, .T. ) ;
#5330 = ORIENTED_EDGE ( 'NONE', *, *, #3955, .F. ) ;
#5331 = ORIENTED_EDGE ( 'NONE', *, *, #475, .T. ) ;
#5332 = CARTESIAN_POINT ( 'NONE',  ( -28.86306860592052104, -25.25301208327419999, 997.9965602310884378 ) ) ;
#5333 = ORIENTED_EDGE ( 'NONE', *, *, #9906, .F. ) ;
#5334 = CARTESIAN_POINT ( 'NONE',  ( -22.41771300448399273, 43.02206366277465577, 990.4916601271910395 ) ) ;
#5335 = LINE ( 'NONE', #9339, #5452 ) ;
#5336 = CARTESIAN_POINT ( 'NONE',  ( -19.71771300448400055, 3.357757825279103159, 1003.491660127191039 ) ) ;
#5337 = CARTESIAN_POINT ( 'NONE',  ( -29.09787205826060230, -26.25791218717159836, 1000.991660127190926 ) ) ;
#5338 = VECTOR ( 'NONE', #10470, 1000.000000000000000 ) ;
#5339 = DIRECTION ( 'NONE',  ( -1.000000000000000000, 0.000000000000000000, 0.000000000000000000 ) ) ;
#5340 = FACE_OUTER_BOUND ( 'NONE', #8010, .T. ) ;
#5341 = ORIENTED_EDGE ( 'NONE', *, *, #9220, .F. ) ;
#5342 = CARTESIAN_POINT ( 'NONE',  ( -17.26771300448400126, 5.296593178239399791, 1003.068687461818399 ) ) ;
#5343 = EDGE_CURVE ( 'NONE', #4541, #5870, #9042, .T. ) ;
#5344 = VERTEX_POINT ( 'NONE', #3312 ) ;
#5345 = VECTOR ( 'NONE', #2847, 1000.000000000000000 ) ;
#5346 = EDGE_LOOP ( 'NONE', ( #9934, #4178, #10095, #4827 ) ) ;
#5347 = CARTESIAN_POINT ( 'NONE',  ( -25.76353444401853210, -28.38878867453480126, 1001.827449620593256 ) ) ;
#5348 = VERTEX_POINT ( 'NONE', #2458 ) ;
#5349 = DIRECTION ( 'NONE',  ( -1.000000000000000000, 0.000000000000000000, 0.000000000000000000 ) ) ;
#5350 = CARTESIAN_POINT ( 'NONE',  ( -27.26771300448400837, 14.03997960477443741, 1002.291660127190767 ) ) ;
#5351 = CARTESIAN_POINT ( 'NONE',  ( -24.26780393644191136, -28.66842309025789604, 1000.997728599917195 ) ) ;
#5352 = APPLICATION_PROTOCOL_DEFINITION ( 'draft international standard', 'automotive_design', 1998, #941 ) ;
#5353 = FACE_OUTER_BOUND ( 'NONE', #8073, .T. ) ;
#5354 = VECTOR ( 'NONE', #3036, 1000.000000000000000 ) ;
#5355 = EDGE_CURVE ( 'NONE', #434, #7193, #5733, .T. ) ;
#5356 = EDGE_LOOP ( 'NONE', ( #4320, #3147, #5664, #9147, #4660 ) ) ;
#5357 = CARTESIAN_POINT ( 'NONE',  ( -22.16818974859716107, 37.53953660251080038, 1008.284455954133705 ) ) ;
#5358 = B_SPLINE_CURVE_WITH_KNOTS ( 'NONE', 3,
 ( #3866, #7167, #6293, #8798, #1397, #7967 ),
 .UNSPECIFIED., .F., .F.,
 ( 4, 2, 4 ),
 ( 0.000000000000000000, 0.5000000000000000000, 1.000000000000000000 ),
 .UNSPECIFIED. ) ;
#5359 = ORIENTED_EDGE ( 'NONE', *, *, #5622, .F. ) ;
#5360 = ORIENTED_EDGE ( 'NONE', *, *, #5064, .T. ) ;
#5361 = AXIS2_PLACEMENT_3D ( 'NONE', #344, #2783, #2138 ) ;
#5362 = AXIS2_PLACEMENT_3D ( 'NONE', #4194, #4087, #6511 ) ;
#5363 = CARTESIAN_POINT ( 'NONE',  ( -25.11771300448399558, 28.24961551341073474, 990.3954559636227941 ) ) ;
#5364 = DIRECTION ( 'NONE',  ( -0.000000000000000000, -0.000000000000000000, 1.000000000000000000 ) ) ;
#5365 = EDGE_CURVE ( 'NONE', #7534, #2865, #9259, .T. ) ;
#5366 = FACE_OUTER_BOUND ( 'NONE', #2387, .T. ) ;
#5367 = CARTESIAN_POINT ( 'NONE',  ( -28.71577430776599016, 26.01981126762374430, 983.4916601271910395 ) ) ;
#5368 = VECTOR ( 'NONE', #7687, 1000.000000000000000 ) ;
#5369 = VECTOR ( 'NONE', #347, 1000.000000000000000 ) ;
#5370 = VERTEX_POINT ( 'NONE', #6488 ) ;
#5371 = CARTESIAN_POINT ( 'NONE',  ( -0.3125657583561786135, 31.31410652428437302, 1013.641658718408507 ) ) ;
#5372 = ORIENTED_EDGE ( 'NONE', *, *, #10392, .T. ) ;
#5373 = FACE_OUTER_BOUND ( 'NONE', #4263, .T. ) ;
#5374 = ORIENTED_EDGE ( 'NONE', *, *, #3259, .T. ) ;
#5375 = CARTESIAN_POINT ( 'NONE',  ( -26.06760890903833783, -27.14062037270337413, 1001.501291935723543 ) ) ;
#5376 = AXIS2_PLACEMENT_3D ( 'NONE', #7745, #2745, #1168 ) ;
#5377 = CARTESIAN_POINT ( 'NONE',  ( -22.26771300448399771, 23.82355419201191538, 988.9916601271910395 ) ) ;
#5378 = CARTESIAN_POINT ( 'NONE',  ( -18.28202457500469080, -28.22429697609180010, 1002.458670833746851 ) ) ;
#5379 = DIRECTION ( 'NONE',  ( 0.000000000000000000, 0.000000000000000000, 1.000000000000000000 ) ) ;
#5380 = DIRECTION ( 'NONE',  ( 0.000000000000000000, 1.000000000000000000, 0.000000000000000000 ) ) ;
#5381 = CARTESIAN_POINT ( 'NONE',  ( -26.83804672143052983, -28.75791218717139941, 1002.435035800164997 ) ) ;
#5382 = CARTESIAN_POINT ( 'NONE',  ( -19.12722941595242077, 26.95436816856792461, 983.6281689609554633 ) ) ;
#5383 = CIRCLE ( 'NONE', #7588, 2.700000000000035705 ) ;
#5384 = EDGE_LOOP ( 'NONE', ( #9523, #8035, #9463, #3937 ) ) ;
#5385 = ORIENTED_EDGE ( 'NONE', *, *, #1182, .F. ) ;
#5386 = FACE_OUTER_BOUND ( 'NONE', #4603, .T. ) ;
#5387 = ORIENTED_EDGE ( 'NONE', *, *, #2084, .T. ) ;
#5388 = B_SPLINE_CURVE_WITH_KNOTS ( 'NONE', 3,
 ( #6305, #10047, #9615, #5243 ),
 .UNSPECIFIED., .F., .F.,
 ( 4, 4 ),
 ( -0.4288438278347589949, 0.000000000000000000 ),
 .UNSPECIFIED. ) ;
#5389 = CARTESIAN_POINT ( 'NONE',  ( -22.41771300448351667, 43.12023954621653843, 990.4916601271910395 ) ) ;
#5390 = PLANE ( 'NONE',  #4410 ) ;
#5391 = CARTESIAN_POINT ( 'NONE',  ( -30.11795385680410675, 30.41657034268903459, 1004.091660127190949 ) ) ;
#5392 = CIRCLE ( 'NONE', #737, 0.8000000000000008216 ) ;
#5393 = PLANE ( 'NONE',  #5035 ) ;
#5394 = LINE ( 'NONE', #1295, #5186 ) ;
#5395 = EDGE_CURVE ( 'NONE', #3013, #8343, #6542, .T. ) ;
#5396 = CARTESIAN_POINT ( 'NONE',  ( -26.01188696791689026, -28.01682445068755101, 1002.895356525875172 ) ) ;
#5397 = LINE ( 'NONE', #3510, #3414 ) ;
#5398 = ORIENTED_EDGE ( 'NONE', *, *, #5144, .F. ) ;
#5399 = CARTESIAN_POINT ( 'NONE',  ( -0.3477130044840012202, -10.47773340385700358, 1000.991660127190926 ) ) ;
#5400 = ORIENTED_EDGE ( 'NONE', *, *, #6927, .F. ) ;
#5401 = DIRECTION ( 'NONE',  ( 0.000000000000000000, 0.7071067811864494290, -0.7071067811866457165 ) ) ;
#5402 = ORIENTED_EDGE ( 'NONE', *, *, #10113, .T. ) ;
#5403 = CARTESIAN_POINT ( 'NONE',  ( -32.83507148861759362, 2.561197671881187077, 996.0714424826992399 ) ) ;
#5404 = CARTESIAN_POINT ( 'NONE',  ( -34.86771300448391742, 31.01657034268904667, 1016.041658718408485 ) ) ;
#5405 = CARTESIAN_POINT ( 'NONE',  ( -28.18905988234177329, 31.59893860869147275, 983.7916601271909940 ) ) ;
#5406 = DIRECTION ( 'NONE',  ( -0.000000000000000000, -0.000000000000000000, 1.000000000000000000 ) ) ;
#5407 = CARTESIAN_POINT ( 'NONE',  ( -21.96366838705614910, 27.77994705500820771, 989.9867505978495501 ) ) ;
#5408 = ADVANCED_FACE ( 'NONE', ( #8157 ), #7401, .F. ) ;
#5409 = CYLINDRICAL_SURFACE ( 'NONE', #793, 1.750000000000015543 ) ;
#5410 = ORIENTED_EDGE ( 'NONE', *, *, #9232, .T. ) ;
#5411 = CARTESIAN_POINT ( 'NONE',  ( -18.43507433649104144, -27.58225733130979762, 1001.815518504412694 ) ) ;
#5412 = EDGE_CURVE ( 'NONE', #2865, #181, #9092, .T. ) ;
#5413 = ORIENTED_EDGE ( 'NONE', *, *, #8411, .F. ) ;
#5414 = ORIENTED_EDGE ( 'NONE', *, *, #6609, .F. ) ;
#5415 = EDGE_CURVE ( 'NONE', #7035, #9277, #979, .T. ) ;
#5416 = CARTESIAN_POINT ( 'NONE',  ( -16.39664519261865649, 20.35439068285619868, 1003.491660127191039 ) ) ;
#5417 = ADVANCED_FACE ( 'NONE', ( #4586 ), #10539, .T. ) ;
#5418 = VECTOR ( 'NONE', #5784, 1000.000000000000000 ) ;
#5419 = EDGE_CURVE ( 'NONE', #1276, #9283, #6936, .T. ) ;
#5420 = DIRECTION ( 'NONE',  ( 0.5000000000000136557, -0.5000000000000116573, -0.7071067811865296981 ) ) ;
#5421 = DIRECTION ( 'NONE',  ( 0.8219043574876573333, 0.5696255148277693525, 0.000000000000000000 ) ) ;
#5422 = EDGE_CURVE ( 'NONE', #8972, #9658, #1852, .T. ) ;
#5423 = ORIENTED_EDGE ( 'NONE', *, *, #6197, .T. ) ;
#5424 = DIRECTION ( 'NONE',  ( 0.000000000000000000, 0.000000000000000000, -1.000000000000000000 ) ) ;
#5425 = ORIENTED_EDGE ( 'NONE', *, *, #7666, .T. ) ;
#5426 = EDGE_CURVE ( 'NONE', #9698, #5920, #2614, .T. ) ;
#5427 = CARTESIAN_POINT ( 'NONE',  ( -23.71176097185419351, -29.10637976282120221, 1001.358977568759656 ) ) ;
#5428 = ORIENTED_EDGE ( 'NONE', *, *, #84, .T. ) ;
#5429 = CARTESIAN_POINT ( 'NONE',  ( -21.77629243777719026, -29.27763212997860265, 1001.751811051914387 ) ) ;
#5430 = DIRECTION ( 'NONE',  ( 0.000000000000000000, 0.000000000000000000, 1.000000000000000000 ) ) ;
#5431 = DIRECTION ( 'NONE',  ( -1.000000000000000000, 0.000000000000000000, 0.000000000000000000 ) ) ;
#5432 = DIRECTION ( 'NONE',  ( -0.000000000000000000, -0.000000000000000000, 1.000000000000000000 ) ) ;
#5433 = DIRECTION ( 'NONE',  ( 0.000000000000000000, 0.000000000000000000, 1.000000000000000000 ) ) ;
#5434 = CARTESIAN_POINT ( 'NONE',  ( -0.3477130044840029410, -10.47773340385700003, 1004.591660127191176 ) ) ;
#5435 = CARTESIAN_POINT ( 'NONE',  ( -19.09549816965862234, -25.75791218717159836, 997.4916601271909258 ) ) ;
#5436 = VECTOR ( 'NONE', #1808, 1000.000000000000000 ) ;
#5437 = CARTESIAN_POINT ( 'NONE',  ( -19.59733469509566817, 25.95691536355900908, 988.2718057273981458 ) ) ;
#5438 = EDGE_CURVE ( 'NONE', #8252, #4187, #5136, .T. ) ;
#5439 = ORIENTED_EDGE ( 'NONE', *, *, #2728, .T. ) ;
#5440 = ORIENTED_EDGE ( 'NONE', *, *, #5343, .F. ) ;
#5441 = LINE ( 'NONE', #639, #4933 ) ;
#5442 = AXIS2_PLACEMENT_3D ( 'NONE', #7385, #1530, #1574 ) ;
#5443 = VERTEX_POINT ( 'NONE', #1903 ) ;
#5444 = EDGE_CURVE ( 'NONE', #8993, #8909, #7817, .T. ) ;
#5445 = PLANE ( 'NONE',  #6396 ) ;
#5446 = CARTESIAN_POINT ( 'NONE',  ( -20.37034640838253097, -26.65791218717140154, 1002.377300773245906 ) ) ;
#5447 = DIRECTION ( 'NONE',  ( 0.000000000000000000, 0.000000000000000000, 1.000000000000000000 ) ) ;
#5448 = LINE ( 'NONE', #9496, #572 ) ;
#5449 = DIRECTION ( 'NONE',  ( 0.000000000000000000, 1.000000000000000000, 0.000000000000000000 ) ) ;
#5450 = CARTESIAN_POINT ( 'NONE',  ( -26.06244619668694185, -28.33595698023039944, 1002.620336641251356 ) ) ;
#5451 = DIRECTION ( 'NONE',  ( -1.000000000000000000, 0.000000000000000000, 0.000000000000000000 ) ) ;
#5452 = VECTOR ( 'NONE', #4472, 1000.000000000000000 ) ;
#5453 = CARTESIAN_POINT ( 'NONE',  ( -23.21771300448400055, 6.316134549268400455, 1003.491660127191039 ) ) ;
#5454 = ORIENTED_EDGE ( 'NONE', *, *, #7450, .F. ) ;
#5455 = DIRECTION ( 'NONE',  ( -0.000000000000000000, 0.000000000000000000, 1.000000000000000000 ) ) ;
#5456 = EDGE_LOOP ( 'NONE', ( #6607, #1581, #9873, #7392 ) ) ;
#5457 = DIRECTION ( 'NONE',  ( -0.7071067811865475727, 0.7071067811865475727, 0.000000000000000000 ) ) ;
#5458 = EDGE_CURVE ( 'NONE', #4529, #8830, #233, .T. ) ;
#5459 = EDGE_CURVE ( 'NONE', #10381, #4979, #3719, .T. ) ;
#5460 = VERTEX_POINT ( 'NONE', #4330 ) ;
#5461 = CARTESIAN_POINT ( 'NONE',  ( -18.47297981228107133, -28.25791218717139941, 1003.301061203949416 ) ) ;
#5462 = VECTOR ( 'NONE', #7868, 1000.000000000000000 ) ;
#5463 = CARTESIAN_POINT ( 'NONE',  ( -34.86771300448413768, 27.08332287099069191, 995.9916601271909258 ) ) ;
#5464 = DIRECTION ( 'NONE',  ( 0.9419090047030210799, -0.3358681688689243439, 0.000000000000000000 ) ) ;
#5465 =( NAMED_UNIT ( * ) SI_UNIT ( $, .STERADIAN. ) SOLID_ANGLE_UNIT ( ) );
#5466 = CARTESIAN_POINT ( 'NONE',  ( -17.75974877915723837, 18.99128709631770207, 1003.491660127191267 ) ) ;
#5467 = DIRECTION ( 'NONE',  ( 1.000000000000000000, 0.000000000000000000, 0.000000000000000000 ) ) ;
#5468 = AXIS2_PLACEMENT_3D ( 'NONE', #10175, #5154, #7741 ) ;
#5469 = VERTEX_POINT ( 'NONE', #5191 ) ;
#5470 = CARTESIAN_POINT ( 'NONE',  ( -18.69634812356829556, -27.78609895501381999, 1002.574657213033447 ) ) ;
#5471 = EDGE_CURVE ( 'NONE', #10323, #1314, #7961, .T. ) ;
#5472 = ORIENTED_EDGE ( 'NONE', *, *, #1857, .F. ) ;
#5473 = ORIENTED_EDGE ( 'NONE', *, *, #8967, .T. ) ;
#5474 = CYLINDRICAL_SURFACE ( 'NONE', #8353, 1.650000000000000355 ) ;
#5475 =( BOUNDED_CURVE ( )  B_SPLINE_CURVE ( 3, ( #3382, #4132, #142, #9964 ),
 .UNSPECIFIED., .F., .F. ) 
 B_SPLINE_CURVE_WITH_KNOTS ( ( 4, 4 ),
 ( 1.033180765977246951, 1.142573727471995371 ),
 .UNSPECIFIED. ) 
 CURVE ( )  GEOMETRIC_REPRESENTATION_ITEM ( )  RATIONAL_B_SPLINE_CURVE ( ( 1.000000000000000000, 0.9990030135925711541, 0.9990030135925711541, 1.000000000000000000 ) ) 
 REPRESENTATION_ITEM ( '' )  );
#5476 = CARTESIAN_POINT ( 'NONE',  ( -14.33444264027449044, 31.13837420822109436, 1016.605889341255534 ) ) ;
#5477 = COLOUR_RGB ( '',0.7921568627450980005, 0.8196078431372548767, 0.9333333333333333481 ) ;
#5478 =( GEOMETRIC_REPRESENTATION_CONTEXT ( 3 ) GLOBAL_UNCERTAINTY_ASSIGNED_CONTEXT ( ( #7120 ) ) GLOBAL_UNIT_ASSIGNED_CONTEXT ( ( #1195, #10310, #5465 ) ) REPRESENTATION_CONTEXT ( 'NONE', 'WORKASPACE' ) );
#5479 = DIRECTION ( 'NONE',  ( 0.000000000000000000, 0.000000000000000000, -1.000000000000000000 ) ) ;
#5480 = DIRECTION ( 'NONE',  ( -0.5013132066024578171, -0.4986833352799759367, 0.7071067811865479058 ) ) ;
#5481 = EDGE_CURVE ( 'NONE', #8628, #3910, #10298, .T. ) ;
#5482 = ORIENTED_EDGE ( 'NONE', *, *, #10226, .T. ) ;
#5483 = EDGE_CURVE ( 'NONE', #1719, #5163, #9864, .T. ) ;
#5484 = CYLINDRICAL_SURFACE ( 'NONE', #4801, 10.00000000000002487 ) ;
#5485 = ORIENTED_EDGE ( 'NONE', *, *, #8437, .T. ) ;
#5486 = DIRECTION ( 'NONE',  ( 0.000000000000000000, -0.8660254037844443697, 0.4999999999999901745 ) ) ;
#5487 = EDGE_CURVE ( 'NONE', #7035, #6789, #3314, .T. ) ;
#5488 = ORIENTED_EDGE ( 'NONE', *, *, #7516, .F. ) ;
#5489 = CARTESIAN_POINT ( 'NONE',  ( -18.90716125003263315, -28.94505954706239592, 1002.770736083137535 ) ) ;
#5490 = CARTESIAN_POINT ( 'NONE',  ( 3.300357742752274781, -10.14488023348875956, 999.8900524785391326 ) ) ;
#5491 = LINE ( 'NONE', #7962, #2289 ) ;
#5492 = CARTESIAN_POINT ( 'NONE',  ( -18.46930288678916554, -27.15918528353480355, 1001.512235553196660 ) ) ;
#5493 = CARTESIAN_POINT ( 'NONE',  ( -46.60862144250199890, -6.984639884534449727, 995.9916601271909258 ) ) ;
#5494 = B_SPLINE_CURVE_WITH_KNOTS ( 'NONE', 3,
 ( #1987, #3706, #2799, #4525, #5382, #5326 ),
 .UNSPECIFIED., .F., .F.,
 ( 4, 2, 4 ),
 ( 0.000000000000000000, 0.0004685409198996626115, 0.0009370818397993252230 ),
 .UNSPECIFIED. ) ;
#5495 = LINE ( 'NONE', #4017, #4537 ) ;
#5496 = DIRECTION ( 'NONE',  ( -0.000000000000000000, -0.000000000000000000, -1.000000000000000000 ) ) ;
#5497 = CARTESIAN_POINT ( 'NONE',  ( -18.81186310416961049, 26.20700194307794817, 987.4916601271910395 ) ) ;
#5498 = ORIENTED_EDGE ( 'NONE', *, *, #7982, .T. ) ;
#5499 = VECTOR ( 'NONE', #9347, 1000.000000000000114 ) ;
#5500 = ORIENTED_EDGE ( 'NONE', *, *, #3130, .T. ) ;
#5501 = CARTESIAN_POINT ( 'NONE',  ( -24.01771300448400126, 3.357757825279103159, 1003.491660127191039 ) ) ;
#5502 = VERTEX_POINT ( 'NONE', #7614 ) ;
#5503 = FACE_OUTER_BOUND ( 'NONE', #662, .T. ) ;
#5504 = EDGE_CURVE ( 'NONE', #1373, #10076, #8476, .T. ) ;
#5505 = CARTESIAN_POINT ( 'NONE',  ( -19.31389087347609745, 26.19728973091488911, 984.3753740070073945 ) ) ;
#5506 = CARTESIAN_POINT ( 'NONE',  ( -33.71771300448400410, 0.000000000000000000, 1013.641658718408507 ) ) ;
#5507 = LINE ( 'NONE', #10607, #6763 ) ;
#5508 = CARTESIAN_POINT ( 'NONE',  ( -17.66771287334972484, 43.02206368025922956, 997.4916601271909258 ) ) ;
#5509 = CARTESIAN_POINT ( 'NONE',  ( -0.000000000000000000, 26.25339869864175668, 987.4916601271910395 ) ) ;
#5510 = CARTESIAN_POINT ( 'NONE',  ( -25.50903802312762281, 15.58580143709232857, 995.4329851458346639 ) ) ;
#5511 = ORIENTED_EDGE ( 'NONE', *, *, #6136, .T. ) ;
#5512 = CARTESIAN_POINT ( 'NONE',  ( -9.236955864958900975, -25.44013165305140234, 995.9916601271909258 ) ) ;
#5513 = EDGE_LOOP ( 'NONE', ( #4052, #2974, #10146, #7865, #5760 ) ) ;
#5514 = PLANE ( 'NONE',  #7893 ) ;
#5515 = VERTEX_POINT ( 'NONE', #2666 ) ;
#5516 = VECTOR ( 'NONE', #657, 1000.000000000000000 ) ;
#5517 = CARTESIAN_POINT ( 'NONE',  ( -14.11771300448399380, 29.47981022745160828, 1004.592685127191089 ) ) ;
#5518 = CARTESIAN_POINT ( 'NONE',  ( -26.06771300448399487, 44.52206294590788360, 997.4916601271909258 ) ) ;
#5519 = FACE_BOUND ( 'NONE', #771, .T. ) ;
#5520 = CARTESIAN_POINT ( 'NONE',  ( -23.66271300448400083, -25.35791218717159978, 1002.550505854002949 ) ) ;
#5521 = CARTESIAN_POINT ( 'NONE',  ( -18.77311321617959194, -28.38647986532109968, 1001.824733954718113 ) ) ;
#5522 = AXIS2_PLACEMENT_3D ( 'NONE', #2336, #699, #1419 ) ;
#5523 = ORIENTED_EDGE ( 'NONE', *, *, #6402, .T. ) ;
#5524 = VERTEX_POINT ( 'NONE', #3470 ) ;
#5525 = VERTEX_POINT ( 'NONE', #8755 ) ;
#5526 = CARTESIAN_POINT ( 'NONE',  ( -10.26771300448410429, 43.92206366277464724, 1016.641658718408394 ) ) ;
#5527 = CARTESIAN_POINT ( 'NONE',  ( -18.47297981228107133, -28.33595698023039944, 1002.620336641251583 ) ) ;
#5528 = AXIS2_PLACEMENT_3D ( 'NONE', #2273, #1353, #596 ) ;
#5529 = FACE_OUTER_BOUND ( 'NONE', #6271, .T. ) ;
#5530 = DIRECTION ( 'NONE',  ( -1.000000000000000000, 0.000000000000000000, 0.000000000000000000 ) ) ;
#5531 = EDGE_CURVE ( 'NONE', #2241, #10664, #5895, .T. ) ;
#5532 = ORIENTED_EDGE ( 'NONE', *, *, #2931, .T. ) ;
#5533 = LINE ( 'NONE', #5839, #7723 ) ;
#5534 = AXIS2_PLACEMENT_3D ( 'NONE', #5942, #4115, #8419 ) ;
#5535 = ORIENTED_EDGE ( 'NONE', *, *, #5459, .F. ) ;
#5536 =( BOUNDED_CURVE ( )  B_SPLINE_CURVE ( 3, ( #7513, #9367, #8378, #6770 ),
 .UNSPECIFIED., .F., .F. ) 
 B_SPLINE_CURVE_WITH_KNOTS ( ( 4, 4 ),
 ( 2.867578449779622840, 3.415606857399930973 ),
 .UNSPECIFIED. ) 
 CURVE ( )  GEOMETRIC_REPRESENTATION_ITEM ( )  RATIONAL_B_SPLINE_CURVE ( ( 1.000000000000000000, 0.9751282799207713348, 0.9751282799207713348, 1.000000000000000000 ) ) 
 REPRESENTATION_ITEM ( '' )  );
#5537 = CARTESIAN_POINT ( 'NONE',  ( -12.46771300448399344, 29.47981022745160828, 987.6916601271909713 ) ) ;
#5538 = ORIENTED_EDGE ( 'NONE', *, *, #218, .F. ) ;
#5539 = DIRECTION ( 'NONE',  ( -0.000000000000000000, -0.000000000000000000, 1.000000000000000000 ) ) ;
#5540 = CARTESIAN_POINT ( 'NONE',  ( -30.41771300448400694, 29.52206337602792630, 987.6916601271909713 ) ) ;
#5541 = CARTESIAN_POINT ( 'NONE',  ( -20.87271300448400169, -28.70124835607409963, 1001.016680275972590 ) ) ;
#5542 = LINE ( 'NONE', #6395, #284 ) ;
#5543 = CARTESIAN_POINT ( 'NONE',  ( -25.23944301411296109, 26.42121600025749828, 984.0300536027509679 ) ) ;
#5544 = VECTOR ( 'NONE', #1940, 1000.000000000000114 ) ;
#5545 = LINE ( 'NONE', #10549, #9536 ) ;
#5546 = CIRCLE ( 'NONE', #5362, 0.8000000000000008216 ) ;
#5547 = DIRECTION ( 'NONE',  ( 0.5013132066024578171, 0.4986833352799758812, 0.7071067811865479058 ) ) ;
#5548 = EDGE_CURVE ( 'NONE', #7188, #8342, #4960, .T. ) ;
#5549 = EDGE_CURVE ( 'NONE', #4264, #7954, #5946, .T. ) ;
#5550 = VERTEX_POINT ( 'NONE', #9305 ) ;
#5551 = VECTOR ( 'NONE', #9077, 1000.000000000000227 ) ;
#5552 = ADVANCED_FACE ( 'NONE', ( #8132 ), #7980, .T. ) ;
#5553 = VECTOR ( 'NONE', #4560, 1000.000000000000000 ) ;
#5554 = VERTEX_POINT ( 'NONE', #9669 ) ;
#5555 = CYLINDRICAL_SURFACE ( 'NONE', #1513, 0.7999999999999994893 ) ;
#5556 = EDGE_CURVE ( 'NONE', #3599, #4861, #747, .T. ) ;
#5557 = CARTESIAN_POINT ( 'NONE',  ( -25.41399645651704020, 44.11011063155948619, 990.1953766751595367 ) ) ;
#5558 = CYLINDRICAL_SURFACE ( 'NONE', #7679, 0.9999999999999730216 ) ;
#5559 = CARTESIAN_POINT ( 'NONE',  ( -24.01771300448400126, 6.316134549268400455, 1000.991660127190926 ) ) ;
#5560 = CARTESIAN_POINT ( 'NONE',  ( -14.13682963820922112, 0.5772708352942014232, 1000.991660127176715 ) ) ;
#5561 = DIRECTION ( 'NONE',  ( 0.000000000000000000, 0.000000000000000000, 1.000000000000000000 ) ) ;
#5562 = DIRECTION ( 'NONE',  ( 0.5148788343237375997, 0.8572629619699134729, -0.000000000000000000 ) ) ;
#5563 = AXIS2_PLACEMENT_3D ( 'NONE', #6357, #3080, #10660 ) ;
#5564 = VECTOR ( 'NONE', #7502, 1000.000000000000000 ) ;
#5565 = CARTESIAN_POINT ( 'NONE',  ( -14.71771300448399700, 38.02206337602792274, 1000.991660127190926 ) ) ;
#5566 = ORIENTED_EDGE ( 'NONE', *, *, #6532, .F. ) ;
#5567 = ORIENTED_EDGE ( 'NONE', *, *, #7992, .T. ) ;
#5568 = DIRECTION ( 'NONE',  ( 0.4999999999999090172, -0.4999999999999151234, -0.7071067811866718067 ) ) ;
#5569 = EDGE_LOOP ( 'NONE', ( #4737, #10668, #5948, #2868 ) ) ;
#5570 = CARTESIAN_POINT ( 'NONE',  ( -7.021848437303064018E-16, 37.53953660251080038, 0.000000000000000000 ) ) ;
#5571 = ADVANCED_FACE ( 'NONE', ( #8871 ), #3137, .T. ) ;
#5572 = CIRCLE ( 'NONE', #8142, 1.649999999999998579 ) ;
#5573 = ORIENTED_EDGE ( 'NONE', *, *, #676, .T. ) ;
#5574 = CARTESIAN_POINT ( 'NONE',  ( -9.667713004483893258, 44.52206366277465577, 988.0916604856245158 ) ) ;
#5575 = LINE ( 'NONE', #8145, #10155 ) ;
#5576 = CARTESIAN_POINT ( 'NONE',  ( -20.87271300448400169, -27.83873861455601784, 1000.372580568494868 ) ) ;
#5577 = DIRECTION ( 'NONE',  ( -0.7999999999999863887, -0.2999999999999954925, -0.5196152422706865615 ) ) ;
#5578 = VERTEX_POINT ( 'NONE', #3982 ) ;
#5579 = CARTESIAN_POINT ( 'NONE',  ( -9.767713004483898231, -4.897950218903390061E-15, 987.2916601271911077 ) ) ;
#5580 = ORIENTED_EDGE ( 'NONE', *, *, #7919, .T. ) ;
#5581 = ORIENTED_EDGE ( 'NONE', *, *, #9517, .F. ) ;
#5582 = LINE ( 'NONE', #6379, #2677 ) ;
#5583 = CARTESIAN_POINT ( 'NONE',  ( -46.73771300448400012, -10.47773340385699647, 1003.491660127191039 ) ) ;
#5584 = EDGE_CURVE ( 'NONE', #5675, #4554, #4518, .T. ) ;
#5585 = DIRECTION ( 'NONE',  ( 1.000000000000000000, 3.868740194890244000E-16, -0.000000000000000000 ) ) ;
#5586 = DIRECTION ( 'NONE',  ( 0.000000000000000000, -0.7071067811864739650, -0.7071067811866211805 ) ) ;
#5587 = ORIENTED_EDGE ( 'NONE', *, *, #7010, .F. ) ;
#5588 = DIRECTION ( 'NONE',  ( -0.7071067811865481278, -6.181723834582348167E-08, 0.7071067811865441310 ) ) ;
#5589 = ORIENTED_EDGE ( 'NONE', *, *, #5660, .T. ) ;
#5590 = VERTEX_POINT ( 'NONE', #10662 ) ;
#5591 = CARTESIAN_POINT ( 'NONE',  ( 0.000000000000000000, 0.000000000000000000, 983.7916601271909940 ) ) ;
#5592 = CARTESIAN_POINT ( 'NONE',  ( -20.87271300448400169, -27.77362369710604995, 1000.029303708437169 ) ) ;
#5593 = EDGE_CURVE ( 'NONE', #3443, #1092, #4945, .T. ) ;
#5594 = DIRECTION ( 'NONE',  ( -6.383782391594654052E-16, -0.8660254037844384856, 0.5000000000000003331 ) ) ;
#5595 = DIRECTION ( 'NONE',  ( -1.000000000000000000, 0.000000000000000000, 0.000000000000000000 ) ) ;
#5596 = LINE ( 'NONE', #7309, #9025 ) ;
#5597 = LINE ( 'NONE', #4785, #2619 ) ;
#5598 =( BOUNDED_CURVE ( )  B_SPLINE_CURVE ( 3, ( #8137, #1470, #3087, #5615 ),
 .UNSPECIFIED., .F., .F. ) 
 B_SPLINE_CURVE_WITH_KNOTS ( ( 4, 4 ),
 ( 2.867578449779645045, 3.415606857399954954 ),
 .UNSPECIFIED. ) 
 CURVE ( )  GEOMETRIC_REPRESENTATION_ITEM ( )  RATIONAL_B_SPLINE_CURVE ( ( 1.000000000000000000, 0.9751282799207712237, 0.9751282799207712237, 1.000000000000000000 ) ) 
 REPRESENTATION_ITEM ( '' )  );
#5599 = AXIS2_PLACEMENT_3D ( 'NONE', #7130, #334, #6761 ) ;
#5600 = ORIENTED_EDGE ( 'NONE', *, *, #7640, .F. ) ;
#5601 = VERTEX_POINT ( 'NONE', #6951 ) ;
#5602 = DIRECTION ( 'NONE',  ( 0.4027860642715939132, 0.5811741446662946897, 0.7071067811865476838 ) ) ;
#5603 = CARTESIAN_POINT ( 'NONE',  ( -25.31596560634195470, 43.77378967458971459, 992.6365528419944440 ) ) ;
#5604 = STYLED_ITEM ( 'NONE', ( #10438 ), #8621 ) ;
#5605 = CARTESIAN_POINT ( 'NONE',  ( -29.70849222623759900, 1.007079681525997472, 1000.991660127190471 ) ) ;
#5606 = CARTESIAN_POINT ( 'NONE',  ( -20.47967012913731466, 44.21472510145179058, 989.9066448145672439 ) ) ;
#5607 = CARTESIAN_POINT ( 'NONE',  ( -14.80117135238853976, 1.058042287423150984, 1000.992155779392647 ) ) ;
#5608 = DIRECTION ( 'NONE',  ( -1.000000000000000000, 0.000000000000000000, 0.000000000000000000 ) ) ;
#5609 = FACE_OUTER_BOUND ( 'NONE', #5816, .T. ) ;
#5610 = CARTESIAN_POINT ( 'NONE',  ( -3.680062778940087487, -3.680062778940076385, 983.4916601271910395 ) ) ;
#5611 = FACE_OUTER_BOUND ( 'NONE', #3886, .T. ) ;
#5612 = EDGE_CURVE ( 'NONE', #5590, #2549, #5888, .T. ) ;
#5613 = VECTOR ( 'NONE', #9579, 1000.000000000000000 ) ;
#5614 = ORIENTED_EDGE ( 'NONE', *, *, #8450, .T. ) ;
#5615 = CARTESIAN_POINT ( 'NONE',  ( -17.19736513873636241, 14.82819536793178905, 1002.221312261443131 ) ) ;
#5616 = ORIENTED_EDGE ( 'NONE', *, *, #10517, .F. ) ;
#5617 = ORIENTED_EDGE ( 'NONE', *, *, #8800, .F. ) ;
#5618 = FACE_OUTER_BOUND ( 'NONE', #4140, .T. ) ;
#5619 = EDGE_CURVE ( 'NONE', #8191, #1435, #4345, .T. ) ;
#5620 = VERTEX_POINT ( 'NONE', #10180 ) ;
#5621 = LINE ( 'NONE', #5713, #10087 ) ;
#5622 = EDGE_CURVE ( 'NONE', #5792, #2445, #5494, .T. ) ;
#5623 = DIRECTION ( 'NONE',  ( 0.7071067811865474617, 0.7071067811865474617, 9.185433182841462058E-17 ) ) ;
#5624 = DIRECTION ( 'NONE',  ( -1.110223024625158907E-15, 0.8660254037844384856, -0.5000000000000003331 ) ) ;
#5625 = EDGE_CURVE ( 'NONE', #4252, #1435, #1225, .T. ) ;
#5626 = ORIENTED_EDGE ( 'NONE', *, *, #6530, .F. ) ;
#5627 = ORIENTED_EDGE ( 'NONE', *, *, #8028, .F. ) ;
#5628 = VECTOR ( 'NONE', #10367, 1000.000000000000000 ) ;
#5629 = ORIENTED_EDGE ( 'NONE', *, *, #9111, .T. ) ;
#5630 = CARTESIAN_POINT ( 'NONE',  ( -10.26771300448408653, -3.831032016522039950E-15, 1016.641658718408394 ) ) ;
#5631 = B_SPLINE_CURVE_WITH_KNOTS ( 'NONE', 3,
 ( #2131, #2293, #8826, #562, #10420, #5521 ),
 .UNSPECIFIED., .F., .F.,
 ( 4, 2, 4 ),
 ( 0.000000000000000000, 0.9929363641177859634, 1.000000000000000000 ),
 .UNSPECIFIED. ) ;
#5632 = DIRECTION ( 'NONE',  ( -0.000000000000000000, -0.000000000000000000, 1.000000000000000000 ) ) ;
#5633 = LINE ( 'NONE', #3953, #4566 ) ;
#5634 = VECTOR ( 'NONE', #30, 1000.000000000000000 ) ;
#5635 = EDGE_CURVE ( 'NONE', #9081, #2670, #10511, .T. ) ;
#5636 = DIRECTION ( 'NONE',  ( 1.000000000000000000, -1.480297366166879989E-16, 0.000000000000000000 ) ) ;
#5637 = VECTOR ( 'NONE', #6124, 1000.000000000000000 ) ;
#5638 = VERTEX_POINT ( 'NONE', #3759 ) ;
#5639 = FACE_OUTER_BOUND ( 'NONE', #9747, .T. ) ;
#5640 = VERTEX_POINT ( 'NONE', #417 ) ;
#5641 = ORIENTED_EDGE ( 'NONE', *, *, #3024, .T. ) ;
#5642 = AXIS2_PLACEMENT_3D ( 'NONE', #478, #2907, #1992 ) ;
#5643 = DIRECTION ( 'NONE',  ( 1.000000000000000000, 0.000000000000000000, 0.000000000000000000 ) ) ;
#5644 = CARTESIAN_POINT ( 'NONE',  ( -18.47297981228106778, -28.36553131374809666, 1004.591660127191176 ) ) ;
#5645 = CARTESIAN_POINT ( 'NONE',  ( -23.79863577419423848, 6.866160671950028771, 995.9916601271909258 ) ) ;
#5646 = CARTESIAN_POINT ( 'NONE',  ( -0.3477130044840029410, -10.47773340385700003, 1004.591660127191176 ) ) ;
#5647 = CARTESIAN_POINT ( 'NONE',  ( -35.29847014400910155, -25.44013165305140234, 997.9916601271909258 ) ) ;
#5648 = VECTOR ( 'NONE', #10215, 1000.000000000000000 ) ;
#5649 = ORIENTED_EDGE ( 'NONE', *, *, #3249, .F. ) ;
#5650 = ORIENTED_EDGE ( 'NONE', *, *, #3320, .T. ) ;
#5651 = FACE_OUTER_BOUND ( 'NONE', #4692, .T. ) ;
#5652 = VECTOR ( 'NONE', #4588, 1000.000000000000000 ) ;
#5653 = CARTESIAN_POINT ( 'NONE',  ( -20.26771282526731355, 28.65192683606531432, 983.6916601271910849 ) ) ;
#5654 = AXIS2_PLACEMENT_3D ( 'NONE', #5724, #5486, #813 ) ;
#5655 = DIRECTION ( 'NONE',  ( 0.7071067811865306973, 0.000000000000000000, 0.7071067811865644481 ) ) ;
#5656 = CARTESIAN_POINT ( 'NONE',  ( -34.86771300448391031, 44.52206366277465577, 1003.491660127191039 ) ) ;
#5657 = CARTESIAN_POINT ( 'NONE',  ( -16.78242989951912989, 36.93207555131017727, 1003.491660127191039 ) ) ;
#5658 = LINE ( 'NONE', #9614, #7253 ) ;
#5659 = DIRECTION ( 'NONE',  ( -0.000000000000000000, -0.000000000000000000, 1.000000000000000000 ) ) ;
#5660 = EDGE_CURVE ( 'NONE', #7918, #751, #6078, .T. ) ;
#5661 = CARTESIAN_POINT ( 'NONE',  ( -18.43507433649104144, -27.58225733130979762, 1001.815518504412694 ) ) ;
#5662 = AXIS2_PLACEMENT_3D ( 'NONE', #4925, #8945, #3164 ) ;
#5663 = ORIENTED_EDGE ( 'NONE', *, *, #7705, .F. ) ;
#5664 = ORIENTED_EDGE ( 'NONE', *, *, #6609, .T. ) ;
#5665 = ORIENTED_EDGE ( 'NONE', *, *, #3959, .T. ) ;
#5666 = ORIENTED_EDGE ( 'NONE', *, *, #6329, .T. ) ;
#5667 = DIRECTION ( 'NONE',  ( 0.000000000000000000, 1.000000000000000000, -0.000000000000000000 ) ) ;
#5668 = ORIENTED_EDGE ( 'NONE', *, *, #5161, .T. ) ;
#5669 = FACE_OUTER_BOUND ( 'NONE', #905, .T. ) ;
#5670 = CARTESIAN_POINT ( 'NONE',  ( -25.31566699537452436, 26.84182138805840978, 983.6916601271893796 ) ) ;
#5671 = CARTESIAN_POINT ( 'NONE',  ( -13.95537278172092144, 2.777906599224096773, 999.0042347726194976 ) ) ;
#5672 = CARTESIAN_POINT ( 'NONE',  ( -24.26771282526732421, 26.25339869864176023, 985.8032377962109649 ) ) ;
#5673 = EDGE_CURVE ( 'NONE', #6926, #3142, #4409, .T. ) ;
#5674 = EDGE_LOOP ( 'NONE', ( #2118, #9276, #9454, #7078 ) ) ;
#5675 = VERTEX_POINT ( 'NONE', #4465 ) ;
#5676 = EDGE_CURVE ( 'NONE', #5578, #4289, #9485, .T. ) ;
#5677 = CARTESIAN_POINT ( 'NONE',  ( -32.06771300448400552, 29.52206337602792630, 1003.491660127191039 ) ) ;
#5678 = DIRECTION ( 'NONE',  ( 0.9219182708085965627, -0.1936922184480197595, -0.3354847633827384157 ) ) ;
#5679 = EDGE_CURVE ( 'NONE', #6516, #5675, #308, .T. ) ;
#5680 = DIRECTION ( 'NONE',  ( 0.8909610031839562128, -0.08803022097896391618, 0.4454651176016291569 ) ) ;
#5681 = CARTESIAN_POINT ( 'NONE',  ( -19.54041478059794557, 25.85178281508403941, 988.2166438446785151 ) ) ;
#5682 = VERTEX_POINT ( 'NONE', #1933 ) ;
#5683 = ORIENTED_EDGE ( 'NONE', *, *, #5549, .T. ) ;
#5684 = ORIENTED_EDGE ( 'NONE', *, *, #8169, .T. ) ;
#5685 = CONICAL_SURFACE ( 'NONE', #8818, 4.249999999999990230, 0.2997760700999739791 ) ;
#5686 = CARTESIAN_POINT ( 'NONE',  ( -28.71577430776599016, 26.01981126762374430, 987.4916601271910395 ) ) ;
#5687 = EDGE_CURVE ( 'NONE', #6255, #3156, #1878, .T. ) ;
#5688 = LINE ( 'NONE', #4124, #3360 ) ;
#5689 = CARTESIAN_POINT ( 'NONE',  ( -32.06771300448400552, 29.52206337602792630, 987.6916601271909713 ) ) ;
#5690 = CARTESIAN_POINT ( 'NONE',  ( -17.44029694382430051, -26.71158709784399932, 1000.537985216518564 ) ) ;
#5691 = CARTESIAN_POINT ( 'NONE',  ( -19.47560601129138291, 27.74661385842935246, 990.1439825417899101 ) ) ;
#5692 = ORIENTED_EDGE ( 'NONE', *, *, #3091, .F. ) ;
#5693 = DIRECTION ( 'NONE',  ( 0.000000000000000000, 0.000000000000000000, 1.000000000000000000 ) ) ;
#5694 = AXIS2_PLACEMENT_3D ( 'NONE', #451, #5364, #10163 ) ;
#5695 = VECTOR ( 'NONE', #10137, 1000.000000000000000 ) ;
#5696 = CARTESIAN_POINT ( 'NONE',  ( -25.26946356352555512, 43.68679047157998951, 992.7667585618659132 ) ) ;
#5697 = PLANE ( 'NONE',  #2203 ) ;
#5698 = CARTESIAN_POINT ( 'NONE',  ( -18.96607517996365999, -27.65791218717139799, 1002.177834573018117 ) ) ;
#5699 = LINE ( 'NONE', #1464, #214 ) ;
#5700 = LINE ( 'NONE', #896, #4153 ) ;
#5701 = CARTESIAN_POINT ( 'NONE',  ( -14.47385571355133393, 30.77054819419171494, 1014.043844287074990 ) ) ;
#5702 = DIRECTION ( 'NONE',  ( -0.000000000000000000, 1.000000000000000000, 0.000000000000000000 ) ) ;
#5703 = CIRCLE ( 'NONE', #1050, 0.5999999999999998668 ) ;
#5704 = DIRECTION ( 'NONE',  ( -1.000000000000000000, 0.000000000000000000, 0.000000000000000000 ) ) ;
#5705 = CIRCLE ( 'NONE', #4849, 1.750000000000011990 ) ;
#5706 = ORIENTED_EDGE ( 'NONE', *, *, #9314, .F. ) ;
#5707 = ORIENTED_EDGE ( 'NONE', *, *, #1238, .T. ) ;
#5708 = ORIENTED_EDGE ( 'NONE', *, *, #1337, .F. ) ;
#5709 = EDGE_LOOP ( 'NONE', ( #1521, #8711, #4752, #4704 ) ) ;
#5710 = ORIENTED_EDGE ( 'NONE', *, *, #8598, .F. ) ;
#5711 = DIRECTION ( 'NONE',  ( 1.000000000000000000, 0.000000000000000000, 0.000000000000000000 ) ) ;
#5712 = EDGE_LOOP ( 'NONE', ( #314, #10467, #6035, #9676, #9935, #5246, #7169, #8553, #1329, #2134, #9223 ) ) ;
#5713 = CARTESIAN_POINT ( 'NONE',  ( -18.55106154147246045, -27.00391473527261965, 1001.403968674710086 ) ) ;
#5714 = EDGE_CURVE ( 'NONE', #7927, #2401, #1284, .T. ) ;
#5715 = CARTESIAN_POINT ( 'NONE',  ( -22.56374879202575912, 24.67142028813032439, 988.9916601271910395 ) ) ;
#5716 = VECTOR ( 'NONE', #5718, 1000.000000000000000 ) ;
#5717 = VECTOR ( 'NONE', #6129, 1000.000000000000000 ) ;
#5718 = DIRECTION ( 'NONE',  ( 0.000000000000000000, 1.000000000000000000, 0.000000000000000000 ) ) ;
#5719 = CARTESIAN_POINT ( 'NONE',  ( -18.44622886930665473, 18.44622886930664407, 983.4916601271910395 ) ) ;
#5720 = CARTESIAN_POINT ( 'NONE',  ( -16.11734219845074634, 33.87212757196074620, 1014.306158709955753 ) ) ;
#5721 = ORIENTED_EDGE ( 'NONE', *, *, #1918, .T. ) ;
#5722 = VECTOR ( 'NONE', #4625, 1000.000000000000000 ) ;
#5723 = ORIENTED_EDGE ( 'NONE', *, *, #5744, .T. ) ;
#5724 = CARTESIAN_POINT ( 'NONE',  ( -18.47297981228107133, -27.65791218717139799, 1001.684480450218530 ) ) ;
#5725 = ORIENTED_EDGE ( 'NONE', *, *, #2839, .F. ) ;
#5726 = DIRECTION ( 'NONE',  ( -1.000000000000000000, 0.000000000000000000, 0.000000000000000000 ) ) ;
#5727 = ADVANCED_FACE ( 'NONE', ( #2043 ), #2098, .F. ) ;
#5728 = LINE ( 'NONE', #168, #10009 ) ;
#5729 = LINE ( 'NONE', #3863, #6554 ) ;
#5730 = VECTOR ( 'NONE', #10115, 1000.000000000000000 ) ;
#5731 = DIRECTION ( 'NONE',  ( -1.000000000000000000, 0.000000000000000000, 0.000000000000000000 ) ) ;
#5732 = CARTESIAN_POINT ( 'NONE',  ( -18.53069497786028563, -28.00179971211099073, 1002.895355376130851 ) ) ;
#5733 = B_SPLINE_CURVE_WITH_KNOTS ( 'NONE', 3,
 ( #7299, #5732, #8318, #872 ),
 .UNSPECIFIED., .F., .F.,
 ( 4, 4 ),
 ( 0.000000000000000000, 1.000000000000000000 ),
 .UNSPECIFIED. ) ;
#5734 = VERTEX_POINT ( 'NONE', #8451 ) ;
#5735 = LINE ( 'NONE', #1494, #3944 ) ;
#5736 = EDGE_LOOP ( 'NONE', ( #3515, #723, #3567, #7724 ) ) ;
#5737 = EDGE_CURVE ( 'NONE', #1922, #5682, #7110, .T. ) ;
#5738 = ORIENTED_EDGE ( 'NONE', *, *, #10065, .T. ) ;
#5739 = EDGE_CURVE ( 'NONE', #7425, #7430, #9861, .T. ) ;
#5740 = B_SPLINE_CURVE_WITH_KNOTS ( 'NONE', 3,
 ( #4111, #7393, #3800, #10434 ),
 .UNSPECIFIED., .F., .F.,
 ( 4, 4 ),
 ( 0.000000000000000000, 1.000000000000000000 ),
 .UNSPECIFIED. ) ;
#5741 = EDGE_CURVE ( 'NONE', #6442, #1749, #3598, .T. ) ;
#5742 = DIRECTION ( 'NONE',  ( 0.000000000000000000, 0.000000000000000000, 1.000000000000000000 ) ) ;
#5743 = DIRECTION ( 'NONE',  ( 1.000000000000000000, 0.000000000000000000, 0.000000000000000000 ) ) ;
#5744 = EDGE_CURVE ( 'NONE', #5638, #10185, #6348, .T. ) ;
#5745 = ADVANCED_FACE ( 'NONE', ( #6237 ), #3011, .T. ) ;
#5746 = FACE_OUTER_BOUND ( 'NONE', #3408, .T. ) ;
#5747 = CARTESIAN_POINT ( 'NONE',  ( -25.68736385283332879, -28.91640660810790209, 1002.634249740968130 ) ) ;
#5748 = EDGE_CURVE ( 'NONE', #4391, #10516, #8443, .T. ) ;
#5749 = CARTESIAN_POINT ( 'NONE',  ( -21.69462663999214769, 27.54008267191462878, 989.6742691637591633 ) ) ;
#5750 = ORIENTED_EDGE ( 'NONE', *, *, #1598, .F. ) ;
#5751 = CARTESIAN_POINT ( 'NONE',  ( -15.81965170120199993, 26.01981126762380825, 983.6916601271909713 ) ) ;
#5752 = FACE_OUTER_BOUND ( 'NONE', #2073, .T. ) ;
#5753 = DIRECTION ( 'NONE',  ( -1.000000000000000000, 0.000000000000000000, 0.000000000000000000 ) ) ;
#5754 = CARTESIAN_POINT ( 'NONE',  ( -19.07297981228107275, -27.28746928461670151, 1001.586075194547107 ) ) ;
#5755 = CARTESIAN_POINT ( 'NONE',  ( -27.35388643095170380, -26.25791218717159836, 1000.991660127190926 ) ) ;
#5756 = CYLINDRICAL_SURFACE ( 'NONE', #9690, 1.500000000000000222 ) ;
#5757 = CIRCLE ( 'NONE', #1629, 0.7999999999999989342 ) ;
#5758 = DIRECTION ( 'NONE',  ( -0.000000000000000000, 0.000000000000000000, -1.000000000000000000 ) ) ;
#5759 = ORIENTED_EDGE ( 'NONE', *, *, #579, .T. ) ;
#5760 = ORIENTED_EDGE ( 'NONE', *, *, #6800, .F. ) ;
#5761 = ORIENTED_EDGE ( 'NONE', *, *, #10170, .T. ) ;
#5762 = ORIENTED_EDGE ( 'NONE', *, *, #2057, .F. ) ;
#5763 = ORIENTED_EDGE ( 'NONE', *, *, #2405, .T. ) ;
#5764 = DIRECTION ( 'NONE',  ( -1.000000000000000000, 0.000000000000000000, 0.000000000000000000 ) ) ;
#5765 = CIRCLE ( 'NONE', #7156, 2.699999999999970424 ) ;
#5766 = EDGE_LOOP ( 'NONE', ( #7089, #7684, #6296, #1787 ) ) ;
#5767 = CARTESIAN_POINT ( 'NONE',  ( -25.46244619668694043, -28.25791218717139941, 1000.991660127190926 ) ) ;
#5768 = CARTESIAN_POINT ( 'NONE',  ( -25.82510912680460891, -28.80839710508679374, 1002.502377891739911 ) ) ;
#5769 = LINE ( 'NONE', #8094, #5551 ) ;
#5770 = CARTESIAN_POINT ( 'NONE',  ( -24.39955604500800845, 26.12155547890103691, 985.5695276473187505 ) ) ;
#5771 = CIRCLE ( 'NONE', #89, 1.650000000000000355 ) ;
#5772 = DIRECTION ( 'NONE',  ( 0.000000000000000000, 0.000000000000000000, 1.000000000000000000 ) ) ;
#5773 = EDGE_CURVE ( 'NONE', #797, #420, #10391, .T. ) ;
#5774 = EDGE_CURVE ( 'NONE', #5007, #7942, #588, .T. ) ;
#5775 = CARTESIAN_POINT ( 'NONE',  ( -23.42430897068144446, 27.23585802694568869, 989.1215448724884709 ) ) ;
#5776 = ORIENTED_EDGE ( 'NONE', *, *, #10485, .F. ) ;
#5777 = CARTESIAN_POINT ( 'NONE',  ( -24.86711641021346963, 26.97938174605874195, 989.6113323324894964 ) ) ;
#5778 = ORIENTED_EDGE ( 'NONE', *, *, #5687, .F. ) ;
#5779 = FACE_OUTER_BOUND ( 'NONE', #2350, .T. ) ;
#5780 = AXIS2_PLACEMENT_3D ( 'NONE', #9925, #4257, #1830 ) ;
#5781 = CARTESIAN_POINT ( 'NONE',  ( -20.37034640838253097, -27.65791218717139799, 1002.377300773245906 ) ) ;
#5782 = CARTESIAN_POINT ( 'NONE',  ( -25.46244619668694043, -27.65791218717139799, 1002.377300773245906 ) ) ;
#5783 = DIRECTION ( 'NONE',  ( -0.000000000000000000, 0.000000000000000000, -1.000000000000000000 ) ) ;
#5784 = DIRECTION ( 'NONE',  ( -0.000000000000000000, -0.000000000000000000, -1.000000000000000000 ) ) ;
#5785 = CARTESIAN_POINT ( 'NONE',  ( -26.66771300448400339, 26.45910916343019537, 1002.891660127190903 ) ) ;
#5786 = EDGE_CURVE ( 'NONE', #3563, #10432, #5358, .T. ) ;
#5787 = DIRECTION ( 'NONE',  ( -0.4027860642715938022, -0.5811741446662948007, 0.7071067811865476838 ) ) ;
#5788 = ORIENTED_EDGE ( 'NONE', *, *, #1111, .T. ) ;
#5789 = CARTESIAN_POINT ( 'NONE',  ( -31.57322202726595251, 16.00286636598695722, 1012.128286728139869 ) ) ;
#5790 = B_SPLINE_CURVE_WITH_KNOTS ( 'NONE', 3,
 ( #9089, #2612, #9303, #1900 ),
 .UNSPECIFIED., .F., .F.,
 ( 4, 4 ),
 ( 3.396602262118220303E-09, 0.02773104380359400073 ),
 .UNSPECIFIED. ) ;
#5791 = ORIENTED_EDGE ( 'NONE', *, *, #4085, .T. ) ;
#5792 = VERTEX_POINT ( 'NONE', #10445 ) ;
#5793 = CARTESIAN_POINT ( 'NONE',  ( -18.47297981228107133, -28.35834917007939993, 1002.710020287543216 ) ) ;
#5794 = DIRECTION ( 'NONE',  ( -3.027350712925419764E-13, -0.7249079919292449325, -0.6888457035048631827 ) ) ;
#5795 = DIRECTION ( 'NONE',  ( -0.000000000000000000, -0.000000000000000000, -1.000000000000000000 ) ) ;
#5796 = EDGE_CURVE ( 'NONE', #3694, #10143, #1044, .T. ) ;
#5797 = CARTESIAN_POINT ( 'NONE',  ( 3.884706280861152994, -10.09156376103353558, 999.5133716006431541 ) ) ;
#5798 = EDGE_CURVE ( 'NONE', #9046, #9081, #5864, .T. ) ;
#5799 = ADVANCED_FACE ( 'NONE', ( #6877 ), #6216, .F. ) ;
#5800 = AXIS2_PLACEMENT_3D ( 'NONE', #2268, #5602, #1404 ) ;
#5801 = CARTESIAN_POINT ( 'NONE',  ( -21.92593076318553003, 27.73278400751237172, 989.9299831760984034 ) ) ;
#5802 = ORIENTED_EDGE ( 'NONE', *, *, #5471, .T. ) ;
#5803 = CARTESIAN_POINT ( 'NONE',  ( -27.15928946757075835, -26.26811054138103785, 1000.997548149739032 ) ) ;
#5804 = CARTESIAN_POINT ( 'NONE',  ( -3.821484135177420693, -3.821484135177409591, 987.2916601271911077 ) ) ;
#5805 = CARTESIAN_POINT ( 'NONE',  ( -44.18771300448400297, -10.47773340385700003, 1004.591660127191176 ) ) ;
#5806 = CARTESIAN_POINT ( 'NONE',  ( -16.78169277760814992, 36.92640289372980789, 1013.641658718408053 ) ) ;
#5807 = CARTESIAN_POINT ( 'NONE',  ( -34.86771300448413768, 27.08332287099069191, 995.9916601271909258 ) ) ;
#5808 = ADVANCED_FACE ( 'NONE', ( #10263 ), #4608, .F. ) ;
#5809 = FACE_OUTER_BOUND ( 'NONE', #9605, .T. ) ;
#5810 = DIRECTION ( 'NONE',  ( -1.000000000000000000, 0.000000000000000000, -0.000000000000000000 ) ) ;
#5811 = ORIENTED_EDGE ( 'NONE', *, *, #4022, .T. ) ;
#5812 = ORIENTED_EDGE ( 'NONE', *, *, #1733, .T. ) ;
#5813 = ORIENTED_EDGE ( 'NONE', *, *, #1632, .T. ) ;
#5814 = ORIENTED_EDGE ( 'NONE', *, *, #3124, .F. ) ;
#5815 = VECTOR ( 'NONE', #1520, 1000.000000000000000 ) ;
#5816 = EDGE_LOOP ( 'NONE', ( #7184, #3499, #4044, #5485 ) ) ;
#5817 = CYLINDRICAL_SURFACE ( 'NONE', #2201, 10.00000000000002487 ) ;
#5818 = VECTOR ( 'NONE', #6038, 1000.000000000000000 ) ;
#5819 = ADVANCED_FACE ( 'NONE', ( #3687 ), #1265, .T. ) ;
#5820 = ORIENTED_EDGE ( 'NONE', *, *, #5426, .F. ) ;
#5821 = CARTESIAN_POINT ( 'NONE',  ( -15.12629732687106099, 19.82819536793157766, 997.2620079929384929 ) ) ;
#5822 = EDGE_CURVE ( 'NONE', #3243, #3734, #1578, .T. ) ;
#5823 = CARTESIAN_POINT ( 'NONE',  ( -26.06244619666014017, -28.50435785750880058, 1002.895356527313311 ) ) ;
#5824 = DIRECTION ( 'NONE',  ( 1.000000000000000000, 0.000000000000000000, 0.000000000000000000 ) ) ;
#5825 = CARTESIAN_POINT ( 'NONE',  ( -18.47297981228107133, -28.33595698023039944, 1002.620336641251583 ) ) ;
#5826 = DIRECTION ( 'NONE',  ( 0.000000000000000000, -1.000000000000000000, 0.000000000000000000 ) ) ;
#5827 = ORIENTED_EDGE ( 'NONE', *, *, #5355, .F. ) ;
#5828 = VERTEX_POINT ( 'NONE', #10318 ) ;
#5829 = FACE_OUTER_BOUND ( 'NONE', #5384, .T. ) ;
#5830 = ORIENTED_EDGE ( 'NONE', *, *, #3643, .T. ) ;
#5831 = VERTEX_POINT ( 'NONE', #6274 ) ;
#5832 = PLANE ( 'NONE',  #8668 ) ;
#5833 = FACE_OUTER_BOUND ( 'NONE', #8098, .T. ) ;
#5834 = DIRECTION ( 'NONE',  ( -0.000000000000000000, -0.000000000000000000, 1.000000000000000000 ) ) ;
#5835 = DIRECTION ( 'NONE',  ( 0.7596172506949340208, 0.6503703809727729990, -0.000000000000000000 ) ) ;
#5836 = CARTESIAN_POINT ( 'NONE',  ( -44.18771300448400297, -10.47773340385700003, 995.9916601271909258 ) ) ;
#5837 = PLANE ( 'NONE',  #6231 ) ;
#5838 = EDGE_LOOP ( 'NONE', ( #9775, #651, #6975, #2589, #5149, #5523, #2283, #601, #7091, #4912, #8757, #1326, #3571, #155, #3553, #9647 ) ) ;
#5839 = CARTESIAN_POINT ( 'NONE',  ( -18.61771600037867103, 44.52206359720731399, 1012.441663123085505 ) ) ;
#5840 = VERTEX_POINT ( 'NONE', #6110 ) ;
#5841 = EDGE_LOOP ( 'NONE', ( #8293, #6226, #2247, #7268 ) ) ;
#5842 = LINE ( 'NONE', #2622, #5299 ) ;
#5843 = LINE ( 'NONE', #5088, #8906 ) ;
#5844 = AXIS2_PLACEMENT_3D ( 'NONE', #10098, #2714, #5991 ) ;
#5845 = EDGE_CURVE ( 'NONE', #3599, #5918, #2121, .T. ) ;
#5846 = DIRECTION ( 'NONE',  ( 0.000000000000000000, -1.000000000000000000, 0.000000000000000000 ) ) ;
#5847 = CARTESIAN_POINT ( 'NONE',  ( -25.57135755551204070, -28.95556378397229835, 1002.895356525875172 ) ) ;
#5848 = AXIS2_PLACEMENT_3D ( 'NONE', #484, #9611, #6302 ) ;
#5849 = CARTESIAN_POINT ( 'NONE',  ( -21.35268301395563384, 27.35805830902321745, 989.3935514735708239 ) ) ;
#5850 = ORIENTED_EDGE ( 'NONE', *, *, #6428, .F. ) ;
#5851 = DIRECTION ( 'NONE',  ( -0.000000000000000000, -0.000000000000000000, -1.000000000000000000 ) ) ;
#5852 = B_SPLINE_SURFACE_WITH_KNOTS ( 'NONE', 3, 3, ( 
 ( #9453, #2816, #1950, #2921 ),
 ( #3670, #1301, #10352, #1891 ),
 ( #5234, #7652, #271, #3776 ),
 ( #6966, #7820, #4375, #10302 ),
 ( #2061, #3564, #5342, #8529 ) ),
 .UNSPECIFIED., .F., .F., .F.,
 ( 4, 1, 4 ),
 ( 4, 4 ),
 ( 0.000000000000000000, 0.5714285714285709528, 1.000000000000000000 ),
 ( 1.330901417347990057, 2.007064159268289849 ),
 .UNSPECIFIED. ) ;
#5853 = B_SPLINE_CURVE_WITH_KNOTS ( 'NONE', 3,
 ( #1856, #8424, #10212, #4497 ),
 .UNSPECIFIED., .F., .F.,
 ( 4, 4 ),
 ( 0.000000000000000000, 1.000000000000000000 ),
 .UNSPECIFIED. ) ;
#5854 = CARTESIAN_POINT ( 'NONE',  ( -32.06771300448400552, 29.52206337602792630, 998.5916601271911759 ) ) ;
#5855 = DIRECTION ( 'NONE',  ( 0.8449011766408759394, -0.5349224258814199162, 0.000000000000000000 ) ) ;
#5856 = CARTESIAN_POINT ( 'NONE',  ( -17.27861767389349268, 32.08149128839088604, 983.4916601271910395 ) ) ;
#5857 = ADVANCED_FACE ( 'NONE', ( #8665, #6933 ), #6980, .F. ) ;
#5858 = CARTESIAN_POINT ( 'NONE',  ( -23.66271300448400083, -27.85917282956170027, 1000.422380828711198 ) ) ;
#5859 = VECTOR ( 'NONE', #6973, 1000.000000000000000 ) ;
#5860 = CARTESIAN_POINT ( 'NONE',  ( -11.79799604194960239, 2.628868686766200558, 996.1464957773297328 ) ) ;
#5861 = EDGE_CURVE ( 'NONE', #3299, #9297, #7759, .T. ) ;
#5862 = ADVANCED_FACE ( 'NONE', ( #3586 ), #8605, .F. ) ;
#5863 = CARTESIAN_POINT ( 'NONE',  ( -14.11771300448399380, 29.47981022745160828, 990.4916601271910395 ) ) ;
#5864 = B_SPLINE_CURVE_WITH_KNOTS ( 'NONE', 3,
 ( #4558, #3637, #4448, #401 ),
 .UNSPECIFIED., .F., .F.,
 ( 4, 4 ),
 ( 0.000000000000000000, 1.000000000000000000 ),
 .UNSPECIFIED. ) ;
#5865 = ORIENTED_EDGE ( 'NONE', *, *, #3585, .T. ) ;
#5866 = ORIENTED_EDGE ( 'NONE', *, *, #7843, .F. ) ;
#5867 = ORIENTED_EDGE ( 'NONE', *, *, #6428, .T. ) ;
#5868 = ORIENTED_EDGE ( 'NONE', *, *, #2582, .F. ) ;
#5869 = AXIS2_PLACEMENT_3D ( 'NONE', #5508, #8811, #4698 ) ;
#5870 = VERTEX_POINT ( 'NONE', #4395 ) ;
#5871 = EDGE_CURVE ( 'NONE', #7358, #4927, #7093, .T. ) ;
#5872 = DIRECTION ( 'NONE',  ( 1.000000000000000000, 0.000000000000000000, 0.000000000000000000 ) ) ;
#5873 = ORIENTED_EDGE ( 'NONE', *, *, #4707, .F. ) ;
#5874 = DIRECTION ( 'NONE',  ( -0.000000000000000000, 0.000000000000000000, -1.000000000000000000 ) ) ;
#5875 = CARTESIAN_POINT ( 'NONE',  ( -18.46771300448399344, 43.92206330434124339, 987.4916601271910395 ) ) ;
#5876 = CARTESIAN_POINT ( 'NONE',  ( -23.26139116540354479, 7.114941295771398444, 1003.491660127191039 ) ) ;
#5877 = CARTESIAN_POINT ( 'NONE',  ( -18.68293005874532398, -28.79434480156832521, 1002.505886467829328 ) ) ;
#5878 = ADVANCED_FACE ( 'NONE', ( #6219 ), #2021, .F. ) ;
#5879 = VECTOR ( 'NONE', #4992, 1000.000000000000114 ) ;
#5880 = VECTOR ( 'NONE', #1098, 1000.000000000000114 ) ;
#5881 = DIRECTION ( 'NONE',  ( -1.000000000000000000, 0.000000000000000000, 0.000000000000000000 ) ) ;
#5882 = EDGE_CURVE ( 'NONE', #929, #5293, #9526, .T. ) ;
#5883 = EDGE_LOOP ( 'NONE', ( #5314, #5813, #6135, #8614, #9736, #6313 ) ) ;
#5884 = DIRECTION ( 'NONE',  ( -0.6785983445458425578, 0.2810846377148422115, -0.6785983445458424468 ) ) ;
#5885 = ORIENTED_EDGE ( 'NONE', *, *, #10256, .T. ) ;
#5886 = AXIS2_PLACEMENT_3D ( 'NONE', #4971, #5594, #8258 ) ;
#5887 = ORIENTED_EDGE ( 'NONE', *, *, #3562, .F. ) ;
#5888 = CIRCLE ( 'NONE', #5376, 0.7999999999999989342 ) ;
#5889 = CARTESIAN_POINT ( 'NONE',  ( -0.3477130044840029410, -10.47773340385700003, 995.9916601271909258 ) ) ;
#5890 = CARTESIAN_POINT ( 'NONE',  ( -32.06771300448400552, 29.52206337602792630, 983.6916601271909713 ) ) ;
#5891 = DIRECTION ( 'NONE',  ( -0.9999501872747571518, -0.009981130656292292597, 0.000000000000000000 ) ) ;
#5892 = LINE ( 'NONE', #2663, #7189 ) ;
#5893 = DIRECTION ( 'NONE',  ( 0.000000000000000000, 0.000000000000000000, -1.000000000000000000 ) ) ;
#5894 = LINE ( 'NONE', #8990, #10585 ) ;
#5895 = LINE ( 'NONE', #3523, #5564 ) ;
#5896 = CARTESIAN_POINT ( 'NONE',  ( -14.76771300448400126, -29.25791218717159481, 995.9916601271909258 ) ) ;
#5897 = EDGE_LOOP ( 'NONE', ( #6432, #5222, #1991, #5057, #5125 ) ) ;
#5898 = PLANE ( 'NONE',  #2408 ) ;
#5899 = ORIENTED_EDGE ( 'NONE', *, *, #5053, .F. ) ;
#5900 = ORIENTED_EDGE ( 'NONE', *, *, #6594, .T. ) ;
#5901 = EDGE_CURVE ( 'NONE', #6897, #7983, #9530, .T. ) ;
#5902 = PLANE ( 'NONE',  #6327 ) ;
#5903 = CARTESIAN_POINT ( 'NONE',  ( -14.33462115413417237, 31.17414358537387642, 1016.641658718408394 ) ) ;
#5904 = AXIS2_PLACEMENT_3D ( 'NONE', #1440, #5585, #1542 ) ;
#5905 = CARTESIAN_POINT ( 'NONE',  ( -31.18927692287224573, 23.54630865251749228, 983.4916601271910395 ) ) ;
#5906 = CARTESIAN_POINT ( 'NONE',  ( -18.47271300448400311, -26.99594893642190030, 1001.417765843042275 ) ) ;
#5907 = EDGE_CURVE ( 'NONE', #6844, #3744, #8859, .T. ) ;
#5908 = CARTESIAN_POINT ( 'NONE',  ( -12.46771300448399344, 29.47981022745160828, 987.4916601271910395 ) ) ;
#5909 = EDGE_CURVE ( 'NONE', #6223, #3906, #4324, .T. ) ;
#5910 = ORIENTED_EDGE ( 'NONE', *, *, #8942, .F. ) ;
#5911 = DIRECTION ( 'NONE',  ( -0.000000000000000000, -0.000000000000000000, 1.000000000000000000 ) ) ;
#5912 = CARTESIAN_POINT ( 'NONE',  ( -6.645142002988653651, 47.54463430583648886, 986.8142311286853783 ) ) ;
#5913 = CARTESIAN_POINT ( 'NONE',  ( -20.26771282526732421, 26.25339869864175313, 985.8032377962109649 ) ) ;
#5914 = DIRECTION ( 'NONE',  ( -0.000000000000000000, -0.000000000000000000, 1.000000000000000000 ) ) ;
#5915 = DIRECTION ( 'NONE',  ( 0.000000000000000000, 0.000000000000000000, 1.000000000000000000 ) ) ;
#5916 = CARTESIAN_POINT ( 'NONE',  ( -34.76771264605072531, 27.12474437569598962, 983.4916601271910395 ) ) ;
#5917 = ORIENTED_EDGE ( 'NONE', *, *, #2348, .F. ) ;
#5918 = VERTEX_POINT ( 'NONE', #5583 ) ;
#5919 = ORIENTED_EDGE ( 'NONE', *, *, #8585, .T. ) ;
#5920 = VERTEX_POINT ( 'NONE', #3850 ) ;
#5921 = VERTEX_POINT ( 'NONE', #8778 ) ;
#5922 = LINE ( 'NONE', #3502, #1150 ) ;
#5923 = EDGE_LOOP ( 'NONE', ( #4122, #340 ) ) ;
#5924 = CARTESIAN_POINT ( 'NONE',  ( -32.06771300448400552, 36.37206337602792416, 1003.491660127191039 ) ) ;
#5925 = VECTOR ( 'NONE', #7665, 1000.000000000000000 ) ;
#5926 = DIRECTION ( 'NONE',  ( 0.9999999999999961142, 8.742277697854392730E-08, -0.000000000000000000 ) ) ;
#5927 = FACE_OUTER_BOUND ( 'NONE', #9491, .T. ) ;
#5928 = DIRECTION ( 'NONE',  ( -0.000000000000000000, -0.000000000000000000, -1.000000000000000000 ) ) ;
#5929 = ADVANCED_FACE ( 'NONE', ( #4664, #3158 ), #9789, .T. ) ;
#5930 = FACE_BOUND ( 'NONE', #7480, .T. ) ;
#5931 =( BOUNDED_CURVE ( )  B_SPLINE_CURVE ( 3, ( #6491, #9796, #7357, #823 ),
 .UNSPECIFIED., .F., .T. ) 
 B_SPLINE_CURVE_WITH_KNOTS ( ( 4, 4 ),
 ( 3.141592653589793116, 3.260277531478386503 ),
 .UNSPECIFIED. ) 
 CURVE ( )  GEOMETRIC_REPRESENTATION_ITEM ( )  RATIONAL_B_SPLINE_CURVE ( ( 1.000000000000000000, 0.9988265027490236259, 0.9988265027490236259, 1.000000000000000000 ) ) 
 REPRESENTATION_ITEM ( '' )  );
#5932 = VECTOR ( 'NONE', #4116, 1000.000000000000000 ) ;
#5933 = EDGE_CURVE ( 'NONE', #7918, #6516, #5383, .T. ) ;
#5934 = VERTEX_POINT ( 'NONE', #10481 ) ;
#5935 = FACE_BOUND ( 'NONE', #5346, .T. ) ;
#5936 = ORIENTED_EDGE ( 'NONE', *, *, #9571, .F. ) ;
#5937 = VERTEX_POINT ( 'NONE', #3106 ) ;
#5938 = CARTESIAN_POINT ( 'NONE',  ( -20.06771282526730715, 44.42206330434124339, 983.4916601271910395 ) ) ;
#5939 = FACE_OUTER_BOUND ( 'NONE', #2362, .T. ) ;
#5940 = LINE ( 'NONE', #10099, #566 ) ;
#5941 = DIRECTION ( 'NONE',  ( 0.7261534621377979670, 0.6875326533520350614, 0.000000000000000000 ) ) ;
#5942 = CARTESIAN_POINT ( 'NONE',  ( -30.11795385680410675, 30.41657034268903459, 1014.241658718408416 ) ) ;
#5943 = ADVANCED_FACE ( 'NONE', ( #4722 ), #4769, .T. ) ;
#5944 = CONICAL_SURFACE ( 'NONE', #2347, 1.049999999999974509, 0.7853981633974671528 ) ;
#5945 = CARTESIAN_POINT ( 'NONE',  ( -25.74294864934422122, -28.85055402455519769, 1002.491852182949287 ) ) ;
#5946 = LINE ( 'NONE', #9498, #6061 ) ;
#5947 = DIRECTION ( 'NONE',  ( 0.000000000000000000, 0.000000000000000000, 1.000000000000000000 ) ) ;
#5948 = ORIENTED_EDGE ( 'NONE', *, *, #8166, .F. ) ;
#5949 = DIRECTION ( 'NONE',  ( -0.7071067811865477948, -0.7071067811865472397, 0.000000000000000000 ) ) ;
#5950 = VERTEX_POINT ( 'NONE', #4818 ) ;
#5951 = CIRCLE ( 'NONE', #6638, 3.298060944848551834 ) ;
#5952 = ORIENTED_EDGE ( 'NONE', *, *, #10223, .T. ) ;
#5953 = DIRECTION ( 'NONE',  ( 0.000000000000000000, 0.7071067811866702524, -0.7071067811864248931 ) ) ;
#5954 = FACE_OUTER_BOUND ( 'NONE', #1994, .T. ) ;
#5955 = EDGE_CURVE ( 'NONE', #8841, #3285, #1540, .T. ) ;
#5956 = ADVANCED_FACE ( 'NONE', ( #8889 ), #3207, .F. ) ;
#5957 = DIRECTION ( 'NONE',  ( 1.000000000000000000, 0.000000000000000000, 0.000000000000000000 ) ) ;
#5958 = CARTESIAN_POINT ( 'NONE',  ( -19.02836450488927156, -27.45153781713919727, 1000.532977969233116 ) ) ;
#5959 = VERTEX_POINT ( 'NONE', #8102 ) ;
#5960 = CARTESIAN_POINT ( 'NONE',  ( -30.54271701289465568, 2.205765360860600044, 999.5331535558855194 ) ) ;
#5961 = ORIENTED_EDGE ( 'NONE', *, *, #615, .F. ) ;
#5962 = CARTESIAN_POINT ( 'NONE',  ( -19.41771300448399629, 26.01981126762369456, 992.0329098013222620 ) ) ;
#5963 = CIRCLE ( 'NONE', #9079, 18.19999999999999574 ) ;
#5964 = FACE_OUTER_BOUND ( 'NONE', #2923, .T. ) ;
#5965 = PLANE ( 'NONE',  #10446 ) ;
#5966 = FACE_OUTER_BOUND ( 'NONE', #9346, .T. ) ;
#5967 = CARTESIAN_POINT ( 'NONE',  ( -26.76529618722686976, -26.19540028989170111, 1001.264855709923268 ) ) ;
#5968 = CARTESIAN_POINT ( 'NONE',  ( -25.46244619668694043, -27.65791218717139799, 1002.177834573018117 ) ) ;
#5969 = CIRCLE ( 'NONE', #9942, 2.250000000000003553 ) ;
#5970 = AXIS2_PLACEMENT_3D ( 'NONE', #6233, #5432, #2257 ) ;
#5971 = VERTEX_POINT ( 'NONE', #718 ) ;
#5972 = ORIENTED_EDGE ( 'NONE', *, *, #8998, .F. ) ;
#5973 = VERTEX_POINT ( 'NONE', #3951 ) ;
#5974 = ORIENTED_EDGE ( 'NONE', *, *, #9591, .T. ) ;
#5975 = CARTESIAN_POINT ( 'NONE',  ( -19.41771300448399984, 26.87539728146754925, 992.6711377175836333 ) ) ;
#5976 = ORIENTED_EDGE ( 'NONE', *, *, #1467, .F. ) ;
#5977 = VECTOR ( 'NONE', #3634, 999.9999999999998863 ) ;
#5978 = DIRECTION ( 'NONE',  ( 1.000000000000000000, -9.384709249945999256E-17, 5.418264411722749480E-17 ) ) ;
#5979 = LINE ( 'NONE', #3821, #9928 ) ;
#5980 = DIRECTION ( 'NONE',  ( 0.7052447360823916878, 0.7089639357739416781, 0.000000000000000000 ) ) ;
#5981 = CARTESIAN_POINT ( 'NONE',  ( -18.69798230823850105, -28.73860356944380001, 1002.249774035564201 ) ) ;
#5982 = CARTESIAN_POINT ( 'NONE',  ( -32.06771300448400552, 29.52206337602792630, 995.9916601271909258 ) ) ;
#5983 = EDGE_CURVE ( 'NONE', #1753, #6055, #8995, .T. ) ;
#5984 = AXIS2_PLACEMENT_3D ( 'NONE', #2444, #2, #10629 ) ;
#5985 = DIRECTION ( 'NONE',  ( 0.000000000000000000, 0.000000000000000000, 1.000000000000000000 ) ) ;
#5986 = VERTEX_POINT ( 'NONE', #8154 ) ;
#5987 = CARTESIAN_POINT ( 'NONE',  ( -30.41771300448401050, 39.67206337602792132, 1013.641658718408507 ) ) ;
#5988 = ORIENTED_EDGE ( 'NONE', *, *, #1169, .F. ) ;
#5989 = ORIENTED_EDGE ( 'NONE', *, *, #1046, .T. ) ;
#5990 = DIRECTION ( 'NONE',  ( -0.7261534621377974119, 0.6875326533520357275, 0.000000000000000000 ) ) ;
#5991 = DIRECTION ( 'NONE',  ( 0.000000000000000000, -1.000000000000000000, 0.000000000000000000 ) ) ;
#5992 = DIRECTION ( 'NONE',  ( 2.087503379406289362E-15, 0.7071067811865474617, 0.7071067811865474617 ) ) ;
#5993 = B_SPLINE_CURVE_WITH_KNOTS ( 'NONE', 3,
 ( #683, #9803, #6397, #4682 ),
 .UNSPECIFIED., .F., .F.,
 ( 4, 4 ),
 ( 0.000000000000000000, 1.000000000000000000 ),
 .UNSPECIFIED. ) ;
#5994 = DIRECTION ( 'NONE',  ( 1.000000000000000000, 0.000000000000000000, 0.000000000000000000 ) ) ;
#5995 = AXIS2_PLACEMENT_3D ( 'NONE', #8673, #2250, #8845 ) ;
#5996 = EDGE_CURVE ( 'NONE', #3896, #9466, #545, .T. ) ;
#5997 = CYLINDRICAL_SURFACE ( 'NONE', #5599, 2.250000000000003553 ) ;
#5998 = DIRECTION ( 'NONE',  ( 0.000000000000000000, -1.000000000000000000, 0.000000000000000000 ) ) ;
#5999 =( BOUNDED_CURVE ( )  B_SPLINE_CURVE ( 3, ( #2814, #6143, #3669, #5232 ),
 .UNSPECIFIED., .F., .T. ) 
 B_SPLINE_CURVE_WITH_KNOTS ( ( 4, 4 ),
 ( 4.788397976774044551, 6.283185307179576462 ),
 .UNSPECIFIED. ) 
 CURVE ( )  GEOMETRIC_REPRESENTATION_ITEM ( )  RATIONAL_B_SPLINE_CURVE ( ( 1.000000000000000000, 0.8223086403392799726, 0.8223086403392799726, 1.000000000000000000 ) ) 
 REPRESENTATION_ITEM ( '' )  );
#6000 = ORIENTED_EDGE ( 'NONE', *, *, #283, .T. ) ;
#6001 = LINE ( 'NONE', #8321, #2234 ) ;
#6002 = EDGE_CURVE ( 'NONE', #1261, #3813, #6388, .T. ) ;
#6003 = ORIENTED_EDGE ( 'NONE', *, *, #3104, .T. ) ;
#6004 = ORIENTED_EDGE ( 'NONE', *, *, #10415, .F. ) ;
#6005 = LINE ( 'NONE', #8491, #5977 ) ;
#6006 = ADVANCED_FACE ( 'NONE', ( #1379 ), #7947, .F. ) ;
#6007 = CARTESIAN_POINT ( 'NONE',  ( 0.000000000000000000, 31.17414358537387642, 1016.641658718408394 ) ) ;
#6008 = CARTESIAN_POINT ( 'NONE',  ( -26.61771300448399202, 44.52206366277465577, 990.4916601271910395 ) ) ;
#6009 = VECTOR ( 'NONE', #8250, 1000.000000000000000 ) ;
#6010 = DIRECTION ( 'NONE',  ( 1.000000000000000000, 0.000000000000000000, 0.000000000000000000 ) ) ;
#6011 = ORIENTED_EDGE ( 'NONE', *, *, #8654, .F. ) ;
#6012 = EDGE_CURVE ( 'NONE', #3744, #507, #6384, .T. ) ;
#6013 = PLANE ( 'NONE',  #1692 ) ;
#6014 = B_SPLINE_CURVE_WITH_KNOTS ( 'NONE', 3,
 ( #1767, #6617, #5803, #9109, #891, #1708, #4188, #5047, #7467, #3380, #8331, #6673, #7523, #7629, #2791, #5375, #1978 ),
 .UNSPECIFIED., .F., .F.,
 ( 4, 1, 2, 2, 2, 1, 1, 2, 2, 4 ),
 ( 0.000000000000000000, 0.1250000000000958678, 0.1875000000001617317, 0.2500000000002275957, 0.5000000000003631540, 0.6250000000004876100, 0.6875000000004792833, 0.7187500000004751755, 0.7500000000004710676, 1.000000000000000000 ),
 .UNSPECIFIED. ) ;
#6015 = EDGE_LOOP ( 'NONE', ( #5812, #9377, #8675, #3088, #7616 ) ) ;
#6016 = CARTESIAN_POINT ( 'NONE',  ( -22.08483030140583026, 28.44839907221502884, 990.4194158382248361 ) ) ;
#6017 = DIRECTION ( 'NONE',  ( -1.000000000000000000, 0.000000000000000000, 0.000000000000000000 ) ) ;
#6018 = CARTESIAN_POINT ( 'NONE',  ( -18.04646714157860643, -26.55619809627832595, 1001.163893453987953 ) ) ;
#6019 = CARTESIAN_POINT ( 'NONE',  ( -21.39271300448400126, 2.557757825279101116, 1000.991660127190926 ) ) ;
#6020 = FACE_OUTER_BOUND ( 'NONE', #4064, .T. ) ;
#6021 = DIRECTION ( 'NONE',  ( 0.000000000000000000, 0.000000000000000000, -1.000000000000000000 ) ) ;
#6022 = DIRECTION ( 'NONE',  ( 1.000000000000000000, 0.000000000000000000, 0.000000000000000000 ) ) ;
#6023 = ORIENTED_EDGE ( 'NONE', *, *, #4207, .T. ) ;
#6024 = VERTEX_POINT ( 'NONE', #2189 ) ;
#6025 = ORIENTED_EDGE ( 'NONE', *, *, #6869, .F. ) ;
#6026 = DIRECTION ( 'NONE',  ( -0.9999501872747571518, -0.009981130656292292597, 0.000000000000000000 ) ) ;
#6027 = PRODUCT_DEFINITION ( 'UNKNOWN', '', #5292, #9604 ) ;
#6028 = ORIENTED_EDGE ( 'NONE', *, *, #3298, .T. ) ;
#6029 = VECTOR ( 'NONE', #4583, 1000.000000000000000 ) ;
#6030 = DIRECTION ( 'NONE',  ( 0.9999501872747571518, 0.009981130656292292597, 0.000000000000000000 ) ) ;
#6031 = CARTESIAN_POINT ( 'NONE',  ( -22.26771300448400126, 2.402266596143001198, 997.4916601271909258 ) ) ;
#6032 = CARTESIAN_POINT ( 'NONE',  ( -18.47297981228107133, -28.33595698023039944, 1002.620336641251583 ) ) ;
#6033 = CARTESIAN_POINT ( 'NONE',  ( -14.73876742691468422, 31.17010954767318509, 1013.641658718408507 ) ) ;
#6034 = CIRCLE ( 'NONE', #536, 3.598061303281989254 ) ;
#6035 = ORIENTED_EDGE ( 'NONE', *, *, #4534, .T. ) ;
#6036 = FACE_OUTER_BOUND ( 'NONE', #10259, .T. ) ;
#6037 = ORIENTED_EDGE ( 'NONE', *, *, #7858, .F. ) ;
#6038 = DIRECTION ( 'NONE',  ( -0.7071067811865462405, -0.7071067811865489050, 0.000000000000000000 ) ) ;
#6039 = ORIENTED_EDGE ( 'NONE', *, *, #9640, .T. ) ;
#6040 = EDGE_CURVE ( 'NONE', #9161, #2908, #7148, .T. ) ;
#6041 = VERTEX_POINT ( 'NONE', #10425 ) ;
#6042 = CARTESIAN_POINT ( 'NONE',  ( -31.25998785444159722, 23.47559772094814079, 988.0916604856245158 ) ) ;
#6043 = CIRCLE ( 'NONE', #10361, 18.37999999999999901 ) ;
#6044 = CIRCLE ( 'NONE', #5006, 1.649999999999998579 ) ;
#6045 = CARTESIAN_POINT ( 'NONE',  ( -25.42599575777121146, 26.25339869864176023, 987.4916601271910395 ) ) ;
#6046 = CARTESIAN_POINT ( 'NONE',  ( -9.767713004483912442, 27.12474473412938636, 983.6916601271909713 ) ) ;
#6047 = LINE ( 'NONE', #4491, #6209 ) ;
#6048 = DIRECTION ( 'NONE',  ( -0.000000000000000000, -0.000000000000000000, -1.000000000000000000 ) ) ;
#6049 = ADVANCED_BREP_SHAPE_REPRESENTATION ( 'NH36_Umb Support Rev3_full', ( #1627, #1447, #8621, #8697, #3569 ), #5478 ) ;
#6050 = EDGE_LOOP ( 'NONE', ( #5165, #2621, #1858, #4363 ) ) ;
#6051 = DIRECTION ( 'NONE',  ( -1.000000000000000000, 0.000000000000000000, 0.000000000000000000 ) ) ;
#6052 = CIRCLE ( 'NONE', #7421, 3.498060944848585763 ) ;
#6053 = VECTOR ( 'NONE', #7571, 1000.000000000000000 ) ;
#6054 = ORIENTED_EDGE ( 'NONE', *, *, #833, .T. ) ;
#6055 = VERTEX_POINT ( 'NONE', #1439 ) ;
#6056 = LINE ( 'NONE', #5305, #5648 ) ;
#6057 = DIRECTION ( 'NONE',  ( -1.000000000000000000, 0.000000000000000000, 0.000000000000000000 ) ) ;
#6058 = DIRECTION ( 'NONE',  ( 0.000000000000000000, 0.000000000000000000, 1.000000000000000000 ) ) ;
#6059 =( BOUNDED_CURVE ( )  B_SPLINE_CURVE ( 3, ( #1309, #4595, #7769, #9510 ),
 .UNSPECIFIED., .F., .F. ) 
 B_SPLINE_CURVE_WITH_KNOTS ( ( 4, 4 ),
 ( -8.881784197001250351E-16, 1.175268585366374019 ),
 .UNSPECIFIED. ) 
 CURVE ( )  GEOMETRIC_REPRESENTATION_ITEM ( )  RATIONAL_B_SPLINE_CURVE ( ( 1.000000000000000000, 0.8881696933379690240, 0.8881696933379690240, 1.000000000000000000 ) ) 
 REPRESENTATION_ITEM ( '' )  );
#6060 = DIRECTION ( 'NONE',  ( 0.000000000000000000, 0.000000000000000000, -1.000000000000000000 ) ) ;
#6061 = VECTOR ( 'NONE', #5998, 1000.000000000000000 ) ;
#6062 = DIRECTION ( 'NONE',  ( -1.000000000000000000, 0.000000000000000000, 0.000000000000000000 ) ) ;
#6063 = EDGE_CURVE ( 'NONE', #3018, #9057, #9848, .T. ) ;
#6064 = ORIENTED_EDGE ( 'NONE', *, *, #6927, .T. ) ;
#6065 = CARTESIAN_POINT ( 'NONE',  ( -10.81771300448399309, 29.47981022745160828, 990.4916601271910395 ) ) ;
#6066 = CARTESIAN_POINT ( 'NONE',  ( -27.78062217257774336, 1.747137134615500242, 1002.369870609097120 ) ) ;
#6067 = ADVANCED_FACE ( 'NONE', ( #7198 ), #3357, .T. ) ;
#6068 = AXIS2_PLACEMENT_3D ( 'NONE', #8025, #4086, #789 ) ;
#6069 = EDGE_LOOP ( 'NONE', ( #5581, #6953 ) ) ;
#6070 = LINE ( 'NONE', #4351, #6158 ) ;
#6071 = CARTESIAN_POINT ( 'NONE',  ( -23.79863577419423848, 6.866160671950028771, 1000.991660127190926 ) ) ;
#6072 = CARTESIAN_POINT ( 'NONE',  ( -14.11771300448399380, 29.47981022745160828, 987.4916601271910395 ) ) ;
#6073 = CARTESIAN_POINT ( 'NONE',  ( -30.47634449746431429, 3.968638915054573779, 997.9918705379346875 ) ) ;
#6074 = CARTESIAN_POINT ( 'NONE',  ( -25.76330251651211967, -28.38914100982690414, 1001.827394327674142 ) ) ;
#6075 = CARTESIAN_POINT ( 'NONE',  ( -25.67597611491424203, -27.28746928461670151, 1001.586075194547107 ) ) ;
#6076 = EDGE_CURVE ( 'NONE', #9350, #2447, #8312, .T. ) ;
#6077 = CIRCLE ( 'NONE', #10554, 3.298060944848548726 ) ;
#6078 = LINE ( 'NONE', #3654, #722 ) ;
#6079 = ORIENTED_EDGE ( 'NONE', *, *, #8585, .F. ) ;
#6080 = VERTEX_POINT ( 'NONE', #2454 ) ;
#6081 = ORIENTED_EDGE ( 'NONE', *, *, #9661, .T. ) ;
#6082 = FACE_OUTER_BOUND ( 'NONE', #6492, .T. ) ;
#6083 = ORIENTED_EDGE ( 'NONE', *, *, #3585, .F. ) ;
#6084 = CARTESIAN_POINT ( 'NONE',  ( -10.26771300448410429, 44.52206366277465577, 1016.641658718408394 ) ) ;
#6085 = CARTESIAN_POINT ( 'NONE',  ( -24.81771300448400197, 3.357757825279103159, 1003.491660127191039 ) ) ;
#6086 = DIRECTION ( 'NONE',  ( -0.7071067811865477948, -0.7071067811865472397, 0.000000000000000000 ) ) ;
#6087 = FACE_OUTER_BOUND ( 'NONE', #687, .T. ) ;
#6088 = EDGE_CURVE ( 'NONE', #10076, #5525, #8207, .T. ) ;
#6089 = FACE_OUTER_BOUND ( 'NONE', #8238, .T. ) ;
#6090 = DIRECTION ( 'NONE',  ( 1.000000000000000000, -0.000000000000000000, 0.000000000000000000 ) ) ;
#6091 = FACE_OUTER_BOUND ( 'NONE', #8140, .T. ) ;
#6092 = VERTEX_POINT ( 'NONE', #2552 ) ;
#6093 = FACE_OUTER_BOUND ( 'NONE', #1843, .T. ) ;
#6094 = VERTEX_POINT ( 'NONE', #3307 ) ;
#6095 = DIRECTION ( 'NONE',  ( -1.000000000000000000, 0.000000000000000000, 0.000000000000000000 ) ) ;
#6096 = CARTESIAN_POINT ( 'NONE',  ( -47.98612637653603485, -12.68556541789380177, 997.9916601271911532 ) ) ;
#6097 = FACE_OUTER_BOUND ( 'NONE', #1365, .T. ) ;
#6098 = CARTESIAN_POINT ( 'NONE',  ( -8.467713004483993444, 26.58626659614303378, 1002.291660127190994 ) ) ;
#6099 = CARTESIAN_POINT ( 'NONE',  ( -28.11795447798599312, 44.52206366277465577, 1013.641658718408507 ) ) ;
#6100 = VECTOR ( 'NONE', #2276, 1000.000000000000000 ) ;
#6101 = EDGE_CURVE ( 'NONE', #8830, #8528, #6562, .T. ) ;
#6102 = ADVANCED_FACE ( 'NONE', ( #7609 ), #1795, .T. ) ;
#6103 = ORIENTED_EDGE ( 'NONE', *, *, #10027, .F. ) ;
#6104 = CARTESIAN_POINT ( 'NONE',  ( -12.95304490627232497, 3.367183939808144011, 996.8590896434203614 ) ) ;
#6105 = ORIENTED_EDGE ( 'NONE', *, *, #2667, .T. ) ;
#6106 = ORIENTED_EDGE ( 'NONE', *, *, #1619, .F. ) ;
#6107 = SURFACE_SIDE_STYLE ('',( #9256 ) ) ;
#6108 = CARTESIAN_POINT ( 'NONE',  ( -16.81842501921067878, 43.92206366277465435, 1013.641658718408507 ) ) ;
#6109 = AXIS2_PLACEMENT_3D ( 'NONE', #6286, #10328, #6176 ) ;
#6110 = CARTESIAN_POINT ( 'NONE',  ( -32.73742996701840013, 2.628868686766200558, 997.9916601271909258 ) ) ;
#6111 = ADVANCED_FACE ( 'NONE', ( #8416 ), #9499, .F. ) ;
#6112 = CARTESIAN_POINT ( 'NONE',  ( -22.26771300448399771, 23.82355419201191538, 987.4916601271910395 ) ) ;
#6113 = LINE ( 'NONE', #3689, #5880 ) ;
#6114 = EDGE_CURVE ( 'NONE', #6670, #8534, #5027, .T. ) ;
#6115 = ORIENTED_EDGE ( 'NONE', *, *, #2603, .T. ) ;
#6116 = CARTESIAN_POINT ( 'NONE',  ( -22.16818974859713620, 43.92206366277465435, 1008.284455954136206 ) ) ;
#6117 = DIRECTION ( 'NONE',  ( 0.000000000000000000, -1.000000000000000000, 0.000000000000000000 ) ) ;
#6118 = ORIENTED_EDGE ( 'NONE', *, *, #10256, .F. ) ;
#6119 = LINE ( 'NONE', #6831, #2720 ) ;
#6120 = CARTESIAN_POINT ( 'NONE',  ( -0.3477130044840029410, -10.47773340385700003, 995.9916601271909258 ) ) ;
#6121 = EDGE_CURVE ( 'NONE', #4317, #3910, #8637, .T. ) ;
#6122 = PLANE ( 'NONE',  #7100 ) ;
#6123 = VECTOR ( 'NONE', #9354, 1000.000000000000000 ) ;
#6124 = DIRECTION ( 'NONE',  ( 1.000000000000000000, 0.000000000000000000, 0.000000000000000000 ) ) ;
#6125 = DIRECTION ( 'NONE',  ( 0.000000000000000000, 0.000000000000000000, -1.000000000000000000 ) ) ;
#6126 = CARTESIAN_POINT ( 'NONE',  ( -20.87271300448400169, -27.77362369710604995, 1000.029303708437169 ) ) ;
#6127 = CARTESIAN_POINT ( 'NONE',  ( -25.70180563696045084, -27.15791218717140154, 1001.511275369461487 ) ) ;
#6128 = EDGE_CURVE ( 'NONE', #2401, #7671, #5728, .T. ) ;
#6129 = DIRECTION ( 'NONE',  ( -0.000000000000000000, -0.000000000000000000, 1.000000000000000000 ) ) ;
#6130 = AXIS2_PLACEMENT_3D ( 'NONE', #4843, #2326, #10343 ) ;
#6131 = EDGE_LOOP ( 'NONE', ( #5071, #8138, #4468, #2772 ) ) ;
#6132 = UNCERTAINTY_MEASURE_WITH_UNIT (LENGTH_MEASURE( 1.000000000000000082E-05 ), #6964, 'distance_accuracy_value', 'NONE');
#6133 = ORIENTED_EDGE ( 'NONE', *, *, #6128, .T. ) ;
#6134 = CARTESIAN_POINT ( 'NONE',  ( -20.87271300448400169, -28.70124835607409963, 1001.016680275972590 ) ) ;
#6135 = ORIENTED_EDGE ( 'NONE', *, *, #10091, .T. ) ;
#6136 = EDGE_CURVE ( 'NONE', #3028, #9372, #9039, .T. ) ;
#6137 = CARTESIAN_POINT ( 'NONE',  ( -29.03622117259850555, 32.01967122887339201, 1003.491660127191039 ) ) ;
#6138 = CARTESIAN_POINT ( 'NONE',  ( -19.31755139363924911, 26.05339869864173608, 985.0416601271911077 ) ) ;
#6139 = CARTESIAN_POINT ( 'NONE',  ( -18.11409794594360179, 44.52206366277465577, 989.5415379632170243 ) ) ;
#6140 = CARTESIAN_POINT ( 'NONE',  ( -25.98436446749554563, -27.61587798602216282, 1001.757285822264521 ) ) ;
#6141 = FACE_OUTER_BOUND ( 'NONE', #3550, .T. ) ;
#6142 = VECTOR ( 'NONE', #5834, 1000.000000000000000 ) ;
#6143 = CARTESIAN_POINT ( 'NONE',  ( -0.2768534300592515041, -14.70842746371786092, 999.2077485287276204 ) ) ;
#6144 = EDGE_CURVE ( 'NONE', #5344, #10516, #9185, .T. ) ;
#6145 = ORIENTED_EDGE ( 'NONE', *, *, #8799, .F. ) ;
#6146 = DIRECTION ( 'NONE',  ( 1.000000000000000000, -1.460893844964073754E-15, 0.000000000000000000 ) ) ;
#6147 = ORIENTED_EDGE ( 'NONE', *, *, #3372, .T. ) ;
#6148 = VECTOR ( 'NONE', #5764, 1000.000000000000000 ) ;
#6149 = ORIENTED_EDGE ( 'NONE', *, *, #309, .F. ) ;
#6150 = CARTESIAN_POINT ( 'NONE',  ( -25.76346062089407951, -28.38681158268389737, 1001.826224136126484 ) ) ;
#6151 = ADVANCED_FACE ( 'NONE', ( #5939 ), #1023, .F. ) ;
#6152 = ORIENTED_EDGE ( 'NONE', *, *, #10268, .F. ) ;
#6153 = FACE_OUTER_BOUND ( 'NONE', #3540, .T. ) ;
#6154 = CARTESIAN_POINT ( 'NONE',  ( -17.19567139914613207, 3.287333648496001626, 1000.991660127190926 ) ) ;
#6155 = DIRECTION ( 'NONE',  ( 1.000000000000000000, 0.000000000000000000, 0.000000000000000000 ) ) ;
#6156 = CARTESIAN_POINT ( 'NONE',  ( -10.81771300448399309, 36.37206337602792416, 1016.641658718408394 ) ) ;
#6157 = CARTESIAN_POINT ( 'NONE',  ( -25.11771300448399558, 27.86445333662418022, 993.0658143280380727 ) ) ;
#6158 = VECTOR ( 'NONE', #9478, 1000.000000000000000 ) ;
#6159 = ORIENTED_EDGE ( 'NONE', *, *, #5031, .F. ) ;
#6160 = CARTESIAN_POINT ( 'NONE',  ( -11.79799604194960239, 2.628868686766200558, 996.1464957773297328 ) ) ;
#6161 = ORIENTED_EDGE ( 'NONE', *, *, #5676, .T. ) ;
#6162 = ORIENTED_EDGE ( 'NONE', *, *, #4981, .F. ) ;
#6163 = AXIS2_PLACEMENT_3D ( 'NONE', #794, #6881, #5810 ) ;
#6164 = VECTOR ( 'NONE', #7465, 1000.000000000000000 ) ;
#6165 = CARTESIAN_POINT ( 'NONE',  ( -24.26771282526732421, -29.28509524987408952, 986.5916604856245158 ) ) ;
#6166 = CARTESIAN_POINT ( 'NONE',  ( -21.97167721694221498, 24.67142028813031729, 990.4916601271910395 ) ) ;
#6167 = DIRECTION ( 'NONE',  ( 5.014428880798372121E-16, -1.000000000000000000, 0.000000000000000000 ) ) ;
#6168 = CARTESIAN_POINT ( 'NONE',  ( -25.88670740143760796, -27.83364914254590161, 1002.647865515891226 ) ) ;
#6169 = CIRCLE ( 'NONE', #9634, 1.650000000000000355 ) ;
#6170 = ORIENTED_EDGE ( 'NONE', *, *, #1107, .F. ) ;
#6171 = PLANE ( 'NONE',  #313 ) ;
#6172 = ORIENTED_EDGE ( 'NONE', *, *, #1585, .T. ) ;
#6173 = FACE_OUTER_BOUND ( 'NONE', #6768, .T. ) ;
#6174 = ORIENTED_EDGE ( 'NONE', *, *, #5034, .F. ) ;
#6175 = CARTESIAN_POINT ( 'NONE',  ( -19.41771300448399629, 26.42525935342217025, 992.3828786582952262 ) ) ;
#6176 = DIRECTION ( 'NONE',  ( -0.7071067811865477948, -0.7071067811865472397, 0.000000000000000000 ) ) ;
#6177 = ADVANCED_FACE ( 'NONE', ( #10043 ), #5832, .T. ) ;
#6178 = VECTOR ( 'NONE', #9190, 999.9999999999998863 ) ;
#6179 = CARTESIAN_POINT ( 'NONE',  ( -17.31079339576843878, -26.25791218717161968, 1000.991660127191494 ) ) ;
#6180 = CARTESIAN_POINT ( 'NONE',  ( -25.21787461532874630, 26.05339869864173608, 985.0416601271911077 ) ) ;
#6181 = DIRECTION ( 'NONE',  ( 0.000000000000000000, 0.000000000000000000, 1.000000000000000000 ) ) ;
#6182 = CARTESIAN_POINT ( 'NONE',  ( -18.46771300448399344, 44.52206366277464866, 1003.491660127191039 ) ) ;
#6183 = DIRECTION ( 'NONE',  ( -3.750297019834905183E-16, -1.000000000000000000, 0.000000000000000000 ) ) ;
#6184 = ORIENTED_EDGE ( 'NONE', *, *, #9586, .T. ) ;
#6185 = VERTEX_POINT ( 'NONE', #7396 ) ;
#6186 = FACE_OUTER_BOUND ( 'NONE', #3212, .T. ) ;
#6187 = EDGE_CURVE ( 'NONE', #9390, #4529, #7318, .T. ) ;
#6188 = EDGE_LOOP ( 'NONE', ( #10023, #844, #7643, #4253, #2050 ) ) ;
#6189 = CARTESIAN_POINT ( 'NONE',  ( -22.26771300448400126, -11.05791218717159907, 1004.591660127191176 ) ) ;
#6190 = CARTESIAN_POINT ( 'NONE',  ( -18.83269769186055953, 44.21472510145149926, 991.5536172518475269 ) ) ;
#6191 = CARTESIAN_POINT ( 'NONE',  ( -20.26771282526733131, -29.28509524987408952, 983.6916601271910849 ) ) ;
#6192 = VECTOR ( 'NONE', #8822, 1000.000000000000227 ) ;
#6193 = CARTESIAN_POINT ( 'NONE',  ( -14.79483219728025922, 4.320040733830918356, 998.1288032888586486 ) ) ;
#6194 = ADVANCED_FACE ( 'NONE', ( #4168 ), #20, .F. ) ;
#6195 = DIRECTION ( 'NONE',  ( 0.6785983445458487751, 0.2810846377148211173, 0.6785983445458448893 ) ) ;
#6196 = CARTESIAN_POINT ( 'NONE',  ( -16.31180855017942832, 34.20930297373145379, 995.4475644022788856 ) ) ;
#6197 = EDGE_CURVE ( 'NONE', #6255, #5959, #7555, .T. ) ;
#6198 = ORIENTED_EDGE ( 'NONE', *, *, #3843, .T. ) ;
#6199 = FACE_OUTER_BOUND ( 'NONE', #8355, .T. ) ;
#6200 = EDGE_CURVE ( 'NONE', #4649, #8909, #2161, .T. ) ;
#6201 = ORIENTED_EDGE ( 'NONE', *, *, #475, .F. ) ;
#6202 = CARTESIAN_POINT ( 'NONE',  ( -24.87813804303490173, 26.72318704968011716, 988.9916601271911532 ) ) ;
#6203 = ORIENTED_EDGE ( 'NONE', *, *, #5584, .T. ) ;
#6204 = CARTESIAN_POINT ( 'NONE',  ( -27.26771300448401192, 14.03997960477436635, 997.1916601271911986 ) ) ;
#6205 = EDGE_CURVE ( 'NONE', #6774, #5950, #10241, .T. ) ;
#6206 = DIRECTION ( 'NONE',  ( 1.000000000000000000, 0.000000000000000000, 0.000000000000000000 ) ) ;
#6207 = DIRECTION ( 'NONE',  ( 1.000000000000000000, 0.000000000000000000, 0.000000000000000000 ) ) ;
#6208 = CARTESIAN_POINT ( 'NONE',  ( -21.65395864116563018, 27.51651540776813221, 989.6389795924088730 ) ) ;
#6209 = VECTOR ( 'NONE', #1255, 1000.000000000000000 ) ;
#6210 = EDGE_CURVE ( 'NONE', #3815, #9550, #10626, .T. ) ;
#6211 = DIRECTION ( 'NONE',  ( -1.000000000000000000, 0.000000000000000000, 0.000000000000000000 ) ) ;
#6212 = ORIENTED_EDGE ( 'NONE', *, *, #6861, .F. ) ;
#6213 = DIRECTION ( 'NONE',  ( 0.000000000000000000, 0.000000000000000000, -1.000000000000000000 ) ) ;
#6214 = VERTEX_POINT ( 'NONE', #9551 ) ;
#6215 = EDGE_LOOP ( 'NONE', ( #10077, #6309, #9436, #8084 ) ) ;
#6216 = CONICAL_SURFACE ( 'NONE', #6737, 1.049999999999983169, 0.7853981633974659315 ) ;
#6217 = CIRCLE ( 'NONE', #3295, 18.19999999999999574 ) ;
#6218 = CARTESIAN_POINT ( 'NONE',  ( -12.46771300448399344, 29.47981022745160828, 990.4916601271910395 ) ) ;
#6219 = FACE_OUTER_BOUND ( 'NONE', #2820, .T. ) ;
#6220 = CARTESIAN_POINT ( 'NONE',  ( -44.18771300448400297, -10.47773340385700003, 1004.591660127191176 ) ) ;
#6221 = CARTESIAN_POINT ( 'NONE',  ( -26.01188696791689026, -28.01682445068755101, 1002.895356525875172 ) ) ;
#6222 = VECTOR ( 'NONE', #6030, 1000.000000000000227 ) ;
#6223 = VERTEX_POINT ( 'NONE', #4417 ) ;
#6224 = DIRECTION ( 'NONE',  ( -4.968755469201875432E-16, 1.000000000000000000, 0.000000000000000000 ) ) ;
#6225 = EDGE_CURVE ( 'NONE', #9072, #795, #317, .T. ) ;
#6226 = ORIENTED_EDGE ( 'NONE', *, *, #6200, .F. ) ;
#6227 = CARTESIAN_POINT ( 'NONE',  ( -26.00155631475214335, -28.48663978731900315, 1002.135029548602233 ) ) ;
#6228 = VERTEX_POINT ( 'NONE', #10188 ) ;
#6229 = FACE_OUTER_BOUND ( 'NONE', #6188, .T. ) ;
#6230 = SURFACE_SIDE_STYLE ('',( #2950 ) ) ;
#6231 = AXIS2_PLACEMENT_3D ( 'NONE', #8210, #9145, #9744 ) ;
#6232 = CARTESIAN_POINT ( 'NONE',  ( -34.86771300448391742, 43.92206366277464724, 1016.041658718408485 ) ) ;
#6233 = CARTESIAN_POINT ( 'NONE',  ( -22.26771300448399771, 23.82355419201191538, 987.4916601271910395 ) ) ;
#6234 = LINE ( 'NONE', #9542, #1732 ) ;
#6235 = CARTESIAN_POINT ( 'NONE',  ( -14.33162674035339457, 30.57414358537394250, 1016.641658718408394 ) ) ;
#6236 = CARTESIAN_POINT ( 'NONE',  ( -45.93771300448401718, -10.47773340385700003, 1004.591660127191176 ) ) ;
#6237 = FACE_OUTER_BOUND ( 'NONE', #10462, .T. ) ;
#6238 = EDGE_CURVE ( 'NONE', #1617, #2539, #10133, .T. ) ;
#6239 = EDGE_CURVE ( 'NONE', #10489, #7045, #1414, .T. ) ;
#6240 = CIRCLE ( 'NONE', #2467, 1.649999999999998579 ) ;
#6241 = CARTESIAN_POINT ( 'NONE',  ( -19.07297981228107275, -27.41883528244867918, 1001.707789792867629 ) ) ;
#6242 = ORIENTED_EDGE ( 'NONE', *, *, #9981, .T. ) ;
#6243 = LINE ( 'NONE', #10289, #5112 ) ;
#6244 = ORIENTED_EDGE ( 'NONE', *, *, #4418, .T. ) ;
#6245 = CARTESIAN_POINT ( 'NONE',  ( -12.46771300448399344, 29.47981022745160828, 1003.491660127191039 ) ) ;
#6246 = CARTESIAN_POINT ( 'NONE',  ( -19.21975901359439121, 26.84182138805503115, 983.6916601271909713 ) ) ;
#6247 = CARTESIAN_POINT ( 'NONE',  ( -18.47297981228107133, -28.25791218717139941, 1003.301061203949416 ) ) ;
#6248 = AXIS2_PLACEMENT_3D ( 'NONE', #4285, #9904, #6611 ) ;
#6249 = DIRECTION ( 'NONE',  ( -1.000000000000000000, 0.000000000000000000, 0.000000000000000000 ) ) ;
#6250 = FACE_OUTER_BOUND ( 'NONE', #2486, .T. ) ;
#6251 = ADVANCED_FACE ( 'NONE', ( #4581 ), #5445, .T. ) ;
#6252 = CARTESIAN_POINT ( 'NONE',  ( -32.57829773949828223, 28.03162972365183592, 1005.781075392176717 ) ) ;
#6253 = CARTESIAN_POINT ( 'NONE',  ( -27.26771300448400126, 17.93735088003119671, 1004.030799358764284 ) ) ;
#6254 = ORIENTED_EDGE ( 'NONE', *, *, #5741, .F. ) ;
#6255 = VERTEX_POINT ( 'NONE', #1996 ) ;
#6256 = CARTESIAN_POINT ( 'NONE',  ( -27.05277848976460930, 2.767698785255751748, 1000.991660127190926 ) ) ;
#6257 = ORIENTED_EDGE ( 'NONE', *, *, #2800, .F. ) ;
#6258 = EDGE_LOOP ( 'NONE', ( #8874, #8097, #8949, #8268 ) ) ;
#6259 = FACE_OUTER_BOUND ( 'NONE', #9221, .T. ) ;
#6260 = ORIENTED_EDGE ( 'NONE', *, *, #7912, .F. ) ;
#6261 = DIRECTION ( 'NONE',  ( -1.000000000000000000, 0.000000000000000000, 0.000000000000000000 ) ) ;
#6262 = DIRECTION ( 'NONE',  ( 0.000000000000000000, 0.000000000000000000, -1.000000000000000000 ) ) ;
#6263 = ADVANCED_FACE ( 'NONE', ( #7065 ), #4908, .F. ) ;
#6264 = CARTESIAN_POINT ( 'NONE',  ( -18.60194689147154179, -28.39220124888537455, 1002.064131045845556 ) ) ;
#6265 = CARTESIAN_POINT ( 'NONE',  ( -20.87271300448400169, -28.70124835607409963, 1001.016680275972590 ) ) ;
#6266 = B_SPLINE_CURVE_WITH_KNOTS ( 'NONE', 3,
 ( #10428, #7043, #10320, #6221 ),
 .UNSPECIFIED., .F., .F.,
 ( 4, 4 ),
 ( -4.446768770551132508E-05, 0.0004304573780385581691 ),
 .UNSPECIFIED. ) ;
#6267 = EDGE_CURVE ( 'NONE', #5640, #966, #6848, .T. ) ;
#6268 = LINE ( 'NONE', #7087, #5628 ) ;
#6269 = ORIENTED_EDGE ( 'NONE', *, *, #6136, .F. ) ;
#6270 = DIRECTION ( 'NONE',  ( 0.7071067811865474617, -0.7071067811865474617, -0.000000000000000000 ) ) ;
#6271 = EDGE_LOOP ( 'NONE', ( #2993, #8937, #10474, #8645 ) ) ;
#6272 = EDGE_LOOP ( 'NONE', ( #519, #1081, #3238, #5573 ) ) ;
#6273 = LINE ( 'NONE', #6165, #5613 ) ;
#6274 = CARTESIAN_POINT ( 'NONE',  ( -26.06244619668694185, -28.33595698023039944, 1002.620336641251356 ) ) ;
#6275 = AXIS2_PLACEMENT_3D ( 'NONE', #5836, #4872, #5731 ) ;
#6276 = CARTESIAN_POINT ( 'NONE',  ( -13.69970247668900498, 23.89986204311082219, 987.4916601271910395 ) ) ;
#6277 = CARTESIAN_POINT ( 'NONE',  ( -28.85076117531960094, 3.497516851156899254, 999.4916601271909258 ) ) ;
#6278 = ORIENTED_EDGE ( 'NONE', *, *, #4677, .F. ) ;
#6279 = CARTESIAN_POINT ( 'NONE',  ( -8.467713004484000550, 44.52206366277465577, 997.1916601271908576 ) ) ;
#6280 = VERTEX_POINT ( 'NONE', #6899 ) ;
#6281 = EDGE_CURVE ( 'NONE', #2485, #10094, #8278, .T. ) ;
#6282 = DIRECTION ( 'NONE',  ( 0.000000000000000000, 0.000000000000000000, -1.000000000000000000 ) ) ;
#6283 = EDGE_LOOP ( 'NONE', ( #617, #8161, #3933, #5294, #6515 ) ) ;
#6284 = EDGE_CURVE ( 'NONE', #9727, #8008, #10294, .T. ) ;
#6285 = CARTESIAN_POINT ( 'NONE',  ( -18.69662347408295133, -28.80137096133749708, 1002.504132197583885 ) ) ;
#6286 = CARTESIAN_POINT ( 'NONE',  ( -19.71771300448400055, 3.357757825279103159, 1000.991660127190926 ) ) ;
#6287 = DIRECTION ( 'NONE',  ( -0.7071067811865602293, 8.659560562355088165E-17, 0.7071067811865348052 ) ) ;
#6288 = CARTESIAN_POINT ( 'NONE',  ( -18.46771300448400055, 3.167884070370703409, 1003.491660127191039 ) ) ;
#6289 = CARTESIAN_POINT ( 'NONE',  ( -25.23130368534809165, 26.33556924269224098, 984.1395511955242910 ) ) ;
#6290 = FACE_OUTER_BOUND ( 'NONE', #8592, .T. ) ;
#6291 = DIRECTION ( 'NONE',  ( 0.000000000000000000, 0.7071067811865470176, -0.7071067811865480168 ) ) ;
#6292 = AXIS2_PLACEMENT_3D ( 'NONE', #9838, #2453, #5726 ) ;
#6293 = CARTESIAN_POINT ( 'NONE',  ( -17.15931546710474720, 7.518459022122248037, 999.5613059810880259 ) ) ;
#6294 = ORIENTED_EDGE ( 'NONE', *, *, #1423, .F. ) ;
#6295 = CARTESIAN_POINT ( 'NONE',  ( -25.93348543948000895, -28.39220114995500666, 1002.064141600684138 ) ) ;
#6296 = ORIENTED_EDGE ( 'NONE', *, *, #69, .F. ) ;
#6297 = FACE_OUTER_BOUND ( 'NONE', #225, .T. ) ;
#6298 = AXIS2_PLACEMENT_3D ( 'NONE', #1068, #4367, #2561 ) ;
#6299 = VERTEX_POINT ( 'NONE', #3663 ) ;
#6300 = CARTESIAN_POINT ( 'NONE',  ( -25.19432384790856361, 43.50538715106458199, 992.9771497656111023 ) ) ;
#6301 = DIRECTION ( 'NONE',  ( -1.000000000000000000, 0.000000000000000000, 0.000000000000000000 ) ) ;
#6302 = DIRECTION ( 'NONE',  ( -0.7261534621377974119, 0.6875326533520357275, 0.000000000000000000 ) ) ;
#6303 = PLANE ( 'NONE',  #1944 ) ;
#6304 = DIRECTION ( 'NONE',  ( 1.000000000000000000, 0.000000000000000000, 0.000000000000000000 ) ) ;
#6305 = CARTESIAN_POINT ( 'NONE',  ( -15.20720911784412976, -27.25791218717154507, 995.9916601271909258 ) ) ;
#6306 = CIRCLE ( 'NONE', #2702, 1.649999999999998579 ) ;
#6307 = CARTESIAN_POINT ( 'NONE',  ( -19.07297981228107275, -27.15791218717140154, 1001.511275369461487 ) ) ;
#6308 = ORIENTED_EDGE ( 'NONE', *, *, #4149, .F. ) ;
#6309 = ORIENTED_EDGE ( 'NONE', *, *, #5796, .T. ) ;
#6310 = PLANE ( 'NONE',  #4127 ) ;
#6311 = ORIENTED_EDGE ( 'NONE', *, *, #10426, .T. ) ;
#6312 = LINE ( 'NONE', #2284, #1360 ) ;
#6313 = ORIENTED_EDGE ( 'NONE', *, *, #10652, .F. ) ;
#6314 = DIRECTION ( 'NONE',  ( 0.8449011766408759394, -0.5349224258814199162, 0.000000000000000000 ) ) ;
#6315 = AXIS2_PLACEMENT_3D ( 'NONE', #120, #9302, #5941 ) ;
#6316 = ADVANCED_FACE ( 'NONE', ( #2858 ), #293, .F. ) ;
#6317 = FACE_OUTER_BOUND ( 'NONE', #9979, .T. ) ;
#6318 = CARTESIAN_POINT ( 'NONE',  ( -25.11771300448391386, 26.01981126762377983, 988.0916604856246295 ) ) ;
#6319 = LINE ( 'NONE', #2932, #1136 ) ;
#6320 = VECTOR ( 'NONE', #1508, 1000.000000000000000 ) ;
#6321 = ORIENTED_EDGE ( 'NONE', *, *, #2844, .T. ) ;
#6322 = ORIENTED_EDGE ( 'NONE', *, *, #2844, .F. ) ;
#6323 = VERTEX_POINT ( 'NONE', #7920 ) ;
#6324 = DIRECTION ( 'NONE',  ( 3.750297019834905183E-16, 1.000000000000000000, 0.000000000000000000 ) ) ;
#6325 = ADVANCED_FACE ( 'NONE', ( #4792 ), #8076, .F. ) ;
#6326 = DIRECTION ( 'NONE',  ( 0.000000000000000000, 0.000000000000000000, 1.000000000000000000 ) ) ;
#6327 = AXIS2_PLACEMENT_3D ( 'NONE', #1596, #5953, #341 ) ;
#6328 = VECTOR ( 'NONE', #137, 1000.000000000000000 ) ;
#6329 = EDGE_CURVE ( 'NONE', #9174, #6908, #9363, .T. ) ;
#6330 = CARTESIAN_POINT ( 'NONE',  ( -11.41771300448401050, 38.02206337602792274, 1000.991660127190926 ) ) ;
#6331 = DIRECTION ( 'NONE',  ( 0.000000000000000000, -0.000000000000000000, 1.000000000000000000 ) ) ;
#6332 = ADVANCED_FACE ( 'NONE', ( #5503 ), #8805, .F. ) ;
#6333 = ORIENTED_EDGE ( 'NONE', *, *, #1316, .T. ) ;
#6334 = AXIS2_PLACEMENT_3D ( 'NONE', #4702, #3139, #2224 ) ;
#6335 = ORIENTED_EDGE ( 'NONE', *, *, #140, .F. ) ;
#6336 = EDGE_CURVE ( 'NONE', #3072, #5638, #7973, .T. ) ;
#6337 = VECTOR ( 'NONE', #4023, 1000.000000000000000 ) ;
#6338 = DIRECTION ( 'NONE',  ( -1.000000000000000000, 0.000000000000000000, 0.000000000000000000 ) ) ;
#6339 = VERTEX_POINT ( 'NONE', #594 ) ;
#6340 = DIRECTION ( 'NONE',  ( -0.000000000000000000, -0.000000000000000000, 1.000000000000000000 ) ) ;
#6341 = DIRECTION ( 'NONE',  ( 0.7071067811865474617, 0.7071067811865474617, -0.000000000000000000 ) ) ;
#6342 = CARTESIAN_POINT ( 'NONE',  ( -19.07297981228107275, -28.25791218717139941, 1004.591660127191176 ) ) ;
#6343 = CARTESIAN_POINT ( 'NONE',  ( -18.43232338190576414, -27.02325486210593297, 1001.433165067614482 ) ) ;
#6344 = CARTESIAN_POINT ( 'NONE',  ( -12.31570159385952934, 34.78893442829722460, 983.7916601271909940 ) ) ;
#6345 = CARTESIAN_POINT ( 'NONE',  ( -22.26771300448400126, -12.47773340385700003, 1000.991660127190926 ) ) ;
#6346 = VECTOR ( 'NONE', #349, 1000.000000000000000 ) ;
#6347 = LINE ( 'NONE', #9654, #1428 ) ;
#6348 = LINE ( 'NONE', #9546, #2802 ) ;
#6349 = EDGE_CURVE ( 'NONE', #2672, #1681, #7546, .T. ) ;
#6350 =( BOUNDED_CURVE ( )  B_SPLINE_CURVE ( 3, ( #10348, #4644, #3881, #6418 ),
 .UNSPECIFIED., .F., .T. ) 
 B_SPLINE_CURVE_WITH_KNOTS ( ( 4, 4 ),
 ( 0.2396289484753250099, 0.8294703209069549388 ),
 .UNSPECIFIED. ) 
 CURVE ( )  GEOMETRIC_REPRESENTATION_ITEM ( )  RATIONAL_B_SPLINE_CURVE ( ( 1.000000000000000000, 0.9712167993261670018, 0.9712167993261670018, 1.000000000000000000 ) ) 
 REPRESENTATION_ITEM ( '' )  );
#6351 = DIRECTION ( 'NONE',  ( -0.6039809190271706596, -0.7375738000291903740, 0.3019800307331506062 ) ) ;
#6352 = ORIENTED_EDGE ( 'NONE', *, *, #7450, .T. ) ;
#6353 = CARTESIAN_POINT ( 'NONE',  ( -32.06771300448400552, 29.52206337602792630, 987.6916601271909713 ) ) ;
#6354 = CARTESIAN_POINT ( 'NONE',  ( -25.62647287817568298, 44.15214388002598866, 991.7671324808401323 ) ) ;
#6355 = CARTESIAN_POINT ( 'NONE',  ( -27.86414189003316011, 3.978879090511896699, 1000.991660127190926 ) ) ;
#6356 = CARTESIAN_POINT ( 'NONE',  ( -19.67154394652518334, 43.30439106810560190, 990.7454910692713383 ) ) ;
#6357 = CARTESIAN_POINT ( 'NONE',  ( -24.26771282526732065, 28.55192683606519211, 983.5916601271910622 ) ) ;
#6358 = CARTESIAN_POINT ( 'NONE',  ( -9.667713004484095762, 43.92206366277464724, 1016.641658718408394 ) ) ;
#6359 = CARTESIAN_POINT ( 'NONE',  ( -32.33715901253453495, 34.84736959455016603, 983.7916601271909940 ) ) ;
#6360 = CARTESIAN_POINT ( 'NONE',  ( -2.166027711490896568, -7.696681776287242371, 1000.991660127190926 ) ) ;
#6361 = ORIENTED_EDGE ( 'NONE', *, *, #4154, .T. ) ;
#6362 = VERTEX_POINT ( 'NONE', #5653 ) ;
#6363 = DIRECTION ( 'NONE',  ( -0.7071067811865477948, -0.7071067811865472397, 0.000000000000000000 ) ) ;
#6364 = ORIENTED_EDGE ( 'NONE', *, *, #1810, .F. ) ;
#6365 = ORIENTED_EDGE ( 'NONE', *, *, #9712, .T. ) ;
#6366 = DIRECTION ( 'NONE',  ( 0.000000000000000000, 0.000000000000000000, -1.000000000000000000 ) ) ;
#6367 = VERTEX_POINT ( 'NONE', #8389 ) ;
#6368 = VECTOR ( 'NONE', #10576, 1000.000000000000114 ) ;
#6369 = CARTESIAN_POINT ( 'NONE',  ( -23.21771300448400055, 6.316134549268400455, 995.9916601271909258 ) ) ;
#6370 = FACE_OUTER_BOUND ( 'NONE', #8919, .T. ) ;
#6371 = DIRECTION ( 'NONE',  ( -1.000000000000000000, 0.000000000000000000, -0.000000000000000000 ) ) ;
#6372 = DIRECTION ( 'NONE',  ( 0.000000000000000000, 0.000000000000000000, 1.000000000000000000 ) ) ;
#6373 = VECTOR ( 'NONE', #7432, 1000.000000000000227 ) ;
#6374 = ADVANCED_FACE ( 'NONE', ( #3490 ), #5048, .T. ) ;
#6375 = VERTEX_POINT ( 'NONE', #7468 ) ;
#6376 = CARTESIAN_POINT ( 'NONE',  ( -22.63513947540191751, 27.70149890144341498, 989.8927383795038395 ) ) ;
#6377 = ORIENTED_EDGE ( 'NONE', *, *, #5412, .F. ) ;
#6378 = ORIENTED_EDGE ( 'NONE', *, *, #8577, .F. ) ;
#6379 = CARTESIAN_POINT ( 'NONE',  ( -24.26771282526732421, 26.25339869864176023, 988.0916604856245158 ) ) ;
#6380 = CARTESIAN_POINT ( 'NONE',  ( -18.47297981228113173, -28.35891554717041174, 1002.473170280445515 ) ) ;
#6381 = VECTOR ( 'NONE', #7342, 1000.000000000000114 ) ;
#6382 = PLANE ( 'NONE',  #5904 ) ;
#6383 = FACE_OUTER_BOUND ( 'NONE', #5674, .T. ) ;
#6384 = B_SPLINE_CURVE_WITH_KNOTS ( 'NONE', 3,
 ( #1586, #8834, #4869, #10636 ),
 .UNSPECIFIED., .F., .F.,
 ( 4, 4 ),
 ( -0.02773104743879990092, -1.110223024625156540E-15 ),
 .UNSPECIFIED. ) ;
#6385 = B_SPLINE_CURVE_WITH_KNOTS ( 'NONE', 3,
 ( #6045, #6650, #8313, #8363 ),
 .UNSPECIFIED., .F., .F.,
 ( 4, 4 ),
 ( 0.000000000000000000, 0.0003511615154477421680 ),
 .UNSPECIFIED. ) ;
#6386 = EDGE_LOOP ( 'NONE', ( #3801, #4112, #10213, #2534, #5107, #8457, #9192, #9413, #8947, #10355, #2200, #3165, #8625 ) ) ;
#6387 = CARTESIAN_POINT ( 'NONE',  ( -22.41771300448399629, 28.91940829628347487, 990.4916601271910395 ) ) ;
#6388 = CIRCLE ( 'NONE', #709, 1.500000000000000222 ) ;
#6389 = VECTOR ( 'NONE', #8180, 1000.000000000000000 ) ;
#6390 = ORIENTED_EDGE ( 'NONE', *, *, #7519, .F. ) ;
#6391 = ORIENTED_EDGE ( 'NONE', *, *, #501, .F. ) ;
#6392 = CARTESIAN_POINT ( 'NONE',  ( -21.79521093288900957, -28.92803625644169685, 1001.147620888860729 ) ) ;
#6393 = DIRECTION ( 'NONE',  ( -1.000000000000000000, 0.000000000000000000, -0.000000000000000000 ) ) ;
#6394 = CARTESIAN_POINT ( 'NONE',  ( -19.11034126282716983, 2.557757825279104225, 1003.491660127191039 ) ) ;
#6395 = CARTESIAN_POINT ( 'NONE',  ( -10.81771300448399309, 29.47981022745160828, 987.6916601271909713 ) ) ;
#6396 = AXIS2_PLACEMENT_3D ( 'NONE', #7866, #7812, #6959 ) ;
#6397 = CARTESIAN_POINT ( 'NONE',  ( -18.47272850284593915, -27.28119109328608616, 1001.582453158448061 ) ) ;
#6398 = AXIS2_PLACEMENT_3D ( 'NONE', #9955, #4126, #6612 ) ;
#6399 = ADVANCED_FACE ( 'NONE', ( #5752 ), #785, .F. ) ;
#6400 = CARTESIAN_POINT ( 'NONE',  ( -22.16818974859713620, 43.92206366277465435, 1013.641658718406688 ) ) ;
#6401 = EDGE_CURVE ( 'NONE', #4499, #8569, #6561, .T. ) ;
#6402 = EDGE_CURVE ( 'NONE', #8136, #3422, #7369, .T. ) ;
#6403 = EDGE_CURVE ( 'NONE', #1118, #3018, #88, .T. ) ;
#6404 = ORIENTED_EDGE ( 'NONE', *, *, #7530, .T. ) ;
#6405 = AXIS2_PLACEMENT_3D ( 'NONE', #5239, #9355, #5891 ) ;
#6406 = AXIS2_PLACEMENT_3D ( 'NONE', #769, #16, #1640 ) ;
#6407 = ORIENTED_EDGE ( 'NONE', *, *, #2728, .F. ) ;
#6408 = CARTESIAN_POINT ( 'NONE',  ( -25.12509869494191150, 25.77028418892851747, 991.5664143224548752 ) ) ;
#6409 = CARTESIAN_POINT ( 'NONE',  ( -23.45348839618012349, 44.01330378908557606, 990.1217403444396723 ) ) ;
#6410 = ADVANCED_FACE ( 'NONE', ( #5964 ), #35, .F. ) ;
#6411 = CARTESIAN_POINT ( 'NONE',  ( -28.54044098023789644, 2.581672322913401985, 1000.991660127190926 ) ) ;
#6412 = CARTESIAN_POINT ( 'NONE',  ( -14.33162674035339457, 30.57414358537394250, 1016.041658718408485 ) ) ;
#6413 = CARTESIAN_POINT ( 'NONE',  ( -16.02016836276390066, 2.629287526599519698, 1000.992796480978427 ) ) ;
#6414 = CARTESIAN_POINT ( 'NONE',  ( -27.26771300448400126, 13.64413097241205186, 997.1916601271909713 ) ) ;
#6415 = DIRECTION ( 'NONE',  ( 0.000000000000000000, 0.000000000000000000, -1.000000000000000000 ) ) ;
#6416 = CONICAL_SURFACE ( 'NONE', #9870, 16.87999999999999901, 0.7853981633974476129 ) ;
#6417 = VECTOR ( 'NONE', #8262, 1000.000000000000000 ) ;
#6418 = CARTESIAN_POINT ( 'NONE',  ( -18.73260435235800614, 2.767698785255751748, 1003.491660127191039 ) ) ;
#6419 = VERTEX_POINT ( 'NONE', #997 ) ;
#6420 = VERTEX_POINT ( 'NONE', #8227 ) ;
#6421 = DIRECTION ( 'NONE',  ( 1.000000000000000000, 0.000000000000000000, 0.000000000000000000 ) ) ;
#6422 = ORIENTED_EDGE ( 'NONE', *, *, #1921, .T. ) ;
#6423 = ORIENTED_EDGE ( 'NONE', *, *, #5003, .T. ) ;
#6424 = CARTESIAN_POINT ( 'NONE',  ( -30.96291750894372541, 3.715968478392124741, 997.0843947128220179 ) ) ;
#6425 = VECTOR ( 'NONE', #9470, 1000.000000000000000 ) ;
#6426 = ORIENTED_EDGE ( 'NONE', *, *, #4755, .T. ) ;
#6427 = ADVANCED_FACE ( 'NONE', ( #3274 ), #5195, .F. ) ;
#6428 = EDGE_CURVE ( 'NONE', #4877, #275, #9865, .T. ) ;
#6429 = DIRECTION ( 'NONE',  ( -1.000000000000000000, 0.000000000000000000, 0.000000000000000000 ) ) ;
#6430 = CARTESIAN_POINT ( 'NONE',  ( -20.87271300448400169, -27.77362369710604995, 1000.029303708437169 ) ) ;
#6431 = CARTESIAN_POINT ( 'NONE',  ( -24.26771282526732421, -29.28509524987408952, 988.0916604856245158 ) ) ;
#6432 = ORIENTED_EDGE ( 'NONE', *, *, #870, .T. ) ;
#6433 = LINE ( 'NONE', #1374, #10139 ) ;
#6434 = ORIENTED_EDGE ( 'NONE', *, *, #2349, .T. ) ;
#6435 = ORIENTED_EDGE ( 'NONE', *, *, #9784, .T. ) ;
#6436 = DIRECTION ( 'NONE',  ( 0.000000000000000000, 0.000000000000000000, -1.000000000000000000 ) ) ;
#6437 = DIRECTION ( 'NONE',  ( 0.000000000000000000, 0.000000000000000000, 1.000000000000000000 ) ) ;
#6438 = EDGE_CURVE ( 'NONE', #7045, #10489, #9343, .T. ) ;
#6439 = B_SPLINE_CURVE_WITH_KNOTS ( 'NONE', 3,
 ( #10452, #8962, #9610, #691, #5505, #1352, #3078, #3926, #8807, #6246 ),
 .UNSPECIFIED., .F., .F.,
 ( 4, 2, 2, 2, 4 ),
 ( 0.000000000000000000, 0.0004091375287270044084, 0.0008182750574540088168, 0.001227412586181013225, 0.001636550114908017634 ),
 .UNSPECIFIED. ) ;
#6440 = CARTESIAN_POINT ( 'NONE',  ( -11.21639305868349368, 33.50496801225766319, 983.7916601271909940 ) ) ;
#6441 = CARTESIAN_POINT ( 'NONE',  ( -9.667713004484095762, 44.52206366277465577, 1003.491660127191039 ) ) ;
#6442 = VERTEX_POINT ( 'NONE', #7524 ) ;
#6443 = CARTESIAN_POINT ( 'NONE',  ( -22.44263460524670606, 28.53907174376382372, 990.4460429283362828 ) ) ;
#6444 = ORIENTED_EDGE ( 'NONE', *, *, #7362, .T. ) ;
#6445 = ORIENTED_EDGE ( 'NONE', *, *, #623, .T. ) ;
#6446 = PLANE ( 'NONE',  #9099 ) ;
#6447 = CARTESIAN_POINT ( 'NONE',  ( -20.26771282526732421, -29.28509524987408952, 986.5916604856245158 ) ) ;
#6448 = ADVANCED_FACE ( 'NONE', ( #8280 ), #4887, .F. ) ;
#6449 = EDGE_CURVE ( 'NONE', #18, #649, #5475, .T. ) ;
#6450 = CARTESIAN_POINT ( 'NONE',  ( -18.66402002692624151, -27.19735288934275630, 1001.534046469477289 ) ) ;
#6451 = PLANE ( 'NONE',  #4871 ) ;
#6452 = LINE ( 'NONE', #3918, #5025 ) ;
#6453 = VECTOR ( 'NONE', #6048, 1000.000000000000000 ) ;
#6454 = LINE ( 'NONE', #3014, #2030 ) ;
#6455 = EDGE_LOOP ( 'NONE', ( #6575, #6244, #8265, #4483, #3055, #859, #7586, #932, #7294, #9280, #3390, #5761, #2991 ) ) ;
#6456 = FACE_OUTER_BOUND ( 'NONE', #10286, .T. ) ;
#6457 = B_SPLINE_SURFACE_WITH_KNOTS ( 'NONE', 3, 3, ( 
 ( #6677, #1663, #9967, #1821, #2687 ),
 ( #839, #4135, #2580, #3494, #6783 ),
 ( #5051, #1056, #10071, #6730, #5858 ),
 ( #5967, #8447, #1876, #9115, #8335 ),
 ( #9868, #6621, #250, #2480, #950 ),
 ( #5755, #7527, #1713, #9064, #10019 ) ),
 .UNSPECIFIED., .F., .F., .F.,
 ( 4, 1, 1, 4 ),
 ( 4, 1, 4 ),
 ( 0.000000000000000000, 0.2857142857142860315, 0.5714285714285709528, 1.000000000000000000 ),
 ( -1.175268585366390006, -0.6715820487807919736, -1.993336139033239590E-16 ),
 .UNSPECIFIED. ) ;
#6458 = CARTESIAN_POINT ( 'NONE',  ( -25.42505156571839464, 43.93704835001838660, 992.3311121557289880 ) ) ;
#6459 = CARTESIAN_POINT ( 'NONE',  ( -28.18905988234177329, 31.59893860869147275, 983.4916601271910395 ) ) ;
#6460 = FACE_OUTER_BOUND ( 'NONE', #10373, .T. ) ;
#6461 = EDGE_CURVE ( 'NONE', #4279, #3030, #3434, .T. ) ;
#6462 = CARTESIAN_POINT ( 'NONE',  ( -26.10392214867417948, 3.247056048566207220, 1003.455450983000674 ) ) ;
#6463 = CARTESIAN_POINT ( 'NONE',  ( -8.467713004484000550, 44.52206366277465577, 1003.491660127191039 ) ) ;
#6464 = CARTESIAN_POINT ( 'NONE',  ( -28.11795447798599312, 44.52206366277465577, 1003.491660127191039 ) ) ;
#6465 = EDGE_CURVE ( 'NONE', #1421, #1133, #9332, .T. ) ;
#6466 = CARTESIAN_POINT ( 'NONE',  ( 0.6747493776480280037, -6.015438848810637396, 997.9916601271906984 ) ) ;
#6467 = VERTEX_POINT ( 'NONE', #6780 ) ;
#6468 = ORIENTED_EDGE ( 'NONE', *, *, #2099, .T. ) ;
#6469 = DIRECTION ( 'NONE',  ( -3.868740194890244000E-16, 1.000000000000000000, 0.000000000000000000 ) ) ;
#6470 = VERTEX_POINT ( 'NONE', #10068 ) ;
#6471 = ORIENTED_EDGE ( 'NONE', *, *, #1183, .T. ) ;
#6472 = EDGE_CURVE ( 'NONE', #8569, #9032, #6043, .T. ) ;
#6473 = CARTESIAN_POINT ( 'NONE',  ( -18.46771297646895604, 43.92206330434124339, 987.4916601271910395 ) ) ;
#6474 = ORIENTED_EDGE ( 'NONE', *, *, #1, .T. ) ;
#6475 = CARTESIAN_POINT ( 'NONE',  ( -36.06771300448401263, 44.52206366277465577, 956.7212035758847151 ) ) ;
#6476 = CARTESIAN_POINT ( 'NONE',  ( 0.000000000000000000, 26.05339869864173608, 983.4916601271910395 ) ) ;
#6477 = FACE_OUTER_BOUND ( 'NONE', #8997, .T. ) ;
#6478 = AXIS2_PLACEMENT_3D ( 'NONE', #8346, #4147, #7431 ) ;
#6479 = ADVANCED_FACE ( 'NONE', ( #2526 ), #9511, .T. ) ;
#6480 = ORIENTED_EDGE ( 'NONE', *, *, #7321, .F. ) ;
#6481 = ORIENTED_EDGE ( 'NONE', *, *, #5774, .T. ) ;
#6482 = VECTOR ( 'NONE', #8578, 1000.000000000000227 ) ;
#6483 = ORIENTED_EDGE ( 'NONE', *, *, #1868, .T. ) ;
#6484 = CARTESIAN_POINT ( 'NONE',  ( -34.26771300448390178, 30.41657034268903814, 1003.491660127191039 ) ) ;
#6485 = CARTESIAN_POINT ( 'NONE',  ( -14.11771300448399380, 29.47981022745160828, 987.6916601271909713 ) ) ;
#6486 = PLANE ( 'NONE',  #6942 ) ;
#6487 = AXIS2_PLACEMENT_3D ( 'NONE', #3644, #7575, #6989 ) ;
#6488 = CARTESIAN_POINT ( 'NONE',  ( -19.07297981228107275, -27.65791218717139799, 1004.591660127191176 ) ) ;
#6489 = VECTOR ( 'NONE', #4016, 1000.000000000000000 ) ;
#6490 = EDGE_LOOP ( 'NONE', ( #9335, #863, #10141, #3581 ) ) ;
#6491 = CARTESIAN_POINT ( 'NONE',  ( -14.33878081634949275, 20.71519878427751493, 997.1916601271908576 ) ) ;
#6492 = EDGE_LOOP ( 'NONE', ( #4302, #6640, #10041, #3263 ) ) ;
#6493 = EDGE_LOOP ( 'NONE', ( #6741, #3287, #6028, #6703 ) ) ;
#6494 = AXIS2_PLACEMENT_3D ( 'NONE', #8803, #4634, #10602 ) ;
#6495 = DIRECTION ( 'NONE',  ( 1.000000000000000000, 0.000000000000000000, 0.000000000000000000 ) ) ;
#6496 = DIRECTION ( 'NONE',  ( -0.000000000000000000, 1.000000000000000000, -0.000000000000000000 ) ) ;
#6497 = DIRECTION ( 'NONE',  ( 1.000000000000000000, 0.000000000000000000, 0.000000000000000000 ) ) ;
#6498 = LINE ( 'NONE', #3429, #3648 ) ;
#6499 = VECTOR ( 'NONE', #10161, 1000.000000000000000 ) ;
#6500 = CLOSED_SHELL ( 'NONE', ( #1575, #873, #6194, #10283, #9898, #1197, #5745, #9608, #7041, #6733, #4020, #5148, #5140, #4657, #3501, #7959, #4183, #9903, #6006, #8788, #604, #7794, #1204, #3941, #4018, #1594, #9410, #6600, #3217, #9968, #7377, #7244, #176, #1342, #7887, #1002, #2456, #7871, #6614, #1924, #7216, #5142, #7313, #6399, #8427, #4819, #6840, #2984, #9512, #9360, #5571, #7267, #418, #10264, #6067, #147, #8484, #9642, #6999, #1331, #6865, #3705, #7420, #8068, #7256, #1207 ) ) ;
#6501 = EDGE_CURVE ( 'NONE', #2400, #3592, #5262, .T. ) ;
#6502 = CARTESIAN_POINT ( 'NONE',  ( -19.35333301475379386, 25.34120187949698533, 990.1169558992322663 ) ) ;
#6503 = ORIENTED_EDGE ( 'NONE', *, *, #5687, .T. ) ;
#6504 = DIRECTION ( 'NONE',  ( -9.714342833239843336E-15, 0.000000000000000000, -1.000000000000000000 ) ) ;
#6505 = VECTOR ( 'NONE', #7547, 1000.000000000000000 ) ;
#6506 = CARTESIAN_POINT ( 'NONE',  ( -25.16568803128079423, 43.41098751466174832, 993.0573300521589317 ) ) ;
#6507 = CIRCLE ( 'NONE', #1866, 1.500000000000000222 ) ;
#6508 = CARTESIAN_POINT ( 'NONE',  ( -18.47297981228106778, -28.36553131374809666, 1003.301061203949416 ) ) ;
#6509 = CARTESIAN_POINT ( 'NONE',  ( -18.16855141260099415, -28.44704336643510345, 1002.435014724650841 ) ) ;
#6510 = FACE_OUTER_BOUND ( 'NONE', #4160, .T. ) ;
#6511 = DIRECTION ( 'NONE',  ( 0.7071067811865477948, -0.7071067811865472397, 0.000000000000000000 ) ) ;
#6512 = CARTESIAN_POINT ( 'NONE',  ( -24.15740996645098448, 44.52206366277464866, 989.8703397836313798 ) ) ;
#6513 = DIRECTION ( 'NONE',  ( 0.000000000000000000, 0.000000000000000000, -1.000000000000000000 ) ) ;
#6514 = ORIENTED_EDGE ( 'NONE', *, *, #3343, .T. ) ;
#6515 = ORIENTED_EDGE ( 'NONE', *, *, #2875, .F. ) ;
#6516 = VERTEX_POINT ( 'NONE', #10278 ) ;
#6517 = ADVANCED_FACE ( 'NONE', ( #4460 ), #8679, .T. ) ;
#6518 = ORIENTED_EDGE ( 'NONE', *, *, #9125, .T. ) ;
#6519 = ORIENTED_EDGE ( 'NONE', *, *, #2560, .T. ) ;
#6520 = CARTESIAN_POINT ( 'NONE',  ( -32.73742996701840013, 2.628868686766200558, 996.1464957773297328 ) ) ;
#6521 = ORIENTED_EDGE ( 'NONE', *, *, #4218, .T. ) ;
#6522 = FACE_OUTER_BOUND ( 'NONE', #3252, .T. ) ;
#6523 = LINE ( 'NONE', #5875, #3794 ) ;
#6524 = EDGE_CURVE ( 'NONE', #3799, #9798, #10122, .T. ) ;
#6525 = DIRECTION ( 'NONE',  ( -0.6039809190271706596, -0.7375738000291903740, 0.3019800307331506062 ) ) ;
#6526 = VECTOR ( 'NONE', #236, 1000.000000000000000 ) ;
#6527 = CARTESIAN_POINT ( 'NONE',  ( -9.667713004483886152, 27.08332287099070967, 988.0916604856245158 ) ) ;
#6528 = EDGE_CURVE ( 'NONE', #6094, #4710, #8568, .T. ) ;
#6529 = CARTESIAN_POINT ( 'NONE',  ( -12.46771300448399344, 38.02206337602792274, 1003.491660127191039 ) ) ;
#6530 = EDGE_CURVE ( 'NONE', #3432, #7848, #7053, .T. ) ;
#6531 = VERTEX_POINT ( 'NONE', #1161 ) ;
#6532 = EDGE_CURVE ( 'NONE', #7540, #8310, #7740, .T. ) ;
#6533 = ORIENTED_EDGE ( 'NONE', *, *, #7001, .F. ) ;
#6534 = CARTESIAN_POINT ( 'NONE',  ( -25.73755991949182942, -28.92488526017850248, 1002.803497576489917 ) ) ;
#6535 = ORIENTED_EDGE ( 'NONE', *, *, #6438, .F. ) ;
#6536 = ADVANCED_FACE ( 'NONE', ( #2793 ), #6833, .T. ) ;
#6537 = PLANE ( 'NONE',  #8716 ) ;
#6538 = DIRECTION ( 'NONE',  ( -0.000000000000000000, -1.000000000000000000, -0.000000000000000000 ) ) ;
#6539 = FACE_BOUND ( 'NONE', #3284, .T. ) ;
#6540 = ADVANCED_FACE ( 'NONE', ( #2091 ), #1279, .T. ) ;
#6541 = CARTESIAN_POINT ( 'NONE',  ( -26.01526669940126268, -27.57395293267190084, 1001.829902144777179 ) ) ;
#6542 = LINE ( 'NONE', #1588, #386 ) ;
#6543 = B_SPLINE_SURFACE_WITH_KNOTS ( 'NONE', 3, 3, ( 
 ( #468, #3966, #7054, #10495, #4679 ),
 ( #8736, #7213, #7262, #2206, #4623 ),
 ( #7963, #10331, #10548, #584, #3753 ),
 ( #9706, #3169, #2318, #2952, #7908 ),
 ( #5378, #8680, #524, #3806, #7112 ) ),
 .UNSPECIFIED., .F., .F., .F.,
 ( 4, 1, 4 ),
 ( 4, 1, 4 ),
 ( 0.000000000000000000, 0.5000000000000000000, 1.000000000000000000 ),
 ( 0.1644294758803599987, 0.2555928992429319924, 0.3771441303930270217 ),
 .UNSPECIFIED. ) ;
#6544 = ORIENTED_EDGE ( 'NONE', *, *, #8467, .F. ) ;
#6545 = CARTESIAN_POINT ( 'NONE',  ( -22.54459900273282713, 27.87763974395369715, 990.0778207250943979 ) ) ;
#6546 = ORIENTED_EDGE ( 'NONE', *, *, #1519, .F. ) ;
#6547 = ORIENTED_EDGE ( 'NONE', *, *, #4027, .T. ) ;
#6548 = AXIS2_PLACEMENT_3D ( 'NONE', #4407, #8391, #4355 ) ;
#6549 = CARTESIAN_POINT ( 'NONE',  ( -18.47297981228107133, -28.36553131374809666, 1002.895356596181841 ) ) ;
#6550 = SURFACE_SIDE_STYLE ('',( #8113 ) ) ;
#6551 = CARTESIAN_POINT ( 'NONE',  ( -33.69820614637730927, 33.56340317851060462, 983.4916601271910395 ) ) ;
#6552 = FACE_OUTER_BOUND ( 'NONE', #125, .T. ) ;
#6553 = EDGE_CURVE ( 'NONE', #7879, #3526, #8116, .T. ) ;
#6554 = VECTOR ( 'NONE', #8737, 1000.000000000000114 ) ;
#6555 = EDGE_LOOP ( 'NONE', ( #8672, #4672, #4361, #7206 ) ) ;
#6556 = CARTESIAN_POINT ( 'NONE',  ( -19.65845012524776791, 26.73773342925948882, 989.1552268606254756 ) ) ;
#6557 = VERTEX_POINT ( 'NONE', #6071 ) ;
#6558 = DIRECTION ( 'NONE',  ( -0.000000000000000000, -0.000000000000000000, -1.000000000000000000 ) ) ;
#6559 = AXIS2_PLACEMENT_3D ( 'NONE', #7895, #9582, #8719 ) ;
#6560 = VECTOR ( 'NONE', #6963, 1000.000000000000000 ) ;
#6561 = LINE ( 'NONE', #1709, #1228 ) ;
#6562 =( BOUNDED_CURVE ( )  B_SPLINE_CURVE ( 3, ( #6707, #6757, #9992, #6597 ),
 .UNSPECIFIED., .F., .F. ) 
 B_SPLINE_CURVE_WITH_KNOTS ( ( 4, 4 ),
 ( 3.141592653589793116, 3.260277531478370960 ),
 .UNSPECIFIED. ) 
 CURVE ( )  GEOMETRIC_REPRESENTATION_ITEM ( )  RATIONAL_B_SPLINE_CURVE ( ( 1.000000000000000000, 0.9988265027490239589, 0.9988265027490239589, 1.000000000000000000 ) ) 
 REPRESENTATION_ITEM ( '' )  );
#6563 = B_SPLINE_CURVE_WITH_KNOTS ( 'NONE', 3,
 ( #9497, #1074, #4371, #321, #2111, #2056, #3610, #1946, #5281, #2914, #6905, #6193, #9447 ),
 .UNSPECIFIED., .F., .F.,
 ( 4, 2, 2, 1, 2, 2, 4 ),
 ( 0.000000000000000000, 0.2500000000000119904, 0.3750000000000179856, 0.4375000000000197620, 0.4687500000000206501, 0.5000000000000215383, 1.000000000000000000 ),
 .UNSPECIFIED. ) ;
#6564 = CARTESIAN_POINT ( 'NONE',  ( -22.16818974859713620, 37.53953660251080038, 1008.284455954136206 ) ) ;
#6565 = DIRECTION ( 'NONE',  ( 1.000000000000000000, 0.000000000000000000, 0.000000000000000000 ) ) ;
#6566 = CARTESIAN_POINT ( 'NONE',  ( -15.36094339607847026, 32.14799194502003843, 1003.491660127191039 ) ) ;
#6567 = CARTESIAN_POINT ( 'NONE',  ( -28.13878081634929629, 20.35439068285614894, 1003.491660127191039 ) ) ;
#6568 = ADVANCED_FACE ( 'NONE', ( #6994 ), #8505, .T. ) ;
#6569 = EDGE_CURVE ( 'NONE', #2308, #5971, #7800, .T. ) ;
#6570 = VECTOR ( 'NONE', #7415, 1000.000000000000114 ) ;
#6571 = DIRECTION ( 'NONE',  ( 0.4472012402998730152, 0.000000000000000000, -0.8944333684932909145 ) ) ;
#6572 = VECTOR ( 'NONE', #403, 1000.000000000000000 ) ;
#6573 = EDGE_LOOP ( 'NONE', ( #1870, #9178, #8254, #2005 ) ) ;
#6574 = EDGE_LOOP ( 'NONE', ( #4165, #6955, #8817, #1803 ) ) ;
#6575 = ORIENTED_EDGE ( 'NONE', *, *, #5327, .T. ) ;
#6576 = ORIENTED_EDGE ( 'NONE', *, *, #2198, .T. ) ;
#6577 = ORIENTED_EDGE ( 'NONE', *, *, #3674, .T. ) ;
#6578 = CYLINDRICAL_SURFACE ( 'NONE', #7020, 1.750000000000015543 ) ;
#6579 = ORIENTED_EDGE ( 'NONE', *, *, #1868, .F. ) ;
#6580 = FACE_OUTER_BOUND ( 'NONE', #8063, .T. ) ;
#6581 = LINE ( 'NONE', #9882, #4665 ) ;
#6582 = AXIS2_PLACEMENT_3D ( 'NONE', #9408, #8823, #10363 ) ;
#6583 = EDGE_CURVE ( 'NONE', #3141, #1775, #715, .T. ) ;
#6584 = AXIS2_PLACEMENT_3D ( 'NONE', #5785, #3210, #10641 ) ;
#6585 = LINE ( 'NONE', #4760, #26 ) ;
#6586 = DIRECTION ( 'NONE',  ( 0.000000000000000000, 0.000000000000000000, -1.000000000000000000 ) ) ;
#6587 = CARTESIAN_POINT ( 'NONE',  ( -16.11734219845074634, 33.87212757196074620, 1003.491660127191039 ) ) ;
#6588 = ORIENTED_EDGE ( 'NONE', *, *, #8450, .F. ) ;
#6589 = DIRECTION ( 'NONE',  ( -0.000000000000000000, 0.000000000000000000, -1.000000000000000000 ) ) ;
#6590 = AXIS2_PLACEMENT_3D ( 'NONE', #92, #9914, #145 ) ;
#6591 = ORIENTED_EDGE ( 'NONE', *, *, #736, .F. ) ;
#6592 = CARTESIAN_POINT ( 'NONE',  ( -48.42013228982921191, -10.09156376103355512, 999.5133716006431541 ) ) ;
#6593 = ORIENTED_EDGE ( 'NONE', *, *, #5327, .F. ) ;
#6594 = EDGE_CURVE ( 'NONE', #1159, #3777, #6746, .T. ) ;
#6595 = CARTESIAN_POINT ( 'NONE',  ( -16.81842501921067878, 43.92206366277465435, 1003.491660127191039 ) ) ;
#6596 = EDGE_CURVE ( 'NONE', #6467, #9532, #3649, .T. ) ;
#6597 = CARTESIAN_POINT ( 'NONE',  ( -29.40912868209704101, 19.82819536793170556, 1002.221312261443359 ) ) ;
#6598 = DIRECTION ( 'NONE',  ( -2.312964634635826675E-15, 0.000000000000000000, -1.000000000000000000 ) ) ;
#6599 = DIRECTION ( 'NONE',  ( 0.000000000000000000, 0.000000000000000000, -1.000000000000000000 ) ) ;
#6600 = ADVANCED_FACE ( 'NONE', ( #10230 ), #6122, .F. ) ;
#6601 = FACE_OUTER_BOUND ( 'NONE', #1792, .T. ) ;
#6602 = CARTESIAN_POINT ( 'NONE',  ( -0.000000000000000000, 30.57414358537394250, 1003.491660127191039 ) ) ;
#6603 = CARTESIAN_POINT ( 'NONE',  ( -25.98436446749554918, -26.26587798602232127, 1000.977862958858623 ) ) ;
#6604 = ORIENTED_EDGE ( 'NONE', *, *, #3054, .F. ) ;
#6605 = CYLINDRICAL_SURFACE ( 'NONE', #2746, 2.700000000000035705 ) ;
#6606 = EDGE_LOOP ( 'NONE', ( #8050, #10395, #5359, #6632 ) ) ;
#6607 = ORIENTED_EDGE ( 'NONE', *, *, #1471, .F. ) ;
#6608 = DIRECTION ( 'NONE',  ( 1.000000000000000000, 0.000000000000000000, 0.000000000000000000 ) ) ;
#6609 = EDGE_CURVE ( 'NONE', #7492, #6805, #7663, .T. ) ;
#6610 = CARTESIAN_POINT ( 'NONE',  ( -0.3477130044840012202, -10.47773340385700358, 1000.991660127190926 ) ) ;
#6611 = DIRECTION ( 'NONE',  ( 1.000000000000000000, 0.000000000000000000, 0.000000000000000000 ) ) ;
#6612 = DIRECTION ( 'NONE',  ( -1.000000000000000000, 0.000000000000000000, 0.000000000000000000 ) ) ;
#6613 = EDGE_CURVE ( 'NONE', #3030, #6255, #3915, .T. ) ;
#6614 = ADVANCED_FACE ( 'NONE', ( #868 ), #583, .F. ) ;
#6615 = CARTESIAN_POINT ( 'NONE',  ( -21.78956735734837125, 27.60237224706111903, 989.7639974359508415 ) ) ;
#6616 = EDGE_LOOP ( 'NONE', ( #3254, #7478, #7904, #2819 ) ) ;
#6617 = CARTESIAN_POINT ( 'NONE',  ( -27.27588268430903895, -26.25791218717160191, 1000.991660127190926 ) ) ;
#6618 = DIRECTION ( 'NONE',  ( 1.000000000000000000, 0.000000000000000000, 0.000000000000000000 ) ) ;
#6619 = CARTESIAN_POINT ( 'NONE',  ( -27.33806087023164011, 14.82819536793180326, 1002.221312261443131 ) ) ;
#6620 = CARTESIAN_POINT ( 'NONE',  ( -14.73876742691468422, 31.17010954767318509, 1013.641658718408507 ) ) ;
#6621 = CARTESIAN_POINT ( 'NONE',  ( -26.88304718513469282, -26.62115429063990035, 1000.628224162629181 ) ) ;
#6622 = LINE ( 'NONE', #416, #8279 ) ;
#6623 = AXIS2_PLACEMENT_3D ( 'NONE', #4274, #70, #8156 ) ;
#6624 = CARTESIAN_POINT ( 'NONE',  ( -27.51795447798598815, 43.92206366277465435, 1008.566659422781527 ) ) ;
#6625 = ORIENTED_EDGE ( 'NONE', *, *, #10293, .T. ) ;
#6626 = ORIENTED_EDGE ( 'NONE', *, *, #3047, .F. ) ;
#6627 = ORIENTED_EDGE ( 'NONE', *, *, #8385, .T. ) ;
#6628 = EDGE_LOOP ( 'NONE', ( #6159, #10406, #8330, #5617, #4056, #4778 ) ) ;
#6629 = CARTESIAN_POINT ( 'NONE',  ( -20.26762206049559012, -28.66842308960519503, 1000.997728599540437 ) ) ;
#6630 =( BOUNDED_CURVE ( )  B_SPLINE_CURVE ( 3, ( #9905, #81, #735, #5797 ),
 .UNSPECIFIED., .F., .T. ) 
 B_SPLINE_CURVE_WITH_KNOTS ( ( 4, 4 ),
 ( 3.141592653589788675, 4.015349885432563326 ),
 .UNSPECIFIED. ) 
 CURVE ( )  GEOMETRIC_REPRESENTATION_ITEM ( )  RATIONAL_B_SPLINE_CURVE ( ( 1.000000000000000000, 0.9373845161427669659, 0.9373845161427669659, 1.000000000000000000 ) ) 
 REPRESENTATION_ITEM ( '' )  );
#6631 = CIRCLE ( 'NONE', #1489, 1.650000000000000355 ) ;
#6632 = ORIENTED_EDGE ( 'NONE', *, *, #8867, .F. ) ;
#6633 = FACE_OUTER_BOUND ( 'NONE', #9674, .T. ) ;
#6634 = LINE ( 'NONE', #2438, #5160 ) ;
#6635 = CARTESIAN_POINT ( 'NONE',  ( -18.77192703741041058, -28.38675282576980052, 1001.826233603133801 ) ) ;
#6636 = B_SPLINE_SURFACE_WITH_KNOTS ( 'NONE', 3, 3, ( 
 ( #6247, #9718, #4994, #8334, #3230, #2422 ),
 ( #8963, #9966, #1711, #4134, #5698, #8282 ),
 ( #7417, #6509, #1662, #4245, #9913, #743 ),
 ( #9811, #948, #8178, #2479, #3332, #5754 ),
 ( #10659, #1770, #4941, #9867, #9014, #894 ) ),
 .UNSPECIFIED., .F., .F., .F.,
 ( 4, 1, 4 ),
 ( 4, 1, 1, 4 ),
 ( 0.000000000000000000, 0.5714285714285709528, 1.000000000000000000 ),
 ( -1.570796326794899889, -0.8975979010256550650, -0.4487989505128269774, 1.249000902703299875E-16 ),
 .UNSPECIFIED. ) ;
#6637 = FACE_OUTER_BOUND ( 'NONE', #10025, .T. ) ;
#6638 = AXIS2_PLACEMENT_3D ( 'NONE', #7039, #508, #2882 ) ;
#6639 = DIRECTION ( 'NONE',  ( 0.000000000000000000, 0.000000000000000000, 1.000000000000000000 ) ) ;
#6640 = ORIENTED_EDGE ( 'NONE', *, *, #4707, .T. ) ;
#6641 = DIRECTION ( 'NONE',  ( -1.000000000000000000, 8.610631171821409859E-18, -6.540423713652249098E-17 ) ) ;
#6642 = VERTEX_POINT ( 'NONE', #3964 ) ;
#6643 = CARTESIAN_POINT ( 'NONE',  ( -25.11771300448399558, 26.01981126762198571, 992.0329098013194198 ) ) ;
#6644 = VERTEX_POINT ( 'NONE', #2316 ) ;
#6645 = EDGE_CURVE ( 'NONE', #22, #9620, #9130, .T. ) ;
#6646 = ORIENTED_EDGE ( 'NONE', *, *, #1115, .T. ) ;
#6647 = LINE ( 'NONE', #9936, #6648 ) ;
#6648 = VECTOR ( 'NONE', #2551, 1000.000000000000114 ) ;
#6649 = DIRECTION ( 'NONE',  ( 1.000000000000000000, 0.000000000000000000, 0.000000000000000000 ) ) ;
#6650 = CARTESIAN_POINT ( 'NONE',  ( -25.35522196965835207, 26.18747195133968120, 987.4257333798889249 ) ) ;
#6651 = CARTESIAN_POINT ( 'NONE',  ( -9.667713004483893258, 44.52206366277465577, 995.9916601271909258 ) ) ;
#6652 = DIRECTION ( 'NONE',  ( 1.000000000000000000, -0.000000000000000000, 0.000000000000000000 ) ) ;
#6653 = DIRECTION ( 'NONE',  ( 0.000000000000000000, 0.000000000000000000, 1.000000000000000000 ) ) ;
#6654 = CARTESIAN_POINT ( 'NONE',  ( -10.26771300448410607, 44.52206366277465577, 1003.491660127191039 ) ) ;
#6655 = CARTESIAN_POINT ( 'NONE',  ( -26.86771287334993374, 43.02206287596968792, 995.9916601271909258 ) ) ;
#6656 = VECTOR ( 'NONE', #4975, 1000.000000000000114 ) ;
#6657 = EDGE_LOOP ( 'NONE', ( #3188, #5425, #861, #9728 ) ) ;
#6658 = CARTESIAN_POINT ( 'NONE',  ( -19.31755139363924911, 26.05339869864173608, 985.0416601271911077 ) ) ;
#6659 = ORIENTED_EDGE ( 'NONE', *, *, #1733, .F. ) ;
#6660 = ORIENTED_EDGE ( 'NONE', *, *, #4238, .T. ) ;
#6661 = EDGE_CURVE ( 'NONE', #7283, #1685, #4622, .T. ) ;
#6662 = CARTESIAN_POINT ( 'NONE',  ( -18.47297981228107133, -28.44116047364390099, 1002.594069459945786 ) ) ;
#6663 = CARTESIAN_POINT ( 'NONE',  ( -25.11771300448399558, 28.82331652185670734, 990.4967391547376110 ) ) ;
#6664 = AXIS2_PLACEMENT_3D ( 'NONE', #1710, #4191, #5855 ) ;
#6665 = EDGE_CURVE ( 'NONE', #6789, #5370, #5703, .T. ) ;
#6666 = CARTESIAN_POINT ( 'NONE',  ( -14.11771300448399380, 29.47981022745160828, 995.9916601271909258 ) ) ;
#6667 = CARTESIAN_POINT ( 'NONE',  ( -10.81771300448399309, 38.02206337602792274, 991.3247553713597426 ) ) ;
#6668 = EDGE_CURVE ( 'NONE', #9283, #3114, #7907, .T. ) ;
#6669 = VECTOR ( 'NONE', #1658, 1000.000000000000000 ) ;
#6670 = VERTEX_POINT ( 'NONE', #5782 ) ;
#6671 = CARTESIAN_POINT ( 'NONE',  ( -19.63780563478063712, 27.35354762847746457, 989.9324236097426137 ) ) ;
#6672 = VERTEX_POINT ( 'NONE', #3064 ) ;
#6673 = CARTESIAN_POINT ( 'NONE',  ( -26.22882530723489936, -26.82228369890554731, 1001.317500171413371 ) ) ;
#6674 = DIRECTION ( 'NONE',  ( -0.000000000000000000, 0.000000000000000000, 1.000000000000000000 ) ) ;
#6675 = DIRECTION ( 'NONE',  ( 1.000000000000000000, 0.000000000000000000, 0.000000000000000000 ) ) ;
#6676 = CARTESIAN_POINT ( 'NONE',  ( -3.680062778940094592, -3.680062778940083934, 987.4916601271910395 ) ) ;
#6677 = CARTESIAN_POINT ( 'NONE',  ( -26.43109307433477895, -26.77237134899589677, 1002.032442373070012 ) ) ;
#6678 = CIRCLE ( 'NONE', #296, 13.37999999999999901 ) ;
#6679 = DIRECTION ( 'NONE',  ( -1.000000000000000000, 0.000000000000000000, 0.000000000000000000 ) ) ;
#6680 = EDGE_CURVE ( 'NONE', #5288, #7954, #9088, .T. ) ;
#6681 = CARTESIAN_POINT ( 'NONE',  ( -23.66271300448400083, -28.70124835607409963, 1001.016680275972590 ) ) ;
#6682 = VERTEX_POINT ( 'NONE', #67 ) ;
#6683 = ORIENTED_EDGE ( 'NONE', *, *, #5101, .F. ) ;
#6684 = ORIENTED_EDGE ( 'NONE', *, *, #2988, .F. ) ;
#6685 = ORIENTED_EDGE ( 'NONE', *, *, #10490, .T. ) ;
#6686 = AXIS2_PLACEMENT_3D ( 'NONE', #3931, #9616, #9559 ) ;
#6687 = ORIENTED_EDGE ( 'NONE', *, *, #7757, .T. ) ;
#6688 = CARTESIAN_POINT ( 'NONE',  ( -9.967713004483947259, 27.12474473412938636, 983.4916601271910395 ) ) ;
#6689 = CIRCLE ( 'NONE', #9105, 1.650000000000000355 ) ;
#6690 = ORIENTED_EDGE ( 'NONE', *, *, #8233, .F. ) ;
#6691 = PLANE ( 'NONE',  #5091 ) ;
#6692 = LINE ( 'NONE', #8347, #1902 ) ;
#6693 = PLANE ( 'NONE',  #4863 ) ;
#6694 = FACE_OUTER_BOUND ( 'NONE', #5513, .T. ) ;
#6695 = VECTOR ( 'NONE', #8007, 1000.000000000000000 ) ;
#6696 = EDGE_CURVE ( 'NONE', #8276, #1907, #1453, .T. ) ;
#6697 = DIRECTION ( 'NONE',  ( 0.000000000000000000, -1.000000000000000000, 0.000000000000000000 ) ) ;
#6698 =( BOUNDED_CURVE ( )  B_SPLINE_CURVE ( 3, ( #4997, #9170, #1001, #951 ),
 .UNSPECIFIED., .F., .T. ) 
 B_SPLINE_CURVE_WITH_KNOTS ( ( 4, 4 ),
 ( 6.164500429291014605, 6.283185307179586232 ),
 .UNSPECIFIED. ) 
 CURVE ( )  GEOMETRIC_REPRESENTATION_ITEM ( )  RATIONAL_B_SPLINE_CURVE ( ( 1.000000000000000000, 0.9988265027490239589, 0.9988265027490239589, 1.000000000000000000 ) ) 
 REPRESENTATION_ITEM ( '' )  );
#6699 = ORIENTED_EDGE ( 'NONE', *, *, #7992, .F. ) ;
#6700 = CARTESIAN_POINT ( 'NONE',  ( -25.04602709834073337, 25.74113753847543151, 988.1718718732613524 ) ) ;
#6701 = VERTEX_POINT ( 'NONE', #5541 ) ;
#6702 = CARTESIAN_POINT ( 'NONE',  ( -22.02950403338758889, 28.01676547630543013, 990.2075151606256895 ) ) ;
#6703 = ORIENTED_EDGE ( 'NONE', *, *, #7139, .T. ) ;
#6704 = VERTEX_POINT ( 'NONE', #4678 ) ;
#6705 = CIRCLE ( 'NONE', #9806, 4.250000000000003553 ) ;
#6706 = DIRECTION ( 'NONE',  ( 0.000000000000000000, 0.000000000000000000, -1.000000000000000000 ) ) ;
#6707 = CARTESIAN_POINT ( 'NONE',  ( -30.19664519261851154, 20.71519878427751493, 1002.291660127190994 ) ) ;
#6708 = FACE_OUTER_BOUND ( 'NONE', #8309, .T. ) ;
#6709 = LINE ( 'NONE', #10045, #3905 ) ;
#6710 = LINE ( 'NONE', #7397, #3626 ) ;
#6711 = DIRECTION ( 'NONE',  ( 0.000000000000000000, -0.9810282013757308794, -0.1938650770652064759 ) ) ;
#6712 = CARTESIAN_POINT ( 'NONE',  ( -19.27667571287808812, -28.00309464709624052, 1000.987237315995571 ) ) ;
#6713 = ADVANCED_FACE ( 'NONE', ( #631 ), #1689, .T. ) ;
#6714 = EDGE_LOOP ( 'NONE', ( #3708, #3144, #4904, #5589, #8886 ) ) ;
#6715 = CARTESIAN_POINT ( 'NONE',  ( -16.21842501921067381, 44.52206366277465577, 1003.491660127191039 ) ) ;
#6716 = ORIENTED_EDGE ( 'NONE', *, *, #8110, .F. ) ;
#6717 = EDGE_LOOP ( 'NONE', ( #5439, #6685, #6184, #8412, #1458 ) ) ;
#6718 = CARTESIAN_POINT ( 'NONE',  ( -18.47297981228107133, -28.33595698023030351, 1002.620336641251811 ) ) ;
#6719 = CARTESIAN_POINT ( 'NONE',  ( -18.58765022554398527, 18.58765022554397817, 987.4916601271910395 ) ) ;
#6720 = CIRCLE ( 'NONE', #1554, 2.550000000000001155 ) ;
#6721 = CARTESIAN_POINT ( 'NONE',  ( -16.61842683857610936, 44.12206184340922022, 1008.571930773453801 ) ) ;
#6722 = LINE ( 'NONE', #7410, #557 ) ;
#6723 = CARTESIAN_POINT ( 'NONE',  ( -21.08165264545434425, 27.22050958867432868, 989.0420600262550579 ) ) ;
#6724 = ORIENTED_EDGE ( 'NONE', *, *, #6553, .F. ) ;
#6725 = CARTESIAN_POINT ( 'NONE',  ( -17.27861767389349268, 32.08149128839088604, 983.7916601271909940 ) ) ;
#6726 = ADVANCED_FACE ( 'NONE', ( #8902 ), #1499, .T. ) ;
#6727 = DIRECTION ( 'NONE',  ( 0.4999999999999399369, 0.4999999999999383826, -0.7071067811866336150 ) ) ;
#6728 = DIRECTION ( 'NONE',  ( -1.000000000000000000, 9.384709249945999256E-17, -5.418264411722749480E-17 ) ) ;
#6729 = DIRECTION ( 'NONE',  ( -1.000000000000000000, 0.000000000000000000, 0.000000000000000000 ) ) ;
#6730 = CARTESIAN_POINT ( 'NONE',  ( -24.32385281493770179, -27.85917282956170027, 1000.422380828711198 ) ) ;
#6731 = VECTOR ( 'NONE', #2491, 1000.000000000000000 ) ;
#6732 = CYLINDRICAL_SURFACE ( 'NONE', #2609, 2.250000000000001776 ) ;
#6733 = ADVANCED_FACE ( 'NONE', ( #3805 ), #4731, .F. ) ;
#6734 = VERTEX_POINT ( 'NONE', #7261 ) ;
#6735 = ORIENTED_EDGE ( 'NONE', *, *, #10154, .F. ) ;
#6736 = ORIENTED_EDGE ( 'NONE', *, *, #4637, .T. ) ;
#6738 = ORIENTED_EDGE ( 'NONE', *, *, #2177, .F. ) ;
#6737 = AXIS2_PLACEMENT_3D ( 'NONE', #5253, #5308, #8494 ) ;
#6739 = CARTESIAN_POINT ( 'NONE',  ( 0.000000000000000000, 0.000000000000000000, 983.4916601271910395 ) ) ;
#6740 = EDGE_CURVE ( 'NONE', #4094, #363, #9596, .T. ) ;
#6741 = ORIENTED_EDGE ( 'NONE', *, *, #9054, .F. ) ;
#6742 = DIRECTION ( 'NONE',  ( 1.000000000000000000, 0.000000000000000000, 0.000000000000000000 ) ) ;
#6743 = DIRECTION ( 'NONE',  ( -1.000000000000000000, 0.000000000000000000, 0.000000000000000000 ) ) ;
#6744 = CARTESIAN_POINT ( 'NONE',  ( -18.77074107202266262, -28.38702539933089852, 1001.827734168668940 ) ) ;
#6745 = DIRECTION ( 'NONE',  ( 0.000000000000000000, 0.000000000000000000, 1.000000000000000000 ) ) ;
#6746 = CIRCLE ( 'NONE', #2102, 2.699999999999996181 ) ;
#6747 = LINE ( 'NONE', #1628, #9279 ) ;
#6748 = EDGE_LOOP ( 'NONE', ( #3600, #5641, #8544, #605 ) ) ;
#6749 = FACE_OUTER_BOUND ( 'NONE', #6573, .T. ) ;
#6750 = EDGE_CURVE ( 'NONE', #2186, #490, #5491, .T. ) ;
#6751 = EDGE_LOOP ( 'NONE', ( #2473, #6518, #5668, #9700, #5414 ) ) ;
#6752 = PLANE ( 'NONE',  #991 ) ;
#6753 = VECTOR ( 'NONE', #3006, 1000.000000000000000 ) ;
#6754 = ORIENTED_EDGE ( 'NONE', *, *, #8431, .F. ) ;
#6755 = VECTOR ( 'NONE', #7691, 1000.000000000000000 ) ;
#6756 = CARTESIAN_POINT ( 'NONE',  ( -17.66771300448388615, 44.52206366277465577, 995.9916601271909258 ) ) ;
#6757 = CARTESIAN_POINT ( 'NONE',  ( -29.91673794035162715, 20.43529153201062343, 1002.291660127190994 ) ) ;
#6758 = LINE ( 'NONE', #8537, #6924 ) ;
#6759 = DIRECTION ( 'NONE',  ( 0.4472012402998730152, 0.000000000000000000, 0.8944333684932909145 ) ) ;
#6760 = CARTESIAN_POINT ( 'NONE',  ( -32.06771300448400552, 29.52206337602792630, 987.6916601271909713 ) ) ;
#6761 = DIRECTION ( 'NONE',  ( -1.000000000000000000, 0.000000000000000000, 0.000000000000000000 ) ) ;
#6762 = CARTESIAN_POINT ( 'NONE',  ( -20.87271300448400169, -28.26499943599120002, 1000.764811844528936 ) ) ;
#6763 = VECTOR ( 'NONE', #10563, 1000.000000000000000 ) ;
#6764 = CARTESIAN_POINT ( 'NONE',  ( -2.097713004484013766, -10.47773340385700003, 995.9916601271909258 ) ) ;
#6765 = VERTEX_POINT ( 'NONE', #6232 ) ;
#6766 = DIRECTION ( 'NONE',  ( -0.000000000000000000, -0.000000000000000000, -1.000000000000000000 ) ) ;
#6767 = VERTEX_POINT ( 'NONE', #10439 ) ;
#6768 = EDGE_LOOP ( 'NONE', ( #5511, #4853, #2978, #6242 ) ) ;
#6769 = LINE ( 'NONE', #8376, #9273 ) ;
#6770 = CARTESIAN_POINT ( 'NONE',  ( -29.40912868209696285, 19.82819536793160609, 997.2620079929384929 ) ) ;
#6771 = VECTOR ( 'NONE', #586, 1000.000000000000000 ) ;
#6772 = CARTESIAN_POINT ( 'NONE',  ( -16.41842669928428933, 44.32206198270104380, 1008.577054977070475 ) ) ;
#6773 = CARTESIAN_POINT ( 'NONE',  ( -20.09851771774150109, -27.75452192318660138, 999.6274782762120594 ) ) ;
#6774 = VERTEX_POINT ( 'NONE', #8851 ) ;
#6775 = CARTESIAN_POINT ( 'NONE',  ( -34.56771264605069405, 44.42206330434124339, 983.4916601271910395 ) ) ;
#6776 = ORIENTED_EDGE ( 'NONE', *, *, #2177, .T. ) ;
#6777 = CARTESIAN_POINT ( 'NONE',  ( -19.41771300447202009, 27.97343314926720126, 990.2745164701585736 ) ) ;
#6778 = EDGE_CURVE ( 'NONE', #8993, #10301, #7610, .T. ) ;
#6779 = B_SPLINE_CURVE_WITH_KNOTS ( 'NONE', 3,
 ( #10412, #7825, #496, #8703 ),
 .UNSPECIFIED., .F., .F.,
 ( 4, 4 ),
 ( 0.000000000000000000, 1.000000000000000000 ),
 .UNSPECIFIED. ) ;
#6780 = CARTESIAN_POINT ( 'NONE',  ( -24.26771282526732065, 31.55192719449870253, 986.5916604856245158 ) ) ;
#6781 = CARTESIAN_POINT ( 'NONE',  ( -17.75529372341922496, -26.38160309222376654, 1001.060781001104260 ) ) ;
#6782 = CARTESIAN_POINT ( 'NONE',  ( -24.26771282526732421, -29.28509524987408952, 986.5916604856245158 ) ) ;
#6783 = CARTESIAN_POINT ( 'NONE',  ( -23.66271300448400083, -28.11384948897169878, 1000.677545381929235 ) ) ;
#6784 = LINE ( 'NONE', #10072, #359 ) ;
#6785 = DIRECTION ( 'NONE',  ( -1.000000000000000000, 0.000000000000000000, 0.000000000000000000 ) ) ;
#6786 = ORIENTED_EDGE ( 'NONE', *, *, #2800, .T. ) ;
#6787 = VERTEX_POINT ( 'NONE', #279 ) ;
#6788 = EDGE_LOOP ( 'NONE', ( #5683, #3187, #6468, #763 ) ) ;
#6789 = VERTEX_POINT ( 'NONE', #9301 ) ;
#6790 = DIRECTION ( 'NONE',  ( 0.000000000000000000, 0.000000000000000000, -1.000000000000000000 ) ) ;
#6791 = EDGE_CURVE ( 'NONE', #2006, #9976, #8417, .T. ) ;
#6792 = VERTEX_POINT ( 'NONE', #3413 ) ;
#6793 = DIRECTION ( 'NONE',  ( -0.000000000000000000, 0.000000000000000000, 1.000000000000000000 ) ) ;
#6794 = EDGE_CURVE ( 'NONE', #6041, #4649, #4221, .T. ) ;
#6795 = AXIS2_PLACEMENT_3D ( 'NONE', #7226, #8130, #8870 ) ;
#6796 = DIRECTION ( 'NONE',  ( 0.000000000000000000, 0.000000000000000000, 1.000000000000000000 ) ) ;
#6797 = DIRECTION ( 'NONE',  ( 0.000000000000000000, 0.000000000000000000, -1.000000000000000000 ) ) ;
#6798 = DIRECTION ( 'NONE',  ( 0.09832490810080235510, -0.9951543661397304064, 0.000000000000000000 ) ) ;
#6799 = CARTESIAN_POINT ( 'NONE',  ( -44.18771300448401718, -10.47773340385699647, 997.9916601271909258 ) ) ;
#6800 = EDGE_CURVE ( 'NONE', #7457, #1249, #5028, .T. ) ;
#6801 = B_SPLINE_CURVE_WITH_KNOTS ( 'NONE', 3,
 ( #5450, #8754, #4642, #4329 ),
 .UNSPECIFIED., .F., .F.,
 ( 4, 4 ),
 ( 0.000000000000000000, 1.000000000000000000 ),
 .UNSPECIFIED. ) ;
#6802 = FACE_OUTER_BOUND ( 'NONE', #6884, .T. ) ;
#6803 = ADVANCED_FACE ( 'NONE', ( #5833 ), #10149, .F. ) ;
#6804 = CARTESIAN_POINT ( 'NONE',  ( -34.86771300448391742, 22.70910916343019892, 1003.491660127191039 ) ) ;
#6805 = VERTEX_POINT ( 'NONE', #5075 ) ;
#6806 = CARTESIAN_POINT ( 'NONE',  ( -24.92589063340733802, 27.47461582883228104, 990.0063072504574393 ) ) ;
#6807 = VERTEX_POINT ( 'NONE', #4326 ) ;
#6808 = ORIENTED_EDGE ( 'NONE', *, *, #3880, .T. ) ;
#6809 = CARTESIAN_POINT ( 'NONE',  ( -12.46771300448399344, 29.47981022745160828, 995.9916601271909258 ) ) ;
#6810 = CARTESIAN_POINT ( 'NONE',  ( -26.01526669940126268, -27.57395293267190084, 1001.829902144777179 ) ) ;
#6811 = CARTESIAN_POINT ( 'NONE',  ( -26.01526669940126268, -27.57395293267190084, 1001.829902144777179 ) ) ;
#6812 = DIRECTION ( 'NONE',  ( 0.000000000000000000, 0.000000000000000000, 1.000000000000000000 ) ) ;
#6813 = DIRECTION ( 'NONE',  ( -1.000000000000000000, 0.000000000000000000, 0.000000000000000000 ) ) ;
#6814 = CARTESIAN_POINT ( 'NONE',  ( -25.68736385283332879, -28.91640660810790209, 1002.634249740968130 ) ) ;
#6815 = DIRECTION ( 'NONE',  ( -0.000000000000000000, -0.000000000000000000, -1.000000000000000000 ) ) ;
#6816 = ADVANCED_FACE ( 'NONE', ( #5187 ), #5130, .T. ) ;
#6817 = ORIENTED_EDGE ( 'NONE', *, *, #2977, .T. ) ;
#6818 = CARTESIAN_POINT ( 'NONE',  ( -42.36939829747710462, -7.696681776287260135, 1000.991660127190926 ) ) ;
#6819 = ORIENTED_EDGE ( 'NONE', *, *, #2066, .T. ) ;
#6820 = CONICAL_SURFACE ( 'NONE', #8545, 3.298060944848545173, 0.7853981633975860577 ) ;
#6821 = EDGE_LOOP ( 'NONE', ( #6174, #10196, #2507, #4454, #10315, #3763 ) ) ;
#6822 =( NAMED_UNIT ( * ) SI_UNIT ( $, .STERADIAN. ) SOLID_ANGLE_UNIT ( ) );
#6823 = DIRECTION ( 'NONE',  ( 1.000000000000000000, 0.000000000000000000, 0.000000000000000000 ) ) ;
#6824 = LINE ( 'NONE', #1151, #3159 ) ;
#6825 = CARTESIAN_POINT ( 'NONE',  ( -17.58167344861234227, -26.65137653044540045, 1000.598172259653552 ) ) ;
#6826 = AXIS2_PLACEMENT_3D ( 'NONE', #10134, #1942, #2698 ) ;
#6827 = B_SPLINE_CURVE_WITH_KNOTS ( 'NONE', 3,
 ( #9063, #5806, #2579, #8229, #4844, #37, #6620 ),
 .UNSPECIFIED., .F., .F.,
 ( 4, 1, 1, 1, 4 ),
 ( 0.001138554953428892865, 0.2499995826736977345, 0.4999991653473955244, 0.7499987480210932311, 0.9038805710112198799 ),
 .UNSPECIFIED. ) ;
#6828 = VERTEX_POINT ( 'NONE', #7556 ) ;
#6829 = CARTESIAN_POINT ( 'NONE',  ( -23.66271300448400083, -26.85791218717160334, 999.9524296426495766 ) ) ;
#6830 = EDGE_LOOP ( 'NONE', ( #3000, #7092, #3788, #260 ) ) ;
#6831 = CARTESIAN_POINT ( 'NONE',  ( -34.86771300448391742, 43.92206366277464724, 1013.641658718408507 ) ) ;
#6832 = VECTOR ( 'NONE', #10279, 1000.000000000000000 ) ;
#6833 = CYLINDRICAL_SURFACE ( 'NONE', #7263, 0.6000000000000008660 ) ;
#6834 = CARTESIAN_POINT ( 'NONE',  ( -18.04076419836422929, -26.55186151986261933, 1001.161382141958939 ) ) ;
#6835 = DIRECTION ( 'NONE',  ( 1.000000000000000000, 0.000000000000000000, 0.000000000000000000 ) ) ;
#6836 = FACE_OUTER_BOUND ( 'NONE', #7330, .T. ) ;
#6837 = CARTESIAN_POINT ( 'NONE',  ( -25.46244619668694043, -27.28746928461670151, 1001.586075194547107 ) ) ;
#6838 = VECTOR ( 'NONE', #1671, 1000.000000000000000 ) ;
#6839 = AXIS2_PLACEMENT_3D ( 'NONE', #5805, #10658, #9062 ) ;
#6840 = ADVANCED_FACE ( 'NONE', ( #6708 ), #3519, .F. ) ;
#6841 = ORIENTED_EDGE ( 'NONE', *, *, #910, .F. ) ;
#6842 = ORIENTED_EDGE ( 'NONE', *, *, #8852, .T. ) ;
#6843 = ORIENTED_EDGE ( 'NONE', *, *, #4621, .F. ) ;
#6844 = VERTEX_POINT ( 'NONE', #3466 ) ;
#6845 = CARTESIAN_POINT ( 'NONE',  ( -24.26771282526732421, 26.25339869864176023, 987.4916601271910395 ) ) ;
#6846 = VERTEX_POINT ( 'NONE', #9140 ) ;
#6847 = AXIS2_PLACEMENT_3D ( 'NONE', #7459, #9900, #8163 ) ;
#6848 = LINE ( 'NONE', #2753, #6222 ) ;
#6849 = PLANE ( 'NONE',  #6826 ) ;
#6850 = CARTESIAN_POINT ( 'NONE',  ( -14.40629298737536068, 4.136190735689398323, 998.0463697365294138 ) ) ;
#6851 = CARTESIAN_POINT ( 'NONE',  ( -18.47297981228109975, -28.42613140315630105, 1002.597821914417864 ) ) ;
#6852 = CARTESIAN_POINT ( 'NONE',  ( -17.64951301883947110, 2.631056759982994375, 1000.991660127191153 ) ) ;
#6853 = EDGE_CURVE ( 'NONE', #7314, #7842, #6758, .T. ) ;
#6854 =( NAMED_UNIT ( * ) SI_UNIT ( $, .STERADIAN. ) SOLID_ANGLE_UNIT ( ) );
#6855 = AXIS2_PLACEMENT_3D ( 'NONE', #57, #6639, #9929 ) ;
#6856 = CARTESIAN_POINT ( 'NONE',  ( -26.06295680632291933, -27.99269036113967957, 1002.504137695181498 ) ) ;
#6857 = VERTEX_POINT ( 'NONE', #7498 ) ;
#6858 = CARTESIAN_POINT ( 'NONE',  ( -25.76292371106066170, -28.38763417934549693, 1001.826091597327832 ) ) ;
#6859 = EDGE_LOOP ( 'NONE', ( #7606, #10450, #5139, #6260 ) ) ;
#6861 = EDGE_CURVE ( 'NONE', #3032, #6557, #2971, .T. ) ;
#6860 = ORIENTED_EDGE ( 'NONE', *, *, #4878, .F. ) ;
#6862 = DIRECTION ( 'NONE',  ( -1.000000000000000000, 0.000000000000000000, 0.000000000000000000 ) ) ;
#6863 = CARTESIAN_POINT ( 'NONE',  ( -26.06244619668709817, -27.84922486195315017, 1002.183166383214825 ) ) ;
#6864 = CARTESIAN_POINT ( 'NONE',  ( -22.16818974859713620, 44.52206366277465577, 1008.284455954136206 ) ) ;
#6865 = ADVANCED_FACE ( 'NONE', ( #10044 ), #8479, .T. ) ;
#6866 = CARTESIAN_POINT ( 'NONE',  ( -18.46771297646895604, 44.52206366277465577, 988.0916604856245158 ) ) ;
#6867 = LINE ( 'NONE', #8420, #937 ) ;
#6868 = EDGE_CURVE ( 'NONE', #8240, #6092, #4969, .T. ) ;
#6869 = EDGE_CURVE ( 'NONE', #3734, #5162, #6385, .T. ) ;
#6870 = ORIENTED_EDGE ( 'NONE', *, *, #10595, .T. ) ;
#6871 = DIRECTION ( 'NONE',  ( 0.000000000000000000, 0.000000000000000000, -1.000000000000000000 ) ) ;
#6872 = EDGE_LOOP ( 'NONE', ( #4779, #2252, #6118, #531, #6928 ) ) ;
#6873 = EDGE_LOOP ( 'NONE', ( #8897, #1243, #3289, #2943 ) ) ;
#6874 = PRESENTATION_STYLE_ASSIGNMENT (( #1910 ) ) ;
#6875 = EDGE_CURVE ( 'NONE', #1276, #5443, #5940, .T. ) ;
#6876 = CARTESIAN_POINT ( 'NONE',  ( -26.06244619668694185, -28.25791218717139941, 1003.301061203949416 ) ) ;
#6877 = FACE_OUTER_BOUND ( 'NONE', #2032, .T. ) ;
#6878 = CARTESIAN_POINT ( 'NONE',  ( -28.71577430776599016, 26.01981126762374430, 983.4916601271910395 ) ) ;
#6879 = CYLINDRICAL_SURFACE ( 'NONE', #716, 18.37999999999999901 ) ;
#6880 = VERTEX_POINT ( 'NONE', #9243 ) ;
#6881 = DIRECTION ( 'NONE',  ( 0.000000000000000000, 0.000000000000000000, -1.000000000000000000 ) ) ;
#6882 = FACE_OUTER_BOUND ( 'NONE', #3602, .T. ) ;
#6883 = CONICAL_SURFACE ( 'NONE', #8251, 1.649999999999998579, 0.7853981633975616328 ) ;
#6884 = EDGE_LOOP ( 'NONE', ( #7293, #2604, #1965, #4898, #479, #8215, #7862, #4070, #6593, #3500 ) ) ;
#6885 = CARTESIAN_POINT ( 'NONE',  ( -19.41771300448399629, 26.87358669062386340, 992.6701528649078909 ) ) ;
#6886 = DIRECTION ( 'NONE',  ( 4.958996176659044906E-15, -0.8660254037844389297, 0.4999999999999994449 ) ) ;
#6887 = FACE_OUTER_BOUND ( 'NONE', #3556, .T. ) ;
#6888 = CARTESIAN_POINT ( 'NONE',  ( -10.81771300448399309, 29.47981022745160828, 995.9916601271909258 ) ) ;
#6889 = DIRECTION ( 'NONE',  ( 1.000000000000000000, 0.000000000000000000, 0.000000000000000000 ) ) ;
#6890 = CARTESIAN_POINT ( 'NONE',  ( -48.42013228982921191, -10.09156376103355512, 999.5133716006431541 ) ) ;
#6891 = DIRECTION ( 'NONE',  ( 0.6503703809727728880, -0.7596172506949340208, 0.000000000000000000 ) ) ;
#6892 = VECTOR ( 'NONE', #8691, 1000.000000000000000 ) ;
#6893 = ORIENTED_EDGE ( 'NONE', *, *, #6553, .T. ) ;
#6894 = ORIENTED_EDGE ( 'NONE', *, *, #3101, .F. ) ;
#6895 = ORIENTED_EDGE ( 'NONE', *, *, #2129, .F. ) ;
#6896 = FACE_OUTER_BOUND ( 'NONE', #6015, .T. ) ;
#6897 = VERTEX_POINT ( 'NONE', #1846 ) ;
#6898 = CIRCLE ( 'NONE', #6548, 1.850000000000025180 ) ;
#6899 = CARTESIAN_POINT ( 'NONE',  ( -20.06771282526728939, 27.60339869864173679, 983.4916601271910395 ) ) ;
#6900 = EDGE_CURVE ( 'NONE', #4662, #6969, #1084, .T. ) ;
#6901 = EDGE_CURVE ( 'NONE', #275, #7863, #203, .T. ) ;
#6902 = CYLINDRICAL_SURFACE ( 'NONE', #3898, 3.498060944848585763 ) ;
#6903 = LINE ( 'NONE', #8634, #3960 ) ;
#6904 = DIRECTION ( 'NONE',  ( -0.7071067811864494290, -0.000000000000000000, -0.7071067811866457165 ) ) ;
#6905 = CARTESIAN_POINT ( 'NONE',  ( -15.17844588468310718, 4.563224204507689841, 998.2388047759872052 ) ) ;
#6906 = FILL_AREA_STYLE_COLOUR ( '', #5304 ) ;
#6907 = VECTOR ( 'NONE', #10151, 1000.000000000000000 ) ;
#6908 = VERTEX_POINT ( 'NONE', #10206 ) ;
#6909 = CARTESIAN_POINT ( 'NONE',  ( -18.64871574356914508, -27.83364811845947173, 1000.991660127190926 ) ) ;
#6910 = ORIENTED_EDGE ( 'NONE', *, *, #2578, .F. ) ;
#6911 = CARTESIAN_POINT ( 'NONE',  ( -25.83744370070334995, -28.73860356947480099, 1002.249774035631276 ) ) ;
#6912 = VERTEX_POINT ( 'NONE', #8649 ) ;
#6913 = ADVANCED_FACE ( 'NONE', ( #8706 ), #7028, .T. ) ;
#6914 = ORIENTED_EDGE ( 'NONE', *, *, #3630, .T. ) ;
#6915 = CARTESIAN_POINT ( 'NONE',  ( -34.86771300448400979, 44.52206217658744691, 997.4916601271909258 ) ) ;
#6916 = EDGE_CURVE ( 'NONE', #6846, #8001, #8839, .T. ) ;
#6917 = VECTOR ( 'NONE', #3752, 1000.000000000000000 ) ;
#6918 = VECTOR ( 'NONE', #7816, 999.9999999999998863 ) ;
#6919 = CARTESIAN_POINT ( 'NONE',  ( -18.52317207787292119, -28.64286151082989207, 1002.895356553906481 ) ) ;
#6920 = CARTESIAN_POINT ( 'NONE',  ( -21.46497612449623560, 27.41359718929556166, 989.4802208395947218 ) ) ;
#6921 = CARTESIAN_POINT ( 'NONE',  ( -25.70787786834613087, -28.93036412452870110, 1002.895356526650517 ) ) ;
#6922 = ORIENTED_EDGE ( 'NONE', *, *, #466, .F. ) ;
#6923 = CARTESIAN_POINT ( 'NONE',  ( -6.506415403886599336, -18.44134887660647948, 1000.991660127190926 ) ) ;
#6924 = VECTOR ( 'NONE', #2610, 1000.000000000000000 ) ;
#6925 = VECTOR ( 'NONE', #2209, 1000.000000000000000 ) ;
#6926 = VERTEX_POINT ( 'NONE', #7771 ) ;
#6927 = EDGE_CURVE ( 'NONE', #7848, #5293, #2535, .T. ) ;
#6928 = ORIENTED_EDGE ( 'NONE', *, *, #9180, .T. ) ;
#6929 = EDGE_CURVE ( 'NONE', #4252, #4413, #9696, .T. ) ;
#6930 = LINE ( 'NONE', #4211, #8053 ) ;
#6931 = LINE ( 'NONE', #570, #10255 ) ;
#6932 = EDGE_CURVE ( 'NONE', #8310, #8340, #4189, .T. ) ;
#6933 = FACE_OUTER_BOUND ( 'NONE', #8243, .T. ) ;
#6934 = AXIS2_PLACEMENT_3D ( 'NONE', #3716, #7870, #5231 ) ;
#6935 = DIRECTION ( 'NONE',  ( -1.000000000000000000, 0.000000000000000000, 0.000000000000000000 ) ) ;
#6936 = CIRCLE ( 'NONE', #1765, 1.650000000000000355 ) ;
#6937 = CARTESIAN_POINT ( 'NONE',  ( -20.87271300448400169, -28.03827451546189664, 1000.633912150629385 ) ) ;
#6938 = EDGE_LOOP ( 'NONE', ( #288, #7250, #9123, #5707 ) ) ;
#6939 = CARTESIAN_POINT ( 'NONE',  ( 0.000000000000000000, 44.52206366277465577, 990.4916601271910395 ) ) ;
#6940 = EDGE_CURVE ( 'NONE', #507, #5986, #4076, .T. ) ;
#6941 = CARTESIAN_POINT ( 'NONE',  ( -26.06280045117008370, -27.29353957469461633, 1001.589854247018025 ) ) ;
#6942 = AXIS2_PLACEMENT_3D ( 'NONE', #3903, #7248, #4771 ) ;
#6943 = ORIENTED_EDGE ( 'NONE', *, *, #3185, .F. ) ;
#6944 = FACE_OUTER_BOUND ( 'NONE', #61, .T. ) ;
#6945 = DIRECTION ( 'NONE',  ( -0.000000000000000000, -0.7071067811865487940, -0.7071067811865463515 ) ) ;
#6946 = CARTESIAN_POINT ( 'NONE',  ( -24.81771300448400197, 3.357757825279103159, 1000.991660127190926 ) ) ;
#6947 = DIRECTION ( 'NONE',  ( -0.7071067811865477948, -0.7071067811865472397, 0.000000000000000000 ) ) ;
#6948 = CARTESIAN_POINT ( 'NONE',  ( -17.48264751920339322, 2.767698785255751748, 1000.991660127190926 ) ) ;
#6949 = PLANE ( 'NONE',  #1743 ) ;
#6950 = ADVANCED_FACE ( 'NONE', ( #6097, #5519 ), #390, .T. ) ;
#6951 = CARTESIAN_POINT ( 'NONE',  ( -22.16818974859713620, 37.53953660251080038, 1013.641658718408507 ) ) ;
#6952 = EDGE_CURVE ( 'NONE', #6420, #1089, #1194, .T. ) ;
#6953 = ORIENTED_EDGE ( 'NONE', *, *, #8305, .F. ) ;
#6954 = ORIENTED_EDGE ( 'NONE', *, *, #4689, .T. ) ;
#6955 = ORIENTED_EDGE ( 'NONE', *, *, #3194, .F. ) ;
#6956 = CARTESIAN_POINT ( 'NONE',  ( -25.11771300448398847, 43.02206366277465577, 995.9916601271909258 ) ) ;
#6957 = B_SPLINE_CURVE_WITH_KNOTS ( 'NONE', 3,
 ( #10627, #1532, #8932, #3892 ),
 .UNSPECIFIED., .F., .F.,
 ( 4, 4 ),
 ( 0.000000000000000000, 0.0008486677706076811798 ),
 .UNSPECIFIED. ) ;
#6958 = VERTEX_POINT ( 'NONE', #4712 ) ;
#6959 = DIRECTION ( 'NONE',  ( 0.7071067811865924257, 0.000000000000000000, 0.7071067811865024977 ) ) ;
#6960 = CARTESIAN_POINT ( 'NONE',  ( -33.71771300448400410, 38.02206337602792274, 991.3247553713597426 ) ) ;
#6961 = CARTESIAN_POINT ( 'NONE',  ( -23.66271300448400083, -27.77362365159970281, 1000.029303363198892 ) ) ;
#6962 = CARTESIAN_POINT ( 'NONE',  ( -34.76771264605072531, 0.000000000000000000, 987.2916601271911077 ) ) ;
#6963 = DIRECTION ( 'NONE',  ( 1.000000000000000000, -0.000000000000000000, 0.000000000000000000 ) ) ;
#6964 =( LENGTH_UNIT ( ) NAMED_UNIT ( * ) SI_UNIT ( .MILLI., .METRE. ) );
#6965 = ORIENTED_EDGE ( 'NONE', *, *, #8139, .T. ) ;
#6966 = CARTESIAN_POINT ( 'NONE',  ( -17.26771300448400126, 8.050548831609599887, 999.3931860053573928 ) ) ;
#6967 = ORIENTED_EDGE ( 'NONE', *, *, #5714, .T. ) ;
#6968 = CARTESIAN_POINT ( 'NONE',  ( -26.06244619668681395, -28.38264277387830248, 1002.321076745350751 ) ) ;
#6969 = VERTEX_POINT ( 'NONE', #558 ) ;
#6970 = CARTESIAN_POINT ( 'NONE',  ( -26.06244619668694185, -28.25791218717139941, 1004.591660127191176 ) ) ;
#6971 = DIRECTION ( 'NONE',  ( 0.000000000000000000, 0.000000000000000000, 1.000000000000000000 ) ) ;
#6972 = DIRECTION ( 'NONE',  ( -0.000000000000000000, -0.000000000000000000, 1.000000000000000000 ) ) ;
#6973 = DIRECTION ( 'NONE',  ( -0.000000000000000000, -0.000000000000000000, -1.000000000000000000 ) ) ;
#6974 = EDGE_CURVE ( 'NONE', #4805, #2760, #7605, .T. ) ;
#6975 = ORIENTED_EDGE ( 'NONE', *, *, #6225, .F. ) ;
#6976 = CARTESIAN_POINT ( 'NONE',  ( -22.26771300448400126, -12.47773340385700003, 1000.991660127190926 ) ) ;
#6977 = ORIENTED_EDGE ( 'NONE', *, *, #9487, .T. ) ;
#6978 = ORIENTED_EDGE ( 'NONE', *, *, #6524, .T. ) ;
#6979 = CARTESIAN_POINT ( 'NONE',  ( -25.11771300448399558, 26.01981126762113661, 992.0329098013198745 ) ) ;
#6980 = PLANE ( 'NONE',  #1250 ) ;
#6981 = DIRECTION ( 'NONE',  ( 1.000000000000000000, 0.000000000000000000, 0.000000000000000000 ) ) ;
#6982 = CARTESIAN_POINT ( 'NONE',  ( -20.21733239444372288, -28.03827451546189664, 1000.633912150629385 ) ) ;
#6983 = AXIS2_PLACEMENT_3D ( 'NONE', #5677, #2500, #764 ) ;
#6984 = ORIENTED_EDGE ( 'NONE', *, *, #5031, .T. ) ;
#6985 = CARTESIAN_POINT ( 'NONE',  ( -12.26771300448400126, 8.655756606077503079, 996.5916601271910622 ) ) ;
#6986 = EDGE_CURVE ( 'NONE', #8601, #2965, #3035, .T. ) ;
#6987 = VERTEX_POINT ( 'NONE', #2124 ) ;
#6988 = ADVANCED_FACE ( 'NONE', ( #6317 ), #9625, .F. ) ;
#6989 = DIRECTION ( 'NONE',  ( -1.000000000000000000, 0.000000000000000000, 0.000000000000000000 ) ) ;
#6990 = ORIENTED_EDGE ( 'NONE', *, *, #6869, .T. ) ;
#6991 = DIRECTION ( 'NONE',  ( -1.000000000000000000, -9.642545414078792793E-16, 0.000000000000000000 ) ) ;
#6992 =( NAMED_UNIT ( * ) SI_UNIT ( $, .STERADIAN. ) SOLID_ANGLE_UNIT ( ) );
#6993 = EDGE_CURVE ( 'NONE', #5937, #4861, #4342, .T. ) ;
#6994 = FACE_OUTER_BOUND ( 'NONE', #8624, .T. ) ;
#6995 = VECTOR ( 'NONE', #7483, 1000.000000000000000 ) ;
#6996 = CARTESIAN_POINT ( 'NONE',  ( -22.26771300448400126, -12.47773340385700003, 997.4916601271909258 ) ) ;
#6997 = LINE ( 'NONE', #2207, #7077 ) ;
#6998 = CARTESIAN_POINT ( 'NONE',  ( -25.76231279278841058, -28.38647986532109968, 1001.824733954718113 ) ) ;
#6999 = ADVANCED_FACE ( 'NONE', ( #1253 ), #3730, .F. ) ;
#7000 = CARTESIAN_POINT ( 'NONE',  ( -26.06244619668694185, -28.12327250201759909, 1003.093769848036914 ) ) ;
#7001 = EDGE_CURVE ( 'NONE', #6041, #6958, #1367, .T. ) ;
#7002 = CARTESIAN_POINT ( 'NONE',  ( -9.236955864958900975, -25.44013165305140234, 997.9916601271909258 ) ) ;
#7003 = VECTOR ( 'NONE', #3845, 1000.000000000000000 ) ;
#7004 = EDGE_CURVE ( 'NONE', #4413, #8191, #8978, .T. ) ;
#7005 = ORIENTED_EDGE ( 'NONE', *, *, #5395, .T. ) ;
#7006 = ORIENTED_EDGE ( 'NONE', *, *, #5076, .T. ) ;
#7007 = DIRECTION ( 'NONE',  ( 0.000000000000000000, 0.000000000000000000, 1.000000000000000000 ) ) ;
#7008 = ORIENTED_EDGE ( 'NONE', *, *, #370, .F. ) ;
#7009 = CARTESIAN_POINT ( 'NONE',  ( -32.06771300448400552, 29.52206337602792630, 987.4916601271910395 ) ) ;
#7010 = EDGE_CURVE ( 'NONE', #1700, #6442, #3095, .T. ) ;
#7011 = DIRECTION ( 'NONE',  ( -1.000000000000000000, 0.000000000000000000, 0.000000000000000000 ) ) ;
#7012 = CARTESIAN_POINT ( 'NONE',  ( -13.88096774931928223, 3.877293469403299664, 997.9916601271859236 ) ) ;
#7013 = DIRECTION ( 'NONE',  ( 0.3386959498166992599, -0.9408958781808771654, 0.000000000000000000 ) ) ;
#7014 = AXIS2_PLACEMENT_3D ( 'NONE', #460, #6282, #6338 ) ;
#7015 = LINE ( 'NONE', #598, #9502 ) ;
#7016 = DIRECTION ( 'NONE',  ( 1.000000000000000000, 0.000000000000000000, 0.000000000000000000 ) ) ;
#7017 = ORIENTED_EDGE ( 'NONE', *, *, #4798, .F. ) ;
#7018 = CARTESIAN_POINT ( 'NONE',  ( -24.26771282526732421, 30.70339905707483297, 986.5916604856245158 ) ) ;
#7019 = ORIENTED_EDGE ( 'NONE', *, *, #2059, .T. ) ;
#7020 = AXIS2_PLACEMENT_3D ( 'NONE', #2487, #2695, #9073 ) ;
#7021 = VERTEX_POINT ( 'NONE', #2345 ) ;
#7022 = LINE ( 'NONE', #10305, #4248 ) ;
#7023 = ORIENTED_EDGE ( 'NONE', *, *, #6336, .T. ) ;
#7024 = EDGE_CURVE ( 'NONE', #2803, #847, #2460, .T. ) ;
#7025 = LINE ( 'NONE', #1308, #6123 ) ;
#7026 = B_SPLINE_CURVE_WITH_KNOTS ( 'NONE', 3,
 ( #2329, #10506, #3133, #2274, #3182, #8179, #7373, #1512, #9812, #7224, #6413, #9015, #3277, #4845, #9664, #597, #5607, #9766, #5560 ),
 .UNSPECIFIED., .F., .F.,
 ( 4, 2, 2, 2, 1, 1, 1, 2, 2, 2, 4 ),
 ( 0.000000000000000000, 0.2500000000000212608, 0.3750000000000322520, 0.4375000000000372480, 0.4687500000000398015, 0.4843750000000404121, 0.4921875000000410783, 0.4960937500000414113, 0.5000000000000417444, 0.7500000000000208722, 1.000000000000000000 ),
 .UNSPECIFIED. ) ;
#7027 = CARTESIAN_POINT ( 'NONE',  ( -25.46244619668694043, -27.65791218717139799, 1002.377300773245906 ) ) ;
#7028 = CYLINDRICAL_SURFACE ( 'NONE', #3647, 18.37999999999999901 ) ;
#7029 = CARTESIAN_POINT ( 'NONE',  ( -25.11771300448399913, 27.60496142013573362, 992.9897690317056913 ) ) ;
#7030 = EDGE_CURVE ( 'NONE', #797, #10381, #6585, .T. ) ;
#7031 = AXIS2_PLACEMENT_3D ( 'NONE', #7957, #3802, #679 ) ;
#7032 = CARTESIAN_POINT ( 'NONE',  ( -11.19349952070256471, 27.71532484619580217, 986.5658736109724032 ) ) ;
#7033 = EDGE_LOOP ( 'NONE', ( #1893, #8425, #7604, #9593 ) ) ;
#7034 = CARTESIAN_POINT ( 'NONE',  ( -12.20028090816605904, 2.901653907407480748, 996.4401965334250235 ) ) ;
#7035 = VERTEX_POINT ( 'NONE', #10625 ) ;
#7036 = ORIENTED_EDGE ( 'NONE', *, *, #8720, .T. ) ;
#7037 = AXIS2_PLACEMENT_3D ( 'NONE', #2759, #9448, #4315 ) ;
#7038 = AXIS2_PLACEMENT_3D ( 'NONE', #9932, #3353, #7654 ) ;
#7039 = CARTESIAN_POINT ( 'NONE',  ( -15.81965170120199993, 26.01981126762380825, 983.4916601271910395 ) ) ;
#7040 = DIRECTION ( 'NONE',  ( -0.000000000000000000, 0.000000000000000000, 1.000000000000000000 ) ) ;
#7041 = ADVANCED_FACE ( 'NONE', ( #806 ), #4104, .F. ) ;
#7042 = EDGE_CURVE ( 'NONE', #5921, #9550, #6052, .T. ) ;
#7043 = CARTESIAN_POINT ( 'NONE',  ( -26.06244619668695250, -28.18360042841168678, 1003.161272186415431 ) ) ;
#7044 = VECTOR ( 'NONE', #5588, 1000.000000000000114 ) ;
#7045 = VERTEX_POINT ( 'NONE', #4811 ) ;
#7046 = PLANE ( 'NONE',  #3255 ) ;
#7047 = EDGE_LOOP ( 'NONE', ( #9506, #7254, #10531, #3536, #8398, #7168 ) ) ;
#7048 = CARTESIAN_POINT ( 'NONE',  ( -29.09787205826060230, -26.25791218717159836, 1000.991660127190926 ) ) ;
#7049 = EDGE_LOOP ( 'NONE', ( #4142, #10051, #8032, #8950, #4201, #7270 ) ) ;
#7050 = CARTESIAN_POINT ( 'NONE',  ( -21.80066844981847751, -28.77675862044080191, 1001.060276147431182 ) ) ;
#7051 = CARTESIAN_POINT ( 'NONE',  ( -44.18771300448401718, -10.47773340385699647, 1000.991660127190926 ) ) ;
#7052 = ADVANCED_FACE ( 'NONE', ( #6370 ), #8146, .T. ) ;
#7053 = LINE ( 'NONE', #10330, #5014 ) ;
#7054 = CARTESIAN_POINT ( 'NONE',  ( -19.61145017899796272, -29.07151458206849881, 1002.075514769582810 ) ) ;
#7055 = LINE ( 'NONE', #10332, #8448 ) ;
#7056 = B_SPLINE_CURVE_WITH_KNOTS ( 'NONE', 3,
 ( #10110, #2729, #5042, #1094 ),
 .UNSPECIFIED., .F., .F.,
 ( 4, 4 ),
 ( 0.000000000000000000, 0.0009451448609904719274 ),
 .UNSPECIFIED. ) ;
#7057 = LINE ( 'NONE', #7743, #7117 ) ;
#7058 = LINE ( 'NONE', #8905, #6925 ) ;
#7059 = DIRECTION ( 'NONE',  ( 0.000000000000000000, 0.000000000000000000, -1.000000000000000000 ) ) ;
#7060 = PLANE ( 'NONE',  #819 ) ;
#7061 = ORIENTED_EDGE ( 'NONE', *, *, #5845, .T. ) ;
#7062 = EDGE_CURVE ( 'NONE', #9727, #8570, #1531, .T. ) ;
#7063 = FACE_OUTER_BOUND ( 'NONE', #8815, .T. ) ;
#7064 = ORIENTED_EDGE ( 'NONE', *, *, #4090, .T. ) ;
#7065 = FACE_OUTER_BOUND ( 'NONE', #9687, .T. ) ;
#7066 = CARTESIAN_POINT ( 'NONE',  ( -28.57023845711846377, 2.531238318134686249, 1000.991660127191153 ) ) ;
#7067 = FACE_OUTER_BOUND ( 'NONE', #6386, .T. ) ;
#7068 = EDGE_CURVE ( 'NONE', #7403, #8000, #5769, .T. ) ;
#7069 = LINE ( 'NONE', #7275, #4709 ) ;
#7070 = AXIS2_PLACEMENT_3D ( 'NONE', #1523, #3885, #6363 ) ;
#7071 = CARTESIAN_POINT ( 'NONE',  ( 2.202286995515998047, -10.47773340385700358, 1003.491660127191039 ) ) ;
#7072 = CARTESIAN_POINT ( 'NONE',  ( -12.46771300448399344, 29.47981022745160828, 987.4916601271910395 ) ) ;
#7073 = ADVANCED_FACE ( 'NONE', ( #2394 ), #8659, .F. ) ;
#7074 = VERTEX_POINT ( 'NONE', #3246 ) ;
#7075 = CARTESIAN_POINT ( 'NONE',  ( -47.83578375172029240, -10.14488023348874890, 999.8900524785391326 ) ) ;
#7076 = ORIENTED_EDGE ( 'NONE', *, *, #6986, .T. ) ;
#7077 = VECTOR ( 'NONE', #3258, 1000.000000000000114 ) ;
#7078 = ORIENTED_EDGE ( 'NONE', *, *, #9752, .F. ) ;
#7079 = CARTESIAN_POINT ( 'NONE',  ( -25.76330251651211967, -28.38914100982690414, 1001.827394327674142 ) ) ;
#7080 = ORIENTED_EDGE ( 'NONE', *, *, #6668, .T. ) ;
#7081 = CARTESIAN_POINT ( 'NONE',  ( -10.81771300448399309, 39.67206337602792132, 1016.641658718408394 ) ) ;
#7082 = CARTESIAN_POINT ( 'NONE',  ( -23.66271300448400083, -28.70124835607409963, 1001.016680275972590 ) ) ;
#7083 = CARTESIAN_POINT ( 'NONE',  ( -10.26771300448391244, 27.33185151531592894, 987.4916601271910395 ) ) ;
#7084 = DIRECTION ( 'NONE',  ( 1.000000000000000000, 0.000000000000000000, -2.312964634635826675E-15 ) ) ;
#7085 = VECTOR ( 'NONE', #1959, 1000.000000000000000 ) ;
#7086 = EDGE_CURVE ( 'NONE', #4688, #9032, #4066, .T. ) ;
#7087 = CARTESIAN_POINT ( 'NONE',  ( -39.51338685391260697, 9.206252807413793704, 1002.937334155840972 ) ) ;
#7088 = ADVANCED_FACE ( 'NONE', ( #1676 ), #7290, .T. ) ;
#7089 = ORIENTED_EDGE ( 'NONE', *, *, #7847, .F. ) ;
#7090 = CARTESIAN_POINT ( 'NONE',  ( -14.40629298737536068, 4.136190735689398323, 997.1916601271909713 ) ) ;
#7091 = ORIENTED_EDGE ( 'NONE', *, *, #5158, .F. ) ;
#7092 = ORIENTED_EDGE ( 'NONE', *, *, #2634, .F. ) ;
#7093 = CIRCLE ( 'NONE', #2442, 2.249999999999998668 ) ;
#7094 = CIRCLE ( 'NONE', #5869, 1.500000000000000222 ) ;
#7095 = DIRECTION ( 'NONE',  ( -0.000000000000000000, -0.000000000000000000, 1.000000000000000000 ) ) ;
#7096 = CARTESIAN_POINT ( 'NONE',  ( -31.25998785444159722, 23.47559772094814079, 987.4916601271910395 ) ) ;
#7097 = B_SPLINE_CURVE_WITH_KNOTS ( 'NONE', 3,
 ( #4597, #9569, #499, #9515, #6264, #3622 ),
 .UNSPECIFIED., .F., .F.,
 ( 4, 2, 4 ),
 ( 0.000000000000000000, 0.01380409216408500991, 1.000000000000000000 ),
 .UNSPECIFIED. ) ;
#7098 = CARTESIAN_POINT ( 'NONE',  ( 0.000000000000000000, 44.52206366277465577, 995.9916601271909258 ) ) ;
#7099 = CARTESIAN_POINT ( 'NONE',  ( -24.14271300448400126, -28.76499943599120002, 999.8987864407445159 ) ) ;
#7100 = AXIS2_PLACEMENT_3D ( 'NONE', #8616, #412, #3700 ) ;
#7101 = AXIS2_PLACEMENT_3D ( 'NONE', #453, #7897, #6331 ) ;
#7102 = ORIENTED_EDGE ( 'NONE', *, *, #3298, .F. ) ;
#7103 = DIRECTION ( 'NONE',  ( -0.000000000000000000, 0.000000000000000000, 1.000000000000000000 ) ) ;
#7104 = ORIENTED_EDGE ( 'NONE', *, *, #7300, .F. ) ;
#7105 = PLANE ( 'NONE',  #4446 ) ;
#7106 = ORIENTED_EDGE ( 'NONE', *, *, #9773, .F. ) ;
#7107 = CARTESIAN_POINT ( 'NONE',  ( -20.26771282526732421, -29.28509524987408952, 986.5916604856245158 ) ) ;
#7108 =( LENGTH_UNIT ( ) NAMED_UNIT ( * ) SI_UNIT ( .MILLI., .METRE. ) );
#7109 = AXIS2_PLACEMENT_3D ( 'NONE', #439, #6262, #7140 ) ;
#7110 = CIRCLE ( 'NONE', #2461, 3.000000000000050182 ) ;
#7111 = CARTESIAN_POINT ( 'NONE',  ( -32.33715901253453495, 34.84736959455016603, 983.4916601271910395 ) ) ;
#7112 = CARTESIAN_POINT ( 'NONE',  ( -20.87271300448400169, -28.70124835607409963, 1001.016680275972590 ) ) ;
#7113 = FACE_OUTER_BOUND ( 'NONE', #9134, .T. ) ;
#7114 = PLANE ( 'NONE',  #5220 ) ;
#7115 = CARTESIAN_POINT ( 'NONE',  ( 0.000000000000000000, 26.05339869864173608, 987.2916601271911077 ) ) ;
#7116 = DIRECTION ( 'NONE',  ( 0.000000000000000000, 0.000000000000000000, -1.000000000000000000 ) ) ;
#7117 = VECTOR ( 'NONE', #470, 1000.000000000000000 ) ;
#7118 = ADVANCED_FACE ( 'NONE', ( #2440 ), #4859, .T. ) ;
#7119 = FACE_OUTER_BOUND ( 'NONE', #6657, .T. ) ;
#7120 = UNCERTAINTY_MEASURE_WITH_UNIT (LENGTH_MEASURE( 1.000000000000000082E-05 ), #1195, 'distance_accuracy_value', 'NONE');
#7121 = EDGE_LOOP ( 'NONE', ( #4416, #7335, #3303, #5587 ) ) ;
#7122 = CARTESIAN_POINT ( 'NONE',  ( -25.14345440022727374, 25.57964584674845199, 991.0740270907519971 ) ) ;
#7123 = ORIENTED_EDGE ( 'NONE', *, *, #10426, .F. ) ;
#7124 = CARTESIAN_POINT ( 'NONE',  ( -26.61771300448399913, 44.52206366277465577, 988.9916601271910395 ) ) ;
#7125 = CARTESIAN_POINT ( 'NONE',  ( -29.10909715728213598, 1.641700018317471255, 1000.991660127190698 ) ) ;
#7126 = CARTESIAN_POINT ( 'NONE',  ( -19.40804387249048446, 43.21841077693594713, 993.1645865576102779 ) ) ;
#7127 = VECTOR ( 'NONE', #4983, 1000.000000000000000 ) ;
#7128 = CARTESIAN_POINT ( 'NONE',  ( -27.51795447798598460, 37.53953660251080038, 1013.641658718408507 ) ) ;
#7129 = CARTESIAN_POINT ( 'NONE',  ( -18.47246920264511161, -27.99269036113964049, 1002.504137695181498 ) ) ;
#7130 = CARTESIAN_POINT ( 'NONE',  ( -12.46771300448399344, 38.02206337602792274, 1000.991660127190926 ) ) ;
#7131 = DIRECTION ( 'NONE',  ( 0.000000000000000000, 0.000000000000000000, 1.000000000000000000 ) ) ;
#7132 = EDGE_LOOP ( 'NONE', ( #4530, #1299, #9422, #8049 ) ) ;
#7133 = DIRECTION ( 'NONE',  ( -0.8449011766408751622, -0.5349224258814210264, 0.000000000000000000 ) ) ;
#7134 = EDGE_CURVE ( 'NONE', #8342, #7618, #1226, .T. ) ;
#7135 = VERTEX_POINT ( 'NONE', #9734 ) ;
#7136 = CARTESIAN_POINT ( 'NONE',  ( -15.81965170120199993, 26.01981126762380825, 987.2916601271909940 ) ) ;
#7137 = VERTEX_POINT ( 'NONE', #8931 ) ;
#7138 = LINE ( 'NONE', #6042, #448 ) ;
#7139 = EDGE_CURVE ( 'NONE', #4580, #3337, #9783, .T. ) ;
#7140 = DIRECTION ( 'NONE',  ( -0.8449011766408751622, -0.5349224258814210264, 0.000000000000000000 ) ) ;
#7141 = CARTESIAN_POINT ( 'NONE',  ( -14.11771300448399380, 29.47981022745160828, 983.4916601271910395 ) ) ;
#7142 = ADVANCED_FACE ( 'NONE', ( #5118 ), #8405, .T. ) ;
#7143 = LINE ( 'NONE', #443, #1500 ) ;
#7144 = ORIENTED_EDGE ( 'NONE', *, *, #5593, .T. ) ;
#7145 = ORIENTED_EDGE ( 'NONE', *, *, #8301, .T. ) ;
#7146 = VERTEX_POINT ( 'NONE', #8245 ) ;
#7147 = FACE_OUTER_BOUND ( 'NONE', #50, .T. ) ;
#7148 = LINE ( 'NONE', #6485, #3808 ) ;
#7149 = ADVANCED_FACE ( 'NONE', ( #5927 ), #9828, .F. ) ;
#7150 = VECTOR ( 'NONE', #8968, 999.9999999999998863 ) ;
#7151 = DIRECTION ( 'NONE',  ( 0.000000000000000000, 0.7071067811865638930, -0.7071067811865312525 ) ) ;
#7152 = DIRECTION ( 'NONE',  ( -0.000000000000000000, -0.000000000000000000, 1.000000000000000000 ) ) ;
#7153 = ORIENTED_EDGE ( 'NONE', *, *, #1003, .F. ) ;
#7154 = DIRECTION ( 'NONE',  ( 0.8449011766408759394, -0.5349224258814199162, 0.000000000000000000 ) ) ;
#7155 = ORIENTED_EDGE ( 'NONE', *, *, #6088, .F. ) ;
#7156 = AXIS2_PLACEMENT_3D ( 'NONE', #8218, #5794, #10545 ) ;
#7157 = CYLINDRICAL_SURFACE ( 'NONE', #5995, 3.000000000000050182 ) ;
#7158 = ORIENTED_EDGE ( 'NONE', *, *, #3955, .T. ) ;
#7159 = CARTESIAN_POINT ( 'NONE',  ( -18.78257938514253311, -28.90821408976810503, 1002.772071088920484 ) ) ;
#7160 = DIRECTION ( 'NONE',  ( 0.000000000000000000, 0.000000000000000000, 1.000000000000000000 ) ) ;
#7161 = DIRECTION ( 'NONE',  ( 1.000000000000000000, 0.000000000000000000, 0.000000000000000000 ) ) ;
#7162 = CARTESIAN_POINT ( 'NONE',  ( -18.32900370280907154, -26.85606461055378702, 1001.337071989323590 ) ) ;
#7163 = FACE_OUTER_BOUND ( 'NONE', #10145, .T. ) ;
#7164 = DIRECTION ( 'NONE',  ( -0.7071067811865461294, -2.735612426455851430E-16, -0.7071067811865489050 ) ) ;
#7165 = CARTESIAN_POINT ( 'NONE',  ( -24.46771282526734126, 27.60339869864173679, 983.4916601271910395 ) ) ;
#7166 = AXIS2_PLACEMENT_3D ( 'NONE', #5889, #10096, #276 ) ;
#7167 = CARTESIAN_POINT ( 'NONE',  ( -17.26771300448400481, 8.051985251169883284, 999.7946111064368324 ) ) ;
#7168 = ORIENTED_EDGE ( 'NONE', *, *, #9956, .F. ) ;
#7169 = ORIENTED_EDGE ( 'NONE', *, *, #910, .T. ) ;
#7170 = DIRECTION ( 'NONE',  ( 0.000000000000000000, 0.000000000000000000, 1.000000000000000000 ) ) ;
#7171 = VECTOR ( 'NONE', #7934, 1000.000000000000227 ) ;
#7172 = ORIENTED_EDGE ( 'NONE', *, *, #3203, .F. ) ;
#7173 = CARTESIAN_POINT ( 'NONE',  ( -22.55204307951518672, 43.41098751466296335, 990.4436851003940774 ) ) ;
#7174 = CARTESIAN_POINT ( 'NONE',  ( -12.46771300448399344, 38.02206337602792274, 999.7916601271908803 ) ) ;
#7175 = CARTESIAN_POINT ( 'NONE',  ( -12.26771300448400126, 8.655756606077503079, 997.1916601271909713 ) ) ;
#7176 = CARTESIAN_POINT ( 'NONE',  ( -20.36476125329864217, -29.16322023509560069, 1001.863754003324857 ) ) ;
#7177 = DIRECTION ( 'NONE',  ( 0.000000000000000000, 0.000000000000000000, 1.000000000000000000 ) ) ;
#7178 =( BOUNDED_CURVE ( )  B_SPLINE_CURVE ( 3, ( #2822, #7716, #6096, #8595 ),
 .UNSPECIFIED., .F., .F. ) 
 B_SPLINE_CURVE_WITH_KNOTS ( ( 4, 4 ),
 ( 5.250004541202343056, 6.283185307179586232 ),
 .UNSPECIFIED. ) 
 CURVE ( )  GEOMETRIC_REPRESENTATION_ITEM ( )  RATIONAL_B_SPLINE_CURVE ( ( 1.000000000000000000, 0.9130055353065010815, 0.9130055353065010815, 1.000000000000000000 ) ) 
 REPRESENTATION_ITEM ( '' )  );
#7179 = EDGE_CURVE ( 'NONE', #8239, #5348, #2650, .T. ) ;
#7180 = DIRECTION ( 'NONE',  ( 0.000000000000000000, 1.000000000000000000, 0.000000000000000000 ) ) ;
#7181 = CIRCLE ( 'NONE', #3219, 2.549999999999996714 ) ;
#7182 = DIRECTION ( 'NONE',  ( 0.000000000000000000, -0.9810282013757307684, -0.1938650770652069477 ) ) ;
#7183 = ORIENTED_EDGE ( 'NONE', *, *, #4652, .T. ) ;
#7184 = ORIENTED_EDGE ( 'NONE', *, *, #6740, .T. ) ;
#7185 = CARTESIAN_POINT ( 'NONE',  ( -27.51795447798598815, 43.92206366277465435, 1008.566659422781527 ) ) ;
#7186 = ORIENTED_EDGE ( 'NONE', *, *, #7509, .F. ) ;
#7187 = CARTESIAN_POINT ( 'NONE',  ( -35.29847014400910155, -25.44013165305140234, 997.9916601271909258 ) ) ;
#7188 = VERTEX_POINT ( 'NONE', #7648 ) ;
#7189 = VECTOR ( 'NONE', #9994, 1000.000000000000000 ) ;
#7190 = CARTESIAN_POINT ( 'NONE',  ( -14.13682963820922112, 0.5772708352942014232, 1000.991660127176715 ) ) ;
#7191 = DIRECTION ( 'NONE',  ( -0.9999999999999962252, -8.742277735063197497E-08, -1.213234753641922080E-21 ) ) ;
#7192 = CARTESIAN_POINT ( 'NONE',  ( -29.76771300448400126, -29.25791218717159481, 997.9916601271909258 ) ) ;
#7193 = VERTEX_POINT ( 'NONE', #10084 ) ;
#7194 = ORIENTED_EDGE ( 'NONE', *, *, #666, .F. ) ;
#7195 = ORIENTED_EDGE ( 'NONE', *, *, #1785, .T. ) ;
#7196 = ADVANCED_FACE ( 'NONE', ( #3560 ), #6416, .T. ) ;
#7197 = DIRECTION ( 'NONE',  ( 0.000000000000000000, 0.000000000000000000, 1.000000000000000000 ) ) ;
#7198 = FACE_OUTER_BOUND ( 'NONE', #5040, .T. ) ;
#7199 = AXIS2_PLACEMENT_3D ( 'NONE', #934, #8999, #3215 ) ;
#7200 = EDGE_CURVE ( 'NONE', #1034, #1529, #9018, .T. ) ;
#7201 = CARTESIAN_POINT ( 'NONE',  ( -26.06244619668694185, -28.36553131374809666, 1003.301061203949416 ) ) ;
#7202 = CARTESIAN_POINT ( 'NONE',  ( -43.42448221303470035, -15.14434477637386856, 999.4916601271909258 ) ) ;
#7203 = ORIENTED_EDGE ( 'NONE', *, *, #4565, .F. ) ;
#7204 = DIRECTION ( 'NONE',  ( 1.000000000000000000, 0.000000000000000000, 0.000000000000000000 ) ) ;
#7205 = VECTOR ( 'NONE', #4998, 999.9999999999998863 ) ;
#7206 = ORIENTED_EDGE ( 'NONE', *, *, #6063, .F. ) ;
#7207 = CIRCLE ( 'NONE', #7539, 16.37999999999999901 ) ;
#7208 = EDGE_CURVE ( 'NONE', #3815, #1973, #2801, .T. ) ;
#7209 = EDGE_LOOP ( 'NONE', ( #8159, #2434, #8936, #7510 ) ) ;
#7210 = CARTESIAN_POINT ( 'NONE',  ( -20.79160835332122303, -29.19795394728929949, 1001.882705679757009 ) ) ;
#7211 =( NAMED_UNIT ( * ) PLANE_ANGLE_UNIT ( ) SI_UNIT ( $, .RADIAN. ) );
#7212 = CARTESIAN_POINT ( 'NONE',  ( 3.902286995515997337, -10.47773340385700003, 999.2285634001516428 ) ) ;
#7213 = CARTESIAN_POINT ( 'NONE',  ( -18.96786155209277069, -28.95761977071079940, 1002.515961631564437 ) ) ;
#7214 = CARTESIAN_POINT ( 'NONE',  ( -22.26771300448400126, -12.47773340385700003, 995.9916601271909258 ) ) ;
#7215 = CARTESIAN_POINT ( 'NONE',  ( -16.67366710514173178, 31.54050344243852777, 983.7916601271909940 ) ) ;
#7216 = ADVANCED_FACE ( 'NONE', ( #5062 ), #6693, .F. ) ;
#7217 = CARTESIAN_POINT ( 'NONE',  ( 0.000000000000000000, 0.000000000000000000, 1013.641658718408507 ) ) ;
#7218 = VECTOR ( 'NONE', #6766, 1000.000000000000000 ) ;
#7219 = VERTEX_POINT ( 'NONE', #2597 ) ;
#7220 = CARTESIAN_POINT ( 'NONE',  ( -22.26771300448400126, 0.9022665961430000880, 995.9916601271909258 ) ) ;
#7221 = CARTESIAN_POINT ( 'NONE',  ( -25.05922857405825610, 43.72564877532793304, 990.5501445575906700 ) ) ;
#7222 = CARTESIAN_POINT ( 'NONE',  ( -28.49611999481040669, 2.657650862394126179, 1000.991660127190926 ) ) ;
#7223 = CARTESIAN_POINT ( 'NONE',  ( -19.34110216105898417, 43.50538715106564069, 992.9771497655948451 ) ) ;
#7224 = CARTESIAN_POINT ( 'NONE',  ( -16.04196257581928364, 2.667157719798532334, 1000.992737110160306 ) ) ;
#7225 = DIRECTION ( 'NONE',  ( -0.000000000000000000, 0.000000000000000000, 1.000000000000000000 ) ) ;
#7226 = CARTESIAN_POINT ( 'NONE',  ( -28.71577430776599016, 26.01981126762374430, 987.2916601271911077 ) ) ;
#7227 = LINE ( 'NONE', #1297, #5652 ) ;
#7228 = EDGE_LOOP ( 'NONE', ( #7186, #4217 ) ) ;
#7229 = CARTESIAN_POINT ( 'NONE',  ( 2.073195433533996823, -6.984639884534449727, 995.9916601271909258 ) ) ;
#7230 = VERTEX_POINT ( 'NONE', #5876 ) ;
#7231 = VERTEX_POINT ( 'NONE', #9186 ) ;
#7232 = CARTESIAN_POINT ( 'NONE',  ( -25.11771300448398847, 43.02206366277465577, 993.1916601271910849 ) ) ;
#7233 = EDGE_CURVE ( 'NONE', #4333, #1010, #5210, .T. ) ;
#7234 = ORIENTED_EDGE ( 'NONE', *, *, #2427, .F. ) ;
#7235 = DIRECTION ( 'NONE',  ( 0.000000000000000000, 0.000000000000000000, -1.000000000000000000 ) ) ;
#7236 = DIRECTION ( 'NONE',  ( 0.000000000000000000, 0.000000000000000000, 1.000000000000000000 ) ) ;
#7237 = CARTESIAN_POINT ( 'NONE',  ( -20.87271300448399813, -27.77933505938333170, 1000.072569433543322 ) ) ;
#7238 = CYLINDRICAL_SURFACE ( 'NONE', #10341, 3.000000000000050182 ) ;
#7239 = AXIS2_PLACEMENT_3D ( 'NONE', #5278, #1887, #2109 ) ;
#7240 = CARTESIAN_POINT ( 'NONE',  ( -23.17031908433287768, 27.36422861021181419, 989.4019042180275392 ) ) ;
#7241 = EDGE_CURVE ( 'NONE', #751, #3612, #158, .T. ) ;
#7242 = ORIENTED_EDGE ( 'NONE', *, *, #7484, .T. ) ;
#7243 = ORIENTED_EDGE ( 'NONE', *, *, #2304, .F. ) ;
#7244 = ADVANCED_FACE ( 'NONE', ( #6087 ), #1236, .T. ) ;
#7245 = DIRECTION ( 'NONE',  ( 0.000000000000000000, 0.000000000000000000, -1.000000000000000000 ) ) ;
#7246 = CARTESIAN_POINT ( 'NONE',  ( -20.37034640838253097, -26.65791218717140154, 1002.377300773245906 ) ) ;
#7247 = VECTOR ( 'NONE', #1311, 1000.000000000000000 ) ;
#7248 = DIRECTION ( 'NONE',  ( -0.6666006788591903875, -0.7454150085318020924, 0.000000000000000000 ) ) ;
#7249 = FACE_OUTER_BOUND ( 'NONE', #8726, .T. ) ;
#7250 = ORIENTED_EDGE ( 'NONE', *, *, #7633, .T. ) ;
#7251 = CARTESIAN_POINT ( 'NONE',  ( -22.48012599790688171, 28.17942443005414432, 990.3118476704656814 ) ) ;
#7252 = VECTOR ( 'NONE', #6058, 1000.000000000000000 ) ;
#7253 = VECTOR ( 'NONE', #8965, 1000.000000000000000 ) ;
#7254 = ORIENTED_EDGE ( 'NONE', *, *, #8783, .T. ) ;
#7255 = EDGE_LOOP ( 'NONE', ( #900, #1880, #4467, #205 ) ) ;
#7256 = ADVANCED_FACE ( 'NONE', ( #3022 ), #6303, .F. ) ;
#7257 = ORIENTED_EDGE ( 'NONE', *, *, #2499, .T. ) ;
#7258 = CARTESIAN_POINT ( 'NONE',  ( -21.77351469664024464, -29.27785434330530023, 1001.926301551215602 ) ) ;
#7259 = ORIENTED_EDGE ( 'NONE', *, *, #8511, .T. ) ;
#7260 = CARTESIAN_POINT ( 'NONE',  ( -20.51771300448400126, 2.557757825279101116, 995.9916601271909258 ) ) ;
#7261 = CARTESIAN_POINT ( 'NONE',  ( -26.06771300448400197, 15.35439068285598729, 995.9916601271909258 ) ) ;
#7262 = CARTESIAN_POINT ( 'NONE',  ( -19.51568152248190202, -29.05884555448470152, 1001.921203417700099 ) ) ;
#7263 = AXIS2_PLACEMENT_3D ( 'NONE', #3593, #8444, #5214 ) ;
#7264 = DIRECTION ( 'NONE',  ( 0.000000000000000000, 0.000000000000000000, -1.000000000000000000 ) ) ;
#7265 = CIRCLE ( 'NONE', #3985, 1.500000000000001332 ) ;
#7266 = DIRECTION ( 'NONE',  ( 1.000000000000000000, 0.000000000000000000, 0.000000000000000000 ) ) ;
#7267 = ADVANCED_FACE ( 'NONE', ( #1354 ), #5393, .T. ) ;
#7268 = ORIENTED_EDGE ( 'NONE', *, *, #4867, .F. ) ;
#7269 = VECTOR ( 'NONE', #9558, 1000.000000000000000 ) ;
#7270 = ORIENTED_EDGE ( 'NONE', *, *, #3162, .T. ) ;
#7271 = LINE ( 'NONE', #7220, #6320 ) ;
#7272 = DIRECTION ( 'NONE',  ( -1.000000000000000000, -3.731144428023029386E-16, 0.000000000000000000 ) ) ;
#7273 = CARTESIAN_POINT ( 'NONE',  ( -12.46771300448399344, 29.47981022745160828, 1004.592685127191089 ) ) ;
#7274 = CARTESIAN_POINT ( 'NONE',  ( -21.25716503302939842, 43.93704835001645392, 990.1843215659580437 ) ) ;
#7275 = CARTESIAN_POINT ( 'NONE',  ( -24.26771282526732421, 28.65192683606518642, 983.4916601271910395 ) ) ;
#7276 = CARTESIAN_POINT ( 'NONE',  ( -18.47297981228107133, -27.94390743350649942, 1002.393986729916719 ) ) ;
#7277 = EDGE_CURVE ( 'NONE', #10477, #6912, #1999, .T. ) ;
#7278 = CARTESIAN_POINT ( 'NONE',  ( -14.73876742691468422, 31.17010954767318509, 1013.641658718408507 ) ) ;
#7279 = AXIS2_PLACEMENT_3D ( 'NONE', #1782, #8349, #962 ) ;
#7280 = AXIS2_PLACEMENT_3D ( 'NONE', #8003, #622, #3901 ) ;
#7281 = DIRECTION ( 'NONE',  ( 0.6785983445458463326, 0.2810846377148233932, -0.6785983445458463326 ) ) ;
#7282 = ORIENTED_EDGE ( 'NONE', *, *, #8966, .T. ) ;
#7283 = VERTEX_POINT ( 'NONE', #8580 ) ;
#7284 = DIRECTION ( 'NONE',  ( 0.000000000000000000, 0.000000000000000000, -1.000000000000000000 ) ) ;
#7285 = ORIENTED_EDGE ( 'NONE', *, *, #6501, .T. ) ;
#7286 = ORIENTED_EDGE ( 'NONE', *, *, #3843, .F. ) ;
#7287 = DIRECTION ( 'NONE',  ( -1.000000000000000000, 0.000000000000000000, 0.000000000000000000 ) ) ;
#7288 = ORIENTED_EDGE ( 'NONE', *, *, #3115, .F. ) ;
#7289 = CARTESIAN_POINT ( 'NONE',  ( -24.01771300448400126, 3.357757825279103159, 995.9916601271909258 ) ) ;
#7290 = CYLINDRICAL_SURFACE ( 'NONE', #721, 0.7999999999999864997 ) ;
#7291 = DIRECTION ( 'NONE',  ( -0.000000000000000000, -0.000000000000000000, 1.000000000000000000 ) ) ;
#7292 = B_SPLINE_CURVE_WITH_KNOTS ( 'NONE', 3,
 ( #6941, #10225, #7795, #1869 ),
 .UNSPECIFIED., .F., .F.,
 ( 4, 4 ),
 ( 0.000000000000000000, 1.000000000000000000 ),
 .UNSPECIFIED. ) ;
#7293 = ORIENTED_EDGE ( 'NONE', *, *, #10074, .F. ) ;
#7294 = ORIENTED_EDGE ( 'NONE', *, *, #129, .T. ) ;
#7295 = VERTEX_POINT ( 'NONE', #7128 ) ;
#7296 = CARTESIAN_POINT ( 'NONE',  ( -20.79160835332122303, -29.19795394728929949, 1001.882705679757009 ) ) ;
#7297 = DIRECTION ( 'NONE',  ( 1.000000000000000000, 0.000000000000000000, -0.000000000000000000 ) ) ;
#7298 = DIRECTION ( 'NONE',  ( -1.000000000000000000, 0.000000000000000000, 0.000000000000000000 ) ) ;
#7299 = CARTESIAN_POINT ( 'NONE',  ( -18.53370026961260919, -27.99488651150514684, 1002.895356524056183 ) ) ;
#7300 = EDGE_CURVE ( 'NONE', #5055, #7445, #10191, .T. ) ;
#7301 = EDGE_LOOP ( 'NONE', ( #7394, #4176, #2588, #1065 ) ) ;
#7302 = CARTESIAN_POINT ( 'NONE',  ( -26.06280045117008370, -27.29353957469461633, 1001.589854247018025 ) ) ;
#7303 = ORIENTED_EDGE ( 'NONE', *, *, #7651, .T. ) ;
#7304 = CARTESIAN_POINT ( 'NONE',  ( -16.49221888768838085, 5.981144476670398724, 995.9916601271909258 ) ) ;
#7305 = ORIENTED_EDGE ( 'NONE', *, *, #10630, .T. ) ;
#7306 = CARTESIAN_POINT ( 'NONE',  ( -27.26771300448400126, 8.655756606077503079, 997.1916601271909713 ) ) ;
#7307 = CIRCLE ( 'NONE', #3349, 1.649999999999998579 ) ;
#7308 = CARTESIAN_POINT ( 'NONE',  ( -26.10035167247650278, -27.58225733130899826, 1001.815518504411557 ) ) ;
#7309 = CARTESIAN_POINT ( 'NONE',  ( -13.34614908609573902, 23.54630865251755978, 983.4916601271910395 ) ) ;
#7310 = CARTESIAN_POINT ( 'NONE',  ( -14.40629298737536068, 4.136190735689398323, 998.0463697365294138 ) ) ;
#7311 = EDGE_CURVE ( 'NONE', #956, #1261, #5448, .T. ) ;
#7312 = CARTESIAN_POINT ( 'NONE',  ( -19.41771300448399273, 26.01981126762379759, 992.0329098013223756 ) ) ;
#7313 = ADVANCED_FACE ( 'NONE', ( #2812 ), #8692, .F. ) ;
#7314 = VERTEX_POINT ( 'NONE', #10297 ) ;
#7315 = CARTESIAN_POINT ( 'NONE',  ( -25.20114276020493804, 25.24948002259734992, 989.5222063715976901 ) ) ;
#7316 = ADVANCED_FACE ( 'NONE', ( #8523 ), #3667, .F. ) ;
#7317 = CARTESIAN_POINT ( 'NONE',  ( -23.66271300448400439, -27.76898028233399174, 999.7219585360270457 ) ) ;
#7318 =( BOUNDED_CURVE ( )  B_SPLINE_CURVE ( 3, ( #9195, #866, #8362, #9839 ),
 .UNSPECIFIED., .F., .T. ) 
 B_SPLINE_CURVE_WITH_KNOTS ( ( 4, 4 ),
 ( 6.164500429290995953, 6.283185307179586232 ),
 .UNSPECIFIED. ) 
 CURVE ( )  GEOMETRIC_REPRESENTATION_ITEM ( )  RATIONAL_B_SPLINE_CURVE ( ( 1.000000000000000000, 0.9988265027490236259, 0.9988265027490236259, 1.000000000000000000 ) ) 
 REPRESENTATION_ITEM ( '' )  );
#7319 = AXIS2_PLACEMENT_3D ( 'NONE', #6120, #7160, #3803 ) ;
#7320 = CARTESIAN_POINT ( 'NONE',  ( -37.26771300448400126, 13.64413097241205186, 956.7212035758847151 ) ) ;
#7321 = EDGE_CURVE ( 'NONE', #7918, #10054, #2236, .T. ) ;
#7322 = LINE ( 'NONE', #6676, #3448 ) ;
#7323 = PLANE ( 'NONE',  #6068 ) ;
#7324 = CARTESIAN_POINT ( 'NONE',  ( -24.26771282526732421, 44.22206330434124055, 986.5916604856245158 ) ) ;
#7325 = ADVANCED_FACE ( 'NONE', ( #1294 ), #1945, .F. ) ;
#7326 = CARTESIAN_POINT ( 'NONE',  ( -9.667713004483886152, 27.08332287099070967, 990.4916601271910395 ) ) ;
#7327 = DIRECTION ( 'NONE',  ( 0.000000000000000000, 0.000000000000000000, -1.000000000000000000 ) ) ;
#7328 = EDGE_CURVE ( 'NONE', #5934, #8640, #4640, .T. ) ;
#7329 = DIRECTION ( 'NONE',  ( -1.000000000000000000, 0.000000000000000000, 0.000000000000000000 ) ) ;
#7330 = EDGE_LOOP ( 'NONE', ( #9909, #8844, #2946, #503 ) ) ;
#7331 = CIRCLE ( 'NONE', #4748, 1.649999999999998579 ) ;
#7332 = ORIENTED_EDGE ( 'NONE', *, *, #3539, .F. ) ;
#7333 = CARTESIAN_POINT ( 'NONE',  ( -27.21964398940070140, 2.904340810528530881, 1000.991660127191153 ) ) ;
#7334 = ORIENTED_EDGE ( 'NONE', *, *, #5845, .F. ) ;
#7335 = ORIENTED_EDGE ( 'NONE', *, *, #8718, .F. ) ;
#7336 = CARTESIAN_POINT ( 'NONE',  ( -32.33242949773512720, 2.909556577904907737, 996.4578041126441121 ) ) ;
#7337 = ADVANCED_FACE ( 'NONE', ( #320 ), #2862, .T. ) ;
#7338 = ORIENTED_EDGE ( 'NONE', *, *, #858, .T. ) ;
#7339 = CARTESIAN_POINT ( 'NONE',  ( -17.17646504421857045, 5.527774965752498382, 1001.397970966729758 ) ) ;
#7340 = CARTESIAN_POINT ( 'NONE',  ( -28.71577430776599016, 26.01981126762374430, 987.2916601271911077 ) ) ;
#7341 = CARTESIAN_POINT ( 'NONE',  ( -22.26771300448400126, -12.47773340385700003, 1000.991660127190926 ) ) ;
#7342 = DIRECTION ( 'NONE',  ( -0.7071067811865909825, -8.893702424523969317E-14, 0.7071067811865039410 ) ) ;
#7343 = VECTOR ( 'NONE', #437, 1000.000000000000000 ) ;
#7344 = CARTESIAN_POINT ( 'NONE',  ( 0.000000000000000000, 26.05339869864173608, 987.2916601271909940 ) ) ;
#7345 = ORIENTED_EDGE ( 'NONE', *, *, #8436, .T. ) ;
#7346 = ORIENTED_EDGE ( 'NONE', *, *, #10560, .T. ) ;
#7347 = CARTESIAN_POINT ( 'NONE',  ( -24.26858618637059095, -28.81621300354989756, 1001.086898358974281 ) ) ;
#7348 = VERTEX_POINT ( 'NONE', #6140 ) ;
#7349 = PLANE ( 'NONE',  #9231 ) ;
#7350 = CARTESIAN_POINT ( 'NONE',  ( -32.06771300448400552, 29.52206337602792630, 983.4916601271910395 ) ) ;
#7351 = EDGE_CURVE ( 'NONE', #253, #9798, #4452, .T. ) ;
#7352 = DIRECTION ( 'NONE',  ( 0.000000000000000000, -1.000000000000000000, 0.000000000000000000 ) ) ;
#7353 = FACE_OUTER_BOUND ( 'NONE', #4839, .T. ) ;
#7354 = CARTESIAN_POINT ( 'NONE',  ( -18.96406845345597603, -28.95556378397230191, 1002.895356525875172 ) ) ;
#7355 = CIRCLE ( 'NONE', #3388, 1.650000000000000355 ) ;
#7356 = ORIENTED_EDGE ( 'NONE', *, *, #6012, .F. ) ;
#7357 = CARTESIAN_POINT ( 'NONE',  ( -14.88150198353026887, 20.13927635356379753, 997.2151369657789246 ) ) ;
#7358 = VERTEX_POINT ( 'NONE', #7815 ) ;
#7359 = AXIS2_PLACEMENT_3D ( 'NONE', #581, #8951, #2313 ) ;
#7360 = DIRECTION ( 'NONE',  ( 0.000000000000000000, 0.000000000000000000, 1.000000000000000000 ) ) ;
#7361 = EDGE_CURVE ( 'NONE', #2680, #7708, #7069, .T. ) ;
#7362 = EDGE_CURVE ( 'NONE', #7482, #4688, #7026, .T. ) ;
#7363 = CARTESIAN_POINT ( 'NONE',  ( -27.72424947096543235, 35.62769052135655556, 1003.491660127191039 ) ) ;
#7364 = CARTESIAN_POINT ( 'NONE',  ( -32.26771300448400126, 8.655756606077503079, 995.9916601271909258 ) ) ;
#7365 = CARTESIAN_POINT ( 'NONE',  ( -19.41771300448399984, 27.79425031086804410, 990.1655757421901853 ) ) ;
#7366 = EDGE_CURVE ( 'NONE', #3285, #966, #5507, .T. ) ;
#7367 = ORIENTED_EDGE ( 'NONE', *, *, #6853, .F. ) ;
#7368 = CARTESIAN_POINT ( 'NONE',  ( -18.44622886930665473, 18.44622886930664407, 987.2916601271909940 ) ) ;
#7369 = LINE ( 'NONE', #10657, #9689 ) ;
#7370 = CIRCLE ( 'NONE', #5134, 1.649999999999998579 ) ;
#7371 = DIRECTION ( 'NONE',  ( -1.000000000000000000, 0.000000000000000000, 0.000000000000000000 ) ) ;
#7372 = CARTESIAN_POINT ( 'NONE',  ( -28.04320712127961812, 5.981144476670402277, 997.1916601271909713 ) ) ;
#7373 = CARTESIAN_POINT ( 'NONE',  ( -16.19540821846402778, 2.948175021656438410, 1000.992194103246220 ) ) ;
#7374 = CARTESIAN_POINT ( 'NONE',  ( -26.77567722981070020, 18.99128709631768430, 1003.491660127191267 ) ) ;
#7375 = B_SPLINE_CURVE_WITH_KNOTS ( 'NONE', 3,
 ( #4319, #6702, #2548, #9294, #10039, #9989, #7443, #3460 ),
 .UNSPECIFIED., .F., .F.,
 ( 4, 2, 2, 4 ),
 ( 0.000000000000000000, 0.0005813133575832117074, 0.0008719700363747553279, 0.001162626715166298948 ),
 .UNSPECIFIED. ) ;
#7376 = CARTESIAN_POINT ( 'NONE',  ( 0.000000000000000000, 43.92206366277464724, 1016.641658718408394 ) ) ;
#7377 = ADVANCED_FACE ( 'NONE', ( #6510 ), #8964, .T. ) ;
#7378 = ORIENTED_EDGE ( 'NONE', *, *, #5907, .F. ) ;
#7379 = EDGE_LOOP ( 'NONE', ( #6895, #7080, #2750, #9295 ) ) ;
#7380 = ORIENTED_EDGE ( 'NONE', *, *, #5861, .T. ) ;
#7381 = ORIENTED_EDGE ( 'NONE', *, *, #10404, .F. ) ;
#7382 = CARTESIAN_POINT ( 'NONE',  ( -19.41771300448399629, 28.65078648887835300, 993.1916601271910849 ) ) ;
#7383 = EDGE_CURVE ( 'NONE', #8570, #7714, #5699, .T. ) ;
#7384 = VERTEX_POINT ( 'NONE', #7977 ) ;
#7385 = CARTESIAN_POINT ( 'NONE',  ( -8.749069095906602200, -1.309237434493399244, 999.4916601271909258 ) ) ;
#7386 = CARTESIAN_POINT ( 'NONE',  ( -12.46771300448399344, 38.02206337602792274, 1003.491660127191039 ) ) ;
#7387 = CARTESIAN_POINT ( 'NONE',  ( -15.81965170120199993, 26.01981126762380825, 987.2916601271909940 ) ) ;
#7388 = AXIS2_PLACEMENT_3D ( 'NONE', #2773, #6213, #6051 ) ;
#7389 = LINE ( 'NONE', #10085, #6731 ) ;
#7390 = FACE_BOUND ( 'NONE', #7440, .T. ) ;
#7391 = LINE ( 'NONE', #8201, #6009 ) ;
#7392 = ORIENTED_EDGE ( 'NONE', *, *, #4576, .F. ) ;
#7393 = CARTESIAN_POINT ( 'NONE',  ( -26.07500618468215592, -27.57982222083080970, 1001.819736239481813 ) ) ;
#7394 = ORIENTED_EDGE ( 'NONE', *, *, #2129, .T. ) ;
#7395 = CARTESIAN_POINT ( 'NONE',  ( -19.33428324876304671, 25.24948002259737478, 988.9916601271910395 ) ) ;
#7396 = CARTESIAN_POINT ( 'NONE',  ( -31.04785556663491164, 23.68773000875482637, 983.4916601271910395 ) ) ;
#7397 = CARTESIAN_POINT ( 'NONE',  ( -30.41771300448400694, 29.52206337602792630, 983.4916601271910395 ) ) ;
#7398 = EDGE_CURVE ( 'NONE', #5620, #3028, #8868, .T. ) ;
#7399 = FACE_OUTER_BOUND ( 'NONE', #3554, .T. ) ;
#7400 = CIRCLE ( 'NONE', #5522, 2.250000000000001776 ) ;
#7401 = CYLINDRICAL_SURFACE ( 'NONE', #6406, 0.9999999999999906741 ) ;
#7402 = DIRECTION ( 'NONE',  ( -1.335737076502141463E-16, -1.144917494144692682E-16, -1.000000000000000000 ) ) ;
#7403 = VERTEX_POINT ( 'NONE', #4744 ) ;
#7404 = CARTESIAN_POINT ( 'NONE',  ( -19.71771300448400055, 3.357757825279103159, 1003.491660127191039 ) ) ;
#7405 = ORIENTED_EDGE ( 'NONE', *, *, #1452, .T. ) ;
#7406 = VERTEX_POINT ( 'NONE', #1610 ) ;
#7407 = DIRECTION ( 'NONE',  ( -0.000000000000000000, -0.000000000000000000, 1.000000000000000000 ) ) ;
#7408 = CYLINDRICAL_SURFACE ( 'NONE', #4741, 10.00000000000000178 ) ;
#7409 = FACE_OUTER_BOUND ( 'NONE', #8006, .T. ) ;
#7410 = CARTESIAN_POINT ( 'NONE',  ( -36.06771300448401263, 44.52206366277465577, 1002.291660127190994 ) ) ;
#7411 = VECTOR ( 'NONE', #6652, 1000.000000000000000 ) ;
#7412 = LINE ( 'NONE', #3224, #5634 ) ;
#7413 = ORIENTED_EDGE ( 'NONE', *, *, #9201, .T. ) ;
#7414 = PLANE ( 'NONE',  #3911 ) ;
#7415 = DIRECTION ( 'NONE',  ( 0.5773502691896823524, 0.5773502691896775785, 0.5773502691895172623 ) ) ;
#7416 = CARTESIAN_POINT ( 'NONE',  ( -20.87271300448400169, -26.70791218717139870, 1003.329928717408848 ) ) ;
#7417 = CARTESIAN_POINT ( 'NONE',  ( -18.22189772122649387, -28.66654040200510067, 1002.593296374451256 ) ) ;
#7418 = PLANE ( 'NONE',  #9703 ) ;
#7419 = CARTESIAN_POINT ( 'NONE',  ( -33.69820614637730927, 33.56340317851060462, 983.7916601271909940 ) ) ;
#7420 = ADVANCED_FACE ( 'NONE', ( #1411 ), #7323, .F. ) ;
#7421 = AXIS2_PLACEMENT_3D ( 'NONE', #7387, #10676, #2490 ) ;
#7422 = LINE ( 'NONE', #5863, #7706 ) ;
#7423 = VECTOR ( 'NONE', #5547, 1000.000000000000000 ) ;
#7424 = ORIENTED_EDGE ( 'NONE', *, *, #8169, .F. ) ;
#7425 = VERTEX_POINT ( 'NONE', #8128 ) ;
#7426 = ORIENTED_EDGE ( 'NONE', *, *, #5822, .F. ) ;
#7427 = ORIENTED_EDGE ( 'NONE', *, *, #3450, .T. ) ;
#7428 = VERTEX_POINT ( 'NONE', #9612 ) ;
#7429 = DIRECTION ( 'NONE',  ( 0.000000000000000000, 0.000000000000000000, -1.000000000000000000 ) ) ;
#7430 = VERTEX_POINT ( 'NONE', #3877 ) ;
#7431 = DIRECTION ( 'NONE',  ( 0.7071067811865461294, 0.7071067811865489050, -0.000000000000000000 ) ) ;
#7432 = DIRECTION ( 'NONE',  ( 0.1903093807078929944, 0.9631015934101430087, -0.1903093807078929944 ) ) ;
#7433 = VECTOR ( 'NONE', #4356, 1000.000000000000000 ) ;
#7434 = VECTOR ( 'NONE', #10236, 1000.000000000000000 ) ;
#7435 = CARTESIAN_POINT ( 'NONE',  ( -18.77311321617959194, -28.38647986532109968, 1001.824733954718113 ) ) ;
#7436 = DIRECTION ( 'NONE',  ( -1.000000000000000000, 0.000000000000000000, 0.000000000000000000 ) ) ;
#7437 = EDGE_CURVE ( 'NONE', #8846, #9046, #8980, .T. ) ;
#7438 = CARTESIAN_POINT ( 'NONE',  ( -16.78242989951912989, 36.93207555131017727, 1014.306158709955753 ) ) ;
#7439 = EDGE_CURVE ( 'NONE', #5918, #4495, #744, .T. ) ;
#7440 = EDGE_LOOP ( 'NONE', ( #2334, #7969 ) ) ;
#7441 = VECTOR ( 'NONE', #10454, 1000.000000000000114 ) ;
#7442 = ORIENTED_EDGE ( 'NONE', *, *, #5458, .F. ) ;
#7443 = CARTESIAN_POINT ( 'NONE',  ( -22.11258978553498622, 28.82248046435868361, 990.4916601271908121 ) ) ;
#7444 = ORIENTED_EDGE ( 'NONE', *, *, #1033, .T. ) ;
#7446 = EDGE_CURVE ( 'NONE', #8000, #3072, #4777, .T. ) ;
#7445 = VERTEX_POINT ( 'NONE', #3928 ) ;
#7447 = CARTESIAN_POINT ( 'NONE',  ( -10.26771300448410074, 30.57414358537394250, 1003.491660127191039 ) ) ;
#7448 = CARTESIAN_POINT ( 'NONE',  ( -44.18771300448400297, -10.47773340385700003, 995.9916601271909258 ) ) ;
#7449 = DIRECTION ( 'NONE',  ( 0.7052447360823922429, -0.7089639357739412340, 0.000000000000000000 ) ) ;
#7450 = EDGE_CURVE ( 'NONE', #8513, #8973, #3177, .T. ) ;
#7451 = FACE_OUTER_BOUND ( 'NONE', #6938, .T. ) ;
#7452 = AXIS2_PLACEMENT_3D ( 'NONE', #9262, #9209, #5846 ) ;
#7453 = CARTESIAN_POINT ( 'NONE',  ( -18.01877189209509211, 1.282124051678499077, 1002.241660127191039 ) ) ;
#7454 = CARTESIAN_POINT ( 'NONE',  ( -29.70166212224984648, 31.01657034268787072, 1003.491660127191039 ) ) ;
#7455 = ORIENTED_EDGE ( 'NONE', *, *, #4691, .T. ) ;
#7456 = CARTESIAN_POINT ( 'NONE',  ( -19.71771300448400055, 2.557757825279101116, 1000.991660127190926 ) ) ;
#7457 = VERTEX_POINT ( 'NONE', #5807 ) ;
#7458 = VERTEX_POINT ( 'NONE', #3385 ) ;
#7459 = CARTESIAN_POINT ( 'NONE',  ( -14.11771300448399380, 39.67206337602792132, 1016.641658718408394 ) ) ;
#7460 = ADVANCED_FACE ( 'NONE', ( #3437 ), #7472, .T. ) ;
#7461 = CARTESIAN_POINT ( 'NONE',  ( -22.42279646286692696, 28.82323270136718207, 990.4916601271910395 ) ) ;
#7462 = LINE ( 'NONE', #938, #7127 ) ;
#7463 = CARTESIAN_POINT ( 'NONE',  ( -19.41771300448399629, 28.91940829628347132, 993.1916601271910849 ) ) ;
#7464 = ORIENTED_EDGE ( 'NONE', *, *, #4284, .T. ) ;
#7465 = DIRECTION ( 'NONE',  ( -0.000000000000000000, -0.000000000000000000, 1.000000000000000000 ) ) ;
#7466 = EDGE_LOOP ( 'NONE', ( #3042, #324, #9426, #5413 ) ) ;
#7467 = CARTESIAN_POINT ( 'NONE',  ( -26.42414674003250852, -26.60630482423889731, 1001.192804709985353 ) ) ;
#7468 = CARTESIAN_POINT ( 'NONE',  ( -13.50687258643293198, 0.1631556143032002193, 1000.991660127190926 ) ) ;
#7469 = DIRECTION ( 'NONE',  ( 0.000000000000000000, 0.000000000000000000, 1.000000000000000000 ) ) ;
#7470 = LINE ( 'NONE', #838, #4985 ) ;
#7471 = ADVANCED_FACE ( 'NONE', ( #8231 ), #6457, .T. ) ;
#7472 = CYLINDRICAL_SURFACE ( 'NONE', #6590, 0.6000000000000033085 ) ;
#7473 = LINE ( 'NONE', #1772, #8639 ) ;
#7474 = VECTOR ( 'NONE', #2406, 1000.000000000000114 ) ;
#7475 = CARTESIAN_POINT ( 'NONE',  ( -15.43755395070740200, -26.25791218717159836, 1000.991660127190926 ) ) ;
#7476 = EDGE_LOOP ( 'NONE', ( #2632, #5, #2312, #5330 ) ) ;
#7477 = ORIENTED_EDGE ( 'NONE', *, *, #8030, .T. ) ;
#7478 = ORIENTED_EDGE ( 'NONE', *, *, #7982, .F. ) ;
#7479 = ORIENTED_EDGE ( 'NONE', *, *, #9646, .T. ) ;
#7480 = EDGE_LOOP ( 'NONE', ( #8887, #8345 ) ) ;
#7481 = DIRECTION ( 'NONE',  ( 0.7071067811865460184, 0.000000000000000000, 0.7071067811865487940 ) ) ;
#7482 = VERTEX_POINT ( 'NONE', #2637 ) ;
#7483 = DIRECTION ( 'NONE',  ( -0.7071067811865463515, 0.7071067811865487940, 0.000000000000000000 ) ) ;
#7484 = EDGE_CURVE ( 'NONE', #929, #3432, #8131, .T. ) ;
#7485 = CARTESIAN_POINT ( 'NONE',  ( -18.60425603223221458, -28.42510872605919658, 1002.041012944526074 ) ) ;
#7486 = B_SPLINE_SURFACE_WITH_KNOTS ( 'NONE', 3, 3, ( 
 ( #4402, #7685, #7050, #8067 ),
 ( #2253, #520, #6392, #3962 ),
 ( #1389, #8732, #4730, #9750 ),
 ( #1334, #2148, #5429, #3858 ),
 ( #4675, #9702, #7258, #7210 ) ),
 .UNSPECIFIED., .F., .F., .F.,
 ( 4, 1, 4 ),
 ( 4, 4 ),
 ( 0.000000000000000000, 0.5000000000000000000, 1.000000000000000000 ),
 ( -0.08119383265239950298, 0.08119383265239910052 ),
 .UNSPECIFIED. ) ;
#7487 = CARTESIAN_POINT ( 'NONE',  ( -25.90910400441120132, -27.45927310119098763, 1001.449083639051082 ) ) ;
#7488 = VECTOR ( 'NONE', #3531, 1000.000000000000114 ) ;
#7489 = DIRECTION ( 'NONE',  ( 0.000000000000000000, 0.000000000000000000, 1.000000000000000000 ) ) ;
#7490 = ORIENTED_EDGE ( 'NONE', *, *, #7062, .F. ) ;
#7491 = LINE ( 'NONE', #2655, #148 ) ;
#7492 = VERTEX_POINT ( 'NONE', #4942 ) ;
#7493 = CARTESIAN_POINT ( 'NONE',  ( -25.19312065570303005, 25.28680466049874198, 989.6991032893282636 ) ) ;
#7494 = VERTEX_POINT ( 'NONE', #9169 ) ;
#7495 = ORIENTED_EDGE ( 'NONE', *, *, #1260, .T. ) ;
#7496 = DIRECTION ( 'NONE',  ( -0.000000000000000000, -0.000000000000000000, 1.000000000000000000 ) ) ;
#7497 = CARTESIAN_POINT ( 'NONE',  ( -10.81771300448399309, 39.67206337602792132, 1016.641658718408394 ) ) ;
#7498 = CARTESIAN_POINT ( 'NONE',  ( 2.073195433533996823, -6.984639884534449727, 995.9916601271909258 ) ) ;
#7499 = CARTESIAN_POINT ( 'NONE',  ( -9.667713004483884376, 27.08332287099070967, 988.0916604856245158 ) ) ;
#7500 = LINE ( 'NONE', #8365, #7411 ) ;
#7501 = CARTESIAN_POINT ( 'NONE',  ( -24.06771270578949284, 44.02206318486348380, 987.6916602466687891 ) ) ;
#7502 = DIRECTION ( 'NONE',  ( 0.6785983445459327079, -0.2810846377148762398, 0.6785983445457381968 ) ) ;
#7503 =( BOUNDED_SURFACE ( )  B_SPLINE_SURFACE ( 3, 2, ( 
 ( #1049, #4569, #10121 ),
 ( #5318, #7849, #7798 ),
 ( #10228, #3489, #2843 ),
 ( #2738, #9322, #7739 ),
 ( #8558, #300, #6016 ),
 ( #3646, #3698, #1923 ),
 ( #6885, #1160, #353 ),
 ( #6175, #6777, #2681 ),
 ( #9427, #8615, #8503 ),
 ( #5962, #5212, #4515 ) ),
 .UNSPECIFIED., .F., .F., .T. ) 
 B_SPLINE_SURFACE_WITH_KNOTS ( ( 4, 2, 2, 2, 4 ),
 ( 3, 3 ),
 ( 0.01369296866167046475, 0.01448814338926708578, 0.01528331811686370854, 0.01607849284446033131, 0.01687366757205695234 ),
 ( 0.000000000000000000, 1.000000000000000000 ),
 .UNSPECIFIED. ) 
 GEOMETRIC_REPRESENTATION_ITEM ( )  RATIONAL_B_SPLINE_SURFACE ( (
 ( 1.000000000000000000, 0.7071067811865475727, 1.000000000000000000),
 ( 1.000000000000000000, 0.7077734542387488226, 1.000000000000000000),
 ( 1.000000000000000000, 0.7085300557119744713, 1.000000000000000000),
 ( 1.000000000000000000, 0.7103378797537183154, 1.000000000000000000),
 ( 1.000000000000000000, 0.7114007177910114388, 1.000000000000000000),
 ( 1.000000000000000000, 0.7139240580071760656, 1.000000000000000000),
 ( 1.000000000000000000, 0.7153820485023787423, 1.000000000000000000),
 ( 1.000000000000000000, 0.7189304403436089785, 1.000000000000000000),
 ( 1.000000000000000000, 0.7210442279566706691, 1.000000000000000000),
 ( 1.000000000000000000, 0.7235312067098969013, 1.000000000000000000) ) ) 
 REPRESENTATION_ITEM ( '' )  SURFACE ( )  );
#7504 = DIRECTION ( 'NONE',  ( -0.000000000000000000, 1.000000000000000000, -0.000000000000000000 ) ) ;
#7505 = VECTOR ( 'NONE', #1177, 1000.000000000000000 ) ;
#7506 = ORIENTED_EDGE ( 'NONE', *, *, #2782, .F. ) ;
#7507 = CARTESIAN_POINT ( 'NONE',  ( -22.11771300448399558, 43.02206366277465577, 990.4916601271910395 ) ) ;
#7508 = ORIENTED_EDGE ( 'NONE', *, *, #10339, .F. ) ;
#7509 = EDGE_CURVE ( 'NONE', #7725, #9389, #3322, .T. ) ;
#7510 = ORIENTED_EDGE ( 'NONE', *, *, #2827, .F. ) ;
#7511 = ADVANCED_FACE ( 'NONE', ( #5102 ), #7418, .T. ) ;
#7512 = CARTESIAN_POINT ( 'NONE',  ( -29.81771300448400908, 29.52206337602792630, 1003.491660127191039 ) ) ;
#7513 = CARTESIAN_POINT ( 'NONE',  ( -27.33806087023161524, 14.82819536793159365, 997.2620079929386065 ) ) ;
#7514 = EDGE_CURVE ( 'NONE', #4756, #5601, #4995, .T. ) ;
#7515 = AXIS2_PLACEMENT_3D ( 'NONE', #9113, #4244, #6675 ) ;
#7516 = EDGE_CURVE ( 'NONE', #4899, #9074, #8283, .T. ) ;
#7517 = CARTESIAN_POINT ( 'NONE',  ( -20.51771300448400126, 3.357757825279103159, 1003.491660127191039 ) ) ;
#7518 = DIRECTION ( 'NONE',  ( -0.000000000000000000, -0.000000000000000000, 1.000000000000000000 ) ) ;
#7519 = EDGE_CURVE ( 'NONE', #3498, #253, #4193, .T. ) ;
#7520 = AXIS2_PLACEMENT_3D ( 'NONE', #4254, #7538, #8400 ) ;
#7521 = CARTESIAN_POINT ( 'NONE',  ( -19.33931510996959702, 25.27274695963281559, 989.5567310947942588 ) ) ;
#7522 = ORIENTED_EDGE ( 'NONE', *, *, #6696, .F. ) ;
#7523 = CARTESIAN_POINT ( 'NONE',  ( -26.20873824366467986, -26.85153137703414217, 1001.334386326254275 ) ) ;
#7524 = CARTESIAN_POINT ( 'NONE',  ( -34.26771264605072531, 43.92206330434124339, 987.4916601271910395 ) ) ;
#7525 = PLANE ( 'NONE',  #8039 ) ;
#7526 = CARTESIAN_POINT ( 'NONE',  ( -32.06771300448400552, 36.37206337602792416, 1013.641658718408507 ) ) ;
#7527 = CARTESIAN_POINT ( 'NONE',  ( -27.09512906514371267, -26.71158709784399932, 1000.537985216518564 ) ) ;
#7528 = VECTOR ( 'NONE', #4069, 1000.000000000000000 ) ;
#7529 = CARTESIAN_POINT ( 'NONE',  ( -11.21639305868349368, 33.50496801225766319, 983.4916601271910395 ) ) ;
#7530 = EDGE_CURVE ( 'NONE', #6055, #8320, #7057, .T. ) ;
#7531 = B_SPLINE_CURVE_WITH_KNOTS ( 'NONE', 3,
 ( #7554, #4322, #1687, #10042, #920, #10147, #1844, #227, #3356, #4219 ),
 .UNSPECIFIED., .F., .F.,
 ( 4, 2, 2, 2, 4 ),
 ( 0.000000000000000000, 0.0004983510544871762316, 0.0009967021089743524631, 0.001495053163461528695, 0.001993404217948704926 ),
 .UNSPECIFIED. ) ;
#7532 = ORIENTED_EDGE ( 'NONE', *, *, #4816, .F. ) ;
#7533 = ORIENTED_EDGE ( 'NONE', *, *, #5673, .F. ) ;
#7534 = VERTEX_POINT ( 'NONE', #6948 ) ;
#7535 = ORIENTED_EDGE ( 'NONE', *, *, #4954, .T. ) ;
#7536 = AXIS2_PLACEMENT_3D ( 'NONE', #377, #10140, #1947 ) ;
#7537 = ORIENTED_EDGE ( 'NONE', *, *, #3174, .T. ) ;
#7538 = DIRECTION ( 'NONE',  ( 0.000000000000000000, 0.000000000000000000, 1.000000000000000000 ) ) ;
#7539 = AXIS2_PLACEMENT_3D ( 'NONE', #9035, #7903, #517 ) ;
#7540 = VERTEX_POINT ( 'NONE', #8738 ) ;
#7541 = CARTESIAN_POINT ( 'NONE',  ( -18.96406845345597603, -28.95556378397230191, 1002.895356525875172 ) ) ;
#7542 = CARTESIAN_POINT ( 'NONE',  ( -11.70035452035041423, 2.561197671881187077, 996.0714424826992399 ) ) ;
#7543 = DIRECTION ( 'NONE',  ( 0.000000000000000000, 0.000000000000000000, 1.000000000000000000 ) ) ;
#7544 = CARTESIAN_POINT ( 'NONE',  ( -27.26771300448400126, 13.64413097241205186, 1002.291660127190994 ) ) ;
#7545 = VECTOR ( 'NONE', #7204, 1000.000000000000000 ) ;
#7546 = B_SPLINE_CURVE_WITH_KNOTS ( 'NONE', 3,
 ( #640, #4082, #1660, #8175 ),
 .UNSPECIFIED., .F., .F.,
 ( 4, 4 ),
 ( -7.940520097590546278E-08, 0.0008729563938534265792 ),
 .UNSPECIFIED. ) ;
#7547 = DIRECTION ( 'NONE',  ( -0.7071067811865537900, -6.181723851755282076E-08, -0.7071067811865385799 ) ) ;
#7548 = ORIENTED_EDGE ( 'NONE', *, *, #7277, .T. ) ;
#7549 = LINE ( 'NONE', #6804, #3428 ) ;
#7550 = ORIENTED_EDGE ( 'NONE', *, *, #8148, .F. ) ;
#7551 = CARTESIAN_POINT ( 'NONE',  ( -22.60949524578235881, 27.73278400750431061, 989.9299831760868074 ) ) ;
#7552 = EDGE_LOOP ( 'NONE', ( #702, #5811, #4963 ) ) ;
#7553 = VECTOR ( 'NONE', #772, 1000.000000000000114 ) ;
#7554 = CARTESIAN_POINT ( 'NONE',  ( -23.45377336322340156, 27.22050958877564852, 988.0916604856245158 ) ) ;
#7555 = LINE ( 'NONE', #3463, #9164 ) ;
#7556 = CARTESIAN_POINT ( 'NONE',  ( -21.08165264574449793, 27.22050958877561655, 988.9916601271910395 ) ) ;
#7557 = DIRECTION ( 'NONE',  ( 0.7071067811865461294, 0.7071067811865489050, 0.000000000000000000 ) ) ;
#7558 = DIRECTION ( 'NONE',  ( -3.868740194890244000E-16, 1.000000000000000000, 0.000000000000000000 ) ) ;
#7559 = CARTESIAN_POINT ( 'NONE',  ( -0.3477130044840029410, -10.47773340385700003, 1004.591660127191176 ) ) ;
#7560 = DIRECTION ( 'NONE',  ( 1.000000000000000000, 0.000000000000000000, 0.000000000000000000 ) ) ;
#7561 = LINE ( 'NONE', #6764, #3551 ) ;
#7562 = ADVANCED_FACE ( 'NONE', ( #7689 ), #1930, .F. ) ;
#7563 = ORIENTED_EDGE ( 'NONE', *, *, #4224, .T. ) ;
#7564 = DIRECTION ( 'NONE',  ( -0.5696255148277687974, 0.8219043574876576663, 0.000000000000000000 ) ) ;
#7565 = ORIENTED_EDGE ( 'NONE', *, *, #8166, .T. ) ;
#7566 = ORIENTED_EDGE ( 'NONE', *, *, #2499, .F. ) ;
#7567 = CARTESIAN_POINT ( 'NONE',  ( -19.31755139363924911, 26.05339869864173608, 985.0416601271911077 ) ) ;
#7568 = CARTESIAN_POINT ( 'NONE',  ( -29.81771300448400552, 38.02206337602792274, 1000.991660127190926 ) ) ;
#7569 = VECTOR ( 'NONE', #2983, 1000.000000000000000 ) ;
#7570 = DIRECTION ( 'NONE',  ( -1.000000000000000000, 0.000000000000000000, 0.000000000000000000 ) ) ;
#7571 = DIRECTION ( 'NONE',  ( -0.5974353514352562788, -0.3782472747495115306, -0.7071067811865471286 ) ) ;
#7572 = VERTEX_POINT ( 'NONE', #10177 ) ;
#7573 = ADVANCED_FACE ( 'NONE', ( #6020 ), #358, .F. ) ;
#7574 = VECTOR ( 'NONE', #2164, 1000.000000000000000 ) ;
#7575 = DIRECTION ( 'NONE',  ( -0.000000000000000000, -0.000000000000000000, 1.000000000000000000 ) ) ;
#7576 = ORIENTED_EDGE ( 'NONE', *, *, #10050, .F. ) ;
#7577 = CARTESIAN_POINT ( 'NONE',  ( -17.26771300448400126, 13.64413097241205186, 1002.291660127190994 ) ) ;
#7578 = EDGE_CURVE ( 'NONE', #8310, #235, #2524, .T. ) ;
#7579 = DIRECTION ( 'NONE',  ( 1.000000000000000000, 0.000000000000000000, 0.000000000000000000 ) ) ;
#7580 = CARTESIAN_POINT ( 'NONE',  ( -18.47297981228107133, -26.81022251682459867, 1001.739453438092823 ) ) ;
#7581 = LINE ( 'NONE', #6782, #2771 ) ;
#7582 = CARTESIAN_POINT ( 'NONE',  ( -12.46771300448399344, 29.47981022745160828, 995.9916601271909258 ) ) ;
#7583 = AXIS2_PLACEMENT_3D ( 'NONE', #5078, #1848, #5133 ) ;
#7584 = EDGE_CURVE ( 'NONE', #7135, #2963, #7803, .T. ) ;
#7585 = CARTESIAN_POINT ( 'NONE',  ( -26.17983881960685011, -27.26734308495019832, 1001.574455327751707 ) ) ;
#7586 = ORIENTED_EDGE ( 'NONE', *, *, #8044, .T. ) ;
#7587 = ORIENTED_EDGE ( 'NONE', *, *, #5714, .F. ) ;
#7589 = ORIENTED_EDGE ( 'NONE', *, *, #10353, .T. ) ;
#7588 = AXIS2_PLACEMENT_3D ( 'NONE', #3257, #6538, #667 ) ;
#7590 = ORIENTED_EDGE ( 'NONE', *, *, #10609, .T. ) ;
#7591 = CARTESIAN_POINT ( 'NONE',  ( -18.89347994429043709, -28.41961847594730983, 1001.707210346611760 ) ) ;
#7592 = ORIENTED_EDGE ( 'NONE', *, *, #8729, .F. ) ;
#7593 = DIRECTION ( 'NONE',  ( 8.742277735063196173E-08, -0.9999999999999961142, 0.000000000000000000 ) ) ;
#7594 = ADVANCED_FACE ( 'NONE', ( #6836 ), #9483, .F. ) ;
#7595 = CARTESIAN_POINT ( 'NONE',  ( -23.66271300448400083, -28.26499943599120002, 1000.764811844528936 ) ) ;
#7596 = CARTESIAN_POINT ( 'NONE',  ( -18.68293006186283023, -28.79434480944929931, 1002.505886485388601 ) ) ;
#7597 = CARTESIAN_POINT ( 'NONE',  ( -25.25876875090412099, -28.00308941871525192, 1000.987241756254662 ) ) ;
#7598 = VECTOR ( 'NONE', #6945, 1000.000000000000000 ) ;
#7599 = DIRECTION ( 'NONE',  ( 0.000000000000000000, 0.000000000000000000, -1.000000000000000000 ) ) ;
#7600 = ORIENTED_EDGE ( 'NONE', *, *, #5115, .F. ) ;
#7601 = DIRECTION ( 'NONE',  ( -0.000000000000000000, -0.000000000000000000, -1.000000000000000000 ) ) ;
#7602 = ORIENTED_EDGE ( 'NONE', *, *, #664, .F. ) ;
#7603 = DIRECTION ( 'NONE',  ( -0.000000000000000000, -0.000000000000000000, -1.000000000000000000 ) ) ;
#7604 = ORIENTED_EDGE ( 'NONE', *, *, #992, .F. ) ;
#7605 = CIRCLE ( 'NONE', #4700, 18.37999999999999901 ) ;
#7606 = ORIENTED_EDGE ( 'NONE', *, *, #1541, .F. ) ;
#7607 = VECTOR ( 'NONE', #7949, 1000.000000000000000 ) ;
#7608 = LINE ( 'NONE', #117, #9061 ) ;
#7609 = FACE_OUTER_BOUND ( 'NONE', #6872, .T. ) ;
#7610 = LINE ( 'NONE', #1957, #2626 ) ;
#7611 = CARTESIAN_POINT ( 'NONE',  ( -27.70814919150743805, 2.767698785255761074, 999.6808734576848110 ) ) ;
#7612 = DIRECTION ( 'NONE',  ( -0.6503703809727728880, 0.7596172506949339098, 0.000000000000000000 ) ) ;
#7613 = CARTESIAN_POINT ( 'NONE',  ( -20.87271300448400169, -28.26499943599120002, 1000.764811844528936 ) ) ;
#7614 = CARTESIAN_POINT ( 'NONE',  ( -26.86771300448409860, 44.52206287596965950, 997.4916601271909258 ) ) ;
#7615 = CIRCLE ( 'NONE', #2980, 2.550000000000001155 ) ;
#7616 = ORIENTED_EDGE ( 'NONE', *, *, #482, .F. ) ;
#7617 = CARTESIAN_POINT ( 'NONE',  ( -26.01771300448400126, 2.557757825279101116, 995.9916601271909258 ) ) ;
#7618 = VERTEX_POINT ( 'NONE', #6126 ) ;
#7619 = ORIENTED_EDGE ( 'NONE', *, *, #6284, .F. ) ;
#7620 =( NAMED_UNIT ( * ) PLANE_ANGLE_UNIT ( ) SI_UNIT ( $, .RADIAN. ) );
#7621 = CARTESIAN_POINT ( 'NONE',  ( -15.81965170120199993, 26.01981126762380825, 990.4916601271910395 ) ) ;
#7622 = AXIS2_PLACEMENT_3D ( 'NONE', #3427, #1703, #184 ) ;
#7623 = ADVANCED_FACE ( 'NONE', ( #4463 ), #1248, .F. ) ;
#7624 = DIRECTION ( 'NONE',  ( 0.000000000000000000, 0.000000000000000000, 1.000000000000000000 ) ) ;
#7625 = CARTESIAN_POINT ( 'NONE',  ( -20.87271300448400169, -27.75452192318660138, 999.6274782762120594 ) ) ;
#7626 = ORIENTED_EDGE ( 'NONE', *, *, #2742, .T. ) ;
#7627 = LINE ( 'NONE', #6829, #3925 ) ;
#7628 = ORIENTED_EDGE ( 'NONE', *, *, #923, .T. ) ;
#7629 = CARTESIAN_POINT ( 'NONE',  ( -26.19981561817250437, -26.86515503137514571, 1001.342251946755368 ) ) ;
#7630 = DIRECTION ( 'NONE',  ( -1.000000000000000000, 0.000000000000000000, 0.000000000000000000 ) ) ;
#7631 = CARTESIAN_POINT ( 'NONE',  ( -17.98711633738864535, -26.51288098919156155, 1001.138660835068322 ) ) ;
#7632 = FACE_OUTER_BOUND ( 'NONE', #495, .T. ) ;
#7633 = EDGE_CURVE ( 'NONE', #7458, #1118, #6240, .T. ) ;
#7634 = CARTESIAN_POINT ( 'NONE',  ( -14.33162674035339457, 30.57414358537394250, 1003.491660127191039 ) ) ;
#7635 = DIRECTION ( 'NONE',  ( -0.000000000000000000, -0.000000000000000000, -1.000000000000000000 ) ) ;
#7636 = DIRECTION ( 'NONE',  ( 5.279727272661875445E-15, 0.8660254037844389297, -0.4999999999999994449 ) ) ;
#7637 = EDGE_CURVE ( 'NONE', #2693, #10108, #3546, .T. ) ;
#7638 = ORIENTED_EDGE ( 'NONE', *, *, #2703, .T. ) ;
#7639 = EDGE_LOOP ( 'NONE', ( #3899, #7479, #9069, #4144, #2960 ) ) ;
#7640 = EDGE_CURVE ( 'NONE', #1403, #5344, #3596, .T. ) ;
#7641 = DIRECTION ( 'NONE',  ( -0.9999999999999962252, -8.742277697854394053E-08, 0.000000000000000000 ) ) ;
#7642 = ADVANCED_FACE ( 'NONE', ( #5324 ), #415, .F. ) ;
#7643 = ORIENTED_EDGE ( 'NONE', *, *, #6940, .T. ) ;
#7644 = CARTESIAN_POINT ( 'NONE',  ( -27.55558378999238300, 36.90103791989151460, 1014.306158709955753 ) ) ;
#7645 = FACE_OUTER_BOUND ( 'NONE', #673, .T. ) ;
#7646 = CARTESIAN_POINT ( 'NONE',  ( -23.66271300448398662, -27.84868513457109884, 1000.327377599167676 ) ) ;
#7647 = EDGE_CURVE ( 'NONE', #7021, #8183, #10281, .T. ) ;
#7648 = CARTESIAN_POINT ( 'NONE',  ( -18.47271387495076311, -27.29356593300765965, 1001.589870234124191 ) ) ;
#7649 = CARTESIAN_POINT ( 'NONE',  ( -0.3477130044840012202, -10.47773340385700358, 997.9916601271909258 ) ) ;
#7650 = ADVANCED_FACE ( 'NONE', ( #2095 ), #8509, .F. ) ;
#7651 = EDGE_CURVE ( 'NONE', #1435, #8191, #7615, .T. ) ;
#7652 = CARTESIAN_POINT ( 'NONE',  ( -16.70500356812050313, 5.013470803441498092, 999.3621356611594138 ) ) ;
#7653 = ORIENTED_EDGE ( 'NONE', *, *, #5422, .F. ) ;
#7654 = DIRECTION ( 'NONE',  ( 0.000000000000000000, 1.284980352575395739E-15, -1.000000000000000000 ) ) ;
#7655 = ORIENTED_EDGE ( 'NONE', *, *, #3624, .T. ) ;
#7656 = ORIENTED_EDGE ( 'NONE', *, *, #6002, .F. ) ;
#7657 = B_SPLINE_CURVE_WITH_KNOTS ( 'NONE', 3,
 ( #635, #4984, #10598, #3222, #9053, #9156 ),
 .UNSPECIFIED., .F., .F.,
 ( 4, 2, 4 ),
 ( 4.906538933386797396E-18, 0.0009959908519138090111, 0.001991981703827612818 ),
 .UNSPECIFIED. ) ;
#7658 = DIRECTION ( 'NONE',  ( 2.312964634635826675E-15, 0.000000000000000000, 1.000000000000000000 ) ) ;
#7659 = DIRECTION ( 'NONE',  ( 0.000000000000000000, 0.000000000000000000, 1.000000000000000000 ) ) ;
#7660 = DIRECTION ( 'NONE',  ( -0.9999999999999961142, -8.742277697854392730E-08, 0.000000000000000000 ) ) ;
#7661 = LINE ( 'NONE', #230, #6489 ) ;
#7662 = CARTESIAN_POINT ( 'NONE',  ( -25.11771300448399202, 26.21453218671014085, 992.2179438608010287 ) ) ;
#7663 =( BOUNDED_CURVE ( )  B_SPLINE_CURVE ( 3, ( #7212, #3308, #10494, #10386 ),
 .UNSPECIFIED., .F., .F. ) 
 B_SPLINE_CURVE_WITH_KNOTS ( ( 4, 4 ),
 ( 3.924360942633292826, 4.015349885432559773 ),
 .UNSPECIFIED. ) 
 CURVE ( )  GEOMETRIC_REPRESENTATION_ITEM ( )  RATIONAL_B_SPLINE_CURVE ( ( 1.000000000000000000, 0.9993102033450451671, 0.9993102033450451671, 1.000000000000000000 ) ) 
 REPRESENTATION_ITEM ( '' )  );
#7664 = VECTOR ( 'NONE', #7197, 1000.000000000000000 ) ;
#7665 = DIRECTION ( 'NONE',  ( 1.000000000000000000, 0.000000000000000000, 0.000000000000000000 ) ) ;
#7666 = EDGE_CURVE ( 'NONE', #8303, #5524, #711, .T. ) ;
#7667 = ORIENTED_EDGE ( 'NONE', *, *, #6993, .T. ) ;
#7668 = CARTESIAN_POINT ( 'NONE',  ( -12.96934345070165406, 3.376754855379437537, 996.8665118398841969 ) ) ;
#7669 = ORIENTED_EDGE ( 'NONE', *, *, #1672, .F. ) ;
#7670 = VECTOR ( 'NONE', #4593, 1000.000000000000114 ) ;
#7671 = VERTEX_POINT ( 'NONE', #8564 ) ;
#7672 = ADVANCED_FACE ( 'NONE', ( #734 ), #10496, .F. ) ;
#7673 = B_SPLINE_CURVE_WITH_KNOTS ( 'NONE', 3,
 ( #9894, #1543, #8105, #7354 ),
 .UNSPECIFIED., .F., .F.,
 ( 4, 4 ),
 ( 0.000000000000000000, 1.000000000000000000 ),
 .UNSPECIFIED. ) ;
#7674 = CARTESIAN_POINT ( 'NONE',  ( -20.28339842943324101, 2.792072400329864923, 995.9916601271909258 ) ) ;
#7675 = DIRECTION ( 'NONE',  ( -1.000000000000000000, 0.000000000000000000, 0.000000000000000000 ) ) ;
#7676 = CARTESIAN_POINT ( 'NONE',  ( -19.41771300448399629, 43.02206366277465577, 993.1916601271910849 ) ) ;
#7677 = CYLINDRICAL_SURFACE ( 'NONE', #8857, 0.6000000000000008660 ) ;
#7678 = DIRECTION ( 'NONE',  ( -0.5773502691896984507, -0.5773502691895904260, -0.5773502691895883165 ) ) ;
#7679 = AXIS2_PLACEMENT_3D ( 'NONE', #5446, #3768, #538 ) ;
#7680 = ORIENTED_EDGE ( 'NONE', *, *, #9125, .F. ) ;
#7681 = CARTESIAN_POINT ( 'NONE',  ( -33.71771300448400410, 39.67206337602792132, 1016.641658718408394 ) ) ;
#7682 = EDGE_CURVE ( 'NONE', #253, #2678, #8486, .T. ) ;
#7683 = DIRECTION ( 'NONE',  ( -0.000000000000000000, -0.000000000000000000, 1.000000000000000000 ) ) ;
#7684 = ORIENTED_EDGE ( 'NONE', *, *, #10417, .T. ) ;
#7685 = CARTESIAN_POINT ( 'NONE',  ( -22.73475755914953211, -28.77675862044080191, 1001.060276147431182 ) ) ;
#7686 = AXIS2_PLACEMENT_3D ( 'NONE', #6564, #90, #7469 ) ;
#7687 = DIRECTION ( 'NONE',  ( 0.000000000000000000, 0.000000000000000000, 1.000000000000000000 ) ) ;
#7688 = CARTESIAN_POINT ( 'NONE',  ( -17.86771300448399913, 13.95910916343019892, 1002.891660127190903 ) ) ;
#7689 = FACE_OUTER_BOUND ( 'NONE', #3775, .T. ) ;
#7690 = CARTESIAN_POINT ( 'NONE',  ( -25.46244619668694043, -27.65791218717139799, 1002.377300773245906 ) ) ;
#7691 = DIRECTION ( 'NONE',  ( -0.5013132066024587052, 0.4986833352799767693, 0.7071067811865466846 ) ) ;
#7692 = CIRCLE ( 'NONE', #978, 1.850000000000028733 ) ;
#7693 = EDGE_CURVE ( 'NONE', #3089, #3443, #5545, .T. ) ;
#7694 = ORIENTED_EDGE ( 'NONE', *, *, #8496, .T. ) ;
#7695 = ORIENTED_EDGE ( 'NONE', *, *, #9771, .T. ) ;
#7696 = VERTEX_POINT ( 'NONE', #4784 ) ;
#7697 = CARTESIAN_POINT ( 'NONE',  ( -20.85635596880849008, -28.85200864086570149, 1001.103721766992294 ) ) ;
#7698 = ORIENTED_EDGE ( 'NONE', *, *, #817, .T. ) ;
#7699 = DIRECTION ( 'NONE',  ( -0.000000000000000000, -1.000000000000000000, 0.000000000000000000 ) ) ;
#7700 = DIRECTION ( 'NONE',  ( -0.000000000000000000, -0.000000000000000000, 1.000000000000000000 ) ) ;
#7701 = CARTESIAN_POINT ( 'NONE',  ( -19.01705412138283435, 44.48302267739302351, 989.3842819546573537 ) ) ;
#7702 = DIRECTION ( 'NONE',  ( 0.7071067811864616415, 0.000000000000000000, -0.7071067811866335040 ) ) ;
#7703 = DIRECTION ( 'NONE',  ( 1.000000000000000000, 0.000000000000000000, 0.000000000000000000 ) ) ;
#7704 = EDGE_CURVE ( 'NONE', #5055, #2760, #3009, .T. ) ;
#7705 = EDGE_CURVE ( 'NONE', #9068, #7671, #5596, .T. ) ;
#7706 = VECTOR ( 'NONE', #8969, 1000.000000000000000 ) ;
#7707 = VECTOR ( 'NONE', #8591, 1000.000000000000000 ) ;
#7708 = VERTEX_POINT ( 'NONE', #4882 ) ;
#7709 = CARTESIAN_POINT ( 'NONE',  ( -26.06353574442535148, -28.04391990927760503, 1002.631637538649670 ) ) ;
#7710 = EDGE_CURVE ( 'NONE', #966, #8973, #5495, .T. ) ;
#7711 = ORIENTED_EDGE ( 'NONE', *, *, #3280, .T. ) ;
#7712 = CARTESIAN_POINT ( 'NONE',  ( -25.76231279278841058, -28.38647986532109968, 1001.824733954718113 ) ) ;
#7713 = ORIENTED_EDGE ( 'NONE', *, *, #5254, .T. ) ;
#7714 = VERTEX_POINT ( 'NONE', #8071 ) ;
#7715 = LINE ( 'NONE', #5238, #1318 ) ;
#7716 = CARTESIAN_POINT ( 'NONE',  ( -48.25896098260335521, -11.59127116576238947, 998.5699754920990472 ) ) ;
#7717 = CARTESIAN_POINT ( 'NONE',  ( -26.03095561319583595, -27.57550351031184022, 1001.827216465523748 ) ) ;
#7718 = CARTESIAN_POINT ( 'NONE',  ( -15.12629732687106099, 19.82819536793157766, 997.2620079929384929 ) ) ;
#7719 = DIRECTION ( 'NONE',  ( 0.000000000000000000, 0.000000000000000000, 1.000000000000000000 ) ) ;
#7720 = ADVANCED_FACE ( 'NONE', ( #6290 ), #8904, .T. ) ;
#7721 = EDGE_LOOP ( 'NONE', ( #9999, #6965, #219, #2160 ) ) ;
#7722 = DIRECTION ( 'NONE',  ( -0.6785983445458464436, -0.2810846377148234487, 0.6785983445458463326 ) ) ;
#7723 = VECTOR ( 'NONE', #9148, 1000.000000000000114 ) ;
#7724 = ORIENTED_EDGE ( 'NONE', *, *, #1096, .T. ) ;
#7725 = VERTEX_POINT ( 'NONE', #4733 ) ;
#7726 = LINE ( 'NONE', #7567, #2889 ) ;
#7727 = FACE_OUTER_BOUND ( 'NONE', #4097, .T. ) ;
#7728 =( BOUNDED_CURVE ( )  B_SPLINE_CURVE ( 2, ( #2982, #5403, #2821 ),
 .UNSPECIFIED., .F., .T. ) 
 B_SPLINE_CURVE_WITH_KNOTS ( ( 3, 3 ),
 ( 0.000000000000000000, 0.01980186141574770062 ),
 .UNSPECIFIED. ) 
 CURVE ( )  GEOMETRIC_REPRESENTATION_ITEM ( )  RATIONAL_B_SPLINE_CURVE ( ( 1.000000000000000000, 1.007383030186369988, 1.014428647593149879 ) ) 
 REPRESENTATION_ITEM ( '' )  );
#7729 = ADVANCED_FACE ( 'NONE', ( #9599, #2208 ), #6451, .F. ) ;
#7730 = DIRECTION ( 'NONE',  ( -0.7071067811865465735, 0.7071067811865485719, 0.000000000000000000 ) ) ;
#7731 = EDGE_CURVE ( 'NONE', #7188, #8058, #5993, .T. ) ;
#7732 = CARTESIAN_POINT ( 'NONE',  ( -34.31771300448401263, 38.02206337602792274, 995.9916601271909258 ) ) ;
#7733 = CARTESIAN_POINT ( 'NONE',  ( -0.3477130044840029410, -10.47773340385700003, 995.9916601271909258 ) ) ;
#7734 = EDGE_LOOP ( 'NONE', ( #3092, #4564, #8557, #6294 ) ) ;
#7735 = CARTESIAN_POINT ( 'NONE',  ( -12.46771300448399344, 39.67206337602792132, 1003.491660127191039 ) ) ;
#7736 = CARTESIAN_POINT ( 'NONE',  ( -18.79247735962376353, -28.85055402455519769, 1002.491852182949287 ) ) ;
#7737 = CIRCLE ( 'NONE', #1387, 2.249999999999998668 ) ;
#7738 = VERTEX_POINT ( 'NONE', #10389 ) ;
#7739 = CARTESIAN_POINT ( 'NONE',  ( -22.09298593815510259, 28.54146496793551435, 990.4466281626124555 ) ) ;
#7740 = LINE ( 'NONE', #9480, #4507 ) ;
#7741 = DIRECTION ( 'NONE',  ( -1.000000000000000000, 0.000000000000000000, 0.000000000000000000 ) ) ;
#7742 = CARTESIAN_POINT ( 'NONE',  ( -12.46771300448399344, 38.02206337602792274, 1000.391660127190903 ) ) ;
#7743 = CARTESIAN_POINT ( 'NONE',  ( -30.41771300448401050, 36.37206337602792416, 1016.641658718408394 ) ) ;
#7744 = LINE ( 'NONE', #4524, #9683 ) ;
#7745 = CARTESIAN_POINT ( 'NONE',  ( -21.31771300448400197, 6.316134549268400455, 1003.491660127191039 ) ) ;
#7746 = VECTOR ( 'NONE', #6729, 1000.000000000000000 ) ;
#7747 = ORIENTED_EDGE ( 'NONE', *, *, #10350, .F. ) ;
#7748 = ORIENTED_EDGE ( 'NONE', *, *, #3376, .T. ) ;
#7749 = CARTESIAN_POINT ( 'NONE',  ( -29.32821689112386565, -27.25791218717154862, 995.9916601271909258 ) ) ;
#7750 = EDGE_LOOP ( 'NONE', ( #5037, #6514, #381, #9424 ) ) ;
#7751 = CIRCLE ( 'NONE', #867, 1.649999999999998579 ) ;
#7752 = DIRECTION ( 'NONE',  ( -1.000000000000000000, 0.000000000000000000, 0.000000000000000000 ) ) ;
#7753 = CARTESIAN_POINT ( 'NONE',  ( -27.38514595017339559, 7.486992204373250637, 999.5395500472653794 ) ) ;
#7754 = CARTESIAN_POINT ( 'NONE',  ( -48.08918416213712277, -8.871823931316079381, 998.6993786172148475 ) ) ;
#7755 = DIRECTION ( 'NONE',  ( 0.000000000000000000, -1.000000000000000000, 0.000000000000000000 ) ) ;
#7756 = DIRECTION ( 'NONE',  ( 0.000000000000000000, -1.000000000000000000, 0.000000000000000000 ) ) ;
#7757 = EDGE_CURVE ( 'NONE', #6362, #2294, #3809, .T. ) ;
#7758 = B_SPLINE_CURVE_WITH_KNOTS ( 'NONE', 3,
 ( #9977, #6629, #4203, #7591, #8189 ),
 .UNSPECIFIED., .F., .F.,
 ( 4, 1, 4 ),
 ( 0.000000000000000000, 0.7767164329850899662, 1.000000000000000000 ),
 .UNSPECIFIED. ) ;
#7759 = CIRCLE ( 'NONE', #1914, 15.38000000000000078 ) ;
#7760 = CARTESIAN_POINT ( 'NONE',  ( -25.19884908046308425, 2.557757825279101116, 1003.491660127191039 ) ) ;
#7761 = AXIS2_PLACEMENT_3D ( 'NONE', #3233, #4247, #6679 ) ;
#7762 = ORIENTED_EDGE ( 'NONE', *, *, #5272, .F. ) ;
#7763 = LINE ( 'NONE', #433, #5499 ) ;
#7764 = ORIENTED_EDGE ( 'NONE', *, *, #3893, .T. ) ;
#7765 = ORIENTED_EDGE ( 'NONE', *, *, #9890, .F. ) ;
#7766 = CARTESIAN_POINT ( 'NONE',  ( -19.31624114190779196, 17.43479473356676479, 995.9916601271909258 ) ) ;
#7767 = ORIENTED_EDGE ( 'NONE', *, *, #8663, .F. ) ;
#7768 = DIRECTION ( 'NONE',  ( 1.000000000000000000, 0.000000000000000000, 0.000000000000000000 ) ) ;
#7769 = CARTESIAN_POINT ( 'NONE',  ( -17.82287424394545994, -27.38235340401562112, 999.8672189103469918 ) ) ;
#7770 = AXIS2_PLACEMENT_3D ( 'NONE', #6245, #8519, #9394 ) ;
#7771 = CARTESIAN_POINT ( 'NONE',  ( -10.21771300448398989, 38.02206337602792274, 999.7916601271908803 ) ) ;
#7772 = DIRECTION ( 'NONE',  ( 0.000000000000000000, 0.000000000000000000, 1.000000000000000000 ) ) ;
#7773 = CARTESIAN_POINT ( 'NONE',  ( -25.11771300448400623, 28.38612447977222430, 993.1661472716740491 ) ) ;
#7774 = EDGE_CURVE ( 'NONE', #5443, #3114, #2305, .T. ) ;
#7775 = ADVANCED_FACE ( 'NONE', ( #9755 ), #2319, .T. ) ;
#7776 = ORIENTED_EDGE ( 'NONE', *, *, #2592, .F. ) ;
#7777 = CARTESIAN_POINT ( 'NONE',  ( -28.78010583499307273, 20.08874516224457807, 996.6329851458345956 ) ) ;
#7778 = AXIS2_PLACEMENT_3D ( 'NONE', #7341, #8195, #8881 ) ;
#7779 = ADVANCED_FACE ( 'NONE', ( #3864, #526 ), #7114, .T. ) ;
#7780 = VECTOR ( 'NONE', #5636, 1000.000000000000000 ) ;
#7781 = ORIENTED_EDGE ( 'NONE', *, *, #8511, .F. ) ;
#7782 = VERTEX_POINT ( 'NONE', #1552 ) ;
#7783 = EDGE_CURVE ( 'NONE', #8601, #7146, #5572, .T. ) ;
#7784 = LINE ( 'NONE', #1438, #258 ) ;
#7785 = CARTESIAN_POINT ( 'NONE',  ( -19.41771300448399629, 43.90074331921501738, 993.1916601271909713 ) ) ;
#7786 = VECTOR ( 'NONE', #1340, 1000.000000000000000 ) ;
#7787 = CARTESIAN_POINT ( 'NONE',  ( -34.86771300448391742, 31.01657034268904667, 1003.491660127191039 ) ) ;
#7788 = VECTOR ( 'NONE', #6649, 1000.000000000000000 ) ;
#7789 = CARTESIAN_POINT ( 'NONE',  ( -19.02967454632543820, -27.93311744821629716, 1001.046666208145439 ) ) ;
#7790 = ADVANCED_FACE ( 'NONE', ( #1600 ), #80, .F. ) ;
#7791 = ORIENTED_EDGE ( 'NONE', *, *, #1182, .T. ) ;
#7792 = DIRECTION ( 'NONE',  ( -0.9219182708085965627, -0.1936922184480197595, -0.3354847633827384157 ) ) ;
#7793 = ORIENTED_EDGE ( 'NONE', *, *, #9244, .F. ) ;
#7794 = ADVANCED_FACE ( 'NONE', ( #9856, #5746 ), #1758, .F. ) ;
#7795 = CARTESIAN_POINT ( 'NONE',  ( -26.06257267313269566, -27.28101769922400521, 1001.582558091369947 ) ) ;
#7796 = CONICAL_SURFACE ( 'NONE', #3326, 4.198061661715400739, 0.7853981633974251864 ) ;
#7797 = ORIENTED_EDGE ( 'NONE', *, *, #4288, .F. ) ;
#7798 = CARTESIAN_POINT ( 'NONE',  ( -22.11262954610103293, 28.82323270136656035, 990.4916601271910395 ) ) ;
#7799 = CARTESIAN_POINT ( 'NONE',  ( -25.92361146819763462, -28.74936277722193623, 1002.895356525875172 ) ) ;
#7800 = LINE ( 'NONE', #1105, #5368 ) ;
#7801 = CARTESIAN_POINT ( 'NONE',  ( -26.06771300448400197, 15.35439068285598729, 995.9916601271909258 ) ) ;
#7802 = LINE ( 'NONE', #8446, #1206 ) ;
#7803 = LINE ( 'NONE', #2848, #7786 ) ;
#7804 = CARTESIAN_POINT ( 'NONE',  ( -10.26771300448409896, 31.17414358537387642, 1016.641658718408394 ) ) ;
#7805 = CARTESIAN_POINT ( 'NONE',  ( -25.42035900455988084, -28.98343590640960343, 1002.628365889041106 ) ) ;
#7806 = VERTEX_POINT ( 'NONE', #7517 ) ;
#7807 = ORIENTED_EDGE ( 'NONE', *, *, #8440, .F. ) ;
#7808 = ORIENTED_EDGE ( 'NONE', *, *, #6472, .T. ) ;
#7809 = CARTESIAN_POINT ( 'NONE',  ( -24.81771300448400197, 3.357757825279103159, 995.9916601271909258 ) ) ;
#7810 = ORIENTED_EDGE ( 'NONE', *, *, #10293, .F. ) ;
#7811 = ADVANCED_FACE ( 'NONE', ( #133, #10058 ), #10649, .F. ) ;
#7812 = DIRECTION ( 'NONE',  ( -0.5773502691896011951, 0.5773502691896013062, 0.5773502691896746919 ) ) ;
#7813 = FACE_OUTER_BOUND ( 'NONE', #2082, .T. ) ;
#7814 = CARTESIAN_POINT ( 'NONE',  ( -18.67101644142138284, 44.40481469704851492, 989.7449635641261239 ) ) ;
#7815 = CARTESIAN_POINT ( 'NONE',  ( -29.81771300448400908, 29.52206337602792630, 999.1916601271910849 ) ) ;
#7816 = DIRECTION ( 'NONE',  ( 0.6785983445458457775, -0.2810846377148262243, -0.6785983445458457775 ) ) ;
#7817 = LINE ( 'NONE', #430, #2114 ) ;
#7818 = CYLINDRICAL_SURFACE ( 'NONE', #7536, 5.357202764270523332 ) ;
#7819 = ORIENTED_EDGE ( 'NONE', *, *, #2775, .F. ) ;
#7820 = CARTESIAN_POINT ( 'NONE',  ( -17.26760961466076338, 6.393085241339200309, 1000.911032692940466 ) ) ;
#7821 = ORIENTED_EDGE ( 'NONE', *, *, #10074, .T. ) ;
#7822 = DIRECTION ( 'NONE',  ( -0.5000000000000708322, -0.5000000000000708322, 0.7071067811864474306 ) ) ;
#7823 = EDGE_CURVE ( 'NONE', #406, #9725, #3677, .T. ) ;
#7824 = ORIENTED_EDGE ( 'NONE', *, *, #3218, .T. ) ;
#7825 = CARTESIAN_POINT ( 'NONE',  ( -27.26771300448400126, 6.028477735761642364, 1001.677437236619312 ) ) ;
#7826 = CARTESIAN_POINT ( 'NONE',  ( -25.64194605615376332, -28.41961847827771592, 1001.707210338216328 ) ) ;
#7827 = DIRECTION ( 'NONE',  ( 0.000000000000000000, 0.000000000000000000, 1.000000000000000000 ) ) ;
#7828 = LINE ( 'NONE', #10311, #5859 ) ;
#7829 = CIRCLE ( 'NONE', #6795, 3.498060944848582210 ) ;
#7830 = FACE_OUTER_BOUND ( 'NONE', #7047, .T. ) ;
#7831 = EDGE_LOOP ( 'NONE', ( #2948, #8746, #7767, #5885, #7356, #8459 ) ) ;
#7832 = CARTESIAN_POINT ( 'NONE',  ( -12.93522327093051771, 3.356702749357594051, 996.8509191078503591 ) ) ;
#7833 = ORIENTED_EDGE ( 'NONE', *, *, #1399, .T. ) ;
#7834 = EDGE_LOOP ( 'NONE', ( #602, #6776, #47, #8975, #1573, #10316, #255 ) ) ;
#7835 = CARTESIAN_POINT ( 'NONE',  ( -22.47001723596664036, 28.27098699525262404, 990.3487342110111058 ) ) ;
#7836 = COLOUR_RGB ( '',0.7921568627450980005, 0.8196078431372548767, 0.9333333333333333481 ) ;
#7837 = DIRECTION ( 'NONE',  ( -0.000000000000000000, -0.000000000000000000, 1.000000000000000000 ) ) ;
#7838 = DIRECTION ( 'NONE',  ( -0.000000000000000000, -0.000000000000000000, -1.000000000000000000 ) ) ;
#7839 = DIRECTION ( 'NONE',  ( 1.000000000000000000, 0.000000000000000000, 0.000000000000000000 ) ) ;
#7840 = EDGE_CURVE ( 'NONE', #5288, #1545, #1761, .T. ) ;
#7841 = AXIS2_PLACEMENT_3D ( 'NONE', #2242, #10216, #1203 ) ;
#7842 = VERTEX_POINT ( 'NONE', #6551 ) ;
#7843 = EDGE_CURVE ( 'NONE', #10465, #5950, #10037, .T. ) ;
#7844 = FACE_OUTER_BOUND ( 'NONE', #3002, .T. ) ;
#7845 = VERTEX_POINT ( 'NONE', #2468 ) ;
#7846 = FACE_OUTER_BOUND ( 'NONE', #2586, .T. ) ;
#7847 = EDGE_CURVE ( 'NONE', #8860, #9161, #2471, .T. ) ;
#7848 = VERTEX_POINT ( 'NONE', #27 ) ;
#7849 = CARTESIAN_POINT ( 'NONE',  ( -19.41771300448399629, 28.82331652185722248, 990.4967391547373836 ) ) ;
#7850 = DIRECTION ( 'NONE',  ( -0.000000000000000000, -0.000000000000000000, 1.000000000000000000 ) ) ;
#7851 = EDGE_CURVE ( 'NONE', #5870, #7714, #7462, .T. ) ;
#7852 = DIRECTION ( 'NONE',  ( -0.5013132066024578171, -0.4986833352799759367, 0.7071067811865479058 ) ) ;
#7853 = AXIS2_PLACEMENT_3D ( 'NONE', #1727, #8294, #1011 ) ;
#7854 = DIRECTION ( 'NONE',  ( 0.7071067811866308395, 8.659560562355952214E-17, -0.7071067811864643060 ) ) ;
#7855 = FACE_BOUND ( 'NONE', #3442, .T. ) ;
#7856 = CARTESIAN_POINT ( 'NONE',  ( -26.88591299012853142, 2.631056759982972171, 1000.991660127191153 ) ) ;
#7857 = DIRECTION ( 'NONE',  ( -1.000000000000000000, 0.000000000000000000, 0.000000000000000000 ) ) ;
#7858 = EDGE_CURVE ( 'NONE', #2539, #3834, #9155, .T. ) ;
#7859 = CARTESIAN_POINT ( 'NONE',  ( -22.41771300448399629, 28.05057785553939809, 990.4916601271910395 ) ) ;
#7860 =( BOUNDED_SURFACE ( )  B_SPLINE_SURFACE ( 3, 2, ( 
 ( #9887, #1894, #6643 ),
 ( #8472, #8409, #1737 ),
 ( #7551, #224, #3514 ),
 ( #9135, #6806, #916 ),
 ( #5069, #4215, #10093 ),
 ( #1079, #2657, #4378 ),
 ( #2497, #5777, #2605 ),
 ( #1684, #4964, #7493 ),
 ( #862, #4161, #112 ),
 ( #9236, #3409, #8358 ),
 ( #969, #4265, #1840 ),
 ( #325, #6202, #3779 ) ),
 .UNSPECIFIED., .F., .F., .T. ) 
 B_SPLINE_SURFACE_WITH_KNOTS ( ( 4, 2, 2, 2, 2, 4 ),
 ( 3, 3 ),
 ( 0.01388580485422264733, 0.01473439846064701977, 0.01558299206707139048, 0.01643158567349576119, 0.01685588247670794654, 0.01728017927992013189 ),
 ( 0.000000000000000000, 1.000000000000000000 ),
 .UNSPECIFIED. ) 
 GEOMETRIC_REPRESENTATION_ITEM ( )  RATIONAL_B_SPLINE_SURFACE ( (
 ( 1.000000000000000000, 0.7235312067100424516, 1.000000000000000000),
 ( 1.000000000000000000, 0.7340964544616438436, 1.000000000000000000),
 ( 1.000000000000000000, 0.7468202245524970806, 1.000000000000000000),
 ( 1.000000000000000000, 0.7757540973896349668, 1.000000000000000000),
 ( 1.000000000000000000, 0.7922238744694892754, 1.000000000000000000),
 ( 1.000000000000000000, 0.8247049083649308221, 1.000000000000000000),
 ( 1.000000000000000000, 0.8408504725555882020, 1.000000000000000000),
 ( 1.000000000000000000, 0.8592263562359259144, 1.000000000000000000),
 ( 1.000000000000000000, 0.8643176443770665962, 1.000000000000000000),
 ( 1.000000000000000000, 0.8711670838932008554, 1.000000000000000000),
 ( 1.000000000000000000, 0.8729724025027699730, 1.000000000000000000),
 ( 1.000000000000000000, 0.8729619148578509069, 1.000000000000000000) ) ) 
 REPRESENTATION_ITEM ( '' )  SURFACE ( )  );
#7861 = AXIS2_PLACEMENT_3D ( 'NONE', #7174, #9717, #2374 ) ;
#7862 = ORIENTED_EDGE ( 'NONE', *, *, #9329, .F. ) ;
#7863 = VERTEX_POINT ( 'NONE', #8271 ) ;
#7864 = CYLINDRICAL_SURFACE ( 'NONE', #4256, 0.8000000000000008216 ) ;
#7865 = ORIENTED_EDGE ( 'NONE', *, *, #3952, .F. ) ;
#7866 = CARTESIAN_POINT ( 'NONE',  ( -34.86771300448391742, 43.92206366277464724, 1016.041658718408485 ) ) ;
#7867 = ADVANCED_FACE ( 'NONE', ( #4930 ), #830, .F. ) ;
#7868 = DIRECTION ( 'NONE',  ( -5.014428880798372121E-16, 1.000000000000000000, 0.000000000000000000 ) ) ;
#7869 = CARTESIAN_POINT ( 'NONE',  ( -19.69280926895460482, 42.95044031394625250, 990.7667563916828612 ) ) ;
#7870 = DIRECTION ( 'NONE',  ( -0.000000000000000000, -0.000000000000000000, -1.000000000000000000 ) ) ;
#7871 = ADVANCED_FACE ( 'NONE', ( #3373 ), #2627, .F. ) ;
#7872 = CARTESIAN_POINT ( 'NONE',  ( -9.967713004483956141, 44.22206330434121213, 983.4916601271910395 ) ) ;
#7873 = CIRCLE ( 'NONE', #970, 0.8000000000000008216 ) ;
#7874 = CARTESIAN_POINT ( 'NONE',  ( -11.21639305868349368, 33.50496801225766319, 983.7916601271909940 ) ) ;
#7875 = FACE_OUTER_BOUND ( 'NONE', #7750, .T. ) ;
#7876 = VERTEX_POINT ( 'NONE', #4125 ) ;
#7877 = CARTESIAN_POINT ( 'NONE',  ( -25.57135755551204070, -28.95556378397229835, 1002.895356525875172 ) ) ;
#7878 = VECTOR ( 'NONE', #3073, 1000.000000000000000 ) ;
#7879 = VERTEX_POINT ( 'NONE', #6666 ) ;
#7880 = CARTESIAN_POINT ( 'NONE',  ( -25.76231279278841058, -28.38647986532109968, 1001.824733954718113 ) ) ;
#7881 = ORIENTED_EDGE ( 'NONE', *, *, #3643, .F. ) ;
#7882 = CARTESIAN_POINT ( 'NONE',  ( -27.29118984307209672, 14.43513144621385891, 997.2151369657792657 ) ) ;
#7883 = DIRECTION ( 'NONE',  ( -0.3358681688689243439, -0.9419090047030210799, 0.000000000000000000 ) ) ;
#7884 = CARTESIAN_POINT ( 'NONE',  ( -19.41771300448399629, 26.01981126762380825, 990.4916601271910395 ) ) ;
#7885 = CARTESIAN_POINT ( 'NONE',  ( -18.55106154147246045, -27.61587798602218413, 1001.757285822264521 ) ) ;
#7886 = AXIS2_PLACEMENT_3D ( 'NONE', #1701, #7407, #4980 ) ;
#7887 = ADVANCED_FACE ( 'NONE', ( #7409 ), #2989, .T. ) ;
#7888 = CARTESIAN_POINT ( 'NONE',  ( -44.18771300448400297, -10.47773340385700003, 1003.491660127191039 ) ) ;
#7889 = EDGE_LOOP ( 'NONE', ( #7565, #2790, #5535, #5650 ) ) ;
#7890 = CARTESIAN_POINT ( 'NONE',  ( -18.46034468360539549, -27.57983367260729679, 1001.819716404423161 ) ) ;
#7891 = ORIENTED_EDGE ( 'NONE', *, *, #5458, .T. ) ;
#7892 = ORIENTED_EDGE ( 'NONE', *, *, #6063, .T. ) ;
#7893 = AXIS2_PLACEMENT_3D ( 'NONE', #5570, #5667, #1527 ) ;
#7894 = CARTESIAN_POINT ( 'NONE',  ( -25.11771300448392097, 27.79425031086678644, 990.1655757421893895 ) ) ;
#7895 = CARTESIAN_POINT ( 'NONE',  ( -22.26771300448400126, -12.47773340385700003, 995.9916601271909258 ) ) ;
#7896 = LINE ( 'NONE', #7098, #608 ) ;
#7897 = DIRECTION ( 'NONE',  ( 0.000000000000000000, 1.000000000000000000, 0.000000000000000000 ) ) ;
#7898 = EDGE_CURVE ( 'NONE', #1373, #2511, #10007, .T. ) ;
#7899 = AXIS2_PLACEMENT_3D ( 'NONE', #10270, #8671, #7154 ) ;
#7900 = ORIENTED_EDGE ( 'NONE', *, *, #9107, .T. ) ;
#7901 = CARTESIAN_POINT ( 'NONE',  ( -15.20420775815330217, -27.25414326169119761, 999.9954290526715113 ) ) ;
#7902 = ORIENTED_EDGE ( 'NONE', *, *, #1382, .F. ) ;
#7903 = DIRECTION ( 'NONE',  ( 0.000000000000000000, 0.000000000000000000, -1.000000000000000000 ) ) ;
#7904 = ORIENTED_EDGE ( 'NONE', *, *, #8030, .F. ) ;
#7905 = FACE_OUTER_BOUND ( 'NONE', #6272, .T. ) ;
#7906 = CYLINDRICAL_SURFACE ( 'NONE', #7319, 4.250000000000000000 ) ;
#7907 = LINE ( 'NONE', #2150, #8474 ) ;
#7908 = CARTESIAN_POINT ( 'NONE',  ( -20.85635597063970081, -28.85200864097689433, 1001.103721767044249 ) ) ;
#7909 = LINE ( 'NONE', #4918, #5168 ) ;
#7910 = DIRECTION ( 'NONE',  ( -0.4999999999999906741, 0.4999999999999845124, -0.7071067811865651143 ) ) ;
#7911 = DIRECTION ( 'NONE',  ( 0.000000000000000000, -1.000000000000000000, 0.000000000000000000 ) ) ;
#7912 = EDGE_CURVE ( 'NONE', #8267, #9888, #5089, .T. ) ;
#7913 = CARTESIAN_POINT ( 'NONE',  ( -14.40629298737536068, 4.136190735689398323, 995.9916601271909258 ) ) ;
#7914 = ORIENTED_EDGE ( 'NONE', *, *, #7328, .F. ) ;
#7915 = ADVANCED_FACE ( 'NONE', ( #5310 ), #240, .T. ) ;
#7916 = ORIENTED_EDGE ( 'NONE', *, *, #2125, .F. ) ;
#7917 = DIRECTION ( 'NONE',  ( -1.000000000000000000, 0.000000000000000000, 0.000000000000000000 ) ) ;
#7918 = VERTEX_POINT ( 'NONE', #3741 ) ;
#7919 = EDGE_CURVE ( 'NONE', #4861, #5937, #9191, .T. ) ;
#7920 = CARTESIAN_POINT ( 'NONE',  ( -27.51795447798598815, 43.92206366277465435, 1003.491660127191039 ) ) ;
#7921 = CARTESIAN_POINT ( 'NONE',  ( -25.71771336291740795, 26.01981126762374430, 987.4916601271910395 ) ) ;
#7922 = CARTESIAN_POINT ( 'NONE',  ( -19.04779322173533629, 44.01330378908296126, 992.1558847355089483 ) ) ;
#7923 = DIRECTION ( 'NONE',  ( 0.000000000000000000, 0.000000000000000000, 1.000000000000000000 ) ) ;
#7924 = CARTESIAN_POINT ( 'NONE',  ( -2.897713004484003818, -10.47773340385700358, 1003.491660127191039 ) ) ;
#7925 = PLANE ( 'NONE',  #1285 ) ;
#7926 = CARTESIAN_POINT ( 'NONE',  ( -34.54562335235083737, 30.69448069055597372, 1016.363748370541430 ) ) ;
#7927 = VERTEX_POINT ( 'NONE', #1970 ) ;
#7928 = CARTESIAN_POINT ( 'NONE',  ( -17.19736513873636241, 14.82819536793178905, 1002.221312261443131 ) ) ;
#7929 = CIRCLE ( 'NONE', #3278, 1.550000000000051337 ) ;
#7930 = EDGE_LOOP ( 'NONE', ( #2565, #3085, #7508, #5084 ) ) ;
#7931 = CARTESIAN_POINT ( 'NONE',  ( -32.06771300448400552, 29.52206337602792630, 987.4916601271910395 ) ) ;
#7932 = EDGE_CURVE ( 'NONE', #10185, #8528, #8795, .T. ) ;
#7933 = EDGE_LOOP ( 'NONE', ( #9193, #4481, #10617, #3833, #9737, #5082, #7626, #138 ) ) ;
#7934 = DIRECTION ( 'NONE',  ( -0.9999999999999961142, -8.742277697854392730E-08, -0.000000000000000000 ) ) ;
#7935 = CARTESIAN_POINT ( 'NONE',  ( -24.81771300448400197, 2.557757825279101116, 995.9916601271909258 ) ) ;
#7936 = CARTESIAN_POINT ( 'NONE',  ( -29.36118729184068243, 4.564934166798837012, 998.2390297841460551 ) ) ;
#7937 = CYLINDRICAL_SURFACE ( 'NONE', #1406, 1.000000000000013323 ) ;
#7938 = VECTOR ( 'NONE', #4909, 1000.000000000000000 ) ;
#7939 = B_SPLINE_CURVE_WITH_KNOTS ( 'NONE', 3,
 ( #4081, #8173, #783, #9910, #944, #34 ),
 .UNSPECIFIED., .F., .F.,
 ( 4, 2, 4 ),
 ( 4.145081726138174315E-16, 0.0004686403075120492844, 0.0009372806150236840782 ),
 .UNSPECIFIED. ) ;
#7940 = CARTESIAN_POINT ( 'NONE',  ( -9.967713004483920614, -4.998238796519368942E-15, 987.4916601271910395 ) ) ;
#7941 = ORIENTED_EDGE ( 'NONE', *, *, #9655, .T. ) ;
#7942 = VERTEX_POINT ( 'NONE', #10265 ) ;
#7943 = ORIENTED_EDGE ( 'NONE', *, *, #1712, .T. ) ;
#7944 = VECTOR ( 'NONE', #1742, 1000.000000000000000 ) ;
#7945 = AXIS2_PLACEMENT_3D ( 'NONE', #5982, #9290, #1180 ) ;
#7946 = CARTESIAN_POINT ( 'NONE',  ( -22.45059570756289702, 28.44839907221922459, 990.4194158382264277 ) ) ;
#7947 = CYLINDRICAL_SURFACE ( 'NONE', #1221, 1.650000000000002132 ) ;
#7948 = DIRECTION ( 'NONE',  ( 0.000000000000000000, 0.000000000000000000, 1.000000000000000000 ) ) ;
#7949 = DIRECTION ( 'NONE',  ( 0.000000000000000000, 0.000000000000000000, 1.000000000000000000 ) ) ;
#7950 = VECTOR ( 'NONE', #1233, 1000.000000000000000 ) ;
#7951 = AXIS2_PLACEMENT_3D ( 'NONE', #5435, #6291, #8072 ) ;
#7952 = ORIENTED_EDGE ( 'NONE', *, *, #2849, .T. ) ;
#7953 = DIRECTION ( 'NONE',  ( 1.000000000000000000, 4.968755469201875432E-16, -0.000000000000000000 ) ) ;
#7954 = VERTEX_POINT ( 'NONE', #7787 ) ;
#7955 = CARTESIAN_POINT ( 'NONE',  ( -14.11771300448399380, 38.02206337602792274, 1003.491660127191039 ) ) ;
#7956 = VERTEX_POINT ( 'NONE', #7732 ) ;
#7957 = CARTESIAN_POINT ( 'NONE',  ( -12.26771300448400126, 8.655756606077503079, 997.1916601271909713 ) ) ;
#7958 = DIRECTION ( 'NONE',  ( 1.000000000000000000, 0.000000000000000000, 0.000000000000000000 ) ) ;
#7959 = ADVANCED_FACE ( 'NONE', ( #5366 ), #9316, .F. ) ;
#7960 = AXIS2_PLACEMENT_3D ( 'NONE', #2985, #2067, #8766 ) ;
#7961 = CIRCLE ( 'NONE', #3151, 1.650000000000000355 ) ;
#7962 = CARTESIAN_POINT ( 'NONE',  ( -44.48792811669559910, -16.20221188049745109, 997.9916601271909258 ) ) ;
#7963 = CARTESIAN_POINT ( 'NONE',  ( -18.48653810823702059, -28.75131224491390114, 1002.619973892144799 ) ) ;
#7964 = CARTESIAN_POINT ( 'NONE',  ( -24.26771282526732421, 27.60339869864173679, 985.0416604856244476 ) ) ;
#7965 = CARTESIAN_POINT ( 'NONE',  ( -20.87271300448400169, -26.09594893642189817, 1002.976611569854413 ) ) ;
#7966 = CARTESIAN_POINT ( 'NONE',  ( -10.81771300448399309, 36.37206337602792416, 1016.641658718408394 ) ) ;
#7967 = CARTESIAN_POINT ( 'NONE',  ( -16.49237019068386090, 5.981090094143900693, 998.8717674305812579 ) ) ;
#7968 = VECTOR ( 'NONE', #1000, 1000.000000000000000 ) ;
#7969 = ORIENTED_EDGE ( 'NONE', *, *, #3172, .F. ) ;
#7970 = EDGE_LOOP ( 'NONE', ( #6145, #7892, #7158, #1777 ) ) ;
#7971 = DIRECTION ( 'NONE',  ( 0.000000000000000000, 1.000000000000000000, 0.000000000000000000 ) ) ;
#7972 = ORIENTED_EDGE ( 'NONE', *, *, #9709, .F. ) ;
#7973 = LINE ( 'NONE', #3179, #2450 ) ;
#7974 = CARTESIAN_POINT ( 'NONE',  ( -32.06771300448400552, 29.52206337602792630, 995.9916601271909258 ) ) ;
#7975 = CARTESIAN_POINT ( 'NONE',  ( -19.41771300452534277, 42.94287625801943875, 990.4916601272987009 ) ) ;
#7976 = VECTOR ( 'NONE', #1912, 1000.000000000000000 ) ;
#7977 = CARTESIAN_POINT ( 'NONE',  ( -26.61771300448399202, 44.52206366277465577, 995.9916601271909258 ) ) ;
#7978 = CARTESIAN_POINT ( 'NONE',  ( -18.08662009535031245, 2.557757825279101116, 1000.991660127190926 ) ) ;
#7979 = FACE_OUTER_BOUND ( 'NONE', #9738, .T. ) ;
#7980 = PLANE ( 'NONE',  #3996 ) ;
#7981 = CARTESIAN_POINT ( 'NONE',  ( -27.26771300448400126, 15.34235382577969986, 997.1916601271909713 ) ) ;
#7982 = EDGE_CURVE ( 'NONE', #5370, #10568, #9529, .T. ) ;
#7983 = VERTEX_POINT ( 'NONE', #4559 ) ;
#7984 = DIRECTION ( 'NONE',  ( -0.000000000000000000, -0.000000000000000000, 1.000000000000000000 ) ) ;
#7985 = ADVANCED_FACE ( 'NONE', ( #2080 ), #7796, .F. ) ;
#7986 = ORIENTED_EDGE ( 'NONE', *, *, #6868, .F. ) ;
#7987 = EDGE_LOOP ( 'NONE', ( #6278, #6910, #5974, #8397 ) ) ;
#7988 = CARTESIAN_POINT ( 'NONE',  ( -18.44625472791825516, 3.207163272051192227, 1003.470201850625244 ) ) ;
#7989 = EDGE_CURVE ( 'NONE', #9068, #10664, #10165, .T. ) ;
#7990 = ORIENTED_EDGE ( 'NONE', *, *, #5213, .F. ) ;
#7991 = DIRECTION ( 'NONE',  ( 0.000000000000000000, 0.000000000000000000, 1.000000000000000000 ) ) ;
#7992 = EDGE_CURVE ( 'NONE', #5831, #6531, #6824, .T. ) ;
#7993 = CARTESIAN_POINT ( 'NONE',  ( -28.11835899776800929, 37.77270965605852382, 981.3423064789080854 ) ) ;
#7994 = CARTESIAN_POINT ( 'NONE',  ( -13.88096774931928223, 3.877293469403299664, 997.9916601271859236 ) ) ;
#7995 = DIRECTION ( 'NONE',  ( 0.000000000000000000, 0.000000000000000000, -1.000000000000000000 ) ) ;
#7996 = EDGE_CURVE ( 'NONE', #2047, #5460, #1041, .T. ) ;
#7997 = DIRECTION ( 'NONE',  ( -1.000000000000000000, 0.000000000000000000, 0.000000000000000000 ) ) ;
#7998 = ORIENTED_EDGE ( 'NONE', *, *, #1835, .T. ) ;
#7999 = DIRECTION ( 'NONE',  ( 0.7071067811866368347, 8.659560562356026170E-17, -0.7071067811864580888 ) ) ;
#8000 = VERTEX_POINT ( 'NONE', #3533 ) ;
#8001 = VERTEX_POINT ( 'NONE', #2730 ) ;
#8002 = CARTESIAN_POINT ( 'NONE',  ( 3.450700367568031890, -12.68556541789384440, 997.9916601271909258 ) ) ;
#8003 = CARTESIAN_POINT ( 'NONE',  ( -32.06771300448400552, 38.02206337602792274, 999.7916601271908803 ) ) ;
#8004 = CARTESIAN_POINT ( 'NONE',  ( -14.71771300448399522, 29.47981022745160828, 997.9916601271910395 ) ) ;
#8005 = FACE_OUTER_BOUND ( 'NONE', #4776, .T. ) ;
#8006 = EDGE_LOOP ( 'NONE', ( #7990, #864, #1405, #3908 ) ) ;
#8007 = DIRECTION ( 'NONE',  ( 0.000000000000000000, -1.000000000000000000, 0.000000000000000000 ) ) ;
#8008 = VERTEX_POINT ( 'NONE', #9419 ) ;
#8009 = AXIS2_PLACEMENT_3D ( 'NONE', #9313, #1756, #2623 ) ;
#8010 = EDGE_LOOP ( 'NONE', ( #890, #4552, #7444, #5627, #5482, #3352 ) ) ;
#8011 = CARTESIAN_POINT ( 'NONE',  ( -22.16818974859713620, 44.52206366277465577, 1008.284455954136206 ) ) ;
#8012 = DIRECTION ( 'NONE',  ( 1.005631396298194425E-16, 1.000000000000000000, 0.000000000000000000 ) ) ;
#8013 = DIRECTION ( 'NONE',  ( 0.000000000000000000, 0.000000000000000000, -1.000000000000000000 ) ) ;
#8014 = CARTESIAN_POINT ( 'NONE',  ( -9.667713004484086881, 22.70910916343020247, 1003.491660127191039 ) ) ;
#8015 = LINE ( 'NONE', #3171, #9003 ) ;
#8016 = VECTOR ( 'NONE', #1897, 1000.000000000000000 ) ;
#8017 = EDGE_CURVE ( 'NONE', #7384, #10054, #346, .T. ) ;
#8018 = ORIENTED_EDGE ( 'NONE', *, *, #5983, .T. ) ;
#8019 = ORIENTED_EDGE ( 'NONE', *, *, #8560, .F. ) ;
#8020 = CARTESIAN_POINT ( 'NONE',  ( -22.26771300448400126, 0.9022665961430000880, 1000.991660127190926 ) ) ;
#8021 = CIRCLE ( 'NONE', #96, 1.649999999999998579 ) ;
#8022 = DIRECTION ( 'NONE',  ( 0.000000000000000000, 1.000000000000000000, 0.000000000000000000 ) ) ;
#8023 = LINE ( 'NONE', #7921, #5269 ) ;
#8024 = CARTESIAN_POINT ( 'NONE',  ( -19.47619743491000577, 43.72564877532760619, 990.5501445575907837 ) ) ;
#8025 = CARTESIAN_POINT ( 'NONE',  ( -17.27861767389349268, 32.08149128839088604, 983.7916601271909940 ) ) ;
#8026 = CARTESIAN_POINT ( 'NONE',  ( -18.47297981228107133, -28.25791218717139941, 1003.301061203949416 ) ) ;
#8027 = LINE ( 'NONE', #6464, #8701 ) ;
#8028 = EDGE_CURVE ( 'NONE', #3641, #9725, #2023, .T. ) ;
#8029 = CIRCLE ( 'NONE', #10267, 1.850000000000028733 ) ;
#8030 = EDGE_CURVE ( 'NONE', #8534, #5370, #1097, .T. ) ;
#8031 = DIRECTION ( 'NONE',  ( 1.000000000000000000, 0.000000000000000000, 0.000000000000000000 ) ) ;
#8032 = ORIENTED_EDGE ( 'NONE', *, *, #1932, .T. ) ;
#8033 = ORIENTED_EDGE ( 'NONE', *, *, #8518, .T. ) ;
#8034 = ORIENTED_EDGE ( 'NONE', *, *, #9250, .T. ) ;
#8035 = ORIENTED_EDGE ( 'NONE', *, *, #2472, .F. ) ;
#8036 = CARTESIAN_POINT ( 'NONE',  ( -30.12913302159264006, 4.136190735689398323, 997.1916601271909713 ) ) ;
#8037 = ORIENTED_EDGE ( 'NONE', *, *, #1111, .F. ) ;
#8038 = DIRECTION ( 'NONE',  ( 1.000000000000000000, 0.000000000000000000, 0.000000000000000000 ) ) ;
#8039 = AXIS2_PLACEMENT_3D ( 'NONE', #1608, #3383, #4939 ) ;
#8040 = CARTESIAN_POINT ( 'NONE',  ( -20.26771282526731355, 52.63773048505904484, 1008.525991913608664 ) ) ;
#8041 = CARTESIAN_POINT ( 'NONE',  ( -14.03946154531739055, 1.677614684263450062, 1000.006180138906416 ) ) ;
#8042 = ADVANCED_FACE ( 'NONE', ( #4396 ), #7677, .T. ) ;
#8043 = DIRECTION ( 'NONE',  ( 0.000000000000000000, 1.000000000000000000, 0.000000000000000000 ) ) ;
#8044 = EDGE_CURVE ( 'NONE', #2708, #6185, #6077, .T. ) ;
#8045 = ADVANCED_FACE ( 'NONE', ( #9370 ), #3638, .T. ) ;
#8046 = AXIS2_PLACEMENT_3D ( 'NONE', #6353, #10502, #10558 ) ;
#8047 = ORIENTED_EDGE ( 'NONE', *, *, #6596, .T. ) ;
#8048 = CARTESIAN_POINT ( 'NONE',  ( -22.88315000578243286, 27.51553714328895595, 989.6375203700586098 ) ) ;
#8049 = ORIENTED_EDGE ( 'NONE', *, *, #9117, .T. ) ;
#8050 = ORIENTED_EDGE ( 'NONE', *, *, #9379, .T. ) ;
#8051 = CARTESIAN_POINT ( 'NONE',  ( -24.14271300448400126, 2.557757825279101116, 1000.991660127190926 ) ) ;
#8052 = DIRECTION ( 'NONE',  ( 0.000000000000000000, -0.8660254037844626884, -0.4999999999999584221 ) ) ;
#8053 = VECTOR ( 'NONE', #4106, 1000.000000000000227 ) ;
#8054 = ADVANCED_FACE ( 'NONE', ( #9743 ), #1380, .F. ) ;
#8055 = CIRCLE ( 'NONE', #4793, 1.850000000000025180 ) ;
#8056 = CARTESIAN_POINT ( 'NONE',  ( -18.47275686742108292, -27.27486185344756109, 1001.578796290767627 ) ) ;
#8057 = LINE ( 'NONE', #2942, #5553 ) ;
#8058 = VERTEX_POINT ( 'NONE', #8056 ) ;
#8059 = CARTESIAN_POINT ( 'NONE',  ( -47.20080973152325754, -13.47502353220715321, 997.9916601271909258 ) ) ;
#8060 = B_SPLINE_CURVE_WITH_KNOTS ( 'NONE', 3,
 ( #2505, #71, #4009, #1748, #5681, #3262 ),
 .UNSPECIFIED., .F., .F.,
 ( 4, 2, 4 ),
 ( 0.000000000000000000, 0.0003891126248521326525, 0.0007782252497042653049 ),
 .UNSPECIFIED. ) ;
#8061 = AXIS2_PLACEMENT_3D ( 'NONE', #1100, #6513, #5704 ) ;
#8062 = B_SPLINE_CURVE_WITH_KNOTS ( 'NONE', 3,
 ( #1956, #6863, #497, #6810 ),
 .UNSPECIFIED., .F., .F.,
 ( 4, 4 ),
 ( 0.000000000000000000, 1.000000000000000000 ),
 .UNSPECIFIED. ) ;
#8063 = EDGE_LOOP ( 'NONE', ( #3145, #8873, #7656, #10513 ) ) ;
#8064 = AXIS2_PLACEMENT_3D ( 'NONE', #7931, #606, #1621 ) ;
#8065 = EDGE_CURVE ( 'NONE', #6470, #1842, #1322, .T. ) ;
#8066 = ORIENTED_EDGE ( 'NONE', *, *, #2934, .T. ) ;
#8067 = CARTESIAN_POINT ( 'NONE',  ( -20.87271300448400169, -28.70124835607409963, 1001.016680275972590 ) ) ;
#8068 = ADVANCED_FACE ( 'NONE', ( #8943 ), #6486, .F. ) ;
#8069 = CARTESIAN_POINT ( 'NONE',  ( 0.000000000000000000, 44.42206330434124339, 983.4916601271910395 ) ) ;
#8070 = DIRECTION ( 'NONE',  ( 0.000000000000000000, 0.000000000000000000, 1.000000000000000000 ) ) ;
#8071 = CARTESIAN_POINT ( 'NONE',  ( -20.06771282526730005, 44.42206330434124339, 986.3916604856245840 ) ) ;
#8072 = DIRECTION ( 'NONE',  ( -1.000000000000000000, 0.000000000000000000, 0.000000000000000000 ) ) ;
#8073 = EDGE_LOOP ( 'NONE', ( #3961, #843, #10251, #3175 ) ) ;
#8074 = ORIENTED_EDGE ( 'NONE', *, *, #791, .F. ) ;
#8075 = CARTESIAN_POINT ( 'NONE',  ( -27.82932033136265204, 32.13992645464382747, 983.7916601271909940 ) ) ;
#8076 = CYLINDRICAL_SURFACE ( 'NONE', #1925, 1.650000000000000355 ) ;
#8077 = FACE_OUTER_BOUND ( 'NONE', #7301, .T. ) ;
#8078 = CARTESIAN_POINT ( 'NONE',  ( -19.41771300448399273, 43.02206366277465577, 993.1916601271910849 ) ) ;
#8079 = CARTESIAN_POINT ( 'NONE',  ( -11.95712826946970431, 28.03162972365183236, 1005.781075392176717 ) ) ;
#8080 = CARTESIAN_POINT ( 'NONE',  ( -22.26771672401410385, 43.02206327811412478, 997.4916601271909258 ) ) ;
#8081 = CARTESIAN_POINT ( 'NONE',  ( -14.60945915798223815, 30.96924155451544891, 1013.843807348512541 ) ) ;
#8082 = DIRECTION ( 'NONE',  ( 0.7071067811865464625, -0.7071067811865486830, 0.000000000000000000 ) ) ;
#8083 = LINE ( 'NONE', #5565, #3582 ) ;
#8084 = ORIENTED_EDGE ( 'NONE', *, *, #8783, .F. ) ;
#8085 = ORIENTED_EDGE ( 'NONE', *, *, #897, .T. ) ;
#8086 = DIRECTION ( 'NONE',  ( -0.000000000000000000, 1.000000000000000000, -0.000000000000000000 ) ) ;
#8087 = ORIENTED_EDGE ( 'NONE', *, *, #8507, .T. ) ;
#8088 = DIRECTION ( 'NONE',  ( 0.000000000000000000, 0.9810282013757307684, 0.1938650770652069477 ) ) ;
#8089 = ORIENTED_EDGE ( 'NONE', *, *, #1187, .F. ) ;
#8090 = CIRCLE ( 'NONE', #3440, 0.6000000000000033085 ) ;
#8091 = LINE ( 'NONE', #4809, #9241 ) ;
#8092 = ADVANCED_FACE ( 'NONE', ( #1491 ), #2191, .F. ) ;
#8093 = FACE_OUTER_BOUND ( 'NONE', #5182, .T. ) ;
#8094 = CARTESIAN_POINT ( 'NONE',  ( -28.69198507327416081, 16.34450567115650088, 1000.867388058400934 ) ) ;
#8095 = FACE_OUTER_BOUND ( 'NONE', #4430, .T. ) ;
#8096 = CIRCLE ( 'NONE', #10335, 1.650000000000000355 ) ;
#8097 = ORIENTED_EDGE ( 'NONE', *, *, #3104, .F. ) ;
#8098 = EDGE_LOOP ( 'NONE', ( #8593, #1459, #244, #2382 ) ) ;
#8099 = ORIENTED_EDGE ( 'NONE', *, *, #1672, .T. ) ;
#8100 = CARTESIAN_POINT ( 'NONE',  ( -13.88096774931928223, 3.877293469403299664, 997.9916601271859236 ) ) ;
#8101 = ADVANCED_FACE ( 'NONE', ( #9584 ), #6382, .T. ) ;
#8102 = CARTESIAN_POINT ( 'NONE',  ( -34.76771264605072531, 27.12474437569598962, 983.6916601271909713 ) ) ;
#8103 = CIRCLE ( 'NONE', #4835, 1.650000000000000355 ) ;
#8104 = DIRECTION ( 'NONE',  ( -0.000000000000000000, -0.000000000000000000, -1.000000000000000000 ) ) ;
#8105 = CARTESIAN_POINT ( 'NONE',  ( -18.82754814731141479, -28.93036412768769949, 1002.895356544932156 ) ) ;
#8106 = EDGE_CURVE ( 'NONE', #6987, #6926, #512, .T. ) ;
#8107 = ORIENTED_EDGE ( 'NONE', *, *, #6668, .F. ) ;
#8108 = VECTOR ( 'NONE', #9969, 1000.000000000000000 ) ;
#8109 = VERTEX_POINT ( 'NONE', #10483 ) ;
#8110 = EDGE_CURVE ( 'NONE', #918, #8640, #5392, .T. ) ;
#8111 = ORIENTED_EDGE ( 'NONE', *, *, #7898, .T. ) ;
#8112 = LINE ( 'NONE', #8217, #7528 ) ;
#8113 = SURFACE_STYLE_FILL_AREA ( #9901 ) ;
#8114 = B_SPLINE_CURVE_WITH_KNOTS ( 'NONE', 3,
 ( #1745, #8314, #10207, #9356 ),
 .UNSPECIFIED., .F., .F.,
 ( 4, 4 ),
 ( 0.000000000000000000, 1.000000000000000000 ),
 .UNSPECIFIED. ) ;
#8115 = CARTESIAN_POINT ( 'NONE',  ( -9.767713004483921324, 44.42206330434124339, 983.4916601271910395 ) ) ;
#8116 = CIRCLE ( 'NONE', #4847, 1.650000000000000355 ) ;
#8117 = DIRECTION ( 'NONE',  ( -0.000000000000000000, -0.000000000000000000, -1.000000000000000000 ) ) ;
#8118 = CIRCLE ( 'NONE', #9165, 6.200000000000000178 ) ;
#8119 = EDGE_CURVE ( 'NONE', #1034, #8984, #3160, .T. ) ;
#8120 = LINE ( 'NONE', #738, #6337 ) ;
#8121 = AXIS2_PLACEMENT_3D ( 'NONE', #658, #613, #9029 ) ;
#8122 = AXIS2_PLACEMENT_3D ( 'NONE', #8483, #10104, #7560 ) ;
#8123 = EDGE_LOOP ( 'NONE', ( #299, #4013, #4613, #8626 ) ) ;
#8124 = DIRECTION ( 'NONE',  ( 0.000000000000000000, 0.000000000000000000, -1.000000000000000000 ) ) ;
#8125 = CARTESIAN_POINT ( 'NONE',  ( -25.27926084250348993, 43.98880080161899997, 990.3301122891972454 ) ) ;
#8126 = CARTESIAN_POINT ( 'NONE',  ( -27.53035297124544201, 5.216395095191098896, 1000.991660126497891 ) ) ;
#8127 = CARTESIAN_POINT ( 'NONE',  ( -25.55220615329733747, -27.65791218716946531, 1002.377298836067098 ) ) ;
#8128 = CARTESIAN_POINT ( 'NONE',  ( -20.26771282526732421, 27.60339869864172258, 986.5916604856245158 ) ) ;
#8129 = CARTESIAN_POINT ( 'NONE',  ( -25.21787461532874630, 26.05339869864173608, 985.0416601271911077 ) ) ;
#8130 = DIRECTION ( 'NONE',  ( -0.000000000000000000, -0.000000000000000000, -1.000000000000000000 ) ) ;
#8131 = CIRCLE ( 'NONE', #2296, 5.000000000000001776 ) ;
#8132 = FACE_OUTER_BOUND ( 'NONE', #7639, .T. ) ;
#8133 = AXIS2_PLACEMENT_3D ( 'NONE', #2404, #9692, #2301 ) ;
#8134 = CARTESIAN_POINT ( 'NONE',  ( -23.71175706493719204, -29.10630766604194619, 1001.359019285483555 ) ) ;
#8135 = ORIENTED_EDGE ( 'NONE', *, *, #5798, .F. ) ;
#8136 = VERTEX_POINT ( 'NONE', #10536 ) ;
#8137 = CARTESIAN_POINT ( 'NONE',  ( -15.12629732687091888, 19.82819536793175885, 1002.221312261443359 ) ) ;
#8138 = ORIENTED_EDGE ( 'NONE', *, *, #2742, .F. ) ;
#8139 = EDGE_CURVE ( 'NONE', #10159, #10465, #5633, .T. ) ;
#8140 = EDGE_LOOP ( 'NONE', ( #7194, #6984, #1962, #8514, #577 ) ) ;
#8141 = LINE ( 'NONE', #7232, #9799 ) ;
#8142 = AXIS2_PLACEMENT_3D ( 'NONE', #5689, #2259, #4833 ) ;
#8143 = EDGE_LOOP ( 'NONE', ( #9633, #3461, #4024, #9749 ) ) ;
#8144 = CARTESIAN_POINT ( 'NONE',  ( -17.26771300448400126, 6.703910157882798870, 1001.810912256376582 ) ) ;
#8145 = CARTESIAN_POINT ( 'NONE',  ( -28.11795447798599312, 44.52206366277465577, 1003.491660127191039 ) ) ;
#8146 = CYLINDRICAL_SURFACE ( 'NONE', #4517, 18.19999999999999574 ) ;
#8147 = FACE_OUTER_BOUND ( 'NONE', #7834, .T. ) ;
#8148 = EDGE_CURVE ( 'NONE', #6642, #8569, #719, .T. ) ;
#8149 = EDGE_CURVE ( 'NONE', #8252, #1092, #2998, .T. ) ;
#8150 = ORIENTED_EDGE ( 'NONE', *, *, #5272, .T. ) ;
#8151 = CARTESIAN_POINT ( 'NONE',  ( -24.20065686918299974, -29.16094468842189613, 1001.690274355231395 ) ) ;
#8152 = ORIENTED_EDGE ( 'NONE', *, *, #1402, .T. ) ;
#8153 = FACE_OUTER_BOUND ( 'NONE', #5841, .T. ) ;
#8154 = CARTESIAN_POINT ( 'NONE',  ( -18.61181454077038211, -28.74936277722193978, 1002.895356525875172 ) ) ;
#8155 = CARTESIAN_POINT ( 'NONE',  ( -25.26731818869058799, 26.61492085200588775, 983.8400714956871980 ) ) ;
#8156 = DIRECTION ( 'NONE',  ( 0.9219182708085965627, -0.1936922184480197595, -0.3354847633827384157 ) ) ;
#8157 = FACE_OUTER_BOUND ( 'NONE', #1988, .T. ) ;
#8158 = ADVANCED_FACE ( 'NONE', ( #5529 ), #4008, .T. ) ;
#8159 = ORIENTED_EDGE ( 'NONE', *, *, #7398, .T. ) ;
#8160 = PLANE ( 'NONE',  #2402 ) ;
#8161 = ORIENTED_EDGE ( 'NONE', *, *, #1715, .T. ) ;
#8162 = ORIENTED_EDGE ( 'NONE', *, *, #8800, .T. ) ;
#8163 = DIRECTION ( 'NONE',  ( -0.000000000000000000, 0.000000000000000000, -1.000000000000000000 ) ) ;
#8164 = PLANE ( 'NONE',  #82 ) ;
#8165 = CARTESIAN_POINT ( 'NONE',  ( -28.93725896446025558, 32.24123411327533262, 1003.491660127191039 ) ) ;
#8166 = EDGE_CURVE ( 'NONE', #10671, #6228, #8721, .T. ) ;
#8167 = CARTESIAN_POINT ( 'NONE',  ( -19.97727027277629475, -28.05789265480460060, 999.1916796595579626 ) ) ;
#8168 = PRESENTATION_LAYER_ASSIGNMENT (  '', '', ( #5252 ) ) ;
#8169 = EDGE_CURVE ( 'NONE', #3114, #10489, #4611, .T. ) ;
#8170 = EDGE_CURVE ( 'NONE', #3432, #8686, #3867, .T. ) ;
#8171 = CARTESIAN_POINT ( 'NONE',  ( -12.46771300448399344, 29.47981022745160828, 987.6916601271909713 ) ) ;
#8172 = ORIENTED_EDGE ( 'NONE', *, *, #3130, .F. ) ;
#8173 = CARTESIAN_POINT ( 'NONE',  ( -25.40812495326775888, 26.95428103079832383, 983.6282181181043143 ) ) ;
#8174 = B_SPLINE_SURFACE_WITH_KNOTS ( 'NONE', 3, 3, ( 
 ( #7690, #9433, #8510, #10234, #7000, #360 ),
 ( #5968, #1109, #1224, #10282, #9274, #2797 ),
 ( #2900, #8565, #3597, #3653, #9484, #2097 ),
 ( #6837, #6075, #1877, #4298, #1058, #5381 ),
 ( #9385, #6127, #7585, #5267, #10127, #8683 ) ),
 .UNSPECIFIED., .F., .F., .F.,
 ( 4, 1, 4 ),
 ( 4, 1, 1, 4 ),
 ( 0.000000000000000000, 0.5714285714285709528, 1.000000000000000000 ),
 ( -6.272843638440839762E-17, 0.4487989505128279766, 0.8975979010256550650, 1.570796326794899889 ),
 .UNSPECIFIED. ) ;
#8175 = CARTESIAN_POINT ( 'NONE',  ( -25.72356290479838492, 26.20700194307794817, 987.4916601271910395 ) ) ;
#8176 = EDGE_CURVE ( 'NONE', #8343, #7384, #7896, .T. ) ;
#8177 = DIRECTION ( 'NONE',  ( 0.7999999999999863887, -0.2999999999999954925, -0.5196152422706865615 ) ) ;
#8178 = CARTESIAN_POINT ( 'NONE',  ( -17.84388549712823036, -27.88924352778689908, 1001.933462588008524 ) ) ;
#8179 = CARTESIAN_POINT ( 'NONE',  ( -16.24351020266381340, 3.042409053240062722, 1000.991990065113669 ) ) ;
#8180 = DIRECTION ( 'NONE',  ( -1.000000000000000000, 1.480297366166879989E-16, 0.000000000000000000 ) ) ;
#8181 = CYLINDRICAL_SURFACE ( 'NONE', #5245, 18.19999999999999574 ) ;
#8182 = PLANE ( 'NONE',  #3075 ) ;
#8183 = VERTEX_POINT ( 'NONE', #4172 ) ;
#8184 = AXIS2_PLACEMENT_3D ( 'NONE', #8880, #7235, #6429 ) ;
#8185 = ORIENTED_EDGE ( 'NONE', *, *, #3624, .F. ) ;
#8186 = ORIENTED_EDGE ( 'NONE', *, *, #2260, .T. ) ;
#8187 = ORIENTED_EDGE ( 'NONE', *, *, #9160, .T. ) ;
#8188 = EDGE_LOOP ( 'NONE', ( #3099, #5039, #5059 ) ) ;
#8189 = CARTESIAN_POINT ( 'NONE',  ( -18.77311321617959194, -28.38647986532109968, 1001.824733954718113 ) ) ;
#8190 = ADVANCED_FACE ( 'NONE', ( #6601 ), #9843, .T. ) ;
#8191 = VERTEX_POINT ( 'NONE', #3260 ) ;
#8192 = EDGE_CURVE ( 'NONE', #3411, #3443, #9893, .T. ) ;
#8193 = DIRECTION ( 'NONE',  ( -0.000000000000000000, -0.000000000000000000, 1.000000000000000000 ) ) ;
#8194 = DIRECTION ( 'NONE',  ( -1.000000000000000000, 0.000000000000000000, 0.000000000000000000 ) ) ;
#8195 = DIRECTION ( 'NONE',  ( 0.000000000000000000, 0.000000000000000000, -1.000000000000000000 ) ) ;
#8196 = PLANE ( 'NONE',  #9327 ) ;
#8197 = VECTOR ( 'NONE', #8211, 1000.000000000000227 ) ;
#8198 = CARTESIAN_POINT ( 'NONE',  ( -32.06771300448400552, 29.52206337602792630, 998.5916601271911759 ) ) ;
#8199 =( BOUNDED_CURVE ( )  B_SPLINE_CURVE ( 3, ( #2973, #6466, #2168, #6360 ),
 .UNSPECIFIED., .F., .F. ) 
 B_SPLINE_CURVE_WITH_KNOTS ( ( 4, 4 ),
 ( 7.444433485799073815E-15, 1.494787330405570103 ),
 .UNSPECIFIED. ) 
 CURVE ( )  GEOMETRIC_REPRESENTATION_ITEM ( )  RATIONAL_B_SPLINE_CURVE ( ( 1.000000000000000000, 0.8223086403392751986, 0.8223086403392751986, 1.000000000000000000 ) ) 
 REPRESENTATION_ITEM ( '' )  );
#8200 = ORIENTED_EDGE ( 'NONE', *, *, #9239, .F. ) ;
#8201 = CARTESIAN_POINT ( 'NONE',  ( -34.76771264605072531, 0.000000000000000000, 987.2916601271911077 ) ) ;
#8202 = ORIENTED_EDGE ( 'NONE', *, *, #8377, .F. ) ;
#8203 = CARTESIAN_POINT ( 'NONE',  ( -25.33568444880662085, -28.52507530335109820, 1001.307663569716510 ) ) ;
#8204 = CIRCLE ( 'NONE', #5970, 4.198061661715400739 ) ;
#8205 = ORIENTED_EDGE ( 'NONE', *, *, #7578, .F. ) ;
#8206 = LINE ( 'NONE', #6484, #4050 ) ;
#8207 = LINE ( 'NONE', #118, #3294 ) ;
#8208 = CARTESIAN_POINT ( 'NONE',  ( -25.46244619668694043, -27.52390230869190191, 1001.877320963227476 ) ) ;
#8209 = CARTESIAN_POINT ( 'NONE',  ( -14.11771300448399380, 0.000000000000000000, 1003.491660127191039 ) ) ;
#8210 = CARTESIAN_POINT ( 'NONE',  ( -28.85076117531960094, 3.497516851156899254, 999.4916601271909258 ) ) ;
#8211 = DIRECTION ( 'NONE',  ( 8.742277697854392730E-08, -0.9999999999999961142, 0.000000000000000000 ) ) ;
#8212 = ORIENTED_EDGE ( 'NONE', *, *, #4489, .F. ) ;
#8213 = CYLINDRICAL_SURFACE ( 'NONE', #8236, 1.499999999999945821 ) ;
#8214 = ORIENTED_EDGE ( 'NONE', *, *, #2384, .F. ) ;
#8215 = ORIENTED_EDGE ( 'NONE', *, *, #983, .T. ) ;
#8216 = AXIS2_PLACEMENT_3D ( 'NONE', #10593, #9100, #10647 ) ;
#8217 = CARTESIAN_POINT ( 'NONE',  ( -9.667713004483893258, 44.52206366277465577, 990.4916601271910395 ) ) ;
#8218 = CARTESIAN_POINT ( 'NONE',  ( -22.41771300448399629, 26.01981126762111174, 992.0329098013198745 ) ) ;
#8219 = ADVANCED_FACE ( 'NONE', ( #820 ), #5032, .T. ) ;
#8220 = CARTESIAN_POINT ( 'NONE',  ( -28.25192422796520830, 33.77560510049663378, 1003.491660127191039 ) ) ;
#8221 = CARTESIAN_POINT ( 'NONE',  ( -29.81771300448400908, 29.52206337602792630, 997.9916601271910395 ) ) ;
#8222 = VECTOR ( 'NONE', #9501, 1000.000000000000114 ) ;
#8223 = CARTESIAN_POINT ( 'NONE',  ( -12.46771300448399344, 29.47981022745160828, 995.9916601271909258 ) ) ;
#8224 = LINE ( 'NONE', #4658, #7003 ) ;
#8225 = EDGE_LOOP ( 'NONE', ( #3760, #3682, #6843, #10132 ) ) ;
#8226 = CARTESIAN_POINT ( 'NONE',  ( -11.21639305868349368, 33.50496801225767030, 983.4916601271910395 ) ) ;
#8227 = CARTESIAN_POINT ( 'NONE',  ( -9.667713004483886152, 27.08332287099070967, 995.9916601271909258 ) ) ;
#8228 = DIRECTION ( 'NONE',  ( -0.000000000000000000, -0.000000000000000000, -1.000000000000000000 ) ) ;
#8229 = CARTESIAN_POINT ( 'NONE',  ( -16.11734219845074634, 33.87212757196074620, 1013.641658718408507 ) ) ;
#8230 = EDGE_CURVE ( 'NONE', #2922, #7074, #172, .T. ) ;
#8231 = FACE_OUTER_BOUND ( 'NONE', #2409, .T. ) ;
#8232 = DIRECTION ( 'NONE',  ( 0.000000000000000000, 0.000000000000000000, 1.000000000000000000 ) ) ;
#8233 = EDGE_CURVE ( 'NONE', #8, #2752, #5894, .T. ) ;
#8234 = EDGE_CURVE ( 'NONE', #6644, #2616, #1693, .T. ) ;
#8235 = CARTESIAN_POINT ( 'NONE',  ( -31.18927692287224573, 23.54630865251749228, 983.6916601271909713 ) ) ;
#8236 = AXIS2_PLACEMENT_3D ( 'NONE', #1546, #4826, #8842 ) ;
#8237 = ORIENTED_EDGE ( 'NONE', *, *, #3496, .F. ) ;
#8238 = EDGE_LOOP ( 'NONE', ( #7345, #4635, #6039, #4498 ) ) ;
#8239 = VERTEX_POINT ( 'NONE', #1639 ) ;
#8240 = VERTEX_POINT ( 'NONE', #6541 ) ;
#8241 = EDGE_CURVE ( 'NONE', #2294, #6280, #4973, .T. ) ;
#8242 = CARTESIAN_POINT ( 'NONE',  ( -19.41771300448399984, 27.60496142013624876, 992.9897690317058050 ) ) ;
#8243 = EDGE_LOOP ( 'NONE', ( #5127, #8087, #4765, #1271, #9774, #9641, #4749 ) ) ;
#8244 = LINE ( 'NONE', #10031, #1892 ) ;
#8245 = CARTESIAN_POINT ( 'NONE',  ( -33.71771300448400410, 29.52206337602792630, 987.6916601271909713 ) ) ;
#8246 = DIRECTION ( 'NONE',  ( -0.7071067811865477948, 0.7071067811865473507, 0.000000000000000000 ) ) ;
#8247 = CARTESIAN_POINT ( 'NONE',  ( -27.51795447798598460, 37.53953660251080038, 1003.491660127191039 ) ) ;
#8248 = EDGE_CURVE ( 'NONE', #3552, #3328, #8260, .T. ) ;
#8249 = ORIENTED_EDGE ( 'NONE', *, *, #5018, .T. ) ;
#8250 = DIRECTION ( 'NONE',  ( 0.000000000000000000, 1.000000000000000000, 0.000000000000000000 ) ) ;
#8251 = AXIS2_PLACEMENT_3D ( 'NONE', #3197, #10413, #8929 ) ;
#8252 = VERTEX_POINT ( 'NONE', #1587 ) ;
#8253 = CARTESIAN_POINT ( 'NONE',  ( 0.000000000000000000, 0.000000000000000000, 1016.641658718408394 ) ) ;
#8254 = ORIENTED_EDGE ( 'NONE', *, *, #218, .T. ) ;
#8255 = VERTEX_POINT ( 'NONE', #9143 ) ;
#8256 = DIRECTION ( 'NONE',  ( -0.7071067811865461294, -0.7071067811865489050, 0.000000000000000000 ) ) ;
#8257 = DIRECTION ( 'NONE',  ( -1.000000000000000000, 0.000000000000000000, 0.000000000000000000 ) ) ;
#8258 = DIRECTION ( 'NONE',  ( 0.9219182708085965627, -0.1936922184480197595, -0.3354847633827384157 ) ) ;
#8259 = PLANE ( 'NONE',  #10178 ) ;
#8260 = LINE ( 'NONE', #9199, #4894 ) ;
#8261 = AXIS2_PLACEMENT_3D ( 'NONE', #7175, #5447, #642 ) ;
#8262 = DIRECTION ( 'NONE',  ( 1.000000000000000000, 0.000000000000000000, 0.000000000000000000 ) ) ;
#8263 =( BOUNDED_CURVE ( )  B_SPLINE_CURVE ( 3, ( #4473, #9495, #7754, #263 ),
 .UNSPECIFIED., .F., .F. ) 
 B_SPLINE_CURVE_WITH_KNOTS ( ( 4, 4 ),
 ( -1.065814103640150279E-14, 1.142573727472034451 ),
 .UNSPECIFIED. ) 
 CURVE ( )  GEOMETRIC_REPRESENTATION_ITEM ( )  RATIONAL_B_SPLINE_CURVE ( ( 1.000000000000000000, 0.8941372302253458582, 0.8941372302253458582, 1.000000000000000000 ) ) 
 REPRESENTATION_ITEM ( '' )  );
#8264 = DIRECTION ( 'NONE',  ( -0.000000000000000000, -0.000000000000000000, -1.000000000000000000 ) ) ;
#8265 = ORIENTED_EDGE ( 'NONE', *, *, #7361, .T. ) ;
#8266 = CARTESIAN_POINT ( 'NONE',  ( -9.967713004483947259, 27.20758744660403039, 983.4916601271910395 ) ) ;
#8267 = VERTEX_POINT ( 'NONE', #871 ) ;
#8268 = ORIENTED_EDGE ( 'NONE', *, *, #3038, .F. ) ;
#8269 = AXIS2_PLACEMENT_3D ( 'NONE', #1746, #231, #7558 ) ;
#8270 = FACE_OUTER_BOUND ( 'NONE', #8143, .T. ) ;
#8271 = CARTESIAN_POINT ( 'NONE',  ( -28.11795447798599312, 44.52206366277465577, 1008.582053735633622 ) ) ;
#8272 = DIRECTION ( 'NONE',  ( 0.000000000000000000, 0.000000000000000000, -1.000000000000000000 ) ) ;
#8273 = AXIS2_PLACEMENT_3D ( 'NONE', #9482, #10442, #469 ) ;
#8274 = ADVANCED_FACE ( 'NONE', ( #768 ), #122, .T. ) ;
#8275 = DIRECTION ( 'NONE',  ( -1.000000000000000000, 0.000000000000000000, 0.000000000000000000 ) ) ;
#8276 = VERTEX_POINT ( 'NONE', #1800 ) ;
#8277 = CARTESIAN_POINT ( 'NONE',  ( -22.16818974859713620, 43.92206366277465435, 1008.284455954136206 ) ) ;
#8278 = CIRCLE ( 'NONE', #877, 1.649999999999998579 ) ;
#8279 = VECTOR ( 'NONE', #3704, 1000.000000000000000 ) ;
#8280 = FACE_OUTER_BOUND ( 'NONE', #1547, .T. ) ;
#8281 = CARTESIAN_POINT ( 'NONE',  ( -20.06771282526723965, 26.05339869864173608, 985.0416601271911077 ) ) ;
#8282 = CARTESIAN_POINT ( 'NONE',  ( -19.07297981228107275, -27.65791218717139799, 1002.177834573018117 ) ) ;
#8283 = LINE ( 'NONE', #895, #1433 ) ;
#8284 = CARTESIAN_POINT ( 'NONE',  ( -32.06771300448400552, 29.52206337602792630, 983.6916601271909713 ) ) ;
#8285 = AXIS2_PLACEMENT_3D ( 'NONE', #4435, #2767, #4270 ) ;
#8286 = CARTESIAN_POINT ( 'NONE',  ( -19.02638798584040103, 15.58580143709255239, 1004.050335108547188 ) ) ;
#8287 = CIRCLE ( 'NONE', #6398, 1.649999999999998579 ) ;
#8288 = VERTEX_POINT ( 'NONE', #5079 ) ;
#8289 = ORIENTED_EDGE ( 'NONE', *, *, #10392, .F. ) ;
#8290 = VERTEX_POINT ( 'NONE', #3361 ) ;
#8291 = EDGE_LOOP ( 'NONE', ( #6786, #3377, #7587, #9778 ) ) ;
#8292 = FACE_BOUND ( 'NONE', #9588, .T. ) ;
#8293 = ORIENTED_EDGE ( 'NONE', *, *, #5444, .T. ) ;
#8294 = DIRECTION ( 'NONE',  ( -0.6862090269997823677, 0.7274044069594383100, 0.000000000000000000 ) ) ;
#8295 = CARTESIAN_POINT ( 'NONE',  ( -25.99300406034283029, -28.66609185174276320, 1002.537908629446406 ) ) ;
#8296 = AXIS2_PLACEMENT_3D ( 'NONE', #7582, #1771, #9217 ) ;
#8297 = VECTOR ( 'NONE', #4226, 1000.000000000000227 ) ;
#8298 = DIRECTION ( 'NONE',  ( -0.000000000000000000, -0.000000000000000000, 1.000000000000000000 ) ) ;
#8299 = LINE ( 'NONE', #963, #4316 ) ;
#8300 = EDGE_CURVE ( 'NONE', #1537, #1700, #8367, .T. ) ;
#8301 = EDGE_CURVE ( 'NONE', #3910, #4317, #1975, .T. ) ;
#8302 = DIRECTION ( 'NONE',  ( 1.000000000000000000, 0.000000000000000000, 0.000000000000000000 ) ) ;
#8303 = VERTEX_POINT ( 'NONE', #3469 ) ;
#8304 = CARTESIAN_POINT ( 'NONE',  ( -35.21918486706024254, 27.43479473356680032, 995.9916601271909258 ) ) ;
#8305 = EDGE_CURVE ( 'NONE', #2922, #7572, #4387, .T. ) ;
#8306 = AXIS2_PLACEMENT_3D ( 'NONE', #7214, #3121, #1456 ) ;
#8307 = ORIENTED_EDGE ( 'NONE', *, *, #1538, .T. ) ;
#8308 = CARTESIAN_POINT ( 'NONE',  ( -47.65975493215942294, -7.713133960206512540, 997.9916601271908121 ) ) ;
#8309 = EDGE_LOOP ( 'NONE', ( #2725, #3697, #8533, #10092 ) ) ;
#8310 = VERTEX_POINT ( 'NONE', #4061 ) ;
#8311 = CARTESIAN_POINT ( 'NONE',  ( -27.26771300448400126, 13.64413097241205186, 997.1916601271909713 ) ) ;
#8312 = LINE ( 'NONE', #7497, #7944 ) ;
#8313 = CARTESIAN_POINT ( 'NONE',  ( -25.28588828159080393, 26.12076242146456551, 987.3590238500138412 ) ) ;
#8314 = CARTESIAN_POINT ( 'NONE',  ( -25.46244619668694043, -27.30906208912830380, 1001.598541806044295 ) ) ;
#8315 = DIRECTION ( 'NONE',  ( -0.000000000000000000, -0.000000000000000000, 1.000000000000000000 ) ) ;
#8316 = ADVANCED_FACE ( 'NONE', ( #7353 ), #3418, .T. ) ;
#8317 = DIRECTION ( 'NONE',  ( 1.000000000000000000, 0.000000000000000000, 0.000000000000000000 ) ) ;
#8318 = CARTESIAN_POINT ( 'NONE',  ( -18.52711017748569944, -28.00927562604076826, 1002.895355967147680 ) ) ;
#8319 = LINE ( 'NONE', #6603, #6656 ) ;
#8320 = VERTEX_POINT ( 'NONE', #9041 ) ;
#8321 = CARTESIAN_POINT ( 'NONE',  ( -36.06771300448401263, 26.58626659614303378, 1002.291660127190994 ) ) ;
#8322 = ORIENTED_EDGE ( 'NONE', *, *, #4224, .F. ) ;
#8323 = ORIENTED_EDGE ( 'NONE', *, *, #5882, .F. ) ;
#8324 = CARTESIAN_POINT ( 'NONE',  ( -10.81771300448399309, 29.47981022745160828, 987.4916601271910395 ) ) ;
#8325 = DIRECTION ( 'NONE',  ( 0.5974353514352569450, -0.3782472747495106979, -0.7071067811865470176 ) ) ;
#8326 = EDGE_CURVE ( 'NONE', #420, #4979, #4919, .T. ) ;
#8327 = CARTESIAN_POINT ( 'NONE',  ( -27.51795447798598460, 37.53953660251080038, 1003.491660127191039 ) ) ;
#8328 = DIRECTION ( 'NONE',  ( 4.968755469201875432E-16, -1.000000000000000000, 0.000000000000000000 ) ) ;
#8329 = CARTESIAN_POINT ( 'NONE',  ( -19.66191220012187912, 26.79245897697972012, 989.3144028616843570 ) ) ;
#8330 = ORIENTED_EDGE ( 'NONE', *, *, #5955, .F. ) ;
#8331 = CARTESIAN_POINT ( 'NONE',  ( -26.26009738360898282, -26.77900567238395269, 1001.292513591151192 ) ) ;
#8332 = DIRECTION ( 'NONE',  ( 0.000000000000000000, 0.000000000000000000, 1.000000000000000000 ) ) ;
#8333 = CARTESIAN_POINT ( 'NONE',  ( -24.26771282526732421, 44.22206330434126897, 988.0916604856245158 ) ) ;
#8334 = CARTESIAN_POINT ( 'NONE',  ( -18.80395757868610218, -27.69894877383850229, 1002.440480731536127 ) ) ;
#8335 = CARTESIAN_POINT ( 'NONE',  ( -23.66271300448400083, -27.69407096193929974, 999.8111579371196740 ) ) ;
#8336 = DIRECTION ( 'NONE',  ( -0.7071067811865925368, -2.200518442539934549E-16, -0.7071067811865024977 ) ) ;
#8337 = VECTOR ( 'NONE', #1747, 999.9999999999998863 ) ;
#8338 = ADVANCED_FACE ( 'NONE', ( #7399 ), #4824, .F. ) ;
#8339 = VERTEX_POINT ( 'NONE', #9248 ) ;
#8340 = VERTEX_POINT ( 'NONE', #10209 ) ;
#8341 = ORIENTED_EDGE ( 'NONE', *, *, #6267, .F. ) ;
#8342 = VERTEX_POINT ( 'NONE', #7613 ) ;
#8343 = VERTEX_POINT ( 'NONE', #1850 ) ;
#8344 = FACE_BOUND ( 'NONE', #9181, .T. ) ;
#8345 = ORIENTED_EDGE ( 'NONE', *, *, #9640, .F. ) ;
#8346 = CARTESIAN_POINT ( 'NONE',  ( -29.27157519591462531, 7.479460679559895908, 995.9916601271909258 ) ) ;
#8347 = CARTESIAN_POINT ( 'NONE',  ( -34.86771300448413768, 44.52206366277465577, 988.0916604856245158 ) ) ;
#8348 = ADVANCED_FACE ( 'NONE', ( #7979 ), #10153, .T. ) ;
#8349 = DIRECTION ( 'NONE',  ( 0.000000000000000000, 0.000000000000000000, -1.000000000000000000 ) ) ;
#8350 = B_SPLINE_SURFACE_WITH_KNOTS ( 'NONE', 3, 3, ( 
 ( #435, #6968, #4650, #4544, #2007, #8700 ),
 ( #1303, #9507, #2869, #5291, #6150, #382 ),
 ( #1190, #5236, #2175, #9456, #10356, #2063 ),
 ( #9564, #1132, #3616, #5347, #6858, #7880 ),
 ( #8644, #6911, #2119, #7079, #1247, #7712 ) ),
 .UNSPECIFIED., .F., .F., .F.,
 ( 4, 1, 4 ),
 ( 4, 2, 4 ),
 ( 0.000000000000000000, 0.5714285714285709528, 1.000000000000000000 ),
 ( 0.000000000000000000, 0.04714321943346350130, 0.04747859092260799801 ),
 .UNSPECIFIED. ) ;
#8351 = CARTESIAN_POINT ( 'NONE',  ( -18.52414659662771257, -28.63665675252056886, 1002.545257978330028 ) ) ;
#8352 = ADVANCED_FACE ( 'NONE', ( #5135 ), #5997, .F. ) ;
#8353 = AXIS2_PLACEMENT_3D ( 'NONE', #8777, #8715, #8833 ) ;
#8354 = CARTESIAN_POINT ( 'NONE',  ( -30.83572353227896912, 23.89986204311076889, 987.4916601271910395 ) ) ;
#8355 = EDGE_LOOP ( 'NONE', ( #7914, #2298, #8455, #4718 ) ) ;
#8356 = CARTESIAN_POINT ( 'NONE',  ( -25.17292937701750333, 25.37820340913293293, 988.0916604856246295 ) ) ;
#8357 = ORIENTED_EDGE ( 'NONE', *, *, #2997, .F. ) ;
#8358 = CARTESIAN_POINT ( 'NONE',  ( -25.20010936543413393, 25.25415102668764078, 989.2740186791467067 ) ) ;
#8359 = ORIENTED_EDGE ( 'NONE', *, *, #3450, .F. ) ;
#8360 = LINE ( 'NONE', #9240, #5085 ) ;
#8361 = CIRCLE ( 'NONE', #4063, 1.649999999999998579 ) ;
#8362 = CARTESIAN_POINT ( 'NONE',  ( -29.91673794035160228, 20.43529153201059856, 997.1916601271909713 ) ) ;
#8363 = CARTESIAN_POINT ( 'NONE',  ( -25.21787461532874630, 26.05339869864173608, 987.2916601271911077 ) ) ;
#8364 = FACE_OUTER_BOUND ( 'NONE', #2101, .T. ) ;
#8365 = CARTESIAN_POINT ( 'NONE',  ( -19.31755139363924911, 26.05339869864173608, 985.0416601271911077 ) ) ;
#8366 = EDGE_CURVE ( 'NONE', #9548, #490, #6867, .T. ) ;
#8367 = LINE ( 'NONE', #926, #8520 ) ;
#8368 = CARTESIAN_POINT ( 'NONE',  ( -26.00174718494416126, -27.99488232026857659, 1002.895356525875172 ) ) ;
#8369 = CARTESIAN_POINT ( 'NONE',  ( -29.97333151044161070, 30.61628398392507222, 1014.043398519987932 ) ) ;
#8370 = VECTOR ( 'NONE', #6796, 1000.000000000000000 ) ;
#8371 = ORIENTED_EDGE ( 'NONE', *, *, #2393, .F. ) ;
#8372 = CARTESIAN_POINT ( 'NONE',  ( -22.11771300448399202, 43.90074331921501738, 990.4916601271910395 ) ) ;
#8373 = EDGE_CURVE ( 'NONE', #3155, #9698, #5388, .T. ) ;
#8374 = ORIENTED_EDGE ( 'NONE', *, *, #6403, .T. ) ;
#8375 = EDGE_LOOP ( 'NONE', ( #8423, #5910 ) ) ;
#8376 = CARTESIAN_POINT ( 'NONE',  ( -23.26139116540354479, 7.114941295771398444, 995.9916601271909258 ) ) ;
#8377 = EDGE_CURVE ( 'NONE', #2549, #7135, #5757, .T. ) ;
#8378 = CARTESIAN_POINT ( 'NONE',  ( -28.26507697019296472, 18.37435752405618317, 997.4810598675732081 ) ) ;
#8379 = AXIS2_PLACEMENT_3D ( 'NONE', #10199, #5401, #493 ) ;
#8380 = AXIS2_PLACEMENT_3D ( 'NONE', #9245, #5029, #3467 ) ;
#8381 = CARTESIAN_POINT ( 'NONE',  ( -0.3477130044840029410, -10.47773340385700003, 995.9916601271909258 ) ) ;
#8382 = CARTESIAN_POINT ( 'NONE',  ( -17.86383665744883231, -26.58876280099459777, 1000.775890155598745 ) ) ;
#8383 = ORIENTED_EDGE ( 'NONE', *, *, #8149, .T. ) ;
#8384 = VECTOR ( 'NONE', #5406, 1000.000000000000000 ) ;
#8385 = EDGE_CURVE ( 'NONE', #1816, #1529, #10103, .T. ) ;
#8386 = CARTESIAN_POINT ( 'NONE',  ( -18.42354498539271290, 3.287333648496001626, 1003.447492108099595 ) ) ;
#8387 = EDGE_LOOP ( 'NONE', ( #2736, #653, #367, #3947 ) ) ;
#8388 = CARTESIAN_POINT ( 'NONE',  ( -32.06771300448400552, 38.02206337602792274, 1000.991660127190926 ) ) ;
#8389 = CARTESIAN_POINT ( 'NONE',  ( -17.26771300448400126, 13.64413097241205186, 997.1916601271909713 ) ) ;
#8390 = CARTESIAN_POINT ( 'NONE',  ( -17.90479112098513070, -26.46021910510278019, 1001.107549847368773 ) ) ;
#8391 = DIRECTION ( 'NONE',  ( -0.000000000000000000, -0.000000000000000000, 1.000000000000000000 ) ) ;
#8392 = CARTESIAN_POINT ( 'NONE',  ( -19.41771300448399629, 0.000000000000000000, 990.4916601271910395 ) ) ;
#8393 = VECTOR ( 'NONE', #5539, 1000.000000000000000 ) ;
#8394 = CARTESIAN_POINT ( 'NONE',  ( -8.467713004483993444, 26.58626659614303378, 997.1916601271908576 ) ) ;
#8395 = ORIENTED_EDGE ( 'NONE', *, *, #2839, .T. ) ;
#8396 = ORIENTED_EDGE ( 'NONE', *, *, #9180, .F. ) ;
#8397 = ORIENTED_EDGE ( 'NONE', *, *, #3965, .F. ) ;
#8398 = ORIENTED_EDGE ( 'NONE', *, *, #6952, .F. ) ;
#8399 = ORIENTED_EDGE ( 'NONE', *, *, #727, .F. ) ;
#8400 = DIRECTION ( 'NONE',  ( -0.8449011766408756063, -0.5349224258814208044, 0.000000000000000000 ) ) ;
#8401 = CIRCLE ( 'NONE', #9958, 3.498060944848585763 ) ;
#8402 = ORIENTED_EDGE ( 'NONE', *, *, #7989, .T. ) ;
#8403 = FACE_OUTER_BOUND ( 'NONE', #3726, .T. ) ;
#8404 = CARTESIAN_POINT ( 'NONE',  ( -34.86771300448391742, 43.92206366277464724, 1013.641658718408507 ) ) ;
#8405 = PLANE ( 'NONE',  #3481 ) ;
#8406 = CARTESIAN_POINT ( 'NONE',  ( -16.67366710514173178, 31.54050344243852777, 983.7916601271909940 ) ) ;
#8407 = LINE ( 'NONE', #7344, #2217 ) ;
#8408 = ORIENTED_EDGE ( 'NONE', *, *, #2918, .F. ) ;
#8409 = CARTESIAN_POINT ( 'NONE',  ( -25.05981999767623947, 27.74661385845902473, 990.1439825417320435 ) ) ;
#8410 = ORIENTED_EDGE ( 'NONE', *, *, #4266, .T. ) ;
#8411 = EDGE_CURVE ( 'NONE', #3617, #3815, #1141, .T. ) ;
#8412 = ORIENTED_EDGE ( 'NONE', *, *, #7446, .F. ) ;
#8413 = VECTOR ( 'NONE', #1905, 1000.000000000000000 ) ;
#8414 = B_SPLINE_CURVE_WITH_KNOTS ( 'NONE', 3,
 ( #661, #4053, #6376, #9686, #8048, #3946, #7240, #10529, #9033, #5775, #10090, #2706 ),
 .UNSPECIFIED., .F., .F.,
 ( 4, 2, 2, 2, 2, 4 ),
 ( 0.000000000000000000, 0.0004024554159672461841, 0.0008049108319344923683, 0.001207366247901738498, 0.001408593955885249945, 0.001609821663868761608 ),
 .UNSPECIFIED. ) ;
#8415 = DIRECTION ( 'NONE',  ( -1.000000000000000000, 0.000000000000000000, 0.000000000000000000 ) ) ;
#8416 = FACE_OUTER_BOUND ( 'NONE', #6555, .T. ) ;
#8417 = LINE ( 'NONE', #9993, #4857 ) ;
#8418 = DIRECTION ( 'NONE',  ( 1.061580404918354109E-23, -1.214306433183760036E-16, -1.000000000000000000 ) ) ;
#8419 = DIRECTION ( 'NONE',  ( 0.9999501872747571518, 0.009981130656292292597, -0.000000000000000000 ) ) ;
#8420 = CARTESIAN_POINT ( 'NONE',  ( -35.29847014400910155, -25.44013165305140234, 995.9916601271909258 ) ) ;
#8421 = CARTESIAN_POINT ( 'NONE',  ( -18.47297981228107133, -28.25791218717139941, 1003.491660127191039 ) ) ;
#8422 = LINE ( 'NONE', #10049, #1652 ) ;
#8423 = ORIENTED_EDGE ( 'NONE', *, *, #2737, .F. ) ;
#8424 = CARTESIAN_POINT ( 'NONE',  ( -16.81842501921067878, 37.53953660251080038, 1010.258325854657187 ) ) ;
#8425 = ORIENTED_EDGE ( 'NONE', *, *, #8106, .T. ) ;
#8426 = ORIENTED_EDGE ( 'NONE', *, *, #9257, .F. ) ;
#8427 = ADVANCED_FACE ( 'NONE', ( #5190 ), #1809, .T. ) ;
#8428 = CARTESIAN_POINT ( 'NONE',  ( -32.06771300448400552, 29.52206337602792630, 987.4916601271910395 ) ) ;
#8429 = DIRECTION ( 'NONE',  ( 1.000000000000000000, 0.000000000000000000, 0.000000000000000000 ) ) ;
#8430 = VECTOR ( 'NONE', #10463, 1000.000000000000000 ) ;
#8431 = EDGE_CURVE ( 'NONE', #5831, #7738, #6801, .T. ) ;
#8432 = DIRECTION ( 'NONE',  ( 0.000000000000000000, 0.8660254037844383745, -0.5000000000000003331 ) ) ;
#8433 = CARTESIAN_POINT ( 'NONE',  ( -37.87442463706932472, 46.25863864787162072, 1001.298371938997434 ) ) ;
#8434 = ADVANCED_FACE ( 'NONE', ( #8812 ), #7925, .T. ) ;
#8435 = ORIENTED_EDGE ( 'NONE', *, *, #4867, .T. ) ;
#8436 = EDGE_CURVE ( 'NONE', #1118, #7458, #7307, .T. ) ;
#8437 = EDGE_CURVE ( 'NONE', #10181, #4094, #3930, .T. ) ;
#8438 = CIRCLE ( 'NONE', #8261, 4.999999999999999112 ) ;
#8439 = CARTESIAN_POINT ( 'NONE',  ( -27.80816838783134060, 3.385674017669300095, 1000.881937077168914 ) ) ;
#8440 = EDGE_CURVE ( 'NONE', #10183, #10397, #1516, .T. ) ;
#8441 = ORIENTED_EDGE ( 'NONE', *, *, #384, .T. ) ;
#8442 = CARTESIAN_POINT ( 'NONE',  ( -16.39664519261860320, 20.35439068285596775, 995.9916601271909258 ) ) ;
#8443 = B_SPLINE_CURVE_WITH_KNOTS ( 'NONE', 3,
 ( #5437, #4684, #3812, #5497 ),
 .UNSPECIFIED., .F., .F.,
 ( 4, 4 ),
 ( -0.0002621322405283549274, 0.0008729563938534471790 ),
 .UNSPECIFIED. ) ;
#8444 = DIRECTION ( 'NONE',  ( 0.000000000000000000, 0.000000000000000000, 1.000000000000000000 ) ) ;
#8445 = CARTESIAN_POINT ( 'NONE',  ( -46.00085658536470845, -14.68130478709556996, 997.9916601271909258 ) ) ;
#8446 = CARTESIAN_POINT ( 'NONE',  ( -30.11795385680410675, 30.41657034268903459, 1013.641658718408507 ) ) ;
#8447 = CARTESIAN_POINT ( 'NONE',  ( -26.53138480952903322, -26.58220942283710286, 1000.888674344745368 ) ) ;
#8448 = VECTOR ( 'NONE', #4060, 1000.000000000000000 ) ;
#8449 = CARTESIAN_POINT ( 'NONE',  ( -48.53633755087223278, -11.36517342206571435, 998.5327797521496223 ) ) ;
#8450 = EDGE_CURVE ( 'NONE', #749, #6644, #3234, .T. ) ;
#8451 = CARTESIAN_POINT ( 'NONE',  ( -14.71771300448399700, 38.02206337602792274, 999.7916601271908803 ) ) ;
#8452 = ORIENTED_EDGE ( 'NONE', *, *, #4218, .F. ) ;
#8453 = ORIENTED_EDGE ( 'NONE', *, *, #2052, .F. ) ;
#8455 = ORIENTED_EDGE ( 'NONE', *, *, #9451, .T. ) ;
#8454 = VECTOR ( 'NONE', #7116, 1000.000000000000000 ) ;
#8456 = AXIS2_PLACEMENT_3D ( 'NONE', #8080, #3824, #2378 ) ;
#8457 = ORIENTED_EDGE ( 'NONE', *, *, #2349, .F. ) ;
#8458 = CARTESIAN_POINT ( 'NONE',  ( -25.88671026539886810, -27.83364811845947173, 1000.991660127190926 ) ) ;
#8459 = ORIENTED_EDGE ( 'NONE', *, *, #10354, .F. ) ;
#8460 = DIRECTION ( 'NONE',  ( 0.5773502691896502670, -0.5773502691896502670, 0.5773502691895767702 ) ) ;
#8461 = CARTESIAN_POINT ( 'NONE',  ( -28.04298166646918133, 5.981206465756798707, 998.8718200309614303 ) ) ;
#8462 = DIRECTION ( 'NONE',  ( 0.000000000000000000, -0.7071067811865463515, 0.7071067811865487940 ) ) ;
#8463 = DIRECTION ( 'NONE',  ( 0.000000000000000000, 0.000000000000000000, -1.000000000000000000 ) ) ;
#8464 = FACE_OUTER_BOUND ( 'NONE', #5569, .T. ) ;
#8465 = AXIS2_PLACEMENT_3D ( 'NONE', #5890, #973, #4269 ) ;
#8466 = AXIS2_PLACEMENT_3D ( 'NONE', #4235, #778, #29 ) ;
#8467 = EDGE_CURVE ( 'NONE', #966, #4304, #9122, .T. ) ;
#8468 = DIRECTION ( 'NONE',  ( 0.7071067811866449393, 0.000000000000000000, 0.7071067811864500952 ) ) ;
#8469 = ORIENTED_EDGE ( 'NONE', *, *, #6225, .T. ) ;
#8470 = CARTESIAN_POINT ( 'NONE',  ( -25.20114276020493804, 25.24948002259734992, 988.0916604856245158 ) ) ;
#8471 = VERTEX_POINT ( 'NONE', #2331 ) ;
#8472 = CARTESIAN_POINT ( 'NONE',  ( -22.56571920978913681, 27.80166791649181945, 990.0069990077690818 ) ) ;
#8473 = ORIENTED_EDGE ( 'NONE', *, *, #2100, .T. ) ;
#8474 = VECTOR ( 'NONE', #6287, 1000.000000000000114 ) ;
#8475 = ORIENTED_EDGE ( 'NONE', *, *, #746, .F. ) ;
#8476 = CIRCLE ( 'NONE', #4701, 3.498060944848582210 ) ;
#8477 = CARTESIAN_POINT ( 'NONE',  ( -22.26771300448400126, -12.47773340385700003, 997.9916601271909258 ) ) ;
#8478 = DIRECTION ( 'NONE',  ( -0.4472012402998730152, 0.000000000000000000, -0.8944333684932909145 ) ) ;
#8479 = PLANE ( 'NONE',  #31 ) ;
#8480 = LINE ( 'NONE', #5645, #4773 ) ;
#8481 = FACE_OUTER_BOUND ( 'NONE', #4306, .T. ) ;
#8482 = CARTESIAN_POINT ( 'NONE',  ( -28.71577430776599016, 26.01981126762374430, 987.2916601271911077 ) ) ;
#8483 = CARTESIAN_POINT ( 'NONE',  ( -19.07297981228107275, -28.25791218717139941, 1004.591660127191176 ) ) ;
#8484 = ADVANCED_FACE ( 'NONE', ( #5609 ), #3184, .F. ) ;
#8485 = EDGE_CURVE ( 'NONE', #1189, #363, #9768, .T. ) ;
#8486 = CIRCLE ( 'NONE', #3837, 15.38000000000000078 ) ;
#8487 = ORIENTED_EDGE ( 'NONE', *, *, #1396, .F. ) ;
#8488 = DIRECTION ( 'NONE',  ( 0.000000000000000000, 0.000000000000000000, -1.000000000000000000 ) ) ;
#8489 = ORIENTED_EDGE ( 'NONE', *, *, #5228, .F. ) ;
#8490 = ORIENTED_EDGE ( 'NONE', *, *, #3562, .T. ) ;
#8491 = CARTESIAN_POINT ( 'NONE',  ( -16.67366710514173178, 31.54050344243852777, 983.7916601271909940 ) ) ;
#8492 = LINE ( 'NONE', #7568, #946 ) ;
#8493 =( BOUNDED_CURVE ( )  B_SPLINE_CURVE ( 3, ( #6567, #7374, #2530, #1822 ),
 .UNSPECIFIED., .F., .T. ) 
 B_SPLINE_CURVE_WITH_KNOTS ( ( 4, 4 ),
 ( 2.867578449779646377, 3.415606857399950069 ),
 .UNSPECIFIED. ) 
 CURVE ( )  GEOMETRIC_REPRESENTATION_ITEM ( )  RATIONAL_B_SPLINE_CURVE ( ( 1.000000000000000000, 0.9751282799207717789, 0.9751282799207717789, 1.000000000000000000 ) ) 
 REPRESENTATION_ITEM ( '' )  );
#8494 = DIRECTION ( 'NONE',  ( -1.000000000000000000, 0.000000000000000000, 0.000000000000000000 ) ) ;
#8495 = AXIS2_PLACEMENT_3D ( 'NONE', #5255, #3688, #1267 ) ;
#8496 = EDGE_CURVE ( 'NONE', #9097, #3411, #4846, .T. ) ;
#8497 = DIRECTION ( 'NONE',  ( 1.005631396298194425E-16, 1.000000000000000000, 0.000000000000000000 ) ) ;
#8498 = LINE ( 'NONE', #9317, #2792 ) ;
#8499 = ORIENTED_EDGE ( 'NONE', *, *, #3237, .F. ) ;
#8500 = FACE_OUTER_BOUND ( 'NONE', #6830, .T. ) ;
#8501 = FACE_OUTER_BOUND ( 'NONE', #6283, .T. ) ;
#8502 = ORIENTED_EDGE ( 'NONE', *, *, #5798, .T. ) ;
#8503 = CARTESIAN_POINT ( 'NONE',  ( -22.01023269368407398, 27.94744424648950698, 990.1428931988299382 ) ) ;
#8504 = EDGE_CURVE ( 'NONE', #4068, #6420, #4089, .T. ) ;
#8505 = PLANE ( 'NONE',  #10014 ) ;
#8506 = LINE ( 'NONE', #4406, #4601 ) ;
#8507 = EDGE_CURVE ( 'NONE', #2006, #6323, #8027, .T. ) ;
#8508 = DIRECTION ( 'NONE',  ( 0.000000000000000000, -1.000000000000000000, 0.000000000000000000 ) ) ;
#8509 = PLANE ( 'NONE',  #1599 ) ;
#8510 = CARTESIAN_POINT ( 'NONE',  ( -25.73146843028191100, -27.69894877383850229, 1002.440480731536127 ) ) ;
#8511 = EDGE_CURVE ( 'NONE', #5525, #2511, #7829, .T. ) ;
#8512 = DIRECTION ( 'NONE',  ( -2.238352872228063919E-15, 0.000000000000000000, -1.000000000000000000 ) ) ;
#8513 = VERTEX_POINT ( 'NONE', #10610 ) ;
#8514 = ORIENTED_EDGE ( 'NONE', *, *, #8248, .T. ) ;
#8515 = ORIENTED_EDGE ( 'NONE', *, *, #3242, .T. ) ;
#8516 = LINE ( 'NONE', #10239, #3566 ) ;
#8517 = EDGE_LOOP ( 'NONE', ( #7061, #7305, #2854, #2601 ) ) ;
#8518 = EDGE_CURVE ( 'NONE', #10054, #6516, #3325, .T. ) ;
#8519 = DIRECTION ( 'NONE',  ( -0.000000000000000000, 0.000000000000000000, 1.000000000000000000 ) ) ;
#8520 = VECTOR ( 'NONE', #4225, 1000.000000000000000 ) ;
#8521 = DIRECTION ( 'NONE',  ( -0.000000000000000000, -0.000000000000000000, 1.000000000000000000 ) ) ;
#8522 = FACE_OUTER_BOUND ( 'NONE', #1172, .T. ) ;
#8523 = FACE_OUTER_BOUND ( 'NONE', #10002, .T. ) ;
#8524 = DIRECTION ( 'NONE',  ( -0.8380443659653000754, -0.07646390200413341609, 0.5402174676592015334 ) ) ;
#8525 = DIRECTION ( 'NONE',  ( 0.000000000000000000, 0.000000000000000000, 1.000000000000000000 ) ) ;
#8526 = VECTOR ( 'NONE', #6496, 1000.000000000000000 ) ;
#8527 = ADVANCED_FACE ( 'NONE', ( #696 ), #1465, .T. ) ;
#8528 = VERTEX_POINT ( 'NONE', #3981 ) ;
#8529 = CARTESIAN_POINT ( 'NONE',  ( -17.26771300448400126, 3.578337813800501976, 1004.527194033123692 ) ) ;
#8530 = ORIENTED_EDGE ( 'NONE', *, *, #7233, .F. ) ;
#8531 = DIRECTION ( 'NONE',  ( 1.000000000000000000, 0.000000000000000000, 0.000000000000000000 ) ) ;
#8532 = ADVANCED_FACE ( 'NONE', ( #3082 ), #8181, .F. ) ;
#8533 = ORIENTED_EDGE ( 'NONE', *, *, #1653, .T. ) ;
#8534 = VERTEX_POINT ( 'NONE', #4516 ) ;
#8535 = DIRECTION ( 'NONE',  ( 0.000000000000000000, 0.000000000000000000, -1.000000000000000000 ) ) ;
#8536 = CARTESIAN_POINT ( 'NONE',  ( -27.93773325883288194, 3.287333648496001626, 999.7956615271797318 ) ) ;
#8537 = CARTESIAN_POINT ( 'NONE',  ( -33.69820614637730927, 33.56340317851060462, 983.7916601271909940 ) ) ;
#8538 = LINE ( 'NONE', #5240, #113 ) ;
#8539 = CARTESIAN_POINT ( 'NONE',  ( -21.80168948984358224, -28.77684170525125751, 1001.060324116468792 ) ) ;
#8540 = VECTOR ( 'NONE', #2607, 1000.000000000000114 ) ;
#8541 = CARTESIAN_POINT ( 'NONE',  ( -26.06244619668694185, -28.50435785871589900, 1002.895356539760087 ) ) ;
#8542 = ORIENTED_EDGE ( 'NONE', *, *, #2778, .T. ) ;
#8543 = CARTESIAN_POINT ( 'NONE',  ( -10.81771300448399309, 39.67206337602792132, 1003.491660127191039 ) ) ;
#8544 = ORIENTED_EDGE ( 'NONE', *, *, #3530, .T. ) ;
#8545 = AXIS2_PLACEMENT_3D ( 'NONE', #4486, #10359, #7768 ) ;
#8546 = ORIENTED_EDGE ( 'NONE', *, *, #6284, .T. ) ;
#8547 = CARTESIAN_POINT ( 'NONE',  ( 2.202286995515998047, -10.47773340385700003, 1004.591660127191176 ) ) ;
#8548 = DIRECTION ( 'NONE',  ( 0.000000000000000000, 0.000000000000000000, 1.000000000000000000 ) ) ;
#8549 = DIRECTION ( 'NONE',  ( 1.000000000000000000, 0.000000000000000000, 0.000000000000000000 ) ) ;
#8550 = CARTESIAN_POINT ( 'NONE',  ( -27.55711274486613860, 16.66518068959712195, 1002.002260386808643 ) ) ;
#8551 = CARTESIAN_POINT ( 'NONE',  ( -20.87271300448400169, -28.26499943599120002, 1000.764811844528936 ) ) ;
#8552 = CIRCLE ( 'NONE', #8742, 3.598061303281992807 ) ;
#8553 = ORIENTED_EDGE ( 'NONE', *, *, #8300, .T. ) ;
#8554 = CARTESIAN_POINT ( 'NONE',  ( -17.26771300448400126, 8.007787015532398911, 1000.648436188351866 ) ) ;
#8555 = DIRECTION ( 'NONE',  ( 0.000000000000000000, 0.000000000000000000, 1.000000000000000000 ) ) ;
#8556 = CARTESIAN_POINT ( 'NONE',  ( -27.26759208180893168, 4.723772850657002920, 1002.413178228276820 ) ) ;
#8557 = ORIENTED_EDGE ( 'NONE', *, *, #3761, .T. ) ;
#8558 = CARTESIAN_POINT ( 'NONE',  ( -19.41771300448399629, 27.60371491733321392, 992.9893761173821076 ) ) ;
#8559 = VECTOR ( 'NONE', #924, 999.9999999999998863 ) ;
#8560 = EDGE_CURVE ( 'NONE', #4264, #9976, #2894, .T. ) ;
#8561 = CARTESIAN_POINT ( 'NONE',  ( -27.26771300448400126, 8.007787015532398911, 1000.648436188351866 ) ) ;
#8562 = LINE ( 'NONE', #2685, #5637 ) ;
#8563 = LINE ( 'NONE', #6019, #694 ) ;
#8564 = CARTESIAN_POINT ( 'NONE',  ( -13.34614908609573902, 23.54630865251755978, 987.2916601271909940 ) ) ;
#8565 = CARTESIAN_POINT ( 'NONE',  ( -25.61566032103182167, -27.55019483477169828, 1001.829498419228003 ) ) ;
#8566 = DIRECTION ( 'NONE',  ( 0.000000000000000000, 0.000000000000000000, 1.000000000000000000 ) ) ;
#8567 = AXIS2_PLACEMENT_3D ( 'NONE', #8388, #4990, #4886 ) ;
#8568 = B_SPLINE_CURVE_WITH_KNOTS ( 'NONE', 3,
 ( #1927, #3542, #8561, #2036 ),
 .UNSPECIFIED., .F., .F.,
 ( 4, 4 ),
 ( 1.047752002295810003, 1.309785268290299953 ),
 .UNSPECIFIED. ) ;
#8569 = VERTEX_POINT ( 'NONE', #5319 ) ;
#8570 = VERTEX_POINT ( 'NONE', #8848 ) ;
#8571 = CARTESIAN_POINT ( 'NONE',  ( -12.46771300448399344, 29.47981022745160828, 983.4916601271910395 ) ) ;
#8572 = EDGE_CURVE ( 'NONE', #2018, #2549, #2204, .T. ) ;
#8573 = ORIENTED_EDGE ( 'NONE', *, *, #10552, .T. ) ;
#8574 = AXIS2_PLACEMENT_3D ( 'NONE', #9080, #3402, #4261 ) ;
#8575 = CARTESIAN_POINT ( 'NONE',  ( -30.11795385680410675, 30.41657034268903459, 1014.306158709955753 ) ) ;
#8576 = AXIS2_PLACEMENT_3D ( 'NONE', #1401, #4685, #6351 ) ;
#8577 = EDGE_CURVE ( 'NONE', #7146, #8684, #582, .T. ) ;
#8578 = DIRECTION ( 'NONE',  ( 0.4472012402998730152, 4.336808689942020201E-17, -0.8944333684932909145 ) ) ;
#8579 = CARTESIAN_POINT ( 'NONE',  ( -5.998667686029500068, -22.18476594091956144, 997.9916601271909258 ) ) ;
#8580 = CARTESIAN_POINT ( 'NONE',  ( -34.26771300448390178, 43.92206366277464724, 1016.641658718408394 ) ) ;
#8581 = CYLINDRICAL_SURFACE ( 'NONE', #546, 1.649999999999998579 ) ;
#8582 = ADVANCED_FACE ( 'NONE', ( #3859 ), #5944, .F. ) ;
#8583 = CARTESIAN_POINT ( 'NONE',  ( -25.46244619668694043, -28.25791218717139941, 1004.591660127191176 ) ) ;
#8584 =( GEOMETRIC_REPRESENTATION_CONTEXT ( 3 ) GLOBAL_UNCERTAINTY_ASSIGNED_CONTEXT ( ( #6132 ) ) GLOBAL_UNIT_ASSIGNED_CONTEXT ( ( #6964, #268, #6854 ) ) REPRESENTATION_CONTEXT ( 'NONE', 'WORKASPACE' ) );
#8585 = EDGE_CURVE ( 'NONE', #2670, #8923, #2945, .T. ) ;
#8586 = CONICAL_SURFACE ( 'NONE', #3417, 16.87999999999999901, 0.7853981633974476129 ) ;
#8587 = ORIENTED_EDGE ( 'NONE', *, *, #561, .F. ) ;
#8588 = DIRECTION ( 'NONE',  ( -5.634381849972682853E-15, 0.8660254037844432595, -0.4999999999999921729 ) ) ;
#8589 = ORIENTED_EDGE ( 'NONE', *, *, #7139, .F. ) ;
#8590 = ORIENTED_EDGE ( 'NONE', *, *, #5548, .T. ) ;
#8591 = DIRECTION ( 'NONE',  ( 0.7071067811865465735, -0.7071067811865485719, 0.000000000000000000 ) ) ;
#8592 = EDGE_LOOP ( 'NONE', ( #2075, #3391, #10024, #4545 ) ) ;
#8593 = ORIENTED_EDGE ( 'NONE', *, *, #666, .T. ) ;
#8594 = CARTESIAN_POINT ( 'NONE',  ( -14.11771300448399380, 29.47981022745160828, 998.5916601271911759 ) ) ;
#8595 = CARTESIAN_POINT ( 'NONE',  ( -47.20080973152325754, -13.47502353220715321, 997.9916601271909258 ) ) ;
#8596 = CARTESIAN_POINT ( 'NONE',  ( -25.05344129682873699, -28.56296243654358946, 1001.225747080210795 ) ) ;
#8597 = CARTESIAN_POINT ( 'NONE',  ( -13.51771300448397639, 38.02206337602792274, 1000.991660127190926 ) ) ;
#8598 = EDGE_CURVE ( 'NONE', #3906, #2308, #1813, .T. ) ;
#8599 = ORIENTED_EDGE ( 'NONE', *, *, #8467, .T. ) ;
#8600 = CARTESIAN_POINT ( 'NONE',  ( -12.49525093876314052, 3.089442670981066730, 996.6210385601132202 ) ) ;
#8601 = VERTEX_POINT ( 'NONE', #5540 ) ;
#8602 = ORIENTED_EDGE ( 'NONE', *, *, #3909, .T. ) ;
#8603 = CARTESIAN_POINT ( 'NONE',  ( -28.18905988234177329, 31.59893860869147275, 983.7916601271909940 ) ) ;
#8604 = CARTESIAN_POINT ( 'NONE',  ( -25.11771300448399558, 27.86344604156793281, 993.0655706261272826 ) ) ;
#8605 = CYLINDRICAL_SURFACE ( 'NONE', #2954, 2.700000000000001066 ) ;
#8606 = DIRECTION ( 'NONE',  ( 0.000000000000000000, 0.000000000000000000, 1.000000000000000000 ) ) ;
#8607 = DIRECTION ( 'NONE',  ( -0.9999501922368779772, 1.460821081109497506E-15, 0.009980633518501662652 ) ) ;
#8608 = ORIENTED_EDGE ( 'NONE', *, *, #10433, .T. ) ;
#8609 = FACE_OUTER_BOUND ( 'NONE', #2433, .T. ) ;
#8610 = ADVANCED_FACE ( 'NONE', ( #411 ), #9401, .F. ) ;
#8611 = ORIENTED_EDGE ( 'NONE', *, *, #3758, .F. ) ;
#8612 = LINE ( 'NONE', #9211, #2733 ) ;
#8613 = VECTOR ( 'NONE', #5568, 1000.000000000000114 ) ;
#8614 = ORIENTED_EDGE ( 'NONE', *, *, #115, .T. ) ;
#8615 = CARTESIAN_POINT ( 'NONE',  ( -19.41771300444209558, 27.88201353113300840, 990.2232872691690773 ) ) ;
#8616 = CARTESIAN_POINT ( 'NONE',  ( -24.26771282526732065, 53.06199455377097252, 1008.101727844896686 ) ) ;
#8617 = CARTESIAN_POINT ( 'NONE',  ( -10.26771300448410607, 44.52206366277465577, 1016.041658718408485 ) ) ;
#8618 = DIRECTION ( 'NONE',  ( 0.000000000000000000, -1.000000000000000000, 0.000000000000000000 ) ) ;
#8619 = DIRECTION ( 'NONE',  ( 0.000000000000000000, 0.000000000000000000, -1.000000000000000000 ) ) ;
#8620 = CARTESIAN_POINT ( 'NONE',  ( -18.46771300448396858, 17.28211026185816124, 995.9916601271910395 ) ) ;
#8621 = MANIFOLD_SOLID_BREP ( 'Fillet6', #297 ) ;
#8622 = AXIS2_PLACEMENT_3D ( 'NONE', #5100, #3545, #249 ) ;
#8623 = EDGE_CURVE ( 'NONE', #649, #6642, #5176, .T. ) ;
#8624 = EDGE_LOOP ( 'NONE', ( #9121, #2381, #5629, #6423 ) ) ;
#8625 = ORIENTED_EDGE ( 'NONE', *, *, #9781, .T. ) ;
#8626 = ORIENTED_EDGE ( 'NONE', *, *, #1535, .F. ) ;
#8627 = UNCERTAINTY_MEASURE_WITH_UNIT (LENGTH_MEASURE( 1.000000000000000082E-05 ), #7108, 'distance_accuracy_value', 'NONE');
#8628 = VERTEX_POINT ( 'NONE', #1390 ) ;
#8629 = CARTESIAN_POINT ( 'NONE',  ( -29.10209074345038260, -26.25994783473749905, 996.9896244796251494 ) ) ;
#8630 = ORIENTED_EDGE ( 'NONE', *, *, #5786, .F. ) ;
#8631 = CONICAL_SURFACE ( 'NONE', #3969, 2.998060944848583542, 0.7853981633974246312 ) ;
#8632 = CARTESIAN_POINT ( 'NONE',  ( -25.11771300444071997, 42.94287625802018482, 990.4916601272987009 ) ) ;
#8633 = CARTESIAN_POINT ( 'NONE',  ( -0.3477130044840029410, -10.47773340385700003, 1003.391660127191017 ) ) ;
#8634 = CARTESIAN_POINT ( 'NONE',  ( -34.86771300448413768, 27.08332287099069191, 987.4916601271910395 ) ) ;
#8635 = CARTESIAN_POINT ( 'NONE',  ( -29.33121825081584078, -27.25414326169600088, 999.9954290526666227 ) ) ;
#8636 = DIRECTION ( 'NONE',  ( -0.7052447360823922429, 0.7089639357739412340, 0.000000000000000000 ) ) ;
#8637 = CIRCLE ( 'NONE', #3154, 1.750000000000015543 ) ;
#8638 = DIRECTION ( 'NONE',  ( 1.000000000000000000, 0.000000000000000000, -0.000000000000000000 ) ) ;
#8639 = VECTOR ( 'NONE', #1664, 1000.000000000000000 ) ;
#8640 = VERTEX_POINT ( 'NONE', #9539 ) ;
#8641 = CYLINDRICAL_SURFACE ( 'NONE', #1544, 0.8000000000000008216 ) ;
#8642 = ORIENTED_EDGE ( 'NONE', *, *, #949, .F. ) ;
#8643 = VERTEX_POINT ( 'NONE', #465 ) ;
#8644 = CARTESIAN_POINT ( 'NONE',  ( -25.74294864934424965, -28.85055402455519769, 1002.491852182949287 ) ) ;
#8645 = ORIENTED_EDGE ( 'NONE', *, *, #4331, .F. ) ;
#8646 = DIRECTION ( 'NONE',  ( 0.000000000000000000, 0.000000000000000000, -1.000000000000000000 ) ) ;
#8647 = DIRECTION ( 'NONE',  ( 1.000000000000000000, 0.000000000000000000, 0.000000000000000000 ) ) ;
#8648 = VECTOR ( 'NONE', #3270, 1000.000000000000114 ) ;
#8649 = CARTESIAN_POINT ( 'NONE',  ( -26.06771300269580749, 44.52206366277465577, 988.0916604856245158 ) ) ;
#8650 = EDGE_CURVE ( 'NONE', #1377, #6807, #3200, .T. ) ;
#8651 = SHAPE_DEFINITION_REPRESENTATION ( #1032, #6049 ) ;
#8652 = CARTESIAN_POINT ( 'NONE',  ( -20.26771282526732421, 44.22206330434126897, 986.5916604856245158 ) ) ;
#8653 = ADVANCED_FACE ( 'NONE', ( #8733 ), #7906, .T. ) ;
#8654 = EDGE_CURVE ( 'NONE', #6467, #2285, #9429, .T. ) ;
#8655 = EDGE_CURVE ( 'NONE', #7782, #2228, #4394, .T. ) ;
#8656 = ORIENTED_EDGE ( 'NONE', *, *, #4631, .T. ) ;
#8657 = ADVANCED_FACE ( 'NONE', ( #2466 ), #7408, .F. ) ;
#8658 = FACE_OUTER_BOUND ( 'NONE', #4703, .T. ) ;
#8659 = CONICAL_SURFACE ( 'NONE', #3995, 1.049999999999981615, 0.7853981633974659315 ) ;
#8660 = VECTOR ( 'NONE', #5080, 1000.000000000000000 ) ;
#8661 = ORIENTED_EDGE ( 'NONE', *, *, #4615, .T. ) ;
#8662 = ORIENTED_EDGE ( 'NONE', *, *, #2931, .F. ) ;
#8663 = EDGE_CURVE ( 'NONE', #10214, #7035, #729, .T. ) ;
#8664 = CARTESIAN_POINT ( 'NONE',  ( -25.11771300448399558, 27.10926995633060343, 992.7914675625959262 ) ) ;
#8665 = FACE_BOUND ( 'NONE', #4479, .T. ) ;
#8666 = VECTOR ( 'NONE', #7923, 1000.000000000000000 ) ;
#8667 = DIRECTION ( 'NONE',  ( -1.000000000000000000, -5.014428880798372121E-16, 0.000000000000000000 ) ) ;
#8668 = AXIS2_PLACEMENT_3D ( 'NONE', #4323, #5074, #228 ) ;
#8669 = PLANE ( 'NONE',  #2962 ) ;
#8670 = ORIENTED_EDGE ( 'NONE', *, *, #5471, .F. ) ;
#8671 = DIRECTION ( 'NONE',  ( 0.000000000000000000, 0.000000000000000000, -1.000000000000000000 ) ) ;
#8672 = ORIENTED_EDGE ( 'NONE', *, *, #6403, .F. ) ;
#8673 = CARTESIAN_POINT ( 'NONE',  ( -23.66271300448400083, -25.35791218717159978, 1002.550505854002949 ) ) ;
#8674 = AXIS2_PLACEMENT_3D ( 'NONE', #9707, #8117, #6497 ) ;
#8675 = ORIENTED_EDGE ( 'NONE', *, *, #5365, .T. ) ;
#8676 = ADVANCED_FACE ( 'NONE', ( #4181, #3268, #3963 ), #10493, .T. ) ;
#8677 = CARTESIAN_POINT ( 'NONE',  ( -26.86771287334993374, 43.02206287596968792, 997.4916601271909258 ) ) ;
#8678 = CARTESIAN_POINT ( 'NONE',  ( 3.553758153169118028, -8.871823931316097145, 998.6993786172149612 ) ) ;
#8679 = PLANE ( 'NONE',  #10182 ) ;
#8680 = CARTESIAN_POINT ( 'NONE',  ( -18.49607743113807246, -28.31173542171640278, 1002.085855727761668 ) ) ;
#8681 = CARTESIAN_POINT ( 'NONE',  ( -23.66271300448400083, -28.05789265480460060, 999.1916796595579626 ) ) ;
#8682 = CARTESIAN_POINT ( 'NONE',  ( -25.74294864934424965, -28.85055402455519769, 1002.491852182949287 ) ) ;
#8683 = CARTESIAN_POINT ( 'NONE',  ( -27.06244619668694185, -28.75791218717139941, 1002.435035800164997 ) ) ;
#8684 = VERTEX_POINT ( 'NONE', #776 ) ;
#8685 = ORIENTED_EDGE ( 'NONE', *, *, #7383, .F. ) ;
#8686 = VERTEX_POINT ( 'NONE', #7306 ) ;
#8687 = DIRECTION ( 'NONE',  ( 0.7071067811865477948, -0.7071067811865472397, 0.000000000000000000 ) ) ;
#8688 = ORIENTED_EDGE ( 'NONE', *, *, #2575, .T. ) ;
#8689 = CARTESIAN_POINT ( 'NONE',  ( -25.12738213647749674, 43.21841077693594002, 993.1645865576102779 ) ) ;
#8690 = CARTESIAN_POINT ( 'NONE',  ( -10.26771300448409896, 31.17414358537387642, 1016.641658718408394 ) ) ;
#8691 = DIRECTION ( 'NONE',  ( -0.000000000000000000, -0.7071067811865487940, -0.7071067811865463515 ) ) ;
#8692 = PLANE ( 'NONE',  #383 ) ;
#8693 = CARTESIAN_POINT ( 'NONE',  ( -18.62634796931231662, -27.45929481295453911, 1001.449065200101359 ) ) ;
#8694 = CARTESIAN_POINT ( 'NONE',  ( -34.26771264605072531, 27.33185115688253575, 987.4916601271910395 ) ) ;
#8695 = EDGE_LOOP ( 'NONE', ( #8214, #5776, #9630, #3846 ) ) ;
#8697 = MANIFOLD_SOLID_BREP ( 'Cut-Extrude7', #6500 ) ;
#8696 = CARTESIAN_POINT ( 'NONE',  ( -25.11771300448391386, 26.01981126762377983, 988.0916604856246295 ) ) ;
#8698 = ORIENTED_EDGE ( 'NONE', *, *, #7233, .T. ) ;
#8699 = ORIENTED_EDGE ( 'NONE', *, *, #1305, .F. ) ;
#8700 = CARTESIAN_POINT ( 'NONE',  ( -25.76231279278841058, -28.38647986532109968, 1001.824733954718113 ) ) ;
#8701 = VECTOR ( 'NONE', #792, 1000.000000000000114 ) ;
#8702 = ORIENTED_EDGE ( 'NONE', *, *, #8623, .F. ) ;
#8703 = CARTESIAN_POINT ( 'NONE',  ( -27.53035297124544201, 5.216395095191098896, 1000.991660126497891 ) ) ;
#8704 = ADVANCED_FACE ( 'NONE', ( #2314 ), #8164, .T. ) ;
#8705 = CARTESIAN_POINT ( 'NONE',  ( -25.46244619668694043, -27.52390230869190191, 1001.877320963227476 ) ) ;
#8706 = FACE_OUTER_BOUND ( 'NONE', #423, .T. ) ;
#8707 = B_SPLINE_CURVE_WITH_KNOTS ( 'NONE', 3,
 ( #6387, #9699, #2309, #6443, #4875, #7251, #1592, #6545 ),
 .UNSPECIFIED., .F., .F.,
 ( 4, 2, 2, 4 ),
 ( 3.469446951953614189E-18, 0.0002877332708755781301, 0.0005754665417511527908, 0.001150933083502311870 ),
 .UNSPECIFIED. ) ;
#8708 = CARTESIAN_POINT ( 'NONE',  ( -16.39664519261865649, 20.35439068285619868, 1003.491660127191039 ) ) ;
#8709 = AXIS2_PLACEMENT_3D ( 'NONE', #6610, #9854, #8952 ) ;
#8710 = LINE ( 'NONE', #10473, #9769 ) ;
#8711 = ORIENTED_EDGE ( 'NONE', *, *, #7321, .T. ) ;
#8712 = CARTESIAN_POINT ( 'NONE',  ( -26.06244619668694185, -28.25791218717139941, 1003.491660127191039 ) ) ;
#8713 = EDGE_LOOP ( 'NONE', ( #4876, #9226, #4401, #3044 ) ) ;
#8714 = ORIENTED_EDGE ( 'NONE', *, *, #1169, .T. ) ;
#8715 = DIRECTION ( 'NONE',  ( -0.000000000000000000, -0.000000000000000000, 1.000000000000000000 ) ) ;
#8716 = AXIS2_PLACEMENT_3D ( 'NONE', #717, #10534, #815 ) ;
#8717 = B_SPLINE_CURVE_WITH_KNOTS ( 'NONE', 3,
 ( #2157, #6295, #10447, #686, #3920, #9759 ),
 .UNSPECIFIED., .F., .F.,
 ( 4, 2, 4 ),
 ( 0.000000000000000000, 0.9861964811389393182, 1.000000000000000000 ),
 .UNSPECIFIED. ) ;
#8718 = EDGE_CURVE ( 'NONE', #3365, #3301, #1648, .T. ) ;
#8719 = DIRECTION ( 'NONE',  ( 1.000000000000000000, 0.000000000000000000, 0.000000000000000000 ) ) ;
#8720 = EDGE_CURVE ( 'NONE', #8744, #879, #5765, .T. ) ;
#8721 = LINE ( 'NONE', #3108, #9219 ) ;
#8722 = DIRECTION ( 'NONE',  ( 3.868740194890244000E-16, -1.000000000000000000, 0.000000000000000000 ) ) ;
#8724 = EDGE_CURVE ( 'NONE', #7618, #1346, #9500, .T. ) ;
#8723 = B_SPLINE_CURVE_WITH_KNOTS ( 'NONE', 3,
 ( #8144, #4046, #7339, #1674 ),
 .UNSPECIFIED., .F., .F.,
 ( 4, 4 ),
 ( 0.000000000000000000, 1.000000000000000000 ),
 .UNSPECIFIED. ) ;
#8725 = AXIS2_PLACEMENT_3D ( 'NONE', #2187, #6324, #2939 ) ;
#8726 = EDGE_LOOP ( 'NONE', ( #5850, #5762, #6547, #9886 ) ) ;
#8727 = CARTESIAN_POINT ( 'NONE',  ( -17.26771300448400126, 6.703910157882798870, 1001.810912256376582 ) ) ;
#8728 = ORIENTED_EDGE ( 'NONE', *, *, #8485, .T. ) ;
#8729 = EDGE_CURVE ( 'NONE', #7425, #7406, #8901, .T. ) ;
#8730 = CARTESIAN_POINT ( 'NONE',  ( -25.19834740362287206, -28.94393506419379847, 1001.612788549241145 ) ) ;
#8731 = ORIENTED_EDGE ( 'NONE', *, *, #1183, .F. ) ;
#8732 = CARTESIAN_POINT ( 'NONE',  ( -22.75113779530442315, -29.18361197886779834, 1001.403112830869759 ) ) ;
#8733 = FACE_OUTER_BOUND ( 'NONE', #9205, .T. ) ;
#8734 = DIRECTION ( 'NONE',  ( -0.000000000000000000, 0.4999999999999901745, 0.8660254037844443697 ) ) ;
#8735 = CIRCLE ( 'NONE', #10097, 18.37999999999999901 ) ;
#8736 = CARTESIAN_POINT ( 'NONE',  ( -18.79786606482731059, -28.92488525541839905, 1002.803497618192296 ) ) ;
#8737 = DIRECTION ( 'NONE',  ( 0.7274044069594383100, 0.6862090269997823677, 0.000000000000000000 ) ) ;
#8738 = CARTESIAN_POINT ( 'NONE',  ( -25.76231279278841058, -27.77932255777549742, 1001.474191519766464 ) ) ;
#8739 = DIRECTION ( 'NONE',  ( 0.4999999999999993894, 0.4999999999999975020, -0.7071067811865499042 ) ) ;
#8740 = DIRECTION ( 'NONE',  ( -0.000000000000000000, -0.000000000000000000, 1.000000000000000000 ) ) ;
#8741 = EDGE_CURVE ( 'NONE', #6734, #9685, #5688, .T. ) ;
#8742 = AXIS2_PLACEMENT_3D ( 'NONE', #10561, #3131, #2219 ) ;
#8743 = CARTESIAN_POINT ( 'NONE',  ( -31.25998785444159722, 23.47559772094814079, 988.0916604856245158 ) ) ;
#8744 = VERTEX_POINT ( 'NONE', #1550 ) ;
#8745 = DIRECTION ( 'NONE',  ( 0.5013132066024581501, -0.4986833352799768249, 0.7071067811865471286 ) ) ;
#8746 = ORIENTED_EDGE ( 'NONE', *, *, #5415, .F. ) ;
#8747 = CARTESIAN_POINT ( 'NONE',  ( -28.25192422796520830, 33.77560510049663378, 1014.306158709955753 ) ) ;
#8748 = DIRECTION ( 'NONE',  ( -0.9999501872747571518, -0.009981130656292292597, 0.000000000000000000 ) ) ;
#8749 = LINE ( 'NONE', #3021, #6892 ) ;
#8750 = DIRECTION ( 'NONE',  ( -0.7071067811866335040, 0.000000000000000000, -0.7071067811864616415 ) ) ;
#8751 = VECTOR ( 'NONE', #2633, 1000.000000000000114 ) ;
#8752 = CARTESIAN_POINT ( 'NONE',  ( -25.11771300448400623, 9.419888422578479041E-15, 990.4916601271910395 ) ) ;
#8753 = VECTOR ( 'NONE', #2577, 1000.000000000000000 ) ;
#8754 = CARTESIAN_POINT ( 'NONE',  ( -26.06244619668687434, -28.35891454714469617, 1002.473176690695141 ) ) ;
#8755 = CARTESIAN_POINT ( 'NONE',  ( -25.21771336291741150, 26.01981126762374430, 987.2916601271911077 ) ) ;
#8756 = CARTESIAN_POINT ( 'NONE',  ( -25.71771336291740795, 26.01981126762374430, 987.4916601271910395 ) ) ;
#8757 = ORIENTED_EDGE ( 'NONE', *, *, #7996, .F. ) ;
#8758 = CARTESIAN_POINT ( 'NONE',  ( -25.41771336291744277, 26.01981126762374430, 983.4916601271910395 ) ) ;
#8759 = EDGE_LOOP ( 'NONE', ( #7533, #5738, #9235, #822 ) ) ;
#8760 = AXIS2_PLACEMENT_3D ( 'NONE', #9268, #5152, #6991 ) ;
#8761 = ORIENTED_EDGE ( 'NONE', *, *, #10606, .F. ) ;
#8762 = DIRECTION ( 'NONE',  ( 0.000000000000000000, 0.000000000000000000, -1.000000000000000000 ) ) ;
#8763 = AXIS2_PLACEMENT_3D ( 'NONE', #3680, #391, #2013 ) ;
#8764 = VERTEX_POINT ( 'NONE', #4831 ) ;
#8765 = FACE_OUTER_BOUND ( 'NONE', #2867, .T. ) ;
#8766 = DIRECTION ( 'NONE',  ( 1.000000000000000000, 0.000000000000000000, 0.000000000000000000 ) ) ;
#8767 = DIRECTION ( 'NONE',  ( -3.868740194890244000E-16, 1.000000000000000000, 0.000000000000000000 ) ) ;
#8768 = CIRCLE ( 'NONE', #5984, 1.649999999999998579 ) ;
#8769 = DIRECTION ( 'NONE',  ( -1.000000000000000000, 0.000000000000000000, -0.000000000000000000 ) ) ;
#8770 = ADVANCED_FACE ( 'NONE', ( #4015 ), #183, .T. ) ;
#8771 = ORIENTED_EDGE ( 'NONE', *, *, #8985, .T. ) ;
#8772 = DIRECTION ( 'NONE',  ( -0.7071067811866368347, 0.000000000000000000, -0.7071067811864580888 ) ) ;
#8773 = ORIENTED_EDGE ( 'NONE', *, *, #4195, .T. ) ;
#8774 = ORIENTED_EDGE ( 'NONE', *, *, #7823, .T. ) ;
#8775 = CONICAL_SURFACE ( 'NONE', #3762, 5.599999999999999645, 0.7853981633974490562 ) ;
#8776 = VECTOR ( 'NONE', #7822, 1000.000000000000000 ) ;
#8777 = CARTESIAN_POINT ( 'NONE',  ( -12.46771300448399344, 38.02206337602792274, 991.3247553713597426 ) ) ;
#8778 = CARTESIAN_POINT ( 'NONE',  ( -19.31771264605058391, 26.01981126762380825, 987.2916601271909940 ) ) ;
#8779 = DIRECTION ( 'NONE',  ( -0.8219043574876576663, 0.5696255148277687974, 0.000000000000000000 ) ) ;
#8780 = DIRECTION ( 'NONE',  ( -0.7052447360823916878, 0.7089639357739416781, 0.000000000000000000 ) ) ;
#8781 = ORIENTED_EDGE ( 'NONE', *, *, #4999, .T. ) ;
#8782 = CARTESIAN_POINT ( 'NONE',  ( -20.87271300448400169, -26.09594893642189817, 1002.976611569854413 ) ) ;
#8783 = EDGE_CURVE ( 'NONE', #1896, #7137, #8896, .T. ) ;
#8784 = ORIENTED_EDGE ( 'NONE', *, *, #3965, .T. ) ;
#8785 = CARTESIAN_POINT ( 'NONE',  ( -24.26780393644191136, -28.66842309025789604, 1000.997728599917195 ) ) ;
#8786 = ORIENTED_EDGE ( 'NONE', *, *, #6088, .T. ) ;
#8787 = CARTESIAN_POINT ( 'NONE',  ( -18.54525204023997276, -28.71330980665629795, 1002.660344755198253 ) ) ;
#8788 = ADVANCED_FACE ( 'NONE', ( #2567 ), #239, .F. ) ;
#8789 = CARTESIAN_POINT ( 'NONE',  ( -34.76771264605072531, 44.42206330434124339, 983.6916601271909713 ) ) ;
#8790 = CARTESIAN_POINT ( 'NONE',  ( -18.47275686742108292, -27.27486185344756109, 1001.578796290767627 ) ) ;
#8791 = FACE_BOUND ( 'NONE', #7228, .T. ) ;
#8792 = DIRECTION ( 'NONE',  ( -1.000000000000000000, 0.000000000000000000, -0.000000000000000000 ) ) ;
#8793 = EDGE_CURVE ( 'NONE', #9350, #797, #6631, .T. ) ;
#8794 = CARTESIAN_POINT ( 'NONE',  ( -16.81842501921068234, 37.55660145725664023, 1013.641658718408507 ) ) ;
#8795 =( BOUNDED_CURVE ( )  B_SPLINE_CURVE ( 3, ( #2885, #8550, #10218, #2784 ),
 .UNSPECIFIED., .F., .T. ) 
 B_SPLINE_CURVE_WITH_KNOTS ( ( 4, 4 ),
 ( 6.009171103369426170, 6.557199510989730307 ),
 .UNSPECIFIED. ) 
 CURVE ( )  GEOMETRIC_REPRESENTATION_ITEM ( )  RATIONAL_B_SPLINE_CURVE ( ( 1.000000000000000000, 0.9751282799207716678, 0.9751282799207716678, 1.000000000000000000 ) ) 
 REPRESENTATION_ITEM ( '' )  );
#8796 = EDGE_CURVE ( 'NONE', #9534, #1314, #3370, .T. ) ;
#8797 = EDGE_CURVE ( 'NONE', #8288, #7927, #5199, .T. ) ;
#8798 = CARTESIAN_POINT ( 'NONE',  ( -16.86141476571009434, 6.626193949814780382, 999.1643191449292090 ) ) ;
#8799 = EDGE_CURVE ( 'NONE', #3018, #5270, #8492, .T. ) ;
#8800 = EDGE_CURVE ( 'NONE', #6024, #8841, #9208, .T. ) ;
#8801 = CARTESIAN_POINT ( 'NONE',  ( -19.07297981228107275, -27.52390230862374665, 1001.877320963259194 ) ) ;
#8802 = ORIENTED_EDGE ( 'NONE', *, *, #7134, .F. ) ;
#8803 = CARTESIAN_POINT ( 'NONE',  ( -12.46771300448399344, 29.47981022745160828, 983.6916601271909713 ) ) ;
#8804 = ORIENTED_EDGE ( 'NONE', *, *, #5072, .T. ) ;
#8805 = PLANE ( 'NONE',  #4686 ) ;
#8806 = ADVANCED_FACE ( 'NONE', ( #4283 ), #131, .T. ) ;
#8807 = CARTESIAN_POINT ( 'NONE',  ( -19.24804787735575928, 26.72480923681311182, 983.7576703490049113 ) ) ;
#8808 = CARTESIAN_POINT ( 'NONE',  ( -20.69318535814714011, 44.15214388002335255, 989.9829002535019526 ) ) ;
#8809 = CARTESIAN_POINT ( 'NONE',  ( -20.79160835332122303, -29.19795394728929949, 1001.882705679757009 ) ) ;
#8810 = AXIS2_PLACEMENT_3D ( 'NONE', #2866, #2004, #6146 ) ;
#8811 = DIRECTION ( 'NONE',  ( -0.9999999999999962252, -8.742277735063276906E-08, -0.000000000000000000 ) ) ;
#8812 = FACE_OUTER_BOUND ( 'NONE', #1948, .T. ) ;
#8813 = DIRECTION ( 'NONE',  ( -0.000000000000000000, -0.000000000000000000, -1.000000000000000000 ) ) ;
#8814 = ORIENTED_EDGE ( 'NONE', *, *, #7851, .T. ) ;
#8815 = EDGE_LOOP ( 'NONE', ( #1827, #5488, #9238 ) ) ;
#8816 = CARTESIAN_POINT ( 'NONE',  ( -22.11771300448399558, 26.01981126762380825, 990.4916601271910395 ) ) ;
#8817 = ORIENTED_EDGE ( 'NONE', *, *, #8234, .F. ) ;
#8818 = AXIS2_PLACEMENT_3D ( 'NONE', #9028, #1624, #8194 ) ;
#8819 = ORIENTED_EDGE ( 'NONE', *, *, #3054, .T. ) ;
#8820 = ORIENTED_EDGE ( 'NONE', *, *, #607, .F. ) ;
#8821 = CARTESIAN_POINT ( 'NONE',  ( -18.52015926530464185, -27.57395293466639785, 1001.829902141322577 ) ) ;
#8822 = DIRECTION ( 'NONE',  ( -0.9999999999999961142, -8.742277697854392730E-08, -0.000000000000000000 ) ) ;
#8823 = DIRECTION ( 'NONE',  ( 0.000000000000000000, 0.000000000000000000, 1.000000000000000000 ) ) ;
#8824 = DIRECTION ( 'NONE',  ( 1.000000000000000000, 0.000000000000000000, 0.000000000000000000 ) ) ;
#8825 = CIRCLE ( 'NONE', #3123, 3.298060944848548726 ) ;
#8826 = CARTESIAN_POINT ( 'NONE',  ( -18.70316501124358410, -28.57678829604230941, 1002.016311237601030 ) ) ;
#8827 = ORIENTED_EDGE ( 'NONE', *, *, #9374, .F. ) ;
#8828 = PLANE ( 'NONE',  #1879 ) ;
#8829 = ORIENTED_EDGE ( 'NONE', *, *, #7024, .T. ) ;
#8830 = VERTEX_POINT ( 'NONE', #3479 ) ;
#8831 = AXIS2_PLACEMENT_3D ( 'NONE', #5377, #9430, #2845 ) ;
#8832 = CIRCLE ( 'NONE', #878, 18.37999999999999545 ) ;
#8833 = DIRECTION ( 'NONE',  ( 1.000000000000000000, 0.000000000000000000, 0.000000000000000000 ) ) ;
#8834 = CARTESIAN_POINT ( 'NONE',  ( -18.47297981228107133, -28.35834917007939993, 1002.710020287543216 ) ) ;
#8835 = EDGE_CURVE ( 'NONE', #3328, #5288, #7056, .T. ) ;
#8836 = ADVANCED_FACE ( 'NONE', ( #5954 ), #1911, .T. ) ;
#8837 = DIRECTION ( 'NONE',  ( -0.6785983445458458885, 0.2810846377148262798, 0.6785983445458458885 ) ) ;
#8838 = CYLINDRICAL_SURFACE ( 'NONE', #1583, 0.9999999999999906741 ) ;
#8839 = CIRCLE ( 'NONE', #7109, 6.200000000000000178 ) ;
#8840 = CIRCLE ( 'NONE', #10194, 1.750000000000011990 ) ;
#8841 = VERTEX_POINT ( 'NONE', #5903 ) ;
#8842 = DIRECTION ( 'NONE',  ( 0.000000000000000000, 0.000000000000000000, -1.000000000000000000 ) ) ;
#8843 = ORIENTED_EDGE ( 'NONE', *, *, #4266, .F. ) ;
#8844 = ORIENTED_EDGE ( 'NONE', *, *, #8572, .T. ) ;
#8845 = DIRECTION ( 'NONE',  ( -0.7999999999999863887, -0.2999999999999954925, -0.5196152422706865615 ) ) ;
#8846 = VERTEX_POINT ( 'NONE', #289 ) ;
#8847 = CARTESIAN_POINT ( 'NONE',  ( -18.47297981228107133, -28.50435786415719974, 1002.895356596181841 ) ) ;
#8848 = CARTESIAN_POINT ( 'NONE',  ( -20.26771282526732421, 44.22206330434124055, 986.5916604856245158 ) ) ;
#8849 = AXIS2_PLACEMENT_3D ( 'NONE', #2757, #4150, #1729 ) ;
#8850 = EDGE_CURVE ( 'NONE', #2285, #8570, #9258, .T. ) ;
#8851 = CARTESIAN_POINT ( 'NONE',  ( -33.71771300448400410, 29.52206337602792630, 983.6916601271909713 ) ) ;
#8852 = EDGE_CURVE ( 'NONE', #3432, #4333, #5843, .T. ) ;
#8853 = CARTESIAN_POINT ( 'NONE',  ( -18.47275686742108292, -27.27486185344756109, 1001.578796290767627 ) ) ;
#8854 = CARTESIAN_POINT ( 'NONE',  ( -23.66271300448400083, -28.26499943599120002, 1000.764811844528936 ) ) ;
#8855 = CARTESIAN_POINT ( 'NONE',  ( 2.665383722555199952, -13.47502353220716387, 995.9916601271909258 ) ) ;
#8856 = FACE_OUTER_BOUND ( 'NONE', #2146, .T. ) ;
#8857 = AXIS2_PLACEMENT_3D ( 'NONE', #4505, #3587, #291 ) ;
#8858 = VERTEX_POINT ( 'NONE', #6876 ) ;
#8860 = VERTEX_POINT ( 'NONE', #936 ) ;
#8859 = B_SPLINE_CURVE_WITH_KNOTS ( 'NONE', 3,
 ( #1149, #2834, #6380, #5527 ),
 .UNSPECIFIED., .F., .F.,
 ( 4, 4 ),
 ( 0.000000000000000000, 1.000000000000000000 ),
 .UNSPECIFIED. ) ;
#8861 = EDGE_CURVE ( 'NONE', #7219, #9390, #5536, .T. ) ;
#8862 = CARTESIAN_POINT ( 'NONE',  ( -25.46244619668694043, -27.15791218717140154, 1001.511275369461487 ) ) ;
#8863 = ADVANCED_FACE ( 'NONE', ( #10057 ), #2571, .F. ) ;
#8864 = CARTESIAN_POINT ( 'NONE',  ( -25.95298619539441631, 44.37031310361535219, 990.8528951926381296 ) ) ;
#8865 = CARTESIAN_POINT ( 'NONE',  ( -32.06771300448400552, 38.02206337602792274, 995.9916601271909258 ) ) ;
#8866 = CARTESIAN_POINT ( 'NONE',  ( -19.41771300448399273, 43.02206366277466287, 990.4916601271911532 ) ) ;
#8867 = EDGE_CURVE ( 'NONE', #2536, #5792, #5951, .T. ) ;
#8868 = LINE ( 'NONE', #8079, #3655 ) ;
#8869 = CARTESIAN_POINT ( 'NONE',  ( -24.93809131387232014, 25.95691536355901619, 988.2718057273981458 ) ) ;
#8870 = DIRECTION ( 'NONE',  ( -1.000000000000000000, 0.000000000000000000, 0.000000000000000000 ) ) ;
#8871 = FACE_OUTER_BOUND ( 'NONE', #2060, .T. ) ;
#8872 = CARTESIAN_POINT ( 'NONE',  ( -17.26771300448400126, 13.64413097241205186, 997.1916601271909713 ) ) ;
#8873 = ORIENTED_EDGE ( 'NONE', *, *, #3696, .F. ) ;
#8874 = ORIENTED_EDGE ( 'NONE', *, *, #6002, .T. ) ;
#8875 = CARTESIAN_POINT ( 'NONE',  ( -28.61214267413475554, -24.25791218717159836, 1000.991660127190926 ) ) ;
#8876 = ORIENTED_EDGE ( 'NONE', *, *, #8835, .T. ) ;
#8877 = EDGE_CURVE ( 'NONE', #7806, #6223, #6931, .T. ) ;
#8878 = LINE ( 'NONE', #4754, #3248 ) ;
#8879 = VERTEX_POINT ( 'NONE', #3849 ) ;
#8880 = CARTESIAN_POINT ( 'NONE',  ( -12.46771300448399344, 29.47981022745160828, 983.6916601271909713 ) ) ;
#8881 = DIRECTION ( 'NONE',  ( 1.000000000000000000, 0.000000000000000000, 0.000000000000000000 ) ) ;
#8882 = FACE_BOUND ( 'NONE', #4914, .T. ) ;
#8883 = ADVANCED_FACE ( 'NONE', ( #3792 ), #10317, .F. ) ;
#8884 = ADVANCED_FACE ( 'NONE', ( #7147 ), #9416, .F. ) ;
#8885 = ORIENTED_EDGE ( 'NONE', *, *, #4210, .T. ) ;
#8886 = ORIENTED_EDGE ( 'NONE', *, *, #7241, .T. ) ;
#8887 = ORIENTED_EDGE ( 'NONE', *, *, #1238, .F. ) ;
#8888 = LINE ( 'NONE', #1584, #7664 ) ;
#8889 = FACE_OUTER_BOUND ( 'NONE', #6873, .T. ) ;
#8890 = AXIS2_PLACEMENT_3D ( 'NONE', #3851, #7151, #7298 ) ;
#8891 = DIRECTION ( 'NONE',  ( 0.7071067811865477948, -0.7071067811865472397, 0.000000000000000000 ) ) ;
#8892 = DIRECTION ( 'NONE',  ( -1.000000000000000000, 8.610631171821409859E-18, -6.540423713652249098E-17 ) ) ;
#8893 = EDGE_LOOP ( 'NONE', ( #4605, #1376, #6352, #10246, #8599, #1302 ) ) ;
#8894 = CARTESIAN_POINT ( 'NONE',  ( -26.01771300448400126, -27.75791218717160191, 999.4916601271909258 ) ) ;
#8895 = ORIENTED_EDGE ( 'NONE', *, *, #4088, .T. ) ;
#8896 = CIRCLE ( 'NONE', #9907, 1.500000000000001332 ) ;
#8897 = ORIENTED_EDGE ( 'NONE', *, *, #6501, .F. ) ;
#8898 = APPLICATION_CONTEXT ( 'automotive_design' ) ;
#8899 = CARTESIAN_POINT ( 'NONE',  ( -18.84806216658997968, -28.91640662049459820, 1002.634249767752522 ) ) ;
#8900 = ORIENTED_EDGE ( 'NONE', *, *, #7637, .F. ) ;
#8901 = LINE ( 'NONE', #6447, #8526 ) ;
#8902 = FACE_OUTER_BOUND ( 'NONE', #2106, .T. ) ;
#8903 = CARTESIAN_POINT ( 'NONE',  ( -18.34464758101579562, -26.88066225411466093, 1001.350980601558149 ) ) ;
#8904 = CYLINDRICAL_SURFACE ( 'NONE', #8306, 18.37999999999999901 ) ;
#8905 = CARTESIAN_POINT ( 'NONE',  ( -9.667713004483893258, 44.52206366277465577, 988.0916601271910622 ) ) ;
#8906 = VECTOR ( 'NONE', #8325, 1000.000000000000000 ) ;
#8907 = B_SPLINE_CURVE_WITH_KNOTS ( 'NONE', 3,
 ( #975, #10100, #280, #7308 ),
 .UNSPECIFIED., .F., .F.,
 ( 4, 4 ),
 ( 0.000000000000000000, 1.000000000000000000 ),
 .UNSPECIFIED. ) ;
#8908 = ADVANCED_FACE ( 'NONE', ( #2995 ), #9635, .F. ) ;
#8909 = VERTEX_POINT ( 'NONE', #5526 ) ;
#8910 = ORIENTED_EDGE ( 'NONE', *, *, #6144, .F. ) ;
#8911 = CARTESIAN_POINT ( 'NONE',  ( -24.26771282526732421, 28.45192683606519779, 983.6916601271909713 ) ) ;
#8912 = CARTESIAN_POINT ( 'NONE',  ( -22.44478657406565603, 43.21841077693472499, 990.4819909951977479 ) ) ;
#8913 = DIRECTION ( 'NONE',  ( 0.000000000000000000, 0.000000000000000000, -1.000000000000000000 ) ) ;
#8914 = CARTESIAN_POINT ( 'NONE',  ( -21.56260571927996850, 43.77378967459164016, 990.2934075253317587 ) ) ;
#8915 = DIRECTION ( 'NONE',  ( 0.000000000000000000, 0.000000000000000000, 1.000000000000000000 ) ) ;
#8916 = CARTESIAN_POINT ( 'NONE',  ( -27.82932033136265204, 32.13992645464382747, 983.7916601271909940 ) ) ;
#8917 = VECTOR ( 'NONE', #893, 1000.000000000000114 ) ;
#8918 = CARTESIAN_POINT ( 'NONE',  ( -33.71771300448400410, 36.37206337602792416, 1016.641658718408394 ) ) ;
#8919 = EDGE_LOOP ( 'NONE', ( #2537, #8396, #5333, #6736, #3615, #8135 ) ) ;
#8920 = VERTEX_POINT ( 'NONE', #5416 ) ;
#8921 = CARTESIAN_POINT ( 'NONE',  ( -17.24423616589590580, 14.43513144621399391, 1002.268183288602700 ) ) ;
#8922 = EDGE_CURVE ( 'NONE', #9537, #2693, #6273, .T. ) ;
#8923 = VERTEX_POINT ( 'NONE', #4503 ) ;
#8924 = CARTESIAN_POINT ( 'NONE',  ( -31.35025262552171199, 3.501631784556275218, 996.9578550443079621 ) ) ;
#8925 = ADVANCED_FACE ( 'NONE', ( #7727 ), #5474, .F. ) ;
#8926 = ORIENTED_EDGE ( 'NONE', *, *, #5275, .F. ) ;
#8927 = DIRECTION ( 'NONE',  ( 0.000000000000000000, 0.000000000000000000, 1.000000000000000000 ) ) ;
#8928 = CIRCLE ( 'NONE', #6839, 1.750000000000015543 ) ;
#8929 = DIRECTION ( 'NONE',  ( -1.000000000000000000, 0.000000000000000000, 0.000000000000000000 ) ) ;
#8930 = ADVANCED_FACE ( 'NONE', ( #4447 ), #2833, .T. ) ;
#8931 = CARTESIAN_POINT ( 'NONE',  ( -19.41771300448399629, 43.02206366277465577, 995.9916601271909258 ) ) ;
#8932 = CARTESIAN_POINT ( 'NONE',  ( -27.91795279791256945, 44.32206198270123565, 1008.577054977023181 ) ) ;
#8933 = EDGE_CURVE ( 'NONE', #3243, #2511, #7784, .T. ) ;
#8934 = VECTOR ( 'NONE', #5851, 1000.000000000000000 ) ;
#8935 = EDGE_LOOP ( 'NONE', ( #7807, #6808, #7338, #4720, #337, #10540, #4321, #3393, #7413, #568, #3934, #10557, #9924, #2975, #1495, #6716, #445, #7102, #5151, #3339, #8202, #1990, #4803, #2337, #8499, #3685, #5260, #6659 ) ) ;
#8936 = ORIENTED_EDGE ( 'NONE', *, *, #2212, .F. ) ;
#8937 = ORIENTED_EDGE ( 'NONE', *, *, #1399, .F. ) ;
#8938 = EDGE_CURVE ( 'NONE', #10094, #2485, #7331, .T. ) ;
#8939 = DIRECTION ( 'NONE',  ( -1.000000000000000000, 0.000000000000000000, 0.000000000000000000 ) ) ;
#8940 = CARTESIAN_POINT ( 'NONE',  ( -18.46771293891691101, 43.02206361032098414, 997.4916601271909258 ) ) ;
#8941 = STYLED_ITEM ( 'NONE', ( #6874 ), #1447 ) ;
#8942 = EDGE_CURVE ( 'NONE', #9310, #1258, #442, .T. ) ;
#8943 = FACE_OUTER_BOUND ( 'NONE', #4850, .T. ) ;
#8944 = ORIENTED_EDGE ( 'NONE', *, *, #4210, .F. ) ;
#8945 = DIRECTION ( 'NONE',  ( 0.000000000000000000, 0.000000000000000000, 1.000000000000000000 ) ) ;
#8946 = VECTOR ( 'NONE', #8468, 1000.000000000000000 ) ;
#8947 = ORIENTED_EDGE ( 'NONE', *, *, #10415, .T. ) ;
#8948 = CONICAL_SURFACE ( 'NONE', #4628, 1.650000000000000355, 0.7853981633975659626 ) ;
#8949 = ORIENTED_EDGE ( 'NONE', *, *, #543, .F. ) ;
#8950 = ORIENTED_EDGE ( 'NONE', *, *, #8440, .T. ) ;
#8951 = DIRECTION ( 'NONE',  ( -0.000000000000000000, 0.000000000000000000, 1.000000000000000000 ) ) ;
#8952 = DIRECTION ( 'NONE',  ( 1.000000000000000000, 0.000000000000000000, 0.000000000000000000 ) ) ;
#8953 = CARTESIAN_POINT ( 'NONE',  ( -17.57294704867233293, 3.357757825279103159, 999.9642785547778203 ) ) ;
#8954 = DIRECTION ( 'NONE',  ( -1.000000000000000000, 0.000000000000000000, 0.000000000000000000 ) ) ;
#8955 = CARTESIAN_POINT ( 'NONE',  ( -27.51795447798596683, -1.367299868137410079E-14, 1003.491660127191039 ) ) ;
#8956 = ADVANCED_FACE ( 'NONE', ( #3900 ), #3883, .F. ) ;
#8957 = EDGE_LOOP ( 'NONE', ( #8546, #409, #8685, #7490 ) ) ;
#8958 = VECTOR ( 'NONE', #7722, 1000.000000000000000 ) ;
#8959 = ORIENTED_EDGE ( 'NONE', *, *, #5625, .T. ) ;
#8960 = PLANE ( 'NONE',  #3061 ) ;
#8961 = DIRECTION ( 'NONE',  ( -1.000000000000000000, 0.000000000000000000, 0.000000000000000000 ) ) ;
#8962 = CARTESIAN_POINT ( 'NONE',  ( -19.31755139363924556, 26.05339869864172897, 984.9033253715467708 ) ) ;
#8963 = CARTESIAN_POINT ( 'NONE',  ( -18.47297981228107133, -28.40751183734229457, 1003.041947009058845 ) ) ;
#8964 = PLANE ( 'NONE',  #5563 ) ;
#8965 = DIRECTION ( 'NONE',  ( -0.7071067811865600072, 0.000000000000000000, -0.7071067811865350272 ) ) ;
#8966 = EDGE_CURVE ( 'NONE', #749, #5469, #5582, .T. ) ;
#8967 = EDGE_CURVE ( 'NONE', #9976, #1685, #8888, .T. ) ;
#8968 = DIRECTION ( 'NONE',  ( -0.7454150085318022034, 0.6666006788591902765, 0.000000000000000000 ) ) ;
#8969 = DIRECTION ( 'NONE',  ( -0.000000000000000000, -0.000000000000000000, 1.000000000000000000 ) ) ;
#8970 = ORIENTED_EDGE ( 'NONE', *, *, #7179, .F. ) ;
#8971 = CYLINDRICAL_SURFACE ( 'NONE', #10164, 1.000000000000013323 ) ;
#8972 = VERTEX_POINT ( 'NONE', #1488 ) ;
#8973 = VERTEX_POINT ( 'NONE', #1636 ) ;
#8974 = CARTESIAN_POINT ( 'NONE',  ( -31.52888305662551716, 3.398513114322915474, 996.8831411216527840 ) ) ;
#8975 = ORIENTED_EDGE ( 'NONE', *, *, #8411, .T. ) ;
#8976 = DIRECTION ( 'NONE',  ( 0.000000000000000000, 0.000000000000000000, 1.000000000000000000 ) ) ;
#8977 = LINE ( 'NONE', #8040, #3609 ) ;
#8978 = LINE ( 'NONE', #9883, #10193 ) ;
#8979 = FACE_OUTER_BOUND ( 'NONE', #10156, .T. ) ;
#8980 = B_SPLINE_CURVE_WITH_KNOTS ( 'NONE', 3,
 ( #643, #2221, #9719, #7176, #8809 ),
 .UNSPECIFIED., .F., .F.,
 ( 4, 1, 4 ),
 ( 0.000000000000000000, 0.4285714285714304905, 1.000000000000000000 ),
 .UNSPECIFIED. ) ;
#8981 = VECTOR ( 'NONE', #4084, 1000.000000000000000 ) ;
#8982 =( BOUNDED_CURVE ( )  B_SPLINE_CURVE ( 3, ( #10460, #9670, #2278, #8872 ),
 .UNSPECIFIED., .F., .F. ) 
 B_SPLINE_CURVE_WITH_KNOTS ( ( 4, 4 ),
 ( 3.022907775701253019, 3.141592653589793116 ),
 .UNSPECIFIED. ) 
 CURVE ( )  GEOMETRIC_REPRESENTATION_ITEM ( )  RATIONAL_B_SPLINE_CURVE ( ( 1.000000000000000000, 0.9988265027490246251, 0.9988265027490246251, 1.000000000000000000 ) ) 
 REPRESENTATION_ITEM ( '' )  );
#8983 = ORIENTED_EDGE ( 'NONE', *, *, #5315, .T. ) ;
#8984 = VERTEX_POINT ( 'NONE', #2300 ) ;
#8985 = EDGE_CURVE ( 'NONE', #2877, #2322, #3949, .T. ) ;
#8986 = LINE ( 'NONE', #8051, #3206 ) ;
#8987 = DIRECTION ( 'NONE',  ( 1.000000000000000000, 0.000000000000000000, 0.000000000000000000 ) ) ;
#8988 = AXIS2_PLACEMENT_3D ( 'NONE', #6799, #6586, #7436 ) ;
#8989 = EDGE_CURVE ( 'NONE', #7445, #18, #4426, .T. ) ;
#8990 = CARTESIAN_POINT ( 'NONE',  ( -31.25998785444159722, 23.47559772094814079, 987.4916601271910395 ) ) ;
#8991 = CARTESIAN_POINT ( 'NONE',  ( -17.19567139914613207, 3.287333648496001626, 1000.991660127190926 ) ) ;
#8992 = EDGE_CURVE ( 'NONE', #8339, #5524, #8986, .T. ) ;
#8993 = VERTEX_POINT ( 'NONE', #1539 ) ;
#8994 = CARTESIAN_POINT ( 'NONE',  ( -34.86771300448391742, 44.52206366277465577, 1016.041658718408485 ) ) ;
#8995 = CIRCLE ( 'NONE', #3974, 1.649999999999998579 ) ;
#8996 = VECTOR ( 'NONE', #3023, 1000.000000000000000 ) ;
#8997 = EDGE_LOOP ( 'NONE', ( #4004, #4926, #1215, #2521, #339, #6588, #7282, #5830, #4267 ) ) ;
#8998 = EDGE_CURVE ( 'NONE', #6828, #7021, #9757, .T. ) ;
#8999 = DIRECTION ( 'NONE',  ( 0.8327025958986410403, -0.5537204951811559583, 0.000000000000000000 ) ) ;
#9000 = DIRECTION ( 'NONE',  ( 1.000000000000000000, 0.000000000000000000, 0.000000000000000000 ) ) ;
#9001 = AXIS2_PLACEMENT_3D ( 'NONE', #3119, #4782, #6598 ) ;
#9002 = CARTESIAN_POINT ( 'NONE',  ( -20.26771282526733131, 27.60339869864173679, 983.6916601271910849 ) ) ;
#9003 = VECTOR ( 'NONE', #7911, 1000.000000000000000 ) ;
#9004 = CARTESIAN_POINT ( 'NONE',  ( -15.81965170120199993, 26.01981126762380825, 987.4916601271910395 ) ) ;
#9005 = ADVANCED_FACE ( 'NONE', ( #8153 ), #7349, .T. ) ;
#9006 = EDGE_CURVE ( 'NONE', #5205, #3552, #8206, .T. ) ;
#9007 = CARTESIAN_POINT ( 'NONE',  ( -19.66654756608899035, 27.10653475789471756, 989.7344270351995874 ) ) ;
#9008 = AXIS2_PLACEMENT_3D ( 'NONE', #1138, #9196, #1796 ) ;
#9009 = AXIS2_PLACEMENT_3D ( 'NONE', #9249, #3772, #7016 ) ;
#9010 = VERTEX_POINT ( 'NONE', #4817 ) ;
#9011 = DIRECTION ( 'NONE',  ( -1.000000000000000000, 0.000000000000000000, 0.000000000000000000 ) ) ;
#9012 = CARTESIAN_POINT ( 'NONE',  ( -22.97282028968769296, 43.77378967459146963, 990.2934075253319861 ) ) ;
#9013 = CARTESIAN_POINT ( 'NONE',  ( -9.967713004483933048, -4.998238796519375253E-15, 983.4916601271910395 ) ) ;
#9014 = CARTESIAN_POINT ( 'NONE',  ( -18.83362037200756234, -27.15791218717140154, 1001.511275369461487 ) ) ;
#9015 = CARTESIAN_POINT ( 'NONE',  ( -16.01080844575767159, 2.613159266561044802, 1000.992820335625083 ) ) ;
#9016 = DIRECTION ( 'NONE',  ( -0.000000000000000000, -0.000000000000000000, 1.000000000000000000 ) ) ;
#9017 = CARTESIAN_POINT ( 'NONE',  ( -22.41771300448399273, 43.90074331921501738, 990.4916601271910395 ) ) ;
#9018 = CIRCLE ( 'NONE', #8849, 1.649999999999998579 ) ;
#9019 = CARTESIAN_POINT ( 'NONE',  ( -20.26771282526732421, 44.22206330434126897, 986.5916604856245158 ) ) ;
#9020 = ORIENTED_EDGE ( 'NONE', *, *, #5996, .T. ) ;
#9021 = ORIENTED_EDGE ( 'NONE', *, *, #3421, .F. ) ;
#9022 = ORIENTED_EDGE ( 'NONE', *, *, #2452, .F. ) ;
#9023 = ORIENTED_EDGE ( 'NONE', *, *, #8796, .T. ) ;
#9024 = CYLINDRICAL_SURFACE ( 'NONE', #8064, 1.650000000000002132 ) ;
#9025 = VECTOR ( 'NONE', #10597, 1000.000000000000000 ) ;
#9026 = ORIENTED_EDGE ( 'NONE', *, *, #8504, .T. ) ;
#9027 = CYLINDRICAL_SURFACE ( 'NONE', #3375, 2.249999999999998668 ) ;
#9028 = CARTESIAN_POINT ( 'NONE',  ( -44.18771300448401718, -10.47773340385699647, 997.9916601271909258 ) ) ;
#9029 = DIRECTION ( 'NONE',  ( 1.000000000000000000, 0.000000000000000000, 0.000000000000000000 ) ) ;
#9030 = DIRECTION ( 'NONE',  ( -0.7071067811865473507, -0.7071067811865477948, 0.000000000000000000 ) ) ;
#9031 = DIRECTION ( 'NONE',  ( 1.000000000000000000, 0.000000000000000000, 0.000000000000000000 ) ) ;
#9032 = VERTEX_POINT ( 'NONE', #8100 ) ;
#9033 = CARTESIAN_POINT ( 'NONE',  ( -23.35128200213981842, 27.27320945105789107, 989.2264277534150096 ) ) ;
#9034 = ORIENTED_EDGE ( 'NONE', *, *, #3692, .T. ) ;
#9035 = CARTESIAN_POINT ( 'NONE',  ( -22.26771300448400126, -12.47773340385700003, 995.9916601271909258 ) ) ;
#9036 = ORIENTED_EDGE ( 'NONE', *, *, #9201, .F. ) ;
#9037 = ADVANCED_FACE ( 'NONE', ( #5779 ), #6537, .T. ) ;
#9038 = DIRECTION ( 'NONE',  ( 0.7071067811865495711, 0.7071067811865454633, 0.000000000000000000 ) ) ;
#9039 = LINE ( 'NONE', #1637, #3464 ) ;
#9040 = FACE_BOUND ( 'NONE', #3204, .T. ) ;
#9041 = CARTESIAN_POINT ( 'NONE',  ( -30.41771300448401050, 39.67206337602792132, 1016.641658718408394 ) ) ;
#9042 = LINE ( 'NONE', #5033, #9522 ) ;
#9043 = ORIENTED_EDGE ( 'NONE', *, *, #6932, .F. ) ;
#9044 = CARTESIAN_POINT ( 'NONE',  ( -28.25192422796520830, 33.77560510049663378, 1013.641658718408507 ) ) ;
#9045 = ORIENTED_EDGE ( 'NONE', *, *, #8044, .F. ) ;
#9046 = VERTEX_POINT ( 'NONE', #7296 ) ;
#9047 = EDGE_CURVE ( 'NONE', #3777, #3691, #2025, .T. ) ;
#9048 = CARTESIAN_POINT ( 'NONE',  ( -44.18771300448401718, -10.47773340385699647, 1000.991660127190926 ) ) ;
#9049 = DIRECTION ( 'NONE',  ( 0.000000000000000000, 0.000000000000000000, -1.000000000000000000 ) ) ;
#9050 = AXIS2_PLACEMENT_3D ( 'NONE', #9792, #15, #10640 ) ;
#9051 = EDGE_CURVE ( 'NONE', #1681, #1722, #2171, .T. ) ;
#9052 = DIRECTION ( 'NONE',  ( 0.000000000000000000, -0.7071067811864739650, -0.7071067811866211805 ) ) ;
#9053 = CARTESIAN_POINT ( 'NONE',  ( -20.76228984796400212, 27.10900280983337041, 988.0916604856246295 ) ) ;
#9054 = EDGE_CURVE ( 'NONE', #6557, #3337, #2354, .T. ) ;
#9055 =( GEOMETRIC_REPRESENTATION_CONTEXT ( 3 ) GLOBAL_UNCERTAINTY_ASSIGNED_CONTEXT ( ( #3015 ) ) GLOBAL_UNIT_ASSIGNED_CONTEXT ( ( #1597, #9802, #10648 ) ) REPRESENTATION_CONTEXT ( 'NONE', 'WORKASPACE' ) );
#9056 = FACE_OUTER_BOUND ( 'NONE', #3580, .T. ) ;
#9057 = VERTEX_POINT ( 'NONE', #2660 ) ;
#9058 = CARTESIAN_POINT ( 'NONE',  ( -19.41771300448399629, 43.02206366277465577, 990.4916601271910395 ) ) ;
#9059 = B_SPLINE_SURFACE_WITH_KNOTS ( 'NONE', 3, 3, ( 
 ( #5316, #5259, #1158, #4456, #351 ),
 ( #3856, #8151, #9, #10633, #6534 ),
 ( #5427, #4618, #8730, #3748, #1330 ),
 ( #4055, #7347, #4913, #6227, #3253 ),
 ( #4567, #8785, #8203, #4865, #10382 ) ),
 .UNSPECIFIED., .F., .F., .F.,
 ( 4, 1, 4 ),
 ( 4, 1, 4 ),
 ( 0.000000000000000000, 0.5000000000000000000, 1.000000000000000000 ),
 ( 7.030924900504059414E-17, 0.1215512287333929964, 0.2127146502834370012 ),
 .UNSPECIFIED. ) ;
#9060 = DIRECTION ( 'NONE',  ( 1.000000000000000000, 0.000000000000000000, 0.000000000000000000 ) ) ;
#9061 = VECTOR ( 'NONE', #1022, 1000.000000000000000 ) ;
#9062 = DIRECTION ( 'NONE',  ( 1.000000000000000000, 0.000000000000000000, 0.000000000000000000 ) ) ;
#9063 = CARTESIAN_POINT ( 'NONE',  ( -16.81842501921067878, 37.54806902988372030, 1013.641658718408507 ) ) ;
#9064 = CARTESIAN_POINT ( 'NONE',  ( -24.55815573619171133, -28.05789265480460060, 999.1916796595579626 ) ) ;
#9065 = LINE ( 'NONE', #7529, #2279 ) ;
#9066 = EDGE_CURVE ( 'NONE', #10568, #6670, #8360, .T. ) ;
#9067 = LINE ( 'NONE', #10663, #4791 ) ;
#9068 = VERTEX_POINT ( 'NONE', #972 ) ;
#9069 = ORIENTED_EDGE ( 'NONE', *, *, #2194, .F. ) ;
#9070 = EDGE_LOOP ( 'NONE', ( #9974, #7532, #9237, #580 ) ) ;
#9071 = ORIENTED_EDGE ( 'NONE', *, *, #5444, .F. ) ;
#9072 = VERTEX_POINT ( 'NONE', #4167 ) ;
#9073 = DIRECTION ( 'NONE',  ( -1.000000000000000000, 0.000000000000000000, 0.000000000000000000 ) ) ;
#9074 = VERTEX_POINT ( 'NONE', #6756 ) ;
#9075 = DIRECTION ( 'NONE',  ( 0.000000000000000000, 0.000000000000000000, 1.000000000000000000 ) ) ;
#9076 = DIRECTION ( 'NONE',  ( -0.8219043574876576663, 0.5696255148277687974, 0.000000000000000000 ) ) ;
#9077 = DIRECTION ( 'NONE',  ( 0.1903093807078929944, -0.9631015934101430087, 0.1903093807078929944 ) ) ;
#9078 = DIRECTION ( 'NONE',  ( -0.4999999999999998890, -0.4999999999999980016, -0.7071067811865490160 ) ) ;
#9079 = AXIS2_PLACEMENT_3D ( 'NONE', #6189, #5170, #9287 ) ;
#9080 = CARTESIAN_POINT ( 'NONE',  ( -34.26771264605072531, 26.01981126762380825, 987.4916601271910395 ) ) ;
#9081 = VERTEX_POINT ( 'NONE', #167 ) ;
#9082 = ORIENTED_EDGE ( 'NONE', *, *, #2782, .T. ) ;
#9083 = CARTESIAN_POINT ( 'NONE',  ( -48.30392702878609157, -8.817954100001363926, 998.5327797521496223 ) ) ;
#9084 = VECTOR ( 'NONE', #4832, 1000.000000000000000 ) ;
#9085 = VERTEX_POINT ( 'NONE', #3572 ) ;
#9086 = DIRECTION ( 'NONE',  ( -0.000000000000000000, -0.000000000000000000, -1.000000000000000000 ) ) ;
#9087 = DIRECTION ( 'NONE',  ( -0.7071067811865461294, -0.7071067811865489050, 0.000000000000000000 ) ) ;
#9088 = LINE ( 'NONE', #1391, #6753 ) ;
#9089 = CARTESIAN_POINT ( 'NONE',  ( -26.06244619668694185, -28.36553131374809666, 1002.895356525875172 ) ) ;
#9090 = DIRECTION ( 'NONE',  ( -0.000000000000000000, -0.000000000000000000, 1.000000000000000000 ) ) ;
#9091 = CIRCLE ( 'NONE', #1838, 2.998060944848581766 ) ;
#9092 = LINE ( 'NONE', #4974, #3483 ) ;
#9093 = EDGE_CURVE ( 'NONE', #8183, #4347, #7531, .T. ) ;
#9094 = FACE_OUTER_BOUND ( 'NONE', #5838, .T. ) ;
#9095 = ORIENTED_EDGE ( 'NONE', *, *, #10586, .F. ) ;
#9096 = CARTESIAN_POINT ( 'NONE',  ( -33.71771300448400410, 29.52206337602792630, 983.4916601271910395 ) ) ;
#9097 = VERTEX_POINT ( 'NONE', #4381 ) ;
#9098 = ORIENTED_EDGE ( 'NONE', *, *, #8741, .T. ) ;
#9099 = AXIS2_PLACEMENT_3D ( 'NONE', #7107, #3118, #2363 ) ;
#9100 = DIRECTION ( 'NONE',  ( 0.7071067811865475727, 0.000000000000000000, -0.7071067811865475727 ) ) ;
#9101 = CARTESIAN_POINT ( 'NONE',  ( -15.81965170120199993, 26.01981126762380825, 987.4916601271910395 ) ) ;
#9102 = DIRECTION ( 'NONE',  ( -0.000000000000000000, -0.000000000000000000, 1.000000000000000000 ) ) ;
#9103 = LINE ( 'NONE', #2416, #4336 ) ;
#9104 = CIRCLE ( 'NONE', #4444, 1.000000000000013323 ) ;
#9105 = AXIS2_PLACEMENT_3D ( 'NONE', #8223, #4129, #8275 ) ;
#9106 = DIRECTION ( 'NONE',  ( 0.000000000000000000, 0.000000000000000000, -1.000000000000000000 ) ) ;
#9107 = EDGE_CURVE ( 'NONE', #7714, #8008, #3462, .T. ) ;
#9108 = ORIENTED_EDGE ( 'NONE', *, *, #2775, .T. ) ;
#9109 = CARTESIAN_POINT ( 'NONE',  ( -27.04331485567105986, -26.29360642690463123, 1001.012268206109070 ) ) ;
#9110 = VECTOR ( 'NONE', #3745, 1000.000000000000114 ) ;
#9111 = EDGE_CURVE ( 'NONE', #1249, #8972, #7608, .T. ) ;
#9112 = CARTESIAN_POINT ( 'NONE',  ( -19.07297981228107275, -28.25791218717139941, 1000.991660127190926 ) ) ;
#9113 = CARTESIAN_POINT ( 'NONE',  ( -15.92328333483325054, -24.25791218717159836, 995.9916601271909258 ) ) ;
#9114 = CARTESIAN_POINT ( 'NONE',  ( -25.88670740143760796, -27.83364914254590161, 1002.647865515891226 ) ) ;
#9115 = CARTESIAN_POINT ( 'NONE',  ( -24.39701385285517077, -27.69407096193929974, 999.8111579371196740 ) ) ;
#9116 = LINE ( 'NONE', #8394, #3633 ) ;
#9117 = EDGE_CURVE ( 'NONE', #3526, #7879, #5771, .T. ) ;
#9118 = CARTESIAN_POINT ( 'NONE',  ( -14.11771300448399380, 38.02206337602792274, 1000.391660127190903 ) ) ;
#9119 = ORIENTED_EDGE ( 'NONE', *, *, #9853, .F. ) ;
#9120 = ORIENTED_EDGE ( 'NONE', *, *, #4496, .T. ) ;
#9121 = ORIENTED_EDGE ( 'NONE', *, *, #3045, .F. ) ;
#9122 = B_SPLINE_CURVE_WITH_KNOTS ( 'NONE', 3,
 ( #2379, #5701, #8081, #7278 ),
 .UNSPECIFIED., .F., .F.,
 ( 4, 4 ),
 ( 0.000000000000000000, 0.0009385834895589721324 ),
 .UNSPECIFIED. ) ;
#9123 = ORIENTED_EDGE ( 'NONE', *, *, #136, .T. ) ;
#9124 = CARTESIAN_POINT ( 'NONE',  ( 3.300357742752274781, -10.14488023348875956, 999.8900524785391326 ) ) ;
#9125 = EDGE_CURVE ( 'NONE', #6672, #6857, #1117, .T. ) ;
#9126 = ORIENTED_EDGE ( 'NONE', *, *, #4547, .T. ) ;
#9127 = PLANE ( 'NONE',  #6478 ) ;
#9128 = CARTESIAN_POINT ( 'NONE',  ( -18.79247735962376353, -28.85055402455519769, 1002.491852182949287 ) ) ;
#9129 = LINE ( 'NONE', #1730, #10349 ) ;
#9130 =( BOUNDED_CURVE ( )  B_SPLINE_CURVE ( 3, ( #523, #3861, #6394, #2502 ),
 .UNSPECIFIED., .F., .F. ) 
 B_SPLINE_CURVE_WITH_KNOTS ( ( 4, 4 ),
 ( 0.8294703209069549388, 1.570796326794895004 ),
 .UNSPECIFIED. ) 
 CURVE ( )  GEOMETRIC_REPRESENTATION_ITEM ( )  RATIONAL_B_SPLINE_CURVE ( ( 1.000000000000000000, 0.9547249257431399405, 0.9547249257431399405, 1.000000000000000000 ) ) 
 REPRESENTATION_ITEM ( '' )  );
#9131 = CARTESIAN_POINT ( 'NONE',  ( -16.62077353176869821, 35.68645382482968387, 1014.306158709955753 ) ) ;
#9132 = ORIENTED_EDGE ( 'NONE', *, *, #1471, .T. ) ;
#9133 = CARTESIAN_POINT ( 'NONE',  ( -44.18771300448400297, -10.47773340385700003, 995.9916601271909258 ) ) ;
#9134 = EDGE_LOOP ( 'NONE', ( #9488, #2641, #10060, #4648, #5248, #1129, #6037, #1230, #5067, #980, #7680, #8452, #10160, #3897, #3396, #1882, #5538, #3884, #7566, #2842, #8530, #2925, #9415, #2216, #8688, #2880, #8469, #5054, #7713, #6003 ) ) ;
#9135 = CARTESIAN_POINT ( 'NONE',  ( -22.74585865162095288, 27.60237224706800063, 989.7639974359608459 ) ) ;
#9136 = ORIENTED_EDGE ( 'NONE', *, *, #543, .T. ) ;
#9137 = EDGE_LOOP ( 'NONE', ( #739, #10591, #10632, #1262 ) ) ;
#9138 = CARTESIAN_POINT ( 'NONE',  ( -26.38060615070368442, 18.59621601721052997, 1003.491660127191039 ) ) ;
#9139 = DIRECTION ( 'NONE',  ( 0.000000000000000000, 0.000000000000000000, -1.000000000000000000 ) ) ;
#9140 = CARTESIAN_POINT ( 'NONE',  ( -11.60021209263799946, 2.491793389713800266, 995.9916601271909258 ) ) ;
#9141 = LINE ( 'NONE', #7611, #2368 ) ;
#9142 = LINE ( 'NONE', #10101, #5175 ) ;
#9143 = CARTESIAN_POINT ( 'NONE',  ( -48.42013228982921191, -10.09156376103355512, 999.5133716006431541 ) ) ;
#9144 = VECTOR ( 'NONE', #999, 1000.000000000000000 ) ;
#9145 = DIRECTION ( 'NONE',  ( -0.4027860642715939132, 0.5811741446662946897, 0.7071067811865476838 ) ) ;
#9146 = FACE_OUTER_BOUND ( 'NONE', #3503, .T. ) ;
#9147 = ORIENTED_EDGE ( 'NONE', *, *, #4288, .T. ) ;
#9148 = DIRECTION ( 'NONE',  ( 0.7071067811865475727, 6.181723834582342874E-08, -0.7071067811865446862 ) ) ;
#9149 = EDGE_LOOP ( 'NONE', ( #7155, #3424, #6577, #2104, #3192 ) ) ;
#9150 = ORIENTED_EDGE ( 'NONE', *, *, #791, .T. ) ;
#9151 = AXIS2_PLACEMENT_3D ( 'NONE', #4813, #7191, #3998 ) ;
#9152 = DIRECTION ( 'NONE',  ( -1.000000000000000000, 0.000000000000000000, 0.000000000000000000 ) ) ;
#9153 = CARTESIAN_POINT ( 'NONE',  ( -22.41771300448399629, 28.91940829628347132, 990.4916601271910395 ) ) ;
#9154 = EDGE_CURVE ( 'NONE', #9255, #385, #1794, .T. ) ;
#9155 = LINE ( 'NONE', #5043, #1448 ) ;
#9156 = CARTESIAN_POINT ( 'NONE',  ( -21.08165264574449793, 27.22050958877561655, 988.0916604856245158 ) ) ;
#9157 = VECTOR ( 'NONE', #3048, 1000.000000000000000 ) ;
#9158 = AXIS2_PLACEMENT_3D ( 'NONE', #7649, #429, #4422 ) ;
#9159 = CARTESIAN_POINT ( 'NONE',  ( -21.09776832732423912, 27.22893450133087967, 989.0925024673853159 ) ) ;
#9160 = EDGE_CURVE ( 'NONE', #9176, #5840, #621, .T. ) ;
#9161 = VERTEX_POINT ( 'NONE', #3517 ) ;
#9162 = LINE ( 'NONE', #2419, #8751 ) ;
#9163 = EDGE_CURVE ( 'NONE', #7708, #4866, #2713, .T. ) ;
#9164 = VECTOR ( 'NONE', #7699, 1000.000000000000000 ) ;
#9165 = AXIS2_PLACEMENT_3D ( 'NONE', #7364, #8272, #3324 ) ;
#9166 = DIRECTION ( 'NONE',  ( -0.000000000000000000, -0.000000000000000000, -1.000000000000000000 ) ) ;
#9167 = CARTESIAN_POINT ( 'NONE',  ( -46.60862144250199890, -6.984639884534449727, 995.9916601271909258 ) ) ;
#9168 = CYLINDRICAL_SURFACE ( 'NONE', #2594, 1.649999999999998579 ) ;
#9169 = CARTESIAN_POINT ( 'NONE',  ( -14.31771300448402151, 29.47981022745160828, 983.4916601271910395 ) ) ;
#9170 = CARTESIAN_POINT ( 'NONE',  ( -14.88150198353017473, 20.13927635356389700, 1002.268183288602927 ) ) ;
#9171 = AXIS2_PLACEMENT_3D ( 'NONE', #5297, #10309, #3783 ) ;
#9172 = CARTESIAN_POINT ( 'NONE',  ( -26.06271300448400297, -26.25791218717160191, 1000.991660127190926 ) ) ;
#9173 = VECTOR ( 'NONE', #10459, 1000.000000000000000 ) ;
#9174 = VERTEX_POINT ( 'NONE', #3412 ) ;
#9175 = ORIENTED_EDGE ( 'NONE', *, *, #10200, .T. ) ;
#9176 = VERTEX_POINT ( 'NONE', #5183 ) ;
#9177 = ORIENTED_EDGE ( 'NONE', *, *, #4238, .F. ) ;
#9178 = ORIENTED_EDGE ( 'NONE', *, *, #3530, .F. ) ;
#9179 = CARTESIAN_POINT ( 'NONE',  ( -34.86771300448391742, 43.92206366277464724, 1016.641658718408394 ) ) ;
#9180 = EDGE_CURVE ( 'NONE', #3457, #8846, #1082, .T. ) ;
#9181 = EDGE_LOOP ( 'NONE', ( #2483, #396, #10040, #2120 ) ) ;
#9182 = DIRECTION ( 'NONE',  ( -1.000000000000000000, 0.000000000000000000, 0.000000000000000000 ) ) ;
#9183 = FACE_OUTER_BOUND ( 'NONE', #6821, .T. ) ;
#9184 = AXIS2_PLACEMENT_3D ( 'NONE', #2055, #10345, #10401 ) ;
#9185 = CIRCLE ( 'NONE', #4527, 2.998060944848584874 ) ;
#9186 = CARTESIAN_POINT ( 'NONE',  ( -36.06771300448401263, 44.52206366277465577, 997.1916601271908576 ) ) ;
#9187 = FACE_OUTER_BOUND ( 'NONE', #2016, .T. ) ;
#9188 = CARTESIAN_POINT ( 'NONE',  ( -9.467717409161263475, 44.52206439712559671, 996.1916557225135875 ) ) ;
#9189 = ADVANCED_FACE ( 'NONE', ( #64 ), #9194, .F. ) ;
#9190 = DIRECTION ( 'NONE',  ( -0.7071067811865462405, 0.7071067811865489050, 0.000000000000000000 ) ) ;
#9191 = CIRCLE ( 'NONE', #1077, 2.549999999999996714 ) ;
#9192 = ORIENTED_EDGE ( 'NONE', *, *, #2417, .F. ) ;
#9193 = ORIENTED_EDGE ( 'NONE', *, *, #4352, .F. ) ;
#9194 = PLANE ( 'NONE',  #4236 ) ;
#9195 = CARTESIAN_POINT ( 'NONE',  ( -29.40912868209696285, 19.82819536793160609, 997.2620079929384929 ) ) ;
#9196 = DIRECTION ( 'NONE',  ( 0.000000000000000000, 0.000000000000000000, 1.000000000000000000 ) ) ;
#9197 = CARTESIAN_POINT ( 'NONE',  ( -25.46244619668694043, -28.36553131374809666, 1004.591660127191176 ) ) ;
#9198 = LINE ( 'NONE', #4972, #701 ) ;
#9199 = CARTESIAN_POINT ( 'NONE',  ( -30.11795385680410675, 30.41657034268903459, 1004.091660127190949 ) ) ;
#9200 = CARTESIAN_POINT ( 'NONE',  ( -20.20113095570322415, -28.26499943599120002, 1000.764811844528936 ) ) ;
#9201 = EDGE_CURVE ( 'NONE', #9658, #9010, #4268, .T. ) ;
#9202 = PLANE ( 'NONE',  #964 ) ;
#9203 = ORIENTED_EDGE ( 'NONE', *, *, #9271, .T. ) ;
#9204 = CYLINDRICAL_SURFACE ( 'NONE', #9639, 10.00000000000002487 ) ;
#9205 = EDGE_LOOP ( 'NONE', ( #6521, #6435, #9212, #7104 ) ) ;
#9206 = VERTEX_POINT ( 'NONE', #7447 ) ;
#9207 = DIRECTION ( 'NONE',  ( 1.000000000000000000, 0.000000000000000000, 0.000000000000000000 ) ) ;
#9208 = LINE ( 'NONE', #78, #7488 ) ;
#9209 = DIRECTION ( 'NONE',  ( 0.7071067811865455743, 0.000000000000000000, -0.7071067811865495711 ) ) ;
#9210 = DIRECTION ( 'NONE',  ( 1.332267629550194751E-15, 0.8660254037844383745, -0.5000000000000003331 ) ) ;
#9211 = CARTESIAN_POINT ( 'NONE',  ( -24.01771300448400126, 1.516678156704200475, 1000.991660127190926 ) ) ;
#9212 = ORIENTED_EDGE ( 'NONE', *, *, #1641, .F. ) ;
#9213 = CARTESIAN_POINT ( 'NONE',  ( -19.07297981228107275, -27.61078815779185902, 1002.028562713166025 ) ) ;
#9214 = DIRECTION ( 'NONE',  ( 0.7071067811865474617, 0.7071067811865474617, 0.000000000000000000 ) ) ;
#9215 = CARTESIAN_POINT ( 'NONE',  ( -28.71577430776599016, 26.01981126762374430, 983.6916601271909713 ) ) ;
#9216 = CARTESIAN_POINT ( 'NONE',  ( -17.26771300448400126, 8.655756606077503079, 1000.062727939056344 ) ) ;
#9217 = DIRECTION ( 'NONE',  ( -1.000000000000000000, 0.000000000000000000, 0.000000000000000000 ) ) ;
#9218 = DIRECTION ( 'NONE',  ( 0.7274044069594383100, 0.6862090269997823677, 0.000000000000000000 ) ) ;
#9219 = VECTOR ( 'NONE', #10587, 1000.000000000000000 ) ;
#9220 = EDGE_CURVE ( 'NONE', #4966, #7314, #6647, .T. ) ;
#9221 = EDGE_LOOP ( 'NONE', ( #256, #4318, #9472, #2280 ) ) ;
#9222 = EDGE_LOOP ( 'NONE', ( #4108, #4337, #7669, #3201, #915, #4764 ) ) ;
#9223 = ORIENTED_EDGE ( 'NONE', *, *, #3124, .T. ) ;
#9224 = ORIENTED_EDGE ( 'NONE', *, *, #1290, .F. ) ;
#9225 = DIRECTION ( 'NONE',  ( 1.000000000000000000, -0.000000000000000000, -0.000000000000000000 ) ) ;
#9226 = ORIENTED_EDGE ( 'NONE', *, *, #56, .F. ) ;
#9227 = CYLINDRICAL_SURFACE ( 'NONE', #4058, 0.6000000000000008660 ) ;
#9228 = CARTESIAN_POINT ( 'NONE',  ( -25.92361146819763462, -28.74936277722193623, 1002.895356525875172 ) ) ;
#9229 = CARTESIAN_POINT ( 'NONE',  ( -18.77127626581892272, -28.38784827749629613, 1001.827598545641990 ) ) ;
#9230 = CARTESIAN_POINT ( 'NONE',  ( -24.46771282526730218, 26.05339869864173608, 985.0416601271911077 ) ) ;
#9231 = AXIS2_PLACEMENT_3D ( 'NONE', #5630, #2353, #4005 ) ;
#9232 = EDGE_CURVE ( 'NONE', #4350, #7219, #648, .T. ) ;
#9233 = CARTESIAN_POINT ( 'NONE',  ( -16.81842501921068234, 37.55660145725664023, 1014.306158709955753 ) ) ;
#9234 = DIRECTION ( 'NONE',  ( 0.000000000000000000, -1.000000000000000000, 0.000000000000000000 ) ) ;
#9235 = ORIENTED_EDGE ( 'NONE', *, *, #1784, .T. ) ;
#9236 = CARTESIAN_POINT ( 'NONE',  ( -23.43765768164380603, 27.22893450133086901, 989.0925024673850885 ) ) ;
#9237 = ORIENTED_EDGE ( 'NONE', *, *, #4489, .T. ) ;
#9239 = EDGE_CURVE ( 'NONE', #9798, #1289, #1741, .T. ) ;
#9238 = ORIENTED_EDGE ( 'NONE', *, *, #4466, .F. ) ;
#9240 = CARTESIAN_POINT ( 'NONE',  ( -25.46244619668694043, -27.65791218717139799, 1000.991660127190926 ) ) ;
#9241 = VECTOR ( 'NONE', #1623, 1000.000000000000114 ) ;
#9242 = DIRECTION ( 'NONE',  ( -0.000000000000000000, -0.000000000000000000, 1.000000000000000000 ) ) ;
#9243 = CARTESIAN_POINT ( 'NONE',  ( -20.16771282526725528, 28.55192683606519566, 983.5916601271910622 ) ) ;
#9244 = EDGE_CURVE ( 'NONE', #6094, #8239, #6779, .T. ) ;
#9245 = CARTESIAN_POINT ( 'NONE',  ( 0.000000000000000000, 44.52206366277465577, 1013.641658718408507 ) ) ;
#9246 = DIRECTION ( 'NONE',  ( -0.7071067811865475727, 0.000000000000000000, 0.7071067811865475727 ) ) ;
#9247 = EDGE_CURVE ( 'NONE', #1010, #2390, #7728, .T. ) ;
#9248 = CARTESIAN_POINT ( 'NONE',  ( -24.81771300448400197, 2.557757825279101116, 1000.991660127190926 ) ) ;
#9249 = CARTESIAN_POINT ( 'NONE',  ( -28.71577430776599016, 26.01981126762374430, 987.4916601271910395 ) ) ;
#9250 = EDGE_CURVE ( 'NONE', #6774, #10159, #8361, .T. ) ;
#9251 = CARTESIAN_POINT ( 'NONE',  ( -22.16772040505574637, 44.52206328685606707, 1008.891658718408507 ) ) ;
#9252 = VECTOR ( 'NONE', #9629, 1000.000000000000114 ) ;
#9253 = EDGE_LOOP ( 'NONE', ( #8573, #1646, #7695, #3112 ) ) ;
#9254 = ORIENTED_EDGE ( 'NONE', *, *, #10482, .F. ) ;
#9255 = VERTEX_POINT ( 'NONE', #2122 ) ;
#9256 = SURFACE_STYLE_FILL_AREA ( #1861 ) ;
#9257 = EDGE_CURVE ( 'NONE', #7983, #6470, #9509, .T. ) ;
#9258 = LINE ( 'NONE', #1967, #10599 ) ;
#9259 =( BOUNDED_CURVE ( )  B_SPLINE_CURVE ( 3, ( #9794, #2407, #4173, #8991 ),
 .UNSPECIFIED., .F., .F. ) 
 B_SPLINE_CURVE_WITH_KNOTS ( ( 4, 4 ),
 ( 5.453714986272630405, 6.195040992160659954 ),
 .UNSPECIFIED. ) 
 CURVE ( )  GEOMETRIC_REPRESENTATION_ITEM ( )  RATIONAL_B_SPLINE_CURVE ( ( 1.000000000000000000, 0.9547249257431299485, 0.9547249257431299485, 1.000000000000000000 ) ) 
 REPRESENTATION_ITEM ( '' )  );
#9260 = AXIS2_PLACEMENT_3D ( 'NONE', #8277, #10656, #6504 ) ;
#9261 = AXIS2_PLACEMENT_3D ( 'NONE', #10596, #6812, #3220 ) ;
#9262 = CARTESIAN_POINT ( 'NONE',  ( -34.86771300448391742, 22.70910916343019892, 1003.491660127191039 ) ) ;
#9263 = CARTESIAN_POINT ( 'NONE',  ( -18.32847398101808167, -26.96557212828309957, 1001.553397365008323 ) ) ;
#9264 = ORIENTED_EDGE ( 'NONE', *, *, #7383, .T. ) ;
#9265 = CIRCLE ( 'NONE', #10118, 2.249999999999998668 ) ;
#9266 = CARTESIAN_POINT ( 'NONE',  ( -27.83042244084750294, 5.013470803441498092, 999.3621356611594138 ) ) ;
#9267 = EDGE_LOOP ( 'NONE', ( #1855, #1424, #7145, #4338 ) ) ;
#9268 = CARTESIAN_POINT ( 'NONE',  ( -28.71577430776599016, 26.01981126762374430, 988.0916604856245158 ) ) ;
#9269 = LINE ( 'NONE', #10069, #6832 ) ;
#9270 = LINE ( 'NONE', #1163, #5345 ) ;
#9271 = EDGE_CURVE ( 'NONE', #8, #1537, #7138, .T. ) ;
#9272 = DIRECTION ( 'NONE',  ( -0.000000000000000000, 0.000000000000000000, 1.000000000000000000 ) ) ;
#9273 = VECTOR ( 'NONE', #10056, 1000.000000000000000 ) ;
#9274 = CARTESIAN_POINT ( 'NONE',  ( -26.09704239599379960, -28.26267200689670034, 1002.853564955441925 ) ) ;
#9275 = CARTESIAN_POINT ( 'NONE',  ( -25.57135755551204070, -28.95556378397229835, 1002.895356525875172 ) ) ;
#9276 = ORIENTED_EDGE ( 'NONE', *, *, #3371, .F. ) ;
#9277 = VERTEX_POINT ( 'NONE', #5461 ) ;
#9278 = ORIENTED_EDGE ( 'NONE', *, *, #7328, .T. ) ;
#9279 = VECTOR ( 'NONE', #5826, 1000.000000000000000 ) ;
#9280 = ORIENTED_EDGE ( 'NONE', *, *, #685, .T. ) ;
#9281 = CARTESIAN_POINT ( 'NONE',  ( -28.18905988234177329, 31.59893860869147275, 983.4916601271910395 ) ) ;
#9282 = AXIS2_PLACEMENT_3D ( 'NONE', #6739, #7429, #3340 ) ;
#9283 = VERTEX_POINT ( 'NONE', #8594 ) ;
#9284 = FACE_OUTER_BOUND ( 'NONE', #8225, .T. ) ;
#9285 = EDGE_CURVE ( 'NONE', #8744, #3612, #7025, .T. ) ;
#9286 = EDGE_CURVE ( 'NONE', #7406, #2693, #7715, .T. ) ;
#9287 = DIRECTION ( 'NONE',  ( 1.000000000000000000, 0.000000000000000000, 0.000000000000000000 ) ) ;
#9288 = DIRECTION ( 'NONE',  ( 0.000000000000000000, 0.000000000000000000, -1.000000000000000000 ) ) ;
#9289 = CARTESIAN_POINT ( 'NONE',  ( -22.26771300448400126, -12.47773340385700003, 999.4916601271909258 ) ) ;
#9290 = DIRECTION ( 'NONE',  ( -0.000000000000000000, -0.000000000000000000, 1.000000000000000000 ) ) ;
#9291 = VECTOR ( 'NONE', #4197, 999.9999999999998863 ) ;
#9292 = CARTESIAN_POINT ( 'NONE',  ( -47.94810824821115602, -10.47773340385699647, 999.5756755151326161 ) ) ;
#9293 = EDGE_LOOP ( 'NONE', ( #5137, #10581, #2361, #3117 ) ) ;
#9294 = CARTESIAN_POINT ( 'NONE',  ( -22.08457203733514262, 28.44565939002623622, 990.4185234290577000 ) ) ;
#9295 = ORIENTED_EDGE ( 'NONE', *, *, #6875, .F. ) ;
#9296 = ADVANCED_FACE ( 'NONE', ( #8765 ), #1135, .F. ) ;
#9297 = VERTEX_POINT ( 'NONE', #4653 ) ;
#9298 = VECTOR ( 'NONE', #1090, 1000.000000000000000 ) ;
#9299 = CARTESIAN_POINT ( 'NONE',  ( -24.46771282526734126, 27.60339869864159112, 983.4916601271910395 ) ) ;
#9300 = CARTESIAN_POINT ( 'NONE',  ( -12.31570159385952934, 34.78893442829722460, 983.7916601271909940 ) ) ;
#9301 = CARTESIAN_POINT ( 'NONE',  ( -18.64871574356914508, -27.83364811845947173, 1004.591660127191176 ) ) ;
#9302 = DIRECTION ( 'NONE',  ( 0.000000000000000000, 0.000000000000000000, 1.000000000000000000 ) ) ;
#9303 = CARTESIAN_POINT ( 'NONE',  ( -26.06244619668694185, -28.35834916440139963, 1002.710020264802097 ) ) ;
#9304 = DIRECTION ( 'NONE',  ( 0.7071067811865475727, 0.7071067811865475727, -0.000000000000000000 ) ) ;
#9305 = CARTESIAN_POINT ( 'NONE',  ( -18.46771297646895604, 43.92206330434124339, 987.4916601271910395 ) ) ;
#9306 = ORIENTED_EDGE ( 'NONE', *, *, #5748, .F. ) ;
#9307 = DIRECTION ( 'NONE',  ( -0.6785983445458459995, -0.2810846377148252806, -0.6785983445458459995 ) ) ;
#9308 = EDGE_LOOP ( 'NONE', ( #8200, #9920, #1388, #3350 ) ) ;
#9309 = EDGE_CURVE ( 'NONE', #95, #5502, #2926, .T. ) ;
#9310 = VERTEX_POINT ( 'NONE', #4434 ) ;
#9311 = ADVANCED_FACE ( 'NONE', ( #6153 ), #5263, .F. ) ;
#9312 = DIRECTION ( 'NONE',  ( 0.000000000000000000, 0.000000000000000000, 1.000000000000000000 ) ) ;
#9313 = CARTESIAN_POINT ( 'NONE',  ( -12.46771300448399344, 29.47981022745160828, 983.4916601271910395 ) ) ;
#9314 = EDGE_CURVE ( 'NONE', #2905, #9888, #3619, .T. ) ;
#9315 = AXIS2_PLACEMENT_3D ( 'NONE', #5399, #5985, #5178 ) ;
#9316 = PLANE ( 'NONE',  #3844 ) ;
#9317 = CARTESIAN_POINT ( 'NONE',  ( -10.21771300448399167, 29.47981022745160828, 997.9916601271910395 ) ) ;
#9318 = EDGE_LOOP ( 'NONE', ( #1506, #9671 ) ) ;
#9319 = CIRCLE ( 'NONE', #7239, 3.000000000000050182 ) ;
#9320 = DIRECTION ( 'NONE',  ( -0.09832490810080224408, 0.9951543661397304064, 0.000000000000000000 ) ) ;
#9321 = ORIENTED_EDGE ( 'NONE', *, *, #8655, .F. ) ;
#9322 = CARTESIAN_POINT ( 'NONE',  ( -19.41771300448399629, 28.53585382616426713, 990.4705084517113391 ) ) ;
#9323 = DIRECTION ( 'NONE',  ( 0.000000000000000000, 0.000000000000000000, 1.000000000000000000 ) ) ;
#9324 = DIRECTION ( 'NONE',  ( 0.7071067811864463204, 3.545736665389691582E-16, -0.7071067811866487141 ) ) ;
#9325 = DIRECTION ( 'NONE',  ( -1.000000000000000000, 0.000000000000000000, 0.000000000000000000 ) ) ;
#9326 = DIRECTION ( 'NONE',  ( 0.000000000000000000, 0.000000000000000000, -1.000000000000000000 ) ) ;
#9327 = AXIS2_PLACEMENT_3D ( 'NONE', #5063, #4260, #55 ) ;
#9328 = CARTESIAN_POINT ( 'NONE',  ( -3.821484135177420693, -3.821484135177409591, 983.4916601271910395 ) ) ;
#9329 = EDGE_CURVE ( 'NONE', #4866, #4390, #10308, .T. ) ;
#9330 = CARTESIAN_POINT ( 'NONE',  ( -24.92397580629307186, -29.07151458534729827, 1002.075514760211377 ) ) ;
#9331 = ORIENTED_EDGE ( 'NONE', *, *, #7647, .T. ) ;
#9333 = EDGE_LOOP ( 'NONE', ( #3283, #4216, #1738, #1191 ) ) ;
#9332 = CIRCLE ( 'NONE', #2618, 1.650000000000002132 ) ;
#9334 = VECTOR ( 'NONE', #5608, 1000.000000000000000 ) ;
#9335 = ORIENTED_EDGE ( 'NONE', *, *, #3950, .F. ) ;
#9336 = DIRECTION ( 'NONE',  ( -1.000000000000000000, 0.000000000000000000, 0.000000000000000000 ) ) ;
#9337 = ORIENTED_EDGE ( 'NONE', *, *, #9583, .F. ) ;
#9338 = CARTESIAN_POINT ( 'NONE',  ( -27.51795447798598460, 37.53953660251080038, 1014.306158709955753 ) ) ;
#9339 = CARTESIAN_POINT ( 'NONE',  ( -9.667713004483877270, -3.740186989310990238E-15, 995.9916601271909258 ) ) ;
#9340 = CARTESIAN_POINT ( 'NONE',  ( -17.91771300448399629, 44.52206366277465577, 988.9916601271910395 ) ) ;
#9341 = CARTESIAN_POINT ( 'NONE',  ( -18.47297981228119212, -28.38264277389120238, 1002.321076745267760 ) ) ;
#9342 = LINE ( 'NONE', #4539, #6560 ) ;
#9343 = CIRCLE ( 'NONE', #556, 2.250000000000001776 ) ;
#9344 = CONICAL_SURFACE ( 'NONE', #4687, 4.250000000000003553, 0.2997760700999771433 ) ;
#9345 = CARTESIAN_POINT ( 'NONE',  ( -21.31771300448400197, 6.316134549268400455, 1000.991660127190926 ) ) ;
#9346 = EDGE_LOOP ( 'NONE', ( #8487, #2994, #3040, #3882 ) ) ;
#9347 = DIRECTION ( 'NONE',  ( -0.2953062708492581456, 0.000000000000000000, -0.9554026409829022848 ) ) ;
#9348 = VERTEX_POINT ( 'NONE', #5295 ) ;
#9349 = LINE ( 'NONE', #1953, #967 ) ;
#9350 = VERTEX_POINT ( 'NONE', #7081 ) ;
#9351 = VECTOR ( 'NONE', #7660, 1000.000000000000227 ) ;
#9352 = ORIENTED_EDGE ( 'NONE', *, *, #84, .F. ) ;
#9353 = VECTOR ( 'NONE', #2972, 1000.000000000000114 ) ;
#9354 = DIRECTION ( 'NONE',  ( -0.000000000000000000, -0.000000000000000000, 1.000000000000000000 ) ) ;
#9355 = DIRECTION ( 'NONE',  ( -0.009981130656292294331, 0.9999501872747572628, 0.000000000000000000 ) ) ;
#9356 = CARTESIAN_POINT ( 'NONE',  ( -25.46244619668694043, -27.52390230869190191, 1001.877320963227476 ) ) ;
#9357 = PLANE ( 'NONE',  #9492 ) ;
#9358 = CARTESIAN_POINT ( 'NONE',  ( -25.97668350408261162, -28.75278688653409986, 1002.780257580042189 ) ) ;
#9359 = AXIS2_PLACEMENT_3D ( 'NONE', #4584, #485, #541 ) ;
#9360 = ADVANCED_FACE ( 'NONE', ( #1192 ), #6820, .T. ) ;
#9361 = EDGE_LOOP ( 'NONE', ( #6378, #365, #7076, #7464 ) ) ;
#9362 = CARTESIAN_POINT ( 'NONE',  ( -18.44770951004822024, -27.58104550195796278, 1001.817617454417586 ) ) ;
#9363 = B_SPLINE_CURVE_WITH_KNOTS ( 'NONE', 3,
 ( #9716, #10398, #7317, #3228, #1461, #3019 ),
 .UNSPECIFIED., .F., .F.,
 ( 4, 2, 4 ),
 ( 0.000000000000000000, 0.5000000000000000000, 1.000000000000000000 ),
 .UNSPECIFIED. ) ;
#9364 = EDGE_LOOP ( 'NONE', ( #4532, #127, #9872, #206 ) ) ;
#9365 = ORIENTED_EDGE ( 'NONE', *, *, #6569, .F. ) ;
#9366 = CARTESIAN_POINT ( 'NONE',  ( -13.27543815452638221, 23.47559772094820119, 988.0916604856245158 ) ) ;
#9367 = CARTESIAN_POINT ( 'NONE',  ( -27.55711274486605689, 16.66518068959695498, 997.4810598675730944 ) ) ;
#9368 = CARTESIAN_POINT ( 'NONE',  ( -30.12913302159264006, 4.136190735689398323, 995.9916601271909258 ) ) ;
#9369 = VECTOR ( 'NONE', #1208, 1000.000000000000000 ) ;
#9370 = FACE_OUTER_BOUND ( 'NONE', #9137, .T. ) ;
#9371 = LINE ( 'NONE', #1971, #5369 ) ;
#9372 = VERTEX_POINT ( 'NONE', #387 ) ;
#9373 = DIRECTION ( 'NONE',  ( -5.634381849972682853E-15, 0.8660254037844432595, -0.4999999999999921729 ) ) ;
#9374 = EDGE_CURVE ( 'NONE', #5920, #2803, #3676, .T. ) ;
#9375 = DIRECTION ( 'NONE',  ( -2.312964634635826675E-15, 0.000000000000000000, -1.000000000000000000 ) ) ;
#9376 = B_SPLINE_CURVE_WITH_KNOTS ( 'NONE', 3,
 ( #3017, #7315, #4790, #10449, #7122, #6408, #10396, #3176 ),
 .UNSPECIFIED., .F., .F.,
 ( 4, 2, 2, 4 ),
 ( 0.000000000000000000, 0.001589350043730667315, 0.002384025065596000973, 0.003178700087461334631 ),
 .UNSPECIFIED. ) ;
#9377 = ORIENTED_EDGE ( 'NONE', *, *, #9881, .T. ) ;
#9378 = CARTESIAN_POINT ( 'NONE',  ( -24.81771300448400197, 2.557757825279101116, 1003.491660127191039 ) ) ;
#9379 = EDGE_CURVE ( 'NONE', #2536, #9068, #1251, .T. ) ;
#9380 = DIRECTION ( 'NONE',  ( -1.000000000000000000, 0.000000000000000000, 0.000000000000000000 ) ) ;
#9381 = CARTESIAN_POINT ( 'NONE',  ( -25.88670740143760796, -27.83364914254590161, 1002.647865515891226 ) ) ;
#9382 = CARTESIAN_POINT ( 'NONE',  ( -30.65445825964872029, 3.877293469403299664, 997.9916601271859236 ) ) ;
#9383 = DIRECTION ( 'NONE',  ( 0.7261534621377979670, 0.6875326533520350614, 0.000000000000000000 ) ) ;
#9384 = ADVANCED_FACE ( 'NONE', ( #5669 ), #10468, .T. ) ;
#9385 = CARTESIAN_POINT ( 'NONE',  ( -25.46244619668694043, -27.15791218717140154, 1001.511275369461487 ) ) ;
#9386 = DIRECTION ( 'NONE',  ( 0.000000000000000000, 0.000000000000000000, 1.000000000000000000 ) ) ;
#9387 =( BOUNDED_CURVE ( )  B_SPLINE_CURVE ( 3, ( #9917, #1919, #10613, #9871 ),
 .UNSPECIFIED., .F., .T. ) 
 B_SPLINE_CURVE_WITH_KNOTS ( ( 4, 4 ),
 ( 0.000000000000000000, 0.3845767000642950073 ),
 .UNSPECIFIED. ) 
 CURVE ( )  GEOMETRIC_REPRESENTATION_ITEM ( )  RATIONAL_B_SPLINE_CURVE ( ( 1.000000000000000000, 0.9877129927213829097, 0.9877129927213829097, 1.000000000000000000 ) ) 
 REPRESENTATION_ITEM ( '' )  );
#9388 = VERTEX_POINT ( 'NONE', #3244 ) ;
#9389 = VERTEX_POINT ( 'NONE', #2437 ) ;
#9390 = VERTEX_POINT ( 'NONE', #10622 ) ;
#9391 = EDGE_LOOP ( 'NONE', ( #3191, #5952, #2342, #9402 ) ) ;
#9392 = CYLINDRICAL_SURFACE ( 'NONE', #5642, 2.249999999999998668 ) ;
#9393 = ORIENTED_EDGE ( 'NONE', *, *, #8436, .F. ) ;
#9394 = DIRECTION ( 'NONE',  ( 1.000000000000000000, 0.000000000000000000, 0.000000000000000000 ) ) ;
#9395 = EDGE_CURVE ( 'NONE', #9283, #7725, #9624, .T. ) ;
#9396 = AXIS2_PLACEMENT_3D ( 'NONE', #6099, #9304, #7719 ) ;
#9397 = DIRECTION ( 'NONE',  ( -0.000000000000000000, -0.000000000000000000, 1.000000000000000000 ) ) ;
#9398 = CARTESIAN_POINT ( 'NONE',  ( -19.25616516646422838, 43.98880080161929840, 990.3301122891969044 ) ) ;
#9399 = DIRECTION ( 'NONE',  ( 0.9408958781808770544, 0.3386959498166992044, 0.000000000000000000 ) ) ;
#9400 = LINE ( 'NONE', #1889, #1043 ) ;
#9401 = CONICAL_SURFACE ( 'NONE', #3532, 5.599999999999999645, 0.7853981633974490562 ) ;
#9402 = ORIENTED_EDGE ( 'NONE', *, *, #6121, .T. ) ;
#9403 = PLANE ( 'NONE',  #8810 ) ;
#9404 = ORIENTED_EDGE ( 'NONE', *, *, #4085, .F. ) ;
#9405 = LINE ( 'NONE', #7766, #5818 ) ;
#9406 = ORIENTED_EDGE ( 'NONE', *, *, #10055, .F. ) ;
#9407 = CARTESIAN_POINT ( 'NONE',  ( -14.95589684934097896, 29.27376033985284209, 990.7034762823340088 ) ) ;
#9408 = CARTESIAN_POINT ( 'NONE',  ( -22.26771300448400126, 0.4755984881292998345, 1000.991660127190926 ) ) ;
#9409 = PLANE ( 'NONE',  #3456 ) ;
#9410 = ADVANCED_FACE ( 'NONE', ( #6522 ), #1425, .T. ) ;
#9411 = ORIENTED_EDGE ( 'NONE', *, *, #6449, .T. ) ;
#9412 = CARTESIAN_POINT ( 'NONE',  ( -25.19884908046308425, 2.557757825279101116, 1003.491660127191039 ) ) ;
#9413 = ORIENTED_EDGE ( 'NONE', *, *, #7731, .T. ) ;
#9414 = VECTOR ( 'NONE', #5349, 1000.000000000000000 ) ;
#9415 = ORIENTED_EDGE ( 'NONE', *, *, #8741, .F. ) ;
#9416 = CYLINDRICAL_SURFACE ( 'NONE', #9911, 1.650000000000000355 ) ;
#9417 = CARTESIAN_POINT ( 'NONE',  ( -22.26771300448400126, -12.47773340385700003, 1000.991660127190926 ) ) ;
#9418 = EDGE_CURVE ( 'NONE', #1749, #6912, #8091, .T. ) ;
#9419 = CARTESIAN_POINT ( 'NONE',  ( -20.06771282526729649, 44.42206330434124339, 987.2916601271911077 ) ) ;
#9420 = LINE ( 'NONE', #4450, #1229 ) ;
#9421 = CIRCLE ( 'NONE', #4923, 0.8000000000000008216 ) ;
#9422 = ORIENTED_EDGE ( 'NONE', *, *, #1979, .T. ) ;
#9423 = CARTESIAN_POINT ( 'NONE',  ( -27.51795447798596683, -1.367299868137410079E-14, 1013.641658718408507 ) ) ;
#9424 = ORIENTED_EDGE ( 'NONE', *, *, #3761, .F. ) ;
#9425 = CARTESIAN_POINT ( 'NONE',  ( -27.26771300448400126, 8.050548831609599887, 999.3931860053573928 ) ) ;
#9426 = ORIENTED_EDGE ( 'NONE', *, *, #6210, .F. ) ;
#9427 = CARTESIAN_POINT ( 'NONE',  ( -19.41771300448399629, 26.21154403037736458, 992.2151043586655987 ) ) ;
#9428 = CONICAL_SURFACE ( 'NONE', #5468, 3.498060944848585763, 0.7853981633972705323 ) ;
#9429 = LINE ( 'NONE', #521, #2162 ) ;
#9430 = DIRECTION ( 'NONE',  ( 0.000000000000000000, 0.000000000000000000, -1.000000000000000000 ) ) ;
#9431 = CARTESIAN_POINT ( 'NONE',  ( -27.35388643095169314, -26.25791218717159836, 1000.991660127190926 ) ) ;
#9432 = CARTESIAN_POINT ( 'NONE',  ( -12.46771300448399344, 38.02206337602792274, 1000.991660127190926 ) ) ;
#9433 = CARTESIAN_POINT ( 'NONE',  ( -25.55220598678951305, -27.65791218717139799, 1002.377300773245906 ) ) ;
#9434 = CARTESIAN_POINT ( 'NONE',  ( -12.31570159385952934, 34.78893442829722460, 983.4916601271910395 ) ) ;
#9435 = ORIENTED_EDGE ( 'NONE', *, *, #2393, .T. ) ;
#9436 = ORIENTED_EDGE ( 'NONE', *, *, #1069, .F. ) ;
#9437 = ADVANCED_FACE ( 'NONE', ( #3889 ), #4102, .T. ) ;
#9438 = CARTESIAN_POINT ( 'NONE',  ( -0.3125657583561781139, 31.31410652428432684, 1016.641658718408394 ) ) ;
#9439 = EDGE_CURVE ( 'NONE', #3896, #6844, #5621, .T. ) ;
#9440 = ORIENTED_EDGE ( 'NONE', *, *, #3902, .T. ) ;
#9441 = CIRCLE ( 'NONE', #7031, 4.999999999999999112 ) ;
#9442 = CARTESIAN_POINT ( 'NONE',  ( -25.11771300448399202, 43.02206366277465577, 993.1916601271910849 ) ) ;
#9443 = DIRECTION ( 'NONE',  ( 0.7071067811865477948, -0.7071067811865472397, 0.000000000000000000 ) ) ;
#9444 = CARTESIAN_POINT ( 'NONE',  ( -18.66943901616623336, 44.32381106100544343, 991.0964929598993649 ) ) ;
#9445 = ADVANCED_FACE ( 'NONE', ( #4905 ), #9027, .F. ) ;
#9446 = DIRECTION ( 'NONE',  ( -0.9999999999999961142, -8.742277697854392730E-08, -0.000000000000000000 ) ) ;
#9447 = CARTESIAN_POINT ( 'NONE',  ( -14.40629298737536068, 4.136190735689398323, 998.0463697365294138 ) ) ;
#9448 = DIRECTION ( 'NONE',  ( 0.000000000000000000, -1.000000000000000000, 0.000000000000000000 ) ) ;
#9449 = PRESENTATION_LAYER_ASSIGNMENT (  '', '', ( #4271 ) ) ;
#9450 = VECTOR ( 'NONE', #10119, 1000.000000000000114 ) ;
#9451 = EDGE_CURVE ( 'NONE', #913, #918, #3993, .T. ) ;
#9452 = ORIENTED_EDGE ( 'NONE', *, *, #7277, .F. ) ;
#9453 = CARTESIAN_POINT ( 'NONE',  ( -13.77991741249630131, 5.459940931106801010, 996.5271940331236920 ) ) ;
#9454 = ORIENTED_EDGE ( 'NONE', *, *, #9661, .F. ) ;
#9455 = ORIENTED_EDGE ( 'NONE', *, *, #6472, .F. ) ;
#9456 = CARTESIAN_POINT ( 'NONE',  ( -25.76407305580577045, -28.38796579023269828, 1001.827579648668006 ) ) ;
#9457 = ORIENTED_EDGE ( 'NONE', *, *, #10102, .T. ) ;
#9458 = CARTESIAN_POINT ( 'NONE',  ( -32.26771300448400126, 8.655756606077503079, 996.5916601271910622 ) ) ;
#9459 = CARTESIAN_POINT ( 'NONE',  ( -8.467713004483993444, 26.58626659614303378, 997.1916601271908576 ) ) ;
#9460 = CARTESIAN_POINT ( 'NONE',  ( -22.26771300448400126, -12.47773340385700003, 995.9916601271909258 ) ) ;
#9461 = CARTESIAN_POINT ( 'NONE',  ( -25.11771300448399202, 26.87539728146671791, 992.6711377175830648 ) ) ;
#9462 = ADVANCED_FACE ( 'NONE', ( #803 ), #755, .F. ) ;
#9463 = ORIENTED_EDGE ( 'NONE', *, *, #8720, .F. ) ;
#9464 = CARTESIAN_POINT ( 'NONE',  ( -19.07297981228107275, -27.52390230862374665, 1001.877320963259194 ) ) ;
#9465 = VECTOR ( 'NONE', #6589, 1000.000000000000000 ) ;
#9466 = VERTEX_POINT ( 'NONE', #8821 ) ;
#9467 = ORIENTED_EDGE ( 'NONE', *, *, #388, .F. ) ;
#9468 = CARTESIAN_POINT ( 'NONE',  ( -25.11771300448399558, 28.65053872178934213, 993.1916601248626648 ) ) ;
#9469 = DIRECTION ( 'NONE',  ( 1.000000000000000000, 0.000000000000000000, 0.000000000000000000 ) ) ;
#9470 = DIRECTION ( 'NONE',  ( -1.000000000000000000, 0.000000000000000000, 0.000000000000000000 ) ) ;
#9471 = DIRECTION ( 'NONE',  ( 0.000000000000000000, 0.000000000000000000, 1.000000000000000000 ) ) ;
#9472 = ORIENTED_EDGE ( 'NONE', *, *, #7578, .T. ) ;
#9473 = DIRECTION ( 'NONE',  ( 3.820974847741005288E-14, 0.000000000000000000, -1.000000000000000000 ) ) ;
#9474 = EDGE_LOOP ( 'NONE', ( #2694, #2762, #638, #3972 ) ) ;
#9475 = DIRECTION ( 'NONE',  ( 0.5754390278118659552, -0.5754390278118659552, -0.5811538957469606359 ) ) ;
#9476 = VECTOR ( 'NONE', #611, 1000.000000000000000 ) ;
#9477 = VERTEX_POINT ( 'NONE', #4711 ) ;
#9478 = DIRECTION ( 'NONE',  ( 0.000000000000000000, 1.000000000000000000, 0.000000000000000000 ) ) ;
#9479 = CARTESIAN_POINT ( 'NONE',  ( -33.71771300448400410, 29.52206337602792630, 987.4916601271910395 ) ) ;
#9480 = CARTESIAN_POINT ( 'NONE',  ( -25.76231279278841058, -26.42932255777569850, 1000.694768656360566 ) ) ;
#9481 = CARTESIAN_POINT ( 'NONE',  ( -26.00174718494416126, -27.99488232026857659, 1002.895356525875172 ) ) ;
#9482 = CARTESIAN_POINT ( 'NONE',  ( -22.26771300448400126, -12.47773340385700003, 999.4916601271909258 ) ) ;
#9483 = CYLINDRICAL_SURFACE ( 'NONE', #10546, 0.7999999999999989342 ) ;
#9484 = CARTESIAN_POINT ( 'NONE',  ( -26.36687459636701902, -28.44704336643510345, 1002.435014724650841 ) ) ;
#9485 = LINE ( 'NONE', #7002, #6755 ) ;
#9486 = VECTOR ( 'NONE', #5265, 1000.000000000000000 ) ;
#9487 = EDGE_CURVE ( 'NONE', #1289, #5578, #8735, .T. ) ;
#9488 = ORIENTED_EDGE ( 'NONE', *, *, #3696, .T. ) ;
#9489 = ORIENTED_EDGE ( 'NONE', *, *, #9517, .T. ) ;
#9490 = CARTESIAN_POINT ( 'NONE',  ( -44.18771300448400297, -10.47773340385700003, 995.9916601271909258 ) ) ;
#9491 = EDGE_LOOP ( 'NONE', ( #1493, #1078, #5226, #6361 ) ) ;
#9492 = AXIS2_PLACEMENT_3D ( 'NONE', #2825, #7084, #441 ) ;
#9493 = CARTESIAN_POINT ( 'NONE',  ( -8.467713004484000550, 44.52206366277465577, 995.9916601271909258 ) ) ;
#9494 = LINE ( 'NONE', #6960, #4594 ) ;
#9495 = CARTESIAN_POINT ( 'NONE',  ( -47.63169946152841305, -7.693689955856863882, 997.9916601271908121 ) ) ;
#9496 = CARTESIAN_POINT ( 'NONE',  ( -18.46771300448399344, 44.52206361032099124, 997.4916601271909258 ) ) ;
#9497 = CARTESIAN_POINT ( 'NONE',  ( -16.49237019068386090, 5.981090094143900693, 998.8717674305812579 ) ) ;
#9498 = CARTESIAN_POINT ( 'NONE',  ( -34.86771300448391742, 0.000000000000000000, 1003.491660127191039 ) ) ;
#9499 = CONICAL_SURFACE ( 'NONE', #2608, 1.049999999999981615, 0.7853981633974659315 ) ;
#9500 = B_SPLINE_CURVE_WITH_KNOTS ( 'NONE', 3,
 ( #5592, #3321, #3168, #827, #3216 ),
 .UNSPECIFIED., .F., .F.,
 ( 4, 1, 4 ),
 ( 0.000000000000000000, 0.4285340129116138042, 1.000000000000000000 ),
 .UNSPECIFIED. ) ;
#9501 = DIRECTION ( 'NONE',  ( -0.5773502691895823213, -0.5773502691897125505, -0.5773502691895823213 ) ) ;
#9502 = VECTOR ( 'NONE', #6304, 1000.000000000000000 ) ;
#9503 = ORIENTED_EDGE ( 'NONE', *, *, #4759, .T. ) ;
#9504 = DIRECTION ( 'NONE',  ( 0.000000000000000000, 0.000000000000000000, 1.000000000000000000 ) ) ;
#9505 = ADVANCED_FACE ( 'NONE', ( #3940 ), #3148, .F. ) ;
#9506 = ORIENTED_EDGE ( 'NONE', *, *, #4207, .F. ) ;
#9507 = CARTESIAN_POINT ( 'NONE',  ( -26.03748062717543021, -28.45850115853700046, 1002.290505754127139 ) ) ;
#9508 = VERTEX_POINT ( 'NONE', #5574 ) ;
#9509 = LINE ( 'NONE', #6970, #9919 ) ;
#9510 = CARTESIAN_POINT ( 'NONE',  ( -17.18153957801630938, -26.25791218717159836, 1000.991660127190926 ) ) ;
#9511 = TOROIDAL_SURFACE ( 'NONE', #8831, 5.098061303281989254, 1.500000000000000000 ) ;
#9512 = ADVANCED_FACE ( 'NONE', ( #4856 ), #9762, .F. ) ;
#9513 = AXIS2_PLACEMENT_3D ( 'NONE', #9694, #5586, #1269 ) ;
#9514 = CARTESIAN_POINT ( 'NONE',  ( -18.47297981228106778, -28.36553131374809666, 1002.895356525875172 ) ) ;
#9515 = CARTESIAN_POINT ( 'NONE',  ( -18.67694679465384411, -28.39337480151126414, 1001.938916410534375 ) ) ;
#9516 = CARTESIAN_POINT ( 'NONE',  ( -21.74542170318311918, 27.57076804207848753, 989.7197055461925856 ) ) ;
#9517 = EDGE_CURVE ( 'NONE', #7572, #2922, #2518, .T. ) ;
#9518 = CARTESIAN_POINT ( 'NONE',  ( 0.000000000000000000, 0.000000000000000000, 995.9916601271909258 ) ) ;
#9519 = ORIENTED_EDGE ( 'NONE', *, *, #4163, .T. ) ;
#9520 = CARTESIAN_POINT ( 'NONE',  ( -12.00044322251352469, 2.769175862903589636, 996.3021091643512364 ) ) ;
#9521 = VECTOR ( 'NONE', #6798, 1000.000000000000114 ) ;
#9522 = VECTOR ( 'NONE', #3161, 1000.000000000000114 ) ;
#9523 = ORIENTED_EDGE ( 'NONE', *, *, #3115, .T. ) ;
#9524 = ORIENTED_EDGE ( 'NONE', *, *, #2624, .F. ) ;
#9525 = CARTESIAN_POINT ( 'NONE',  ( -25.11771300448399558, 28.38560955799334096, 993.1660980603625148 ) ) ;
#9526 = LINE ( 'NONE', #9368, #7252 ) ;
#9527 = EDGE_CURVE ( 'NONE', #9388, #7482, #8723, .T. ) ;
#9528 = VECTOR ( 'NONE', #2898, 1000.000000000000000 ) ;
#9529 = LINE ( 'NONE', #5146, #6425 ) ;
#9530 = CIRCLE ( 'NONE', #10526, 0.5999999999999998668 ) ;
#9531 = DIRECTION ( 'NONE',  ( 0.000000000000000000, 0.000000000000000000, -1.000000000000000000 ) ) ;
#9532 = VERTEX_POINT ( 'NONE', #9779 ) ;
#9533 = CARTESIAN_POINT ( 'NONE',  ( -20.73679023477376404, 6.866160671950028771, 1000.991660127190926 ) ) ;
#9534 = VERTEX_POINT ( 'NONE', #2489 ) ;
#9535 = FACE_OUTER_BOUND ( 'NONE', #8713, .T. ) ;
#9536 = VECTOR ( 'NONE', #10443, 1000.000000000000000 ) ;
#9537 = VERTEX_POINT ( 'NONE', #959 ) ;
#9538 = FACE_OUTER_BOUND ( 'NONE', #10421, .T. ) ;
#9539 = CARTESIAN_POINT ( 'NONE',  ( -24.25202757953476151, 2.792072400329865367, 1003.491660127191039 ) ) ;
#9540 = DIRECTION ( 'NONE',  ( 0.000000000000000000, -1.000000000000000000, 0.000000000000000000 ) ) ;
#9541 = CARTESIAN_POINT ( 'NONE',  ( -18.34260282354361848, -26.87736092320382753, 1001.349090452745600 ) ) ;
#9542 = CARTESIAN_POINT ( 'NONE',  ( -9.667712873349788794, 43.02206437964144925, 995.9916601271909258 ) ) ;
#9543 = DIRECTION ( 'NONE',  ( 0.000000000000000000, -0.000000000000000000, 1.000000000000000000 ) ) ;
#9544 = CARTESIAN_POINT ( 'NONE',  ( -16.81842501921067878, 37.54806902988372030, 1013.641658718408507 ) ) ;
#9545 = B_SPLINE_CURVE_WITH_KNOTS ( 'NONE', 3,
 ( #10578, #10416, #2395, #6318 ),
 .UNSPECIFIED., .F., .F.,
 ( 4, 4 ),
 ( -0.0002621322405283786714, -7.940520097590546278E-08 ),
 .UNSPECIFIED. ) ;
#9546 = CARTESIAN_POINT ( 'NONE',  ( -26.70903802312767894, 15.08874516224480899, 1002.850335108547142 ) ) ;
#9547 = CARTESIAN_POINT ( 'NONE',  ( -18.73260435235800614, 2.767698785255751748, 1003.491660127191039 ) ) ;
#9548 = VERTEX_POINT ( 'NONE', #51 ) ;
#9549 = CARTESIAN_POINT ( 'NONE',  ( -7.062113589690402371, -21.12689883679597003, 999.4916601271909258 ) ) ;
#9550 = VERTEX_POINT ( 'NONE', #4956 ) ;
#9551 = CARTESIAN_POINT ( 'NONE',  ( -15.12629732687091888, 19.82819536793175885, 1002.221312261443359 ) ) ;
#9552 = CARTESIAN_POINT ( 'NONE',  ( -22.26771300448400126, 3.902266596142943911, 995.9916601271909258 ) ) ;
#9553 = CARTESIAN_POINT ( 'NONE',  ( -19.11037444325021539, 43.93704835001747000, 992.3311121557293291 ) ) ;
#9554 = CARTESIAN_POINT ( 'NONE',  ( -29.55473630434992316, -28.25947234005259645, 998.9900999743099419 ) ) ;
#9555 = PLANE ( 'NONE',  #3640 ) ;
#9556 = EDGE_CURVE ( 'NONE', #1774, #8984, #8021, .T. ) ;
#9557 = CARTESIAN_POINT ( 'NONE',  ( -33.71771300448400410, 39.67206337602792132, 1013.641658718408507 ) ) ;
#9558 = DIRECTION ( 'NONE',  ( -0.000000000000000000, -0.000000000000000000, -1.000000000000000000 ) ) ;
#9559 = DIRECTION ( 'NONE',  ( 1.000000000000000000, 0.000000000000000000, 0.000000000000000000 ) ) ;
#9560 = ORIENTED_EDGE ( 'NONE', *, *, #2519, .F. ) ;
#9561 = ORIENTED_EDGE ( 'NONE', *, *, #6530, .T. ) ;
#9562 = CARTESIAN_POINT ( 'NONE',  ( -27.31983903417895831, 3.085766492847714648, 1000.991660127191153 ) ) ;
#9563 = ORIENTED_EDGE ( 'NONE', *, *, #8655, .T. ) ;
#9564 = CARTESIAN_POINT ( 'NONE',  ( -25.82510912266494074, -28.80839711322569840, 1002.502377909778829 ) ) ;
#9565 = VERTEX_POINT ( 'NONE', #3290 ) ;
#9566 = CARTESIAN_POINT ( 'NONE',  ( -26.01771300448400126, -29.25791218717159481, 997.9916601271909258 ) ) ;
#9567 = CARTESIAN_POINT ( 'NONE',  ( -25.21787461532874630, 27.60339869864173679, 983.4916601271910395 ) ) ;
#9568 = CARTESIAN_POINT ( 'NONE',  ( -28.04298166646918133, 5.981206465756798707, 998.8718200309614303 ) ) ;
#9569 = CARTESIAN_POINT ( 'NONE',  ( -18.77181198530691120, -28.38657655506229816, 1001.826262004304112 ) ) ;
#9570 = LINE ( 'NONE', #2930, #9675 ) ;
#9571 = EDGE_CURVE ( 'NONE', #8846, #180, #9754, .T. ) ;
#9572 = MECHANICAL_DESIGN_GEOMETRIC_PRESENTATION_REPRESENTATION (  '', ( #5252 ), #9055 ) ;
#9573 = PLANE ( 'NONE',  #1659 ) ;
#9574 = ORIENTED_EDGE ( 'NONE', *, *, #10485, .T. ) ;
#9575 = CARTESIAN_POINT ( 'NONE',  ( -34.56771264605069405, 27.20758708817062299, 983.4916601271910395 ) ) ;
#9576 = ORIENTED_EDGE ( 'NONE', *, *, #7840, .T. ) ;
#9577 = ORIENTED_EDGE ( 'NONE', *, *, #4352, .T. ) ;
#9578 = ADVANCED_FACE ( 'NONE', ( #6580 ), #3342, .T. ) ;
#9579 = DIRECTION ( 'NONE',  ( -0.000000000000000000, 1.000000000000000000, -0.000000000000000000 ) ) ;
#9580 = AXIS2_PLACEMENT_3D ( 'NONE', #3105, #3306, #8939 ) ;
#9581 = ADVANCED_FACE ( 'NONE', ( #5113 ), #9227, .T. ) ;
#9582 = DIRECTION ( 'NONE',  ( 0.000000000000000000, 0.000000000000000000, 1.000000000000000000 ) ) ;
#9583 = EDGE_CURVE ( 'NONE', #2752, #3013, #3504, .T. ) ;
#9584 = FACE_OUTER_BOUND ( 'NONE', #9293, .T. ) ;
#9585 = DIRECTION ( 'NONE',  ( -1.000000000000000000, -3.868740194890244000E-16, 0.000000000000000000 ) ) ;
#9586 = EDGE_CURVE ( 'NONE', #6299, #3072, #2919, .T. ) ;
#9587 = VECTOR ( 'NONE', #5978, 1000.000000000000000 ) ;
#9588 = EDGE_LOOP ( 'NONE', ( #7698, #2484 ) ) ;
#9589 = DIRECTION ( 'NONE',  ( 0.000000000000000000, 0.000000000000000000, 1.000000000000000000 ) ) ;
#9590 = ORIENTED_EDGE ( 'NONE', *, *, #10482, .T. ) ;
#9591 = EDGE_CURVE ( 'NONE', #3956, #4200, #4365, .T. ) ;
#9592 = CARTESIAN_POINT ( 'NONE',  ( -32.06771300448400552, 29.52206337602792630, 995.9916601271909258 ) ) ;
#9593 = ORIENTED_EDGE ( 'NONE', *, *, #3893, .F. ) ;
#9594 = CARTESIAN_POINT ( 'NONE',  ( -18.57336434912711098, -28.78136517254749904, 1002.895356596181841 ) ) ;
#9595 = DIRECTION ( 'NONE',  ( 0.000000000000000000, 0.000000000000000000, 1.000000000000000000 ) ) ;
#9596 = LINE ( 'NONE', #7111, #1427 ) ;
#9597 = CONICAL_SURFACE ( 'NONE', #632, 5.957202764270475015, 0.7853981633974035370 ) ;
#9598 = PLANE ( 'NONE',  #10003 ) ;
#9599 = FACE_BOUND ( 'NONE', #9318, .T. ) ;
#9600 = DIRECTION ( 'NONE',  ( -0.000000000000000000, 0.000000000000000000, 1.000000000000000000 ) ) ;
#9601 = DIRECTION ( 'NONE',  ( -0.6785983445458459995, -0.2810846377148253361, -0.6785983445458459995 ) ) ;
#9602 = VECTOR ( 'NONE', #7557, 1000.000000000000114 ) ;
#9603 = CARTESIAN_POINT ( 'NONE',  ( -19.07297981228107275, -27.15791218717140154, 1001.511275369461487 ) ) ;
#9604 = PRODUCT_DEFINITION_CONTEXT ( 'detailed design', #8898, 'design' ) ;
#9605 = EDGE_LOOP ( 'NONE', ( #7424, #9082, #4228, #2086 ) ) ;
#9606 = LINE ( 'NONE', #8075, #10455 ) ;
#9607 = EDGE_LOOP ( 'NONE', ( #4039, #3589 ) ) ;
#9608 = ADVANCED_FACE ( 'NONE', ( #6633 ), #6691, .F. ) ;
#9609 = CARTESIAN_POINT ( 'NONE',  ( -24.83948292765298049, 43.17042501778170305, 990.7698902040016264 ) ) ;
#9610 = CARTESIAN_POINT ( 'NONE',  ( -19.31751343112374997, 26.07159310293177157, 984.7680822090978836 ) ) ;
#9611 = DIRECTION ( 'NONE',  ( 0.000000000000000000, 0.000000000000000000, 1.000000000000000000 ) ) ;
#9612 = CARTESIAN_POINT ( 'NONE',  ( -9.667713004484090433, 31.17414358537395103, 1003.491660127191039 ) ) ;
#9613 = AXIS2_PLACEMENT_3D ( 'NONE', #2159, #2372, #2324 ) ;
#9614 = CARTESIAN_POINT ( 'NONE',  ( -33.11771300448398847, 38.02206337602792274, 1000.991660127190926 ) ) ;
#9615 = CARTESIAN_POINT ( 'NONE',  ( -15.67235740304753122, -25.25301208327399749, 997.9965602310886652 ) ) ;
#9616 = DIRECTION ( 'NONE',  ( 0.000000000000000000, 0.000000000000000000, 1.000000000000000000 ) ) ;
#9617 = EDGE_LOOP ( 'NONE', ( #6503, #2734, #10556, #8814, #7900, #1556, #9990, #2903 ) ) ;
#9618 = LINE ( 'NONE', #750, #1018 ) ;
#9619 = AXIS2_PLACEMENT_3D ( 'NONE', #2413, #1647, #6495 ) ;
#9620 = VERTEX_POINT ( 'NONE', #10030 ) ;
#9621 = FACE_OUTER_BOUND ( 'NONE', #8188, .T. ) ;
#9622 = EDGE_CURVE ( 'NONE', #6908, #1346, #2697, .T. ) ;
#9623 = ORIENTED_EDGE ( 'NONE', *, *, #7484, .F. ) ;
#9624 = LINE ( 'NONE', #5517, #3037 ) ;
#9625 = CYLINDRICAL_SURFACE ( 'NONE', #1757, 1.650000000000002132 ) ;
#9626 = CARTESIAN_POINT ( 'NONE',  ( -24.46771282526730218, 26.05339869864173608, 985.0416601271911077 ) ) ;
#9627 = CONICAL_SURFACE ( 'NONE', #6686, 2.998060944848581766, 0.7853981633974244092 ) ;
#9628 = AXIS2_PLACEMENT_3D ( 'NONE', #8171, #9106, #781 ) ;
#9629 = DIRECTION ( 'NONE',  ( -0.6785983445458424468, 0.2810846377147959152, -0.6785983445458615426 ) ) ;
#9630 = ORIENTED_EDGE ( 'NONE', *, *, #6778, .F. ) ;
#9631 = ADVANCED_FACE ( 'NONE', ( #8403 ), #9127, .T. ) ;
#9632 = ORIENTED_EDGE ( 'NONE', *, *, #6532, .T. ) ;
#9633 = ORIENTED_EDGE ( 'NONE', *, *, #5459, .T. ) ;
#9634 = AXIS2_PLACEMENT_3D ( 'NONE', #7735, #7103, #1272 ) ;
#9635 = CYLINDRICAL_SURFACE ( 'NONE', #7841, 1.649999999999998579 ) ;
#9636 = DIRECTION ( 'NONE',  ( -1.000000000000000000, 0.000000000000000000, 0.000000000000000000 ) ) ;
#9637 = DIRECTION ( 'NONE',  ( 0.7071067811865461294, 0.7071067811865489050, 0.000000000000000000 ) ) ;
#9638 = CARTESIAN_POINT ( 'NONE',  ( -19.31771264605058391, 26.01981126762380825, 987.2916601271909940 ) ) ;
#9639 = AXIS2_PLACEMENT_3D ( 'NONE', #5789, #9307, #2724 ) ;
#9640 = EDGE_CURVE ( 'NONE', #1839, #2311, #1823, .T. ) ;
#9641 = ORIENTED_EDGE ( 'NONE', *, *, #5549, .F. ) ;
#9642 = ADVANCED_FACE ( 'NONE', ( #9284 ), #1885, .F. ) ;
#9643 = DIRECTION ( 'NONE',  ( 0.000000000000000000, 0.000000000000000000, 1.000000000000000000 ) ) ;
#9644 = ORIENTED_EDGE ( 'NONE', *, *, #1355, .F. ) ;
#9645 = CARTESIAN_POINT ( 'NONE',  ( -23.50814358024193496, 19.65700091844706776, 1005.216651877659046 ) ) ;
#9646 = EDGE_CURVE ( 'NONE', #2855, #1766, #4308, .T. ) ;
#9647 = ORIENTED_EDGE ( 'NONE', *, *, #3038, .T. ) ;
#9648 = CARTESIAN_POINT ( 'NONE',  ( -18.53324650200581303, -28.65139638116909993, 1002.541577812370292 ) ) ;
#9649 = CARTESIAN_POINT ( 'NONE',  ( -25.70787786986650048, -28.93036412377982103, 1002.895356522482530 ) ) ;
#9650 = DIRECTION ( 'NONE',  ( 2.200518442539934549E-16, 0.7071067811865925368, -0.7071067811865024977 ) ) ;
#9651 = DIRECTION ( 'NONE',  ( 1.000000000000000000, 0.000000000000000000, 0.000000000000000000 ) ) ;
#9652 = DIRECTION ( 'NONE',  ( 0.000000000000000000, 0.000000000000000000, 1.000000000000000000 ) ) ;
#9653 = DIRECTION ( 'NONE',  ( 0.000000000000000000, 0.000000000000000000, 1.000000000000000000 ) ) ;
#9654 = CARTESIAN_POINT ( 'NONE',  ( -9.667713004484090433, 30.57414358537394250, 1016.041658718408485 ) ) ;
#9655 = EDGE_CURVE ( 'NONE', #9548, #3799, #267, .T. ) ;
#9656 = CIRCLE ( 'NONE', #336, 4.250000000000003553 ) ;
#9657 = FACE_OUTER_BOUND ( 'NONE', #971, .T. ) ;
#9658 = VERTEX_POINT ( 'NONE', #234 ) ;
#9659 = CARTESIAN_POINT ( 'NONE',  ( -14.33162674035339457, 30.57414358537394250, 1014.241658718408416 ) ) ;
#9660 = CARTESIAN_POINT ( 'NONE',  ( -24.75647793903301874, 44.37031310361580694, 989.6563869362795458 ) ) ;
#9661 = EDGE_CURVE ( 'NONE', #5515, #3156, #8422, .T. ) ;
#9662 = DIRECTION ( 'NONE',  ( 0.000000000000000000, -1.000000000000000000, 0.000000000000000000 ) ) ;
#9663 = PLANE ( 'NONE',  #1726 ) ;
#9664 = CARTESIAN_POINT ( 'NONE',  ( -15.72688683844009816, 2.127928671020411500, 1000.993492492800328 ) ) ;
#9665 = AXIS2_PLACEMENT_3D ( 'NONE', #7688, #4521, #414 ) ;
#9666 = LINE ( 'NONE', #10402, #21 ) ;
#9667 = EDGE_CURVE ( 'NONE', #4805, #1289, #2615, .T. ) ;
#9668 = CARTESIAN_POINT ( 'NONE',  ( -22.26771300448400126, -11.05791218717159907, 995.9916601271909258 ) ) ;
#9669 = CARTESIAN_POINT ( 'NONE',  ( -46.60862144250199890, -6.984639884534449727, 997.9916601271909258 ) ) ;
#9670 = CARTESIAN_POINT ( 'NONE',  ( -17.24423616589591290, 14.43513144621381628, 997.2151369657791520 ) ) ;
#9671 = ORIENTED_EDGE ( 'NONE', *, *, #211, .F. ) ;
#9672 = ORIENTED_EDGE ( 'NONE', *, *, #10036, .T. ) ;
#9673 = LINE ( 'NONE', #4804, #8613 ) ;
#9674 = EDGE_LOOP ( 'NONE', ( #10198, #8602, #8237, #2299 ) ) ;
#9675 = VECTOR ( 'NONE', #1140, 999.9999999999998863 ) ;
#9676 = ORIENTED_EDGE ( 'NONE', *, *, #6144, .T. ) ;
#9677 = DIRECTION ( 'NONE',  ( 3.750297019834905183E-16, 1.000000000000000000, -0.000000000000000000 ) ) ;
#9678 = ORIENTED_EDGE ( 'NONE', *, *, #3565, .F. ) ;
#9679 = DIRECTION ( 'NONE',  ( 0.000000000000000000, 0.000000000000000000, 1.000000000000000000 ) ) ;
#9680 = CARTESIAN_POINT ( 'NONE',  ( -21.27403484356446128, 7.114941295771398444, 1000.991660127190926 ) ) ;
#9681 = CARTESIAN_POINT ( 'NONE',  ( -27.22496445628571138, 3.357757825279103159, 999.4392894330983381 ) ) ;
#9682 = CARTESIAN_POINT ( 'NONE',  ( -25.11771300448399558, 28.91940829628346776, 993.1916601271910849 ) ) ;
#9683 = VECTOR ( 'NONE', #7635, 1000.000000000000000 ) ;
#9684 = LINE ( 'NONE', #7032, #9252 ) ;
#9685 = VERTEX_POINT ( 'NONE', #928 ) ;
#9686 = CARTESIAN_POINT ( 'NONE',  ( -22.79162296520354758, 27.56968247985068743, 989.7181506077430413 ) ) ;
#9687 = EDGE_LOOP ( 'NONE', ( #178, #8876, #9576, #5868, #1112, #7916, #6365 ) ) ;
#9688 = EDGE_LOOP ( 'NONE', ( #725, #1021, #3781, #6604, #153 ) ) ;
#9689 = VECTOR ( 'NONE', #945, 1000.000000000000114 ) ;
#9690 = AXIS2_PLACEMENT_3D ( 'NONE', #9869, #9915, #9813 ) ;
#9691 = CARTESIAN_POINT ( 'NONE',  ( -32.06771300448400552, 29.52206337602792630, 987.4916601271910395 ) ) ;
#9692 = DIRECTION ( 'NONE',  ( 0.000000000000000000, 0.000000000000000000, 1.000000000000000000 ) ) ;
#9693 = DIRECTION ( 'NONE',  ( -0.000000000000000000, -0.000000000000000000, -1.000000000000000000 ) ) ;
#9694 = CARTESIAN_POINT ( 'NONE',  ( 0.000000000000000000, 44.42206330434124339, 987.2916601271911077 ) ) ;
#9695 = EDGE_CURVE ( 'NONE', #8569, #6375, #1802, .T. ) ;
#9696 = CIRCLE ( 'NONE', #9171, 2.550000000000001155 ) ;
#9697 = CIRCLE ( 'NONE', #2103, 1.650000000000000355 ) ;
#9698 = VERTEX_POINT ( 'NONE', #10105 ) ;
#9699 = CARTESIAN_POINT ( 'NONE',  ( -22.42283622343300564, 28.82248046435862321, 990.4916601271910395 ) ) ;
#9700 = ORIENTED_EDGE ( 'NONE', *, *, #4940, .T. ) ;
#9701 = ORIENTED_EDGE ( 'NONE', *, *, #6238, .T. ) ;
#9702 = CARTESIAN_POINT ( 'NONE',  ( -22.76191131232776144, -29.27785434330530023, 1001.926301551215602 ) ) ;
#9703 = AXIS2_PLACEMENT_3D ( 'NONE', #8392, #38, #9272 ) ;
#9704 = CIRCLE ( 'NONE', #10203, 15.37999999999999901 ) ;
#9705 = CARTESIAN_POINT ( 'NONE',  ( -27.51795447798598815, 37.53953660251080038, 1008.566659422781527 ) ) ;
#9706 = CARTESIAN_POINT ( 'NONE',  ( -18.31735414310849208, -28.40969491320500495, 1002.495844809444293 ) ) ;
#9707 = CARTESIAN_POINT ( 'NONE',  ( -12.46771300448399344, 29.47981022745160828, 999.1916601271910849 ) ) ;
#9708 = FACE_OUTER_BOUND ( 'NONE', #1720, .T. ) ;
#9709 = EDGE_CURVE ( 'NONE', #7738, #7348, #8319, .T. ) ;
#9710 = ADVANCED_FACE ( 'NONE', ( #9094 ), #9202, .T. ) ;
#9711 = ORIENTED_EDGE ( 'NONE', *, *, #2472, .T. ) ;
#9712 = EDGE_CURVE ( 'NONE', #773, #5640, #5242, .T. ) ;
#9713 = ORIENTED_EDGE ( 'NONE', *, *, #3242, .F. ) ;
#9714 = CARTESIAN_POINT ( 'NONE',  ( -22.54459900273282713, 27.87763974395369715, 990.0778207250943979 ) ) ;
#9715 = EDGE_CURVE ( 'NONE', #7572, #447, #7561, .T. ) ;
#9716 = CARTESIAN_POINT ( 'NONE',  ( -23.66271300448400083, -27.77362365159970281, 1000.029303363198892 ) ) ;
#9717 = DIRECTION ( 'NONE',  ( -0.000000000000000000, -0.000000000000000000, 1.000000000000000000 ) ) ;
#9718 = CARTESIAN_POINT ( 'NONE',  ( -18.47297981228107133, -28.12327250201759909, 1003.093769848036914 ) ) ;
#9719 = CARTESIAN_POINT ( 'NONE',  ( -19.61145017899796272, -29.07151458206849881, 1002.075514769582810 ) ) ;
#9720 = CARTESIAN_POINT ( 'NONE',  ( -17.26771300448400126, 13.64413097241205186, 1002.291660127190994 ) ) ;
#9721 = DIRECTION ( 'NONE',  ( -0.8572629619699134729, 0.5148788343237375997, 0.000000000000000000 ) ) ;
#9722 = CARTESIAN_POINT ( 'NONE',  ( -41.63771300448400581, -10.47773340385700003, 1003.391660127191017 ) ) ;
#9723 = ADVANCED_FACE ( 'NONE', ( #1031 ), #177, .T. ) ;
#9724 = DIRECTION ( 'NONE',  ( -0.8219043574876576663, -0.5696255148277687974, 0.000000000000000000 ) ) ;
#9725 = VERTEX_POINT ( 'NONE', #2669 ) ;
#9726 = DIRECTION ( 'NONE',  ( -0.9219182708085965627, -0.1936922184480197595, -0.3354847633827384157 ) ) ;
#9727 = VERTEX_POINT ( 'NONE', #1854 ) ;
#9728 = ORIENTED_EDGE ( 'NONE', *, *, #2339, .T. ) ;
#9729 = CARTESIAN_POINT ( 'NONE',  ( -31.14173553011854523, 3.619120974143301694, 997.0341140498361483 ) ) ;
#9730 = EDGE_CURVE ( 'NONE', #795, #3838, #3524, .T. ) ;
#9731 = ORIENTED_EDGE ( 'NONE', *, *, #746, .T. ) ;
#9732 = CARTESIAN_POINT ( 'NONE',  ( -0.3477130044840029410, -10.47773340385700003, 1004.591660127191176 ) ) ;
#9733 = DIRECTION ( 'NONE',  ( 0.000000000000000000, 0.000000000000000000, -1.000000000000000000 ) ) ;
#9734 = CARTESIAN_POINT ( 'NONE',  ( -21.27403484356446128, 7.114941295771398444, 1003.491660127191039 ) ) ;
#9735 = PLANE ( 'NONE',  #350 ) ;
#9736 = ORIENTED_EDGE ( 'NONE', *, *, #10612, .F. ) ;
#9737 = ORIENTED_EDGE ( 'NONE', *, *, #10527, .F. ) ;
#9738 = EDGE_LOOP ( 'NONE', ( #5237, #4661, #3317, #1881 ) ) ;
#9739 = DIRECTION ( 'NONE',  ( -0.000000000000000000, -0.000000000000000000, 1.000000000000000000 ) ) ;
#9740 = DIRECTION ( 'NONE',  ( -0.9999999999999962252, -8.742277735063197497E-08, -1.213234753641922080E-21 ) ) ;
#9741 = ADVANCED_FACE ( 'NONE', ( #9146 ), #9597, .F. ) ;
#9742 = VECTOR ( 'NONE', #8779, 1000.000000000000000 ) ;
#9743 = FACE_OUTER_BOUND ( 'NONE', #7889, .T. ) ;
#9744 = DIRECTION ( 'NONE',  ( 0.8219043574876573333, 0.5696255148277693525, 0.000000000000000000 ) ) ;
#9745 = ORIENTED_EDGE ( 'NONE', *, *, #8933, .F. ) ;
#9746 = LINE ( 'NONE', #10590, #7044 ) ;
#9747 = EDGE_LOOP ( 'NONE', ( #6152, #8033, #8359, #6576 ) ) ;
#9748 = PRESENTATION_LAYER_ASSIGNMENT (  '', '', ( #5604 ) ) ;
#9749 = ORIENTED_EDGE ( 'NONE', *, *, #7030, .T. ) ;
#9750 = CARTESIAN_POINT ( 'NONE',  ( -20.82366894395072876, -29.10630766603550157, 1001.359019285479576 ) ) ;
#9751 = DIRECTION ( 'NONE',  ( 0.000000000000000000, -1.000000000000000000, 0.000000000000000000 ) ) ;
#9752 = EDGE_CURVE ( 'NONE', #6644, #5515, #8224, .T. ) ;
#9753 = CARTESIAN_POINT ( 'NONE',  ( -26.61771300448399202, 43.02206366277465577, 990.4916601271910395 ) ) ;
#9754 = B_SPLINE_CURVE_WITH_KNOTS ( 'NONE', 3,
 ( #7541, #4205, #906, #2595 ),
 .UNSPECIFIED., .F., .F.,
 ( 4, 4 ),
 ( 0.000000000000000000, 1.000000000000000000 ),
 .UNSPECIFIED. ) ;
#9755 = FACE_OUTER_BOUND ( 'NONE', #5303, .T. ) ;
#9756 = LINE ( 'NONE', #5647, #7423 ) ;
#9757 = CIRCLE ( 'NONE', #3027, 3.598061303281989254 ) ;
#9758 = B_SPLINE_CURVE_WITH_KNOTS ( 'NONE', 3,
 ( #4213, #110, #6700, #9987, #8356, #8470 ),
 .UNSPECIFIED., .F., .F.,
 ( 4, 2, 4 ),
 ( 0.000000000000000000, 0.0003897805999907484891, 0.0007795611999814969781 ),
 .UNSPECIFIED. ) ;
#9759 = CARTESIAN_POINT ( 'NONE',  ( -25.76231279278841058, -28.38647986532109968, 1001.824733954718113 ) ) ;
#9760 = ORIENTED_EDGE ( 'NONE', *, *, #10675, .F. ) ;
#9761 = CARTESIAN_POINT ( 'NONE',  ( -34.56771264605070115, 27.20758708817061589, 987.4916601271910395 ) ) ;
#9762 = CONICAL_SURFACE ( 'NONE', #8184, 1.650000000000000355, 0.7853981633975746224 ) ;
#9763 = CARTESIAN_POINT ( 'NONE',  ( -12.46771300448399344, 39.67206337602792132, 1016.641658718408394 ) ) ;
#9764 = DIRECTION ( 'NONE',  ( 1.000000000000000000, 0.000000000000000000, 0.000000000000000000 ) ) ;
#9765 = CARTESIAN_POINT ( 'NONE',  ( -19.69594308131500426, 43.17042501778040986, 990.7698902040016264 ) ) ;
#9766 = CARTESIAN_POINT ( 'NONE',  ( -14.47254401078926200, 0.7863595768644383588, 1000.991660127201953 ) ) ;
#9767 = LINE ( 'NONE', #6463, #9334 ) ;
#9768 = LINE ( 'NONE', #8916, #9902 ) ;
#9769 = VECTOR ( 'NONE', #4599, 1000.000000000000000 ) ;
#9770 = CARTESIAN_POINT ( 'NONE',  ( -33.71771300448400410, 29.52206337602792630, 995.9916601271909258 ) ) ;
#9771 = EDGE_CURVE ( 'NONE', #4068, #10601, #9684, .T. ) ;
#9772 = ORIENTED_EDGE ( 'NONE', *, *, #2286, .T. ) ;
#9773 = EDGE_CURVE ( 'NONE', #180, #1245, #5631, .T. ) ;
#9774 = ORIENTED_EDGE ( 'NONE', *, *, #6680, .T. ) ;
#9775 = ORIENTED_EDGE ( 'NONE', *, *, #9309, .T. ) ;
#9776 = DIRECTION ( 'NONE',  ( -1.000000000000000000, 0.000000000000000000, 0.000000000000000000 ) ) ;
#9777 = EDGE_CURVE ( 'NONE', #6880, #2680, #6268, .T. ) ;
#9778 = ORIENTED_EDGE ( 'NONE', *, *, #8797, .F. ) ;
#9779 = CARTESIAN_POINT ( 'NONE',  ( -24.26771282526732065, 28.65192683606516866, 983.6916601271909713 ) ) ;
#9780 = CIRCLE ( 'NONE', #2193, 3.498060944848582210 ) ;
#9781 = EDGE_CURVE ( 'NONE', #550, #434, #10514, .T. ) ;
#9782 = CARTESIAN_POINT ( 'NONE',  ( -18.52354784666454535, -28.01682842008649033, 1002.895356525875172 ) ) ;
#9783 = LINE ( 'NONE', #4048, #2112 ) ;
#9784 = EDGE_CURVE ( 'NONE', #6672, #7492, #7143, .T. ) ;
#9785 = AXIS2_PLACEMENT_3D ( 'NONE', #4364, #7641, #257 ) ;
#9786 = ORIENTED_EDGE ( 'NONE', *, *, #4332, .F. ) ;
#9787 = ORIENTED_EDGE ( 'NONE', *, *, #3493, .T. ) ;
#9788 = CARTESIAN_POINT ( 'NONE',  ( -19.41771300448399629, 25.88279618418913230, 991.8050090427345822 ) ) ;
#9789 = PLANE ( 'NONE',  #5004 ) ;
#9790 = VECTOR ( 'NONE', #9312, 1000.000000000000000 ) ;
#9791 = ADVANCED_FACE ( 'NONE', ( #7830, #3895 ), #9573, .F. ) ;
#9792 = CARTESIAN_POINT ( 'NONE',  ( -10.26771300448410429, 43.92206366277464724, 1016.641658718408394 ) ) ;
#9793 = EDGE_CURVE ( 'NONE', #5590, #7806, #6319, .T. ) ;
#9794 = CARTESIAN_POINT ( 'NONE',  ( -17.48264751920339322, 2.767698785255751748, 1000.991660127190926 ) ) ;
#9795 = ORIENTED_EDGE ( 'NONE', *, *, #7704, .F. ) ;
#9796 = CARTESIAN_POINT ( 'NONE',  ( -14.61868806861641268, 20.43529153201059145, 997.1916601271909713 ) ) ;
#9797 = AXIS2_PLACEMENT_3D ( 'NONE', #1075, #6090, #7599 ) ;
#9798 = VERTEX_POINT ( 'NONE', #7192 ) ;
#9799 = VECTOR ( 'NONE', #9677, 1000.000000000000000 ) ;
#9800 = EDGE_LOOP ( 'NONE', ( #6591, #7810, #2807, #9949, #74, #44 ) ) ;
#9801 = CARTESIAN_POINT ( 'NONE',  ( -10.81771300448399309, 29.47981022745160828, 998.5916601271911759 ) ) ;
#9802 =( NAMED_UNIT ( * ) PLANE_ANGLE_UNIT ( ) SI_UNIT ( $, .RADIAN. ) );
#9803 = CARTESIAN_POINT ( 'NONE',  ( -18.47269981262632399, -27.28740561312534751, 1001.586118157288070 ) ) ;
#9804 = CARTESIAN_POINT ( 'NONE',  ( -17.18153957801630227, -26.25791218717159836, 1000.991660127190926 ) ) ;
#9805 = CARTESIAN_POINT ( 'NONE',  ( -19.52858614305863583, 27.67133290545385549, 990.1123809975827044 ) ) ;
#9806 = AXIS2_PLACEMENT_3D ( 'NONE', #9133, #3300, #3351 ) ;
#9807 = ORIENTED_EDGE ( 'NONE', *, *, #4043, .T. ) ;
#9808 = CARTESIAN_POINT ( 'NONE',  ( -30.41771300448401050, 39.67206337602792132, 1003.491660127191039 ) ) ;
#9809 = CARTESIAN_POINT ( 'NONE',  ( -24.86388206244280852, 43.30439106810442951, 990.7454910692713383 ) ) ;
#9810 = DIRECTION ( 'NONE',  ( -0.000000000000000000, -0.000000000000000000, -1.000000000000000000 ) ) ;
#9811 = CARTESIAN_POINT ( 'NONE',  ( -17.69737928753748335, -28.75791218717139941, 1002.435035800164997 ) ) ;
#9812 = CARTESIAN_POINT ( 'NONE',  ( -16.08536243264132537, 2.743850241120453060, 1000.992604815075879 ) ) ;
#9813 = DIRECTION ( 'NONE',  ( 8.742277735063196173E-08, -0.9999999999999961142, 0.000000000000000000 ) ) ;
#9814 = DIRECTION ( 'NONE',  ( 0.000000000000000000, -1.000000000000000000, 0.000000000000000000 ) ) ;
#9815 = EDGE_CURVE ( 'NONE', #1314, #10323, #10440, .T. ) ;
#9816 = LINE ( 'NONE', #9172, #2040 ) ;
#9817 = ORIENTED_EDGE ( 'NONE', *, *, #2906, .F. ) ;
#9818 = ORIENTED_EDGE ( 'NONE', *, *, #780, .T. ) ;
#9819 = ORIENTED_EDGE ( 'NONE', *, *, #6101, .F. ) ;
#9820 = ORIENTED_EDGE ( 'NONE', *, *, #4602, .T. ) ;
#9821 = ORIENTED_EDGE ( 'NONE', *, *, #3041, .T. ) ;
#9822 = DIRECTION ( 'NONE',  ( 0.000000000000000000, 0.7071067811865312525, 0.7071067811865638930 ) ) ;
#9823 = ORIENTED_EDGE ( 'NONE', *, *, #9959, .T. ) ;
#9824 = CIRCLE ( 'NONE', #1716, 3.498060944848582210 ) ;
#9825 = DIRECTION ( 'NONE',  ( -1.000000000000000000, 0.000000000000000000, 0.000000000000000000 ) ) ;
#9826 = DIRECTION ( 'NONE',  ( 1.000000000000000000, 0.000000000000000000, 0.000000000000000000 ) ) ;
#9827 = CARTESIAN_POINT ( 'NONE',  ( -22.26771300448400126, -11.05791218717159907, 1000.991660127190926 ) ) ;
#9828 = B_SPLINE_SURFACE_WITH_KNOTS ( 'NONE', 3, 3, ( 
 ( #9128, #5981, #54, #9983, #1832, #3507 ),
 ( #7596, #5172, #1073, #4370, #3345, #7435 ),
 ( #3453, #10136, #1888, #9229, #4259, #1013 ),
 ( #6851, #264, #7485, #6744, #6635, #4958 ),
 ( #6032, #9341, #10033, #215, #854, #4310 ) ),
 .UNSPECIFIED., .F., .F., .F.,
 ( 4, 1, 4 ),
 ( 4, 2, 4 ),
 ( 0.000000000000000000, 0.5714285714285709528, 1.000000000000000000 ),
 ( -0.04714321944651399948, 0.000000000000000000, 0.0003353714784948589678 ),
 .UNSPECIFIED. ) ;
#9829 = CARTESIAN_POINT ( 'NONE',  ( -12.46771300448399344, 29.47981022745160828, 987.4916601271910395 ) ) ;
#9830 = ADVANCED_FACE ( 'NONE', ( #4716 ), #5409, .F. ) ;
#9831 = CARTESIAN_POINT ( 'NONE',  ( -33.71771300448400410, 39.67206337602792132, 1003.491660127191039 ) ) ;
#9832 = AXIS2_PLACEMENT_3D ( 'NONE', #1220, #8508, #6125 ) ;
#9833 = ORIENTED_EDGE ( 'NONE', *, *, #9527, .T. ) ;
#9834 = EDGE_LOOP ( 'NONE', ( #2359, #4280, #9224, #4092 ) ) ;
#9835 = LINE ( 'NONE', #2448, #10645 ) ;
#9836 = ORIENTED_EDGE ( 'NONE', *, *, #4163, .F. ) ;
#9837 = EDGE_CURVE ( 'NONE', #918, #4580, #8710, .T. ) ;
#9838 = CARTESIAN_POINT ( 'NONE',  ( -28.71577430776599016, 26.01981126762374430, 987.4916601271910395 ) ) ;
#9839 = CARTESIAN_POINT ( 'NONE',  ( -30.19664519261851154, 20.71519878427751493, 997.1916601271908576 ) ) ;
#9840 = CIRCLE ( 'NONE', #9151, 1.500000000000000222 ) ;
#9841 = EDGE_CURVE ( 'NONE', #5918, #3599, #7181, .T. ) ;
#9842 = DIRECTION ( 'NONE',  ( -1.000000000000000000, -0.000000000000000000, -0.000000000000000000 ) ) ;
#9843 = PLANE ( 'NONE',  #425 ) ;
#9844 = CARTESIAN_POINT ( 'NONE',  ( -25.21787461532874630, 27.60339869864173679, 983.4916601271910395 ) ) ;
#9845 = B_SPLINE_CURVE_WITH_KNOTS ( 'NONE', 3,
 ( #10258, #5247, #2017, #5470, #286 ),
 .UNSPECIFIED., .F., .F.,
 ( 4, 1, 4 ),
 ( 0.000000000000000000, 0.5714691979244076458, 1.000000000000000000 ),
 .UNSPECIFIED. ) ;
#9846 = ORIENTED_EDGE ( 'NONE', *, *, #5822, .T. ) ;
#9847 = CARTESIAN_POINT ( 'NONE',  ( -34.76771264605072531, 27.12474437569598962, 987.2916601271911077 ) ) ;
#9848 = CIRCLE ( 'NONE', #7280, 2.250000000000001776 ) ;
#9849 = CONICAL_SURFACE ( 'NONE', #9158, 4.250000000000003553, 0.2997760700999771433 ) ;
#9850 = EDGE_LOOP ( 'NONE', ( #8162, #1067, #4814, #6445, #4366 ) ) ;
#9851 = ORIENTED_EDGE ( 'NONE', *, *, #2667, .F. ) ;
#9852 = CARTESIAN_POINT ( 'NONE',  ( -18.46771307005107587, 44.52206361032098414, 997.4916601271909258 ) ) ;
#9853 = EDGE_CURVE ( 'NONE', #7927, #9255, #1372, .T. ) ;
#9854 = DIRECTION ( 'NONE',  ( 0.000000000000000000, 0.000000000000000000, 1.000000000000000000 ) ) ;
#9855 = AXIS2_PLACEMENT_3D ( 'NONE', #5804, #6727, #2576 ) ;
#9856 = FACE_BOUND ( 'NONE', #752, .T. ) ;
#9857 = VECTOR ( 'NONE', #2469, 999.9999999999998863 ) ;
#9858 = LINE ( 'NONE', #8221, #3140 ) ;
#9859 = ORIENTED_EDGE ( 'NONE', *, *, #3405, .T. ) ;
#9860 = DIRECTION ( 'NONE',  ( -1.000000000000000000, 0.000000000000000000, 0.000000000000000000 ) ) ;
#9861 = CIRCLE ( 'NONE', #5203, 1.550000000000051337 ) ;
#9862 = ORIENTED_EDGE ( 'NONE', *, *, #384, .F. ) ;
#9863 = LINE ( 'NONE', #9058, #6669 ) ;
#9864 = B_SPLINE_CURVE_WITH_KNOTS ( 'NONE', 3,
 ( #5396, #2113, #10347, #8368 ),
 .UNSPECIFIED., .F., .F.,
 ( 4, 4 ),
 ( 0.000000000000000000, 1.000000000000000000 ),
 .UNSPECIFIED. ) ;
#9865 = LINE ( 'NONE', #2477, #5879 ) ;
#9866 = DIRECTION ( 'NONE',  ( 0.000000000000000000, 0.000000000000000000, 1.000000000000000000 ) ) ;
#9867 = CARTESIAN_POINT ( 'NONE',  ( -18.35558718936116307, -27.26734308495019832, 1001.574455327751707 ) ) ;
#9868 = CARTESIAN_POINT ( 'NONE',  ( -27.13254079128220297, -26.19478899773940128, 1001.054783316623229 ) ) ;
#9869 = CARTESIAN_POINT ( 'NONE',  ( -22.26771672401410385, 43.02206327811412478, 997.4916601271909258 ) ) ;
#9870 = AXIS2_PLACEMENT_3D ( 'NONE', #9289, #8463, #5824 ) ;
#9871 = CARTESIAN_POINT ( 'NONE',  ( -26.06266914154691960, -27.27486185344758240, 1001.578796290767627 ) ) ;
#9872 = ORIENTED_EDGE ( 'NONE', *, *, #5422, .T. ) ;
#9873 = ORIENTED_EDGE ( 'NONE', *, *, #5744, .F. ) ;
#9874 = ORIENTED_EDGE ( 'NONE', *, *, #1423, .T. ) ;
#9875 = ORIENTED_EDGE ( 'NONE', *, *, #6665, .T. ) ;
#9876 = VERTEX_POINT ( 'NONE', #262 ) ;
#9877 = CARTESIAN_POINT ( 'NONE',  ( -12.46771300448399344, 38.02206337602792274, 995.9916601271909258 ) ) ;
#9878 = AXIS2_PLACEMENT_3D ( 'NONE', #4234, #9052, #5957 ) ;
#9879 = ORIENTED_EDGE ( 'NONE', *, *, #2646, .T. ) ;
#9880 = DIRECTION ( 'NONE',  ( -0.9999999999999963363, -8.742277697854395377E-08, 0.000000000000000000 ) ) ;
#9881 = EDGE_CURVE ( 'NONE', #22, #7534, #5229, .T. ) ;
#9882 = CARTESIAN_POINT ( 'NONE',  ( 2.073195433533996823, -6.984639884534449727, 995.9916601271909258 ) ) ;
#9883 = CARTESIAN_POINT ( 'NONE',  ( -2.897713004484003818, -10.47773340385700003, 1003.391660127191017 ) ) ;
#9884 = PLANE ( 'NONE',  #1038 ) ;
#9885 = CARTESIAN_POINT ( 'NONE',  ( -15.36094339607847026, 32.14799194502003843, 1003.491660127191039 ) ) ;
#9886 = ORIENTED_EDGE ( 'NONE', *, *, #6901, .F. ) ;
#9887 = CARTESIAN_POINT ( 'NONE',  ( -22.54459900273292661, 27.87763974395334898, 990.0778207250940568 ) ) ;
#9888 = VERTEX_POINT ( 'NONE', #10295 ) ;
#9889 = CARTESIAN_POINT ( 'NONE',  ( -23.21771300448400055, 6.316134549268400455, 1000.991660127190926 ) ) ;
#9890 = EDGE_CURVE ( 'NONE', #8841, #4649, #2860, .T. ) ;
#9891 = DIRECTION ( 'NONE',  ( -1.000000000000000000, 0.000000000000000000, 0.000000000000000000 ) ) ;
#9892 = CARTESIAN_POINT ( 'NONE',  ( -18.46771300448400055, 15.35439068285595710, 995.9916601271909258 ) ) ;
#9893 = LINE ( 'NONE', #2504, #8337 ) ;
#9894 = CARTESIAN_POINT ( 'NONE',  ( -18.61181454077038211, -28.74936277722193978, 1002.895356525875172 ) ) ;
#9895 = ORIENTED_EDGE ( 'NONE', *, *, #4043, .F. ) ;
#9896 = CARTESIAN_POINT ( 'NONE',  ( -22.11771300448399558, 0.000000000000000000, 993.1916601271910849 ) ) ;
#9897 = ORIENTED_EDGE ( 'NONE', *, *, #3050, .F. ) ;
#9898 = ADVANCED_FACE ( 'NONE', ( #10189 ), #4419, .F. ) ;
#9899 = ORIENTED_EDGE ( 'NONE', *, *, #10353, .F. ) ;
#9900 = DIRECTION ( 'NONE',  ( 1.000000000000000000, 0.000000000000000000, -0.000000000000000000 ) ) ;
#9901 = FILL_AREA_STYLE ('',( #4880 ) ) ;
#9902 = VECTOR ( 'NONE', #4746, 1000.000000000000000 ) ;
#9903 = ADVANCED_FACE ( 'NONE', ( #10082 ), #6902, .T. ) ;
#9904 = DIRECTION ( 'NONE',  ( -0.000000000000000000, 0.000000000000000000, 1.000000000000000000 ) ) ;
#9905 = CARTESIAN_POINT ( 'NONE',  ( 2.073195433533996823, -6.984639884534449727, 997.9916601271909258 ) ) ;
#9906 = EDGE_CURVE ( 'NONE', #4619, #3457, #5963, .T. ) ;
#9907 = AXIS2_PLACEMENT_3D ( 'NONE', #3426, #9952, #6057 ) ;
#9908 = CARTESIAN_POINT ( 'NONE',  ( -19.66418466013523769, 26.83324113141374667, 989.3925434551159697 ) ) ;
#9909 = ORIENTED_EDGE ( 'NONE', *, *, #10469, .F. ) ;
#9910 = CARTESIAN_POINT ( 'NONE',  ( -25.66434296045883201, 27.32862599881325139, 983.5105447098953846 ) ) ;
#9911 = AXIS2_PLACEMENT_3D ( 'NONE', #6218, #7095, #10424 ) ;
#9912 = DIRECTION ( 'NONE',  ( -1.000000000000000000, 0.000000000000000000, 0.000000000000000000 ) ) ;
#9913 = CARTESIAN_POINT ( 'NONE',  ( -18.91976568793619151, -27.55019483477169828, 1001.829498419228003 ) ) ;
#9914 = DIRECTION ( 'NONE',  ( -0.000000000000000000, -0.000000000000000000, -1.000000000000000000 ) ) ;
#9915 = DIRECTION ( 'NONE',  ( -0.9999999999999963363, -8.742277697854395377E-08, 0.000000000000000000 ) ) ;
#9916 = EDGE_CURVE ( 'NONE', #8640, #1114, #9421, .T. ) ;
#9917 = CARTESIAN_POINT ( 'NONE',  ( -25.46244619668694043, -27.15791218717140154, 1001.511275369461487 ) ) ;
#9918 = ORIENTED_EDGE ( 'NONE', *, *, #6281, .T. ) ;
#9919 = VECTOR ( 'NONE', #2010, 1000.000000000000000 ) ;
#9920 = ORIENTED_EDGE ( 'NONE', *, *, #6524, .F. ) ;
#9921 = ORIENTED_EDGE ( 'NONE', *, *, #7351, .T. ) ;
#9922 = ORIENTED_EDGE ( 'NONE', *, *, #7200, .T. ) ;
#9923 = CARTESIAN_POINT ( 'NONE',  ( -19.41771300448399984, 26.21453218671245722, 992.2179438608027340 ) ) ;
#9924 = ORIENTED_EDGE ( 'NONE', *, *, #2339, .F. ) ;
#9925 = CARTESIAN_POINT ( 'NONE',  ( -32.06771300448400552, 38.02206337602792274, 1003.491660127191039 ) ) ;
#9926 = CARTESIAN_POINT ( 'NONE',  ( -18.47297981228107133, -27.65791218717139799, 1000.991660127190926 ) ) ;
#9927 = DIRECTION ( 'NONE',  ( 1.000000000000000000, -0.000000000000000000, 0.000000000000000000 ) ) ;
#9928 = VECTOR ( 'NONE', #8748, 1000.000000000000227 ) ;
#9929 = DIRECTION ( 'NONE',  ( 1.000000000000000000, 0.000000000000000000, 0.000000000000000000 ) ) ;
#9930 = EDGE_CURVE ( 'NONE', #7458, #1839, #9494, .T. ) ;
#9931 = VERTEX_POINT ( 'NONE', #6138 ) ;
#9932 = CARTESIAN_POINT ( 'NONE',  ( -22.41771300448399629, 28.91940829628346776, 993.1916601271910849 ) ) ;
#9933 = AXIS2_PLACEMENT_3D ( 'NONE', #7320, #742, #5753 ) ;
#9934 = ORIENTED_EDGE ( 'NONE', *, *, #4837, .F. ) ;
#9935 = ORIENTED_EDGE ( 'NONE', *, *, #10404, .T. ) ;
#9936 = CARTESIAN_POINT ( 'NONE',  ( -28.18905988234177329, 31.59893860869147275, 983.7916601271909940 ) ) ;
#9937 = DIRECTION ( 'NONE',  ( -1.000000000000000000, 0.000000000000000000, 0.000000000000000000 ) ) ;
#9938 = DIRECTION ( 'NONE',  ( -1.000000000000000000, 0.000000000000000000, 0.000000000000000000 ) ) ;
#9939 = LINE ( 'NONE', #7499, #9602 ) ;
#9940 = CARTESIAN_POINT ( 'NONE',  ( -18.46771293891691101, 43.02206361032100546, 995.9916601271909258 ) ) ;
#9941 = DIRECTION ( 'NONE',  ( 1.000000000000000000, 0.000000000000000000, 0.000000000000000000 ) ) ;
#9942 = AXIS2_PLACEMENT_3D ( 'NONE', #996, #5911, #9011 ) ;
#9943 = CARTESIAN_POINT ( 'NONE',  ( -30.12913302159264006, 4.136190735689398323, 998.0463697365294138 ) ) ;
#9944 = EDGE_CURVE ( 'NONE', #4710, #7848, #3189, .T. ) ;
#9945 = ADVANCED_FACE ( 'NONE', ( #2053 ), #5390, .T. ) ;
#9946 = ORIENTED_EDGE ( 'NONE', *, *, #10553, .T. ) ;
#9947 = LINE ( 'NONE', #5038, #6526 ) ;
#9948 = ORIENTED_EDGE ( 'NONE', *, *, #9730, .F. ) ;
#9949 = ORIENTED_EDGE ( 'NONE', *, *, #5208, .F. ) ;
#9950 = AXIS2_PLACEMENT_3D ( 'NONE', #1277, #5261, #1871 ) ;
#9951 = PLANE ( 'NONE',  #7199 ) ;
#9952 = DIRECTION ( 'NONE',  ( -0.000000000000000000, -0.000000000000000000, 1.000000000000000000 ) ) ;
#9953 = DIRECTION ( 'NONE',  ( -1.000000000000000000, 0.000000000000000000, 0.000000000000000000 ) ) ;
#9954 = ADVANCED_FACE ( 'NONE', ( #7645 ), #10242, .T. ) ;
#9955 = CARTESIAN_POINT ( 'NONE',  ( -32.06771300448400552, 29.52206337602792630, 995.9916601271909258 ) ) ;
#9956 = EDGE_CURVE ( 'NONE', #10589, #6420, #5335, .T. ) ;
#9957 = AXIS2_PLACEMENT_3D ( 'NONE', #8583, #2058, #8638 ) ;
#9958 = AXIS2_PLACEMENT_3D ( 'NONE', #7136, #4854, #7287 ) ;
#9959 = EDGE_CURVE ( 'NONE', #6419, #10080, #371, .T. ) ;
#9960 = ORIENTED_EDGE ( 'NONE', *, *, #9815, .F. ) ;
#9961 = CARTESIAN_POINT ( 'NONE',  ( -19.36338772725933310, 25.39331980897311780, 990.3850701374228720 ) ) ;
#9962 = ORIENTED_EDGE ( 'NONE', *, *, #6740, .F. ) ;
#9963 = CARTESIAN_POINT ( 'NONE',  ( -19.07297981228107275, -27.65791218717139799, 1002.377300773245906 ) ) ;
#9964 = CARTESIAN_POINT ( 'NONE',  ( 3.300357742752274781, -10.14488023348875956, 999.8900524785391326 ) ) ;
#9965 = CARTESIAN_POINT ( 'NONE',  ( -30.41771300448400694, 29.52206337602792630, 983.6916601271909713 ) ) ;
#9966 = CARTESIAN_POINT ( 'NONE',  ( -18.43838361297421358, -28.26267200689670034, 1002.853564955441925 ) ) ;
#9967 = CARTESIAN_POINT ( 'NONE',  ( -25.50575146264257143, -27.93311744821629716, 1001.046666208145439 ) ) ;
#9968 = ADVANCED_FACE ( 'NONE', ( #7813 ), #6849, .T. ) ;
#9969 = DIRECTION ( 'NONE',  ( -0.000000000000000000, -0.000000000000000000, 1.000000000000000000 ) ) ;
#9970 = FACE_OUTER_BOUND ( 'NONE', #3226, .T. ) ;
#9971 = AXIS2_PLACEMENT_3D ( 'NONE', #1750, #7564, #4334 ) ;
#9972 = ORIENTED_EDGE ( 'NONE', *, *, #1762, .F. ) ;
#9973 = ORIENTED_EDGE ( 'NONE', *, *, #4940, .F. ) ;
#9974 = ORIENTED_EDGE ( 'NONE', *, *, #7682, .T. ) ;
#9975 = ORIENTED_EDGE ( 'NONE', *, *, #2100, .F. ) ;
#9976 = VERTEX_POINT ( 'NONE', #1120 ) ;
#9977 = CARTESIAN_POINT ( 'NONE',  ( -20.87271300448400169, -28.70124835607409963, 1001.016680275972590 ) ) ;
#9978 = EDGE_CURVE ( 'NONE', #9348, #7494, #8029, .T. ) ;
#9979 = EDGE_LOOP ( 'NONE', ( #2830, #3477, #4101, #1131 ) ) ;
#9980 = CARTESIAN_POINT ( 'NONE',  ( -20.26771282526732421, -29.28509524987408952, 986.5916604856245158 ) ) ;
#9981 = EDGE_CURVE ( 'NONE', #2905, #3028, #1292, .T. ) ;
#9982 = CARTESIAN_POINT ( 'NONE',  ( -26.06244619491751635, -28.45618954429543734, 1002.590316984224955 ) ) ;
#9983 = CARTESIAN_POINT ( 'NONE',  ( -18.77212349248706857, -28.38914100974229626, 1001.827394327589218 ) ) ;
#9984 = CARTESIAN_POINT ( 'NONE',  ( -31.08438014074486588, 27.23323747894999869, 1007.274992990929718 ) ) ;
#9985 = DIRECTION ( 'NONE',  ( 1.000000000000000000, 0.000000000000000000, 0.000000000000000000 ) ) ;
#9986 = ORIENTED_EDGE ( 'NONE', *, *, #1187, .T. ) ;
#9987 = CARTESIAN_POINT ( 'NONE',  ( -25.13516616042768703, 25.50437485061780407, 988.1090404783833492 ) ) ;
#9988 = ORIENTED_EDGE ( 'NONE', *, *, #9944, .T. ) ;
#9989 = CARTESIAN_POINT ( 'NONE',  ( -22.10675075083101149, 28.72703897064589640, 990.4823859149076952 ) ) ;
#9990 = ORIENTED_EDGE ( 'NONE', *, *, #10560, .F. ) ;
#9991 = DIRECTION ( 'NONE',  ( -0.7071067811865489050, 0.7071067811865461294, 0.000000000000000000 ) ) ;
#9992 = CARTESIAN_POINT ( 'NONE',  ( -29.65392402543780292, 20.13927635356386503, 1002.268183288602927 ) ) ;
#9993 = CARTESIAN_POINT ( 'NONE',  ( 0.000000000000000000, 44.52206366277465577, 1003.491660127191039 ) ) ;
#9994 = DIRECTION ( 'NONE',  ( 0.000000000000000000, 0.000000000000000000, -1.000000000000000000 ) ) ;
#9995 = CARTESIAN_POINT ( 'NONE',  ( -34.86771300448391742, 0.000000000000000000, 1013.641658718408507 ) ) ;
#9996 = DIRECTION ( 'NONE',  ( 0.000000000000000000, 0.000000000000000000, 1.000000000000000000 ) ) ;
#9997 = AXIS2_PLACEMENT_3D ( 'NONE', #10124, #2636, #6835 ) ;
#9998 = CARTESIAN_POINT ( 'NONE',  ( -12.46771300448399344, 29.47981022745160828, 998.5916601271911759 ) ) ;
#9999 = ORIENTED_EDGE ( 'NONE', *, *, #4502, .F. ) ;
#10000 = LINE ( 'NONE', #3473, #7218 ) ;
#10001 = ORIENTED_EDGE ( 'NONE', *, *, #7705, .T. ) ;
#10002 = EDGE_LOOP ( 'NONE', ( #9489, #548, #7006, #1569 ) ) ;
#10003 = AXIS2_PLACEMENT_3D ( 'NONE', #6344, #5835, #7612 ) ;
#10004 = DIRECTION ( 'NONE',  ( 1.000000000000000000, 0.000000000000000000, 0.000000000000000000 ) ) ;
#10005 = DIRECTION ( 'NONE',  ( -0.000000000000000000, -0.000000000000000000, 1.000000000000000000 ) ) ;
#10006 = EDGE_CURVE ( 'NONE', #3285, #9085, #5979, .T. ) ;
#10007 = LINE ( 'NONE', #5905, #4359 ) ;
#10008 = DIRECTION ( 'NONE',  ( -1.000000000000000000, 0.000000000000000000, 0.000000000000000000 ) ) ;
#10009 = VECTOR ( 'NONE', #816, 1000.000000000000000 ) ;
#10010 = VECTOR ( 'NONE', #7756, 1000.000000000000000 ) ;
#10011 = CARTESIAN_POINT ( 'NONE',  ( -19.65728796593308303, 26.72318704968008518, 988.9916601271912668 ) ) ;
#10012 = ORIENTED_EDGE ( 'NONE', *, *, #1351, .T. ) ;
#10013 = DIRECTION ( 'NONE',  ( -0.5773502691896859051, 0.5773502691896157391, -0.5773502691895757710 ) ) ;
#10014 = AXIS2_PLACEMENT_3D ( 'NONE', #4404, #9380, #2895 ) ;
#10015 = CARTESIAN_POINT ( 'NONE',  ( -31.01771300448402613, 38.02206337602792274, 1000.991660127190926 ) ) ;
#10016 = LINE ( 'NONE', #36, #8917 ) ;
#10017 = CARTESIAN_POINT ( 'NONE',  ( -32.06771300448400552, 38.02206337602792274, 999.7916601271908803 ) ) ;
#10018 = EDGE_CURVE ( 'NONE', #7956, #5270, #3728, .T. ) ;
#10019 = CARTESIAN_POINT ( 'NONE',  ( -23.66271300448400083, -28.05789265480460060, 999.1916796595579626 ) ) ;
#10020 = DIRECTION ( 'NONE',  ( -0.7071067811866339481, 0.000000000000000000, -0.7071067811864611974 ) ) ;
#10021 = ADVANCED_FACE ( 'NONE', ( #3180 ), #5558, .F. ) ;
#10022 = VECTOR ( 'NONE', #1694, 1000.000000000000000 ) ;
#10023 = ORIENTED_EDGE ( 'NONE', *, *, #4154, .F. ) ;
#10024 = ORIENTED_EDGE ( 'NONE', *, *, #6974, .T. ) ;
#10025 = EDGE_LOOP ( 'NONE', ( #294, #8910, #5600, #10066, #8983 ) ) ;
#10026 = EDGE_LOOP ( 'NONE', ( #2887, #10408, #8489, #2691 ) ) ;
#10027 = EDGE_CURVE ( 'NONE', #1673, #9477, #6306, .T. ) ;
#10028 = LINE ( 'NONE', #4305, #4600 ) ;
#10029 = ORIENTED_EDGE ( 'NONE', *, *, #9309, .F. ) ;
#10030 = CARTESIAN_POINT ( 'NONE',  ( -19.33657692850491827, 2.557757825279101116, 1003.491660127191039 ) ) ;
#10031 = CARTESIAN_POINT ( 'NONE',  ( -18.46771287334982858, 43.02206361032100546, 995.9916601271909258 ) ) ;
#10032 = AXIS2_PLACEMENT_3D ( 'NONE', #2796, #6181, #3703 ) ;
#10033 = CARTESIAN_POINT ( 'NONE',  ( -18.58766169449900119, -28.39977065731019579, 1002.044955583160800 ) ) ;
#10034 = LINE ( 'NONE', #9984, #2085 ) ;
#10035 = CARTESIAN_POINT ( 'NONE',  ( -48.42013228982915507, -10.09156376103353381, 995.9916601271909258 ) ) ;
#10036 = EDGE_CURVE ( 'NONE', #629, #7842, #641, .T. ) ;
#10037 = CIRCLE ( 'NONE', #10383, 1.850000000000025180 ) ;
#10038 = ORIENTED_EDGE ( 'NONE', *, *, #5996, .F. ) ;
#10039 = CARTESIAN_POINT ( 'NONE',  ( -22.09279140372131067, 28.53907174376415057, 990.4460429283363965 ) ) ;
#10040 = ORIENTED_EDGE ( 'NONE', *, *, #8496, .F. ) ;
#10041 = ORIENTED_EDGE ( 'NONE', *, *, #8942, .T. ) ;
#10042 = CARTESIAN_POINT ( 'NONE',  ( -24.05210591623227856, 26.93025679144951923, 988.1108716305014923 ) ) ;
#10043 = FACE_OUTER_BOUND ( 'NONE', #6490, .T. ) ;
#10044 = FACE_OUTER_BOUND ( 'NONE', #1232, .T. ) ;
#10045 = CARTESIAN_POINT ( 'NONE',  ( -34.51797581828800077, 27.22818875677933903, 987.7419232994283220 ) ) ;
#10046 = CARTESIAN_POINT ( 'NONE',  ( -12.46771300448399344, 38.02206337602792274, 1000.391660127190903 ) ) ;
#10047 = CARTESIAN_POINT ( 'NONE',  ( -15.43333526551773183, -26.25994783473700167, 996.9896244796256042 ) ) ;
#10048 = CARTESIAN_POINT ( 'NONE',  ( -14.11771300448399380, 36.37206337602792416, 1016.641658718408394 ) ) ;
#10049 = CARTESIAN_POINT ( 'NONE',  ( -23.17847509736500911, 32.83282575565592509, 998.8808976758739391 ) ) ;
#10050 = EDGE_CURVE ( 'NONE', #3612, #2752, #8552, .T. ) ;
#10051 = ORIENTED_EDGE ( 'NONE', *, *, #2754, .T. ) ;
#10052 = DIRECTION ( 'NONE',  ( -0.7071067811865462405, 0.7071067811865489050, 0.000000000000000000 ) ) ;
#10053 = ORIENTED_EDGE ( 'NONE', *, *, #3539, .T. ) ;
#10054 = VERTEX_POINT ( 'NONE', #1462 ) ;
#10055 = EDGE_CURVE ( 'NONE', #4688, #6375, #4072, .T. ) ;
#10056 = DIRECTION ( 'NONE',  ( 0.000000000000000000, 0.000000000000000000, 1.000000000000000000 ) ) ;
#10057 = FACE_OUTER_BOUND ( 'NONE', #1739, .T. ) ;
#10058 = FACE_OUTER_BOUND ( 'NONE', #677, .T. ) ;
#10059 = CARTESIAN_POINT ( 'NONE',  ( -17.62365759126106113, -26.18667941405199784, 1001.172593144579650 ) ) ;
#10060 = ORIENTED_EDGE ( 'NONE', *, *, #4311, .T. ) ;
#10061 =( BOUNDED_CURVE ( )  B_SPLINE_CURVE ( 2, ( #4258, #7542, #157 ),
 .UNSPECIFIED., .F., .F. ) 
 B_SPLINE_CURVE_WITH_KNOTS ( ( 3, 3 ),
 ( 0.8467790710557160372, 0.8665809324714629502 ),
 .UNSPECIFIED. ) 
 CURVE ( )  GEOMETRIC_REPRESENTATION_ITEM ( )  RATIONAL_B_SPLINE_CURVE ( ( 1.014428647593149879, 1.007383030186369988, 1.000000000000000000 ) ) 
 REPRESENTATION_ITEM ( '' )  );
#10062 = AXIS2_PLACEMENT_3D ( 'NONE', #624, #7948, #3209 ) ;
#10063 = EDGE_CURVE ( 'NONE', #7137, #5973, #3875, .T. ) ;
#10064 = FACE_OUTER_BOUND ( 'NONE', #6606, .T. ) ;
#10065 = EDGE_CURVE ( 'NONE', #6926, #5734, #3043, .T. ) ;
#10066 = ORIENTED_EDGE ( 'NONE', *, *, #10091, .F. ) ;
#10067 = DIRECTION ( 'NONE',  ( 0.9999999999999962252, 8.742277697854394053E-08, -0.000000000000000000 ) ) ;
#10068 = CARTESIAN_POINT ( 'NONE',  ( -26.06244619668694185, -28.36553131374809666, 1004.591660127191176 ) ) ;
#10069 = CARTESIAN_POINT ( 'NONE',  ( -27.82932033136265204, 32.13992645464382747, 983.4916601271910395 ) ) ;
#10070 = FACE_OUTER_BOUND ( 'NONE', #10240, .T. ) ;
#10071 = CARTESIAN_POINT ( 'NONE',  ( -25.48108701532857268, -27.55405514002930190, 1000.690212590207693 ) ) ;
#10072 = CARTESIAN_POINT ( 'NONE',  ( -9.767713004483921324, 44.42206330434124339, 983.6916601271909713 ) ) ;
#10073 = AXIS2_PLACEMENT_3D ( 'NONE', #9101, #9049, #6393 ) ;
#10074 = EDGE_CURVE ( 'NONE', #9931, #2445, #6439, .T. ) ;
#10075 = ORIENTED_EDGE ( 'NONE', *, *, #2959, .F. ) ;
#10076 = VERTEX_POINT ( 'NONE', #1559 ) ;
#10077 = ORIENTED_EDGE ( 'NONE', *, *, #10595, .F. ) ;
#10078 = ORIENTED_EDGE ( 'NONE', *, *, #175, .T. ) ;
#10079 = LINE ( 'NONE', #9179, #6148 ) ;
#10080 = VERTEX_POINT ( 'NONE', #9552 ) ;
#10081 = CARTESIAN_POINT ( 'NONE',  ( -3.892195066746782395, -3.892195066746769072, 995.9916601271909258 ) ) ;
#10082 = FACE_OUTER_BOUND ( 'NONE', #10368, .T. ) ;
#10083 = PLANE ( 'NONE',  #2251 ) ;
#10084 = CARTESIAN_POINT ( 'NONE',  ( -18.52354784666454535, -28.01682842008649033, 1002.895356525875172 ) ) ;
#10085 = CARTESIAN_POINT ( 'NONE',  ( -32.33715901253453495, 34.84736959455016603, 983.7916601271909940 ) ) ;
#10086 = EDGE_CURVE ( 'NONE', #1722, #2672, #8023, .T. ) ;
#10087 = VECTOR ( 'NONE', #656, 1000.000000000000114 ) ;
#10088 = FILL_AREA_STYLE ('',( #6906 ) ) ;
#10089 = ORIENTED_EDGE ( 'NONE', *, *, #7086, .F. ) ;
#10090 = CARTESIAN_POINT ( 'NONE',  ( -23.45377336322338024, 27.22050958877566629, 989.0593242580481501 ) ) ;
#10091 = EDGE_CURVE ( 'NONE', #1683, #1403, #107, .T. ) ;
#10092 = ORIENTED_EDGE ( 'NONE', *, *, #2764, .F. ) ;
#10093 = CARTESIAN_POINT ( 'NONE',  ( -25.15112522412937324, 25.52601628924913868, 990.9029654275551593 ) ) ;
#10094 = VERTEX_POINT ( 'NONE', #1409 ) ;
#10095 = ORIENTED_EDGE ( 'NONE', *, *, #7030, .F. ) ;
#10096 = DIRECTION ( 'NONE',  ( 0.000000000000000000, 0.000000000000000000, 1.000000000000000000 ) ) ;
#10097 = AXIS2_PLACEMENT_3D ( 'NONE', #610, #3093, #10575 ) ;
#10098 = CARTESIAN_POINT ( 'NONE',  ( -34.86771300448413768, 0.4755984881292998345, 995.9916601271909258 ) ) ;
#10099 = CARTESIAN_POINT ( 'NONE',  ( -11.41771300448401405, 29.47981022745160828, 997.9916601271910395 ) ) ;
#10100 = CARTESIAN_POINT ( 'NONE',  ( -26.06450684761741599, -27.40032349027191216, 1001.654052276698394 ) ) ;
#10101 = CARTESIAN_POINT ( 'NONE',  ( -31.01771300448403323, 29.52206337602792630, 997.9916601271910395 ) ) ;
#10102 = EDGE_CURVE ( 'NONE', #8239, #9297, #1307, .T. ) ;
#10103 = LINE ( 'NONE', #9557, #6453 ) ;
#10104 = DIRECTION ( 'NONE',  ( 0.000000000000000000, 0.000000000000000000, 1.000000000000000000 ) ) ;
#10105 = CARTESIAN_POINT ( 'NONE',  ( -15.92328333483325054, -24.25791218717159836, 998.9916601271910395 ) ) ;
#10106 = ORIENTED_EDGE ( 'NONE', *, *, #3817, .T. ) ;
#10107 = CARTESIAN_POINT ( 'NONE',  ( -43.49175202055243972, -6.304074144133612556, 999.2077485287273930 ) ) ;
#10108 = VERTEX_POINT ( 'NONE', #4794 ) ;
#10109 = EDGE_LOOP ( 'NONE', ( #5791, #98, #7381, #9306, #1445, #10501, #10542 ) ) ;
#10110 = CARTESIAN_POINT ( 'NONE',  ( -30.11795385680410675, 30.41657034268903459, 1004.091660127190949 ) ) ;
#10111 = ADVANCED_FACE ( 'NONE', ( #8077 ), #3977, .F. ) ;
#10112 = VECTOR ( 'NONE', #210, 1000.000000000000000 ) ;
#10113 = EDGE_CURVE ( 'NONE', #4432, #6255, #10016, .T. ) ;
#10114 = VECTOR ( 'NONE', #9810, 1000.000000000000000 ) ;
#10115 = DIRECTION ( 'NONE',  ( 3.868740194890244000E-16, -1.000000000000000000, 0.000000000000000000 ) ) ;
#10116 = CARTESIAN_POINT ( 'NONE',  ( -20.01774353487479274, -27.93447923985580061, 999.3150930745068763 ) ) ;
#10117 = ORIENTED_EDGE ( 'NONE', *, *, #4631, .F. ) ;
#10118 = AXIS2_PLACEMENT_3D ( 'NONE', #2832, #1039, #1147 ) ;
#10119 = DIRECTION ( 'NONE',  ( -0.09832490810080235510, -0.9951543661397304064, 0.000000000000000000 ) ) ;
#10120 = EDGE_LOOP ( 'NONE', ( #9851, #7234, #7477, #2705 ) ) ;
#10121 = CARTESIAN_POINT ( 'NONE',  ( -22.11771300448399558, 28.91940829628347132, 990.4916601271910395 ) ) ;
#10122 = LINE ( 'NONE', #247, #6917 ) ;
#10123 = CARTESIAN_POINT ( 'NONE',  ( -18.04519105283546665, -26.55522650285489661, 1001.163330899551283 ) ) ;
#10124 = CARTESIAN_POINT ( 'NONE',  ( -12.46771300448399344, 29.47981022745160828, 997.9916601271910395 ) ) ;
#10125 = CARTESIAN_POINT ( 'NONE',  ( -21.31771300448400197, 6.316134549268400455, 995.9916601271909258 ) ) ;
#10126 = VECTOR ( 'NONE', #7182, 1000.000000000000000 ) ;
#10127 = CARTESIAN_POINT ( 'NONE',  ( -27.06244619668694185, -28.39887302676109826, 1002.227744444252494 ) ) ;
#10128 = CARTESIAN_POINT ( 'NONE',  ( -0.3477130044840029410, -10.47773340385700003, 1004.591660127191176 ) ) ;
#10129 = ORIENTED_EDGE ( 'NONE', *, *, #8176, .T. ) ;
#10130 = ORIENTED_EDGE ( 'NONE', *, *, #1598, .T. ) ;
#10131 = CARTESIAN_POINT ( 'NONE',  ( -20.82366503543896386, -29.10637976269680394, 1001.358977568711680 ) ) ;
#10132 = ORIENTED_EDGE ( 'NONE', *, *, #6853, .T. ) ;
#10133 = LINE ( 'NONE', #1291, #5544 ) ;
#10134 = CARTESIAN_POINT ( 'NONE',  ( -24.26771282526732421, -29.28509524987408952, 983.6916601271909713 ) ) ;
#10135 = DIRECTION ( 'NONE',  ( -0.000000000000000000, -0.000000000000000000, 1.000000000000000000 ) ) ;
#10136 = CARTESIAN_POINT ( 'NONE',  ( -18.54887565709401187, -28.56550479753239813, 1002.257346066649120 ) ) ;
#10137 = DIRECTION ( 'NONE',  ( 1.000000000000000000, 0.000000000000000000, 0.000000000000000000 ) ) ;
#10138 = ADVANCED_FACE ( 'NONE', ( #947 ), #4888, .T. ) ;
#10139 = VECTOR ( 'NONE', #4862, 1000.000000000000114 ) ;
#10140 = DIRECTION ( 'NONE',  ( 1.005631396298194425E-16, 1.000000000000000000, 0.000000000000000000 ) ) ;
#10141 = ORIENTED_EDGE ( 'NONE', *, *, #10162, .F. ) ;
#10142 = CARTESIAN_POINT ( 'NONE',  ( -26.06244619668694540, -28.19899896937253914, 1003.105828522055731 ) ) ;
#10143 = VERTEX_POINT ( 'NONE', #10604 ) ;
#10144 = FACE_OUTER_BOUND ( 'NONE', #2169, .T. ) ;
#10145 = EDGE_LOOP ( 'NONE', ( #419, #8187, #10372, #7380 ) ) ;
#10146 = ORIENTED_EDGE ( 'NONE', *, *, #6187, .T. ) ;
#10147 = CARTESIAN_POINT ( 'NONE',  ( -24.44349687372670132, 26.61676112480033751, 988.1529902765814768 ) ) ;
#10148 = CARTESIAN_POINT ( 'NONE',  ( 1.402286995516007773, -10.47773340385700003, 1004.591660127191176 ) ) ;
#10149 = PLANE ( 'NONE',  #6405 ) ;
#10150 = FACE_OUTER_BOUND ( 'NONE', #10378, .T. ) ;
#10151 = DIRECTION ( 'NONE',  ( -1.000000000000000000, 0.000000000000000000, 0.000000000000000000 ) ) ;
#10152 = ADVANCED_FACE ( 'NONE', ( #4133 ), #7525, .F. ) ;
#10153 = PLANE ( 'NONE',  #9396 ) ;
#10154 = EDGE_CURVE ( 'NONE', #5682, #1615, #1841, .T. ) ;
#10155 = VECTOR ( 'NONE', #9733, 1000.000000000000000 ) ;
#10156 = EDGE_LOOP ( 'NONE', ( #7972, #6754, #5567, #4949, #111 ) ) ;
#10157 = LINE ( 'NONE', #1963, #4459 ) ;
#10158 = ADVANCED_FACE ( 'NONE', ( #1661 ), #1769, .F. ) ;
#10159 = VERTEX_POINT ( 'NONE', #9965 ) ;
#10160 = ORIENTED_EDGE ( 'NONE', *, *, #7704, .T. ) ;
#10161 = DIRECTION ( 'NONE',  ( 0.000000000000000000, 0.000000000000000000, -1.000000000000000000 ) ) ;
#10162 = EDGE_CURVE ( 'NONE', #8342, #3570, #143, .T. ) ;
#10163 = DIRECTION ( 'NONE',  ( 1.000000000000000000, 0.000000000000000000, 0.000000000000000000 ) ) ;
#10164 = AXIS2_PLACEMENT_3D ( 'NONE', #4038, #2976, #9726 ) ;
#10165 = LINE ( 'NONE', #10319, #3666 ) ;
#10166 = DIRECTION ( 'NONE',  ( 0.000000000000000000, 0.000000000000000000, 1.000000000000000000 ) ) ;
#10167 = EDGE_LOOP ( 'NONE', ( #8047, #4511, #8473, #8249, #10616, #6011 ) ) ;
#10168 = DIRECTION ( 'NONE',  ( 0.000000000000000000, 0.8660254037844383745, -0.5000000000000003331 ) ) ;
#10169 = VECTOR ( 'NONE', #6797, 1000.000000000000000 ) ;
#10170 = EDGE_CURVE ( 'NONE', #2241, #2536, #837, .T. ) ;
#10171 = LINE ( 'NONE', #243, #9450 ) ;
#10172 = ORIENTED_EDGE ( 'NONE', *, *, #9250, .F. ) ;
#10173 = CARTESIAN_POINT ( 'NONE',  ( -21.99082700623537079, 27.87763974395445388, 990.0778207250950800 ) ) ;
#10174 = CARTESIAN_POINT ( 'NONE',  ( -22.11771300448399558, 26.01981126762369456, 992.0329098013222620 ) ) ;
#10175 = CARTESIAN_POINT ( 'NONE',  ( -15.81965170120199993, 26.01981126762380825, 987.2916601271909940 ) ) ;
#10176 = DIRECTION ( 'NONE',  ( -1.000000000000000000, 0.000000000000000000, 0.000000000000000000 ) ) ;
#10177 = CARTESIAN_POINT ( 'NONE',  ( -2.097713004484013766, -10.47773340385700003, 1004.591660127191176 ) ) ;
#10178 = AXIS2_PLACEMENT_3D ( 'NONE', #2664, #869, #9246 ) ;
#10179 = CARTESIAN_POINT ( 'NONE',  ( -27.26771300448400126, 8.655756606077503079, 1000.062727939056344 ) ) ;
#10180 = CARTESIAN_POINT ( 'NONE',  ( -9.667713004484088657, 27.08332287099079139, 1003.491660127191039 ) ) ;
#10181 = VERTEX_POINT ( 'NONE', #3435 ) ;
#10183 = VERTEX_POINT ( 'NONE', #3331 ) ;
#10182 = AXIS2_PLACEMENT_3D ( 'NONE', #2951, #4519, #9323 ) ;
#10184 = CIRCLE ( 'NONE', #7761, 2.700000000000001066 ) ;
#10185 = VERTEX_POINT ( 'NONE', #6619 ) ;
#10186 = CARTESIAN_POINT ( 'NONE',  ( -17.57294704867233293, 3.357757825279103159, 999.9642785547778203 ) ) ;
#10187 = ORIENTED_EDGE ( 'NONE', *, *, #897, .F. ) ;
#10188 = CARTESIAN_POINT ( 'NONE',  ( -10.81771300448399309, 36.37206337602792416, 1003.491660127191039 ) ) ;
#10189 = FACE_OUTER_BOUND ( 'NONE', #5108, .T. ) ;
#10190 = FACE_OUTER_BOUND ( 'NONE', #4398, .T. ) ;
#10191 = LINE ( 'NONE', #428, #41 ) ;
#10192 = DIRECTION ( 'NONE',  ( -0.000000000000000000, -0.000000000000000000, 1.000000000000000000 ) ) ;
#10193 = VECTOR ( 'NONE', #3292, 1000.000000000000000 ) ;
#10194 = AXIS2_PLACEMENT_3D ( 'NONE', #7733, #185, #6062 ) ;
#10195 = CARTESIAN_POINT ( 'NONE',  ( 2.665383722555230150, -13.47502353220719407, 997.9916601271909258 ) ) ;
#10196 = ORIENTED_EDGE ( 'NONE', *, *, #9841, .F. ) ;
#10197 = CARTESIAN_POINT ( 'NONE',  ( -20.06771282526728939, 28.65192683606518642, 983.4916601271910395 ) ) ;
#10198 = ORIENTED_EDGE ( 'NONE', *, *, #8850, .T. ) ;
#10199 = CARTESIAN_POINT ( 'NONE',  ( 0.000000000000000000, 44.22206330434121213, 983.4916601271910395 ) ) ;
#10200 = EDGE_CURVE ( 'NONE', #3445, #7430, #10221, .T. ) ;
#10201 = VECTOR ( 'NONE', #6249, 1000.000000000000000 ) ;
#10202 = EDGE_LOOP ( 'NONE', ( #4851, #6519, #5666, #575 ) ) ;
#10203 = AXIS2_PLACEMENT_3D ( 'NONE', #720, #10588, #4920 ) ;
#10204 = CARTESIAN_POINT ( 'NONE',  ( -22.26771300448400126, -12.47773340385700003, 995.9916601271909258 ) ) ;
#10205 = LINE ( 'NONE', #2011, #2245 ) ;
#10206 = CARTESIAN_POINT ( 'NONE',  ( -23.66271300448400083, -28.05789265480460060, 999.1916796595579626 ) ) ;
#10207 = CARTESIAN_POINT ( 'NONE',  ( -25.46244619668694043, -27.43667105272756856, 1001.726150749723729 ) ) ;
#10208 = CARTESIAN_POINT ( 'NONE',  ( -21.08165264574449793, 27.22050958877561655, 989.0600331807144130 ) ) ;
#10209 = CARTESIAN_POINT ( 'NONE',  ( -23.66271300448400083, -28.70124835607409963, 1001.016680275972590 ) ) ;
#10210 = VECTOR ( 'NONE', #9693, 1000.000000000000000 ) ;
#10211 = ORIENTED_EDGE ( 'NONE', *, *, #5438, .F. ) ;
#10212 = CARTESIAN_POINT ( 'NONE',  ( -16.81842501921067878, 37.53953660251080038, 1011.949992286532961 ) ) ;
#10213 = ORIENTED_EDGE ( 'NONE', *, *, #4425, .T. ) ;
#10214 = VERTEX_POINT ( 'NONE', #2478 ) ;
#10215 = DIRECTION ( 'NONE',  ( -1.000000000000000000, 0.000000000000000000, 0.000000000000000000 ) ) ;
#10216 = DIRECTION ( 'NONE',  ( -0.000000000000000000, -0.000000000000000000, -1.000000000000000000 ) ) ;
#10217 = CARTESIAN_POINT ( 'NONE',  ( -19.71771300448400055, 3.357757825279103159, 1000.991660127190926 ) ) ;
#10218 = CARTESIAN_POINT ( 'NONE',  ( -28.26507697019305709, 18.37435752405633593, 1002.002260386808643 ) ) ;
#10219 = DIRECTION ( 'NONE',  ( -0.000000000000000000, -0.000000000000000000, 1.000000000000000000 ) ) ;
#10220 = EDGE_CURVE ( 'NONE', #10076, #2981, #9780, .T. ) ;
#10221 =( BOUNDED_CURVE ( )  B_SPLINE_CURVE ( 3, ( #8281, #786, #5099, #5913 ),
 .UNSPECIFIED., .F., .F. ) 
 B_SPLINE_CURVE_WITH_KNOTS ( ( 4, 4 ),
 ( 3.141592422342439850, 3.655220488431452974 ),
 .UNSPECIFIED. ) 
 CURVE ( )  GEOMETRIC_REPRESENTATION_ITEM ( )  RATIONAL_B_SPLINE_CURVE ( ( 1.000000000000000000, 0.9781360815205975001, 0.9781360815205975001, 1.000000000000000000 ) ) 
 REPRESENTATION_ITEM ( '' )  );
#10222 = ORIENTED_EDGE ( 'NONE', *, *, #7004, .T. ) ;
#10223 = EDGE_CURVE ( 'NONE', #8628, #4753, #8928, .T. ) ;
#10224 = CARTESIAN_POINT ( 'NONE',  ( -25.06244619668693829, -27.42218576757409920, 1002.092770585647258 ) ) ;
#10225 = CARTESIAN_POINT ( 'NONE',  ( -26.06256691840432538, -27.28721126947371189, 1001.586262669724078 ) ) ;
#10226 = EDGE_CURVE ( 'NONE', #3641, #5601, #2876, .T. ) ;
#10227 = VERTEX_POINT ( 'NONE', #9167 ) ;
#10228 = CARTESIAN_POINT ( 'NONE',  ( -19.41771300448399629, 28.38560955799347951, 993.1660980603774078 ) ) ;
#10229 = EDGE_CURVE ( 'NONE', #4541, #6644, #5049, .T. ) ;
#10230 = FACE_OUTER_BOUND ( 'NONE', #10167, .T. ) ;
#10231 = LINE ( 'NONE', #7580, #1142 ) ;
#10232 = CARTESIAN_POINT ( 'NONE',  ( -30.12913302159264006, 4.136190735689398323, 998.0463697365294138 ) ) ;
#10233 = DIRECTION ( 'NONE',  ( 1.000000000000000000, -0.000000000000000000, 0.000000000000000000 ) ) ;
#10234 = CARTESIAN_POINT ( 'NONE',  ( -25.98387738972729011, -27.89964477383999863, 1002.749472437205895 ) ) ;
#10235 = ADVANCED_FACE ( 'NONE', ( #4028 ), #1819, .F. ) ;
#10236 = DIRECTION ( 'NONE',  ( -0.000000000000000000, -0.000000000000000000, -1.000000000000000000 ) ) ;
#10237 = ORIENTED_EDGE ( 'NONE', *, *, #4823, .T. ) ;
#10238 = ORIENTED_EDGE ( 'NONE', *, *, #4823, .F. ) ;
#10239 = CARTESIAN_POINT ( 'NONE',  ( -14.11771300448399380, 38.02206337602792274, 991.3247553713597426 ) ) ;
#10240 = EDGE_LOOP ( 'NONE', ( #8661, #3163, #5778, #5423 ) ) ;
#10241 = LINE ( 'NONE', #481, #4681 ) ;
#10242 = CYLINDRICAL_SURFACE ( 'NONE', #2523, 2.550000000000001155 ) ;
#10243 = PLANE ( 'NONE',  #1398 ) ;
#10244 = CARTESIAN_POINT ( 'NONE',  ( -25.11771300448400623, 9.419888422578479041E-15, 995.9916601271909258 ) ) ;
#10245 = LINE ( 'NONE', #3718, #6918 ) ;
#10246 = ORIENTED_EDGE ( 'NONE', *, *, #7710, .F. ) ;
#10247 = CARTESIAN_POINT ( 'NONE',  ( -24.46771282526734836, 44.42206330434124339, 987.2916601271911077 ) ) ;
#10248 = B_SPLINE_CURVE_WITH_KNOTS ( 'NONE', 3,
 ( #9603, #3870, #6241, #2213, #8801 ),
 .UNSPECIFIED., .F., .F.,
 ( 4, 1, 4 ),
 ( 0.000000000000000000, 0.8571218291673827760, 1.000000000000000000 ),
 .UNSPECIFIED. ) ;
#10249 = ORIENTED_EDGE ( 'NONE', *, *, #2125, .T. ) ;
#10250 = LINE ( 'NONE', #273, #7707 ) ;
#10251 = ORIENTED_EDGE ( 'NONE', *, *, #10480, .F. ) ;
#10252 = DIRECTION ( 'NONE',  ( 0.4999999999999900635, 0.4999999999999900635, -0.7071067811865615615 ) ) ;
#10253 = CARTESIAN_POINT ( 'NONE',  ( -28.64891399921012294, 5.178529750476165816, 998.5132004400973074 ) ) ;
#10254 = CARTESIAN_POINT ( 'NONE',  ( -30.21771300448397923, 29.52206337602792630, 987.4916601271910395 ) ) ;
#10255 = VECTOR ( 'NONE', #3636, 1000.000000000000000 ) ;
#10256 = EDGE_CURVE ( 'NONE', #10214, #507, #3229, .T. ) ;
#10257 = EDGE_LOOP ( 'NONE', ( #8085, #3921, #4485, #128 ) ) ;
#10258 = CARTESIAN_POINT ( 'NONE',  ( -19.07297981228107275, -27.65791218717139799, 1002.377300773245906 ) ) ;
#10259 = EDGE_LOOP ( 'NONE', ( #238, #9833, #6444, #62, #8515, #9177, #8630 ) ) ;
#10260 = AXIS2_PLACEMENT_3D ( 'NONE', #9458, #8646, #554 ) ;
#10261 = ORIENTED_EDGE ( 'NONE', *, *, #2059, .F. ) ;
#10262 = CARTESIAN_POINT ( 'NONE',  ( -22.52519331528475277, 27.94744424648625625, 990.1428931988269824 ) ) ;
#10263 = FACE_OUTER_BOUND ( 'NONE', #33, .T. ) ;
#10264 = ADVANCED_FACE ( 'NONE', ( #2421 ), #5697, .T. ) ;
#10265 = CARTESIAN_POINT ( 'NONE',  ( -14.40629298737536068, 4.136190735689398323, 997.1916601271909713 ) ) ;
#10266 = LINE ( 'NONE', #5906, #28 ) ;
#10267 = AXIS2_PLACEMENT_3D ( 'NONE', #426, #3714, #7011 ) ;
#10268 = EDGE_CURVE ( 'NONE', #10054, #3694, #8562, .T. ) ;
#10269 = ORIENTED_EDGE ( 'NONE', *, *, #222, .T. ) ;
#10270 = CARTESIAN_POINT ( 'NONE',  ( -32.26771300448400126, 8.655756606077503079, 996.5916601271910622 ) ) ;
#10271 = EDGE_LOOP ( 'NONE', ( #2935, #9678, #5274, #9897 ) ) ;
#10272 = FACE_OUTER_BOUND ( 'NONE', #5224, .T. ) ;
#10273 = ORIENTED_EDGE ( 'NONE', *, *, #6329, .F. ) ;
#10274 = AXIS2_PLACEMENT_3D ( 'NONE', #2891, #3695, #1214 ) ;
#10275 = DIRECTION ( 'NONE',  ( 0.000000000000000000, 0.000000000000000000, -1.000000000000000000 ) ) ;
#10276 = VECTOR ( 'NONE', #6728, 1000.000000000000000 ) ;
#10277 = CARTESIAN_POINT ( 'NONE',  ( 2.073195433533996823, -6.984639884534449727, 997.9916601271909258 ) ) ;
#10278 = CARTESIAN_POINT ( 'NONE',  ( -22.41771300448398918, 43.02206366277465577, 990.4916601271910395 ) ) ;
#10279 = DIRECTION ( 'NONE',  ( -0.5537204951811559583, -0.8327025958986410403, 0.000000000000000000 ) ) ;
#10280 = CARTESIAN_POINT ( 'NONE',  ( -25.31566699537452436, 26.84182138805840978, 983.6916601271893796 ) ) ;
#10281 = LINE ( 'NONE', #1108, #9528 ) ;
#10282 = CARTESIAN_POINT ( 'NONE',  ( -26.05687025086877284, -27.98631085781799754, 1002.531292310117919 ) ) ;
#10283 = ADVANCED_FACE ( 'NONE', ( #1162 ), #9428, .T. ) ;
#10284 = DIRECTION ( 'NONE',  ( 0.6785983445460153085, -0.2810846377143770281, -0.6785983445458624308 ) ) ;
#10285 = VECTOR ( 'NONE', #2540, 1000.000000000000000 ) ;
#10286 = EDGE_LOOP ( 'NONE', ( #8289, #1591, #1019, #1496 ) ) ;
#10287 = ADVANCED_FACE ( 'NONE', ( #6887 ), #804, .F. ) ;
#10288 = ORIENTED_EDGE ( 'NONE', *, *, #8241, .F. ) ;
#10289 = CARTESIAN_POINT ( 'NONE',  ( -10.26771300448410074, 30.57414358537394250, 1016.641658718408394 ) ) ;
#10290 = B_SPLINE_CURVE_WITH_KNOTS ( 'NONE', 3,
 ( #3731, #10208, #333, #2874, #281, #2069, #6920, #6208, #9516, #2127, #5407, #4049 ),
 .UNSPECIFIED., .F., .F.,
 ( 4, 2, 2, 2, 2, 4 ),
 ( 0.000000000000000000, 0.0002011197739968030747, 0.0004022395479936061494, 0.0008044790959872158767, 0.001206718643980825550, 0.001608958191974435223 ),
 .UNSPECIFIED. ) ;
#10291 = ORIENTED_EDGE ( 'NONE', *, *, #9239, .T. ) ;
#10292 = CIRCLE ( 'NONE', #3403, 1.650000000000002132 ) ;
#10293 = EDGE_CURVE ( 'NONE', #5163, #5193, #2583, .T. ) ;
#10294 = LINE ( 'NONE', #2909, #2277 ) ;
#10295 = CARTESIAN_POINT ( 'NONE',  ( -9.667713004483886152, 27.08332287099070967, 995.9916601271909258 ) ) ;
#10296 = LINE ( 'NONE', #1998, #10169 ) ;
#10297 = CARTESIAN_POINT ( 'NONE',  ( -33.69820614637730927, 33.56340317851060462, 983.7916601271909940 ) ) ;
#10298 = LINE ( 'NONE', #3419, #3827 ) ;
#10299 = CIRCLE ( 'NONE', #2727, 0.7999999999999994893 ) ;
#10300 = CIRCLE ( 'NONE', #6487, 1.850000000000025180 ) ;
#10301 = VERTEX_POINT ( 'NONE', #8617 ) ;
#10302 = CARTESIAN_POINT ( 'NONE',  ( -17.26771300448400126, 3.029354668895900105, 1003.880441216045369 ) ) ;
#10303 = ORIENTED_EDGE ( 'NONE', *, *, #5483, .T. ) ;
#10304 = ORIENTED_EDGE ( 'NONE', *, *, #5612, .T. ) ;
#10305 = CARTESIAN_POINT ( 'NONE',  ( -34.86771300448413768, 44.52206366277465577, 987.4916601271910395 ) ) ;
#10306 = EDGE_CURVE ( 'NONE', #363, #629, #9269, .T. ) ;
#10307 = ORIENTED_EDGE ( 'NONE', *, *, #4439, .F. ) ;
#10308 = LINE ( 'NONE', #3839, #10429 ) ;
#10309 = DIRECTION ( 'NONE',  ( -0.000000000000000000, -0.000000000000000000, 1.000000000000000000 ) ) ;
#10310 =( NAMED_UNIT ( * ) PLANE_ANGLE_UNIT ( ) SI_UNIT ( $, .RADIAN. ) );
#10311 = CARTESIAN_POINT ( 'NONE',  ( -34.31771300448401263, 38.02206337602792274, 1000.991660127190926 ) ) ;
#10312 = CARTESIAN_POINT ( 'NONE',  ( -18.64871853730182139, -27.83364921270699810, 1002.647865623911457 ) ) ;
#10313 = ORIENTED_EDGE ( 'NONE', *, *, #6187, .F. ) ;
#10314 = CARTESIAN_POINT ( 'NONE',  ( -12.80994765599396423, 3.282359001983583102, 996.7912094168309523 ) ) ;
#10315 = ORIENTED_EDGE ( 'NONE', *, *, #10366, .T. ) ;
#10316 = ORIENTED_EDGE ( 'NONE', *, *, #4981, .T. ) ;
#10317 = CYLINDRICAL_SURFACE ( 'NONE', #8725, 2.700000000000001066 ) ;
#10318 = CARTESIAN_POINT ( 'NONE',  ( -14.71771300448399700, 38.02206337602792274, 995.9916601271909258 ) ) ;
#10319 = CARTESIAN_POINT ( 'NONE',  ( -9.767713004483915995, 27.12474473412938636, 983.6916601271909713 ) ) ;
#10320 = CARTESIAN_POINT ( 'NONE',  ( -26.05064537607387720, -28.10517248786387157, 1003.022918496501802 ) ) ;
#10321 = ORIENTED_EDGE ( 'NONE', *, *, #1789, .T. ) ;
#10322 = DIRECTION ( 'NONE',  ( 0.000000000000000000, 1.000000000000000000, -0.000000000000000000 ) ) ;
#10323 = VERTEX_POINT ( 'NONE', #6072 ) ;
#10324 = DIRECTION ( 'NONE',  ( 0.7052447360823922429, -0.7089639357739412340, 0.000000000000000000 ) ) ;
#10325 = AXIS2_PLACEMENT_3D ( 'NONE', #3831, #7284, #7133 ) ;
#10326 = ORIENTED_EDGE ( 'NONE', *, *, #7134, .T. ) ;
#10327 = CARTESIAN_POINT ( 'NONE',  ( -18.96406845345596182, -28.95556378397230191, 1002.895356596181841 ) ) ;
#10328 = DIRECTION ( 'NONE',  ( 0.000000000000000000, 0.000000000000000000, 1.000000000000000000 ) ) ;
#10329 = EDGE_CURVE ( 'NONE', #10519, #5162, #1219, .T. ) ;
#10330 = CARTESIAN_POINT ( 'NONE',  ( -28.04320712127961812, 5.981144476670402277, 995.9916601271909258 ) ) ;
#10331 = CARTESIAN_POINT ( 'NONE',  ( -18.69165073855157999, -28.80270160097810006, 1002.291377364733989 ) ) ;
#10332 = CARTESIAN_POINT ( 'NONE',  ( 0.000000000000000000, 44.52206366277465577, 1003.491660127191039 ) ) ;
#10333 = DIRECTION ( 'NONE',  ( 0.000000000000000000, 0.000000000000000000, -1.000000000000000000 ) ) ;
#10334 = FACE_OUTER_BOUND ( 'NONE', #7970, .T. ) ;
#10335 = AXIS2_PLACEMENT_3D ( 'NONE', #7742, #356, #3651 ) ;
#10336 = DIRECTION ( 'NONE',  ( 0.7071067811865399122, 2.735612426455827764E-16, -0.7071067811865552333 ) ) ;
#10337 = ORIENTED_EDGE ( 'NONE', *, *, #3909, .F. ) ;
#10338 = DIRECTION ( 'NONE',  ( 0.000000000000000000, 0.000000000000000000, 1.000000000000000000 ) ) ;
#10339 = EDGE_CURVE ( 'NONE', #6734, #4162, #361, .T. ) ;
#10340 = ORIENTED_EDGE ( 'NONE', *, *, #6239, .T. ) ;
#10341 = AXIS2_PLACEMENT_3D ( 'NONE', #5520, #659, #5577 ) ;
#10342 = CARTESIAN_POINT ( 'NONE',  ( -30.11795385680410675, 30.41657034268903459, 1003.491660127191039 ) ) ;
#10343 = DIRECTION ( 'NONE',  ( -1.000000000000000000, 0.000000000000000000, 0.000000000000000000 ) ) ;
#10344 = CARTESIAN_POINT ( 'NONE',  ( -19.57969182860018975, 42.78403933336535658, 990.6536389513166796 ) ) ;
#10345 = DIRECTION ( 'NONE',  ( -0.000000000000000000, -0.000000000000000000, -1.000000000000000000 ) ) ;
#10346 = CARTESIAN_POINT ( 'NONE',  ( -18.47248495210103414, -28.14760648809804522, 1002.932230895854104 ) ) ;
#10347 = CARTESIAN_POINT ( 'NONE',  ( -26.00473103134737585, -28.00179971262963718, 1002.895355376911311 ) ) ;
#10348 = CARTESIAN_POINT ( 'NONE',  ( -18.46771300448400055, 3.167884070370703409, 1003.491660127191039 ) ) ;
#10349 = VECTOR ( 'NONE', #106, 1000.000000000000000 ) ;
#10350 = EDGE_CURVE ( 'NONE', #385, #2401, #8506, .T. ) ;
#10351 = EDGE_LOOP ( 'NONE', ( #9034, #8656, #6471, #2338, #8066, #799, #5473, #3202, #9574 ) ) ;
#10352 = CARTESIAN_POINT ( 'NONE',  ( -15.08268002656744144, 2.469806338645200050, 999.8346783293200133 ) ) ;
#10353 = EDGE_CURVE ( 'NONE', #8339, #5934, #7873, .T. ) ;
#10354 = EDGE_CURVE ( 'NONE', #1332, #3744, #10231, .T. ) ;
#10355 = ORIENTED_EDGE ( 'NONE', *, *, #14, .T. ) ;
#10356 = CARTESIAN_POINT ( 'NONE',  ( -25.76319216597737238, -28.38722288101470070, 1001.826157866727158 ) ) ;
#10357 = ADVANCED_FACE ( 'NONE', ( #302 ), #5965, .T. ) ;
#10358 = ORIENTED_EDGE ( 'NONE', *, *, #1402, .F. ) ;
#10359 = DIRECTION ( 'NONE',  ( 0.000000000000000000, 0.000000000000000000, 1.000000000000000000 ) ) ;
#10360 = CARTESIAN_POINT ( 'NONE',  ( -18.47297981228107133, -28.25791218717139941, 1003.301061203949416 ) ) ;
#10361 = AXIS2_PLACEMENT_3D ( 'NONE', #2683, #1607, #6618 ) ;
#10362 = AXIS2_PLACEMENT_3D ( 'NONE', #6277, #3052, #5421 ) ;
#10363 = DIRECTION ( 'NONE',  ( 1.000000000000000000, 0.000000000000000000, 0.000000000000000000 ) ) ;
#10364 = LINE ( 'NONE', #440, #1505 ) ;
#10365 = CARTESIAN_POINT ( 'NONE',  ( -25.11771300448399558, 26.01981126762380825, 992.0329098013203293 ) ) ;
#10366 = EDGE_CURVE ( 'NONE', #2186, #7876, #2170, .T. ) ;
#10367 = DIRECTION ( 'NONE',  ( 0.5773502691895189276, 0.5773502691896992278, -0.5773502691896591488 ) ) ;
#10368 = EDGE_LOOP ( 'NONE', ( #10001, #2712, #1143, #3173, #7821, #1099 ) ) ;
#10369 = CARTESIAN_POINT ( 'NONE',  ( -14.11771300448399380, 29.47981022745160828, 983.6916601271909713 ) ) ;
#10370 = VECTOR ( 'NONE', #5623, 1000.000000000000114 ) ;
#10371 = AXIS2_PLACEMENT_3D ( 'NONE', #10128, #2852, #6022 ) ;
#10372 = ORIENTED_EDGE ( 'NONE', *, *, #727, .T. ) ;
#10373 = EDGE_LOOP ( 'NONE', ( #958, #1385, #1361, #9519 ) ) ;
#10374 = CARTESIAN_POINT ( 'NONE',  ( -25.11771300448399913, 28.43894560144227412, 990.4506407254662008 ) ) ;
#10375 = DIRECTION ( 'NONE',  ( -1.000000000000000000, 0.000000000000000000, 0.000000000000000000 ) ) ;
#10376 = DIRECTION ( 'NONE',  ( 1.000000000000000000, -0.000000000000000000, 0.000000000000000000 ) ) ;
#10377 = CARTESIAN_POINT ( 'NONE',  ( -0.3477130044840029410, -10.47773340385700003, 995.9916601271909258 ) ) ;
#10378 = EDGE_LOOP ( 'NONE', ( #1829, #5899, #1904, #3410, #6149 ) ) ;
#10379 = LINE ( 'NONE', #6065, #10650 ) ;
#10380 = EDGE_CURVE ( 'NONE', #5317, #8058, #3107, .T. ) ;
#10381 = VERTEX_POINT ( 'NONE', #1339 ) ;
#10382 = CARTESIAN_POINT ( 'NONE',  ( -26.25340140291811153, -28.22429698877350290, 1002.458670779675458 ) ) ;
#10383 = AXIS2_PLACEMENT_3D ( 'NONE', #2568, #9102, #7570 ) ;
#10384 = ORIENTED_EDGE ( 'NONE', *, *, #4937, .T. ) ;
#10385 = CARTESIAN_POINT ( 'NONE',  ( -18.79247735962380261, -28.85055402455519769, 1002.491852182949287 ) ) ;
#10386 = CARTESIAN_POINT ( 'NONE',  ( 3.884706280861152994, -10.09156376103353558, 999.5133716006431541 ) ) ;
#10387 = CARTESIAN_POINT ( 'NONE',  ( -3.821484135177420693, -3.821484135177409591, 987.2916601271911077 ) ) ;
#10388 = DIRECTION ( 'NONE',  ( 1.000000000000000000, 0.000000000000000000, 0.000000000000000000 ) ) ;
#10389 = CARTESIAN_POINT ( 'NONE',  ( -25.98464961932452155, -28.38325831887664918, 1002.200190384876123 ) ) ;
#10390 = LINE ( 'NONE', #7215, #5196 ) ;
#10391 = LINE ( 'NONE', #3069, #4175 ) ;
#10392 = EDGE_CURVE ( 'NONE', #9534, #8879, #7355, .T. ) ;
#10393 = ADVANCED_FACE ( 'NONE', ( #3862 ), #4783, .T. ) ;
#10394 = CYLINDRICAL_SURFACE ( 'NONE', #8576, 0.7999999999999864997 ) ;
#10395 = ORIENTED_EDGE ( 'NONE', *, *, #1051, .F. ) ;
#10396 = CARTESIAN_POINT ( 'NONE',  ( -25.11771300448404176, 25.88279618418785333, 991.8050090427320811 ) ) ;
#10397 = VERTEX_POINT ( 'NONE', #6288 ) ;
#10398 = CARTESIAN_POINT ( 'NONE',  ( -23.66271300448399728, -27.75362110366605251, 999.8779026852856759 ) ) ;
#10399 = DIRECTION ( 'NONE',  ( -1.000000000000000000, 0.000000000000000000, 0.000000000000000000 ) ) ;
#10400 = CARTESIAN_POINT ( 'NONE',  ( -20.39271300448400481, 2.557757825279101116, 1003.491660127191039 ) ) ;
#10401 = DIRECTION ( 'NONE',  ( -1.000000000000000000, 0.000000000000000000, 0.000000000000000000 ) ) ;
#10402 = CARTESIAN_POINT ( 'NONE',  ( -17.26771300448400126, 13.95910916343019892, 1002.291660127190994 ) ) ;
#10403 = CARTESIAN_POINT ( 'NONE',  ( -26.06244619668694185, -28.44116047364390099, 1002.594069459945786 ) ) ;
#10404 = EDGE_CURVE ( 'NONE', #10516, #1681, #8204, .T. ) ;
#10405 = CARTESIAN_POINT ( 'NONE',  ( -18.48870632654326229, -27.57706554039320679, 1001.824510950059903 ) ) ;
#10406 = ORIENTED_EDGE ( 'NONE', *, *, #10006, .F. ) ;
#10407 = FACE_OUTER_BOUND ( 'NONE', #698, .T. ) ;
#10408 = ORIENTED_EDGE ( 'NONE', *, *, #9793, .F. ) ;
#10409 = DIRECTION ( 'NONE',  ( 8.742277735063196173E-08, -0.9999999999999961142, 0.000000000000000000 ) ) ;
#10410 =( BOUNDED_CURVE ( )  B_SPLINE_CURVE ( 3, ( #4647, #650, #8921, #7928 ),
 .UNSPECIFIED., .F., .F. ) 
 B_SPLINE_CURVE_WITH_KNOTS ( ( 4, 4 ),
 ( 0.000000000000000000, 0.1186848778885669087 ),
 .UNSPECIFIED. ) 
 CURVE ( )  GEOMETRIC_REPRESENTATION_ITEM ( )  RATIONAL_B_SPLINE_CURVE ( ( 1.000000000000000000, 0.9988265027490241810, 0.9988265027490241810, 1.000000000000000000 ) ) 
 REPRESENTATION_ITEM ( '' )  );
#10411 = ORIENTED_EDGE ( 'NONE', *, *, #10154, .T. ) ;
#10412 = CARTESIAN_POINT ( 'NONE',  ( -27.26771300448400126, 6.703910157882798870, 1001.810912256376582 ) ) ;
#10413 = DIRECTION ( 'NONE',  ( 0.000000000000000000, 0.000000000000000000, -1.000000000000000000 ) ) ;
#10414 = CARTESIAN_POINT ( 'NONE',  ( -28.31811627354158745, 5.548225987972266182, 998.6786345424848150 ) ) ;
#10415 = EDGE_CURVE ( 'NONE', #8058, #1806, #1484, .T. ) ;
#10416 = CARTESIAN_POINT ( 'NONE',  ( -24.99778038314136452, 25.97839013181496526, 988.2117674382898258 ) ) ;
#10417 = EDGE_CURVE ( 'NONE', #8860, #10642, #5542, .T. ) ;
#10418 = VECTOR ( 'NONE', #680, 1000.000000000000000 ) ;
#10419 = ADVANCED_FACE ( 'NONE', ( #682 ), #6543, .F. ) ;
#10420 = CARTESIAN_POINT ( 'NONE',  ( -18.77261735003136067, -28.38781045001528014, 1001.826063196112727 ) ) ;
#10421 = EDGE_LOOP ( 'NONE', ( #312, #1936, #10573, #6000 ) ) ;
#10422 = ORIENTED_EDGE ( 'NONE', *, *, #923, .F. ) ;
#10423 = EDGE_LOOP ( 'NONE', ( #6990, #10528, #3712, #5123 ) ) ;
#10424 = DIRECTION ( 'NONE',  ( 1.000000000000000000, 0.000000000000000000, 0.000000000000000000 ) ) ;
#10425 = CARTESIAN_POINT ( 'NONE',  ( -10.26771300448410074, 30.57414358537394250, 1016.041658718408485 ) ) ;
#10426 = EDGE_CURVE ( 'NONE', #2511, #2158, #3007, .T. ) ;
#10427 = DIRECTION ( 'NONE',  ( -1.000000000000000000, 0.000000000000000000, 0.000000000000000000 ) ) ;
#10428 = CARTESIAN_POINT ( 'NONE',  ( -26.06244619668694185, -28.25791218717139941, 1003.301061203949416 ) ) ;
#10429 = VECTOR ( 'NONE', #3782, 1000.000000000000000 ) ;
#10430 = ORIENTED_EDGE ( 'NONE', *, *, #8119, .F. ) ;
#10431 = CARTESIAN_POINT ( 'NONE',  ( -22.91154813399768386, 42.44526247219219783, 1027.997823588893198 ) ) ;
#10432 = VERTEX_POINT ( 'NONE', #3415 ) ;
#10433 = EDGE_CURVE ( 'NONE', #1403, #4068, #9939, .T. ) ;
#10434 = CARTESIAN_POINT ( 'NONE',  ( -26.10035167247650278, -27.58225733130899826, 1001.815518504411557 ) ) ;
#10435 = ORIENTED_EDGE ( 'NONE', *, *, #9379, .F. ) ;
#10436 = DIRECTION ( 'NONE',  ( 0.000000000000000000, -1.000000000000000000, 0.000000000000000000 ) ) ;
#10437 = EDGE_CURVE ( 'NONE', #10080, #3155, #464, .T. ) ;
#10438 = PRESENTATION_STYLE_ASSIGNMENT (( #2090 ) ) ;
#10439 = CARTESIAN_POINT ( 'NONE',  ( -25.20114276020493804, 25.24948002259734992, 988.9916601271910395 ) ) ;
#10440 = CIRCLE ( 'NONE', #454, 1.650000000000000355 ) ;
#10441 = CARTESIAN_POINT ( 'NONE',  ( -18.28543536414957416, -26.79350542681073222, 1001.301899716986668 ) ) ;
#10442 = DIRECTION ( 'NONE',  ( 0.000000000000000000, 0.000000000000000000, -1.000000000000000000 ) ) ;
#10443 = DIRECTION ( 'NONE',  ( -0.000000000000000000, -0.000000000000000000, -1.000000000000000000 ) ) ;
#10444 = DIRECTION ( 'NONE',  ( 2.183651513725561698E-15, -0.7071067811865925368, 0.7071067811865024977 ) ) ;
#10445 = CARTESIAN_POINT ( 'NONE',  ( -18.71265305693230019, 27.60339869864173679, 983.4916601271910395 ) ) ;
#10446 = AXIS2_PLACEMENT_3D ( 'NONE', #2740, #3491, #4354 ) ;
#10447 = CARTESIAN_POINT ( 'NONE',  ( -25.85848310343584089, -28.39337508011058020, 1001.938921029454264 ) ) ;
#10448 = ORIENTED_EDGE ( 'NONE', *, *, #3296, .F. ) ;
#10449 = CARTESIAN_POINT ( 'NONE',  ( -25.15464230315059879, 25.50177597577737743, 990.8196910003053972 ) ) ;
#10450 = ORIENTED_EDGE ( 'NONE', *, *, #3970, .F. ) ;
#10451 = CARTESIAN_POINT ( 'NONE',  ( -24.84261674001338704, 42.95044031394488826, 990.7667563916830886 ) ) ;
#10452 = CARTESIAN_POINT ( 'NONE',  ( -19.31755139363924911, 26.05339869864173608, 985.0416601271911077 ) ) ;
#10453 = CARTESIAN_POINT ( 'NONE',  ( -21.69281143916897747, 43.68679047158286011, 990.3399095681483004 ) ) ;
#10454 = DIRECTION ( 'NONE',  ( -0.2953062708492550925, 0.000000000000000000, -0.9554026409829031730 ) ) ;
#10455 = VECTOR ( 'NONE', #688, 1000.000000000000000 ) ;
#10456 = LINE ( 'NONE', #6358, #1416 ) ;
#10457 = CIRCLE ( 'NONE', #5114, 3.598061303281992807 ) ;
#10458 = DIRECTION ( 'NONE',  ( -1.000000000000000000, 0.000000000000000000, 0.000000000000000000 ) ) ;
#10459 = DIRECTION ( 'NONE',  ( 0.000000000000000000, 0.000000000000000000, 1.000000000000000000 ) ) ;
#10460 = CARTESIAN_POINT ( 'NONE',  ( -17.19736513873639439, 14.82819536793152793, 997.2620079929386065 ) ) ;
#10461 = EDGE_LOOP ( 'NONE', ( #9264, #4617, #5440, #10337 ) ) ;
#10462 = EDGE_LOOP ( 'NONE', ( #436, #8786, #7259, #3363 ) ) ;
#10463 = DIRECTION ( 'NONE',  ( 0.000000000000000000, 0.000000000000000000, 1.000000000000000000 ) ) ;
#10464 = VECTOR ( 'NONE', #2465, 1000.000000000000000 ) ;
#10465 = VERTEX_POINT ( 'NONE', #4222 ) ;
#10466 = PLANE ( 'NONE',  #2557 ) ;
#10467 = ORIENTED_EDGE ( 'NONE', *, *, #3829, .T. ) ;
#10468 = CYLINDRICAL_SURFACE ( 'NONE', #3720, 2.549999999999996714 ) ;
#10469 = EDGE_CURVE ( 'NONE', #2018, #2963, #2710, .T. ) ;
#10470 = DIRECTION ( 'NONE',  ( 0.000000000000000000, 0.000000000000000000, -1.000000000000000000 ) ) ;
#10471 = CARTESIAN_POINT ( 'NONE',  ( -20.87271300448400169, -28.03827451546189664, 1000.633912150629385 ) ) ;
#10472 = CARTESIAN_POINT ( 'NONE',  ( -22.26771300448399771, 23.82355419201191538, 988.0916604856245158 ) ) ;
#10473 = CARTESIAN_POINT ( 'NONE',  ( -24.01771300448400126, 7.970595659816900991, 1003.491660127191039 ) ) ;
#10474 = ORIENTED_EDGE ( 'NONE', *, *, #10552, .F. ) ;
#10475 = DIRECTION ( 'NONE',  ( 5.014428880798372121E-16, -1.000000000000000000, 0.000000000000000000 ) ) ;
#10476 = ORIENTED_EDGE ( 'NONE', *, *, #6929, .F. ) ;
#10477 = VERTEX_POINT ( 'NONE', #6866 ) ;
#10478 = VECTOR ( 'NONE', #627, 1000.000000000000000 ) ;
#10479 = CARTESIAN_POINT ( 'NONE',  ( 3.723534973635360679, -11.59127116576242322, 998.5699754920990472 ) ) ;
#10480 = EDGE_CURVE ( 'NONE', #1700, #3301, #6709, .T. ) ;
#10481 = CARTESIAN_POINT ( 'NONE',  ( -24.25202757953476151, 2.792072400329865367, 1000.991660127190926 ) ) ;
#10482 = EDGE_CURVE ( 'NONE', #6470, #4619, #3053, .T. ) ;
#10483 = CARTESIAN_POINT ( 'NONE',  ( -20.51771300448400126, 6.316134549268400455, 1000.991660127190926 ) ) ;
#10484 = FACE_OUTER_BOUND ( 'NONE', #2494, .T. ) ;
#10485 = EDGE_CURVE ( 'NONE', #10301, #5286, #1026, .T. ) ;
#10486 = VECTOR ( 'NONE', #7601, 1000.000000000000000 ) ;
#10487 = ORIENTED_EDGE ( 'NONE', *, *, #10609, .F. ) ;
#10488 = CARTESIAN_POINT ( 'NONE',  ( -27.55558378999238300, 36.90103791989151460, 1013.641658718408507 ) ) ;
#10489 = VERTEX_POINT ( 'NONE', #1899 ) ;
#10490 = EDGE_CURVE ( 'NONE', #8303, #6299, #9141, .T. ) ;
#10491 = ORIENTED_EDGE ( 'NONE', *, *, #9154, .F. ) ;
#10492 = CYLINDRICAL_SURFACE ( 'NONE', #4787, 1.650000000000002132 ) ;
#10493 = PLANE ( 'NONE',  #10073 ) ;
#10494 = CARTESIAN_POINT ( 'NONE',  ( 3.896422712134655519, -10.21997584779110824, 999.4145031251791806 ) ) ;
#10495 = CARTESIAN_POINT ( 'NONE',  ( -20.36476125329864217, -29.16322023509560069, 1001.863754003324857 ) ) ;
#10496 = PLANE ( 'NONE',  #1072 ) ;
#10497 = CARTESIAN_POINT ( 'NONE',  ( -41.63771300448400581, -10.47773340385700003, 1004.591660127191176 ) ) ;
#10498 = ADVANCED_FACE ( 'NONE', ( #8364 ), #2555, .T. ) ;
#10499 = AXIS2_PLACEMENT_3D ( 'NONE', #52, #5011, #6743 ) ;
#10500 = FACE_OUTER_BOUND ( 'NONE', #6859, .T. ) ;
#10501 = ORIENTED_EDGE ( 'NONE', *, *, #3989, .F. ) ;
#10502 = DIRECTION ( 'NONE',  ( 0.000000000000000000, 0.000000000000000000, -1.000000000000000000 ) ) ;
#10503 = CARTESIAN_POINT ( 'NONE',  ( -24.51288017177271428, 44.32381106100503132, 989.7433861388740297 ) ) ;
#10504 = DIRECTION ( 'NONE',  ( 0.000000000000000000, 0.000000000000000000, -1.000000000000000000 ) ) ;
#10505 = CARTESIAN_POINT ( 'NONE',  ( -34.86771300448413768, 44.52206366277465577, 988.0916604856245158 ) ) ;
#10506 = CARTESIAN_POINT ( 'NONE',  ( -16.88583291950763154, 4.682035184830734664, 1000.991634248440846 ) ) ;
#10507 = CIRCLE ( 'NONE', #3614, 0.8000000000000008216 ) ;
#10508 = CARTESIAN_POINT ( 'NONE',  ( -12.46771300448399344, 29.47981022745160828, 997.9916601271910395 ) ) ;
#10509 = CARTESIAN_POINT ( 'NONE',  ( -18.47297981228107133, -28.85791218717140438, 1000.991660127190926 ) ) ;
#10510 = CARTESIAN_POINT ( 'NONE',  ( -18.47297985716257074, -27.57862184325660238, 1001.821815354428509 ) ) ;
#10511 = B_SPLINE_CURVE_WITH_KNOTS ( 'NONE', 3,
 ( #2958, #2902, #9330, #7805, #9275 ),
 .UNSPECIFIED., .F., .F.,
 ( 4, 1, 4 ),
 ( 0.000000000000000000, 0.5714285714285732842, 1.000000000000000000 ),
 .UNSPECIFIED. ) ;
#10512 = ORIENTED_EDGE ( 'NONE', *, *, #9944, .F. ) ;
#10513 = ORIENTED_EDGE ( 'NONE', *, *, #7311, .F. ) ;
#10515 = DIRECTION ( 'NONE',  ( 0.000000000000000000, 0.000000000000000000, -1.000000000000000000 ) ) ;
#10514 = B_SPLINE_CURVE_WITH_KNOTS ( 'NONE', 3,
 ( #10312, #3786, #616, #3039, #502 ),
 .UNSPECIFIED., .F., .F.,
 ( 4, 1, 4 ),
 ( 0.000000000000000000, 0.1429167042127941489, 0.4208794591936722562 ),
 .UNSPECIFIED. ) ;
#10516 = VERTEX_POINT ( 'NONE', #5188 ) ;
#10517 = EDGE_CURVE ( 'NONE', #6557, #1964, #8480, .T. ) ;
#10518 = VECTOR ( 'NONE', #3842, 1000.000000000000114 ) ;
#10519 = VERTEX_POINT ( 'NONE', #4272 ) ;
#10520 = DIRECTION ( 'NONE',  ( 1.000000000000000000, 0.000000000000000000, 0.000000000000000000 ) ) ;
#10521 = ORIENTED_EDGE ( 'NONE', *, *, #2624, .T. ) ;
#10522 = CARTESIAN_POINT ( 'NONE',  ( -44.18771300448400297, -10.47773340385700003, 1003.391660127191017 ) ) ;
#10523 = CARTESIAN_POINT ( 'NONE',  ( -33.71771300448400410, 29.52206337602792630, 1004.592685127191089 ) ) ;
#10524 = DIRECTION ( 'NONE',  ( -1.000000000000000000, 0.000000000000000000, 0.000000000000000000 ) ) ;
#10525 = CARTESIAN_POINT ( 'NONE',  ( -8.467713004484000550, 44.52206366277465577, 997.1916601271908576 ) ) ;
#10526 = AXIS2_PLACEMENT_3D ( 'NONE', #4504, #1968, #8549 ) ;
#10527 = EDGE_CURVE ( 'NONE', #9372, #6080, #5892, .T. ) ;
#10528 = ORIENTED_EDGE ( 'NONE', *, *, #10329, .F. ) ;
#10529 = CARTESIAN_POINT ( 'NONE',  ( -23.30711029377219035, 27.29552235778943725, 989.2722053751327849 ) ) ;
#10530 = ORIENTED_EDGE ( 'NONE', *, *, #4884, .F. ) ;
#10531 = ORIENTED_EDGE ( 'NONE', *, *, #10063, .T. ) ;
#10532 = VECTOR ( 'NONE', #7630, 1000.000000000000000 ) ;
#10533 = VECTOR ( 'NONE', #10651, 1000.000000000000000 ) ;
#10534 = DIRECTION ( 'NONE',  ( 1.000000000000000000, 0.000000000000000000, 0.000000000000000000 ) ) ;
#10535 = CARTESIAN_POINT ( 'NONE',  ( -44.18771300448400297, -10.47773340385700003, 1004.591660127191176 ) ) ;
#10536 = CARTESIAN_POINT ( 'NONE',  ( -36.06771300448401263, 44.52206366277465577, 1002.291660127190994 ) ) ;
#10537 = PLANE ( 'NONE',  #6584 ) ;
#10538 = VECTOR ( 'NONE', #4596, 1000.000000000000000 ) ;
#10539 = CONICAL_SURFACE ( 'NONE', #9009, 2.998060944848581766, 0.7853981633974244092 ) ;
#10540 = ORIENTED_EDGE ( 'NONE', *, *, #6900, .T. ) ;
#10541 = CARTESIAN_POINT ( 'NONE',  ( -20.26771282526731355, 28.55192683606519566, 983.5916601271910622 ) ) ;
#10542 = ORIENTED_EDGE ( 'NONE', *, *, #9093, .T. ) ;
#10543 = EDGE_LOOP ( 'NONE', ( #2786, #4774, #3126, #432 ) ) ;
#10544 = CARTESIAN_POINT ( 'NONE',  ( -25.20114276020493804, 25.24948002259734992, 987.4916601271910395 ) ) ;
#10545 = DIRECTION ( 'NONE',  ( 0.000000000000000000, 0.6888457035048713983, -0.7249079919292369389 ) ) ;
#10546 = AXIS2_PLACEMENT_3D ( 'NONE', #10125, #4523, #9383 ) ;
#10547 = DIRECTION ( 'NONE',  ( 0.8572629619699134729, -0.5148788343237375997, 0.000000000000000000 ) ) ;
#10548 = CARTESIAN_POINT ( 'NONE',  ( -19.33707857559600285, -28.94393505970880298, 1001.612788560958734 ) ) ;
#10549 = CARTESIAN_POINT ( 'NONE',  ( -12.31570159385952934, 34.78893442829722460, 983.7916601271909940 ) ) ;
#10550 = ADVANCED_FACE ( 'NONE', ( #1551 ), #1797, .F. ) ;
#10551 = CARTESIAN_POINT ( 'NONE',  ( -0.3477130044840012202, -10.47773340385700358, 997.9916601271909258 ) ) ;
#10552 = EDGE_CURVE ( 'NONE', #8290, #9508, #7661, .T. ) ;
#10553 = EDGE_CURVE ( 'NONE', #2076, #3141, #8907, .T. ) ;
#10554 = AXIS2_PLACEMENT_3D ( 'NONE', #6878, #6060, #6935 ) ;
#10555 = EDGE_CURVE ( 'NONE', #5502, #795, #2611, .T. ) ;
#10556 = ORIENTED_EDGE ( 'NONE', *, *, #3194, .T. ) ;
#10557 = ORIENTED_EDGE ( 'NONE', *, *, #9586, .F. ) ;
#10558 = DIRECTION ( 'NONE',  ( -1.000000000000000000, 0.000000000000000000, 0.000000000000000000 ) ) ;
#10559 = CARTESIAN_POINT ( 'NONE',  ( -22.84261456979951177, 43.68679047158514095, 990.3399095681472772 ) ) ;
#10560 = EDGE_CURVE ( 'NONE', #3030, #385, #4327, .T. ) ;
#10561 = CARTESIAN_POINT ( 'NONE',  ( -28.71577430776599016, 26.01981126762374430, 995.9916601271909258 ) ) ;
#10562 = CARTESIAN_POINT ( 'NONE',  ( -18.90895313079230178, 44.15214388002599577, 991.7671324808401323 ) ) ;
#10563 = DIRECTION ( 'NONE',  ( -0.000000000000000000, -0.000000000000000000, -1.000000000000000000 ) ) ;
#10564 = DIRECTION ( 'NONE',  ( -1.000000000000000000, 3.750297019834905183E-16, 0.000000000000000000 ) ) ;
#10565 = CARTESIAN_POINT ( 'NONE',  ( -16.67366710514173178, 31.54050344243852777, 983.4916601271910395 ) ) ;
#10566 = CARTESIAN_POINT ( 'NONE',  ( -26.06771300269580749, 43.92206330434124339, 987.4916601271910395 ) ) ;
#10567 = EDGE_LOOP ( 'NONE', ( #6483, #2009, #9760, #1507 ) ) ;
#10568 = VERTEX_POINT ( 'NONE', #3520 ) ;
#10569 = LINE ( 'NONE', #7185, #8430 ) ;
#10570 = ORIENTED_EDGE ( 'NONE', *, *, #4828, .F. ) ;
#10571 = ORIENTED_EDGE ( 'NONE', *, *, #4098, .F. ) ;
#10572 = CARTESIAN_POINT ( 'NONE',  ( -31.45446673130930648, 3.441752346117654682, 996.9153259835327390 ) ) ;
#10573 = ORIENTED_EDGE ( 'NONE', *, *, #1382, .T. ) ;
#10574 = EDGE_CURVE ( 'NONE', #9698, #6419, #2532, .T. ) ;
#10575 = DIRECTION ( 'NONE',  ( 1.000000000000000000, 0.000000000000000000, 0.000000000000000000 ) ) ;
#10576 = DIRECTION ( 'NONE',  ( -0.5773502691896168493, 0.5773502691896168493, 0.5773502691896436056 ) ) ;
#10577 = DIRECTION ( 'NONE',  ( 0.000000000000000000, -0.000000000000000000, 1.000000000000000000 ) ) ;
#10578 = CARTESIAN_POINT ( 'NONE',  ( -24.93809131387232014, 25.95691536355901619, 988.2718057273981458 ) ) ;
#10579 = AXIS2_PLACEMENT_3D ( 'NONE', #8482, #1087, #2166 ) ;
#10580 = ORIENTED_EDGE ( 'NONE', *, *, #2459, .F. ) ;
#10581 = ORIENTED_EDGE ( 'NONE', *, *, #3970, .T. ) ;
#10582 = ORIENTED_EDGE ( 'NONE', *, *, #6661, .T. ) ;
#10583 = CARTESIAN_POINT ( 'NONE',  ( -19.38078370581742860, 25.50177597577769006, 990.8196910003063067 ) ) ;
#10584 = CARTESIAN_POINT ( 'NONE',  ( -19.47297981228107133, -27.42218576757409920, 1002.092770585647258 ) ) ;
#10585 = VECTOR ( 'NONE', #9090, 1000.000000000000000 ) ;
#10586 = EDGE_CURVE ( 'NONE', #982, #3592, #8114, .T. ) ;
#10587 = DIRECTION ( 'NONE',  ( -0.000000000000000000, -0.000000000000000000, -1.000000000000000000 ) ) ;
#10588 = DIRECTION ( 'NONE',  ( 0.000000000000000000, 0.000000000000000000, -1.000000000000000000 ) ) ;
#10589 = VERTEX_POINT ( 'NONE', #6651 ) ;
#10590 = CARTESIAN_POINT ( 'NONE',  ( -34.96771600037860139, 44.52206216784490778, 996.0916631230853682 ) ) ;
#10591 = ORIENTED_EDGE ( 'NONE', *, *, #4534, .F. ) ;
#10592 = ORIENTED_EDGE ( 'NONE', *, *, #2002, .F. ) ;
#10593 = CARTESIAN_POINT ( 'NONE',  ( -17.86771300448399913, 2.842353825779700305, 996.5916601271910622 ) ) ;
#10594 = DIRECTION ( 'NONE',  ( 0.000000000000000000, 0.000000000000000000, -1.000000000000000000 ) ) ;
#10595 = EDGE_CURVE ( 'NONE', #3694, #1896, #8538, .T. ) ;
#10596 = CARTESIAN_POINT ( 'NONE',  ( -22.26771300448400126, -12.47773340385700003, 998.9916601271910395 ) ) ;
#10597 = DIRECTION ( 'NONE',  ( -0.000000000000000000, -0.000000000000000000, 1.000000000000000000 ) ) ;
#10598 = CARTESIAN_POINT ( 'NONE',  ( -19.96228626541133266, 26.50592424392378277, 988.1686431185291895 ) ) ;
#10599 = VECTOR ( 'NONE', #1148, 1000.000000000000000 ) ;
#10600 = CARTESIAN_POINT ( 'NONE',  ( -19.33531664353385793, 25.25415102668768341, 989.2740186791470478 ) ) ;
#10601 = VERTEX_POINT ( 'NONE', #7083 ) ;
#10602 = DIRECTION ( 'NONE',  ( -1.000000000000000000, 0.000000000000000000, 0.000000000000000000 ) ) ;
#10603 = CARTESIAN_POINT ( 'NONE',  ( -25.00879788735867137, 42.78722155116606984, 990.6005752442870289 ) ) ;
#10604 = CARTESIAN_POINT ( 'NONE',  ( -19.41771300448399629, 43.02206366277465577, 993.1916601271910849 ) ) ;
#10605 = CARTESIAN_POINT ( 'NONE',  ( -30.39859637075878140, 0.5772708352942014232, 1000.991660127176715 ) ) ;
#10606 = EDGE_CURVE ( 'NONE', #3155, #7696, #4550, .T. ) ;
#10607 = CARTESIAN_POINT ( 'NONE',  ( -14.33162674035339457, 30.57414358537394250, 1016.641658718408394 ) ) ;
#10608 = CARTESIAN_POINT ( 'NONE',  ( -22.11771300448399558, 28.91940829628347132, 990.4916601271910395 ) ) ;
#10609 = EDGE_CURVE ( 'NONE', #8601, #3958, #10364, .T. ) ;
#10610 = CARTESIAN_POINT ( 'NONE',  ( -16.81842501921068234, 37.55660145725664023, 1003.491660127191039 ) ) ;
#10611 = AXIS2_PLACEMENT_3D ( 'NONE', #874, #3471, #5947 ) ;
#10612 = EDGE_CURVE ( 'NONE', #5973, #1089, #10457, .T. ) ;
#10613 = CARTESIAN_POINT ( 'NONE',  ( -25.87140598204176811, -27.19735288934275630, 1001.534046469477289 ) ) ;
#10614 = ORIENTED_EDGE ( 'NONE', *, *, #6205, .T. ) ;
#10615 = VERTEX_POINT ( 'NONE', #1370 ) ;
#10616 = ORIENTED_EDGE ( 'NONE', *, *, #3304, .F. ) ;
#10617 = ORIENTED_EDGE ( 'NONE', *, *, #9591, .F. ) ;
#10618 = ADVANCED_FACE ( 'NONE', ( #10150 ), #1958, .T. ) ;
#10619 = CARTESIAN_POINT ( 'NONE',  ( -15.81965170120199993, 43.92206330434124339, 987.4916601271910395 ) ) ;
#10620 = ORIENTED_EDGE ( 'NONE', *, *, #2531, .F. ) ;
#10621 = CONICAL_SURFACE ( 'NONE', #8046, 1.649999999999998579, 0.7853981633975702925 ) ;
#10622 = CARTESIAN_POINT ( 'NONE',  ( -29.40912868209696285, 19.82819536793160609, 997.2620079929384929 ) ) ;
#10623 = VECTOR ( 'NONE', #9866, 1000.000000000000000 ) ;
#10624 = CARTESIAN_POINT ( 'NONE',  ( -26.06244619668694185, -28.36553131374809666, 1002.895356525875172 ) ) ;
#10625 = CARTESIAN_POINT ( 'NONE',  ( -18.47297981228107133, -28.25791218717139941, 1004.591660127191176 ) ) ;
#10626 = B_SPLINE_CURVE_WITH_KNOTS ( 'NONE', 3,
 ( #5227, #4533, #1119, #261 ),
 .UNSPECIFIED., .F., .F.,
 ( 4, 4 ),
 ( 0.000000000000000000, 0.0003511615154478013655 ),
 .UNSPECIFIED. ) ;
#10627 = CARTESIAN_POINT ( 'NONE',  ( -27.51795447798598815, 43.92206366277465435, 1008.566659422781527 ) ) ;
#10628 =( BOUNDED_CURVE ( )  B_SPLINE_CURVE ( 3, ( #6890, #8449, #4357, #251 ),
 .UNSPECIFIED., .F., .F. ) 
 B_SPLINE_CURVE_WITH_KNOTS ( ( 4, 4 ),
 ( 2.267835421747028679, 3.141592653589790896 ),
 .UNSPECIFIED. ) 
 CURVE ( )  GEOMETRIC_REPRESENTATION_ITEM ( )  RATIONAL_B_SPLINE_CURVE ( ( 1.000000000000000000, 0.9373845161427687422, 0.9373845161427687422, 1.000000000000000000 ) ) 
 REPRESENTATION_ITEM ( '' )  );
#10629 = DIRECTION ( 'NONE',  ( 1.000000000000000000, 0.000000000000000000, 0.000000000000000000 ) ) ;
#10630 = EDGE_CURVE ( 'NONE', #5918, #5937, #2986, .T. ) ;
#10631 = EDGE_LOOP ( 'NONE', ( #8702, #7797, #9973 ) ) ;
#10632 = ORIENTED_EDGE ( 'NONE', *, *, #9771, .F. ) ;
#10633 = CARTESIAN_POINT ( 'NONE',  ( -25.56756442969668086, -28.95761977572900037, 1002.515961599092179 ) ) ;
#10634 = ORIENTED_EDGE ( 'NONE', *, *, #4921, .T. ) ;
#10635 = DIRECTION ( 'NONE',  ( -0.5000000000000676126, -0.5000000000000555112, -0.7071067811864604202 ) ) ;
#10636 = CARTESIAN_POINT ( 'NONE',  ( -18.47297981228106778, -28.36553131374809666, 1002.895356525875172 ) ) ;
#10637 = CIRCLE ( 'NONE', #7037, 2.700000000000035705 ) ;
#10638 = B_SPLINE_CURVE_WITH_KNOTS ( 'NONE', 3,
 ( #8705, #3678, #5184, #7027 ),
 .UNSPECIFIED., .F., .F.,
 ( 4, 4 ),
 ( 0.000000000000000000, 1.000000000000000000 ),
 .UNSPECIFIED. ) ;
#10639 = CARTESIAN_POINT ( 'NONE',  ( -20.26771282526732065, 26.25339869864175668, 987.4916601271910395 ) ) ;
#10640 = DIRECTION ( 'NONE',  ( 0.000000000000000000, -0.7071067811865914265, 0.7071067811865036079 ) ) ;
#10641 = DIRECTION ( 'NONE',  ( 0.000000000000000000, 1.000000000000000000, 0.000000000000000000 ) ) ;
#10642 = VERTEX_POINT ( 'NONE', #332 ) ;
#10643 = AXIS2_PLACEMENT_3D ( 'NONE', #6529, #2599, #9031 ) ;
#10644 = ORIENTED_EDGE ( 'NONE', *, *, #8967, .F. ) ;
#10645 = VECTOR ( 'NONE', #10324, 999.9999999999998863 ) ;
#10646 = ORIENTED_EDGE ( 'NONE', *, *, #9439, .F. ) ;
#10647 = DIRECTION ( 'NONE',  ( 0.000000000000000000, -1.000000000000000000, 0.000000000000000000 ) ) ;
#10648 =( NAMED_UNIT ( * ) SI_UNIT ( $, .STERADIAN. ) SOLID_ANGLE_UNIT ( ) );
#10649 = PLANE ( 'NONE',  #6248 ) ;
#10650 = VECTOR ( 'NONE', #2944, 1000.000000000000000 ) ;
#10651 = DIRECTION ( 'NONE',  ( -0.000000000000000000, -0.000000000000000000, 1.000000000000000000 ) ) ;
#10652 = EDGE_CURVE ( 'NONE', #3777, #5973, #4436, .T. ) ;
#10653 = CARTESIAN_POINT ( 'NONE',  ( -19.34230535326497957, 25.28680466049889830, 989.6991032893209876 ) ) ;
#10654 = VECTOR ( 'NONE', #1315, 1000.000000000000000 ) ;
#10655 = ORIENTED_EDGE ( 'NONE', *, *, #1724, .T. ) ;
#10656 = DIRECTION ( 'NONE',  ( -0.000000000000000000, 1.000000000000000000, -0.000000000000000000 ) ) ;
#10657 = CARTESIAN_POINT ( 'NONE',  ( -25.81771740916106950, 44.52206296776319761, 1012.541655722513724 ) ) ;
#10658 = DIRECTION ( 'NONE',  ( 0.000000000000000000, 0.000000000000000000, 1.000000000000000000 ) ) ;
#10659 = CARTESIAN_POINT ( 'NONE',  ( -17.47297981228107133, -28.75791218717139941, 1002.435035800164997 ) ) ;
#10660 = DIRECTION ( 'NONE',  ( -1.000000000000000000, 0.000000000000000000, 0.000000000000000000 ) ) ;
#10661 = LINE ( 'NONE', #2481, #187 ) ;
#10662 = CARTESIAN_POINT ( 'NONE',  ( -20.51771300448400126, 6.316134549268400455, 1003.491660127191039 ) ) ;
#10663 = CARTESIAN_POINT ( 'NONE',  ( -17.57294704867233293, 2.557757825279101116, 999.9642785547778203 ) ) ;
#10664 = VERTEX_POINT ( 'NONE', #6046 ) ;
#10665 = ORIENTED_EDGE ( 'NONE', *, *, #3509, .T. ) ;
#10666 = EDGE_LOOP ( 'NONE', ( #5164, #9577, #3060, #8587, #812, #3601 ) ) ;
#10667 = EDGE_CURVE ( 'NONE', #1816, #1753, #1254, .T. ) ;
#10668 = ORIENTED_EDGE ( 'NONE', *, *, #4798, .T. ) ;
#10669 = ORIENTED_EDGE ( 'NONE', *, *, #8850, .F. ) ;
#10670 = CARTESIAN_POINT ( 'NONE',  ( -19.41771300448399629, 27.11090649865633750, 992.7922280107690085 ) ) ;
#10671 = VERTEX_POINT ( 'NONE', #6156 ) ;
#10672 = CIRCLE ( 'NONE', #4982, 1.000000000000013323 ) ;
#10673 = CARTESIAN_POINT ( 'NONE',  ( -17.19736513873639439, 14.82819536793152793, 997.2620079929386065 ) ) ;
#10674 = DIRECTION ( 'NONE',  ( -0.000000000000000000, 0.000000000000000000, 1.000000000000000000 ) ) ;
#10675 = EDGE_CURVE ( 'NONE', #1245, #6844, #7097, .T. ) ;
#10676 = DIRECTION ( 'NONE',  ( -0.000000000000000000, -0.000000000000000000, -1.000000000000000000 ) ) ;
#10677 = DIRECTION ( 'NONE',  ( 0.8219043574876576663, 0.5696255148277687974, 0.000000000000000000 ) ) ;
ENDSEC;
END-ISO-10303-21;
