ISO-10303-21;
HEADER;
FILE_DESCRIPTION (( 'STEP AP214' ),
    '1' );
FILE_NAME ('Filament Buffer Holder.STEP',
    '2026-06-11T17:30:03',
    ( '' ),
    ( '' ),
    'SwSTEP 2.0',
    'SolidWorks 2026',
    '' );
FILE_SCHEMA (( 'AUTOMOTIVE_DESIGN' ));
ENDSEC;

DATA;
#1 = PLANE ( 'NONE',  #3186 ) ;
#2 = EDGE_CURVE ( 'NONE', #702, #642, #19, .T. ) ;
#3 = ORIENTED_EDGE ( 'NONE', *, *, #132, .F. ) ;
#4 = ORIENTED_EDGE ( 'NONE', *, *, #356, .F. ) ;
#5 = ORIENTED_EDGE ( 'NONE', *, *, #5983, .T. ) ;
#6 = CARTESIAN_POINT ( 'NONE',  ( -1.899999999999999911, -2.100000000000000089, -5.837564434701790539 ) ) ;
#7 = DIRECTION ( 'NONE',  ( 0.4999999999999980571, 0.000000000000000000, -0.8660254037844397068 ) ) ;
#8 = EDGE_LOOP ( 'NONE', ( #3585, #2159, #2206, #3643, #1822, #1346 ) ) ;
#9 = ORIENTED_EDGE ( 'NONE', *, *, #1807, .T. ) ;
#10 = DIRECTION ( 'NONE',  ( 0.000000000000000000, 0.000000000000000000, -1.000000000000000000 ) ) ;
#11 = PLANE ( 'NONE',  #3751 ) ;
#12 = EDGE_CURVE ( 'NONE', #1127, #401, #5558, .T. ) ;
#13 = ADVANCED_FACE ( 'NONE', ( #1983 ), #2590, .F. ) ;
#14 = AXIS2_PLACEMENT_3D ( 'NONE', #5854, #3792, #4338 ) ;
#15 = VERTEX_POINT ( 'NONE', #4049 ) ;
#16 = CARTESIAN_POINT ( 'NONE',  ( 0.000000000000000000, 0.000000000000000000, -20.50000000000000000 ) ) ;
#17 = ORIENTED_EDGE ( 'NONE', *, *, #1608, .T. ) ;
#18 = CARTESIAN_POINT ( 'NONE',  ( -2.424871130596424784, 0.000000000000000000, -2.000000000000000000 ) ) ;
#19 = CIRCLE ( 'NONE', #1741, 2.100000000000000089 ) ;
#20 = CARTESIAN_POINT ( 'NONE',  ( -1.683822231733320018, 14.41654501620642037, 8.757045778525119673 ) ) ;
#21 = DIRECTION ( 'NONE',  ( -0.000000000000000000, -0.000000000000000000, 1.000000000000000000 ) ) ;
#22 = EDGE_CURVE ( 'NONE', #2987, #1524, #3066, .T. ) ;
#23 =( LENGTH_UNIT ( ) NAMED_UNIT ( * ) SI_UNIT ( .MILLI., .METRE. ) );
#24 = ORIENTED_EDGE ( 'NONE', *, *, #2875, .T. ) ;
#25 = AXIS2_PLACEMENT_3D ( 'NONE', #5599, #3581, #32 ) ;
#26 = DIRECTION ( 'NONE',  ( 1.321804669554632946E-16, -0.7071067811865474617, -0.7071067811865476838 ) ) ;
#27 = DIRECTION ( 'NONE',  ( 0.000000000000000000, 0.000000000000000000, -1.000000000000000000 ) ) ;
#28 = DIRECTION ( 'NONE',  ( 0.000000000000000000, 1.000000000000000000, 0.000000000000000000 ) ) ;
#29 = VERTEX_POINT ( 'NONE', #6713 ) ;
#30 = PLANE ( 'NONE',  #5164 ) ;
#31 = DIRECTION ( 'NONE',  ( -1.000000000000000000, 0.000000000000000000, 0.000000000000000000 ) ) ;
#32 = DIRECTION ( 'NONE',  ( 1.000000000000000000, 0.000000000000000000, 0.000000000000000000 ) ) ;
#33 = DIRECTION ( 'NONE',  ( 0.000000000000000000, 0.000000000000000000, -1.000000000000000000 ) ) ;
#34 = ORIENTED_EDGE ( 'NONE', *, *, #6439, .F. ) ;
#35 = EDGE_CURVE ( 'NONE', #1830, #3290, #3573, .T. ) ;
#36 = EDGE_LOOP ( 'NONE', ( #5245, #625, #5594, #2655 ) ) ;
#37 = ORIENTED_EDGE ( 'NONE', *, *, #6376, .T. ) ;
#38 = ADVANCED_FACE ( 'NONE', ( #1945 ), #1474, .T. ) ;
#39 = CARTESIAN_POINT ( 'NONE',  ( -1.212435565298213724, -2.100000000000000089, 3.000000000000000000 ) ) ;
#40 = CARTESIAN_POINT ( 'NONE',  ( 0.000000000000000000, 0.000000000000000000, -12.09999999999999964 ) ) ;
#41 = VECTOR ( 'NONE', #5748, 1000.000000000000000 ) ;
#42 = ORIENTED_EDGE ( 'NONE', *, *, #2156, .T. ) ;
#43 = ORIENTED_EDGE ( 'NONE', *, *, #3339, .T. ) ;
#44 = AXIS2_PLACEMENT_3D ( 'NONE', #516, #5200, #2584 ) ;
#45 = B_SPLINE_CURVE_WITH_KNOTS ( 'NONE', 3,
 ( #517, #20, #5754, #3023 ),
 .UNSPECIFIED., .F., .F.,
 ( 4, 4 ),
 ( 0.000000000000000000, 0.0007121884229678300234 ),
 .UNSPECIFIED. ) ;
#46 = VERTEX_POINT ( 'NONE', #5627 ) ;
#47 = FACE_OUTER_BOUND ( 'NONE', #3256, .T. ) ;
#48 = VECTOR ( 'NONE', #1802, 1000.000000000000000 ) ;
#49 = ORIENTED_EDGE ( 'NONE', *, *, #3419, .F. ) ;
#50 = DIRECTION ( 'NONE',  ( -0.000000000000000000, 1.000000000000000000, 0.000000000000000000 ) ) ;
#51 = ORIENTED_EDGE ( 'NONE', *, *, #4417, .F. ) ;
#52 = VECTOR ( 'NONE', #28, 1000.000000000000000 ) ;
#53 = CARTESIAN_POINT ( 'NONE',  ( -1.899999999999999911, 1.292307692307689937, -7.049999999999999822 ) ) ;
#54 = VECTOR ( 'NONE', #1914, 1000.000000000000000 ) ;
#55 = CARTESIAN_POINT ( 'NONE',  ( 0.000000000000000000, 0.000000000000000000, -12.05999999999999872 ) ) ;
#56 = DIRECTION ( 'NONE',  ( -1.000000000000000000, 0.000000000000000000, 0.000000000000000000 ) ) ;
#57 = VERTEX_POINT ( 'NONE', #4008 ) ;
#58 = DIRECTION ( 'NONE',  ( 1.000000000000000000, 0.000000000000000000, 0.000000000000000000 ) ) ;
#59 = ADVANCED_FACE ( 'NONE', ( #994 ), #5697, .T. ) ;
#60 = ORIENTED_EDGE ( 'NONE', *, *, #1114, .T. ) ;
#61 = DIRECTION ( 'NONE',  ( -1.000000000000000000, 0.000000000000000000, -0.000000000000000000 ) ) ;
#62 = CARTESIAN_POINT ( 'NONE',  ( -0.6350852961085869941, -1.100000000000000089, -9.110446325209599294 ) ) ;
#63 = CARTESIAN_POINT ( 'NONE',  ( -13.39620822693661673, -2.500000000000003109, 7.166987298107788007 ) ) ;
#64 = LINE ( 'NONE', #2122, #6337 ) ;
#65 = ORIENTED_EDGE ( 'NONE', *, *, #4653, .T. ) ;
#66 = ORIENTED_EDGE ( 'NONE', *, *, #956, .T. ) ;
#67 = EDGE_CURVE ( 'NONE', #5408, #4360, #1840, .T. ) ;
#68 = DIRECTION ( 'NONE',  ( 0.000000000000000000, 0.000000000000000000, -1.000000000000000000 ) ) ;
#69 = VERTEX_POINT ( 'NONE', #5178 ) ;
#70 = CARTESIAN_POINT ( 'NONE',  ( -1.020000000000016227, -1.766691823720250243, -11.41000000000000014 ) ) ;
#71 = CARTESIAN_POINT ( 'NONE',  ( -4.299999999999999822, 14.75000000000000000, 11.75999999999999979 ) ) ;
#72 = EDGE_CURVE ( 'NONE', #1942, #2263, #3540, .T. ) ;
#73 = VERTEX_POINT ( 'NONE', #1438 ) ;
#74 = ORIENTED_EDGE ( 'NONE', *, *, #2276, .F. ) ;
#75 = VECTOR ( 'NONE', #4762, 1000.000000000000000 ) ;
#76 = EDGE_LOOP ( 'NONE', ( #2104, #2599, #6241, #4523 ) ) ;
#77 = VECTOR ( 'NONE', #2387, 1000.000000000000000 ) ;
#78 = CARTESIAN_POINT ( 'NONE',  ( -9.114008613798072034, 17.20782925763267102, -0.2499999999999989175 ) ) ;
#79 = CARTESIAN_POINT ( 'NONE',  ( 0.000000000000000000, 0.000000000000000000, -16.40116666666666845 ) ) ;
#80 = VECTOR ( 'NONE', #5063, 1000.000000000000227 ) ;
#81 = VERTEX_POINT ( 'NONE', #393 ) ;
#82 = CARTESIAN_POINT ( 'NONE',  ( 1.750000000000000000, 18.25000000000000000, -0.5000000000000000000 ) ) ;
#83 = ORIENTED_EDGE ( 'NONE', *, *, #4955, .F. ) ;
#84 = DIRECTION ( 'NONE',  ( -0.5000000000000003331, -0.8660254037844385966, 0.000000000000000000 ) ) ;
#85 = AXIS2_PLACEMENT_3D ( 'NONE', #4954, #314, #5535 ) ;
#86 = CARTESIAN_POINT ( 'NONE',  ( -1.164323042865747837, 0.1833333333333414805, -10.41000000000000014 ) ) ;
#87 = FACE_OUTER_BOUND ( 'NONE', #4265, .T. ) ;
#88 = ORIENTED_EDGE ( 'NONE', *, *, #2164, .F. ) ;
#89 = VECTOR ( 'NONE', #2474, 1000.000000000000000 ) ;
#90 = ORIENTED_EDGE ( 'NONE', *, *, #3519, .F. ) ;
#91 = CARTESIAN_POINT ( 'NONE',  ( -0.6350852961085869941, 1.100000000000000089, -4.989553674790399462 ) ) ;
#92 = ORIENTED_EDGE ( 'NONE', *, *, #4630, .F. ) ;
#93 = CARTESIAN_POINT ( 'NONE',  ( 0.5292377467571499627, 1.099999999999988098, -10.41000000000000014 ) ) ;
#94 = CARTESIAN_POINT ( 'NONE',  ( -25.37000000000000099, -2.500000000000000000, -20.50000000000000000 ) ) ;
#95 = CARTESIAN_POINT ( 'NONE',  ( -5.482928049865329889, -3.000000000000000000, -20.50000000000000000 ) ) ;
#96 = EDGE_CURVE ( 'NONE', #1846, #2315, #4439, .T. ) ;
#97 = DIRECTION ( 'NONE',  ( -1.000000000000000000, 9.883255455076347948E-16, 1.387123572642294231E-15 ) ) ;
#98 = DIRECTION ( 'NONE',  ( 0.000000000000000000, -0.7071067811865474617, 0.7071067811865474617 ) ) ;
#99 = ORIENTED_EDGE ( 'NONE', *, *, #3469, .T. ) ;
#100 = ORIENTED_EDGE ( 'NONE', *, *, #3941, .F. ) ;
#101 = DIRECTION ( 'NONE',  ( 0.000000000000000000, -1.000000000000000000, 0.000000000000000000 ) ) ;
#102 = VERTEX_POINT ( 'NONE', #2461 ) ;
#103 = CARTESIAN_POINT ( 'NONE',  ( -0.9232413386887032836, -1.142279921297718159, -5.480994894654060978 ) ) ;
#104 = LINE ( 'NONE', #5298, #2169 ) ;
#105 = ORIENTED_EDGE ( 'NONE', *, *, #5636, .F. ) ;
#106 = ORIENTED_EDGE ( 'NONE', *, *, #3136, .T. ) ;
#107 = ORIENTED_EDGE ( 'NONE', *, *, #5374, .T. ) ;
#108 = DIRECTION ( 'NONE',  ( -0.4999999999999680811, -0.5025327086123004827, -0.7053090647190185525 ) ) ;
#109 = ORIENTED_EDGE ( 'NONE', *, *, #4480, .T. ) ;
#110 = DIRECTION ( 'NONE',  ( 1.000000000000000000, -0.000000000000000000, 0.000000000000000000 ) ) ;
#111 = VERTEX_POINT ( 'NONE', #4601 ) ;
#112 = DIRECTION ( 'NONE',  ( 0.000000000000000000, 0.000000000000000000, 1.000000000000000000 ) ) ;
#113 = ADVANCED_FACE ( 'NONE', ( #456 ), #4503, .F. ) ;
#114 = ADVANCED_FACE ( 'NONE', ( #775, #6077 ), #4374, .T. ) ;
#115 = FACE_OUTER_BOUND ( 'NONE', #6295, .T. ) ;
#116 = DIRECTION ( 'NONE',  ( -0.4999999999999947264, -0.5025327086122917120, -0.7053090647190058959 ) ) ;
#117 = EDGE_CURVE ( 'NONE', #278, #3987, #2403, .T. ) ;
#118 = VECTOR ( 'NONE', #173, 1000.000000000000114 ) ;
#119 = VERTEX_POINT ( 'NONE', #3385 ) ;
#120 = FACE_OUTER_BOUND ( 'NONE', #5392, .T. ) ;
#121 = VECTOR ( 'NONE', #2371, 1000.000000000000000 ) ;
#122 = EDGE_LOOP ( 'NONE', ( #2084, #2102, #4133, #4273 ) ) ;
#123 = CARTESIAN_POINT ( 'NONE',  ( 1.270170592217156003, -1.214306433183764019E-14, -10.41000000000000014 ) ) ;
#124 = DIRECTION ( 'NONE',  ( 0.5000000000000003331, 0.8660254037844384856, -1.000954939943772679E-15 ) ) ;
#125 = FACE_OUTER_BOUND ( 'NONE', #2392, .T. ) ;
#126 = DIRECTION ( 'NONE',  ( 0.000000000000000000, -1.000000000000000000, 0.000000000000000000 ) ) ;
#127 = DIRECTION ( 'NONE',  ( -0.000000000000000000, -0.000000000000000000, -1.000000000000000000 ) ) ;
#128 = CARTESIAN_POINT ( 'NONE',  ( -4.299999999999999822, 20.24999999999999645, 8.810000000000000497 ) ) ;
#129 = ORIENTED_EDGE ( 'NONE', *, *, #1406, .T. ) ;
#130 = VERTEX_POINT ( 'NONE', #3415 ) ;
#131 = DIRECTION ( 'NONE',  ( 0.000000000000000000, 0.000000000000000000, -1.000000000000000000 ) ) ;
#132 = EDGE_CURVE ( 'NONE', #5815, #5727, #3357, .T. ) ;
#133 = PLANE ( 'NONE',  #1441 ) ;
#134 = VERTEX_POINT ( 'NONE', #2912 ) ;
#135 = CARTESIAN_POINT ( 'NONE',  ( -0.6880090707843209419, -1.008333333333321757, -10.41000000000000014 ) ) ;
#136 = CARTESIAN_POINT ( 'NONE',  ( 3.120000000000000107, 3.820898013339744886E-16, -12.35999999999999943 ) ) ;
#137 = DIRECTION ( 'NONE',  ( 0.000000000000000000, 0.000000000000000000, 1.000000000000000000 ) ) ;
#138 = VERTEX_POINT ( 'NONE', #1312 ) ;
#139 = VERTEX_POINT ( 'NONE', #4986 ) ;
#140 = EDGE_CURVE ( 'NONE', #6393, #5258, #4405, .T. ) ;
#141 = VERTEX_POINT ( 'NONE', #3955 ) ;
#142 = PLANE ( 'NONE',  #1270 ) ;
#143 = CARTESIAN_POINT ( 'NONE',  ( 5.728219618694802229, -2.500000000000000444, -0.5000000000000004441 ) ) ;
#144 = AXIS2_PLACEMENT_3D ( 'NONE', #4383, #5442, #5312 ) ;
#145 = ORIENTED_EDGE ( 'NONE', *, *, #1017, .F. ) ;
#146 = AXIS2_PLACEMENT_3D ( 'NONE', #5753, #5720, #1083 ) ;
#147 = EDGE_CURVE ( 'NONE', #4360, #5408, #4217, .T. ) ;
#148 = ORIENTED_EDGE ( 'NONE', *, *, #3819, .F. ) ;
#149 = CARTESIAN_POINT ( 'NONE',  ( 4.099999999999977440, -1.402620392365534310E-14, -20.19999999999999929 ) ) ;
#150 = AXIS2_PLACEMENT_3D ( 'NONE', #4241, #26, #5696 ) ;
#151 = CIRCLE ( 'NONE', #2738, 4.399999999999994138 ) ;
#152 = CARTESIAN_POINT ( 'NONE',  ( -1.019999999999986029, 1.766691823720265120, -11.41000000000000014 ) ) ;
#153 = DIRECTION ( 'NONE',  ( 0.000000000000000000, 0.000000000000000000, 1.000000000000000000 ) ) ;
#154 = ORIENTED_EDGE ( 'NONE', *, *, #2177, .T. ) ;
#155 = ADVANCED_FACE ( 'NONE', ( #2845 ), #6046, .F. ) ;
#156 = DIRECTION ( 'NONE',  ( -0.4999999999999946709, -0.5025327086122919340, -0.7053090647190057849 ) ) ;
#157 = AXIS2_PLACEMENT_3D ( 'NONE', #3612, #5043, #4602 ) ;
#158 = LINE ( 'NONE', #2150, #5786 ) ;
#159 = AXIS2_PLACEMENT_3D ( 'NONE', #4048, #959, #6096 ) ;
#160 = VECTOR ( 'NONE', #4718, 1000.000000000000000 ) ;
#161 = EDGE_LOOP ( 'NONE', ( #1371, #3061, #106, #5959 ) ) ;
#162 = CARTESIAN_POINT ( 'NONE',  ( -14.57922092882883724, 17.20782925763267102, 8.349999999999999645 ) ) ;
#163 = CARTESIAN_POINT ( 'NONE',  ( -1.308756487256260037, 1.575053915087194945, -11.41000000000000014 ) ) ;
#164 = DIRECTION ( 'NONE',  ( 0.7745966692414801846, -0.1047132600274612163, 0.6237268097287674840 ) ) ;
#165 = LINE ( 'NONE', #3806, #5217 ) ;
#166 = FACE_OUTER_BOUND ( 'NONE', #1759, .T. ) ;
#167 = ORIENTED_EDGE ( 'NONE', *, *, #623, .F. ) ;
#168 = DIRECTION ( 'NONE',  ( 0.7071067811865474617, 0.000000000000000000, 0.7071067811865474617 ) ) ;
#169 = ORIENTED_EDGE ( 'NONE', *, *, #4972, .T. ) ;
#170 = FACE_OUTER_BOUND ( 'NONE', #405, .T. ) ;
#171 = DIRECTION ( 'NONE',  ( -7.190116423725421880E-17, -0.5802747891877946262, -0.8144207567547996351 ) ) ;
#172 = AXIS2_PLACEMENT_3D ( 'NONE', #2963, #5039, #5140 ) ;
#173 = DIRECTION ( 'NONE',  ( 0.000000000000000000, -0.8660254037844383745, -0.5000000000000003331 ) ) ;
#174 = EDGE_CURVE ( 'NONE', #1090, #1314, #5975, .T. ) ;
#175 = EDGE_LOOP ( 'NONE', ( #2007, #1153, #4148 ) ) ;
#176 = CARTESIAN_POINT ( 'NONE',  ( -10.34999999999999964, 0.000000000000000000, -0.5000000000000000000 ) ) ;
#177 = ORIENTED_EDGE ( 'NONE', *, *, #3969, .T. ) ;
#178 = DIRECTION ( 'NONE',  ( 7.922903972630177082E-17, 0.7071067811865520136, 0.7071067811865431318 ) ) ;
#179 = CARTESIAN_POINT ( 'NONE',  ( 1.058475493514297927, 0.3666666666666545393, -10.41000000000000014 ) ) ;
#180 = CARTESIAN_POINT ( 'NONE',  ( -0.8275426480543111030, -1.433345911860119948, -10.91000000000000014 ) ) ;
#181 = ORIENTED_EDGE ( 'NONE', *, *, #1823, .F. ) ;
#182 = EDGE_CURVE ( 'NONE', #5743, #29, #2881, .T. ) ;
#183 = EDGE_LOOP ( 'NONE', ( #1924, #1757, #1440, #2840, #5584, #5340 ) ) ;
#184 = ADVANCED_FACE ( 'NONE', ( #5919 ), #2810, .T. ) ;
#185 = FACE_OUTER_BOUND ( 'NONE', #5103, .T. ) ;
#186 = DIRECTION ( 'NONE',  ( -0.7071067811865439090, 0.7071067811865510144, 0.000000000000000000 ) ) ;
#188 = TOROIDAL_SURFACE ( 'NONE', #1473, 2.599602749461809914, 0.5000000000000000000 ) ;
#187 = DIRECTION ( 'NONE',  ( 0.4999999999999678035, 0.5025327086123008158, 0.7053090647190185525 ) ) ;
#189 = ORIENTED_EDGE ( 'NONE', *, *, #4569, .T. ) ;
#190 = PLANE ( 'NONE',  #2515 ) ;
#191 =( BOUNDED_CURVE ( )  B_SPLINE_CURVE ( 3, ( #2482, #4036, #6127, #5133 ),
 .UNSPECIFIED., .F., .T. ) 
 B_SPLINE_CURVE_WITH_KNOTS ( ( 4, 4 ),
 ( 6.224619116332354096, 6.393373859897678813 ),
 .UNSPECIFIED. ) 
 CURVE ( )  GEOMETRIC_REPRESENTATION_ITEM ( )  RATIONAL_B_SPLINE_CURVE ( ( 1.000000000000000000, 0.9976282273724215166, 0.9976282273724215166, 1.000000000000000000 ) ) 
 REPRESENTATION_ITEM ( '' )  );
#192 = AXIS2_PLACEMENT_3D ( 'NONE', #3997, #2984, #3966 ) ;
#193 = ORIENTED_EDGE ( 'NONE', *, *, #1181, .F. ) ;
#194 = CARTESIAN_POINT ( 'NONE',  ( -17.37000000000000099, 2.000000000000008882, 4.336808689942017736E-16 ) ) ;
#195 = DIRECTION ( 'NONE',  ( -1.000000000000000000, 2.478176394252580155E-16, 0.000000000000000000 ) ) ;
#196 = CARTESIAN_POINT ( 'NONE',  ( -1.212435565298211948, 2.100000000000000089, -2.000000000000000000 ) ) ;
#197 = VECTOR ( 'NONE', #4676, 1000.000000000000000 ) ;
#198 = DIRECTION ( 'NONE',  ( -0.7071067811865495711, -0.7071067811865455743, 0.000000000000000000 ) ) ;
#199 = CARTESIAN_POINT ( 'NONE',  ( -1.469242059134210576, -6.466231267846147847E-07, -9.261037840869606796 ) ) ;
#200 = ORIENTED_EDGE ( 'NONE', *, *, #5126, .T. ) ;
#201 = LINE ( 'NONE', #5325, #3184 ) ;
#202 = EDGE_CURVE ( 'NONE', #1310, #3105, #3579, .T. ) ;
#203 = EDGE_LOOP ( 'NONE', ( #5637, #351, #5366, #6146 ) ) ;
#204 = CARTESIAN_POINT ( 'NONE',  ( -1.005551718838610054, -0.4583333333333209914, -10.41000000000000014 ) ) ;
#205 = DIRECTION ( 'NONE',  ( 0.000000000000000000, 0.000000000000000000, 1.000000000000000000 ) ) ;
#206 = EDGE_CURVE ( 'NONE', #5566, #1830, #4821, .T. ) ;
#207 = FACE_OUTER_BOUND ( 'NONE', #1683, .T. ) ;
#208 = B_SPLINE_CURVE_WITH_KNOTS ( 'NONE', 1,
 ( #5253, #5867 ),
 .UNSPECIFIED., .F., .F.,
 ( 2, 2 ),
 ( 0.000000000000000000, 0.001527525231651944218 ),
 .UNSPECIFIED. ) ;
#209 = EDGE_LOOP ( 'NONE', ( #5222, #189, #6631, #909 ) ) ;
#210 = ORIENTED_EDGE ( 'NONE', *, *, #2861, .T. ) ;
#211 = ORIENTED_EDGE ( 'NONE', *, *, #709, .T. ) ;
#212 = CARTESIAN_POINT ( 'NONE',  ( -1.111498809414284139, -1.292307692307689937, -5.594593973886569316 ) ) ;
#213 = FACE_BOUND ( 'NONE', #5414, .T. ) ;
#214 = ORIENTED_EDGE ( 'NONE', *, *, #3735, .F. ) ;
#215 = CARTESIAN_POINT ( 'NONE',  ( -9.799999999999998934, 8.828427124746188071, -12.25000000000000000 ) ) ;
#216 = EDGE_CURVE ( 'NONE', #6160, #1127, #4113, .T. ) ;
#217 = CARTESIAN_POINT ( 'NONE',  ( 2.725646695936454034, 5.624353304063561154, -20.00000000000000000 ) ) ;
#218 = EDGE_CURVE ( 'NONE', #340, #2697, #3763, .T. ) ;
#219 = LINE ( 'NONE', #1123, #4593 ) ;
#220 = DIRECTION ( 'NONE',  ( -0.000000000000000000, -0.000000000000000000, 1.000000000000000000 ) ) ;
#221 = VERTEX_POINT ( 'NONE', #714 ) ;
#222 = CARTESIAN_POINT ( 'NONE',  ( -3.324982432771057539, 9.091744797830415337, -15.21288224974244230 ) ) ;
#223 = SPHERICAL_SURFACE ( 'NONE', #1450, 2.100000000000000089 ) ;
#224 = EDGE_CURVE ( 'NONE', #2300, #702, #1194, .T. ) ;
#225 = CARTESIAN_POINT ( 'NONE',  ( -9.849999999999912603, 6.290137394593912745, -20.09278962162260029 ) ) ;
#226 = ADVANCED_FACE ( 'NONE', ( #4886, #6423 ), #2304, .F. ) ;
#227 = CARTESIAN_POINT ( 'NONE',  ( -0.1058475493514339921, 1.100000000000000089, -10.41000000000000014 ) ) ;
#228 = FACE_OUTER_BOUND ( 'NONE', #3089, .T. ) ;
#229 = CARTESIAN_POINT ( 'NONE',  ( -0.7418729207942444948, -1.099999999999999867, -5.323019799680318798 ) ) ;
#230 = CARTESIAN_POINT ( 'NONE',  ( 2.040000000000000036, -1.873637355284489959E-14, -11.41000000000000014 ) ) ;
#231 = AXIS2_PLACEMENT_3D ( 'NONE', #5709, #6253, #536 ) ;
#232 = EDGE_LOOP ( 'NONE', ( #341, #4335, #5660, #6182 ) ) ;
#233 = ADVANCED_FACE ( 'NONE', ( #1928 ), #540, .T. ) ;
#234 = ORIENTED_EDGE ( 'NONE', *, *, #2490, .F. ) ;
#235 = DIRECTION ( 'NONE',  ( -1.000000000000000000, 0.000000000000000000, 0.000000000000000000 ) ) ;
#236 = EDGE_LOOP ( 'NONE', ( #6402, #2247 ) ) ;
#237 = DIRECTION ( 'NONE',  ( 0.000000000000000000, 0.000000000000000000, 1.000000000000000000 ) ) ;
#238 = LINE ( 'NONE', #5715, #2458 ) ;
#239 = CARTESIAN_POINT ( 'NONE',  ( -9.167129367582630195, 18.25000000000000000, 3.052427608969440431 ) ) ;
#240 = LINE ( 'NONE', #3820, #4599 ) ;
#241 = EDGE_CURVE ( 'NONE', #119, #5060, #6556, .T. ) ;
#242 = EDGE_LOOP ( 'NONE', ( #1557, #3853, #6675, #6600 ) ) ;
#243 = CIRCLE ( 'NONE', #25, 3.899999999999999911 ) ;
#244 = ORIENTED_EDGE ( 'NONE', *, *, #2617, .F. ) ;
#245 = ORIENTED_EDGE ( 'NONE', *, *, #2040, .T. ) ;
#246 = DIRECTION ( 'NONE',  ( 0.000000000000000000, -0.7071067811865531239, -0.7071067811865420216 ) ) ;
#247 = CARTESIAN_POINT ( 'NONE',  ( 0.7409328454600099256, 0.9166666666666539731, -10.41000000000000014 ) ) ;
#248 = ORIENTED_EDGE ( 'NONE', *, *, #5850, .T. ) ;
#249 = CARTESIAN_POINT ( 'NONE',  ( 0.000000000000000000, 0.000000000000000000, -12.09999999999999964 ) ) ;
#250 = PLANE ( 'NONE',  #2427 ) ;
#251 = CARTESIAN_POINT ( 'NONE',  ( -2.149999999999999911, 2.100000000000000089, -5.837564434701790539 ) ) ;
#252 = VECTOR ( 'NONE', #2718, 1000.000000000000000 ) ;
#253 = DIRECTION ( 'NONE',  ( 0.000000000000000000, 0.000000000000000000, -1.000000000000000000 ) ) ;
#254 = AXIS2_PLACEMENT_3D ( 'NONE', #882, #2958, #918 ) ;
#255 = EDGE_LOOP ( 'NONE', ( #6270, #1494, #969, #1481 ) ) ;
#256 = DIRECTION ( 'NONE',  ( -1.000000000000000000, 0.000000000000000000, 0.000000000000000000 ) ) ;
#257 = VECTOR ( 'NONE', #3127, 1000.000000000000000 ) ;
#258 = VECTOR ( 'NONE', #6120, 1000.000000000000000 ) ;
#259 = APPLICATION_CONTEXT ( 'automotive_design' ) ;
#260 = DIRECTION ( 'NONE',  ( 0.000000000000000000, 0.000000000000000000, -1.000000000000000000 ) ) ;
#261 = CARTESIAN_POINT ( 'NONE',  ( -1.354934003656415475, -3.530532396330315941E-05, -4.729282904539311438 ) ) ;
#262 = VECTOR ( 'NONE', #2430, 1000.000000000000227 ) ;
#263 = CARTESIAN_POINT ( 'NONE',  ( -0.7636325855405680096, 1.100000000000000089, -8.755482072422580586 ) ) ;
#264 = AXIS2_PLACEMENT_3D ( 'NONE', #4112, #4007, #2998 ) ;
#265 = CARTESIAN_POINT ( 'NONE',  ( 1.857794549146830176, -0.8622054508531811212, -11.41000000000000014 ) ) ;
#266 = EDGE_CURVE ( 'NONE', #5302, #6160, #5020, .T. ) ;
#267 = VERTEX_POINT ( 'NONE', #4957 ) ;
#268 = AXIS2_PLACEMENT_3D ( 'NONE', #1816, #2327, #5968 ) ;
#269 = ADVANCED_FACE ( 'NONE', ( #4924 ), #3483, .T. ) ;
#270 = DIRECTION ( 'NONE',  ( -1.000000000000000000, 8.535878401915731023E-15, 0.000000000000000000 ) ) ;
#271 = VERTEX_POINT ( 'NONE', #6519 ) ;
#272 = AXIS2_PLACEMENT_3D ( 'NONE', #4940, #1183, #6508 ) ;
#273 = DIRECTION ( 'NONE',  ( -0.000000000000000000, -0.000000000000000000, 1.000000000000000000 ) ) ;
#274 = CARTESIAN_POINT ( 'NONE',  ( -2.206173157302020904, -2.206173157302025345, -12.34999999999999964 ) ) ;
#275 = CARTESIAN_POINT ( 'NONE',  ( -24.87000000000000099, 6.000000000000008882, -20.00000000000001066 ) ) ;
#276 = DIRECTION ( 'NONE',  ( -0.000000000000000000, -0.000000000000000000, 1.000000000000000000 ) ) ;
#277 = EDGE_CURVE ( 'NONE', #6100, #2013, #316, .T. ) ;
#278 = VERTEX_POINT ( 'NONE', #4505 ) ;
#279 = EDGE_LOOP ( 'NONE', ( #2027, #4098, #538, #3750 ) ) ;
#280 = ADVANCED_FACE ( 'NONE', ( #6018 ), #6078, .F. ) ;
#281 = ORIENTED_EDGE ( 'NONE', *, *, #356, .T. ) ;
#282 = CARTESIAN_POINT ( 'NONE',  ( -0.1822054508531819883, -2.040000000000000036, -11.41000000000000014 ) ) ;
#283 = EDGE_CURVE ( 'NONE', #3077, #3531, #5206, .T. ) ;
#284 = DIRECTION ( 'NONE',  ( 0.8660254037844387076, 0.4999999999999998890, 0.000000000000000000 ) ) ;
#285 = ORIENTED_EDGE ( 'NONE', *, *, #2276, .T. ) ;
#286 = CYLINDRICAL_SURFACE ( 'NONE', #1544, 1.000000000000000888 ) ;
#287 = CARTESIAN_POINT ( 'NONE',  ( -23.58636498466335496, 0.2055718025953980066, -21.78363501533664248 ) ) ;
#288 = VECTOR ( 'NONE', #3341, 1000.000000000000000 ) ;
#289 = EDGE_CURVE ( 'NONE', #1279, #1925, #5539, .T. ) ;
#290 = CARTESIAN_POINT ( 'NONE',  ( -4.320000000000000284, 0.000000000000000000, -14.92999999999999972 ) ) ;
#291 = LINE ( 'NONE', #2349, #1479 ) ;
#292 = ORIENTED_EDGE ( 'NONE', *, *, #6370, .T. ) ;
#293 = PLANE ( 'NONE',  #1862 ) ;
#294 = AXIS2_PLACEMENT_3D ( 'NONE', #1745, #5284, #3805 ) ;
#295 = DIRECTION ( 'NONE',  ( 0.7394069758587369368, 0.6607849555008741271, -0.1289983202803237916 ) ) ;
#296 = FACE_OUTER_BOUND ( 'NONE', #3121, .T. ) ;
#297 = FACE_BOUND ( 'NONE', #209, .T. ) ;
#298 = PLANE ( 'NONE',  #5931 ) ;
#299 = DIRECTION ( 'NONE',  ( 0.000000000000000000, 0.000000000000000000, -1.000000000000000000 ) ) ;
#300 = VECTOR ( 'NONE', #5031, 1000.000000000000000 ) ;
#301 = DIRECTION ( 'NONE',  ( 0.8660254037844378194, 0.000000000000000000, -0.5000000000000015543 ) ) ;
#302 = DIRECTION ( 'NONE',  ( 1.707175680383139835E-16, 1.000000000000000000, 0.000000000000000000 ) ) ;
#303 = DIRECTION ( 'NONE',  ( 0.000000000000000000, 0.000000000000000000, 1.000000000000000000 ) ) ;
#304 = EDGE_LOOP ( 'NONE', ( #292, #5311, #4644, #3945 ) ) ;
#305 = CIRCLE ( 'NONE', #85, 1.700000000000000178 ) ;
#306 = PLANE ( 'NONE',  #5175 ) ;
#307 = EDGE_CURVE ( 'NONE', #5684, #2842, #2404, .T. ) ;
#308 = LINE ( 'NONE', #274, #2565 ) ;
#309 = CARTESIAN_POINT ( 'NONE',  ( -3.463711031047917110, 14.82815631357589226, -8.109605173928589039 ) ) ;
#310 = CARTESIAN_POINT ( 'NONE',  ( -25.37000000000000099, 3.100000000000008527, 4.899999999999999467 ) ) ;
#311 = EDGE_LOOP ( 'NONE', ( #4189, #5095, #620, #3773, #3624, #2292, #2955, #4853, #6477 ) ) ;
#312 = VERTEX_POINT ( 'NONE', #6586 ) ;
#313 = ORIENTED_EDGE ( 'NONE', *, *, #5438, .F. ) ;
#314 = DIRECTION ( 'NONE',  ( 0.000000000000000000, 1.000000000000000000, 0.000000000000000000 ) ) ;
#315 = CARTESIAN_POINT ( 'NONE',  ( 0.6880090707842960729, 1.008333333333319759, -10.41000000000000014 ) ) ;
#316 = LINE ( 'NONE', #1856, #4003 ) ;
#317 = ORIENTED_EDGE ( 'NONE', *, *, #3226, .T. ) ;
#318 = DIRECTION ( 'NONE',  ( 1.000000000000000000, -5.217213461584422785E-15, -0.000000000000000000 ) ) ;
#319 = CARTESIAN_POINT ( 'NONE',  ( -1.868209752582965066, 0.01835410790382950227, -7.049999999999999822 ) ) ;
#320 = CARTESIAN_POINT ( 'NONE',  ( -12.30072358078913197, 6.069276419210928530, 2.780723580789061344 ) ) ;
#321 = ORIENTED_EDGE ( 'NONE', *, *, #1547, .T. ) ;
#322 = DIRECTION ( 'NONE',  ( 0.000000000000000000, -0.7071067811865526798, -0.7071067811865423547 ) ) ;
#323 = ADVANCED_FACE ( 'NONE', ( #4406 ), #5471, .T. ) ;
#324 = CARTESIAN_POINT ( 'NONE',  ( -4.799999999999999822, -3.000000000000000000, -2.500000000000000000 ) ) ;
#325 = EDGE_CURVE ( 'NONE', #5367, #2525, #3258, .T. ) ;
#326 = EDGE_CURVE ( 'NONE', #2263, #2782, #5057, .T. ) ;
#327 = CARTESIAN_POINT ( 'NONE',  ( -0.2116950987028649867, 1.100000000000000089, -10.41000000000000014 ) ) ;
#328 = CARTESIAN_POINT ( 'NONE',  ( -1.109465524858808116, 1.290016946948796095, -5.593661518934980315 ) ) ;
#329 = PLANE ( 'NONE',  #2082 ) ;
#330 = FACE_OUTER_BOUND ( 'NONE', #5893, .T. ) ;
#331 = CARTESIAN_POINT ( 'NONE',  ( -10.34999999999999964, 12.15651554448605332, -11.16151732544630981 ) ) ;
#332 = ORIENTED_EDGE ( 'NONE', *, *, #6247, .F. ) ;
#333 = CARTESIAN_POINT ( 'NONE',  ( -2.149999999999999911, 2.100000000000000089, -5.837564434701790539 ) ) ;
#334 = ORIENTED_EDGE ( 'NONE', *, *, #5791, .T. ) ;
#335 = DIRECTION ( 'NONE',  ( 0.5000000000000003331, 0.8660254037844383745, 0.000000000000000000 ) ) ;
#336 = CARTESIAN_POINT ( 'NONE',  ( 5.936970883099522922, -1.953170943166144369, -20.02698052993297750 ) ) ;
#337 = VECTOR ( 'NONE', #3043, 1000.000000000000000 ) ;
#338 = CARTESIAN_POINT ( 'NONE',  ( 5.199085480780915702, -2.808254262871201057, -20.34096463314682524 ) ) ;
#339 = DIRECTION ( 'NONE',  ( -0.5773502691896258421, 0.5773502691896258421, -0.5773502691896258421 ) ) ;
#340 = VERTEX_POINT ( 'NONE', #5538 ) ;
#341 = ORIENTED_EDGE ( 'NONE', *, *, #6564, .F. ) ;
#342 = ORIENTED_EDGE ( 'NONE', *, *, #2033, .F. ) ;
#343 = CARTESIAN_POINT ( 'NONE',  ( 0.8727756813566279748, -1.851691823720265084, -11.41000000000000014 ) ) ;
#344 = DIRECTION ( 'NONE',  ( 1.000000000000000000, 0.000000000000000000, 0.000000000000000000 ) ) ;
#345 = EDGE_CURVE ( 'NONE', #4367, #5060, #2475, .T. ) ;
#346 = ORIENTED_EDGE ( 'NONE', *, *, #5319, .F. ) ;
#347 = EDGE_CURVE ( 'NONE', #4121, #1570, #1313, .T. ) ;
#348 = PLANE ( 'NONE',  #2091 ) ;
#349 = CYLINDRICAL_SURFACE ( 'NONE', #6641, 6.250000000000000000 ) ;
#350 = LINE ( 'NONE', #947, #1265 ) ;
#351 = ORIENTED_EDGE ( 'NONE', *, *, #1428, .F. ) ;
#352 = DIRECTION ( 'NONE',  ( 0.4999999999999949485, 0.5025327086122916009, 0.7053090647190057849 ) ) ;
#353 = EDGE_CURVE ( 'NONE', #102, #1971, #4990, .T. ) ;
#354 = DIRECTION ( 'NONE',  ( 0.000000000000000000, 0.000000000000000000, 1.000000000000000000 ) ) ;
#355 = CARTESIAN_POINT ( 'NONE',  ( -2.689376921173982193, 13.19804560595883203, -9.449653045351688263 ) ) ;
#356 = EDGE_CURVE ( 'NONE', #4165, #4822, #3354, .T. ) ;
#357 = CARTESIAN_POINT ( 'NONE',  ( -1.637606508194873411, 4.911821246572237670E-05, -4.920234679801440691 ) ) ;
#358 = CARTESIAN_POINT ( 'NONE',  ( -0.9515019204930201813, 1.157661302181088203, -8.598786874340280661 ) ) ;
#359 = VECTOR ( 'NONE', #977, 1000.000000000000114 ) ;
#360 = CARTESIAN_POINT ( 'NONE',  ( -14.57922092882883724, 0.5000000000000004441, 8.349999999999999645 ) ) ;
#361 = CARTESIAN_POINT ( 'NONE',  ( -0.6552790144329566635, -1.100000000000000089, -8.950026394695177245 ) ) ;
#362 = CARTESIAN_POINT ( 'NONE',  ( -2.146720301521298779E-14, -1.452830911130575942E-14, -12.55000000000000071 ) ) ;
#363 = VERTEX_POINT ( 'NONE', #2846 ) ;
#364 = VECTOR ( 'NONE', #4974, 1000.000000000000000 ) ;
#365 = DIRECTION ( 'NONE',  ( 0.000000000000000000, 1.000000000000000000, 0.000000000000000000 ) ) ;
#366 = DIRECTION ( 'NONE',  ( 0.000000000000000000, 1.788469760401379917E-16, -1.000000000000000000 ) ) ;
#367 = DIRECTION ( 'NONE',  ( 0.000000000000000000, 0.000000000000000000, 1.000000000000000000 ) ) ;
#368 = VECTOR ( 'NONE', #5761, 1000.000000000000000 ) ;
#369 = VERTEX_POINT ( 'NONE', #3888 ) ;
#370 = ORIENTED_EDGE ( 'NONE', *, *, #2822, .F. ) ;
#371 = AXIS2_PLACEMENT_3D ( 'NONE', #5804, #1637, #1135 ) ;
#372 = VERTEX_POINT ( 'NONE', #1043 ) ;
#373 = CARTESIAN_POINT ( 'NONE',  ( -0.7857870826877657588, 14.03486293352439951, -9.309165464811487212 ) ) ;
#374 = EDGE_CURVE ( 'NONE', #445, #2282, #3119, .T. ) ;
#375 = DIRECTION ( 'NONE',  ( -0.7071067811865456854, -0.7071067811865493491, 0.000000000000000000 ) ) ;
#376 = CARTESIAN_POINT ( 'NONE',  ( -1.899999999999999911, 1.850000000000000089, -6.056269654282400161 ) ) ;
#377 = EDGE_LOOP ( 'NONE', ( #3663, #2666, #4871, #4499 ) ) ;
#378 = LINE ( 'NONE', #6524, #6220 ) ;
#379 = CARTESIAN_POINT ( 'NONE',  ( -1.899999999999999911, 0.000000000000000000, -7.049999999999999822 ) ) ;
#380 = CARTESIAN_POINT ( 'NONE',  ( 0.6350852961085869941, -1.100000000000000089, -20.50000000000000000 ) ) ;
#381 = PLANE ( 'NONE',  #2997 ) ;
#382 = EDGE_CURVE ( 'NONE', #5819, #1451, #974, .T. ) ;
#383 = ORIENTED_EDGE ( 'NONE', *, *, #3093, .F. ) ;
#384 = LINE ( 'NONE', #4072, #1765 ) ;
#385 = ORIENTED_EDGE ( 'NONE', *, *, #5746, .F. ) ;
#386 = CARTESIAN_POINT ( 'NONE',  ( 1.212435565298211948, -2.100000000000000089, 3.000000000000000000 ) ) ;
#387 = DIRECTION ( 'NONE',  ( 0.000000000000000000, 1.788469760401379917E-16, -1.000000000000000000 ) ) ;
#388 = DIRECTION ( 'NONE',  ( 0.000000000000000000, 0.000000000000000000, 1.000000000000000000 ) ) ;
#389 = CARTESIAN_POINT ( 'NONE',  ( -21.91999999999999815, 3.600000000000001865, 4.899999999999999467 ) ) ;
#390 = SPHERICAL_SURFACE ( 'NONE', #1115, 2.100000000000000089 ) ;
#391 = DIRECTION ( 'NONE',  ( 0.6136297263405610103, -0.7607656868148728879, -0.2114098595531982427 ) ) ;
#392 = VECTOR ( 'NONE', #6407, 1000.000000000000114 ) ;
#393 = CARTESIAN_POINT ( 'NONE',  ( -5.482928049865329889, -3.000000000000000000, -16.50000000000000000 ) ) ;
#394 = CARTESIAN_POINT ( 'NONE',  ( -8.692736788024959083, 14.25000000000000000, 2.894466599664530015 ) ) ;
#395 = ORIENTED_EDGE ( 'NONE', *, *, #5079, .T. ) ;
#396 = DIRECTION ( 'NONE',  ( 6.348437875317360575E-16, 1.000000000000000000, -1.626096821277815084E-31 ) ) ;
#397 = LINE ( 'NONE', #1277, #3740 ) ;
#398 = CIRCLE ( 'NONE', #3644, 2.049390153191925190 ) ;
#399 = CARTESIAN_POINT ( 'NONE',  ( -7.250000000000000000, 18.25000000000000000, 8.810000000000000497 ) ) ;
#400 = LINE ( 'NONE', #5633, #4592 ) ;
#401 = VERTEX_POINT ( 'NONE', #2032 ) ;
#402 = ADVANCED_FACE ( 'NONE', ( #5191 ), #1999, .F. ) ;
#403 = VERTEX_POINT ( 'NONE', #4162 ) ;
#404 = CIRCLE ( 'NONE', #5722, 2.449999999999998845 ) ;
#405 = EDGE_LOOP ( 'NONE', ( #1799, #4208, #5646, #2239, #3051, #5810 ) ) ;
#406 = LINE ( 'NONE', #5978, #6587 ) ;
#407 = DIRECTION ( 'NONE',  ( 0.000000000000000000, 0.000000000000000000, 1.000000000000000000 ) ) ;
#408 = AXIS2_PLACEMENT_3D ( 'NONE', #6543, #5527, #862 ) ;
#409 = ORIENTED_EDGE ( 'NONE', *, *, #5421, .F. ) ;
#410 = CARTESIAN_POINT ( 'NONE',  ( 0.000000000000000000, 0.000000000000000000, -12.05999999999999872 ) ) ;
#411 = CARTESIAN_POINT ( 'NONE',  ( -1.899999999999999911, -2.127739548340144893, -3.685353002998795091 ) ) ;
#412 = DIRECTION ( 'NONE',  ( -1.000000000000000000, 0.000000000000000000, 0.000000000000000000 ) ) ;
#413 = ORIENTED_EDGE ( 'NONE', *, *, #6174, .F. ) ;
#414 = CARTESIAN_POINT ( 'NONE',  ( 0.000000000000000000, 0.000000000000000000, -0.5000000000000000000 ) ) ;
#415 = EDGE_LOOP ( 'NONE', ( #6387, #5, #4051, #9, #3917 ) ) ;
#416 = EDGE_CURVE ( 'NONE', #2493, #1853, #6184, .T. ) ;
#417 = EDGE_CURVE ( 'NONE', #5433, #2437, #3460, .T. ) ;
#418 = CARTESIAN_POINT ( 'NONE',  ( -5.383709327303740189, -2.832612579382644657, -20.16738742061734868 ) ) ;
#419 = LINE ( 'NONE', #1940, #4941 ) ;
#420 = PLANE ( 'NONE',  #172 ) ;
#421 = VERTEX_POINT ( 'NONE', #2066 ) ;
#422 = DIRECTION ( 'NONE',  ( -0.7071067811865529018, -0.3535533905932714549, 0.6123724356957899184 ) ) ;
#423 = EDGE_CURVE ( 'NONE', #15, #2381, #4646, .T. ) ;
#424 = EDGE_CURVE ( 'NONE', #5141, #5712, #1950, .T. ) ;
#425 = ORIENTED_EDGE ( 'NONE', *, *, #5988, .F. ) ;
#426 = CARTESIAN_POINT ( 'NONE',  ( 2.725646695936451813, 5.624353304063562931, -20.50000000000000000 ) ) ;
#427 = ORIENTED_EDGE ( 'NONE', *, *, #5703, .F. ) ;
#428 = CARTESIAN_POINT ( 'NONE',  ( 0.000000000000000000, 0.000000000000000000, -12.35999999999999943 ) ) ;
#429 = DIRECTION ( 'NONE',  ( -0.3159220186098286032, 0.000000000000000000, -0.9487851591153241282 ) ) ;
#430 = LINE ( 'NONE', #5733, #2826 ) ;
#431 = FACE_OUTER_BOUND ( 'NONE', #948, .T. ) ;
#432 = EDGE_CURVE ( 'NONE', #2987, #3932, #6187, .T. ) ;
#433 = ORIENTED_EDGE ( 'NONE', *, *, #3526, .F. ) ;
#434 = ORIENTED_EDGE ( 'NONE', *, *, #3173, .T. ) ;
#435 = ORIENTED_EDGE ( 'NONE', *, *, #5461, .T. ) ;
#436 = CARTESIAN_POINT ( 'NONE',  ( 1.750000000000000000, 14.25000000000000000, 4.500000000000000000 ) ) ;
#437 = VECTOR ( 'NONE', #2165, 1000.000000000000114 ) ;
#438 = FACE_OUTER_BOUND ( 'NONE', #36, .T. ) ;
#439 = EDGE_CURVE ( 'NONE', #1734, #4429, #3660, .T. ) ;
#440 = AXIS2_PLACEMENT_3D ( 'NONE', #6459, #5537, #1381 ) ;
#441 = ORIENTED_EDGE ( 'NONE', *, *, #4748, .F. ) ;
#442 = LINE ( 'NONE', #1717, #5459 ) ;
#443 = CARTESIAN_POINT ( 'NONE',  ( -0.9749999999999999778, -0.4625000000000000222, -6.248926501499400210 ) ) ;
#444 = CYLINDRICAL_SURFACE ( 'NONE', #4846, 1.000000000000000888 ) ;
#445 = VERTEX_POINT ( 'NONE', #2574 ) ;
#446 = DIRECTION ( 'NONE',  ( 0.7071067811865493491, -0.7071067811865456854, 0.000000000000000000 ) ) ;
#447 = ORIENTED_EDGE ( 'NONE', *, *, #3766, .T. ) ;
#448 = AXIS2_PLACEMENT_3D ( 'NONE', #6719, #935, #966 ) ;
#449 = DIRECTION ( 'NONE',  ( 0.8660254037844387076, 0.4999999999999998890, 0.000000000000000000 ) ) ;
#450 = CARTESIAN_POINT ( 'NONE',  ( -9.835696450285100312, 1.000000000000000000, 2.168404344971017496E-16 ) ) ;
#451 = DIRECTION ( 'NONE',  ( 0.000000000000000000, 0.000000000000000000, -1.000000000000000000 ) ) ;
#452 = CARTESIAN_POINT ( 'NONE',  ( -1.899999999999999911, -3.977739548340144982, -6.889646997001199757 ) ) ;
#453 = EDGE_CURVE ( 'NONE', #1070, #2457, #3150, .T. ) ;
#454 = ORIENTED_EDGE ( 'NONE', *, *, #5739, .F. ) ;
#455 = EDGE_CURVE ( 'NONE', #3153, #3315, #6692, .T. ) ;
#456 = FACE_OUTER_BOUND ( 'NONE', #1357, .T. ) ;
#457 = CARTESIAN_POINT ( 'NONE',  ( -24.37000000000000099, 3.600000000000001865, 4.336808689942017736E-16 ) ) ;
#458 = ORIENTED_EDGE ( 'NONE', *, *, #4761, .T. ) ;
#459 = CARTESIAN_POINT ( 'NONE',  ( -23.86999999999999744, -3.000000000000000000, -17.00000000000000000 ) ) ;
#460 = LINE ( 'NONE', #4605, #1800 ) ;
#461 = VECTOR ( 'NONE', #3269, 1000.000000000000114 ) ;
#462 = DIRECTION ( 'NONE',  ( -0.4999999999999980571, 0.000000000000000000, 0.8660254037844397068 ) ) ;
#463 = EDGE_CURVE ( 'NONE', #2437, #1279, #4707, .T. ) ;
#464 = CIRCLE ( 'NONE', #5782, 1.642787265594680024 ) ;
#465 = PLANE ( 'NONE',  #1013 ) ;
#466 = EDGE_LOOP ( 'NONE', ( #2107, #6679, #5897, #4928, #3345, #4586 ) ) ;
#467 = ADVANCED_FACE ( 'NONE', ( #1011 ), #6114, .F. ) ;
#468 = ORIENTED_EDGE ( 'NONE', *, *, #3397, .T. ) ;
#469 = CIRCLE ( 'NONE', #2310, 4.099999999999983658 ) ;
#470 = ORIENTED_EDGE ( 'NONE', *, *, #3078, .T. ) ;
#471 = AXIS2_PLACEMENT_3D ( 'NONE', #3697, #3598, #5686 ) ;
#472 = LINE ( 'NONE', #5154, #6159 ) ;
#473 = CARTESIAN_POINT ( 'NONE',  ( -0.9749999999999999778, -0.4624999999999940270, -7.851073498500591441 ) ) ;
#474 = EDGE_CURVE ( 'NONE', #1267, #1129, #942, .T. ) ;
#475 = CIRCLE ( 'NONE', #157, 6.250000000000000000 ) ;
#476 = CONICAL_SURFACE ( 'NONE', #3297, 5.750000000000000000, 0.7853981633974476129 ) ;
#477 = VECTOR ( 'NONE', #5320, 1000.000000000000000 ) ;
#478 = FACE_OUTER_BOUND ( 'NONE', #415, .T. ) ;
#479 = ORIENTED_EDGE ( 'NONE', *, *, #2424, .T. ) ;
#480 = CARTESIAN_POINT ( 'NONE',  ( 1.701890432406560016, -5.666628091352059471, -20.33337190864789790 ) ) ;
#481 = EDGE_CURVE ( 'NONE', #6648, #723, #5090, .T. ) ;
#482 = CARTESIAN_POINT ( 'NONE',  ( -1.270170592217173988, 3.252606517456515274E-16, -9.630457940808639705 ) ) ;
#483 = PLANE ( 'NONE',  #2348 ) ;
#484 = EDGE_LOOP ( 'NONE', ( #6095, #2334, #6051, #5591 ) ) ;
#485 = DIRECTION ( 'NONE',  ( 1.000000000000000000, 0.000000000000000000, -1.032573497605239882E-16 ) ) ;
#486 = ORIENTED_EDGE ( 'NONE', *, *, #672, .T. ) ;
#487 = ADVANCED_FACE ( 'NONE', ( #438 ), #2503, .F. ) ;
#488 = DIRECTION ( 'NONE',  ( -1.000000000000000000, 0.000000000000000000, 0.000000000000000000 ) ) ;
#489 = CARTESIAN_POINT ( 'NONE',  ( -0.9237064692235640306, -1.142394759894630907, -8.618685419881275678 ) ) ;
#490 = CARTESIAN_POINT ( 'NONE',  ( -1.677050983124940053, -5.500000000000000000, -0.5000000000000000000 ) ) ;
#491 = ORIENTED_EDGE ( 'NONE', *, *, #3528, .F. ) ;
#492 = FACE_OUTER_BOUND ( 'NONE', #4759, .T. ) ;
#493 = ORIENTED_EDGE ( 'NONE', *, *, #2754, .T. ) ;
#494 = CARTESIAN_POINT ( 'NONE',  ( 1.167224318643339975, -1.681691823720265155, -11.41000000000000014 ) ) ;
#495 = ORIENTED_EDGE ( 'NONE', *, *, #3059, .F. ) ;
#496 = DIRECTION ( 'NONE',  ( -0.5773502691896202910, 0.5773502691896288397, 0.5773502691896282846 ) ) ;
#497 = LINE ( 'NONE', #6681, #4175 ) ;
#498 = LINE ( 'NONE', #3620, #2936 ) ;
#499 = EDGE_LOOP ( 'NONE', ( #2343, #2857, #5694, #3374, #3786, #1055 ) ) ;
#500 = ORIENTED_EDGE ( 'NONE', *, *, #2305, .F. ) ;
#501 = EDGE_CURVE ( 'NONE', #4264, #6393, #1487, .T. ) ;
#502 = ORIENTED_EDGE ( 'NONE', *, *, #890, .T. ) ;
#503 = CIRCLE ( 'NONE', #3102, 4.099999999999990763 ) ;
#504 = PLANE ( 'NONE',  #6048 ) ;
#505 = DIRECTION ( 'NONE',  ( -0.7071067811865516806, 0.3535533905932718435, 0.6123724356957908066 ) ) ;
#506 = VECTOR ( 'NONE', #5328, 1000.000000000000114 ) ;
#507 = ORIENTED_EDGE ( 'NONE', *, *, #834, .T. ) ;
#508 = EDGE_CURVE ( 'NONE', #5153, #46, #1616, .T. ) ;
#509 = CARTESIAN_POINT ( 'NONE',  ( -4.299999999999999822, 14.25000000000000000, 10.50999999999999979 ) ) ;
#511 = AXIS2_PLACEMENT_3D ( 'NONE', #5423, #2835, #3406 ) ;
#510 = CARTESIAN_POINT ( 'NONE',  ( 1.249999999999987121, 6.290137394593912745, -20.09278962162260029 ) ) ;
#512 = ORIENTED_EDGE ( 'NONE', *, *, #868, .T. ) ;
#513 = CARTESIAN_POINT ( 'NONE',  ( -4.799999999999999822, -2.100000000000000089, -8.262435565298209994 ) ) ;
#514 = ORIENTED_EDGE ( 'NONE', *, *, #5306, .T. ) ;
#515 = ADVANCED_FACE ( 'NONE', ( #5879 ), #671, .F. ) ;
#516 = CARTESIAN_POINT ( 'NONE',  ( -4.799999999999999822, 29.05607232530894990, -16.50000000000000000 ) ) ;
#517 = CARTESIAN_POINT ( 'NONE',  ( -1.851222432171085064, 14.25000000000000000, 8.732615096446998848 ) ) ;
#518 = DIRECTION ( 'NONE',  ( 0.000000000000000000, -0.8660254037844384856, -0.5000000000000003331 ) ) ;
#519 = DIRECTION ( 'NONE',  ( 1.000000000000000000, 0.000000000000000000, 0.000000000000000000 ) ) ;
#520 = VERTEX_POINT ( 'NONE', #1211 ) ;
#521 = EDGE_CURVE ( 'NONE', #2030, #5916, #6390, .T. ) ;
#522 = FACE_OUTER_BOUND ( 'NONE', #4673, .T. ) ;
#523 = ADVANCED_FACE ( 'NONE', ( #207 ), #5203, .T. ) ;
#524 = ADVANCED_FACE ( 'NONE', ( #3252 ), #1686, .F. ) ;
#525 = DIRECTION ( 'NONE',  ( 0.000000000000000000, 1.000000000000000000, 0.000000000000000000 ) ) ;
#526 = CARTESIAN_POINT ( 'NONE',  ( 25.42000000000000171, -2.500000000000000000, -2.500000000000000000 ) ) ;
#527 = ORIENTED_EDGE ( 'NONE', *, *, #3589, .F. ) ;
#528 = DIRECTION ( 'NONE',  ( 0.000000000000000000, -1.000000000000000000, -1.788469760401379917E-16 ) ) ;
#529 = CARTESIAN_POINT ( 'NONE',  ( -1.899999999999999911, 1.734723475976809855E-15, -9.474871130596428159 ) ) ;
#530 = CARTESIAN_POINT ( 'NONE',  ( 4.087077195258224549, -0.3252691193458311925, -12.55000000000000071 ) ) ;
#531 = CARTESIAN_POINT ( 'NONE',  ( 0.000000000000000000, 0.000000000000000000, -20.50000000000000000 ) ) ;
#532 = VERTEX_POINT ( 'NONE', #3721 ) ;
#533 = VERTEX_POINT ( 'NONE', #5329 ) ;
#534 = ORIENTED_EDGE ( 'NONE', *, *, #3869, .F. ) ;
#535 = CARTESIAN_POINT ( 'NONE',  ( -21.91999999999999815, 3.600000000000001865, 4.899999999999999467 ) ) ;
#536 = DIRECTION ( 'NONE',  ( 1.000000000000000000, 0.000000000000000000, 0.000000000000000000 ) ) ;
#537 = EDGE_LOOP ( 'NONE', ( #1688, #2941, #1650, #507 ) ) ;
#538 = ORIENTED_EDGE ( 'NONE', *, *, #3327, .F. ) ;
#539 = DIRECTION ( 'NONE',  ( -1.000000000000000000, 0.000000000000000000, -0.000000000000000000 ) ) ;
#540 = TOROIDAL_SURFACE ( 'NONE', #4433, 2.599602749461809914, 0.5000000000000000000 ) ;
#541 = ORIENTED_EDGE ( 'NONE', *, *, #6501, .T. ) ;
#542 = ADVANCED_FACE ( 'NONE', ( #5812 ), #3754, .F. ) ;
#543 = CARTESIAN_POINT ( 'NONE',  ( 2.039999999999997815, 0.3560471674068275139, -11.40999999999999659 ) ) ;
#544 = EDGE_LOOP ( 'NONE', ( #5915, #2622, #3829, #807, #6257, #6553 ) ) ;
#545 = DIRECTION ( 'NONE',  ( 1.000000000000000000, -6.549975585644902264E-16, 0.000000000000000000 ) ) ;
#546 = VECTOR ( 'NONE', #3883, 1000.000000000000000 ) ;
#547 = CARTESIAN_POINT ( 'NONE',  ( -1.105356974374219980, 1.285465559880833997, -5.591741447231370010 ) ) ;
#548 = CARTESIAN_POINT ( 'NONE',  ( 6.250000000000000000, 0.000000000000000000, -1.000000000000000000 ) ) ;
#549 = ORIENTED_EDGE ( 'NONE', *, *, #4127, .F. ) ;
#550 = ADVANCED_FACE ( 'NONE', ( #4879 ), #3785, .F. ) ;
#551 = VECTOR ( 'NONE', #899, 1000.000000000000114 ) ;
#552 = DIRECTION ( 'NONE',  ( 1.000000000000000000, 0.000000000000000000, -2.478176394252580155E-16 ) ) ;
#553 = EDGE_LOOP ( 'NONE', ( #6610, #4611 ) ) ;
#554 = LINE ( 'NONE', #6340, #1986 ) ;
#555 = EDGE_CURVE ( 'NONE', #706, #679, #5398, .T. ) ;
#556 = CARTESIAN_POINT ( 'NONE',  ( 1.750000000000000000, 20.24999999999999645, -0.5000000000000000000 ) ) ;
#557 = CARTESIAN_POINT ( 'NONE',  ( 1.292346314604049695, 3.119999999999992557, -12.34999999999999964 ) ) ;
#558 = DIRECTION ( 'NONE',  ( -0.3779644730092255323, 0.6546536707079775308, 0.6546536707079775308 ) ) ;
#559 = CARTESIAN_POINT ( 'NONE',  ( -9.906592557399154231, 7.043407442600855717, -18.95659255739914784 ) ) ;
#560 = DIRECTION ( 'NONE',  ( 0.7745966692414789634, -0.1047132600274609110, 0.6237268097287691493 ) ) ;
#561 = ORIENTED_EDGE ( 'NONE', *, *, #2508, .F. ) ;
#562 = ORIENTED_EDGE ( 'NONE', *, *, #2790, .T. ) ;
#563 = CARTESIAN_POINT ( 'NONE',  ( -8.680995911905851514, 0.5000000000000009992, -0.5000000000000000000 ) ) ;
#564 = ORIENTED_EDGE ( 'NONE', *, *, #2259, .T. ) ;
#565 = DIRECTION ( 'NONE',  ( 0.000000000000000000, 0.000000000000000000, 1.000000000000000000 ) ) ;
#566 = AXIS2_PLACEMENT_3D ( 'NONE', #6514, #276, #5496 ) ;
#567 = DIRECTION ( 'NONE',  ( 0.000000000000000000, -0.8660254037844387076, -0.4999999999999998890 ) ) ;
#568 = AXIS2_PLACEMENT_3D ( 'NONE', #1461, #322, #2512 ) ;
#569 = ORIENTED_EDGE ( 'NONE', *, *, #3245, .T. ) ;
#570 = VERTEX_POINT ( 'NONE', #1180 ) ;
#571 = AXIS2_PLACEMENT_3D ( 'NONE', #2043, #3433, #5518 ) ;
#572 = ORIENTED_EDGE ( 'NONE', *, *, #4775, .F. ) ;
#573 = EDGE_CURVE ( 'NONE', #3223, #3021, #104, .T. ) ;
#574 = CARTESIAN_POINT ( 'NONE',  ( -2.146720301521298779E-14, -1.452830911130575942E-14, -20.19999999999999929 ) ) ;
#575 = VECTOR ( 'NONE', #1623, 1000.000000000000000 ) ;
#576 = AXIS2_PLACEMENT_3D ( 'NONE', #5138, #2553, #3768 ) ;
#577 = ORIENTED_EDGE ( 'NONE', *, *, #4058, .T. ) ;
#578 = DIRECTION ( 'NONE',  ( -1.000000000000000000, 0.000000000000000000, 0.000000000000000000 ) ) ;
#579 = ORIENTED_EDGE ( 'NONE', *, *, #3707, .F. ) ;
#580 = VECTOR ( 'NONE', #6066, 1000.000000000000000 ) ;
#581 = PLANE ( 'NONE',  #4251 ) ;
#582 = AXIS2_PLACEMENT_3D ( 'NONE', #2620, #4692, #58 ) ;
#583 = EDGE_CURVE ( 'NONE', #3151, #2649, #2733, .T. ) ;
#584 = CARTESIAN_POINT ( 'NONE',  ( -1.074336019503230544, 1.251304617637754690, -5.577162844673191344 ) ) ;
#585 = FACE_OUTER_BOUND ( 'NONE', #8, .T. ) ;
#586 = ORIENTED_EDGE ( 'NONE', *, *, #3946, .F. ) ;
#587 = CARTESIAN_POINT ( 'NONE',  ( 1.292346314604020163, -3.120000000000020979, -12.34999999999999964 ) ) ;
#588 = ORIENTED_EDGE ( 'NONE', *, *, #5226, .F. ) ;
#589 = DIRECTION ( 'NONE',  ( -0.3159220186098286032, 0.000000000000000000, 0.9487851591153241282 ) ) ;
#590 = CARTESIAN_POINT ( 'NONE',  ( 1.020000000000012008, 1.766691823720245136, -11.41000000000000014 ) ) ;
#591 = CARTESIAN_POINT ( 'NONE',  ( 2.083393444800416994, 6.125319514481294192, -1.219107930343641177 ) ) ;
#592 = CARTESIAN_POINT ( 'NONE',  ( 5.936970883099522922, -1.953170943166144369, -20.02698052993297750 ) ) ;
#593 = PLANE ( 'NONE',  #1234 ) ;
#594 = LINE ( 'NONE', #4155, #2311 ) ;
#595 = ORIENTED_EDGE ( 'NONE', *, *, #4058, .F. ) ;
#596 = EDGE_LOOP ( 'NONE', ( #2360, #1420, #6467, #985 ) ) ;
#597 = CARTESIAN_POINT ( 'NONE',  ( -7.814212917312388207, 9.091744797830420666, -15.21288224974244052 ) ) ;
#598 = VECTOR ( 'NONE', #3743, 1000.000000000000000 ) ;
#599 = ORIENTED_EDGE ( 'NONE', *, *, #3856, .F. ) ;
#600 = DIRECTION ( 'NONE',  ( 0.000000000000000000, 0.000000000000000000, -1.000000000000000000 ) ) ;
#601 = PLANE ( 'NONE',  #1084 ) ;
#602 = AXIS2_PLACEMENT_3D ( 'NONE', #661, #1602, #1676 ) ;
#603 = EDGE_CURVE ( 'NONE', #1377, #2211, #3189, .T. ) ;
#604 = ORIENTED_EDGE ( 'NONE', *, *, #4815, .F. ) ;
#605 = ORIENTED_EDGE ( 'NONE', *, *, #5659, .F. ) ;
#606 = CIRCLE ( 'NONE', #4397, 2.599602749461808138 ) ;
#607 = ORIENTED_EDGE ( 'NONE', *, *, #4240, .T. ) ;
#608 = AXIS2_PLACEMENT_3D ( 'NONE', #3347, #2396, #3376 ) ;
#609 = FACE_OUTER_BOUND ( 'NONE', #4714, .T. ) ;
#610 = LINE ( 'NONE', #6325, #3381 ) ;
#611 = VECTOR ( 'NONE', #5789, 1000.000000000000000 ) ;
#612 = ORIENTED_EDGE ( 'NONE', *, *, #811, .F. ) ;
#613 = DIRECTION ( 'NONE',  ( 0.000000000000000000, 0.000000000000000000, -1.000000000000000000 ) ) ;
#614 = ORIENTED_EDGE ( 'NONE', *, *, #6217, .F. ) ;
#615 = PLANE ( 'NONE',  #4363 ) ;
#616 =( BOUNDED_CURVE ( )  B_SPLINE_CURVE ( 3, ( #3241, #6277, #591, #5865 ),
 .UNSPECIFIED., .F., .T. ) 
 B_SPLINE_CURVE_WITH_KNOTS ( ( 4, 4 ),
 ( 3.593916012337587063, 3.616934665100983270 ),
 .UNSPECIFIED. ) 
 CURVE ( )  GEOMETRIC_REPRESENTATION_ITEM ( )  RATIONAL_B_SPLINE_CURVE ( ( 1.000000000000000000, 0.9999558456228241354, 0.9999558456228241354, 1.000000000000000000 ) ) 
 REPRESENTATION_ITEM ( '' )  );
#617 = VECTOR ( 'NONE', #1644, 1000.000000000000000 ) ;
#618 = DIRECTION ( 'NONE',  ( -1.000000000000000000, 0.000000000000000000, 0.000000000000000000 ) ) ;
#619 = CARTESIAN_POINT ( 'NONE',  ( 0.3252691193458266405, 4.087077195258210338, -12.55000000000000071 ) ) ;
#620 = ORIENTED_EDGE ( 'NONE', *, *, #6134, .F. ) ;
#621 = VECTOR ( 'NONE', #997, 1000.000000000000000 ) ;
#622 = DIRECTION ( 'NONE',  ( 0.4999999999999928946, -0.8660254037844428154, 0.000000000000000000 ) ) ;
#623 = EDGE_CURVE ( 'NONE', #4887, #2162, #2060, .T. ) ;
#624 = UNCERTAINTY_MEASURE_WITH_UNIT (LENGTH_MEASURE( 1.000000000000000082E-05 ), #4212, 'distance_accuracy_value', 'NONE');
#625 = ORIENTED_EDGE ( 'NONE', *, *, #4842, .T. ) ;
#626 = CARTESIAN_POINT ( 'NONE',  ( 1.823504076724018264, 19.52247713644674221, -0.7207493400969685604 ) ) ;
#627 = LINE ( 'NONE', #5800, #75 ) ;
#628 = CARTESIAN_POINT ( 'NONE',  ( 1.711288968952158873, 13.09441846886361205, -10.54292144720898428 ) ) ;
#629 = PLANE ( 'NONE',  #5152 ) ;
#630 = LINE ( 'NONE', #2695, #1445 ) ;
#631 = LINE ( 'NONE', #1205, #5136 ) ;
#632 = ADVANCED_FACE ( 'NONE', ( #6416 ), #601, .T. ) ;
#633 = ORIENTED_EDGE ( 'NONE', *, *, #4540, .T. ) ;
#634 = EDGE_LOOP ( 'NONE', ( #4093, #211, #5855, #3479, #4942 ) ) ;
#635 = DIRECTION ( 'NONE',  ( -1.000000000000000000, -5.217213461584417263E-15, -0.000000000000000000 ) ) ;
#636 = VERTEX_POINT ( 'NONE', #1246 ) ;
#637 = CARTESIAN_POINT ( 'NONE',  ( -1.164323042865751834, -0.1833333333333224957, -10.41000000000000014 ) ) ;
#638 = CARTESIAN_POINT ( 'NONE',  ( -5.482928049865329889, -3.000000000000000000, -2.500000000000000000 ) ) ;
#639 = CARTESIAN_POINT ( 'NONE',  ( -4.299999999999999822, 14.75000000000000000, 8.810000000000000497 ) ) ;
#640 = EDGE_CURVE ( 'NONE', #5074, #139, #3318, .T. ) ;
#641 = EDGE_LOOP ( 'NONE', ( #1411, #4369 ) ) ;
#642 = VERTEX_POINT ( 'NONE', #742 ) ;
#643 = CARTESIAN_POINT ( 'NONE',  ( -4.799999999999999822, 2.899999999999999911, -2.500000000000000000 ) ) ;
#644 = EDGE_CURVE ( 'NONE', #3770, #3151, #4195, .T. ) ;
#645 = CARTESIAN_POINT ( 'NONE',  ( 2.040000000000000036, -1.873637355284489959E-14, -11.41000000000000014 ) ) ;
#646 = ORIENTED_EDGE ( 'NONE', *, *, #3085, .T. ) ;
#647 = VECTOR ( 'NONE', #4024, 1000.000000000000000 ) ;
#648 = ORIENTED_EDGE ( 'NONE', *, *, #5503, .F. ) ;
#649 = PLANE ( 'NONE',  #3388 ) ;
#650 = CARTESIAN_POINT ( 'NONE',  ( -1.005551718838600062, 0.4583333333333379778, -10.41000000000000014 ) ) ;
#651 = CARTESIAN_POINT ( 'NONE',  ( 1.591373105309034086, 20.24999999999999645, -0.02360761626680872236 ) ) ;
#652 = AXIS2_PLACEMENT_3D ( 'NONE', #1418, #375, #3449 ) ;
#653 = EDGE_LOOP ( 'NONE', ( #5052, #1689, #5908, #2028, #1585 ) ) ;
#654 = DIRECTION ( 'NONE',  ( -0.000000000000000000, -0.000000000000000000, -1.000000000000000000 ) ) ;
#655 = SPHERICAL_SURFACE ( 'NONE', #800, 2.100000000000000089 ) ;
#656 = AXIS2_PLACEMENT_3D ( 'NONE', #5339, #1218, #3296 ) ;
#657 = VERTEX_POINT ( 'NONE', #1106 ) ;
#658 = CARTESIAN_POINT ( 'NONE',  ( 2.040000000000000036, -1.873637355284489959E-14, -11.41000000000000014 ) ) ;
#659 = EDGE_CURVE ( 'NONE', #5575, #6480, #5260, .T. ) ;
#660 = LINE ( 'NONE', #3706, #6148 ) ;
#661 = CARTESIAN_POINT ( 'NONE',  ( -17.86999999999999389, 17.20782925763267102, 8.349999999999999645 ) ) ;
#662 = LINE ( 'NONE', #4289, #4342 ) ;
#663 = CARTESIAN_POINT ( 'NONE',  ( -1.899999999999999911, 1.917682592583735179E-15, -9.186195996001609743 ) ) ;
#664 = CARTESIAN_POINT ( 'NONE',  ( -3.119999999999999662, -1.292346314604051249, -12.34999999999999964 ) ) ;
#665 = ORIENTED_EDGE ( 'NONE', *, *, #5886, .F. ) ;
#666 = DIRECTION ( 'NONE',  ( 0.000000000000000000, -1.000000000000000000, 0.000000000000000000 ) ) ;
#667 = VERTEX_POINT ( 'NONE', #338 ) ;
#668 = CARTESIAN_POINT ( 'NONE',  ( -0.9359438065134595419, -1.148958854111704841, -5.490225391297618884 ) ) ;
#669 = ADVANCED_FACE ( 'NONE', ( #6484 ), #4780, .F. ) ;
#670 = LINE ( 'NONE', #2198, #506 ) ;
#671 = PLANE ( 'NONE',  #5314 ) ;
#672 = EDGE_CURVE ( 'NONE', #2369, #5429, #832, .T. ) ;
#673 = ORIENTED_EDGE ( 'NONE', *, *, #2838, .T. ) ;
#674 = ORIENTED_EDGE ( 'NONE', *, *, #1188, .F. ) ;
#675 = LINE ( 'NONE', #5453, #2964 ) ;
#676 = ORIENTED_EDGE ( 'NONE', *, *, #5809, .F. ) ;
#677 = DIRECTION ( 'NONE',  ( 0.000000000000000000, 0.000000000000000000, 1.000000000000000000 ) ) ;
#678 = CARTESIAN_POINT ( 'NONE',  ( 1.927340545936794935, 0.6920959459171079908, -11.41000000000000014 ) ) ;
#679 = VERTEX_POINT ( 'NONE', #2939 ) ;
#680 = AXIS2_PLACEMENT_3D ( 'NONE', #3300, #1288, #5373 ) ;
#681 = ADVANCED_FACE ( 'NONE', ( #2837 ), #5531, .T. ) ;
#682 = ORIENTED_EDGE ( 'NONE', *, *, #307, .T. ) ;
#683 = DIRECTION ( 'NONE',  ( -0.4999999999999999445, 0.8660254037844387076, 0.000000000000000000 ) ) ;
#684 = AXIS2_PLACEMENT_3D ( 'NONE', #984, #1118, #1590 ) ;
#685 = CIRCLE ( 'NONE', #1550, 3.120000000000000107 ) ;
#686 = CARTESIAN_POINT ( 'NONE',  ( -1.308756487256260037, 1.575053915087194945, -11.41000000000000014 ) ) ;
#687 = DIRECTION ( 'NONE',  ( 0.000000000000000000, 1.000000000000000000, 0.000000000000000000 ) ) ;
#688 = ORIENTED_EDGE ( 'NONE', *, *, #6493, .T. ) ;
#689 = FACE_OUTER_BOUND ( 'NONE', #1814, .T. ) ;
#690 = CIRCLE ( 'NONE', #6336, 6.250000000000001776 ) ;
#691 = EDGE_CURVE ( 'NONE', #914, #5743, #6087, .T. ) ;
#692 = AXIS2_PLACEMENT_3D ( 'NONE', #4671, #33, #2092 ) ;
#693 = CIRCLE ( 'NONE', #5137, 2.099679143796075564 ) ;
#694 = ORIENTED_EDGE ( 'NONE', *, *, #5044, .F. ) ;
#695 = ADVANCED_FACE ( 'NONE', ( #1820 ), #3912, .T. ) ;
#696 = DIRECTION ( 'NONE',  ( 1.000000000000000000, -3.576939520802765256E-16, 0.000000000000000000 ) ) ;
#697 = CARTESIAN_POINT ( 'NONE',  ( 0.7742712826909861068, 1.155406624020550055, -20.50000000000000000 ) ) ;
#698 = FACE_OUTER_BOUND ( 'NONE', #2473, .T. ) ;
#699 = LINE ( 'NONE', #3143, #4368 ) ;
#700 = ORIENTED_EDGE ( 'NONE', *, *, #1670, .F. ) ;
#701 = CARTESIAN_POINT ( 'NONE',  ( -1.860640646055099934, 0.02272413359521750081, -7.049999999999999822 ) ) ;
#702 = VERTEX_POINT ( 'NONE', #2436 ) ;
#703 = CARTESIAN_POINT ( 'NONE',  ( -1.217246817541465909, -0.09166666666665619634, -10.41000000000000014 ) ) ;
#704 = CARTESIAN_POINT ( 'NONE',  ( 0.9526279441628809908, -0.5500000000000000444, -20.50000000000000000 ) ) ;
#705 = DIRECTION ( 'NONE',  ( 0.000000000000000000, 1.000000000000000000, 0.000000000000000000 ) ) ;
#706 = VERTEX_POINT ( 'NONE', #275 ) ;
#707 = EDGE_CURVE ( 'NONE', #6580, #996, #6547, .T. ) ;
#708 =( GEOMETRIC_REPRESENTATION_CONTEXT ( 3 ) GLOBAL_UNCERTAINTY_ASSIGNED_CONTEXT ( ( #624 ) ) GLOBAL_UNIT_ASSIGNED_CONTEXT ( ( #4212, #3276, #2628 ) ) REPRESENTATION_CONTEXT ( 'NONE', 'WORKASPACE' ) );
#709 = EDGE_CURVE ( 'NONE', #5076, #1279, #5104, .T. ) ;
#710 = ORIENTED_EDGE ( 'NONE', *, *, #1054, .F. ) ;
#711 = ORIENTED_EDGE ( 'NONE', *, *, #5999, .T. ) ;
#712 = CARTESIAN_POINT ( 'NONE',  ( -16.37000000000000455, 1.000000000000000000, 7.849999999999999645 ) ) ;
#713 = CARTESIAN_POINT ( 'NONE',  ( 5.482928049865329889, -3.000000000000000000, -1.000000000000000000 ) ) ;
#714 = CARTESIAN_POINT ( 'NONE',  ( -7.955154526491449829, 14.25000000000000000, 4.500000000000000000 ) ) ;
#715 = ADVANCED_FACE ( 'NONE', ( #1886 ), #1278, .T. ) ;
#716 = ORIENTED_EDGE ( 'NONE', *, *, #6398, .T. ) ;
#717 = AXIS2_PLACEMENT_3D ( 'NONE', #6069, #1885, #3948 ) ;
#718 = DIRECTION ( 'NONE',  ( 0.000000000000000000, 1.000000000000000000, 0.000000000000000000 ) ) ;
#719 = DIRECTION ( 'NONE',  ( 1.000000000000000000, 0.000000000000000000, 0.000000000000000000 ) ) ;
#720 = LINE ( 'NONE', #2714, #6441 ) ;
#722 = VECTOR ( 'NONE', #4044, 1000.000000000000000 ) ;
#721 = FACE_OUTER_BOUND ( 'NONE', #5752, .T. ) ;
#723 = VERTEX_POINT ( 'NONE', #3348 ) ;
#724 = ADVANCED_FACE ( 'NONE', ( #3949 ), #5426, .T. ) ;
#725 = DIRECTION ( 'NONE',  ( 0.000000000000000000, -0.000000000000000000, 1.000000000000000000 ) ) ;
#726 = VECTOR ( 'NONE', #2819, 1000.000000000000114 ) ;
#727 = ORIENTED_EDGE ( 'NONE', *, *, #182, .F. ) ;
#728 = DIRECTION ( 'NONE',  ( -1.000000000000000000, -0.000000000000000000, -0.000000000000000000 ) ) ;
#729 = CARTESIAN_POINT ( 'NONE',  ( 0.2116950987028579922, 1.100000000000000089, -10.41000000000000014 ) ) ;
#730 = EDGE_CURVE ( 'NONE', #3231, #6075, #5013, .T. ) ;
#731 = PLANE ( 'NONE',  #602 ) ;
#732 = CIRCLE ( 'NONE', #1588, 1.700000000000000178 ) ;
#733 = CARTESIAN_POINT ( 'NONE',  ( -9.799999999999998934, 5.599999999999999645, -11.25000000000000000 ) ) ;
#734 = EDGE_CURVE ( 'NONE', #2717, #3322, #5335, .T. ) ;
#735 = CARTESIAN_POINT ( 'NONE',  ( -5.482928049865329889, -3.000000000000000000, -20.50000000000000000 ) ) ;
#736 = ORIENTED_EDGE ( 'NONE', *, *, #1068, .F. ) ;
#737 = ORIENTED_EDGE ( 'NONE', *, *, #3421, .T. ) ;
#738 = CYLINDRICAL_SURFACE ( 'NONE', #2201, 1.700000000000000178 ) ;
#739 = EDGE_LOOP ( 'NONE', ( #2570, #2719, #5404, #1047 ) ) ;
#740 = FACE_OUTER_BOUND ( 'NONE', #1866, .T. ) ;
#741 = DIRECTION ( 'NONE',  ( 0.8660254037844387076, 0.4999999999999998890, 0.000000000000000000 ) ) ;
#742 = CARTESIAN_POINT ( 'NONE',  ( -1.899999999999999911, -1.785595723902934973, -5.944718175857589770 ) ) ;
#743 = ORIENTED_EDGE ( 'NONE', *, *, #1076, .F. ) ;
#744 = VERTEX_POINT ( 'NONE', #6513 ) ;
#745 = ORIENTED_EDGE ( 'NONE', *, *, #5482, .T. ) ;
#746 = CARTESIAN_POINT ( 'NONE',  ( 0.000000000000000000, -3.000000000000000000, -2.000000000000000000 ) ) ;
#747 = VERTEX_POINT ( 'NONE', #6577 ) ;
#748 = CARTESIAN_POINT ( 'NONE',  ( -2.114212917312383144, 9.232232378370625270, -16.04969957730801156 ) ) ;
#749 = DIRECTION ( 'NONE',  ( 0.000000000000000000, 0.000000000000000000, -1.000000000000000000 ) ) ;
#750 = FACE_OUTER_BOUND ( 'NONE', #3683, .T. ) ;
#751 = CARTESIAN_POINT ( 'NONE',  ( -1.111498809414284139, -1.292307692307689937, -5.594593973886569316 ) ) ;
#752 = EDGE_CURVE ( 'NONE', #1858, #2367, #769, .T. ) ;
#753 = ORIENTED_EDGE ( 'NONE', *, *, #347, .T. ) ;
#754 = DIRECTION ( 'NONE',  ( 1.000000000000000000, 0.000000000000000000, 0.000000000000000000 ) ) ;
#755 = ADVANCED_FACE ( 'NONE', ( #2972 ), #1850, .F. ) ;
#756 = CARTESIAN_POINT ( 'NONE',  ( -2.146720301521298779E-14, -1.452830911130575942E-14, -12.55000000000000071 ) ) ;
#757 = LINE ( 'NONE', #3365, #6037 ) ;
#758 = EDGE_CURVE ( 'NONE', #3986, #2557, #1341, .T. ) ;
#759 = CARTESIAN_POINT ( 'NONE',  ( -1.335507818316414408, 1.541013146806676893E-06, -4.700779228568778834 ) ) ;
#760 = CARTESIAN_POINT ( 'NONE',  ( -1.105356974374213985, 1.285465559880835773, -8.508258552768630523 ) ) ;
#761 = CARTESIAN_POINT ( 'NONE',  ( 3.120000000000000107, 3.820898013339744886E-16, -12.05999999999999872 ) ) ;
#762 = VECTOR ( 'NONE', #5666, 1000.000000000000114 ) ;
#763 = ORIENTED_EDGE ( 'NONE', *, *, #2338, .F. ) ;
#764 = ADVANCED_FACE ( 'NONE', ( #3851 ), #3409, .F. ) ;
#765 = LINE ( 'NONE', #4907, #4045 ) ;
#766 = ORIENTED_EDGE ( 'NONE', *, *, #182, .T. ) ;
#767 = CARTESIAN_POINT ( 'NONE',  ( -0.6552790144329568855, 1.100000000000000755, -5.149973605304866808 ) ) ;
#768 = CARTESIAN_POINT ( 'NONE',  ( -6.506753457390874296, 11.84647523195925167, -16.95998214674046523 ) ) ;
#769 = LINE ( 'NONE', #2331, #551 ) ;
#770 = VERTEX_POINT ( 'NONE', #4565 ) ;
#771 = MECHANICAL_DESIGN_GEOMETRIC_PRESENTATION_REPRESENTATION (  '', ( #4890 ), #708 ) ;
#772 = ORIENTED_EDGE ( 'NONE', *, *, #1113, .T. ) ;
#773 = ORIENTED_EDGE ( 'NONE', *, *, #5497, .T. ) ;
#774 = CARTESIAN_POINT ( 'NONE',  ( -23.06999999999998252, 5.399999999999994138, 1.300000000000016032 ) ) ;
#775 = FACE_BOUND ( 'NONE', #4190, .T. ) ;
#776 = DIRECTION ( 'NONE',  ( 1.000000000000000000, 0.000000000000000000, 0.000000000000000000 ) ) ;
#777 = ORIENTED_EDGE ( 'NONE', *, *, #4955, .T. ) ;
#778 = LINE ( 'NONE', #4929, #1865 ) ;
#779 = DIRECTION ( 'NONE',  ( 0.000000000000000000, 0.000000000000000000, 1.000000000000000000 ) ) ;
#780 = CARTESIAN_POINT ( 'NONE',  ( -0.3892690564642125040, 14.25000000000000000, 4.342038990695074929 ) ) ;
#781 = AXIS2_PLACEMENT_3D ( 'NONE', #3392, #5476, #815 ) ;
#782 = CARTESIAN_POINT ( 'NONE',  ( -5.966171840416865102, 13.37212804271517896, -9.205326818325231031 ) ) ;
#783 = VECTOR ( 'NONE', #4794, 1000.000000000000114 ) ;
#784 = EDGE_LOOP ( 'NONE', ( #6658, #4221, #1824, #3694, #5207, #2807 ) ) ;
#785 = PLANE ( 'NONE',  #144 ) ;
#786 = VECTOR ( 'NONE', #5750, 1000.000000000000000 ) ;
#787 = LINE ( 'NONE', #5443, #5802 ) ;
#788 = ADVANCED_FACE ( 'NONE', ( #3074 ), #4054, .T. ) ;
#789 = TOROIDAL_SURFACE ( 'NONE', #3816, 2.599602749461809914, 0.5000000000000000000 ) ;
#790 = DIRECTION ( 'NONE',  ( 0.000000000000000000, -0.8144207567547996351, 0.5802747891877946262 ) ) ;
#791 = CARTESIAN_POINT ( 'NONE',  ( -1.270170592217173988, 3.252606517456515274E-16, -4.469542059191354610 ) ) ;
#792 = AXIS2_PLACEMENT_3D ( 'NONE', #5831, #4695, #61 ) ;
#793 = LINE ( 'NONE', #1841, #3407 ) ;
#794 = AXIS2_PLACEMENT_3D ( 'NONE', #3698, #1736, #3798 ) ;
#795 = CARTESIAN_POINT ( 'NONE',  ( -1.671860624073691071, -2.651726345160421812E-05, -9.170205174011032412 ) ) ;
#796 = DIRECTION ( 'NONE',  ( 0.4999999999999980571, 0.000000000000000000, -0.8660254037844397068 ) ) ;
#797 = AXIS2_PLACEMENT_3D ( 'NONE', #2707, #1655, #4854 ) ;
#798 = DIRECTION ( 'NONE',  ( 0.000000000000000000, 0.000000000000000000, -1.000000000000000000 ) ) ;
#799 = ORIENTED_EDGE ( 'NONE', *, *, #3518, .T. ) ;
#800 = AXIS2_PLACEMENT_3D ( 'NONE', #4207, #5695, #6304 ) ;
#801 = LINE ( 'NONE', #4394, #5285 ) ;
#802 = DIRECTION ( 'NONE',  ( 0.000000000000000000, 0.000000000000000000, -1.000000000000000000 ) ) ;
#803 = CARTESIAN_POINT ( 'NONE',  ( 1.850086047296148672, 6.074600762656363173, -1.100086047296141123 ) ) ;
#804 = DIRECTION ( 'NONE',  ( 0.000000000000000000, -1.000000000000000000, 0.000000000000000000 ) ) ;
#805 = EDGE_LOOP ( 'NONE', ( #5736, #1195, #4806, #5569, #6119 ) ) ;
#806 = ORIENTED_EDGE ( 'NONE', *, *, #6652, .T. ) ;
#807 = ORIENTED_EDGE ( 'NONE', *, *, #455, .F. ) ;
#808 = DIRECTION ( 'NONE',  ( 0.000000000000000000, -0.7071067811865520136, 0.7071067811865431318 ) ) ;
#809 = CARTESIAN_POINT ( 'NONE',  ( -4.299999999999999822, 14.25000000000000000, 8.810000000000000497 ) ) ;
#810 = DIRECTION ( 'NONE',  ( -0.000000000000000000, -1.000000000000000000, -0.000000000000000000 ) ) ;
#811 = EDGE_CURVE ( 'NONE', #3077, #1971, #2252, .T. ) ;
#812 = EDGE_CURVE ( 'NONE', #1314, #1729, #5665, .T. ) ;
#813 = ORIENTED_EDGE ( 'NONE', *, *, #3173, .F. ) ;
#814 = DIRECTION ( 'NONE',  ( 0.000000000000000000, 0.000000000000000000, 1.000000000000000000 ) ) ;
#815 = DIRECTION ( 'NONE',  ( -1.000000000000000000, -8.881784197001252323E-16, 0.000000000000000000 ) ) ;
#816 = LINE ( 'NONE', #4441, #1152 ) ;
#817 = ORIENTED_EDGE ( 'NONE', *, *, #4786, .F. ) ;
#818 = CARTESIAN_POINT ( 'NONE',  ( 5.587236381653959860, -1.946504647607049998, -20.33375380950900180 ) ) ;
#819 = CIRCLE ( 'NONE', #1687, 4.320000000000000284 ) ;
#820 = DIRECTION ( 'NONE',  ( 1.000000000000000000, 0.000000000000000000, -0.000000000000000000 ) ) ;
#821 = CARTESIAN_POINT ( 'NONE',  ( 0.000000000000000000, 13.66773758938751193, -9.738263032438599254 ) ) ;
#822 = CARTESIAN_POINT ( 'NONE',  ( -1.570753059681641028, -3.069640164116445659E-07, -4.895775254858693692 ) ) ;
#823 = LINE ( 'NONE', #5417, #1141 ) ;
#824 = VECTOR ( 'NONE', #2147, 1000.000000000000000 ) ;
#825 = CARTESIAN_POINT ( 'NONE',  ( -1.760875827809097238, -0.0001687864112034055881, -9.153257888639108941 ) ) ;
#826 = LINE ( 'NONE', #4266, #1646 ) ;
#827 = CYLINDRICAL_SURFACE ( 'NONE', #5679, 4.099999999999999645 ) ;
#828 = ORIENTED_EDGE ( 'NONE', *, *, #3227, .F. ) ;
#829 = VECTOR ( 'NONE', #3448, 1000.000000000000114 ) ;
#830 = CARTESIAN_POINT ( 'NONE',  ( -0.6479358441331862783, 1.100000000000000755, -5.119394270702170679 ) ) ;
#831 = FACE_OUTER_BOUND ( 'NONE', #2808, .T. ) ;
#832 = LINE ( 'NONE', #4948, #5332 ) ;
#833 = B_SPLINE_CURVE_WITH_KNOTS ( 'NONE', 1,
 ( #4043, #450 ),
 .UNSPECIFIED., .F., .F.,
 ( 2, 2 ),
 ( 0.000000000000000000, 0.0009128709291752738113 ),
 .UNSPECIFIED. ) ;
#834 = EDGE_CURVE ( 'NONE', #2381, #4530, #1746, .T. ) ;
#835 = ORIENTED_EDGE ( 'NONE', *, *, #1416, .T. ) ;
#836 = ORIENTED_EDGE ( 'NONE', *, *, #5636, .T. ) ;
#837 = ORIENTED_EDGE ( 'NONE', *, *, #4867, .F. ) ;
#838 = LINE ( 'NONE', #2910, #89 ) ;
#839 = EDGE_CURVE ( 'NONE', #3215, #4235, #498, .T. ) ;
#840 = CARTESIAN_POINT ( 'NONE',  ( -2.206173157302017351, 2.206173157302028898, -12.55000000000000071 ) ) ;
#841 = DIRECTION ( 'NONE',  ( 0.000000000000000000, -1.000000000000000000, 0.000000000000000000 ) ) ;
#842 = EDGE_CURVE ( 'NONE', #3319, #2544, #4561, .T. ) ;
#843 = PLANE ( 'NONE',  #5449 ) ;
#844 = ORIENTED_EDGE ( 'NONE', *, *, #3559, .T. ) ;
#845 = CARTESIAN_POINT ( 'NONE',  ( 5.415692231350269559, -2.885368060760538977, -20.11365370895983418 ) ) ;
#846 = EDGE_CURVE ( 'NONE', #46, #4959, #6142, .T. ) ;
#847 = DIRECTION ( 'NONE',  ( -0.000000000000000000, 1.000000000000000000, 0.000000000000000000 ) ) ;
#848 = CARTESIAN_POINT ( 'NONE',  ( -1.899999999999999911, 0.000000000000000000, -7.049999999999999822 ) ) ;
#849 = DIRECTION ( 'NONE',  ( 0.000000000000000000, 1.000000000000000000, 0.000000000000000000 ) ) ;
#850 = FACE_OUTER_BOUND ( 'NONE', #3952, .T. ) ;
#851 = ORIENTED_EDGE ( 'NONE', *, *, #4525, .T. ) ;
#852 = CARTESIAN_POINT ( 'NONE',  ( 6.250000000000000000, 0.000000000000000000, -20.50000000000000000 ) ) ;
#853 = CARTESIAN_POINT ( 'NONE',  ( 5.390964663211960328, -2.000000000000000000, -0.5000000000000000000 ) ) ;
#854 = CARTESIAN_POINT ( 'NONE',  ( -23.61999999999999744, 1.000000000000000000, 2.399999999999999911 ) ) ;
#855 = CARTESIAN_POINT ( 'NONE',  ( 0.1087083133372302030, 0.1587083133372530208, -6.958369712572099353 ) ) ;
#856 = CARTESIAN_POINT ( 'NONE',  ( -0.9464132873075707941, 1.154684715959149566, -8.602332374855626185 ) ) ;
#857 = CARTESIAN_POINT ( 'NONE',  ( 0.3252691193458266405, 4.087077195258210338, -12.09999999999999964 ) ) ;
#858 = PLANE ( 'NONE',  #272 ) ;
#859 = EDGE_CURVE ( 'NONE', #4159, #1524, #6682, .T. ) ;
#860 = DIRECTION ( 'NONE',  ( 0.7071067811865515695, -0.7071067811865434649, 0.000000000000000000 ) ) ;
#861 = ORIENTED_EDGE ( 'NONE', *, *, #3245, .F. ) ;
#862 = DIRECTION ( 'NONE',  ( -1.000000000000000000, 0.000000000000000000, -0.000000000000000000 ) ) ;
#863 = CARTESIAN_POINT ( 'NONE',  ( -4.299999999999999822, 18.25000000000000000, 8.810000000000000497 ) ) ;
#864 = VECTOR ( 'NONE', #4989, 1000.000000000000000 ) ;
#865 = DIRECTION ( 'NONE',  ( 0.3779644730092278082, -0.9130425586713860620, -0.1532845171492066838 ) ) ;
#866 = EDGE_LOOP ( 'NONE', ( #3041, #6285, #6249, #3508, #2605, #4091 ) ) ;
#867 = ORIENTED_EDGE ( 'NONE', *, *, #3935, .T. ) ;
#868 = EDGE_CURVE ( 'NONE', #4254, #2907, #1128, .T. ) ;
#869 = ORIENTED_EDGE ( 'NONE', *, *, #4330, .T. ) ;
#870 = CARTESIAN_POINT ( 'NONE',  ( -1.899999999999999911, 6.276472665132779411E-16, -4.625128869403569709 ) ) ;
#871 = DIRECTION ( 'NONE',  ( 0.000000000000000000, 0.000000000000000000, 1.000000000000000000 ) ) ;
#872 = DIRECTION ( 'NONE',  ( 0.000000000000000000, 0.000000000000000000, 1.000000000000000000 ) ) ;
#873 = VECTOR ( 'NONE', #198, 1000.000000000000114 ) ;
#874 = DIRECTION ( 'NONE',  ( 0.000000000000000000, -0.7071067811865475727, 0.7071067811865475727 ) ) ;
#875 = ORIENTED_EDGE ( 'NONE', *, *, #4784, .T. ) ;
#876 = LINE ( 'NONE', #1421, #4034 ) ;
#877 = DIRECTION ( 'NONE',  ( 0.000000000000000000, 0.8660254037844387076, -0.4999999999999998890 ) ) ;
#878 = CARTESIAN_POINT ( 'NONE',  ( 1.750000000000000000, 0.6186893063915900326, -3.746411972932415235 ) ) ;
#879 = DIRECTION ( 'NONE',  ( 0.000000000000000000, 0.000000000000000000, -1.000000000000000000 ) ) ;
#880 = ORIENTED_EDGE ( 'NONE', *, *, #758, .T. ) ;
#881 = ORIENTED_EDGE ( 'NONE', *, *, #6619, .F. ) ;
#882 = CARTESIAN_POINT ( 'NONE',  ( 0.000000000000000000, -3.000000000000000000, 0.000000000000000000 ) ) ;
#883 = CARTESIAN_POINT ( 'NONE',  ( -1.212435565298211948, 2.100000000000000089, 3.000000000000000000 ) ) ;
#884 = CARTESIAN_POINT ( 'NONE',  ( -1.111498809414284139, 1.292307692307689937, -5.594593973886569316 ) ) ;
#885 = CARTESIAN_POINT ( 'NONE',  ( -1.726185302921765086, -5.833297120452340501, -0.8332971204523390574 ) ) ;
#886 = ADVANCED_FACE ( 'NONE', ( #6104 ), #1446, .F. ) ;
#887 = VECTOR ( 'NONE', #256, 1000.000000000000000 ) ;
#888 = CARTESIAN_POINT ( 'NONE',  ( -2.477108490669407193, 14.49762294894923365, -8.573511650597584577 ) ) ;
#889 = AXIS2_PLACEMENT_3D ( 'NONE', #410, #1964, #1456 ) ;
#890 = EDGE_CURVE ( 'NONE', #221, #5122, #430, .T. ) ;
#891 = PLANE ( 'NONE',  #4028 ) ;
#892 = DIRECTION ( 'NONE',  ( -1.000000000000000000, 0.000000000000000000, 0.000000000000000000 ) ) ;
#893 = DIRECTION ( 'NONE',  ( -7.190116423725421880E-17, -0.5802747891877946262, -0.8144207567547996351 ) ) ;
#894 = ORIENTED_EDGE ( 'NONE', *, *, #5784, .F. ) ;
#895 = VECTOR ( 'NONE', #3404, 1000.000000000000000 ) ;
#896 = DIRECTION ( 'NONE',  ( 1.000000000000000000, 0.000000000000000000, 0.000000000000000000 ) ) ;
#897 = CYLINDRICAL_SURFACE ( 'NONE', #2125, 1.000000000000000000 ) ;
#898 = AXIS2_PLACEMENT_3D ( 'NONE', #4237, #2146, #3302 ) ;
#899 = DIRECTION ( 'NONE',  ( 0.7071067811865474617, -0.7071067811865474617, 0.000000000000000000 ) ) ;
#900 = VECTOR ( 'NONE', #2285, 1000.000000000000000 ) ;
#901 = ORIENTED_EDGE ( 'NONE', *, *, #4839, .F. ) ;
#902 = EDGE_LOOP ( 'NONE', ( #4197, #109, #2375, #4481, #2266 ) ) ;
#903 = AXIS2_PLACEMENT_3D ( 'NONE', #1436, #5005, #3505 ) ;
#904 = EDGE_LOOP ( 'NONE', ( #6500, #4675, #2915, #6108 ) ) ;
#905 = DIRECTION ( 'NONE',  ( -0.000000000000000000, -0.000000000000000000, -1.000000000000000000 ) ) ;
#906 = DIRECTION ( 'NONE',  ( 0.000000000000000000, 1.000000000000000000, 0.000000000000000000 ) ) ;
#907 = EDGE_CURVE ( 'NONE', #1129, #6461, #1066, .T. ) ;
#908 = EDGE_CURVE ( 'NONE', #2182, #5883, #3511, .T. ) ;
#909 = ORIENTED_EDGE ( 'NONE', *, *, #707, .T. ) ;
#910 = CARTESIAN_POINT ( 'NONE',  ( 1.750000000000000000, -6.000000000000000000, -20.00000000000000000 ) ) ;
#911 = FACE_OUTER_BOUND ( 'NONE', #2167, .T. ) ;
#912 = DIRECTION ( 'NONE',  ( -1.000000000000000000, 0.000000000000000000, 0.000000000000000000 ) ) ;
#913 = EDGE_CURVE ( 'NONE', #3472, #5076, #1000, .T. ) ;
#914 = VERTEX_POINT ( 'NONE', #530 ) ;
#915 = EDGE_CURVE ( 'NONE', #3105, #3411, #2596, .T. ) ;
#916 = DIRECTION ( 'NONE',  ( 1.630379206745096129E-16, -1.000000000000000000, -0.000000000000000000 ) ) ;
#917 = VERTEX_POINT ( 'NONE', #4089 ) ;
#918 = DIRECTION ( 'NONE',  ( 0.000000000000000000, 0.000000000000000000, -1.000000000000000000 ) ) ;
#919 = CARTESIAN_POINT ( 'NONE',  ( -0.7131732607491687581, 1.100000000000000533, -8.813653429642398507 ) ) ;
#920 = EDGE_CURVE ( 'NONE', #1669, #2987, #5551, .T. ) ;
#921 = PLANE ( 'NONE',  #3416 ) ;
#922 = DIRECTION ( 'NONE',  ( -1.000000000000000000, 2.116145958439118220E-16, 0.000000000000000000 ) ) ;
#923 = ORIENTED_EDGE ( 'NONE', *, *, #4982, .F. ) ;
#924 = CARTESIAN_POINT ( 'NONE',  ( -1.899999999999999911, 1.100000000000000089, -7.049999999999999822 ) ) ;
#925 = VECTOR ( 'NONE', #5080, 1000.000000000000114 ) ;
#926 = LINE ( 'NONE', #4526, #3485 ) ;
#927 = AXIS2_PLACEMENT_3D ( 'NONE', #2422, #5964, #1810 ) ;
#928 = ORIENTED_EDGE ( 'NONE', *, *, #4872, .F. ) ;
#929 = PLANE ( 'NONE',  #2962 ) ;
#930 = EDGE_CURVE ( 'NONE', #4560, #1063, #243, .T. ) ;
#931 = EDGE_LOOP ( 'NONE', ( #4141, #6140, #6562, #5601, #4006 ) ) ;
#932 = PLANE ( 'NONE',  #1811 ) ;
#933 = CARTESIAN_POINT ( 'NONE',  ( 1.250000000000000000, -1.548860246407865308E-16, -0.5000000000000000000 ) ) ;
#934 = CIRCLE ( 'NONE', #3428, 1.000000000000000888 ) ;
#935 = DIRECTION ( 'NONE',  ( 0.000000000000000000, -1.000000000000000000, 0.000000000000000000 ) ) ;
#936 = CARTESIAN_POINT ( 'NONE',  ( 0.000000000000000000, -3.000000000000000000, 7.849999999999999645 ) ) ;
#937 = ORIENTED_EDGE ( 'NONE', *, *, #5993, .T. ) ;
#938 = EDGE_LOOP ( 'NONE', ( #6164, #470, #433 ) ) ;
#939 = VECTOR ( 'NONE', #1010, 1000.000000000000000 ) ;
#940 = ORIENTED_EDGE ( 'NONE', *, *, #4161, .T. ) ;
#941 = CARTESIAN_POINT ( 'NONE',  ( -19.55333333333330970, 4.783333333333322557, 6.666666666666660745 ) ) ;
#942 = LINE ( 'NONE', #5673, #4878 ) ;
#943 = AXIS2_PLACEMENT_3D ( 'NONE', #1032, #4117, #2530 ) ;
#944 = ORIENTED_EDGE ( 'NONE', *, *, #5047, .F. ) ;
#945 = CARTESIAN_POINT ( 'NONE',  ( -2.149999999999999911, -2.100000000000000089, -8.262435565298209994 ) ) ;
#946 = CARTESIAN_POINT ( 'NONE',  ( 1.677050983124940053, -5.500000000000000000, -0.5000000000000000000 ) ) ;
#947 = CARTESIAN_POINT ( 'NONE',  ( -1.899999999999999911, 1.850000000000000089, 3.308669056742545080E-16 ) ) ;
#948 = EDGE_LOOP ( 'NONE', ( #5618, #4436, #2876, #2775, #4728, #2709 ) ) ;
#949 = CARTESIAN_POINT ( 'NONE',  ( 1.582080896493674560, 5.874060672370350566, -0.8320808964936723395 ) ) ;
#950 = ORIENTED_EDGE ( 'NONE', *, *, #5129, .F. ) ;
#951 = CARTESIAN_POINT ( 'NONE',  ( -17.37000000000000099, 2.000000000000008882, 7.849999999999999645 ) ) ;
#952 = EDGE_CURVE ( 'NONE', #3079, #4726, #3473, .T. ) ;
#953 = FACE_OUTER_BOUND ( 'NONE', #2632, .T. ) ;
#954 = CARTESIAN_POINT ( 'NONE',  ( -0.7636325855405680096, -1.100000000000000089, -8.755482072422571704 ) ) ;
#955 = APPLICATION_PROTOCOL_DEFINITION ( 'draft international standard', 'automotive_design', 1998, #259 ) ;
#956 = EDGE_CURVE ( 'NONE', #2116, #5676, #2661, .T. ) ;
#957 = PLANE ( 'NONE',  #5100 ) ;
#958 = VERTEX_POINT ( 'NONE', #3678 ) ;
#959 = DIRECTION ( 'NONE',  ( 0.8660254037844384856, -0.5000000000000003331, 0.000000000000000000 ) ) ;
#960 = DIRECTION ( 'NONE',  ( 9.045978859488930819E-17, 0.7071067811865480168, 0.7071067811865470176 ) ) ;
#961 = FACE_OUTER_BOUND ( 'NONE', #3594, .T. ) ;
#962 = ORIENTED_EDGE ( 'NONE', *, *, #6458, .T. ) ;
#963 = EDGE_CURVE ( 'NONE', #3144, #5087, #2261, .T. ) ;
#964 = LINE ( 'NONE', #6207, #4738 ) ;
#965 = FACE_OUTER_BOUND ( 'NONE', #2002, .T. ) ;
#966 = DIRECTION ( 'NONE',  ( 0.000000000000000000, 0.000000000000000000, -1.000000000000000000 ) ) ;
#967 = DIRECTION ( 'NONE',  ( 0.2863443236649899082, -0.6774979440208069859, -0.6774979440208058756 ) ) ;
#968 = EDGE_CURVE ( 'NONE', #278, #312, #662, .T. ) ;
#969 = ORIENTED_EDGE ( 'NONE', *, *, #67, .F. ) ;
#970 = ORIENTED_EDGE ( 'NONE', *, *, #1093, .F. ) ;
#971 = ORIENTED_EDGE ( 'NONE', *, *, #1727, .F. ) ;
#972 = LINE ( 'NONE', #941, #4407 ) ;
#973 = VECTOR ( 'NONE', #5642, 1000.000000000000000 ) ;
#974 = LINE ( 'NONE', #4095, #1738 ) ;
#975 = AXIS2_PLACEMENT_3D ( 'NONE', #5042, #3611, #27 ) ;
#976 = ADVANCED_FACE ( 'NONE', ( #5765 ), #6278, .T. ) ;
#977 = DIRECTION ( 'NONE',  ( 0.000000000000000000, 0.7071067811865474617, 0.7071067811865474617 ) ) ;
#978 = ORIENTED_EDGE ( 'NONE', *, *, #3772, .T. ) ;
#979 = CARTESIAN_POINT ( 'NONE',  ( 1.726185302921879883, -5.833297120452329843, -20.16670287954769947 ) ) ;
#980 = ORIENTED_EDGE ( 'NONE', *, *, #1167, .T. ) ;
#981 = LINE ( 'NONE', #5125, #6662 ) ;
#982 = CARTESIAN_POINT ( 'NONE',  ( -5.564212917312382878, 9.232232378370630599, -16.04969957730800800 ) ) ;
#983 = ORIENTED_EDGE ( 'NONE', *, *, #3864, .F. ) ;
#984 = CARTESIAN_POINT ( 'NONE',  ( -25.37000000000000099, 5.500000000000000000, -1.000000000000000000 ) ) ;
#985 = ORIENTED_EDGE ( 'NONE', *, *, #4108, .F. ) ;
#986 = CARTESIAN_POINT ( 'NONE',  ( 1.020031003398010006, 6.250000000000000000, -0.5000000000000000000 ) ) ;
#987 = DIRECTION ( 'NONE',  ( 1.000000000000000000, 0.000000000000000000, 0.000000000000000000 ) ) ;
#988 = CARTESIAN_POINT ( 'NONE',  ( -0.8785434328851869923, -1.122154882152598843, -8.653248121900377399 ) ) ;
#989 = DIRECTION ( 'NONE',  ( 1.000000000000000000, 0.000000000000000000, 0.000000000000000000 ) ) ;
#990 = DIRECTION ( 'NONE',  ( 0.000000000000000000, -1.000000000000000000, 0.000000000000000000 ) ) ;
#991 = ORIENTED_EDGE ( 'NONE', *, *, #5960, .F. ) ;
#992 = CARTESIAN_POINT ( 'NONE',  ( -1.270170592217173988, 3.252606517456515274E-16, -20.50000000000000000 ) ) ;
#993 = EDGE_CURVE ( 'NONE', #3335, #6016, #6345, .T. ) ;
#994 = FACE_OUTER_BOUND ( 'NONE', #5110, .T. ) ;
#995 = FACE_OUTER_BOUND ( 'NONE', #6206, .T. ) ;
#996 = VERTEX_POINT ( 'NONE', #1095 ) ;
#997 = DIRECTION ( 'NONE',  ( -0.7071067811865510144, 0.7071067811865441310, -0.000000000000000000 ) ) ;
#998 = CARTESIAN_POINT ( 'NONE',  ( -7.250000000000000000, 20.24999999999999645, 8.810000000000000497 ) ) ;
#999 = VECTOR ( 'NONE', #6162, 1000.000000000000000 ) ;
#1000 = LINE ( 'NONE', #399, #1088 ) ;
#1001 = VECTOR ( 'NONE', #4857, 1000.000000000000000 ) ;
#1002 = CARTESIAN_POINT ( 'NONE',  ( -1.899999999999999911, 6.276472665132779411E-16, -4.625128869403569709 ) ) ;
#1003 = EDGE_CURVE ( 'NONE', #679, #6711, #165, .T. ) ;
#1004 = ORIENTED_EDGE ( 'NONE', *, *, #6639, .T. ) ;
#1005 = ORIENTED_EDGE ( 'NONE', *, *, #2638, .T. ) ;
#1006 = VECTOR ( 'NONE', #68, 1000.000000000000000 ) ;
#1007 = MANIFOLD_SOLID_BREP ( 'Cut-Loft1[1]', #5758 ) ;
#1008 = VERTEX_POINT ( 'NONE', #4838 ) ;
#1009 = AXIS2_PLACEMENT_3D ( 'NONE', #1354, #1289, #2411 ) ;
#1010 = DIRECTION ( 'NONE',  ( 1.000000000000000000, 0.000000000000000000, 0.000000000000000000 ) ) ;
#1011 = FACE_OUTER_BOUND ( 'NONE', #183, .T. ) ;
#1012 = VECTOR ( 'NONE', #2003, 1000.000000000000000 ) ;
#1013 = AXIS2_PLACEMENT_3D ( 'NONE', #531, #1921, #6644 ) ;
#1014 = AXIS2_PLACEMENT_3D ( 'NONE', #4380, #6498, #6465 ) ;
#1015 = ORIENTED_EDGE ( 'NONE', *, *, #2100, .T. ) ;
#1016 = DIRECTION ( 'NONE',  ( 0.000000000000000000, 0.2677450447906963849, -0.9634897980726252475 ) ) ;
#1017 = EDGE_CURVE ( 'NONE', #2600, #4917, #2119, .T. ) ;
#1018 = CARTESIAN_POINT ( 'NONE',  ( -0.7096584591674900411, 1.920943322875215076, -11.41000000000000014 ) ) ;
#1019 = EDGE_CURVE ( 'NONE', #6397, #2484, #2763, .T. ) ;
#1020 = ORIENTED_EDGE ( 'NONE', *, *, #6110, .T. ) ;
#1021 = CARTESIAN_POINT ( 'NONE',  ( -1.899999999999999911, 3.977739548340144982, -6.889646997001210416 ) ) ;
#1022 = EDGE_LOOP ( 'NONE', ( #6495, #145, #49, #710 ) ) ;
#1023 = DIRECTION ( 'NONE',  ( 0.7071067811865527908, 0.7071067811865422437, -0.000000000000000000 ) ) ;
#1024 = CARTESIAN_POINT ( 'NONE',  ( -0.9505008038947083682, 1.157192975310682215, -5.500555796361300764 ) ) ;
#1025 = DIRECTION ( 'NONE',  ( -1.000000000000000000, 8.881784197001251337E-16, 0.000000000000000000 ) ) ;
#1026 = DIRECTION ( 'NONE',  ( 0.000000000000000000, 0.000000000000000000, 1.000000000000000000 ) ) ;
#1027 = ORIENTED_EDGE ( 'NONE', *, *, #2887, .F. ) ;
#1028 = DIRECTION ( 'NONE',  ( -0.7071067811865492381, 0.7071067811865457964, -0.000000000000000000 ) ) ;
#1029 = DIRECTION ( 'NONE',  ( 0.000000000000000000, 0.000000000000000000, 1.000000000000000000 ) ) ;
#1030 = CARTESIAN_POINT ( 'NONE',  ( -25.37000000000000099, 1.000000000000000000, 0.000000000000000000 ) ) ;
#1031 = EDGE_LOOP ( 'NONE', ( #4515, #3380, #6107, #1080, #3993 ) ) ;
#1032 = CARTESIAN_POINT ( 'NONE',  ( -1.975000000000078693, 11.63354765594750972, -12.67943252105974850 ) ) ;
#1033 = FACE_OUTER_BOUND ( 'NONE', #279, .T. ) ;
#1034 = CARTESIAN_POINT ( 'NONE',  ( -14.51223363072104533, -3.000000000000000000, 8.099999999999999645 ) ) ;
#1035 = CYLINDRICAL_SURFACE ( 'NONE', #5029, 3.449999999999999734 ) ;
#1036 = AXIS2_PLACEMENT_3D ( 'NONE', #3580, #5211, #1508 ) ;
#1037 = ORIENTED_EDGE ( 'NONE', *, *, #672, .F. ) ;
#1038 = VERTEX_POINT ( 'NONE', #592 ) ;
#1039 = EDGE_LOOP ( 'NONE', ( #2681, #5938 ) ) ;
#1040 = VECTOR ( 'NONE', #4448, 1000.000000000000000 ) ;
#1041 = CARTESIAN_POINT ( 'NONE',  ( -1.850885181465274920, -1.064911515767112075E-14, -9.149459804164409960 ) ) ;
#1042 = EDGE_CURVE ( 'NONE', #81, #6100, #4732, .T. ) ;
#1043 = CARTESIAN_POINT ( 'NONE',  ( 0.6350852961085620141, -1.100000000000000089, -10.41000000000000014 ) ) ;
#1044 = ORIENTED_EDGE ( 'NONE', *, *, #2550, .T. ) ;
#1045 = AXIS2_PLACEMENT_3D ( 'NONE', #5493, #4977, #5530 ) ;
#1046 = ORIENTED_EDGE ( 'NONE', *, *, #1756, .T. ) ;
#1047 = ORIENTED_EDGE ( 'NONE', *, *, #6489, .F. ) ;
#1048 = CARTESIAN_POINT ( 'NONE',  ( 5.282200125479930009, -2.665891832924884852, -0.6658918329248829648 ) ) ;
#1049 = ADVANCED_FACE ( 'NONE', ( #1134, #5286 ), #629, .F. ) ;
#1051 = VECTOR ( 'NONE', #2701, 1000.000000000000000 ) ;
#1050 = DIRECTION ( 'NONE',  ( 1.000000000000000000, 0.000000000000000000, 0.000000000000000000 ) ) ;
#1052 = ORIENTED_EDGE ( 'NONE', *, *, #22, .F. ) ;
#1053 = CARTESIAN_POINT ( 'NONE',  ( 0.000000000000000000, 1.000000000000000000, 0.000000000000000000 ) ) ;
#1054 = EDGE_CURVE ( 'NONE', #363, #1896, #2190, .T. ) ;
#1055 = ORIENTED_EDGE ( 'NONE', *, *, #583, .F. ) ;
#1056 = CARTESIAN_POINT ( 'NONE',  ( 2.424871130596424784, 4.336808689942014778E-16, -2.000000000000000000 ) ) ;
#1057 = DIRECTION ( 'NONE',  ( 0.000000000000000000, 0.000000000000000000, 1.000000000000000000 ) ) ;
#1058 = CARTESIAN_POINT ( 'NONE',  ( -2.146720301521298779E-14, -1.452830911130575942E-14, -12.09999999999999964 ) ) ;
#1059 = ORIENTED_EDGE ( 'NONE', *, *, #3379, .F. ) ;
#1060 = LINE ( 'NONE', #2688, #5909 ) ;
#1061 = ORIENTED_EDGE ( 'NONE', *, *, #1003, .F. ) ;
#1062 = CARTESIAN_POINT ( 'NONE',  ( -1.111498809414284139, -1.292307692307689937, -8.505406026113428553 ) ) ;
#1063 = VERTEX_POINT ( 'NONE', #5835 ) ;
#1064 = CARTESIAN_POINT ( 'NONE',  ( -3.380136884765795102, 3.330136884765809935, -5.127344573142160300 ) ) ;
#1065 = PLANE ( 'NONE',  #1036 ) ;
#1066 = LINE ( 'NONE', #1034, #6418 ) ;
#1067 = PLANE ( 'NONE',  #5243 ) ;
#1068 = EDGE_CURVE ( 'NONE', #2782, #445, #3974, .T. ) ;
#1069 = ORIENTED_EDGE ( 'NONE', *, *, #1390, .T. ) ;
#1070 = VERTEX_POINT ( 'NONE', #2795 ) ;
#1071 = DIRECTION ( 'NONE',  ( 0.000000000000000000, 0.8660254037844387076, 0.4999999999999998890 ) ) ;
#1072 = ORIENTED_EDGE ( 'NONE', *, *, #1913, .F. ) ;
#1073 = DIRECTION ( 'NONE',  ( 1.000000000000000000, -5.217213461584422785E-15, 0.000000000000000000 ) ) ;
#1074 = DIRECTION ( 'NONE',  ( 0.000000000000000000, -1.000000000000000000, 0.000000000000000000 ) ) ;
#1075 = ORIENTED_EDGE ( 'NONE', *, *, #2575, .F. ) ;
#1076 = EDGE_CURVE ( 'NONE', #139, #1997, #1271, .T. ) ;
#1077 = ORIENTED_EDGE ( 'NONE', *, *, #3453, .T. ) ;
#1078 = DIRECTION ( 'NONE',  ( 0.000000000000000000, 0.000000000000000000, -1.000000000000000000 ) ) ;
#1079 = VECTOR ( 'NONE', #4128, 1000.000000000000000 ) ;
#1080 = ORIENTED_EDGE ( 'NONE', *, *, #4518, .T. ) ;
#1081 = FACE_OUTER_BOUND ( 'NONE', #2094, .T. ) ;
#1082 = VERTEX_POINT ( 'NONE', #6567 ) ;
#1083 = DIRECTION ( 'NONE',  ( 1.000000000000000000, -6.549975585644902264E-16, 0.000000000000000000 ) ) ;
#1084 = AXIS2_PLACEMENT_3D ( 'NONE', #1755, #3817, #5913 ) ;
#1085 = PLANE ( 'NONE',  #5466 ) ;
#1086 = DIRECTION ( 'NONE',  ( 0.7745966692414691934, -0.1047132600274632980, 0.6237268097287808066 ) ) ;
#1087 = ORIENTED_EDGE ( 'NONE', *, *, #4101, .F. ) ;
#1088 = VECTOR ( 'NONE', #5184, 1000.000000000000000 ) ;
#1089 = LINE ( 'NONE', #5276, #4583 ) ;
#1090 = VERTEX_POINT ( 'NONE', #733 ) ;
#1091 = CARTESIAN_POINT ( 'NONE',  ( -1.857613003443954858, 3.287280571730594809E-16, -9.149572180831839319 ) ) ;
#1092 = DIRECTION ( 'NONE',  ( -1.630379206745095636E-16, -1.000000000000000000, 0.000000000000000000 ) ) ;
#1093 = EDGE_CURVE ( 'NONE', #4167, #3451, #1910, .T. ) ;
#1094 = PLANE ( 'NONE',  #1254 ) ;
#1095 = CARTESIAN_POINT ( 'NONE',  ( -4.322389623066068332, 13.96512815622725512, -9.320872763189836263 ) ) ;
#1096 = CARTESIAN_POINT ( 'NONE',  ( -4.799999999999999822, 1.734723475976809855E-15, -9.474871130596428159 ) ) ;
#1097 = DIRECTION ( 'NONE',  ( 0.7071067811865492381, 0.7071067811865457964, 0.000000000000000000 ) ) ;
#1098 = EDGE_CURVE ( 'NONE', #2871, #2366, #823, .T. ) ;
#1099 = ORIENTED_EDGE ( 'NONE', *, *, #345, .T. ) ;
#1100 = VERTEX_POINT ( 'NONE', #1239 ) ;
#1101 = LINE ( 'NONE', #1609, #3709 ) ;
#1102 = ORIENTED_EDGE ( 'NONE', *, *, #2961, .T. ) ;
#1103 = AXIS2_PLACEMENT_3D ( 'NONE', #4654, #3561, #5718 ) ;
#1104 = CARTESIAN_POINT ( 'NONE',  ( -1.857794549146839946, -0.8622054508531581396, -11.41000000000000014 ) ) ;
#1105 = TOROIDAL_SURFACE ( 'NONE', #2843, 2.599602749461809914, 0.5000000000000000000 ) ;
#1106 = CARTESIAN_POINT ( 'NONE',  ( -2.424871130596424784, 0.000000000000000000, 3.000000000000000000 ) ) ;
#1107 = VECTOR ( 'NONE', #3656, 1000.000000000000000 ) ;
#1108 = ORIENTED_EDGE ( 'NONE', *, *, #2115, .T. ) ;
#1109 = CIRCLE ( 'NONE', #4688, 6.250000000000000000 ) ;
#1110 = PLANE ( 'NONE',  #5799 ) ;
#1111 = PLANE ( 'NONE',  #2196 ) ;
#1112 = AXIS2_PLACEMENT_3D ( 'NONE', #5315, #6308, #1166 ) ;
#1113 = EDGE_CURVE ( 'NONE', #2126, #1413, #4893, .T. ) ;
#1114 = EDGE_CURVE ( 'NONE', #2649, #1853, #793, .T. ) ;
#1115 = AXIS2_PLACEMENT_3D ( 'NONE', #5625, #6063, #6135 ) ;
#1116 = AXIS2_PLACEMENT_3D ( 'NONE', #2919, #749, #1225 ) ;
#1117 = ORIENTED_EDGE ( 'NONE', *, *, #4358, .F. ) ;
#1118 = DIRECTION ( 'NONE',  ( -0.5773502691896258421, 0.5773502691896258421, 0.5773502691896258421 ) ) ;
#1119 = ORIENTED_EDGE ( 'NONE', *, *, #1906, .F. ) ;
#1120 = AXIS2_PLACEMENT_3D ( 'NONE', #5885, #2778, #1730 ) ;
#1121 = CARTESIAN_POINT ( 'NONE',  ( -18.36999999999999389, 3.600000000000001865, 0.000000000000000000 ) ) ;
#1122 = AXIS2_PLACEMENT_3D ( 'NONE', #2999, #5626, #5107 ) ;
#1123 = CARTESIAN_POINT ( 'NONE',  ( -21.91999999999999815, 3.100000000000008971, 8.349999999999999645 ) ) ;
#1124 = CARTESIAN_POINT ( 'NONE',  ( -6.083828159583053008, 8.917662361074079058, -15.45720847676888710 ) ) ;
#1125 = EDGE_CURVE ( 'NONE', #4710, #6358, #3903, .T. ) ;
#1126 = ADVANCED_FACE ( 'NONE', ( #1782 ), #2723, .T. ) ;
#1127 = VERTEX_POINT ( 'NONE', #6438 ) ;
#1128 =( BOUNDED_CURVE ( )  B_SPLINE_CURVE ( 3, ( #3036, #6245, #6209, #1573 ),
 .UNSPECIFIED., .F., .T. ) 
 B_SPLINE_CURVE_WITH_KNOTS ( ( 4, 4 ),
 ( 1.813162177833860023, 1.896525814089527140 ),
 .UNSPECIFIED. ) 
 CURVE ( )  GEOMETRIC_REPRESENTATION_ITEM ( )  RATIONAL_B_SPLINE_CURVE ( ( 1.000000000000000000, 0.9994209591873384202, 0.9994209591873384202, 1.000000000000000000 ) ) 
 REPRESENTATION_ITEM ( '' )  );
#1129 = VERTEX_POINT ( 'NONE', #4937 ) ;
#1130 = EDGE_CURVE ( 'NONE', #2907, #2128, #5485, .T. ) ;
#1131 = CARTESIAN_POINT ( 'NONE',  ( 1.927340545936784943, -0.6920959459171439621, -11.41000000000000014 ) ) ;
#1132 = DIRECTION ( 'NONE',  ( -0.000000000000000000, -0.000000000000000000, 1.000000000000000000 ) ) ;
#1133 = DIRECTION ( 'NONE',  ( -1.000000000000000000, 0.000000000000000000, 0.000000000000000000 ) ) ;
#1134 = FACE_BOUND ( 'NONE', #6350, .T. ) ;
#1135 = DIRECTION ( 'NONE',  ( -1.239088197126289831E-16, -1.000000000000000000, 0.000000000000000000 ) ) ;
#1136 = DIRECTION ( 'NONE',  ( -1.000000000000000000, 0.000000000000000000, -0.000000000000000000 ) ) ;
#1137 = VERTEX_POINT ( 'NONE', #3874 ) ;
#1138 = EDGE_CURVE ( 'NONE', #2162, #4887, #1534, .T. ) ;
#1139 = ORIENTED_EDGE ( 'NONE', *, *, #2956, .T. ) ;
#1140 = DIRECTION ( 'NONE',  ( 0.000000000000000000, 0.000000000000000000, -1.000000000000000000 ) ) ;
#1141 = VECTOR ( 'NONE', #4353, 1000.000000000000000 ) ;
#1142 = ORIENTED_EDGE ( 'NONE', *, *, #2434, .T. ) ;
#1143 = CARTESIAN_POINT ( 'NONE',  ( -1.427627944162882079, -0.2727241335952175216, -7.049999999999999822 ) ) ;
#1144 = CARTESIAN_POINT ( 'NONE',  ( -2.146720301521298779E-14, -1.452830911130575942E-14, -20.19999999999999929 ) ) ;
#1145 = AXIS2_PLACEMENT_3D ( 'NONE', #3141, #5664, #2626 ) ;
#1146 = EDGE_LOOP ( 'NONE', ( #5216, #5036, #3765, #3361, #3836, #2238 ) ) ;
#1147 = VERTEX_POINT ( 'NONE', #1364 ) ;
#1148 = VECTOR ( 'NONE', #5724, 1000.000000000000114 ) ;
#1149 = ORIENTED_EDGE ( 'NONE', *, *, #2372, .T. ) ;
#1150 = CARTESIAN_POINT ( 'NONE',  ( 0.000000000000000000, -2.500000000000000000, -0.5000000000000000000 ) ) ;
#1151 = DIRECTION ( 'NONE',  ( -0.8660254037844387076, -0.4999999999999998890, 0.000000000000000000 ) ) ;
#1152 = VECTOR ( 'NONE', #2889, 1000.000000000000227 ) ;
#1153 = ORIENTED_EDGE ( 'NONE', *, *, #2324, .T. ) ;
#1154 = VERTEX_POINT ( 'NONE', #3901 ) ;
#1155 = ADVANCED_FACE ( 'NONE', ( #4420 ), #329, .T. ) ;
#1156 = CARTESIAN_POINT ( 'NONE',  ( 0.8275426480542970031, 1.433345911860115951, -10.91000000000000014 ) ) ;
#1157 = VECTOR ( 'NONE', #4296, 1000.000000000000000 ) ;
#1158 = DIRECTION ( 'NONE',  ( -0.8660254037844387076, 0.4999999999999998890, 0.000000000000000000 ) ) ;
#1159 = CARTESIAN_POINT ( 'NONE',  ( -0.6350852961085869941, 1.100000000000000089, -9.110446325209599294 ) ) ;
#1160 = ADVANCED_FACE ( 'NONE', ( #3938 ), #3436, .T. ) ;
#1161 = EDGE_LOOP ( 'NONE', ( #1567, #5989, #1611, #1198 ) ) ;
#1162 = DIRECTION ( 'NONE',  ( 0.4999999999999946709, 0.5025327086122914899, 0.7053090647190061180 ) ) ;
#1163 = ADVANCED_FACE ( 'NONE', ( #5623 ), #3909, .T. ) ;
#1164 = B_SPLINE_CURVE_WITH_KNOTS ( 'NONE', 3,
 ( #5590, #1398, #3465, #3060 ),
 .UNSPECIFIED., .F., .F.,
 ( 4, 4 ),
 ( 0.000000000000000000, 0.0002437980864770869787 ),
 .UNSPECIFIED. ) ;
#1165 = VERTEX_POINT ( 'NONE', #2588 ) ;
#1166 = DIRECTION ( 'NONE',  ( 0.000000000000000000, 0.000000000000000000, 1.000000000000000000 ) ) ;
#1167 = EDGE_CURVE ( 'NONE', #271, #6154, #3604, .T. ) ;
#1168 = CARTESIAN_POINT ( 'NONE',  ( -1.675589098293664980, 1.177794549146850001, -11.41000000000000014 ) ) ;
#1169 = LINE ( 'NONE', #94, #6570 ) ;
#1170 = CARTESIAN_POINT ( 'NONE',  ( -2.206173157302017351, 2.206173157302028898, -12.09999999999999964 ) ) ;
#1171 = LINE ( 'NONE', #5252, #3824 ) ;
#1172 = DIRECTION ( 'NONE',  ( 0.000000000000000000, -1.000000000000000000, 0.000000000000000000 ) ) ;
#1173 = EDGE_LOOP ( 'NONE', ( #1393, #5534, #673, #4019, #6353, #1221, #3756, #2477 ) ) ;
#1174 = ORIENTED_EDGE ( 'NONE', *, *, #5869, .F. ) ;
#1175 = EDGE_CURVE ( 'NONE', #2049, #667, #1164, .T. ) ;
#1176 = CARTESIAN_POINT ( 'NONE',  ( 1.212435565298211948, -2.100000000000000089, 3.000000000000000000 ) ) ;
#1177 = VERTEX_POINT ( 'NONE', #6674 ) ;
#1178 = CARTESIAN_POINT ( 'NONE',  ( -0.8467803948114650536, -0.7333333333333210691, -10.41000000000000014 ) ) ;
#1179 = CARTESIAN_POINT ( 'NONE',  ( 1.249999999999986899, 6.897980377721398604, -19.23967666284718092 ) ) ;
#1180 = CARTESIAN_POINT ( 'NONE',  ( -1.627770600014330518E-14, 3.119999999999985452, -12.09999999999999964 ) ) ;
#1181 = EDGE_CURVE ( 'NONE', #4413, #2126, #2189, .T. ) ;
#1182 = EDGE_LOOP ( 'NONE', ( #5699, #1429, #6616, #5546, #772, #2291, #2758, #1752 ) ) ;
#1183 = DIRECTION ( 'NONE',  ( -0.6123724356957996884, 0.7810405590335365300, -0.1223750184660842844 ) ) ;
#1184 = ORIENTED_EDGE ( 'NONE', *, *, #1263, .T. ) ;
#1185 = DIRECTION ( 'NONE',  ( -0.4999999999999998335, 0.8660254037844385966, 1.668258233239619752E-15 ) ) ;
#1186 = B_SPLINE_CURVE_WITH_KNOTS ( 'NONE', 3,
 ( #6296, #543, #2143, #2582, #1525, #4715 ),
 .UNSPECIFIED., .F., .F.,
 ( 4, 2, 4 ),
 ( 0.000000000000000000, 0.5000000000000000000, 1.000000000000000000 ),
 .UNSPECIFIED. ) ;
#1187 = CARTESIAN_POINT ( 'NONE',  ( -1.750000000000000000, -6.000000000000000000, -1.000000000000000000 ) ) ;
#1188 = EDGE_CURVE ( 'NONE', #5351, #3083, #1315, .T. ) ;
#1189 = ORIENTED_EDGE ( 'NONE', *, *, #2156, .F. ) ;
#1190 = ORIENTED_EDGE ( 'NONE', *, *, #2667, .F. ) ;
#1191 = CARTESIAN_POINT ( 'NONE',  ( -1.899999999999999911, -1.850000000000000089, -8.043730345717598595 ) ) ;
#1192 = CARTESIAN_POINT ( 'NONE',  ( -1.058475493514315913, 0.3666666666666730245, -10.41000000000000014 ) ) ;
#1193 = CARTESIAN_POINT ( 'NONE',  ( -13.39620822693661495, -2.499999999999998668, 7.166987298107789783 ) ) ;
#1194 = CIRCLE ( 'NONE', #14, 1.642787265594674917 ) ;
#1195 = ORIENTED_EDGE ( 'NONE', *, *, #5588, .F. ) ;
#1196 = LINE ( 'NONE', #3837, #461 ) ;
#1197 = AXIS2_PLACEMENT_3D ( 'NONE', #5942, #5495, #2905 ) ;
#1198 = ORIENTED_EDGE ( 'NONE', *, *, #6527, .T. ) ;
#1199 = CARTESIAN_POINT ( 'NONE',  ( -24.87000000000000099, -3.000000000000000000, -20.00000000000000000 ) ) ;
#1200 = DIRECTION ( 'NONE',  ( -1.000000000000000000, 0.000000000000000000, 0.000000000000000000 ) ) ;
#1201 = CARTESIAN_POINT ( 'NONE',  ( -9.167129367582630195, 14.75000000000000000, 3.052427608969440431 ) ) ;
#1202 = DIRECTION ( 'NONE',  ( -1.000000000000000000, 0.000000000000000000, 0.000000000000000000 ) ) ;
#1203 = ADVANCED_FACE ( 'NONE', ( #5102 ), #420, .F. ) ;
#1204 = EDGE_CURVE ( 'NONE', #1570, #1669, #2208, .T. ) ;
#1205 = CARTESIAN_POINT ( 'NONE',  ( 0.3252691193458266405, -4.087077195258210338, -12.55000000000000071 ) ) ;
#1206 = ORIENTED_EDGE ( 'NONE', *, *, #417, .T. ) ;
#1207 = DIRECTION ( 'NONE',  ( 0.000000000000000000, 1.000000000000000000, 0.000000000000000000 ) ) ;
#1208 = EDGE_LOOP ( 'NONE', ( #2849, #447, #3198, #2592 ) ) ;
#1209 = CARTESIAN_POINT ( 'NONE',  ( -1.927340545936794935, -0.6920959459171209804, -11.41000000000000014 ) ) ;
#1210 = CARTESIAN_POINT ( 'NONE',  ( 0.000000000000000000, 0.000000000000000000, -15.92999999999999972 ) ) ;
#1211 = CARTESIAN_POINT ( 'NONE',  ( -3.899999999999999911, 0.000000000000000000, -0.5000000000000000000 ) ) ;
#1212 = ADVANCED_FACE ( 'NONE', ( #1433 ), #2995, .T. ) ;
#1213 = EDGE_LOOP ( 'NONE', ( #2308, #2788, #3847, #6128 ) ) ;
#1214 = ORIENTED_EDGE ( 'NONE', *, *, #2694, .F. ) ;
#1215 = ORIENTED_EDGE ( 'NONE', *, *, #3328, .T. ) ;
#1216 = DIRECTION ( 'NONE',  ( -0.5773502691896197359, 0.5773502691896281735, -0.5773502691896292838 ) ) ;
#1217 = CARTESIAN_POINT ( 'NONE',  ( 0.8997041694871540374, 0.6416666666666539509, -10.41000000000000014 ) ) ;
#1218 = DIRECTION ( 'NONE',  ( 0.000000000000000000, 0.000000000000000000, -1.000000000000000000 ) ) ;
#1219 = CIRCLE ( 'NONE', #5016, 1.699999999999999734 ) ;
#1220 = AXIS2_PLACEMENT_3D ( 'NONE', #53, #2711, #545 ) ;
#1221 = ORIENTED_EDGE ( 'NONE', *, *, #3807, .T. ) ;
#1222 = CARTESIAN_POINT ( 'NONE',  ( 1.750000000000000888, 6.599999999999999645, -20.00000000000000000 ) ) ;
#1223 = EDGE_CURVE ( 'NONE', #2457, #4325, #6630, .T. ) ;
#1224 = AXIS2_PLACEMENT_3D ( 'NONE', #4143, #6236, #552 ) ;
#1225 = DIRECTION ( 'NONE',  ( -1.000000000000000000, 0.000000000000000000, 0.000000000000000000 ) ) ;
#1226 = ADVANCED_FACE ( 'NONE', ( #3536 ), #957, .F. ) ;
#1227 = FACE_OUTER_BOUND ( 'NONE', #931, .T. ) ;
#1228 = CARTESIAN_POINT ( 'NONE',  ( -0.6448454735085389355, 14.25000000000000000, 4.500000000000000000 ) ) ;
#1229 = VECTOR ( 'NONE', #1057, 1000.000000000000000 ) ;
#1230 = ORIENTED_EDGE ( 'NONE', *, *, #2382, .F. ) ;
#1231 = CARTESIAN_POINT ( 'NONE',  ( 3.120000000000000107, 1.910449006669872443E-16, -12.09999999999999964 ) ) ;
#1232 = VECTOR ( 'NONE', #589, 1000.000000000000114 ) ;
#1233 = VECTOR ( 'NONE', #560, 1000.000000000000114 ) ;
#1234 = AXIS2_PLACEMENT_3D ( 'NONE', #4700, #4252, #2121 ) ;
#1235 = FACE_OUTER_BOUND ( 'NONE', #3086, .T. ) ;
#1236 = DIRECTION ( 'NONE',  ( 0.000000000000000000, 1.224646799147352961E-16, 1.000000000000000000 ) ) ;
#1237 = CARTESIAN_POINT ( 'NONE',  ( -1.851222432171085064, 14.25000000000000000, 8.732615096446998848 ) ) ;
#1238 = FACE_OUTER_BOUND ( 'NONE', #2231, .T. ) ;
#1239 = CARTESIAN_POINT ( 'NONE',  ( -1.899999999999999911, 2.571758278209441464E-16, -4.949999999999999289 ) ) ;
#1240 = CARTESIAN_POINT ( 'NONE',  ( 2.373505504591275184, 5.976494495408734231, -1.176795278223139674 ) ) ;
#1241 = ORIENTED_EDGE ( 'NONE', *, *, #1204, .F. ) ;
#1242 = DIRECTION ( 'NONE',  ( 0.7071067811865474617, 0.7071067811865474617, 0.000000000000000000 ) ) ;
#1243 = ORIENTED_EDGE ( 'NONE', *, *, #1125, .F. ) ;
#1244 = CARTESIAN_POINT ( 'NONE',  ( -2.040000000000000036, -0.1700000000000000122, -11.41000000000000014 ) ) ;
#1245 = DIRECTION ( 'NONE',  ( 0.000000000000000000, 0.8660254037844387076, 0.4999999999999998890 ) ) ;
#1246 = CARTESIAN_POINT ( 'NONE',  ( -10.85132611351427911, 6.290137394593913633, -20.09278962162260385 ) ) ;
#1247 = EDGE_LOOP ( 'NONE', ( #1379, #5051, #6042, #4542 ) ) ;
#1248 = ORIENTED_EDGE ( 'NONE', *, *, #3253, .F. ) ;
#1249 = EDGE_CURVE ( 'NONE', #6455, #2611, #3195, .T. ) ;
#1250 = ORIENTED_EDGE ( 'NONE', *, *, #5461, .F. ) ;
#1251 = CARTESIAN_POINT ( 'NONE',  ( -1.486905836551550065E-15, -6.000000000000000000, -20.50000000000000000 ) ) ;
#1252 = B_SPLINE_CURVE_WITH_KNOTS ( 'NONE', 3,
 ( #3691, #5776, #4747, #3196 ),
 .UNSPECIFIED., .F., .F.,
 ( 4, 4 ),
 ( -4.605592540812149634E-06, 4.999608959495140258E-06 ),
 .UNSPECIFIED. ) ;
#1253 = ORIENTED_EDGE ( 'NONE', *, *, #1017, .T. ) ;
#1254 = AXIS2_PLACEMENT_3D ( 'NONE', #4248, #5250, #1636 ) ;
#1255 = PLANE ( 'NONE',  #3918 ) ;
#1256 = ADVANCED_FACE ( 'NONE', ( #6609 ), #6179, .T. ) ;
#1257 = FACE_OUTER_BOUND ( 'NONE', #6226, .T. ) ;
#1258 = DIRECTION ( 'NONE',  ( 0.7071067811865474617, 0.000000000000000000, -0.7071067811865474617 ) ) ;
#1260 = VECTOR ( 'NONE', #195, 1000.000000000000000 ) ;
#1259 = DIRECTION ( 'NONE',  ( -0.5553873055907118106, 0.5553873055907041500, 0.6189425511122880197 ) ) ;
#1261 =( GEOMETRIC_REPRESENTATION_CONTEXT ( 3 ) GLOBAL_UNCERTAINTY_ASSIGNED_CONTEXT ( ( #4758 ) ) GLOBAL_UNIT_ASSIGNED_CONTEXT ( ( #23, #5589, #4628 ) ) REPRESENTATION_CONTEXT ( 'NONE', 'WORKASPACE' ) );
#1262 = ORIENTED_EDGE ( 'NONE', *, *, #1779, .F. ) ;
#1263 = EDGE_CURVE ( 'NONE', #2885, #5076, #3548, .T. ) ;
#1264 = CARTESIAN_POINT ( 'NONE',  ( 0.000000000000000000, 0.000000000000000000, -20.50000000000000000 ) ) ;
#1265 = VECTOR ( 'NONE', #2004, 1000.000000000000000 ) ;
#1266 = DIRECTION ( 'NONE',  ( 0.7071067811865492381, 0.7071067811865457964, 0.000000000000000000 ) ) ;
#1267 = VERTEX_POINT ( 'NONE', #4055 ) ;
#1268 = DIRECTION ( 'NONE',  ( 0.7422448104709119532, -8.766816838486600440E-16, 0.6701288244278109651 ) ) ;
#1269 = CARTESIAN_POINT ( 'NONE',  ( 1.237702368277772029E-15, 2.899999999999999911, 0.000000000000000000 ) ) ;
#1270 = AXIS2_PLACEMENT_3D ( 'NONE', #5303, #4783, #4268 ) ;
#1271 = LINE ( 'NONE', #3843, #5266 ) ;
#1272 = CARTESIAN_POINT ( 'NONE',  ( 1.927340545936784943, -0.6920959459171439621, -11.41000000000000014 ) ) ;
#1273 = EDGE_LOOP ( 'NONE', ( #2219, #3247, #4975, #4882, #4549, #5851 ) ) ;
#1274 = LINE ( 'NONE', #3811, #2635 ) ;
#1275 = VERTEX_POINT ( 'NONE', #6683 ) ;
#1276 = DIRECTION ( 'NONE',  ( 0.8660254037844384856, -0.5000000000000003331, 0.000000000000000000 ) ) ;
#1277 = CARTESIAN_POINT ( 'NONE',  ( -4.799999999999999822, 2.100000000000000089, -5.837564434701790539 ) ) ;
#1278 = PLANE ( 'NONE',  #4339 ) ;
#1279 = VERTEX_POINT ( 'NONE', #2973 ) ;
#1280 = VERTEX_POINT ( 'NONE', #2026 ) ;
#1281 = ORIENTED_EDGE ( 'NONE', *, *, #4680, .T. ) ;
#1282 = CARTESIAN_POINT ( 'NONE',  ( 4.399999999999972822, -1.398946451968092382E-14, -20.50000000000000000 ) ) ;
#1283 = DIRECTION ( 'NONE',  ( -0.7071067811865455743, 0.7071067811865495711, 0.000000000000000000 ) ) ;
#1284 = CARTESIAN_POINT ( 'NONE',  ( 1.167224318643365955, 1.681691823720245171, -11.41000000000000014 ) ) ;
#1285 = DIRECTION ( 'NONE',  ( -0.5000000000000003331, -0.8660254037844385966, 0.000000000000000000 ) ) ;
#1286 = ADVANCED_FACE ( 'NONE', ( #4090 ), #1510, .F. ) ;
#1287 = ORIENTED_EDGE ( 'NONE', *, *, #2305, .T. ) ;
#1288 = DIRECTION ( 'NONE',  ( -0.000000000000000000, 1.000000000000000000, 0.000000000000000000 ) ) ;
#1289 = DIRECTION ( 'NONE',  ( 0.7071067811865475727, -0.7071067811865475727, 0.000000000000000000 ) ) ;
#1290 = DIRECTION ( 'NONE',  ( 0.000000000000000000, 0.000000000000000000, -1.000000000000000000 ) ) ;
#1291 = DIRECTION ( 'NONE',  ( 1.000000000000000000, -0.000000000000000000, 0.000000000000000000 ) ) ;
#1292 = ORIENTED_EDGE ( 'NONE', *, *, #5952, .T. ) ;
#1293 = CARTESIAN_POINT ( 'NONE',  ( 0.000000000000000000, 0.000000000000000000, -16.40116666666666845 ) ) ;
#1294 = DIRECTION ( 'NONE',  ( -1.000000000000000000, 6.828702721532539617E-16, 0.000000000000000000 ) ) ;
#1295 = DIRECTION ( 'NONE',  ( 4.267939200957839972E-16, 1.000000000000000000, 0.000000000000000000 ) ) ;
#1296 = DIRECTION ( 'NONE',  ( 0.000000000000000000, 0.000000000000000000, 1.000000000000000000 ) ) ;
#1297 = CARTESIAN_POINT ( 'NONE',  ( -1.645020394548869946, 4.707506939336269142E-05, -9.177520820610832075 ) ) ;
#1298 = FACE_OUTER_BOUND ( 'NONE', #2700, .T. ) ;
#1299 = ORIENTED_EDGE ( 'NONE', *, *, #4358, .T. ) ;
#1300 = CARTESIAN_POINT ( 'NONE',  ( -10.94999999999999396, 6.135704983074420582, -20.13570498307442236 ) ) ;
#1301 = EDGE_CURVE ( 'NONE', #3764, #1127, #3512, .T. ) ;
#1302 = ORIENTED_EDGE ( 'NONE', *, *, #5639, .F. ) ;
#1303 = DIRECTION ( 'NONE',  ( 0.000000000000000000, -0.8660254037844387076, 0.4999999999999998890 ) ) ;
#1304 = ADVANCED_FACE ( 'NONE', ( #5149 ), #1035, .T. ) ;
#1305 = LINE ( 'NONE', #6607, #4617 ) ;
#1306 = ADVANCED_FACE ( 'NONE', ( #3477 ), #5600, .T. ) ;
#1307 = DIRECTION ( 'NONE',  ( -0.000000000000000000, -0.000000000000000000, -1.000000000000000000 ) ) ;
#1308 = ORIENTED_EDGE ( 'NONE', *, *, #382, .F. ) ;
#1309 = ORIENTED_EDGE ( 'NONE', *, *, #4158, .T. ) ;
#1310 = VERTEX_POINT ( 'NONE', #5704 ) ;
#1311 = FACE_OUTER_BOUND ( 'NONE', #3717, .T. ) ;
#1312 = CARTESIAN_POINT ( 'NONE',  ( -1.899999999999999911, 1.850000000000000089, -5.981902001999189977 ) ) ;
#1313 = LINE ( 'NONE', #1960, #4334 ) ;
#1314 = VERTEX_POINT ( 'NONE', #5084 ) ;
#1315 = B_SPLINE_CURVE_WITH_KNOTS ( 'NONE', 3,
 ( #490, #6710, #885, #3025 ),
 .UNSPECIFIED., .F., .F.,
 ( 4, 4 ),
 ( 0.000000000000000000, 0.0007108597323403811463 ),
 .UNSPECIFIED. ) ;
#1316 = DIRECTION ( 'NONE',  ( -1.000000000000000000, 0.000000000000000000, 0.000000000000000000 ) ) ;
#1317 = ADVANCED_FACE ( 'NONE', ( #431 ), #1, .T. ) ;
#1318 = LINE ( 'NONE', #1860, #3610 ) ;
#1319 = CARTESIAN_POINT ( 'NONE',  ( 0.000000000000000000, 0.000000000000000000, -20.50000000000000000 ) ) ;
#1320 = CIRCLE ( 'NONE', #781, 3.120000000000000107 ) ;
#1321 = CARTESIAN_POINT ( 'NONE',  ( -24.87000000000000099, 4.100000000000010303, -0.5000000000000000000 ) ) ;
#1322 = VECTOR ( 'NONE', #3942, 1000.000000000000000 ) ;
#1323 = ORIENTED_EDGE ( 'NONE', *, *, #4498, .F. ) ;
#1324 = CARTESIAN_POINT ( 'NONE',  ( 3.120000000000000107, 1.292346314604051694, -12.34999999999999964 ) ) ;
#1325 = VECTOR ( 'NONE', #1370, 1000.000000000000114 ) ;
#1326 = VECTOR ( 'NONE', #6230, 1000.000000000000000 ) ;
#1327 = ADVANCED_FACE ( 'NONE', ( #4120, #6210 ), #465, .T. ) ;
#1328 = CARTESIAN_POINT ( 'NONE',  ( -21.91999999999999815, 3.600000000000002309, 2.399999999999999911 ) ) ;
#1329 = CARTESIAN_POINT ( 'NONE',  ( -1.448633820028361718, -2.964059527047591775E-07, -4.823357951318713255 ) ) ;
#1330 = VECTOR ( 'NONE', #728, 1000.000000000000000 ) ;
#1331 = CARTESIAN_POINT ( 'NONE',  ( -0.6350852961085872161, -1.100000000000000089, -5.058385547526868642 ) ) ;
#1332 = AXIS2_PLACEMENT_3D ( 'NONE', #5904, #5390, #4870 ) ;
#1333 = VECTOR ( 'NONE', #1861, 1000.000000000000000 ) ;
#1334 = CARTESIAN_POINT ( 'NONE',  ( -0.6350852961085869941, -1.100000000000000089, -20.50000000000000000 ) ) ;
#1335 = EDGE_CURVE ( 'NONE', #532, #6273, #6072, .T. ) ;
#1336 = CARTESIAN_POINT ( 'NONE',  ( -0.6350852961085871051, -1.100000000000000089, -9.076523320606519007 ) ) ;
#1337 = LINE ( 'NONE', #6509, #4802 ) ;
#1338 = ORIENTED_EDGE ( 'NONE', *, *, #3360, .T. ) ;
#1339 = PLANE ( 'NONE',  #511 ) ;
#1340 = LINE ( 'NONE', #6483, #2246 ) ;
#1341 = LINE ( 'NONE', #4364, #3368 ) ;
#1342 = FACE_OUTER_BOUND ( 'NONE', #3282, .T. ) ;
#1343 = EDGE_CURVE ( 'NONE', #5856, #6461, #400, .T. ) ;
#1344 = VERTEX_POINT ( 'NONE', #3037 ) ;
#1345 = ORIENTED_EDGE ( 'NONE', *, *, #5809, .T. ) ;
#1346 = ORIENTED_EDGE ( 'NONE', *, *, #1961, .T. ) ;
#1347 = LINE ( 'NONE', #774, #829 ) ;
#1348 = DIRECTION ( 'NONE',  ( -0.7071067811865495711, -0.7071067811865455743, 0.000000000000000000 ) ) ;
#1349 = DIRECTION ( 'NONE',  ( -0.4999999999999998890, 0.8660254037844387076, 0.000000000000000000 ) ) ;
#1350 = CARTESIAN_POINT ( 'NONE',  ( -4.235787082687616056, 14.03486293352439596, -9.309165464811485435 ) ) ;
#1351 = ORIENTED_EDGE ( 'NONE', *, *, #1762, .F. ) ;
#1352 = PLANE ( 'NONE',  #2732 ) ;
#1353 = SPHERICAL_SURFACE ( 'NONE', #1657, 2.100000000000000089 ) ;
#1354 = CARTESIAN_POINT ( 'NONE',  ( -24.87000000000000099, 6.000000000000000000, -20.50000000000000000 ) ) ;
#1355 = CARTESIAN_POINT ( 'NONE',  ( -0.6350852961086059789, -1.100000000000000089, -10.41000000000000014 ) ) ;
#1356 = CARTESIAN_POINT ( 'NONE',  ( -4.299999999999999822, 14.25000000000000000, 8.810000000000000497 ) ) ;
#1357 = EDGE_LOOP ( 'NONE', ( #66, #978, #5827, #4856, #4818, #4071, #100, #5870, #1020 ) ) ;
#1358 = CARTESIAN_POINT ( 'NONE',  ( 2.206173157302013799, 2.206173157302032894, -12.34999999999999964 ) ) ;
#1359 = ADVANCED_FACE ( 'NONE', ( #166 ), #2696, .F. ) ;
#1360 = CARTESIAN_POINT ( 'NONE',  ( -4.799999999999999822, -3.000000000000000000, -16.50000000000000000 ) ) ;
#1361 = VECTOR ( 'NONE', #6341, 1000.000000000000000 ) ;
#1362 = CARTESIAN_POINT ( 'NONE',  ( 4.099999999999977440, -1.402620392365534310E-14, -20.19999999999999929 ) ) ;
#1363 = DIRECTION ( 'NONE',  ( -0.4999999999999998335, 0.8660254037844385966, 1.000954939943771890E-15 ) ) ;
#1364 = CARTESIAN_POINT ( 'NONE',  ( 0.1493901531919243908, 1.100000000000000089, -7.049999999999999822 ) ) ;
#1365 = VECTOR ( 'NONE', #4997, 1000.000000000000000 ) ;
#1366 = CARTESIAN_POINT ( 'NONE',  ( -1.709099720785995480, -0.0001365702116455773136, -9.161828600591425342 ) ) ;
#1367 = EDGE_CURVE ( 'NONE', #5743, #914, #631, .T. ) ;
#1368 = ORIENTED_EDGE ( 'NONE', *, *, #4226, .T. ) ;
#1369 = EDGE_CURVE ( 'NONE', #1496, #3674, #5766, .T. ) ;
#1370 = DIRECTION ( 'NONE',  ( 0.7071067811865495711, 0.7071067811865455743, 0.000000000000000000 ) ) ;
#1371 = ORIENTED_EDGE ( 'NONE', *, *, #640, .T. ) ;
#1372 = VECTOR ( 'NONE', #5363, 1000.000000000000000 ) ;
#1373 = CARTESIAN_POINT ( 'NONE',  ( -0.6864946715655583231, 1.100000000000000755, -5.246034390408251369 ) ) ;
#1374 = CARTESIAN_POINT ( 'NONE',  ( -1.270170592217179983, 9.768630610662369648E-15, -10.41000000000000014 ) ) ;
#1375 = CARTESIAN_POINT ( 'NONE',  ( 0.000000000000000000, 0.000000000000000000, 3.000000000000000000 ) ) ;
#1376 = LINE ( 'NONE', #331, #6328 ) ;
#1377 = VERTEX_POINT ( 'NONE', #664 ) ;
#1378 = ORIENTED_EDGE ( 'NONE', *, *, #2568, .F. ) ;
#1379 = ORIENTED_EDGE ( 'NONE', *, *, #140, .T. ) ;
#1380 = CARTESIAN_POINT ( 'NONE',  ( -1.020000000000016227, -1.766691823720250243, -11.41000000000000014 ) ) ;
#1381 = DIRECTION ( 'NONE',  ( -1.000000000000000000, 1.309995117128976114E-16, 0.000000000000000000 ) ) ;
#1382 = CARTESIAN_POINT ( 'NONE',  ( -1.860640646055099934, -0.02272413359521725101, -7.049999999999999822 ) ) ;
#1383 = VERTEX_POINT ( 'NONE', #3652 ) ;
#1384 = LINE ( 'NONE', #6617, #1653 ) ;
#1385 = LINE ( 'NONE', #3487, #6649 ) ;
#1386 = DIRECTION ( 'NONE',  ( -1.000000000000000000, 0.000000000000000000, 0.000000000000000000 ) ) ;
#1387 = EDGE_CURVE ( 'NONE', #2525, #5367, #3928, .T. ) ;
#1388 = CARTESIAN_POINT ( 'NONE',  ( -0.7096584591675230147, -1.920943322875205084, -11.41000000000000014 ) ) ;
#1389 = LINE ( 'NONE', #5545, #300 ) ;
#1390 = EDGE_CURVE ( 'NONE', #747, #1925, #3779, .T. ) ;
#1391 = EDGE_LOOP ( 'NONE', ( #2613, #4080, #2946, #4894, #869 ) ) ;
#1392 = CARTESIAN_POINT ( 'NONE',  ( 5.942348474182947093, -1.936748463630634243, -19.99999999999999645 ) ) ;
#1393 = ORIENTED_EDGE ( 'NONE', *, *, #4274, .T. ) ;
#1394 = CARTESIAN_POINT ( 'NONE',  ( -1.860640646055099934, 0.02272413359521750081, -7.049999999999999822 ) ) ;
#1395 = B_SPLINE_CURVE_WITH_KNOTS ( 'NONE', 3,
 ( #4755, #6301, #1668, #3734 ),
 .UNSPECIFIED., .F., .F.,
 ( 4, 4 ),
 ( 0.000000000000000000, 0.0009785043752994909694 ),
 .UNSPECIFIED. ) ;
#1396 = LINE ( 'NONE', #883, #2776 ) ;
#1397 = CARTESIAN_POINT ( 'NONE',  ( -1.407165537138782785, -2.735091927703277222E-05, -4.787891181983551903 ) ) ;
#1398 = CARTESIAN_POINT ( 'NONE',  ( 5.076140932436934428, -2.811775251275371534, -20.44722027297726186 ) ) ;
#1399 = DIRECTION ( 'NONE',  ( 0.000000000000000000, 0.000000000000000000, 1.000000000000000000 ) ) ;
#1400 = VECTOR ( 'NONE', #1519, 999.9999999999998863 ) ;
#1401 = CARTESIAN_POINT ( 'NONE',  ( -0.7636325855405680096, -1.100000000000000089, -8.755482072422571704 ) ) ;
#1402 = ORIENTED_EDGE ( 'NONE', *, *, #1701, .T. ) ;
#1403 = CARTESIAN_POINT ( 'NONE',  ( -16.58000000000008711, -4.190000000000034142, 7.789999999999914770 ) ) ;
#1404 = ORIENTED_EDGE ( 'NONE', *, *, #4127, .T. ) ;
#1405 = PLANE ( 'NONE',  #4631 ) ;
#1406 = EDGE_CURVE ( 'NONE', #3313, #3669, #208, .T. ) ;
#1407 = EDGE_CURVE ( 'NONE', #1956, #6322, #1638, .T. ) ;
#1408 = FACE_OUTER_BOUND ( 'NONE', #537, .T. ) ;
#1409 = AXIS2_PLACEMENT_3D ( 'NONE', #5572, #2883, #2373 ) ;
#1410 = CARTESIAN_POINT ( 'NONE',  ( 1.750000000000000000, 6.000000000000000000, -1.000000000000000000 ) ) ;
#1411 = ORIENTED_EDGE ( 'NONE', *, *, #691, .T. ) ;
#1412 = B_SPLINE_CURVE_WITH_KNOTS ( 'NONE', 3,
 ( #954, #1939, #3462, #5655, #988, #3058, #5139, #489, #1908, #6708, #5037, #2046 ),
 .UNSPECIFIED., .F., .F.,
 ( 4, 2, 2, 2, 2, 4 ),
 ( 0.000000000000000000, 0.2500000000000008327, 0.3750000000000012212, 0.4374999999999980571, 0.4999999999999948930, 1.000000000000000000 ),
 .UNSPECIFIED. ) ;
#1413 = VERTEX_POINT ( 'NONE', #6348 ) ;
#1414 = VERTEX_POINT ( 'NONE', #5805 ) ;
#1415 = LINE ( 'NONE', #3954, #3865 ) ;
#1416 = EDGE_CURVE ( 'NONE', #4530, #2381, #1876, .T. ) ;
#1417 = EDGE_CURVE ( 'NONE', #4018, #2030, #4253, .T. ) ;
#1418 = CARTESIAN_POINT ( 'NONE',  ( -0.3252691193458258634, -4.087077195258210338, -12.55000000000000071 ) ) ;
#1419 = FACE_OUTER_BOUND ( 'NONE', #3430, .T. ) ;
#1420 = ORIENTED_EDGE ( 'NONE', *, *, #6376, .F. ) ;
#1421 = CARTESIAN_POINT ( 'NONE',  ( 1.212435565298211948, 2.100000000000000089, -2.000000000000000000 ) ) ;
#1422 = EDGE_CURVE ( 'NONE', #4167, #3268, #5837, .T. ) ;
#1423 = CARTESIAN_POINT ( 'NONE',  ( 1.250000000000000000, 7.158913471140630591, -0.5000000000000000000 ) ) ;
#1424 = DIRECTION ( 'NONE',  ( 0.4999999999999998890, -0.8660254037844387076, 0.000000000000000000 ) ) ;
#1425 = CARTESIAN_POINT ( 'NONE',  ( 0.000000000000000000, -2.500000000000000000, -0.5000000000000000000 ) ) ;
#1426 = ORIENTED_EDGE ( 'NONE', *, *, #5528, .T. ) ;
#1427 = CARTESIAN_POINT ( 'NONE',  ( 1.850086047296148672, 6.074600762656363173, -1.100086047296141123 ) ) ;
#1428 = EDGE_CURVE ( 'NONE', #3669, #4703, #699, .T. ) ;
#1429 = ORIENTED_EDGE ( 'NONE', *, *, #1515, .T. ) ;
#1430 = LINE ( 'NONE', #3563, #2302 ) ;
#1431 = VECTOR ( 'NONE', #3364, 1000.000000000000227 ) ;
#1432 = CARTESIAN_POINT ( 'NONE',  ( -0.7636325855405680096, 1.100000000000000089, -8.755482072422580586 ) ) ;
#1433 = FACE_OUTER_BOUND ( 'NONE', #2765, .T. ) ;
#1434 = ORIENTED_EDGE ( 'NONE', *, *, #6071, .F. ) ;
#1435 = AXIS2_PLACEMENT_3D ( 'NONE', #2888, #4963, #3964 ) ;
#1436 = CARTESIAN_POINT ( 'NONE',  ( 1.425467175428229982, 18.25000000000000000, 0.4746453537945770074 ) ) ;
#1437 = VECTOR ( 'NONE', #1665, 999.9999999999998863 ) ;
#1438 = CARTESIAN_POINT ( 'NONE',  ( -9.799999999999998934, 5.599999999999999645, -4.750000000000000000 ) ) ;
#1439 = CARTESIAN_POINT ( 'NONE',  ( 5.524589645908950075, -2.922568946032860993, -20.00000000000000000 ) ) ;
#1440 = ORIENTED_EDGE ( 'NONE', *, *, #6639, .F. ) ;
#1441 = AXIS2_PLACEMENT_3D ( 'NONE', #2265, #3218, #2699 ) ;
#1442 = LINE ( 'NONE', #4604, #3544 ) ;
#1443 = AXIS2_PLACEMENT_3D ( 'NONE', #3244, #1605, #5356 ) ;
#1444 = CARTESIAN_POINT ( 'NONE',  ( -1.563042943988855127, -1.323077901566460213, -11.41000000000000014 ) ) ;
#1445 = VECTOR ( 'NONE', #6347, 1000.000000000000114 ) ;
#1446 = PLANE ( 'NONE',  #4231 ) ;
#1447 = DIRECTION ( 'NONE',  ( 0.000000000000000000, 1.000000000000000000, 1.788469760401379917E-16 ) ) ;
#1448 = EDGE_LOOP ( 'NONE', ( #5336, #6265, #4850, #4 ) ) ;
#1449 = ORIENTED_EDGE ( 'NONE', *, *, #5238, .T. ) ;
#1450 = AXIS2_PLACEMENT_3D ( 'NONE', #2384, #2756, #4447 ) ;
#1451 = VERTEX_POINT ( 'NONE', #1715 ) ;
#1452 = CARTESIAN_POINT ( 'NONE',  ( -1.857613003443954858, 3.287280571730594809E-16, -9.149572180831839319 ) ) ;
#1453 = CARTESIAN_POINT ( 'NONE',  ( -1.899999999999999911, -3.977739548340144982, -6.889646997001199757 ) ) ;
#1454 = ADVANCED_FACE ( 'NONE', ( #4701 ), #6280, .F. ) ;
#1455 = ORIENTED_EDGE ( 'NONE', *, *, #3363, .F. ) ;
#1456 = DIRECTION ( 'NONE',  ( 1.000000000000000000, 0.000000000000000000, 0.000000000000000000 ) ) ;
#1457 = ADVANCED_FACE ( 'NONE', ( #2631 ), #1067, .T. ) ;
#1458 = LINE ( 'NONE', #2918, #6654 ) ;
#1459 = DIRECTION ( 'NONE',  ( 0.000000000000000000, 0.000000000000000000, -1.000000000000000000 ) ) ;
#1460 = EDGE_LOOP ( 'NONE', ( #5014, #1309, #3, #5478, #837, #193 ) ) ;
#1461 = CARTESIAN_POINT ( 'NONE',  ( -21.91999999999999815, 3.600000000000001865, 7.849999999999999645 ) ) ;
#1462 = EDGE_CURVE ( 'NONE', #6075, #3986, #5687, .T. ) ;
#1463 = DIRECTION ( 'NONE',  ( 0.5773502691896211791, 0.5773502691896279515, 0.5773502691896281735 ) ) ;
#1464 = VECTOR ( 'NONE', #4488, 1000.000000000000114 ) ;
#1465 = EDGE_CURVE ( 'NONE', #4159, #1958, #594, .T. ) ;
#1466 = CARTESIAN_POINT ( 'NONE',  ( 0.000000000000000000, 0.000000000000000000, -20.00000000000000000 ) ) ;
#1467 = DIRECTION ( 'NONE',  ( -0.4999999999999996114, -0.8660254037844388186, 0.000000000000000000 ) ) ;
#1468 = EDGE_CURVE ( 'NONE', #4959, #2300, #64, .T. ) ;
#1469 = VECTOR ( 'NONE', #6005, 999.9999999999998863 ) ;
#1470 = DIRECTION ( 'NONE',  ( 0.6546536707079740891, 0.6546536707079799733, -0.3779644730092275862 ) ) ;
#1471 = ORIENTED_EDGE ( 'NONE', *, *, #3013, .T. ) ;
#1472 = LINE ( 'NONE', #6676, #1995 ) ;
#1473 = AXIS2_PLACEMENT_3D ( 'NONE', #6406, #3174, #4835 ) ;
#1474 = PLANE ( 'NONE',  #975 ) ;
#1475 = CARTESIAN_POINT ( 'NONE',  ( -25.37000000000000099, 3.100000000000008527, 4.899999999999999467 ) ) ;
#1476 = EDGE_LOOP ( 'NONE', ( #3886, #1652, #4740, #4563 ) ) ;
#1477 = CARTESIAN_POINT ( 'NONE',  ( -1.899999999999999911, -0.06440427609706408929, -9.149012169860011312 ) ) ;
#1478 = CARTESIAN_POINT ( 'NONE',  ( 3.127943268305392266, 4.824776773101836724, -20.50000000000000000 ) ) ;
#1479 = VECTOR ( 'NONE', #3303, 1000.000000000000000 ) ;
#1480 = CARTESIAN_POINT ( 'NONE',  ( -1.854269837173565083, 5.606084598413479761E-14, -4.950495312335809750 ) ) ;
#1481 = ORIENTED_EDGE ( 'NONE', *, *, #1553, .F. ) ;
#1482 = ORIENTED_EDGE ( 'NONE', *, *, #2880, .F. ) ;
#1483 = VECTOR ( 'NONE', #1485, 1000.000000000000000 ) ;
#1484 = ORIENTED_EDGE ( 'NONE', *, *, #709, .F. ) ;
#1485 = DIRECTION ( 'NONE',  ( -1.000000000000000000, 0.000000000000000000, 0.000000000000000000 ) ) ;
#1486 = B_SPLINE_CURVE_WITH_KNOTS ( 'NONE', 3,
 ( #3882, #2330, #4457, #5458 ),
 .UNSPECIFIED., .F., .F.,
 ( 4, 4 ),
 ( 1.852685484479510593E-18, 0.001548697488498933499 ),
 .UNSPECIFIED. ) ;
#1487 = LINE ( 'NONE', #3553, #973 ) ;
#1488 = AXIS2_PLACEMENT_3D ( 'NONE', #3375, #2433, #6716 ) ;
#1489 = ORIENTED_EDGE ( 'NONE', *, *, #1387, .T. ) ;
#1490 = DIRECTION ( 'NONE',  ( -0.7071067811865497932, -0.7071067811865452413, -0.000000000000000000 ) ) ;
#1491 = CARTESIAN_POINT ( 'NONE',  ( 1.750000000000000000, -6.000000000000000000, -1.000000000000000000 ) ) ;
#1492 = CARTESIAN_POINT ( 'NONE',  ( 4.320000000000000284, 0.000000000000000000, -15.92999999999999972 ) ) ;
#1493 = EDGE_CURVE ( 'NONE', #3313, #1451, #2663, .T. ) ;
#1494 = ORIENTED_EDGE ( 'NONE', *, *, #5167, .T. ) ;
#1495 = CARTESIAN_POINT ( 'NONE',  ( 25.41999999999998394, -1.799999999999999600, -2.500000000000016431 ) ) ;
#1496 = VERTEX_POINT ( 'NONE', #2158 ) ;
#1497 = CARTESIAN_POINT ( 'NONE',  ( 0.000000000000000000, 1.000000000000000000, 7.849999999999999645 ) ) ;
#1498 = DIRECTION ( 'NONE',  ( 0.000000000000000000, 0.000000000000000000, 1.000000000000000000 ) ) ;
#1499 = CARTESIAN_POINT ( 'NONE',  ( 4.087077195258224549, 0.3252691193458405183, -12.55000000000000071 ) ) ;
#1500 = CARTESIAN_POINT ( 'NONE',  ( 1.881912280854910025, 6.525053685458460428, -0.8961623660513580170 ) ) ;
#1501 = DIRECTION ( 'NONE',  ( -0.4999999999999998890, 0.8660254037844387076, 0.000000000000000000 ) ) ;
#1502 = ORIENTED_EDGE ( 'NONE', *, *, #4416, .T. ) ;
#1503 = LINE ( 'NONE', #992, #2103 ) ;
#1504 = CARTESIAN_POINT ( 'NONE',  ( 7.036120293416250090E-16, 5.500000000000000000, -0.5000000000000000000 ) ) ;
#1505 = DIRECTION ( 'NONE',  ( 0.000000000000000000, 1.788469760401379917E-16, -1.000000000000000000 ) ) ;
#1506 = ORIENTED_EDGE ( 'NONE', *, *, #1779, .T. ) ;
#1507 = LINE ( 'NONE', #3106, #2680 ) ;
#1508 = DIRECTION ( 'NONE',  ( 0.000000000000000000, -1.000000000000000000, 0.000000000000000000 ) ) ;
#1509 = DIRECTION ( 'NONE',  ( -1.000000000000000000, 0.000000000000000000, 0.000000000000000000 ) ) ;
#1510 = PLANE ( 'NONE',  #5464 ) ;
#1511 = ORIENTED_EDGE ( 'NONE', *, *, #4298, .F. ) ;
#1512 = EDGE_CURVE ( 'NONE', #3502, #4429, #6281, .T. ) ;
#1513 = VERTEX_POINT ( 'NONE', #2390 ) ;
#1514 = ORIENTED_EDGE ( 'NONE', *, *, #2638, .F. ) ;
#1515 = EDGE_CURVE ( 'NONE', #340, #5290, #3940, .T. ) ;
#1516 = CARTESIAN_POINT ( 'NONE',  ( 4.478507437962444011E-15, 13.21980617317236728, -9.419111898385320814 ) ) ;
#1517 = EDGE_CURVE ( 'NONE', #4822, #1267, #3401, .T. ) ;
#1518 = AXIS2_PLACEMENT_3D ( 'NONE', #6460, #1797, #344 ) ;
#1519 = DIRECTION ( 'NONE',  ( -0.8567921384921987071, 0.000000000000000000, -0.5156619352036418968 ) ) ;
#1520 = DIRECTION ( 'NONE',  ( -1.000000000000000000, 0.000000000000000000, -0.000000000000000000 ) ) ;
#1521 = ORIENTED_EDGE ( 'NONE', *, *, #1387, .F. ) ;
#1522 = DIRECTION ( 'NONE',  ( 0.000000000000000000, 1.000000000000000000, 0.000000000000000000 ) ) ;
#1523 = CARTESIAN_POINT ( 'NONE',  ( 0.000000000000000000, 0.000000000000000000, -20.50000000000000000 ) ) ;
#1524 = VERTEX_POINT ( 'NONE', #761 ) ;
#1525 = CARTESIAN_POINT ( 'NONE',  ( 1.328345891919828770, 1.588668240016817945, -11.40999999999999659 ) ) ;
#1526 = ORIENTED_EDGE ( 'NONE', *, *, #2911, .T. ) ;
#1527 = DIRECTION ( 'NONE',  ( 0.000000000000000000, 0.000000000000000000, 1.000000000000000000 ) ) ;
#1528 = CARTESIAN_POINT ( 'NONE',  ( -0.9594992815175793499, 1.162521808715456073, -5.506846267760018954 ) ) ;
#1529 = PLANE ( 'NONE',  #3211 ) ;
#1530 = DIRECTION ( 'NONE',  ( 0.1737910310721819118, -0.8350939351132924404, -0.5219337094458107451 ) ) ;
#1531 = DIRECTION ( 'NONE',  ( 0.000000000000000000, 0.000000000000000000, -1.000000000000000000 ) ) ;
#1532 = ORIENTED_EDGE ( 'NONE', *, *, #1807, .F. ) ;
#1533 = CARTESIAN_POINT ( 'NONE',  ( -1.899999999999999911, 2.100000000000000089, -8.262435565298209994 ) ) ;
#1534 = CIRCLE ( 'NONE', #1758, 4.099999999999999645 ) ;
#1535 = FACE_OUTER_BOUND ( 'NONE', #6181, .T. ) ;
#1536 = EDGE_CURVE ( 'NONE', #532, #3669, #3902, .T. ) ;
#1537 = EDGE_LOOP ( 'NONE', ( #6327, #1292, #736 ) ) ;
#1538 = DIRECTION ( 'NONE',  ( 0.000000000000000000, 0.000000000000000000, 1.000000000000000000 ) ) ;
#1539 = ORIENTED_EDGE ( 'NONE', *, *, #353, .T. ) ;
#1540 = LINE ( 'NONE', #5111, #621 ) ;
#1541 = CARTESIAN_POINT ( 'NONE',  ( -1.020000000000016227, -1.766691823720250243, -11.41000000000000014 ) ) ;
#1542 = AXIS2_PLACEMENT_3D ( 'NONE', #79, #5371, #3762 ) ;
#1543 = DIRECTION ( 'NONE',  ( 0.000000000000000000, -0.8660254037844387076, 0.4999999999999998890 ) ) ;
#1544 = AXIS2_PLACEMENT_3D ( 'NONE', #215, #4379, #6426 ) ;
#1545 = ORIENTED_EDGE ( 'NONE', *, *, #2483, .T. ) ;
#1546 = ORIENTED_EDGE ( 'NONE', *, *, #4581, .F. ) ;
#1547 = EDGE_CURVE ( 'NONE', #5141, #3395, #4483, .T. ) ;
#1548 = AXIS2_PLACEMENT_3D ( 'NONE', #6317, #5840, #6386 ) ;
#1549 = ORIENTED_EDGE ( 'NONE', *, *, #3093, .T. ) ;
#1550 = AXIS2_PLACEMENT_3D ( 'NONE', #5475, #5511, #3927 ) ;
#1551 = PLANE ( 'NONE',  #6701 ) ;
#1552 = DIRECTION ( 'NONE',  ( 0.000000000000000000, -1.000000000000000000, -6.123233995736769734E-17 ) ) ;
#1553 = EDGE_CURVE ( 'NONE', #2525, #5408, #2357, .T. ) ;
#1554 = VECTOR ( 'NONE', #877, 1000.000000000000000 ) ;
#1555 = VECTOR ( 'NONE', #3621, 1000.000000000000000 ) ;
#1556 = VERTEX_POINT ( 'NONE', #3312 ) ;
#1557 = ORIENTED_EDGE ( 'NONE', *, *, #3307, .T. ) ;
#1558 = CARTESIAN_POINT ( 'NONE',  ( -1.899999999999999911, -1.850000000000000089, -5.981902001999189977 ) ) ;
#1559 = PLANE ( 'NONE',  #6693 ) ;
#1560 = EDGE_LOOP ( 'NONE', ( #4933, #3922, #3011, #1189 ) ) ;
#1561 = DIRECTION ( 'NONE',  ( -1.000000000000000000, 1.776356839400250267E-15, 0.000000000000000000 ) ) ;
#1562 = CARTESIAN_POINT ( 'NONE',  ( -0.8275426480542870111, 1.433345911860129940, -10.91000000000000014 ) ) ;
#1563 = CARTESIAN_POINT ( 'NONE',  ( -0.9445894959716246708, 1.153770762197459776, -5.496391617700099985 ) ) ;
#1564 = DIRECTION ( 'NONE',  ( 0.8660254037844384856, -0.5000000000000003331, 0.000000000000000000 ) ) ;
#1565 = CARTESIAN_POINT ( 'NONE',  ( -2.633828159583055051, 8.917662361074073729, -15.45720847676888710 ) ) ;
#1566 = ADVANCED_FACE ( 'NONE', ( #5522 ), #2744, .F. ) ;
#1567 = ORIENTED_EDGE ( 'NONE', *, *, #1054, .T. ) ;
#1568 = ORIENTED_EDGE ( 'NONE', *, *, #3028, .T. ) ;
#1569 = LINE ( 'NONE', #162, #52 ) ;
#1570 = VERTEX_POINT ( 'NONE', #2897 ) ;
#1571 = DIRECTION ( 'NONE',  ( -0.5720013689771265009, -0.4759719420685942781, -0.6680307958857464312 ) ) ;
#1572 = LINE ( 'NONE', #4118, #5713 ) ;
#1573 = CARTESIAN_POINT ( 'NONE',  ( 5.921359641163508769, -2.000000000000000000, -0.5000000000000004441 ) ) ;
#1574 = ADVANCED_FACE ( 'NONE', ( #330 ), #6030, .T. ) ;
#1575 = DIRECTION ( 'NONE',  ( 1.000000000000000000, 0.000000000000000000, 0.000000000000000000 ) ) ;
#1576 = VECTOR ( 'NONE', #3209, 1000.000000000000000 ) ;
#1577 = ORIENTED_EDGE ( 'NONE', *, *, #3889, .F. ) ;
#1578 = ORIENTED_EDGE ( 'NONE', *, *, #6602, .F. ) ;
#1579 = DIRECTION ( 'NONE',  ( 0.8660254037844387076, 0.4999999999999998890, 0.000000000000000000 ) ) ;
#1580 = ORIENTED_EDGE ( 'NONE', *, *, #952, .F. ) ;
#1581 = VECTOR ( 'NONE', #1635, 1000.000000000000114 ) ;
#1582 = CARTESIAN_POINT ( 'NONE',  ( 0.9510745958705659753, 14.25000000000000000, 0.3166843444896620396 ) ) ;
#1583 = DIRECTION ( 'NONE',  ( -1.000000000000000000, 0.000000000000000000, 0.000000000000000000 ) ) ;
#1584 = AXIS2_PLACEMENT_3D ( 'NONE', #2480, #2921, #3491 ) ;
#1585 = ORIENTED_EDGE ( 'NONE', *, *, #5306, .F. ) ;
#1586 = ORIENTED_EDGE ( 'NONE', *, *, #5199, .T. ) ;
#1587 = LINE ( 'NONE', #3664, #1012 ) ;
#1588 = AXIS2_PLACEMENT_3D ( 'NONE', #2329, #365, #237 ) ;
#1589 = ORIENTED_EDGE ( 'NONE', *, *, #4786, .T. ) ;
#1590 = DIRECTION ( 'NONE',  ( 0.7071067811865475727, 0.000000000000000000, 0.7071067811865475727 ) ) ;
#1591 = B_SPLINE_SURFACE_WITH_KNOTS ( 'NONE', 3, 1, ( 
 ( #6021, #1355 ),
 ( #3427, #6054 ),
 ( #1388, #3455 ),
 ( #2646, #1620 ),
 ( #2173, #5777 ),
 ( #1763, #4855 ),
 ( #4269, #6294 ),
 ( #4230, #4337 ),
 ( #5853, #3156 ),
 ( #6422, #3692 ) ),
 .UNSPECIFIED., .F., .F., .F.,
 ( 4, 2, 2, 2, 4 ),
 ( 2, 2 ),
 ( 0.000000000000000000, 0.2500000000000000000, 0.5000000000000000000, 0.7500000000000000000, 1.000000000000000000 ),
 ( 0.000000000000000000, 1.000000000000000000 ),
 .UNSPECIFIED. ) ;
#1592 = ORIENTED_EDGE ( 'NONE', *, *, #4240, .F. ) ;
#1593 = CARTESIAN_POINT ( 'NONE',  ( -24.87000000000000099, -2.500000000000000000, -20.50000000000000000 ) ) ;
#1594 = ADVANCED_FACE ( 'NONE', ( #6507 ), #476, .T. ) ;
#1595 = DIRECTION ( 'NONE',  ( 0.000000000000000000, 0.000000000000000000, 1.000000000000000000 ) ) ;
#1596 = LINE ( 'NONE', #6334, #4947 ) ;
#1597 = ADVANCED_FACE ( 'NONE', ( #1748 ), #3809, .T. ) ;
#1598 = ORIENTED_EDGE ( 'NONE', *, *, #3222, .T. ) ;
#1599 = EDGE_LOOP ( 'NONE', ( #3823, #1890, #3590, #4919 ) ) ;
#1600 = DIRECTION ( 'NONE',  ( -0.7422448104709120642, 0.000000000000000000, -0.6701288244278110762 ) ) ;
#1601 = CARTESIAN_POINT ( 'NONE',  ( -2.018414946423775280, 0.3458894077880404483, -11.41000000000000014 ) ) ;
#1602 = DIRECTION ( 'NONE',  ( -0.7071067811865524577, 0.000000000000000000, -0.7071067811865425767 ) ) ;
#1603 = DIRECTION ( 'NONE',  ( 1.000000000000000000, 7.709882115452455487E-16, 1.541976423090490703E-15 ) ) ;
#1604 = FACE_OUTER_BOUND ( 'NONE', #5215, .T. ) ;
#1605 = DIRECTION ( 'NONE',  ( 0.6293203910498317288, -0.6329238020387263353, 0.4509582089525924764 ) ) ;
#1606 = EDGE_LOOP ( 'NONE', ( #1351, #1577, #6156, #753, #6417 ) ) ;
#1607 = ORIENTED_EDGE ( 'NONE', *, *, #1661, .T. ) ;
#1608 = EDGE_CURVE ( 'NONE', #4159, #403, #5385, .T. ) ;
#1609 = CARTESIAN_POINT ( 'NONE',  ( -8.680995911905853291, -2.499999999999998668, -1.000000000000000000 ) ) ;
#1610 = EDGE_CURVE ( 'NONE', #2369, #6375, #6203, .T. ) ;
#1611 = ORIENTED_EDGE ( 'NONE', *, *, #1093, .T. ) ;
#1612 = CARTESIAN_POINT ( 'NONE',  ( -0.8621531687066397165, -1.116487468594588028, -5.433604075802669797 ) ) ;
#1613 = CARTESIAN_POINT ( 'NONE',  ( -1.899999999999999911, 2.100000000000000089, -8.262435565298209994 ) ) ;
#1614 = EDGE_LOOP ( 'NONE', ( #1607, #5188, #5034, #2242 ) ) ;
#1615 = ORIENTED_EDGE ( 'NONE', *, *, #2799, .T. ) ;
#1616 = CIRCLE ( 'NONE', #5425, 1.642787265594680024 ) ;
#1617 = EDGE_CURVE ( 'NONE', #4873, #2062, #5040, .T. ) ;
#1618 = ADVANCED_FACE ( 'NONE', ( #5142 ), #6601, .F. ) ;
#1619 = CARTESIAN_POINT ( 'NONE',  ( -9.799999999999998934, 2.899999999999999911, -4.750000000000000000 ) ) ;
#1620 = CARTESIAN_POINT ( 'NONE',  ( -0.2116950987028824727, -1.100000000000000089, -10.41000000000000014 ) ) ;
#1621 = VECTOR ( 'NONE', #6138, 1000.000000000000000 ) ;
#1622 = ORIENTED_EDGE ( 'NONE', *, *, #6404, .T. ) ;
#1623 = DIRECTION ( 'NONE',  ( 0.000000000000000000, -1.000000000000000000, 0.000000000000000000 ) ) ;
#1624 = ADVANCED_FACE ( 'NONE', ( #4600 ), #390, .F. ) ;
#1625 = EDGE_LOOP ( 'NONE', ( #572, #1711, #3685, #5796 ) ) ;
#1626 = LINE ( 'NONE', #18, #5235 ) ;
#1627 = CARTESIAN_POINT ( 'NONE',  ( -2.040000000000000036, 1.636003975803745126E-14, -11.41000000000000014 ) ) ;
#1628 = CARTESIAN_POINT ( 'NONE',  ( -0.6350852961085873272, 1.100000000000000755, -9.041614452473121233 ) ) ;
#1629 = ORIENTED_EDGE ( 'NONE', *, *, #1138, .T. ) ;
#1630 = EDGE_CURVE ( 'NONE', #1100, #2544, #5794, .T. ) ;
#1631 = VECTOR ( 'NONE', #5632, 1000.000000000000000 ) ;
#1632 = LINE ( 'NONE', #3701, #2199 ) ;
#1633 = ORIENTED_EDGE ( 'NONE', *, *, #4761, .F. ) ;
#1634 = CARTESIAN_POINT ( 'NONE',  ( 1.675589098293660095, -1.177794549146851999, -11.41000000000000014 ) ) ;
#1635 = DIRECTION ( 'NONE',  ( 0.8307204878691135663, -0.5566897439638186507, 0.000000000000000000 ) ) ;
#1636 = DIRECTION ( 'NONE',  ( -1.000000000000000000, 0.000000000000000000, -0.000000000000000000 ) ) ;
#1637 = DIRECTION ( 'NONE',  ( 1.000000000000000000, -1.239088197126289831E-16, 0.000000000000000000 ) ) ;
#1638 = LINE ( 'NONE', #1678, #4810 ) ;
#1639 = ORIENTED_EDGE ( 'NONE', *, *, #5374, .F. ) ;
#1640 = ORIENTED_EDGE ( 'NONE', *, *, #5487, .F. ) ;
#1641 = DIRECTION ( 'NONE',  ( 0.000000000000000000, 0.000000000000000000, -1.000000000000000000 ) ) ;
#1642 = ORIENTED_EDGE ( 'NONE', *, *, #4527, .F. ) ;
#1643 = VECTOR ( 'NONE', #4062, 1000.000000000000114 ) ;
#1644 = DIRECTION ( 'NONE',  ( 0.4999999999999998890, 0.8660254037844387076, 0.000000000000000000 ) ) ;
#1645 = B_SPLINE_CURVE_WITH_KNOTS ( 'NONE', 3,
 ( #946, #3017, #5747, #1491 ),
 .UNSPECIFIED., .F., .F.,
 ( 4, 4 ),
 ( 0.000000000000000000, 0.0007108597323404040229 ),
 .UNSPECIFIED. ) ;
#1646 = VECTOR ( 'NONE', #1844, 1000.000000000000000 ) ;
#1647 = DIRECTION ( 'NONE',  ( 0.000000000000000000, 0.000000000000000000, -1.000000000000000000 ) ) ;
#1648 = EDGE_CURVE ( 'NONE', #3932, #5533, #1943, .T. ) ;
#1649 = AXIS2_PLACEMENT_3D ( 'NONE', #5650, #485, #3637 ) ;
#1650 = ORIENTED_EDGE ( 'NONE', *, *, #423, .T. ) ;
#1651 = ADVANCED_FACE ( 'NONE', ( #3570 ), #6013, .T. ) ;
#1652 = ORIENTED_EDGE ( 'NONE', *, *, #6527, .F. ) ;
#1653 = VECTOR ( 'NONE', #3555, 1000.000000000000000 ) ;
#1654 = ORIENTED_EDGE ( 'NONE', *, *, #424, .T. ) ;
#1655 = DIRECTION ( 'NONE',  ( 1.279294598802953755E-16, 1.000000000000000000, 0.000000000000000000 ) ) ;
#1656 = PLANE ( 'NONE',  #4796 ) ;
#1657 = AXIS2_PLACEMENT_3D ( 'NONE', #5510, #847, #6559 ) ;
#1658 = VECTOR ( 'NONE', #4970, 1000.000000000000000 ) ;
#1659 = AXIS2_PLACEMENT_3D ( 'NONE', #319, #5986, #1424 ) ;
#1660 = ORIENTED_EDGE ( 'NONE', *, *, #2172, .T. ) ;
#1661 = EDGE_CURVE ( 'NONE', #2182, #5744, #1472, .T. ) ;
#1662 = ORIENTED_EDGE ( 'NONE', *, *, #6506, .T. ) ;
#1663 = VECTOR ( 'NONE', #1216, 1000.000000000000227 ) ;
#1664 = EDGE_CURVE ( 'NONE', #6100, #3215, #5123, .T. ) ;
#1665 = DIRECTION ( 'NONE',  ( -0.4999999999999928946, 0.8660254037844428154, 0.000000000000000000 ) ) ;
#1666 = CONICAL_SURFACE ( 'NONE', #5472, 5.750000000000000000, 0.7853981633974476129 ) ;
#1667 = FACE_OUTER_BOUND ( 'NONE', #544, .T. ) ;
#1668 = CARTESIAN_POINT ( 'NONE',  ( 5.623590707106810527, -1.838183382918719966, -0.6618166170812860294 ) ) ;
#1669 = VERTEX_POINT ( 'NONE', #4082 ) ;
#1670 = EDGE_CURVE ( 'NONE', #3010, #1414, #1503, .T. ) ;
#1671 = CARTESIAN_POINT ( 'NONE',  ( 0.3252691193458266405, 4.087077195258210338, -12.09999999999999964 ) ) ;
#1672 = EDGE_LOOP ( 'NONE', ( #4702, #1338, #4092, #3907 ) ) ;
#1673 = DIRECTION ( 'NONE',  ( 0.7071067811865474617, -0.7071067811865474617, 0.000000000000000000 ) ) ;
#1674 = ADVANCED_FACE ( 'NONE', ( #492 ), #2459, .F. ) ;
#1675 = CARTESIAN_POINT ( 'NONE',  ( -2.040000000000000036, 0.1700000000000165268, -11.41000000000000014 ) ) ;
#1676 = DIRECTION ( 'NONE',  ( 0.000000000000000000, 1.000000000000000000, -0.000000000000000000 ) ) ;
#1677 = CARTESIAN_POINT ( 'NONE',  ( -1.020000000000016227, -1.766691823720250243, -11.41000000000000014 ) ) ;
#1678 = CARTESIAN_POINT ( 'NONE',  ( -21.91999999999999815, 0.5000000000000004441, 8.349999999999999645 ) ) ;
#1679 = ORIENTED_EDGE ( 'NONE', *, *, #4862, .F. ) ;
#1680 = VERTEX_POINT ( 'NONE', #4632 ) ;
#1681 = CARTESIAN_POINT ( 'NONE',  ( -3.120000000000000107, 1.292346314604051027, -12.34999999999999964 ) ) ;
#1682 = ADVANCED_FACE ( 'NONE', ( #6568 ), #2932, .T. ) ;
#1683 = EDGE_LOOP ( 'NONE', ( #454, #2299, #1484, #2093 ) ) ;
#1684 = CARTESIAN_POINT ( 'NONE',  ( 0.9526279441628809908, -0.5500000000000000444, -2.000000000000000000 ) ) ;
#1685 = CARTESIAN_POINT ( 'NONE',  ( -9.114008613798072034, -2.250000000000000000, -0.2499999999999988065 ) ) ;
#1686 = SPHERICAL_SURFACE ( 'NONE', #3567, 2.100000000000000089 ) ;
#1687 = AXIS2_PLACEMENT_3D ( 'NONE', #2587, #3603, #6599 ) ;
#1688 = ORIENTED_EDGE ( 'NONE', *, *, #4661, .F. ) ;
#1689 = ORIENTED_EDGE ( 'NONE', *, *, #3418, .T. ) ;
#1690 = CARTESIAN_POINT ( 'NONE',  ( -4.799999999999999822, -2.100000000000000089, -8.262435565298209994 ) ) ;
#1691 = AXIS2_PLACEMENT_3D ( 'NONE', #1837, #3338, #5415 ) ;
#1692 = EDGE_LOOP ( 'NONE', ( #486, #4884, #34, #2583 ) ) ;
#1693 = CARTESIAN_POINT ( 'NONE',  ( -1.427627944162879858, 0.2727241335952175216, -7.049999999999999822 ) ) ;
#1694 = CARTESIAN_POINT ( 'NONE',  ( 2.040000000000000036, 0.1699999999999814992, -11.41000000000000014 ) ) ;
#1695 = DIRECTION ( 'NONE',  ( 0.000000000000000000, 0.000000000000000000, 1.000000000000000000 ) ) ;
#1696 = AXIS2_PLACEMENT_3D ( 'NONE', #3753, #741, #5843 ) ;
#1697 = ORIENTED_EDGE ( 'NONE', *, *, #4888, .F. ) ;
#1698 = EDGE_LOOP ( 'NONE', ( #3586, #5771, #5419, #1936, #6572, #3304 ) ) ;
#1699 = LINE ( 'NONE', #3796, #1001 ) ;
#1700 = CONICAL_SURFACE ( 'NONE', #3757, 6.250000000000000000, 0.7853981633974405074 ) ;
#1701 = EDGE_CURVE ( 'NONE', #5819, #1956, #5592, .T. ) ;
#1702 = CARTESIAN_POINT ( 'NONE',  ( -24.87000000000000099, -3.000000000000000000, -20.00000000000000000 ) ) ;
#1703 = CYLINDRICAL_SURFACE ( 'NONE', #1911, 4.099999999999999645 ) ;
#1704 = ORIENTED_EDGE ( 'NONE', *, *, #4988, .T. ) ;
#1705 = CARTESIAN_POINT ( 'NONE',  ( 0.2749999999999275246, 11.63354765594751328, -12.67943252105974494 ) ) ;
#1706 = PLANE ( 'NONE',  #4242 ) ;
#1707 = ORIENTED_EDGE ( 'NONE', *, *, #623, .T. ) ;
#1708 = B_SPLINE_SURFACE_WITH_KNOTS ( 'NONE', 3, 1, ( 
 ( #645, #6362 ),
 ( #1694, #3262 ),
 ( #5887, #5338 ),
 ( #678, #179 ),
 ( #2244, #6395 ),
 ( #1731, #1217 ),
 ( #4987, #6585 ),
 ( #3957, #247 ),
 ( #1284, #315 ),
 ( #4922, #2340 ) ),
 .UNSPECIFIED., .F., .F., .F.,
 ( 4, 2, 2, 2, 4 ),
 ( 2, 2 ),
 ( 0.000000000000000000, 0.2500000000000000000, 0.5000000000000000000, 0.7500000000000000000, 1.000000000000000000 ),
 ( 0.000000000000000000, 1.000000000000000000 ),
 .UNSPECIFIED. ) ;
#1709 = EDGE_CURVE ( 'NONE', #5153, #46, #3703, .T. ) ;
#1710 = CARTESIAN_POINT ( 'NONE',  ( 2.040000000000000036, -0.1700000000000190248, -11.41000000000000014 ) ) ;
#1711 = ORIENTED_EDGE ( 'NONE', *, *, #4395, .T. ) ;
#1712 = DIRECTION ( 'NONE',  ( -0.8660254037844384856, 0.5000000000000003331, 0.000000000000000000 ) ) ;
#1713 = DIRECTION ( 'NONE',  ( -1.000000000000000000, 0.000000000000000000, 0.000000000000000000 ) ) ;
#1714 = DIRECTION ( 'NONE',  ( -0.5711156994001826970, -0.7908994603200560913, -0.2197837609198733944 ) ) ;
#1715 = CARTESIAN_POINT ( 'NONE',  ( -9.835696450285100312, 1.000000000000000000, 2.168404344971017496E-16 ) ) ;
#1716 = ORIENTED_EDGE ( 'NONE', *, *, #218, .F. ) ;
#1717 = CARTESIAN_POINT ( 'NONE',  ( -15.91333333333330025, 4.956666666666629695, -9.956666666666729171 ) ) ;
#1718 = EDGE_CURVE ( 'NONE', #1147, #6358, #4926, .T. ) ;
#1719 = CARTESIAN_POINT ( 'NONE',  ( -4.364212917312383588, 9.232232378370623493, -16.04969957730801156 ) ) ;
#1720 = ORIENTED_EDGE ( 'NONE', *, *, #326, .F. ) ;
#1721 = LINE ( 'NONE', #2197, #1157 ) ;
#1722 = CARTESIAN_POINT ( 'NONE',  ( -1.019999999999986029, 1.766691823720265120, -11.41000000000000014 ) ) ;
#1723 = DIRECTION ( 'NONE',  ( -1.000000000000000000, 0.000000000000000000, 0.000000000000000000 ) ) ;
#1724 = EDGE_CURVE ( 'NONE', #3259, #2438, #464, .T. ) ;
#1725 = ORIENTED_EDGE ( 'NONE', *, *, #3371, .T. ) ;
#1726 = ORIENTED_EDGE ( 'NONE', *, *, #3576, .T. ) ;
#1727 = EDGE_CURVE ( 'NONE', #3810, #2062, #4556, .T. ) ;
#1728 = EDGE_CURVE ( 'NONE', #5760, #5224, #1060, .T. ) ;
#1729 = VERTEX_POINT ( 'NONE', #2149 ) ;
#1730 = DIRECTION ( 'NONE',  ( 0.000000000000000000, 0.000000000000000000, 1.000000000000000000 ) ) ;
#1731 = CARTESIAN_POINT ( 'NONE',  ( 1.675589098293679857, 1.177794549146822023, -11.41000000000000014 ) ) ;
#1732 = DIRECTION ( 'NONE',  ( -0.3050043672476809298, -0.5282830606033849241, -0.7923946894315748724 ) ) ;
#1733 = VECTOR ( 'NONE', #4742, 1000.000000000000114 ) ;
#1734 = VERTEX_POINT ( 'NONE', #2221 ) ;
#1735 = DIRECTION ( 'NONE',  ( 0.000000000000000000, 0.000000000000000000, 1.000000000000000000 ) ) ;
#1736 = DIRECTION ( 'NONE',  ( 0.000000000000000000, 0.000000000000000000, 1.000000000000000000 ) ) ;
#1737 = LINE ( 'NONE', #6466, #5500 ) ;
#1738 = VECTOR ( 'NONE', #7, 1000.000000000000000 ) ;
#1739 = ORIENTED_EDGE ( 'NONE', *, *, #1762, .T. ) ;
#1740 = CARTESIAN_POINT ( 'NONE',  ( -9.849999999999985434, 20.24999999999999645, -0.4999999999999917843 ) ) ;
#1741 = AXIS2_PLACEMENT_3D ( 'NONE', #4114, #892, #3103 ) ;
#1742 = CARTESIAN_POINT ( 'NONE',  ( -1.212435565298213724, -2.100000000000000089, -2.000000000000000000 ) ) ;
#1743 = VERTEX_POINT ( 'NONE', #4757 ) ;
#1744 = DIRECTION ( 'NONE',  ( 0.8660254037844384856, -0.5000000000000003331, 0.000000000000000000 ) ) ;
#1745 = CARTESIAN_POINT ( 'NONE',  ( -1.362997016838919973E-15, -5.500000000000000000, -0.5000000000000000000 ) ) ;
#1746 = CIRCLE ( 'NONE', #448, 1.000000000000000000 ) ;
#1747 = CARTESIAN_POINT ( 'NONE',  ( -23.36999999999999744, -3.000000000000000000, -17.00000000000000000 ) ) ;
#1748 = FACE_OUTER_BOUND ( 'NONE', #2000, .T. ) ;
#1749 = ADVANCED_FACE ( 'NONE', ( #120 ), #655, .F. ) ;
#1750 = VERTEX_POINT ( 'NONE', #3168 ) ;
#1751 = DIRECTION ( 'NONE',  ( 0.000000000000000000, -1.000000000000000000, 0.000000000000000000 ) ) ;
#1752 = ORIENTED_EDGE ( 'NONE', *, *, #3013, .F. ) ;
#1753 = CARTESIAN_POINT ( 'NONE',  ( -1.308756487256283796, -1.575053915087179846, -11.41000000000000014 ) ) ;
#1754 = CARTESIAN_POINT ( 'NONE',  ( 1.343898562515594142, 6.938827869615994182, -19.18234684966178349 ) ) ;
#1755 = CARTESIAN_POINT ( 'NONE',  ( -2.146720301521298779E-14, -1.452830911130575942E-14, -12.55000000000000071 ) ) ;
#1756 = EDGE_CURVE ( 'NONE', #4391, #3026, #6665, .T. ) ;
#1757 = ORIENTED_EDGE ( 'NONE', *, *, #5791, .F. ) ;
#1758 = AXIS2_PLACEMENT_3D ( 'NONE', #4969, #299, #2356 ) ;
#1759 = EDGE_LOOP ( 'NONE', ( #527, #2042, #4123, #2362, #4629 ) ) ;
#1760 = ORIENTED_EDGE ( 'NONE', *, *, #834, .F. ) ;
#1761 = DIRECTION ( 'NONE',  ( 0.000000000000000000, 0.000000000000000000, 1.000000000000000000 ) ) ;
#1762 = EDGE_CURVE ( 'NONE', #2113, #3638, #5828, .T. ) ;
#1763 = CARTESIAN_POINT ( 'NONE',  ( 0.1822054508531449901, -2.040000000000000036, -11.41000000000000014 ) ) ;
#1764 = CARTESIAN_POINT ( 'NONE',  ( -2.146720301521298779E-14, -1.452830911130575942E-14, -12.34999999999999964 ) ) ;
#1765 = VECTOR ( 'NONE', #916, 1000.000000000000000 ) ;
#1766 = AXIS2_PLACEMENT_3D ( 'NONE', #249, #6367, #2309 ) ;
#1767 = ORIENTED_EDGE ( 'NONE', *, *, #4925, .F. ) ;
#1768 = CONICAL_SURFACE ( 'NONE', #3921, 2.949999999999999289, 0.7853981633974476129 ) ;
#1769 = FACE_OUTER_BOUND ( 'NONE', #4721, .T. ) ;
#1770 = DIRECTION ( 'NONE',  ( 0.000000000000000000, 0.000000000000000000, 1.000000000000000000 ) ) ;
#1771 = LINE ( 'NONE', #2313, #726 ) ;
#1772 = CIRCLE ( 'NONE', #1659, 2.099679143796075564 ) ;
#1773 = ORIENTED_EDGE ( 'NONE', *, *, #6342, .T. ) ;
#1774 = CARTESIAN_POINT ( 'NONE',  ( -5.482928049865329889, -3.000000000000000000, -17.00000000000000000 ) ) ;
#1775 = VECTOR ( 'NONE', #1946, 1000.000000000000114 ) ;
#1776 = FACE_OUTER_BOUND ( 'NONE', #5860, .T. ) ;
#1777 = VECTOR ( 'NONE', #391, 1000.000000000000000 ) ;
#1778 = LINE ( 'NONE', #1742, #4589 ) ;
#1779 = EDGE_CURVE ( 'NONE', #1513, #1137, #1632, .T. ) ;
#1780 = FACE_BOUND ( 'NONE', #5774, .T. ) ;
#1781 = CARTESIAN_POINT ( 'NONE',  ( -1.427627944162879858, 0.2727241335952175216, -7.049999999999999822 ) ) ;
#1782 = FACE_OUTER_BOUND ( 'NONE', #1031, .T. ) ;
#1783 = CARTESIAN_POINT ( 'NONE',  ( 2.018414946423775280, -0.3458894077880425022, -11.41000000000000014 ) ) ;
#1784 = VERTEX_POINT ( 'NONE', #4281 ) ;
#1785 = CARTESIAN_POINT ( 'NONE',  ( -20.21999999999999886, 3.600000000000001865, 4.899999999999999467 ) ) ;
#1786 = ORIENTED_EDGE ( 'NONE', *, *, #3227, .T. ) ;
#1787 = CARTESIAN_POINT ( 'NONE',  ( -0.6589488037431983081, 1.100000000000000533, -5.163137680407252184 ) ) ;
#1788 = EDGE_CURVE ( 'NONE', #3147, #69, #826, .T. ) ;
#1789 = CARTESIAN_POINT ( 'NONE',  ( -2.149999999999999911, 2.100000000000000089, -8.262435565298209994 ) ) ;
#1790 = DIRECTION ( 'NONE',  ( -0.000000000000000000, -0.000000000000000000, -1.000000000000000000 ) ) ;
#1791 = DIRECTION ( 'NONE',  ( 0.000000000000000000, 0.000000000000000000, -1.000000000000000000 ) ) ;
#1792 = ORIENTED_EDGE ( 'NONE', *, *, #3556, .T. ) ;
#1793 = ORIENTED_EDGE ( 'NONE', *, *, #1889, .F. ) ;
#1794 = ORIENTED_EDGE ( 'NONE', *, *, #2177, .F. ) ;
#1795 = DIRECTION ( 'NONE',  ( 0.000000000000000000, -1.000000000000000000, -6.123233995736769734E-17 ) ) ;
#1796 = CARTESIAN_POINT ( 'NONE',  ( -4.799999999999999822, 29.05607232530894990, -16.50000000000000000 ) ) ;
#1797 = DIRECTION ( 'NONE',  ( -0.000000000000000000, 1.000000000000000000, 0.000000000000000000 ) ) ;
#1798 = VECTOR ( 'NONE', #1086, 1000.000000000000227 ) ;
#1799 = ORIENTED_EDGE ( 'NONE', *, *, #3689, .F. ) ;
#1800 = VECTOR ( 'NONE', #2023, 1000.000000000000000 ) ;
#1801 = CARTESIAN_POINT ( 'NONE',  ( 1.250000000000004219, 4.824776773101836724, -20.50000000000000000 ) ) ;
#1802 = DIRECTION ( 'NONE',  ( 0.000000000000000000, -1.788469760401379917E-16, 1.000000000000000000 ) ) ;
#1804 = PLANE ( 'NONE',  #4512 ) ;
#1803 = VECTOR ( 'NONE', #1259, 1000.000000000000000 ) ;
#1805 = VERTEX_POINT ( 'NONE', #1815 ) ;
#1806 = FACE_OUTER_BOUND ( 'NONE', #1476, .T. ) ;
#1807 = EDGE_CURVE ( 'NONE', #2062, #3231, #5523, .T. ) ;
#1808 = AXIS2_PLACEMENT_3D ( 'NONE', #4774, #5296, #2730 ) ;
#1809 = FACE_OUTER_BOUND ( 'NONE', #5204, .T. ) ;
#1810 = DIRECTION ( 'NONE',  ( 0.000000000000000000, 0.000000000000000000, 1.000000000000000000 ) ) ;
#1811 = AXIS2_PLACEMENT_3D ( 'NONE', #6606, #528, #2593 ) ;
#1812 = CARTESIAN_POINT ( 'NONE',  ( -0.9711091852418937131, 1.169745391142430480, -8.585420003182456128 ) ) ;
#1813 = CARTESIAN_POINT ( 'NONE',  ( 1.563042943988835143, -1.323077901566481973, -11.41000000000000014 ) ) ;
#1814 = EDGE_LOOP ( 'NONE', ( #5078, #716, #2401, #5905, #6413, #1978, #6596 ) ) ;
#1815 = CARTESIAN_POINT ( 'NONE',  ( -1.292346314604051249, -3.119999999999989893, -12.34999999999999964 ) ) ;
#1816 = CARTESIAN_POINT ( 'NONE',  ( -21.91999999999999815, -3.000000000000000000, 4.899999999999999467 ) ) ;
#1817 = ORIENTED_EDGE ( 'NONE', *, *, #6379, .F. ) ;
#1818 = FACE_OUTER_BOUND ( 'NONE', #1560, .T. ) ;
#1819 = DIRECTION ( 'NONE',  ( 0.000000000000000000, -1.000000000000000000, 0.000000000000000000 ) ) ;
#1820 = FACE_OUTER_BOUND ( 'NONE', #242, .T. ) ;
#1821 = CARTESIAN_POINT ( 'NONE',  ( -4.799999999999999822, 29.05607232530894990, -2.500000000000000000 ) ) ;
#1822 = ORIENTED_EDGE ( 'NONE', *, *, #2389, .T. ) ;
#1823 = EDGE_CURVE ( 'NONE', #4304, #3144, #675, .T. ) ;
#1824 = ORIENTED_EDGE ( 'NONE', *, *, #5199, .F. ) ;
#1825 = ORIENTED_EDGE ( 'NONE', *, *, #4867, .T. ) ;
#1826 = LINE ( 'NONE', #373, #2029 ) ;
#1827 = CARTESIAN_POINT ( 'NONE',  ( -21.91999999999999815, 1.000000000000000000, 2.399999999999999911 ) ) ;
#1828 = DIRECTION ( 'NONE',  ( 1.000000000000000000, -5.217213461584422785E-15, -0.000000000000000000 ) ) ;
#1829 = ADVANCED_FACE ( 'NONE', ( #1298 ), #6359, .F. ) ;
#1830 = VERTEX_POINT ( 'NONE', #5041 ) ;
#1831 = LINE ( 'NONE', #3892, #5677 ) ;
#1832 = CARTESIAN_POINT ( 'NONE',  ( -1.899999999999999911, 0.000000000000000000, -7.049999999999999822 ) ) ;
#1833 = CARTESIAN_POINT ( 'NONE',  ( 0.000000000000000000, 4.100000000000010303, -0.5000000000000000000 ) ) ;
#1834 = ORIENTED_EDGE ( 'NONE', *, *, #1416, .F. ) ;
#1835 = ADVANCED_FACE ( 'NONE', ( #4490 ), #5032, .T. ) ;
#1836 = LINE ( 'NONE', #3870, #252 ) ;
#1837 = CARTESIAN_POINT ( 'NONE',  ( 0.000000000000000000, 0.000000000000000000, -15.92999999999999972 ) ) ;
#1838 = ADVANCED_FACE ( 'NONE', ( #2867 ), #891, .T. ) ;
#1839 = LINE ( 'NONE', #3973, #77 ) ;
#1840 = CIRCLE ( 'NONE', #5098, 1.700000000000000178 ) ;
#1841 = CARTESIAN_POINT ( 'NONE',  ( -4.799999999999999822, 1.734723475976809855E-15, -9.474871130596428159 ) ) ;
#1842 = ADVANCED_BREP_SHAPE_REPRESENTATION ( 'Filament Buffer Holder', ( #1007, #5826 ), #1261 ) ;
#1843 = CARTESIAN_POINT ( 'NONE',  ( -1.270170592217173988, 3.252606517456515274E-16, -9.630457940808639705 ) ) ;
#1844 = DIRECTION ( 'NONE',  ( 0.000000000000000000, 0.000000000000000000, 1.000000000000000000 ) ) ;
#1845 = DIRECTION ( 'NONE',  ( -1.000000000000000000, 0.000000000000000000, 0.000000000000000000 ) ) ;
#1846 = VERTEX_POINT ( 'NONE', #3904 ) ;
#1847 = AXIS2_PLACEMENT_3D ( 'NONE', #5460, #367, #4978 ) ;
#1848 = CARTESIAN_POINT ( 'NONE',  ( -1.860640646055099934, -0.02272413359521725101, -7.049999999999999822 ) ) ;
#1849 = LINE ( 'NONE', #1374, #2664 ) ;
#1850 = PLANE ( 'NONE',  #1962 ) ;
#1851 = ORIENTED_EDGE ( 'NONE', *, *, #2124, .T. ) ;
#1852 = EDGE_LOOP ( 'NONE', ( #4745, #6263 ) ) ;
#1853 = VERTEX_POINT ( 'NONE', #1690 ) ;
#1854 = LINE ( 'NONE', #2370, #4191 ) ;
#1855 = ADVANCED_FACE ( 'NONE', ( #2966 ), #4817, .T. ) ;
#1856 = CARTESIAN_POINT ( 'NONE',  ( -4.799999999999999822, -3.000000000000000000, -2.500000000000000000 ) ) ;
#1857 = AXIS2_PLACEMENT_3D ( 'NONE', #389, #990, #1531 ) ;
#1858 = VERTEX_POINT ( 'NONE', #5849 ) ;
#1859 = CARTESIAN_POINT ( 'NONE',  ( -8.680995911905853291, 0.5000000000000004441, -1.000000000000000000 ) ) ;
#1860 = CARTESIAN_POINT ( 'NONE',  ( -1.535183497428324484E-14, -3.120000000000014317, -12.09999999999999964 ) ) ;
#1861 = DIRECTION ( 'NONE',  ( -1.000000000000000000, 2.173373339623871261E-16, -1.548528504482008847E-16 ) ) ;
#1862 = AXIS2_PLACEMENT_3D ( 'NONE', #1705, #3305, #156 ) ;
#1863 = CARTESIAN_POINT ( 'NONE',  ( -14.57922092882883724, -2.499999999999998668, 8.349999999999999645 ) ) ;
#1864 = EDGE_CURVE ( 'NONE', #4822, #3215, #2044, .T. ) ;
#1865 = VECTOR ( 'NONE', #2344, 1000.000000000000114 ) ;
#1866 = EDGE_LOOP ( 'NONE', ( #2834, #3584, #6705 ) ) ;
#1867 = DIRECTION ( 'NONE',  ( 0.000000000000000000, 0.000000000000000000, 1.000000000000000000 ) ) ;
#1868 = ADVANCED_FACE ( 'NONE', ( #2737 ), #858, .T. ) ;
#1869 = AXIS2_PLACEMENT_3D ( 'NONE', #2934, #4324, #1845 ) ;
#1870 = CARTESIAN_POINT ( 'NONE',  ( -10.34999999999999964, 5.500000000000000000, -0.5000000000000000000 ) ) ;
#1871 = CONICAL_SURFACE ( 'NONE', #1116, 4.099999999999999645, 0.7853981633974367327 ) ;
#1872 = CARTESIAN_POINT ( 'NONE',  ( -21.91999999999999815, -3.000000000000000000, 0.6999999999999998446 ) ) ;
#1873 = LINE ( 'NONE', #3873, #5820 ) ;
#1874 = CIRCLE ( 'NONE', #4914, 2.100000000000000089 ) ;
#1875 = DIRECTION ( 'NONE',  ( -1.000000000000000000, 0.000000000000000000, -0.000000000000000000 ) ) ;
#1876 = CIRCLE ( 'NONE', #6550, 1.000000000000000000 ) ;
#1877 = VECTOR ( 'NONE', #5439, 1000.000000000000000 ) ;
#1878 = CARTESIAN_POINT ( 'NONE',  ( -1.652313485050760811, 3.223584065784024076E-05, -9.175429137859440587 ) ) ;
#1879 = EDGE_CURVE ( 'NONE', #6111, #706, #5967, .T. ) ;
#1880 = LINE ( 'NONE', #176, #1322 ) ;
#1881 = ORIENTED_EDGE ( 'NONE', *, *, #463, .F. ) ;
#1882 = CARTESIAN_POINT ( 'NONE',  ( -17.86999999999999389, 17.20782925763267102, 8.349999999999999645 ) ) ;
#1883 = ORIENTED_EDGE ( 'NONE', *, *, #1664, .F. ) ;
#1884 = CARTESIAN_POINT ( 'NONE',  ( -0.6387568812584726308, 1.100000000000000755, -5.072689351298016902 ) ) ;
#1885 = DIRECTION ( 'NONE',  ( 0.000000000000000000, 0.000000000000000000, 1.000000000000000000 ) ) ;
#1886 = FACE_OUTER_BOUND ( 'NONE', #2443, .T. ) ;
#1887 = DIRECTION ( 'NONE',  ( -0.7071067811865475727, 0.000000000000000000, 0.7071067811865475727 ) ) ;
#1888 = VERTEX_POINT ( 'NONE', #3257 ) ;
#1889 = EDGE_CURVE ( 'NONE', #2030, #2096, #1880, .T. ) ;
#1890 = ORIENTED_EDGE ( 'NONE', *, *, #2654, .F. ) ;
#1891 = ORIENTED_EDGE ( 'NONE', *, *, #1301, .F. ) ;
#1892 = DIRECTION ( 'NONE',  ( -0.4230784659879328613, 5.181216891602947340E-17, 0.9060930479908216872 ) ) ;
#1893 = EDGE_CURVE ( 'NONE', #5290, #4413, #2398, .T. ) ;
#1894 = CARTESIAN_POINT ( 'NONE',  ( -25.37000000000000099, 6.000000000000000000, -1.000000000000000000 ) ) ;
#1895 = CARTESIAN_POINT ( 'NONE',  ( -10.28423920557000848, 6.665760794429997027, -18.95961016757880913 ) ) ;
#1896 = VERTEX_POINT ( 'NONE', #2460 ) ;
#1897 = CARTESIAN_POINT ( 'NONE',  ( -1.877893248421450268E-16, -1.100000000000000089, -20.50000000000000000 ) ) ;
#1898 = CARTESIAN_POINT ( 'NONE',  ( -1.019999999999986029, 1.766691823720265120, -11.41000000000000014 ) ) ;
#1899 = DIRECTION ( 'NONE',  ( 1.000000000000000000, 0.000000000000000000, 0.000000000000000000 ) ) ;
#1900 = DIRECTION ( 'NONE',  ( 1.000000000000000000, 0.000000000000000000, 0.000000000000000000 ) ) ;
#1901 = ORIENTED_EDGE ( 'NONE', *, *, #3307, .F. ) ;
#1902 = CARTESIAN_POINT ( 'NONE',  ( 0.3252691193458266405, 4.087077195258210338, -12.34999999999999964 ) ) ;
#1903 = VECTOR ( 'NONE', #6718, 1000.000000000000000 ) ;
#1904 = DIRECTION ( 'NONE',  ( 1.788469760401379917E-16, 1.000000000000000000, 0.000000000000000000 ) ) ;
#1905 = ADVANCED_FACE ( 'NONE', ( #1535 ), #3065, .T. ) ;
#1906 = EDGE_CURVE ( 'NONE', #4678, #3647, #5593, .T. ) ;
#1907 = VECTOR ( 'NONE', #6199, 1000.000000000000000 ) ;
#1908 = CARTESIAN_POINT ( 'NONE',  ( -0.9325770722090399589, -1.147044646096887499, -8.612222454429280916 ) ) ;
#1909 = CARTESIAN_POINT ( 'NONE',  ( -1.755191719484992419, 4.481033420004925351E-14, -4.951138202133972044 ) ) ;
#1910 = LINE ( 'NONE', #6029, #288 ) ;
#1911 = AXIS2_PLACEMENT_3D ( 'NONE', #1058, #4205, #2652 ) ;
#1912 = CARTESIAN_POINT ( 'NONE',  ( -1.899999999999999911, 0.000000000000000000, -7.049999999999999822 ) ) ;
#1913 = EDGE_CURVE ( 'NONE', #5258, #6580, #926, .T. ) ;
#1914 = DIRECTION ( 'NONE',  ( -9.045978859488924656E-17, -0.7071067811865476838, 0.7071067811865474617 ) ) ;
#1915 = LINE ( 'NONE', #1403, #262 ) ;
#1916 = ORIENTED_EDGE ( 'NONE', *, *, #3856, .T. ) ;
#1917 = AXIS2_PLACEMENT_3D ( 'NONE', #1143, #4741, #5876 ) ;
#1918 = CARTESIAN_POINT ( 'NONE',  ( -0.7195528743098577040, 1.100000000000000755, -5.300968025464901423 ) ) ;
#1919 = CARTESIAN_POINT ( 'NONE',  ( -5.178078794302000354, -2.500000000000000000, -20.50000000000000000 ) ) ;
#1920 = CARTESIAN_POINT ( 'NONE',  ( 1.783316878875766287, 6.024987659156824549, -1.033316878875766509 ) ) ;
#1921 = DIRECTION ( 'NONE',  ( 0.000000000000000000, 0.000000000000000000, -1.000000000000000000 ) ) ;
#1922 = EDGE_CURVE ( 'NONE', #2544, #3319, #1974, .T. ) ;
#1923 = ORIENTED_EDGE ( 'NONE', *, *, #5845, .F. ) ;
#1924 = ORIENTED_EDGE ( 'NONE', *, *, #6221, .T. ) ;
#1925 = VERTEX_POINT ( 'NONE', #2524 ) ;
#1926 = CARTESIAN_POINT ( 'NONE',  ( 4.099999999999998757, 0.000000000000000000, -16.40116666666666845 ) ) ;
#1927 = DIRECTION ( 'NONE',  ( 0.000000000000000000, 0.000000000000000000, 1.000000000000000000 ) ) ;
#1928 = FACE_OUTER_BOUND ( 'NONE', #6384, .T. ) ;
#1929 = EDGE_CURVE ( 'NONE', #2113, #29, #240, .T. ) ;
#1930 = EDGE_CURVE ( 'NONE', #312, #6056, #5914, .T. ) ;
#1931 = VERTEX_POINT ( 'NONE', #2906 ) ;
#1932 = CARTESIAN_POINT ( 'NONE',  ( -1.899999999999999911, 0.000000000000000000, -7.049999999999999822 ) ) ;
#1933 = LINE ( 'NONE', #1423, #4039 ) ;
#1934 = DIRECTION ( 'NONE',  ( -0.5242412136952691037, -0.8204788291240807663, -0.2280035982665378214 ) ) ;
#1935 = DIRECTION ( 'NONE',  ( -0.000000000000000000, -0.000000000000000000, 1.000000000000000000 ) ) ;
#1936 = ORIENTED_EDGE ( 'NONE', *, *, #2033, .T. ) ;
#1937 = CARTESIAN_POINT ( 'NONE',  ( -5.482928049865329889, -3.000000000000000000, -1.000000000000000000 ) ) ;
#1938 = ORIENTED_EDGE ( 'NONE', *, *, #2978, .T. ) ;
#1939 = CARTESIAN_POINT ( 'NONE',  ( -0.7907802775721747279, -1.100000000000000089, -8.728660677782070110 ) ) ;
#1940 = CARTESIAN_POINT ( 'NONE',  ( -25.37000000000000099, 5.500000000000000000, 0.000000000000000000 ) ) ;
#1941 = DIRECTION ( 'NONE',  ( -1.000000000000000000, 8.881784197001252323E-16, 0.000000000000000000 ) ) ;
#1942 = VERTEX_POINT ( 'NONE', #310 ) ;
#1943 = LINE ( 'NONE', #857, #3718 ) ;
#1944 = AXIS2_PLACEMENT_3D ( 'NONE', #5844, #2236, #4299 ) ;
#1945 = FACE_OUTER_BOUND ( 'NONE', #4500, .T. ) ;
#1946 = DIRECTION ( 'NONE',  ( -0.3159220186098221639, 0.000000000000000000, -0.9487851591153263486 ) ) ;
#1947 = ORIENTED_EDGE ( 'NONE', *, *, #72, .F. ) ;
#1948 = LINE ( 'NONE', #4012, #925 ) ;
#1949 = CARTESIAN_POINT ( 'NONE',  ( 0.08512352309345100343, 14.75000000000000000, 4.500000000000000000 ) ) ;
#1950 = CIRCLE ( 'NONE', #5759, 6.250000000000000000 ) ;
#1951 = DIRECTION ( 'NONE',  ( 0.000000000000000000, -0.7071067811865481278, -0.7071067811865469066 ) ) ;
#1952 = ADVANCED_FACE ( 'NONE', ( #4399 ), #5400, .F. ) ;
#1953 = DIRECTION ( 'NONE',  ( 0.000000000000000000, -1.000000000000000000, 0.000000000000000000 ) ) ;
#1954 = ORIENTED_EDGE ( 'NONE', *, *, #345, .F. ) ;
#1955 = EDGE_CURVE ( 'NONE', #2116, #5575, #3504, .T. ) ;
#1956 = VERTEX_POINT ( 'NONE', #6485 ) ;
#1957 = VECTOR ( 'NONE', #2704, 1000.000000000000000 ) ;
#1958 = VERTEX_POINT ( 'NONE', #6008 ) ;
#1959 = CARTESIAN_POINT ( 'NONE',  ( -10.19137310530903306, 20.24999999999999645, -0.02360761626680682457 ) ) ;
#1960 = CARTESIAN_POINT ( 'NONE',  ( -1.535183497428324484E-14, -3.120000000000014317, -12.09999999999999964 ) ) ;
#1961 = EDGE_CURVE ( 'NONE', #4568, #2013, #2298, .T. ) ;
#1962 = AXIS2_PLACEMENT_3D ( 'NONE', #239, #6007, #2297 ) ;
#1963 = ORIENTED_EDGE ( 'NONE', *, *, #3831, .F. ) ;
#1964 = DIRECTION ( 'NONE',  ( 0.000000000000000000, 0.000000000000000000, 1.000000000000000000 ) ) ;
#1965 = ADVANCED_FACE ( 'NONE', ( #1342 ), #3410, .T. ) ;
#1966 = ORIENTED_EDGE ( 'NONE', *, *, #1610, .T. ) ;
#1967 = SPHERICAL_SURFACE ( 'NONE', #3828, 2.100000000000000089 ) ;
#1968 = DIRECTION ( 'NONE',  ( 0.000000000000000000, -0.7071067811865475727, 0.7071067811865475727 ) ) ;
#1969 = EDGE_LOOP ( 'NONE', ( #43, #2005, #1786, #512, #6666, #3795, #6688, #3117, #3112, #1077, #2748 ) ) ;
#1970 = CARTESIAN_POINT ( 'NONE',  ( -2.516171840417096295, 13.37212804271517008, -9.205326818325247018 ) ) ;
#1971 = VERTEX_POINT ( 'NONE', #6039 ) ;
#1972 = LINE ( 'NONE', #4517, #4905 ) ;
#1973 = AXIS2_PLACEMENT_3D ( 'NONE', #1350, #2504, #3960 ) ;
#1974 = CIRCLE ( 'NONE', #1122, 1.642787265594674917 ) ;
#1975 = CARTESIAN_POINT ( 'NONE',  ( -16.37000000000000455, 1.000000000000000000, 4.336808689942017736E-16 ) ) ;
#1976 = CARTESIAN_POINT ( 'NONE',  ( 0.000000000000000000, 1.000000000000000000, 4.336808689942017736E-16 ) ) ;
#1977 = SHAPE_DEFINITION_REPRESENTATION ( #6274, #1842 ) ;
#1978 = ORIENTED_EDGE ( 'NONE', *, *, #2510, .F. ) ;
#1979 = AXIS2_PLACEMENT_3D ( 'NONE', #3439, #798, #6412 ) ;
#1980 = CARTESIAN_POINT ( 'NONE',  ( 1.019999999999984031, -1.766691823720265120, -11.41000000000000014 ) ) ;
#1981 = CIRCLE ( 'NONE', #571, 1.000000000000000888 ) ;
#1982 = DIRECTION ( 'NONE',  ( 0.3779644730092432403, 0.1532845171492131509, -0.9130425586713784014 ) ) ;
#1983 = FACE_OUTER_BOUND ( 'NONE', #3214, .T. ) ;
#1984 = DIRECTION ( 'NONE',  ( -1.000000000000000000, 0.000000000000000000, 0.000000000000000000 ) ) ;
#1985 = ORIENTED_EDGE ( 'NONE', *, *, #147, .F. ) ;
#1986 = VECTOR ( 'NONE', #4246, 1000.000000000000000 ) ;
#1987 = LINE ( 'NONE', #3273, #1260 ) ;
#1988 = AXIS2_PLACEMENT_3D ( 'NONE', #6535, #6476, #2764 ) ;
#1989 = CARTESIAN_POINT ( 'NONE',  ( -4.799999999999999822, -2.100000000000000089, -5.837564434701790539 ) ) ;
#1990 = AXIS2_PLACEMENT_3D ( 'NONE', #1466, #1498, #3533 ) ;
#1991 = DIRECTION ( 'NONE',  ( 0.000000000000000000, -1.000000000000000000, 0.000000000000000000 ) ) ;
#1992 = CIRCLE ( 'NONE', #5470, 1.699999999999999734 ) ;
#1993 = ORIENTED_EDGE ( 'NONE', *, *, #2545, .F. ) ;
#1994 = ORIENTED_EDGE ( 'NONE', *, *, #3766, .F. ) ;
#1995 = VECTOR ( 'NONE', #5658, 1000.000000000000000 ) ;
#1996 = EDGE_CURVE ( 'NONE', #4271, #4863, #1376, .T. ) ;
#1997 = VERTEX_POINT ( 'NONE', #5381 ) ;
#1998 = FACE_OUTER_BOUND ( 'NONE', #596, .T. ) ;
#1999 = CYLINDRICAL_SURFACE ( 'NONE', #231, 3.120000000000000107 ) ;
#2000 = EDGE_LOOP ( 'NONE', ( #3459, #2740, #6645 ) ) ;
#2001 = DIRECTION ( 'NONE',  ( 0.000000000000000000, 0.000000000000000000, -1.000000000000000000 ) ) ;
#2002 = EDGE_LOOP ( 'NONE', ( #200, #1102, #5947, #4535, #3630 ) ) ;
#2003 = DIRECTION ( 'NONE',  ( 0.1737910310721780260, 0.8350939351132929955, 0.5219337094458110782 ) ) ;
#2004 = DIRECTION ( 'NONE',  ( 0.000000000000000000, 1.788469760401379917E-16, -1.000000000000000000 ) ) ;
#2005 = ORIENTED_EDGE ( 'NONE', *, *, #3379, .T. ) ;
#2006 = CARTESIAN_POINT ( 'NONE',  ( 1.750000000000000000, 6.000000000000000000, -1.000000000000000000 ) ) ;
#2007 = ORIENTED_EDGE ( 'NONE', *, *, #4063, .F. ) ;
#2008 = DIRECTION ( 'NONE',  ( -1.000000000000000000, 0.000000000000000000, 0.000000000000000000 ) ) ;
#2009 = DIRECTION ( 'NONE',  ( 1.630379206745126943E-16, 1.000000000000000000, 0.000000000000000000 ) ) ;
#2010 = PLANE ( 'NONE',  #3323 ) ;
#2011 = VECTOR ( 'NONE', #6629, 1000.000000000000227 ) ;
#2012 = LINE ( 'NONE', #5726, #5488 ) ;
#2013 = VERTEX_POINT ( 'NONE', #324 ) ;
#2014 = EDGE_CURVE ( 'NONE', #3987, #81, #4317, .T. ) ;
#2015 = DIRECTION ( 'NONE',  ( 0.000000000000000000, 0.000000000000000000, 1.000000000000000000 ) ) ;
#2016 = ADVANCED_FACE ( 'NONE', ( #1235 ), #223, .F. ) ;
#2017 = CIRCLE ( 'NONE', #2559, 2.099602749461808582 ) ;
#2018 = EDGE_CURVE ( 'NONE', #4917, #363, #6530, .T. ) ;
#2019 = DIRECTION ( 'NONE',  ( 1.000000000000000000, 0.000000000000000000, 0.000000000000000000 ) ) ;
#2020 = DIRECTION ( 'NONE',  ( 0.7071067811865524577, 0.7071067811865426878, 0.000000000000000000 ) ) ;
#2021 = ORIENTED_EDGE ( 'NONE', *, *, #224, .F. ) ;
#2022 = DIRECTION ( 'NONE',  ( -0.7071067811865493491, -0.7071067811865456854, 0.000000000000000000 ) ) ;
#2023 = DIRECTION ( 'NONE',  ( -1.000000000000000000, 2.478176394252580155E-16, 0.000000000000000000 ) ) ;
#2024 = CIRCLE ( 'NONE', #5939, 3.899999999999999911 ) ;
#2025 = DIRECTION ( 'NONE',  ( -0.000000000000000000, -0.000000000000000000, 1.000000000000000000 ) ) ;
#2026 = CARTESIAN_POINT ( 'NONE',  ( 4.087077195258224549, 0.3252691193458405183, -12.55000000000000071 ) ) ;
#2027 = ORIENTED_EDGE ( 'NONE', *, *, #3402, .F. ) ;
#2028 = ORIENTED_EDGE ( 'NONE', *, *, #4735, .F. ) ;
#2029 = VECTOR ( 'NONE', #3414, 1000.000000000000000 ) ;
#2030 = VERTEX_POINT ( 'NONE', #1870 ) ;
#2031 = CARTESIAN_POINT ( 'NONE',  ( -1.847520861406800163, -1.290785486396330031E-14, -9.149438779900650687 ) ) ;
#2032 = CARTESIAN_POINT ( 'NONE',  ( -18.36999999999999389, 3.600000000000001865, 7.849999999999999645 ) ) ;
#2033 = EDGE_CURVE ( 'NONE', #4010, #5302, #3934, .T. ) ;
#2034 = CARTESIAN_POINT ( 'NONE',  ( 0.000000000000000000, 0.000000000000000000, -14.45883333333333454 ) ) ;
#2035 = EDGE_LOOP ( 'NONE', ( #5884, #5189, #493, #1052, #2689, #1241, #2193 ) ) ;
#2036 = CARTESIAN_POINT ( 'NONE',  ( -4.299999999999999822, 20.24999999999999645, 7.110000000000000320 ) ) ;
#2037 = CARTESIAN_POINT ( 'NONE',  ( -2.146720301521298779E-14, -1.452830911130575942E-14, -12.34999999999999964 ) ) ;
#2038 = CARTESIAN_POINT ( 'NONE',  ( -1.899999999999999911, 1.850000000000000089, 3.308669056742545080E-16 ) ) ;
#2039 = ORIENTED_EDGE ( 'NONE', *, *, #2368, .F. ) ;
#2040 = EDGE_CURVE ( 'NONE', #3638, #1669, #4897, .T. ) ;
#2041 = DIRECTION ( 'NONE',  ( 0.000000000000000000, -0.7071067811865475727, -0.7071067811865475727 ) ) ;
#2042 = ORIENTED_EDGE ( 'NONE', *, *, #1996, .T. ) ;
#2043 = CARTESIAN_POINT ( 'NONE',  ( -9.799999999999998934, 5.599999999999999645, -5.750000000000000000 ) ) ;
#2044 =( BOUNDED_CURVE ( )  B_SPLINE_CURVE ( 3, ( #6537, #3877, #2204, #3759 ),
 .UNSPECIFIED., .F., .F. ) 
 B_SPLINE_CURVE_WITH_KNOTS ( ( 4, 4 ),
 ( 1.070141614390309970, 1.159279480727409828 ),
 .UNSPECIFIED. ) 
 CURVE ( )  GEOMETRIC_REPRESENTATION_ITEM ( )  RATIONAL_B_SPLINE_CURVE ( ( 1.000000000000000000, 0.9993379796621609801, 0.9993379796621609801, 1.000000000000000000 ) ) 
 REPRESENTATION_ITEM ( '' )  );
#2045 = CARTESIAN_POINT ( 'NONE',  ( -1.043875996939529704, 1.223907291538428366, -5.560474866184833331 ) ) ;
#2046 = CARTESIAN_POINT ( 'NONE',  ( -1.105356974374221979, -1.285465559880831998, -8.508258552768639404 ) ) ;
#2047 = EDGE_CURVE ( 'NONE', #3019, #6090, #787, .T. ) ;
#2048 = DIRECTION ( 'NONE',  ( 1.000000000000000000, -4.267939200957839972E-16, 0.000000000000000000 ) ) ;
#2049 = VERTEX_POINT ( 'NONE', #2319 ) ;
#2050 = ADVANCED_FACE ( 'NONE', ( #6469 ), #1666, .T. ) ;
#2051 = CARTESIAN_POINT ( 'NONE',  ( 3.120000000000000107, -1.292346314604050805, -12.34999999999999964 ) ) ;
#2052 = ORIENTED_EDGE ( 'NONE', *, *, #4540, .F. ) ;
#2053 = CARTESIAN_POINT ( 'NONE',  ( 0.7409328454599969360, -0.9166666666666639651, -10.41000000000000014 ) ) ;
#2054 = ADVANCED_FACE ( 'NONE', ( #3497 ), #1105, .T. ) ;
#2055 = EDGE_LOOP ( 'NONE', ( #6523, #495, #3597, #1707 ) ) ;
#2056 = LINE ( 'NONE', #3509, #4410 ) ;
#2057 = PLANE ( 'NONE',  #1145 ) ;
#2058 = DIRECTION ( 'NONE',  ( -1.032573497605242224E-16, 0.000000000000000000, -1.000000000000000000 ) ) ;
#2059 = DIRECTION ( 'NONE',  ( 1.000000000000000000, 0.000000000000000000, 0.000000000000000000 ) ) ;
#2060 = CIRCLE ( 'NONE', #6520, 4.099999999999999645 ) ;
#2061 = VERTEX_POINT ( 'NONE', #951 ) ;
#2062 = VERTEX_POINT ( 'NONE', #6597 ) ;
#2063 = ORIENTED_EDGE ( 'NONE', *, *, #2510, .T. ) ;
#2064 = DIRECTION ( 'NONE',  ( 0.7071067811865474617, 0.000000000000000000, -0.7071067811865474617 ) ) ;
#2065 = AXIS2_PLACEMENT_3D ( 'NONE', #6614, #284, #1349 ) ;
#2066 = CARTESIAN_POINT ( 'NONE',  ( 3.127943268305392266, 4.824776773101836724, -20.50000000000000000 ) ) ;
#2067 = EDGE_LOOP ( 'NONE', ( #1230, #5707, #6067, #6330, #6425, #6058, #4064, #3688, #5969 ) ) ;
#2068 = ORIENTED_EDGE ( 'NONE', *, *, #5928, .F. ) ;
#2069 = ADVANCED_FACE ( 'NONE', ( #4075 ), #4484, .F. ) ;
#2070 = CARTESIAN_POINT ( 'NONE',  ( -21.91999999999999815, -3.000000000000000000, 2.399999999999999911 ) ) ;
#2071 = DIRECTION ( 'NONE',  ( 0.4230784659879324727, 5.181216891602938712E-17, -0.9060930479908219093 ) ) ;
#2072 = VECTOR ( 'NONE', #5049, 1000.000000000000000 ) ;
#2073 = ORIENTED_EDGE ( 'NONE', *, *, #4437, .T. ) ;
#2074 = LINE ( 'NONE', #3090, #3496 ) ;
#2075 = VERTEX_POINT ( 'NONE', #986 ) ;
#2076 = DIRECTION ( 'NONE',  ( 0.000000000000000000, -1.000000000000000000, 0.000000000000000000 ) ) ;
#2077 = EDGE_CURVE ( 'NONE', #5333, #2705, #1430, .T. ) ;
#2078 = CARTESIAN_POINT ( 'NONE',  ( -0.8162149499016623233, 1.099999999999999201, -5.396468286525717417 ) ) ;
#2079 = CARTESIAN_POINT ( 'NONE',  ( -7.524999999999728573, 11.45104893545146219, -11.59237492506156997 ) ) ;
#2080 = CARTESIAN_POINT ( 'NONE',  ( 5.218038807299065773, -2.380608775925253440, -20.50000000000000000 ) ) ;
#2081 = ORIENTED_EDGE ( 'NONE', *, *, #6579, .F. ) ;
#2082 = AXIS2_PLACEMENT_3D ( 'NONE', #2388, #4451, #1875 ) ;
#2083 = PLANE ( 'NONE',  #1224 ) ;
#2084 = ORIENTED_EDGE ( 'NONE', *, *, #6151, .F. ) ;
#2085 = FACE_OUTER_BOUND ( 'NONE', #2511, .T. ) ;
#2086 = ORIENTED_EDGE ( 'NONE', *, *, #2926, .F. ) ;
#2087 = PLANE ( 'NONE',  #943 ) ;
#2088 = FACE_OUTER_BOUND ( 'NONE', #3730, .T. ) ;
#2089 = VECTOR ( 'NONE', #5548, 1000.000000000000000 ) ;
#2090 = CARTESIAN_POINT ( 'NONE',  ( 2.040000000000000036, 2.498279470260604872E-16, -11.41000000000000014 ) ) ;
#2091 = AXIS2_PLACEMENT_3D ( 'NONE', #4993, #1490, #2001 ) ;
#2092 = DIRECTION ( 'NONE',  ( -1.000000000000000000, 0.000000000000000000, 0.000000000000000000 ) ) ;
#2093 = ORIENTED_EDGE ( 'NONE', *, *, #2284, .F. ) ;
#2094 = EDGE_LOOP ( 'NONE', ( #3225, #2969, #5403, #682 ) ) ;
#2095 = AXIS2_PLACEMENT_3D ( 'NONE', #1719, #3248, #5359 ) ;
#2096 = VERTEX_POINT ( 'NONE', #6626 ) ;
#2097 = CARTESIAN_POINT ( 'NONE',  ( -0.6350852961085869941, 1.100000000000000089, -20.50000000000000000 ) ) ;
#2098 = DIRECTION ( 'NONE',  ( -0.000000000000000000, -0.000000000000000000, 1.000000000000000000 ) ) ;
#2099 = VECTOR ( 'NONE', #4319, 1000.000000000000000 ) ;
#2100 = EDGE_CURVE ( 'NONE', #3674, #5744, #5552, .T. ) ;
#2101 = AXIS2_PLACEMENT_3D ( 'NONE', #4733, #1575, #4188 ) ;
#2102 = ORIENTED_EDGE ( 'NONE', *, *, #5489, .T. ) ;
#2103 = VECTOR ( 'NONE', #3063, 1000.000000000000000 ) ;
#2104 = ORIENTED_EDGE ( 'NONE', *, *, #174, .F. ) ;
#2105 = EDGE_CURVE ( 'NONE', #1896, #4167, #5620, .T. ) ;
#2106 = FACE_OUTER_BOUND ( 'NONE', #6011, .T. ) ;
#2107 = ORIENTED_EDGE ( 'NONE', *, *, #4465, .F. ) ;
#2108 = PLANE ( 'NONE',  #6103 ) ;
#2109 = VERTEX_POINT ( 'NONE', #5586 ) ;
#2110 = DIRECTION ( 'NONE',  ( 0.8660254037844384856, -0.5000000000000003331, 0.000000000000000000 ) ) ;
#2111 = CARTESIAN_POINT ( 'NONE',  ( -25.37000000000000099, 5.500000000000000000, -1.000000000000000000 ) ) ;
#2112 = CARTESIAN_POINT ( 'NONE',  ( -23.61999999999999744, 3.600000000000002309, 4.899999999999999467 ) ) ;
#2113 = VERTEX_POINT ( 'NONE', #2451 ) ;
#2114 = ADVANCED_FACE ( 'NONE', ( #6194 ), #2552, .F. ) ;
#2115 = EDGE_CURVE ( 'NONE', #1008, #3451, #1972, .T. ) ;
#2116 = VERTEX_POINT ( 'NONE', #4002 ) ;
#2117 = CARTESIAN_POINT ( 'NONE',  ( -1.677050983124934946, -5.500000000000000000, -20.50000000000000000 ) ) ;
#2118 = DIRECTION ( 'NONE',  ( 0.000000000000000000, 0.8660254037844387076, -0.4999999999999998890 ) ) ;
#2119 = LINE ( 'NONE', #2762, #4713 ) ;
#2120 = AXIS2_PLACEMENT_3D ( 'NONE', #4627, #451, #5690 ) ;
#2121 = DIRECTION ( 'NONE',  ( 1.000000000000000000, 0.000000000000000000, -0.000000000000000000 ) ) ;
#2122 = CARTESIAN_POINT ( 'NONE',  ( -1.899999999999999911, -1.850000000000000089, -3.308669056742545080E-16 ) ) ;
#2123 = EDGE_CURVE ( 'NONE', #5883, #2871, #4624, .T. ) ;
#2124 = EDGE_CURVE ( 'NONE', #2109, #5819, #2514, .T. ) ;
#2125 = AXIS2_PLACEMENT_3D ( 'NONE', #2971, #2467, #4532 ) ;
#2126 = VERTEX_POINT ( 'NONE', #4590 ) ;
#2127 = EDGE_CURVE ( 'NONE', #15, #73, #1981, .T. ) ;
#2128 = VERTEX_POINT ( 'NONE', #853 ) ;
#2129 = CARTESIAN_POINT ( 'NONE',  ( -0.9526279441628809908, -0.5500000000000000444, -2.000000000000000000 ) ) ;
#2130 = ORIENTED_EDGE ( 'NONE', *, *, #4030, .F. ) ;
#2131 = VECTOR ( 'NONE', #2118, 1000.000000000000000 ) ;
#2132 = FACE_OUTER_BOUND ( 'NONE', #3008, .T. ) ;
#2133 = CARTESIAN_POINT ( 'NONE',  ( -4.799999999999999822, 2.100000000000000089, -8.262435565298209994 ) ) ;
#2134 = ADVANCED_FACE ( 'NONE', ( #6670 ), #2925, .T. ) ;
#2135 = VECTOR ( 'NONE', #3930, 999.9999999999998863 ) ;
#2136 = ORIENTED_EDGE ( 'NONE', *, *, #1042, .F. ) ;
#2137 = ORIENTED_EDGE ( 'NONE', *, *, #5330, .F. ) ;
#2138 = LINE ( 'NONE', #78, #6444 ) ;
#2139 = EDGE_CURVE ( 'NONE', #340, #1734, #4717, .T. ) ;
#2140 = DIRECTION ( 'NONE',  ( 0.000000000000000000, 1.000000000000000000, 0.000000000000000000 ) ) ;
#2141 = AXIS2_PLACEMENT_3D ( 'NONE', #5055, #4431, #6491 ) ;
#2142 = VERTEX_POINT ( 'NONE', #2145 ) ;
#2143 = CARTESIAN_POINT ( 'NONE',  ( 1.944715407423678100, 0.7116541080801662700, -11.40999999999999659 ) ) ;
#2144 = ORIENTED_EDGE ( 'NONE', *, *, #5291, .T. ) ;
#2145 = CARTESIAN_POINT ( 'NONE',  ( -0.6350852961085869941, 1.100000000000000089, -2.000000000000000000 ) ) ;
#2146 = DIRECTION ( 'NONE',  ( -6.828702721532539617E-16, -1.000000000000000000, 0.000000000000000000 ) ) ;
#2147 = DIRECTION ( 'NONE',  ( -1.000000000000000000, -5.217213461584417263E-15, -0.000000000000000000 ) ) ;
#2148 = ORIENTED_EDGE ( 'NONE', *, *, #1042, .T. ) ;
#2149 = CARTESIAN_POINT ( 'NONE',  ( -9.799999999999998934, 2.899999999999999911, -13.25000000000000000 ) ) ;
#2150 = CARTESIAN_POINT ( 'NONE',  ( -10.34999999999999964, 18.25000000000000000, -0.5000000000000000000 ) ) ;
#2151 = EDGE_LOOP ( 'NONE', ( #2301, #3423, #5378, #1502, #1184, #6392 ) ) ;
#2152 = CARTESIAN_POINT ( 'NONE',  ( 1.058475493514293708, -0.3666666666666690277, -10.41000000000000014 ) ) ;
#2153 = CARTESIAN_POINT ( 'NONE',  ( 0.7096584591675199061, 1.920943322875205084, -11.41000000000000014 ) ) ;
#2154 = FACE_OUTER_BOUND ( 'NONE', #739, .T. ) ;
#2155 = FILL_AREA_STYLE ('',( #5902 ) ) ;
#2156 = EDGE_CURVE ( 'NONE', #4135, #5323, #5018, .T. ) ;
#2157 = CARTESIAN_POINT ( 'NONE',  ( -4.799999999999999822, -3.000000000000000000, -16.50000000000000000 ) ) ;
#2158 = CARTESIAN_POINT ( 'NONE',  ( 1.212435565298211948, -2.100000000000000089, -2.000000000000000000 ) ) ;
#2159 = ORIENTED_EDGE ( 'NONE', *, *, #1664, .T. ) ;
#2160 = ORIENTED_EDGE ( 'NONE', *, *, #5193, .T. ) ;
#2161 = CARTESIAN_POINT ( 'NONE',  ( -2.096546874851387568E-14, 3.119999999999985452, -12.09999999999999964 ) ) ;
#2162 = VERTEX_POINT ( 'NONE', #149 ) ;
#2163 = CARTESIAN_POINT ( 'NONE',  ( -0.6350852961085869941, -1.100000000000000089, -2.000000000000000000 ) ) ;
#2164 = EDGE_CURVE ( 'NONE', #570, #2116, #3492, .T. ) ;
#2165 = DIRECTION ( 'NONE',  ( 0.000000000000000000, -0.7071067811865474617, -0.7071067811865474617 ) ) ;
#2166 = ADVANCED_FACE ( 'NONE', ( #6266 ), #615, .T. ) ;
#2167 = EDGE_LOOP ( 'NONE', ( #5706, #3249 ) ) ;
#2168 = ORIENTED_EDGE ( 'NONE', *, *, #5082, .T. ) ;
#2169 = VECTOR ( 'NONE', #4223, 1000.000000000000114 ) ;
#2170 = ORIENTED_EDGE ( 'NONE', *, *, #4030, .T. ) ;
#2171 = FACE_OUTER_BOUND ( 'NONE', #1448, .T. ) ;
#2172 = EDGE_CURVE ( 'NONE', #2399, #102, #2848, .T. ) ;
#2173 = CARTESIAN_POINT ( 'NONE',  ( -0.1822054508531819883, -2.040000000000000036, -11.41000000000000014 ) ) ;
#2174 = AXIS2_PLACEMENT_3D ( 'NONE', #809, #5431, #1927 ) ;
#2175 = ORIENTED_EDGE ( 'NONE', *, *, #868, .F. ) ;
#2176 = FACE_OUTER_BOUND ( 'NONE', #2797, .T. ) ;
#2177 = EDGE_CURVE ( 'NONE', #2248, #3147, #2684, .T. ) ;
#2178 = EDGE_LOOP ( 'NONE', ( #177, #4073, #1726, #2081 ) ) ;
#2179 = LINE ( 'NONE', #3670, #6006 ) ;
#2180 = CARTESIAN_POINT ( 'NONE',  ( -21.91999999999999815, -2.500000000000000000, 4.899999999999999467 ) ) ;
#2181 = LINE ( 'NONE', #4719, #5604 ) ;
#2182 = VERTEX_POINT ( 'NONE', #1056 ) ;
#2183 = ADVANCED_FACE ( 'NONE', ( #4788 ), #649, .T. ) ;
#2184 = VERTEX_POINT ( 'NONE', #1593 ) ;
#2185 = CARTESIAN_POINT ( 'NONE',  ( 0.8997041694871469319, -0.6416666666666649421, -10.41000000000000014 ) ) ;
#2186 = VERTEX_POINT ( 'NONE', #3163 ) ;
#2187 = FACE_OUTER_BOUND ( 'NONE', #5150, .T. ) ;
#2188 = PLANE ( 'NONE',  #5384 ) ;
#2189 = CIRCLE ( 'NONE', #2528, 2.049390153191925190 ) ;
#2190 = LINE ( 'NONE', #4250, #598 ) ;
#2191 = DIRECTION ( 'NONE',  ( 0.000000000000000000, 0.000000000000000000, -1.000000000000000000 ) ) ;
#2192 = ORIENTED_EDGE ( 'NONE', *, *, #5871, .T. ) ;
#2193 = ORIENTED_EDGE ( 'NONE', *, *, #2324, .F. ) ;
#2194 = DIRECTION ( 'NONE',  ( 0.4999999999999998890, -0.8660254037844387076, 0.000000000000000000 ) ) ;
#2195 = EDGE_LOOP ( 'NONE', ( #1287, #6002, #1792, #6583 ) ) ;
#2196 = AXIS2_PLACEMENT_3D ( 'NONE', #4820, #2140, #4199 ) ;
#2197 = CARTESIAN_POINT ( 'NONE',  ( -2.424871130596424784, 0.000000000000000000, -2.000000000000000000 ) ) ;
#2198 = CARTESIAN_POINT ( 'NONE',  ( -2.206173157302017351, 2.206173157302028898, -12.09999999999999964 ) ) ;
#2199 = VECTOR ( 'NONE', #1162, 1000.000000000000000 ) ;
#2200 = DIRECTION ( 'NONE',  ( 1.000000000000000000, 0.000000000000000000, -0.000000000000000000 ) ) ;
#2201 = AXIS2_PLACEMENT_3D ( 'NONE', #5937, #2798, #3344 ) ;
#2202 = EDGE_CURVE ( 'NONE', #267, #657, #1626, .T. ) ;
#2203 = ORIENTED_EDGE ( 'NONE', *, *, #4661, .T. ) ;
#2204 = CARTESIAN_POINT ( 'NONE',  ( -5.653913460804453450, -2.670256796566929935, -2.329743203433064735 ) ) ;
#2205 = VECTOR ( 'NONE', #6092, 1000.000000000000000 ) ;
#2206 = ORIENTED_EDGE ( 'NONE', *, *, #839, .T. ) ;
#2207 = FACE_OUTER_BOUND ( 'NONE', #4875, .T. ) ;
#2208 = CIRCLE ( 'NONE', #6009, 3.120000000000000107 ) ;
#2209 = VECTOR ( 'NONE', #3607, 1000.000000000000000 ) ;
#2210 = AXIS2_PLACEMENT_3D ( 'NONE', #4891, #2312, #5957 ) ;
#2211 = VERTEX_POINT ( 'NONE', #5169 ) ;
#2212 = B_SPLINE_CURVE_WITH_KNOTS ( 'NONE', 3,
 ( #1541, #5183, #3618, #1444, #5701, #5147, #3649, #2532, #3546, #2564 ),
 .UNSPECIFIED., .F., .F.,
 ( 4, 2, 2, 2, 4 ),
 ( 0.000000000000000000, 0.2500000000000000000, 0.5000000000000000000, 0.7500000000000000000, 1.000000000000000000 ),
 .UNSPECIFIED. ) ;
#2213 = EDGE_CURVE ( 'NONE', #2186, #3502, #5895, .T. ) ;
#2214 = ORIENTED_EDGE ( 'NONE', *, *, #1630, .T. ) ;
#2215 = ADVANCED_FACE ( 'NONE', ( #2614 ), #581, .T. ) ;
#2216 = CARTESIAN_POINT ( 'NONE',  ( -1.868209752582965066, -0.01835410790382935309, -7.049999999999999822 ) ) ;
#2217 = CARTESIAN_POINT ( 'NONE',  ( -0.6880090707843029563, 1.008333333333331971, -10.41000000000000014 ) ) ;
#2218 = DIRECTION ( 'NONE',  ( 0.8660254037844387076, 0.4999999999999998890, 0.000000000000000000 ) ) ;
#2219 = ORIENTED_EDGE ( 'NONE', *, *, #5299, .F. ) ;
#2220 = DIRECTION ( 'NONE',  ( -1.000000000000000000, 0.000000000000000000, 0.000000000000000000 ) ) ;
#2221 = CARTESIAN_POINT ( 'NONE',  ( -1.270170592217179983, 9.768630610662369648E-15, -10.41000000000000014 ) ) ;
#2222 = VERTEX_POINT ( 'NONE', #1121 ) ;
#2223 = CARTESIAN_POINT ( 'NONE',  ( -1.824392579557660099, 14.25000000000000000, 8.652038990695078979 ) ) ;
#2224 = DIRECTION ( 'NONE',  ( -0.3159220186098287142, 0.000000000000000000, 0.9487851591153241282 ) ) ;
#2225 = ADVANCED_FACE ( 'NONE', ( #3092, #2650 ), #3201, .T. ) ;
#2226 = DIRECTION ( 'NONE',  ( 0.6708924198996026877, 0.7071067811865499042, -0.2233906016851471832 ) ) ;
#2227 = DIRECTION ( 'NONE',  ( -1.000000000000000000, 0.000000000000000000, 0.000000000000000000 ) ) ;
#2228 = EDGE_CURVE ( 'NONE', #6056, #4235, #2179, .T. ) ;
#2229 = CARTESIAN_POINT ( 'NONE',  ( -2.146720301521298779E-14, -1.452830911130575942E-14, -12.09999999999999964 ) ) ;
#2230 = EDGE_CURVE ( 'NONE', #4309, #3204, #5271, .T. ) ;
#2231 = EDGE_LOOP ( 'NONE', ( #2501, #806, #763, #4652 ) ) ;
#2232 = LINE ( 'NONE', #4739, #4909 ) ;
#2233 = ORIENTED_EDGE ( 'NONE', *, *, #1204, .T. ) ;
#2234 = CARTESIAN_POINT ( 'NONE',  ( -0.8997041694871799056, -0.6416666666666539509, -10.41000000000000014 ) ) ;
#2235 = CARTESIAN_POINT ( 'NONE',  ( 0.8727756813566600602, 1.851691823720250207, -11.41000000000000014 ) ) ;
#2236 = DIRECTION ( 'NONE',  ( 0.000000000000000000, 0.000000000000000000, 1.000000000000000000 ) ) ;
#2237 = CIRCLE ( 'NONE', #3852, 2.599602749461810358 ) ;
#2238 = ORIENTED_EDGE ( 'NONE', *, *, #5239, .F. ) ;
#2239 = ORIENTED_EDGE ( 'NONE', *, *, #1223, .F. ) ;
#2240 = CARTESIAN_POINT ( 'NONE',  ( -0.6350852961085869941, -1.100000000000000089, -9.110446325209599294 ) ) ;
#2241 = AXIS2_PLACEMENT_3D ( 'NONE', #821, #790, #2353 ) ;
#2242 = ORIENTED_EDGE ( 'NONE', *, *, #908, .F. ) ;
#2243 = PLANE ( 'NONE',  #4923 ) ;
#2244 = CARTESIAN_POINT ( 'NONE',  ( 1.857794549146845053, 0.8622054508531470374, -11.41000000000000014 ) ) ;
#2245 = DIRECTION ( 'NONE',  ( 0.000000000000000000, 1.000000000000000000, 0.000000000000000000 ) ) ;
#2246 = VECTOR ( 'NONE', #1819, 1000.000000000000000 ) ;
#2247 = ORIENTED_EDGE ( 'NONE', *, *, #5945, .F. ) ;
#2248 = VERTEX_POINT ( 'NONE', #3639 ) ;
#2249 = LINE ( 'NONE', #1222, #6112 ) ;
#2250 = AXIS2_PLACEMENT_3D ( 'NONE', #1251, #2741, #6361 ) ;
#2251 = CARTESIAN_POINT ( 'NONE',  ( 1.212435565298211948, 2.100000000000000089, 3.000000000000000000 ) ) ;
#2252 = B_SPLINE_CURVE_WITH_KNOTS ( 'NONE', 3,
 ( #2566, #5083, #1480, #5702 ),
 .UNSPECIFIED., .F., .F.,
 ( 4, 4 ),
 ( 0.0008325700658838730431, 0.0008426015637673400002 ),
 .UNSPECIFIED. ) ;
#2253 = CARTESIAN_POINT ( 'NONE',  ( -1.111498809414284139, -1.292307692307689937, -8.505406026113428553 ) ) ;
#2254 = EDGE_CURVE ( 'NONE', #5323, #2399, #4797, .T. ) ;
#2255 = EDGE_LOOP ( 'NONE', ( #6211, #3040, #6371, #3578 ) ) ;
#2256 = LINE ( 'NONE', #1231, #6326 ) ;
#2257 = LINE ( 'NONE', #6123, #2423 ) ;
#2258 = CARTESIAN_POINT ( 'NONE',  ( -1.427627944162882079, -0.2727241335952175216, -7.049999999999999822 ) ) ;
#2259 = EDGE_CURVE ( 'NONE', #4951, #6365, #2376, .T. ) ;
#2260 = CARTESIAN_POINT ( 'NONE',  ( -2.146720301521298779E-14, -1.452830911130575942E-14, -12.09999999999999964 ) ) ;
#2261 = LINE ( 'NONE', #1747, #4674 ) ;
#2262 = CARTESIAN_POINT ( 'NONE',  ( -1.523586502165146461, -3.017539446600270373E-05, -9.227319169122569775 ) ) ;
#2263 = VERTEX_POINT ( 'NONE', #3330 ) ;
#2264 = ADVANCED_FACE ( 'NONE', ( #2850 ), #286, .F. ) ;
#2265 = CARTESIAN_POINT ( 'NONE',  ( -0.9526279441628809908, -0.5500000000000000444, -20.50000000000000000 ) ) ;
#2266 = ORIENTED_EDGE ( 'NONE', *, *, #1701, .F. ) ;
#2267 = CARTESIAN_POINT ( 'NONE',  ( -1.675589098293679857, -1.177794549146830017, -11.41000000000000014 ) ) ;
#2268 = FACE_OUTER_BOUND ( 'NONE', #1614, .T. ) ;
#2269 = CARTESIAN_POINT ( 'NONE',  ( -24.87000000000000099, 5.500000000000000000, -20.50000000000000000 ) ) ;
#2270 = ORIENTED_EDGE ( 'NONE', *, *, #5246, .F. ) ;
#2271 = ORIENTED_EDGE ( 'NONE', *, *, #5421, .T. ) ;
#2272 = ORIENTED_EDGE ( 'NONE', *, *, #3869, .T. ) ;
#2273 = PLANE ( 'NONE',  #797 ) ;
#2274 = CARTESIAN_POINT ( 'NONE',  ( 5.572095439333752509, -2.837033873050110788, -0.8370338730501115654 ) ) ;
#2275 = EDGE_LOOP ( 'NONE', ( #813, #4906, #3880, #2294 ) ) ;
#2276 = EDGE_CURVE ( 'NONE', #1743, #421, #3830, .T. ) ;
#2277 = FACE_BOUND ( 'NONE', #553, .T. ) ;
#2278 = LINE ( 'NONE', #2816, #4694 ) ;
#2279 = CARTESIAN_POINT ( 'NONE',  ( 5.921359641163508769, -2.000000000000000000, -0.5000000000000004441 ) ) ;
#2280 = LINE ( 'NONE', #6499, #4185 ) ;
#2281 = AXIS2_PLACEMENT_3D ( 'NONE', #4466, #810, #2913 ) ;
#2282 = VERTEX_POINT ( 'NONE', #3265 ) ;
#2283 = CARTESIAN_POINT ( 'NONE',  ( -5.572095439333748068, -2.837033873050117005, -16.83703387305013877 ) ) ;
#2284 = EDGE_CURVE ( 'NONE', #4224, #5076, #3925, .T. ) ;
#2285 = DIRECTION ( 'NONE',  ( -1.000000000000000000, 0.000000000000000000, 0.000000000000000000 ) ) ;
#2286 = CARTESIAN_POINT ( 'NONE',  ( -0.8727756813566309724, 1.851691823720260199, -11.41000000000000014 ) ) ;
#2287 = FACE_BOUND ( 'NONE', #3723, .T. ) ;
#2288 = COLOUR_RGB ( '',0.7921568627450980005, 0.8196078431372548767, 0.9333333333333333481 ) ;
#2289 = CARTESIAN_POINT ( 'NONE',  ( -0.8179380728258643929, 1.099999999999999201, -8.701829301353564361 ) ) ;
#2290 = CARTESIAN_POINT ( 'NONE',  ( -4.299999999999999822, 18.25000000000000000, 7.110000000000000320 ) ) ;
#2291 = ORIENTED_EDGE ( 'NONE', *, *, #4778, .T. ) ;
#2292 = ORIENTED_EDGE ( 'NONE', *, *, #5574, .T. ) ;
#2293 = CARTESIAN_POINT ( 'NONE',  ( -6.456919569228055877, 13.96512815622725512, -9.320872763189838039 ) ) ;
#2294 = ORIENTED_EDGE ( 'NONE', *, *, #2372, .F. ) ;
#2295 = FACE_OUTER_BOUND ( 'NONE', #6357, .T. ) ;
#2296 = CARTESIAN_POINT ( 'NONE',  ( 1.297304392135717244, 6.918085472729621266, -19.21145898564265764 ) ) ;
#2297 = DIRECTION ( 'NONE',  ( 0.000000000000000000, -1.000000000000000000, 0.000000000000000000 ) ) ;
#2298 = LINE ( 'NONE', #1821, #4356 ) ;
#2299 = ORIENTED_EDGE ( 'NONE', *, *, #463, .T. ) ;
#2300 = VERTEX_POINT ( 'NONE', #1191 ) ;
#2301 = ORIENTED_EDGE ( 'NONE', *, *, #6321, .T. ) ;
#2302 = VECTOR ( 'NONE', #1463, 1000.000000000000114 ) ;
#2303 = CARTESIAN_POINT ( 'NONE',  ( -19.98666666666665392, 4.616666666666699115, 4.233333333333293425 ) ) ;
#2304 = PLANE ( 'NONE',  #1518 ) ;
#2305 = EDGE_CURVE ( 'NONE', #5874, #5767, #2249, .T. ) ;
#2306 = CIRCLE ( 'NONE', #5228, 5.750000000000000000 ) ;
#2307 = VECTOR ( 'NONE', #2886, 1000.000000000000114 ) ;
#2308 = ORIENTED_EDGE ( 'NONE', *, *, #374, .T. ) ;
#2309 = DIRECTION ( 'NONE',  ( -1.000000000000000000, 8.881784197001252323E-16, 0.000000000000000000 ) ) ;
#2310 = AXIS2_PLACEMENT_3D ( 'NONE', #362, #4392, #3905 ) ;
#2311 = VECTOR ( 'NONE', #5214, 999.9999999999998863 ) ;
#2312 = DIRECTION ( 'NONE',  ( -0.000000000000000000, -0.000000000000000000, 1.000000000000000000 ) ) ;
#2313 = CARTESIAN_POINT ( 'NONE',  ( -2.507925585240035282, 2.457925585240040345, -8.469083998286409454 ) ) ;
#2314 = CIRCLE ( 'NONE', #794, 4.320000000000000284 ) ;
#2315 = VERTEX_POINT ( 'NONE', #3863 ) ;
#2316 = CARTESIAN_POINT ( 'NONE',  ( 1.270170592217156003, -1.214306433183764019E-14, -10.41000000000000014 ) ) ;
#2317 = CIRCLE ( 'NONE', #3069, 3.449999999999999734 ) ;
#2318 = AXIS2_PLACEMENT_3D ( 'NONE', #924, #3467, #5557 ) ;
#2319 = CARTESIAN_POINT ( 'NONE',  ( 5.014374768086049983, -2.813991059900544656, -20.50000000000000000 ) ) ;
#2320 = PLANE ( 'NONE',  #2241 ) ;
#2321 = PLANE ( 'NONE',  #6144 ) ;
#2322 = CARTESIAN_POINT ( 'NONE',  ( 6.067330549755800106, -2.000000000000000000, -0.5000000000000000000 ) ) ;
#2323 = ADVANCED_FACE ( 'NONE', ( #4409 ), #789, .T. ) ;
#2324 = EDGE_CURVE ( 'NONE', #369, #1570, #2523, .T. ) ;
#2325 = CARTESIAN_POINT ( 'NONE',  ( 1.675589098293660095, -1.177794549146851999, -11.41000000000000014 ) ) ;
#2326 = ORIENTED_EDGE ( 'NONE', *, *, #3860, .T. ) ;
#2327 = DIRECTION ( 'NONE',  ( 0.000000000000000000, -1.000000000000000000, 0.000000000000000000 ) ) ;
#2328 = VERTEX_POINT ( 'NONE', #5921 ) ;
#2329 = CARTESIAN_POINT ( 'NONE',  ( -21.91999999999999815, -3.000000000000000000, 4.899999999999999467 ) ) ;
#2330 = CARTESIAN_POINT ( 'NONE',  ( 1.510312206074825747, 6.159565120625800638, -19.91277853050648972 ) ) ;
#2331 = CARTESIAN_POINT ( 'NONE',  ( -25.37000000000000099, -2.500000000000000000, 4.899999999999999467 ) ) ;
#2332 = ADVANCED_FACE ( 'NONE', ( #2277, #3390 ), #4960, .F. ) ;
#2333 = EDGE_CURVE ( 'NONE', #3472, #747, #5998, .T. ) ;
#2334 = ORIENTED_EDGE ( 'NONE', *, *, #6097, .F. ) ;
#2335 = EDGE_LOOP ( 'NONE', ( #2527, #6228, #4124, #5925 ) ) ;
#2336 = ORIENTED_EDGE ( 'NONE', *, *, #6031, .T. ) ;
#2337 = DIRECTION ( 'NONE',  ( 1.000000000000000000, -2.478176394252580155E-16, 0.000000000000000000 ) ) ;
#2338 = EDGE_CURVE ( 'NONE', #5768, #5153, #3179, .T. ) ;
#2339 = VECTOR ( 'NONE', #3510, 1000.000000000000000 ) ;
#2340 = CARTESIAN_POINT ( 'NONE',  ( 0.6350852961085809989, 1.099999999999985878, -10.41000000000000014 ) ) ;
#2341 = DIRECTION ( 'NONE',  ( 0.6123724356957993553, 0.3707243206472551900, -0.6982574583064797835 ) ) ;
#2342 = VECTOR ( 'NONE', #3309, 1000.000000000000000 ) ;
#2343 = ORIENTED_EDGE ( 'NONE', *, *, #6197, .F. ) ;
#2344 = DIRECTION ( 'NONE',  ( -0.4230784659879324727, 0.000000000000000000, -0.9060930479908219093 ) ) ;
#2345 = EDGE_CURVE ( 'NONE', #3204, #3614, #5474, .T. ) ;
#2346 = DIRECTION ( 'NONE',  ( 0.000000000000000000, 0.5802747891877946262, 0.8144207567547995241 ) ) ;
#2347 = LINE ( 'NONE', #4996, #2639 ) ;
#2349 = CARTESIAN_POINT ( 'NONE',  ( -2.149999999999999911, 1.734723475976809855E-15, -9.474871130596428159 ) ) ;
#2348 = AXIS2_PLACEMENT_3D ( 'NONE', #6190, #3050, #1968 ) ;
#2350 = ORIENTED_EDGE ( 'NONE', *, *, #4633, .T. ) ;
#2351 = CARTESIAN_POINT ( 'NONE',  ( -24.87000000000000099, 3.600000000000001865, 4.899999999999999467 ) ) ;
#2352 = AXIS2_PLACEMENT_3D ( 'NONE', #4501, #808, #3887 ) ;
#2353 = DIRECTION ( 'NONE',  ( 0.000000000000000000, -0.5802747891877946262, -0.8144207567547996351 ) ) ;
#2354 = CARTESIAN_POINT ( 'NONE',  ( -1.847520861406785064, 2.129189492603024805E-14, -4.950561220099349846 ) ) ;
#2355 = VECTOR ( 'NONE', #3070, 1000.000000000000000 ) ;
#2356 = DIRECTION ( 'NONE',  ( -1.000000000000000000, 0.000000000000000000, 0.000000000000000000 ) ) ;
#2357 = LINE ( 'NONE', #2290, #3071 ) ;
#2358 = DIRECTION ( 'NONE',  ( 0.000000000000000000, 0.000000000000000000, -1.000000000000000000 ) ) ;
#2359 = ADVANCED_FACE ( 'NONE', ( #185 ), #1255, .T. ) ;
#2360 = ORIENTED_EDGE ( 'NONE', *, *, #2047, .T. ) ;
#2361 = LINE ( 'NONE', #5393, #6437 ) ;
#2362 = ORIENTED_EDGE ( 'NONE', *, *, #1417, .T. ) ;
#2363 = FACE_OUTER_BOUND ( 'NONE', #255, .T. ) ;
#2364 = DIRECTION ( 'NONE',  ( 0.000000000000000000, 1.000000000000000000, 0.000000000000000000 ) ) ;
#2365 = EDGE_CURVE ( 'NONE', #1942, #1858, #1699, .T. ) ;
#2366 = VERTEX_POINT ( 'NONE', #2813 ) ;
#2367 = VERTEX_POINT ( 'NONE', #5434 ) ;
#2368 = EDGE_CURVE ( 'NONE', #1165, #3026, #778, .T. ) ;
#2369 = VERTEX_POINT ( 'NONE', #6496 ) ;
#2370 = CARTESIAN_POINT ( 'NONE',  ( -4.320000000000000284, 5.290474172316569918E-16, -15.92999999999999972 ) ) ;
#2371 = DIRECTION ( 'NONE',  ( -0.000000000000000000, -0.000000000000000000, 1.000000000000000000 ) ) ;
#2372 = EDGE_CURVE ( 'NONE', #4852, #5856, #1831, .T. ) ;
#2373 = DIRECTION ( 'NONE',  ( -1.000000000000000000, 0.000000000000000000, 0.000000000000000000 ) ) ;
#2374 = DIRECTION ( 'NONE',  ( 0.000000000000000000, 0.000000000000000000, -1.000000000000000000 ) ) ;
#2375 = ORIENTED_EDGE ( 'NONE', *, *, #5780, .T. ) ;
#2376 = LINE ( 'NONE', #4341, #2307 ) ;
#2377 = ADVANCED_FACE ( 'NONE', ( #6052 ), #1352, .F. ) ;
#2378 = CARTESIAN_POINT ( 'NONE',  ( -2.146720301521298779E-14, -1.452830911130575942E-14, -20.50000000000000000 ) ) ;
#2379 = FACE_OUTER_BOUND ( 'NONE', #4255, .T. ) ;
#2380 = DIRECTION ( 'NONE',  ( -0.5773502691896219563, 0.5773502691896256200, 0.5773502691896298389 ) ) ;
#2381 = VERTEX_POINT ( 'NONE', #5124 ) ;
#2382 = EDGE_CURVE ( 'NONE', #1082, #2075, #6082, .T. ) ;
#2383 = LINE ( 'NONE', #852, #2089 ) ;
#2384 = CARTESIAN_POINT ( 'NONE',  ( -1.899999999999999911, 0.000000000000000000, -7.049999999999999822 ) ) ;
#2385 = AXIS2_PLACEMENT_3D ( 'NONE', #3990, #2341, #2979 ) ;
#2386 = LINE ( 'NONE', #2421, #1040 ) ;
#2387 = DIRECTION ( 'NONE',  ( -9.045978859488924656E-17, -0.7071067811865476838, 0.7071067811865474617 ) ) ;
#2388 = CARTESIAN_POINT ( 'NONE',  ( -2.146720301521298779E-14, -1.452830911130575942E-14, -12.34999999999999964 ) ) ;
#2389 = EDGE_CURVE ( 'NONE', #6056, #4568, #2506, .T. ) ;
#2390 = CARTESIAN_POINT ( 'NONE',  ( -5.593080430771872891, 9.220525079992274442, -15.97996480001086539 ) ) ;
#2391 = CARTESIAN_POINT ( 'NONE',  ( -8.680995911905853291, 17.20782925763267102, -1.000000000000000000 ) ) ;
#2392 = EDGE_LOOP ( 'NONE', ( #4340, #1075, #2233 ) ) ;
#2393 = DIRECTION ( 'NONE',  ( 0.000000000000000000, 1.000000000000000000, 0.000000000000000000 ) ) ;
#2394 = ORIENTED_EDGE ( 'NONE', *, *, #1417, .F. ) ;
#2395 = LINE ( 'NONE', #4910, #3331 ) ;
#2396 = DIRECTION ( 'NONE',  ( 0.000000000000000000, 0.000000000000000000, 1.000000000000000000 ) ) ;
#2397 = DIRECTION ( 'NONE',  ( 0.6123724356958099024, 0.3707243206472669583, -0.6982574583064642404 ) ) ;
#2398 = B_SPLINE_CURVE_WITH_KNOTS ( 'NONE', 3,
 ( #2240, #1336, #4303, #6478, #361, #3403, #3438, #2933, #1401 ),
 .UNSPECIFIED., .F., .F.,
 ( 4, 1, 2, 2, 4 ),
 ( 0.000000000000000000, 0.2499999999999840128, 0.3749999999999826805, 0.4999999999999813483, 1.000000000000000000 ),
 .UNSPECIFIED. ) ;
#2399 = VERTEX_POINT ( 'NONE', #4580 ) ;
#2400 = ORIENTED_EDGE ( 'NONE', *, *, #3747, .F. ) ;
#2401 = ORIENTED_EDGE ( 'NONE', *, *, #6201, .T. ) ;
#2402 = FACE_OUTER_BOUND ( 'NONE', #484, .T. ) ;
#2403 = LINE ( 'NONE', #1796, #3893 ) ;
#2404 = LINE ( 'NONE', #5505, #3788 ) ;
#2405 = ADVANCED_FACE ( 'NONE', ( #2478 ), #4029, .F. ) ;
#2406 = ADVANCED_FACE ( 'NONE', ( #6659 ), #348, .F. ) ;
#2407 = CARTESIAN_POINT ( 'NONE',  ( -4.799999999999999822, 2.100000000000000089, -8.262435565298209994 ) ) ;
#2408 = EDGE_LOOP ( 'NONE', ( #6686, #3897, #3554, #3800 ) ) ;
#2409 = DIRECTION ( 'NONE',  ( 0.000000000000000000, 0.000000000000000000, -1.000000000000000000 ) ) ;
#2410 = FACE_OUTER_BOUND ( 'NONE', #6528, .T. ) ;
#2411 = DIRECTION ( 'NONE',  ( 0.000000000000000000, 0.000000000000000000, -1.000000000000000000 ) ) ;
#2412 = LINE ( 'NONE', #878, #5573 ) ;
#2413 = AXIS2_PLACEMENT_3D ( 'NONE', #3362, #4347, #6403 ) ;
#2414 = DIRECTION ( 'NONE',  ( 0.7071067811865510144, 0.7071067811865441310, 1.264639095526889459E-16 ) ) ;
#2415 = AXIS2_PLACEMENT_3D ( 'NONE', #1859, #3424, #6589 ) ;
#2416 = EDGE_CURVE ( 'NONE', #2935, #141, #1384, .T. ) ;
#2417 = ORIENTED_EDGE ( 'NONE', *, *, #4581, .T. ) ;
#2418 = CARTESIAN_POINT ( 'NONE',  ( -1.899999999999999911, 2.100000000000000089, -5.837564434701790539 ) ) ;
#2419 = AXIS2_PLACEMENT_3D ( 'NONE', #3684, #5770, #1140 ) ;
#2420 = CARTESIAN_POINT ( 'NONE',  ( 0.000000000000000000, 0.000000000000000000, -20.50000000000000000 ) ) ;
#2421 = CARTESIAN_POINT ( 'NONE',  ( -1.212435565298211948, 2.100000000000000089, -2.000000000000000000 ) ) ;
#2422 = CARTESIAN_POINT ( 'NONE',  ( -1.899999999999999911, 0.000000000000000000, -7.049999999999999822 ) ) ;
#2423 = VECTOR ( 'NONE', #5028, 1000.000000000000000 ) ;
#2424 = EDGE_CURVE ( 'NONE', #5768, #4135, #2629, .T. ) ;
#2425 = CARTESIAN_POINT ( 'NONE',  ( -1.899999999999999911, 1.600000000000000089, -7.049999999999999822 ) ) ;
#2426 = VECTOR ( 'NONE', #301, 1000.000000000000000 ) ;
#2427 = AXIS2_PLACEMENT_3D ( 'NONE', #5971, #5163, #2828 ) ;
#2428 = DIRECTION ( 'NONE',  ( -0.2863443236649901857, -0.6774979440208057646, 0.6774979440208069859 ) ) ;
#2429 = DIRECTION ( 'NONE',  ( 0.000000000000000000, 0.000000000000000000, -1.000000000000000000 ) ) ;
#2430 = DIRECTION ( 'NONE',  ( -0.5773502691896227335, 0.5773502691896317263, -0.5773502691896227335 ) ) ;
#2431 = EDGE_CURVE ( 'NONE', #958, #1344, #5406, .T. ) ;
#2432 = ORIENTED_EDGE ( 'NONE', *, *, #3029, .T. ) ;
#2433 = DIRECTION ( 'NONE',  ( 4.614399006589380934E-17, 0.7071067811865475727, -0.7071067811865475727 ) ) ;
#2434 = EDGE_CURVE ( 'NONE', #667, #4057, #4648, .T. ) ;
#2435 = DIRECTION ( 'NONE',  ( -0.6546536707079718687, 1.091024637105415996E-15, -0.7559289460184590581 ) ) ;
#2436 = CARTESIAN_POINT ( 'NONE',  ( -1.899999999999999911, -1.850000000000000089, -6.056269654282400161 ) ) ;
#2437 = VERTEX_POINT ( 'NONE', #4470 ) ;
#2438 = VERTEX_POINT ( 'NONE', #4438 ) ;
#2439 = ORIENTED_EDGE ( 'NONE', *, *, #1113, .F. ) ;
#2440 = CARTESIAN_POINT ( 'NONE',  ( -9.799999999999998934, 8.828427124746188071, -4.750000000000000000 ) ) ;
#2441 = DIRECTION ( 'NONE',  ( 0.8660254037844384856, -0.5000000000000003331, 0.000000000000000000 ) ) ;
#2442 = CARTESIAN_POINT ( 'NONE',  ( 0.6350852961085809989, 1.099999999999985878, -10.41000000000000014 ) ) ;
#2443 = EDGE_LOOP ( 'NONE', ( #5775, #2806, #5198, #5229 ) ) ;
#2444 = CARTESIAN_POINT ( 'NONE',  ( -1.899999999999999911, 0.000000000000000000, -7.049999999999999822 ) ) ;
#2445 = CARTESIAN_POINT ( 'NONE',  ( -5.482928049865329889, -3.000000000000000000, -20.00000000000000000 ) ) ;
#2446 = PLANE ( 'NONE',  #1584 ) ;
#2447 = ORIENTED_EDGE ( 'NONE', *, *, #2550, .F. ) ;
#2448 = CARTESIAN_POINT ( 'NONE',  ( -5.383709327303479952, -2.832612579382725038, -0.8326125793827250376 ) ) ;
#2449 = AXIS2_PLACEMENT_3D ( 'NONE', #1201, #2226, #3677 ) ;
#2450 = VERTEX_POINT ( 'NONE', #5542 ) ;
#2451 = CARTESIAN_POINT ( 'NONE',  ( 1.292346314604051694, -3.119999999999989893, -12.34999999999999964 ) ) ;
#2452 = CIRCLE ( 'NONE', #6262, 5.750000000000000000 ) ;
#2453 = EDGE_CURVE ( 'NONE', #5883, #130, #876, .T. ) ;
#2454 = CARTESIAN_POINT ( 'NONE',  ( -1.726185302921884990, -5.833297120452329843, -20.16670287954765328 ) ) ;
#2455 = DIRECTION ( 'NONE',  ( 0.000000000000000000, -0.8660254037844387076, 0.4999999999999998890 ) ) ;
#2456 = CARTESIAN_POINT ( 'NONE',  ( 0.000000000000000000, 0.000000000000000000, -12.09999999999999964 ) ) ;
#2457 = VERTEX_POINT ( 'NONE', #3923 ) ;
#2458 = VECTOR ( 'NONE', #1050, 1000.000000000000000 ) ;
#2459 = PLANE ( 'NONE',  #4243 ) ;
#2460 = CARTESIAN_POINT ( 'NONE',  ( -1.946132486540587347, 11.56381287865036889, -12.69113981943809932 ) ) ;
#2461 = CARTESIAN_POINT ( 'NONE',  ( -1.111498809414284139, 1.292307692307689937, -5.594593973886569316 ) ) ;
#2462 = CARTESIAN_POINT ( 'NONE',  ( 4.099999999999988098, -1.402620392365534310E-14, -12.34999999999999964 ) ) ;
#2463 = ORIENTED_EDGE ( 'NONE', *, *, #691, .F. ) ;
#2464 = ADVANCED_FACE ( 'NONE', ( #2982 ), #6558, .T. ) ;
#2465 = VECTOR ( 'NONE', #6448, 1000.000000000000114 ) ;
#2466 = FACE_OUTER_BOUND ( 'NONE', #4752, .T. ) ;
#2467 = DIRECTION ( 'NONE',  ( 0.000000000000000000, -1.000000000000000000, 0.000000000000000000 ) ) ;
#2468 = DIRECTION ( 'NONE',  ( -1.000000000000000000, 0.000000000000000000, 0.000000000000000000 ) ) ;
#2469 = CARTESIAN_POINT ( 'NONE',  ( 1.389879134207897105, 6.960120865792099210, -19.15246194274799407 ) ) ;
#2470 = EDGE_CURVE ( 'NONE', #3204, #3147, #378, .T. ) ;
#2471 = ORIENTED_EDGE ( 'NONE', *, *, #3285, .T. ) ;
#2472 = ORIENTED_EDGE ( 'NONE', *, *, #6638, .T. ) ;
#2473 = EDGE_LOOP ( 'NONE', ( #1549, #595, #4507, #3825 ) ) ;
#2474 = DIRECTION ( 'NONE',  ( 0.000000000000000000, 0.000000000000000000, 1.000000000000000000 ) ) ;
#2475 = LINE ( 'NONE', #4539, #6080 ) ;
#2476 = CARTESIAN_POINT ( 'NONE',  ( -1.899999999999999911, 1.850000000000000089, -8.043730345717598595 ) ) ;
#2477 = ORIENTED_EDGE ( 'NONE', *, *, #6049, .T. ) ;
#2478 = FACE_OUTER_BOUND ( 'NONE', #6517, .T. ) ;
#2479 = CARTESIAN_POINT ( 'NONE',  ( 5.750000000000000000, 0.000000000000000000, -20.50000000000000000 ) ) ;
#2480 = CARTESIAN_POINT ( 'NONE',  ( 7.164049753296549706E-16, 5.599999999999999645, -20.50000000000000000 ) ) ;
#2481 = ORIENTED_EDGE ( 'NONE', *, *, #859, .F. ) ;
#2482 = CARTESIAN_POINT ( 'NONE',  ( 5.524589645908950075, -2.922568946032860993, -20.00000000000000000 ) ) ;
#2483 = EDGE_CURVE ( 'NONE', #3123, #3259, #3287, .T. ) ;
#2484 = VERTEX_POINT ( 'NONE', #5061 ) ;
#2485 = CARTESIAN_POINT ( 'NONE',  ( 1.212435565298211948, 2.100000000000000089, -2.000000000000000000 ) ) ;
#2486 = CARTESIAN_POINT ( 'NONE',  ( -0.6695112932494489133, 1.100000000000000533, -8.905325910208118145 ) ) ;
#2487 = DIRECTION ( 'NONE',  ( -0.000000000000000000, 0.000000000000000000, 1.000000000000000000 ) ) ;
#2488 = EDGE_LOOP ( 'NONE', ( #3145, #4371, #148, #4295, #2168 ) ) ;
#2489 = DIRECTION ( 'NONE',  ( -0.6546536707079709805, -3.332884960652405056E-15, -0.7559289460184598353 ) ) ;
#2490 = EDGE_CURVE ( 'NONE', #1524, #3315, #3600, .T. ) ;
#2491 = CARTESIAN_POINT ( 'NONE',  ( -21.91999999999999815, 3.600000000000001865, 7.849999999999999645 ) ) ;
#2492 = CARTESIAN_POINT ( 'NONE',  ( -24.87000000000000099, 0.000000000000000000, -20.50000000000000000 ) ) ;
#2493 = VERTEX_POINT ( 'NONE', #945 ) ;
#2494 = DIRECTION ( 'NONE',  ( -1.000000000000000000, 0.000000000000000000, 0.000000000000000000 ) ) ;
#2495 = AXIS2_PLACEMENT_3D ( 'NONE', #840, #1283, #1348 ) ;
#2496 = CARTESIAN_POINT ( 'NONE',  ( -5.275017567228887039, 13.19804560595882847, -9.449653045351686487 ) ) ;
#2497 = DIRECTION ( 'NONE',  ( 0.8567921384921987071, 1.049267749939085763E-16, -0.5156619352036418968 ) ) ;
#2498 = CARTESIAN_POINT ( 'NONE',  ( -4.799999999999999822, 29.05607232530894990, -16.50000000000000000 ) ) ;
#2499 = EDGE_LOOP ( 'NONE', ( #6687, #3787, #5807, #1794 ) ) ;
#2500 = VERTEX_POINT ( 'NONE', #3016 ) ;
#2501 = ORIENTED_EDGE ( 'NONE', *, *, #3535, .T. ) ;
#2502 = DIRECTION ( 'NONE',  ( 0.000000000000000000, 0.5802747891877950703, 0.8144207567547993021 ) ) ;
#2503 = PLANE ( 'NONE',  #4546 ) ;
#2504 = DIRECTION ( 'NONE',  ( -0.6123724356958156756, 0.7810405590335206538, -0.1223750184661063084 ) ) ;
#2505 = VERTEX_POINT ( 'NONE', #5092 ) ;
#2506 = LINE ( 'NONE', #5026, #5350 ) ;
#2507 = DIRECTION ( 'NONE',  ( -0.000000000000000000, -0.000000000000000000, -1.000000000000000000 ) ) ;
#2508 = EDGE_CURVE ( 'NONE', #4165, #4235, #442, .T. ) ;
#2509 = DIRECTION ( 'NONE',  ( 0.000000000000000000, -1.000000000000000000, 0.000000000000000000 ) ) ;
#2510 = EDGE_CURVE ( 'NONE', #4992, #2611, #1109, .T. ) ;
#2511 = EDGE_LOOP ( 'NONE', ( #4169, #3161, #5516 ) ) ;
#2512 = DIRECTION ( 'NONE',  ( 1.000000000000000000, -0.000000000000000000, 0.000000000000000000 ) ) ;
#2513 = ORIENTED_EDGE ( 'NONE', *, *, #5299, .T. ) ;
#2514 = LINE ( 'NONE', #1497, #2205 ) ;
#2515 = AXIS2_PLACEMENT_3D ( 'NONE', #2351, #3898, #725 ) ;
#2516 = AXIS2_PLACEMENT_3D ( 'NONE', #3572, #5177, #6633 ) ;
#2517 = PLANE ( 'NONE',  #4042 ) ;
#2518 = DIRECTION ( 'NONE',  ( -0.7422448104709121752, 2.607450514242244549E-17, -0.6701288244278107431 ) ) ;
#2519 = LINE ( 'NONE', #1500, #2882 ) ;
#2520 = CARTESIAN_POINT ( 'NONE',  ( -1.899999999999999911, 2.100000000000000089, -5.837564434701790539 ) ) ;
#2521 = ORIENTED_EDGE ( 'NONE', *, *, #1929, .T. ) ;
#2522 = VECTOR ( 'NONE', #303, 1000.000000000000000 ) ;
#2523 = CIRCLE ( 'NONE', #1766, 3.120000000000000107 ) ;
#2524 = CARTESIAN_POINT ( 'NONE',  ( -1.350000000000000089, 14.75000000000000000, 8.810000000000000497 ) ) ;
#2525 = VERTEX_POINT ( 'NONE', #2036 ) ;
#2526 = LINE ( 'NONE', #5559, #580 ) ;
#2527 = ORIENTED_EDGE ( 'NONE', *, *, #2389, .F. ) ;
#2528 = AXIS2_PLACEMENT_3D ( 'NONE', #5693, #5556, #922 ) ;
#2529 = VECTOR ( 'NONE', #1505, 1000.000000000000000 ) ;
#2530 = DIRECTION ( 'NONE',  ( 1.000000000000000000, 7.709882115452455487E-16, 1.541976423090490703E-15 ) ) ;
#2531 = ADVANCED_FACE ( 'NONE', ( #3591 ), #5570, .F. ) ;
#2532 = CARTESIAN_POINT ( 'NONE',  ( -2.018414946423780165, -0.3458894077880224627, -11.41000000000000014 ) ) ;
#2533 = AXIS2_PLACEMENT_3D ( 'NONE', #5836, #3164, #6233 ) ;
#2534 = CARTESIAN_POINT ( 'NONE',  ( 2.424871130596424784, 4.336808689942014778E-16, -2.000000000000000000 ) ) ;
#2535 = VECTOR ( 'NONE', #6421, 1000.000000000000000 ) ;
#2536 = EDGE_LOOP ( 'NONE', ( #3569, #5182, #1514, #2839 ) ) ;
#2537 = ORIENTED_EDGE ( 'NONE', *, *, #140, .F. ) ;
#2538 = VECTOR ( 'NONE', #5481, 1000.000000000000000 ) ;
#2539 = ORIENTED_EDGE ( 'NONE', *, *, #5155, .T. ) ;
#2540 = LINE ( 'NONE', #436, #939 ) ;
#2541 = EDGE_CURVE ( 'NONE', #657, #744, #1385, .T. ) ;
#2542 = CARTESIAN_POINT ( 'NONE',  ( -1.899999999999999911, -2.100000000000000089, -8.262435565298209994 ) ) ;
#2543 = CARTESIAN_POINT ( 'NONE',  ( -2.146720301521298779E-14, -1.452830911130575942E-14, -12.34999999999999964 ) ) ;
#2544 = VERTEX_POINT ( 'NONE', #4475 ) ;
#2545 = EDGE_CURVE ( 'NONE', #4726, #3079, #151, .T. ) ;
#2546 = FACE_OUTER_BOUND ( 'NONE', #6510, .T. ) ;
#2547 = CYLINDRICAL_SURFACE ( 'NONE', #3855, 6.250000000000000000 ) ;
#2548 = ORIENTED_EDGE ( 'NONE', *, *, #5227, .T. ) ;
#2549 = LINE ( 'NONE', #1021, #257 ) ;
#2550 = EDGE_CURVE ( 'NONE', #6711, #1743, #4962, .T. ) ;
#2551 = ORIENTED_EDGE ( 'NONE', *, *, #659, .F. ) ;
#2552 = PLANE ( 'NONE',  #254 ) ;
#2553 = DIRECTION ( 'NONE',  ( 0.000000000000000000, 1.000000000000000000, 0.000000000000000000 ) ) ;
#2554 = LINE ( 'NONE', #6565, #5054 ) ;
#2555 = AXIS2_PLACEMENT_3D ( 'NONE', #1269, #1295, #2048 ) ;
#2556 = DIRECTION ( 'NONE',  ( -1.000000000000000000, 0.000000000000000000, 0.000000000000000000 ) ) ;
#2557 = VERTEX_POINT ( 'NONE', #5956 ) ;
#2558 = DIRECTION ( 'NONE',  ( 0.000000000000000000, 0.4999999999999998890, -0.8660254037844387076 ) ) ;
#2559 = AXIS2_PLACEMENT_3D ( 'NONE', #2715, #1564, #4791 ) ;
#2560 = ORIENTED_EDGE ( 'NONE', *, *, #5106, .T. ) ;
#2561 = CARTESIAN_POINT ( 'NONE',  ( 0.6880090707842799747, -1.008333333333331971, -10.41000000000000014 ) ) ;
#2562 = ORIENTED_EDGE ( 'NONE', *, *, #1922, .T. ) ;
#2563 = CARTESIAN_POINT ( 'NONE',  ( 1.292346314604063018, 3.119999999999978790, -12.34999999999999964 ) ) ;
#2564 = CARTESIAN_POINT ( 'NONE',  ( -2.040000000000000036, 1.636003975803749860E-14, -11.41000000000000014 ) ) ;
#2565 = VECTOR ( 'NONE', #5941, 1000.000000000000114 ) ;
#2566 = CARTESIAN_POINT ( 'NONE',  ( -1.847520861406785064, 2.129189492603024805E-14, -4.950561220099349846 ) ) ;
#2567 = CARTESIAN_POINT ( 'NONE',  ( -4.299999999999999822, 18.25000000000000000, 8.810000000000000497 ) ) ;
#2568 = EDGE_CURVE ( 'NONE', #3319, #3129, #4468, .T. ) ;
#2569 = ORIENTED_EDGE ( 'NONE', *, *, #481, .T. ) ;
#2570 = ORIENTED_EDGE ( 'NONE', *, *, #1188, .T. ) ;
#2571 = VECTOR ( 'NONE', #6004, 1000.000000000000000 ) ;
#2572 = ORIENTED_EDGE ( 'NONE', *, *, #6049, .F. ) ;
#2573 = LINE ( 'NONE', #2097, #5614 ) ;
#2574 = CARTESIAN_POINT ( 'NONE',  ( -24.87000000000000099, 6.000000000000000000, -1.000000000000000000 ) ) ;
#2575 = EDGE_CURVE ( 'NONE', #1570, #3638, #1318, .T. ) ;
#2576 = ORIENTED_EDGE ( 'NONE', *, *, #3668, .T. ) ;
#2577 = ORIENTED_EDGE ( 'NONE', *, *, #1553, .T. ) ;
#2578 = EDGE_CURVE ( 'NONE', #5575, #369, #685, .T. ) ;
#2579 = DIRECTION ( 'NONE',  ( -0.6261784721910542695, 0.7796797553896581690, 0.000000000000000000 ) ) ;
#2580 = LINE ( 'NONE', #3286, #5829 ) ;
#2581 = ORIENTED_EDGE ( 'NONE', *, *, #4037, .T. ) ;
#2582 = CARTESIAN_POINT ( 'NONE',  ( 1.588668240016841704, 1.328345891919800126, -11.40999999999999481 ) ) ;
#2583 = ORIENTED_EDGE ( 'NONE', *, *, #1610, .F. ) ;
#2584 = DIRECTION ( 'NONE',  ( 0.000000000000000000, 0.000000000000000000, 1.000000000000000000 ) ) ;
#2585 = LINE ( 'NONE', #5621, #4260 ) ;
#2586 = CARTESIAN_POINT ( 'NONE',  ( -1.899999999999999911, 3.977739548340144982, -6.889646997001210416 ) ) ;
#2587 = CARTESIAN_POINT ( 'NONE',  ( 0.000000000000000000, 0.000000000000000000, -15.92999999999999972 ) ) ;
#2588 = CARTESIAN_POINT ( 'NONE',  ( -4.100000000000001421, 0.000000000000000000, -14.45883333333333454 ) ) ;
#2589 = EDGE_LOOP ( 'NONE', ( #4983, #3264 ) ) ;
#2590 = CYLINDRICAL_SURFACE ( 'NONE', #6305, 1.700000000000000178 ) ;
#2591 = DIRECTION ( 'NONE',  ( 0.4738526360214708744, 0.7071067811865529018, -0.5248463387845015982 ) ) ;
#2592 = ORIENTED_EDGE ( 'NONE', *, *, #6709, .T. ) ;
#2593 = DIRECTION ( 'NONE',  ( 0.000000000000000000, 1.788469760401379917E-16, -1.000000000000000000 ) ) ;
#2594 = ADVANCED_FACE ( 'NONE', ( #1769 ), #2852, .F. ) ;
#2595 = LINE ( 'NONE', #529, #3956 ) ;
#2596 = LINE ( 'NONE', #6608, #5882 ) ;
#2597 = DIRECTION ( 'NONE',  ( 0.000000000000000000, 0.000000000000000000, -1.000000000000000000 ) ) ;
#2598 = ADVANCED_FACE ( 'NONE', ( #3426 ), #1871, .F. ) ;
#2599 = ORIENTED_EDGE ( 'NONE', *, *, #6174, .T. ) ;
#2600 = VERTEX_POINT ( 'NONE', #3332 ) ;
#2601 = ORIENTED_EDGE ( 'NONE', *, *, #1335, .F. ) ;
#2602 = DIRECTION ( 'NONE',  ( 0.000000000000000000, 1.000000000000000000, 0.000000000000000000 ) ) ;
#2603 = AXIS2_PLACEMENT_3D ( 'NONE', #6363, #2245, #1695 ) ;
#2604 = CARTESIAN_POINT ( 'NONE',  ( -10.34999999999999964, 6.000000000000000000, -1.000000000000000000 ) ) ;
#2605 = ORIENTED_EDGE ( 'NONE', *, *, #4938, .T. ) ;
#2606 = EDGE_LOOP ( 'NONE', ( #4603, #4382, #4331, #6430 ) ) ;
#2607 = LINE ( 'NONE', #4131, #4597 ) ;
#2608 = AXIS2_PLACEMENT_3D ( 'NONE', #6642, #3006, #2058 ) ;
#2609 = EDGE_CURVE ( 'NONE', #1063, #4560, #4804, .T. ) ;
#2610 = ADVANCED_FACE ( 'NONE', ( #2785 ), #5437, .T. ) ;
#2611 = VERTEX_POINT ( 'NONE', #217 ) ;
#2612 = DIRECTION ( 'NONE',  ( -1.000000000000000000, 0.000000000000000000, 0.000000000000000000 ) ) ;
#2613 = ORIENTED_EDGE ( 'NONE', *, *, #1335, .T. ) ;
#2614 = FACE_OUTER_BOUND ( 'NONE', #784, .T. ) ;
#2615 = CARTESIAN_POINT ( 'NONE',  ( -0.9427118163872184597, 1.152695812369285866, -5.495063521893588820 ) ) ;
#2616 = DIRECTION ( 'NONE',  ( 0.7071067811865456854, 0.7071067811865493491, 0.000000000000000000 ) ) ;
#2617 = EDGE_CURVE ( 'NONE', #2987, #3263, #2278, .T. ) ;
#2618 = EDGE_CURVE ( 'NONE', #6624, #6580, #6427, .T. ) ;
#2619 = ORIENTED_EDGE ( 'NONE', *, *, #3950, .F. ) ;
#2620 = CARTESIAN_POINT ( 'NONE',  ( 0.000000000000000000, 0.000000000000000000, -14.92999999999999972 ) ) ;
#2621 = CARTESIAN_POINT ( 'NONE',  ( 1.292346314604020163, -3.120000000000020979, -12.09999999999999964 ) ) ;
#2622 = ORIENTED_EDGE ( 'NONE', *, *, #859, .T. ) ;
#2623 = ADVANCED_FACE ( 'NONE', ( #1257 ), #250, .T. ) ;
#2624 = CARTESIAN_POINT ( 'NONE',  ( -0.7636325855405680096, 1.100000000000000089, -5.344517927577429717 ) ) ;
#2625 = LINE ( 'NONE', #2691, #3420 ) ;
#2626 = DIRECTION ( 'NONE',  ( -0.4472135954999305607, 0.000000000000000000, -0.8944271909999296222 ) ) ;
#2627 = VECTOR ( 'NONE', #352, 1000.000000000000114 ) ;
#2628 =( NAMED_UNIT ( * ) SI_UNIT ( $, .STERADIAN. ) SOLID_ANGLE_UNIT ( ) );
#2629 = CIRCLE ( 'NONE', #5787, 2.100000000000000089 ) ;
#2630 = FACE_OUTER_BOUND ( 'NONE', #3191, .T. ) ;
#2631 = FACE_OUTER_BOUND ( 'NONE', #3789, .T. ) ;
#2632 = EDGE_LOOP ( 'NONE', ( #6314, #5749, #6212, #6715, #1532 ) ) ;
#2633 = EDGE_CURVE ( 'NONE', #5258, #57, #4387, .T. ) ;
#2634 = ORIENTED_EDGE ( 'NONE', *, *, #963, .T. ) ;
#2635 = VECTOR ( 'NONE', #2900, 1000.000000000000000 ) ;
#2636 = LINE ( 'NONE', #6250, #5456 ) ;
#2637 = ORIENTED_EDGE ( 'NONE', *, *, #930, .T. ) ;
#2638 = EDGE_CURVE ( 'NONE', #2013, #3987, #3679, .T. ) ;
#2639 = VECTOR ( 'NONE', #1934, 1000.000000000000227 ) ;
#2640 = CARTESIAN_POINT ( 'NONE',  ( -1.167224318643369951, -1.681691823720250056, -11.41000000000000014 ) ) ;
#2641 = CARTESIAN_POINT ( 'NONE',  ( -2.040000000000000036, 0.000000000000000000, -11.41000000000000014 ) ) ;
#2642 = AXIS2_PLACEMENT_3D ( 'NONE', #4182, #6275, #3675 ) ;
#2643 = EDGE_LOOP ( 'NONE', ( #3725, #321, #5097, #5705, #4111, #6065, #1302, #828 ) ) ;
#2644 = ORIENTED_EDGE ( 'NONE', *, *, #1930, .T. ) ;
#2645 = DIRECTION ( 'NONE',  ( -1.000000000000000000, 0.000000000000000000, 0.000000000000000000 ) ) ;
#2646 = CARTESIAN_POINT ( 'NONE',  ( -0.3642976019479625127, -2.015173847483590297, -11.41000000000000014 ) ) ;
#2647 = ORIENTED_EDGE ( 'NONE', *, *, #202, .F. ) ;
#2648 = FACE_OUTER_BOUND ( 'NONE', #3002, .T. ) ;
#2649 = VERTEX_POINT ( 'NONE', #1096 ) ;
#2650 = FACE_OUTER_BOUND ( 'NONE', #2536, .T. ) ;
#2651 = CARTESIAN_POINT ( 'NONE',  ( -0.8763864598002116812, 1.116073377027879676, -5.447649658031968656 ) ) ;
#2652 = DIRECTION ( 'NONE',  ( -1.000000000000000000, 0.000000000000000000, 0.000000000000000000 ) ) ;
#2653 = EDGE_LOOP ( 'NONE', ( #491, #4116, #1142, #4225, #3329 ) ) ;
#2654 = EDGE_CURVE ( 'NONE', #2367, #2830, #1171, .T. ) ;
#2655 = ORIENTED_EDGE ( 'NONE', *, *, #4227, .F. ) ;
#2656 = CARTESIAN_POINT ( 'NONE',  ( -1.109474808703563964, -1.290027406342835858, -8.506334223536450523 ) ) ;
#2657 = ORIENTED_EDGE ( 'NONE', *, *, #202, .T. ) ;
#2658 = ADVANCED_FACE ( 'NONE', ( #1604, #3180 ), #593, .T. ) ;
#2659 = CARTESIAN_POINT ( 'NONE',  ( 0.6350852961085809989, 1.099999999999985878, -10.41000000000000014 ) ) ;
#2660 = CARTESIAN_POINT ( 'NONE',  ( 1.212435565298211948, -2.100000000000000089, -2.000000000000000000 ) ) ;
#2661 = LINE ( 'NONE', #1170, #873 ) ;
#2662 = VECTOR ( 'NONE', #116, 1000.000000000000000 ) ;
#2663 = LINE ( 'NONE', #6246, #4916 ) ;
#2664 = VECTOR ( 'NONE', #3475, 1000.000000000000114 ) ;
#2665 = ORIENTED_EDGE ( 'NONE', *, *, #4274, .F. ) ;
#2666 = ORIENTED_EDGE ( 'NONE', *, *, #216, .F. ) ;
#2667 = EDGE_CURVE ( 'NONE', #4560, #520, #4213, .T. ) ;
#2668 = CARTESIAN_POINT ( 'NONE',  ( -4.299999999999999822, 14.75000000000000000, 8.810000000000000497 ) ) ;
#2669 = ORIENTED_EDGE ( 'NONE', *, *, #1922, .F. ) ;
#2670 = CIRCLE ( 'NONE', #6475, 2.100000000000000089 ) ;
#2671 = CARTESIAN_POINT ( 'NONE',  ( -0.9846746177807534917, -1.175864709148967568, -5.525059747567223845 ) ) ;
#2672 = CARTESIAN_POINT ( 'NONE',  ( -3.120000000000000107, 3.820898013339744886E-16, -12.09999999999999964 ) ) ;
#2673 = ADVANCED_FACE ( 'NONE', ( #5287 ), #6312, .T. ) ;
#2674 = ORIENTED_EDGE ( 'NONE', *, *, #2887, .T. ) ;
#2675 = VECTOR ( 'NONE', #677, 1000.000000000000000 ) ;
#2676 = ORIENTED_EDGE ( 'NONE', *, *, #1906, .T. ) ;
#2677 = VERTEX_POINT ( 'NONE', #663 ) ;
#2678 = CARTESIAN_POINT ( 'NONE',  ( -3.899999999999999911, 0.000000000000000000, 3.000000000000000000 ) ) ;
#2679 = DIRECTION ( 'NONE',  ( 0.7394069758587371588, -0.6607849555008732390, 0.1289983202803278439 ) ) ;
#2680 = VECTOR ( 'NONE', #3577, 1000.000000000000000 ) ;
#2681 = ORIENTED_EDGE ( 'NONE', *, *, #5319, .T. ) ;
#2682 = PLANE ( 'NONE',  #684 ) ;
#2683 = ORIENTED_EDGE ( 'NONE', *, *, #1547, .F. ) ;
#2684 = LINE ( 'NONE', #1156, #4585 ) ;
#2685 = CARTESIAN_POINT ( 'NONE',  ( -1.750000000000000000, -6.000000000000000000, -20.50000000000000000 ) ) ;
#2686 = LINE ( 'NONE', #1124, #2662 ) ;
#2687 = ORIENTED_EDGE ( 'NONE', *, *, #307, .F. ) ;
#2688 = CARTESIAN_POINT ( 'NONE',  ( 0.000000000000000000, 4.100000000000010303, -0.5000000000000000000 ) ) ;
#2689 = ORIENTED_EDGE ( 'NONE', *, *, #920, .F. ) ;
#2690 = CARTESIAN_POINT ( 'NONE',  ( 1.005551718838580078, -0.4583333333333339810, -10.41000000000000014 ) ) ;
#2691 = CARTESIAN_POINT ( 'NONE',  ( 4.087077195258224549, -0.3252691193458311925, -12.55000000000000071 ) ) ;
#2692 = FACE_OUTER_BOUND ( 'NONE', #6702, .T. ) ;
#2693 = CARTESIAN_POINT ( 'NONE',  ( 0.000000000000000000, 0.000000000000000000, -0.5000000000000000000 ) ) ;
#2694 = EDGE_CURVE ( 'NONE', #6480, #369, #630, .T. ) ;
#2695 = CARTESIAN_POINT ( 'NONE',  ( -0.3252691193458258634, -4.087077195258210338, -12.09999999999999964 ) ) ;
#2696 = PLANE ( 'NONE',  #2101 ) ;
#2697 = VERTEX_POINT ( 'NONE', #1677 ) ;
#2698 = ORIENTED_EDGE ( 'NONE', *, *, #3085, .F. ) ;
#2699 = DIRECTION ( 'NONE',  ( 0.000000000000000000, 0.000000000000000000, -1.000000000000000000 ) ) ;
#2700 = EDGE_LOOP ( 'NONE', ( #3714, #210 ) ) ;
#2701 = DIRECTION ( 'NONE',  ( 0.000000000000000000, 0.000000000000000000, -1.000000000000000000 ) ) ;
#2702 = CARTESIAN_POINT ( 'NONE',  ( -1.212435565298213724, -2.100000000000000089, -2.000000000000000000 ) ) ;
#2703 = AXIS2_PLACEMENT_3D ( 'NONE', #1453, #3517, #5607 ) ;
#2704 = DIRECTION ( 'NONE',  ( -1.000000000000000000, 5.217213461584498516E-15, 0.000000000000000000 ) ) ;
#2705 = VERTEX_POINT ( 'NONE', #559 ) ;
#2706 = ORIENTED_EDGE ( 'NONE', *, *, #2880, .T. ) ;
#2707 = CARTESIAN_POINT ( 'NONE',  ( 7.675767592817729433E-16, 6.000000000000000000, -20.50000000000000000 ) ) ;
#2708 = FACE_OUTER_BOUND ( 'NONE', #1273, .T. ) ;
#2709 = ORIENTED_EDGE ( 'NONE', *, *, #968, .T. ) ;
#2710 = EDGE_LOOP ( 'NONE', ( #2706, #2170, #3355, #5717, #1883, #2136, #332, #317, #181, #24 ) ) ;
#2711 = DIRECTION ( 'NONE',  ( -6.549975585644890431E-16, -1.000000000000000000, 0.000000000000000000 ) ) ;
#2712 = ADVANCED_FACE ( 'NONE', ( #2630 ), #3744, .F. ) ;
#2713 = EDGE_CURVE ( 'NONE', #2438, #5768, #4370, .T. ) ;
#2714 = CARTESIAN_POINT ( 'NONE',  ( -9.849999999999985434, 13.66773758938751193, -9.738263032438599254 ) ) ;
#2715 = CARTESIAN_POINT ( 'NONE',  ( -1.860640646055099934, -0.02272413359521719897, -7.049999999999999822 ) ) ;
#2716 = EDGE_CURVE ( 'NONE', #3231, #3263, #6707, .T. ) ;
#2717 = VERTEX_POINT ( 'NONE', #3601 ) ;
#2718 = DIRECTION ( 'NONE',  ( 0.7070954944180937174, -0.7070954944180838364, -0.005650092678645013237 ) ) ;
#2719 = ORIENTED_EDGE ( 'NONE', *, *, #6404, .F. ) ;
#2720 = PLANE ( 'NONE',  #5027 ) ;
#2721 = CARTESIAN_POINT ( 'NONE',  ( -2.040000000000000036, 1.636003975803749860E-14, -11.41000000000000014 ) ) ;
#2722 = CARTESIAN_POINT ( 'NONE',  ( -3.119999999999999218, -1.292346314604053026, -12.09999999999999964 ) ) ;
#2723 = TOROIDAL_SURFACE ( 'NONE', #3275, 2.049390153191925190, 0.5000000000000000000 ) ;
#2724 = DIRECTION ( 'NONE',  ( -0.000000000000000000, -0.000000000000000000, 1.000000000000000000 ) ) ;
#2725 = DIRECTION ( 'NONE',  ( 0.000000000000000000, -1.000000000000000000, 0.000000000000000000 ) ) ;
#2726 = EDGE_LOOP ( 'NONE', ( #3891, #4423, #5847, #4881, #1773, #3537, #3068, #950, #435 ) ) ;
#2727 = LINE ( 'NONE', #597, #1107 ) ;
#2728 = ORIENTED_EDGE ( 'NONE', *, *, #6695, .T. ) ;
#2729 = AXIS2_PLACEMENT_3D ( 'NONE', #2543, #4614, #1520 ) ;
#2730 = DIRECTION ( 'NONE',  ( 0.000000000000000000, -0.8660254037844387076, -0.4999999999999998890 ) ) ;
#2731 = CARTESIAN_POINT ( 'NONE',  ( -24.87000000000000099, 6.135704983074417918, -20.13570498307441881 ) ) ;
#2732 = AXIS2_PLACEMENT_3D ( 'NONE', #3962, #2916, #3452 ) ;
#2733 = LINE ( 'NONE', #2133, #118 ) ;
#2734 = AXIS2_PLACEMENT_3D ( 'NONE', #4751, #2041, #110 ) ;
#2735 = EDGE_LOOP ( 'NONE', ( #5984, #3562, #3158, #1215 ) ) ;
#2736 = ORIENTED_EDGE ( 'NONE', *, *, #5022, .T. ) ;
#2737 = FACE_OUTER_BOUND ( 'NONE', #6170, .T. ) ;
#2738 = AXIS2_PLACEMENT_3D ( 'NONE', #2378, #6464, #3894 ) ;
#2739 = EDGE_CURVE ( 'NONE', #3631, #4102, #5547, .T. ) ;
#2740 = ORIENTED_EDGE ( 'NONE', *, *, #5239, .T. ) ;
#2741 = DIRECTION ( 'NONE',  ( -2.478176394252580155E-16, -1.000000000000000000, 0.000000000000000000 ) ) ;
#2742 = LINE ( 'NONE', #4712, #41 ) ;
#2743 = CIRCLE ( 'NONE', #4696, 1.642787265594675583 ) ;
#2744 = CONICAL_SURFACE ( 'NONE', #6116, 2.040000000000000036, 1.029016283146113597 ) ;
#2745 = CIRCLE ( 'NONE', #4918, 3.120000000000000107 ) ;
#2746 = VERTEX_POINT ( 'NONE', #1975 ) ;
#2747 = EDGE_CURVE ( 'NONE', #532, #1451, #833, .T. ) ;
#2748 = ORIENTED_EDGE ( 'NONE', *, *, #6151, .T. ) ;
#2749 = DIRECTION ( 'NONE',  ( 0.000000000000000000, 0.000000000000000000, 1.000000000000000000 ) ) ;
#2750 = ADVANCED_FACE ( 'NONE', ( #5099 ), #1085, .T. ) ;
#2751 = DIRECTION ( 'NONE',  ( -1.000000000000000000, 0.000000000000000000, 0.000000000000000000 ) ) ;
#2752 = CARTESIAN_POINT ( 'NONE',  ( -3.339108550723229651, 11.68910855072316046, 4.894044723605819769 ) ) ;
#2753 = ORIENTED_EDGE ( 'NONE', *, *, #5553, .F. ) ;
#2754 = EDGE_CURVE ( 'NONE', #3315, #1524, #2745, .T. ) ;
#2755 = DIRECTION ( 'NONE',  ( 1.000000000000000000, 0.000000000000000000, 0.000000000000000000 ) ) ;
#2756 = DIRECTION ( 'NONE',  ( -0.000000000000000000, 1.000000000000000000, 0.000000000000000000 ) ) ;
#2757 = PRODUCT_RELATED_PRODUCT_CATEGORY ( 'part', '', ( #3232 ) ) ;
#2758 = ORIENTED_EDGE ( 'NONE', *, *, #6287, .T. ) ;
#2759 = DIRECTION ( 'NONE',  ( -0.000000000000000000, -0.000000000000000000, -1.000000000000000000 ) ) ;
#2760 = CARTESIAN_POINT ( 'NONE',  ( -1.899999999999999911, -2.127739548340144893, -3.685353002998790206 ) ) ;
#2761 = DIRECTION ( 'NONE',  ( 0.000000000000000000, 0.000000000000000000, -1.000000000000000000 ) ) ;
#2762 = CARTESIAN_POINT ( 'NONE',  ( 0.2749999999999286904, 10.79673032838194580, -12.81992010159994422 ) ) ;
#2763 = CIRCLE ( 'NONE', #2980, 6.250000000000000000 ) ;
#2764 = DIRECTION ( 'NONE',  ( 0.000000000000000000, 1.000000000000000000, 0.000000000000000000 ) ) ;
#2765 = EDGE_LOOP ( 'NONE', ( #4750, #1526, #5015, #1149, #1404, #2812 ) ) ;
#2766 = CARTESIAN_POINT ( 'NONE',  ( 0.000000000000000000, 0.000000000000000000, -20.00000000000000000 ) ) ;
#2767 = DIRECTION ( 'NONE',  ( 0.4999999999999980571, 0.000000000000000000, -0.8660254037844397068 ) ) ;
#2768 = ORIENTED_EDGE ( 'NONE', *, *, #4498, .T. ) ;
#2769 = CARTESIAN_POINT ( 'NONE',  ( -2.018414946423780165, -0.3458894077880224627, -11.41000000000000014 ) ) ;
#2770 = CARTESIAN_POINT ( 'NONE',  ( 1.389879134207897105, 6.960120865792099210, -19.15246194274799407 ) ) ;
#2771 = DIRECTION ( 'NONE',  ( 0.000000000000000000, 0.000000000000000000, -1.000000000000000000 ) ) ;
#2772 = AXIS2_PLACEMENT_3D ( 'NONE', #933, #3005, #5081 ) ;
#2773 = EDGE_CURVE ( 'NONE', #1344, #4057, #3073, .T. ) ;
#2774 = ORIENTED_EDGE ( 'NONE', *, *, #555, .T. ) ;
#2775 = ORIENTED_EDGE ( 'NONE', *, *, #2014, .F. ) ;
#2776 = VECTOR ( 'NONE', #1467, 1000.000000000000114 ) ;
#2777 = VERTEX_POINT ( 'NONE', #4106 ) ;
#2778 = DIRECTION ( 'NONE',  ( -1.000000000000000000, 0.000000000000000000, 0.000000000000000000 ) ) ;
#2779 = CARTESIAN_POINT ( 'NONE',  ( -4.400000000000015454, -1.452830911130575942E-14, -20.50000000000000000 ) ) ;
#2780 = VECTOR ( 'NONE', #3815, 1000.000000000000000 ) ;
#2781 = EDGE_CURVE ( 'NONE', #5224, #6648, #2585, .T. ) ;
#2782 = VERTEX_POINT ( 'NONE', #2111 ) ;
#2783 = DIRECTION ( 'NONE',  ( 1.886993932499656750E-16, 0.9861986782266817242, 0.1655662014541194327 ) ) ;
#2784 = VECTOR ( 'NONE', #5949, 1000.000000000000000 ) ;
#2785 = FACE_OUTER_BOUND ( 'NONE', #1208, .T. ) ;
#2786 = DIRECTION ( 'NONE',  ( 0.000000000000000000, 0.000000000000000000, -1.000000000000000000 ) ) ;
#2787 = CARTESIAN_POINT ( 'NONE',  ( -20.21999999999999886, 3.600000000000002309, 2.399999999999999911 ) ) ;
#2788 = ORIENTED_EDGE ( 'NONE', *, *, #4872, .T. ) ;
#2789 = LINE ( 'NONE', #2316, #3702 ) ;
#2790 = EDGE_CURVE ( 'NONE', #4887, #3079, #3671, .T. ) ;
#2791 = ORIENTED_EDGE ( 'NONE', *, *, #555, .F. ) ;
#2792 = LINE ( 'NONE', #194, #2099 ) ;
#2793 = CARTESIAN_POINT ( 'NONE',  ( 0.1822054508531790185, 2.040000000000000036, -11.41000000000000014 ) ) ;
#2794 = DIRECTION ( 'NONE',  ( 0.000000000000000000, 0.000000000000000000, 1.000000000000000000 ) ) ;
#2795 = CARTESIAN_POINT ( 'NONE',  ( -2.149999999999999911, 6.276472665132779411E-16, -4.625128869403569709 ) ) ;
#2796 = CARTESIAN_POINT ( 'NONE',  ( -1.480744525622495145, -1.266399471063275974E-05, -9.253219665477343980 ) ) ;
#2797 = EDGE_LOOP ( 'NONE', ( #370, #1586, #4684, #5289 ) ) ;
#2798 = DIRECTION ( 'NONE',  ( 0.000000000000000000, -1.000000000000000000, 0.000000000000000000 ) ) ;
#2799 = EDGE_CURVE ( 'NONE', #5433, #1925, #45, .T. ) ;
#2800 = ORIENTED_EDGE ( 'NONE', *, *, #5445, .T. ) ;
#2801 = CARTESIAN_POINT ( 'NONE',  ( -1.899999999999999911, 0.000000000000000000, 0.000000000000000000 ) ) ;
#2802 = CARTESIAN_POINT ( 'NONE',  ( 0.7096584591675199061, 1.920943322875205084, -11.41000000000000014 ) ) ;
#2803 = EDGE_CURVE ( 'NONE', #312, #6669, #5723, .T. ) ;
#2804 = DIRECTION ( 'NONE',  ( 1.000000000000000000, 0.000000000000000000, 0.000000000000000000 ) ) ;
#2805 = CARTESIAN_POINT ( 'NONE',  ( -9.799999999999998934, 8.828427124746188071, -5.750000000000000000 ) ) ;
#2806 = ORIENTED_EDGE ( 'NONE', *, *, #2633, .F. ) ;
#2807 = ORIENTED_EDGE ( 'NONE', *, *, #5082, .F. ) ;
#2808 = EDGE_LOOP ( 'NONE', ( #2820, #4845, #6335, #5818 ) ) ;
#2809 = DIRECTION ( 'NONE',  ( 0.000000000000000000, 0.7071067811865420216, -0.7071067811865531239 ) ) ;
#2810 = PLANE ( 'NONE',  #5652 ) ;
#2811 = AXIS2_PLACEMENT_3D ( 'NONE', #40, #2098, #1583 ) ;
#2812 = ORIENTED_EDGE ( 'NONE', *, *, #1407, .T. ) ;
#2813 = CARTESIAN_POINT ( 'NONE',  ( -1.212435565298211948, 2.100000000000000089, 3.000000000000000000 ) ) ;
#2814 = VECTOR ( 'NONE', #6204, 1000.000000000000000 ) ;
#2815 = EDGE_CURVE ( 'NONE', #5575, #3315, #5201, .T. ) ;
#2816 = CARTESIAN_POINT ( 'NONE',  ( 3.120000000000000107, 1.910449006669872443E-16, -12.09999999999999964 ) ) ;
#2817 = ADVANCED_FACE ( 'NONE', ( #953 ), #2517, .F. ) ;
#2818 = LINE ( 'NONE', #5544, #6015 ) ;
#2819 = DIRECTION ( 'NONE',  ( -0.6546536707079725348, 0.6546536707079795292, -0.3779644730092308058 ) ) ;
#2820 = ORIENTED_EDGE ( 'NONE', *, *, #5503, .T. ) ;
#2821 = DIRECTION ( 'NONE',  ( 0.000000000000000000, -1.788469760401379917E-16, 1.000000000000000000 ) ) ;
#2822 = EDGE_CURVE ( 'NONE', #3021, #3313, #3057, .T. ) ;
#2823 = EDGE_CURVE ( 'NONE', #1858, #4852, #4479, .T. ) ;
#2824 = CARTESIAN_POINT ( 'NONE',  ( 25.21342993319724357, -2.808254262871226814, -2.271199873078295628 ) ) ;
#2825 = CARTESIAN_POINT ( 'NONE',  ( -6.653867513459164940, 11.62184035756915712, -12.60969774376260588 ) ) ;
#2826 = VECTOR ( 'NONE', #5113, 1000.000000000000000 ) ;
#2827 = CARTESIAN_POINT ( 'NONE',  ( -1.047131526009427605, 1.226481006774455818, -8.537991477624773395 ) ) ;
#2828 = DIRECTION ( 'NONE',  ( -0.6261784721910541585, 0.7796797553896581690, 0.000000000000000000 ) ) ;
#2829 = CARTESIAN_POINT ( 'NONE',  ( 2.201586389335117744, 6.148413610664889895, -1.280694645863865277 ) ) ;
#2830 = VERTEX_POINT ( 'NONE', #1702 ) ;
#2831 = ADVANCED_FACE ( 'NONE', ( #1227 ), #5024, .T. ) ;
#2832 = ORIENTED_EDGE ( 'NONE', *, *, #4534, .T. ) ;
#2833 = LINE ( 'NONE', #6033, #1325 ) ;
#2834 = ORIENTED_EDGE ( 'NONE', *, *, #1343, .T. ) ;
#2835 = DIRECTION ( 'NONE',  ( -5.217213461584417263E-15, 1.000000000000000000, 0.000000000000000000 ) ) ;
#2836 = DIRECTION ( 'NONE',  ( -0.5471184510350018959, -0.7729327570600261765, -0.3213041450100616037 ) ) ;
#2837 = FACE_OUTER_BOUND ( 'NONE', #5088, .T. ) ;
#2838 = EDGE_CURVE ( 'NONE', #1154, #3290, #720, .T. ) ;
#2839 = ORIENTED_EDGE ( 'NONE', *, *, #1961, .F. ) ;
#2840 = ORIENTED_EDGE ( 'NONE', *, *, #846, .F. ) ;
#2841 = VECTOR ( 'NONE', #3494, 1000.000000000000000 ) ;
#2842 = VERTEX_POINT ( 'NONE', #6333 ) ;
#2843 = AXIS2_PLACEMENT_3D ( 'NONE', #1394, #449, #4105 ) ;
#2844 = CARTESIAN_POINT ( 'NONE',  ( 0.000000000000000000, 0.000000000000000000, -1.000000000000000000 ) ) ;
#2845 = FACE_OUTER_BOUND ( 'NONE', #2868, .T. ) ;
#2846 = CARTESIAN_POINT ( 'NONE',  ( 0.1883974596214698094, 11.56381287865037066, -12.69113981943809755 ) ) ;
#2847 = CIRCLE ( 'NONE', #2957, 5.750000000000000000 ) ;
#2848 = CIRCLE ( 'NONE', #1220, 1.655276662193474912 ) ;
#2849 = ORIENTED_EDGE ( 'NONE', *, *, #5641, .T. ) ;
#2850 = FACE_OUTER_BOUND ( 'NONE', #76, .T. ) ;
#2851 = CIRCLE ( 'NONE', #2642, 1.000000000000000888 ) ;
#2852 = PLANE ( 'NONE',  #1009 ) ;
#2853 = VECTOR ( 'NONE', #6143, 1000.000000000000000 ) ;
#2854 = DIRECTION ( 'NONE',  ( 0.000000000000000000, 0.8660254037844387076, 0.4999999999999998890 ) ) ;
#2855 = CARTESIAN_POINT ( 'NONE',  ( 1.750000000000000888, 6.599999999999999645, -18.96013563349691466 ) ) ;
#2856 = VECTOR ( 'NONE', #987, 1000.000000000000000 ) ;
#2857 = ORIENTED_EDGE ( 'NONE', *, *, #4784, .F. ) ;
#2858 = LINE ( 'NONE', #5861, #887 ) ;
#2859 = ADVANCED_FACE ( 'NONE', ( #3733 ), #6329, .F. ) ;
#2860 = CIRCLE ( 'NONE', #1120, 2.100000000000000089 ) ;
#2861 = EDGE_CURVE ( 'NONE', #3129, #3123, #6338, .T. ) ;
#2862 = CARTESIAN_POINT ( 'NONE',  ( 1.750000000000002442, 19.92024753743869070, -0.2650513704250634928 ) ) ;
#2863 = DIRECTION ( 'NONE',  ( -1.000000000000000000, 0.000000000000000000, 0.000000000000000000 ) ) ;
#2864 = DIRECTION ( 'NONE',  ( 1.000000000000000000, -6.828702721532539617E-16, 0.000000000000000000 ) ) ;
#2865 = CARTESIAN_POINT ( 'NONE',  ( -1.340179509748491871, 5.172985048673171214E-06, -9.358759801367938280 ) ) ;
#2866 = EDGE_CURVE ( 'NONE', #1275, #2184, #6368, .T. ) ;
#2867 = FACE_OUTER_BOUND ( 'NONE', #1391, .T. ) ;
#2868 = EDGE_LOOP ( 'NONE', ( #2271, #3645, #5830, #2400 ) ) ;
#2869 = ADVANCED_FACE ( 'NONE', ( #750 ), #5272, .F. ) ;
#2870 = LINE ( 'NONE', #3314, #2522 ) ;
#2871 = VERTEX_POINT ( 'NONE', #2251 ) ;
#2872 = DIRECTION ( 'NONE',  ( 1.000000000000000000, -6.396472994014758915E-17, 6.396472994014781101E-17 ) ) ;
#2873 = CARTESIAN_POINT ( 'NONE',  ( 5.942348474182947093, -1.936748463630634243, -19.99999999999999645 ) ) ;
#2874 = CARTESIAN_POINT ( 'NONE',  ( -4.299999999999999822, 14.75000000000000000, 8.810000000000000497 ) ) ;
#2875 = EDGE_CURVE ( 'NONE', #4304, #6243, #3619, .T. ) ;
#2876 = ORIENTED_EDGE ( 'NONE', *, *, #6247, .T. ) ;
#2877 = ORIENTED_EDGE ( 'NONE', *, *, #3028, .F. ) ;
#2878 = EDGE_LOOP ( 'NONE', ( #1640, #4621, #944, #5814, #5192, #5114 ) ) ;
#2879 = CARTESIAN_POINT ( 'NONE',  ( -8.680995911905851514, -2.500000000000000000, -0.5000000000000000000 ) ) ;
#2880 = EDGE_CURVE ( 'NONE', #6243, #3083, #4313, .T. ) ;
#2881 = LINE ( 'NONE', #4956, #121 ) ;
#2882 = VECTOR ( 'NONE', #1530, 1000.000000000000000 ) ;
#2883 = DIRECTION ( 'NONE',  ( 0.000000000000000000, -0.5299989400031819287, 0.8479983040050868004 ) ) ;
#2884 = AXIS2_PLACEMENT_3D ( 'NONE', #1328, #5899, #5446 ) ;
#2885 = VERTEX_POINT ( 'NONE', #6400 ) ;
#2886 = DIRECTION ( 'NONE',  ( 0.7071067811865495711, -0.7071067811865455743, -0.000000000000000000 ) ) ;
#2887 = EDGE_CURVE ( 'NONE', #3026, #4391, #2314, .T. ) ;
#2888 = CARTESIAN_POINT ( 'NONE',  ( -1.860640646055099934, -0.02272413359521719897, -7.049999999999999822 ) ) ;
#2890 = AXIS2_PLACEMENT_3D ( 'NONE', #3896, #5892, #5924 ) ;
#2889 = DIRECTION ( 'NONE',  ( 0.8506417332319294866, 0.000000000000000000, -0.5257457956885426276 ) ) ;
#2891 = ORIENTED_EDGE ( 'NONE', *, *, #6458, .F. ) ;
#2892 = DIRECTION ( 'NONE',  ( 0.000000000000000000, 1.000000000000000000, 0.000000000000000000 ) ) ;
#2893 = AXIS2_PLACEMENT_3D ( 'NONE', #1582, #5672, #4612 ) ;
#2894 = CARTESIAN_POINT ( 'NONE',  ( -4.299999999999999822, 14.25000000000000000, 7.110000000000000320 ) ) ;
#2895 = DIRECTION ( 'NONE',  ( 0.6546536707079757544, 0.3779644730092203142, 0.6546536707079826378 ) ) ;
#2896 = CARTESIAN_POINT ( 'NONE',  ( -0.6449212952916906216, -1.100000000000000089, -5.121907942722751628 ) ) ;
#2897 = CARTESIAN_POINT ( 'NONE',  ( -1.627770600014347242E-14, -3.120000000000014317, -12.09999999999999964 ) ) ;
#2898 = DIRECTION ( 'NONE',  ( -0.000000000000000000, 1.000000000000000000, 0.000000000000000000 ) ) ;
#2899 = ORIENTED_EDGE ( 'NONE', *, *, #644, .T. ) ;
#2900 = DIRECTION ( 'NONE',  ( 0.000000000000000000, 0.000000000000000000, 1.000000000000000000 ) ) ;
#2901 = ORIENTED_EDGE ( 'NONE', *, *, #3526, .T. ) ;
#2902 = LINE ( 'NONE', #6574, #2571 ) ;
#2903 = ADVANCED_FACE ( 'NONE', ( #1667 ), #3719, .F. ) ;
#2904 = CARTESIAN_POINT ( 'NONE',  ( 5.022935505693829406, -2.808254262871209050, -20.50000000000000000 ) ) ;
#2905 = DIRECTION ( 'NONE',  ( -1.000000000000000000, 0.000000000000000000, -0.000000000000000000 ) ) ;
#2906 = CARTESIAN_POINT ( 'NONE',  ( -5.178078794302000354, -2.500000000000000000, -0.5000000000000000000 ) ) ;
#2907 = VERTEX_POINT ( 'NONE', #2279 ) ;
#2908 = ORIENTED_EDGE ( 'NONE', *, *, #6398, .F. ) ;
#2909 = ORIENTED_EDGE ( 'NONE', *, *, #3633, .F. ) ;
#2910 = CARTESIAN_POINT ( 'NONE',  ( -4.320000000000000284, 5.290474172316569918E-16, -1.084202172485504040E-15 ) ) ;
#2911 = EDGE_CURVE ( 'NONE', #2328, #3764, #219, .T. ) ;
#2912 = CARTESIAN_POINT ( 'NONE',  ( 1.249999999999987121, 7.100000000000007638, -18.95614035087720595 ) ) ;
#2913 = DIRECTION ( 'NONE',  ( 0.000000000000000000, 0.000000000000000000, 1.000000000000000000 ) ) ;
#2914 = CARTESIAN_POINT ( 'NONE',  ( -13.39620822693661495, -2.499999999999996891, 7.166987298107790672 ) ) ;
#2915 = ORIENTED_EDGE ( 'NONE', *, *, #1630, .F. ) ;
#2916 = DIRECTION ( 'NONE',  ( -0.4843402832710267392, 0.3889846523559724600, -0.7836487926567902162 ) ) ;
#2917 = ADVANCED_FACE ( 'NONE', ( #115 ), #3498, .T. ) ;
#2918 = CARTESIAN_POINT ( 'NONE',  ( -4.100000000000020961, -1.452830911130575942E-14, -12.09999999999999964 ) ) ;
#2919 = CARTESIAN_POINT ( 'NONE',  ( -2.146720301521298779E-14, -1.452830911130575942E-14, -20.19999999999999929 ) ) ;
#2920 = DIRECTION ( 'NONE',  ( 0.4999999999999998890, -0.8660254037844387076, -1.652370059589720204E-15 ) ) ;
#2921 = DIRECTION ( 'NONE',  ( 1.279294598802953755E-16, 1.000000000000000000, 0.000000000000000000 ) ) ;
#2922 = EDGE_LOOP ( 'NONE', ( #4430, #3120, #700, #4216 ) ) ;
#2923 = CARTESIAN_POINT ( 'NONE',  ( 1.415348254160486263, 5.745059619426003295, -0.6653482541604843759 ) ) ;
#2924 = EDGE_CURVE ( 'NONE', #3770, #3845, #4510, .T. ) ;
#2925 = PLANE ( 'NONE',  #5130 ) ;
#2926 = EDGE_CURVE ( 'NONE', #5727, #4135, #1772, .T. ) ;
#2927 = EDGE_CURVE ( 'NONE', #1008, #3268, #6085, .T. ) ;
#2928 = CARTESIAN_POINT ( 'NONE',  ( 7.511572993685779379E-16, 1.100000000000000089, -20.50000000000000000 ) ) ;
#2929 = CARTESIAN_POINT ( 'NONE',  ( -1.427083673091234850, -1.191627387230632082E-05, -4.805586782346365382 ) ) ;
#2930 = AXIS2_PLACEMENT_3D ( 'NONE', #3506, #4528, #6603 ) ;
#2931 = CARTESIAN_POINT ( 'NONE',  ( -1.076245428865500120, 1.253407300267276980, -8.521939809634567098 ) ) ;
#2932 = PLANE ( 'NONE',  #903 ) ;
#2933 = CARTESIAN_POINT ( 'NONE',  ( -0.7195528743098043023, -1.099999999999999867, -8.799031974535154177 ) ) ;
#2934 = CARTESIAN_POINT ( 'NONE',  ( -9.799999999999998934, 5.599999999999999645, -12.25000000000000000 ) ) ;
#2935 = VERTEX_POINT ( 'NONE', #6525 ) ;
#2936 = VECTOR ( 'NONE', #2468, 1000.000000000000000 ) ;
#2937 = PLANE ( 'NONE',  #1488 ) ;
#2938 = LINE ( 'NONE', #4396, #1469 ) ;
#2939 = CARTESIAN_POINT ( 'NONE',  ( -24.87000000000000099, 5.759847698853310938, -20.24015230114670771 ) ) ;
#2940 = EDGE_LOOP ( 'NONE', ( #5025, #5223, #2472, #3324 ) ) ;
#2941 = ORIENTED_EDGE ( 'NONE', *, *, #2127, .F. ) ;
#2942 = ORIENTED_EDGE ( 'NONE', *, *, #382, .T. ) ;
#2943 = LINE ( 'NONE', #5019, #6381 ) ;
#2944 = CARTESIAN_POINT ( 'NONE',  ( -20.21999999999999886, 1.000000000000000000, 4.899999999999999467 ) ) ;
#2945 = EDGE_CURVE ( 'NONE', #5638, #5874, #2412, .T. ) ;
#2946 = ORIENTED_EDGE ( 'NONE', *, *, #3681, .T. ) ;
#2947 = DIRECTION ( 'NONE',  ( 1.707175680383139835E-16, 1.000000000000000000, 0.000000000000000000 ) ) ;
#2948 = DIRECTION ( 'NONE',  ( 0.000000000000000000, 0.000000000000000000, 1.000000000000000000 ) ) ;
#2949 = DIRECTION ( 'NONE',  ( 0.000000000000000000, 0.000000000000000000, 1.000000000000000000 ) ) ;
#2950 = VECTOR ( 'NONE', #5096, 1000.000000000000000 ) ;
#2951 = DIRECTION ( 'NONE',  ( -1.000000000000000000, 0.000000000000000000, 0.000000000000000000 ) ) ;
#2952 = AXIS2_PLACEMENT_3D ( 'NONE', #2216, #2110, #84 ) ;
#2953 = ORIENTED_EDGE ( 'NONE', *, *, #2202, .T. ) ;
#2954 = CARTESIAN_POINT ( 'NONE',  ( -5.282200125479920239, -2.665891832924875082, -0.6658918329248749712 ) ) ;
#2955 = ORIENTED_EDGE ( 'NONE', *, *, #603, .F. ) ;
#2956 = EDGE_CURVE ( 'NONE', #1971, #5815, #693, .T. ) ;
#2957 = AXIS2_PLACEMENT_3D ( 'NONE', #16, #3596, #578 ) ;
#2958 = DIRECTION ( 'NONE',  ( 0.000000000000000000, -1.000000000000000000, 0.000000000000000000 ) ) ;
#2959 = AXIS2_PLACEMENT_3D ( 'NONE', #5788, #2786, #618 ) ;
#2960 = CARTESIAN_POINT ( 'NONE',  ( -1.750000000000000000, -6.000000000000000000, -20.00000000000000000 ) ) ;
#2961 = EDGE_CURVE ( 'NONE', #636, #3967, #2347, .T. ) ;
#2962 = AXIS2_PLACEMENT_3D ( 'NONE', #3979, #5144, #893 ) ;
#2963 = CARTESIAN_POINT ( 'NONE',  ( 2.206173157302017351, -2.206173157302028898, -12.55000000000000071 ) ) ;
#2964 = VECTOR ( 'NONE', #6000, 1000.000000000000000 ) ;
#2965 = DIRECTION ( 'NONE',  ( -0.4999999999999952816, -0.5025327086122913789, -0.7053090647190056739 ) ) ;
#2966 = FACE_OUTER_BOUND ( 'NONE', #6516, .T. ) ;
#2967 = CARTESIAN_POINT ( 'NONE',  ( -9.849999999999999645, 20.24999999999999645, -0.4999999999999917843 ) ) ;
#2968 = DIRECTION ( 'NONE',  ( 0.000000000000000000, 0.000000000000000000, 1.000000000000000000 ) ) ;
#2969 = ORIENTED_EDGE ( 'NONE', *, *, #5445, .F. ) ;
#2970 = DIRECTION ( 'NONE',  ( 0.8506417332319273772, 0.000000000000000000, 0.5257457956885461803 ) ) ;
#2971 = CARTESIAN_POINT ( 'NONE',  ( -9.799999999999998934, 8.828427124746188071, -5.750000000000000000 ) ) ;
#2972 = FACE_OUTER_BOUND ( 'NONE', #2151, .T. ) ;
#2973 = CARTESIAN_POINT ( 'NONE',  ( -4.299999999999999822, 14.75000000000000000, 11.75999999999999979 ) ) ;
#2974 = ORIENTED_EDGE ( 'NONE', *, *, #12, .F. ) ;
#2975 = ORIENTED_EDGE ( 'NONE', *, *, #4815, .T. ) ;
#2976 = EDGE_LOOP ( 'NONE', ( #2039, #6202, #2336, #1027 ) ) ;
#2977 = CARTESIAN_POINT ( 'NONE',  ( 1.249999999999987121, 6.290137394593912745, -20.09278962162260029 ) ) ;
#2978 = EDGE_CURVE ( 'NONE', #520, #1556, #3187, .T. ) ;
#2979 = DIRECTION ( 'NONE',  ( 0.4999999999999949485, 0.5025327086122916009, 0.7053090647190057849 ) ) ;
#2980 = AXIS2_PLACEMENT_3D ( 'NONE', #3210, #3178, #2227 ) ;
#2981 = ORIENTED_EDGE ( 'NONE', *, *, #5869, .T. ) ;
#2982 = FACE_OUTER_BOUND ( 'NONE', #1182, .T. ) ;
#2983 = LINE ( 'NONE', #225, #900 ) ;
#2984 = DIRECTION ( 'NONE',  ( 0.000000000000000000, 0.000000000000000000, -1.000000000000000000 ) ) ;
#2985 = ADVANCED_FACE ( 'NONE', ( #5513 ), #6560, .F. ) ;
#2986 = AXIS2_PLACEMENT_3D ( 'NONE', #3235, #687, #153 ) ;
#2987 = VERTEX_POINT ( 'NONE', #5579 ) ;
#2988 = CARTESIAN_POINT ( 'NONE',  ( -8.969671046500664602, -2.500000000000000000, -0.5000000000000000000 ) ) ;
#2989 = CIRCLE ( 'NONE', #927, 2.100000000000000089 ) ;
#2990 = ORIENTED_EDGE ( 'NONE', *, *, #455, .T. ) ;
#2991 = CIRCLE ( 'NONE', #3326, 4.320000000000000284 ) ;
#2992 = EDGE_CURVE ( 'NONE', #4325, #642, #2818, .T. ) ;
#2993 = CARTESIAN_POINT ( 'NONE',  ( -0.6903833563157050213, 1.100000000000000755, -8.856965715180798782 ) ) ;
#2994 = CARTESIAN_POINT ( 'NONE',  ( -3.472398364762358192, -5.507185195943733014, -3.507185195943733014 ) ) ;
#2995 = PLANE ( 'NONE',  #4823 ) ;
#2996 = ORIENTED_EDGE ( 'NONE', *, *, #3029, .F. ) ;
#2997 = AXIS2_PLACEMENT_3D ( 'NONE', #2038, #2414, #5613 ) ;
#2998 = DIRECTION ( 'NONE',  ( 0.000000000000000000, 0.000000000000000000, -1.000000000000000000 ) ) ;
#2999 = CARTESIAN_POINT ( 'NONE',  ( -0.9749999999999999778, 0.4624999999999940270, -6.248926501499400210 ) ) ;
#3000 = ORIENTED_EDGE ( 'NONE', *, *, #2490, .T. ) ;
#3001 = CARTESIAN_POINT ( 'NONE',  ( 0.000000000000000000, 13.21980617317236906, -9.419111898385313708 ) ) ;
#3002 = EDGE_LOOP ( 'NONE', ( #4785, #2832, #1851, #2942 ) ) ;
#3003 = VECTOR ( 'NONE', #3790, 1000.000000000000000 ) ;
#3004 = CARTESIAN_POINT ( 'NONE',  ( -0.3252691193458258634, -4.087077195258210338, -12.34999999999999964 ) ) ;
#3005 = DIRECTION ( 'NONE',  ( 0.7071067811865480168, -8.761676666762124726E-17, 0.7071067811865470176 ) ) ;
#3006 = DIRECTION ( 'NONE',  ( 1.000000000000000000, 0.000000000000000000, -1.032573497605239882E-16 ) ) ;
#3007 = CARTESIAN_POINT ( 'NONE',  ( -21.91999999999999815, 1.000000000000000000, 4.899999999999999467 ) ) ;
#3008 = EDGE_LOOP ( 'NONE', ( #5669, #5394, #4166, #2417 ) ) ;
#3009 = ADVANCED_FACE ( 'NONE', ( #3866 ), #3996, .F. ) ;
#3010 = VERTEX_POINT ( 'NONE', #3895 ) ;
#3011 = ORIENTED_EDGE ( 'NONE', *, *, #4518, .F. ) ;
#3012 = CARTESIAN_POINT ( 'NONE',  ( -5.482928049865329889, -3.000000000000000000, -20.00000000000000000 ) ) ;
#3013 = EDGE_CURVE ( 'NONE', #372, #2505, #3358, .T. ) ;
#3014 = DIRECTION ( 'NONE',  ( -1.000000000000000000, 0.000000000000000000, 0.000000000000000000 ) ) ;
#3015 = ORIENTED_EDGE ( 'NONE', *, *, #4203, .T. ) ;
#3016 = CARTESIAN_POINT ( 'NONE',  ( -4.320000000000000284, 5.290474172316569918E-16, -15.92999999999999972 ) ) ;
#3017 = CARTESIAN_POINT ( 'NONE',  ( 1.701890432406574893, -5.666628091352079899, -0.6666280913520760132 ) ) ;
#3018 = CARTESIAN_POINT ( 'NONE',  ( -24.87000000000000099, 5.500000000000000000, -0.5000000000000000000 ) ) ;
#3019 = VERTEX_POINT ( 'NONE', #780 ) ;
#3020 = LINE ( 'NONE', #3933, #5894 ) ;
#3021 = VERTEX_POINT ( 'NONE', #3929 ) ;
#3022 = ADVANCED_FACE ( 'NONE', ( #4477 ), #349, .T. ) ;
#3023 = CARTESIAN_POINT ( 'NONE',  ( -1.350000000000000089, 14.75000000000000000, 8.810000000000000497 ) ) ;
#3024 = LINE ( 'NONE', #1499, #722 ) ;
#3025 = CARTESIAN_POINT ( 'NONE',  ( -1.750000000000000000, -6.000000000000000000, -1.000000000000000000 ) ) ;
#3026 = VERTEX_POINT ( 'NONE', #290 ) ;
#3027 = DIRECTION ( 'NONE',  ( 0.000000000000000000, 0.000000000000000000, -1.000000000000000000 ) ) ;
#3028 = EDGE_CURVE ( 'NONE', #3932, #570, #1320, .T. ) ;
#3029 = EDGE_CURVE ( 'NONE', #3631, #3077, #3055, .T. ) ;
#3030 = DIRECTION ( 'NONE',  ( 1.000000000000000000, 0.000000000000000000, -1.279294598802955727E-16 ) ) ;
#3031 = CARTESIAN_POINT ( 'NONE',  ( -10.34999999999999964, 6.600000000000004974, -1.600000000000009637 ) ) ;
#3032 = ORIENTED_EDGE ( 'NONE', *, *, #2431, .T. ) ;
#3033 = LINE ( 'NONE', #6141, #5293 ) ;
#3034 = AXIS2_PLACEMENT_3D ( 'NONE', #5950, #3353, #5469 ) ;
#3035 = CARTESIAN_POINT ( 'NONE',  ( 2.204346366800645995, 5.562960272437835307, -20.29486552479450978 ) ) ;
#3036 = CARTESIAN_POINT ( 'NONE',  ( 6.067330549755799218, -1.499999999999998446, -1.000000000000000000 ) ) ;
#3037 = CARTESIAN_POINT ( 'NONE',  ( 1.750000000000000000, -6.000000000000000000, -20.00000000000000000 ) ) ;
#3038 = ADVANCED_FACE ( 'NONE', ( #2379 ), #1591, .F. ) ;
#3039 = ORIENTED_EDGE ( 'NONE', *, *, #4938, .F. ) ;
#3040 = ORIENTED_EDGE ( 'NONE', *, *, #2345, .T. ) ;
#3041 = ORIENTED_EDGE ( 'NONE', *, *, #5988, .T. ) ;
#3042 = LINE ( 'NONE', #5741, #4301 ) ;
#3043 = DIRECTION ( 'NONE',  ( 1.000000000000000000, -1.279294598802953755E-16, 0.000000000000000000 ) ) ;
#3044 = EDGE_CURVE ( 'NONE', #4018, #2282, #2742, .T. ) ;
#3045 = LINE ( 'NONE', #4096, #359 ) ;
#3046 = ORIENTED_EDGE ( 'NONE', *, *, #241, .T. ) ;
#3047 = CARTESIAN_POINT ( 'NONE',  ( 5.524589645908950075, -2.922568946032860993, -20.00000000000000000 ) ) ;
#3048 = ORIENTED_EDGE ( 'NONE', *, *, #1422, .T. ) ;
#3049 = PLANE ( 'NONE',  #3926 ) ;
#3050 = DIRECTION ( 'NONE',  ( 0.000000000000000000, -0.7071067811865475727, -0.7071067811865475727 ) ) ;
#3051 = ORIENTED_EDGE ( 'NONE', *, *, #453, .F. ) ;
#3052 = PLANE ( 'NONE',  #2734 ) ;
#3053 = ORIENTED_EDGE ( 'NONE', *, *, #1493, .T. ) ;
#3054 = CARTESIAN_POINT ( 'NONE',  ( 0.1103915093306062356, 13.63075402659304025, -9.790169787237857690 ) ) ;
#3055 = CIRCLE ( 'NONE', #1435, 2.099602749461808582 ) ;
#3056 = VECTOR ( 'NONE', #2749, 1000.000000000000000 ) ;
#3057 = LINE ( 'NONE', #5654, #2856 ) ;
#3058 = CARTESIAN_POINT ( 'NONE',  ( -0.9010707995998507025, -1.131629990190815782, -8.635709911747024847 ) ) ;
#3059 = EDGE_CURVE ( 'NONE', #5491, #4736, #5120, .T. ) ;
#3060 = CARTESIAN_POINT ( 'NONE',  ( 5.199085480780915702, -2.808254262871201057, -20.34096463314682524 ) ) ;
#3061 = ORIENTED_EDGE ( 'NONE', *, *, #3941, .T. ) ;
#3062 = AXIS2_PLACEMENT_3D ( 'NONE', #5525, #860, #4422 ) ;
#3063 = DIRECTION ( 'NONE',  ( 0.000000000000000000, 0.000000000000000000, 1.000000000000000000 ) ) ;
#3064 = VECTOR ( 'NONE', #5985, 1000.000000000000000 ) ;
#3065 = CYLINDRICAL_SURFACE ( 'NONE', #2516, 6.250000000000000000 ) ;
#3066 = LINE ( 'NONE', #4635, #1621 ) ;
#3067 = CARTESIAN_POINT ( 'NONE',  ( 0.000000000000000000, 0.000000000000000000, -0.5000000000000004441 ) ) ;
#3068 = ORIENTED_EDGE ( 'NONE', *, *, #5798, .F. ) ;
#3069 = AXIS2_PLACEMENT_3D ( 'NONE', #4168, #4650, #6259 ) ;
#3070 = DIRECTION ( 'NONE',  ( 0.000000000000000000, -1.000000000000000000, 0.000000000000000000 ) ) ;
#3071 = VECTOR ( 'NONE', #4452, 1000.000000000000000 ) ;
#3072 = LINE ( 'NONE', #557, #1903 ) ;
#3073 = CIRCLE ( 'NONE', #1990, 6.250000000000000000 ) ;
#3074 = FACE_OUTER_BOUND ( 'NONE', #1599, .T. ) ;
#3075 = ADVANCED_FACE ( 'NONE', ( #213, #2708 ), #1111, .T. ) ;
#3076 = CARTESIAN_POINT ( 'NONE',  ( -21.91999999999999815, 3.100000000000008971, 8.349999999999999645 ) ) ;
#3077 = VERTEX_POINT ( 'NONE', #3197 ) ;
#3078 = EDGE_CURVE ( 'NONE', #6397, #4156, #3217, .T. ) ;
#3079 = VERTEX_POINT ( 'NONE', #2779 ) ;
#3080 = EDGE_LOOP ( 'NONE', ( #6605, #1281, #2674, #5232 ) ) ;
#3081 = FACE_BOUND ( 'NONE', #3953, .T. ) ;
#3082 = DIRECTION ( 'NONE',  ( 1.770125995894701942E-15, 0.000000000000000000, 1.000000000000000000 ) ) ;
#3083 = VERTEX_POINT ( 'NONE', #1187 ) ;
#3084 = VECTOR ( 'NONE', #1470, 1000.000000000000114 ) ;
#3085 = EDGE_CURVE ( 'NONE', #2211, #1310, #6432, .T. ) ;
#3086 = EDGE_LOOP ( 'NONE', ( #1323, #3666 ) ) ;
#3087 = CARTESIAN_POINT ( 'NONE',  ( 5.482928049865329889, -3.000000000000000000, -1.000000000000000000 ) ) ;
#3088 = PLANE ( 'NONE',  #1696 ) ;
#3089 = EDGE_LOOP ( 'NONE', ( #5269, #1402, #385 ) ) ;
#3090 = CARTESIAN_POINT ( 'NONE',  ( -1.631436414329910135E-16, -2.500000000000000000, -0.5000000000000000000 ) ) ;
#3091 = EDGE_LOOP ( 'NONE', ( #1119, #2572, #4181 ) ) ;
#3092 = FACE_BOUND ( 'NONE', #499, .T. ) ;
#3093 = EDGE_CURVE ( 'NONE', #2885, #4781, #610, .T. ) ;
#3094 = CARTESIAN_POINT ( 'NONE',  ( -4.100000000000020961, -1.452830911130575942E-14, -20.19999999999999929 ) ) ;
#3095 = CARTESIAN_POINT ( 'NONE',  ( 0.8275426480542730223, -1.433345911860131938, -10.91000000000000014 ) ) ;
#3096 = ADVANCED_FACE ( 'NONE', ( #4749 ), #1656, .F. ) ;
#3097 = AXIS2_PLACEMENT_3D ( 'NONE', #863, #6512, #802 ) ;
#3098 = CARTESIAN_POINT ( 'NONE',  ( 0.000000000000000000, 0.000000000000000000, 0.000000000000000000 ) ) ;
#3099 = ORIENTED_EDGE ( 'NONE', *, *, #3371, .F. ) ;
#3100 = DIRECTION ( 'NONE',  ( 0.000000000000000000, 0.000000000000000000, 1.000000000000000000 ) ) ;
#3101 = LINE ( 'NONE', #5176, #6542 ) ;
#3102 = AXIS2_PLACEMENT_3D ( 'NONE', #3140, #5864, #1200 ) ;
#3103 = DIRECTION ( 'NONE',  ( 0.000000000000000000, 0.000000000000000000, 1.000000000000000000 ) ) ;
#3104 = DIRECTION ( 'NONE',  ( -1.000000000000000000, 0.000000000000000000, 0.000000000000000000 ) ) ;
#3105 = VERTEX_POINT ( 'NONE', #4306 ) ;
#3106 = CARTESIAN_POINT ( 'NONE',  ( -18.36999999999999389, 3.600000000000001865, 4.899999999999999467 ) ) ;
#3107 = ORIENTED_EDGE ( 'NONE', *, *, #4298, .T. ) ;
#3108 = CARTESIAN_POINT ( 'NONE',  ( -0.7636325855405680096, 1.100000000000000089, -8.755482072422580586 ) ) ;
#3109 = AXIS2_PLACEMENT_3D ( 'NONE', #1833, #3867, #1291 ) ;
#3110 = CARTESIAN_POINT ( 'NONE',  ( -21.91999999999999815, 0.5000000000000004441, 8.349999999999999645 ) ) ;
#3111 = CARTESIAN_POINT ( 'NONE',  ( 2.260311292013649886, 6.089688707986358196, -19.78418067034456129 ) ) ;
#3112 = ORIENTED_EDGE ( 'NONE', *, *, #2773, .T. ) ;
#3113 = ORIENTED_EDGE ( 'NONE', *, *, #1003, .T. ) ;
#3114 = VECTOR ( 'NONE', #565, 1000.000000000000000 ) ;
#3115 = ADVANCED_FACE ( 'NONE', ( #5304 ), #1708, .F. ) ;
#3116 = ADVANCED_FACE ( 'NONE', ( #1776 ), #5927, .F. ) ;
#3117 = ORIENTED_EDGE ( 'NONE', *, *, #5585, .F. ) ;
#3118 = PLANE ( 'NONE',  #4731 ) ;
#3119 = LINE ( 'NONE', #2604, #337 ) ;
#3120 = ORIENTED_EDGE ( 'NONE', *, *, #6188, .T. ) ;
#3121 = EDGE_LOOP ( 'NONE', ( #4953, #6145, #3514, #3154, #3255 ) ) ;
#3122 = ADVANCED_FACE ( 'NONE', ( #4445 ), #1706, .T. ) ;
#3123 = VERTEX_POINT ( 'NONE', #2476 ) ;
#3124 = DIRECTION ( 'NONE',  ( 0.6546536707079746442, 0.000000000000000000, -0.7559289460184566156 ) ) ;
#3125 = DIRECTION ( 'NONE',  ( -0.8660254037844387076, 0.4999999999999998890, 0.000000000000000000 ) ) ;
#3126 = ORIENTED_EDGE ( 'NONE', *, *, #5848, .F. ) ;
#3127 = DIRECTION ( 'NONE',  ( 0.000000000000000000, -0.8660254037844387076, -0.4999999999999998890 ) ) ;
#3128 = EDGE_CURVE ( 'NONE', #4863, #2705, #6118, .T. ) ;
#3129 = VERTEX_POINT ( 'NONE', #376 ) ;
#3130 = DIRECTION ( 'NONE',  ( 0.6293203910498316178, 0.6329238020387264463, -0.4509582089525925874 ) ) ;
#3131 = CARTESIAN_POINT ( 'NONE',  ( 3.120000000000000107, 1.910449006669872443E-16, -12.34999999999999964 ) ) ;
#3132 = LINE ( 'NONE', #6269, #611 ) ;
#3133 = VERTEX_POINT ( 'NONE', #6657 ) ;
#3134 = ADVANCED_FACE ( 'NONE', ( #1419 ), #5059, .T. ) ;
#3135 = DIRECTION ( 'NONE',  ( 1.000000000000000000, 0.000000000000000000, 0.000000000000000000 ) ) ;
#3136 = EDGE_CURVE ( 'NONE', #141, #3446, #4575, .T. ) ;
#3137 = ORIENTED_EDGE ( 'NONE', *, *, #1249, .F. ) ;
#3138 = CARTESIAN_POINT ( 'NONE',  ( 2.018414946423775280, -0.3458894077880425022, -11.41000000000000014 ) ) ;
#3139 = ORIENTED_EDGE ( 'NONE', *, *, #4203, .F. ) ;
#3140 = CARTESIAN_POINT ( 'NONE',  ( -2.146720301521298779E-14, -1.452830911130575942E-14, -12.55000000000000071 ) ) ;
#3141 = CARTESIAN_POINT ( 'NONE',  ( -9.906592557399152454, 17.95912659306804571, -29.87231170786633427 ) ) ;
#3142 = SURFACE_STYLE_FILL_AREA ( #2155 ) ;
#3143 = CARTESIAN_POINT ( 'NONE',  ( -8.680995911905851514, 0.000000000000000000, -0.5000000000000000000 ) ) ;
#3144 = VERTEX_POINT ( 'NONE', #4991 ) ;
#3145 = ORIENTED_EDGE ( 'NONE', *, *, #3421, .F. ) ;
#3146 = DIRECTION ( 'NONE',  ( -1.000000000000000000, 0.000000000000000000, 0.000000000000000000 ) ) ;
#3147 = VERTEX_POINT ( 'NONE', #2442 ) ;
#3148 = LINE ( 'NONE', #5220, #6271 ) ;
#3149 = VECTOR ( 'NONE', #3958, 1000.000000000000000 ) ;
#3150 = LINE ( 'NONE', #5221, #4766 ) ;
#3151 = VERTEX_POINT ( 'NONE', #2407 ) ;
#3152 = AXIS2_PLACEMENT_3D ( 'NONE', #1375, #1307, #3443 ) ;
#3153 = VERTEX_POINT ( 'NONE', #6522 ) ;
#3154 = ORIENTED_EDGE ( 'NONE', *, *, #6638, .F. ) ;
#3155 = DIRECTION ( 'NONE',  ( -0.5824722300990982093, -0.000000000000000000, 0.8128506019948457118 ) ) ;
#3156 = CARTESIAN_POINT ( 'NONE',  ( 0.5292377467571319771, -1.100000000000000089, -10.41000000000000014 ) ) ;
#3157 = VECTOR ( 'NONE', #2497, 999.9999999999998863 ) ;
#3158 = ORIENTED_EDGE ( 'NONE', *, *, #3339, .F. ) ;
#3159 = ADVANCED_FACE ( 'NONE', ( #6615 ), #843, .F. ) ;
#3160 = DIRECTION ( 'NONE',  ( 1.000000000000000000, 0.000000000000000000, 0.000000000000000000 ) ) ;
#3161 = ORIENTED_EDGE ( 'NONE', *, *, #1955, .T. ) ;
#3162 = EDGE_CURVE ( 'NONE', #6461, #5582, #3422, .T. ) ;
#3163 = CARTESIAN_POINT ( 'NONE',  ( -1.105356974374221979, -1.285465559880831998, -8.508258552768639404 ) ) ;
#3164 = DIRECTION ( 'NONE',  ( 1.000000000000000000, 0.000000000000000000, 0.000000000000000000 ) ) ;
#3165 = DIRECTION ( 'NONE',  ( -0.7071067811865493491, 0.7071067811865456854, 0.000000000000000000 ) ) ;
#3166 = ORIENTED_EDGE ( 'NONE', *, *, #5044, .T. ) ;
#3167 = EDGE_CURVE ( 'NONE', #2557, #1165, #3813, .T. ) ;
#3168 = CARTESIAN_POINT ( 'NONE',  ( 4.320000000000000284, 0.000000000000000000, -15.92999999999999972 ) ) ;
#3169 = CONICAL_SURFACE ( 'NONE', #1103, 6.250000000000000000, 0.7853981633974476129 ) ;
#3170 = VECTOR ( 'NONE', #6165, 999.9999999999998863 ) ;
#3171 = ORIENTED_EDGE ( 'NONE', *, *, #930, .F. ) ;
#3172 = LINE ( 'NONE', #3646, #368 ) ;
#3173 = EDGE_CURVE ( 'NONE', #3194, #4852, #3045, .T. ) ;
#3174 = DIRECTION ( 'NONE',  ( 0.8660254037844384856, -0.5000000000000003331, 0.000000000000000000 ) ) ;
#3175 =( BOUNDED_CURVE ( )  B_SPLINE_CURVE ( 3, ( #1478, #5631, #3035, #5112 ),
 .UNSPECIFIED., .F., .T. ) 
 B_SPLINE_CURVE_WITH_KNOTS ( ( 4, 4 ),
 ( 5.533422707153753173, 5.913368459216927775 ),
 .UNSPECIFIED. ) 
 CURVE ( )  GEOMETRIC_REPRESENTATION_ITEM ( )  RATIONAL_B_SPLINE_CURVE ( ( 1.000000000000000000, 0.9880062382391576747, 0.9880062382391576747, 1.000000000000000000 ) ) 
 REPRESENTATION_ITEM ( '' )  );
#3176 = LINE ( 'NONE', #3310, #6366 ) ;
#3177 = TOROIDAL_SURFACE ( 'NONE', #3606, 2.599602749461809914, 0.5000000000000000000 ) ;
#3178 = DIRECTION ( 'NONE',  ( 0.000000000000000000, 0.000000000000000000, -1.000000000000000000 ) ) ;
#3179 = CIRCLE ( 'NONE', #6433, 2.100000000000000089 ) ;
#3180 = FACE_BOUND ( 'NONE', #2878, .T. ) ;
#3181 = CARTESIAN_POINT ( 'NONE',  ( 1.212435565298211948, -2.100000000000000089, -2.000000000000000000 ) ) ;
#3182 = ORIENTED_EDGE ( 'NONE', *, *, #277, .T. ) ;
#3183 = ORIENTED_EDGE ( 'NONE', *, *, #1369, .T. ) ;
#3184 = VECTOR ( 'NONE', #1071, 1000.000000000000000 ) ;
#3185 = ORIENTED_EDGE ( 'NONE', *, *, #5444, .F. ) ;
#3186 = AXIS2_PLACEMENT_3D ( 'NONE', #2498, #4567, #2059 ) ;
#3187 = CIRCLE ( 'NONE', #2210, 3.899999999999999911 ) ;
#3188 = CARTESIAN_POINT ( 'NONE',  ( -1.270170592217179983, 9.757819552369538328E-15, -10.41000000000000014 ) ) ;
#3189 = LINE ( 'NONE', #6320, #1733 ) ;
#3190 = AXIS2_PLACEMENT_3D ( 'NONE', #3001, #4636, #5077 ) ;
#3191 = EDGE_LOOP ( 'NONE', ( #1099, #5560, #4146, #5671 ) ) ;
#3192 = VECTOR ( 'NONE', #1266, 1000.000000000000114 ) ;
#3193 = ORIENTED_EDGE ( 'NONE', *, *, #2338, .T. ) ;
#3194 = VERTEX_POINT ( 'NONE', #5121 ) ;
#3195 = B_SPLINE_CURVE_WITH_KNOTS ( 'NONE', 3,
 ( #2469, #4017, #3111, #4607 ),
 .UNSPECIFIED., .F., .F.,
 ( 4, 4 ),
 ( -0.0005751156511876299266, 0.001495972758915472493 ),
 .UNSPECIFIED. ) ;
#3196 = CARTESIAN_POINT ( 'NONE',  ( -1.105356974374213985, 1.285465559880835773, -8.508258552768630523 ) ) ;
#3197 = CARTESIAN_POINT ( 'NONE',  ( -1.847520861406785064, 2.129189492603024805E-14, -4.950561220099349846 ) ) ;
#3198 = ORIENTED_EDGE ( 'NONE', *, *, #3444, .T. ) ;
#3199 = DIRECTION ( 'NONE',  ( 0.000000000000000000, 0.000000000000000000, 1.000000000000000000 ) ) ;
#3200 = ORIENTED_EDGE ( 'NONE', *, *, #1718, .T. ) ;
#3201 = PLANE ( 'NONE',  #44 ) ;
#3202 = ADVANCED_FACE ( 'NONE', ( #478 ), #6185, .T. ) ;
#3203 = CARTESIAN_POINT ( 'NONE',  ( -1.899999999999999911, -0.06440427609706109169, -4.950987830139989221 ) ) ;
#3204 = VERTEX_POINT ( 'NONE', #4279 ) ;
#3205 = ORIENTED_EDGE ( 'NONE', *, *, #2127, .T. ) ;
#3206 = CARTESIAN_POINT ( 'NONE',  ( 2.040000000000000036, -1.873637355284489959E-14, -11.41000000000000014 ) ) ;
#3207 = VECTOR ( 'NONE', #2455, 1000.000000000000000 ) ;
#3208 = CARTESIAN_POINT ( 'NONE',  ( -9.799999999999998934, 2.899999999999999911, -11.25000000000000000 ) ) ;
#3209 = DIRECTION ( 'NONE',  ( 0.000000000000000000, 0.000000000000000000, 1.000000000000000000 ) ) ;
#3210 = CARTESIAN_POINT ( 'NONE',  ( 0.000000000000000000, 0.000000000000000000, -1.000000000000000000 ) ) ;
#3211 = AXIS2_PLACEMENT_3D ( 'NONE', #6060, #5554, #387 ) ;
#3212 = DIRECTION ( 'NONE',  ( 0.000000000000000000, 0.000000000000000000, -1.000000000000000000 ) ) ;
#3213 = DIRECTION ( 'NONE',  ( 0.000000000000000000, -1.000000000000000000, 0.000000000000000000 ) ) ;
#3214 = EDGE_LOOP ( 'NONE', ( #4215, #1521, #2577, #1985 ) ) ;
#3215 = VERTEX_POINT ( 'NONE', #3801 ) ;
#3216 = DIRECTION ( 'NONE',  ( 0.000000000000000000, 0.000000000000000000, 1.000000000000000000 ) ) ;
#3217 =( BOUNDED_CURVE ( )  B_SPLINE_CURVE ( 3, ( #713, #2274, #3791, #143 ),
 .UNSPECIFIED., .F., .T. ) 
 B_SPLINE_CURVE_WITH_KNOTS ( ( 4, 4 ),
 ( 1.070141614390309526, 1.159279480727408940 ),
 .UNSPECIFIED. ) 
 CURVE ( )  GEOMETRIC_REPRESENTATION_ITEM ( )  RATIONAL_B_SPLINE_CURVE ( ( 1.000000000000000000, 0.9993379796621614242, 0.9993379796621614242, 1.000000000000000000 ) ) 
 REPRESENTATION_ITEM ( '' )  );
#3218 = DIRECTION ( 'NONE',  ( 0.8660254037844387076, 0.4999999999999998890, 0.000000000000000000 ) ) ;
#3219 = ORIENTED_EDGE ( 'NONE', *, *, #432, .T. ) ;
#3220 = PLANE ( 'NONE',  #1808 ) ;
#3221 = CARTESIAN_POINT ( 'NONE',  ( -2.096546874851387568E-14, 3.119999999999985452, -12.34999999999999964 ) ) ;
#3222 = EDGE_CURVE ( 'NONE', #6461, #3194, #2858, .T. ) ;
#3223 = VERTEX_POINT ( 'NONE', #5380 ) ;
#3224 = CIRCLE ( 'NONE', #4081, 5.750000000000000000 ) ;
#3225 = ORIENTED_EDGE ( 'NONE', *, *, #5106, .F. ) ;
#3226 = EDGE_CURVE ( 'NONE', #1177, #3144, #6216, .T. ) ;
#3227 = EDGE_CURVE ( 'NONE', #5712, #4254, #3490, .T. ) ;
#3228 = ORIENTED_EDGE ( 'NONE', *, *, #5489, .F. ) ;
#3229 = LINE ( 'NONE', #4885, #5402 ) ;
#3230 = DIRECTION ( 'NONE',  ( -0.4999999999999998890, 0.8660254037844387076, 0.000000000000000000 ) ) ;
#3231 = VERTEX_POINT ( 'NONE', #1324 ) ;
#3232 = PRODUCT ( 'Filament Buffer Holder', 'Filament Buffer Holder', '', ( #5071 ) ) ;
#3233 = EDGE_LOOP ( 'NONE', ( #3625, #154, #4769, #6126 ) ) ;
#3234 = CARTESIAN_POINT ( 'NONE',  ( 0.000000000000000000, 0.000000000000000000, -20.00000000000000000 ) ) ;
#3235 = CARTESIAN_POINT ( 'NONE',  ( -21.91999999999999815, 3.600000000000002309, 2.399999999999999911 ) ) ;
#3236 = ORIENTED_EDGE ( 'NONE', *, *, #2541, .T. ) ;
#3237 = ADVANCED_FACE ( 'NONE', ( #6502 ), #785, .F. ) ;
#3238 = ORIENTED_EDGE ( 'NONE', *, *, #1068, .T. ) ;
#3239 = DIRECTION ( 'NONE',  ( 0.7422448104709120642, 0.000000000000000000, 0.6701288244278110762 ) ) ;
#3240 = LINE ( 'NONE', #556, #5825 ) ;
#3241 = CARTESIAN_POINT ( 'NONE',  ( 1.850086047296148672, 6.074600762656363173, -1.100086047296141123 ) ) ;
#3242 = DIRECTION ( 'NONE',  ( -1.000000000000000000, 0.000000000000000000, 0.000000000000000000 ) ) ;
#3243 = CARTESIAN_POINT ( 'NONE',  ( -3.899999999999999911, 0.000000000000000000, 3.000000000000000000 ) ) ;
#3244 = CARTESIAN_POINT ( 'NONE',  ( -10.34999999999999964, 12.15651554448605332, -11.16151732544630981 ) ) ;
#3245 = EDGE_CURVE ( 'NONE', #4736, #5491, #4137, .T. ) ;
#3246 = EDGE_LOOP ( 'NONE', ( #2728, #5295, #468, #1253 ) ) ;
#3247 = ORIENTED_EDGE ( 'NONE', *, *, #206, .T. ) ;
#3248 = DIRECTION ( 'NONE',  ( 0.6123724356958007986, 0.3707243206472538577, -0.6982574583064791174 ) ) ;
#3249 = ORIENTED_EDGE ( 'NONE', *, *, #3519, .T. ) ;
#3250 = CARTESIAN_POINT ( 'NONE',  ( -1.043302111751505556, -1.217129411404501926, -5.562578154781877338 ) ) ;
#3251 = DIRECTION ( 'NONE',  ( -1.000000000000000000, 0.000000000000000000, 0.000000000000000000 ) ) ;
#3252 = FACE_OUTER_BOUND ( 'NONE', #2589, .T. ) ;
#3253 = EDGE_CURVE ( 'NONE', #4873, #2987, #2256, .T. ) ;
#3254 = EDGE_CURVE ( 'NONE', #134, #5767, #1836, .T. ) ;
#3255 = ORIENTED_EDGE ( 'NONE', *, *, #1512, .F. ) ;
#3256 = EDGE_LOOP ( 'NONE', ( #3185, #167, #562, #1993 ) ) ;
#3257 = CARTESIAN_POINT ( 'NONE',  ( -23.61999999999999744, 3.600000000000001865, 2.400000000000000355 ) ) ;
#3258 = CIRCLE ( 'NONE', #2281, 1.700000000000000178 ) ;
#3259 = VERTEX_POINT ( 'NONE', #4793 ) ;
#3260 = CARTESIAN_POINT ( 'NONE',  ( -2.240935650294640118E-16, -2.000000000000000000, -0.5000000000000000000 ) ) ;
#3261 = ADVANCED_FACE ( 'NONE', ( #1806 ), #293, .T. ) ;
#3262 = CARTESIAN_POINT ( 'NONE',  ( 1.217246817541442150, 0.09166666666665450325, -10.41000000000000014 ) ) ;
#3263 = VERTEX_POINT ( 'NONE', #4895 ) ;
#3264 = ORIENTED_EDGE ( 'NONE', *, *, #5845, .T. ) ;
#3265 = CARTESIAN_POINT ( 'NONE',  ( -10.94999999999999574, 6.000000000000000000, -1.000000000000000000 ) ) ;
#3266 = CARTESIAN_POINT ( 'NONE',  ( -2.040000000000000036, 0.1700000000000165268, -11.41000000000000014 ) ) ;
#3267 = DIRECTION ( 'NONE',  ( 0.5773502691896262862, -0.5773502691896300609, 0.5773502691896210681 ) ) ;
#3268 = VERTEX_POINT ( 'NONE', #222 ) ;
#3269 = DIRECTION ( 'NONE',  ( 0.3779644730092406313, -0.9130425586713808439, -0.1532845171492057679 ) ) ;
#3270 = PRODUCT_DEFINITION_CONTEXT ( 'detailed design', #6538, 'design' ) ;
#3271 = CARTESIAN_POINT ( 'NONE',  ( 1.857794549146830176, -0.8622054508531811212, -11.41000000000000014 ) ) ;
#3272 = ADVANCED_FACE ( 'NONE', ( #6431 ), #190, .F. ) ;
#3273 = CARTESIAN_POINT ( 'NONE',  ( -1.362997016838919973E-15, -5.500000000000000000, -20.50000000000000000 ) ) ;
#3274 = DIRECTION ( 'NONE',  ( 0.8660254037844387076, -0.4999999999999998890, 0.000000000000000000 ) ) ;
#3275 = AXIS2_PLACEMENT_3D ( 'NONE', #2425, #4386, #2864 ) ;
#3276 =( NAMED_UNIT ( * ) PLANE_ANGLE_UNIT ( ) SI_UNIT ( $, .RADIAN. ) );
#3277 = DIRECTION ( 'NONE',  ( 0.000000000000000000, 0.000000000000000000, 1.000000000000000000 ) ) ;
#3278 = B_SPLINE_CURVE_WITH_KNOTS ( 'NONE', 3,
 ( #4099, #1048, #4711, #3087 ),
 .UNSPECIFIED., .F., .F.,
 ( 4, 4 ),
 ( 0.000000000000000000, 0.0007700214728288420169 ),
 .UNSPECIFIED. ) ;
#3279 = ORIENTED_EDGE ( 'NONE', *, *, #4680, .F. ) ;
#3280 = B_SPLINE_CURVE_WITH_KNOTS ( 'NONE', 3,
 ( #3972, #6093, #2454, #2960 ),
 .UNSPECIFIED., .F., .F.,
 ( 4, 4 ),
 ( 2.100108283942809817E-17, 0.0007108597323403800620 ),
 .UNSPECIFIED. ) ;
#3281 = LINE ( 'NONE', #6352, #3387 ) ;
#3282 = EDGE_LOOP ( 'NONE', ( #2774, #3113, #604, #5467 ) ) ;
#3283 = AXIS2_PLACEMENT_3D ( 'NONE', #2034, #6694, #5643 ) ;
#3284 = CARTESIAN_POINT ( 'NONE',  ( -0.9000784537638936156, -1.131269648853634902, -5.463621673321243932 ) ) ;
#3285 = EDGE_CURVE ( 'NONE', #1958, #372, #2789, .T. ) ;
#3286 = CARTESIAN_POINT ( 'NONE',  ( -24.87000000000000099, -3.000000000000000000, -20.00000000000000000 ) ) ;
#3287 = CIRCLE ( 'NONE', #4138, 2.100000000000000089 ) ;
#3288 = CARTESIAN_POINT ( 'NONE',  ( -25.37000000000000099, 5.500000000000000000, -0.5000000000000000000 ) ) ;
#3289 = VECTOR ( 'NONE', #2194, 1000.000000000000000 ) ;
#3290 = VERTEX_POINT ( 'NONE', #1740 ) ;
#3291 = ORIENTED_EDGE ( 'NONE', *, *, #6544, .T. ) ;
#3292 = ORIENTED_EDGE ( 'NONE', *, *, #2654, .T. ) ;
#3293 = LINE ( 'NONE', #6394, #3003 ) ;
#3294 = CARTESIAN_POINT ( 'NONE',  ( -2.146720301521298779E-14, -1.452830911130575942E-14, -12.34999999999999964 ) ) ;
#3295 = CIRCLE ( 'NONE', #268, 2.949999999999999289 ) ;
#3296 = DIRECTION ( 'NONE',  ( -1.000000000000000000, 0.000000000000000000, 0.000000000000000000 ) ) ;
#3297 = AXIS2_PLACEMENT_3D ( 'NONE', #4841, #4904, #6409 ) ;
#3298 = VECTOR ( 'NONE', #5922, 1000.000000000000000 ) ;
#3299 = ORIENTED_EDGE ( 'NONE', *, *, #3995, .F. ) ;
#3300 = CARTESIAN_POINT ( 'NONE',  ( 0.000000000000000000, 14.25000000000000000, 0.000000000000000000 ) ) ;
#3301 = CARTESIAN_POINT ( 'NONE',  ( 0.000000000000000000, 0.000000000000000000, 3.000000000000000000 ) ) ;
#3302 = DIRECTION ( 'NONE',  ( 1.000000000000000000, -6.828702721532539617E-16, 0.000000000000000000 ) ) ;
#3303 = DIRECTION ( 'NONE',  ( 0.000000000000000000, 0.8660254037844387076, -0.4999999999999998890 ) ) ;
#3304 = ORIENTED_EDGE ( 'NONE', *, *, #216, .T. ) ;
#3305 = DIRECTION ( 'NONE',  ( -0.6123724356957991333, 0.7810405590335368631, -0.1223750184660854085 ) ) ;
#3306 = ADVANCED_FACE ( 'NONE', ( #4864 ), #3771, .T. ) ;
#3307 = EDGE_CURVE ( 'NONE', #3878, #4264, #1196, .T. ) ;
#3308 = DIRECTION ( 'NONE',  ( -0.000000000000000000, 1.000000000000000000, 0.000000000000000000 ) ) ;
#3309 = DIRECTION ( 'NONE',  ( 0.000000000000000000, -1.000000000000000000, 0.000000000000000000 ) ) ;
#3310 = CARTESIAN_POINT ( 'NONE',  ( -4.799999999999999822, -2.100000000000000089, -5.837564434701790539 ) ) ;
#3311 = CARTESIAN_POINT ( 'NONE',  ( -0.6903833563157055764, -1.099999999999999867, -5.243034284819194646 ) ) ;
#3312 = CARTESIAN_POINT ( 'NONE',  ( 3.899999999999999911, 4.776122516674677286E-16, -0.5000000000000000000 ) ) ;
#3313 = VERTEX_POINT ( 'NONE', #5961 ) ;
#3314 = CARTESIAN_POINT ( 'NONE',  ( -23.86999999999999744, -3.000000000000000000, -2.500000000000000000 ) ) ;
#3315 = VERTEX_POINT ( 'NONE', #5926 ) ;
#3316 = CARTESIAN_POINT ( 'NONE',  ( -1.563042943988855127, -1.323077901566460213, -11.41000000000000014 ) ) ;
#3317 = CARTESIAN_POINT ( 'NONE',  ( -0.3642976019479284844, 2.015173847483594738, -11.41000000000000014 ) ) ;
#3318 = LINE ( 'NONE', #3221, #1957 ) ;
#3319 = VERTEX_POINT ( 'NONE', #5348 ) ;
#3320 = ADVANCED_FACE ( 'NONE', ( #689 ), #5778, .T. ) ;
#3321 = EDGE_CURVE ( 'NONE', #702, #4325, #4830, .T. ) ;
#3322 = VERTEX_POINT ( 'NONE', #1427 ) ;
#3323 = AXIS2_PLACEMENT_3D ( 'NONE', #2586, #5101, #518 ) ;
#3324 = ORIENTED_EDGE ( 'NONE', *, *, #1515, .F. ) ;
#3325 = DIRECTION ( 'NONE',  ( 1.000000000000000000, 0.000000000000000000, -1.120467825147333864E-16 ) ) ;
#3326 = AXIS2_PLACEMENT_3D ( 'NONE', #1210, #4297, #6225 ) ;
#3327 = EDGE_CURVE ( 'NONE', #1082, #3322, #3431, .T. ) ;
#3328 = EDGE_CURVE ( 'NONE', #4403, #2315, #3613, .T. ) ;
#3329 = ORIENTED_EDGE ( 'NONE', *, *, #2431, .F. ) ;
#3330 = CARTESIAN_POINT ( 'NONE',  ( -25.37000000000000099, 3.100000000000008527, -1.000000000000000000 ) ) ;
#3331 = VECTOR ( 'NONE', #273, 1000.000000000000000 ) ;
#3332 = CARTESIAN_POINT ( 'NONE',  ( -1.628589838486296015, 10.79673032838194402, -12.81992010159994777 ) ) ;
#3333 = CARTESIAN_POINT ( 'NONE',  ( -1.675589098293664980, 1.177794549146850001, -11.41000000000000014 ) ) ;
#3334 = PLANE ( 'NONE',  #3109 ) ;
#3335 = VERTEX_POINT ( 'NONE', #2988 ) ;
#3336 = EDGE_CURVE ( 'NONE', #3446, #5074, #5617, .T. ) ;
#3337 = DIRECTION ( 'NONE',  ( 0.000000000000000000, 0.000000000000000000, 1.000000000000000000 ) ) ;
#3338 = DIRECTION ( 'NONE',  ( 0.000000000000000000, 0.000000000000000000, 1.000000000000000000 ) ) ;
#3339 = EDGE_CURVE ( 'NONE', #4403, #4992, #6218, .T. ) ;
#3340 = CARTESIAN_POINT ( 'NONE',  ( -1.609067421800872255, 3.876501465396907045E-05, -4.910837812057190277 ) ) ;
#3341 = DIRECTION ( 'NONE',  ( 1.000000000000000000, -1.548528504481993316E-16, -2.173373339623850554E-16 ) ) ;
#3342 = CARTESIAN_POINT ( 'NONE',  ( 2.725646695936454034, 5.624353304063561154, -1.000000000000000000 ) ) ;
#3343 = ORIENTED_EDGE ( 'NONE', *, *, #6540, .T. ) ;
#3344 = DIRECTION ( 'NONE',  ( 0.000000000000000000, 0.000000000000000000, -1.000000000000000000 ) ) ;
#3345 = ORIENTED_EDGE ( 'NONE', *, *, #474, .F. ) ;
#3346 = CARTESIAN_POINT ( 'NONE',  ( -1.899999999999999911, -1.850000000000000089, -8.118097998000799009 ) ) ;
#3347 = CARTESIAN_POINT ( 'NONE',  ( 0.000000000000000000, 0.000000000000000000, -16.50000000000000000 ) ) ;
#3348 = CARTESIAN_POINT ( 'NONE',  ( -17.37000000000000099, 2.600000000000001421, 7.849999999999999645 ) ) ;
#3349 = ORIENTED_EDGE ( 'NONE', *, *, #1728, .T. ) ;
#3350 = ORIENTED_EDGE ( 'NONE', *, *, #3911, .F. ) ;
#3351 = ORIENTED_EDGE ( 'NONE', *, *, #4280, .F. ) ;
#3352 = LINE ( 'NONE', #6076, #2784 ) ;
#3353 = DIRECTION ( 'NONE',  ( 0.000000000000000000, -1.000000000000000000, 0.000000000000000000 ) ) ;
#3354 = LINE ( 'NONE', #5432, #4663 ) ;
#3355 = ORIENTED_EDGE ( 'NONE', *, *, #1517, .F. ) ;
#3356 = CARTESIAN_POINT ( 'NONE',  ( -4.299999999999999822, 20.24999999999999645, 8.810000000000000497 ) ) ;
#3357 = CIRCLE ( 'NONE', #440, 1.655276662193480242 ) ;
#3358 = LINE ( 'NONE', #380, #1877 ) ;
#3359 = CARTESIAN_POINT ( 'NONE',  ( -4.799999999999999822, 29.05607232530894990, -2.500000000000000000 ) ) ;
#3360 = EDGE_CURVE ( 'NONE', #3845, #3661, #6667, .T. ) ;
#3361 = ORIENTED_EDGE ( 'NONE', *, *, #3535, .F. ) ;
#3362 = CARTESIAN_POINT ( 'NONE',  ( -0.9526279441628799916, 0.5500000000000000444, -20.50000000000000000 ) ) ;
#3363 = EDGE_CURVE ( 'NONE', #5333, #706, #4966, .T. ) ;
#3364 = DIRECTION ( 'NONE',  ( 0.7745966692414799626, 0.6237268097287687052, 0.1047132600274544439 ) ) ;
#3365 = CARTESIAN_POINT ( 'NONE',  ( -4.235787082687616056, 14.03486293352439596, -9.309165464811485435 ) ) ;
#3366 = ADVANCED_FACE ( 'NONE', ( #6529 ), #3529, .F. ) ;
#3367 = CARTESIAN_POINT ( 'NONE',  ( -1.508058020650283160, -3.580744087947984009E-05, -4.864792983505592083 ) ) ;
#3368 = VECTOR ( 'NONE', #1790, 1000.000000000000000 ) ;
#3369 = CARTESIAN_POINT ( 'NONE',  ( -0.9912182979551127371, 1.183119566894513586, -8.572168558112586823 ) ) ;
#3370 = CARTESIAN_POINT ( 'NONE',  ( -1.570066587081793807, -9.371520401462828725E-06, -9.203715566544474314 ) ) ;
#3371 = EDGE_CURVE ( 'NONE', #5347, #6213, #1219, .T. ) ;
#3372 = CARTESIAN_POINT ( 'NONE',  ( 3.120000000000000107, 1.910449006669872443E-16, -12.34999999999999964 ) ) ;
#3373 = LINE ( 'NONE', #5454, #2529 ) ;
#3374 = ORIENTED_EDGE ( 'NONE', *, *, #3576, .F. ) ;
#3375 = CARTESIAN_POINT ( 'NONE',  ( -1.957723697195894973E-16, -3.000000000000000000, -1.000000000000000000 ) ) ;
#3376 = DIRECTION ( 'NONE',  ( 1.000000000000000000, 0.000000000000000000, 0.000000000000000000 ) ) ;
#3377 = DIRECTION ( 'NONE',  ( 0.4999999999999678035, 0.5025327086123008158, 0.7053090647190185525 ) ) ;
#3378 = ORIENTED_EDGE ( 'NONE', *, *, #3889, .T. ) ;
#3379 = EDGE_CURVE ( 'NONE', #4992, #5712, #2383, .T. ) ;
#3380 = ORIENTED_EDGE ( 'NONE', *, *, #3833, .T. ) ;
#3381 = VECTOR ( 'NONE', #2679, 999.9999999999998863 ) ;
#3382 = ORIENTED_EDGE ( 'NONE', *, *, #6439, .T. ) ;
#3383 = AXIS2_PLACEMENT_3D ( 'NONE', #1912, #3975, #1399 ) ;
#3384 = LINE ( 'NONE', #2440, #5944 ) ;
#3385 = CARTESIAN_POINT ( 'NONE',  ( -20.21999999999999886, 3.600000000000002309, 4.899999999999999467 ) ) ;
#3386 = DIRECTION ( 'NONE',  ( 1.000000000000000000, 0.000000000000000000, 0.000000000000000000 ) ) ;
#3387 = VECTOR ( 'NONE', #101, 1000.000000000000000 ) ;
#3388 = AXIS2_PLACEMENT_3D ( 'NONE', #6299, #4172, #5309 ) ;
#3389 = EDGE_LOOP ( 'NONE', ( #743, #4672, #3653, #5115, #6454 ) ) ;
#3390 = FACE_OUTER_BOUND ( 'NONE', #6044, .T. ) ;
#3391 = CIRCLE ( 'NONE', #1112, 2.100000000000000089 ) ;
#3392 = CARTESIAN_POINT ( 'NONE',  ( 0.000000000000000000, 0.000000000000000000, -12.09999999999999964 ) ) ;
#3393 = DIRECTION ( 'NONE',  ( -0.000000000000000000, -0.000000000000000000, -1.000000000000000000 ) ) ;
#3394 = AXIS2_PLACEMENT_3D ( 'NONE', #4860, #1158, #1770 ) ;
#3395 = VERTEX_POINT ( 'NONE', #4444 ) ;
#3396 = CARTESIAN_POINT ( 'NONE',  ( 7.675767592817729433E-16, 6.000000000000000000, -20.00000000000000000 ) ) ;
#3397 = EDGE_CURVE ( 'NONE', #3268, #2600, #3020, .T. ) ;
#3398 = FACE_OUTER_BOUND ( 'NONE', #4649, .T. ) ;
#3399 = DIRECTION ( 'NONE',  ( -0.3779644730092255878, -0.6546536707079775308, -0.6546536707079775308 ) ) ;
#3400 = CARTESIAN_POINT ( 'NONE',  ( -0.6350852961085869941, -1.100000000000000089, -4.989553674790399462 ) ) ;
#3401 = LINE ( 'NONE', #735, #4476 ) ;
#3402 = EDGE_CURVE ( 'NONE', #2717, #4664, #6704, .T. ) ;
#3403 = CARTESIAN_POINT ( 'NONE',  ( -0.6589488037432117418, -1.099999999999999867, -8.936862319592727033 ) ) ;
#3404 = DIRECTION ( 'NONE',  ( 1.000000000000000000, 5.217213461584363621E-15, 0.000000000000000000 ) ) ;
#3405 = ORIENTED_EDGE ( 'NONE', *, *, #5993, .F. ) ;
#3406 = DIRECTION ( 'NONE',  ( -1.000000000000000000, -5.217213461584417263E-15, 0.000000000000000000 ) ) ;
#3407 = VECTOR ( 'NONE', #4869, 1000.000000000000114 ) ;
#3408 = CYLINDRICAL_SURFACE ( 'NONE', #717, 4.320000000000000284 ) ;
#3409 = PLANE ( 'NONE',  #6316 ) ;
#3410 = PLANE ( 'NONE',  #5451 ) ;
#3411 = VERTEX_POINT ( 'NONE', #4514 ) ;
#3412 = ORIENTED_EDGE ( 'NONE', *, *, #6287, .F. ) ;
#3413 = ORIENTED_EDGE ( 'NONE', *, *, #96, .T. ) ;
#3414 = DIRECTION ( 'NONE',  ( 0.7745966692414797405, 0.6237268097287693713, 0.1047132600274548325 ) ) ;
#3415 = CARTESIAN_POINT ( 'NONE',  ( -1.212435565298211948, 2.100000000000000089, -2.000000000000000000 ) ) ;
#3416 = AXIS2_PLACEMENT_3D ( 'NONE', #6094, #2556, #1026 ) ;
#3417 = CARTESIAN_POINT ( 'NONE',  ( -4.299999999999999822, 14.75000000000000000, 8.810000000000000497 ) ) ;
#3418 = EDGE_CURVE ( 'NONE', #5676, #5575, #384, .T. ) ;
#3419 = EDGE_CURVE ( 'NONE', #1896, #2600, #6594, .T. ) ;
#3420 = VECTOR ( 'NONE', #1132, 1000.000000000000000 ) ;
#3421 = EDGE_CURVE ( 'NONE', #723, #2061, #4482, .T. ) ;
#3422 = LINE ( 'NONE', #2914, #5234 ) ;
#3423 = ORIENTED_EDGE ( 'NONE', *, *, #5692, .T. ) ;
#3424 = DIRECTION ( 'NONE',  ( -0.6123724356957954695, -0.7071067811865474617, -0.3535533905932724541 ) ) ;
#3425 = CARTESIAN_POINT ( 'NONE',  ( -9.835696450285100312, 1.000000000000000000, 4.336808689942017736E-16 ) ) ;
#3426 = FACE_OUTER_BOUND ( 'NONE', #6557, .T. ) ;
#3427 = CARTESIAN_POINT ( 'NONE',  ( -0.8727756813566630578, -1.851691823720250207, -11.41000000000000014 ) ) ;
#3429 = CARTESIAN_POINT ( 'NONE',  ( -24.87000000000000099, 13.07712331405386230, -18.20674801263530540 ) ) ;
#3428 = AXIS2_PLACEMENT_3D ( 'NONE', #6124, #3524, #4545 ) ;
#3430 = EDGE_LOOP ( 'NONE', ( #107, #3662, #1072, #2537 ) ) ;
#3431 = LINE ( 'NONE', #4587, #999 ) ;
#3432 = AXIS2_PLACEMENT_3D ( 'NONE', #6068, #2872, #5940 ) ;
#3433 = DIRECTION ( 'NONE',  ( 0.000000000000000000, -1.000000000000000000, 0.000000000000000000 ) ) ;
#3434 = DIRECTION ( 'NONE',  ( 0.7071067811865393571, 8.659560562354833018E-17, -0.7071067811865556774 ) ) ;
#3435 = LINE ( 'NONE', #855, #6032 ) ;
#3436 = PLANE ( 'NONE',  #5562 ) ;
#3437 = CARTESIAN_POINT ( 'NONE',  ( -1.603943921687975172, 5.905403516142580756E-05, -9.189956259174588027 ) ) ;
#3438 = CARTESIAN_POINT ( 'NONE',  ( -0.6864946715655050324, -1.100000000000000311, -8.853965609591806896 ) ) ;
#3439 = CARTESIAN_POINT ( 'NONE',  ( 0.1493901531919248071, 1.600000000000000089, -7.049999999999999822 ) ) ;
#3440 = ORIENTED_EDGE ( 'NONE', *, *, #1367, .F. ) ;
#3441 = PLANE ( 'NONE',  #3432 ) ;
#3442 = CARTESIAN_POINT ( 'NONE',  ( -1.750000000000000000, -6.000000000000000000, -20.00000000000000000 ) ) ;
#3443 = DIRECTION ( 'NONE',  ( -1.000000000000000000, 0.000000000000000000, 0.000000000000000000 ) ) ;
#3444 = EDGE_CURVE ( 'NONE', #1383, #5429, #6089, .T. ) ;
#3445 = ORIENTED_EDGE ( 'NONE', *, *, #4285, .F. ) ;
#3446 = VERTEX_POINT ( 'NONE', #1902 ) ;
#3447 = ORIENTED_EDGE ( 'NONE', *, *, #5282, .F. ) ;
#3448 = DIRECTION ( 'NONE',  ( 0.5773502691896285066, 0.5773502691896204020, 0.5773502691896285066 ) ) ;
#3449 = DIRECTION ( 'NONE',  ( 0.7071067811865493491, -0.7071067811865456854, 0.000000000000000000 ) ) ;
#3450 = EDGE_CURVE ( 'NONE', #1931, #1267, #3924, .T. ) ;
#3451 = VERTEX_POINT ( 'NONE', #5066 ) ;
#3452 = DIRECTION ( 'NONE',  ( -0.8506417332319294866, 0.000000000000000000, 0.5257457956885426276 ) ) ;
#3453 = EDGE_CURVE ( 'NONE', #4057, #1038, #191, .T. ) ;
#3454 = FACE_OUTER_BOUND ( 'NONE', #4709, .T. ) ;
#3455 = CARTESIAN_POINT ( 'NONE',  ( -0.4233901974057440176, -1.100000000000000089, -10.41000000000000014 ) ) ;
#3456 = FACE_OUTER_BOUND ( 'NONE', #6303, .T. ) ;
#3457 = EDGE_LOOP ( 'NONE', ( #2953, #3236, #4267, #3039 ) ) ;
#3458 = CARTESIAN_POINT ( 'NONE',  ( 1.250000000000000000, 5.612486080160910440, -0.5000000000000000000 ) ) ;
#3459 = ORIENTED_EDGE ( 'NONE', *, *, #5886, .T. ) ;
#3460 = CIRCLE ( 'NONE', #3571, 2.449999999999998845 ) ;
#3461 = AXIS2_PLACEMENT_3D ( 'NONE', #2567, #1953, #2597 ) ;
#3462 = CARTESIAN_POINT ( 'NONE',  ( -0.8194594107278768691, -1.104208479728651771, -8.702561995294376018 ) ) ;
#3463 = CARTESIAN_POINT ( 'NONE',  ( -1.107417513252541896, 1.287734669581131808, -5.592709817724360377 ) ) ;
#3464 = VECTOR ( 'NONE', #2019, 1000.000000000000000 ) ;
#3465 = CARTESIAN_POINT ( 'NONE',  ( 5.137703299418910241, -2.809875179235229670, -20.39419916185691051 ) ) ;
#3466 = AXIS2_PLACEMENT_3D ( 'NONE', #3476, #2397, #3377 ) ;
#3467 = DIRECTION ( 'NONE',  ( 6.348437875317360575E-16, 1.000000000000000000, 0.000000000000000000 ) ) ;
#3468 = DIRECTION ( 'NONE',  ( -1.630379206745126697E-16, 1.000000000000000000, -0.000000000000000000 ) ) ;
#3469 = EDGE_CURVE ( 'NONE', #2128, #4664, #2306, .T. ) ;
#3470 = ORIENTED_EDGE ( 'NONE', *, *, #2365, .F. ) ;
#3471 = DIRECTION ( 'NONE',  ( -0.7071067811865425767, -0.7071067811865524577, 0.000000000000000000 ) ) ;
#3472 = VERTEX_POINT ( 'NONE', #6264 ) ;
#3473 = CIRCLE ( 'NONE', #3797, 4.399999999999994138 ) ;
#3474 = CARTESIAN_POINT ( 'NONE',  ( -0.7636325855405680096, 1.100000000000000089, -5.344517927577429717 ) ) ;
#3475 = DIRECTION ( 'NONE',  ( 0.5000000000000073275, 0.8660254037844343777, 0.000000000000000000 ) ) ;
#3476 = CARTESIAN_POINT ( 'NONE',  ( -8.874999999999678479, 11.63354765594751328, -12.67943252105974139 ) ) ;
#3477 = FACE_OUTER_BOUND ( 'NONE', #2275, .T. ) ;
#3478 = ORIENTED_EDGE ( 'NONE', *, *, #2978, .F. ) ;
#3479 = ORIENTED_EDGE ( 'NONE', *, *, #1390, .F. ) ;
#3480 = ADVANCED_FACE ( 'NONE', ( #5781 ), #3169, .T. ) ;
#3481 = ORIENTED_EDGE ( 'NONE', *, *, #5746, .T. ) ;
#3482 = DIRECTION ( 'NONE',  ( -1.000000000000000000, 0.000000000000000000, 0.000000000000000000 ) ) ;
#3483 = PLANE ( 'NONE',  #1409 ) ;
#3484 = ORIENTED_EDGE ( 'NONE', *, *, #3735, .T. ) ;
#3485 = VECTOR ( 'NONE', #1982, 1000.000000000000114 ) ;
#3486 = DIRECTION ( 'NONE',  ( -1.000000000000000000, 1.788469760401379917E-16, 0.000000000000000000 ) ) ;
#3487 = CARTESIAN_POINT ( 'NONE',  ( -2.424871130596424784, 0.000000000000000000, 3.000000000000000000 ) ) ;
#3488 = CARTESIAN_POINT ( 'NONE',  ( -8.680995911905851514, 0.5000000000000009992, -0.5000000000000000000 ) ) ;
#3489 = CARTESIAN_POINT ( 'NONE',  ( -4.364212917312383588, 9.091744797830415337, -15.21288224974244230 ) ) ;
#3490 = CIRCLE ( 'NONE', #4686, 6.250000000000000000 ) ;
#3491 = DIRECTION ( 'NONE',  ( 1.000000000000000000, -1.279294598802953755E-16, 0.000000000000000000 ) ) ;
#3492 = CIRCLE ( 'NONE', #4463, 3.120000000000000107 ) ;
#3493 = VERTEX_POINT ( 'NONE', #3695 ) ;
#3494 = DIRECTION ( 'NONE',  ( -1.000000000000000000, 0.000000000000000000, 0.000000000000000000 ) ) ;
#3495 = EDGE_LOOP ( 'NONE', ( #1881, #5943, #1615, #4588 ) ) ;
#3496 = VECTOR ( 'NONE', #4622, 1000.000000000000000 ) ;
#3497 = FACE_OUTER_BOUND ( 'NONE', #5710, .T. ) ;
#3498 = CONICAL_SURFACE ( 'NONE', #5903, 3.449999999999999734, 0.7853981633974476129 ) ;
#3499 = FACE_OUTER_BOUND ( 'NONE', #3736, .T. ) ;
#3500 = LINE ( 'NONE', #452, #3207 ) ;
#3501 = CONICAL_SURFACE ( 'NONE', #6010, 4.099999999999999645, 0.7853981633974367327 ) ;
#3502 = VERTEX_POINT ( 'NONE', #4683 ) ;
#3503 = ADVANCED_FACE ( 'NONE', ( #2648 ), #2108, .T. ) ;
#3504 = CIRCLE ( 'NONE', #566, 3.120000000000000107 ) ;
#3505 = DIRECTION ( 'NONE',  ( 0.000000000000000000, -1.000000000000000000, 0.000000000000000000 ) ) ;
#3506 = CARTESIAN_POINT ( 'NONE',  ( 0.000000000000000000, 0.000000000000000000, -20.50000000000000000 ) ) ;
#3507 = DIRECTION ( 'NONE',  ( -0.000000000000000000, -0.000000000000000000, 1.000000000000000000 ) ) ;
#3508 = ORIENTED_EDGE ( 'NONE', *, *, #5438, .T. ) ;
#3509 = CARTESIAN_POINT ( 'NONE',  ( -14.42000000000001592, -0.9500000000000193845, 4.899999999999975486 ) ) ;
#3510 = DIRECTION ( 'NONE',  ( -1.000000000000000000, -0.000000000000000000, -0.000000000000000000 ) ) ;
#3511 = LINE ( 'NONE', #2534, #2072 ) ;
#3512 = LINE ( 'NONE', #3076, #1555 ) ;
#3513 = ORIENTED_EDGE ( 'NONE', *, *, #2866, .F. ) ;
#3514 = ORIENTED_EDGE ( 'NONE', *, *, #1893, .F. ) ;
#3515 = VERTEX_POINT ( 'NONE', #5230 ) ;
#3516 = FACE_OUTER_BOUND ( 'NONE', #1698, .T. ) ;
#3517 = DIRECTION ( 'NONE',  ( 0.7071067811865517916, -0.3535533905932716214, -0.6123724356957909176 ) ) ;
#3518 = EDGE_CURVE ( 'NONE', #4159, #2248, #1186, .T. ) ;
#3519 = EDGE_CURVE ( 'NONE', #702, #2300, #4142, .T. ) ;
#3520 = ORIENTED_EDGE ( 'NONE', *, *, #4972, .F. ) ;
#3521 = CARTESIAN_POINT ( 'NONE',  ( 1.677050983124940053, -5.500000000000000000, -20.50000000000000000 ) ) ;
#3522 = VECTOR ( 'NONE', #2836, 1000.000000000000114 ) ;
#3523 = CARTESIAN_POINT ( 'NONE',  ( -2.796655120983819742, -2.246057075097120048, -0.5000000000000000000 ) ) ;
#3524 = DIRECTION ( 'NONE',  ( 0.000000000000000000, -1.000000000000000000, 0.000000000000000000 ) ) ;
#3525 = AXIS2_PLACEMENT_3D ( 'NONE', #6234, #2218, #4174 ) ;
#3526 = EDGE_CURVE ( 'NONE', #917, #4156, #2074, .T. ) ;
#3527 = ORIENTED_EDGE ( 'NONE', *, *, #3321, .F. ) ;
#3528 = EDGE_CURVE ( 'NONE', #2049, #958, #2847, .T. ) ;
#3529 = PLANE ( 'NONE',  #568 ) ;
#3530 = VECTOR ( 'NONE', #4053, 1000.000000000000114 ) ;
#3531 = VERTEX_POINT ( 'NONE', #4170 ) ;
#3532 = PRODUCT_DEFINITION_FORMATION_WITH_SPECIFIED_SOURCE ( 'ANY', '', #3232, .NOT_KNOWN. ) ;
#3533 = DIRECTION ( 'NONE',  ( -1.000000000000000000, 0.000000000000000000, 0.000000000000000000 ) ) ;
#3534 = LINE ( 'NONE', #3602, #5389 ) ;
#3535 = EDGE_CURVE ( 'NONE', #2438, #2677, #2549, .T. ) ;
#3536 = FACE_OUTER_BOUND ( 'NONE', #1672, .T. ) ;
#3537 = ORIENTED_EDGE ( 'NONE', *, *, #3336, .F. ) ;
#3538 = VECTOR ( 'NONE', #1761, 1000.000000000000000 ) ;
#3539 = CARTESIAN_POINT ( 'NONE',  ( 0.000000000000000000, 0.000000000000000000, -2.500000000000000000 ) ) ;
#3540 = LINE ( 'NONE', #3978, #5872 ) ;
#3541 = FACE_OUTER_BOUND ( 'NONE', #6133, .T. ) ;
#3542 = ADVANCED_FACE ( 'NONE', ( #5197 ), #2682, .T. ) ;
#3543 = ORIENTED_EDGE ( 'NONE', *, *, #5574, .F. ) ;
#3544 = VECTOR ( 'NONE', #2970, 1000.000000000000000 ) ;
#3545 = CARTESIAN_POINT ( 'NONE',  ( -4.299999999999999822, 18.25000000000000000, 10.50999999999999979 ) ) ;
#3546 = CARTESIAN_POINT ( 'NONE',  ( -2.040000000000000036, -0.1700000000000000122, -11.41000000000000014 ) ) ;
#3547 = DIRECTION ( 'NONE',  ( 0.000000000000000000, -1.000000000000000000, -6.123233995736769734E-17 ) ) ;
#3548 = LINE ( 'NONE', #6578, #762 ) ;
#3549 = ORIENTED_EDGE ( 'NONE', *, *, #174, .T. ) ;
#3550 = ORIENTED_EDGE ( 'NONE', *, *, #3450, .T. ) ;
#3551 = ORIENTED_EDGE ( 'NONE', *, *, #416, .F. ) ;
#3552 = DIRECTION ( 'NONE',  ( 0.000000000000000000, -0.000000000000000000, 1.000000000000000000 ) ) ;
#3553 = CARTESIAN_POINT ( 'NONE',  ( -4.235787082687616056, 13.19804560595882847, -9.449653045351686487 ) ) ;
#3554 = ORIENTED_EDGE ( 'NONE', *, *, #5960, .T. ) ;
#3555 = DIRECTION ( 'NONE',  ( -0.000000000000000000, -0.000000000000000000, 1.000000000000000000 ) ) ;
#3556 = EDGE_CURVE ( 'NONE', #533, #5638, #5268, .T. ) ;
#3557 = CARTESIAN_POINT ( 'NONE',  ( -0.7636325855405680096, -1.100000000000000089, -8.755482072422571704 ) ) ;
#3558 = FACE_OUTER_BOUND ( 'NONE', #5596, .T. ) ;
#3559 = EDGE_CURVE ( 'NONE', #4200, #6248, #6647, .T. ) ;
#3560 = ORIENTED_EDGE ( 'NONE', *, *, #3321, .T. ) ;
#3561 = DIRECTION ( 'NONE',  ( 0.000000000000000000, 0.000000000000000000, -1.000000000000000000 ) ) ;
#3562 = ORIENTED_EDGE ( 'NONE', *, *, #4272, .T. ) ;
#3563 = CARTESIAN_POINT ( 'NONE',  ( -7.300000000000054001, 9.649999999999984368, -16.35000000000001563 ) ) ;
#3564 = ADVANCED_FACE ( 'NONE', ( #2176 ), #3052, .F. ) ;
#3565 = DIRECTION ( 'NONE',  ( 0.000000000000000000, -1.000000000000000000, 0.000000000000000000 ) ) ;
#3566 = CARTESIAN_POINT ( 'NONE',  ( -5.282200125479760366, -2.665891832924919491, -20.33410816707504765 ) ) ;
#3567 = AXIS2_PLACEMENT_3D ( 'NONE', #6356, #3687, #1647 ) ;
#3568 = ADVANCED_FACE ( 'NONE', ( #4103 ), #4233, .F. ) ;
#3569 = ORIENTED_EDGE ( 'NONE', *, *, #5240, .T. ) ;
#3570 = FACE_OUTER_BOUND ( 'NONE', #5756, .T. ) ;
#3571 = AXIS2_PLACEMENT_3D ( 'NONE', #5119, #1074, #3082 ) ;
#3572 = CARTESIAN_POINT ( 'NONE',  ( 0.000000000000000000, 0.000000000000000000, -20.50000000000000000 ) ) ;
#3573 = LINE ( 'NONE', #2967, #2814 ) ;
#3574 = CARTESIAN_POINT ( 'NONE',  ( -0.3252691193458258634, -4.087077195258210338, -12.09999999999999964 ) ) ;
#3575 = ORIENTED_EDGE ( 'NONE', *, *, #5282, .T. ) ;
#3576 = EDGE_CURVE ( 'NONE', #1853, #6364, #3667, .T. ) ;
#3577 = DIRECTION ( 'NONE',  ( 0.000000000000000000, 0.000000000000000000, -1.000000000000000000 ) ) ;
#3578 = ORIENTED_EDGE ( 'NONE', *, *, #439, .F. ) ;
#3579 = CIRCLE ( 'NONE', #656, 4.100000000000009415 ) ;
#3580 = CARTESIAN_POINT ( 'NONE',  ( -13.39620822693661317, 17.20782925763267102, 7.166987298107785342 ) ) ;
#3581 = DIRECTION ( 'NONE',  ( 0.000000000000000000, 0.000000000000000000, 1.000000000000000000 ) ) ;
#3582 = DIRECTION ( 'NONE',  ( 0.000000000000000000, 1.788469760401379917E-16, -1.000000000000000000 ) ) ;
#3583 = ADVANCED_FACE ( 'NONE', ( #1081 ), #4134, .T. ) ;
#3584 = ORIENTED_EDGE ( 'NONE', *, *, #3162, .T. ) ;
#3585 = ORIENTED_EDGE ( 'NONE', *, *, #277, .F. ) ;
#3586 = ORIENTED_EDGE ( 'NONE', *, *, #12, .T. ) ;
#3587 = DIRECTION ( 'NONE',  ( -1.000000000000000000, 0.000000000000000000, 0.000000000000000000 ) ) ;
#3588 = DIRECTION ( 'NONE',  ( 0.000000000000000000, 0.000000000000000000, 1.000000000000000000 ) ) ;
#3589 = EDGE_CURVE ( 'NONE', #4271, #2096, #158, .T. ) ;
#3590 = ORIENTED_EDGE ( 'NONE', *, *, #752, .F. ) ;
#3591 = FACE_OUTER_BOUND ( 'NONE', #2976, .T. ) ;
#3592 = CARTESIAN_POINT ( 'NONE',  ( 5.942348474182947093, -1.936748463630634243, -19.99999999999999645 ) ) ;
#3593 = CARTESIAN_POINT ( 'NONE',  ( -1.655085296108590009, 1.306433518434991992E-14, -10.91000000000000014 ) ) ;
#3594 = EDGE_LOOP ( 'NONE', ( #17, #745, #6515, #6612 ) ) ;
#3595 = B_SPLINE_CURVE_WITH_KNOTS ( 'NONE', 3,
 ( #5247, #5280, #2656, #1062 ),
 .UNSPECIFIED., .F., .F.,
 ( 4, 4 ),
 ( 0.0004712790068048760108, 0.0004808403515810670049 ),
 .UNSPECIFIED. ) ;
#3596 = DIRECTION ( 'NONE',  ( 0.000000000000000000, 0.000000000000000000, -1.000000000000000000 ) ) ;
#3597 = ORIENTED_EDGE ( 'NONE', *, *, #4708, .T. ) ;
#3598 = DIRECTION ( 'NONE',  ( 0.8660254037844387076, 0.4999999999999998890, 0.000000000000000000 ) ) ;
#3599 = AXIS2_PLACEMENT_3D ( 'NONE', #1264, #3337, #2755 ) ;
#3600 = CIRCLE ( 'NONE', #889, 3.120000000000000107 ) ;
#3601 = CARTESIAN_POINT ( 'NONE',  ( 1.750000000000000000, 6.000000000000000000, -1.000000000000000000 ) ) ;
#3602 = CARTESIAN_POINT ( 'NONE',  ( 11.38404504177804100, -1.953170943166152584, -15.10914028230568995 ) ) ;
#3603 = DIRECTION ( 'NONE',  ( 0.000000000000000000, 0.000000000000000000, 1.000000000000000000 ) ) ;
#3604 = LINE ( 'NONE', #2080, #5670 ) ;
#3605 = EDGE_LOOP ( 'NONE', ( #2144, #4829, #614, #6180 ) ) ;
#3606 = AXIS2_PLACEMENT_3D ( 'NONE', #701, #1579, #3781 ) ;
#3607 = DIRECTION ( 'NONE',  ( 0.000000000000000000, 0.000000000000000000, -1.000000000000000000 ) ) ;
#3608 = PLANE ( 'NONE',  #150 ) ;
#3609 = EDGE_CURVE ( 'NONE', #3147, #1958, #1089, .T. ) ;
#3610 = VECTOR ( 'NONE', #318, 1000.000000000000000 ) ;
#3611 = DIRECTION ( 'NONE',  ( 1.000000000000000000, 0.000000000000000000, 0.000000000000000000 ) ) ;
#3612 = CARTESIAN_POINT ( 'NONE',  ( 0.000000000000000000, 0.000000000000000000, -1.000000000000000000 ) ) ;
#3613 = B_SPLINE_CURVE_WITH_KNOTS ( 'NONE', 3,
 ( #1392, #3968, #818, #4548 ),
 .UNSPECIFIED., .F., .F.,
 ( 4, 4 ),
 ( 8.673617379884039324E-19, 0.0007311470409969299429 ),
 .UNSPECIFIED. ) ;
#3614 = VERTEX_POINT ( 'NONE', #4722 ) ;
#3615 = VECTOR ( 'NONE', #6099, 1000.000000000000114 ) ;
#3616 = CARTESIAN_POINT ( 'NONE',  ( -24.87000000000000099, 0.000000000000000000, -20.50000000000000000 ) ) ;
#3617 = VECTOR ( 'NONE', #6383, 1000.000000000000000 ) ;
#3618 = CARTESIAN_POINT ( 'NONE',  ( -1.308756487256283796, -1.575053915087179846, -11.41000000000000014 ) ) ;
#3619 = CIRCLE ( 'NONE', #6656, 6.250000000000000000 ) ;
#3620 = CARTESIAN_POINT ( 'NONE',  ( -23.36999999999999744, -2.500000000000000000, -2.500000000000000000 ) ) ;
#3621 = DIRECTION ( 'NONE',  ( 0.000000000000000000, 0.7071067811865423547, -0.7071067811865526798 ) ) ;
#3622 = ADVANCED_FACE ( 'NONE', ( #4662 ), #3608, .F. ) ;
#3623 = ORIENTED_EDGE ( 'NONE', *, *, #1536, .T. ) ;
#3624 = ORIENTED_EDGE ( 'NONE', *, *, #2259, .F. ) ;
#3625 = ORIENTED_EDGE ( 'NONE', *, *, #6026, .T. ) ;
#3626 = CARTESIAN_POINT ( 'NONE',  ( -1.535183497428324484E-14, -3.120000000000014317, -12.34999999999999964 ) ) ;
#3627 = DIRECTION ( 'NONE',  ( 0.000000000000000000, 0.000000000000000000, -1.000000000000000000 ) ) ;
#3628 = EDGE_CURVE ( 'NONE', #3263, #3932, #6306, .T. ) ;
#3629 = B_SPLINE_CURVE_WITH_KNOTS ( 'NONE', 3,
 ( #791, #4901, #4868, #759, #261, #4487, #1397, #2929, #3900, #1329, #5933, #3367, #4385, #822, #5447, #3340, #5002, #4936, #357, #4450, #1909, #2354 ),
 .UNSPECIFIED., .F., .F.,
 ( 4, 2, 2, 1, 2, 2, 2, 2, 1, 2, 2, 4 ),
 ( 0.000000000000000000, 0.2500000000000039968, 0.3750000000000062172, 0.4375000000000070499, 0.4687500000000084932, 0.5000000000000099920, 0.6250000000000109912, 0.6875000000000118794, 0.7187500000000126565, 0.7343750000000126565, 0.7500000000000126565, 1.000000000000000000 ),
 .UNSPECIFIED. ) ;
#3630 = ORIENTED_EDGE ( 'NONE', *, *, #6261, .F. ) ;
#3631 = VERTEX_POINT ( 'NONE', #5793 ) ;
#3632 = CARTESIAN_POINT ( 'NONE',  ( -20.21999999999999886, -3.000000000000000000, 2.399999999999999911 ) ) ;
#3633 = EDGE_CURVE ( 'NONE', #1669, #4873, #3101, .T. ) ;
#3634 = CARTESIAN_POINT ( 'NONE',  ( -1.899999999999999911, 0.000000000000000000, 0.000000000000000000 ) ) ;
#3635 = ADVANCED_FACE ( 'NONE', ( #522 ), #2083, .F. ) ;
#3636 = ORIENTED_EDGE ( 'NONE', *, *, #5515, .F. ) ;
#3637 = DIRECTION ( 'NONE',  ( -1.032573497605242224E-16, 0.000000000000000000, -1.000000000000000000 ) ) ;
#3638 = VERTEX_POINT ( 'NONE', #2621 ) ;
#3639 = CARTESIAN_POINT ( 'NONE',  ( 1.020000000000012008, 1.766691823720245136, -11.41000000000000014 ) ) ;
#3640 = CARTESIAN_POINT ( 'NONE',  ( -3.120000000000000107, 3.820898013339744886E-16, -1.084202172485504040E-15 ) ) ;
#3641 = CARTESIAN_POINT ( 'NONE',  ( -3.120000000000000107, -5.086783125044700039E-16, -12.09999999999999964 ) ) ;
#3642 = AXIS2_PLACEMENT_3D ( 'NONE', #2660, #3274, #2761 ) ;
#3643 = ORIENTED_EDGE ( 'NONE', *, *, #2228, .F. ) ;
#3644 = AXIS2_PLACEMENT_3D ( 'NONE', #5046, #396, #4531 ) ;
#3645 = ORIENTED_EDGE ( 'NONE', *, *, #4634, .T. ) ;
#3646 = CARTESIAN_POINT ( 'NONE',  ( 2.855312373329129905, -4.260841004365294005, -20.50000000000000000 ) ) ;
#3647 = VERTEX_POINT ( 'NONE', #4693 ) ;
#3648 = CARTESIAN_POINT ( 'NONE',  ( -1.019999999999986029, 1.766691823720265120, -11.41000000000000014 ) ) ;
#3649 = CARTESIAN_POINT ( 'NONE',  ( -1.927340545936794935, -0.6920959459171209804, -11.41000000000000014 ) ) ;
#3650 = AXIS2_PLACEMENT_3D ( 'NONE', #619, #2616, #3165 ) ;
#3651 = CARTESIAN_POINT ( 'NONE',  ( -1.899999999999999911, 1.734723475976809855E-15, -9.474871130596428159 ) ) ;
#3652 = CARTESIAN_POINT ( 'NONE',  ( -6.774982432771055052, 9.091744797830420666, -15.21288224974244052 ) ) ;
#3653 = ORIENTED_EDGE ( 'NONE', *, *, #6342, .F. ) ;
#3654 = ORIENTED_EDGE ( 'NONE', *, *, #4145, .F. ) ;
#3655 = VECTOR ( 'NONE', #4572, 1000.000000000000000 ) ;
#3656 = DIRECTION ( 'NONE',  ( -1.000000000000000000, 0.000000000000000000, 0.000000000000000000 ) ) ;
#3657 = EDGE_LOOP ( 'NONE', ( #4177, #928, #5813, #6351, #5881 ) ) ;
#3658 = CARTESIAN_POINT ( 'NONE',  ( -8.210730943535750725, 14.25000000000000000, 4.342038990695090028 ) ) ;
#3659 = EDGE_CURVE ( 'NONE', #138, #3129, #4178, .T. ) ;
#3660 = LINE ( 'NONE', #5742, #4328 ) ;
#3661 = VERTEX_POINT ( 'NONE', #4349 ) ;
#3662 = ORIENTED_EDGE ( 'NONE', *, *, #707, .F. ) ;
#3663 = ORIENTED_EDGE ( 'NONE', *, *, #1301, .T. ) ;
#3664 = CARTESIAN_POINT ( 'NONE',  ( -8.382372162111641600, 16.61368259152269999, 5.409230700238829570 ) ) ;
#3665 = ADVANCED_FACE ( 'NONE', ( #296 ), #3177, .T. ) ;
#3666 = ORIENTED_EDGE ( 'NONE', *, *, #1724, .T. ) ;
#3667 = LINE ( 'NONE', #513, #786 ) ;
#3668 = EDGE_CURVE ( 'NONE', #1931, #5351, #6115, .T. ) ;
#3669 = VERTEX_POINT ( 'NONE', #563 ) ;
#3670 = CARTESIAN_POINT ( 'NONE',  ( -23.36999999999999744, 29.05607232530894990, -2.500000000000000000 ) ) ;
#3671 = LINE ( 'NONE', #3094, #5362 ) ;
#3672 = CARTESIAN_POINT ( 'NONE',  ( 1.750000000000000000, 7.158913471140630591, -0.5000000000000000000 ) ) ;
#3673 = VERTEX_POINT ( 'NONE', #4844 ) ;
#3674 = VERTEX_POINT ( 'NONE', #1176 ) ;
#3675 = DIRECTION ( 'NONE',  ( -1.000000000000000000, 0.000000000000000000, 0.000000000000000000 ) ) ;
#3676 = CARTESIAN_POINT ( 'NONE',  ( -24.87000000000000099, 1.000000000000000000, -0.5000000000000000000 ) ) ;
#3677 = DIRECTION ( 'NONE',  ( -0.3159220186098221639, 0.000000000000000000, -0.9487851591153264597 ) ) ;
#3678 = CARTESIAN_POINT ( 'NONE',  ( 1.677050983124940053, -5.500000000000000000, -20.50000000000000000 ) ) ;
#3679 = LINE ( 'NONE', #2157, #477 ) ;
#3680 = DIRECTION ( 'NONE',  ( 0.000000000000000000, -1.788469760401379917E-16, 1.000000000000000000 ) ) ;
#3681 = EDGE_CURVE ( 'NONE', #5582, #3335, #1101, .T. ) ;
#3682 = ORIENTED_EDGE ( 'NONE', *, *, #6238, .T. ) ;
#3683 = EDGE_LOOP ( 'NONE', ( #688, #3885, #5499, #313 ) ) ;
#3684 = CARTESIAN_POINT ( 'NONE',  ( -9.799999999999998934, 2.899999999999999911, -12.25000000000000000 ) ) ;
#3685 = ORIENTED_EDGE ( 'NONE', *, *, #2365, .T. ) ;
#3686 = CARTESIAN_POINT ( 'NONE',  ( -0.9526279441628809908, -0.5500000000000000444, -20.50000000000000000 ) ) ;
#3687 = DIRECTION ( 'NONE',  ( -0.000000000000000000, 1.000000000000000000, 0.000000000000000000 ) ) ;
#3688 = ORIENTED_EDGE ( 'NONE', *, *, #5850, .F. ) ;
#3689 = EDGE_CURVE ( 'NONE', #5610, #3493, #201, .T. ) ;
#3690 = ORIENTED_EDGE ( 'NONE', *, *, #2823, .F. ) ;
#3691 = CARTESIAN_POINT ( 'NONE',  ( -1.111498809414284139, 1.292307692307689937, -8.505406026113428553 ) ) ;
#3692 = CARTESIAN_POINT ( 'NONE',  ( 0.6350852961085620141, -1.100000000000000089, -10.41000000000000014 ) ) ;
#3693 = PRESENTATION_LAYER_ASSIGNMENT (  '', '', ( #4890 ) ) ;
#3694 = ORIENTED_EDGE ( 'NONE', *, *, #573, .F. ) ;
#3695 = CARTESIAN_POINT ( 'NONE',  ( -1.899999999999999911, -4.152468032005289712E-16, -4.913804003998389902 ) ) ;
#3696 = ORIENTED_EDGE ( 'NONE', *, *, #4125, .F. ) ;
#3697 = CARTESIAN_POINT ( 'NONE',  ( -1.860640646055099934, 0.02272413359521744877, -7.049999999999999822 ) ) ;
#3698 = CARTESIAN_POINT ( 'NONE',  ( 0.000000000000000000, 0.000000000000000000, -14.92999999999999972 ) ) ;
#3699 = FACE_OUTER_BOUND ( 'NONE', #6290, .T. ) ;
#3700 = ORIENTED_EDGE ( 'NONE', *, *, #2424, .F. ) ;
#3701 = CARTESIAN_POINT ( 'NONE',  ( -0.8762110310478617992, 13.96128739121980722, -9.326263310568711162 ) ) ;
#3702 = VECTOR ( 'NONE', #6468, 1000.000000000000227 ) ;
#3703 = CIRCLE ( 'NONE', #3383, 2.100000000000000089 ) ;
#3704 = ORIENTED_EDGE ( 'NONE', *, *, #2, .F. ) ;
#3705 = DIRECTION ( 'NONE',  ( -0.4738526360214747046, 0.7071067811865473507, 0.5248463387845058170 ) ) ;
#3706 = CARTESIAN_POINT ( 'NONE',  ( -1.899999999999999911, 3.977739548340144982, -6.889646997001210416 ) ) ;
#3707 = EDGE_CURVE ( 'NONE', #6365, #4951, #6003, .T. ) ;
#3708 = LINE ( 'NONE', #628, #5056 ) ;
#3709 = VECTOR ( 'NONE', #2767, 1000.000000000000000 ) ;
#3710 = AXIS2_PLACEMENT_3D ( 'NONE', #5292, #131, #4472 ) ;
#3711 = CARTESIAN_POINT ( 'NONE',  ( -10.34999999999999964, 3.750000000000000000, 1.250000000000000000 ) ) ;
#3712 = ADVANCED_FACE ( 'NONE', ( #5873 ), #133, .T. ) ;
#3713 = ORIENTED_EDGE ( 'NONE', *, *, #6289, .F. ) ;
#3714 = ORIENTED_EDGE ( 'NONE', *, *, #4122, .F. ) ;
#3715 = CIRCLE ( 'NONE', #5462, 2.100000000000000089 ) ;
#3716 = PLANE ( 'NONE',  #2095 ) ;
#3717 = EDGE_LOOP ( 'NONE', ( #2137, #2669, #5841, #51, #3520, #3575 ) ) ;
#3718 = VECTOR ( 'NONE', #6171, 1000.000000000000114 ) ;
#3719 = CONICAL_SURFACE ( 'NONE', #2959, 2.040000000000000036, 1.029016283146113597 ) ;
#3720 = CARTESIAN_POINT ( 'NONE',  ( -0.7899191304226472754, -1.099999999999996314, -5.370488525490372922 ) ) ;
#3721 = CARTESIAN_POINT ( 'NONE',  ( -9.114008613798072034, 0.5000000000000009992, -0.2499999999999987510 ) ) ;
#3722 = AXIS2_PLACEMENT_3D ( 'NONE', #2037, #1078, #539 ) ;
#3723 = EDGE_LOOP ( 'NONE', ( #1760, #1834 ) ) ;
#3724 = AXIS2_PLACEMENT_3D ( 'NONE', #2485, #1904, #6706 ) ;
#3725 = ORIENTED_EDGE ( 'NONE', *, *, #424, .F. ) ;
#3726 = ORIENTED_EDGE ( 'NONE', *, *, #6489, .T. ) ;
#3727 = PLANE ( 'NONE',  #3861 ) ;
#3728 = DIRECTION ( 'NONE',  ( -1.000000000000000000, 0.000000000000000000, 0.000000000000000000 ) ) ;
#3729 = ADVANCED_FACE ( 'NONE', ( #5218 ), #1768, .T. ) ;
#3730 = EDGE_LOOP ( 'NONE', ( #3481, #549, #1662, #5790 ) ) ;
#3731 = ORIENTED_EDGE ( 'NONE', *, *, #6698, .T. ) ;
#3732 = CARTESIAN_POINT ( 'NONE',  ( 0.000000000000000000, 0.000000000000000000, -12.09999999999999964 ) ) ;
#3733 = FACE_OUTER_BOUND ( 'NONE', #3605, .T. ) ;
#3734 = CARTESIAN_POINT ( 'NONE',  ( 5.390964663211960328, -2.000000000000000000, -0.5000000000000000000 ) ) ;
#3735 = EDGE_CURVE ( 'NONE', #5224, #3223, #3281, .T. ) ;
#3736 = EDGE_LOOP ( 'NONE', ( #3527, #2021, #4537, #1004, #6551, #5629 ) ) ;
#3737 = ORIENTED_EDGE ( 'NONE', *, *, #2790, .F. ) ;
#3738 = ADVANCED_FACE ( 'NONE', ( #5738 ), #3716, .T. ) ;
#3739 = CARTESIAN_POINT ( 'NONE',  ( 11.08036213036926121, -1.500000000000000000, -14.77277650148439925 ) ) ;
#3740 = VECTOR ( 'NONE', #366, 1000.000000000000000 ) ;
#3741 = DIRECTION ( 'NONE',  ( 0.000000000000000000, -1.000000000000000000, 0.000000000000000000 ) ) ;
#3742 = DIRECTION ( 'NONE',  ( 0.4999999999999943379, 0.5025327086122917120, 0.7053090647190061180 ) ) ;
#3743 = DIRECTION ( 'NONE',  ( -1.000000000000000000, -1.143178395955829689E-15, -1.604460906604674109E-15 ) ) ;
#3744 = PLANE ( 'NONE',  #2533 ) ;
#3745 = DIRECTION ( 'NONE',  ( 0.000000000000000000, 0.000000000000000000, 1.000000000000000000 ) ) ;
#3746 = ORIENTED_EDGE ( 'NONE', *, *, #2609, .F. ) ;
#3747 = EDGE_CURVE ( 'NONE', #5762, #4367, #2636, .T. ) ;
#3748 = ORIENTED_EDGE ( 'NONE', *, *, #907, .T. ) ;
#3749 = CARTESIAN_POINT ( 'NONE',  ( 1.677050983124940053, -5.500000000000000000, -0.5000000000000000000 ) ) ;
#3750 = ORIENTED_EDGE ( 'NONE', *, *, #4226, .F. ) ;
#3751 = AXIS2_PLACEMENT_3D ( 'NONE', #3634, #3251, #205 ) ;
#3752 = LINE ( 'NONE', #5842, #1372 ) ;
#3753 = CARTESIAN_POINT ( 'NONE',  ( 2.424871130596424784, 4.336808689942014778E-16, -2.000000000000000000 ) ) ;
#3754 = CYLINDRICAL_SURFACE ( 'NONE', #1944, 4.320000000000000284 ) ;
#3755 = B_SPLINE_CURVE_WITH_KNOTS ( 'NONE', 3,
 ( #5457, #4976, #1884, #830, #767, #1787, #1373, #1918, #3474 ),
 .UNSPECIFIED., .F., .F.,
 ( 4, 1, 2, 2, 4 ),
 ( 0.000000000000000000, 0.2500000000000000555, 0.3750000000000001110, 0.5000000000000001110, 1.000000000000000000 ),
 .UNSPECIFIED. ) ;
#3756 = ORIENTED_EDGE ( 'NONE', *, *, #6040, .T. ) ;
#3757 = AXIS2_PLACEMENT_3D ( 'NONE', #2844, #6554, #3482 ) ;
#3758 = EDGE_LOOP ( 'NONE', ( #1639, #6646, #1901, #1817 ) ) ;
#3759 = CARTESIAN_POINT ( 'NONE',  ( -5.728219618694799564, -2.500000000000000000, -2.500000000000000000 ) ) ;
#3760 = EDGE_LOOP ( 'NONE', ( #3378, #2521, #3862, #5624 ) ) ;
#3761 = DIRECTION ( 'NONE',  ( -0.8660254037844387076, -0.4999999999999998890, 0.000000000000000000 ) ) ;
#3762 = DIRECTION ( 'NONE',  ( 1.000000000000000000, 0.000000000000000000, 0.000000000000000000 ) ) ;
#3763 = LINE ( 'NONE', #180, #6410 ) ;
#3764 = VERTEX_POINT ( 'NONE', #4219 ) ;
#3765 = ORIENTED_EDGE ( 'NONE', *, *, #6221, .F. ) ;
#3766 = EDGE_CURVE ( 'NONE', #2450, #1383, #2727, .T. ) ;
#3767 = DIRECTION ( 'NONE',  ( 0.8660254037844387076, 0.4999999999999998890, 0.000000000000000000 ) ) ;
#3768 = DIRECTION ( 'NONE',  ( 0.000000000000000000, 0.000000000000000000, 1.000000000000000000 ) ) ;
#3769 = CARTESIAN_POINT ( 'NONE',  ( -3.120000000000000107, 1.292346314604051249, -12.09999999999999964 ) ) ;
#3770 = VERTEX_POINT ( 'NONE', #4704 ) ;
#3771 = PLANE ( 'NONE',  #2413 ) ;
#3772 = EDGE_CURVE ( 'NONE', #5676, #3411, #4808, .T. ) ;
#3773 = ORIENTED_EDGE ( 'NONE', *, *, #3935, .F. ) ;
#3774 = CARTESIAN_POINT ( 'NONE',  ( 1.164323042865725855, -0.1833333333333394821, -10.41000000000000014 ) ) ;
#3775 = EDGE_CURVE ( 'NONE', #1414, #4950, #5808, .T. ) ;
#3776 = LINE ( 'NONE', #5731, #5058 ) ;
#3777 = CARTESIAN_POINT ( 'NONE',  ( -14.36789606342363967, -3.000000000000000000, 7.849999999999999645 ) ) ;
#3778 = PRESENTATION_STYLE_ASSIGNMENT (( #6382 ) ) ;
#3779 = LINE ( 'NONE', #4765, #4259 ) ;
#3780 = EDGE_LOOP ( 'NONE', ( #6420, #3748, #1598, #3876, #3292, #4716, #4647, #2634, #2326, #281, #4705 ) ) ;
#3781 = DIRECTION ( 'NONE',  ( -0.4999999999999999445, 0.8660254037844387076, 0.000000000000000000 ) ) ;
#3782 = ORIENTED_EDGE ( 'NONE', *, *, #3128, .F. ) ;
#3783 = CARTESIAN_POINT ( 'NONE',  ( -0.8180260336791903564, -1.103998903937317699, -5.396299969837625277 ) ) ;
#3784 = CARTESIAN_POINT ( 'NONE',  ( 0.1702223254924700169, 14.75000000000000000, 4.244429080537130083 ) ) ;
#3785 = CYLINDRICAL_SURFACE ( 'NONE', #4985, 3.120000000000000107 ) ;
#3786 = ORIENTED_EDGE ( 'NONE', *, *, #1114, .F. ) ;
#3787 = ORIENTED_EDGE ( 'NONE', *, *, #1465, .T. ) ;
#3788 = VECTOR ( 'NONE', #841, 1000.000000000000000 ) ;
#3789 = EDGE_LOOP ( 'NONE', ( #4389, #1568, #427 ) ) ;
#3790 = DIRECTION ( 'NONE',  ( -1.000000000000000000, 6.828702721532539617E-16, 0.000000000000000000 ) ) ;
#3791 = CARTESIAN_POINT ( 'NONE',  ( 5.653913460804457003, -2.670256796566927715, -0.6702567965669290473 ) ) ;
#3792 = DIRECTION ( 'NONE',  ( -0.7071067811865510144, 0.7071067811865440200, 1.264639095526889952E-16 ) ) ;
#3793 = EDGE_CURVE ( 'NONE', #2782, #5916, #4192, .T. ) ;
#3794 = EDGE_CURVE ( 'NONE', #1729, #5307, #5242, .T. ) ;
#3795 = ORIENTED_EDGE ( 'NONE', *, *, #3078, .F. ) ;
#3796 = CARTESIAN_POINT ( 'NONE',  ( -25.37000000000000099, 1.000000000000000000, 4.899999999999999467 ) ) ;
#3797 = AXIS2_PLACEMENT_3D ( 'NONE', #6408, #2724, #3242 ) ;
#3798 = DIRECTION ( 'NONE',  ( 1.000000000000000000, 0.000000000000000000, 0.000000000000000000 ) ) ;
#3799 = DIRECTION ( 'NONE',  ( -0.7071067811865503483, -3.056487148509335512E-15, 0.7071067811865445751 ) ) ;
#3800 = ORIENTED_EDGE ( 'NONE', *, *, #6050, .T. ) ;
#3801 = CARTESIAN_POINT ( 'NONE',  ( -5.728219618694799564, -2.500000000000000000, -2.500000000000000000 ) ) ;
#3802 = CARTESIAN_POINT ( 'NONE',  ( -23.36999999999999744, -2.500000000000000000, -2.500000000000000000 ) ) ;
#3803 = VERTEX_POINT ( 'NONE', #3749 ) ;
#3804 = LINE ( 'NONE', #2862, #4070 ) ;
#3805 = DIRECTION ( 'NONE',  ( -1.000000000000000000, 2.478176394252580155E-16, 0.000000000000000000 ) ) ;
#3806 = CARTESIAN_POINT ( 'NONE',  ( -25.01998852342098800, 5.552138748893690412, -20.29787272768532347 ) ) ;
#3807 = EDGE_CURVE ( 'NONE', #134, #6455, #2232, .T. ) ;
#3808 = EDGE_CURVE ( 'NONE', #570, #1997, #4293, .T. ) ;
#3809 = PLANE ( 'NONE',  #1332 ) ;
#3810 = VERTEX_POINT ( 'NONE', #4772 ) ;
#3811 = CARTESIAN_POINT ( 'NONE',  ( -24.87000000000000099, 6.000000000000000000, -20.50000000000000000 ) ) ;
#3812 = ORIENTED_EDGE ( 'NONE', *, *, #811, .T. ) ;
#3813 = CIRCLE ( 'NONE', #3283, 4.099999999999999645 ) ;
#3814 = CARTESIAN_POINT ( 'NONE',  ( -0.7636325855405680096, -1.100000000000000089, -5.344517927577429717 ) ) ;
#3815 = DIRECTION ( 'NONE',  ( 1.000000000000000000, -0.000000000000000000, -0.000000000000000000 ) ) ;
#3816 = AXIS2_PLACEMENT_3D ( 'NONE', #5955, #3767, #683 ) ;
#3817 = DIRECTION ( 'NONE',  ( 0.000000000000000000, 0.000000000000000000, -1.000000000000000000 ) ) ;
#3818 = EDGE_CURVE ( 'NONE', #119, #5762, #5907, .T. ) ;
#3819 = EDGE_CURVE ( 'NONE', #6322, #2328, #5009, .T. ) ;
#3820 = CARTESIAN_POINT ( 'NONE',  ( 2.206173157301999144, -2.206173157302047105, -12.34999999999999964 ) ) ;
#3821 = VECTOR ( 'NONE', #2393, 1000.000000000000000 ) ;
#3822 = ORIENTED_EDGE ( 'NONE', *, *, #5641, .F. ) ;
#3823 = ORIENTED_EDGE ( 'NONE', *, *, #4145, .T. ) ;
#3824 = VECTOR ( 'NONE', #3212, 1000.000000000000000 ) ;
#3825 = ORIENTED_EDGE ( 'NONE', *, *, #1263, .F. ) ;
#3826 = PLANE ( 'NONE',  #2250 ) ;
#3827 = ADVANCED_FACE ( 'NONE', ( #3944 ), #3846, .F. ) ;
#3828 = AXIS2_PLACEMENT_3D ( 'NONE', #379, #3308, #4994 ) ;
#3829 = ORIENTED_EDGE ( 'NONE', *, *, #2754, .F. ) ;
#3830 = LINE ( 'NONE', #1801, #3064 ) ;
#3831 = EDGE_CURVE ( 'NONE', #3133, #706, #2361, .T. ) ;
#3832 = CARTESIAN_POINT ( 'NONE',  ( -6.005047273070302381E-15, 11.62184035756915357, -12.60969774376261299 ) ) ;
#3833 = EDGE_CURVE ( 'NONE', #1147, #2399, #6109, .T. ) ;
#3834 = DIRECTION ( 'NONE',  ( 0.000000000000000000, 0.000000000000000000, 1.000000000000000000 ) ) ;
#3835 = PLANE ( 'NONE',  #2890 ) ;
#3836 = ORIENTED_EDGE ( 'NONE', *, *, #1724, .F. ) ;
#3837 = CARTESIAN_POINT ( 'NONE',  ( -6.485787082687543226, 14.03486293352439596, -9.309165464811485435 ) ) ;
#3838 = B_SPLINE_CURVE_WITH_KNOTS ( 'NONE', 3,
 ( #1432, #5587, #919, #2993, #5070, #2486, #4552, #1628, #1159 ),
 .UNSPECIFIED., .F., .F.,
 ( 4, 1, 2, 2, 4 ),
 ( 0.000000000000000000, 0.2500000000000124345, 0.3750000000000126565, 0.5000000000000128786, 1.000000000000000000 ),
 .UNSPECIFIED. ) ;
#3839 = DIRECTION ( 'NONE',  ( -0.7071067811865474617, 0.000000000000000000, -0.7071067811865474617 ) ) ;
#3840 = LINE ( 'NONE', #6618, #4473 ) ;
#3841 = CARTESIAN_POINT ( 'NONE',  ( -1.677050983124940053, -5.500000000000000000, -0.5000000000000000000 ) ) ;
#3842 = PLANE ( 'NONE',  #2555 ) ;
#3843 = CARTESIAN_POINT ( 'NONE',  ( -1.292346314604062130, 3.119999999999978790, -12.34999999999999964 ) ) ;
#3844 = CARTESIAN_POINT ( 'NONE',  ( -1.661678984290958727, 8.571077518059142336E-06, -9.172811201202554443 ) ) ;
#3845 = VERTEX_POINT ( 'NONE', #333 ) ;
#3846 = PLANE ( 'NONE',  #3062 ) ;
#3847 = ORIENTED_EDGE ( 'NONE', *, *, #3363, .T. ) ;
#3848 = DIRECTION ( 'NONE',  ( 0.000000000000000000, 0.000000000000000000, 1.000000000000000000 ) ) ;
#3849 = CARTESIAN_POINT ( 'NONE',  ( -23.61999999999999744, -3.000000000000000000, 2.399999999999999911 ) ) ;
#3850 = VECTOR ( 'NONE', #21, 1000.000000000000000 ) ;
#3851 = FACE_OUTER_BOUND ( 'NONE', #902, .T. ) ;
#3852 = AXIS2_PLACEMENT_3D ( 'NONE', #1781, #6028, #1363 ) ;
#3853 = ORIENTED_EDGE ( 'NONE', *, *, #5757, .F. ) ;
#3854 = ORIENTED_EDGE ( 'NONE', *, *, #2926, .T. ) ;
#3855 = AXIS2_PLACEMENT_3D ( 'NONE', #1523, #6561, #1900 ) ;
#3856 = EDGE_CURVE ( 'NONE', #770, #2935, #469, .T. ) ;
#3857 = EDGE_LOOP ( 'NONE', ( #5412, #4408, #541, #4104 ) ) ;
#3858 = CARTESIAN_POINT ( 'NONE',  ( 0.3642976019479254868, -2.015173847483594738, -11.41000000000000014 ) ) ;
#3859 = DIRECTION ( 'NONE',  ( 0.000000000000000000, 0.000000000000000000, -1.000000000000000000 ) ) ;
#3860 = EDGE_CURVE ( 'NONE', #5087, #4165, #2870, .T. ) ;
#3861 = AXIS2_PLACEMENT_3D ( 'NONE', #746, #246, #2809 ) ;
#3862 = ORIENTED_EDGE ( 'NONE', *, *, #5928, .T. ) ;
#3863 = CARTESIAN_POINT ( 'NONE',  ( 5.409069231047659798, -1.950505076572089935, -20.50000000000000000 ) ) ;
#3864 = EDGE_CURVE ( 'NONE', #3133, #1275, #1337, .T. ) ;
#3865 = VECTOR ( 'NONE', #905, 1000.000000000000000 ) ;
#3866 = FACE_OUTER_BOUND ( 'NONE', #1852, .T. ) ;
#3867 = DIRECTION ( 'NONE',  ( 0.000000000000000000, -0.7071067811865420216, -0.7071067811865531239 ) ) ;
#3868 = ORIENTED_EDGE ( 'NONE', *, *, #1788, .F. ) ;
#3869 = EDGE_CURVE ( 'NONE', #1314, #1090, #4249, .T. ) ;
#3870 = CARTESIAN_POINT ( 'NONE',  ( 2.731767546773391064, 5.618232453226623235, -18.96798051112934758 ) ) ;
#3871 = CARTESIAN_POINT ( 'NONE',  ( 0.2749999999999274691, 11.63354765594751328, -12.67943252105974494 ) ) ;
#3872 = PLANE ( 'NONE',  #5716 ) ;
#3873 = CARTESIAN_POINT ( 'NONE',  ( -1.899999999999999911, -2.100000000000000089, -5.837564434701790539 ) ) ;
#3874 = CARTESIAN_POINT ( 'NONE',  ( -0.8723896230662280260, 13.96512815622725334, -9.320872763189839816 ) ) ;
#3875 = CARTESIAN_POINT ( 'NONE',  ( 1.308756487256257817, -1.575053915087199830, -11.41000000000000014 ) ) ;
#3876 = ORIENTED_EDGE ( 'NONE', *, *, #3950, .T. ) ;
#3877 = CARTESIAN_POINT ( 'NONE',  ( -5.572095439333748068, -2.837033873050117005, -2.162966126949882106 ) ) ;
#3878 = VERTEX_POINT ( 'NONE', #2293 ) ;
#3879 = DIRECTION ( 'NONE',  ( -0.000000000000000000, -0.000000000000000000, -1.000000000000000000 ) ) ;
#3880 = ORIENTED_EDGE ( 'NONE', *, *, #1343, .F. ) ;
#3881 = FACE_OUTER_BOUND ( 'NONE', #3389, .T. ) ;
#3882 = CARTESIAN_POINT ( 'NONE',  ( 1.659040969142006938, 5.783016698729767313, -20.23371384697511388 ) ) ;
#3883 = DIRECTION ( 'NONE',  ( 0.4999999999999558131, 0.5025327086123045905, 0.7053090647190242146 ) ) ;
#3884 = ORIENTED_EDGE ( 'NONE', *, *, #952, .T. ) ;
#3885 = ORIENTED_EDGE ( 'NONE', *, *, #5487, .T. ) ;
#3886 = ORIENTED_EDGE ( 'NONE', *, *, #2018, .T. ) ;
#3887 = DIRECTION ( 'NONE',  ( -1.000000000000000000, 0.000000000000000000, 0.000000000000000000 ) ) ;
#3888 = CARTESIAN_POINT ( 'NONE',  ( -2.206173157302016907, -2.206173157302028898, -12.09999999999999964 ) ) ;
#3889 = EDGE_CURVE ( 'NONE', #1805, #2113, #6001, .T. ) ;
#3890 = VECTOR ( 'NONE', #5156, 1000.000000000000000 ) ;
#3891 = ORIENTED_EDGE ( 'NONE', *, *, #730, .F. ) ;
#3892 = CARTESIAN_POINT ( 'NONE',  ( -14.07922092882882659, -2.499999999999998668, 8.349999999999999645 ) ) ;
#3893 = VECTOR ( 'NONE', #5979, 1000.000000000000000 ) ;
#3894 = DIRECTION ( 'NONE',  ( -1.000000000000000000, 0.000000000000000000, 0.000000000000000000 ) ) ;
#3895 = CARTESIAN_POINT ( 'NONE',  ( -1.270170592217173988, 3.252606517456515274E-16, -4.469542059191354610 ) ) ;
#3896 = CARTESIAN_POINT ( 'NONE',  ( -2.146720301521298779E-14, -1.452830911130575942E-14, -12.09999999999999964 ) ) ;
#3897 = ORIENTED_EDGE ( 'NONE', *, *, #3059, .T. ) ;
#3898 = DIRECTION ( 'NONE',  ( 0.7071067811865425767, -0.7071067811865524577, -0.000000000000000000 ) ) ;
#3899 = CARTESIAN_POINT ( 'NONE',  ( -0.1822054508531475159, 2.040000000000000036, -11.41000000000000014 ) ) ;
#3900 = CARTESIAN_POINT ( 'NONE',  ( -1.440724706602060756, -3.604624260879758159E-06, -4.817078103876847983 ) ) ;
#3901 = CARTESIAN_POINT ( 'NONE',  ( -9.849999999999985434, 7.123357664233608055, -18.92335766423355992 ) ) ;
#3902 = LINE ( 'NONE', #5997, #2426 ) ;
#3903 = B_SPLINE_CURVE_WITH_KNOTS ( 'NONE', 3,
 ( #760, #2931, #2827, #4902, #3369, #1812, #5995, #358, #856, #5448, #2289, #263 ),
 .UNSPECIFIED., .F., .F.,
 ( 4, 2, 2, 2, 2, 4 ),
 ( 0.000000000000000000, 0.2500000000000037192, 0.3750000000000032196, 0.4375000000000029976, 0.5000000000000027756, 1.000000000000000000 ),
 .UNSPECIFIED. ) ;
#3904 = CARTESIAN_POINT ( 'NONE',  ( 5.750000000000000000, 0.000000000000000000, -20.50000000000000000 ) ) ;
#3905 = DIRECTION ( 'NONE',  ( 1.000000000000000000, 0.000000000000000000, 0.000000000000000000 ) ) ;
#3906 = ADVANCED_FACE ( 'NONE', ( #6479 ), #738, .F. ) ;
#3907 = ORIENTED_EDGE ( 'NONE', *, *, #644, .F. ) ;
#3908 = DIRECTION ( 'NONE',  ( 0.7071067811865511255, 0.000000000000000000, -0.7071067811865440200 ) ) ;
#3909 = CONICAL_SURFACE ( 'NONE', #1857, 2.950000000000001066, 0.7853981633974533860 ) ;
#3910 = ADVANCED_FACE ( 'NONE', ( #5490 ), #827, .F. ) ;
#3911 = EDGE_CURVE ( 'NONE', #706, #445, #1274, .T. ) ;
#3912 = PLANE ( 'NONE',  #3466 ) ;
#3913 = DIRECTION ( 'NONE',  ( 0.000000000000000000, 0.000000000000000000, 1.000000000000000000 ) ) ;
#3914 = ORIENTED_EDGE ( 'NONE', *, *, #1709, .T. ) ;
#3915 = EDGE_LOOP ( 'NONE', ( #1720, #4171, #342, #5300, #4998, #5567 ) ) ;
#3916 = VECTOR ( 'NONE', #2821, 1000.000000000000000 ) ;
#3917 = ORIENTED_EDGE ( 'NONE', *, *, #730, .T. ) ;
#3918 = AXIS2_PLACEMENT_3D ( 'NONE', #748, #2783, #4310 ) ;
#3919 = CARTESIAN_POINT ( 'NONE',  ( 1.250000000000000000, 5.612486080160910440, -0.5000000000000000000 ) ) ;
#3920 = CARTESIAN_POINT ( 'NONE',  ( -24.87000000000000099, 3.600000000000001865, 4.899999999999999467 ) ) ;
#3921 = AXIS2_PLACEMENT_3D ( 'NONE', #2668, #1207, #5257 ) ;
#3922 = ORIENTED_EDGE ( 'NONE', *, *, #5659, .T. ) ;
#3923 = CARTESIAN_POINT ( 'NONE',  ( -2.149999999999999911, -2.100000000000000089, -5.837564434701790539 ) ) ;
#3924 = B_SPLINE_CURVE_WITH_KNOTS ( 'NONE', 3,
 ( #6057, #2954, #2448, #1937 ),
 .UNSPECIFIED., .F., .F.,
 ( 4, 4 ),
 ( 0.000000000000000000, 0.0007700214728288590389 ),
 .UNSPECIFIED. ) ;
#3925 = B_SPLINE_CURVE_WITH_KNOTS ( 'NONE', 3,
 ( #4826, #4889, #5889, #6462 ),
 .UNSPECIFIED., .F., .F.,
 ( 4, 4 ),
 ( 0.000000000000000000, 0.0007121884229678309992 ),
 .UNSPECIFIED. ) ;
#3926 = AXIS2_PLACEMENT_3D ( 'NONE', #5093, #1016, #5195 ) ;
#3927 = DIRECTION ( 'NONE',  ( -1.000000000000000000, 0.000000000000000000, 0.000000000000000000 ) ) ;
#3928 = CIRCLE ( 'NONE', #5361, 1.700000000000000178 ) ;
#3929 = CARTESIAN_POINT ( 'NONE',  ( -16.86999999999999744, 1.500000000000000444, -0.5000000000000000000 ) ) ;
#3930 = DIRECTION ( 'NONE',  ( -0.5773502691896207351, -0.5773502691896278405, 0.5773502691896288397 ) ) ;
#3931 = AXIS2_PLACEMENT_3D ( 'NONE', #4930, #4859, #2346 ) ;
#3932 = VERTEX_POINT ( 'NONE', #4359 ) ;
#3933 = CARTESIAN_POINT ( 'NONE',  ( -1.455384757729409229, 10.97081276513828385, -12.57559387457350475 ) ) ;
#3934 = LINE ( 'NONE', #4348, #6125 ) ;
#3935 = EDGE_CURVE ( 'NONE', #6365, #5180, #4454, .T. ) ;
#3936 = FACE_OUTER_BOUND ( 'NONE', #2255, .T. ) ;
#3937 = CARTESIAN_POINT ( 'NONE',  ( -8.680995911905851514, 0.000000000000000000, -0.5000000000000000000 ) ) ;
#3938 = FACE_OUTER_BOUND ( 'NONE', #5196, .T. ) ;
#3939 = B_SPLINE_CURVE_WITH_KNOTS ( 'NONE', 3,
 ( #884, #328, #3463, #4968 ),
 .UNSPECIFIED., .F., .F.,
 ( 4, 4 ),
 ( -4.605592540811630403E-06, 4.999608959494349977E-06 ),
 .UNSPECIFIED. ) ;
#3940 = LINE ( 'NONE', #1334, #1658 ) ;
#3941 = EDGE_CURVE ( 'NONE', #139, #141, #2833, .T. ) ;
#3942 = DIRECTION ( 'NONE',  ( 0.000000000000000000, 1.000000000000000000, 0.000000000000000000 ) ) ;
#3943 = VERTEX_POINT ( 'NONE', #5420 ) ;
#3944 = FACE_OUTER_BOUND ( 'NONE', #3657, .T. ) ;
#3945 = ORIENTED_EDGE ( 'NONE', *, *, #218, .T. ) ;
#3946 = EDGE_CURVE ( 'NONE', #372, #340, #765, .T. ) ;
#3947 = FACE_OUTER_BOUND ( 'NONE', #175, .T. ) ;
#3948 = DIRECTION ( 'NONE',  ( 1.000000000000000000, 0.000000000000000000, 0.000000000000000000 ) ) ;
#3949 = FACE_OUTER_BOUND ( 'NONE', #5974, .T. ) ;
#3950 = EDGE_CURVE ( 'NONE', #3194, #2367, #3295, .T. ) ;
#3951 = ORIENTED_EDGE ( 'NONE', *, *, #72, .T. ) ;
#3952 = EDGE_LOOP ( 'NONE', ( #3447, #5711, #3126, #665, #4315, #6175 ) ) ;
#3953 = EDGE_LOOP ( 'NONE', ( #6088, #3445, #2753, #409, #5194 ) ) ;
#3954 = CARTESIAN_POINT ( 'NONE',  ( -4.100000000000020961, -1.452830911130575942E-14, -12.09999999999999964 ) ) ;
#3955 = CARTESIAN_POINT ( 'NONE',  ( -0.3252691193458260854, 4.087077195258216555, -12.34999999999999964 ) ) ;
#3956 = VECTOR ( 'NONE', #31, 1000.000000000000000 ) ;
#3957 = CARTESIAN_POINT ( 'NONE',  ( 1.308756487256283796, 1.575053915087174961, -11.41000000000000014 ) ) ;
#3958 = DIRECTION ( 'NONE',  ( 0.000000000000000000, -1.000000000000000000, 0.000000000000000000 ) ) ;
#3959 = AXIS2_PLACEMENT_3D ( 'NONE', #5483, #1744, #260 ) ;
#3960 = DIRECTION ( 'NONE',  ( -0.4999999999999560352, -0.5025327086123045905, -0.7053090647190241036 ) ) ;
#3961 = ORIENTED_EDGE ( 'NONE', *, *, #4218, .F. ) ;
#3962 = CARTESIAN_POINT ( 'NONE',  ( 0.04212073544940114767, 15.36554880170374915, 4.629147081601959535 ) ) ;
#3963 = CARTESIAN_POINT ( 'NONE',  ( -1.899999999999999911, 0.000000000000000000, -7.049999999999999822 ) ) ;
#3964 = DIRECTION ( 'NONE',  ( 0.5000000000000003331, 0.8660254037844383745, 0.000000000000000000 ) ) ;
#3966 = DIRECTION ( 'NONE',  ( -1.000000000000000000, 0.000000000000000000, 0.000000000000000000 ) ) ;
#3965 = CONICAL_SURFACE ( 'NONE', #1045, 5.750000000000000000, 0.7853981633974476129 ) ;
#3967 = VERTEX_POINT ( 'NONE', #1300 ) ;
#3968 = CARTESIAN_POINT ( 'NONE',  ( 5.764970330078220684, -1.941879357795259775, -20.16705687881340126 ) ) ;
#3969 = EDGE_CURVE ( 'NONE', #2457, #2493, #3373, .T. ) ;
#3970 = CIRCLE ( 'NONE', #5068, 2.599602749461810358 ) ;
#3971 = DIRECTION ( 'NONE',  ( 0.4999999999999994449, 0.8660254037844389297, 0.000000000000000000 ) ) ;
#3972 = CARTESIAN_POINT ( 'NONE',  ( -1.677050983124934946, -5.500000000000000000, -20.50000000000000000 ) ) ;
#3973 = CARTESIAN_POINT ( 'NONE',  ( -10.94999999999999396, 16.91571915046718999, -30.91571915046718999 ) ) ;
#3974 = LINE ( 'NONE', #5965, #1464 ) ;
#3975 = DIRECTION ( 'NONE',  ( -1.000000000000000000, 0.000000000000000000, 0.000000000000000000 ) ) ;
#3976 = ADVANCED_FACE ( 'NONE', ( #5661 ), #6139, .F. ) ;
#3977 = DIRECTION ( 'NONE',  ( -1.000000000000000000, 0.000000000000000000, -0.000000000000000000 ) ) ;
#3978 = CARTESIAN_POINT ( 'NONE',  ( -25.37000000000000099, 3.100000000000008527, 0.000000000000000000 ) ) ;
#3979 = CARTESIAN_POINT ( 'NONE',  ( 1.750000000000001554, 12.15651554448605332, -11.16151732544630981 ) ) ;
#3980 = ORIENTED_EDGE ( 'NONE', *, *, #1428, .T. ) ;
#3981 = CARTESIAN_POINT ( 'NONE',  ( 6.250000000000000000, 0.000000000000000000, -20.00000000000000000 ) ) ;
#3982 = LINE ( 'NONE', #5972, #5159 ) ;
#3983 = DIRECTION ( 'NONE',  ( 1.000000000000000000, 0.000000000000000000, 0.000000000000000000 ) ) ;
#3984 = DIRECTION ( 'NONE',  ( 1.000000000000000000, 0.000000000000000000, 0.000000000000000000 ) ) ;
#3985 = ORIENTED_EDGE ( 'NONE', *, *, #4443, .F. ) ;
#3986 = VERTEX_POINT ( 'NONE', #2462 ) ;
#3987 = VERTEX_POINT ( 'NONE', #6604 ) ;
#3988 = FACE_OUTER_BOUND ( 'NONE', #1606, .T. ) ;
#3989 = DIRECTION ( 'NONE',  ( 0.000000000000000000, -1.000000000000000000, 0.000000000000000000 ) ) ;
#3990 = CARTESIAN_POINT ( 'NONE',  ( -7.814212917312388207, 9.232232378370630599, -16.04969957730800800 ) ) ;
#3991 = EDGE_LOOP ( 'NONE', ( #4787, #6019, #1546, #2439, #1825 ) ) ;
#3992 = DIRECTION ( 'NONE',  ( -1.000000000000000000, 0.000000000000000000, 0.000000000000000000 ) ) ;
#3993 = ORIENTED_EDGE ( 'NONE', *, *, #1125, .T. ) ;
#3994 = LINE ( 'NONE', #6434, #1330 ) ;
#3995 = EDGE_CURVE ( 'NONE', #2184, #1743, #5179, .T. ) ;
#3996 = SPHERICAL_SURFACE ( 'NONE', #4811, 2.100000000000000089 ) ;
#3997 = CARTESIAN_POINT ( 'NONE',  ( -2.146720301521298779E-14, -1.452830911130575942E-14, -12.34999999999999964 ) ) ;
#3998 = AXIS2_PLACEMENT_3D ( 'NONE', #639, #705, #137 ) ;
#3999 = ORIENTED_EDGE ( 'NONE', *, *, #1661, .F. ) ;
#4000 = DIRECTION ( 'NONE',  ( -1.000000000000000000, 4.440892098500625373E-15, 0.000000000000000000 ) ) ;
#4001 = ORIENTED_EDGE ( 'NONE', *, *, #6493, .F. ) ;
#4002 = CARTESIAN_POINT ( 'NONE',  ( -2.206173157302016463, 2.206173157302028898, -12.09999999999999964 ) ) ;
#4003 = VECTOR ( 'NONE', #3386, 1000.000000000000000 ) ;
#4004 = LINE ( 'NONE', #3095, #4506 ) ;
#4005 = FACE_OUTER_BOUND ( 'NONE', #5976, .T. ) ;
#4006 = ORIENTED_EDGE ( 'NONE', *, *, #2172, .F. ) ;
#4007 = DIRECTION ( 'NONE',  ( 0.000000000000000000, -1.000000000000000000, 0.000000000000000000 ) ) ;
#4008 = CARTESIAN_POINT ( 'NONE',  ( -7.835769515458388845, 11.49306007540730334, -11.84261519349417746 ) ) ;
#4009 = LINE ( 'NONE', #3574, #3615 ) ;
#4010 = VERTEX_POINT ( 'NONE', #457 ) ;
#4011 = AXIS2_PLACEMENT_3D ( 'NONE', #4016, #6178, #4640 ) ;
#4012 = CARTESIAN_POINT ( 'NONE',  ( -17.36999999999999744, 2.000000000000006217, -1.000000000000005551 ) ) ;
#4013 = EDGE_CURVE ( 'NONE', #4863, #4018, #2526, .T. ) ;
#4014 = ADVANCED_FACE ( 'NONE', ( #995 ), #6571, .T. ) ;
#4015 = LINE ( 'NONE', #6102, #2339 ) ;
#4016 = CARTESIAN_POINT ( 'NONE',  ( -24.87000000000000099, -3.000000000000000000, 0.000000000000000000 ) ) ;
#4017 = CARTESIAN_POINT ( 'NONE',  ( 1.817483881043954863, 6.532516118956047002, -19.48805180309621932 ) ) ;
#4018 = VERTEX_POINT ( 'NONE', #3031 ) ;
#4019 = ORIENTED_EDGE ( 'NONE', *, *, #35, .F. ) ;
#4020 = ORIENTED_EDGE ( 'NONE', *, *, #2164, .T. ) ;
#4021 = FACE_OUTER_BOUND ( 'NONE', #3857, .T. ) ;
#4022 = EDGE_CURVE ( 'NONE', #4010, #5760, #1915, .T. ) ;
#4023 = ADVANCED_FACE ( 'NONE', ( #4491 ), #929, .T. ) ;
#4024 = DIRECTION ( 'NONE',  ( 0.000000000000000000, 0.7071067811865480168, 0.7071067811865470176 ) ) ;
#4025 = AXIS2_PLACEMENT_3D ( 'NONE', #5517, #1867, #4000 ) ;
#4026 = CARTESIAN_POINT ( 'NONE',  ( 7.164049753296549706E-16, 5.599999999999999645, -20.50000000000000000 ) ) ;
#4027 = EDGE_LOOP ( 'NONE', ( #3139, #2203, #835, #5977 ) ) ;
#4028 = AXIS2_PLACEMENT_3D ( 'NONE', #2391, #4453, #796 ) ;
#4029 = PLANE ( 'NONE',  #2415 ) ;
#4030 = EDGE_CURVE ( 'NONE', #3083, #1267, #475, .T. ) ;
#4031 = DIRECTION ( 'NONE',  ( 0.000000000000000000, -0.000000000000000000, 1.000000000000000000 ) ) ;
#4032 = VECTOR ( 'NONE', #4898, 1000.000000000000000 ) ;
#4033 = CARTESIAN_POINT ( 'NONE',  ( -2.146720301521298779E-14, -1.452830911130575942E-14, -12.34999999999999964 ) ) ;
#4034 = VECTOR ( 'NONE', #3486, 1000.000000000000000 ) ;
#4035 = ORIENTED_EDGE ( 'NONE', *, *, #2434, .F. ) ;
#4036 = CARTESIAN_POINT ( 'NONE',  ( 5.689184146035048961, -2.611432720348769276, -19.97955441606620397 ) ) ;
#4037 = EDGE_CURVE ( 'NONE', #4156, #2907, #690, .T. ) ;
#4038 = ORIENTED_EDGE ( 'NONE', *, *, #5585, .T. ) ;
#4039 = VECTOR ( 'NONE', #6405, 1000.000000000000000 ) ;
#4040 = DIRECTION ( 'NONE',  ( 0.3779644730092297511, 0.1532845171492149272, -0.9130425586713837305 ) ) ;
#4041 = VECTOR ( 'NONE', #2965, 1000.000000000000000 ) ;
#4042 = AXIS2_PLACEMENT_3D ( 'NONE', #3131, #4594, #2009 ) ;
#4043 = CARTESIAN_POINT ( 'NONE',  ( -9.114008613798072034, 0.5000000000000009992, -0.2499999999999987510 ) ) ;
#4044 = DIRECTION ( 'NONE',  ( -0.000000000000000000, -0.000000000000000000, 1.000000000000000000 ) ) ;
#4045 = VECTOR ( 'NONE', #270, 1000.000000000000000 ) ;
#4046 = ORIENTED_EDGE ( 'NONE', *, *, #5006, .T. ) ;
#4047 = VECTOR ( 'NONE', #2428, 1000.000000000000114 ) ;
#4048 = CARTESIAN_POINT ( 'NONE',  ( -1.860640646055099934, -0.02272413359521725101, -7.049999999999999822 ) ) ;
#4049 = CARTESIAN_POINT ( 'NONE',  ( -9.799999999999998934, 5.599999999999999645, -6.750000000000000000 ) ) ;
#4050 = LINE ( 'NONE', #1475, #5577 ) ;
#4051 = ORIENTED_EDGE ( 'NONE', *, *, #1727, .T. ) ;
#4052 = CARTESIAN_POINT ( 'NONE',  ( -6.485787082687543226, 14.03486293352439596, -9.309165464811485435 ) ) ;
#4053 = DIRECTION ( 'NONE',  ( 0.3159220186098286032, 0.000000000000000000, -0.9487851591153241282 ) ) ;
#4054 = PLANE ( 'NONE',  #4011 ) ;
#4055 = CARTESIAN_POINT ( 'NONE',  ( -5.482928049865329889, -3.000000000000000000, -1.000000000000000000 ) ) ;
#4056 = ORIENTED_EDGE ( 'NONE', *, *, #4527, .T. ) ;
#4057 = VERTEX_POINT ( 'NONE', #1439 ) ;
#4058 = EDGE_CURVE ( 'NONE', #4224, #4781, #5628, .T. ) ;
#4059 = ORIENTED_EDGE ( 'NONE', *, *, #5871, .F. ) ;
#4060 = DIRECTION ( 'NONE',  ( 0.000000000000000000, -0.4999999999999998890, 0.8660254037844387076 ) ) ;
#4061 = DIRECTION ( 'NONE',  ( -1.000000000000000000, 0.000000000000000000, 0.000000000000000000 ) ) ;
#4062 = DIRECTION ( 'NONE',  ( 0.7070954944180845025, 0.7070954944180926072, 0.005650092678670196218 ) ) ;
#4063 = EDGE_CURVE ( 'NONE', #369, #4121, #4009, .T. ) ;
#4064 = ORIENTED_EDGE ( 'NONE', *, *, #2047, .F. ) ;
#4065 = CARTESIAN_POINT ( 'NONE',  ( 5.199085480780915702, -2.808254262871201057, -20.34096463314682524 ) ) ;
#4066 = VECTOR ( 'NONE', #388, 1000.000000000000000 ) ;
#4067 = ADVANCED_FACE ( 'NONE', ( #4084 ), #5595, .T. ) ;
#4068 = CARTESIAN_POINT ( 'NONE',  ( -2.507925585240040167, 1.734723475976804925E-15, -4.211832003427190330 ) ) ;
#4069 = CARTESIAN_POINT ( 'NONE',  ( -9.799999999999998934, 8.828427124746188071, -12.25000000000000000 ) ) ;
#4070 = VECTOR ( 'NONE', #5992, 1000.000000000000114 ) ;
#4071 = ORIENTED_EDGE ( 'NONE', *, *, #2416, .T. ) ;
#4072 = CARTESIAN_POINT ( 'NONE',  ( -3.120000000000000107, 3.820898013339744886E-16, -12.09999999999999964 ) ) ;
#4073 = ORIENTED_EDGE ( 'NONE', *, *, #416, .T. ) ;
#4074 = ADVANCED_FACE ( 'NONE', ( #3541 ), #4559, .T. ) ;
#4075 = FACE_OUTER_BOUND ( 'NONE', #4908, .T. ) ;
#4076 = VECTOR ( 'NONE', #6700, 1000.000000000000000 ) ;
#4077 = CARTESIAN_POINT ( 'NONE',  ( -0.9881570144701283809, 1.181211443367865987, -5.526109491243989424 ) ) ;
#4078 = CARTESIAN_POINT ( 'NONE',  ( 0.000000000000000000, 0.000000000000000000, -0.5000000000000000000 ) ) ;
#4079 = EDGE_CURVE ( 'NONE', #1942, #6160, #4050, .T. ) ;
#4080 = ORIENTED_EDGE ( 'NONE', *, *, #6168, .T. ) ;
#4081 = AXIS2_PLACEMENT_3D ( 'NONE', #6482, #4493, #5011 ) ;
#4082 = CARTESIAN_POINT ( 'NONE',  ( 2.206173157302017351, -2.206173157302028454, -12.09999999999999964 ) ) ;
#4083 = ORIENTED_EDGE ( 'NONE', *, *, #1955, .F. ) ;
#4084 = FACE_OUTER_BOUND ( 'NONE', #1247, .T. ) ;
#4085 = ORIENTED_EDGE ( 'NONE', *, *, #3659, .T. ) ;
#4086 = LINE ( 'NONE', #6176, #6487 ) ;
#4087 = ADVANCED_FACE ( 'NONE', ( #961 ), #4308, .F. ) ;
#4088 = DIRECTION ( 'NONE',  ( -0.1737910310721814400, 0.8350939351132925514, 0.5219337094458108561 ) ) ;
#4089 = CARTESIAN_POINT ( 'NONE',  ( 5.178078794302000354, -2.500000000000000000, -0.5000000000000000000 ) ) ;
#4090 = FACE_OUTER_BOUND ( 'NONE', #4097, .T. ) ;
#4091 = ORIENTED_EDGE ( 'NONE', *, *, #4227, .T. ) ;
#4092 = ORIENTED_EDGE ( 'NONE', *, *, #6197, .T. ) ;
#4093 = ORIENTED_EDGE ( 'NONE', *, *, #913, .T. ) ;
#4094 = LINE ( 'NONE', #3012, #197 ) ;
#4095 = CARTESIAN_POINT ( 'NONE',  ( -7.376772337713844330, 1.000000000000000000, -4.258981494929651390 ) ) ;
#4096 = CARTESIAN_POINT ( 'NONE',  ( -21.91999999999999815, -2.500000000000000000, 8.349999999999999645 ) ) ;
#4097 = EDGE_LOOP ( 'NONE', ( #5262, #169, #65, #875 ) ) ;
#4098 = ORIENTED_EDGE ( 'NONE', *, *, #734, .T. ) ;
#4099 = CARTESIAN_POINT ( 'NONE',  ( 5.178078794302000354, -2.500000000000000000, -0.5000000000000000000 ) ) ;
#4100 = LINE ( 'NONE', #3593, #1365 ) ;
#4101 = EDGE_CURVE ( 'NONE', #1680, #69, #554, .T. ) ;
#4102 = VERTEX_POINT ( 'NONE', #2624 ) ;
#4103 = FACE_OUTER_BOUND ( 'NONE', #4981, .T. ) ;
#4104 = ORIENTED_EDGE ( 'NONE', *, *, #4653, .F. ) ;
#4105 = DIRECTION ( 'NONE',  ( -0.4999999999999999445, 0.8660254037844387076, 0.000000000000000000 ) ) ;
#4106 = CARTESIAN_POINT ( 'NONE',  ( 0.3252691193458266405, 4.087077195258210338, -12.55000000000000071 ) ) ;
#4107 = CARTESIAN_POINT ( 'NONE',  ( 1.292346314604049473, 3.119999999999992557, -12.09999999999999964 ) ) ;
#4108 = EDGE_CURVE ( 'NONE', #3019, #5433, #4284, .T. ) ;
#4109 = LINE ( 'NONE', #2994, #2011 ) ;
#4110 = DIRECTION ( 'NONE',  ( -0.8660254037844387076, -0.4999999999999998890, 0.000000000000000000 ) ) ;
#4111 = ORIENTED_EDGE ( 'NONE', *, *, #3402, .T. ) ;
#4112 = CARTESIAN_POINT ( 'NONE',  ( -21.91999999999999815, 1.000000000000000000, 2.399999999999999911 ) ) ;
#4113 = CIRCLE ( 'NONE', #2603, 2.950000000000001066 ) ;
#4114 = CARTESIAN_POINT ( 'NONE',  ( -1.899999999999999911, 0.000000000000000000, -7.049999999999999822 ) ) ;
#4115 = CARTESIAN_POINT ( 'NONE',  ( 1.563042943988835143, -1.323077901566481973, -11.41000000000000014 ) ) ;
#4116 = ORIENTED_EDGE ( 'NONE', *, *, #1175, .T. ) ;
#4117 = DIRECTION ( 'NONE',  ( 1.393045520757108705E-15, 0.1655662014541081362, -0.9861986782266836116 ) ) ;
#4118 = CARTESIAN_POINT ( 'NONE',  ( -0.6227979845029409933, 14.14405825928149874, 4.433786412050920944 ) ) ;
#4119 = DIRECTION ( 'NONE',  ( 0.000000000000000000, -0.4999999999999998890, -0.8660254037844387076 ) ) ;
#4120 = FACE_BOUND ( 'NONE', #5341, .T. ) ;
#4121 = VERTEX_POINT ( 'NONE', #6240 ) ;
#4122 = EDGE_CURVE ( 'NONE', #3129, #3123, #3391, .T. ) ;
#4123 = ORIENTED_EDGE ( 'NONE', *, *, #4013, .T. ) ;
#4124 = ORIENTED_EDGE ( 'NONE', *, *, #968, .F. ) ;
#4125 = EDGE_CURVE ( 'NONE', #6154, #2049, #3172, .T. ) ;
#4126 = FACE_OUTER_BOUND ( 'NONE', #3246, .T. ) ;
#4127 = EDGE_CURVE ( 'NONE', #5856, #1956, #1569, .T. ) ;
#4128 = DIRECTION ( 'NONE',  ( -1.000000000000000000, 0.000000000000000000, 0.000000000000000000 ) ) ;
#4129 = ORIENTED_EDGE ( 'NONE', *, *, #3254, .T. ) ;
#4130 = ORIENTED_EDGE ( 'NONE', *, *, #6349, .T. ) ;
#4131 = CARTESIAN_POINT ( 'NONE',  ( -12.37496948728198021, 20.24999999999999645, 3.023640890839701001 ) ) ;
#4132 = CARTESIAN_POINT ( 'NONE',  ( 0.1822054508531790185, 2.040000000000000036, -11.41000000000000014 ) ) ;
#4133 = ORIENTED_EDGE ( 'NONE', *, *, #5238, .F. ) ;
#4134 = PLANE ( 'NONE',  #6331 ) ;
#4135 = VERTEX_POINT ( 'NONE', #1091 ) ;
#4136 = DIRECTION ( 'NONE',  ( -7.190116423725421880E-17, -0.5802747891877946262, -0.8144207567547996351 ) ) ;
#4137 = CIRCLE ( 'NONE', #6534, 4.099999999999999645 ) ;
#4138 = AXIS2_PLACEMENT_3D ( 'NONE', #1932, #3992, #5576 ) ;
#4139 = CARTESIAN_POINT ( 'NONE',  ( -23.36999999999999744, 29.05607232530894990, -16.50000000000000000 ) ) ;
#4140 = DIRECTION ( 'NONE',  ( 0.000000000000000000, 0.000000000000000000, 1.000000000000000000 ) ) ;
#4141 = ORIENTED_EDGE ( 'NONE', *, *, #3833, .F. ) ;
#4142 = CIRCLE ( 'NONE', #1649, 2.100000000000000089 ) ;
#4143 = CARTESIAN_POINT ( 'NONE',  ( -1.486905836551550065E-15, -6.000000000000000000, -20.00000000000000000 ) ) ;
#4144 = VECTOR ( 'NONE', #1258, 1000.000000000000114 ) ;
#4145 = EDGE_CURVE ( 'NONE', #1275, #2830, #5729, .T. ) ;
#4146 = ORIENTED_EDGE ( 'NONE', *, *, #3818, .T. ) ;
#4147 = CARTESIAN_POINT ( 'NONE',  ( 1.217246817541442150, -0.09166666666667559749, -10.41000000000000014 ) ) ;
#4148 = ORIENTED_EDGE ( 'NONE', *, *, #347, .F. ) ;
#4149 = VECTOR ( 'NONE', #4209, 1000.000000000000114 ) ;
#4150 = PLANE ( 'NONE',  #5619 ) ;
#4151 = VECTOR ( 'NONE', #3745, 1000.000000000000000 ) ;
#4152 = LINE ( 'NONE', #6640, #4834 ) ;
#4153 = VECTOR ( 'NONE', #4173, 1000.000000000000000 ) ;
#4154 = DIRECTION ( 'NONE',  ( -1.000000000000000000, 0.000000000000000000, -0.000000000000000000 ) ) ;
#4155 = CARTESIAN_POINT ( 'NONE',  ( 1.655085296108580017, -1.543971894234129672E-14, -10.91000000000000014 ) ) ;
#4156 = VERTEX_POINT ( 'NONE', #6377 ) ;
#4157 = EDGE_LOOP ( 'NONE', ( #5634, #1739, #245, #4655, #5651, #971, #2270, #3440, #766 ) ) ;
#4158 = EDGE_CURVE ( 'NONE', #2186, #5727, #3595, .T. ) ;
#4159 = VERTEX_POINT ( 'NONE', #658 ) ;
#4160 = DIRECTION ( 'NONE',  ( 0.000000000000000000, 0.000000000000000000, 1.000000000000000000 ) ) ;
#4161 = EDGE_CURVE ( 'NONE', #533, #5566, #5863, .T. ) ;
#4162 = CARTESIAN_POINT ( 'NONE',  ( 1.019999999999984031, -1.766691823720265120, -11.41000000000000014 ) ) ;
#4163 = ADVANCED_FACE ( 'NONE', ( #5797 ), #4799, .F. ) ;
#4164 = B_SPLINE_CURVE_WITH_KNOTS ( 'NONE', 3,
 ( #6628, #3566, #418, #5622 ),
 .UNSPECIFIED., .F., .F.,
 ( 4, 4 ),
 ( 7.152448122691000641E-18, 0.0007700214728288609905 ),
 .UNSPECIFIED. ) ;
#4165 = VERTEX_POINT ( 'NONE', #4727 ) ;
#4166 = ORIENTED_EDGE ( 'NONE', *, *, #4778, .F. ) ;
#4167 = VERTEX_POINT ( 'NONE', #4760 ) ;
#4168 = CARTESIAN_POINT ( 'NONE',  ( -21.91999999999999815, 3.100000000000008527, 4.899999999999999467 ) ) ;
#4169 = ORIENTED_EDGE ( 'NONE', *, *, #956, .F. ) ;
#4170 = CARTESIAN_POINT ( 'NONE',  ( -1.105356974374213985, -1.285465559880839992, -5.591741447231370010 ) ) ;
#4171 = ORIENTED_EDGE ( 'NONE', *, *, #4666, .T. ) ;
#4172 = DIRECTION ( 'NONE',  ( 0.6123724356957964687, -0.7071067811865462405, 0.3535533905932730647 ) ) ;
#4173 = DIRECTION ( 'NONE',  ( -0.000000000000000000, 0.000000000000000000, 1.000000000000000000 ) ) ;
#4174 = DIRECTION ( 'NONE',  ( -0.4999999999999999445, 0.8660254037844387076, 0.000000000000000000 ) ) ;
#4175 = VECTOR ( 'NONE', #4698, 1000.000000000000000 ) ;
#4176 = ADVANCED_FACE ( 'NONE', ( #4665 ), #2720, .T. ) ;
#4177 = ORIENTED_EDGE ( 'NONE', *, *, #2077, .F. ) ;
#4178 = LINE ( 'NONE', #6272, #4032 ) ;
#4179 = AXIS2_PLACEMENT_3D ( 'NONE', #428, #6637, #2494 ) ;
#4180 = DIRECTION ( 'NONE',  ( 0.000000000000000000, -0.5802747891877946262, -0.8144207567547996351 ) ) ;
#4181 = ORIENTED_EDGE ( 'NONE', *, *, #6201, .F. ) ;
#4182 = CARTESIAN_POINT ( 'NONE',  ( -9.799999999999998934, 5.599999999999999645, -5.750000000000000000 ) ) ;
#4183 = CARTESIAN_POINT ( 'NONE',  ( -10.94999999999999574, 6.000000000000007994, -20.00000000000000711 ) ) ;
#4184 = FACE_OUTER_BOUND ( 'NONE', #1039, .T. ) ;
#4185 = VECTOR ( 'NONE', #3393, 1000.000000000000000 ) ;
#4186 = SURFACE_SIDE_STYLE ('',( #3142 ) ) ;
#4187 = ADVANCED_FACE ( 'NONE', ( #2085 ), #5208, .T. ) ;
#4188 = DIRECTION ( 'NONE',  ( 0.000000000000000000, 1.000000000000000000, 0.000000000000000000 ) ) ;
#4189 = ORIENTED_EDGE ( 'NONE', *, *, #4063, .T. ) ;
#4190 = EDGE_LOOP ( 'NONE', ( #4944, #1642, #1087, #83, #3412, #4323 ) ) ;
#4191 = VECTOR ( 'NONE', #1892, 1000.000000000000114 ) ;
#4192 = LINE ( 'NONE', #6284, #5901 ) ;
#4193 = VERTEX_POINT ( 'NONE', #91 ) ;
#4194 = PLANE ( 'NONE',  #4958 ) ;
#4195 = LINE ( 'NONE', #1613, #5212 ) ;
#4196 = ORIENTED_EDGE ( 'NONE', *, *, #2911, .F. ) ;
#4197 = ORIENTED_EDGE ( 'NONE', *, *, #2124, .F. ) ;
#4198 = DIRECTION ( 'NONE',  ( -0.7071067811865496822, 0.3535533905932723431, -0.6123724356957928050 ) ) ;
#4199 = DIRECTION ( 'NONE',  ( 0.000000000000000000, -0.000000000000000000, 1.000000000000000000 ) ) ;
#4200 = VERTEX_POINT ( 'NONE', #2117 ) ;
#4201 = DIRECTION ( 'NONE',  ( 0.000000000000000000, 1.000000000000000000, 0.000000000000000000 ) ) ;
#4202 = ORIENTED_EDGE ( 'NONE', *, *, #4734, .T. ) ;
#4203 = EDGE_CURVE ( 'NONE', #73, #15, #2851, .T. ) ;
#4204 = DIRECTION ( 'NONE',  ( 0.000000000000000000, 0.5802747891877946262, 0.8144207567547996351 ) ) ;
#4205 = DIRECTION ( 'NONE',  ( -0.000000000000000000, -0.000000000000000000, -1.000000000000000000 ) ) ;
#4206 = ORIENTED_EDGE ( 'NONE', *, *, #3044, .T. ) ;
#4207 = CARTESIAN_POINT ( 'NONE',  ( -1.899999999999999911, 0.000000000000000000, -7.049999999999999822 ) ) ;
#4208 = ORIENTED_EDGE ( 'NONE', *, *, #4333, .F. ) ;
#4209 = DIRECTION ( 'NONE',  ( -0.2244954252135911432, 0.7035922591906870194, 0.6742104544317849557 ) ) ;
#4210 = CARTESIAN_POINT ( 'NONE',  ( 0.4233901974057195372, 1.100000000000000089, -10.41000000000000014 ) ) ;
#4211 = DIRECTION ( 'NONE',  ( 1.000000000000000000, -2.478176394252580155E-16, 0.000000000000000000 ) ) ;
#4212 =( LENGTH_UNIT ( ) NAMED_UNIT ( * ) SI_UNIT ( .MILLI., .METRE. ) );
#4213 = LINE ( 'NONE', #3243, #5795 ) ;
#4214 = CARTESIAN_POINT ( 'NONE',  ( -1.847520861406800163, -1.290785486396330031E-14, -9.149438779900650687 ) ) ;
#4215 = ORIENTED_EDGE ( 'NONE', *, *, #5167, .F. ) ;
#4216 = ORIENTED_EDGE ( 'NONE', *, *, #5255, .T. ) ;
#4217 = CIRCLE ( 'NONE', #2174, 1.700000000000000178 ) ;
#4218 = EDGE_CURVE ( 'NONE', #3967, #6111, #2257, .T. ) ;
#4219 = CARTESIAN_POINT ( 'NONE',  ( -21.91999999999999815, 3.100000000000008971, 8.349999999999999645 ) ) ;
#4220 = EDGE_CURVE ( 'NONE', #2061, #3223, #2792, .T. ) ;
#4221 = ORIENTED_EDGE ( 'NONE', *, *, #4534, .F. ) ;
#4222 = CARTESIAN_POINT ( 'NONE',  ( -4.087077195258224549, -0.3252691193458321361, -12.55000000000000071 ) ) ;
#4223 = DIRECTION ( 'NONE',  ( 0.7071067811865422437, -0.7071067811865526798, -0.000000000000000000 ) ) ;
#4224 = VERTEX_POINT ( 'NONE', #6084 ) ;
#4225 = ORIENTED_EDGE ( 'NONE', *, *, #2773, .F. ) ;
#4226 = EDGE_CURVE ( 'NONE', #4664, #1082, #1933, .T. ) ;
#4227 = EDGE_CURVE ( 'NONE', #3943, #1496, #1778, .T. ) ;
#4228 = ORIENTED_EDGE ( 'NONE', *, *, #5291, .F. ) ;
#4229 = CARTESIAN_POINT ( 'NONE',  ( 2.725646695936454034, 5.624353304063561154, -20.50000000000000000 ) ) ;
#4230 = CARTESIAN_POINT ( 'NONE',  ( 0.7096584591674879317, -1.920943322875215076, -11.41000000000000014 ) ) ;
#4231 = AXIS2_PLACEMENT_3D ( 'NONE', #3651, #4119, #1543 ) ;
#4232 = ORIENTED_EDGE ( 'NONE', *, *, #3628, .F. ) ;
#4233 = PLANE ( 'NONE',  #4366 ) ;
#4234 = ADVANCED_FACE ( 'NONE', ( #2410 ), #4245, .F. ) ;
#4235 = VERTEX_POINT ( 'NONE', #3802 ) ;
#4236 = EDGE_CURVE ( 'NONE', #1137, #2369, #3994, .T. ) ;
#4237 = CARTESIAN_POINT ( 'NONE',  ( -1.899999999999999911, 1.600000000000000089, -7.049999999999999822 ) ) ;
#4238 = LINE ( 'NONE', #4690, #1148 ) ;
#4239 = ORIENTED_EDGE ( 'NONE', *, *, #842, .T. ) ;
#4240 = EDGE_CURVE ( 'NONE', #1100, #1971, #1874, .T. ) ;
#4241 = CARTESIAN_POINT ( 'NONE',  ( -24.87000000000000099, 16.91571915046718999, -30.91571915046718999 ) ) ;
#4242 = AXIS2_PLACEMENT_3D ( 'NONE', #6153, #5540, #874 ) ;
#4243 = AXIS2_PLACEMENT_3D ( 'NONE', #1533, #2558, #4524 ) ;
#4244 = ORIENTED_EDGE ( 'NONE', *, *, #2609, .T. ) ;
#4245 = B_SPLINE_SURFACE_WITH_KNOTS ( 'NONE', 1, 1, ( 
 ( #3425, #5383 ),
 ( #4474, #3488 ) ),
 .UNSPECIFIED., .F., .F., .F.,
 ( 2, 2 ),
 ( 2, 2 ),
 ( 0.000000000000000000, 1.000000000000000000 ),
 ( 0.000000000000000000, 1.000000000000000000 ),
 .UNSPECIFIED. ) ;
#4246 = DIRECTION ( 'NONE',  ( -0.4999999999999998890, 0.8660254037844387076, 0.000000000000000000 ) ) ;
#4247 = LINE ( 'NONE', #1064, #1361 ) ;
#4248 = CARTESIAN_POINT ( 'NONE',  ( -2.146720301521298779E-14, -1.452830911130575942E-14, -12.55000000000000071 ) ) ;
#4249 = CIRCLE ( 'NONE', #1869, 1.000000000000000888 ) ;
#4250 = CARTESIAN_POINT ( 'NONE',  ( 7.142936642793428919E-15, 11.56381287865037066, -12.69113981943809755 ) ) ;
#4251 = AXIS2_PLACEMENT_3D ( 'NONE', #5785, #1023, #112 ) ;
#4252 = DIRECTION ( 'NONE',  ( 0.000000000000000000, 0.000000000000000000, 1.000000000000000000 ) ) ;
#4253 = LINE ( 'NONE', #3711, #3617 ) ;
#4254 = VERTEX_POINT ( 'NONE', #5578 ) ;
#4255 = EDGE_LOOP ( 'NONE', ( #6307, #1716, #586, #4642 ) ) ;
#4256 = AXIS2_PLACEMENT_3D ( 'NONE', #526, #3705, #3239 ) ;
#4257 = CARTESIAN_POINT ( 'NONE',  ( -2.146720301521298779E-14, -1.452830911130575942E-14, -12.55000000000000071 ) ) ;
#4258 = EDGE_LOOP ( 'NONE', ( #3182, #1005, #4679, #2148 ) ) ;
#4259 = VECTOR ( 'NONE', #3213, 1000.000000000000000 ) ;
#4260 = VECTOR ( 'NONE', #4689, 999.9999999999998863 ) ;
#4261 = DIRECTION ( 'NONE',  ( 0.8660254037844387076, 0.4999999999999998890, 0.000000000000000000 ) ) ;
#4262 = LINE ( 'NONE', #4362, #2780 ) ;
#4263 = ADVANCED_FACE ( 'NONE', ( #911 ), #1967, .F. ) ;
#4264 = VERTEX_POINT ( 'NONE', #6590 ) ;
#4265 = EDGE_LOOP ( 'NONE', ( #5267, #6490, #1250, #346, #4536, #5219, #6023, #599, #2736, #2647, #3107, #5508 ) ) ;
#4266 = CARTESIAN_POINT ( 'NONE',  ( 0.6350852961085899917, 1.100000000000000089, -20.50000000000000000 ) ) ;
#4267 = ORIENTED_EDGE ( 'NONE', *, *, #6012, .F. ) ;
#4268 = DIRECTION ( 'NONE',  ( 0.000000000000000000, 1.000000000000000000, 0.000000000000000000 ) ) ;
#4269 = CARTESIAN_POINT ( 'NONE',  ( 0.3642976019479254868, -2.015173847483594738, -11.41000000000000014 ) ) ;
#4270 = DIRECTION ( 'NONE',  ( -1.000000000000000000, 0.000000000000000000, -0.000000000000000000 ) ) ;
#4271 = VERTEX_POINT ( 'NONE', #5062 ) ;
#4272 = EDGE_CURVE ( 'NONE', #1846, #4992, #6053, .T. ) ;
#4273 = ORIENTED_EDGE ( 'NONE', *, *, #3328, .F. ) ;
#4274 = EDGE_CURVE ( 'NONE', #4678, #636, #2983, .T. ) ;
#4275 = DIRECTION ( 'NONE',  ( -0.000000000000000000, -0.000000000000000000, 1.000000000000000000 ) ) ;
#4276 = CARTESIAN_POINT ( 'NONE',  ( -1.270170592217179983, 9.768630610662369648E-15, -10.41000000000000014 ) ) ;
#4277 = FACE_OUTER_BOUND ( 'NONE', #5730, .T. ) ;
#4278 = ORIENTED_EDGE ( 'NONE', *, *, #5745, .F. ) ;
#4279 = CARTESIAN_POINT ( 'NONE',  ( -0.6350852961085869941, 1.100000000000000089, -10.41000000000000014 ) ) ;
#4280 = EDGE_CURVE ( 'NONE', #1958, #1680, #3840, .T. ) ;
#4281 = CARTESIAN_POINT ( 'NONE',  ( -16.87000000000000455, 1.500000000000002220, 7.349999999999995204 ) ) ;
#4282 = DIRECTION ( 'NONE',  ( 0.000000000000000000, -1.000000000000000000, 0.000000000000000000 ) ) ;
#4283 = EDGE_LOOP ( 'NONE', ( #3550, #2130, #674, #5779 ) ) ;
#4284 = LINE ( 'NONE', #2223, #1232 ) ;
#4285 = EDGE_CURVE ( 'NONE', #1888, #5684, #4833, .T. ) ;
#4286 = VECTOR ( 'NONE', #4425, 1000.000000000000114 ) ;
#4287 = CARTESIAN_POINT ( 'NONE',  ( -1.167224318643341974, 1.681691823720265155, -11.41000000000000014 ) ) ;
#4288 = PLANE ( 'NONE',  #2449 ) ;
#4289 = CARTESIAN_POINT ( 'NONE',  ( -4.799999999999999822, 2.899999999999999911, -16.50000000000000000 ) ) ;
#4290 = CONICAL_SURFACE ( 'NONE', #4179, 3.120000000000000107, 0.4368401523555809907 ) ;
#4291 = DIRECTION ( 'NONE',  ( 0.000000000000000000, 0.000000000000000000, -1.000000000000000000 ) ) ;
#4292 = ORIENTED_EDGE ( 'NONE', *, *, #3794, .T. ) ;
#4293 = LINE ( 'NONE', #2161, #5355 ) ;
#4294 = ADVANCED_FACE ( 'NONE', ( #3454 ), #1353, .F. ) ;
#4295 = ORIENTED_EDGE ( 'NONE', *, *, #5780, .F. ) ;
#4296 = DIRECTION ( 'NONE',  ( 0.4999999999999998890, -0.8660254037844387076, 0.000000000000000000 ) ) ;
#4297 = DIRECTION ( 'NONE',  ( 0.000000000000000000, 0.000000000000000000, 1.000000000000000000 ) ) ;
#4298 = EDGE_CURVE ( 'NONE', #1310, #1165, #1458, .T. ) ;
#4299 = DIRECTION ( 'NONE',  ( 1.000000000000000000, 0.000000000000000000, 0.000000000000000000 ) ) ;
#4300 = ORIENTED_EDGE ( 'NONE', *, *, #4122, .T. ) ;
#4301 = VECTOR ( 'NONE', #2064, 1000.000000000000114 ) ;
#4302 = ORIENTED_EDGE ( 'NONE', *, *, #5553, .T. ) ;
#4303 = CARTESIAN_POINT ( 'NONE',  ( -0.6387568812584726308, -1.100000000000000089, -9.027310648702075113 ) ) ;
#4304 = VERTEX_POINT ( 'NONE', #2445 ) ;
#4305 = CARTESIAN_POINT ( 'NONE',  ( -1.107426256775391860, -1.287744298136429988, -5.592713926828839277 ) ) ;
#4306 = CARTESIAN_POINT ( 'NONE',  ( -4.087077195258224549, 0.3252691193458321361, -12.34999999999999964 ) ) ;
#4307 = ORIENTED_EDGE ( 'NONE', *, *, #1879, .F. ) ;
#4308 = B_SPLINE_SURFACE_WITH_KNOTS ( 'NONE', 3, 1, ( 
 ( #5109, #6173 ),
 ( #494, #2561 ),
 ( #6714, #2053 ),
 ( #4115, #6205 ),
 ( #1634, #2185 ),
 ( #3271, #2690 ),
 ( #1131, #2152 ),
 ( #3138, #3774 ),
 ( #1710, #4147 ),
 ( #3206, #123 ) ),
 .UNSPECIFIED., .F., .F., .F.,
 ( 4, 2, 2, 2, 4 ),
 ( 2, 2 ),
 ( 0.000000000000000000, 0.2500000000000000000, 0.5000000000000000000, 0.7500000000000000000, 1.000000000000000000 ),
 ( 0.000000000000000000, 1.000000000000000000 ),
 .UNSPECIFIED. ) ;
#4309 = VERTEX_POINT ( 'NONE', #1898 ) ;
#4310 = DIRECTION ( 'NONE',  ( -1.000000000000000000, 2.173373339623871508E-16, -1.548528504482008354E-16 ) ) ;
#4311 = EDGE_CURVE ( 'NONE', #5610, #1100, #3715, .T. ) ;
#4312 = EDGE_CURVE ( 'NONE', #3493, #2544, #5352, .T. ) ;
#4313 = LINE ( 'NONE', #2685, #160 ) ;
#4314 = FACE_OUTER_BOUND ( 'NONE', #4825, .T. ) ;
#4315 = ORIENTED_EDGE ( 'NONE', *, *, #2861, .F. ) ;
#4316 = CARTESIAN_POINT ( 'NONE',  ( -5.728219618694799564, -2.500000000000000000, -16.50000000000000000 ) ) ;
#4317 = LINE ( 'NONE', #1360, #2538 ) ;
#4318 = EDGE_CURVE ( 'NONE', #6273, #5819, #4509, .T. ) ;
#4319 = DIRECTION ( 'NONE',  ( 0.000000000000000000, 0.000000000000000000, -1.000000000000000000 ) ) ;
#4320 = DIRECTION ( 'NONE',  ( 0.000000000000000000, 0.000000000000000000, -1.000000000000000000 ) ) ;
#4321 = DIRECTION ( 'NONE',  ( -1.000000000000000000, 0.000000000000000000, 0.000000000000000000 ) ) ;
#4322 = CARTESIAN_POINT ( 'NONE',  ( -1.270170592217182648, -1.216790518601806861E-14, -9.484602099741064052 ) ) ;
#4323 = ORIENTED_EDGE ( 'NONE', *, *, #3775, .F. ) ;
#4324 = DIRECTION ( 'NONE',  ( 0.000000000000000000, -1.000000000000000000, 0.000000000000000000 ) ) ;
#4325 = VERTEX_POINT ( 'NONE', #1558 ) ;
#4326 = CARTESIAN_POINT ( 'NONE',  ( -10.94999999999999574, 6.000000000000001776, -20.50000000000000000 ) ) ;
#4327 = DIRECTION ( 'NONE',  ( 0.000000000000000000, 0.7071067811865475727, -0.7071067811865475727 ) ) ;
#4328 = VECTOR ( 'NONE', #3588, 1000.000000000000000 ) ;
#4329 = CARTESIAN_POINT ( 'NONE',  ( 0.000000000000000000, 0.000000000000000000, -1.084202172485504040E-15 ) ) ;
#4330 = EDGE_CURVE ( 'NONE', #6016, #532, #2138, .T. ) ;
#4331 = ORIENTED_EDGE ( 'NONE', *, *, #1422, .F. ) ;
#4332 = ORIENTED_EDGE ( 'NONE', *, *, #521, .T. ) ;
#4333 = EDGE_CURVE ( 'NONE', #642, #5610, #2743, .T. ) ;
#4334 = VECTOR ( 'NONE', #1828, 1000.000000000000000 ) ;
#4335 = ORIENTED_EDGE ( 'NONE', *, *, #3681, .F. ) ;
#4336 = LINE ( 'NONE', #4229, #3538 ) ;
#4337 = CARTESIAN_POINT ( 'NONE',  ( 0.4233901974057015516, -1.100000000000000089, -10.41000000000000014 ) ) ;
#4338 = DIRECTION ( 'NONE',  ( 0.7071067811865439090, 0.7071067811865510144, 0.000000000000000000 ) ) ;
#4339 = AXIS2_PLACEMENT_3D ( 'NONE', #5973, #4912, #4398 ) ;
#4340 = ORIENTED_EDGE ( 'NONE', *, *, #2040, .F. ) ;
#4341 = CARTESIAN_POINT ( 'NONE',  ( -2.206173157302017351, -2.206173157302028898, -12.55000000000000071 ) ) ;
#4342 = VECTOR ( 'NONE', #5866, 1000.000000000000000 ) ;
#4343 = DIRECTION ( 'NONE',  ( 1.630379206745126697E-16, 1.000000000000000000, 0.000000000000000000 ) ) ;
#4344 = CARTESIAN_POINT ( 'NONE',  ( -0.7409328454600189184, 0.9166666666666659635, -10.41000000000000014 ) ) ;
#4345 = CARTESIAN_POINT ( 'NONE',  ( -1.899999999999999911, 0.000000000000000000, -7.049999999999999822 ) ) ;
#4346 = ORIENTED_EDGE ( 'NONE', *, *, #915, .T. ) ;
#4347 = DIRECTION ( 'NONE',  ( 0.8660254037844384856, -0.5000000000000003331, 0.000000000000000000 ) ) ;
#4348 = CARTESIAN_POINT ( 'NONE',  ( -25.37000000000000099, 3.600000000000001865, -1.000000000000000000 ) ) ;
#4349 = CARTESIAN_POINT ( 'NONE',  ( -4.799999999999999822, 2.100000000000000089, -5.837564434701790539 ) ) ;
#4350 = CARTESIAN_POINT ( 'NONE',  ( -23.61999999999999744, 3.600000000000001865, 4.899999999999999467 ) ) ;
#4351 = CARTESIAN_POINT ( 'NONE',  ( -0.5292377467571558469, 1.100000000000000089, -10.41000000000000014 ) ) ;
#4352 = FACE_OUTER_BOUND ( 'NONE', #2335, .T. ) ;
#4353 = DIRECTION ( 'NONE',  ( -1.000000000000000000, 0.000000000000000000, 0.000000000000000000 ) ) ;
#4354 = CARTESIAN_POINT ( 'NONE',  ( -1.693323446938037158, -9.506835943922156956E-05, -9.165097612293694240 ) ) ;
#4355 = ADVANCED_FACE ( 'NONE', ( #47 ), #3501, .F. ) ;
#4356 = VECTOR ( 'NONE', #804, 1000.000000000000000 ) ;
#4357 = ORIENTED_EDGE ( 'NONE', *, *, #2838, .F. ) ;
#4358 = EDGE_CURVE ( 'NONE', #5122, #2096, #6292, .T. ) ;
#4359 = CARTESIAN_POINT ( 'NONE',  ( 2.206173157302017795, 2.206173157302028898, -12.09999999999999964 ) ) ;
#4360 = VERTEX_POINT ( 'NONE', #509 ) ;
#4361 = LINE ( 'NONE', #6511, #2465 ) ;
#4362 = CARTESIAN_POINT ( 'NONE',  ( -0.000000000000000000, 9.220525079992276218, -15.97996480001086184 ) ) ;
#4363 = AXIS2_PLACEMENT_3D ( 'NONE', #5821, #3130, #4136 ) ;
#4364 = CARTESIAN_POINT ( 'NONE',  ( 4.099999999999977440, -1.402620392365534310E-14, -12.09999999999999964 ) ) ;
#4365 = ADVANCED_FACE ( 'NONE', ( #2106 ), #6189, .F. ) ;
#4366 = AXIS2_PLACEMENT_3D ( 'NONE', #1495, #5683, #5166 ) ;
#4367 = VERTEX_POINT ( 'NONE', #3632 ) ;
#4368 = VECTOR ( 'NONE', #1172, 1000.000000000000000 ) ;
#4369 = ORIENTED_EDGE ( 'NONE', *, *, #1367, .T. ) ;
#4370 = CIRCLE ( 'NONE', #5688, 2.100000000000000089 ) ;
#4371 = ORIENTED_EDGE ( 'NONE', *, *, #5745, .T. ) ;
#4372 = FACE_OUTER_BOUND ( 'NONE', #6041, .T. ) ;
#4373 = EDGE_CURVE ( 'NONE', #3803, #2484, #1645, .T. ) ;
#4374 = PLANE ( 'NONE',  #4551 ) ;
#4375 = VECTOR ( 'NONE', #2579, 1000.000000000000114 ) ;
#4376 = DIRECTION ( 'NONE',  ( -0.5824722300990984314, 0.000000000000000000, -0.8128506019948457118 ) ) ;
#4377 = VECTOR ( 'NONE', #3468, 1000.000000000000000 ) ;
#4378 = ORIENTED_EDGE ( 'NONE', *, *, #5079, .F. ) ;
#4379 = DIRECTION ( 'NONE',  ( 0.000000000000000000, -1.000000000000000000, 0.000000000000000000 ) ) ;
#4380 = CARTESIAN_POINT ( 'NONE',  ( -2.146720301521298779E-14, -1.452830911130575942E-14, -12.09999999999999964 ) ) ;
#4381 = DIRECTION ( 'NONE',  ( 1.000000000000000000, 0.000000000000000000, -1.032573497605239882E-16 ) ) ;
#4382 = ORIENTED_EDGE ( 'NONE', *, *, #3397, .F. ) ;
#4383 = CARTESIAN_POINT ( 'NONE',  ( -3.120000000000000107, 3.820898013339744886E-16, -12.34999999999999964 ) ) ;
#4384 = CARTESIAN_POINT ( 'NONE',  ( -0.7096584591674900411, 1.920943322875215076, -11.41000000000000014 ) ) ;
#4385 = CARTESIAN_POINT ( 'NONE',  ( -1.554536796704225399, -1.647067466570678845E-05, -4.888399335739562090 ) ) ;
#4386 = DIRECTION ( 'NONE',  ( -6.828702721532539617E-16, -1.000000000000000000, 0.000000000000000000 ) ) ;
#4387 = LINE ( 'NONE', #6279, #6117 ) ;
#4388 = CARTESIAN_POINT ( 'NONE',  ( -1.646250032824768894, 4.384375275648845635E-05, -9.177170459067204078 ) ) ;
#4389 = ORIENTED_EDGE ( 'NONE', *, *, #1648, .F. ) ;
#4390 = VECTOR ( 'NONE', #3399, 1000.000000000000114 ) ;
#4391 = VERTEX_POINT ( 'NONE', #6223 ) ;
#4392 = DIRECTION ( 'NONE',  ( -0.000000000000000000, 0.000000000000000000, -1.000000000000000000 ) ) ;
#4393 = ORIENTED_EDGE ( 'NONE', *, *, #6071, .T. ) ;
#4394 = CARTESIAN_POINT ( 'NONE',  ( -2.149999999999999911, 6.276472665132779411E-16, -4.625128869403569709 ) ) ;
#4395 = EDGE_CURVE ( 'NONE', #3764, #1942, #2317, .T. ) ;
#4396 = CARTESIAN_POINT ( 'NONE',  ( -18.20333333333330117, 2.666666666666644758, -11.33333333333330195 ) ) ;
#4397 = AXIS2_PLACEMENT_3D ( 'NONE', #2258, #1712, #124 ) ;
#4398 = DIRECTION ( 'NONE',  ( -1.000000000000000000, 9.883255455076345976E-16, 1.387123572642294034E-15 ) ) ;
#4399 = FACE_OUTER_BOUND ( 'NONE', #4027, .T. ) ;
#4400 = ORIENTED_EDGE ( 'NONE', *, *, #2803, .F. ) ;
#4401 = EDGE_LOOP ( 'NONE', ( #3166, #1954, #2073, #1725, #2560 ) ) ;
#4402 = AXIS2_PLACEMENT_3D ( 'NONE', #4033, #1459, #412 ) ;
#4403 = VERTEX_POINT ( 'NONE', #3592 ) ;
#4404 = CARTESIAN_POINT ( 'NONE',  ( -0.7096584591675230147, -1.920943322875205084, -11.41000000000000014 ) ) ;
#4405 = LINE ( 'NONE', #6492, #4771 ) ;
#4406 = FACE_OUTER_BOUND ( 'NONE', #1692, .T. ) ;
#4407 = VECTOR ( 'NONE', #6613, 1000.000000000000000 ) ;
#4408 = ORIENTED_EDGE ( 'NONE', *, *, #6579, .T. ) ;
#4409 = FACE_OUTER_BOUND ( 'NONE', #3991, .T. ) ;
#4410 = VECTOR ( 'NONE', #496, 999.9999999999998863 ) ;
#4411 = CARTESIAN_POINT ( 'NONE',  ( -1.868209752582965066, 0.01835410790382950227, -7.049999999999999822 ) ) ;
#4412 = LINE ( 'NONE', #3429, #6043 ) ;
#4413 = VERTEX_POINT ( 'NONE', #3557 ) ;
#4414 = CARTESIAN_POINT ( 'NONE',  ( 0.000000000000000000, 0.000000000000000000, -1.000000000000000000 ) ) ;
#4415 = ADVANCED_FACE ( 'NONE', ( #4582 ), #3049, .T. ) ;
#4416 = EDGE_CURVE ( 'NONE', #2096, #2885, #1587, .T. ) ;
#4417 = EDGE_CURVE ( 'NONE', #1070, #3493, #6699, .T. ) ;
#4418 = DIRECTION ( 'NONE',  ( 0.7745966692414635313, 0.6237268097287888002, 0.1047132600274581077 ) ) ;
#4419 = FACE_OUTER_BOUND ( 'NONE', #203, .T. ) ;
#4420 = FACE_OUTER_BOUND ( 'NONE', #3760, .T. ) ;
#4421 = DIRECTION ( 'NONE',  ( 0.000000000000000000, 0.000000000000000000, -1.000000000000000000 ) ) ;
#4422 = DIRECTION ( 'NONE',  ( 0.000000000000000000, 0.000000000000000000, 1.000000000000000000 ) ) ;
#4423 = ORIENTED_EDGE ( 'NONE', *, *, #2716, .T. ) ;
#4424 = FACE_OUTER_BOUND ( 'NONE', #5719, .T. ) ;
#4425 = DIRECTION ( 'NONE',  ( -0.5000000000000003331, -0.8660254037844383745, 0.000000000000000000 ) ) ;
#4426 = DIRECTION ( 'NONE',  ( 0.000000000000000000, 0.000000000000000000, 1.000000000000000000 ) ) ;
#4427 = ORIENTED_EDGE ( 'NONE', *, *, #3528, .T. ) ;
#4428 = EDGE_CURVE ( 'NONE', #4121, #1805, #981, .T. ) ;
#4429 = VERTEX_POINT ( 'NONE', #482 ) ;
#4430 = ORIENTED_EDGE ( 'NONE', *, *, #4748, .T. ) ;
#4431 = DIRECTION ( 'NONE',  ( 0.7071067811865509034, 0.3535533905932721210, 0.6123724356957918058 ) ) ;
#4432 = DIRECTION ( 'NONE',  ( 0.5000000000000003331, 0.8660254037844383745, 0.000000000000000000 ) ) ;
#4433 = AXIS2_PLACEMENT_3D ( 'NONE', #1382, #2441, #4432 ) ;
#4434 = DIRECTION ( 'NONE',  ( -1.000000000000000000, 0.000000000000000000, 0.000000000000000000 ) ) ;
#4435 = ADVANCED_FACE ( 'NONE', ( #2546 ), #4618, .T. ) ;
#4436 = ORIENTED_EDGE ( 'NONE', *, *, #6097, .T. ) ;
#4437 = EDGE_CURVE ( 'NONE', #4367, #5347, #1992, .T. ) ;
#4438 = CARTESIAN_POINT ( 'NONE',  ( -1.899999999999999911, 0.06440427609706610157, -9.149012169860011312 ) ) ;
#4439 = CIRCLE ( 'NONE', #2930, 5.750000000000000000 ) ;
#4440 = DIRECTION ( 'NONE',  ( -0.000000000000000000, 1.000000000000000000, 0.000000000000000000 ) ) ;
#4441 = CARTESIAN_POINT ( 'NONE',  ( 1.834255055548864810, 14.25000000000000000, 2.967772471861769734 ) ) ;
#4442 = ORIENTED_EDGE ( 'NONE', *, *, #2568, .T. ) ;
#4443 = EDGE_CURVE ( 'NONE', #3290, #4782, #2607, .T. ) ;
#4444 = CARTESIAN_POINT ( 'NONE',  ( 2.201586389335117744, 6.148413610664889895, -1.280694645863865277 ) ) ;
#4445 = FACE_OUTER_BOUND ( 'NONE', #5065, .T. ) ;
#4446 = EDGE_CURVE ( 'NONE', #917, #6397, #3278, .T. ) ;
#4447 = DIRECTION ( 'NONE',  ( 0.000000000000000000, 0.000000000000000000, -1.000000000000000000 ) ) ;
#4448 = DIRECTION ( 'NONE',  ( -0.4999999999999998890, -0.8660254037844387076, 0.000000000000000000 ) ) ;
#4449 = ADVANCED_FACE ( 'NONE', ( #5714 ), #2273, .T. ) ;
#4450 = CARTESIAN_POINT ( 'NONE',  ( -1.686053683030862116, 3.701171548450778344E-05, -4.934902011061133464 ) ) ;
#4451 = DIRECTION ( 'NONE',  ( 0.000000000000000000, 0.000000000000000000, -1.000000000000000000 ) ) ;
#4452 = DIRECTION ( 'NONE',  ( 0.000000000000000000, -1.000000000000000000, 0.000000000000000000 ) ) ;
#4453 = DIRECTION ( 'NONE',  ( 0.8660254037844397068, 0.000000000000000000, 0.4999999999999980571 ) ) ;
#4454 = LINE ( 'NONE', #6445, #364 ) ;
#4455 = ORIENTED_EDGE ( 'NONE', *, *, #4416, .F. ) ;
#4456 = PLANE ( 'NONE',  #408 ) ;
#4457 = CARTESIAN_POINT ( 'NONE',  ( 1.376796670084170726, 6.530100555908740390, -19.57905215812703759 ) ) ;
#4458 = DIRECTION ( 'NONE',  ( 1.630379206745096129E-16, -1.000000000000000000, -0.000000000000000000 ) ) ;
#4459 = ORIENTED_EDGE ( 'NONE', *, *, #283, .T. ) ;
#4460 = ORIENTED_EDGE ( 'NONE', *, *, #6668, .F. ) ;
#4461 = VECTOR ( 'NONE', #446, 1000.000000000000000 ) ;
#4462 = ORIENTED_EDGE ( 'NONE', *, *, #5983, .F. ) ;
#4463 = AXIS2_PLACEMENT_3D ( 'NONE', #3732, #4275, #5233 ) ;
#4464 = CARTESIAN_POINT ( 'NONE',  ( -0.3642976019479625127, -2.015173847483590297, -11.41000000000000014 ) ) ;
#4465 = EDGE_CURVE ( 'NONE', #4703, #1931, #5918, .T. ) ;
#4466 = CARTESIAN_POINT ( 'NONE',  ( -4.299999999999999822, 20.24999999999999645, 8.810000000000000497 ) ) ;
#4467 = AXIS2_PLACEMENT_3D ( 'NONE', #6703, #613, #2612 ) ;
#4468 = CIRCLE ( 'NONE', #5681, 2.100000000000000089 ) ;
#4469 = ORIENTED_EDGE ( 'NONE', *, *, #4236, .F. ) ;
#4470 = CARTESIAN_POINT ( 'NONE',  ( -4.299999999999999822, 14.25000000000000000, 11.25999999999999979 ) ) ;
#4471 = ORIENTED_EDGE ( 'NONE', *, *, #481, .F. ) ;
#4472 = DIRECTION ( 'NONE',  ( -1.000000000000000000, 0.000000000000000000, 0.000000000000000000 ) ) ;
#4473 = VECTOR ( 'NONE', #2948, 1000.000000000000000 ) ;
#4474 = CARTESIAN_POINT ( 'NONE',  ( -9.835696450285100312, 1.500000000000000444, -0.5000000000000000000 ) ) ;
#4475 = CARTESIAN_POINT ( 'NONE',  ( -1.899999999999999911, 0.06440427609706339540, -4.950987830139989221 ) ) ;
#4476 = VECTOR ( 'NONE', #4939, 1000.000000000000000 ) ;
#4477 = FACE_OUTER_BOUND ( 'NONE', #2710, .T. ) ;
#4478 = DIRECTION ( 'NONE',  ( 0.4230784659879328613, 0.000000000000000000, 0.9060930479908216872 ) ) ;
#4479 = CIRCLE ( 'NONE', #576, 3.449999999999999734 ) ;
#4480 = EDGE_CURVE ( 'NONE', #2109, #1784, #5264, .T. ) ;
#4481 = ORIENTED_EDGE ( 'NONE', *, *, #1407, .F. ) ;
#4482 = LINE ( 'NONE', #5035, #5568 ) ;
#4483 = B_SPLINE_CURVE_WITH_KNOTS ( 'NONE', 3,
 ( #3342, #5935, #1240, #2829 ),
 .UNSPECIFIED., .F., .F.,
 ( 4, 4 ),
 ( 0.000000000000000000, 0.0007925073464181928715 ),
 .UNSPECIFIED. ) ;
#4484 = PLANE ( 'NONE',  #3724 ) ;
#4485 = B_SPLINE_CURVE_WITH_KNOTS ( 'NONE', 3,
 ( #5337, #4305, #5405, #212 ),
 .UNSPECIFIED., .F., .F.,
 ( 4, 4 ),
 ( 0.0004712790068048819739, 0.0004808403515810680349 ),
 .UNSPECIFIED. ) ;
#4486 = CARTESIAN_POINT ( 'NONE',  ( -0.4233901974057260320, 1.100000000000000089, -10.41000000000000014 ) ) ;
#4487 = CARTESIAN_POINT ( 'NONE',  ( -1.388944308932224425, -3.685897008903915329E-05, -4.768880265657262640 ) ) ;
#4488 = DIRECTION ( 'NONE',  ( 0.7071067811865474617, 0.7071067811865474617, -6.707358984145295812E-16 ) ) ;
#4489 = CARTESIAN_POINT ( 'NONE',  ( -1.899999999999999911, 0.000000000000000000, -7.049999999999999822 ) ) ;
#4490 = FACE_OUTER_BOUND ( 'NONE', #1460, .T. ) ;
#4491 = FACE_OUTER_BOUND ( 'NONE', #805, .T. ) ;
#4492 = EDGE_LOOP ( 'NONE', ( #861, #5157, #1629, #6186 ) ) ;
#4493 = DIRECTION ( 'NONE',  ( 0.000000000000000000, 0.000000000000000000, -1.000000000000000000 ) ) ;
#4494 = CYLINDRICAL_SURFACE ( 'NONE', #3097, 1.700000000000000178 ) ;
#4495 = DIRECTION ( 'NONE',  ( 0.7071067811865493491, -0.7071067811865456854, 0.000000000000000000 ) ) ;
#4496 = DIRECTION ( 'NONE',  ( -0.7071067811865492381, -0.7071067811865457964, 0.000000000000000000 ) ) ;
#4497 = ORIENTED_EDGE ( 'NONE', *, *, #2123, .T. ) ;
#4498 = EDGE_CURVE ( 'NONE', #3259, #2438, #2860, .T. ) ;
#4499 = ORIENTED_EDGE ( 'NONE', *, *, #4395, .F. ) ;
#4500 = EDGE_LOOP ( 'NONE', ( #4832, #2569, #737, #6283, #214 ) ) ;
#4501 = CARTESIAN_POINT ( 'NONE',  ( 0.000000000000000000, -3.000000000000000000, -17.00000000000000000 ) ) ;
#4502 = ADVANCED_FACE ( 'NONE', ( #609 ), #1110, .T. ) ;
#4503 = PLANE ( 'NONE',  #2495 ) ;
#4504 = VECTOR ( 'NONE', #4211, 1000.000000000000000 ) ;
#4505 = CARTESIAN_POINT ( 'NONE',  ( -4.799999999999999822, 2.899999999999999911, -16.50000000000000000 ) ) ;
#4506 = VECTOR ( 'NONE', #4595, 1000.000000000000227 ) ;
#4507 = ORIENTED_EDGE ( 'NONE', *, *, #2284, .T. ) ;
#4508 = DIRECTION ( 'NONE',  ( 1.000000000000000000, -8.365160833877420442E-15, 0.000000000000000000 ) ) ;
#4509 = LINE ( 'NONE', #6157, #6548 ) ;
#4510 = LINE ( 'NONE', #251, #48 ) ;
#4512 = AXIS2_PLACEMENT_3D ( 'NONE', #3359, #253, #5958 ) ;
#4511 = CARTESIAN_POINT ( 'NONE',  ( 1.212435565298211948, 2.100000000000000089, -2.000000000000000000 ) ) ;
#4513 = ORIENTED_EDGE ( 'NONE', *, *, #4318, .F. ) ;
#4514 = CARTESIAN_POINT ( 'NONE',  ( -3.119999999999999662, 1.292346314604051249, -12.34999999999999964 ) ) ;
#4515 = ORIENTED_EDGE ( 'NONE', *, *, #1718, .F. ) ;
#4516 = CIRCLE ( 'NONE', #1917, 2.599602749461808138 ) ;
#4517 = CARTESIAN_POINT ( 'NONE',  ( -2.114212917312381812, 9.232232378370625270, -16.04969957730801156 ) ) ;
#4518 = EDGE_CURVE ( 'NONE', #5323, #4710, #1252, .T. ) ;
#4519 = ADVANCED_FACE ( 'NONE', ( #4372 ), #2243, .T. ) ;
#4520 = FACE_OUTER_BOUND ( 'NONE', #4609, .T. ) ;
#4521 = CARTESIAN_POINT ( 'NONE',  ( -25.37000000000000099, -2.500000000000000000, 4.899999999999999467 ) ) ;
#4522 = DIRECTION ( 'NONE',  ( -0.000000000000000000, -0.000000000000000000, 1.000000000000000000 ) ) ;
#4523 = ORIENTED_EDGE ( 'NONE', *, *, #812, .F. ) ;
#4524 = DIRECTION ( 'NONE',  ( -1.000000000000000000, 0.000000000000000000, 0.000000000000000000 ) ) ;
#4525 = EDGE_CURVE ( 'NONE', #3531, #5815, #4485, .T. ) ;
#4526 = CARTESIAN_POINT ( 'NONE',  ( -6.624999999999677591, 11.63354765594751150, -12.67943252105974494 ) ) ;
#4527 = EDGE_CURVE ( 'NONE', #69, #2142, #3293, .T. ) ;
#4528 = DIRECTION ( 'NONE',  ( 0.000000000000000000, 0.000000000000000000, -1.000000000000000000 ) ) ;
#4529 = DIRECTION ( 'NONE',  ( -1.000000000000000000, 0.000000000000000000, 0.000000000000000000 ) ) ;
#4530 = VERTEX_POINT ( 'NONE', #1619 ) ;
#4531 = DIRECTION ( 'NONE',  ( 1.000000000000000000, -6.348437875317354659E-16, 3.385833533502589151E-15 ) ) ;
#4532 = DIRECTION ( 'NONE',  ( 0.000000000000000000, 0.000000000000000000, -1.000000000000000000 ) ) ;
#4533 = CARTESIAN_POINT ( 'NONE',  ( -1.899999999999999911, -3.977739548340144982, -6.889646997001199757 ) ) ;
#4534 = EDGE_CURVE ( 'NONE', #2746, #2109, #5370, .T. ) ;
#4535 = ORIENTED_EDGE ( 'NONE', *, *, #2077, .T. ) ;
#4536 = ORIENTED_EDGE ( 'NONE', *, *, #5798, .T. ) ;
#4537 = ORIENTED_EDGE ( 'NONE', *, *, #1468, .F. ) ;
#4538 = DIRECTION ( 'NONE',  ( 0.000000000000000000, 0.8660254037844387076, -0.4999999999999998890 ) ) ;
#4539 = CARTESIAN_POINT ( 'NONE',  ( -20.21999999999999886, -3.000000000000000000, 0.000000000000000000 ) ) ;
#4540 = EDGE_CURVE ( 'NONE', #2611, #5141, #4336, .T. ) ;
#4541 = CARTESIAN_POINT ( 'NONE',  ( -2.146720301521298779E-14, -1.452830911130575942E-14, -12.34999999999999964 ) ) ;
#4542 = ORIENTED_EDGE ( 'NONE', *, *, #501, .T. ) ;
#4543 = DIRECTION ( 'NONE',  ( 1.000000000000000000, 0.000000000000000000, 0.000000000000000000 ) ) ;
#4544 = DIRECTION ( 'NONE',  ( 0.7071067811865474617, 0.000000000000000000, 0.7071067811865474617 ) ) ;
#4545 = DIRECTION ( 'NONE',  ( 0.000000000000000000, 0.000000000000000000, -1.000000000000000000 ) ) ;
#4546 = AXIS2_PLACEMENT_3D ( 'NONE', #4573, #6653, #6150 ) ;
#4547 = ORIENTED_EDGE ( 'NONE', *, *, #4280, .T. ) ;
#4548 = CARTESIAN_POINT ( 'NONE',  ( 5.409069231047659798, -1.950505076572089935, -20.50000000000000000 ) ) ;
#4549 = ORIENTED_EDGE ( 'NONE', *, *, #6321, .F. ) ;
#4550 = CARTESIAN_POINT ( 'NONE',  ( 1.212435565298211948, 2.100000000000000089, -2.000000000000000000 ) ) ;
#4551 = AXIS2_PLACEMENT_3D ( 'NONE', #4921, #871, #5504 ) ;
#4552 = CARTESIAN_POINT ( 'NONE',  ( -0.6449212952916905106, 1.100000000000000533, -8.978092057277233806 ) ) ;
#4553 = APPLICATION_PROTOCOL_DEFINITION ( 'draft international standard', 'automotive_design', 1998, #6538 ) ;
#4554 = DIRECTION ( 'NONE',  ( 1.000000000000000000, 0.000000000000000000, 0.000000000000000000 ) ) ;
#4555 = ORIENTED_EDGE ( 'NONE', *, *, #1996, .F. ) ;
#4556 = LINE ( 'NONE', #6632, #783 ) ;
#4557 = CARTESIAN_POINT ( 'NONE',  ( -4.299999999999999822, 18.25000000000000000, 8.810000000000000497 ) ) ;
#4558 = B_SPLINE_CURVE_WITH_KNOTS ( 'NONE', 3,
 ( #2770, #1754, #2296, #1179 ),
 .UNSPECIFIED., .F., .F.,
 ( 4, 4 ),
 ( 0.02159315471704351813, 0.02176053735163910666 ),
 .UNSPECIFIED. ) ;
#4559 = PLANE ( 'NONE',  #6122 ) ;
#4560 = VERTEX_POINT ( 'NONE', #2678 ) ;
#4561 = CIRCLE ( 'NONE', #2608, 2.100000000000000089 ) ;
#4562 = CARTESIAN_POINT ( 'NONE',  ( -17.37000000000000099, 4.100000000000010303, -0.5000000000000000000 ) ) ;
#4563 = ORIENTED_EDGE ( 'NONE', *, *, #6695, .F. ) ;
#4564 = CARTESIAN_POINT ( 'NONE',  ( 5.482928049865329889, -3.000000000000000000, -1.000000000000000000 ) ) ;
#4565 = CARTESIAN_POINT ( 'NONE',  ( -4.087077195258224549, 0.3252691193458321361, -12.55000000000000071 ) ) ;
#4566 = ADVANCED_FACE ( 'NONE', ( #2207 ), #3826, .T. ) ;
#4567 = DIRECTION ( 'NONE',  ( 0.000000000000000000, 0.000000000000000000, 1.000000000000000000 ) ) ;
#4568 = VERTEX_POINT ( 'NONE', #643 ) ;
#4569 = EDGE_CURVE ( 'NONE', #3878, #6624, #3229, .T. ) ;
#4570 = ORIENTED_EDGE ( 'NONE', *, *, #3860, .F. ) ;
#4571 = ORIENTED_EDGE ( 'NONE', *, *, #4982, .T. ) ;
#4572 = DIRECTION ( 'NONE',  ( 1.000000000000000000, 0.000000000000000000, 0.000000000000000000 ) ) ;
#4573 = CARTESIAN_POINT ( 'NONE',  ( -1.212435565298213724, -2.100000000000000089, -2.000000000000000000 ) ) ;
#4574 = ADVANCED_FACE ( 'NONE', ( #2171 ), #3727, .T. ) ;
#4575 = CIRCLE ( 'NONE', #5996, 4.099999999999985434 ) ;
#4576 = ADVANCED_FACE ( 'NONE', ( #5816 ), #142, .T. ) ;
#4577 = DIRECTION ( 'NONE',  ( 1.000000000000000000, -1.279294598802953755E-16, 0.000000000000000000 ) ) ;
#4578 = EDGE_LOOP ( 'NONE', ( #694, #2687, #4202, #3046 ) ) ;
#4579 = AXIS2_PLACEMENT_3D ( 'NONE', #3539, #3027, #5105 ) ;
#4580 = CARTESIAN_POINT ( 'NONE',  ( -0.2447233378065219733, 1.292307692307689937, -7.049999999999999822 ) ) ;
#4581 = EDGE_CURVE ( 'NONE', #1413, #3010, #3970, .T. ) ;
#4582 = FACE_OUTER_BOUND ( 'NONE', #6488, .T. ) ;
#4583 = VECTOR ( 'NONE', #622, 999.9999999999998863 ) ;
#4584 = FACE_OUTER_BOUND ( 'NONE', #1969, .T. ) ;
#4585 = VECTOR ( 'NONE', #4685, 1000.000000000000227 ) ;
#4586 = ORIENTED_EDGE ( 'NONE', *, *, #3450, .F. ) ;
#4587 = CARTESIAN_POINT ( 'NONE',  ( 3.190326036446165414, 5.043338395511390182, -2.440326036446160085 ) ) ;
#4588 = ORIENTED_EDGE ( 'NONE', *, *, #289, .F. ) ;
#4589 = VECTOR ( 'NONE', #696, 1000.000000000000000 ) ;
#4590 = CARTESIAN_POINT ( 'NONE',  ( -0.7636325855405680096, -1.100000000000000089, -5.344517927577429717 ) ) ;
#4591 = ADVANCED_FACE ( 'NONE', ( #5502 ), #1700, .T. ) ;
#4592 = VECTOR ( 'NONE', #967, 1000.000000000000114 ) ;
#4593 = VECTOR ( 'NONE', #4754, 1000.000000000000000 ) ;
#4594 = DIRECTION ( 'NONE',  ( 1.000000000000000000, -1.630379206745126943E-16, 0.000000000000000000 ) ) ;
#4595 = DIRECTION ( 'NONE',  ( -0.3050043672476874801, 0.5282830606033870335, 0.7923946894315710976 ) ) ;
#4596 = DIRECTION ( 'NONE',  ( 0.000000000000000000, 0.000000000000000000, -1.000000000000000000 ) ) ;
#4597 = VECTOR ( 'NONE', #3155, 1000.000000000000227 ) ;
#4598 = EDGE_LOOP ( 'NONE', ( #5839, #4085, #1378 ) ) ;
#4599 = VECTOR ( 'NONE', #4496, 1000.000000000000114 ) ;
#4600 = FACE_OUTER_BOUND ( 'NONE', #5602, .T. ) ;
#4601 = CARTESIAN_POINT ( 'NONE',  ( -2.149999999999999911, 1.734723475976809855E-15, -9.474871130596428159 ) ) ;
#4602 = DIRECTION ( 'NONE',  ( -1.000000000000000000, 0.000000000000000000, 0.000000000000000000 ) ) ;
#4603 = ORIENTED_EDGE ( 'NONE', *, *, #3419, .T. ) ;
#4604 = CARTESIAN_POINT ( 'NONE',  ( -4.211369374032839730, 14.25000000000000000, 6.813875779863309390 ) ) ;
#4605 = CARTESIAN_POINT ( 'NONE',  ( -1.750000000000000000, -6.000000000000000000, -1.000000000000000000 ) ) ;
#4606 = CARTESIAN_POINT ( 'NONE',  ( 0.000000000000000000, 0.000000000000000000, -12.09999999999999964 ) ) ;
#4607 = CARTESIAN_POINT ( 'NONE',  ( 2.725646695936454034, 5.624353304063561154, -20.00000000000000000 ) ) ;
#4608 = EDGE_LOOP ( 'NONE', ( #6073, #4302, #2800, #3099 ) ) ;
#4609 = EDGE_LOOP ( 'NONE', ( #1214, #2551, #4746 ) ) ;
#4610 = ADVANCED_FACE ( 'NONE', ( #1311 ), #5571, .F. ) ;
#4611 = ORIENTED_EDGE ( 'NONE', *, *, #147, .T. ) ;
#4612 = DIRECTION ( 'NONE',  ( 0.000000000000000000, -0.3012462926298873911, -0.9535463655096946267 ) ) ;
#4613 = CARTESIAN_POINT ( 'NONE',  ( -17.37000000000000099, 2.600000000000001421, -1.000000000000000444 ) ) ;
#4614 = DIRECTION ( 'NONE',  ( 0.000000000000000000, 0.000000000000000000, -1.000000000000000000 ) ) ;
#4615 = ORIENTED_EDGE ( 'NONE', *, *, #2866, .T. ) ;
#4616 = ORIENTED_EDGE ( 'NONE', *, *, #4158, .F. ) ;
#4617 = VECTOR ( 'NONE', #5048, 1000.000000000000000 ) ;
#4618 = PLANE ( 'NONE',  #3722 ) ;
#4619 = CARTESIAN_POINT ( 'NONE',  ( -24.87000000000000099, 5.750000000000000000, -0.7500000000000000000 ) ) ;
#4620 = CONICAL_SURFACE ( 'NONE', #5494, 6.250000000000000000, 0.7853981633974476129 ) ;
#4621 = ORIENTED_EDGE ( 'NONE', *, *, #1098, .F. ) ;
#4622 = DIRECTION ( 'NONE',  ( 1.000000000000000000, -6.525745657319638816E-17, 0.000000000000000000 ) ) ;
#4623 = ORIENTED_EDGE ( 'NONE', *, *, #603, .T. ) ;
#4624 = LINE ( 'NONE', #4550, #6643 ) ;
#4625 = VECTOR ( 'NONE', #2071, 1000.000000000000114 ) ;
#4626 = CARTESIAN_POINT ( 'NONE',  ( -1.899999999999999911, 0.000000000000000000, -7.049999999999999822 ) ) ;
#4627 = CARTESIAN_POINT ( 'NONE',  ( -2.146720301521298779E-14, -1.452830911130575942E-14, -12.09999999999999964 ) ) ;
#4628 =( NAMED_UNIT ( * ) SI_UNIT ( $, .STERADIAN. ) SOLID_ANGLE_UNIT ( ) );
#4629 = ORIENTED_EDGE ( 'NONE', *, *, #1889, .T. ) ;
#4630 = EDGE_CURVE ( 'NONE', #5369, #1137, #1826, .T. ) ;
#4631 = AXIS2_PLACEMENT_3D ( 'NONE', #2801, #4876, #3848 ) ;
#4632 = CARTESIAN_POINT ( 'NONE',  ( 1.270170592217173988, 4.336808689942014778E-16, -2.000000000000000000 ) ) ;
#4633 = EDGE_CURVE ( 'NONE', #5491, #2500, #1854, .T. ) ;
#4634 = EDGE_CURVE ( 'NONE', #3515, #5347, #3352, .T. ) ;
#4635 = CARTESIAN_POINT ( 'NONE',  ( 3.120000000000000107, 0.000000000000000000, -1.084202172485504040E-15 ) ) ;
#4636 = DIRECTION ( 'NONE',  ( 0.000000000000000000, 0.8144207567547996351, -0.5802747891877947373 ) ) ;
#4637 = ORIENTED_EDGE ( 'NONE', *, *, #4723, .F. ) ;
#4638 = FACE_OUTER_BOUND ( 'NONE', #1022, .T. ) ;
#4639 = LINE ( 'NONE', #998, #6471 ) ;
#4640 = DIRECTION ( 'NONE',  ( -0.7071067811865475727, 0.7071067811865475727, 0.000000000000000000 ) ) ;
#4641 = DIRECTION ( 'NONE',  ( 1.000000000000000000, -0.000000000000000000, 0.000000000000000000 ) ) ;
#4642 = ORIENTED_EDGE ( 'NONE', *, *, #5482, .F. ) ;
#4643 = ORIENTED_EDGE ( 'NONE', *, *, #2781, .F. ) ;
#4644 = ORIENTED_EDGE ( 'NONE', *, *, #2139, .F. ) ;
#4645 = PLANE ( 'NONE',  #2893 ) ;
#4646 = LINE ( 'NONE', #6215, #4883 ) ;
#4647 = ORIENTED_EDGE ( 'NONE', *, *, #1823, .T. ) ;
#4648 = B_SPLINE_CURVE_WITH_KNOTS ( 'NONE', 3,
 ( #4065, #5645, #845, #3047 ),
 .UNSPECIFIED., .F., .F.,
 ( 4, 4 ),
 ( 0.000000000000000000, 1.000000000000000000 ),
 .UNSPECIFIED. ) ;
#4649 = EDGE_LOOP ( 'NONE', ( #991, #569, #2350, #3731 ) ) ;
#4650 = DIRECTION ( 'NONE',  ( 0.000000000000000000, -1.000000000000000000, 0.000000000000000000 ) ) ;
#4651 = DIRECTION ( 'NONE',  ( 0.000000000000000000, -0.7071067811865474617, 0.7071067811865474617 ) ) ;
#4652 = ORIENTED_EDGE ( 'NONE', *, *, #2713, .F. ) ;
#4653 = EDGE_CURVE ( 'NONE', #1070, #6661, #6518, .T. ) ;
#4654 = CARTESIAN_POINT ( 'NONE',  ( 0.000000000000000000, 0.000000000000000000, -1.000000000000000000 ) ) ;
#4655 = ORIENTED_EDGE ( 'NONE', *, *, #3633, .T. ) ;
#4656 = CARTESIAN_POINT ( 'NONE',  ( -0.6350852961086059789, -1.100000000000000089, -10.41000000000000014 ) ) ;
#4657 = DIRECTION ( 'NONE',  ( 0.000000000000000000, 0.000000000000000000, 1.000000000000000000 ) ) ;
#4658 = CARTESIAN_POINT ( 'NONE',  ( -4.087077195258224549, -0.3252691193458321361, -12.55000000000000071 ) ) ;
#4659 = DIRECTION ( 'NONE',  ( -0.4999999999999946154, -0.5025327086122919340, -0.7053090647190057849 ) ) ;
#4660 = ORIENTED_EDGE ( 'NONE', *, *, #4630, .T. ) ;
#4661 = EDGE_CURVE ( 'NONE', #73, #4530, #3384, .T. ) ;
#4662 = FACE_OUTER_BOUND ( 'NONE', #5806, .T. ) ;
#4663 = VECTOR ( 'NONE', #776, 1000.000000000000000 ) ;
#4664 = VERTEX_POINT ( 'NONE', #3919 ) ;
#4665 = FACE_OUTER_BOUND ( 'NONE', #122, .T. ) ;
#4666 = EDGE_CURVE ( 'NONE', #2263, #5302, #1347, .T. ) ;
#4667 = EDGE_LOOP ( 'NONE', ( #5428, #3171, #6239, #1938 ) ) ;
#4668 = FACE_OUTER_BOUND ( 'NONE', #3758, .T. ) ;
#4669 = LINE ( 'NONE', #1949, #3530 ) ;
#4670 = DIRECTION ( 'NONE',  ( 0.7071067811865495711, 0.7071067811865455743, 0.000000000000000000 ) ) ;
#4671 = CARTESIAN_POINT ( 'NONE',  ( -2.146720301521298779E-14, -1.452830911130575942E-14, -12.34999999999999964 ) ) ;
#4672 = ORIENTED_EDGE ( 'NONE', *, *, #640, .F. ) ;
#4673 = EDGE_LOOP ( 'NONE', ( #3032, #4637, #648, #588 ) ) ;
#4674 = VECTOR ( 'NONE', #4321, 1000.000000000000000 ) ;
#4675 = ORIENTED_EDGE ( 'NONE', *, *, #4312, .T. ) ;
#4676 = DIRECTION ( 'NONE',  ( 1.000000000000000000, 0.000000000000000000, 0.000000000000000000 ) ) ;
#4677 = CARTESIAN_POINT ( 'NONE',  ( 0.000000000000000000, 0.000000000000000000, -1.000000000000000000 ) ) ;
#4678 = VERTEX_POINT ( 'NONE', #2977 ) ;
#4679 = ORIENTED_EDGE ( 'NONE', *, *, #2014, .T. ) ;
#4680 = EDGE_CURVE ( 'NONE', #2500, #3026, #838, .T. ) ;
#4681 = DIRECTION ( 'NONE',  ( -0.000000000000000000, 1.000000000000000000, 0.000000000000000000 ) ) ;
#4682 = ORIENTED_EDGE ( 'NONE', *, *, #583, .T. ) ;
#4683 = CARTESIAN_POINT ( 'NONE',  ( -1.847520861406800163, -1.290785486396330031E-14, -9.149438779900650687 ) ) ;
#4684 = ORIENTED_EDGE ( 'NONE', *, *, #5452, .F. ) ;
#4685 = DIRECTION ( 'NONE',  ( -0.3050043672476959733, -0.5282830606033820375, 0.7923946894315710976 ) ) ;
#4686 = AXIS2_PLACEMENT_3D ( 'NONE', #4414, #6372, #2220 ) ;
#4687 = ADVANCED_FACE ( 'NONE', ( #2402 ), #4984, .T. ) ;
#4688 = AXIS2_PLACEMENT_3D ( 'NONE', #2766, #3216, #6697 ) ;
#4689 = DIRECTION ( 'NONE',  ( 0.000000000000000000, -0.7071067811865531239, 0.7071067811865420216 ) ) ;
#4690 = CARTESIAN_POINT ( 'NONE',  ( 1.249999999999987121, 6.290137394593912745, -20.09278962162260029 ) ) ;
#4691 = ORIENTED_EDGE ( 'NONE', *, *, #5515, .T. ) ;
#4692 = DIRECTION ( 'NONE',  ( 0.000000000000000000, 0.000000000000000000, 1.000000000000000000 ) ) ;
#4693 = CARTESIAN_POINT ( 'NONE',  ( 1.659040969142006938, 5.783016698729767313, -20.23371384697511388 ) ) ;
#4694 = VECTOR ( 'NONE', #4343, 1000.000000000000000 ) ;
#4695 = DIRECTION ( 'NONE',  ( 0.000000000000000000, 0.000000000000000000, -1.000000000000000000 ) ) ;
#4696 = AXIS2_PLACEMENT_3D ( 'NONE', #443, #4198, #3124 ) ;
#4697 = CARTESIAN_POINT ( 'NONE',  ( -1.111498809414284139, 1.292307692307689937, -8.505406026113428553 ) ) ;
#4698 = DIRECTION ( 'NONE',  ( 0.000000000000000000, 0.000000000000000000, -1.000000000000000000 ) ) ;
#4699 = VECTOR ( 'NONE', #3100, 1000.000000000000000 ) ;
#4700 = CARTESIAN_POINT ( 'NONE',  ( 0.000000000000000000, 0.000000000000000000, 3.000000000000000000 ) ) ;
#4701 = FACE_OUTER_BOUND ( 'NONE', #5526, .T. ) ;
#4702 = ORIENTED_EDGE ( 'NONE', *, *, #2924, .T. ) ;
#4703 = VERTEX_POINT ( 'NONE', #2879 ) ;
#4704 = CARTESIAN_POINT ( 'NONE',  ( -2.149999999999999911, 2.100000000000000089, -8.262435565298209994 ) ) ;
#4705 = ORIENTED_EDGE ( 'NONE', *, *, #1517, .T. ) ;
#4706 = CARTESIAN_POINT ( 'NONE',  ( -0.9116108078772178214, -1.136456985629470617, -5.472409842608061403 ) ) ;
#4707 = LINE ( 'NONE', #71, #647 ) ;
#4708 = EDGE_CURVE ( 'NONE', #5491, #4887, #1415, .T. ) ;
#4709 = EDGE_LOOP ( 'NONE', ( #2562, #4239 ) ) ;
#4710 = VERTEX_POINT ( 'NONE', #6017 ) ;
#4711 = CARTESIAN_POINT ( 'NONE',  ( 5.383709327303479952, -2.832612579382729923, -0.8326125793827290344 ) ) ;
#4712 = CARTESIAN_POINT ( 'NONE',  ( -10.05000000000000426, 6.900000000000005684, -1.900000000000006795 ) ) ;
#4713 = VECTOR ( 'NONE', #1603, 1000.000000000000000 ) ;
#4714 = EDGE_LOOP ( 'NONE', ( #2175, #5862, #5550 ) ) ;
#4715 = CARTESIAN_POINT ( 'NONE',  ( 1.020000000000012008, 1.766691823720245136, -11.41000000000000014 ) ) ;
#4716 = ORIENTED_EDGE ( 'NONE', *, *, #4839, .T. ) ;
#4717 = LINE ( 'NONE', #4656, #1437 ) ;
#4718 = DIRECTION ( 'NONE',  ( 0.000000000000000000, 0.000000000000000000, 1.000000000000000000 ) ) ;
#4720 = VECTOR ( 'NONE', #3741, 1000.000000000000000 ) ;
#4719 = CARTESIAN_POINT ( 'NONE',  ( -12.57999999999998941, -2.190000000000040803, 5.789999999999951186 ) ) ;
#4721 = EDGE_LOOP ( 'NONE', ( #3238, #3350, #1963, #4460 ) ) ;
#4722 = CARTESIAN_POINT ( 'NONE',  ( -0.6350852961085869941, 1.100000000000000089, -9.110446325209599294 ) ) ;
#4723 = EDGE_CURVE ( 'NONE', #6243, #1344, #406, .T. ) ;
#4724 = EDGE_CURVE ( 'NONE', #403, #2697, #5877, .T. ) ;
#4725 = VECTOR ( 'NONE', #5364, 1000.000000000000000 ) ;
#4726 = VERTEX_POINT ( 'NONE', #1282 ) ;
#4727 = CARTESIAN_POINT ( 'NONE',  ( -23.86999999999999744, -3.000000000000000000, -2.000000000000000000 ) ) ;
#4728 = ORIENTED_EDGE ( 'NONE', *, *, #117, .F. ) ;
#4729 = CARTESIAN_POINT ( 'NONE',  ( 0.8727756813566600602, 1.851691823720250207, -11.41000000000000014 ) ) ;
#4730 = CARTESIAN_POINT ( 'NONE',  ( 1.750000000000000000, -5.500000000000000000, -0.5000000000000000000 ) ) ;
#4731 = AXIS2_PLACEMENT_3D ( 'NONE', #535, #2602, #3552 ) ;
#4732 = LINE ( 'NONE', #95, #6025 ) ;
#4733 = CARTESIAN_POINT ( 'NONE',  ( -10.34999999999999964, 0.000000000000000000, -2.500000000000000000 ) ) ;
#4734 = EDGE_CURVE ( 'NONE', #5684, #119, #305, .T. ) ;
#4735 = EDGE_CURVE ( 'NONE', #1377, #6480, #2943, .T. ) ;
#4736 = VERTEX_POINT ( 'NONE', #1926 ) ;
#4737 = ORIENTED_EDGE ( 'NONE', *, *, #5739, .T. ) ;
#4738 = VECTOR ( 'NONE', #1571, 1000.000000000000114 ) ;
#4739 = CARTESIAN_POINT ( 'NONE',  ( 2.539250444270044760, 5.810749555729967319, -20.76561465862463152 ) ) ;
#4740 = ORIENTED_EDGE ( 'NONE', *, *, #2115, .F. ) ;
#4741 = DIRECTION ( 'NONE',  ( -0.8660254037844384856, 0.5000000000000003331, 0.000000000000000000 ) ) ;
#4742 = DIRECTION ( 'NONE',  ( -0.7071067811865493491, 0.7071067811865456854, 0.000000000000000000 ) ) ;
#4743 = ADVANCED_FACE ( 'NONE', ( #3988 ), #1551, .F. ) ;
#4744 = ORIENTED_EDGE ( 'NONE', *, *, #4218, .T. ) ;
#4745 = ORIENTED_EDGE ( 'NONE', *, *, #1709, .F. ) ;
#4746 = ORIENTED_EDGE ( 'NONE', *, *, #2578, .T. ) ;
#4747 = CARTESIAN_POINT ( 'NONE',  ( -1.107417513252519914, 1.287734669581141800, -8.507290182275621504 ) ) ;
#4748 = EDGE_CURVE ( 'NONE', #4193, #2142, #2573, .T. ) ;
#4749 = FACE_OUTER_BOUND ( 'NONE', #3457, .T. ) ;
#4750 = ORIENTED_EDGE ( 'NONE', *, *, #3819, .T. ) ;
#4751 = CARTESIAN_POINT ( 'NONE',  ( 0.000000000000000000, 1.500000000000000444, -0.5000000000000000000 ) ) ;
#4752 = EDGE_LOOP ( 'NONE', ( #2975, #1044, #3299, #3513, #983 ) ) ;
#4753 = DIRECTION ( 'NONE',  ( 0.000000000000000000, 0.000000000000000000, 1.000000000000000000 ) ) ;
#4754 = DIRECTION ( 'NONE',  ( -1.000000000000000000, 0.000000000000000000, 0.000000000000000000 ) ) ;
#4755 = CARTESIAN_POINT ( 'NONE',  ( 6.067330549755799218, -1.499999999999998446, -1.000000000000000000 ) ) ;
#4756 = ORIENTED_EDGE ( 'NONE', *, *, #3864, .T. ) ;
#4757 = CARTESIAN_POINT ( 'NONE',  ( -24.87000000000000099, 4.824776773101836724, -20.50000000000000000 ) ) ;
#4758 = UNCERTAINTY_MEASURE_WITH_UNIT (LENGTH_MEASURE( 1.000000000000000082E-05 ), #23, 'distance_accuracy_value', 'NONE');
#4759 = EDGE_LOOP ( 'NONE', ( #3713, #711, #2899, #4682 ) ) ;
#4760 = CARTESIAN_POINT ( 'NONE',  ( -4.277610376933925984, 9.220525079992270889, -15.97996480001086894 ) ) ;
#4761 = EDGE_CURVE ( 'NONE', #221, #5735, #2540, .T. ) ;
#4762 = DIRECTION ( 'NONE',  ( 0.000000000000000000, 0.000000000000000000, -1.000000000000000000 ) ) ;
#4763 = PLANE ( 'NONE',  #294 ) ;
#4764 = DIRECTION ( 'NONE',  ( 0.000000000000000000, 0.000000000000000000, -1.000000000000000000 ) ) ;
#4765 = CARTESIAN_POINT ( 'NONE',  ( -1.350000000000000089, 18.25000000000000000, 8.810000000000000497 ) ) ;
#4766 = VECTOR ( 'NONE', #567, 1000.000000000000000 ) ;
#4767 = ADVANCED_FACE ( 'NONE', ( #1998 ), #4645, .T. ) ;
#4768 = ORIENTED_EDGE ( 'NONE', *, *, #6349, .F. ) ;
#4769 = ORIENTED_EDGE ( 'NONE', *, *, #2470, .F. ) ;
#4770 = DIRECTION ( 'NONE',  ( 0.5773502691896278405, 0.5773502691896207351, -0.5773502691896288397 ) ) ;
#4771 = VECTOR ( 'NONE', #6555, 1000.000000000000114 ) ;
#4772 = CARTESIAN_POINT ( 'NONE',  ( 4.087077195258224549, -0.3252691193458311925, -12.34999999999999964 ) ) ;
#4773 = ORIENTED_EDGE ( 'NONE', *, *, #6709, .F. ) ;
#4774 = CARTESIAN_POINT ( 'NONE',  ( -1.899999999999999911, 2.127739548340149778, -3.685353002998790206 ) ) ;
#4775 = EDGE_CURVE ( 'NONE', #3764, #4852, #3148, .T. ) ;
#4776 = CARTESIAN_POINT ( 'NONE',  ( 0.3642976019479595151, 2.015173847483590297, -11.41000000000000014 ) ) ;
#4777 = DIRECTION ( 'NONE',  ( 0.000000000000000000, -0.000000000000000000, 1.000000000000000000 ) ) ;
#4778 = EDGE_CURVE ( 'NONE', #1413, #4950, #6650, .T. ) ;
#4779 = ORIENTED_EDGE ( 'NONE', *, *, #132, .T. ) ;
#4780 = CONICAL_SURFACE ( 'NONE', #1847, 4.320000000000000284, 0.4368401523555818788 ) ;
#4781 = VERTEX_POINT ( 'NONE', #3658 ) ;
#4782 = VERTEX_POINT ( 'NONE', #1959 ) ;
#4783 = DIRECTION ( 'NONE',  ( -0.7071067811865475727, 0.000000000000000000, 0.7071067811865475727 ) ) ;
#4784 = EDGE_CURVE ( 'NONE', #6661, #3661, #472, .T. ) ;
#4785 = ORIENTED_EDGE ( 'NONE', *, *, #5452, .T. ) ;
#4786 = EDGE_CURVE ( 'NONE', #2328, #401, #972, .T. ) ;
#4787 = ORIENTED_EDGE ( 'NONE', *, *, #283, .F. ) ;
#4788 = FACE_OUTER_BOUND ( 'NONE', #232, .T. ) ;
#4789 = VECTOR ( 'NONE', #6474, 1000.000000000000000 ) ;
#4790 = CARTESIAN_POINT ( 'NONE',  ( -1.857794549146830176, 0.8622054508531790118, -11.41000000000000014 ) ) ;
#4791 = DIRECTION ( 'NONE',  ( 0.5000000000000003331, 0.8660254037844383745, 0.000000000000000000 ) ) ;
#4792 = ORIENTED_EDGE ( 'NONE', *, *, #6602, .T. ) ;
#4793 = CARTESIAN_POINT ( 'NONE',  ( -1.899999999999999911, 1.785595723902930088, -8.155281824142411651 ) ) ;
#4794 = DIRECTION ( 'NONE',  ( -0.7071067811865492381, -0.7071067811865457964, 0.000000000000000000 ) ) ;
#4795 = ADVANCED_FACE ( 'NONE', ( #4021 ), #6113, .F. ) ;
#4796 = AXIS2_PLACEMENT_3D ( 'NONE', #5817, #1151, #3230 ) ;
#4797 = CIRCLE ( 'NONE', #146, 1.655276662193474912 ) ;
#4798 = ORIENTED_EDGE ( 'NONE', *, *, #2822, .T. ) ;
#4799 = PLANE ( 'NONE',  #4256 ) ;
#4800 = CARTESIAN_POINT ( 'NONE',  ( -1.563042943988840250, 1.323077901566480197, -11.41000000000000014 ) ) ;
#4801 = LINE ( 'NONE', #5317, #5270 ) ;
#4802 = VECTOR ( 'NONE', #1751, 1000.000000000000000 ) ;
#4803 = DIRECTION ( 'NONE',  ( -0.000000000000000000, -0.000000000000000000, -1.000000000000000000 ) ) ;
#4804 = CIRCLE ( 'NONE', #6232, 3.899999999999999911 ) ;
#4805 = CARTESIAN_POINT ( 'NONE',  ( -3.014212917312399487, 9.049733657874575954, -14.96264198130984546 ) ) ;
#4806 = ORIENTED_EDGE ( 'NONE', *, *, #206, .F. ) ;
#4807 = AXIS2_PLACEMENT_3D ( 'NONE', #1030, #3104, #2968 ) ;
#4808 = LINE ( 'NONE', #1681, #1006 ) ;
#4809 = ORIENTED_EDGE ( 'NONE', *, *, #6691, .T. ) ;
#4810 = VECTOR ( 'NONE', #5734, 1000.000000000000000 ) ;
#4811 = AXIS2_PLACEMENT_3D ( 'NONE', #1832, #4440, #1290 ) ;
#4812 = CARTESIAN_POINT ( 'NONE',  ( -1.058475493514321908, -0.3666666666666550389, -10.41000000000000014 ) ) ;
#4813 = FACE_OUTER_BOUND ( 'NONE', #5382, .T. ) ;
#4814 = CARTESIAN_POINT ( 'NONE',  ( -2.146720301521298779E-14, -1.452830911130575942E-14, -12.55000000000000071 ) ) ;
#4815 = EDGE_CURVE ( 'NONE', #3133, #6711, #3042, .T. ) ;
#4816 = ORIENTED_EDGE ( 'NONE', *, *, #6289, .T. ) ;
#4817 = PLANE ( 'NONE',  #5251 ) ;
#4818 = ORIENTED_EDGE ( 'NONE', *, *, #5155, .F. ) ;
#4819 = DIRECTION ( 'NONE',  ( 0.7071067811865431318, -0.7071067811865520136, 0.000000000000000000 ) ) ;
#4820 = CARTESIAN_POINT ( 'NONE',  ( -4.299999999999999822, 20.24999999999999645, 8.810000000000000497 ) ) ;
#4821 = LINE ( 'NONE', #6396, #6195 ) ;
#4822 = VERTEX_POINT ( 'NONE', #6183 ) ;
#4823 = AXIS2_PLACEMENT_3D ( 'NONE', #5073, #2487, #4554 ) ;
#4824 = ADVANCED_FACE ( 'NONE', ( #4126 ), #504, .T. ) ;
#4825 = EDGE_LOOP ( 'NONE', ( #5263, #1679, #836, #4643, #6622 ) ) ;
#4826 = CARTESIAN_POINT ( 'NONE',  ( -6.748777567828909696, 14.25000000000000000, 8.732615096446998848 ) ) ;
#4827 = DIRECTION ( 'NONE',  ( -0.7071067811865510144, -0.7071067811865440200, -1.264639095526889952E-16 ) ) ;
#4828 = CARTESIAN_POINT ( 'NONE',  ( -14.36789606342363967, 1.000000000000000000, 7.849999999999999645 ) ) ;
#4829 = ORIENTED_EDGE ( 'NONE', *, *, #2230, .T. ) ;
#4830 = LINE ( 'NONE', #5413, #3916 ) ;
#4831 = EDGE_CURVE ( 'NONE', #4135, #3502, #6196, .T. ) ;
#4832 = ORIENTED_EDGE ( 'NONE', *, *, #2781, .T. ) ;
#4833 = LINE ( 'NONE', #4350, #5792 ) ;
#4834 = VECTOR ( 'NONE', #5732, 1000.000000000000000 ) ;
#4835 = DIRECTION ( 'NONE',  ( 0.5000000000000003331, 0.8660254037844383745, 0.000000000000000000 ) ) ;
#4836 = ADVANCED_FACE ( 'NONE', ( #3081, #3516 ), #3118, .T. ) ;
#4837 = LINE ( 'NONE', #196, #1576 ) ;
#4838 = CARTESIAN_POINT ( 'NONE',  ( -2.460623078826166932, 9.091744797830415337, -15.21288224974244230 ) ) ;
#4839 = EDGE_CURVE ( 'NONE', #2830, #4304, #4094, .T. ) ;
#4840 = CONICAL_SURFACE ( 'NONE', #1691, 4.320000000000000284, 0.4368401523555818788 ) ;
#4841 = CARTESIAN_POINT ( 'NONE',  ( 0.000000000000000000, 0.000000000000000000, -20.50000000000000000 ) ) ;
#4842 = EDGE_CURVE ( 'NONE', #744, #3674, #5605, .T. ) ;
#4843 = ORIENTED_EDGE ( 'NONE', *, *, #6261, .T. ) ;
#4844 = CARTESIAN_POINT ( 'NONE',  ( 1.249999999999986899, 6.897980377721398604, -19.23967666284718092 ) ) ;
#4845 = ORIENTED_EDGE ( 'NONE', *, *, #2875, .F. ) ;
#4846 = AXIS2_PLACEMENT_3D ( 'NONE', #4069, #2509, #879 ) ;
#4847 = CARTESIAN_POINT ( 'NONE',  ( -0.7642304845414018555, 10.79673032838194402, -12.81992010159994599 ) ) ;
#4848 = LINE ( 'NONE', #510, #5395 ) ;
#4849 = DIRECTION ( 'NONE',  ( -1.000000000000000000, 1.279294598802953755E-16, 0.000000000000000000 ) ) ;
#4850 = ORIENTED_EDGE ( 'NONE', *, *, #1864, .F. ) ;
#4851 = AXIS2_PLACEMENT_3D ( 'NONE', #6, #4060, #3587 ) ;
#4852 = VERTEX_POINT ( 'NONE', #6252 ) ;
#4853 = ORIENTED_EDGE ( 'NONE', *, *, #4735, .T. ) ;
#4854 = DIRECTION ( 'NONE',  ( 1.000000000000000000, -1.279294598802953755E-16, 0.000000000000000000 ) ) ;
#4855 = CARTESIAN_POINT ( 'NONE',  ( 0.1058475493514095950, -1.100000000000000089, -10.41000000000000014 ) ) ;
#4856 = ORIENTED_EDGE ( 'NONE', *, *, #5022, .F. ) ;
#4857 = DIRECTION ( 'NONE',  ( 0.000000000000000000, -1.000000000000000000, 0.000000000000000000 ) ) ;
#4858 =( BOUNDED_CURVE ( )  B_SPLINE_CURVE ( 3, ( #336, #5012, #6036, #2873 ),
 .UNSPECIFIED., .F., .T. ) 
 B_SPLINE_CURVE_WITH_KNOTS ( ( 4, 4 ),
 ( 1.843360537913099506, 1.846125421755292040 ),
 .UNSPECIFIED. ) 
 CURVE ( )  GEOMETRIC_REPRESENTATION_ITEM ( )  RATIONAL_B_SPLINE_CURVE ( ( 1.000000000000000000, 0.9999993629515462334, 0.9999993629515462334, 1.000000000000000000 ) ) 
 REPRESENTATION_ITEM ( '' )  );
#4859 = DIRECTION ( 'NONE',  ( 0.000000000000000000, 0.8144207567547996351, -0.5802747891877947373 ) ) ;
#4860 = CARTESIAN_POINT ( 'NONE',  ( -1.212435565298211948, 2.100000000000000089, -2.000000000000000000 ) ) ;
#4861 = LINE ( 'NONE', #4964, #6152 ) ;
#4862 = EDGE_CURVE ( 'NONE', #2222, #4010, #6149, .T. ) ;
#4863 = VERTEX_POINT ( 'NONE', #5640 ) ;
#4864 = FACE_OUTER_BOUND ( 'NONE', #2922, .T. ) ;
#4865 = DIRECTION ( 'NONE',  ( 0.000000000000000000, 1.000000000000000000, -1.224646799147353207E-16 ) ) ;
#4866 = CARTESIAN_POINT ( 'NONE',  ( 0.1058475493514272059, 1.100000000000000089, -10.41000000000000014 ) ) ;
#4867 = EDGE_CURVE ( 'NONE', #2126, #3531, #5635, .T. ) ;
#4868 = CARTESIAN_POINT ( 'NONE',  ( -1.288192270656448590, -3.082026330042547628E-06, -4.610569054979687387 ) ) ;
#4869 = DIRECTION ( 'NONE',  ( 0.000000000000000000, -0.8660254037844383745, 0.5000000000000003331 ) ) ;
#4870 = DIRECTION ( 'NONE',  ( 0.000000000000000000, 0.000000000000000000, 1.000000000000000000 ) ) ;
#4871 = ORIENTED_EDGE ( 'NONE', *, *, #4079, .F. ) ;
#4872 = EDGE_CURVE ( 'NONE', #2282, #5333, #6414, .T. ) ;
#4873 = VERTEX_POINT ( 'NONE', #6286 ) ;
#4874 = CARTESIAN_POINT ( 'NONE',  ( -2.146720301521298779E-14, -1.452830911130575942E-14, -12.09999999999999964 ) ) ;
#4875 = EDGE_LOOP ( 'NONE', ( #4038, #1622, #1482, #5168 ) ) ;
#4876 = DIRECTION ( 'NONE',  ( -1.000000000000000000, 0.000000000000000000, 0.000000000000000000 ) ) ;
#4877 = CARTESIAN_POINT ( 'NONE',  ( -23.36999999999999744, 2.899999999999999911, -2.500000000000000000 ) ) ;
#4878 = VECTOR ( 'NONE', #3014, 1000.000000000000000 ) ;
#4879 = FACE_OUTER_BOUND ( 'NONE', #6456, .T. ) ;
#4880 = DIRECTION ( 'NONE',  ( 0.000000000000000000, -1.000000000000000000, 0.000000000000000000 ) ) ;
#4881 = ORIENTED_EDGE ( 'NONE', *, *, #1648, .T. ) ;
#4882 = ORIENTED_EDGE ( 'NONE', *, *, #4443, .T. ) ;
#4883 = VECTOR ( 'NONE', #1552, 1000.000000000000000 ) ;
#4884 = ORIENTED_EDGE ( 'NONE', *, *, #3444, .F. ) ;
#4885 = CARTESIAN_POINT ( 'NONE',  ( -5.064608490669425755, 15.36449187130530625, -7.356853513957483770 ) ) ;
#4886 = FACE_OUTER_BOUND ( 'NONE', #3780, .T. ) ;
#4887 = VERTEX_POINT ( 'NONE', #5259 ) ;
#4888 = EDGE_CURVE ( 'NONE', #3614, #4429, #4516, .T. ) ;
#4889 = CARTESIAN_POINT ( 'NONE',  ( -6.916177768266679848, 14.41654501620642037, 8.757045778525119673 ) ) ;
#4890 = STYLED_ITEM ( 'NONE', ( #3778 ), #1007 ) ;
#4891 = CARTESIAN_POINT ( 'NONE',  ( 0.000000000000000000, 0.000000000000000000, -0.5000000000000000000 ) ) ;
#4892 = CARTESIAN_POINT ( 'NONE',  ( -22.57260975254418511, 7.802609752544218402, 13.05260975254425659 ) ) ;
#4893 = B_SPLINE_CURVE_WITH_KNOTS ( 'NONE', 3,
 ( #6533, #229, #6505, #3311, #5003, #5388, #2896, #1331, #3400 ),
 .UNSPECIFIED., .F., .F.,
 ( 4, 1, 2, 2, 4 ),
 ( 0.000000000000000000, 0.2499999999999980016, 0.3749999999999972244, 0.4999999999999964473, 1.000000000000000000 ),
 .UNSPECIFIED. ) ;
#4894 = ORIENTED_EDGE ( 'NONE', *, *, #993, .T. ) ;
#4895 = CARTESIAN_POINT ( 'NONE',  ( 3.120000000000000551, 1.292346314604051027, -12.09999999999999964 ) ) ;
#4896 = DIRECTION ( 'NONE',  ( 0.000000000000000000, -0.000000000000000000, 1.000000000000000000 ) ) ;
#4897 = LINE ( 'NONE', #5929, #3192 ) ;
#4898 = DIRECTION ( 'NONE',  ( 0.000000000000000000, 1.788469760401379917E-16, -1.000000000000000000 ) ) ;
#4899 = ADVANCED_FACE ( 'NONE', ( #170 ), #3220, .F. ) ;
#4900 = PLANE ( 'NONE',  #3959 ) ;
#4901 = CARTESIAN_POINT ( 'NONE',  ( -1.270170592217173766, 1.378969815844585286E-15, -4.542439770453008840 ) ) ;
#4902 = CARTESIAN_POINT ( 'NONE',  ( -1.005003593375133564, 1.193091952938766243, -8.563445183132209593 ) ) ;
#4903 = AXIS2_PLACEMENT_3D ( 'NONE', #756, #4896, #820 ) ;
#4904 = DIRECTION ( 'NONE',  ( 0.000000000000000000, 0.000000000000000000, 1.000000000000000000 ) ) ;
#4905 = VECTOR ( 'NONE', #4040, 1000.000000000000227 ) ;
#4906 = ORIENTED_EDGE ( 'NONE', *, *, #3222, .F. ) ;
#4907 = CARTESIAN_POINT ( 'NONE',  ( 0.6350852961085620141, -1.100000000000000089, -10.41000000000000014 ) ) ;
#4908 = EDGE_LOOP ( 'NONE', ( #4497, #5275, #4001, #5888 ) ) ;
#4909 = VECTOR ( 'NONE', #5294, 1000.000000000000114 ) ;
#4910 = CARTESIAN_POINT ( 'NONE',  ( -4.087077195258224549, 0.3252691193458321361, -12.55000000000000071 ) ) ;
#4911 = CARTESIAN_POINT ( 'NONE',  ( -0.9526279441628799916, 0.5500000000000000444, -2.000000000000000000 ) ) ;
#4912 = DIRECTION ( 'NONE',  ( 1.204346127507144756E-15, 0.9861986782266817242, 0.1655662014541188776 ) ) ;
#4913 = CARTESIAN_POINT ( 'NONE',  ( -23.36999999999999744, 2.899999999999999911, -16.50000000000000000 ) ) ;
#4914 = AXIS2_PLACEMENT_3D ( 'NONE', #5896, #4865, #1236 ) ;
#4915 = EDGE_LOOP ( 'NONE', ( #3279, #6391, #773, #1046 ) ) ;
#4916 = VECTOR ( 'NONE', #98, 1000.000000000000114 ) ;
#4917 = VERTEX_POINT ( 'NONE', #4847 ) ;
#4918 = AXIS2_PLACEMENT_3D ( 'NONE', #55, #1595, #6166 ) ;
#4919 = ORIENTED_EDGE ( 'NONE', *, *, #6660, .F. ) ;
#4920 = CARTESIAN_POINT ( 'NONE',  ( 0.7096584591674879317, -1.920943322875215076, -11.41000000000000014 ) ) ;
#4921 = CARTESIAN_POINT ( 'NONE',  ( 0.000000000000000000, 0.000000000000000000, -2.000000000000000000 ) ) ;
#4922 = CARTESIAN_POINT ( 'NONE',  ( 1.020000000000012008, 1.766691823720245136, -11.41000000000000014 ) ) ;
#4923 = AXIS2_PLACEMENT_3D ( 'NONE', #5852, #4819, #6324 ) ;
#4924 = FACE_OUTER_BOUND ( 'NONE', #6298, .T. ) ;
#4925 = EDGE_CURVE ( 'NONE', #2075, #5122, #3752, .T. ) ;
#4926 = CIRCLE ( 'NONE', #2318, 2.049390153191925190 ) ;
#4927 = ADVANCED_FACE ( 'NONE', ( #5327 ), #6163, .F. ) ;
#4928 = ORIENTED_EDGE ( 'NONE', *, *, #6564, .T. ) ;
#4929 = CARTESIAN_POINT ( 'NONE',  ( -3.120000000000000107, 0.000000000000000000, -12.35999999999999943 ) ) ;
#4930 = CARTESIAN_POINT ( 'NONE',  ( 0.000000000000000000, 13.21980617317237261, -9.419111898385315484 ) ) ;
#4931 = DIRECTION ( 'NONE',  ( 0.000000000000000000, 0.000000000000000000, 1.000000000000000000 ) ) ;
#4932 = LINE ( 'NONE', #782, #5064 ) ;
#4933 = ORIENTED_EDGE ( 'NONE', *, *, #4831, .T. ) ;
#4934 = DIRECTION ( 'NONE',  ( 1.630379206745126697E-16, 1.000000000000000000, 0.000000000000000000 ) ) ;
#4935 = CARTESIAN_POINT ( 'NONE',  ( -1.825017567229092696, 13.19804560595883203, -9.449653045351688263 ) ) ;
#4936 = CARTESIAN_POINT ( 'NONE',  ( -1.631363061353028554, 4.915510019485138434E-05, -4.918289716930368094 ) ) ;
#4937 = CARTESIAN_POINT ( 'NONE',  ( -9.258346181095477689, -3.000000000000000000, -1.000000000000000000 ) ) ;
#4938 = EDGE_CURVE ( 'NONE', #267, #3943, #1721, .T. ) ;
#4939 = DIRECTION ( 'NONE',  ( 0.000000000000000000, 0.000000000000000000, 1.000000000000000000 ) ) ;
#4940 = CARTESIAN_POINT ( 'NONE',  ( -0.7857870826877657588, 14.03486293352439951, -9.309165464811487212 ) ) ;
#4941 = VECTOR ( 'NONE', #4596, 1000.000000000000000 ) ;
#4942 = ORIENTED_EDGE ( 'NONE', *, *, #2333, .F. ) ;
#4943 = DIRECTION ( 'NONE',  ( 0.000000000000000000, 0.000000000000000000, -1.000000000000000000 ) ) ;
#4944 = ORIENTED_EDGE ( 'NONE', *, *, #6188, .F. ) ;
#4945 = CARTESIAN_POINT ( 'NONE',  ( -13.39620822693661495, -2.499999999999998668, 7.166987298107789783 ) ) ;
#4946 = CARTESIAN_POINT ( 'NONE',  ( -13.39620822693661495, 0.5000000000000009992, 7.166987298107789783 ) ) ;
#4947 = VECTOR ( 'NONE', #4140, 1000.000000000000000 ) ;
#4948 = CARTESIAN_POINT ( 'NONE',  ( -3.035787082687765093, 14.03486293352440129, -9.309165464811487212 ) ) ;
#4949 = ADVANCED_FACE ( 'NONE', ( #2132 ), #4194, .T. ) ;
#4950 = VERTEX_POINT ( 'NONE', #2163 ) ;
#4951 = VERTEX_POINT ( 'NONE', #4222 ) ;
#4952 = VECTOR ( 'NONE', #1245, 1000.000000000000000 ) ;
#4953 = ORIENTED_EDGE ( 'NONE', *, *, #2213, .F. ) ;
#4954 = CARTESIAN_POINT ( 'NONE',  ( -21.91999999999999815, 3.600000000000002309, 4.899999999999999467 ) ) ;
#4955 = EDGE_CURVE ( 'NONE', #2505, #1680, #6319, .T. ) ;
#4956 = CARTESIAN_POINT ( 'NONE',  ( 0.3252691193458281949, -4.087077195258220996, -12.55000000000000071 ) ) ;
#4957 = CARTESIAN_POINT ( 'NONE',  ( -2.424871130596424784, 0.000000000000000000, -2.000000000000000000 ) ) ;
#4958 = AXIS2_PLACEMENT_3D ( 'NONE', #3686, #4261, #600 ) ;
#4959 = VERTEX_POINT ( 'NONE', #3346 ) ;
#4960 = PLANE ( 'NONE',  #680 ) ;
#4961 = ADVANCED_FACE ( 'NONE', ( #2295 ), #1405, .T. ) ;
#4962 = LINE ( 'NONE', #287, #6546 ) ;
#4963 = DIRECTION ( 'NONE',  ( 0.8660254037844384856, -0.5000000000000003331, 0.000000000000000000 ) ) ;
#4964 = CARTESIAN_POINT ( 'NONE',  ( 0.3252691193458266405, 4.087077195258210338, -12.55000000000000071 ) ) ;
#4965 = ORIENTED_EDGE ( 'NONE', *, *, #3556, .F. ) ;
#4966 = LINE ( 'NONE', #3396, #5675 ) ;
#4967 = LINE ( 'NONE', #2824, #5274 ) ;
#4968 = CARTESIAN_POINT ( 'NONE',  ( -1.105356974374219980, 1.285465559880833997, -5.591741447231370010 ) ) ;
#4969 = CARTESIAN_POINT ( 'NONE',  ( -2.146720301521298779E-14, -1.452830911130575942E-14, -20.19999999999999929 ) ) ;
#4970 = DIRECTION ( 'NONE',  ( 0.000000000000000000, 0.000000000000000000, 1.000000000000000000 ) ) ;
#4971 = DIRECTION ( 'NONE',  ( -1.000000000000000000, 1.707175680383139835E-16, 0.000000000000000000 ) ) ;
#4972 = EDGE_CURVE ( 'NONE', #3845, #1070, #801, .T. ) ;
#4973 = ORIENTED_EDGE ( 'NONE', *, *, #3807, .F. ) ;
#4974 = DIRECTION ( 'NONE',  ( -0.000000000000000000, -0.000000000000000000, 1.000000000000000000 ) ) ;
#4975 = ORIENTED_EDGE ( 'NONE', *, *, #35, .T. ) ;
#4976 = CARTESIAN_POINT ( 'NONE',  ( -0.6350852961085872161, 1.100000000000000533, -5.023476679393533928 ) ) ;
#4977 = DIRECTION ( 'NONE',  ( 0.000000000000000000, 0.000000000000000000, 1.000000000000000000 ) ) ;
#4978 = DIRECTION ( 'NONE',  ( 1.000000000000000000, 0.000000000000000000, 0.000000000000000000 ) ) ;
#4979 = CARTESIAN_POINT ( 'NONE',  ( -24.87000000000000099, 5.500000000000000000, -20.50000000000000000 ) ) ;
#4980 = ORIENTED_EDGE ( 'NONE', *, *, #4125, .T. ) ;
#4981 = EDGE_LOOP ( 'NONE', ( #4035, #6419, #6696, #3228, #5241 ) ) ;
#4982 = EDGE_CURVE ( 'NONE', #4193, #4102, #3755, .T. ) ;
#4983 = ORIENTED_EDGE ( 'NONE', *, *, #4333, .T. ) ;
#4984 = PLANE ( 'NONE',  #2352 ) ;
#4985 = AXIS2_PLACEMENT_3D ( 'NONE', #4329, #5365, #2804 ) ;
#4986 = CARTESIAN_POINT ( 'NONE',  ( -1.292346314604055468, 3.119999999999985452, -12.34999999999999964 ) ) ;
#4987 = CARTESIAN_POINT ( 'NONE',  ( 1.563042943988855127, 1.323077901566453995, -11.41000000000000014 ) ) ;
#4988 = EDGE_CURVE ( 'NONE', #1063, #1556, #2902, .T. ) ;
#4989 = DIRECTION ( 'NONE',  ( 0.000000000000000000, 1.000000000000000000, 0.000000000000000000 ) ) ;
#4990 = CIRCLE ( 'NONE', #5868, 2.099679143796078673 ) ;
#4991 = CARTESIAN_POINT ( 'NONE',  ( -5.482928049865329889, -3.000000000000000000, -17.00000000000000000 ) ) ;
#4992 = VERTEX_POINT ( 'NONE', #3981 ) ;
#4993 = CARTESIAN_POINT ( 'NONE',  ( -18.36999999999999389, 3.600000000000001865, 4.899999999999999467 ) ) ;
#4994 = DIRECTION ( 'NONE',  ( 0.000000000000000000, 0.000000000000000000, -1.000000000000000000 ) ) ;
#4995 = AXIS2_PLACEMENT_3D ( 'NONE', #1504, #960, #3030 ) ;
#4996 = CARTESIAN_POINT ( 'NONE',  ( -6.741452906889914054, 12.72241297371254376, -18.30531878749187058 ) ) ;
#4997 = DIRECTION ( 'NONE',  ( 0.6100087344953630808, -5.222997604250741003E-15, 0.7923946894315772038 ) ) ;
#4998 = ORIENTED_EDGE ( 'NONE', *, *, #5227, .F. ) ;
#4999 = CARTESIAN_POINT ( 'NONE',  ( -1.975000000000075140, 11.63354765594751150, -12.67943252105974850 ) ) ;
#5000 = CARTESIAN_POINT ( 'NONE',  ( -1.899999999999999911, 0.000000000000000000, 0.000000000000000000 ) ) ;
#5001 = CARTESIAN_POINT ( 'NONE',  ( -1.019999999999986029, 1.766691823720265120, -11.41000000000000014 ) ) ;
#5002 = CARTESIAN_POINT ( 'NONE',  ( -1.622394624281354281, 4.627147316425470996E-05, -4.915357975601395424 ) ) ;
#5003 = CARTESIAN_POINT ( 'NONE',  ( -0.6765033657181993565, -1.100000000000000089, -5.212684081967898564 ) ) ;
#5004 = ADVANCED_FACE ( 'NONE', ( #4424 ), #3441, .F. ) ;
#5005 = DIRECTION ( 'NONE',  ( 0.9487851591153242392, 0.000000000000000000, 0.3159220186098286587 ) ) ;
#5006 = EDGE_CURVE ( 'NONE', #421, #1846, #3224, .T. ) ;
#5007 = CARTESIAN_POINT ( 'NONE',  ( -2.146720301521298779E-14, -1.452830911130575942E-14, -12.09999999999999964 ) ) ;
#5008 = ORIENTED_EDGE ( 'NONE', *, *, #752, .T. ) ;
#5009 = LINE ( 'NONE', #1882, #3821 ) ;
#5010 = ORIENTED_EDGE ( 'NONE', *, *, #1406, .F. ) ;
#5011 = DIRECTION ( 'NONE',  ( -1.000000000000000000, 0.000000000000000000, 0.000000000000000000 ) ) ;
#5012 = CARTESIAN_POINT ( 'NONE',  ( 5.938770980600164506, -1.947699263134532899, -20.01798352899829325 ) ) ;
#5013 = LINE ( 'NONE', #6450, #5982 ) ;
#5014 = ORIENTED_EDGE ( 'NONE', *, *, #5529, .T. ) ;
#5015 = ORIENTED_EDGE ( 'NONE', *, *, #4775, .T. ) ;
#5016 = AXIS2_PLACEMENT_3D ( 'NONE', #5583, #2892, #6024 ) ;
#5017 = EDGE_LOOP ( 'NONE', ( #1449, #980, #4980, #4427, #6222, #844, #962, #6588, #285, #4046, #3413 ) ) ;
#5018 = CIRCLE ( 'NONE', #2952, 2.099679143796078673 ) ;
#5019 = CARTESIAN_POINT ( 'NONE',  ( -3.120000000000000107, -1.292346314604051027, -12.34999999999999964 ) ) ;
#5020 = LINE ( 'NONE', #3920, #5322 ) ;
#5021 = AXIS2_PLACEMENT_3D ( 'NONE', #4257, #1641, #3146 ) ;
#5022 = EDGE_CURVE ( 'NONE', #770, #3105, #2395, .T. ) ;
#5023 = ADVANCED_FACE ( 'NONE', ( #740 ), #306, .T. ) ;
#5024 = TOROIDAL_SURFACE ( 'NONE', #898, 2.049390153191925190, 0.5000000000000000000 ) ;
#5025 = ORIENTED_EDGE ( 'NONE', *, *, #2139, .T. ) ;
#5026 = CARTESIAN_POINT ( 'NONE',  ( -4.799999999999999822, 2.899999999999999911, -2.500000000000000000 ) ) ;
#5027 = AXIS2_PLACEMENT_3D ( 'NONE', #3739, #2591, #1600 ) ;
#5028 = DIRECTION ( 'NONE',  ( -1.000000000000000000, -1.462811961521625755E-16, -4.065021289706233030E-17 ) ) ;
#5029 = AXIS2_PLACEMENT_3D ( 'NONE', #3007, #1991, #5050 ) ;
#5030 = DIRECTION ( 'NONE',  ( -1.109878271650199557E-16, -0.8957217688169757386, -0.4446150164663673077 ) ) ;
#5031 = DIRECTION ( 'NONE',  ( 0.4999999999999998890, 0.8660254037844387076, 0.000000000000000000 ) ) ;
#5032 = TOROIDAL_SURFACE ( 'NONE', #5231, 2.049390153191925190, 0.5000000000000000000 ) ;
#5033 = ADVANCED_FACE ( 'NONE', ( #1818 ), #5834, .T. ) ;
#5034 = ORIENTED_EDGE ( 'NONE', *, *, #2123, .F. ) ;
#5035 = CARTESIAN_POINT ( 'NONE',  ( -17.37000000000000099, -6.002000000000000668, 7.849999999999999645 ) ) ;
#5036 = ORIENTED_EDGE ( 'NONE', *, *, #5999, .F. ) ;
#5037 = CARTESIAN_POINT ( 'NONE',  ( -1.047121912851805892, -1.221335858476225500, -8.535626692157050499 ) ) ;
#5038 = ADVANCED_FACE ( 'NONE', ( #3881 ), #1339, .F. ) ;
#5039 = DIRECTION ( 'NONE',  ( 0.7071067811865457964, -0.7071067811865492381, 0.000000000000000000 ) ) ;
#5040 = LINE ( 'NONE', #2051, #2209 ) ;
#5041 = CARTESIAN_POINT ( 'NONE',  ( 1.249999999999988898, 20.24999999999999645, -0.4999999999999917843 ) ) ;
#5042 = CARTESIAN_POINT ( 'NONE',  ( -17.37000000000000099, -6.002000000000000668, -1.000000000000000444 ) ) ;
#5043 = DIRECTION ( 'NONE',  ( 0.000000000000000000, 0.000000000000000000, -1.000000000000000000 ) ) ;
#5044 = EDGE_CURVE ( 'NONE', #2842, #5060, #732, .T. ) ;
#5045 = ORIENTED_EDGE ( 'NONE', *, *, #1130, .T. ) ;
#5046 = CARTESIAN_POINT ( 'NONE',  ( -1.899999999999999911, 1.100000000000000089, -7.049999999999999822 ) ) ;
#5047 = EDGE_CURVE ( 'NONE', #5744, #2871, #4361, .T. ) ;
#5048 = DIRECTION ( 'NONE',  ( 0.000000000000000000, -1.000000000000000000, -6.123233995736769734E-17 ) ) ;
#5049 = DIRECTION ( 'NONE',  ( -0.4999999999999998890, 0.8660254037844387076, 0.000000000000000000 ) ) ;
#5050 = DIRECTION ( 'NONE',  ( 0.000000000000000000, 0.000000000000000000, -1.000000000000000000 ) ) ;
#5051 = ORIENTED_EDGE ( 'NONE', *, *, #2633, .T. ) ;
#5052 = ORIENTED_EDGE ( 'NONE', *, *, #3772, .F. ) ;
#5053 = EDGE_LOOP ( 'NONE', ( #1426, #901, #1434, #2891 ) ) ;
#5054 = VECTOR ( 'NONE', #6598, 1000.000000000000000 ) ;
#5055 = CARTESIAN_POINT ( 'NONE',  ( -1.899999999999999911, -2.127739548340144893, -3.685353002998795091 ) ) ;
#5056 = VECTOR ( 'NONE', #3742, 999.9999999999998863 ) ;
#5057 = LINE ( 'NONE', #1894, #864 ) ;
#5058 = VECTOR ( 'NONE', #1092, 1000.000000000000000 ) ;
#5059 = PLANE ( 'NONE',  #1973 ) ;
#5060 = VERTEX_POINT ( 'NONE', #5492 ) ;
#5061 = CARTESIAN_POINT ( 'NONE',  ( 1.750000000000000000, -6.000000000000000000, -1.000000000000000000 ) ) ;
#5062 = CARTESIAN_POINT ( 'NONE',  ( -10.34999999999999964, 19.75284663886654712, -0.5000000000000000000 ) ) ;
#5064 = VECTOR ( 'NONE', #187, 1000.000000000000114 ) ;
#5063 = DIRECTION ( 'NONE',  ( 0.3779644730092289739, 0.1532845171492160929, -0.9130425586713838415 ) ) ;
#5065 = EDGE_LOOP ( 'NONE', ( #4615, #4393, #3654 ) ) ;
#5066 = CARTESIAN_POINT ( 'NONE',  ( -2.143080430771869160, 9.220525079992270889, -15.97996480001086894 ) ) ;
#5067 = ORIENTED_EDGE ( 'NONE', *, *, #5952, .F. ) ;
#5068 = AXIS2_PLACEMENT_3D ( 'NONE', #1693, #3761, #1185 ) ;
#5069 = ADVANCED_FACE ( 'NONE', ( #3947 ), #4456, .T. ) ;
#5070 = CARTESIAN_POINT ( 'NONE',  ( -0.6765033657181990234, 1.100000000000000977, -8.887315918032090423 ) ) ;
#5071 = PRODUCT_CONTEXT ( 'NONE', #259, 'mechanical' ) ;
#5072 = ADVANCED_FACE ( 'NONE', ( #5970 ), #2937, .F. ) ;
#5073 = CARTESIAN_POINT ( 'NONE',  ( -21.91999999999999815, 17.20782925763267102, 8.349999999999999645 ) ) ;
#5074 = VERTEX_POINT ( 'NONE', #2563 ) ;
#5075 = CARTESIAN_POINT ( 'NONE',  ( -0.9749999999999999778, 0.4624999999999930278, -7.851073498500591441 ) ) ;
#5076 = VERTEX_POINT ( 'NONE', #5663 ) ;
#5077 = DIRECTION ( 'NONE',  ( 0.000000000000000000, 0.5802747891877947373, 0.8144207567547996351 ) ) ;
#5078 = ORIENTED_EDGE ( 'NONE', *, *, #5006, .F. ) ;
#5079 = EDGE_CURVE ( 'NONE', #4781, #221, #1442, .T. ) ;
#5080 = DIRECTION ( 'NONE',  ( 0.5773502691896200689, -0.5773502691896286176, 0.5773502691896286176 ) ) ;
#5081 = DIRECTION ( 'NONE',  ( 0.000000000000000000, -1.000000000000000000, -1.239088197126289831E-16 ) ) ;
#5082 = EDGE_CURVE ( 'NONE', #1784, #2061, #2056, .T. ) ;
#5083 = CARTESIAN_POINT ( 'NONE',  ( -1.850900453563959935, -5.125611548962220145E-15, -4.950540100397399890 ) ) ;
#5084 = CARTESIAN_POINT ( 'NONE',  ( -9.799999999999998934, 5.599999999999999645, -13.25000000000000000 ) ) ;
#5085 = ADVANCED_FACE ( 'NONE', ( #4638 ), #2087, .T. ) ;
#5086 = ORIENTED_EDGE ( 'NONE', *, *, #2961, .F. ) ;
#5087 = VERTEX_POINT ( 'NONE', #459 ) ;
#5088 = EDGE_LOOP ( 'NONE', ( #4232, #244, #3219 ) ) ;
#5089 = CARTESIAN_POINT ( 'NONE',  ( -21.91999999999999815, 3.600000000000001865, 0.000000000000000000 ) ) ;
#5090 = LINE ( 'NONE', #4613, #3890 ) ;
#5091 = ORIENTED_EDGE ( 'NONE', *, *, #3609, .T. ) ;
#5092 = CARTESIAN_POINT ( 'NONE',  ( 0.6350852961085869941, -1.100000000000000089, -2.000000000000000000 ) ) ;
#5093 = CARTESIAN_POINT ( 'NONE',  ( 0.000000000000000000, 6.290137394593914522, -20.09278962162260029 ) ) ;
#5094 = LINE ( 'NONE', #4619, #4076 ) ;
#5095 = ORIENTED_EDGE ( 'NONE', *, *, #4428, .T. ) ;
#5096 = DIRECTION ( 'NONE',  ( 0.3779644730092281968, -0.9130425586713862840, -0.1532845171492041303 ) ) ;
#5097 = ORIENTED_EDGE ( 'NONE', *, *, #6424, .F. ) ;
#5098 = AXIS2_PLACEMENT_3D ( 'NONE', #5108, #525, #1029 ) ;
#5099 = FACE_OUTER_BOUND ( 'NONE', #5501, .T. ) ;
#5100 = AXIS2_PLACEMENT_3D ( 'NONE', #2520, #1447, #3582 ) ;
#5101 = DIRECTION ( 'NONE',  ( 0.7071067811865529018, 0.3535533905932713439, -0.6123724356957898074 ) ) ;
#5102 = FACE_OUTER_BOUND ( 'NONE', #4157, .T. ) ;
#5103 = EDGE_LOOP ( 'NONE', ( #3048, #5657, #1108, #970 ) ) ;
#5104 = CIRCLE ( 'NONE', #6311, 2.949999999999999289 ) ;
#5105 = DIRECTION ( 'NONE',  ( -1.000000000000000000, 0.000000000000000000, 0.000000000000000000 ) ) ;
#5106 = EDGE_CURVE ( 'NONE', #6213, #2842, #3033, .T. ) ;
#5107 = DIRECTION ( 'NONE',  ( 0.6546536707079729789, 8.249715249139642600E-16, -0.7559289460184579479 ) ) ;
#5108 = CARTESIAN_POINT ( 'NONE',  ( -4.299999999999999822, 14.25000000000000000, 8.810000000000000497 ) ) ;
#5109 = CARTESIAN_POINT ( 'NONE',  ( 1.019999999999984031, -1.766691823720265120, -11.41000000000000014 ) ) ;
#5110 = EDGE_LOOP ( 'NONE', ( #2394, #4206, #5401, #5067, #6360 ) ) ;
#5111 = CARTESIAN_POINT ( 'NONE',  ( 2.206173157302012466, 2.206173157302033783, -12.55000000000000071 ) ) ;
#5112 = CARTESIAN_POINT ( 'NONE',  ( 1.659040969142006938, 5.783016698729767313, -20.23371384697511388 ) ) ;
#5113 = DIRECTION ( 'NONE',  ( -0.1737910310721780260, -0.8350939351132929955, -0.5219337094458110782 ) ) ;
#5114 = ORIENTED_EDGE ( 'NONE', *, *, #2541, .F. ) ;
#5115 = ORIENTED_EDGE ( 'NONE', *, *, #5703, .T. ) ;
#5116 = ORIENTED_EDGE ( 'NONE', *, *, #2747, .F. ) ;
#5117 = CARTESIAN_POINT ( 'NONE',  ( -0.6350852961085869941, -1.100000000000000089, -20.50000000000000000 ) ) ;
#5118 = B_SPLINE_SURFACE_WITH_KNOTS ( 'NONE', 3, 1, ( 
 ( #590, #2659 ),
 ( #4729, #93 ),
 ( #2153, #4210 ),
 ( #6309, #729 ),
 ( #2793, #4866 ),
 ( #3899, #227 ),
 ( #6472, #327 ),
 ( #4384, #4486 ),
 ( #2286, #4351 ),
 ( #5001, #6531 ) ),
 .UNSPECIFIED., .F., .F., .F.,
 ( 4, 2, 2, 2, 4 ),
 ( 2, 2 ),
 ( 0.000000000000000000, 0.2500000000000000000, 0.5000000000000000000, 0.7500000000000000000, 1.000000000000000000 ),
 ( 0.000000000000000000, 1.000000000000000000 ),
 .UNSPECIFIED. ) ;
#5119 = CARTESIAN_POINT ( 'NONE',  ( -4.299999999999999822, 14.25000000000000000, 8.810000000000000497 ) ) ;
#5120 = CIRCLE ( 'NONE', #1542, 4.099999999999999645 ) ;
#5121 = CARTESIAN_POINT ( 'NONE',  ( -21.91999999999999815, -3.000000000000000000, 7.849999999999999645 ) ) ;
#5122 = VERTEX_POINT ( 'NONE', #6680 ) ;
#5123 = CIRCLE ( 'NONE', #4579, 6.250000000000000000 ) ;
#5124 = CARTESIAN_POINT ( 'NONE',  ( -9.799999999999998934, 2.899999999999999911, -6.750000000000000000 ) ) ;
#5125 = CARTESIAN_POINT ( 'NONE',  ( -1.292346314604033708, -3.120000000000007212, -12.34999999999999964 ) ) ;
#5126 = EDGE_CURVE ( 'NONE', #1154, #636, #964, .T. ) ;
#5127 = VECTOR ( 'NONE', #1028, 1000.000000000000114 ) ;
#5128 = CARTESIAN_POINT ( 'NONE',  ( 0.000000000000000000, 0.000000000000000000, -14.45883333333333454 ) ) ;
#5129 = EDGE_CURVE ( 'NONE', #1280, #2777, #1540, .T. ) ;
#5130 = AXIS2_PLACEMENT_3D ( 'NONE', #5000, #2008, #4753 ) ;
#5131 = ADVANCED_FACE ( 'NONE', ( #2466 ), #4150, .F. ) ;
#5132 = ORIENTED_EDGE ( 'NONE', *, *, #1756, .F. ) ;
#5133 = CARTESIAN_POINT ( 'NONE',  ( 5.936970883099522922, -1.953170943166144369, -20.02698052993297750 ) ) ;
#5134 = B_SPLINE_CURVE_WITH_KNOTS ( 'NONE', 3,
 ( #1722, #6415, #1018, #3317, #5297, #4132, #4776, #2802, #2235, #5162 ),
 .UNSPECIFIED., .F., .F.,
 ( 4, 2, 2, 2, 4 ),
 ( 0.000000000000000000, 0.2500000000000000000, 0.5000000000000000000, 0.7500000000000000000, 1.000000000000000000 ),
 .UNSPECIFIED. ) ;
#5135 = VECTOR ( 'NONE', #4544, 1000.000000000000114 ) ;
#5136 = VECTOR ( 'NONE', #1097, 1000.000000000000000 ) ;
#5137 = AXIS2_PLACEMENT_3D ( 'NONE', #4411, #6591, #2920 ) ;
#5138 = CARTESIAN_POINT ( 'NONE',  ( -21.91999999999999815, -2.500000000000000000, 4.899999999999999467 ) ) ;
#5139 = CARTESIAN_POINT ( 'NONE',  ( -0.9086057796234453532, -1.135047708307939329, -8.629962762794436415 ) ) ;
#5140 = DIRECTION ( 'NONE',  ( 0.7071067811865492381, 0.7071067811865457964, 0.000000000000000000 ) ) ;
#5141 = VERTEX_POINT ( 'NONE', #5597 ) ;
#5142 = FACE_OUTER_BOUND ( 'NONE', #4608, .T. ) ;
#5143 = ORIENTED_EDGE ( 'NONE', *, *, #2992, .T. ) ;
#5144 = DIRECTION ( 'NONE',  ( 0.6293203910498316178, 0.6329238020387264463, -0.4509582089525925874 ) ) ;
#5145 = ORIENTED_EDGE ( 'NONE', *, *, #4079, .T. ) ;
#5146 = DIRECTION ( 'NONE',  ( 0.000000000000000000, -1.000000000000000000, 0.000000000000000000 ) ) ;
#5147 = CARTESIAN_POINT ( 'NONE',  ( -1.857794549146839946, -0.8622054508531581396, -11.41000000000000014 ) ) ;
#5148 = CARTESIAN_POINT ( 'NONE',  ( -9.799999999999998934, 8.828427124746188071, -13.25000000000000000 ) ) ;
#5149 = FACE_OUTER_BOUND ( 'NONE', #1625, .T. ) ;
#5150 = EDGE_LOOP ( 'NONE', ( #3291, #2432, #3812, #6282 ) ) ;
#5151 = ORIENTED_EDGE ( 'NONE', *, *, #2228, .T. ) ;
#5152 = AXIS2_PLACEMENT_3D ( 'NONE', #2693, #4764, #126 ) ;
#5153 = VERTEX_POINT ( 'NONE', #1477 ) ;
#5154 = CARTESIAN_POINT ( 'NONE',  ( -4.799999999999999822, 6.276472665132779411E-16, -4.625128869403569709 ) ) ;
#5155 = EDGE_CURVE ( 'NONE', #2935, #770, #4086, .T. ) ;
#5156 = DIRECTION ( 'NONE',  ( 0.000000000000000000, 0.000000000000000000, 1.000000000000000000 ) ) ;
#5157 = ORIENTED_EDGE ( 'NONE', *, *, #5822, .T. ) ;
#5158 = EDGE_CURVE ( 'NONE', #401, #2222, #1507, .T. ) ;
#5159 = VECTOR ( 'NONE', #2435, 1000.000000000000114 ) ;
#5160 = DIRECTION ( 'NONE',  ( 0.000000000000000000, 0.000000000000000000, -1.000000000000000000 ) ) ;
#5161 = ADVANCED_FACE ( 'NONE', ( #5181 ), #932, .F. ) ;
#5162 = CARTESIAN_POINT ( 'NONE',  ( 1.020000000000012008, 1.766691823720245136, -11.41000000000000014 ) ) ;
#5163 = DIRECTION ( 'NONE',  ( -0.4843402832710299588, -0.3889846523559726266, 0.7836487926567881068 ) ) ;
#5164 = AXIS2_PLACEMENT_3D ( 'NONE', #4052, #5561, #896 ) ;
#5165 = ORIENTED_EDGE ( 'NONE', *, *, #2254, .T. ) ;
#5166 = DIRECTION ( 'NONE',  ( -0.7422448104709120642, 9.142998995946372219E-16, -0.6701288244278110762 ) ) ;
#5167 = EDGE_CURVE ( 'NONE', #5367, #4360, #6101, .T. ) ;
#5168 = ORIENTED_EDGE ( 'NONE', *, *, #4723, .T. ) ;
#5169 = CARTESIAN_POINT ( 'NONE',  ( -4.087077195258279616, -0.3252691193457774022, -12.34999999999999964 ) ) ;
#5170 = VECTOR ( 'NONE', #2380, 1000.000000000000000 ) ;
#5171 = DIRECTION ( 'NONE',  ( 1.000000000000000000, 0.000000000000000000, 0.000000000000000000 ) ) ;
#5172 = PLANE ( 'NONE',  #2120 ) ;
#5173 = DIRECTION ( 'NONE',  ( 0.000000000000000000, 0.000000000000000000, 1.000000000000000000 ) ) ;
#5174 = ORIENTED_EDGE ( 'NONE', *, *, #842, .F. ) ;
#5175 = AXIS2_PLACEMENT_3D ( 'NONE', #4945, #6035, #3908 ) ;
#5176 = CARTESIAN_POINT ( 'NONE',  ( 2.206173157302017351, -2.206173157302028898, -12.09999999999999964 ) ) ;
#5177 = DIRECTION ( 'NONE',  ( 0.000000000000000000, 0.000000000000000000, 1.000000000000000000 ) ) ;
#5178 = CARTESIAN_POINT ( 'NONE',  ( 0.6350852961085899917, 1.100000000000000089, -2.000000000000000000 ) ) ;
#5179 = LINE ( 'NONE', #2492, #6229 ) ;
#5180 = VERTEX_POINT ( 'NONE', #3004 ) ;
#5181 = FACE_OUTER_BOUND ( 'NONE', #2178, .T. ) ;
#5182 = ORIENTED_EDGE ( 'NONE', *, *, #117, .T. ) ;
#5183 = CARTESIAN_POINT ( 'NONE',  ( -1.167224318643369951, -1.681691823720250056, -11.41000000000000014 ) ) ;
#5184 = DIRECTION ( 'NONE',  ( 0.000000000000000000, -1.000000000000000000, 0.000000000000000000 ) ) ;
#5185 = DIRECTION ( 'NONE',  ( -0.000000000000000000, -0.7071067811865469066, 0.7071067811865481278 ) ) ;
#5186 = ADVANCED_FACE ( 'NONE', ( #4668 ), #30, .T. ) ;
#5187 = ORIENTED_EDGE ( 'NONE', *, *, #6110, .F. ) ;
#5188 = ORIENTED_EDGE ( 'NONE', *, *, #5047, .T. ) ;
#5189 = ORIENTED_EDGE ( 'NONE', *, *, #2815, .T. ) ;
#5190 = DIRECTION ( 'NONE',  ( -5.217213461584422785E-15, -1.000000000000000000, 0.000000000000000000 ) ) ;
#5191 = FACE_OUTER_BOUND ( 'NONE', #2035, .T. ) ;
#5192 = ORIENTED_EDGE ( 'NONE', *, *, #4842, .F. ) ;
#5193 = EDGE_CURVE ( 'NONE', #4102, #1147, #398, .T. ) ;
#5194 = ORIENTED_EDGE ( 'NONE', *, *, #3818, .F. ) ;
#5195 = DIRECTION ( 'NONE',  ( 1.000000000000000000, 0.000000000000000000, 0.000000000000000000 ) ) ;
#5196 = EDGE_LOOP ( 'NONE', ( #5091, #4547, #5455, #3868 ) ) ;
#5197 = FACE_OUTER_BOUND ( 'NONE', #1537, .T. ) ;
#5198 = ORIENTED_EDGE ( 'NONE', *, *, #1913, .T. ) ;
#5199 = EDGE_CURVE ( 'NONE', #3021, #2746, #1948, .T. ) ;
#5200 = DIRECTION ( 'NONE',  ( -1.000000000000000000, 0.000000000000000000, 0.000000000000000000 ) ) ;
#5201 = LINE ( 'NONE', #3640, #1229 ) ;
#5202 = LINE ( 'NONE', #5237, #824 ) ;
#5203 = CONICAL_SURFACE ( 'NONE', #3998, 2.949999999999999289, 0.7853981633974476129 ) ;
#5204 = EDGE_LOOP ( 'NONE', ( #5279, #5616, #4056, #441, #4571, #2160, #3200, #6014, #5463 ) ) ;
#5205 = DIRECTION ( 'NONE',  ( 0.7071067811865492381, 0.7071067811865457964, 0.000000000000000000 ) ) ;
#5206 = CIRCLE ( 'NONE', #2065, 2.099602749461810358 ) ;
#5207 = ORIENTED_EDGE ( 'NONE', *, *, #4220, .F. ) ;
#5208 = PLANE ( 'NONE',  #792 ) ;
#5209 = CARTESIAN_POINT ( 'NONE',  ( -1.927340545936790051, 0.6920959459171410755, -11.41000000000000014 ) ) ;
#5210 = ADVANCED_FACE ( 'NONE', ( #5630 ), #4290, .F. ) ;
#5211 = DIRECTION ( 'NONE',  ( -0.7071067811865446862, -0.000000000000000000, -0.7071067811865504593 ) ) ;
#5212 = VECTOR ( 'NONE', #5773, 1000.000000000000000 ) ;
#5213 = CARTESIAN_POINT ( 'NONE',  ( 0.000000000000000000, 0.000000000000000000, 3.000000000000000000 ) ) ;
#5214 = DIRECTION ( 'NONE',  ( -0.6100087344953738500, 5.224503212506339490E-15, 0.7923946894315688771 ) ) ;
#5215 = EDGE_LOOP ( 'NONE', ( #2637, #4244 ) ) ;
#5216 = ORIENTED_EDGE ( 'NONE', *, *, #5848, .T. ) ;
#5217 = VECTOR ( 'NONE', #1714, 1000.000000000000114 ) ;
#5218 = FACE_OUTER_BOUND ( 'NONE', #3495, .T. ) ;
#5219 = ORIENTED_EDGE ( 'NONE', *, *, #3136, .F. ) ;
#5220 = CARTESIAN_POINT ( 'NONE',  ( -21.91999999999999815, 17.20782925763267102, 8.349999999999999645 ) ) ;
#5221 = CARTESIAN_POINT ( 'NONE',  ( -2.149999999999999911, -2.100000000000000089, -5.837564434701790539 ) ) ;
#5222 = ORIENTED_EDGE ( 'NONE', *, *, #6379, .T. ) ;
#5223 = ORIENTED_EDGE ( 'NONE', *, *, #439, .T. ) ;
#5224 = VERTEX_POINT ( 'NONE', #4562 ) ;
#5225 = DIRECTION ( 'NONE',  ( 0.000000000000000000, 0.000000000000000000, 1.000000000000000000 ) ) ;
#5226 = EDGE_CURVE ( 'NONE', #958, #4200, #1987, .T. ) ;
#5227 = EDGE_CURVE ( 'NONE', #5916, #5760, #6276, .T. ) ;
#5228 = AXIS2_PLACEMENT_3D ( 'NONE', #414, #3199, #1561 ) ;
#5229 = ORIENTED_EDGE ( 'NONE', *, *, #2618, .F. ) ;
#5230 = CARTESIAN_POINT ( 'NONE',  ( -21.91999999999999815, 3.600000000000002309, 0.6999999999999994005 ) ) ;
#5231 = AXIS2_PLACEMENT_3D ( 'NONE', #6569, #302, #4971 ) ;
#5232 = ORIENTED_EDGE ( 'NONE', *, *, #5497, .F. ) ;
#5233 = DIRECTION ( 'NONE',  ( -1.000000000000000000, 0.000000000000000000, 0.000000000000000000 ) ) ;
#5234 = VECTOR ( 'NONE', #5507, 1000.000000000000114 ) ;
#5235 = VECTOR ( 'NONE', #1527, 1000.000000000000000 ) ;
#5236 = CARTESIAN_POINT ( 'NONE',  ( 3.120000000000000107, 1.292346314604051916, -12.34999999999999964 ) ) ;
#5237 = CARTESIAN_POINT ( 'NONE',  ( -2.096546874851387568E-14, 3.119999999999985452, -12.09999999999999964 ) ) ;
#5238 = EDGE_CURVE ( 'NONE', #2315, #271, #5283, .T. ) ;
#5239 = EDGE_CURVE ( 'NONE', #6541, #3259, #660, .T. ) ;
#5240 = EDGE_CURVE ( 'NONE', #4568, #278, #627, .T. ) ;
#5241 = ORIENTED_EDGE ( 'NONE', *, *, #3453, .F. ) ;
#5242 = CIRCLE ( 'NONE', #2419, 1.000000000000000888 ) ;
#5243 = AXIS2_PLACEMENT_3D ( 'NONE', #2229, #4291, #1136 ) ;
#5244 = VECTOR ( 'NONE', #3565, 1000.000000000000000 ) ;
#5245 = ORIENTED_EDGE ( 'NONE', *, *, #6012, .T. ) ;
#5246 = EDGE_CURVE ( 'NONE', #914, #3810, #2625, .T. ) ;
#5247 = CARTESIAN_POINT ( 'NONE',  ( -1.105356974374221979, -1.285465559880831998, -8.508258552768639404 ) ) ;
#5248 = AXIS2_PLACEMENT_3D ( 'NONE', #5612, #2507, #6663 ) ;
#5249 = FACE_OUTER_BOUND ( 'NONE', #3233, .T. ) ;
#5250 = DIRECTION ( 'NONE',  ( 0.000000000000000000, 0.000000000000000000, -1.000000000000000000 ) ) ;
#5251 = AXIS2_PLACEMENT_3D ( 'NONE', #5007, #2429, #3977 ) ;
#5252 = CARTESIAN_POINT ( 'NONE',  ( -24.87000000000000099, -3.000000000000000000, -20.50000000000000000 ) ) ;
#5253 = CARTESIAN_POINT ( 'NONE',  ( -9.835696450285100312, 1.500000000000000444, -0.5000000000000000000 ) ) ;
#5254 = EDGE_LOOP ( 'NONE', ( #6081, #564 ) ) ;
#5255 = EDGE_CURVE ( 'NONE', #3010, #4193, #606, .T. ) ;
#5256 = ORIENTED_EDGE ( 'NONE', *, *, #6346, .T. ) ;
#5257 = DIRECTION ( 'NONE',  ( 0.000000000000000000, 0.000000000000000000, 1.000000000000000000 ) ) ;
#5258 = VERTEX_POINT ( 'NONE', #5763 ) ;
#5259 = CARTESIAN_POINT ( 'NONE',  ( -4.100000000000020961, -1.452830911130575942E-14, -20.19999999999999929 ) ) ;
#5260 = LINE ( 'NONE', #2672, #6621 ) ;
#5261 = ORIENTED_EDGE ( 'NONE', *, *, #5549, .F. ) ;
#5262 = ORIENTED_EDGE ( 'NONE', *, *, #3360, .F. ) ;
#5263 = ORIENTED_EDGE ( 'NONE', *, *, #4022, .F. ) ;
#5264 = LINE ( 'NONE', #2303, #1663 ) ;
#5265 = DIRECTION ( 'NONE',  ( 0.000000000000000000, 0.000000000000000000, -1.000000000000000000 ) ) ;
#5266 = VECTOR ( 'NONE', #1296, 1000.000000000000000 ) ;
#5267 = ORIENTED_EDGE ( 'NONE', *, *, #758, .F. ) ;
#5268 = LINE ( 'NONE', #82, #575 ) ;
#5269 = ORIENTED_EDGE ( 'NONE', *, *, #4318, .T. ) ;
#5270 = VECTOR ( 'NONE', #164, 1000.000000000000000 ) ;
#5271 = LINE ( 'NONE', #1562, #1326 ) ;
#5272 = PLANE ( 'NONE',  #3394 ) ;
#5274 = VECTOR ( 'NONE', #1268, 1000.000000000000114 ) ;
#5273 = FACE_OUTER_BOUND ( 'NONE', #2726, .T. ) ;
#5275 = ORIENTED_EDGE ( 'NONE', *, *, #1098, .T. ) ;
#5276 = CARTESIAN_POINT ( 'NONE',  ( 0.6350852961085809989, 1.099999999999985878, -10.41000000000000014 ) ) ;
#5277 = AXIS2_PLACEMENT_3D ( 'NONE', #5128, #1935, #2951 ) ;
#5278 = ADVANCED_FACE ( 'NONE', ( #2187 ), #188, .T. ) ;
#5279 = ORIENTED_EDGE ( 'NONE', *, *, #2470, .T. ) ;
#5280 = CARTESIAN_POINT ( 'NONE',  ( -1.107426256775361884, -1.287744298136442200, -8.507286073171130170 ) ) ;
#5281 = ORIENTED_EDGE ( 'NONE', *, *, #2956, .F. ) ;
#5282 = EDGE_CURVE ( 'NONE', #3845, #138, #4247, .T. ) ;
#5283 = LINE ( 'NONE', #697, #1581 ) ;
#5284 = DIRECTION ( 'NONE',  ( -1.752335333352427657E-16, -0.7071067811865480168, 0.7071067811865470176 ) ) ;
#5285 = VECTOR ( 'NONE', #1303, 1000.000000000000000 ) ;
#5286 = FACE_OUTER_BOUND ( 'NONE', #5603, .T. ) ;
#5287 = FACE_OUTER_BOUND ( 'NONE', #2195, .T. ) ;
#5288 = CARTESIAN_POINT ( 'NONE',  ( -9.799999999999998934, 2.899999999999999911, -5.750000000000000000 ) ) ;
#5289 = ORIENTED_EDGE ( 'NONE', *, *, #1493, .F. ) ;
#5290 = VERTEX_POINT ( 'NONE', #62 ) ;
#5291 = EDGE_CURVE ( 'NONE', #3153, #4309, #6373, .T. ) ;
#5292 = CARTESIAN_POINT ( 'NONE',  ( 0.000000000000000000, 0.000000000000000000, -12.35999999999999943 ) ) ;
#5293 = VECTOR ( 'NONE', #6242, 1000.000000000000000 ) ;
#5294 = DIRECTION ( 'NONE',  ( 0.5018959247745730101, -0.5018959247745660157, -0.7044153330169349303 ) ) ;
#5295 = ORIENTED_EDGE ( 'NONE', *, *, #2927, .T. ) ;
#5296 = DIRECTION ( 'NONE',  ( 0.7071067811865497932, -0.3535533905932726206, 0.6123724356957926940 ) ) ;
#5297 = CARTESIAN_POINT ( 'NONE',  ( -0.1822054508531475159, 2.040000000000000036, -11.41000000000000014 ) ) ;
#5298 = CARTESIAN_POINT ( 'NONE',  ( -17.37000000000000099, 2.000000000000008882, -0.5000000000000000000 ) ) ;
#5299 = EDGE_CURVE ( 'NONE', #5566, #747, #3240, .T. ) ;
#5300 = ORIENTED_EDGE ( 'NONE', *, *, #4022, .T. ) ;
#5301 = ORIENTED_EDGE ( 'NONE', *, *, #4373, .T. ) ;
#5302 = VERTEX_POINT ( 'NONE', #6378 ) ;
#5303 = CARTESIAN_POINT ( 'NONE',  ( -25.37000000000000099, 1.000000000000000000, -1.000000000000000000 ) ) ;
#5304 = FACE_OUTER_BOUND ( 'NONE', #2499, .T. ) ;
#5305 = DIRECTION ( 'NONE',  ( 0.000000000000000000, 0.000000000000000000, -1.000000000000000000 ) ) ;
#5306 = EDGE_CURVE ( 'NONE', #3411, #1377, #3776, .T. ) ;
#5307 = VERTEX_POINT ( 'NONE', #3208 ) ;
#5308 = ORIENTED_EDGE ( 'NONE', *, *, #1879, .T. ) ;
#5309 = DIRECTION ( 'NONE',  ( 0.4999999999999980571, 0.000000000000000000, -0.8660254037844397068 ) ) ;
#5310 = CARTESIAN_POINT ( 'NONE',  ( -1.563042943988840250, 1.323077901566480197, -11.41000000000000014 ) ) ;
#5311 = ORIENTED_EDGE ( 'NONE', *, *, #5898, .T. ) ;
#5312 = DIRECTION ( 'NONE',  ( 1.630379206745096129E-16, -1.000000000000000000, 0.000000000000000000 ) ) ;
#5313 = EDGE_LOOP ( 'NONE', ( #3551, #334, #4816, #60 ) ) ;
#5314 = AXIS2_PLACEMENT_3D ( 'NONE', #4814, #4777, #2200 ) ;
#5315 = CARTESIAN_POINT ( 'NONE',  ( -1.899999999999999911, 0.000000000000000000, -7.049999999999999822 ) ) ;
#5316 = DIRECTION ( 'NONE',  ( 0.000000000000000000, -0.8660254037844387076, -0.4999999999999998890 ) ) ;
#5317 = CARTESIAN_POINT ( 'NONE',  ( -6.464212917312396556, 9.049733657874579507, -14.96264198130984013 ) ) ;
#5318 = CARTESIAN_POINT ( 'NONE',  ( -7.688289468429154283, -4.719417997102657303, -2.719417997102656859 ) ) ;
#5319 = EDGE_CURVE ( 'NONE', #2777, #1280, #503, .T. ) ;
#5320 = DIRECTION ( 'NONE',  ( 0.000000000000000000, 0.000000000000000000, -1.000000000000000000 ) ) ;
#5321 = DIRECTION ( 'NONE',  ( -0.000000000000000000, -1.000000000000000000, -0.000000000000000000 ) ) ;
#5322 = VECTOR ( 'NONE', #5981, 1000.000000000000000 ) ;
#5323 = VERTEX_POINT ( 'NONE', #4697 ) ;
#5324 = AXIS2_PLACEMENT_3D ( 'NONE', #1827, #3989, #3859 ) ;
#5325 = CARTESIAN_POINT ( 'NONE',  ( -1.899999999999999911, 2.127739548340144893, -3.685353002998790206 ) ) ;
#5326 = ORIENTED_EDGE ( 'NONE', *, *, #2739, .T. ) ;
#5327 = FACE_OUTER_BOUND ( 'NONE', #304, .T. ) ;
#5328 = DIRECTION ( 'NONE',  ( -0.7071067811865495711, -0.7071067811865455743, 0.000000000000000000 ) ) ;
#5329 = CARTESIAN_POINT ( 'NONE',  ( 1.750000000000000000, 19.75284663886654712, -0.5000000000000000000 ) ) ;
#5330 = EDGE_CURVE ( 'NONE', #3319, #138, #5353, .T. ) ;
#5331 = ORIENTED_EDGE ( 'NONE', *, *, #2713, .T. ) ;
#5332 = VECTOR ( 'NONE', #865, 999.9999999999998863 ) ;
#5333 = VERTEX_POINT ( 'NONE', #4183 ) ;
#5334 = CARTESIAN_POINT ( 'NONE',  ( -1.899999999999999911, 0.000000000000000000, -7.049999999999999822 ) ) ;
#5335 = B_SPLINE_CURVE_WITH_KNOTS ( 'NONE', 3,
 ( #1410, #1920, #5564, #803 ),
 .UNSPECIFIED., .F., .F.,
 ( 4, 4 ),
 ( 0.000000000000000000, 0.0001599961479716010410 ),
 .UNSPECIFIED. ) ;
#5336 = ORIENTED_EDGE ( 'NONE', *, *, #2508, .T. ) ;
#5337 = CARTESIAN_POINT ( 'NONE',  ( -1.105356974374213985, -1.285465559880839992, -5.591741447231370010 ) ) ;
#5338 = CARTESIAN_POINT ( 'NONE',  ( 1.164323042865725855, 0.1833333333333209969, -10.41000000000000014 ) ) ;
#5339 = CARTESIAN_POINT ( 'NONE',  ( -2.146720301521298779E-14, -1.452830911130575942E-14, -12.34999999999999964 ) ) ;
#5340 = ORIENTED_EDGE ( 'NONE', *, *, #6652, .F. ) ;
#5341 = EDGE_LOOP ( 'NONE', ( #3884, #6147 ) ) ;
#5342 = DIRECTION ( 'NONE',  ( 0.000000000000000000, 0.000000000000000000, -1.000000000000000000 ) ) ;
#5343 = ADVANCED_FACE ( 'NONE', ( #5249 ), #5118, .F. ) ;
#5344 = ADVANCED_FACE ( 'NONE', ( #6435, #1780, #297, #5962 ), #2320, .F. ) ;
#5345 = CARTESIAN_POINT ( 'NONE',  ( -25.12000000000000099, -2.500000000000000000, -20.25000000000000000 ) ) ;
#5346 = DIRECTION ( 'NONE',  ( 0.000000000000000000, 0.000000000000000000, -1.000000000000000000 ) ) ;
#5347 = VERTEX_POINT ( 'NONE', #1872 ) ;
#5348 = CARTESIAN_POINT ( 'NONE',  ( -1.899999999999999911, 1.785595723902934973, -5.944718175857589770 ) ) ;
#5349 = AXIS2_PLACEMENT_3D ( 'NONE', #3294, #5265, #3728 ) ;
#5350 = VECTOR ( 'NONE', #6155, 1000.000000000000000 ) ;
#5351 = VERTEX_POINT ( 'NONE', #3841 ) ;
#5352 = LINE ( 'NONE', #411, #1554 ) ;
#5353 = LINE ( 'NONE', #2760, #2131 ) ;
#5354 = LINE ( 'NONE', #4730, #4504 ) ;
#5355 = VECTOR ( 'NONE', #635, 1000.000000000000000 ) ;
#5356 = DIRECTION ( 'NONE',  ( 0.000000000000000000, -0.5802747891877946262, -0.8144207567547996351 ) ) ;
#5357 = EDGE_LOOP ( 'NONE', ( #2481, #799, #5465, #4228, #2990, #234 ) ) ;
#5358 = VECTOR ( 'NONE', #1673, 1000.000000000000114 ) ;
#5359 = DIRECTION ( 'NONE',  ( 0.4999999999999940048, 0.5025327086122920450, 0.7053090647190060070 ) ) ;
#5360 = EDGE_LOOP ( 'NONE', ( #4278, #4471, #105, #6192, #817 ) ) ;
#5361 = AXIS2_PLACEMENT_3D ( 'NONE', #128, #5321, #3277 ) ;
#5362 = VECTOR ( 'NONE', #6198, 1000.000000000000000 ) ;
#5363 = DIRECTION ( 'NONE',  ( -1.000000000000000000, 0.000000000000000000, 0.000000000000000000 ) ) ;
#5364 = DIRECTION ( 'NONE',  ( 0.000000000000000000, 0.000000000000000000, 1.000000000000000000 ) ) ;
#5365 = DIRECTION ( 'NONE',  ( 0.000000000000000000, 0.000000000000000000, 1.000000000000000000 ) ) ;
#5366 = ORIENTED_EDGE ( 'NONE', *, *, #1536, .F. ) ;
#5367 = VERTEX_POINT ( 'NONE', #5932 ) ;
#5368 = EDGE_CURVE ( 'NONE', #6154, #667, #4967, .T. ) ;
#5369 = VERTEX_POINT ( 'NONE', #4935 ) ;
#5370 = LINE ( 'NONE', #712, #2675 ) ;
#5371 = DIRECTION ( 'NONE',  ( -0.000000000000000000, -0.000000000000000000, -1.000000000000000000 ) ) ;
#5372 = ORIENTED_EDGE ( 'NONE', *, *, #6031, .F. ) ;
#5373 = DIRECTION ( 'NONE',  ( 1.000000000000000000, 0.000000000000000000, 0.000000000000000000 ) ) ;
#5374 = EDGE_CURVE ( 'NONE', #6393, #996, #757, .T. ) ;
#5375 = DIRECTION ( 'NONE',  ( 0.000000000000000000, 0.000000000000000000, 1.000000000000000000 ) ) ;
#5376 = CARTESIAN_POINT ( 'NONE',  ( -0.8997041694871669160, 0.6416666666666699381, -10.41000000000000014 ) ) ;
#5377 = CARTESIAN_POINT ( 'NONE',  ( 2.424871130596424784, 6.505213034913026604E-16, 3.000000000000000000 ) ) ;
#5378 = ORIENTED_EDGE ( 'NONE', *, *, #3589, .T. ) ;
#5379 = ADVANCED_FACE ( 'NONE', ( #3398 ), #4840, .F. ) ;
#5380 = CARTESIAN_POINT ( 'NONE',  ( -17.37000000000000099, 2.000000000000008882, -0.5000000000000000000 ) ) ;
#5381 = CARTESIAN_POINT ( 'NONE',  ( -1.292346314604062130, 3.119999999999978790, -12.09999999999999964 ) ) ;
#5382 = EDGE_LOOP ( 'NONE', ( #2471, #1471, #777, #3351 ) ) ;
#5383 = CARTESIAN_POINT ( 'NONE',  ( -9.114008613798072034, 0.5000000000000009992, -0.2499999999999988065 ) ) ;
#5384 = AXIS2_PLACEMENT_3D ( 'NONE', #2260, #4320, #5900 ) ;
#5385 = B_SPLINE_CURVE_WITH_KNOTS ( 'NONE', 3,
 ( #230, #6442, #1783, #1272, #265, #2325, #1813, #3875, #5966, #1980 ),
 .UNSPECIFIED., .F., .F.,
 ( 4, 2, 2, 2, 4 ),
 ( 0.000000000000000000, 0.2500000000000000000, 0.5000000000000000000, 0.7500000000000000000, 1.000000000000000000 ),
 .UNSPECIFIED. ) ;
#5386 = LINE ( 'NONE', #1976, #1907 ) ;
#5387 = DIRECTION ( 'NONE',  ( 0.000000000000000000, 0.8660254037844387076, 0.4999999999999998890 ) ) ;
#5388 = CARTESIAN_POINT ( 'NONE',  ( -0.6695112932494491353, -1.100000000000000089, -5.194674089791874394 ) ) ;
#5389 = VECTOR ( 'NONE', #2518, 1000.000000000000114 ) ;
#5390 = DIRECTION ( 'NONE',  ( -1.000000000000000000, 0.000000000000000000, 0.000000000000000000 ) ) ;
#5391 = ORIENTED_EDGE ( 'NONE', *, *, #1175, .F. ) ;
#5392 = EDGE_LOOP ( 'NONE', ( #5920, #607, #1139, #4779, #3854, #3700, #3193, #3914, #4792, #90, #5524, #1923 ) ) ;
#5393 = CARTESIAN_POINT ( 'NONE',  ( -25.12000000000000099, 5.750000000000000000, -20.00000000000000000 ) ) ;
#5394 = ORIENTED_EDGE ( 'NONE', *, *, #3775, .T. ) ;
#5395 = VECTOR ( 'NONE', #171, 1000.000000000000114 ) ;
#5396 = CARTESIAN_POINT ( 'NONE',  ( -0.7409328454600350167, -0.9166666666666549723, -10.41000000000000014 ) ) ;
#5397 = DIRECTION ( 'NONE',  ( 0.000000000000000000, 0.000000000000000000, 1.000000000000000000 ) ) ;
#5398 = LINE ( 'NONE', #2269, #437 ) ;
#5399 = ADVANCED_FACE ( 'NONE', ( #3936 ), #4900, .T. ) ;
#5400 = CYLINDRICAL_SURFACE ( 'NONE', #6447, 1.000000000000000000 ) ;
#5401 = ORIENTED_EDGE ( 'NONE', *, *, #374, .F. ) ;
#5402 = VECTOR ( 'NONE', #108, 1000.000000000000114 ) ;
#5403 = ORIENTED_EDGE ( 'NONE', *, *, #4285, .T. ) ;
#5404 = ORIENTED_EDGE ( 'NONE', *, *, #4373, .F. ) ;
#5405 = CARTESIAN_POINT ( 'NONE',  ( -1.109474808703552196, -1.290027406342843852, -5.593665776463559780 ) ) ;
#5406 = B_SPLINE_CURVE_WITH_KNOTS ( 'NONE', 3,
 ( #3521, #480, #979, #910 ),
 .UNSPECIFIED., .F., .F.,
 ( 4, 4 ),
 ( 2.036453797585654808E-17, 0.0007108597323404030471 ),
 .UNSPECIFIED. ) ;
#5407 = ADVANCED_FACE ( 'NONE', ( #1809 ), #3872, .T. ) ;
#5408 = VERTEX_POINT ( 'NONE', #2894 ) ;
#5409 = DIRECTION ( 'NONE',  ( -1.000000000000000000, 0.000000000000000000, 0.000000000000000000 ) ) ;
#5410 = CARTESIAN_POINT ( 'NONE',  ( -1.217246817541463910, 0.09166666666667559749, -10.41000000000000014 ) ) ;
#5411 = DIRECTION ( 'NONE',  ( -4.450312525095188906E-17, -0.9634897980726209177, -0.2677450447907115394 ) ) ;
#5412 = ORIENTED_EDGE ( 'NONE', *, *, #453, .T. ) ;
#5413 = CARTESIAN_POINT ( 'NONE',  ( -1.899999999999999911, -1.850000000000000089, -3.308669056742545080E-16 ) ) ;
#5414 = EDGE_LOOP ( 'NONE', ( #1489, #6677 ) ) ;
#5415 = DIRECTION ( 'NONE',  ( 1.000000000000000000, 0.000000000000000000, 0.000000000000000000 ) ) ;
#5416 = FACE_BOUND ( 'NONE', #236, .T. ) ;
#5417 = CARTESIAN_POINT ( 'NONE',  ( 1.212435565298211948, 2.100000000000000089, 3.000000000000000000 ) ) ;
#5418 = DIRECTION ( 'NONE',  ( -1.000000000000000000, 0.000000000000000000, 0.000000000000000000 ) ) ;
#5419 = ORIENTED_EDGE ( 'NONE', *, *, #4862, .T. ) ;
#5420 = CARTESIAN_POINT ( 'NONE',  ( -1.212435565298213724, -2.100000000000000089, -2.000000000000000000 ) ) ;
#5421 = EDGE_CURVE ( 'NONE', #5762, #3515, #6576, .T. ) ;
#5422 = ORIENTED_EDGE ( 'NONE', *, *, #846, .T. ) ;
#5423 = CARTESIAN_POINT ( 'NONE',  ( -2.096546874851387568E-14, 3.119999999999985452, -12.34999999999999964 ) ) ;
#5424 = LINE ( 'NONE', #768, #3522 ) ;
#5425 = AXIS2_PLACEMENT_3D ( 'NONE', #473, #505, #6288 ) ;
#5426 = CYLINDRICAL_SURFACE ( 'NONE', #3152, 3.899999999999999911 ) ;
#5427 = ORIENTED_EDGE ( 'NONE', *, *, #4831, .F. ) ;
#5428 = ORIENTED_EDGE ( 'NONE', *, *, #4988, .F. ) ;
#5429 = VERTEX_POINT ( 'NONE', #355 ) ;
#5430 = DIRECTION ( 'NONE',  ( -1.000000000000000000, 0.000000000000000000, 0.000000000000000000 ) ) ;
#5431 = DIRECTION ( 'NONE',  ( 0.000000000000000000, 1.000000000000000000, 0.000000000000000000 ) ) ;
#5432 = CARTESIAN_POINT ( 'NONE',  ( -5.482928049865329889, -3.000000000000000000, -2.000000000000000000 ) ) ;
#5433 = VERTEX_POINT ( 'NONE', #1237 ) ;
#5434 = CARTESIAN_POINT ( 'NONE',  ( -24.87000000000000099, -3.000000000000000000, 4.899999999999999467 ) ) ;
#5435 = AXIS2_PLACEMENT_3D ( 'NONE', #4606, #2025, #1509 ) ;
#5436 = EDGE_CURVE ( 'NONE', #5767, #533, #3804, .T. ) ;
#5437 = PLANE ( 'NONE',  #3931 ) ;
#5438 = EDGE_CURVE ( 'NONE', #130, #267, #2386, .T. ) ;
#5439 = DIRECTION ( 'NONE',  ( 0.000000000000000000, 0.000000000000000000, 1.000000000000000000 ) ) ;
#5440 = DIRECTION ( 'NONE',  ( 0.000000000000000000, -1.000000000000000000, 0.000000000000000000 ) ) ;
#5441 = ORIENTED_EDGE ( 'NONE', *, *, #4236, .T. ) ;
#5442 = DIRECTION ( 'NONE',  ( -1.000000000000000000, -1.630379206745096129E-16, 0.000000000000000000 ) ) ;
#5443 = CARTESIAN_POINT ( 'NONE',  ( 0.7274746267913089204, 15.24799900344310011, 4.147209804567480340 ) ) ;
#5444 = EDGE_CURVE ( 'NONE', #2162, #4726, #6027, .T. ) ;
#5445 = EDGE_CURVE ( 'NONE', #1888, #6213, #5519, .T. ) ;
#5446 = DIRECTION ( 'NONE',  ( 0.000000000000000000, 0.000000000000000000, 1.000000000000000000 ) ) ;
#5447 = CARTESIAN_POINT ( 'NONE',  ( -1.596122017591080411, 2.567948603456622405E-05, -4.905963019107411505 ) ) ;
#5448 = CARTESIAN_POINT ( 'NONE',  ( -0.8782831985321524204, 1.117065341677878632, -8.651029982410358699 ) ) ;
#5449 = AXIS2_PLACEMENT_3D ( 'NONE', #4026, #5609, #4577 ) ;
#5450 = CARTESIAN_POINT ( 'NONE',  ( -1.508813398224780000, -2.754258486066669717E-05, -9.235681355995906117 ) ) ;
#5451 = AXIS2_PLACEMENT_3D ( 'NONE', #4979, #339, #1887 ) ;
#5452 = EDGE_CURVE ( 'NONE', #1451, #2746, #5386, .T. ) ;
#5453 = CARTESIAN_POINT ( 'NONE',  ( -5.482928049865329889, -3.000000000000000000, -20.50000000000000000 ) ) ;
#5454 = CARTESIAN_POINT ( 'NONE',  ( -2.149999999999999911, -2.100000000000000089, -8.262435565298209994 ) ) ;
#5455 = ORIENTED_EDGE ( 'NONE', *, *, #4101, .T. ) ;
#5456 = VECTOR ( 'NONE', #666, 1000.000000000000000 ) ;
#5457 = CARTESIAN_POINT ( 'NONE',  ( -0.6350852961085869941, 1.100000000000000089, -4.989553674790399462 ) ) ;
#5458 = CARTESIAN_POINT ( 'NONE',  ( 1.249999999999986899, 6.897980377721398604, -19.23967666284718092 ) ) ;
#5459 = VECTOR ( 'NONE', #4770, 1000.000000000000114 ) ;
#5460 = CARTESIAN_POINT ( 'NONE',  ( 0.000000000000000000, 0.000000000000000000, -15.92999999999999972 ) ) ;
#5461 = EDGE_CURVE ( 'NONE', #1280, #6075, #3024, .T. ) ;
#5462 = AXIS2_PLACEMENT_3D ( 'NONE', #3963, #1386, #5543 ) ;
#5463 = ORIENTED_EDGE ( 'NONE', *, *, #2345, .F. ) ;
#5464 = AXIS2_PLACEMENT_3D ( 'NONE', #1002, #6106, #3984 ) ;
#5465 = ORIENTED_EDGE ( 'NONE', *, *, #6026, .F. ) ;
#5466 = AXIS2_PLACEMENT_3D ( 'NONE', #6130, #6268, #5171 ) ;
#5467 = ORIENTED_EDGE ( 'NONE', *, *, #3831, .T. ) ;
#5468 = CARTESIAN_POINT ( 'NONE',  ( -0.8727756813566630578, -1.851691823720250207, -11.41000000000000014 ) ) ;
#5469 = DIRECTION ( 'NONE',  ( -1.000000000000000000, 0.000000000000000000, 0.000000000000000000 ) ) ;
#5470 = AXIS2_PLACEMENT_3D ( 'NONE', #2070, #1522, #5225 ) ;
#5471 = PLANE ( 'NONE',  #2385 ) ;
#5472 = AXIS2_PLACEMENT_3D ( 'NONE', #2420, #354, #6059 ) ;
#5473 = ORIENTED_EDGE ( 'NONE', *, *, #573, .T. ) ;
#5474 = LINE ( 'NONE', #5857, #3056 ) ;
#5475 = CARTESIAN_POINT ( 'NONE',  ( 0.000000000000000000, 0.000000000000000000, -12.09999999999999964 ) ) ;
#5476 = DIRECTION ( 'NONE',  ( -0.000000000000000000, -0.000000000000000000, 1.000000000000000000 ) ) ;
#5477 = DIRECTION ( 'NONE',  ( -1.032573497605242224E-16, 0.000000000000000000, -1.000000000000000000 ) ) ;
#5478 = ORIENTED_EDGE ( 'NONE', *, *, #4525, .F. ) ;
#5479 = DIRECTION ( 'NONE',  ( 0.000000000000000000, -1.000000000000000000, 0.000000000000000000 ) ) ;
#5480 = ADVANCED_FACE ( 'NONE', ( #6131 ), #2010, .F. ) ;
#5481 = DIRECTION ( 'NONE',  ( -1.000000000000000000, 0.000000000000000000, 0.000000000000000000 ) ) ;
#5482 = EDGE_CURVE ( 'NONE', #403, #372, #4004, .T. ) ;
#5483 = CARTESIAN_POINT ( 'NONE',  ( -0.9526279441628799916, 0.5500000000000000444, -20.50000000000000000 ) ) ;
#5484 = DIRECTION ( 'NONE',  ( 0.000000000000000000, -1.000000000000000000, 0.000000000000000000 ) ) ;
#5485 = LINE ( 'NONE', #2322, #4789 ) ;
#5486 = CARTESIAN_POINT ( 'NONE',  ( 0.000000000000000000, 0.000000000000000000, -11.41000000000000014 ) ) ;
#5487 = EDGE_CURVE ( 'NONE', #2366, #657, #1396, .T. ) ;
#5488 = VECTOR ( 'NONE', #989, 1000.000000000000000 ) ;
#5489 = EDGE_CURVE ( 'NONE', #1038, #271, #3534, .T. ) ;
#5490 = FACE_OUTER_BOUND ( 'NONE', #2055, .T. ) ;
#5491 = VERTEX_POINT ( 'NONE', #6672 ) ;
#5492 = CARTESIAN_POINT ( 'NONE',  ( -20.21999999999999886, -3.000000000000000000, 4.899999999999999467 ) ) ;
#5493 = CARTESIAN_POINT ( 'NONE',  ( 0.000000000000000000, 0.000000000000000000, -20.50000000000000000 ) ) ;
#5494 = AXIS2_PLACEMENT_3D ( 'NONE', #6369, #5346, #56 ) ;
#5495 = DIRECTION ( 'NONE',  ( 0.000000000000000000, 0.000000000000000000, -1.000000000000000000 ) ) ;
#5496 = DIRECTION ( 'NONE',  ( -1.000000000000000000, 8.881784197001252323E-16, 0.000000000000000000 ) ) ;
#5497 = EDGE_CURVE ( 'NONE', #1750, #4391, #2554, .T. ) ;
#5498 = ORIENTED_EDGE ( 'NONE', *, *, #5255, .F. ) ;
#5499 = ORIENTED_EDGE ( 'NONE', *, *, #2202, .F. ) ;
#5500 = VECTOR ( 'NONE', #3799, 1000.000000000000114 ) ;
#5501 = EDGE_LOOP ( 'NONE', ( #92, #4773, #1037, #4469 ) ) ;
#5502 = FACE_OUTER_BOUND ( 'NONE', #2643, .T. ) ;
#5503 = EDGE_CURVE ( 'NONE', #4200, #6243, #3280, .T. ) ;
#5504 = DIRECTION ( 'NONE',  ( 1.000000000000000000, 0.000000000000000000, 0.000000000000000000 ) ) ;
#5505 = CARTESIAN_POINT ( 'NONE',  ( -23.61999999999999744, 1.000000000000000000, 4.899999999999999467 ) ) ;
#5506 = AXIS2_PLACEMENT_3D ( 'NONE', #1848, #1276, #335 ) ;
#5507 = DIRECTION ( 'NONE',  ( 0.7540207849145407204, 0.3879953811301072308, -0.5300115471747409712 ) ) ;
#5508 = ORIENTED_EDGE ( 'NONE', *, *, #3167, .F. ) ;
#5509 = DIRECTION ( 'NONE',  ( 0.000000000000000000, -1.000000000000000000, 0.000000000000000000 ) ) ;
#5510 = CARTESIAN_POINT ( 'NONE',  ( -1.899999999999999911, 0.000000000000000000, -7.049999999999999822 ) ) ;
#5511 = DIRECTION ( 'NONE',  ( -0.000000000000000000, -0.000000000000000000, 1.000000000000000000 ) ) ;
#5512 = ADVANCED_FACE ( 'NONE', ( #4520 ), #5172, .T. ) ;
#5513 = FACE_OUTER_BOUND ( 'NONE', #4492, .T. ) ;
#5514 = LINE ( 'NONE', #320, #2135 ) ;
#5515 = EDGE_CURVE ( 'NONE', #3803, #917, #2452, .T. ) ;
#5516 = ORIENTED_EDGE ( 'NONE', *, *, #3418, .F. ) ;
#5517 = CARTESIAN_POINT ( 'NONE',  ( 0.000000000000000000, 0.000000000000000000, -20.00000000000000000 ) ) ;
#5518 = DIRECTION ( 'NONE',  ( -1.000000000000000000, 0.000000000000000000, 0.000000000000000000 ) ) ;
#5519 = LINE ( 'NONE', #854, #2342 ) ;
#5520 = DIRECTION ( 'NONE',  ( -0.6546536707079732009, -0.6546536707079791961, -0.3779644730092305838 ) ) ;
#5521 = CARTESIAN_POINT ( 'NONE',  ( 0.9526279441628829892, 0.5500000000000000444, -20.50000000000000000 ) ) ;
#5522 = FACE_OUTER_BOUND ( 'NONE', #5357, .T. ) ;
#5523 = LINE ( 'NONE', #3372, #4377 ) ;
#5524 = ORIENTED_EDGE ( 'NONE', *, *, #2, .T. ) ;
#5525 = CARTESIAN_POINT ( 'NONE',  ( -10.34999999999999964, 6.600000000000004974, -2.500000000000000000 ) ) ;
#5526 = EDGE_LOOP ( 'NONE', ( #4357, #4843, #3782, #4555, #6256, #3985 ) ) ;
#5527 = DIRECTION ( 'NONE',  ( 0.000000000000000000, 0.000000000000000000, -1.000000000000000000 ) ) ;
#5528 = EDGE_CURVE ( 'NONE', #6248, #4304, #4164, .T. ) ;
#5529 = EDGE_CURVE ( 'NONE', #4413, #2186, #1412, .T. ) ;
#5530 = DIRECTION ( 'NONE',  ( 1.000000000000000000, 0.000000000000000000, 0.000000000000000000 ) ) ;
#5531 = PLANE ( 'NONE',  #1197 ) ;
#5532 = ORIENTED_EDGE ( 'NONE', *, *, #920, .T. ) ;
#5533 = VERTEX_POINT ( 'NONE', #4107 ) ;
#5534 = ORIENTED_EDGE ( 'NONE', *, *, #5126, .F. ) ;
#5535 = DIRECTION ( 'NONE',  ( 0.000000000000000000, 0.000000000000000000, 1.000000000000000000 ) ) ;
#5536 = ADVANCED_FACE ( 'NONE', ( #3499 ), #1529, .F. ) ;
#5537 = DIRECTION ( 'NONE',  ( 1.309995117128977840E-16, 1.000000000000000000, 0.000000000000000000 ) ) ;
#5538 = CARTESIAN_POINT ( 'NONE',  ( -0.6350852961086059789, -1.100000000000000089, -10.41000000000000014 ) ) ;
#5539 = CIRCLE ( 'NONE', #6191, 2.949999999999999289 ) ;
#5540 = DIRECTION ( 'NONE',  ( -0.5773502691896258421, -0.5773502691896258421, -0.5773502691896258421 ) ) ;
#5541 = ORIENTED_EDGE ( 'NONE', *, *, #2382, .T. ) ;
#5542 = CARTESIAN_POINT ( 'NONE',  ( -5.910623078826163557, 9.091744797830420666, -15.21288224974244052 ) ) ;
#5543 = DIRECTION ( 'NONE',  ( 0.000000000000000000, 0.000000000000000000, 1.000000000000000000 ) ) ;
#5544 = CARTESIAN_POINT ( 'NONE',  ( -1.899999999999999911, 2.127739548340149778, -3.685353002998795091 ) ) ;
#5545 = CARTESIAN_POINT ( 'NONE',  ( 1.212435565298211948, -2.100000000000000089, -2.000000000000000000 ) ) ;
#5546 = ORIENTED_EDGE ( 'NONE', *, *, #1181, .T. ) ;
#5547 = B_SPLINE_CURVE_WITH_KNOTS ( 'NONE', 3,
 ( #547, #584, #2045, #6671, #4077, #5689, #1528, #1024, #1563, #2615, #2651, #2078, #6627 ),
 .UNSPECIFIED., .F., .F.,
 ( 4, 2, 2, 1, 2, 2, 4 ),
 ( 0.000000000000000000, 0.2500000000000091593, 0.3750000000000154321, 0.4375000000000182632, 0.4687500000000182632, 0.5000000000000183187, 1.000000000000000000 ),
 .UNSPECIFIED. ) ;
#5548 = DIRECTION ( 'NONE',  ( 0.000000000000000000, 0.000000000000000000, 1.000000000000000000 ) ) ;
#5549 = EDGE_CURVE ( 'NONE', #6358, #3614, #3838, .T. ) ;
#5550 = ORIENTED_EDGE ( 'NONE', *, *, #1130, .F. ) ;
#5551 = CIRCLE ( 'NONE', #5435, 3.120000000000000107 ) ;
#5552 = LINE ( 'NONE', #386, #6105 ) ;
#5553 = EDGE_CURVE ( 'NONE', #3515, #1888, #5930, .T. ) ;
#5554 = DIRECTION ( 'NONE',  ( 0.7071067811865510144, -0.7071067811865441310, -1.264639095526889459E-16 ) ) ;
#5555 = CARTESIAN_POINT ( 'NONE',  ( -14.57922092882883724, 0.5000000000000004441, 8.349999999999999645 ) ) ;
#5556 = DIRECTION ( 'NONE',  ( -2.116145958439119699E-16, -1.000000000000000000, 0.000000000000000000 ) ) ;
#5557 = DIRECTION ( 'NONE',  ( 1.000000000000000000, -6.348437875317354659E-16, 0.000000000000000000 ) ) ;
#5558 = LINE ( 'NONE', #2491, #3464 ) ;
#5559 = CARTESIAN_POINT ( 'NONE',  ( -10.34999999999999964, 6.600000000000004974, -2.500000000000000000 ) ) ;
#5560 = ORIENTED_EDGE ( 'NONE', *, *, #241, .F. ) ;
#5561 = DIRECTION ( 'NONE',  ( 0.000000000000000000, 0.1655662014541102733, -0.9861986782266832785 ) ) ;
#5562 = AXIS2_PLACEMENT_3D ( 'NONE', #5521, #4110, #1501 ) ;
#5563 = LINE ( 'NONE', #4911, #4286 ) ;
#5564 = CARTESIAN_POINT ( 'NONE',  ( 1.816679544653349021, 6.049853578805743481, -1.066679544653349243 ) ) ;
#5565 = CARTESIAN_POINT ( 'NONE',  ( -8.680995911905853291, 0.5000000000000004441, -1.000000000000000000 ) ) ;
#5566 = VERTEX_POINT ( 'NONE', #651 ) ;
#5567 = ORIENTED_EDGE ( 'NONE', *, *, #3793, .F. ) ;
#5568 = VECTOR ( 'NONE', #5479, 1000.000000000000000 ) ;
#5569 = ORIENTED_EDGE ( 'NONE', *, *, #4161, .F. ) ;
#5570 = CONICAL_SURFACE ( 'NONE', #3710, 3.120000000000000107, 0.4368401523555809907 ) ;
#5571 = PLANE ( 'NONE',  #2141 ) ;
#5572 = CARTESIAN_POINT ( 'NONE',  ( 0.000000000000000000, 14.25000000000000000, 4.500000000000000000 ) ) ;
#5573 = VECTOR ( 'NONE', #5030, 1000.000000000000114 ) ;
#5574 = EDGE_CURVE ( 'NONE', #4951, #2211, #5859, .T. ) ;
#5575 = VERTEX_POINT ( 'NONE', #3641 ) ;
#5576 = DIRECTION ( 'NONE',  ( 0.000000000000000000, 0.000000000000000000, 1.000000000000000000 ) ) ;
#5577 = VECTOR ( 'NONE', #2020, 1000.000000000000000 ) ;
#5578 = CARTESIAN_POINT ( 'NONE',  ( 6.067330549755799218, -1.499999999999998446, -1.000000000000000000 ) ) ;
#5579 = CARTESIAN_POINT ( 'NONE',  ( 3.120000000000000107, -5.086783125044795689E-16, -12.09999999999999964 ) ) ;
#5580 = FACE_OUTER_BOUND ( 'NONE', #5053, .T. ) ;
#5581 = VECTOR ( 'NONE', #3913, 1000.000000000000000 ) ;
#5582 = VERTEX_POINT ( 'NONE', #1193 ) ;
#5583 = CARTESIAN_POINT ( 'NONE',  ( -21.91999999999999815, -3.000000000000000000, 2.399999999999999911 ) ) ;
#5584 = ORIENTED_EDGE ( 'NONE', *, *, #508, .F. ) ;
#5585 = EDGE_CURVE ( 'NONE', #1344, #2484, #1596, .T. ) ;
#5586 = CARTESIAN_POINT ( 'NONE',  ( -16.37000000000000455, 1.000000000000000000, 7.849999999999999645 ) ) ;
#5587 = CARTESIAN_POINT ( 'NONE',  ( -0.7418729207942443837, 1.100000000000000755, -8.776980200319671965 ) ) ;
#5588 = EDGE_CURVE ( 'NONE', #1830, #134, #4238, .T. ) ;
#5589 =( NAMED_UNIT ( * ) PLANE_ANGLE_UNIT ( ) SI_UNIT ( $, .RADIAN. ) );
#5590 = CARTESIAN_POINT ( 'NONE',  ( 5.014374768086049983, -2.813991059900544656, -20.50000000000000000 ) ) ;
#5591 = ORIENTED_EDGE ( 'NONE', *, *, #963, .F. ) ;
#5592 = LINE ( 'NONE', #360, #4047 ) ;
#5593 = LINE ( 'NONE', #6137, #1777 ) ;
#5594 = ORIENTED_EDGE ( 'NONE', *, *, #1369, .F. ) ;
#5595 = PLANE ( 'NONE',  #3190 ) ;
#5596 = EDGE_LOOP ( 'NONE', ( #2272, #3549 ) ) ;
#5597 = CARTESIAN_POINT ( 'NONE',  ( 2.725646695936454034, 5.624353304063561154, -1.000000000000000000 ) ) ;
#5598 = PLANE ( 'NONE',  #2772 ) ;
#5599 = CARTESIAN_POINT ( 'NONE',  ( 0.000000000000000000, 0.000000000000000000, 3.000000000000000000 ) ) ;
#5600 = PLANE ( 'NONE',  #6231 ) ;
#5601 = ORIENTED_EDGE ( 'NONE', *, *, #6544, .F. ) ;
#5602 = EDGE_LOOP ( 'NONE', ( #1592, #2214, #5174, #4442, #4300, #1545, #2768, #5331, #479, #42, #5165, #1660, #1539 ) ) ;
#5603 = EDGE_LOOP ( 'NONE', ( #3484, #5473, #4798, #129, #3980, #6219, #2576, #3726, #4691, #2901, #2581, #5045, #99, #1368, #5541, #6446, #1299, #1793, #4332, #2548, #3349 ) ) ;
#5604 = VECTOR ( 'NONE', #3267, 1000.000000000000000 ) ;
#5605 = LINE ( 'NONE', #39, #3655 ) ;
#5606 = AXIS2_PLACEMENT_3D ( 'NONE', #5833, #1713, #2794 ) ;
#5607 = DIRECTION ( 'NONE',  ( 0.000000000000000000, -0.8660254037844387076, 0.4999999999999998890 ) ) ;
#5608 = AXIS2_PLACEMENT_3D ( 'NONE', #1425, #4327, #6355 ) ;
#5609 = DIRECTION ( 'NONE',  ( 1.279294598802953755E-16, 1.000000000000000000, 0.000000000000000000 ) ) ;
#5610 = VERTEX_POINT ( 'NONE', #3203 ) ;
#5611 = DIRECTION ( 'NONE',  ( 1.000000000000000000, -1.707175680383139835E-16, 0.000000000000000000 ) ) ;
#5612 = CARTESIAN_POINT ( 'NONE',  ( -2.146720301521298779E-14, -1.452830911130575942E-14, -12.09999999999999964 ) ) ;
#5614 = VECTOR ( 'NONE', #4160, 1000.000000000000000 ) ;
#5613 = DIRECTION ( 'NONE',  ( 0.000000000000000000, 1.788469760401379917E-16, -1.000000000000000000 ) ) ;
#5615 = EDGE_CURVE ( 'NONE', #6624, #57, #5824, .T. ) ;
#5616 = ORIENTED_EDGE ( 'NONE', *, *, #1788, .T. ) ;
#5617 = LINE ( 'NONE', #1358, #4461 ) ;
#5618 = ORIENTED_EDGE ( 'NONE', *, *, #2803, .T. ) ;
#5619 = AXIS2_PLACEMENT_3D ( 'NONE', #3616, #5700, #5146 ) ;
#5620 = LINE ( 'NONE', #3054, #3170 ) ;
#5621 = CARTESIAN_POINT ( 'NONE',  ( -17.37000000000000099, 4.100000000000010303, -0.5000000000000000000 ) ) ;
#5622 = CARTESIAN_POINT ( 'NONE',  ( -5.482928049865329889, -3.000000000000000000, -20.00000000000000000 ) ) ;
#5623 = FACE_OUTER_BOUND ( 'NONE', #377, .T. ) ;
#5624 = ORIENTED_EDGE ( 'NONE', *, *, #6134, .T. ) ;
#5625 = CARTESIAN_POINT ( 'NONE',  ( -1.899999999999999911, 0.000000000000000000, -7.049999999999999822 ) ) ;
#5626 = DIRECTION ( 'NONE',  ( -0.7071067811865509034, -0.3535533905932719545, -0.6123724356957919168 ) ) ;
#5627 = CARTESIAN_POINT ( 'NONE',  ( -1.899999999999999911, -1.785595723902934973, -8.155281824142400993 ) ) ;
#5628 = LINE ( 'NONE', #394, #1775 ) ;
#5629 = ORIENTED_EDGE ( 'NONE', *, *, #1223, .T. ) ;
#5630 = FACE_OUTER_BOUND ( 'NONE', #6581, .T. ) ;
#5631 = CARTESIAN_POINT ( 'NONE',  ( 2.699924310310155562, 5.239669491286587544, -20.38470509014633336 ) ) ;
#5632 = DIRECTION ( 'NONE',  ( 0.000000000000000000, -0.8660254037844387076, 0.4999999999999998890 ) ) ;
#5633 = CARTESIAN_POINT ( 'NONE',  ( -14.25272035147008332, -3.272508660381058920, 7.577491339618941169 ) ) ;
#5634 = ORIENTED_EDGE ( 'NONE', *, *, #1929, .F. ) ;
#5635 = B_SPLINE_CURVE_WITH_KNOTS ( 'NONE', 3,
 ( #3814, #3720, #3783, #1612, #5811, #3284, #4706, #103, #5910, #668, #2671, #3250, #6354 ),
 .UNSPECIFIED., .F., .F.,
 ( 4, 2, 2, 1, 2, 2, 4 ),
 ( 0.000000000000000000, 0.2499999999999974465, 0.3749999999999941713, 0.4374999999999943379, 0.4687499999999963363, 0.4999999999999983347, 1.000000000000000000 ),
 .UNSPECIFIED. ) ;
#5636 = EDGE_CURVE ( 'NONE', #2222, #6648, #2181, .T. ) ;
#5637 = ORIENTED_EDGE ( 'NONE', *, *, #6685, .F. ) ;
#5638 = VERTEX_POINT ( 'NONE', #3672 ) ;
#5639 = EDGE_CURVE ( 'NONE', #4254, #2128, #1395, .T. ) ;
#5640 = CARTESIAN_POINT ( 'NONE',  ( -10.34999999999999964, 6.600000000000004974, -18.96013563349690756 ) ) ;
#5641 = EDGE_CURVE ( 'NONE', #5369, #2450, #2686, .T. ) ;
#5642 = DIRECTION ( 'NONE',  ( 1.000000000000000000, 0.000000000000000000, 0.000000000000000000 ) ) ;
#5643 = DIRECTION ( 'NONE',  ( -1.000000000000000000, 0.000000000000000000, 0.000000000000000000 ) ) ;
#5644 = ORIENTED_EDGE ( 'NONE', *, *, #1468, .T. ) ;
#5645 = CARTESIAN_POINT ( 'NONE',  ( 5.307185954161827368, -2.847260795849403170, -20.22730741791966835 ) ) ;
#5646 = ORIENTED_EDGE ( 'NONE', *, *, #2992, .F. ) ;
#5647 = DIRECTION ( 'NONE',  ( 0.6546536707079740891, -1.846349385870700321E-15, -0.7559289460184571707 ) ) ;
#5648 = DIRECTION ( 'NONE',  ( -0.000000000000000000, -0.000000000000000000, 1.000000000000000000 ) ) ;
#5649 = ORIENTED_EDGE ( 'NONE', *, *, #5963, .F. ) ;
#5650 = CARTESIAN_POINT ( 'NONE',  ( -1.899999999999999911, 0.000000000000000000, -7.049999999999999822 ) ) ;
#5651 = ORIENTED_EDGE ( 'NONE', *, *, #1617, .T. ) ;
#5652 = AXIS2_PLACEMENT_3D ( 'NONE', #1764, #5305, #4270 ) ;
#5653 = ADVANCED_FACE ( 'NONE', ( #3699 ), #6470, .T. ) ;
#5654 = CARTESIAN_POINT ( 'NONE',  ( 0.000000000000000000, 1.500000000000000444, -0.5000000000000000000 ) ) ;
#5655 = CARTESIAN_POINT ( 'NONE',  ( -0.8636282503742455097, -1.116876434198967427, -8.665335763359596655 ) ) ;
#5656 = CARTESIAN_POINT ( 'NONE',  ( -23.36999999999999744, -2.500000000000000000, -16.50000000000000000 ) ) ;
#5657 = ORIENTED_EDGE ( 'NONE', *, *, #2927, .F. ) ;
#5658 = DIRECTION ( 'NONE',  ( 0.000000000000000000, 0.000000000000000000, 1.000000000000000000 ) ) ;
#5659 = EDGE_CURVE ( 'NONE', #3502, #4710, #2017, .T. ) ;
#5660 = ORIENTED_EDGE ( 'NONE', *, *, #3162, .F. ) ;
#5661 = FACE_OUTER_BOUND ( 'NONE', #6636, .T. ) ;
#5662 = ORIENTED_EDGE ( 'NONE', *, *, #266, .F. ) ;
#5663 = CARTESIAN_POINT ( 'NONE',  ( -7.250000000000000000, 14.75000000000000000, 8.810000000000000497 ) ) ;
#5664 = DIRECTION ( 'NONE',  ( 0.8164965809277469067, -0.4082482904638421450, -0.4082482904638422005 ) ) ;
#5665 = LINE ( 'NONE', #5148, #6091 ) ;
#5666 = DIRECTION ( 'NONE',  ( 0.3159220186098221639, 0.000000000000000000, 0.9487851591153263486 ) ) ;
#5667 = ADVANCED_FACE ( 'NONE', ( #4277 ), #4620, .T. ) ;
#5668 = EDGE_LOOP ( 'NONE', ( #3205, #3015 ) ) ;
#5669 = ORIENTED_EDGE ( 'NONE', *, *, #1670, .T. ) ;
#5670 = VECTOR ( 'NONE', #6062, 1000.000000000000000 ) ;
#5671 = ORIENTED_EDGE ( 'NONE', *, *, #3747, .T. ) ;
#5672 = DIRECTION ( 'NONE',  ( 0.6708924198996029098, -0.7071067811865481278, 0.2233906016851520682 ) ) ;
#5673 = CARTESIAN_POINT ( 'NONE',  ( 0.000000000000000000, -3.000000000000000000, -1.000000000000000000 ) ) ;
#5674 = ADVANCED_FACE ( 'NONE', ( #87 ), #1703, .F. ) ;
#5675 = VECTOR ( 'NONE', #6623, 1000.000000000000000 ) ;
#5676 = VERTEX_POINT ( 'NONE', #3769 ) ;
#5677 = VECTOR ( 'NONE', #4543, 1000.000000000000000 ) ;
#5678 = DIRECTION ( 'NONE',  ( -0.7540207849145412755, 0.3879953811301065092, 0.5300115471747408602 ) ) ;
#5679 = AXIS2_PLACEMENT_3D ( 'NONE', #4874, #3879, #235 ) ;
#5680 = LINE ( 'NONE', #2702, #4725 ) ;
#5681 = AXIS2_PLACEMENT_3D ( 'NONE', #848, #5409, #779 ) ;
#5682 = EDGE_LOOP ( 'NONE', ( #4965, #940, #2513, #1069, #37, #4809 ) ) ;
#5683 = DIRECTION ( 'NONE',  ( -0.6408473819082320944, 0.2923717047227436527, 0.7098122423422137395 ) ) ;
#5684 = VERTEX_POINT ( 'NONE', #2112 ) ;
#5685 = VECTOR ( 'NONE', #5647, 1000.000000000000114 ) ;
#5686 = DIRECTION ( 'NONE',  ( -0.4999999999999998890, 0.8660254037844387076, 0.000000000000000000 ) ) ;
#5687 = CIRCLE ( 'NONE', #692, 4.100000000000010303 ) ;
#5688 = AXIS2_PLACEMENT_3D ( 'NONE', #4626, #488, #4657 ) ;
#5689 = CARTESIAN_POINT ( 'NONE',  ( -0.9688867830651654023, 1.168459921887344599, -5.513243721863648972 ) ) ;
#5690 = DIRECTION ( 'NONE',  ( -1.000000000000000000, 0.000000000000000000, -0.000000000000000000 ) ) ;
#5691 = LINE ( 'NONE', #4521, #4066 ) ;
#5692 = EDGE_CURVE ( 'NONE', #4782, #4271, #3132, .T. ) ;
#5693 = CARTESIAN_POINT ( 'NONE',  ( -1.899999999999999911, -1.100000000000000089, -7.049999999999999822 ) ) ;
#5694 = ORIENTED_EDGE ( 'NONE', *, *, #6501, .F. ) ;
#5695 = DIRECTION ( 'NONE',  ( -0.000000000000000000, 1.000000000000000000, 0.000000000000000000 ) ) ;
#5696 = DIRECTION ( 'NONE',  ( 0.000000000000000000, 0.7071067811865476838, -0.7071067811865474617 ) ) ;
#5697 = PLANE ( 'NONE',  #4995 ) ;
#5698 = DIRECTION ( 'NONE',  ( 0.000000000000000000, 1.000000000000000000, 0.000000000000000000 ) ) ;
#5699 = ORIENTED_EDGE ( 'NONE', *, *, #3946, .T. ) ;
#5700 = DIRECTION ( 'NONE',  ( 0.7071067811865475727, 0.000000000000000000, 0.7071067811865475727 ) ) ;
#5701 = CARTESIAN_POINT ( 'NONE',  ( -1.675589098293679857, -1.177794549146830017, -11.41000000000000014 ) ) ;
#5702 = CARTESIAN_POINT ( 'NONE',  ( -1.857613003443954858, 3.479989568491744936E-16, -4.950427819168159438 ) ) ;
#5703 = EDGE_CURVE ( 'NONE', #5533, #570, #5202, .T. ) ;
#5704 = CARTESIAN_POINT ( 'NONE',  ( -4.100000000000029843, -1.452830911130575942E-14, -12.34999999999999964 ) ) ;
#5705 = ORIENTED_EDGE ( 'NONE', *, *, #734, .F. ) ;
#5706 = ORIENTED_EDGE ( 'NONE', *, *, #224, .T. ) ;
#5707 = ORIENTED_EDGE ( 'NONE', *, *, #3327, .T. ) ;
#5708 = DIRECTION ( 'NONE',  ( 0.000000000000000000, -1.000000000000000000, 0.000000000000000000 ) ) ;
#5709 = CARTESIAN_POINT ( 'NONE',  ( 0.000000000000000000, 0.000000000000000000, -1.084202172485504040E-15 ) ) ;
#5710 = EDGE_LOOP ( 'NONE', ( #612, #4459, #851, #5281 ) ) ;
#5711 = ORIENTED_EDGE ( 'NONE', *, *, #2924, .F. ) ;
#5712 = VERTEX_POINT ( 'NONE', #548 ) ;
#5713 = VECTOR ( 'NONE', #4088, 999.9999999999998863 ) ;
#5714 = FACE_OUTER_BOUND ( 'NONE', #1213, .T. ) ;
#5715 = CARTESIAN_POINT ( 'NONE',  ( -5.482928049865329889, -2.500000000000000000, -16.50000000000000000 ) ) ;
#5716 = AXIS2_PLACEMENT_3D ( 'NONE', #2928, #6503, #1294 ) ;
#5717 = ORIENTED_EDGE ( 'NONE', *, *, #1864, .T. ) ;
#5718 = DIRECTION ( 'NONE',  ( -1.000000000000000000, 0.000000000000000000, 0.000000000000000000 ) ) ;
#5719 = EDGE_LOOP ( 'NONE', ( #4307, #1345, #2791 ) ) ;
#5720 = DIRECTION ( 'NONE',  ( -6.549975585644890431E-16, -1.000000000000000000, 0.000000000000000000 ) ) ;
#5721 = ADVANCED_FACE ( 'NONE', ( #5273 ), #5755, .F. ) ;
#5722 = AXIS2_PLACEMENT_3D ( 'NONE', #1356, #5440, #6022 ) ;
#5723 = LINE ( 'NONE', #4139, #5244 ) ;
#5724 = DIRECTION ( 'NONE',  ( -7.190116423725421880E-17, -0.5802747891877946262, -0.8144207567547996351 ) ) ;
#5725 = ADVANCED_FACE ( 'NONE', ( #585 ), #1804, .T. ) ;
#5726 = CARTESIAN_POINT ( 'NONE',  ( -0.7857870826877657588, 13.19804560595883203, -9.449653045351688263 ) ) ;
#5727 = VERTEX_POINT ( 'NONE', #2253 ) ;
#5728 = ORIENTED_EDGE ( 'NONE', *, *, #3167, .T. ) ;
#5729 = LINE ( 'NONE', #1199, #5358 ) ;
#5730 = EDGE_LOOP ( 'NONE', ( #5301, #6251, #6291, #3636 ) ) ;
#5731 = CARTESIAN_POINT ( 'NONE',  ( -3.120000000000000107, 3.820898013339744886E-16, -12.34999999999999964 ) ) ;
#5732 = DIRECTION ( 'NONE',  ( 1.000000000000000000, -1.707175680383139835E-16, 0.000000000000000000 ) ) ;
#5733 = CARTESIAN_POINT ( 'NONE',  ( -7.714882428940600612, 15.40454618229594885, 5.221591363934970254 ) ) ;
#5734 = DIRECTION ( 'NONE',  ( -1.000000000000000000, 0.000000000000000000, 0.000000000000000000 ) ) ;
#5735 = VERTEX_POINT ( 'NONE', #1228 ) ;
#5736 = ORIENTED_EDGE ( 'NONE', *, *, #3254, .F. ) ;
#5737 = ADVANCED_FACE ( 'NONE', ( #4314 ), #3334, .F. ) ;
#5738 = FACE_OUTER_BOUND ( 'NONE', #2606, .T. ) ;
#5739 = EDGE_CURVE ( 'NONE', #2437, #4224, #404, .T. ) ;
#5740 = ORIENTED_EDGE ( 'NONE', *, *, #2815, .F. ) ;
#5741 = CARTESIAN_POINT ( 'NONE',  ( -24.87000000000000099, 5.500000000000000000, -20.50000000000000000 ) ) ;
#5742 = CARTESIAN_POINT ( 'NONE',  ( -1.270170592217173988, 3.252606517456515274E-16, -20.50000000000000000 ) ) ;
#5743 = VERTEX_POINT ( 'NONE', #6526 ) ;
#5744 = VERTEX_POINT ( 'NONE', #5377 ) ;
#5745 = EDGE_CURVE ( 'NONE', #723, #2328, #6401, .T. ) ;
#5746 = EDGE_CURVE ( 'NONE', #6273, #1956, #1737, .T. ) ;
#5747 = CARTESIAN_POINT ( 'NONE',  ( 1.726185302921759979, -5.833297120452329843, -0.8332971204523330622 ) ) ;
#5748 = DIRECTION ( 'NONE',  ( -0.5773502691896209571, -0.5773502691896277295, 0.5773502691896286176 ) ) ;
#5749 = ORIENTED_EDGE ( 'NONE', *, *, #3253, .T. ) ;
#5750 = DIRECTION ( 'NONE',  ( 0.000000000000000000, -1.788469760401379917E-16, 1.000000000000000000 ) ) ;
#5751 = ADVANCED_FACE ( 'NONE', ( #721 ), #3835, .T. ) ;
#5752 = EDGE_LOOP ( 'NONE', ( #5187, #5846, #4020 ) ) ;
#5753 = CARTESIAN_POINT ( 'NONE',  ( -1.899999999999999911, 1.292307692307689937, -7.049999999999999822 ) ) ;
#5754 = CARTESIAN_POINT ( 'NONE',  ( -1.516772286795329938, 14.58322771320466060, 8.782964163214129982 ) ) ;
#5755 = PLANE ( 'NONE',  #3650 ) ;
#5756 = EDGE_LOOP ( 'NONE', ( #2996, #5326, #923, #5498, #3343 ) ) ;
#5757 = EDGE_CURVE ( 'NONE', #57, #4264, #4932, .T. ) ;
#5758 = CLOSED_SHELL ( 'NONE', ( #2598, #2985, #724, #1749, #6237, #155, #5980, #4365, #5344, #1454, #4023, #681, #1457, #6497, #1855, #5751, #4187, #5674, #5512, #5069, #4743, #1155, #3237, #4435, #2817, #3202, #5038, #184, #4449, #1905, #550, #402, #4163, #5072, #4502, #1049, #2859, #5343, #3115, #4927, #4087, #3038, #6385, #4176, #3320, #788, #3122, #5131, #5911, #1965, #6161, #2594, #3635, #3542, #1594, #4576, #59, #4574, #4519, #4687, #5667, #6463, #3480, #5991, #4591, #6451, #3729, #2623, #4767, #2377, #269, #114, #6047, #2069, #2869, #3096, #487, #6452, #5953, #5880, #6260, #3159, #5536, #467, #4899, #5480, #4610, #5946, #1651, #2323, #2831, #1835, #233, #3665, #3009, #6083, #1674, #886, #5161, #4795, #1286, #1226, #6651, #5725, #1574, #1317, #2225, #2114, #1566, #2332, #1682, #1256, #755, #2673, #1359, #1327, #5399, #3022, #4566, #3712, #3503, #1304, #2712, #3583, #3906, #4014, #226, #4961, #6717, #6453, #1597, #2134, #5407, #1160, #6079, #2464, #3306, #4949, #1618, #13, #2903, #2016, #1624, #4263, #524, #4294, #1829, #1126, #1952, #2264, #523, #2917, #2050, #5653, #5033, #2054, #5278, #1838, #1212, #3564, #6595, #4234, #764, #2405, #2183, #1306, #6573, #5023, #6297, #3075, #2658, #976, #38, #4836, #5737, #6440, #3366, #1163, #3272, #2406, #2215, #3910, #542, #2531, #5210, #6254, #5379, #669, #4355, #4067, #4824, #2610, #5085, #3738, #3261, #2359, #2750, #323, #1868, #4074, #5186, #695, #3134, #715, #5721, #6521, #113, #3116, #1203, #515, #280, #632, #3976, #3827, #4415, #2166, #3568, #5004, #6293, #3622 ) ) ;
#5759 = AXIS2_PLACEMENT_3D ( 'NONE', #4677, #3627, #4061 ) ;
#5760 = VERTEX_POINT ( 'NONE', #1321 ) ;
#5761 = DIRECTION ( 'NONE',  ( -0.8307204878691100136, -0.5566897439638239797, 0.000000000000000000 ) ) ;
#5762 = VERTEX_POINT ( 'NONE', #2787 ) ;
#5763 = CARTESIAN_POINT ( 'NONE',  ( -6.971410161513474257, 11.49306007540730334, -11.84261519349417746 ) ) ;
#5764 = PLANE ( 'NONE',  #3642 ) ;
#5765 = FACE_OUTER_BOUND ( 'NONE', #4667, .T. ) ;
#5766 = LINE ( 'NONE', #3181, #4151 ) ;
#5767 = VERTEX_POINT ( 'NONE', #2855 ) ;
#5768 = VERTEX_POINT ( 'NONE', #6429 ) ;
#5769 = AXIS2_PLACEMENT_3D ( 'NONE', #5213, #4803, #1202 ) ;
#5770 = DIRECTION ( 'NONE',  ( 0.000000000000000000, -1.000000000000000000, 0.000000000000000000 ) ) ;
#5771 = ORIENTED_EDGE ( 'NONE', *, *, #5158, .T. ) ;
#5772 = CARTESIAN_POINT ( 'NONE',  ( -2.040000000000000036, -8.673617379884030542E-16, -11.41000000000000014 ) ) ;
#5773 = DIRECTION ( 'NONE',  ( -1.000000000000000000, 0.000000000000000000, 0.000000000000000000 ) ) ;
#5774 = EDGE_LOOP ( 'NONE', ( #5441, #1966, #937, #1506 ) ) ;
#5775 = ORIENTED_EDGE ( 'NONE', *, *, #5615, .T. ) ;
#5776 = CARTESIAN_POINT ( 'NONE',  ( -1.109465524858814112, 1.290016946948792098, -8.506338481065030876 ) ) ;
#5777 = CARTESIAN_POINT ( 'NONE',  ( -0.1058475493514515892, -1.100000000000000089, -10.41000000000000014 ) ) ;
#5778 = CONICAL_SURFACE ( 'NONE', #3599, 5.750000000000000000, 0.7853981633974476129 ) ;
#5779 = ORIENTED_EDGE ( 'NONE', *, *, #3668, .F. ) ;
#5780 = EDGE_CURVE ( 'NONE', #1784, #6322, #5514, .T. ) ;
#5781 = FACE_OUTER_BOUND ( 'NONE', #4283, .T. ) ;
#5782 = AXIS2_PLACEMENT_3D ( 'NONE', #5075, #422, #2489 ) ;
#5783 = ORIENTED_EDGE ( 'NONE', *, *, #6668, .T. ) ;
#5784 = EDGE_CURVE ( 'NONE', #3395, #5874, #5987, .T. ) ;
#5785 = CARTESIAN_POINT ( 'NONE',  ( -17.37000000000000099, 2.000000000000008882, -1.000000000000000444 ) ) ;
#5786 = VECTOR ( 'NONE', #4282, 1000.000000000000000 ) ;
#5787 = AXIS2_PLACEMENT_3D ( 'NONE', #2444, #5509, #2409 ) ;
#5788 = CARTESIAN_POINT ( 'NONE',  ( 0.000000000000000000, 0.000000000000000000, -11.41000000000000014 ) ) ;
#5789 = DIRECTION ( 'NONE',  ( -0.2244954252135870909, -0.7035922591906852430, -0.6742104544317881754 ) ) ;
#5790 = ORIENTED_EDGE ( 'NONE', *, *, #6168, .F. ) ;
#5791 = EDGE_CURVE ( 'NONE', #2493, #111, #291, .T. ) ;
#5792 = VECTOR ( 'NONE', #4031, 1000.000000000000000 ) ;
#5793 = CARTESIAN_POINT ( 'NONE',  ( -1.105356974374219980, 1.285465559880833997, -5.591741447231370010 ) ) ;
#5794 = CIRCLE ( 'NONE', #6655, 2.100000000000000089 ) ;
#5795 = VECTOR ( 'NONE', #127, 1000.000000000000000 ) ;
#5796 = ORIENTED_EDGE ( 'NONE', *, *, #2823, .T. ) ;
#5797 = FACE_OUTER_BOUND ( 'NONE', #6034, .T. ) ;
#5798 = EDGE_CURVE ( 'NONE', #2777, #3446, #4861, .T. ) ;
#5799 = AXIS2_PLACEMENT_3D ( 'NONE', #3260, #178, #3325 ) ;
#5800 = CARTESIAN_POINT ( 'NONE',  ( -4.799999999999999822, 2.899999999999999911, -16.50000000000000000 ) ) ;
#5801 = PLANE ( 'NONE',  #5606 ) ;
#5802 = VECTOR ( 'NONE', #295, 1000.000000000000114 ) ;
#5803 = DIRECTION ( 'NONE',  ( 0.000000000000000000, 0.000000000000000000, 1.000000000000000000 ) ) ;
#5804 = CARTESIAN_POINT ( 'NONE',  ( 1.750000000000000000, -2.168404344971009854E-16, -2.500000000000000000 ) ) ;
#5805 = CARTESIAN_POINT ( 'NONE',  ( -1.270170592217173988, 2.168404344971009854E-16, -2.000000000000000000 ) ) ;
#5806 = EDGE_LOOP ( 'NONE', ( #881, #4744, #5308, #1455 ) ) ;
#5807 = ORIENTED_EDGE ( 'NONE', *, *, #3609, .F. ) ;
#5808 = LINE ( 'NONE', #2129, #3289 ) ;
#5809 = EDGE_CURVE ( 'NONE', #6111, #679, #4412, .T. ) ;
#5810 = ORIENTED_EDGE ( 'NONE', *, *, #4417, .T. ) ;
#5811 = CARTESIAN_POINT ( 'NONE',  ( -0.8771852900253049867, -1.121731181382213949, -5.445804291945485431 ) ) ;
#5812 = FACE_OUTER_BOUND ( 'NONE', #4915, .T. ) ;
#5813 = ORIENTED_EDGE ( 'NONE', *, *, #3044, .F. ) ;
#5814 = ORIENTED_EDGE ( 'NONE', *, *, #2100, .F. ) ;
#5815 = VERTEX_POINT ( 'NONE', #751 ) ;
#5816 = FACE_OUTER_BOUND ( 'NONE', #3915, .T. ) ;
#5817 = CARTESIAN_POINT ( 'NONE',  ( -2.424871130596424784, 0.000000000000000000, -2.000000000000000000 ) ) ;
#5818 = ORIENTED_EDGE ( 'NONE', *, *, #3559, .F. ) ;
#5819 = VERTEX_POINT ( 'NONE', #4828 ) ;
#5820 = VECTOR ( 'NONE', #2863, 1000.000000000000000 ) ;
#5821 = CARTESIAN_POINT ( 'NONE',  ( 1.750000000000001554, 12.15651554448605332, -11.16151732544630981 ) ) ;
#5822 = EDGE_CURVE ( 'NONE', #4736, #2162, #2280, .T. ) ;
#5823 = CARTESIAN_POINT ( 'NONE',  ( -0.8467803948114509538, 0.7333333333333350579, -10.41000000000000014 ) ) ;
#5825 = VECTOR ( 'NONE', #2224, 1000.000000000000114 ) ;
#5824 = LINE ( 'NONE', #2079, #1798 ) ;
#5826 = AXIS2_PLACEMENT_3D ( 'NONE', #3098, #5173, #519 ) ;
#5827 = ORIENTED_EDGE ( 'NONE', *, *, #915, .F. ) ;
#5828 = LINE ( 'NONE', #587, #4699 ) ;
#5829 = VECTOR ( 'NONE', #4651, 1000.000000000000114 ) ;
#5830 = ORIENTED_EDGE ( 'NONE', *, *, #4437, .F. ) ;
#5831 = CARTESIAN_POINT ( 'NONE',  ( -2.146720301521298779E-14, -1.452830911130575942E-14, -12.09999999999999964 ) ) ;
#5832 = CARTESIAN_POINT ( 'NONE',  ( -1.857794549146830176, 0.8622054508531790118, -11.41000000000000014 ) ) ;
#5833 = CARTESIAN_POINT ( 'NONE',  ( -1.899999999999999911, 0.000000000000000000, 0.000000000000000000 ) ) ;
#5834 = TOROIDAL_SURFACE ( 'NONE', #5506, 2.599602749461809914, 0.5000000000000000000 ) ;
#5835 = CARTESIAN_POINT ( 'NONE',  ( 3.899999999999999911, 4.776122516674677286E-16, 3.000000000000000000 ) ) ;
#5836 = CARTESIAN_POINT ( 'NONE',  ( -20.21999999999999886, 1.000000000000000000, 0.000000000000000000 ) ) ;
#5837 = LINE ( 'NONE', #4805, #1233 ) ;
#5838 = ORIENTED_EDGE ( 'NONE', *, *, #4666, .F. ) ;
#5839 = ORIENTED_EDGE ( 'NONE', *, *, #5330, .T. ) ;
#5840 = DIRECTION ( 'NONE',  ( 0.000000000000000000, 0.000000000000000000, 1.000000000000000000 ) ) ;
#5841 = ORIENTED_EDGE ( 'NONE', *, *, #4312, .F. ) ;
#5842 = CARTESIAN_POINT ( 'NONE',  ( -10.34999999999999964, 6.250000000000000000, -0.5000000000000000000 ) ) ;
#5843 = DIRECTION ( 'NONE',  ( 0.000000000000000000, 0.000000000000000000, -1.000000000000000000 ) ) ;
#5844 = CARTESIAN_POINT ( 'NONE',  ( 0.000000000000000000, 0.000000000000000000, -1.084202172485504040E-15 ) ) ;
#5845 = EDGE_CURVE ( 'NONE', #5610, #642, #2670, .T. ) ;
#5846 = ORIENTED_EDGE ( 'NONE', *, *, #3808, .F. ) ;
#5847 = ORIENTED_EDGE ( 'NONE', *, *, #3628, .T. ) ;
#5848 = EDGE_CURVE ( 'NONE', #6541, #3770, #1771, .T. ) ;
#5849 = CARTESIAN_POINT ( 'NONE',  ( -25.37000000000000099, -2.500000000000000000, 4.899999999999999467 ) ) ;
#5850 = EDGE_CURVE ( 'NONE', #5735, #3019, #816, .T. ) ;
#5851 = ORIENTED_EDGE ( 'NONE', *, *, #2333, .T. ) ;
#5852 = CARTESIAN_POINT ( 'NONE',  ( -23.86999999999999744, -3.000000000000000000, 0.000000000000000000 ) ) ;
#5853 = CARTESIAN_POINT ( 'NONE',  ( 0.8727756813566279748, -1.851691823720265084, -11.41000000000000014 ) ) ;
#5854 = CARTESIAN_POINT ( 'NONE',  ( -0.9749999999999999778, -0.9249999999999890532, -7.049999999999999822 ) ) ;
#5855 = ORIENTED_EDGE ( 'NONE', *, *, #289, .T. ) ;
#5856 = VERTEX_POINT ( 'NONE', #1863 ) ;
#5857 = CARTESIAN_POINT ( 'NONE',  ( -0.6350852961085869941, 1.100000000000000089, -20.50000000000000000 ) ) ;
#5858 = CARTESIAN_POINT ( 'NONE',  ( -1.167224318643341974, 1.681691823720265155, -11.41000000000000014 ) ) ;
#5859 = LINE ( 'NONE', #4658, #3850 ) ;
#5860 = EDGE_LOOP ( 'NONE', ( #1916, #2539 ) ) ;
#5861 = CARTESIAN_POINT ( 'NONE',  ( -21.91999999999999815, -3.000000000000000000, 7.849999999999999645 ) ) ;
#5862 = ORIENTED_EDGE ( 'NONE', *, *, #5639, .T. ) ;
#5863 = LINE ( 'NONE', #626, #4149 ) ;
#5864 = DIRECTION ( 'NONE',  ( 0.000000000000000000, 0.000000000000000000, -1.000000000000000000 ) ) ;
#5865 = CARTESIAN_POINT ( 'NONE',  ( 2.201586389335117744, 6.148413610664889895, -1.280694645863865277 ) ) ;
#5866 = DIRECTION ( 'NONE',  ( -1.000000000000000000, 4.267939200957839972E-16, 0.000000000000000000 ) ) ;
#5867 = CARTESIAN_POINT ( 'NONE',  ( -8.680995911905851514, 0.5000000000000009992, -0.5000000000000000000 ) ) ;
#5868 = AXIS2_PLACEMENT_3D ( 'NONE', #6494, #5951, #1285 ) ;
#5869 = EDGE_CURVE ( 'NONE', #1556, #520, #2024, .T. ) ;
#5870 = ORIENTED_EDGE ( 'NONE', *, *, #1076, .T. ) ;
#5871 = EDGE_CURVE ( 'NONE', #2450, #1513, #6620, .T. ) ;
#5872 = VECTOR ( 'NONE', #6098, 1000.000000000000000 ) ;
#5873 = FACE_OUTER_BOUND ( 'NONE', #2940, .T. ) ;
#5874 = VERTEX_POINT ( 'NONE', #6664 ) ;
#5875 = AXIS2_PLACEMENT_3D ( 'NONE', #6070, #6038, #3983 ) ;
#5876 = DIRECTION ( 'NONE',  ( 0.5000000000000003331, 0.8660254037844384856, 0.000000000000000000 ) ) ;
#5877 = B_SPLINE_CURVE_WITH_KNOTS ( 'NONE', 3,
 ( #6457, #343, #4920, #3858, #6045, #282, #4464, #4404, #5468, #1380 ),
 .UNSPECIFIED., .F., .F.,
 ( 4, 2, 2, 2, 4 ),
 ( 0.000000000000000000, 0.2500000000000000000, 0.5000000000000000000, 0.7500000000000000000, 1.000000000000000000 ),
 .UNSPECIFIED. ) ;
#5878 = LINE ( 'NONE', #136, #4625 ) ;
#5879 = FACE_OUTER_BOUND ( 'NONE', #641, .T. ) ;
#5880 = ADVANCED_FACE ( 'NONE', ( #3558 ), #2446, .F. ) ;
#5881 = ORIENTED_EDGE ( 'NONE', *, *, #3128, .T. ) ;
#5882 = VECTOR ( 'NONE', #4670, 1000.000000000000114 ) ;
#5883 = VERTEX_POINT ( 'NONE', #4511 ) ;
#5884 = ORIENTED_EDGE ( 'NONE', *, *, #2578, .F. ) ;
#5885 = CARTESIAN_POINT ( 'NONE',  ( -1.899999999999999911, 0.000000000000000000, -7.049999999999999822 ) ) ;
#5886 = EDGE_CURVE ( 'NONE', #3123, #6541, #350, .T. ) ;
#5887 = CARTESIAN_POINT ( 'NONE',  ( 2.018414946423780165, 0.3458894077880059759, -11.41000000000000014 ) ) ;
#5888 = ORIENTED_EDGE ( 'NONE', *, *, #2453, .F. ) ;
#5889 = CARTESIAN_POINT ( 'NONE',  ( -7.083227713204669485, 14.58322771320466060, 8.782964163214129982 ) ) ;
#5890 = DIRECTION ( 'NONE',  ( 0.2586350488661543490, -0.9307071628584385747, -0.2586350488661543490 ) ) ;
#5891 = CARTESIAN_POINT ( 'NONE',  ( -1.927340545936790051, 0.6920959459171410755, -11.41000000000000014 ) ) ;
#5892 = DIRECTION ( 'NONE',  ( 0.000000000000000000, 0.000000000000000000, -1.000000000000000000 ) ) ;
#5893 = EDGE_LOOP ( 'NONE', ( #5151, #4130, #4400, #2644 ) ) ;
#5894 = VECTOR ( 'NONE', #6563, 1000.000000000000114 ) ;
#5895 = CIRCLE ( 'NONE', #471, 2.099602749461810358 ) ;
#5896 = CARTESIAN_POINT ( 'NONE',  ( -1.899999999999999911, 0.000000000000000000, -7.049999999999999822 ) ) ;
#5897 = ORIENTED_EDGE ( 'NONE', *, *, #993, .F. ) ;
#5898 = EDGE_CURVE ( 'NONE', #3153, #1734, #4100, .T. ) ;
#5899 = DIRECTION ( 'NONE',  ( 0.000000000000000000, 1.000000000000000000, 0.000000000000000000 ) ) ;
#5900 = DIRECTION ( 'NONE',  ( -1.000000000000000000, 0.000000000000000000, -0.000000000000000000 ) ) ;
#5901 = VECTOR ( 'NONE', #168, 1000.000000000000114 ) ;
#5902 = FILL_AREA_STYLE_COLOUR ( '', #2288 ) ;
#5903 = AXIS2_PLACEMENT_3D ( 'NONE', #2180, #849, #2949 ) ;
#5904 = CARTESIAN_POINT ( 'NONE',  ( -1.899999999999999911, 0.000000000000000000, 0.000000000000000000 ) ) ;
#5905 = ORIENTED_EDGE ( 'NONE', *, *, #6040, .F. ) ;
#5906 = AXIS2_PLACEMENT_3D ( 'NONE', #426, #3471, #1538 ) ;
#5907 = LINE ( 'NONE', #1785, #6224 ) ;
#5908 = ORIENTED_EDGE ( 'NONE', *, *, #659, .T. ) ;
#5909 = VECTOR ( 'NONE', #3135, 1000.000000000000000 ) ;
#5910 = CARTESIAN_POINT ( 'NONE',  ( -0.9310131580834719589, -1.146303964370574580, -5.486670827597025735 ) ) ;
#5911 = ADVANCED_FACE ( 'NONE', ( #5580 ), #483, .T. ) ;
#5912 = CARTESIAN_POINT ( 'NONE',  ( 4.087077195258224549, 0.3252691193458405183, -12.34999999999999964 ) ) ;
#5913 = DIRECTION ( 'NONE',  ( -1.000000000000000000, 0.000000000000000000, -0.000000000000000000 ) ) ;
#5914 = LINE ( 'NONE', #4913, #5581 ) ;
#5915 = ORIENTED_EDGE ( 'NONE', *, *, #1608, .F. ) ;
#5916 = VERTEX_POINT ( 'NONE', #3018 ) ;
#5917 = ORIENTED_EDGE ( 'NONE', *, *, #5368, .T. ) ;
#5918 = LINE ( 'NONE', #1150, #2535 ) ;
#5919 = FACE_OUTER_BOUND ( 'NONE', #161, .T. ) ;
#5920 = ORIENTED_EDGE ( 'NONE', *, *, #4311, .T. ) ;
#5921 = CARTESIAN_POINT ( 'NONE',  ( -17.86999999999999389, 3.100000000000008971, 8.349999999999999645 ) ) ;
#5922 = DIRECTION ( 'NONE',  ( 1.000000000000000000, -9.883255455076344004E-16, -1.387123572642294428E-15 ) ) ;
#5923 = CARTESIAN_POINT ( 'NONE',  ( -2.018414946423775280, 0.3458894077880404483, -11.41000000000000014 ) ) ;
#5924 = DIRECTION ( 'NONE',  ( -1.000000000000000000, 0.000000000000000000, -0.000000000000000000 ) ) ;
#5925 = ORIENTED_EDGE ( 'NONE', *, *, #5240, .F. ) ;
#5926 = CARTESIAN_POINT ( 'NONE',  ( -3.120000000000000107, 0.000000000000000000, -12.05999999999999872 ) ) ;
#5927 = PLANE ( 'NONE',  #4903 ) ;
#5928 = EDGE_CURVE ( 'NONE', #29, #5180, #6582, .T. ) ;
#5929 = CARTESIAN_POINT ( 'NONE',  ( 2.206173157302017351, -2.206173157302028898, -12.09999999999999964 ) ) ;
#5930 = CIRCLE ( 'NONE', #2986, 1.699999999999999734 ) ;
#5931 = AXIS2_PLACEMENT_3D ( 'NONE', #3937, #5994, #5484 ) ;
#5932 = CARTESIAN_POINT ( 'NONE',  ( -4.299999999999999822, 20.24999999999999645, 10.50999999999999979 ) ) ;
#5933 = CARTESIAN_POINT ( 'NONE',  ( -1.479973599232171866, 1.185623816917669483E-06, -4.847089012322443047 ) ) ;
#5934 = VECTOR ( 'NONE', #4478, 1000.000000000000114 ) ;
#5935 = CARTESIAN_POINT ( 'NONE',  ( 2.547971142554152912, 5.802028857445859167, -1.082404688110705449 ) ) ;
#5936 = ORIENTED_EDGE ( 'NONE', *, *, #1512, .T. ) ;
#5937 = CARTESIAN_POINT ( 'NONE',  ( -21.91999999999999815, 1.000000000000000000, 4.899999999999999467 ) ) ;
#5938 = ORIENTED_EDGE ( 'NONE', *, *, #5129, .T. ) ;
#5939 = AXIS2_PLACEMENT_3D ( 'NONE', #6055, #5648, #912 ) ;
#5940 = DIRECTION ( 'NONE',  ( 6.396472994014781101E-17, 0.000000000000000000, -1.000000000000000000 ) ) ;
#5941 = DIRECTION ( 'NONE',  ( -0.7071067811865493491, 0.7071067811865456854, 0.000000000000000000 ) ) ;
#5942 = CARTESIAN_POINT ( 'NONE',  ( -2.146720301521298779E-14, -1.452830911130575942E-14, -12.09999999999999964 ) ) ;
#5943 = ORIENTED_EDGE ( 'NONE', *, *, #417, .F. ) ;
#5944 = VECTOR ( 'NONE', #1795, 1000.000000000000000 ) ;
#5945 = EDGE_CURVE ( 'NONE', #5307, #1729, #934, .T. ) ;
#5946 = ADVANCED_FACE ( 'NONE', ( #850 ), #381, .F. ) ;
#5947 = ORIENTED_EDGE ( 'NONE', *, *, #6619, .T. ) ;
#5948 = ORIENTED_EDGE ( 'NONE', *, *, #2213, .T. ) ;
#5949 = DIRECTION ( 'NONE',  ( 0.000000000000000000, -1.000000000000000000, 0.000000000000000000 ) ) ;
#5950 = CARTESIAN_POINT ( 'NONE',  ( -9.799999999999998934, 5.599999999999999645, -12.25000000000000000 ) ) ;
#5951 = DIRECTION ( 'NONE',  ( 0.8660254037844384856, -0.5000000000000003331, 0.000000000000000000 ) ) ;
#5952 = EDGE_CURVE ( 'NONE', #5916, #445, #5094, .T. ) ;
#5953 = ADVANCED_FACE ( 'NONE', ( #3456 ), #444, .F. ) ;
#5954 = ORIENTED_EDGE ( 'NONE', *, *, #4108, .T. ) ;
#5955 = CARTESIAN_POINT ( 'NONE',  ( -1.860640646055099934, 0.02272413359521750081, -7.049999999999999822 ) ) ;
#5956 = CARTESIAN_POINT ( 'NONE',  ( 4.100000000000001421, 5.021051876504152316E-16, -14.45883333333333454 ) ) ;
#5957 = DIRECTION ( 'NONE',  ( -1.000000000000000000, 0.000000000000000000, 0.000000000000000000 ) ) ;
#5958 = DIRECTION ( 'NONE',  ( 0.000000000000000000, -1.000000000000000000, 0.000000000000000000 ) ) ;
#5959 = ORIENTED_EDGE ( 'NONE', *, *, #3336, .T. ) ;
#5960 = EDGE_CURVE ( 'NONE', #4736, #1750, #6158, .T. ) ;
#5961 = CARTESIAN_POINT ( 'NONE',  ( -9.835696450285100312, 1.500000000000000444, -0.5000000000000000000 ) ) ;
#5962 = FACE_OUTER_BOUND ( 'NONE', #1173, .T. ) ;
#5963 = EDGE_CURVE ( 'NONE', #1165, #2557, #6374, .T. ) ;
#5964 = DIRECTION ( 'NONE',  ( -1.000000000000000000, 0.000000000000000000, 0.000000000000000000 ) ) ;
#5965 = CARTESIAN_POINT ( 'NONE',  ( -25.37000000000000099, 5.500000000000000000, -1.000000000000000000 ) ) ;
#5966 = CARTESIAN_POINT ( 'NONE',  ( 1.167224318643339975, -1.681691823720265155, -11.41000000000000014 ) ) ;
#5967 = LINE ( 'NONE', #6064, #54 ) ;
#5968 = DIRECTION ( 'NONE',  ( 0.000000000000000000, 0.000000000000000000, 1.000000000000000000 ) ) ;
#5969 = ORIENTED_EDGE ( 'NONE', *, *, #6346, .F. ) ;
#5970 = FACE_OUTER_BOUND ( 'NONE', #938, .T. ) ;
#5971 = CARTESIAN_POINT ( 'NONE',  ( -8.382372162111641600, 16.61368259152269999, 5.409230700238829570 ) ) ;
#5972 = CARTESIAN_POINT ( 'NONE',  ( -0.7635029861885279656, -1.734723475976804925E-15, -7.873882282287069323 ) ) ;
#5973 = CARTESIAN_POINT ( 'NONE',  ( -6.624999999999677591, 11.63354765594751150, -12.67943252105974494 ) ) ;
#5974 = EDGE_LOOP ( 'NONE', ( #3746, #1704, #2981, #1190 ) ) ;
#5975 = CIRCLE ( 'NONE', #3034, 1.000000000000000888 ) ;
#5976 = EDGE_LOOP ( 'NONE', ( #5422, #5644, #1578 ) ) ;
#5977 = ORIENTED_EDGE ( 'NONE', *, *, #423, .F. ) ;
#5978 = CARTESIAN_POINT ( 'NONE',  ( -1.486905836551550065E-15, -6.000000000000000000, -20.00000000000000000 ) ) ;
#5979 = DIRECTION ( 'NONE',  ( 0.000000000000000000, -1.000000000000000000, 0.000000000000000000 ) ) ;
#5980 = ADVANCED_FACE ( 'NONE', ( #4584 ), #2547, .T. ) ;
#5981 = DIRECTION ( 'NONE',  ( 0.000000000000000000, 0.000000000000000000, 1.000000000000000000 ) ) ;
#5982 = VECTOR ( 'NONE', #4495, 1000.000000000000000 ) ;
#5983 = EDGE_CURVE ( 'NONE', #3986, #3810, #6267, .T. ) ;
#5984 = ORIENTED_EDGE ( 'NONE', *, *, #96, .F. ) ;
#5985 = DIRECTION ( 'NONE',  ( 1.000000000000000000, 0.000000000000000000, 0.000000000000000000 ) ) ;
#5986 = DIRECTION ( 'NONE',  ( 0.8660254037844387076, 0.4999999999999998890, 0.000000000000000000 ) ) ;
#5987 = LINE ( 'NONE', #2752, #1803 ) ;
#5988 = EDGE_CURVE ( 'NONE', #1496, #2182, #1389, .T. ) ;
#5989 = ORIENTED_EDGE ( 'NONE', *, *, #2105, .T. ) ;
#5990 = CARTESIAN_POINT ( 'NONE',  ( -5.653913460804453450, -2.670256796566929935, -16.67025679656692816 ) ) ;
#5991 = ADVANCED_FACE ( 'NONE', ( #6592 ), #6086, .F. ) ;
#5992 = DIRECTION ( 'NONE',  ( 7.190116423725421880E-17, 0.5802747891877946262, 0.8144207567547996351 ) ) ;
#5993 = EDGE_CURVE ( 'NONE', #6375, #1513, #4262, .T. ) ;
#5994 = DIRECTION ( 'NONE',  ( -0.5000000000000015543, -0.000000000000000000, -0.8660254037844378194 ) ) ;
#5995 = CARTESIAN_POINT ( 'NONE',  ( -0.9645008157327868981, 1.165551063056221581, -8.589865415686073646 ) ) ;
#5996 = AXIS2_PLACEMENT_3D ( 'NONE', #4541, #2374, #4434 ) ;
#5997 = CARTESIAN_POINT ( 'NONE',  ( -9.114008613798072034, 0.5000000000000009992, -0.2499999999999988065 ) ) ;
#5998 = CIRCLE ( 'NONE', #6332, 2.949999999999999289 ) ;
#5999 = EDGE_CURVE ( 'NONE', #111, #3770, #6449, .T. ) ;
#6000 = DIRECTION ( 'NONE',  ( 0.000000000000000000, 0.000000000000000000, 1.000000000000000000 ) ) ;
#6001 = LINE ( 'NONE', #6539, #895 ) ;
#6002 = ORIENTED_EDGE ( 'NONE', *, *, #5436, .T. ) ;
#6003 = CIRCLE ( 'NONE', #5021, 4.099999999999963229 ) ;
#6004 = DIRECTION ( 'NONE',  ( -0.000000000000000000, -0.000000000000000000, -1.000000000000000000 ) ) ;
#6005 = DIRECTION ( 'NONE',  ( 0.5773502691896281735, 0.5773502691896210681, 0.5773502691896281735 ) ) ;
#6006 = VECTOR ( 'NONE', #2076, 1000.000000000000000 ) ;
#6007 = DIRECTION ( 'NONE',  ( 0.9487851591153264597, 0.000000000000000000, -0.3159220186098221639 ) ) ;
#6008 = CARTESIAN_POINT ( 'NONE',  ( 1.270170592217156003, -1.214306433183764019E-14, -10.41000000000000014 ) ) ;
#6009 = AXIS2_PLACEMENT_3D ( 'NONE', #2456, #4522, #1941 ) ;
#6010 = AXIS2_PLACEMENT_3D ( 'NONE', #574, #5160, #2645 ) ;
#6011 = EDGE_LOOP ( 'NONE', ( #4462, #880, #5649, #1511, #2698, #3543, #579, #867, #2068, #727, #2463, #6074 ) ) ;
#6012 = EDGE_CURVE ( 'NONE', #3943, #744, #5680, .T. ) ;
#6013 = TOROIDAL_SURFACE ( 'NONE', #159, 2.599602749461809914, 0.5000000000000000000 ) ;
#6014 = ORIENTED_EDGE ( 'NONE', *, *, #5549, .T. ) ;
#6015 = VECTOR ( 'NONE', #2854, 1000.000000000000000 ) ;
#6016 = VERTEX_POINT ( 'NONE', #1685 ) ;
#6017 = CARTESIAN_POINT ( 'NONE',  ( -1.105356974374213985, 1.285465559880835773, -8.508258552768630523 ) ) ;
#6018 = FACE_OUTER_BOUND ( 'NONE', #311, .T. ) ;
#6019 = ORIENTED_EDGE ( 'NONE', *, *, #6540, .F. ) ;
#6020 = CARTESIAN_POINT ( 'NONE',  ( -2.431289359310659925, 1.952623555945315115, -0.5000000000000000000 ) ) ;
#6021 = CARTESIAN_POINT ( 'NONE',  ( -1.020000000000016227, -1.766691823720250243, -11.41000000000000014 ) ) ;
#6022 = DIRECTION ( 'NONE',  ( 0.000000000000000000, 0.000000000000000000, 1.000000000000000000 ) ) ;
#6023 = ORIENTED_EDGE ( 'NONE', *, *, #2416, .F. ) ;
#6024 = DIRECTION ( 'NONE',  ( 0.000000000000000000, 0.000000000000000000, 1.000000000000000000 ) ) ;
#6025 = VECTOR ( 'NONE', #5803, 1000.000000000000000 ) ;
#6026 = EDGE_CURVE ( 'NONE', #4309, #2248, #5134, .T. ) ;
#6027 = LINE ( 'NONE', #1362, #6689 ) ;
#6028 = DIRECTION ( 'NONE',  ( -0.8660254037844387076, -0.4999999999999998890, 1.167310678244679852E-31 ) ) ;
#6029 = CARTESIAN_POINT ( 'NONE',  ( -2.045218355181205719E-15, 9.220525079992270889, -15.97996480001086894 ) ) ;
#6030 = PLANE ( 'NONE',  #1988 ) ;
#6031 = EDGE_CURVE ( 'NONE', #2557, #4391, #5878, .T. ) ;
#6032 = VECTOR ( 'NONE', #5520, 1000.000000000000227 ) ;
#6033 = CARTESIAN_POINT ( 'NONE',  ( -2.206173157302034671, 2.206173157302011134, -12.34999999999999964 ) ) ;
#6034 = EDGE_LOOP ( 'NONE', ( #3696, #5917, #5391 ) ) ;
#6035 = DIRECTION ( 'NONE',  ( 0.6546536707079763096, -0.3779644730092189819, 0.6546536707079828599 ) ) ;
#6036 = CARTESIAN_POINT ( 'NONE',  ( 5.940563512103237187, -1.942225099802053601, -20.00899001329132787 ) ) ;
#6037 = VECTOR ( 'NONE', #4418, 1000.000000000000114 ) ;
#6038 = DIRECTION ( 'NONE',  ( -0.000000000000000000, 0.000000000000000000, -1.000000000000000000 ) ) ;
#6039 = CARTESIAN_POINT ( 'NONE',  ( -1.857613003443954858, 3.479989568491744936E-16, -4.950427819168159438 ) ) ;
#6040 = EDGE_CURVE ( 'NONE', #6455, #3673, #4558, .T. ) ;
#6041 = EDGE_LOOP ( 'NONE', ( #3682, #4768, #561, #4570 ) ) ;
#6042 = ORIENTED_EDGE ( 'NONE', *, *, #5757, .T. ) ;
#6043 = VECTOR ( 'NONE', #5411, 1000.000000000000000 ) ;
#6044 = EDGE_LOOP ( 'NONE', ( #1206, #4737, #577, #395, #458, #248, #5954 ) ) ;
#6045 = CARTESIAN_POINT ( 'NONE',  ( 0.1822054508531449901, -2.040000000000000036, -11.41000000000000014 ) ) ;
#6046 = CYLINDRICAL_SURFACE ( 'NONE', #5324, 1.699999999999999956 ) ;
#6047 = ADVANCED_FACE ( 'NONE', ( #2268 ), #3088, .F. ) ;
#6048 = AXIS2_PLACEMENT_3D ( 'NONE', #1516, #6690, #2502 ) ;
#6049 = EDGE_CURVE ( 'NONE', #3673, #4678, #4848, .T. ) ;
#6050 = EDGE_CURVE ( 'NONE', #1750, #2500, #2991, .T. ) ;
#6051 = ORIENTED_EDGE ( 'NONE', *, *, #6238, .F. ) ;
#6052 = FACE_OUTER_BOUND ( 'NONE', #2067, .T. ) ;
#6053 = LINE ( 'NONE', #2479, #5135 ) ;
#6054 = CARTESIAN_POINT ( 'NONE',  ( -0.5292377467571749428, -1.100000000000000089, -10.41000000000000014 ) ) ;
#6055 = CARTESIAN_POINT ( 'NONE',  ( 0.000000000000000000, 0.000000000000000000, -0.5000000000000000000 ) ) ;
#6056 = VERTEX_POINT ( 'NONE', #4877 ) ;
#6057 = CARTESIAN_POINT ( 'NONE',  ( -5.178078794302000354, -2.500000000000000000, -0.5000000000000000000 ) ) ;
#6058 = ORIENTED_EDGE ( 'NONE', *, *, #6691, .F. ) ;
#6059 = DIRECTION ( 'NONE',  ( 1.000000000000000000, 0.000000000000000000, 0.000000000000000000 ) ) ;
#6060 = CARTESIAN_POINT ( 'NONE',  ( -1.899999999999999911, -1.850000000000000089, -3.308669056742545080E-16 ) ) ;
#6061 = CARTESIAN_POINT ( 'NONE',  ( -7.688289468429152507, -0.2805820028973430857, 1.719417997102656859 ) ) ;
#6062 = DIRECTION ( 'NONE',  ( -0.4150702298331042650, -0.9097893735949513783, -0.000000000000000000 ) ) ;
#6063 = DIRECTION ( 'NONE',  ( -0.000000000000000000, 1.000000000000000000, 0.000000000000000000 ) ) ;
#6064 = CARTESIAN_POINT ( 'NONE',  ( -24.87000000000000099, 16.91571915046718999, -30.91571915046718999 ) ) ;
#6065 = ORIENTED_EDGE ( 'NONE', *, *, #3469, .F. ) ;
#6066 = DIRECTION ( 'NONE',  ( 0.000000000000000000, 0.000000000000000000, 1.000000000000000000 ) ) ;
#6067 = ORIENTED_EDGE ( 'NONE', *, *, #6424, .T. ) ;
#6068 = CARTESIAN_POINT ( 'NONE',  ( -24.87000000000000099, 16.67556684932049293, -31.15587145161388705 ) ) ;
#6069 = CARTESIAN_POINT ( 'NONE',  ( 0.000000000000000000, 0.000000000000000000, -1.084202172485504040E-15 ) ) ;
#6070 = CARTESIAN_POINT ( 'NONE',  ( -2.146720301521298779E-14, -1.452830911130575942E-14, -12.55000000000000071 ) ) ;
#6071 = EDGE_CURVE ( 'NONE', #2184, #2830, #2580, .T. ) ;
#6072 = LINE ( 'NONE', #5565, #2853 ) ;
#6073 = ORIENTED_EDGE ( 'NONE', *, *, #4634, .F. ) ;
#6074 = ORIENTED_EDGE ( 'NONE', *, *, #5246, .T. ) ;
#6075 = VERTEX_POINT ( 'NONE', #5912 ) ;
#6076 = CARTESIAN_POINT ( 'NONE',  ( -21.91999999999999815, 1.000000000000000000, 0.6999999999999998446 ) ) ;
#6077 = FACE_OUTER_BOUND ( 'NONE', #866, .T. ) ;
#6078 = PLANE ( 'NONE',  #652 ) ;
#6079 = ADVANCED_FACE ( 'NONE', ( #4813 ), #1559, .T. ) ;
#6080 = VECTOR ( 'NONE', #872, 1000.000000000000000 ) ;
#6081 = ORIENTED_EDGE ( 'NONE', *, *, #3707, .T. ) ;
#6082 = LINE ( 'NONE', #6020, #258 ) ;
#6083 = ADVANCED_FACE ( 'NONE', ( #6389 ), #11, .T. ) ;
#6084 = CARTESIAN_POINT ( 'NONE',  ( -6.748777567828909696, 14.25000000000000000, 8.732615096446998848 ) ) ;
#6085 = LINE ( 'NONE', #3489, #1333 ) ;
#6086 = PLANE ( 'NONE',  #5608 ) ;
#6087 = CIRCLE ( 'NONE', #5875, 4.100000000000006750 ) ;
#6088 = ORIENTED_EDGE ( 'NONE', *, *, #4734, .F. ) ;
#6089 = LINE ( 'NONE', #1970, #2627 ) ;
#6090 = VERTEX_POINT ( 'NONE', #3784 ) ;
#6091 = VECTOR ( 'NONE', #3547, 1000.000000000000000 ) ;
#6092 = DIRECTION ( 'NONE',  ( 1.000000000000000000, 0.000000000000000000, 0.000000000000000000 ) ) ;
#6093 = CARTESIAN_POINT ( 'NONE',  ( -1.701890432406570008, -5.666628091352089669, -20.33337190864789790 ) ) ;
#6094 = CARTESIAN_POINT ( 'NONE',  ( -1.899999999999999911, 0.000000000000000000, 0.000000000000000000 ) ) ;
#6095 = ORIENTED_EDGE ( 'NONE', *, *, #3226, .F. ) ;
#6096 = DIRECTION ( 'NONE',  ( 0.5000000000000003331, 0.8660254037844383745, 0.000000000000000000 ) ) ;
#6097 = EDGE_CURVE ( 'NONE', #6669, #1177, #238, .T. ) ;
#6098 = DIRECTION ( 'NONE',  ( 0.000000000000000000, 0.000000000000000000, -1.000000000000000000 ) ) ;
#6099 = DIRECTION ( 'NONE',  ( 0.7071067811865493491, -0.7071067811865456854, -0.000000000000000000 ) ) ;
#6100 = VERTEX_POINT ( 'NONE', #638 ) ;
#6101 = LINE ( 'NONE', #3545, #2355 ) ;
#6102 = CARTESIAN_POINT ( 'NONE',  ( -0.000000000000000000, 13.96512815622725512, -9.320872763189836263 ) ) ;
#6103 = AXIS2_PLACEMENT_3D ( 'NONE', #1053, #50, #6193 ) ;
#6104 = FACE_OUTER_BOUND ( 'NONE', #5313, .T. ) ;
#6105 = VECTOR ( 'NONE', #3971, 1000.000000000000114 ) ;
#6106 = DIRECTION ( 'NONE',  ( -0.000000000000000000, 0.4999999999999998890, 0.8660254037844387076 ) ) ;
#6107 = ORIENTED_EDGE ( 'NONE', *, *, #2254, .F. ) ;
#6108 = ORIENTED_EDGE ( 'NONE', *, *, #4311, .F. ) ;
#6109 = CIRCLE ( 'NONE', #1979, 0.5000000000000000000 ) ;
#6110 = EDGE_CURVE ( 'NONE', #1997, #2116, #670, .T. ) ;
#6111 = VERTEX_POINT ( 'NONE', #2731 ) ;
#6112 = VECTOR ( 'NONE', #5342, 1000.000000000000000 ) ;
#6113 = PLANE ( 'NONE',  #4851 ) ;
#6114 = PLANE ( 'NONE',  #2703 ) ;
#6115 = CIRCLE ( 'NONE', #1548, 5.750000000000000000 ) ;
#6116 = AXIS2_PLACEMENT_3D ( 'NONE', #5486, #4421, #5418 ) ;
#6117 = VECTOR ( 'NONE', #97, 1000.000000000000000 ) ;
#6118 = LINE ( 'NONE', #1895, #1643 ) ;
#6119 = ORIENTED_EDGE ( 'NONE', *, *, #5436, .F. ) ;
#6120 = DIRECTION ( 'NONE',  ( -0.6261784721910569340, -0.7796797553896559485, 0.000000000000000000 ) ) ;
#6121 = DIRECTION ( 'NONE',  ( 0.4999999999999990008, -0.8660254037844391517, 0.000000000000000000 ) ) ;
#6122 = AXIS2_PLACEMENT_3D ( 'NONE', #6635, #6678, #1984 ) ;
#6123 = CARTESIAN_POINT ( 'NONE',  ( -24.87000000000000099, 6.135704983074418806, -20.13570498307442236 ) ) ;
#6124 = CARTESIAN_POINT ( 'NONE',  ( -9.799999999999998934, 2.899999999999999911, -12.25000000000000000 ) ) ;
#6125 = VECTOR ( 'NONE', #3839, 1000.000000000000114 ) ;
#6126 = ORIENTED_EDGE ( 'NONE', *, *, #2230, .F. ) ;
#6127 = CARTESIAN_POINT ( 'NONE',  ( 5.826971358370553133, -2.287531833468979148, -19.98856930731616899 ) ) ;
#6128 = ORIENTED_EDGE ( 'NONE', *, *, #3911, .T. ) ;
#6129 = DIRECTION ( 'NONE',  ( 0.000000000000000000, 0.000000000000000000, 1.000000000000000000 ) ) ;
#6130 = CARTESIAN_POINT ( 'NONE',  ( -3.035787082687769534, 14.03486293352439951, -9.309165464811487212 ) ) ;
#6131 = FACE_OUTER_BOUND ( 'NONE', #1146, .T. ) ;
#6132 = CARTESIAN_POINT ( 'NONE',  ( -3.380136884765790217, -3.330136884765800165, -5.127344573142170070 ) ) ;
#6133 = EDGE_LOOP ( 'NONE', ( #3382, #1994, #2192, #3405 ) ) ;
#6134 = EDGE_CURVE ( 'NONE', #5180, #1805, #308, .T. ) ;
#6135 = DIRECTION ( 'NONE',  ( 0.000000000000000000, 0.000000000000000000, -1.000000000000000000 ) ) ;
#6136 = PRODUCT_DEFINITION ( 'UNKNOWN', '', #3532, #3270 ) ;
#6137 = CARTESIAN_POINT ( 'NONE',  ( 0.7793231986890012397, 6.873672944855782063, -19.93063040379344386 ) ) ;
#6138 = DIRECTION ( 'NONE',  ( 0.000000000000000000, 0.000000000000000000, 1.000000000000000000 ) ) ;
#6139 = PLANE ( 'NONE',  #5906 ) ;
#6140 = ORIENTED_EDGE ( 'NONE', *, *, #5193, .F. ) ;
#6141 = CARTESIAN_POINT ( 'NONE',  ( -23.61999999999999744, -3.000000000000000000, 0.000000000000000000 ) ) ;
#6142 = LINE ( 'NONE', #4533, #1631 ) ;
#6143 = DIRECTION ( 'NONE',  ( -0.4999999999999980571, 0.000000000000000000, 0.8660254037844397068 ) ) ;
#6144 = AXIS2_PLACEMENT_3D ( 'NONE', #5555, #2895, #6473 ) ;
#6145 = ORIENTED_EDGE ( 'NONE', *, *, #5529, .F. ) ;
#6146 = ORIENTED_EDGE ( 'NONE', *, *, #4330, .F. ) ;
#6147 = ORIENTED_EDGE ( 'NONE', *, *, #2545, .T. ) ;
#6148 = VECTOR ( 'NONE', #5316, 1000.000000000000000 ) ;
#6149 = LINE ( 'NONE', #5089, #1483 ) ;
#6150 = DIRECTION ( 'NONE',  ( -1.000000000000000000, 3.576939520802765256E-16, 0.000000000000000000 ) ) ;
#6151 = EDGE_CURVE ( 'NONE', #1038, #4403, #4858, .T. ) ;
#6152 = VECTOR ( 'NONE', #220, 1000.000000000000000 ) ;
#6153 = CARTESIAN_POINT ( 'NONE',  ( -24.87000000000000099, -3.000000000000000000, -20.00000000000000000 ) ) ;
#6154 = VERTEX_POINT ( 'NONE', #2904 ) ;
#6155 = DIRECTION ( 'NONE',  ( 1.000000000000000000, -4.267939200957839972E-16, 0.000000000000000000 ) ) ;
#6156 = ORIENTED_EDGE ( 'NONE', *, *, #4428, .F. ) ;
#6157 = CARTESIAN_POINT ( 'NONE',  ( -14.54158582488425822, 1.089375288512699047, 7.972088914578909780 ) ) ;
#6159 = VECTOR ( 'NONE', #4538, 1000.000000000000000 ) ;
#6158 = LINE ( 'NONE', #1492, #5934 ) ;
#6160 = VERTEX_POINT ( 'NONE', #6575 ) ;
#6161 = ADVANCED_FACE ( 'NONE', ( #831 ), #3965, .T. ) ;
#6162 = DIRECTION ( 'NONE',  ( 0.6211215839638799530, -0.4779288188301689666, -0.6211215839638809522 ) ) ;
#6163 = B_SPLINE_SURFACE_WITH_KNOTS ( 'NONE', 3, 1, ( 
 ( #5772, #3188 ),
 ( #1244, #703 ),
 ( #2769, #637 ),
 ( #1209, #4812 ),
 ( #1104, #204 ),
 ( #2267, #2234 ),
 ( #3316, #1178 ),
 ( #1753, #5396 ),
 ( #2640, #135 ),
 ( #70, #6388 ) ),
 .UNSPECIFIED., .F., .F., .F.,
 ( 4, 2, 2, 2, 4 ),
 ( 2, 2 ),
 ( 0.000000000000000000, 0.2500000000000000000, 0.5000000000000000000, 0.7500000000000000000, 1.000000000000000000 ),
 ( 0.000000000000000000, 1.000000000000000000 ),
 .UNSPECIFIED. ) ;
#6164 = ORIENTED_EDGE ( 'NONE', *, *, #4446, .T. ) ;
#6165 = DIRECTION ( 'NONE',  ( -0.4999999999999944489, -0.5025327086122917120, -0.7053090647190061180 ) ) ;
#6166 = DIRECTION ( 'NONE',  ( 1.000000000000000000, 0.000000000000000000, 0.000000000000000000 ) ) ;
#6167 = DIRECTION ( 'NONE',  ( 0.000000000000000000, 0.000000000000000000, 1.000000000000000000 ) ) ;
#6168 = EDGE_CURVE ( 'NONE', #6273, #5582, #1340, .T. ) ;
#6169 = CARTESIAN_POINT ( 'NONE',  ( -25.05763838858617376, 5.500000000000000000, -20.31236161141382723 ) ) ;
#6170 = EDGE_LOOP ( 'NONE', ( #4660, #1262, #4059, #3822 ) ) ;
#6171 = DIRECTION ( 'NONE',  ( -0.7071067811865492381, 0.7071067811865457964, -0.000000000000000000 ) ) ;
#6172 = DIRECTION ( 'NONE',  ( 0.000000000000000000, -1.000000000000000000, 0.000000000000000000 ) ) ;
#6173 = CARTESIAN_POINT ( 'NONE',  ( 0.6350852961085620141, -1.100000000000000089, -10.41000000000000014 ) ) ;
#6174 = EDGE_CURVE ( 'NONE', #1090, #5307, #1305, .T. ) ;
#6175 = ORIENTED_EDGE ( 'NONE', *, *, #3659, .F. ) ;
#6176 = CARTESIAN_POINT ( 'NONE',  ( -0.3252691193458258634, 4.087077195258210338, -12.55000000000000071 ) ) ;
#6177 = CARTESIAN_POINT ( 'NONE',  ( -7.727610376933929714, 9.220525079992276218, -15.97996480001086184 ) ) ;
#6178 = DIRECTION ( 'NONE',  ( -0.7071067811865475727, -0.7071067811865475727, 0.000000000000000000 ) ) ;
#6179 = CYLINDRICAL_SURFACE ( 'NONE', #3461, 2.949999999999999289 ) ;
#6180 = ORIENTED_EDGE ( 'NONE', *, *, #5898, .F. ) ;
#6181 = EDGE_LOOP ( 'NONE', ( #1059, #2063, #633, #1654 ) ) ;
#6182 = ORIENTED_EDGE ( 'NONE', *, *, #907, .F. ) ;
#6183 = CARTESIAN_POINT ( 'NONE',  ( -5.482928049865329889, -3.000000000000000000, -2.000000000000000000 ) ) ;
#6184 = LINE ( 'NONE', #2542, #1079 ) ;
#6185 = PLANE ( 'NONE',  #2729 ) ;
#6186 = ORIENTED_EDGE ( 'NONE', *, *, #4708, .F. ) ;
#6187 = CIRCLE ( 'NONE', #2811, 3.120000000000000107 ) ;
#6188 = EDGE_CURVE ( 'NONE', #2142, #1414, #5563, .T. ) ;
#6189 = CYLINDRICAL_SURFACE ( 'NONE', #5248, 4.099999999999999645 ) ;
#6190 = CARTESIAN_POINT ( 'NONE',  ( 0.000000000000000000, -3.000000000000000000, -20.00000000000000000 ) ) ;
#6191 = AXIS2_PLACEMENT_3D ( 'NONE', #3417, #906, #407 ) ;
#6192 = ORIENTED_EDGE ( 'NONE', *, *, #5158, .F. ) ;
#6193 = DIRECTION ( 'NONE',  ( 1.000000000000000000, 0.000000000000000000, 0.000000000000000000 ) ) ;
#6194 = FACE_OUTER_BOUND ( 'NONE', #4258, .T. ) ;
#6195 = VECTOR ( 'NONE', #4376, 1000.000000000000114 ) ;
#6196 = B_SPLINE_CURVE_WITH_KNOTS ( 'NONE', 3,
 ( #1452, #6214, #1041, #2031 ),
 .UNSPECIFIED., .F., .F.,
 ( 4, 4 ),
 ( -4.318694343405424868E-06, 5.773404532329209087E-06 ),
 .UNSPECIFIED. ) ;
#6197 = EDGE_CURVE ( 'NONE', #3661, #3151, #397, .T. ) ;
#6198 = DIRECTION ( 'NONE',  ( -0.7071067811865393571, 0.000000000000000000, -0.7071067811865556774 ) ) ;
#6199 = DIRECTION ( 'NONE',  ( -1.000000000000000000, 0.000000000000000000, 0.000000000000000000 ) ) ;
#6200 = LINE ( 'NONE', #1565, #6684 ) ;
#6201 = EDGE_CURVE ( 'NONE', #3647, #3673, #1486, .T. ) ;
#6202 = ORIENTED_EDGE ( 'NONE', *, *, #5963, .T. ) ;
#6203 = LINE ( 'NONE', #888, #4041 ) ;
#6204 = DIRECTION ( 'NONE',  ( -1.000000000000000000, 0.000000000000000000, 0.000000000000000000 ) ) ;
#6205 = CARTESIAN_POINT ( 'NONE',  ( 0.8467803948114300816, -0.7333333333333310611, -10.41000000000000014 ) ) ;
#6206 = EDGE_LOOP ( 'NONE', ( #3470, #3951, #6323, #5783, #4756, #6255 ) ) ;
#6207 = CARTESIAN_POINT ( 'NONE',  ( -11.10216106015369064, 6.081413424397595691, -20.38573554470514893 ) ) ;
#6208 = CARTESIAN_POINT ( 'NONE',  ( -0.3252691193458258634, -4.087077195258210338, -12.55000000000000071 ) ) ;
#6209 = CARTESIAN_POINT ( 'NONE',  ( 5.976951497373099720, -1.835410313131580429, -0.6645896868684219028 ) ) ;
#6210 = FACE_OUTER_BOUND ( 'NONE', #5017, .T. ) ;
#6211 = ORIENTED_EDGE ( 'NONE', *, *, #6217, .T. ) ;
#6212 = ORIENTED_EDGE ( 'NONE', *, *, #2617, .T. ) ;
#6213 = VERTEX_POINT ( 'NONE', #3849 ) ;
#6214 = CARTESIAN_POINT ( 'NONE',  ( -1.854249640868319782, 5.440252599463439535E-14, -9.149504279933161399 ) ) ;
#6215 = CARTESIAN_POINT ( 'NONE',  ( -9.799999999999998934, 8.828427124746188071, -6.750000000000000000 ) ) ;
#6216 =( BOUNDED_CURVE ( )  B_SPLINE_CURVE ( 3, ( #4316, #5990, #2283, #1774 ),
 .UNSPECIFIED., .F., .T. ) 
 B_SPLINE_CURVE_WITH_KNOTS ( ( 4, 4 ),
 ( 1.982313172862385064, 2.071451039199484701 ),
 .UNSPECIFIED. ) 
 CURVE ( )  GEOMETRIC_REPRESENTATION_ITEM ( )  RATIONAL_B_SPLINE_CURVE ( ( 1.000000000000000000, 0.9993379796621609801, 0.9993379796621609801, 1.000000000000000000 ) ) 
 REPRESENTATION_ITEM ( '' )  );
#6217 = EDGE_CURVE ( 'NONE', #1734, #3204, #1849, .T. ) ;
#6218 = CIRCLE ( 'NONE', #4025, 6.250000000000000000 ) ;
#6219 = ORIENTED_EDGE ( 'NONE', *, *, #4465, .T. ) ;
#6220 = VECTOR ( 'NONE', #4508, 1000.000000000000000 ) ;
#6221 = EDGE_CURVE ( 'NONE', #2677, #111, #3982, .T. ) ;
#6222 = ORIENTED_EDGE ( 'NONE', *, *, #5226, .T. ) ;
#6223 = CARTESIAN_POINT ( 'NONE',  ( 4.320000000000000284, 5.290474172316569918E-16, -14.92999999999999972 ) ) ;
#6224 = VECTOR ( 'NONE', #4943, 1000.000000000000000 ) ;
#6225 = DIRECTION ( 'NONE',  ( 1.000000000000000000, 0.000000000000000000, 0.000000000000000000 ) ) ;
#6226 = EDGE_LOOP ( 'NONE', ( #6486, #4378, #383, #4455, #1117 ) ) ;
#6227 = CARTESIAN_POINT ( 'NONE',  ( -23.61999999999999744, 1.000000000000000000, 0.000000000000000000 ) ) ;
#6228 = ORIENTED_EDGE ( 'NONE', *, *, #1930, .F. ) ;
#6229 = VECTOR ( 'NONE', #5698, 1000.000000000000000 ) ;
#6230 = DIRECTION ( 'NONE',  ( 0.3050043672476719925, -0.5282830606033900311, 0.7923946894315749834 ) ) ;
#6231 = AXIS2_PLACEMENT_3D ( 'NONE', #936, #5185, #4641 ) ;
#6232 = AXIS2_PLACEMENT_3D ( 'NONE', #3301, #5375, #719 ) ;
#6233 = DIRECTION ( 'NONE',  ( 0.000000000000000000, 1.000000000000000000, 0.000000000000000000 ) ) ;
#6234 = CARTESIAN_POINT ( 'NONE',  ( -1.860640646055099934, 0.02272413359521750081, -7.049999999999999822 ) ) ;
#6235 = ORIENTED_EDGE ( 'NONE', *, *, #2747, .T. ) ;
#6236 = DIRECTION ( 'NONE',  ( 1.752335333352426671E-16, 0.7071067811865475727, 0.7071067811865475727 ) ) ;
#6237 = ADVANCED_FACE ( 'NONE', ( #2363 ), #4494, .F. ) ;
#6238 = EDGE_CURVE ( 'NONE', #5087, #6669, #2938, .T. ) ;
#6239 = ORIENTED_EDGE ( 'NONE', *, *, #2667, .T. ) ;
#6240 = CARTESIAN_POINT ( 'NONE',  ( -1.292346314604033708, -3.120000000000007212, -12.09999999999999964 ) ) ;
#6241 = ORIENTED_EDGE ( 'NONE', *, *, #5945, .T. ) ;
#6242 = DIRECTION ( 'NONE',  ( 0.000000000000000000, 0.000000000000000000, 1.000000000000000000 ) ) ;
#6243 = VERTEX_POINT ( 'NONE', #3442 ) ;
#6244 = CARTESIAN_POINT ( 'NONE',  ( -17.86999999999999389, 0.5000000000000004441, 8.349999999999999645 ) ) ;
#6245 = CARTESIAN_POINT ( 'NONE',  ( 6.025636657598606227, -1.668647083749049465, -0.8313529162509550874 ) ) ;
#6246 = CARTESIAN_POINT ( 'NONE',  ( -9.835696450285100312, 1.500000000000000444, -0.5000000000000000000 ) ) ;
#6247 = EDGE_CURVE ( 'NONE', #1177, #81, #6258, .T. ) ;
#6248 = VERTEX_POINT ( 'NONE', #1919 ) ;
#6249 = ORIENTED_EDGE ( 'NONE', *, *, #2453, .T. ) ;
#6250 = CARTESIAN_POINT ( 'NONE',  ( -20.21999999999999886, 1.000000000000000000, 2.399999999999999911 ) ) ;
#6251 = ORIENTED_EDGE ( 'NONE', *, *, #1019, .F. ) ;
#6252 = CARTESIAN_POINT ( 'NONE',  ( -21.91999999999999815, -2.500000000000000000, 8.349999999999999645 ) ) ;
#6253 = DIRECTION ( 'NONE',  ( 0.000000000000000000, 0.000000000000000000, 1.000000000000000000 ) ) ;
#6254 = ADVANCED_FACE ( 'NONE', ( #6545 ), #3408, .F. ) ;
#6255 = ORIENTED_EDGE ( 'NONE', *, *, #6660, .T. ) ;
#6256 = ORIENTED_EDGE ( 'NONE', *, *, #5692, .F. ) ;
#6257 = ORIENTED_EDGE ( 'NONE', *, *, #6370, .F. ) ;
#6258 = CIRCLE ( 'NONE', #608, 6.250000000000000000 ) ;
#6259 = DIRECTION ( 'NONE',  ( 0.000000000000000000, 0.000000000000000000, 1.000000000000000000 ) ) ;
#6260 = ADVANCED_FACE ( 'NONE', ( #1408 ), #897, .F. ) ;
#6261 = EDGE_CURVE ( 'NONE', #1154, #2705, #5424, .T. ) ;
#6262 = AXIS2_PLACEMENT_3D ( 'NONE', #4078, #6167, #1025 ) ;
#6263 = ORIENTED_EDGE ( 'NONE', *, *, #508, .T. ) ;
#6264 = CARTESIAN_POINT ( 'NONE',  ( -7.250000000000000000, 20.24999999999999645, 8.810000000000000497 ) ) ;
#6265 = ORIENTED_EDGE ( 'NONE', *, *, #839, .F. ) ;
#6266 = FACE_OUTER_BOUND ( 'NONE', #3091, .T. ) ;
#6267 = CIRCLE ( 'NONE', #192, 4.100000000000010303 ) ;
#6268 = DIRECTION ( 'NONE',  ( 0.000000000000000000, 0.1655662014541102733, -0.9861986782266832785 ) ) ;
#6269 = CARTESIAN_POINT ( 'NONE',  ( -13.16356214626321197, 10.93484714075048814, -8.949762445713480119 ) ) ;
#6270 = ORIENTED_EDGE ( 'NONE', *, *, #325, .F. ) ;
#6271 = VECTOR ( 'NONE', #5708, 1000.000000000000000 ) ;
#6272 = CARTESIAN_POINT ( 'NONE',  ( -1.899999999999999911, 1.850000000000000089, 3.308669056742545080E-16 ) ) ;
#6273 = VERTEX_POINT ( 'NONE', #4946 ) ;
#6274 = PRODUCT_DEFINITION_SHAPE ( 'NONE', 'NONE',  #6136 ) ;
#6275 = DIRECTION ( 'NONE',  ( 0.000000000000000000, -1.000000000000000000, 0.000000000000000000 ) ) ;
#6276 = LINE ( 'NONE', #3676, #4720 ) ;
#6277 = CARTESIAN_POINT ( 'NONE',  ( 1.966221490466090627, 6.100714145377041042, -1.158902405816963244 ) ) ;
#6278 = CYLINDRICAL_SURFACE ( 'NONE', #5769, 3.899999999999999911 ) ;
#6279 = CARTESIAN_POINT ( 'NONE',  ( -8.874999999999678479, 11.49306007540730512, -11.84261519349417568 ) ) ;
#6280 = PLANE ( 'NONE',  #1443 ) ;
#6281 = B_SPLINE_CURVE_WITH_KNOTS ( 'NONE', 3,
 ( #4214, #6313, #825, #1366, #4354, #795, #3844, #1878, #4388, #1297, #3437, #3370, #2262, #5450, #2796, #199, #2865, #4322, #1843 ),
 .UNSPECIFIED., .F., .F.,
 ( 4, 2, 2, 1, 2, 2, 2, 2, 2, 4 ),
 ( 0.000000000000000000, 0.1250000000000064670, 0.1875000000000087985, 0.2187500000000091316, 0.2343750000000092981, 0.2500000000000094369, 0.3750000000000127121, 0.4375000000000129896, 0.5000000000000132117, 1.000000000000000000 ),
 .UNSPECIFIED. ) ;
#6282 = ORIENTED_EDGE ( 'NONE', *, *, #353, .F. ) ;
#6283 = ORIENTED_EDGE ( 'NONE', *, *, #4220, .T. ) ;
#6284 = CARTESIAN_POINT ( 'NONE',  ( -25.37000000000000099, 5.500000000000000000, -1.000000000000000000 ) ) ;
#6285 = ORIENTED_EDGE ( 'NONE', *, *, #908, .T. ) ;
#6286 = CARTESIAN_POINT ( 'NONE',  ( 3.120000000000000551, -1.292346314604050583, -12.09999999999999964 ) ) ;
#6287 = EDGE_CURVE ( 'NONE', #4950, #2505, #4152, .T. ) ;
#6288 = DIRECTION ( 'NONE',  ( -0.6546536707079720907, 0.000000000000000000, -0.7559289460184588361 ) ) ;
#6289 = EDGE_CURVE ( 'NONE', #111, #2649, #2595, .T. ) ;
#6290 = EDGE_LOOP ( 'NONE', ( #4616, #5948, #5427, #2086 ) ) ;
#6291 = ORIENTED_EDGE ( 'NONE', *, *, #4446, .F. ) ;
#6292 = LINE ( 'NONE', #3523, #4375 ) ;
#6293 = ADVANCED_FACE ( 'NONE', ( #965 ), #2057, .F. ) ;
#6294 = CARTESIAN_POINT ( 'NONE',  ( 0.2116950987028405062, -1.100000000000000089, -10.41000000000000014 ) ) ;
#6295 = EDGE_LOOP ( 'NONE', ( #2619, #434, #3690, #5008 ) ) ;
#6296 = CARTESIAN_POINT ( 'NONE',  ( 2.040000000000000036, -1.873637355284489959E-14, -11.41000000000000014 ) ) ;
#6297 = ADVANCED_FACE ( 'NONE', ( #2088 ), #1065, .F. ) ;
#6298 = EDGE_LOOP ( 'NONE', ( #1633, #502, #1767, #5256 ) ) ;
#6299 = CARTESIAN_POINT ( 'NONE',  ( -7.376772337713844330, -3.000000000000000000, -4.258981494929651390 ) ) ;
#6300 = CARTESIAN_POINT ( 'NONE',  ( -0.6350852961085869941, 1.100000000000000089, -10.41000000000000014 ) ) ;
#6301 = CARTESIAN_POINT ( 'NONE',  ( 5.848617142569999316, -1.671226649943170051, -0.8287733500568370548 ) ) ;
#6302 = VECTOR ( 'NONE', #4849, 1000.000000000000000 ) ;
#6303 = EDGE_LOOP ( 'NONE', ( #413, #534, #6411, #4292 ) ) ;
#6304 = DIRECTION ( 'NONE',  ( 0.000000000000000000, 0.000000000000000000, -1.000000000000000000 ) ) ;
#6305 = AXIS2_PLACEMENT_3D ( 'NONE', #4557, #6172, #6634 ) ;
#6306 = LINE ( 'NONE', #1671, #5127 ) ;
#6307 = ORIENTED_EDGE ( 'NONE', *, *, #4724, .T. ) ;
#6308 = DIRECTION ( 'NONE',  ( -1.000000000000000000, 0.000000000000000000, 0.000000000000000000 ) ) ;
#6309 = CARTESIAN_POINT ( 'NONE',  ( 0.3642976019479595151, 2.015173847483590297, -11.41000000000000014 ) ) ;
#6310 = LINE ( 'NONE', #63, #392 ) ;
#6311 = AXIS2_PLACEMENT_3D ( 'NONE', #2874, #2364, #4426 ) ;
#6312 = PLANE ( 'NONE',  #371 ) ;
#6313 = CARTESIAN_POINT ( 'NONE',  ( -1.801374960644829715, 3.483903091210835922E-14, -9.149150405556898846 ) ) ;
#6314 = ORIENTED_EDGE ( 'NONE', *, *, #1617, .F. ) ;
#6315 = ORIENTED_EDGE ( 'NONE', *, *, #1138, .F. ) ;
#6316 = AXIS2_PLACEMENT_3D ( 'NONE', #3110, #1951, #4154 ) ;
#6317 = CARTESIAN_POINT ( 'NONE',  ( 0.000000000000000000, 0.000000000000000000, -0.5000000000000000000 ) ) ;
#6318 = EDGE_LOOP ( 'NONE', ( #5838, #1947, #5145, #5662 ) ) ;
#6319 = LINE ( 'NONE', #1684, #617 ) ;
#6320 = CARTESIAN_POINT ( 'NONE',  ( -2.206173157302020904, -2.206173157302025345, -12.34999999999999964 ) ) ;
#6321 = EDGE_CURVE ( 'NONE', #3472, #4782, #4639, .T. ) ;
#6322 = VERTEX_POINT ( 'NONE', #6244 ) ;
#6323 = ORIENTED_EDGE ( 'NONE', *, *, #326, .T. ) ;
#6324 = DIRECTION ( 'NONE',  ( 0.000000000000000000, 0.000000000000000000, -1.000000000000000000 ) ) ;
#6325 = CARTESIAN_POINT ( 'NONE',  ( -9.100916197412351138, 15.04553080045969971, 4.186735610773590466 ) ) ;
#6326 = VECTOR ( 'NONE', #4934, 1000.000000000000000 ) ;
#6327 = ORIENTED_EDGE ( 'NONE', *, *, #3793, .T. ) ;
#6328 = VECTOR ( 'NONE', #4180, 1000.000000000000114 ) ;
#6329 = B_SPLINE_SURFACE_WITH_KNOTS ( 'NONE', 3, 1, ( 
 ( #152, #6300 ),
 ( #5858, #2217 ),
 ( #686, #4344 ),
 ( #5310, #5823 ),
 ( #3333, #5376 ),
 ( #4790, #650 ),
 ( #5891, #1192 ),
 ( #5923, #86 ),
 ( #3266, #5410 ),
 ( #1627, #4276 ) ),
 .UNSPECIFIED., .F., .F., .F.,
 ( 4, 2, 2, 2, 4 ),
 ( 2, 2 ),
 ( 0.000000000000000000, 0.2500000000000000000, 0.5000000000000000000, 0.7500000000000000000, 1.000000000000000000 ),
 ( 0.000000000000000000, 1.000000000000000000 ),
 .UNSPECIFIED. ) ;
#6330 = ORIENTED_EDGE ( 'NONE', *, *, #5784, .T. ) ;
#6331 = AXIS2_PLACEMENT_3D ( 'NONE', #6227, #3160, #4201 ) ;
#6332 = AXIS2_PLACEMENT_3D ( 'NONE', #3356, #718, #814 ) ;
#6333 = CARTESIAN_POINT ( 'NONE',  ( -23.61999999999999744, -3.000000000000000000, 4.899999999999999467 ) ) ;
#6334 = CARTESIAN_POINT ( 'NONE',  ( 1.750000000000000000, -6.000000000000000000, -20.50000000000000000 ) ) ;
#6335 = ORIENTED_EDGE ( 'NONE', *, *, #5528, .F. ) ;
#6336 = AXIS2_PLACEMENT_3D ( 'NONE', #3067, #3507, #4529 ) ;
#6337 = VECTOR ( 'NONE', #3680, 1000.000000000000000 ) ;
#6338 = CIRCLE ( 'NONE', #6552, 1.642787265594674917 ) ;
#6339 = ORIENTED_EDGE ( 'NONE', *, *, #5444, .T. ) ;
#6340 = CARTESIAN_POINT ( 'NONE',  ( 0.9526279441628829892, 0.5500000000000000444, -2.000000000000000000 ) ) ;
#6341 = DIRECTION ( 'NONE',  ( 0.6546536707079736450, -0.6546536707079796402, -0.3779644730092288629 ) ) ;
#6342 = EDGE_CURVE ( 'NONE', #5533, #5074, #3072, .T. ) ;
#6343 = CARTESIAN_POINT ( 'NONE',  ( 1.389879134207897105, 6.960120865792099210, -19.15246194274799407 ) ) ;
#6344 = AXIS2_PLACEMENT_3D ( 'NONE', #5334, #2898, #2358 ) ;
#6345 = LINE ( 'NONE', #5318, #6625 ) ;
#6346 = EDGE_CURVE ( 'NONE', #2075, #5735, #1572, .T. ) ;
#6347 = DIRECTION ( 'NONE',  ( 0.7071067811865493491, -0.7071067811865456854, -0.000000000000000000 ) ) ;
#6348 = CARTESIAN_POINT ( 'NONE',  ( -0.6350852961085869941, -1.100000000000000089, -4.989553674790399462 ) ) ;
#6349 = EDGE_CURVE ( 'NONE', #4235, #6669, #497, .T. ) ;
#6350 = EDGE_LOOP ( 'NONE', ( #3478, #1174 ) ) ;
#6351 = ORIENTED_EDGE ( 'NONE', *, *, #4013, .F. ) ;
#6352 = CARTESIAN_POINT ( 'NONE',  ( -17.37000000000000099, 0.000000000000000000, -0.5000000000000000000 ) ) ;
#6353 = ORIENTED_EDGE ( 'NONE', *, *, #5588, .T. ) ;
#6354 = CARTESIAN_POINT ( 'NONE',  ( -1.105356974374213985, -1.285465559880839992, -5.591741447231370010 ) ) ;
#6355 = DIRECTION ( 'NONE',  ( -1.000000000000000000, 0.000000000000000000, 0.000000000000000000 ) ) ;
#6356 = CARTESIAN_POINT ( 'NONE',  ( -1.899999999999999911, 0.000000000000000000, -7.049999999999999822 ) ) ;
#6357 = EDGE_LOOP ( 'NONE', ( #3704, #3560, #5143 ) ) ;
#6358 = VERTEX_POINT ( 'NONE', #3108 ) ;
#6359 = SPHERICAL_SURFACE ( 'NONE', #6344, 2.100000000000000089 ) ;
#6360 = ORIENTED_EDGE ( 'NONE', *, *, #521, .F. ) ;
#6361 = DIRECTION ( 'NONE',  ( -1.000000000000000000, 2.478176394252580155E-16, 0.000000000000000000 ) ) ;
#6362 = CARTESIAN_POINT ( 'NONE',  ( 1.270170592217156003, -1.214306433183764019E-14, -10.41000000000000014 ) ) ;
#6363 = CARTESIAN_POINT ( 'NONE',  ( -21.91999999999999815, 3.600000000000001865, 4.899999999999999467 ) ) ;
#6364 = VERTEX_POINT ( 'NONE', #1989 ) ;
#6365 = VERTEX_POINT ( 'NONE', #6208 ) ;
#6366 = VECTOR ( 'NONE', #5387, 1000.000000000000000 ) ;
#6367 = DIRECTION ( 'NONE',  ( -0.000000000000000000, -0.000000000000000000, 1.000000000000000000 ) ) ;
#6368 = LINE ( 'NONE', #5345, #4144 ) ;
#6369 = CARTESIAN_POINT ( 'NONE',  ( 0.000000000000000000, 0.000000000000000000, -1.000000000000000000 ) ) ;
#6370 = EDGE_CURVE ( 'NONE', #2697, #3153, #2212, .T. ) ;
#6371 = ORIENTED_EDGE ( 'NONE', *, *, #4888, .T. ) ;
#6372 = DIRECTION ( 'NONE',  ( 0.000000000000000000, 0.000000000000000000, -1.000000000000000000 ) ) ;
#6373 = B_SPLINE_CURVE_WITH_KNOTS ( 'NONE', 3,
 ( #2721, #1675, #1601, #5209, #5832, #1168, #4800, #163, #4287, #3648 ),
 .UNSPECIFIED., .F., .F.,
 ( 4, 2, 2, 2, 4 ),
 ( 0.000000000000000000, 0.2500000000000000000, 0.5000000000000000000, 0.7500000000000000000, 1.000000000000000000 ),
 .UNSPECIFIED. ) ;
#6374 = CIRCLE ( 'NONE', #5277, 4.099999999999999645 ) ;
#6375 = VERTEX_POINT ( 'NONE', #6177 ) ;
#6376 = EDGE_CURVE ( 'NONE', #1925, #6090, #4669, .T. ) ;
#6377 = CARTESIAN_POINT ( 'NONE',  ( 5.728219618694802229, -2.500000000000000444, -0.5000000000000004441 ) ) ;
#6378 = CARTESIAN_POINT ( 'NONE',  ( -24.87000000000000099, 3.600000000000001865, -0.5000000000000000000 ) ) ;
#6379 = EDGE_CURVE ( 'NONE', #996, #3878, #4015, .T. ) ;
#6380 = FACE_OUTER_BOUND ( 'NONE', #2488, .T. ) ;
#6381 = VECTOR ( 'NONE', #6584, 1000.000000000000000 ) ;
#6382 = SURFACE_STYLE_USAGE ( .BOTH. , #4186 ) ;
#6383 = DIRECTION ( 'NONE',  ( 0.000000000000000000, -0.7071067811865470176, 0.7071067811865480168 ) ) ;
#6384 = EDGE_LOOP ( 'NONE', ( #605, #5936, #1697, #5261, #1243 ) ) ;
#6385 = ADVANCED_FACE ( 'NONE', ( #1033 ), #5598, .T. ) ;
#6386 = DIRECTION ( 'NONE',  ( -1.000000000000000000, 0.000000000000000000, 0.000000000000000000 ) ) ;
#6387 = ORIENTED_EDGE ( 'NONE', *, *, #1462, .T. ) ;
#6388 = CARTESIAN_POINT ( 'NONE',  ( -0.6350852961086059789, -1.100000000000000089, -10.41000000000000014 ) ) ;
#6389 = FACE_OUTER_BOUND ( 'NONE', #904, .T. ) ;
#6390 = LINE ( 'NONE', #3288, #6302 ) ;
#6391 = ORIENTED_EDGE ( 'NONE', *, *, #6050, .F. ) ;
#6392 = ORIENTED_EDGE ( 'NONE', *, *, #913, .F. ) ;
#6393 = VERTEX_POINT ( 'NONE', #2496 ) ;
#6394 = CARTESIAN_POINT ( 'NONE',  ( 7.511572993685779379E-16, 1.100000000000000089, -2.000000000000000000 ) ) ;
#6395 = CARTESIAN_POINT ( 'NONE',  ( 1.005551718838582076, 0.4583333333333209914, -10.41000000000000014 ) ) ;
#6396 = CARTESIAN_POINT ( 'NONE',  ( 3.774969487281980118, 20.24999999999999645, 3.023640890839699225 ) ) ;
#6397 = VERTEX_POINT ( 'NONE', #4564 ) ;
#6398 = EDGE_CURVE ( 'NONE', #421, #3647, #3175, .T. ) ;
#6399 = CARTESIAN_POINT ( 'NONE',  ( -1.899999999999999911, 0.000000000000000000, -7.049999999999999822 ) ) ;
#6400 = CARTESIAN_POINT ( 'NONE',  ( -8.770222325492429860, 14.75000000000000000, 4.244429080537145182 ) ) ;
#6401 = LINE ( 'NONE', #4892, #5170 ) ;
#6402 = ORIENTED_EDGE ( 'NONE', *, *, #3794, .F. ) ;
#6403 = DIRECTION ( 'NONE',  ( 0.000000000000000000, 0.000000000000000000, -1.000000000000000000 ) ) ;
#6404 = EDGE_CURVE ( 'NONE', #2484, #3083, #460, .T. ) ;
#6405 = DIRECTION ( 'NONE',  ( 1.239088197126289831E-16, 1.000000000000000000, 0.000000000000000000 ) ) ;
#6406 = CARTESIAN_POINT ( 'NONE',  ( -1.860640646055099934, -0.02272413359521725101, -7.049999999999999822 ) ) ;
#6407 = DIRECTION ( 'NONE',  ( 0.7071067811865503483, -2.643636620678550853E-15, -0.7071067811865446862 ) ) ;
#6408 = CARTESIAN_POINT ( 'NONE',  ( -2.146720301521298779E-14, -1.452830911130575942E-14, -20.50000000000000000 ) ) ;
#6409 = DIRECTION ( 'NONE',  ( 1.000000000000000000, 0.000000000000000000, 0.000000000000000000 ) ) ;
#6410 = VECTOR ( 'NONE', #1732, 1000.000000000000114 ) ;
#6411 = ORIENTED_EDGE ( 'NONE', *, *, #812, .T. ) ;
#6412 = DIRECTION ( 'NONE',  ( -1.000000000000000000, 0.000000000000000000, 0.000000000000000000 ) ) ;
#6413 = ORIENTED_EDGE ( 'NONE', *, *, #1249, .T. ) ;
#6414 = LINE ( 'NONE', #4326, #1051 ) ;
#6415 = CARTESIAN_POINT ( 'NONE',  ( -0.8727756813566309724, 1.851691823720260199, -11.41000000000000014 ) ) ;
#6416 = FACE_OUTER_BOUND ( 'NONE', #5254, .T. ) ;
#6417 = ORIENTED_EDGE ( 'NONE', *, *, #2575, .T. ) ;
#6418 = VECTOR ( 'NONE', #462, 1000.000000000000000 ) ;
#6419 = ORIENTED_EDGE ( 'NONE', *, *, #5368, .F. ) ;
#6420 = ORIENTED_EDGE ( 'NONE', *, *, #474, .T. ) ;
#6421 = DIRECTION ( 'NONE',  ( 1.000000000000000000, 0.000000000000000000, 0.000000000000000000 ) ) ;
#6422 = CARTESIAN_POINT ( 'NONE',  ( 1.019999999999984031, -1.766691823720265120, -11.41000000000000014 ) ) ;
#6423 = FACE_BOUND ( 'NONE', #4401, .T. ) ;
#6424 = EDGE_CURVE ( 'NONE', #3322, #3395, #616, .T. ) ;
#6425 = ORIENTED_EDGE ( 'NONE', *, *, #2945, .F. ) ;
#6426 = DIRECTION ( 'NONE',  ( 0.000000000000000000, 0.000000000000000000, -1.000000000000000000 ) ) ;
#6427 = LINE ( 'NONE', #3832, #3298 ) ;
#6428 = CARTESIAN_POINT ( 'NONE',  ( -0.9749999999999999778, 0.9249999999999900524, -7.049999999999999822 ) ) ;
#6429 = CARTESIAN_POINT ( 'NONE',  ( -1.899999999999999911, 0.000000000000000000, -9.150000000000000355 ) ) ;
#6430 = ORIENTED_EDGE ( 'NONE', *, *, #2105, .F. ) ;
#6431 = FACE_OUTER_BOUND ( 'NONE', #6318, .T. ) ;
#6432 = CIRCLE ( 'NONE', #5349, 4.100000000000009415 ) ;
#6433 = AXIS2_PLACEMENT_3D ( 'NONE', #6399, #1316, #1735 ) ;
#6434 = CARTESIAN_POINT ( 'NONE',  ( -0.000000000000000000, 13.96512815622725334, -9.320872763189839816 ) ) ;
#6435 = FACE_BOUND ( 'NONE', #1161, .T. ) ;
#6436 = LINE ( 'NONE', #6061, #4390 ) ;
#6437 = VECTOR ( 'NONE', #1242, 1000.000000000000114 ) ;
#6438 = CARTESIAN_POINT ( 'NONE',  ( -21.91999999999999815, 3.600000000000001865, 7.849999999999999645 ) ) ;
#6439 = EDGE_CURVE ( 'NONE', #6375, #1383, #4801, .T. ) ;
#6440 = ADVANCED_FACE ( 'NONE', ( #6380 ), #731, .F. ) ;
#6441 = VECTOR ( 'NONE', #4204, 1000.000000000000114 ) ;
#6442 = CARTESIAN_POINT ( 'NONE',  ( 2.040000000000000036, -0.1700000000000190248, -11.41000000000000014 ) ) ;
#6443 = ORIENTED_EDGE ( 'NONE', *, *, #2368, .T. ) ;
#6444 = VECTOR ( 'NONE', #4681, 1000.000000000000000 ) ;
#6445 = CARTESIAN_POINT ( 'NONE',  ( -0.3252691193458258634, -4.087077195258210338, -12.55000000000000071 ) ) ;
#6446 = ORIENTED_EDGE ( 'NONE', *, *, #4925, .T. ) ;
#6447 = AXIS2_PLACEMENT_3D ( 'NONE', #2805, #4880, #1791 ) ;
#6448 = DIRECTION ( 'NONE',  ( -0.4999999999999997780, 0.8660254037844388186, 0.000000000000000000 ) ) ;
#6449 = LINE ( 'NONE', #1789, #4952 ) ;
#6450 = CARTESIAN_POINT ( 'NONE',  ( 2.206173157302013799, 2.206173157302032894, -12.34999999999999964 ) ) ;
#6451 = ADVANCED_FACE ( 'NONE', ( #698 ), #4288, .F. ) ;
#6452 = ADVANCED_FACE ( 'NONE', ( #2692 ), #5764, .F. ) ;
#6453 = ADVANCED_FACE ( 'NONE', ( #1238 ), #5801, .T. ) ;
#6454 = ORIENTED_EDGE ( 'NONE', *, *, #3808, .T. ) ;
#6455 = VERTEX_POINT ( 'NONE', #6343 ) ;
#6456 = EDGE_LOOP ( 'NONE', ( #6549, #6593, #3000, #5740, #4083, #88, #2877 ) ) ;
#6457 = CARTESIAN_POINT ( 'NONE',  ( 1.019999999999984031, -1.766691823720265120, -11.41000000000000014 ) ) ;
#6458 = EDGE_CURVE ( 'NONE', #6248, #2184, #1169, .T. ) ;
#6459 = CARTESIAN_POINT ( 'NONE',  ( -1.899999999999999911, -1.292307692307689937, -7.049999999999999822 ) ) ;
#6460 = CARTESIAN_POINT ( 'NONE',  ( 0.000000000000000000, -3.000000000000000000, 0.000000000000000000 ) ) ;
#6461 = VERTEX_POINT ( 'NONE', #3777 ) ;
#6462 = CARTESIAN_POINT ( 'NONE',  ( -7.250000000000000000, 14.75000000000000000, 8.810000000000000497 ) ) ;
#6463 = ADVANCED_FACE ( 'NONE', ( #2154 ), #4763, .T. ) ;
#6464 = DIRECTION ( 'NONE',  ( -0.000000000000000000, -0.000000000000000000, 1.000000000000000000 ) ) ;
#6465 = DIRECTION ( 'NONE',  ( -1.000000000000000000, 0.000000000000000000, 0.000000000000000000 ) ) ;
#6466 = CARTESIAN_POINT ( 'NONE',  ( -14.57922092882883724, 0.5000000000000002220, 8.349999999999999645 ) ) ;
#6467 = ORIENTED_EDGE ( 'NONE', *, *, #2799, .F. ) ;
#6468 = DIRECTION ( 'NONE',  ( -0.5000000000000079936, -0.8660254037844339337, 0.000000000000000000 ) ) ;
#6469 = FACE_OUTER_BOUND ( 'NONE', #2735, .T. ) ;
#6470 = TOROIDAL_SURFACE ( 'NONE', #3525, 2.599602749461809914, 0.5000000000000000000 ) ;
#6471 = VECTOR ( 'NONE', #429, 1000.000000000000114 ) ;
#6472 = CARTESIAN_POINT ( 'NONE',  ( -0.3642976019479284844, 2.015173847483594738, -11.41000000000000014 ) ) ;
#6473 = DIRECTION ( 'NONE',  ( 0.7071067811865512365, 0.000000000000000000, -0.7071067811865439090 ) ) ;
#6474 = DIRECTION ( 'NONE',  ( -1.000000000000000000, 1.120467825147319813E-16, 0.000000000000000000 ) ) ;
#6475 = AXIS2_PLACEMENT_3D ( 'NONE', #4345, #4381, #5477 ) ;
#6476 = DIRECTION ( 'NONE',  ( 1.000000000000000000, 0.000000000000000000, 0.000000000000000000 ) ) ;
#6477 = ORIENTED_EDGE ( 'NONE', *, *, #2694, .T. ) ;
#6478 = CARTESIAN_POINT ( 'NONE',  ( -0.6479358441331862783, -1.099999999999999867, -8.980605729297900908 ) ) ;
#6479 = FACE_OUTER_BOUND ( 'NONE', #4578, .T. ) ;
#6480 = VERTEX_POINT ( 'NONE', #2722 ) ;
#6481 = VECTOR ( 'NONE', #5430, 1000.000000000000000 ) ;
#6482 = CARTESIAN_POINT ( 'NONE',  ( 0.000000000000000000, 0.000000000000000000, -20.50000000000000000 ) ) ;
#6483 = CARTESIAN_POINT ( 'NONE',  ( -13.39620822693661673, 17.20782925763267102, 7.166987298107790672 ) ) ;
#6484 = FACE_OUTER_BOUND ( 'NONE', #2408, .T. ) ;
#6485 = CARTESIAN_POINT ( 'NONE',  ( -14.57922092882883724, 0.5000000000000004441, 8.349999999999999645 ) ) ;
#6486 = ORIENTED_EDGE ( 'NONE', *, *, #890, .F. ) ;
#6487 = VECTOR ( 'NONE', #2022, 1000.000000000000114 ) ;
#6488 = EDGE_LOOP ( 'NONE', ( #1061, #676, #3961, #5086, #2665, #2676, #2908, #74, #2447 ) ) ;
#6489 = EDGE_CURVE ( 'NONE', #5351, #3803, #5354, .T. ) ;
#6490 = ORIENTED_EDGE ( 'NONE', *, *, #1462, .F. ) ;
#6491 = DIRECTION ( 'NONE',  ( 0.000000000000000000, -0.8660254037844387076, 0.4999999999999998890 ) ) ;
#6492 = CARTESIAN_POINT ( 'NONE',  ( -7.144615242270359268, 11.31897763865094753, -12.08694142052064358 ) ) ;
#6493 = EDGE_CURVE ( 'NONE', #130, #2366, #4837, .T. ) ;
#6494 = CARTESIAN_POINT ( 'NONE',  ( -1.868209752582965066, -0.01835410790382935309, -7.049999999999999822 ) ) ;
#6495 = ORIENTED_EDGE ( 'NONE', *, *, #2018, .F. ) ;
#6496 = CARTESIAN_POINT ( 'NONE',  ( -3.006919569228276856, 13.96512815622725157, -9.320872763189839816 ) ) ;
#6497 = ADVANCED_FACE ( 'NONE', ( #125 ), #2188, .T. ) ;
#6498 = DIRECTION ( 'NONE',  ( -0.000000000000000000, -0.000000000000000000, -1.000000000000000000 ) ) ;
#6499 = CARTESIAN_POINT ( 'NONE',  ( 4.099999999999977440, -1.402620392365534310E-14, -12.09999999999999964 ) ) ;
#6500 = ORIENTED_EDGE ( 'NONE', *, *, #3689, .T. ) ;
#6501 = EDGE_CURVE ( 'NONE', #6364, #6661, #3176, .T. ) ;
#6502 = FACE_OUTER_BOUND ( 'NONE', #653, .T. ) ;
#6503 = DIRECTION ( 'NONE',  ( -6.828702721532539617E-16, -1.000000000000000000, 0.000000000000000000 ) ) ;
#6504 = CARTESIAN_POINT ( 'NONE',  ( -1.899999999999999911, 1.850000000000000089, -8.118097998000799009 ) ) ;
#6505 = CARTESIAN_POINT ( 'NONE',  ( -0.7131732607491688691, -1.100000000000000089, -5.286346570357586039 ) ) ;
#6506 = EDGE_CURVE ( 'NONE', #5856, #5582, #6310, .T. ) ;
#6507 = FACE_OUTER_BOUND ( 'NONE', #2653, .T. ) ;
#6508 = DIRECTION ( 'NONE',  ( -0.4999999999999947820, -0.5025327086122917120, -0.7053090647190058959 ) ) ;
#6509 = CARTESIAN_POINT ( 'NONE',  ( -25.37000000000000099, 1.000000000000000000, -20.00000000000000000 ) ) ;
#6510 = EDGE_LOOP ( 'NONE', ( #646, #2657, #4346, #514, #4623 ) ) ;
#6511 = CARTESIAN_POINT ( 'NONE',  ( 2.424871130596424784, 6.505213034913029562E-16, 3.000000000000000000 ) ) ;
#6512 = DIRECTION ( 'NONE',  ( 0.000000000000000000, -1.000000000000000000, 0.000000000000000000 ) ) ;
#6513 = CARTESIAN_POINT ( 'NONE',  ( -1.212435565298213724, -2.100000000000000089, 3.000000000000000000 ) ) ;
#6514 = CARTESIAN_POINT ( 'NONE',  ( 0.000000000000000000, 0.000000000000000000, -12.09999999999999964 ) ) ;
#6515 = ORIENTED_EDGE ( 'NONE', *, *, #3285, .F. ) ;
#6516 = EDGE_LOOP ( 'NONE', ( #2909, #5532, #1248 ) ) ;
#6517 = EDGE_LOOP ( 'NONE', ( #6235, #1308, #4513, #2601 ) ) ;
#6518 = LINE ( 'NONE', #870, #6481 ) ;
#6519 = CARTESIAN_POINT ( 'NONE',  ( 5.413047371513926009, -1.953170943166161244, -20.50000000000000000 ) ) ;
#6520 = AXIS2_PLACEMENT_3D ( 'NONE', #1144, #2771, #1723 ) ;
#6521 = ADVANCED_FACE ( 'NONE', ( #4184 ), #1094, .T. ) ;
#6522 = CARTESIAN_POINT ( 'NONE',  ( -2.040000000000000036, 1.636003975803749860E-14, -11.41000000000000014 ) ) ;
#6523 = ORIENTED_EDGE ( 'NONE', *, *, #5822, .F. ) ;
#6524 = CARTESIAN_POINT ( 'NONE',  ( -0.6350852961085869941, 1.100000000000000089, -10.41000000000000014 ) ) ;
#6525 = CARTESIAN_POINT ( 'NONE',  ( -0.3252691193458263630, 4.087077195258220108, -12.55000000000000071 ) ) ;
#6526 = CARTESIAN_POINT ( 'NONE',  ( 0.3252691193458281949, -4.087077195258220996, -12.55000000000000071 ) ) ;
#6527 = EDGE_CURVE ( 'NONE', #3451, #363, #3708, .T. ) ;
#6528 = EDGE_LOOP ( 'NONE', ( #5010, #3053, #5116, #3623 ) ) ;
#6529 = FACE_OUTER_BOUND ( 'NONE', #6611, .T. ) ;
#6530 = LINE ( 'NONE', #3871, #1431 ) ;
#6531 = CARTESIAN_POINT ( 'NONE',  ( -0.6350852961085869941, 1.100000000000000089, -10.41000000000000014 ) ) ;
#6532 = CARTESIAN_POINT ( 'NONE',  ( -8.788397459621226204, 11.62184035756916067, -12.60969774376260055 ) ) ;
#6533 = CARTESIAN_POINT ( 'NONE',  ( -0.7636325855405680096, -1.100000000000000089, -5.344517927577429717 ) ) ;
#6534 = AXIS2_PLACEMENT_3D ( 'NONE', #1293, #654, #754 ) ;
#6535 = CARTESIAN_POINT ( 'NONE',  ( -23.36999999999999744, 29.05607232530894990, -16.50000000000000000 ) ) ;
#6536 = AXIS2_PLACEMENT_3D ( 'NONE', #1897, #2947, #5611 ) ;
#6537 = CARTESIAN_POINT ( 'NONE',  ( -5.482928049865329889, -3.000000000000000000, -2.000000000000000000 ) ) ;
#6538 = APPLICATION_CONTEXT ( 'automotive_design' ) ;
#6539 = CARTESIAN_POINT ( 'NONE',  ( -1.535183497428324484E-14, -3.120000000000014317, -12.34999999999999964 ) ) ;
#6540 = EDGE_CURVE ( 'NONE', #3010, #3077, #3629, .T. ) ;
#6541 = VERTEX_POINT ( 'NONE', #6504 ) ;
#6542 = VECTOR ( 'NONE', #5205, 1000.000000000000114 ) ;
#6543 = CARTESIAN_POINT ( 'NONE',  ( -2.146720301521298779E-14, -1.452830911130575942E-14, -12.09999999999999964 ) ) ;
#6544 = EDGE_CURVE ( 'NONE', #102, #3631, #3939, .T. ) ;
#6545 = FACE_OUTER_BOUND ( 'NONE', #3080, .T. ) ;
#6546 = VECTOR ( 'NONE', #5890, 1000.000000000000114 ) ;
#6547 = LINE ( 'NONE', #309, #546 ) ;
#6548 = VECTOR ( 'NONE', #5678, 1000.000000000000227 ) ;
#6549 = ORIENTED_EDGE ( 'NONE', *, *, #432, .F. ) ;
#6550 = AXIS2_PLACEMENT_3D ( 'NONE', #5288, #2725, #2191 ) ;
#6551 = ORIENTED_EDGE ( 'NONE', *, *, #3969, .F. ) ;
#6552 = AXIS2_PLACEMENT_3D ( 'NONE', #6428, #4827, #186 ) ;
#6553 = ORIENTED_EDGE ( 'NONE', *, *, #4724, .F. ) ;
#6554 = DIRECTION ( 'NONE',  ( 0.000000000000000000, 0.000000000000000000, -1.000000000000000000 ) ) ;
#6555 = DIRECTION ( 'NONE',  ( -0.4999999999999560352, -0.5025327086123045905, -0.7053090647190239926 ) ) ;
#6556 = LINE ( 'NONE', #2944, #3149 ) ;
#6557 = EDGE_LOOP ( 'NONE', ( #6315, #6339, #1580, #3737 ) ) ;
#6558 = PLANE ( 'NONE',  #6536 ) ;
#6559 = DIRECTION ( 'NONE',  ( 0.000000000000000000, 0.000000000000000000, -1.000000000000000000 ) ) ;
#6560 = CYLINDRICAL_SURFACE ( 'NONE', #1014, 4.099999999999999645 ) ;
#6561 = DIRECTION ( 'NONE',  ( 0.000000000000000000, 0.000000000000000000, 1.000000000000000000 ) ) ;
#6562 = ORIENTED_EDGE ( 'NONE', *, *, #2739, .F. ) ;
#6563 = DIRECTION ( 'NONE',  ( 0.4999999999999940048, 0.5025327086122920450, 0.7053090647190060070 ) ) ;
#6564 = EDGE_CURVE ( 'NONE', #3335, #1129, #6436, .T. ) ;
#6565 = CARTESIAN_POINT ( 'NONE',  ( 4.320000000000000284, 0.000000000000000000, -1.084202172485504040E-15 ) ) ;
#6566 = CARTESIAN_POINT ( 'NONE',  ( -17.37000000000000099, 2.600000000000001421, 0.9999999999999847899 ) ) ;
#6567 = CARTESIAN_POINT ( 'NONE',  ( 1.250000000000000000, 6.536343556958270185, -0.5000000000000000000 ) ) ;
#6568 = FACE_OUTER_BOUND ( 'NONE', #5682, .T. ) ;
#6569 = CARTESIAN_POINT ( 'NONE',  ( -1.899999999999999911, -1.600000000000000089, -7.049999999999999822 ) ) ;
#6570 = VECTOR ( 'NONE', #1133, 1000.000000000000000 ) ;
#6571 = PLANE ( 'NONE',  #4807 ) ;
#6572 = ORIENTED_EDGE ( 'NONE', *, *, #266, .T. ) ;
#6573 = ADVANCED_FACE ( 'NONE', ( #228 ), #2321, .T. ) ;
#6574 = CARTESIAN_POINT ( 'NONE',  ( 3.899999999999999911, 4.776122516674677286E-16, 3.000000000000000000 ) ) ;
#6575 = CARTESIAN_POINT ( 'NONE',  ( -24.87000000000000099, 3.600000000000001865, 4.899999999999999467 ) ) ;
#6576 = CIRCLE ( 'NONE', #2884, 1.699999999999999734 ) ;
#6577 = CARTESIAN_POINT ( 'NONE',  ( -1.350000000000000089, 20.24999999999999645, 8.810000000000000497 ) ) ;
#6578 = CARTESIAN_POINT ( 'NONE',  ( -9.167129367582630195, 14.75000000000000000, 3.052427608969440431 ) ) ;
#6579 = EDGE_CURVE ( 'NONE', #2457, #6364, #1873, .T. ) ;
#6580 = VERTEX_POINT ( 'NONE', #2825 ) ;
#6581 = EDGE_LOOP ( 'NONE', ( #5372, #5728, #6443, #5132 ) ) ;
#6582 = CIRCLE ( 'NONE', #4402, 4.099999999999985434 ) ;
#6583 = ORIENTED_EDGE ( 'NONE', *, *, #2945, .T. ) ;
#6584 = DIRECTION ( 'NONE',  ( 0.000000000000000000, 0.000000000000000000, 1.000000000000000000 ) ) ;
#6585 = CARTESIAN_POINT ( 'NONE',  ( 0.8467803948114400736, 0.7333333333333210691, -10.41000000000000014 ) ) ;
#6586 = CARTESIAN_POINT ( 'NONE',  ( -23.36999999999999744, 2.899999999999999911, -16.50000000000000000 ) ) ;
#6587 = VECTOR ( 'NONE', #2337, 1000.000000000000000 ) ;
#6588 = ORIENTED_EDGE ( 'NONE', *, *, #3995, .T. ) ;
#6589 = DIRECTION ( 'NONE',  ( -0.4999999999999980571, 0.000000000000000000, 0.8660254037844397068 ) ) ;
#6590 = CARTESIAN_POINT ( 'NONE',  ( -6.139376921173749224, 13.19804560595882847, -9.449653045351686487 ) ) ;
#6591 = DIRECTION ( 'NONE',  ( 0.8660254037844387076, 0.4999999999999998890, 8.946734903553327811E-32 ) ) ;
#6592 = FACE_OUTER_BOUND ( 'NONE', #466, .T. ) ;
#6593 = ORIENTED_EDGE ( 'NONE', *, *, #22, .T. ) ;
#6594 = LINE ( 'NONE', #4999, #2950 ) ;
#6595 = ADVANCED_FACE ( 'NONE', ( #4419 ), #298, .F. ) ;
#6596 = ORIENTED_EDGE ( 'NONE', *, *, #4272, .F. ) ;
#6597 = CARTESIAN_POINT ( 'NONE',  ( 3.120000000000000551, -1.292346314604049917, -12.34999999999999964 ) ) ;
#6598 = DIRECTION ( 'NONE',  ( 0.000000000000000000, 0.000000000000000000, 1.000000000000000000 ) ) ;
#6599 = DIRECTION ( 'NONE',  ( 1.000000000000000000, 0.000000000000000000, 0.000000000000000000 ) ) ;
#6600 = ORIENTED_EDGE ( 'NONE', *, *, #4569, .F. ) ;
#6601 = CYLINDRICAL_SURFACE ( 'NONE', #264, 1.699999999999999956 ) ;
#6602 = EDGE_CURVE ( 'NONE', #46, #2300, #2989, .T. ) ;
#6603 = DIRECTION ( 'NONE',  ( -1.000000000000000000, 0.000000000000000000, 0.000000000000000000 ) ) ;
#6604 = CARTESIAN_POINT ( 'NONE',  ( -4.799999999999999822, -3.000000000000000000, -16.50000000000000000 ) ) ;
#6605 = ORIENTED_EDGE ( 'NONE', *, *, #6698, .F. ) ;
#6606 = CARTESIAN_POINT ( 'NONE',  ( -1.899999999999999911, -2.100000000000000089, -8.262435565298209994 ) ) ;
#6607 = CARTESIAN_POINT ( 'NONE',  ( -9.799999999999998934, 8.828427124746188071, -11.25000000000000000 ) ) ;
#6608 = CARTESIAN_POINT ( 'NONE',  ( -2.206173157302034671, 2.206173157302011134, -12.34999999999999964 ) ) ;
#6609 = FACE_OUTER_BOUND ( 'NONE', #634, .T. ) ;
#6610 = ORIENTED_EDGE ( 'NONE', *, *, #67, .T. ) ;
#6611 = EDGE_LOOP ( 'NONE', ( #4196, #1589, #2974, #1891 ) ) ;
#6612 = ORIENTED_EDGE ( 'NONE', *, *, #1465, .F. ) ;
#6613 = DIRECTION ( 'NONE',  ( -0.5773502691896205130, 0.5773502691896242878, -0.5773502691896326144 ) ) ;
#6614 = CARTESIAN_POINT ( 'NONE',  ( -1.860640646055099934, 0.02272413359521744877, -7.049999999999999822 ) ) ;
#6615 = FACE_OUTER_BOUND ( 'NONE', #5668, .T. ) ;
#6616 = ORIENTED_EDGE ( 'NONE', *, *, #1893, .T. ) ;
#6617 = CARTESIAN_POINT ( 'NONE',  ( -0.3252691193458263630, 4.087077195258220108, -12.55000000000000071 ) ) ;
#6618 = CARTESIAN_POINT ( 'NONE',  ( 1.270170592217173988, 4.336808689942014778E-16, -20.50000000000000000 ) ) ;
#6619 = EDGE_CURVE ( 'NONE', #3967, #5333, #1839, .T. ) ;
#6620 = LINE ( 'NONE', #982, #80 ) ;
#6621 = VECTOR ( 'NONE', #4458, 1000.000000000000000 ) ;
#6622 = ORIENTED_EDGE ( 'NONE', *, *, #1728, .F. ) ;
#6623 = DIRECTION ( 'NONE',  ( -1.000000000000000000, 1.279294598802953755E-16, 0.000000000000000000 ) ) ;
#6624 = VERTEX_POINT ( 'NONE', #6532 ) ;
#6625 = VECTOR ( 'NONE', #558, 1000.000000000000114 ) ;
#6626 = CARTESIAN_POINT ( 'NONE',  ( -10.34999999999999964, 7.158913471140610163, -0.5000000000000000000 ) ) ;
#6627 = CARTESIAN_POINT ( 'NONE',  ( -0.7636325855405680096, 1.100000000000000089, -5.344517927577429717 ) ) ;
#6628 = CARTESIAN_POINT ( 'NONE',  ( -5.178078794302000354, -2.500000000000000000, -20.50000000000000000 ) ) ;
#6629 = DIRECTION ( 'NONE',  ( -0.7745966692414821830, 0.4472135954999590379, 0.4472135954999590379 ) ) ;
#6630 = LINE ( 'NONE', #6132, #3084 ) ;
#6631 = ORIENTED_EDGE ( 'NONE', *, *, #2618, .T. ) ;
#6632 = CARTESIAN_POINT ( 'NONE',  ( 2.206173157301999144, -2.206173157302047105, -12.34999999999999964 ) ) ;
#6633 = DIRECTION ( 'NONE',  ( 1.000000000000000000, 0.000000000000000000, 0.000000000000000000 ) ) ;
#6634 = DIRECTION ( 'NONE',  ( 0.000000000000000000, 0.000000000000000000, -1.000000000000000000 ) ) ;
#6635 = CARTESIAN_POINT ( 'NONE',  ( -5.564212917312382878, 9.232232378370630599, -16.04969957730800800 ) ) ;
#6636 = EDGE_LOOP ( 'NONE', ( #3137, #4973, #4129, #500, #894, #2683, #2052 ) ) ;
#6637 = DIRECTION ( 'NONE',  ( 0.000000000000000000, 0.000000000000000000, -1.000000000000000000 ) ) ;
#6638 = EDGE_CURVE ( 'NONE', #4429, #5290, #2237, .T. ) ;
#6639 = EDGE_CURVE ( 'NONE', #4959, #2493, #3435, .T. ) ;
#6640 = CARTESIAN_POINT ( 'NONE',  ( -1.877893248421450268E-16, -1.100000000000000089, -2.000000000000000000 ) ) ;
#6641 = AXIS2_PLACEMENT_3D ( 'NONE', #1319, #4931, #1899 ) ;
#6642 = CARTESIAN_POINT ( 'NONE',  ( -1.899999999999999911, 0.000000000000000000, -7.049999999999999822 ) ) ;
#6643 = VECTOR ( 'NONE', #6129, 1000.000000000000000 ) ;
#6644 = DIRECTION ( 'NONE',  ( 0.000000000000000000, -1.000000000000000000, 0.000000000000000000 ) ) ;
#6645 = ORIENTED_EDGE ( 'NONE', *, *, #2483, .F. ) ;
#6646 = ORIENTED_EDGE ( 'NONE', *, *, #501, .F. ) ;
#6647 = CIRCLE ( 'NONE', #4467, 5.750000000000000000 ) ;
#6648 = VERTEX_POINT ( 'NONE', #6566 ) ;
#6649 = VECTOR ( 'NONE', #6121, 1000.000000000000227 ) ;
#6650 = LINE ( 'NONE', #5117, #3114 ) ;
#6651 = ADVANCED_FACE ( 'NONE', ( #2287, #5416, #4352 ), #3842, .F. ) ;
#6652 = EDGE_CURVE ( 'NONE', #2677, #5153, #3500, .T. ) ;
#6653 = DIRECTION ( 'NONE',  ( -3.576939520802765256E-16, -1.000000000000000000, 0.000000000000000000 ) ) ;
#6654 = VECTOR ( 'NONE', #2759, 1000.000000000000000 ) ;
#6655 = AXIS2_PLACEMENT_3D ( 'NONE', #4489, #6712, #2015 ) ;
#6656 = AXIS2_PLACEMENT_3D ( 'NONE', #3234, #3834, #2751 ) ;
#6657 = CARTESIAN_POINT ( 'NONE',  ( -25.37000000000000099, 5.500000000000000000, -20.00000000000000000 ) ) ;
#6658 = ORIENTED_EDGE ( 'NONE', *, *, #4480, .F. ) ;
#6659 = FACE_OUTER_BOUND ( 'NONE', #5360, .T. ) ;
#6660 = EDGE_CURVE ( 'NONE', #1275, #1858, #5691, .T. ) ;
#6661 = VERTEX_POINT ( 'NONE', #6673 ) ;
#6662 = VECTOR ( 'NONE', #10, 1000.000000000000000 ) ;
#6663 = DIRECTION ( 'NONE',  ( -1.000000000000000000, 0.000000000000000000, 0.000000000000000000 ) ) ;
#6664 = CARTESIAN_POINT ( 'NONE',  ( 1.750000000000000666, 6.600000000000003197, -0.7774313752613994932 ) ) ;
#6665 = CIRCLE ( 'NONE', #582, 4.320000000000000284 ) ;
#6666 = ORIENTED_EDGE ( 'NONE', *, *, #4037, .F. ) ;
#6667 = LINE ( 'NONE', #2418, #2841 ) ;
#6668 = EDGE_CURVE ( 'NONE', #2782, #3133, #419, .T. ) ;
#6669 = VERTEX_POINT ( 'NONE', #5656 ) ;
#6670 = FACE_OUTER_BOUND ( 'NONE', #4598, .T. ) ;
#6671 = CARTESIAN_POINT ( 'NONE',  ( -1.001668213647261885, 1.190879113644220055, -5.534781919067599532 ) ) ;
#6672 = CARTESIAN_POINT ( 'NONE',  ( -4.099999999999998757, 5.021051876504151330E-16, -16.40116666666666845 ) ) ;
#6673 = CARTESIAN_POINT ( 'NONE',  ( -4.799999999999999822, 6.276472665132779411E-16, -4.625128869403569709 ) ) ;
#6674 = CARTESIAN_POINT ( 'NONE',  ( -5.728219618694799564, -2.500000000000000000, -16.50000000000000000 ) ) ;
#6675 = ORIENTED_EDGE ( 'NONE', *, *, #5615, .F. ) ;
#6676 = CARTESIAN_POINT ( 'NONE',  ( 2.424871130596424784, 4.336808689942014778E-16, -2.000000000000000000 ) ) ;
#6677 = ORIENTED_EDGE ( 'NONE', *, *, #325, .T. ) ;
#6678 = DIRECTION ( 'NONE',  ( 0.000000000000000000, 0.9861986782266815021, 0.1655662014541205429 ) ) ;
#6679 = ORIENTED_EDGE ( 'NONE', *, *, #6685, .T. ) ;
#6680 = CARTESIAN_POINT ( 'NONE',  ( -9.620031003397960134, 6.250000000000000000, -0.5000000000000000000 ) ) ;
#6681 = CARTESIAN_POINT ( 'NONE',  ( -23.36999999999999744, -2.500000000000000000, -16.50000000000000000 ) ) ;
#6682 = LINE ( 'NONE', #2090, #3157 ) ;
#6683 = CARTESIAN_POINT ( 'NONE',  ( -25.37000000000000099, -2.500000000000000000, -20.00000000000000000 ) ) ;
#6684 = VECTOR ( 'NONE', #4659, 1000.000000000000114 ) ;
#6685 = EDGE_CURVE ( 'NONE', #4703, #6016, #4109, .T. ) ;
#6686 = ORIENTED_EDGE ( 'NONE', *, *, #4633, .F. ) ;
#6687 = ORIENTED_EDGE ( 'NONE', *, *, #3518, .F. ) ;
#6688 = ORIENTED_EDGE ( 'NONE', *, *, #1019, .T. ) ;
#6689 = VECTOR ( 'NONE', #3434, 1000.000000000000000 ) ;
#6690 = DIRECTION ( 'NONE',  ( 2.668612411456767789E-16, 0.8144207567547993021, -0.5802747891877950703 ) ) ;
#6691 = EDGE_CURVE ( 'NONE', #6090, #5638, #2519, .T. ) ;
#6692 = LINE ( 'NONE', #2641, #1400 ) ;
#6693 = AXIS2_PLACEMENT_3D ( 'NONE', #704, #3125, #5397 ) ;
#6694 = DIRECTION ( 'NONE',  ( -0.000000000000000000, -0.000000000000000000, 1.000000000000000000 ) ) ;
#6695 = EDGE_CURVE ( 'NONE', #4917, #1008, #6200, .T. ) ;
#6696 = ORIENTED_EDGE ( 'NONE', *, *, #1167, .F. ) ;
#6697 = DIRECTION ( 'NONE',  ( -1.000000000000000000, -8.881784197001249365E-16, 0.000000000000000000 ) ) ;
#6698 = EDGE_CURVE ( 'NONE', #2500, #1750, #819, .T. ) ;
#6699 = LINE ( 'NONE', #4068, #5685 ) ;
#6701 = AXIS2_PLACEMENT_3D ( 'NONE', #3626, #5190, #1073 ) ;
#6700 = DIRECTION ( 'NONE',  ( 0.000000000000000000, 0.7071067811865470176, -0.7071067811865480168 ) ) ;
#6702 = EDGE_LOOP ( 'NONE', ( #3183, #1015, #3999, #425 ) ) ;
#6703 = CARTESIAN_POINT ( 'NONE',  ( 0.000000000000000000, 0.000000000000000000, -20.50000000000000000 ) ) ;
#6704 = B_SPLINE_CURVE_WITH_KNOTS ( 'NONE', 3,
 ( #2006, #949, #2923, #3458 ),
 .UNSPECIFIED., .F., .F.,
 ( 4, 4 ),
 ( -1.868365930938602768E-14, 0.0008063293607881681646 ),
 .UNSPECIFIED. ) ;
#6705 = ORIENTED_EDGE ( 'NONE', *, *, #6506, .F. ) ;
#6706 = DIRECTION ( 'NONE',  ( 1.000000000000000000, -1.788469760401379917E-16, 0.000000000000000000 ) ) ;
#6707 = LINE ( 'NONE', #5236, #4153 ) ;
#6708 = CARTESIAN_POINT ( 'NONE',  ( -0.9889729193209211289, -1.178185900575877021, -8.571909345821705273 ) ) ;
#6709 = EDGE_CURVE ( 'NONE', #5429, #5369, #2012, .T. ) ;
#6710 = CARTESIAN_POINT ( 'NONE',  ( -1.701890432406580000, -5.666628091352089669, -0.6666280913520860052 ) ) ;
#6711 = VERTEX_POINT ( 'NONE', #6169 ) ;
#6712 = DIRECTION ( 'NONE',  ( -1.000000000000000000, 0.000000000000000000, 0.000000000000000000 ) ) ;
#6713 = CARTESIAN_POINT ( 'NONE',  ( 0.3252691193458281949, -4.087077195258220996, -12.34999999999999964 ) ) ;
#6714 = CARTESIAN_POINT ( 'NONE',  ( 1.308756487256257817, -1.575053915087199830, -11.41000000000000014 ) ) ;
#6715 = ORIENTED_EDGE ( 'NONE', *, *, #2716, .F. ) ;
#6716 = DIRECTION ( 'NONE',  ( -1.000000000000000000, 0.000000000000000000, -6.525745657319638816E-17 ) ) ;
#6717 = ADVANCED_FACE ( 'NONE', ( #4005 ), #921, .T. ) ;
#6718 = DIRECTION ( 'NONE',  ( 0.000000000000000000, 0.000000000000000000, -1.000000000000000000 ) ) ;
#6719 = CARTESIAN_POINT ( 'NONE',  ( -9.799999999999998934, 2.899999999999999911, -5.750000000000000000 ) ) ;
ENDSEC;
END-ISO-10303-21;
